Logging directory: /home/ubuntu/rl/reinfors-benchmarks/runs/v1_grid/os_a64/cycle2/throughput
Creating model: /home/ubuntu/rl/reinfors-benchmarks/runs/v1_grid/os_a64/cycle2/throughput/vpnet.pb
Playing game: chess
Loading model from step 0
[W TensorCompare.cpp:530] Warning: where received a uint8 condition tensor. This behavior is deprecated and will be removed in a future version of PyTorch. Use a boolean condition instead. (function operator())
[inst] req=8192 hits=2242 fwd=93 rows=5942 fwd_ms=688.6 eval=0 prior=0
[inst] req=16384 hits=4893 fwd=179 rows=11446 fwd_ms=1089.8 eval=0 prior=0
[inst] req=24576 hits=7274 fwd=270 rows=17270 fwd_ms=1516.6 eval=0 prior=0
[inst] req=32768 hits=9870 fwd=357 rows=22838 fwd_ms=1927.5 eval=0 prior=0
[inst] req=40960 hits=12292 fwd=448 rows=28662 fwd_ms=2355.9 eval=0 prior=0
[inst] req=49152 hits=14827 fwd=536 rows=34294 fwd_ms=2768.7 eval=0 prior=0
[inst] req=57344 hits=17283 fwd=626 rows=40054 fwd_ms=3192.1 eval=0 prior=0
[inst] req=65536 hits=19921 fwd=712 rows=45558 fwd_ms=3597.5 eval=0 prior=0
[inst] req=73728 hits=22609 fwd=798 rows=51062 fwd_ms=4000.9 eval=0 prior=0
[inst] req=81920 hits=25291 fwd=884 rows=56566 fwd_ms=4406.1 eval=0 prior=0
[inst] req=90112 hits=28016 fwd=970 rows=62070 fwd_ms=4812.9 eval=0 prior=0
[inst] req=98304 hits=30628 fwd=1058 rows=67666 fwd_ms=5261.1 eval=0 prior=0
[inst] req=106496 hits=33230 fwd=1145 rows=73234 fwd_ms=5668.7 eval=0 prior=0
[inst] req=114688 hits=35836 fwd=1232 rows=78802 fwd_ms=6078.9 eval=0 prior=0
[inst] req=122880 hits=38485 fwd=1319 rows=84370 fwd_ms=6491.1 eval=0 prior=0
[inst] req=131072 hits=41192 fwd=1405 rows=89874 fwd_ms=6899.6 eval=0 prior=0
[inst] req=139264 hits=43764 fwd=1492 rows=95442 fwd_ms=7313.4 eval=0 prior=0
[inst] req=147456 hits=46423 fwd=1579 rows=101010 fwd_ms=7724.9 eval=0 prior=0
[inst] req=155648 hits=48958 fwd=1667 rows=106642 fwd_ms=8139.3 eval=0 prior=0
[inst] req=163840 hits=51567 fwd=1754 rows=112210 fwd_ms=8547.8 eval=0 prior=0
[inst] req=172032 hits=54069 fwd=1843 rows=117906 fwd_ms=8972.7 eval=0 prior=0
[inst] req=180224 hits=56778 fwd=1931 rows=123444 fwd_ms=9423.3 eval=0 prior=0
[inst] req=188416 hits=59311 fwd=2019 rows=129076 fwd_ms=9842.3 eval=0 prior=0
[inst] req=196608 hits=61998 fwd=2105 rows=134580 fwd_ms=10254.8 eval=0 prior=0
[inst] req=204800 hits=64538 fwd=2193 rows=140212 fwd_ms=10677.7 eval=0 prior=0
[inst] req=212992 hits=67081 fwd=2282 rows=145908 fwd_ms=11105.1 eval=0 prior=0
[inst] req=221184 hits=69666 fwd=2369 rows=151476 fwd_ms=11522.6 eval=0 prior=0
[inst] req=229376 hits=72191 fwd=2458 rows=157172 fwd_ms=11950.0 eval=0 prior=0
[inst] req=237568 hits=74765 fwd=2545 rows=162739 fwd_ms=12382.2 eval=0 prior=0
[inst] req=245760 hits=77520 fwd=2630 rows=168178 fwd_ms=12787.9 eval=0 prior=0
[inst] req=253952 hits=80130 fwd=2718 rows=173810 fwd_ms=13210.0 eval=0 prior=0
[inst] req=262144 hits=82790 fwd=2804 rows=179313 fwd_ms=13618.4 eval=0 prior=0
[inst] req=270336 hits=85376 fwd=2892 rows=184945 fwd_ms=14034.2 eval=0 prior=0
[inst] req=278528 hits=87841 fwd=2981 rows=190641 fwd_ms=14454.5 eval=0 prior=0
[inst] req=286720 hits=90415 fwd=3069 rows=196271 fwd_ms=14866.7 eval=0 prior=0
[inst] req=294912 hits=92968 fwd=3157 rows=201903 fwd_ms=15329.5 eval=0 prior=0
[inst] req=303104 hits=95361 fwd=3248 rows=207727 fwd_ms=15825.1 eval=0 prior=0
[inst] req=311296 hits=97923 fwd=3336 rows=213359 fwd_ms=16308.7 eval=0 prior=0
[inst] req=319488 hits=100458 fwd=3424 rows=218991 fwd_ms=16727.9 eval=0 prior=0
[inst] req=327680 hits=102923 fwd=3514 rows=224751 fwd_ms=17159.9 eval=0 prior=0
[inst] req=335872 hits=105491 fwd=3601 rows=230317 fwd_ms=17579.4 eval=0 prior=0
[inst] req=344064 hits=108054 fwd=3690 rows=235989 fwd_ms=18026.9 eval=0 prior=0
[inst] req=352256 hits=110695 fwd=3777 rows=241531 fwd_ms=18446.7 eval=0 prior=0
[inst] req=360448 hits=113129 fwd=3867 rows=247291 fwd_ms=18868.8 eval=0 prior=0
[inst] req=368640 hits=115796 fwd=3953 rows=252794 fwd_ms=19276.5 eval=0 prior=0
[inst] req=376832 hits=118209 fwd=4044 rows=258618 fwd_ms=19708.5 eval=0 prior=0
[inst] req=385024 hits=120808 fwd=4131 rows=264186 fwd_ms=20126.3 eval=0 prior=0
[inst] req=393216 hits=123378 fwd=4219 rows=269815 fwd_ms=20541.6 eval=0 prior=0
[inst] req=401408 hits=126025 fwd=4306 rows=275382 fwd_ms=20949.6 eval=0 prior=0
[inst] req=409600 hits=128650 fwd=4393 rows=280949 fwd_ms=21357.8 eval=0 prior=0
[inst] req=417792 hits=131410 fwd=4477 rows=286323 fwd_ms=21752.4 eval=0 prior=0
[inst] req=425984 hits=133932 fwd=4566 rows=292019 fwd_ms=22170.3 eval=0 prior=0
[inst] req=434176 hits=136433 fwd=4655 rows=297715 fwd_ms=22588.5 eval=0 prior=0
[inst] req=442368 hits=138914 fwd=4744 rows=303411 fwd_ms=23006.7 eval=0 prior=0
[inst] req=450560 hits=141497 fwd=4832 rows=309043 fwd_ms=23420.2 eval=0 prior=0
[inst] req=458752 hits=144017 fwd=4920 rows=314675 fwd_ms=23833.7 eval=0 prior=0
[inst] req=466944 hits=146760 fwd=5006 rows=320178 fwd_ms=24237.8 eval=0 prior=0
[inst] req=475136 hits=149328 fwd=5093 rows=325746 fwd_ms=24646.4 eval=0 prior=0
[inst] req=483328 hits=152165 fwd=5177 rows=331120 fwd_ms=25040.9 eval=0 prior=0
[inst] req=491520 hits=154779 fwd=5264 rows=336687 fwd_ms=25449.7 eval=0 prior=0
[inst] req=499712 hits=157442 fwd=5351 rows=342251 fwd_ms=25858.5 eval=0 prior=0
[inst] req=507904 hits=159925 fwd=5440 rows=347947 fwd_ms=26277.7 eval=0 prior=0
[inst] req=516096 hits=162554 fwd=5527 rows=353515 fwd_ms=26686.0 eval=0 prior=0
[inst] req=524288 hits=165042 fwd=5616 rows=359211 fwd_ms=27106.1 eval=0 prior=0
[inst] req=532480 hits=167717 fwd=5702 rows=364714 fwd_ms=27514.4 eval=0 prior=0
[inst] req=540672 hits=170343 fwd=5789 rows=370282 fwd_ms=27922.9 eval=0 prior=0
[inst] req=548864 hits=172995 fwd=5876 rows=375849 fwd_ms=28334.7 eval=0 prior=0
[inst] req=557056 hits=175528 fwd=5964 rows=381481 fwd_ms=28751.1 eval=0 prior=0
[inst] req=565248 hits=178311 fwd=6049 rows=386919 fwd_ms=29151.0 eval=0 prior=0
[inst] req=573440 hits=180866 fwd=6137 rows=392551 fwd_ms=29565.2 eval=0 prior=0
[inst] req=581632 hits=183464 fwd=6224 rows=398118 fwd_ms=29974.1 eval=0 prior=0
[inst] req=589824 hits=185989 fwd=6313 rows=403814 fwd_ms=30392.8 eval=0 prior=0
[inst] req=598016 hits=188717 fwd=6398 rows=409254 fwd_ms=30792.5 eval=0 prior=0
[inst] req=606208 hits=191364 fwd=6485 rows=414821 fwd_ms=31201.8 eval=0 prior=0
[inst] req=614400 hits=194034 fwd=6571 rows=420324 fwd_ms=31606.3 eval=0 prior=0
[inst] req=622592 hits=196607 fwd=6659 rows=425956 fwd_ms=32020.0 eval=0 prior=0
[inst] req=630784 hits=199206 fwd=6746 rows=431524 fwd_ms=32429.1 eval=0 prior=0
[inst] req=638976 hits=201692 fwd=6835 rows=437220 fwd_ms=32847.4 eval=0 prior=0
[inst] req=647168 hits=204312 fwd=6923 rows=442852 fwd_ms=33261.2 eval=0 prior=0
[inst] req=655360 hits=206926 fwd=7010 rows=448419 fwd_ms=33670.5 eval=0 prior=0
[inst] req=663552 hits=209619 fwd=7096 rows=453922 fwd_ms=34075.2 eval=0 prior=0
[inst] req=671744 hits=212163 fwd=7184 rows=459554 fwd_ms=34489.1 eval=0 prior=0
[inst] req=679936 hits=214776 fwd=7271 rows=465122 fwd_ms=34898.5 eval=0 prior=0
[inst] req=688128 hits=217444 fwd=7357 rows=470626 fwd_ms=35303.0 eval=0 prior=0
[inst] req=696320 hits=220042 fwd=7445 rows=476258 fwd_ms=35717.2 eval=0 prior=0
[inst] req=704512 hits=222781 fwd=7530 rows=481697 fwd_ms=36117.3 eval=0 prior=0
[inst] req=712704 hits=225342 fwd=7618 rows=487329 fwd_ms=36531.5 eval=0 prior=0
[inst] req=720896 hits=228108 fwd=7703 rows=492768 fwd_ms=36931.6 eval=0 prior=0
[inst] req=729088 hits=230816 fwd=7789 rows=498271 fwd_ms=37336.7 eval=0 prior=0
[inst] req=737280 hits=233604 fwd=7873 rows=503644 fwd_ms=37732.5 eval=0 prior=0
[inst] req=745472 hits=236209 fwd=7960 rows=509212 fwd_ms=38142.0 eval=0 prior=0
[inst] req=753664 hits=239238 fwd=8041 rows=514389 fwd_ms=38523.4 eval=0 prior=0
[inst] req=761856 hits=241827 fwd=8129 rows=520021 fwd_ms=38937.3 eval=0 prior=0
[inst] req=770048 hits=244429 fwd=8216 rows=525589 fwd_ms=39346.5 eval=0 prior=0
[inst] req=778240 hits=247106 fwd=8302 rows=531093 fwd_ms=39751.0 eval=0 prior=0
[inst] req=786432 hits=249787 fwd=8388 rows=536597 fwd_ms=40155.5 eval=0 prior=0
[inst] req=794624 hits=252563 fwd=8473 rows=542036 fwd_ms=40555.4 eval=0 prior=0
[inst] req=802816 hits=255186 fwd=8560 rows=547604 fwd_ms=40964.6 eval=0 prior=0
[inst] req=811008 hits=257846 fwd=8646 rows=553108 fwd_ms=41369.2 eval=0 prior=0
[inst] req=819200 hits=260524 fwd=8732 rows=558612 fwd_ms=41773.7 eval=0 prior=0
[inst] req=827392 hits=263213 fwd=8818 rows=564116 fwd_ms=42178.1 eval=0 prior=0
[inst] req=835584 hits=265889 fwd=8905 rows=569684 fwd_ms=42587.6 eval=0 prior=0
[inst] req=843776 hits=268494 fwd=8992 rows=575252 fwd_ms=42996.9 eval=0 prior=0
[inst] req=851968 hits=271228 fwd=9077 rows=580690 fwd_ms=43397.1 eval=0 prior=0
[inst] req=860160 hits=273922 fwd=9163 rows=586194 fwd_ms=43802.1 eval=0 prior=0
[inst] req=868352 hits=276674 fwd=9248 rows=591634 fwd_ms=44202.4 eval=0 prior=0
[inst] req=876544 hits=279381 fwd=9334 rows=597138 fwd_ms=44607.4 eval=0 prior=0
[inst] req=884736 hits=282328 fwd=9416 rows=602384 fwd_ms=44993.7 eval=0 prior=0
[inst] req=892928 hits=285000 fwd=9502 rows=607888 fwd_ms=45398.2 eval=0 prior=0
[inst] req=901120 hits=287673 fwd=9588 rows=613392 fwd_ms=45802.9 eval=0 prior=0
[inst] req=909312 hits=290346 fwd=9675 rows=618959 fwd_ms=46212.2 eval=0 prior=0
[inst] req=917504 hits=293117 fwd=9759 rows=624334 fwd_ms=46608.0 eval=0 prior=0
[inst] req=925696 hits=295880 fwd=9844 rows=629774 fwd_ms=47008.1 eval=0 prior=0
[inst] req=933888 hits=298595 fwd=9930 rows=635278 fwd_ms=47412.9 eval=0 prior=0
[inst] req=942080 hits=301280 fwd=10016 rows=640782 fwd_ms=47817.3 eval=0 prior=0
[inst] req=950272 hits=303954 fwd=10102 rows=646286 fwd_ms=48223.0 eval=0 prior=0
[inst] req=958464 hits=306748 fwd=10186 rows=651662 fwd_ms=48618.4 eval=0 prior=0
[inst] req=966656 hits=309426 fwd=10272 rows=657166 fwd_ms=49022.9 eval=0 prior=0
[inst] req=974848 hits=312253 fwd=10356 rows=662541 fwd_ms=49418.1 eval=0 prior=0
[inst] req=983040 hits=314963 fwd=10442 rows=668045 fwd_ms=49822.9 eval=0 prior=0
[inst] req=991232 hits=317723 fwd=10527 rows=673477 fwd_ms=50239.6 eval=0 prior=0
[inst] req=999424 hits=320386 fwd=10613 rows=678981 fwd_ms=50645.0 eval=0 prior=0
[inst] req=1007616 hits=323008 fwd=10700 rows=684549 fwd_ms=51055.5 eval=0 prior=0
[inst] req=1015808 hits=325802 fwd=10785 rows=689988 fwd_ms=51456.5 eval=0 prior=0
[inst] req=1024000 hits=328525 fwd=10870 rows=695428 fwd_ms=51857.6 eval=0 prior=0
[inst] req=1032192 hits=331327 fwd=10954 rows=700803 fwd_ms=52254.2 eval=0 prior=0
[inst] req=1040384 hits=334111 fwd=11039 rows=706243 fwd_ms=52655.6 eval=0 prior=0
[inst] req=1048576 hits=336908 fwd=11123 rows=711618 fwd_ms=53051.9 eval=0 prior=0
[inst] req=1056768 hits=339721 fwd=11207 rows=716992 fwd_ms=53448.4 eval=0 prior=0
[inst] req=1064960 hits=342498 fwd=11292 rows=722422 fwd_ms=53866.7 eval=0 prior=0
[inst] req=1073152 hits=345173 fwd=11378 rows=727926 fwd_ms=54272.7 eval=0 prior=0
[inst] req=1081344 hits=347874 fwd=11464 rows=733430 fwd_ms=54678.9 eval=0 prior=0
[inst] req=1089536 hits=350483 fwd=11551 rows=738998 fwd_ms=55089.6 eval=0 prior=0
[inst] req=1097728 hits=353276 fwd=11636 rows=744437 fwd_ms=55490.9 eval=0 prior=0
[inst] req=1105920 hits=356133 fwd=11719 rows=749748 fwd_ms=55882.8 eval=0 prior=0
[inst] req=1114112 hits=358871 fwd=11804 rows=755188 fwd_ms=56284.2 eval=0 prior=0
[inst] req=1122304 hits=361635 fwd=11889 rows=760627 fwd_ms=56685.5 eval=0 prior=0
[inst] req=1130496 hits=364302 fwd=11975 rows=766131 fwd_ms=57091.1 eval=0 prior=0
[inst] req=1138688 hits=366930 fwd=12062 rows=771699 fwd_ms=57501.7 eval=0 prior=0
[inst] req=1146880 hits=369667 fwd=12148 rows=777203 fwd_ms=57907.7 eval=0 prior=0
[inst] req=1155072 hits=372374 fwd=12233 rows=782643 fwd_ms=58308.8 eval=0 prior=0
[inst] req=1163264 hits=375116 fwd=12319 rows=788147 fwd_ms=58714.8 eval=0 prior=0
[inst] req=1171456 hits=377860 fwd=12404 rows=793587 fwd_ms=59115.7 eval=0 prior=0
[inst] req=1179648 hits=380712 fwd=12487 rows=798898 fwd_ms=59507.8 eval=0 prior=0
[inst] req=1187840 hits=383464 fwd=12572 rows=804338 fwd_ms=59909.5 eval=0 prior=0
[inst] req=1196032 hits=386188 fwd=12658 rows=809842 fwd_ms=60315.7 eval=0 prior=0
[inst] req=1204224 hits=389068 fwd=12741 rows=815152 fwd_ms=60708.1 eval=0 prior=0
[inst] req=1212416 hits=391963 fwd=12823 rows=820395 fwd_ms=61095.4 eval=0 prior=0
[inst] req=1220608 hits=394706 fwd=12909 rows=825899 fwd_ms=61501.3 eval=0 prior=0
[inst] req=1228800 hits=397371 fwd=12995 rows=831403 fwd_ms=61907.0 eval=0 prior=0
[inst] req=1236992 hits=400041 fwd=13081 rows=836907 fwd_ms=62312.7 eval=0 prior=0
[inst] req=1245184 hits=402667 fwd=13168 rows=842475 fwd_ms=62723.4 eval=0 prior=0
[inst] req=1253376 hits=405319 fwd=13255 rows=848043 fwd_ms=63134.1 eval=0 prior=0
[inst] req=1261568 hits=408001 fwd=13341 rows=853547 fwd_ms=63540.3 eval=0 prior=0
[inst] req=1269760 hits=410710 fwd=13426 rows=858987 fwd_ms=63941.7 eval=0 prior=0
[inst] req=1277952 hits=413380 fwd=13513 rows=864555 fwd_ms=64352.7 eval=0 prior=0
[inst] req=1286144 hits=416244 fwd=13596 rows=869866 fwd_ms=64745.0 eval=0 prior=0
[inst] req=1294336 hits=418951 fwd=13682 rows=875370 fwd_ms=65150.9 eval=0 prior=0
[inst] req=1302528 hits=421684 fwd=13767 rows=880810 fwd_ms=65552.1 eval=0 prior=0
[inst] req=1310720 hits=424594 fwd=13850 rows=886121 fwd_ms=65943.9 eval=0 prior=0
[inst] req=1318912 hits=427356 fwd=13934 rows=891497 fwd_ms=66340.2 eval=0 prior=0
[inst] req=1327104 hits=430183 fwd=14018 rows=896872 fwd_ms=66737.1 eval=0 prior=0
[inst] req=1335296 hits=432838 fwd=14105 rows=902440 fwd_ms=67146.8 eval=0 prior=0
[inst] req=1343488 hits=435637 fwd=14189 rows=907816 fwd_ms=67542.5 eval=0 prior=0
[inst] req=1351680 hits=438395 fwd=14274 rows=913255 fwd_ms=67942.9 eval=0 prior=0
[inst] req=1359872 hits=440991 fwd=14361 rows=918823 fwd_ms=68352.2 eval=0 prior=0
[inst] req=1368064 hits=443725 fwd=14447 rows=924327 fwd_ms=68757.1 eval=0 prior=0
[inst] req=1376256 hits=446557 fwd=14530 rows=929638 fwd_ms=69147.8 eval=0 prior=0
[inst] req=1384448 hits=449286 fwd=14616 rows=935142 fwd_ms=69552.6 eval=0 prior=0
[inst] req=1392640 hits=451969 fwd=14702 rows=940646 fwd_ms=69957.2 eval=0 prior=0
[inst] req=1400832 hits=454685 fwd=14787 rows=946086 fwd_ms=70357.2 eval=0 prior=0
[inst] req=1409024 hits=457424 fwd=14873 rows=951590 fwd_ms=70761.9 eval=0 prior=0
[inst] req=1417216 hits=460293 fwd=14956 rows=956902 fwd_ms=71152.6 eval=0 prior=0
[inst] req=1425408 hits=463112 fwd=15040 rows=962278 fwd_ms=71547.9 eval=0 prior=0
[inst] req=1433600 hits=465817 fwd=15126 rows=967782 fwd_ms=71952.8 eval=0 prior=0
[inst] req=1441792 hits=468570 fwd=15210 rows=973158 fwd_ms=72348.1 eval=0 prior=0
[inst] req=1449984 hits=471257 fwd=15297 rows=978726 fwd_ms=72757.6 eval=0 prior=0
[inst] req=1458176 hits=473978 fwd=15382 rows=984165 fwd_ms=73157.7 eval=0 prior=0
[inst] req=1466368 hits=476648 fwd=15468 rows=989669 fwd_ms=73562.4 eval=0 prior=0
[inst] req=1474560 hits=479392 fwd=15553 rows=995109 fwd_ms=73962.7 eval=0 prior=0
[inst] req=1482752 hits=482022 fwd=15640 rows=1000677 fwd_ms=74372.5 eval=0 prior=0
[inst] req=1490944 hits=485032 fwd=15721 rows=1005860 fwd_ms=74754.1 eval=0 prior=0
[inst] req=1499136 hits=487810 fwd=15806 rows=1011300 fwd_ms=75154.2 eval=0 prior=0
[inst] req=1507328 hits=490424 fwd=15893 rows=1016868 fwd_ms=75563.9 eval=0 prior=0
[inst] req=1515520 hits=493232 fwd=15977 rows=1022240 fwd_ms=75959.4 eval=0 prior=0
[inst] req=1523712 hits=495976 fwd=16062 rows=1027680 fwd_ms=76359.9 eval=0 prior=0
[inst] req=1531904 hits=498683 fwd=16148 rows=1033184 fwd_ms=76765.0 eval=0 prior=0
[inst] req=1540096 hits=501427 fwd=16233 rows=1038624 fwd_ms=77165.1 eval=0 prior=0
[inst] req=1548288 hits=504395 fwd=16315 rows=1043871 fwd_ms=77551.3 eval=0 prior=0
[inst] req=1556480 hits=507192 fwd=16399 rows=1049247 fwd_ms=77946.6 eval=0 prior=0
[inst] req=1564672 hits=509941 fwd=16484 rows=1054687 fwd_ms=78346.7 eval=0 prior=0
[inst] req=1572864 hits=512648 fwd=16570 rows=1060191 fwd_ms=78751.6 eval=0 prior=0
[inst] req=1581056 hits=515591 fwd=16652 rows=1065438 fwd_ms=79137.9 eval=0 prior=0
[inst] req=1589248 hits=518344 fwd=16737 rows=1070878 fwd_ms=79538.5 eval=0 prior=0
[inst] req=1597440 hits=521228 fwd=16820 rows=1076189 fwd_ms=79929.5 eval=0 prior=0
[inst] req=1605632 hits=523921 fwd=16906 rows=1081693 fwd_ms=80334.9 eval=0 prior=0
[inst] req=1613824 hits=526749 fwd=16990 rows=1087069 fwd_ms=80730.6 eval=0 prior=0
[inst] req=1622016 hits=529480 fwd=17075 rows=1092509 fwd_ms=81131.0 eval=0 prior=0
[inst] req=1630208 hits=532191 fwd=17161 rows=1098013 fwd_ms=81536.5 eval=0 prior=0
[inst] req=1638400 hits=535038 fwd=17244 rows=1103324 fwd_ms=81927.7 eval=0 prior=0
[inst] req=1646592 hits=537939 fwd=17327 rows=1108636 fwd_ms=82318.8 eval=0 prior=0
[inst] req=1654784 hits=540929 fwd=17408 rows=1113820 fwd_ms=82700.4 eval=0 prior=0
[inst] req=1662976 hits=543599 fwd=17494 rows=1119324 fwd_ms=83105.6 eval=0 prior=0
[inst] req=1671168 hits=546450 fwd=17578 rows=1124700 fwd_ms=83501.2 eval=0 prior=0
[inst] req=1679360 hits=549306 fwd=17661 rows=1130012 fwd_ms=83892.2 eval=0 prior=0
[inst] req=1687552 hits=552058 fwd=17746 rows=1135452 fwd_ms=84292.5 eval=0 prior=0
[inst] req=1695744 hits=554906 fwd=17830 rows=1140828 fwd_ms=84687.9 eval=0 prior=0
[inst] req=1703936 hits=557668 fwd=17914 rows=1146204 fwd_ms=85083.5 eval=0 prior=0
[inst] req=1712128 hits=560481 fwd=17999 rows=1151640 fwd_ms=85484.2 eval=0 prior=0
[inst] req=1720320 hits=563305 fwd=18082 rows=1156952 fwd_ms=85875.2 eval=0 prior=0
[inst] req=1728512 hits=566157 fwd=18166 rows=1162327 fwd_ms=86271.3 eval=0 prior=0
[inst] req=1736704 hits=568948 fwd=18250 rows=1167703 fwd_ms=86667.2 eval=0 prior=0
[inst] req=1744896 hits=571792 fwd=18334 rows=1173076 fwd_ms=87062.5 eval=0 prior=0
[inst] req=1753088 hits=574572 fwd=18418 rows=1178452 fwd_ms=87457.8 eval=0 prior=0
[inst] req=1761280 hits=577394 fwd=18502 rows=1183827 fwd_ms=87853.6 eval=0 prior=0
[inst] req=1769472 hits=580231 fwd=18586 rows=1189202 fwd_ms=88249.0 eval=0 prior=0
[inst] req=1777664 hits=583156 fwd=18668 rows=1194449 fwd_ms=88635.0 eval=0 prior=0
[inst] req=1785856 hits=585881 fwd=18754 rows=1199953 fwd_ms=89039.6 eval=0 prior=0
[inst] req=1794048 hits=588759 fwd=18837 rows=1205265 fwd_ms=89430.2 eval=0 prior=0
[inst] req=1802240 hits=591630 fwd=18920 rows=1210576 fwd_ms=89820.9 eval=0 prior=0
[inst] req=1810432 hits=594493 fwd=19003 rows=1215887 fwd_ms=90211.4 eval=0 prior=0
[inst] req=1818624 hits=597289 fwd=19088 rows=1221327 fwd_ms=90611.0 eval=0 prior=0
[inst] req=1826816 hits=600091 fwd=19172 rows=1226702 fwd_ms=91006.1 eval=0 prior=0
[inst] req=1835008 hits=602977 fwd=19255 rows=1232013 fwd_ms=91397.3 eval=0 prior=0
[inst] req=1843200 hits=605885 fwd=19337 rows=1237261 fwd_ms=91783.9 eval=0 prior=0
[inst] req=1851392 hits=608783 fwd=19420 rows=1242573 fwd_ms=92175.0 eval=0 prior=0
[inst] req=1859584 hits=611651 fwd=19503 rows=1247885 fwd_ms=92567.1 eval=0 prior=0
[inst] req=1867776 hits=614570 fwd=19586 rows=1253196 fwd_ms=92962.5 eval=0 prior=0
[inst] req=1875968 hits=617599 fwd=19666 rows=1258315 fwd_ms=93339.1 eval=0 prior=0
[inst] req=1884160 hits=620484 fwd=19749 rows=1263626 fwd_ms=93730.1 eval=0 prior=0
[inst] req=1892352 hits=623307 fwd=19833 rows=1269001 fwd_ms=94129.2 eval=0 prior=0
[inst] req=1900544 hits=626216 fwd=19916 rows=1274313 fwd_ms=94523.7 eval=0 prior=0
[inst] req=1908736 hits=629050 fwd=19999 rows=1279625 fwd_ms=94919.9 eval=0 prior=0
[inst] req=1916928 hits=631883 fwd=20083 rows=1285001 fwd_ms=95321.6 eval=0 prior=0
[inst] req=1925120 hits=634731 fwd=20167 rows=1290377 fwd_ms=95720.2 eval=0 prior=0
[inst] req=1933312 hits=637556 fwd=20251 rows=1295753 fwd_ms=96117.7 eval=0 prior=0
[inst] req=1941504 hits=640409 fwd=20334 rows=1301060 fwd_ms=96529.7 eval=0 prior=0
[inst] req=1949696 hits=643303 fwd=20417 rows=1306372 fwd_ms=96938.1 eval=0 prior=0
[inst] req=1957888 hits=646361 fwd=20497 rows=1311490 fwd_ms=97324.7 eval=0 prior=0
[inst] req=1966080 hits=649223 fwd=20580 rows=1316800 fwd_ms=97733.8 eval=0 prior=0
[inst] req=1974272 hits=651976 fwd=20665 rows=1322240 fwd_ms=98145.5 eval=0 prior=0
[inst] req=1982464 hits=654798 fwd=20749 rows=1327616 fwd_ms=98551.1 eval=0 prior=0
[inst] req=1990656 hits=657720 fwd=20832 rows=1332927 fwd_ms=98948.5 eval=0 prior=0
[inst] req=1998848 hits=660457 fwd=20917 rows=1338367 fwd_ms=99353.7 eval=0 prior=0
[inst] req=2007040 hits=663244 fwd=21001 rows=1343743 fwd_ms=99764.1 eval=0 prior=0
[inst] req=2015232 hits=666032 fwd=21086 rows=1349183 fwd_ms=100177.3 eval=0 prior=0
[inst] req=2023424 hits=668853 fwd=21170 rows=1354559 fwd_ms=100593.0 eval=0 prior=0
[inst] req=2031616 hits=671617 fwd=21254 rows=1359935 fwd_ms=100998.4 eval=0 prior=0
[inst] req=2039808 hits=674495 fwd=21338 rows=1365311 fwd_ms=101407.5 eval=0 prior=0
[inst] req=2048000 hits=677401 fwd=21420 rows=1370559 fwd_ms=101801.1 eval=0 prior=0
[inst] req=2056192 hits=680249 fwd=21504 rows=1375935 fwd_ms=102196.6 eval=0 prior=0
[inst] req=2064384 hits=683032 fwd=21588 rows=1381311 fwd_ms=102593.8 eval=0 prior=0
[inst] req=2072576 hits=685862 fwd=21672 rows=1386687 fwd_ms=102995.8 eval=0 prior=0
[inst] req=2080768 hits=688592 fwd=21757 rows=1392127 fwd_ms=103397.2 eval=0 prior=0
[inst] req=2088960 hits=691510 fwd=21840 rows=1397438 fwd_ms=103792.8 eval=0 prior=0
[inst] req=2097152 hits=694408 fwd=21922 rows=1402686 fwd_ms=104179.4 eval=0 prior=0
[inst] req=2105344 hits=697213 fwd=22007 rows=1408126 fwd_ms=104589.5 eval=0 prior=0
[inst] req=2113536 hits=699943 fwd=22092 rows=1413566 fwd_ms=104992.7 eval=0 prior=0
[inst] req=2121728 hits=702658 fwd=22177 rows=1419006 fwd_ms=105397.4 eval=0 prior=0
[inst] req=2129920 hits=705622 fwd=22259 rows=1424253 fwd_ms=105785.4 eval=0 prior=0
[inst] req=2138112 hits=708404 fwd=22344 rows=1429693 fwd_ms=106191.7 eval=0 prior=0
[inst] req=2146304 hits=711307 fwd=22426 rows=1434941 fwd_ms=106596.9 eval=0 prior=0
[inst] req=2154496 hits=714123 fwd=22510 rows=1440317 fwd_ms=107002.7 eval=0 prior=0
[inst] req=2162688 hits=716832 fwd=22596 rows=1445821 fwd_ms=107415.6 eval=0 prior=0
[inst] req=2170880 hits=719874 fwd=22677 rows=1450998 fwd_ms=107804.0 eval=0 prior=0
[inst] req=2179072 hits=722701 fwd=22760 rows=1456309 fwd_ms=108204.9 eval=0 prior=0
[inst] req=2187264 hits=725652 fwd=22842 rows=1461555 fwd_ms=108593.9 eval=0 prior=0
[inst] req=2195456 hits=728610 fwd=22924 rows=1466801 fwd_ms=108980.9 eval=0 prior=0
[inst] req=2203648 hits=731390 fwd=23009 rows=1472241 fwd_ms=109389.2 eval=0 prior=0
[inst] req=2211840 hits=734115 fwd=23094 rows=1477681 fwd_ms=109790.6 eval=0 prior=0
[inst] req=2220032 hits=737038 fwd=23177 rows=1482992 fwd_ms=110188.6 eval=0 prior=0
[inst] req=2228224 hits=739910 fwd=23260 rows=1488295 fwd_ms=110579.8 eval=0 prior=0
[inst] req=2236416 hits=742830 fwd=23342 rows=1493542 fwd_ms=110966.7 eval=0 prior=0
[inst] req=2244608 hits=745661 fwd=23426 rows=1498918 fwd_ms=111362.7 eval=0 prior=0
[inst] req=2252800 hits=748708 fwd=23506 rows=1504038 fwd_ms=111740.0 eval=0 prior=0
[inst] req=2260992 hits=751557 fwd=23590 rows=1509414 fwd_ms=112136.3 eval=0 prior=0
[inst] req=2269184 hits=754362 fwd=23674 rows=1514790 fwd_ms=112532.2 eval=0 prior=0
[inst] req=2277376 hits=757201 fwd=23758 rows=1520166 fwd_ms=112928.0 eval=0 prior=0
[inst] req=2285568 hits=760165 fwd=23839 rows=1525349 fwd_ms=113310.0 eval=0 prior=0
[inst] req=2293760 hits=762933 fwd=23924 rows=1530789 fwd_ms=113710.7 eval=0 prior=0
[inst] req=2301952 hits=765889 fwd=24006 rows=1536036 fwd_ms=114097.0 eval=0 prior=0
[inst] req=2310144 hits=768806 fwd=24088 rows=1541282 fwd_ms=114483.4 eval=0 prior=0
[inst] req=2318336 hits=771601 fwd=24173 rows=1546722 fwd_ms=114883.9 eval=0 prior=0
[inst] req=2326528 hits=774358 fwd=24258 rows=1552162 fwd_ms=115284.4 eval=0 prior=0
[inst] req=2334720 hits=777208 fwd=24341 rows=1557474 fwd_ms=115675.5 eval=0 prior=0
[inst] req=2342912 hits=779893 fwd=24427 rows=1562978 fwd_ms=116080.6 eval=0 prior=0
[inst] req=2351104 hits=782719 fwd=24511 rows=1568353 fwd_ms=116476.6 eval=0 prior=0
[inst] req=2359296 hits=785536 fwd=24595 rows=1573729 fwd_ms=116874.8 eval=0 prior=0
[inst] req=2367488 hits=788235 fwd=24681 rows=1579233 fwd_ms=117280.3 eval=0 prior=0
[inst] req=2375680 hits=791011 fwd=24765 rows=1584609 fwd_ms=117676.4 eval=0 prior=0
[inst] req=2383872 hits=793696 fwd=24851 rows=1590113 fwd_ms=118081.7 eval=0 prior=0
[inst] req=2392064 hits=796488 fwd=24936 rows=1595553 fwd_ms=118482.2 eval=0 prior=0
[inst] req=2400256 hits=799058 fwd=25024 rows=1601185 fwd_ms=118896.8 eval=0 prior=0
[inst] req=2408448 hits=801888 fwd=25107 rows=1606496 fwd_ms=119288.1 eval=0 prior=0
[inst] req=2416640 hits=804872 fwd=25189 rows=1611742 fwd_ms=119675.1 eval=0 prior=0
[inst] req=2424832 hits=807788 fwd=25271 rows=1616989 fwd_ms=120061.8 eval=0 prior=0
[inst] req=2433024 hits=810729 fwd=25353 rows=1622237 fwd_ms=120448.9 eval=0 prior=0
[inst] req=2441216 hits=813669 fwd=25435 rows=1627483 fwd_ms=120835.7 eval=0 prior=0
[inst] req=2449408 hits=816390 fwd=25521 rows=1632987 fwd_ms=121240.9 eval=0 prior=0
[inst] req=2457600 hits=819088 fwd=25607 rows=1638491 fwd_ms=121646.3 eval=0 prior=0
[inst] req=2465792 hits=821860 fwd=25692 rows=1643931 fwd_ms=122047.0 eval=0 prior=0
[inst] req=2473984 hits=824855 fwd=25773 rows=1649113 fwd_ms=122429.3 eval=0 prior=0
[inst] req=2482176 hits=827613 fwd=25858 rows=1654553 fwd_ms=122830.0 eval=0 prior=0
[inst] req=2490368 hits=830446 fwd=25941 rows=1659865 fwd_ms=123221.3 eval=0 prior=0
[inst] req=2498560 hits=833324 fwd=26024 rows=1665176 fwd_ms=123613.3 eval=0 prior=0
[inst] req=2506752 hits=836101 fwd=26109 rows=1670616 fwd_ms=124014.7 eval=0 prior=0
[inst] req=2514944 hits=838962 fwd=26192 rows=1675927 fwd_ms=124407.1 eval=0 prior=0
[inst] req=2523136 hits=841724 fwd=26277 rows=1681367 fwd_ms=124808.4 eval=0 prior=0
[inst] req=2531328 hits=844508 fwd=26362 rows=1686807 fwd_ms=125209.9 eval=0 prior=0
[inst] req=2539520 hits=847220 fwd=26447 rows=1692247 fwd_ms=125610.8 eval=0 prior=0
[inst] req=2547712 hits=849945 fwd=26533 rows=1697751 fwd_ms=126016.5 eval=0 prior=0
[inst] req=2555904 hits=852942 fwd=26614 rows=1702933 fwd_ms=126398.7 eval=0 prior=0
[inst] req=2564096 hits=855827 fwd=26697 rows=1708244 fwd_ms=126791.0 eval=0 prior=0
[inst] req=2572288 hits=858784 fwd=26779 rows=1713491 fwd_ms=127178.5 eval=0 prior=0
[inst] req=2580480 hits=861603 fwd=26863 rows=1718866 fwd_ms=127575.4 eval=0 prior=0
[inst] req=2588672 hits=864465 fwd=26946 rows=1724178 fwd_ms=127967.6 eval=0 prior=0
[inst] req=2596864 hits=867378 fwd=27028 rows=1729424 fwd_ms=128355.8 eval=0 prior=0
[inst] req=2605056 hits=870313 fwd=27111 rows=1734727 fwd_ms=128749.5 eval=0 prior=0
[inst] req=2613248 hits=873028 fwd=27196 rows=1740160 fwd_ms=129301.2 eval=0 prior=0
[inst] req=2621440 hits=875892 fwd=27281 rows=1745541 fwd_ms=133597.7 eval=0 prior=0
[inst] req=2629632 hits=878292 fwd=27374 rows=1751327 fwd_ms=134220.9 eval=0 prior=0
[inst] req=2637824 hits=880476 fwd=27468 rows=1757343 fwd_ms=134664.8 eval=0 prior=0
[inst] req=2646016 hits=883177 fwd=27553 rows=1762783 fwd_ms=135066.5 eval=0 prior=0
[inst] req=2654208 hits=885989 fwd=27637 rows=1768159 fwd_ms=135463.5 eval=0 prior=0
[inst] req=2662400 hits=888821 fwd=27721 rows=1773535 fwd_ms=135860.0 eval=0 prior=0
[inst] req=2670592 hits=891594 fwd=27806 rows=1778975 fwd_ms=136261.6 eval=0 prior=0
[inst] req=2678784 hits=894328 fwd=27891 rows=1784414 fwd_ms=136663.5 eval=0 prior=0
[inst] req=2686976 hits=897070 fwd=27976 rows=1789854 fwd_ms=137064.3 eval=0 prior=0
[inst] req=2695168 hits=899891 fwd=28060 rows=1795230 fwd_ms=137460.6 eval=0 prior=0
[inst] req=2703360 hits=902721 fwd=28144 rows=1800606 fwd_ms=137856.9 eval=0 prior=0
[inst] req=2711552 hits=905457 fwd=28229 rows=1806046 fwd_ms=138257.8 eval=0 prior=0
[inst] req=2719744 hits=908217 fwd=28314 rows=1811486 fwd_ms=138659.2 eval=0 prior=0
[inst] req=2727936 hits=911127 fwd=28397 rows=1816797 fwd_ms=139050.6 eval=0 prior=0
[inst] req=2736128 hits=913944 fwd=28481 rows=1822173 fwd_ms=139446.5 eval=0 prior=0
[inst] req=2744320 hits=916866 fwd=28563 rows=1827420 fwd_ms=139833.4 eval=0 prior=0
[inst] req=2752512 hits=919752 fwd=28646 rows=1832730 fwd_ms=140224.5 eval=0 prior=0
[inst] req=2760704 hits=922501 fwd=28731 rows=1838170 fwd_ms=140625.1 eval=0 prior=0
[inst] req=2768896 hits=925293 fwd=28815 rows=1843546 fwd_ms=141020.5 eval=0 prior=0
[inst] req=2777088 hits=928124 fwd=28899 rows=1848921 fwd_ms=141416.0 eval=0 prior=0
[inst] req=2785280 hits=930935 fwd=28983 rows=1854297 fwd_ms=141811.4 eval=0 prior=0
[inst] req=2793472 hits=933708 fwd=29068 rows=1859737 fwd_ms=142219.4 eval=0 prior=0
[inst] req=2801664 hits=936608 fwd=29151 rows=1865003 fwd_ms=142620.3 eval=0 prior=0
[inst] req=2809856 hits=939634 fwd=29232 rows=1870186 fwd_ms=143013.6 eval=0 prior=0
[inst] req=2818048 hits=942495 fwd=29315 rows=1875498 fwd_ms=143421.8 eval=0 prior=0
[inst] req=2826240 hits=945349 fwd=29399 rows=1880873 fwd_ms=143832.9 eval=0 prior=0
[inst] req=2834432 hits=948121 fwd=29483 rows=1886249 fwd_ms=144251.3 eval=0 prior=0
[inst] req=2842624 hits=951140 fwd=29564 rows=1891431 fwd_ms=144644.1 eval=0 prior=0
[inst] req=2850816 hits=953952 fwd=29648 rows=1896806 fwd_ms=145051.7 eval=0 prior=0
[inst] req=2859008 hits=956746 fwd=29733 rows=1902246 fwd_ms=145467.8 eval=0 prior=0
[inst] req=2867200 hits=959514 fwd=29818 rows=1907685 fwd_ms=145876.4 eval=0 prior=0
[inst] req=2875392 hits=962254 fwd=29903 rows=1913125 fwd_ms=146292.3 eval=0 prior=0
[inst] req=2883584 hits=965008 fwd=29988 rows=1918565 fwd_ms=146702.1 eval=0 prior=0
[inst] req=2891776 hits=968074 fwd=30068 rows=1923683 fwd_ms=147088.4 eval=0 prior=0
[inst] req=2899968 hits=970852 fwd=30152 rows=1929059 fwd_ms=147493.0 eval=0 prior=0
[inst] req=2908160 hits=973571 fwd=30238 rows=1934558 fwd_ms=147913.3 eval=0 prior=0
[inst] req=2916352 hits=976448 fwd=30321 rows=1939870 fwd_ms=148320.3 eval=0 prior=0
[inst] req=2924544 hits=979204 fwd=30406 rows=1945310 fwd_ms=148733.5 eval=0 prior=0
[inst] req=2932736 hits=982053 fwd=30489 rows=1950621 fwd_ms=149137.4 eval=0 prior=0
[inst] req=2940928 hits=984870 fwd=30573 rows=1955996 fwd_ms=149546.5 eval=0 prior=0
[inst] req=2949120 hits=987602 fwd=30659 rows=1961500 fwd_ms=149951.4 eval=0 prior=0
[inst] req=2957312 hits=990268 fwd=30745 rows=1967004 fwd_ms=150367.0 eval=0 prior=0
[inst] req=2965504 hits=993115 fwd=30829 rows=1972380 fwd_ms=150775.0 eval=0 prior=0
[inst] req=2973696 hits=995733 fwd=30916 rows=1977948 fwd_ms=151205.2 eval=0 prior=0
[inst] req=2981888 hits=998419 fwd=31003 rows=1983449 fwd_ms=151635.4 eval=0 prior=0
[inst] req=2990080 hits=1001177 fwd=31088 rows=1988889 fwd_ms=152048.5 eval=0 prior=0
[inst] req=2998272 hits=1004047 fwd=31171 rows=1994196 fwd_ms=152453.5 eval=0 prior=0
[inst] req=3006464 hits=1006774 fwd=31256 rows=1999636 fwd_ms=152863.8 eval=0 prior=0
[inst] req=3014656 hits=1009610 fwd=31340 rows=2005011 fwd_ms=153271.8 eval=0 prior=0
[inst] req=3022848 hits=1012367 fwd=31425 rows=2010451 fwd_ms=153687.7 eval=0 prior=0
[inst] req=3031040 hits=1015102 fwd=31510 rows=2015891 fwd_ms=154095.3 eval=0 prior=0
[inst] req=3039232 hits=1017780 fwd=31596 rows=2021395 fwd_ms=154501.0 eval=0 prior=0
[inst] req=3047424 hits=1020473 fwd=31682 rows=2026899 fwd_ms=154906.8 eval=0 prior=0
[inst] req=3055616 hits=1023175 fwd=31768 rows=2032403 fwd_ms=155311.9 eval=0 prior=0
[inst] req=3063808 hits=1025899 fwd=31854 rows=2037907 fwd_ms=155717.2 eval=0 prior=0
[inst] req=3072000 hits=1028710 fwd=31938 rows=2043282 fwd_ms=156113.7 eval=0 prior=0
[inst] req=3080192 hits=1031476 fwd=32022 rows=2048655 fwd_ms=156510.4 eval=0 prior=0
[inst] req=3088384 hits=1034166 fwd=32108 rows=2054156 fwd_ms=156916.6 eval=0 prior=0
[inst] req=3096576 hits=1036914 fwd=32194 rows=2059653 fwd_ms=157322.3 eval=0 prior=0
[inst] req=3104768 hits=1039768 fwd=32277 rows=2064964 fwd_ms=157714.1 eval=0 prior=0
[inst] req=3112960 hits=1042420 fwd=32364 rows=2070532 fwd_ms=158124.5 eval=0 prior=0
[inst] req=3121152 hits=1045312 fwd=32446 rows=2075777 fwd_ms=158511.1 eval=0 prior=0
[inst] req=3129344 hits=1048351 fwd=32527 rows=2080958 fwd_ms=158893.0 eval=0 prior=0
[inst] req=3137536 hits=1051225 fwd=32610 rows=2086269 fwd_ms=159283.6 eval=0 prior=0
[inst] req=3145728 hits=1054030 fwd=32694 rows=2091644 fwd_ms=159679.3 eval=0 prior=0
[inst] req=3153920 hits=1056850 fwd=32778 rows=2097020 fwd_ms=160075.0 eval=0 prior=0
[inst] req=3162112 hits=1059683 fwd=32862 rows=2102396 fwd_ms=160471.0 eval=0 prior=0
[inst] req=3170304 hits=1062311 fwd=32949 rows=2107964 fwd_ms=160880.7 eval=0 prior=0
[inst] req=3178496 hits=1065114 fwd=33033 rows=2113340 fwd_ms=161276.3 eval=0 prior=0
[inst] req=3186688 hits=1067759 fwd=33120 rows=2118908 fwd_ms=161687.6 eval=0 prior=0
[inst] req=3194880 hits=1070586 fwd=33204 rows=2124281 fwd_ms=162084.1 eval=0 prior=0
[inst] req=3203072 hits=1073398 fwd=33288 rows=2129657 fwd_ms=162479.9 eval=0 prior=0
[inst] req=3211264 hits=1076174 fwd=33372 rows=2135033 fwd_ms=162875.6 eval=0 prior=0
[inst] req=3219456 hits=1078983 fwd=33456 rows=2140409 fwd_ms=163271.5 eval=0 prior=0
[inst] req=3227648 hits=1081713 fwd=33542 rows=2145913 fwd_ms=163676.6 eval=0 prior=0
[inst] req=3235840 hits=1084648 fwd=33624 rows=2151159 fwd_ms=164062.7 eval=0 prior=0
[inst] req=3244032 hits=1087360 fwd=33710 rows=2156663 fwd_ms=164468.1 eval=0 prior=0
[inst] req=3252224 hits=1090073 fwd=33795 rows=2162103 fwd_ms=164868.7 eval=0 prior=0
[inst] req=3260416 hits=1092825 fwd=33880 rows=2167543 fwd_ms=165269.2 eval=0 prior=0
[inst] req=3268608 hits=1095496 fwd=33967 rows=2173111 fwd_ms=165679.5 eval=0 prior=0
[inst] req=3276800 hits=1098213 fwd=34052 rows=2178550 fwd_ms=166080.4 eval=0 prior=0
[inst] req=3284992 hits=1101120 fwd=34135 rows=2183850 fwd_ms=166488.0 eval=0 prior=0
[inst] req=3293184 hits=1103882 fwd=34220 rows=2189283 fwd_ms=166889.6 eval=0 prior=0
[inst] req=3301376 hits=1106696 fwd=34304 rows=2194658 fwd_ms=167286.4 eval=0 prior=0
[inst] req=3309568 hits=1109407 fwd=34389 rows=2200098 fwd_ms=167688.0 eval=0 prior=0
[inst] req=3317760 hits=1112114 fwd=34475 rows=2205602 fwd_ms=168094.4 eval=0 prior=0
[inst] req=3325952 hits=1114943 fwd=34559 rows=2210977 fwd_ms=168490.7 eval=0 prior=0
[inst] req=3334144 hits=1117849 fwd=34642 rows=2216288 fwd_ms=168882.7 eval=0 prior=0
[inst] req=3342336 hits=1120566 fwd=34727 rows=2221728 fwd_ms=169283.9 eval=0 prior=0
[inst] req=3350528 hits=1123231 fwd=34814 rows=2227296 fwd_ms=169694.9 eval=0 prior=0
[inst] req=3358720 hits=1125955 fwd=34899 rows=2232736 fwd_ms=170095.5 eval=0 prior=0
[inst] req=3366912 hits=1128683 fwd=34984 rows=2238176 fwd_ms=170495.8 eval=0 prior=0
[inst] req=3375104 hits=1131477 fwd=35069 rows=2243610 fwd_ms=170896.8 eval=0 prior=0
[inst] req=3383296 hits=1134127 fwd=35155 rows=2249114 fwd_ms=171302.5 eval=0 prior=0
[inst] req=3391488 hits=1136955 fwd=35239 rows=2254490 fwd_ms=171699.0 eval=0 prior=0
[inst] req=3399680 hits=1139678 fwd=35325 rows=2259994 fwd_ms=172104.7 eval=0 prior=0
[inst] req=3407872 hits=1142281 fwd=35412 rows=2265562 fwd_ms=172514.7 eval=0 prior=0
[inst] req=3416064 hits=1144968 fwd=35498 rows=2271066 fwd_ms=172920.5 eval=0 prior=0
[inst] req=3424256 hits=1147688 fwd=35583 rows=2276506 fwd_ms=173321.5 eval=0 prior=0
[inst] req=3432448 hits=1150361 fwd=35670 rows=2282074 fwd_ms=173732.0 eval=0 prior=0
[inst] req=3440640 hits=1153242 fwd=35753 rows=2287384 fwd_ms=174124.1 eval=0 prior=0
[inst] req=3448832 hits=1155868 fwd=35840 rows=2292952 fwd_ms=174534.7 eval=0 prior=0
[inst] req=3457024 hits=1158592 fwd=35925 rows=2298391 fwd_ms=174936.3 eval=0 prior=0
[inst] req=3465216 hits=1161224 fwd=36012 rows=2303959 fwd_ms=175346.7 eval=0 prior=0
[inst] req=3473408 hits=1163978 fwd=36097 rows=2309398 fwd_ms=175747.7 eval=0 prior=0
[inst] req=3481600 hits=1166784 fwd=36181 rows=2314769 fwd_ms=176144.2 eval=0 prior=0
[inst] req=3489792 hits=1169545 fwd=36266 rows=2320209 fwd_ms=176545.0 eval=0 prior=0
[inst] req=3497984 hits=1172178 fwd=36353 rows=2325777 fwd_ms=176954.8 eval=0 prior=0
[inst] req=3506176 hits=1174794 fwd=36440 rows=2331345 fwd_ms=177364.7 eval=0 prior=0
[inst] req=3514368 hits=1177562 fwd=36525 rows=2336784 fwd_ms=177765.5 eval=0 prior=0
[inst] req=3522560 hits=1180487 fwd=36607 rows=2342029 fwd_ms=178151.6 eval=0 prior=0
[inst] req=3530752 hits=1183213 fwd=36693 rows=2347533 fwd_ms=178557.0 eval=0 prior=0
[inst] req=3538944 hits=1186024 fwd=36777 rows=2352907 fwd_ms=178953.3 eval=0 prior=0
[inst] req=3547136 hits=1188673 fwd=36863 rows=2358411 fwd_ms=179358.5 eval=0 prior=0
[inst] req=3555328 hits=1191403 fwd=36949 rows=2363914 fwd_ms=179763.7 eval=0 prior=0
[inst] req=3563520 hits=1194136 fwd=37034 rows=2369352 fwd_ms=180164.0 eval=0 prior=0
[inst] req=3571712 hits=1196834 fwd=37120 rows=2374856 fwd_ms=180568.9 eval=0 prior=0
[inst] req=3579904 hits=1199742 fwd=37202 rows=2380102 fwd_ms=180955.6 eval=0 prior=0
[inst] req=3588096 hits=1202491 fwd=37287 rows=2385542 fwd_ms=181355.7 eval=0 prior=0
[inst] req=3596288 hits=1205180 fwd=37373 rows=2391046 fwd_ms=181760.7 eval=0 prior=0
[inst] req=3604480 hits=1208020 fwd=37457 rows=2396421 fwd_ms=182156.6 eval=0 prior=0
[inst] req=3612672 hits=1210808 fwd=37542 rows=2401860 fwd_ms=182557.4 eval=0 prior=0
[inst] req=3620864 hits=1213489 fwd=37628 rows=2407361 fwd_ms=182962.5 eval=0 prior=0
[inst] req=3629056 hits=1216169 fwd=37714 rows=2412865 fwd_ms=183367.9 eval=0 prior=0
[inst] req=3637248 hits=1218797 fwd=37801 rows=2418433 fwd_ms=183777.8 eval=0 prior=0
[inst] req=3645440 hits=1221520 fwd=37886 rows=2423873 fwd_ms=184178.1 eval=0 prior=0
[inst] req=3653632 hits=1224182 fwd=37973 rows=2429441 fwd_ms=184587.8 eval=0 prior=0
[inst] req=3661824 hits=1227071 fwd=38056 rows=2434751 fwd_ms=184979.1 eval=0 prior=0
[inst] req=3670016 hits=1229889 fwd=38140 rows=2440126 fwd_ms=185375.0 eval=0 prior=0
[inst] req=3678208 hits=1232690 fwd=38224 rows=2445502 fwd_ms=185771.3 eval=0 prior=0
[inst] req=3686400 hits=1235353 fwd=38310 rows=2451006 fwd_ms=186176.6 eval=0 prior=0
[inst] req=3694592 hits=1238047 fwd=38396 rows=2456510 fwd_ms=186581.7 eval=0 prior=0
[inst] req=3702784 hits=1240674 fwd=38483 rows=2462078 fwd_ms=186992.0 eval=0 prior=0
[inst] req=3710976 hits=1243483 fwd=38567 rows=2467454 fwd_ms=187387.9 eval=0 prior=0
[inst] req=3719168 hits=1246213 fwd=38652 rows=2472894 fwd_ms=187788.5 eval=0 prior=0
[inst] req=3727360 hits=1248909 fwd=38738 rows=2478398 fwd_ms=188193.6 eval=0 prior=0
[inst] req=3735552 hits=1251755 fwd=38822 rows=2483772 fwd_ms=188589.6 eval=0 prior=0
[inst] req=3743744 hits=1254452 fwd=38908 rows=2489276 fwd_ms=188995.0 eval=0 prior=0
[inst] req=3751936 hits=1257202 fwd=38993 rows=2494716 fwd_ms=189396.1 eval=0 prior=0
[inst] req=3760128 hits=1259801 fwd=39080 rows=2500284 fwd_ms=189806.3 eval=0 prior=0
[inst] req=3768320 hits=1262477 fwd=39166 rows=2505788 fwd_ms=190211.8 eval=0 prior=0
[inst] req=3776512 hits=1265132 fwd=39253 rows=2511356 fwd_ms=190622.2 eval=0 prior=0
[inst] req=3784704 hits=1267807 fwd=39339 rows=2516860 fwd_ms=191027.8 eval=0 prior=0
[inst] req=3792896 hits=1270550 fwd=39424 rows=2522300 fwd_ms=191428.6 eval=0 prior=0
[inst] req=3801088 hits=1273230 fwd=39510 rows=2527804 fwd_ms=191834.1 eval=0 prior=0
[inst] req=3809280 hits=1276157 fwd=39593 rows=2533115 fwd_ms=192225.7 eval=0 prior=0
[inst] req=3817472 hits=1278799 fwd=39679 rows=2538619 fwd_ms=192631.0 eval=0 prior=0
[inst] req=3825664 hits=1281520 fwd=39765 rows=2544123 fwd_ms=193036.4 eval=0 prior=0
[inst] req=3833856 hits=1284316 fwd=39849 rows=2549497 fwd_ms=193432.9 eval=0 prior=0
[inst] req=3842048 hits=1287077 fwd=39934 rows=2554937 fwd_ms=193833.9 eval=0 prior=0
[inst] req=3850240 hits=1289798 fwd=40020 rows=2560441 fwd_ms=194239.5 eval=0 prior=0
[inst] req=3858432 hits=1292673 fwd=40103 rows=2565752 fwd_ms=194631.1 eval=0 prior=0
[inst] req=3866624 hits=1295660 fwd=40184 rows=2570933 fwd_ms=195013.2 eval=0 prior=0
[inst] req=3874816 hits=1298384 fwd=40269 rows=2576373 fwd_ms=195413.6 eval=0 prior=0
[inst] req=3883008 hits=1301067 fwd=40355 rows=2581877 fwd_ms=195818.5 eval=0 prior=0
[inst] req=3891200 hits=1304069 fwd=40437 rows=2587124 fwd_ms=196205.1 eval=0 prior=0
[inst] req=3899392 hits=1306716 fwd=40523 rows=2592628 fwd_ms=196610.0 eval=0 prior=0
[inst] req=3907584 hits=1309419 fwd=40609 rows=2598132 fwd_ms=197015.2 eval=0 prior=0
[inst] req=3915776 hits=1312086 fwd=40695 rows=2603636 fwd_ms=197420.4 eval=0 prior=0
[inst] req=3923968 hits=1314892 fwd=40780 rows=2609075 fwd_ms=197826.3 eval=0 prior=0
[inst] req=3932160 hits=1317507 fwd=40867 rows=2614643 fwd_ms=198236.2 eval=0 prior=0
[inst] req=3940352 hits=1320216 fwd=40952 rows=2620083 fwd_ms=198636.9 eval=0 prior=0
[inst] req=3948544 hits=1322910 fwd=41038 rows=2625587 fwd_ms=199042.0 eval=0 prior=0
[inst] req=3956736 hits=1325518 fwd=41125 rows=2631155 fwd_ms=199451.9 eval=0 prior=0
[inst] req=3964928 hits=1328156 fwd=41212 rows=2636723 fwd_ms=199862.1 eval=0 prior=0
[inst] req=3973120 hits=1330921 fwd=41297 rows=2642162 fwd_ms=200263.3 eval=0 prior=0
[inst] req=3981312 hits=1333717 fwd=41381 rows=2647537 fwd_ms=200659.6 eval=0 prior=0
[inst] req=3989504 hits=1336373 fwd=41468 rows=2653105 fwd_ms=201069.9 eval=0 prior=0
[inst] req=3997696 hits=1339064 fwd=41554 rows=2658608 fwd_ms=201476.1 eval=0 prior=0
[inst] req=4005888 hits=1341905 fwd=41637 rows=2663920 fwd_ms=201868.3 eval=0 prior=0
[inst] req=4014080 hits=1344613 fwd=41723 rows=2669423 fwd_ms=202274.5 eval=0 prior=0
[inst] req=4022272 hits=1347471 fwd=41807 rows=2674798 fwd_ms=202671.7 eval=0 prior=0
[inst] req=4030464 hits=1350157 fwd=41893 rows=2680302 fwd_ms=203077.8 eval=0 prior=0
[inst] req=4038656 hits=1352876 fwd=41978 rows=2685742 fwd_ms=203478.9 eval=0 prior=0
[inst] req=4046848 hits=1355640 fwd=42063 rows=2691182 fwd_ms=203879.6 eval=0 prior=0
[inst] req=4055040 hits=1358301 fwd=42149 rows=2696686 fwd_ms=204284.9 eval=0 prior=0
[inst] req=4063232 hits=1361065 fwd=42234 rows=2702126 fwd_ms=204685.6 eval=0 prior=0
[inst] req=4071424 hits=1363840 fwd=42319 rows=2707565 fwd_ms=205086.2 eval=0 prior=0
[inst] req=4079616 hits=1366711 fwd=42402 rows=2712876 fwd_ms=205477.8 eval=0 prior=0
[inst] req=4087808 hits=1369575 fwd=42485 rows=2718187 fwd_ms=205869.6 eval=0 prior=0
[inst] req=4096000 hits=1372326 fwd=42570 rows=2723626 fwd_ms=206271.4 eval=0 prior=0
[inst] req=4104192 hits=1375236 fwd=42653 rows=2728937 fwd_ms=206665.3 eval=0 prior=0
[inst] req=4112384 hits=1378021 fwd=42737 rows=2734313 fwd_ms=207063.3 eval=0 prior=0
[inst] req=4120576 hits=1381148 fwd=42816 rows=2739367 fwd_ms=207436.4 eval=0 prior=0
[inst] req=4128768 hits=1384131 fwd=42898 rows=2744614 fwd_ms=207824.0 eval=0 prior=0
[inst] req=4136960 hits=1386896 fwd=42983 rows=2750054 fwd_ms=208225.6 eval=0 prior=0
[inst] req=4145152 hits=1389779 fwd=43066 rows=2755365 fwd_ms=208617.3 eval=0 prior=0
[inst] req=4153344 hits=1392688 fwd=43148 rows=2760611 fwd_ms=209005.2 eval=0 prior=0
[inst] req=4161536 hits=1395415 fwd=43234 rows=2766115 fwd_ms=209411.3 eval=0 prior=0
[inst] req=4169728 hits=1398238 fwd=43317 rows=2771426 fwd_ms=209803.9 eval=0 prior=0
[inst] req=4177920 hits=1401042 fwd=43402 rows=2776866 fwd_ms=210205.3 eval=0 prior=0
[inst] req=4186112 hits=1403755 fwd=43487 rows=2782306 fwd_ms=210607.0 eval=0 prior=0
[inst] req=4194304 hits=1406439 fwd=43573 rows=2787810 fwd_ms=211013.4 eval=0 prior=0
[inst] req=4202496 hits=1409247 fwd=43657 rows=2793186 fwd_ms=211410.0 eval=0 prior=0
[inst] req=4210688 hits=1411969 fwd=43743 rows=2798690 fwd_ms=211816.1 eval=0 prior=0
[inst] req=4218880 hits=1414767 fwd=43827 rows=2804066 fwd_ms=212215.3 eval=0 prior=0
[inst] req=4227072 hits=1417529 fwd=43912 rows=2809506 fwd_ms=212619.1 eval=0 prior=0
[inst] req=4235264 hits=1420285 fwd=43997 rows=2814946 fwd_ms=213023.1 eval=0 prior=0
[inst] req=4243456 hits=1422977 fwd=44083 rows=2820450 fwd_ms=213429.9 eval=0 prior=0
[inst] req=4251648 hits=1425683 fwd=44169 rows=2825954 fwd_ms=213835.6 eval=0 prior=0
[inst] req=4259840 hits=1428465 fwd=44253 rows=2831330 fwd_ms=214232.6 eval=0 prior=0
[inst] req=4268032 hits=1431176 fwd=44339 rows=2836834 fwd_ms=214638.9 eval=0 prior=0
[inst] req=4276224 hits=1433924 fwd=44424 rows=2842273 fwd_ms=215040.9 eval=0 prior=0
[inst] req=4284416 hits=1436630 fwd=44510 rows=2847777 fwd_ms=215447.8 eval=0 prior=0
[inst] req=4292608 hits=1439330 fwd=44595 rows=2853217 fwd_ms=215849.6 eval=0 prior=0
[inst] req=4300800 hits=1442081 fwd=44680 rows=2858656 fwd_ms=216251.1 eval=0 prior=0
[inst] req=4308992 hits=1444882 fwd=44765 rows=2864095 fwd_ms=216652.9 eval=0 prior=0
[inst] req=4317184 hits=1447680 fwd=44849 rows=2869470 fwd_ms=217049.7 eval=0 prior=0
[inst] req=4325376 hits=1450310 fwd=44936 rows=2875038 fwd_ms=217460.4 eval=0 prior=0
[inst] req=4333568 hits=1452928 fwd=45023 rows=2880606 fwd_ms=217871.1 eval=0 prior=0
[inst] req=4341760 hits=1455604 fwd=45109 rows=2886110 fwd_ms=218276.9 eval=0 prior=0
[inst] req=4349952 hits=1458552 fwd=45191 rows=2891356 fwd_ms=218664.4 eval=0 prior=0
[inst] req=4358144 hits=1461221 fwd=45277 rows=2896860 fwd_ms=219070.2 eval=0 prior=0
[inst] req=4366336 hits=1463925 fwd=45363 rows=2902364 fwd_ms=219476.1 eval=0 prior=0
[inst] req=4374528 hits=1466756 fwd=45447 rows=2907739 fwd_ms=219872.5 eval=0 prior=0
[inst] req=4382720 hits=1469419 fwd=45533 rows=2913243 fwd_ms=220278.1 eval=0 prior=0
[inst] req=4390912 hits=1472297 fwd=45616 rows=2918554 fwd_ms=220669.6 eval=0 prior=0
[inst] req=4399104 hits=1475218 fwd=45699 rows=2923856 fwd_ms=221062.9 eval=0 prior=0
[inst] req=4407296 hits=1477918 fwd=45785 rows=2929360 fwd_ms=221470.1 eval=0 prior=0
[inst] req=4415488 hits=1480598 fwd=45871 rows=2934864 fwd_ms=221877.6 eval=0 prior=0
[inst] req=4423680 hits=1483294 fwd=45957 rows=2940368 fwd_ms=222284.6 eval=0 prior=0
[inst] req=4431872 hits=1486056 fwd=46042 rows=2945790 fwd_ms=222687.1 eval=0 prior=0
[inst] req=4440064 hits=1488774 fwd=46127 rows=2951230 fwd_ms=223088.8 eval=0 prior=0
[inst] req=4448256 hits=1491496 fwd=46213 rows=2956732 fwd_ms=223683.6 eval=0 prior=0
[inst] req=4456448 hits=1494260 fwd=46298 rows=2962153 fwd_ms=228939.4 eval=0 prior=0
[inst] req=4464640 hits=1496942 fwd=46384 rows=2967640 fwd_ms=232352.0 eval=0 prior=0
[inst] req=4472832 hits=1499298 fwd=46480 rows=2973491 fwd_ms=232954.2 eval=0 prior=0
[inst] req=4481024 hits=1501659 fwd=46571 rows=2979315 fwd_ms=233384.2 eval=0 prior=0
[inst] req=4489216 hits=1504362 fwd=46657 rows=2984819 fwd_ms=233790.2 eval=0 prior=0
[inst] req=4497408 hits=1507042 fwd=46743 rows=2990323 fwd_ms=234196.2 eval=0 prior=0
[inst] req=4505600 hits=1509721 fwd=46829 rows=2995827 fwd_ms=234601.6 eval=0 prior=0
[inst] req=4513792 hits=1512417 fwd=46915 rows=3001331 fwd_ms=235006.8 eval=0 prior=0
[inst] req=4521984 hits=1515149 fwd=47000 rows=3006771 fwd_ms=235407.3 eval=0 prior=0
[inst] req=4530176 hits=1517822 fwd=47087 rows=3012339 fwd_ms=235817.9 eval=0 prior=0
[inst] req=4538368 hits=1520533 fwd=47172 rows=3017779 fwd_ms=236218.8 eval=0 prior=0
[inst] req=4546560 hits=1523232 fwd=47258 rows=3023283 fwd_ms=236624.6 eval=0 prior=0
[inst] req=4554752 hits=1526035 fwd=47342 rows=3028659 fwd_ms=237020.7 eval=0 prior=0
[inst] req=4562944 hits=1528709 fwd=47429 rows=3034227 fwd_ms=237431.2 eval=0 prior=0
[inst] req=4571136 hits=1531423 fwd=47514 rows=3039666 fwd_ms=237832.4 eval=0 prior=0
[inst] req=4579328 hits=1534131 fwd=47600 rows=3045170 fwd_ms=238237.8 eval=0 prior=0
[inst] req=4587520 hits=1536932 fwd=47684 rows=3050545 fwd_ms=238634.2 eval=0 prior=0
[inst] req=4595712 hits=1539670 fwd=47769 rows=3055985 fwd_ms=239034.4 eval=0 prior=0
[inst] req=4603904 hits=1542377 fwd=47855 rows=3061489 fwd_ms=239439.5 eval=0 prior=0
[inst] req=4612096 hits=1545089 fwd=47941 rows=3066993 fwd_ms=239844.8 eval=0 prior=0
[inst] req=4620288 hits=1547818 fwd=48026 rows=3072433 fwd_ms=240245.2 eval=0 prior=0
[inst] req=4628480 hits=1550521 fwd=48112 rows=3077937 fwd_ms=240650.3 eval=0 prior=0
[inst] req=4636672 hits=1553299 fwd=48196 rows=3083313 fwd_ms=241046.2 eval=0 prior=0
[inst] req=4644864 hits=1556043 fwd=48282 rows=3088778 fwd_ms=241449.4 eval=0 prior=0
[inst] req=4653056 hits=1558748 fwd=48368 rows=3094282 fwd_ms=241854.5 eval=0 prior=0
[inst] req=4661248 hits=1561456 fwd=48454 rows=3099786 fwd_ms=242259.2 eval=0 prior=0
[inst] req=4669440 hits=1564160 fwd=48539 rows=3105226 fwd_ms=242659.5 eval=0 prior=0
[inst] req=4677632 hits=1566970 fwd=48623 rows=3110601 fwd_ms=243055.2 eval=0 prior=0
[inst] req=4685824 hits=1569731 fwd=48708 rows=3116040 fwd_ms=243455.2 eval=0 prior=0
[inst] req=4694016 hits=1572454 fwd=48794 rows=3121544 fwd_ms=243860.1 eval=0 prior=0
[inst] req=4702208 hits=1575346 fwd=48877 rows=3126854 fwd_ms=244251.5 eval=0 prior=0
[inst] req=4710400 hits=1578080 fwd=48962 rows=3132292 fwd_ms=244652.1 eval=0 prior=0
[inst] req=4718592 hits=1580734 fwd=49048 rows=3137796 fwd_ms=245056.7 eval=0 prior=0
[inst] req=4726784 hits=1583357 fwd=49135 rows=3143364 fwd_ms=245466.1 eval=0 prior=0
[inst] req=4734976 hits=1586160 fwd=49220 rows=3148804 fwd_ms=245866.1 eval=0 prior=0
[inst] req=4743168 hits=1588802 fwd=49306 rows=3154308 fwd_ms=246270.4 eval=0 prior=0
[inst] req=4751360 hits=1591486 fwd=49392 rows=3159812 fwd_ms=246674.6 eval=0 prior=0
[inst] req=4759552 hits=1594150 fwd=49479 rows=3165380 fwd_ms=247084.0 eval=0 prior=0
[inst] req=4767744 hits=1596904 fwd=49564 rows=3170820 fwd_ms=247484.7 eval=0 prior=0
[inst] req=4775936 hits=1599538 fwd=49651 rows=3176388 fwd_ms=247894.0 eval=0 prior=0
[inst] req=4784128 hits=1602245 fwd=49736 rows=3181828 fwd_ms=248294.0 eval=0 prior=0
[inst] req=4792320 hits=1604958 fwd=49822 rows=3187332 fwd_ms=248698.9 eval=0 prior=0
[inst] req=4800512 hits=1607746 fwd=49906 rows=3192707 fwd_ms=249094.5 eval=0 prior=0
[inst] req=4808704 hits=1610432 fwd=49992 rows=3198210 fwd_ms=249499.7 eval=0 prior=0
[inst] req=4816896 hits=1613437 fwd=50074 rows=3203402 fwd_ms=249883.3 eval=0 prior=0
[inst] req=4825088 hits=1616267 fwd=50158 rows=3208777 fwd_ms=250278.9 eval=0 prior=0
[inst] req=4833280 hits=1619093 fwd=50242 rows=3214152 fwd_ms=250673.9 eval=0 prior=0
[inst] req=4841472 hits=1621828 fwd=50327 rows=3219592 fwd_ms=251073.6 eval=0 prior=0
[inst] req=4849664 hits=1624519 fwd=50413 rows=3225096 fwd_ms=251478.2 eval=0 prior=0
[inst] req=4857856 hits=1627263 fwd=50498 rows=3230535 fwd_ms=251878.8 eval=0 prior=0
[inst] req=4866048 hits=1630065 fwd=50583 rows=3235974 fwd_ms=252279.7 eval=0 prior=0
[inst] req=4874240 hits=1632892 fwd=50666 rows=3241285 fwd_ms=252671.5 eval=0 prior=0
[inst] req=4882432 hits=1635731 fwd=50750 rows=3246660 fwd_ms=253068.3 eval=0 prior=0
[inst] req=4890624 hits=1638427 fwd=50836 rows=3252164 fwd_ms=253474.4 eval=0 prior=0
[inst] req=4898816 hits=1641177 fwd=50921 rows=3257604 fwd_ms=253875.8 eval=0 prior=0
[inst] req=4907008 hits=1644101 fwd=51003 rows=3262851 fwd_ms=254263.0 eval=0 prior=0
[inst] req=4915200 hits=1646850 fwd=51088 rows=3268291 fwd_ms=254664.4 eval=0 prior=0
[inst] req=4923392 hits=1649625 fwd=51173 rows=3273731 fwd_ms=255065.5 eval=0 prior=0
[inst] req=4931584 hits=1652533 fwd=51256 rows=3279041 fwd_ms=255456.8 eval=0 prior=0
[inst] req=4939776 hits=1655240 fwd=51341 rows=3284481 fwd_ms=255856.9 eval=0 prior=0
[inst] req=4947968 hits=1658183 fwd=51423 rows=3289727 fwd_ms=256243.2 eval=0 prior=0
[inst] req=4956160 hits=1660986 fwd=51508 rows=3295166 fwd_ms=256643.6 eval=0 prior=0
[inst] req=4964352 hits=1663748 fwd=51592 rows=3300542 fwd_ms=257039.1 eval=0 prior=0
[inst] req=4972544 hits=1666688 fwd=51675 rows=3305852 fwd_ms=257430.2 eval=0 prior=0
[inst] req=4980736 hits=1669502 fwd=51759 rows=3311227 fwd_ms=257825.6 eval=0 prior=0
[inst] req=4988928 hits=1672249 fwd=51844 rows=3316666 fwd_ms=258226.2 eval=0 prior=0
[inst] req=4997120 hits=1674880 fwd=51931 rows=3322234 fwd_ms=258635.7 eval=0 prior=0
[inst] req=5005312 hits=1677687 fwd=52015 rows=3327609 fwd_ms=259031.3 eval=0 prior=0
[inst] req=5013504 hits=1680414 fwd=52100 rows=3333049 fwd_ms=259431.0 eval=0 prior=0
[inst] req=5021696 hits=1683233 fwd=52184 rows=3338424 fwd_ms=259826.0 eval=0 prior=0
[inst] req=5029888 hits=1686110 fwd=52267 rows=3343717 fwd_ms=260216.7 eval=0 prior=0
[inst] req=5038080 hits=1688901 fwd=52352 rows=3349156 fwd_ms=260616.7 eval=0 prior=0
[inst] req=5046272 hits=1691606 fwd=52438 rows=3354660 fwd_ms=261021.6 eval=0 prior=0
[inst] req=5054464 hits=1694206 fwd=52525 rows=3360228 fwd_ms=261430.7 eval=0 prior=0
[inst] req=5062656 hits=1696902 fwd=52611 rows=3365732 fwd_ms=261835.8 eval=0 prior=0
[inst] req=5070848 hits=1699716 fwd=52695 rows=3371105 fwd_ms=262231.7 eval=0 prior=0
[inst] req=5079040 hits=1702449 fwd=52780 rows=3376545 fwd_ms=262632.4 eval=0 prior=0
[inst] req=5087232 hits=1705224 fwd=52865 rows=3381984 fwd_ms=263032.8 eval=0 prior=0
[inst] req=5095424 hits=1707879 fwd=52951 rows=3387488 fwd_ms=263437.6 eval=0 prior=0
[inst] req=5103616 hits=1710676 fwd=53036 rows=3392927 fwd_ms=263837.8 eval=0 prior=0
[inst] req=5111808 hits=1713589 fwd=53118 rows=3398173 fwd_ms=264224.0 eval=0 prior=0
[inst] req=5120000 hits=1716417 fwd=53202 rows=3403548 fwd_ms=264619.5 eval=0 prior=0
[inst] req=5128192 hits=1719053 fwd=53289 rows=3409116 fwd_ms=265028.9 eval=0 prior=0
[inst] req=5136384 hits=1721888 fwd=53373 rows=3414491 fwd_ms=265424.0 eval=0 prior=0
[inst] req=5144576 hits=1724669 fwd=53457 rows=3419866 fwd_ms=265819.5 eval=0 prior=0
[inst] req=5152768 hits=1727506 fwd=53541 rows=3425241 fwd_ms=266214.7 eval=0 prior=0
[inst] req=5160960 hits=1730240 fwd=53626 rows=3430681 fwd_ms=266614.5 eval=0 prior=0
[inst] req=5169152 hits=1732944 fwd=53712 rows=3436185 fwd_ms=267019.2 eval=0 prior=0
[inst] req=5177344 hits=1735700 fwd=53797 rows=3441625 fwd_ms=267419.4 eval=0 prior=0
[inst] req=5185536 hits=1738555 fwd=53880 rows=3446937 fwd_ms=267810.1 eval=0 prior=0
[inst] req=5193728 hits=1741245 fwd=53966 rows=3452441 fwd_ms=268214.8 eval=0 prior=0
[inst] req=5201920 hits=1744059 fwd=54050 rows=3457816 fwd_ms=268610.0 eval=0 prior=0
[inst] req=5210112 hits=1746764 fwd=54136 rows=3463320 fwd_ms=269015.0 eval=0 prior=0
[inst] req=5218304 hits=1749472 fwd=54222 rows=3468824 fwd_ms=269420.0 eval=0 prior=0
[inst] req=5226496 hits=1752264 fwd=54306 rows=3474200 fwd_ms=269815.7 eval=0 prior=0
[inst] req=5234688 hits=1754932 fwd=54392 rows=3479704 fwd_ms=270220.6 eval=0 prior=0
[inst] req=5242880 hits=1757749 fwd=54476 rows=3485079 fwd_ms=270616.4 eval=0 prior=0
[inst] req=5251072 hits=1760513 fwd=54561 rows=3490518 fwd_ms=271017.1 eval=0 prior=0
[inst] req=5259264 hits=1763629 fwd=54640 rows=3495571 fwd_ms=271389.4 eval=0 prior=0
[inst] req=5267456 hits=1766373 fwd=54726 rows=3501074 fwd_ms=271794.4 eval=0 prior=0
[inst] req=5275648 hits=1769278 fwd=54808 rows=3506309 fwd_ms=272197.8 eval=0 prior=0
[inst] req=5283840 hits=1771967 fwd=54894 rows=3511813 fwd_ms=272602.6 eval=0 prior=0
[inst] req=5292032 hits=1774913 fwd=54976 rows=3517059 fwd_ms=272989.0 eval=0 prior=0
[inst] req=5300224 hits=1777575 fwd=55063 rows=3522626 fwd_ms=273398.7 eval=0 prior=0
[inst] req=5308416 hits=1780372 fwd=55147 rows=3528002 fwd_ms=273794.3 eval=0 prior=0
[inst] req=5316608 hits=1783037 fwd=55234 rows=3533570 fwd_ms=274204.2 eval=0 prior=0
[inst] req=5324800 hits=1785694 fwd=55320 rows=3539074 fwd_ms=274609.4 eval=0 prior=0
[inst] req=5332992 hits=1788358 fwd=55406 rows=3544578 fwd_ms=275014.7 eval=0 prior=0
[inst] req=5341184 hits=1791151 fwd=55491 rows=3550016 fwd_ms=275415.2 eval=0 prior=0
[inst] req=5349376 hits=1793984 fwd=55575 rows=3555391 fwd_ms=275811.0 eval=0 prior=0
[inst] req=5357568 hits=1796965 fwd=55656 rows=3560573 fwd_ms=276192.8 eval=0 prior=0
[inst] req=5365760 hits=1799666 fwd=55742 rows=3566077 fwd_ms=276598.4 eval=0 prior=0
[inst] req=5373952 hits=1802354 fwd=55828 rows=3571581 fwd_ms=277003.5 eval=0 prior=0
[inst] req=5382144 hits=1804970 fwd=55915 rows=3577149 fwd_ms=277413.0 eval=0 prior=0
[inst] req=5390336 hits=1807676 fwd=56001 rows=3582653 fwd_ms=277818.2 eval=0 prior=0
[inst] req=5398528 hits=1810303 fwd=56088 rows=3588221 fwd_ms=278227.7 eval=0 prior=0
[inst] req=5406720 hits=1812963 fwd=56174 rows=3593725 fwd_ms=278632.3 eval=0 prior=0
[inst] req=5414912 hits=1815673 fwd=56260 rows=3599229 fwd_ms=279037.2 eval=0 prior=0
[inst] req=5423104 hits=1818441 fwd=56344 rows=3604605 fwd_ms=279432.8 eval=0 prior=0
[inst] req=5431296 hits=1821310 fwd=56428 rows=3609978 fwd_ms=279828.7 eval=0 prior=0
[inst] req=5439488 hits=1824116 fwd=56512 rows=3615353 fwd_ms=280224.4 eval=0 prior=0
[inst] req=5447680 hits=1826830 fwd=56597 rows=3620793 fwd_ms=280624.7 eval=0 prior=0
[inst] req=5455872 hits=1829517 fwd=56683 rows=3626297 fwd_ms=281030.2 eval=0 prior=0
[inst] req=5464064 hits=1832342 fwd=56767 rows=3631672 fwd_ms=281426.9 eval=0 prior=0
[inst] req=5472256 hits=1835090 fwd=56852 rows=3637112 fwd_ms=281827.4 eval=0 prior=0
[inst] req=5480448 hits=1837926 fwd=56936 rows=3642488 fwd_ms=282223.2 eval=0 prior=0
[inst] req=5488640 hits=1840832 fwd=57019 rows=3647798 fwd_ms=282614.5 eval=0 prior=0
[inst] req=5496832 hits=1843738 fwd=57101 rows=3653045 fwd_ms=283001.1 eval=0 prior=0
[inst] req=5505024 hits=1846551 fwd=57185 rows=3658420 fwd_ms=283397.0 eval=0 prior=0
[inst] req=5513216 hits=1849410 fwd=57269 rows=3663795 fwd_ms=283792.8 eval=0 prior=0
[inst] req=5521408 hits=1852336 fwd=57351 rows=3669041 fwd_ms=284179.4 eval=0 prior=0
[inst] req=5529600 hits=1855183 fwd=57434 rows=3674353 fwd_ms=284570.5 eval=0 prior=0
[inst] req=5537792 hits=1857977 fwd=57519 rows=3679793 fwd_ms=284970.7 eval=0 prior=0
[inst] req=5545984 hits=1860762 fwd=57603 rows=3685169 fwd_ms=285366.5 eval=0 prior=0
[inst] req=5554176 hits=1863616 fwd=57687 rows=3690529 fwd_ms=285761.5 eval=0 prior=0
[inst] req=5562368 hits=1866630 fwd=57768 rows=3695712 fwd_ms=286143.4 eval=0 prior=0
[inst] req=5570560 hits=1869298 fwd=57854 rows=3701216 fwd_ms=286548.3 eval=0 prior=0
[inst] req=5578752 hits=1871880 fwd=57942 rows=3706848 fwd_ms=286962.7 eval=0 prior=0
[inst] req=5586944 hits=1874582 fwd=58028 rows=3712352 fwd_ms=287367.7 eval=0 prior=0
[inst] req=5595136 hits=1877467 fwd=58111 rows=3717662 fwd_ms=287758.6 eval=0 prior=0
[inst] req=5603328 hits=1880168 fwd=58196 rows=3723102 fwd_ms=288159.0 eval=0 prior=0
[inst] req=5611520 hits=1883098 fwd=58279 rows=3728410 fwd_ms=288550.2 eval=0 prior=0
[inst] req=5619712 hits=1885884 fwd=58363 rows=3733786 fwd_ms=288945.9 eval=0 prior=0
[inst] req=5627904 hits=1888594 fwd=58449 rows=3739290 fwd_ms=289350.7 eval=0 prior=0
[inst] req=5636096 hits=1891171 fwd=58537 rows=3744922 fwd_ms=289766.5 eval=0 prior=0
[inst] req=5644288 hits=1893824 fwd=58623 rows=3750426 fwd_ms=290175.0 eval=0 prior=0
[inst] req=5652480 hits=1896593 fwd=58708 rows=3755866 fwd_ms=290578.3 eval=0 prior=0
[inst] req=5660672 hits=1899635 fwd=58788 rows=3760979 fwd_ms=290957.9 eval=0 prior=0
[inst] req=5668864 hits=1902447 fwd=58872 rows=3766355 fwd_ms=291356.1 eval=0 prior=0
[inst] req=5677056 hits=1905327 fwd=58955 rows=3771666 fwd_ms=291749.9 eval=0 prior=0
[inst] req=5685248 hits=1908391 fwd=59036 rows=3776848 fwd_ms=292134.1 eval=0 prior=0
[inst] req=5693440 hits=1911030 fwd=59122 rows=3782352 fwd_ms=292541.7 eval=0 prior=0
[inst] req=5701632 hits=1913704 fwd=59209 rows=3787920 fwd_ms=292954.1 eval=0 prior=0
[inst] req=5709824 hits=1916476 fwd=59293 rows=3793295 fwd_ms=293353.0 eval=0 prior=0
[inst] req=5718016 hits=1919216 fwd=59379 rows=3798799 fwd_ms=293759.7 eval=0 prior=0
[inst] req=5726208 hits=1922001 fwd=59463 rows=3804175 fwd_ms=294155.2 eval=0 prior=0
[inst] req=5734400 hits=1924700 fwd=59549 rows=3809679 fwd_ms=294560.4 eval=0 prior=0
[inst] req=5742592 hits=1927469 fwd=59634 rows=3815118 fwd_ms=294961.0 eval=0 prior=0
[inst] req=5750784 hits=1930205 fwd=59719 rows=3820558 fwd_ms=295361.8 eval=0 prior=0
[inst] req=5758976 hits=1932961 fwd=59804 rows=3825998 fwd_ms=295762.8 eval=0 prior=0
[inst] req=5767168 hits=1935626 fwd=59890 rows=3831502 fwd_ms=296168.5 eval=0 prior=0
[inst] req=5775360 hits=1938337 fwd=59976 rows=3837006 fwd_ms=296573.8 eval=0 prior=0
[inst] req=5783552 hits=1941173 fwd=60059 rows=3842316 fwd_ms=296965.5 eval=0 prior=0
[inst] req=5791744 hits=1943964 fwd=60144 rows=3847755 fwd_ms=297367.0 eval=0 prior=0
[inst] req=5799936 hits=1946662 fwd=60230 rows=3853259 fwd_ms=297772.8 eval=0 prior=0
[inst] req=5808128 hits=1949397 fwd=60315 rows=3858699 fwd_ms=298173.9 eval=0 prior=0
[inst] req=5816320 hits=1952045 fwd=60402 rows=3864267 fwd_ms=298584.1 eval=0 prior=0
[inst] req=5824512 hits=1954806 fwd=60486 rows=3869643 fwd_ms=298980.2 eval=0 prior=0
[inst] req=5832704 hits=1957585 fwd=60571 rows=3875083 fwd_ms=299381.3 eval=0 prior=0
[inst] req=5840896 hits=1960390 fwd=60655 rows=3880458 fwd_ms=299777.2 eval=0 prior=0
[inst] req=5849088 hits=1963077 fwd=60741 rows=3885962 fwd_ms=300182.4 eval=0 prior=0
[inst] req=5857280 hits=1965765 fwd=60827 rows=3891466 fwd_ms=300587.5 eval=0 prior=0
[inst] req=5865472 hits=1968587 fwd=60911 rows=3896841 fwd_ms=300983.4 eval=0 prior=0
[inst] req=5873664 hits=1971572 fwd=60993 rows=3902087 fwd_ms=301370.1 eval=0 prior=0
[inst] req=5881856 hits=1974211 fwd=61079 rows=3907591 fwd_ms=301775.0 eval=0 prior=0
[inst] req=5890048 hits=1976966 fwd=61164 rows=3913031 fwd_ms=302174.8 eval=0 prior=0
[inst] req=5898240 hits=1979566 fwd=61252 rows=3918663 fwd_ms=302589.1 eval=0 prior=0
[inst] req=5906432 hits=1982231 fwd=61338 rows=3924167 fwd_ms=302993.9 eval=0 prior=0
[inst] req=5914624 hits=1985002 fwd=61423 rows=3929606 fwd_ms=303394.5 eval=0 prior=0
[inst] req=5922816 hits=1987783 fwd=61507 rows=3934982 fwd_ms=303790.2 eval=0 prior=0
[inst] req=5931008 hits=1990628 fwd=61591 rows=3940357 fwd_ms=304186.6 eval=0 prior=0
[inst] req=5939200 hits=1993416 fwd=61675 rows=3945732 fwd_ms=304582.6 eval=0 prior=0
[inst] req=5947392 hits=1996098 fwd=61761 rows=3951236 fwd_ms=304987.5 eval=0 prior=0
[inst] req=5955584 hits=1998809 fwd=61847 rows=3956740 fwd_ms=305392.7 eval=0 prior=0
[inst] req=5963776 hits=2001432 fwd=61934 rows=3962308 fwd_ms=305802.4 eval=0 prior=0
[inst] req=5971968 hits=2004191 fwd=62019 rows=3967748 fwd_ms=306202.6 eval=0 prior=0
[inst] req=5980160 hits=2006997 fwd=62103 rows=3973123 fwd_ms=306598.5 eval=0 prior=0
[inst] req=5988352 hits=2009818 fwd=62187 rows=3978498 fwd_ms=306994.1 eval=0 prior=0
[inst] req=5996544 hits=2012531 fwd=62273 rows=3984002 fwd_ms=307399.2 eval=0 prior=0
[inst] req=6004736 hits=2015347 fwd=62357 rows=3989377 fwd_ms=307795.3 eval=0 prior=0
[inst] req=6012928 hits=2018017 fwd=62443 rows=3994881 fwd_ms=308200.7 eval=0 prior=0
[inst] req=6021120 hits=2020769 fwd=62528 rows=4000321 fwd_ms=308601.7 eval=0 prior=0
[inst] req=6029312 hits=2023560 fwd=62612 rows=4005694 fwd_ms=308997.8 eval=0 prior=0
[inst] req=6037504 hits=2026459 fwd=62695 rows=4011003 fwd_ms=309389.4 eval=0 prior=0
[inst] req=6045696 hits=2029088 fwd=62782 rows=4016571 fwd_ms=309799.6 eval=0 prior=0
[inst] req=6053888 hits=2031747 fwd=62869 rows=4022139 fwd_ms=310209.4 eval=0 prior=0
[inst] req=6062080 hits=2034592 fwd=62952 rows=4027450 fwd_ms=310600.7 eval=0 prior=0
[inst] req=6070272 hits=2037334 fwd=63037 rows=4032890 fwd_ms=311001.5 eval=0 prior=0
[inst] req=6078464 hits=2040154 fwd=63121 rows=4038264 fwd_ms=311398.0 eval=0 prior=0
[inst] req=6086656 hits=2042911 fwd=63206 rows=4043704 fwd_ms=311799.0 eval=0 prior=0
[inst] req=6094848 hits=2045780 fwd=63289 rows=4049015 fwd_ms=312190.6 eval=0 prior=0
[inst] req=6103040 hits=2048550 fwd=63374 rows=4054454 fwd_ms=312591.4 eval=0 prior=0
[inst] req=6111232 hits=2051225 fwd=63460 rows=4059958 fwd_ms=312996.4 eval=0 prior=0
[inst] req=6119424 hits=2053942 fwd=63546 rows=4065462 fwd_ms=313401.7 eval=0 prior=0
[inst] req=6127616 hits=2056671 fwd=63631 rows=4070902 fwd_ms=313802.6 eval=0 prior=0
[inst] req=6135808 hits=2059433 fwd=63716 rows=4076341 fwd_ms=314203.9 eval=0 prior=0
[inst] req=6144000 hits=2062280 fwd=63800 rows=4081717 fwd_ms=314599.9 eval=0 prior=0
[inst] req=6152192 hits=2065197 fwd=63882 rows=4086965 fwd_ms=314986.6 eval=0 prior=0
[inst] req=6160384 hits=2067905 fwd=63968 rows=4092469 fwd_ms=315392.6 eval=0 prior=0
[inst] req=6168576 hits=2070571 fwd=64054 rows=4097973 fwd_ms=315797.9 eval=0 prior=0
[inst] req=6176768 hits=2073197 fwd=64141 rows=4103541 fwd_ms=316208.7 eval=0 prior=0
[inst] req=6184960 hits=2075856 fwd=64227 rows=4109045 fwd_ms=316614.3 eval=0 prior=0
[inst] req=6193152 hits=2078563 fwd=64313 rows=4114549 fwd_ms=317019.5 eval=0 prior=0
[inst] req=6201344 hits=2081312 fwd=64398 rows=4119989 fwd_ms=317419.9 eval=0 prior=0
[inst] req=6209536 hits=2084133 fwd=64482 rows=4125354 fwd_ms=317817.5 eval=0 prior=0
[inst] req=6217728 hits=2087058 fwd=64565 rows=4130666 fwd_ms=318210.8 eval=0 prior=0
[inst] req=6225920 hits=2089748 fwd=64651 rows=4136170 fwd_ms=318618.1 eval=0 prior=0
[inst] req=6234112 hits=2092487 fwd=64736 rows=4141610 fwd_ms=319020.4 eval=0 prior=0
[inst] req=6242304 hits=2095322 fwd=64819 rows=4146922 fwd_ms=319413.3 eval=0 prior=0
[inst] req=6250496 hits=2098231 fwd=64902 rows=4152226 fwd_ms=319806.1 eval=0 prior=0
[inst] req=6258688 hits=2100898 fwd=64988 rows=4157730 fwd_ms=320213.1 eval=0 prior=0
[inst] req=6266880 hits=2103672 fwd=65073 rows=4163170 fwd_ms=320614.1 eval=0 prior=0
[inst] req=6275072 hits=2106385 fwd=65159 rows=4168664 fwd_ms=321019.9 eval=0 prior=0
[inst] req=6283264 hits=2109278 fwd=65242 rows=4173971 fwd_ms=321411.9 eval=0 prior=0
[inst] req=6291456 hits=2112119 fwd=65325 rows=4179276 fwd_ms=321803.6 eval=0 prior=0
[inst] req=6299648 hits=2114910 fwd=65410 rows=4184704 fwd_ms=322570.2 eval=0 prior=0
[inst] req=6307840 hits=2117694 fwd=65495 rows=4190116 fwd_ms=328023.0 eval=0 prior=0
[inst] req=6316032 hits=2120586 fwd=65578 rows=4195394 fwd_ms=331778.4 eval=0 prior=0
[inst] req=6324224 hits=2123545 fwd=65661 rows=4200655 fwd_ms=334792.5 eval=0 prior=0
[inst] req=6332416 hits=2126338 fwd=65746 rows=4206025 fwd_ms=335767.5 eval=0 prior=0
[inst] req=6340608 hits=2128457 fwd=65846 rows=4212122 fwd_ms=336356.5 eval=0 prior=0
[inst] req=6348800 hits=2131215 fwd=65931 rows=4217562 fwd_ms=336758.3 eval=0 prior=0
[inst] req=6356992 hits=2134089 fwd=66014 rows=4222874 fwd_ms=337150.5 eval=0 prior=0
[inst] req=6365184 hits=2137022 fwd=66096 rows=4228122 fwd_ms=337537.7 eval=0 prior=0
[inst] req=6373376 hits=2139924 fwd=66179 rows=4233434 fwd_ms=337930.3 eval=0 prior=0
[inst] req=6381568 hits=2142776 fwd=66262 rows=4238746 fwd_ms=338323.0 eval=0 prior=0
[inst] req=6389760 hits=2145522 fwd=66347 rows=4244186 fwd_ms=338724.8 eval=0 prior=0
[inst] req=6397952 hits=2148241 fwd=66433 rows=4249690 fwd_ms=339131.0 eval=0 prior=0
[inst] req=6406144 hits=2151036 fwd=66517 rows=4255066 fwd_ms=339527.9 eval=0 prior=0
[inst] req=6414336 hits=2153836 fwd=66601 rows=4260441 fwd_ms=339925.0 eval=0 prior=0
[inst] req=6422528 hits=2156692 fwd=66685 rows=4265811 fwd_ms=340321.1 eval=0 prior=0
[inst] req=6430720 hits=2159504 fwd=66769 rows=4271187 fwd_ms=340717.5 eval=0 prior=0
[inst] req=6438912 hits=2162424 fwd=66851 rows=4276434 fwd_ms=341104.8 eval=0 prior=0
[inst] req=6447104 hits=2165188 fwd=66936 rows=4281874 fwd_ms=341505.3 eval=0 prior=0
[inst] req=6455296 hits=2168087 fwd=67019 rows=4287186 fwd_ms=341896.3 eval=0 prior=0
[inst] req=6463488 hits=2170876 fwd=67103 rows=4292562 fwd_ms=342291.9 eval=0 prior=0
[inst] req=6471680 hits=2173767 fwd=67186 rows=4297873 fwd_ms=342683.3 eval=0 prior=0
[inst] req=6479872 hits=2176515 fwd=67271 rows=4303313 fwd_ms=343083.6 eval=0 prior=0
[inst] req=6488064 hits=2179292 fwd=67356 rows=4308753 fwd_ms=343483.9 eval=0 prior=0
[inst] req=6496256 hits=2182085 fwd=67440 rows=4314128 fwd_ms=343880.0 eval=0 prior=0
[inst] req=6504448 hits=2184906 fwd=67524 rows=4319504 fwd_ms=344275.6 eval=0 prior=0
[inst] req=6512640 hits=2187712 fwd=67608 rows=4324878 fwd_ms=344671.7 eval=0 prior=0
[inst] req=6520832 hits=2190496 fwd=67693 rows=4330318 fwd_ms=345072.0 eval=0 prior=0
[inst] req=6529024 hits=2193358 fwd=67776 rows=4335630 fwd_ms=345462.7 eval=0 prior=0
[inst] req=6537216 hits=2196370 fwd=67857 rows=4340813 fwd_ms=345843.8 eval=0 prior=0
[inst] req=6545408 hits=2199199 fwd=67941 rows=4346189 fwd_ms=346239.0 eval=0 prior=0
[inst] req=6553600 hits=2202109 fwd=68023 rows=4351436 fwd_ms=346625.1 eval=0 prior=0
[inst] req=6561792 hits=2204860 fwd=68108 rows=4356876 fwd_ms=347025.4 eval=0 prior=0
[inst] req=6569984 hits=2207827 fwd=68190 rows=4362124 fwd_ms=347411.1 eval=0 prior=0
[inst] req=6578176 hits=2210789 fwd=68272 rows=4367372 fwd_ms=347796.9 eval=0 prior=0
[inst] req=6586368 hits=2213665 fwd=68355 rows=4372684 fwd_ms=348187.3 eval=0 prior=0
[inst] req=6594560 hits=2216529 fwd=68438 rows=4377996 fwd_ms=348577.4 eval=0 prior=0
[inst] req=6602752 hits=2219363 fwd=68522 rows=4383372 fwd_ms=348972.0 eval=0 prior=0
[inst] req=6610944 hits=2222163 fwd=68606 rows=4388748 fwd_ms=349366.8 eval=0 prior=0
[inst] req=6619136 hits=2225253 fwd=68686 rows=4393867 fwd_ms=349743.0 eval=0 prior=0
[inst] req=6627328 hits=2228159 fwd=68768 rows=4399115 fwd_ms=350128.8 eval=0 prior=0
[inst] req=6635520 hits=2231060 fwd=68851 rows=4404427 fwd_ms=350518.9 eval=0 prior=0
[inst] req=6643712 hits=2233867 fwd=68935 rows=4409803 fwd_ms=350913.7 eval=0 prior=0
[inst] req=6651904 hits=2236825 fwd=69017 rows=4415050 fwd_ms=351299.4 eval=0 prior=0
[inst] req=6660096 hits=2239696 fwd=69100 rows=4420362 fwd_ms=351690.1 eval=0 prior=0
[inst] req=6668288 hits=2242852 fwd=69179 rows=4425413 fwd_ms=352061.5 eval=0 prior=0
[inst] req=6676480 hits=2245898 fwd=69259 rows=4430533 fwd_ms=352438.0 eval=0 prior=0
[inst] req=6684672 hits=2248775 fwd=69342 rows=4435845 fwd_ms=352827.9 eval=0 prior=0
[inst] req=6692864 hits=2251558 fwd=69428 rows=4441278 fwd_ms=353244.5 eval=0 prior=0
[inst] req=6701056 hits=2254382 fwd=69512 rows=4446654 fwd_ms=353639.3 eval=0 prior=0
[inst] req=6709248 hits=2257335 fwd=69594 rows=4451898 fwd_ms=354025.0 eval=0 prior=0
[inst] req=6717440 hits=2260372 fwd=69674 rows=4457018 fwd_ms=354400.8 eval=0 prior=0
[inst] req=6725632 hits=2263287 fwd=69757 rows=4462330 fwd_ms=354807.7 eval=0 prior=0
[inst] req=6733824 hits=2266241 fwd=69839 rows=4467577 fwd_ms=355203.7 eval=0 prior=0
[inst] req=6742016 hits=2269207 fwd=69920 rows=4472761 fwd_ms=355594.7 eval=0 prior=0
[inst] req=6750208 hits=2272149 fwd=70002 rows=4478009 fwd_ms=355983.3 eval=0 prior=0
[inst] req=6758400 hits=2275048 fwd=70085 rows=4483321 fwd_ms=356379.4 eval=0 prior=0
[inst] req=6766592 hits=2278023 fwd=70166 rows=4488505 fwd_ms=356762.5 eval=0 prior=0
[inst] req=6774784 hits=2281018 fwd=70248 rows=4493753 fwd_ms=357148.5 eval=0 prior=0
[inst] req=6782976 hits=2284056 fwd=70328 rows=4498865 fwd_ms=357525.6 eval=0 prior=0
[inst] req=6791168 hits=2286947 fwd=70411 rows=4504177 fwd_ms=357916.9 eval=0 prior=0
[inst] req=6799360 hits=2289960 fwd=70492 rows=4509360 fwd_ms=358299.0 eval=0 prior=0
[inst] req=6807552 hits=2293027 fwd=70572 rows=4514479 fwd_ms=358676.2 eval=0 prior=0
[inst] req=6815744 hits=2295882 fwd=70656 rows=4519855 fwd_ms=359072.2 eval=0 prior=0
[inst] req=6823936 hits=2298970 fwd=70735 rows=4524909 fwd_ms=359445.1 eval=0 prior=0
[inst] req=6832128 hits=2301857 fwd=70818 rows=4530220 fwd_ms=359836.9 eval=0 prior=0
[inst] req=6840320 hits=2304756 fwd=70901 rows=4535531 fwd_ms=360228.0 eval=0 prior=0
[inst] req=6848512 hits=2307698 fwd=70983 rows=4540779 fwd_ms=360614.5 eval=0 prior=0
[inst] req=6856704 hits=2310494 fwd=71067 rows=4546155 fwd_ms=361010.7 eval=0 prior=0
[inst] req=6864896 hits=2313477 fwd=71149 rows=4551401 fwd_ms=361397.6 eval=0 prior=0
[inst] req=6873088 hits=2316665 fwd=71227 rows=4556389 fwd_ms=361765.7 eval=0 prior=0
[inst] req=6881280 hits=2319552 fwd=71310 rows=4561700 fwd_ms=362157.1 eval=0 prior=0
[inst] req=6889472 hits=2322404 fwd=71393 rows=4567012 fwd_ms=362548.4 eval=0 prior=0
[inst] req=6897664 hits=2325190 fwd=71478 rows=4572452 fwd_ms=362949.2 eval=0 prior=0
[inst] req=6905856 hits=2327947 fwd=71563 rows=4577884 fwd_ms=363350.3 eval=0 prior=0
[inst] req=6914048 hits=2330777 fwd=71647 rows=4583260 fwd_ms=363746.3 eval=0 prior=0
[inst] req=6922240 hits=2333567 fwd=71731 rows=4588636 fwd_ms=364141.9 eval=0 prior=0
[inst] req=6930432 hits=2336422 fwd=71814 rows=4593948 fwd_ms=364533.6 eval=0 prior=0
[inst] req=6938624 hits=2339326 fwd=71897 rows=4599260 fwd_ms=364924.6 eval=0 prior=0
[inst] req=6946816 hits=2342346 fwd=71978 rows=4604443 fwd_ms=365306.5 eval=0 prior=0
[inst] req=6955008 hits=2345267 fwd=72060 rows=4609691 fwd_ms=365693.1 eval=0 prior=0
[inst] req=6963200 hits=2348052 fwd=72145 rows=4615131 fwd_ms=366093.9 eval=0 prior=0
[inst] req=6971392 hits=2350911 fwd=72228 rows=4620443 fwd_ms=366485.4 eval=0 prior=0
[inst] req=6979584 hits=2353711 fwd=72312 rows=4625819 fwd_ms=366882.0 eval=0 prior=0
[inst] req=6987776 hits=2356562 fwd=72396 rows=4631194 fwd_ms=367278.4 eval=0 prior=0
[inst] req=6995968 hits=2359594 fwd=72476 rows=4636313 fwd_ms=367656.2 eval=0 prior=0
[inst] req=7004160 hits=2362386 fwd=72561 rows=4641753 fwd_ms=368057.2 eval=0 prior=0
[inst] req=7012352 hits=2365291 fwd=72643 rows=4647000 fwd_ms=368444.0 eval=0 prior=0
[inst] req=7020544 hits=2368083 fwd=72728 rows=4652440 fwd_ms=368845.2 eval=0 prior=0
[inst] req=7028736 hits=2370938 fwd=72811 rows=4657752 fwd_ms=369237.5 eval=0 prior=0
[inst] req=7036928 hits=2373766 fwd=72895 rows=4663127 fwd_ms=369634.1 eval=0 prior=0
[inst] req=7045120 hits=2376711 fwd=72977 rows=4668375 fwd_ms=370021.5 eval=0 prior=0
[inst] req=7053312 hits=2379618 fwd=73060 rows=4673687 fwd_ms=370413.5 eval=0 prior=0
[inst] req=7061504 hits=2382520 fwd=73142 rows=4678935 fwd_ms=370800.7 eval=0 prior=0
[inst] req=7069696 hits=2385409 fwd=73225 rows=4684233 fwd_ms=371191.3 eval=0 prior=0
[inst] req=7077888 hits=2388195 fwd=73310 rows=4689673 fwd_ms=371592.3 eval=0 prior=0
[inst] req=7086080 hits=2391000 fwd=73394 rows=4695049 fwd_ms=371989.0 eval=0 prior=0
[inst] req=7094272 hits=2393845 fwd=73478 rows=4700425 fwd_ms=372385.4 eval=0 prior=0
[inst] req=7102464 hits=2396663 fwd=73561 rows=4705737 fwd_ms=372776.8 eval=0 prior=0
[inst] req=7110656 hits=2399505 fwd=73645 rows=4711113 fwd_ms=373173.0 eval=0 prior=0
[inst] req=7118848 hits=2402529 fwd=73726 rows=4716296 fwd_ms=373555.2 eval=0 prior=0
[inst] req=7127040 hits=2405549 fwd=73807 rows=4721464 fwd_ms=373937.0 eval=0 prior=0
[inst] req=7135232 hits=2408641 fwd=73887 rows=4726582 fwd_ms=374314.4 eval=0 prior=0
[inst] req=7143424 hits=2411537 fwd=73969 rows=4731830 fwd_ms=374700.6 eval=0 prior=0
[inst] req=7151616 hits=2414375 fwd=74053 rows=4737206 fwd_ms=375096.2 eval=0 prior=0
[inst] req=7159808 hits=2417423 fwd=74133 rows=4742323 fwd_ms=375473.4 eval=0 prior=0
[inst] req=7168000 hits=2420268 fwd=74217 rows=4747699 fwd_ms=375869.8 eval=0 prior=0
[inst] req=7176192 hits=2423342 fwd=74297 rows=4752818 fwd_ms=376247.5 eval=0 prior=0
[inst] req=7184384 hits=2426216 fwd=74380 rows=4758130 fwd_ms=376639.1 eval=0 prior=0
[inst] req=7192576 hits=2429095 fwd=74463 rows=4763442 fwd_ms=377030.4 eval=0 prior=0
[inst] req=7200768 hits=2431946 fwd=74547 rows=4768818 fwd_ms=377426.0 eval=0 prior=0
[inst] req=7208960 hits=2434793 fwd=74630 rows=4774130 fwd_ms=377817.1 eval=0 prior=0
[inst] req=7217152 hits=2437881 fwd=74710 rows=4779244 fwd_ms=378193.8 eval=0 prior=0
[inst] req=7225344 hits=2440792 fwd=74792 rows=4784491 fwd_ms=378580.1 eval=0 prior=0
[inst] req=7233536 hits=2443704 fwd=74875 rows=4789803 fwd_ms=378970.8 eval=0 prior=0
[inst] req=7241728 hits=2446591 fwd=74958 rows=4795115 fwd_ms=379361.6 eval=0 prior=0
[inst] req=7249920 hits=2449528 fwd=75040 rows=4800362 fwd_ms=379748.1 eval=0 prior=0
[inst] req=7258112 hits=2452409 fwd=75123 rows=4805674 fwd_ms=380138.8 eval=0 prior=0
[inst] req=7266304 hits=2455537 fwd=75202 rows=4810729 fwd_ms=380511.3 eval=0 prior=0
[inst] req=7274496 hits=2458547 fwd=75283 rows=4815913 fwd_ms=380892.8 eval=0 prior=0
[inst] req=7282688 hits=2461536 fwd=75364 rows=4821096 fwd_ms=381274.3 eval=0 prior=0
[inst] req=7290880 hits=2464350 fwd=75448 rows=4826472 fwd_ms=381670.1 eval=0 prior=0
[inst] req=7299072 hits=2467439 fwd=75528 rows=4831591 fwd_ms=382047.1 eval=0 prior=0
[inst] req=7307264 hits=2470283 fwd=75612 rows=4836967 fwd_ms=382442.6 eval=0 prior=0
[inst] req=7315456 hits=2473289 fwd=75693 rows=4842151 fwd_ms=382824.0 eval=0 prior=0
[inst] req=7323648 hits=2476246 fwd=75775 rows=4847398 fwd_ms=383210.3 eval=0 prior=0
[inst] req=7331840 hits=2479161 fwd=75857 rows=4852646 fwd_ms=383596.5 eval=0 prior=0
[inst] req=7340032 hits=2482267 fwd=75937 rows=4857764 fwd_ms=383973.7 eval=0 prior=0
[inst] req=7348224 hits=2485268 fwd=76018 rows=4862947 fwd_ms=384355.6 eval=0 prior=0
[inst] req=7356416 hits=2488201 fwd=76100 rows=4868195 fwd_ms=384742.0 eval=0 prior=0
[inst] req=7364608 hits=2491178 fwd=76181 rows=4873379 fwd_ms=385123.8 eval=0 prior=0
[inst] req=7372800 hits=2494185 fwd=76262 rows=4878563 fwd_ms=385505.4 eval=0 prior=0
[inst] req=7380992 hits=2497226 fwd=76343 rows=4883740 fwd_ms=385886.8 eval=0 prior=0
[inst] req=7389184 hits=2500122 fwd=76426 rows=4889052 fwd_ms=386278.0 eval=0 prior=0
[inst] req=7397376 hits=2503164 fwd=76506 rows=4894169 fwd_ms=386654.9 eval=0 prior=0
[inst] req=7405568 hits=2506076 fwd=76589 rows=4899481 fwd_ms=387046.2 eval=0 prior=0
[inst] req=7413760 hits=2509034 fwd=76670 rows=4904665 fwd_ms=387428.0 eval=0 prior=0
[inst] req=7421952 hits=2511914 fwd=76753 rows=4909977 fwd_ms=387819.0 eval=0 prior=0
[inst] req=7430144 hits=2514948 fwd=76834 rows=4915160 fwd_ms=388200.9 eval=0 prior=0
[inst] req=7438336 hits=2517794 fwd=76918 rows=4920536 fwd_ms=388596.5 eval=0 prior=0
[inst] req=7446528 hits=2520674 fwd=77001 rows=4925848 fwd_ms=388987.4 eval=0 prior=0
[inst] req=7454720 hits=2523604 fwd=77083 rows=4931096 fwd_ms=389373.9 eval=0 prior=0
[inst] req=7462912 hits=2526600 fwd=77164 rows=4936280 fwd_ms=389755.6 eval=0 prior=0
[inst] req=7471104 hits=2529562 fwd=77246 rows=4941527 fwd_ms=390142.3 eval=0 prior=0
[inst] req=7479296 hits=2532625 fwd=77326 rows=4946647 fwd_ms=390519.7 eval=0 prior=0
[inst] req=7487488 hits=2535515 fwd=77409 rows=4951959 fwd_ms=390910.6 eval=0 prior=0
[inst] req=7495680 hits=2538414 fwd=77491 rows=4957207 fwd_ms=391297.0 eval=0 prior=0
[inst] req=7503872 hits=2541309 fwd=77574 rows=4962519 fwd_ms=391688.0 eval=0 prior=0
[inst] req=7512064 hits=2544498 fwd=77652 rows=4967509 fwd_ms=392055.7 eval=0 prior=0
[inst] req=7520256 hits=2547416 fwd=77735 rows=4972821 fwd_ms=392447.1 eval=0 prior=0
[inst] req=7528448 hits=2550377 fwd=77817 rows=4978069 fwd_ms=392833.7 eval=0 prior=0
[inst] req=7536640 hits=2553340 fwd=77898 rows=4983252 fwd_ms=393215.7 eval=0 prior=0
[inst] req=7544832 hits=2556211 fwd=77981 rows=4988564 fwd_ms=393606.8 eval=0 prior=0
[inst] req=7553024 hits=2559118 fwd=78064 rows=4993876 fwd_ms=393998.5 eval=0 prior=0
[inst] req=7561216 hits=2562006 fwd=78147 rows=4999182 fwd_ms=394389.8 eval=0 prior=0
[inst] req=7569408 hits=2564794 fwd=78231 rows=5004558 fwd_ms=394785.8 eval=0 prior=0
[inst] req=7577600 hits=2567736 fwd=78313 rows=5009806 fwd_ms=395174.5 eval=0 prior=0
[inst] req=7585792 hits=2570694 fwd=78395 rows=5015054 fwd_ms=395561.3 eval=0 prior=0
[inst] req=7593984 hits=2573498 fwd=78479 rows=5020430 fwd_ms=395957.4 eval=0 prior=0
[inst] req=7602176 hits=2576621 fwd=78559 rows=5025549 fwd_ms=396334.7 eval=0 prior=0
[inst] req=7610368 hits=2579505 fwd=78642 rows=5030861 fwd_ms=396726.2 eval=0 prior=0
[inst] req=7618560 hits=2582520 fwd=78722 rows=5035981 fwd_ms=397103.4 eval=0 prior=0
[inst] req=7626752 hits=2585356 fwd=78806 rows=5041357 fwd_ms=397499.8 eval=0 prior=0
[inst] req=7634944 hits=2588473 fwd=78885 rows=5046412 fwd_ms=397873.4 eval=0 prior=0
[inst] req=7643136 hits=2591311 fwd=78969 rows=5051788 fwd_ms=398270.8 eval=0 prior=0
[inst] req=7651328 hits=2594316 fwd=79050 rows=5056971 fwd_ms=398656.1 eval=0 prior=0
[inst] req=7659520 hits=2597484 fwd=79129 rows=5062024 fwd_ms=399032.4 eval=0 prior=0
[inst] req=7667712 hits=2600391 fwd=79211 rows=5067271 fwd_ms=399421.6 eval=0 prior=0
[inst] req=7675904 hits=2603137 fwd=79296 rows=5072711 fwd_ms=399822.8 eval=0 prior=0
[inst] req=7684096 hits=2606010 fwd=79379 rows=5078023 fwd_ms=400214.1 eval=0 prior=0
[inst] req=7692288 hits=2608882 fwd=79463 rows=5083399 fwd_ms=400609.9 eval=0 prior=0
[inst] req=7700480 hits=2611793 fwd=79545 rows=5088647 fwd_ms=400996.6 eval=0 prior=0
[inst] req=7708672 hits=2614459 fwd=79631 rows=5094151 fwd_ms=401402.8 eval=0 prior=0
[inst] req=7716864 hits=2617340 fwd=79714 rows=5099462 fwd_ms=401796.0 eval=0 prior=0
[inst] req=7725056 hits=2620167 fwd=79798 rows=5104838 fwd_ms=402193.4 eval=0 prior=0
[inst] req=7733248 hits=2622971 fwd=79882 rows=5110214 fwd_ms=402589.5 eval=0 prior=0
[inst] req=7741440 hits=2625837 fwd=79966 rows=5115590 fwd_ms=402985.4 eval=0 prior=0
[inst] req=7749632 hits=2628627 fwd=80050 rows=5120966 fwd_ms=403381.2 eval=0 prior=0
[inst] req=7757824 hits=2631470 fwd=80134 rows=5126342 fwd_ms=403777.1 eval=0 prior=0
[inst] req=7766016 hits=2634366 fwd=80216 rows=5131590 fwd_ms=404163.6 eval=0 prior=0
[inst] req=7774208 hits=2637252 fwd=80299 rows=5136902 fwd_ms=404555.4 eval=0 prior=0
[inst] req=7782400 hits=2640242 fwd=80381 rows=5142149 fwd_ms=404942.8 eval=0 prior=0
[inst] req=7790592 hits=2643131 fwd=80463 rows=5147397 fwd_ms=405329.9 eval=0 prior=0
[inst] req=7798784 hits=2645966 fwd=80547 rows=5152773 fwd_ms=405726.3 eval=0 prior=0
[inst] req=7806976 hits=2648777 fwd=80631 rows=5158149 fwd_ms=406122.4 eval=0 prior=0
[inst] req=7815168 hits=2651593 fwd=80715 rows=5163525 fwd_ms=406518.6 eval=0 prior=0
[inst] req=7823360 hits=2654745 fwd=80794 rows=5168578 fwd_ms=406891.6 eval=0 prior=0
[inst] req=7831552 hits=2657519 fwd=80879 rows=5174018 fwd_ms=407292.3 eval=0 prior=0
[inst] req=7839744 hits=2660631 fwd=80958 rows=5179072 fwd_ms=407665.1 eval=0 prior=0
[inst] req=7847936 hits=2663349 fwd=81044 rows=5184576 fwd_ms=408070.5 eval=0 prior=0
[inst] req=7856128 hits=2666176 fwd=81127 rows=5189888 fwd_ms=408461.8 eval=0 prior=0
[inst] req=7864320 hits=2669087 fwd=81210 rows=5195199 fwd_ms=408853.2 eval=0 prior=0
[inst] req=7872512 hits=2671992 fwd=81293 rows=5200511 fwd_ms=409244.5 eval=0 prior=0
[inst] req=7880704 hits=2674890 fwd=81375 rows=5205759 fwd_ms=409631.3 eval=0 prior=0
[inst] req=7888896 hits=2677685 fwd=81460 rows=5211199 fwd_ms=410032.1 eval=0 prior=0
[inst] req=7897088 hits=2680589 fwd=81542 rows=5216447 fwd_ms=410419.0 eval=0 prior=0
[inst] req=7905280 hits=2683548 fwd=81624 rows=5221694 fwd_ms=410805.9 eval=0 prior=0
[inst] req=7913472 hits=2686445 fwd=81707 rows=5227006 fwd_ms=411197.5 eval=0 prior=0
[inst] req=7921664 hits=2689463 fwd=81788 rows=5232187 fwd_ms=411579.7 eval=0 prior=0
[inst] req=7929856 hits=2692302 fwd=81871 rows=5237499 fwd_ms=411971.7 eval=0 prior=0
[inst] req=7938048 hits=2695229 fwd=81954 rows=5242811 fwd_ms=412363.7 eval=0 prior=0
[inst] req=7946240 hits=2698052 fwd=82038 rows=5248186 fwd_ms=412760.7 eval=0 prior=0
[inst] req=7954432 hits=2700900 fwd=82121 rows=5253495 fwd_ms=413152.4 eval=0 prior=0
[inst] req=7962624 hits=2704077 fwd=82199 rows=5258485 fwd_ms=413527.0 eval=0 prior=0
[inst] req=7970816 hits=2707093 fwd=82280 rows=5263668 fwd_ms=413909.3 eval=0 prior=0
[inst] req=7979008 hits=2709968 fwd=82363 rows=5268980 fwd_ms=414300.6 eval=0 prior=0
[inst] req=7987200 hits=2712768 fwd=82448 rows=5274420 fwd_ms=414701.1 eval=0 prior=0
[inst] req=7995392 hits=2715697 fwd=82530 rows=5279667 fwd_ms=415088.1 eval=0 prior=0
[inst] req=8003584 hits=2718632 fwd=82612 rows=5284915 fwd_ms=415474.7 eval=0 prior=0
[inst] req=8011776 hits=2721517 fwd=82695 rows=5290227 fwd_ms=415866.3 eval=0 prior=0
[inst] req=8019968 hits=2724687 fwd=82774 rows=5295262 fwd_ms=416257.7 eval=0 prior=0
[inst] req=8028160 hits=2727596 fwd=82856 rows=5300510 fwd_ms=416646.1 eval=0 prior=0
[inst] req=8036352 hits=2730585 fwd=82938 rows=5305756 fwd_ms=417034.7 eval=0 prior=0
[inst] req=8044544 hits=2733554 fwd=83019 rows=5310936 fwd_ms=417418.4 eval=0 prior=0
[inst] req=8052736 hits=2736374 fwd=83103 rows=5316312 fwd_ms=417816.4 eval=0 prior=0
[inst] req=8060928 hits=2739363 fwd=83185 rows=5321559 fwd_ms=418205.1 eval=0 prior=0
[inst] req=8069120 hits=2742241 fwd=83268 rows=5326871 fwd_ms=418598.6 eval=0 prior=0
[inst] req=8077312 hits=2745072 fwd=83352 rows=5332223 fwd_ms=418994.2 eval=0 prior=0
[inst] req=8085504 hits=2747981 fwd=83434 rows=5337468 fwd_ms=419382.1 eval=0 prior=0
[inst] req=8093696 hits=2750941 fwd=83516 rows=5342716 fwd_ms=419769.7 eval=0 prior=0
[inst] req=8101888 hits=2753772 fwd=83600 rows=5348071 fwd_ms=420165.7 eval=0 prior=0
[inst] req=8110080 hits=2756841 fwd=83680 rows=5353189 fwd_ms=420600.7 eval=0 prior=0
[inst] req=8118272 hits=2759799 fwd=83763 rows=5358452 fwd_ms=424465.0 eval=0 prior=0
[inst] req=8126464 hits=2762822 fwd=83845 rows=5363627 fwd_ms=428033.6 eval=0 prior=0
[inst] req=8134656 hits=2765683 fwd=83929 rows=5368926 fwd_ms=431023.8 eval=0 prior=0
[inst] req=8142848 hits=2768466 fwd=84014 rows=5374343 fwd_ms=434051.0 eval=0 prior=0
[inst] req=8151040 hits=2771269 fwd=84099 rows=5379767 fwd_ms=434484.6 eval=0 prior=0
[inst] req=8159232 hits=2773269 fwd=84200 rows=5385917 fwd_ms=435072.2 eval=0 prior=0
[inst] req=8167424 hits=2775997 fwd=84286 rows=5391421 fwd_ms=435478.5 eval=0 prior=0
[inst] req=8175616 hits=2778848 fwd=84369 rows=5396733 fwd_ms=435870.9 eval=0 prior=0
[inst] req=8183808 hits=2781605 fwd=84454 rows=5402172 fwd_ms=436272.4 eval=0 prior=0
[inst] req=8192000 hits=2784436 fwd=84538 rows=5407547 fwd_ms=436669.4 eval=0 prior=0
[inst] req=8200192 hits=2787165 fwd=84623 rows=5412987 fwd_ms=437070.9 eval=0 prior=0
[inst] req=8208384 hits=2790119 fwd=84705 rows=5418235 fwd_ms=437457.9 eval=0 prior=0
[inst] req=8216576 hits=2793094 fwd=84786 rows=5423419 fwd_ms=437840.2 eval=0 prior=0
[inst] req=8224768 hits=2795959 fwd=84870 rows=5428795 fwd_ms=438236.9 eval=0 prior=0
[inst] req=8232960 hits=2798795 fwd=84953 rows=5434107 fwd_ms=438629.3 eval=0 prior=0
[inst] req=8241152 hits=2801570 fwd=85038 rows=5439547 fwd_ms=439031.1 eval=0 prior=0
[inst] req=8249344 hits=2804542 fwd=85120 rows=5444794 fwd_ms=439418.8 eval=0 prior=0
[inst] req=8257536 hits=2807345 fwd=85204 rows=5450170 fwd_ms=439814.7 eval=0 prior=0
[inst] req=8265728 hits=2810151 fwd=85288 rows=5455545 fwd_ms=440211.1 eval=0 prior=0
[inst] req=8273920 hits=2813012 fwd=85371 rows=5460856 fwd_ms=440603.1 eval=0 prior=0
[inst] req=8282112 hits=2815965 fwd=85453 rows=5466103 fwd_ms=440989.8 eval=0 prior=0
[inst] req=8290304 hits=2818890 fwd=85536 rows=5471413 fwd_ms=441381.9 eval=0 prior=0
[inst] req=8298496 hits=2821673 fwd=85620 rows=5476789 fwd_ms=441777.5 eval=0 prior=0
[inst] req=8306688 hits=2824517 fwd=85704 rows=5482164 fwd_ms=442174.0 eval=0 prior=0
[inst] req=8314880 hits=2827311 fwd=85788 rows=5487540 fwd_ms=442569.8 eval=0 prior=0
[inst] req=8323072 hits=2830108 fwd=85872 rows=5492916 fwd_ms=442965.4 eval=0 prior=0
[inst] req=8331264 hits=2832878 fwd=85957 rows=5498347 fwd_ms=443366.9 eval=0 prior=0
[inst] req=8339456 hits=2835661 fwd=86042 rows=5503786 fwd_ms=443767.2 eval=0 prior=0
[inst] req=8347648 hits=2838459 fwd=86126 rows=5509162 fwd_ms=444163.4 eval=0 prior=0
[inst] req=8355840 hits=2841205 fwd=86211 rows=5514602 fwd_ms=444564.5 eval=0 prior=0
[inst] req=8364032 hits=2844111 fwd=86294 rows=5519913 fwd_ms=444956.0 eval=0 prior=0
[inst] req=8372224 hits=2846888 fwd=86378 rows=5525289 fwd_ms=445352.3 eval=0 prior=0
[inst] req=8380416 hits=2849645 fwd=86463 rows=5530728 fwd_ms=445753.0 eval=0 prior=0
[inst] req=8388608 hits=2852349 fwd=86549 rows=5536232 fwd_ms=446157.9 eval=0 prior=0
[inst] req=8396800 hits=2854973 fwd=86636 rows=5541800 fwd_ms=446567.7 eval=0 prior=0
[inst] req=8404992 hits=2857675 fwd=86722 rows=5547304 fwd_ms=446972.5 eval=0 prior=0
[inst] req=8413184 hits=2860408 fwd=86807 rows=5552744 fwd_ms=447373.0 eval=0 prior=0
[inst] req=8421376 hits=2863256 fwd=86890 rows=5558056 fwd_ms=447763.8 eval=0 prior=0
[inst] req=8429568 hits=2866339 fwd=86970 rows=5563174 fwd_ms=448141.2 eval=0 prior=0
[inst] req=8437760 hits=2869008 fwd=87057 rows=5568742 fwd_ms=448551.3 eval=0 prior=0
[inst] req=8445952 hits=2871706 fwd=87142 rows=5574182 fwd_ms=448951.8 eval=0 prior=0
[inst] req=8454144 hits=2874468 fwd=87227 rows=5579622 fwd_ms=449352.2 eval=0 prior=0
[inst] req=8462336 hits=2877213 fwd=87312 rows=5585061 fwd_ms=449752.3 eval=0 prior=0
[inst] req=8470528 hits=2880063 fwd=87396 rows=5590436 fwd_ms=450149.9 eval=0 prior=0
[inst] req=8478720 hits=2882942 fwd=87479 rows=5595747 fwd_ms=450541.4 eval=0 prior=0
[inst] req=8486912 hits=2885683 fwd=87564 rows=5601187 fwd_ms=450942.2 eval=0 prior=0
[inst] req=8495104 hits=2888666 fwd=87646 rows=5606433 fwd_ms=451328.4 eval=0 prior=0
[inst] req=8503296 hits=2891387 fwd=87732 rows=5611873 fwd_ms=451746.2 eval=0 prior=0
[inst] req=8511488 hits=2894188 fwd=87816 rows=5617249 fwd_ms=452142.4 eval=0 prior=0
[inst] req=8519680 hits=2897006 fwd=87900 rows=5622625 fwd_ms=452540.1 eval=0 prior=0
[inst] req=8527872 hits=2899950 fwd=87982 rows=5627872 fwd_ms=452926.4 eval=0 prior=0
[inst] req=8536064 hits=2902806 fwd=88066 rows=5633248 fwd_ms=453321.6 eval=0 prior=0
[inst] req=8544256 hits=2905648 fwd=88149 rows=5638560 fwd_ms=453712.4 eval=0 prior=0
[inst] req=8552448 hits=2908488 fwd=88233 rows=5643936 fwd_ms=454107.4 eval=0 prior=0
[inst] req=8560640 hits=2911318 fwd=88317 rows=5649312 fwd_ms=454502.6 eval=0 prior=0
[inst] req=8568832 hits=2914009 fwd=88403 rows=5654816 fwd_ms=454907.9 eval=0 prior=0
[inst] req=8577024 hits=2916901 fwd=88485 rows=5660063 fwd_ms=455295.0 eval=0 prior=0
[inst] req=8585216 hits=2919755 fwd=88569 rows=5665439 fwd_ms=455691.2 eval=0 prior=0
[inst] req=8593408 hits=2922642 fwd=88652 rows=5670749 fwd_ms=456082.7 eval=0 prior=0
[inst] req=8601600 hits=2925358 fwd=88737 rows=5676189 fwd_ms=456483.7 eval=0 prior=0
[inst] req=8609792 hits=2928081 fwd=88823 rows=5681693 fwd_ms=456889.3 eval=0 prior=0
[inst] req=8617984 hits=2930921 fwd=88906 rows=5687005 fwd_ms=457281.1 eval=0 prior=0
[inst] req=8626176 hits=2933785 fwd=88990 rows=5692381 fwd_ms=457677.6 eval=0 prior=0
[inst] req=8634368 hits=2936584 fwd=89074 rows=5697757 fwd_ms=458073.8 eval=0 prior=0
[inst] req=8642560 hits=2939374 fwd=89158 rows=5703133 fwd_ms=458470.3 eval=0 prior=0
[inst] req=8650752 hits=2942195 fwd=89242 rows=5708509 fwd_ms=458867.3 eval=0 prior=0
[inst] req=8658944 hits=2944918 fwd=89328 rows=5714013 fwd_ms=459273.8 eval=0 prior=0
[inst] req=8667136 hits=2947810 fwd=89411 rows=5719323 fwd_ms=459666.1 eval=0 prior=0
[inst] req=8675328 hits=2950685 fwd=89494 rows=5724635 fwd_ms=460058.1 eval=0 prior=0
[inst] req=8683520 hits=2953582 fwd=89576 rows=5729882 fwd_ms=460445.2 eval=0 prior=0
[inst] req=8691712 hits=2956694 fwd=89656 rows=5735000 fwd_ms=460822.9 eval=0 prior=0
[inst] req=8699904 hits=2959539 fwd=89739 rows=5740312 fwd_ms=461215.0 eval=0 prior=0
[inst] req=8708096 hits=2962419 fwd=89822 rows=5745624 fwd_ms=461606.7 eval=0 prior=0
[inst] req=8716288 hits=2965414 fwd=89904 rows=5750870 fwd_ms=461994.8 eval=0 prior=0
[inst] req=8724480 hits=2968191 fwd=89988 rows=5756246 fwd_ms=462391.3 eval=0 prior=0
[inst] req=8732672 hits=2971099 fwd=90071 rows=5761557 fwd_ms=462783.5 eval=0 prior=0
[inst] req=8740864 hits=2973884 fwd=90155 rows=5766933 fwd_ms=463180.0 eval=0 prior=0
[inst] req=8749056 hits=2976665 fwd=90240 rows=5772373 fwd_ms=463581.4 eval=0 prior=0
[inst] req=8757248 hits=2979479 fwd=90324 rows=5777749 fwd_ms=463977.6 eval=0 prior=0
[inst] req=8765440 hits=2982351 fwd=90407 rows=5783061 fwd_ms=464369.3 eval=0 prior=0
[inst] req=8773632 hits=2985239 fwd=90490 rows=5788373 fwd_ms=464761.0 eval=0 prior=0
[inst] req=8781824 hits=2988134 fwd=90573 rows=5793685 fwd_ms=465153.1 eval=0 prior=0
[inst] req=8790016 hits=2990934 fwd=90657 rows=5799061 fwd_ms=465549.7 eval=0 prior=0
[inst] req=8798208 hits=2993740 fwd=90741 rows=5804437 fwd_ms=465946.7 eval=0 prior=0
[inst] req=8806400 hits=2996629 fwd=90824 rows=5809749 fwd_ms=466339.0 eval=0 prior=0
[inst] req=8814592 hits=2999573 fwd=90906 rows=5814997 fwd_ms=466726.1 eval=0 prior=0
[inst] req=8822784 hits=3002433 fwd=90989 rows=5820309 fwd_ms=467118.0 eval=0 prior=0
[inst] req=8830976 hits=3005270 fwd=91073 rows=5825685 fwd_ms=467514.8 eval=0 prior=0
[inst] req=8839168 hits=3008150 fwd=91156 rows=5830992 fwd_ms=467907.1 eval=0 prior=0
[inst] req=8847360 hits=3010913 fwd=91241 rows=5836432 fwd_ms=468308.2 eval=0 prior=0
[inst] req=8855552 hits=3013807 fwd=91324 rows=5841744 fwd_ms=468700.3 eval=0 prior=0
[inst] req=8863744 hits=3016656 fwd=91407 rows=5847056 fwd_ms=469092.3 eval=0 prior=0
[inst] req=8871936 hits=3019450 fwd=91491 rows=5852432 fwd_ms=469489.3 eval=0 prior=0
[inst] req=8880128 hits=3022507 fwd=91572 rows=5857614 fwd_ms=469872.7 eval=0 prior=0
[inst] req=8888320 hits=3025362 fwd=91655 rows=5862925 fwd_ms=470265.0 eval=0 prior=0
[inst] req=8896512 hits=3028192 fwd=91739 rows=5868301 fwd_ms=470662.1 eval=0 prior=0
[inst] req=8904704 hits=3031034 fwd=91822 rows=5873613 fwd_ms=471054.5 eval=0 prior=0
[inst] req=8912896 hits=3033933 fwd=91905 rows=5878924 fwd_ms=471448.1 eval=0 prior=0
[inst] req=8921088 hits=3036827 fwd=91988 rows=5884235 fwd_ms=471841.1 eval=0 prior=0
[inst] req=8929280 hits=3039718 fwd=92071 rows=5889547 fwd_ms=472234.3 eval=0 prior=0
[inst] req=8937472 hits=3042677 fwd=92153 rows=5894793 fwd_ms=472622.0 eval=0 prior=0
[inst] req=8945664 hits=3045458 fwd=92237 rows=5900169 fwd_ms=473019.3 eval=0 prior=0
[inst] req=8953856 hits=3048165 fwd=92323 rows=5905673 fwd_ms=473426.1 eval=0 prior=0
[inst] req=8962048 hits=3051288 fwd=92402 rows=5910721 fwd_ms=473800.2 eval=0 prior=0
[inst] req=8970240 hits=3054109 fwd=92486 rows=5916097 fwd_ms=474197.7 eval=0 prior=0
[inst] req=8978432 hits=3057051 fwd=92568 rows=5921344 fwd_ms=474585.8 eval=0 prior=0
[inst] req=8986624 hits=3059890 fwd=92652 rows=5926720 fwd_ms=474983.1 eval=0 prior=0
[inst] req=8994816 hits=3062728 fwd=92735 rows=5932032 fwd_ms=475375.1 eval=0 prior=0
[inst] req=9003008 hits=3065508 fwd=92820 rows=5937472 fwd_ms=475776.8 eval=0 prior=0
[inst] req=9011200 hits=3068476 fwd=92902 rows=5942719 fwd_ms=476165.1 eval=0 prior=0
[inst] req=9019392 hits=3071489 fwd=92983 rows=5947902 fwd_ms=476548.0 eval=0 prior=0
[inst] req=9027584 hits=3074558 fwd=93063 rows=5953020 fwd_ms=476926.2 eval=0 prior=0
[inst] req=9035776 hits=3077538 fwd=93144 rows=5958203 fwd_ms=477309.8 eval=0 prior=0
[inst] req=9043968 hits=3080309 fwd=93229 rows=5963643 fwd_ms=477712.9 eval=0 prior=0
[inst] req=9052160 hits=3083094 fwd=93313 rows=5969019 fwd_ms=478109.8 eval=0 prior=0
[inst] req=9060352 hits=3085866 fwd=93398 rows=5974459 fwd_ms=478511.2 eval=0 prior=0
[inst] req=9068544 hits=3088783 fwd=93480 rows=5979707 fwd_ms=478898.4 eval=0 prior=0
[inst] req=9076736 hits=3091583 fwd=93565 rows=5985147 fwd_ms=479299.7 eval=0 prior=0
[inst] req=9084928 hits=3094597 fwd=93646 rows=5990328 fwd_ms=479682.2 eval=0 prior=0
[inst] req=9093120 hits=3097310 fwd=93731 rows=5995768 fwd_ms=480083.5 eval=0 prior=0
[inst] req=9101312 hits=3100148 fwd=93815 rows=6001144 fwd_ms=480480.1 eval=0 prior=0
[inst] req=9109504 hits=3102931 fwd=93899 rows=6006520 fwd_ms=480876.6 eval=0 prior=0
[inst] req=9117696 hits=3105952 fwd=93980 rows=6011701 fwd_ms=481260.0 eval=0 prior=0
[inst] req=9125888 hits=3108973 fwd=94061 rows=6016884 fwd_ms=481642.9 eval=0 prior=0
[inst] req=9134080 hits=3111652 fwd=94147 rows=6022388 fwd_ms=482048.9 eval=0 prior=0
[inst] req=9142272 hits=3114367 fwd=94233 rows=6027892 fwd_ms=482454.8 eval=0 prior=0
[inst] req=9150464 hits=3117073 fwd=94318 rows=6033332 fwd_ms=482856.4 eval=0 prior=0
[inst] req=9158656 hits=3119964 fwd=94401 rows=6038644 fwd_ms=483248.3 eval=0 prior=0
[inst] req=9166848 hits=3122811 fwd=94485 rows=6044020 fwd_ms=483645.1 eval=0 prior=0
[inst] req=9175040 hits=3125620 fwd=94569 rows=6049396 fwd_ms=484042.3 eval=0 prior=0
[inst] req=9183232 hits=3128417 fwd=94653 rows=6054772 fwd_ms=484439.5 eval=0 prior=0
[inst] req=9191424 hits=3131403 fwd=94735 rows=6060018 fwd_ms=484827.0 eval=0 prior=0
[inst] req=9199616 hits=3134285 fwd=94818 rows=6065329 fwd_ms=485219.1 eval=0 prior=0
[inst] req=9207808 hits=3137366 fwd=94897 rows=6070384 fwd_ms=485592.5 eval=0 prior=0
[inst] req=9216000 hits=3140142 fwd=94982 rows=6075824 fwd_ms=485993.7 eval=0 prior=0
[inst] req=9224192 hits=3142902 fwd=95067 rows=6081264 fwd_ms=486395.1 eval=0 prior=0
[inst] req=9232384 hits=3145727 fwd=95151 rows=6086640 fwd_ms=486791.5 eval=0 prior=0
[inst] req=9240576 hits=3148705 fwd=95232 rows=6091816 fwd_ms=487173.9 eval=0 prior=0
[inst] req=9248768 hits=3151548 fwd=95316 rows=6097191 fwd_ms=487570.9 eval=0 prior=0
[inst] req=9256960 hits=3154364 fwd=95400 rows=6102566 fwd_ms=487967.9 eval=0 prior=0
[inst] req=9265152 hits=3157161 fwd=95484 rows=6107942 fwd_ms=488364.5 eval=0 prior=0
[inst] req=9273344 hits=3160092 fwd=95566 rows=6113188 fwd_ms=488751.9 eval=0 prior=0
[inst] req=9281536 hits=3162876 fwd=95651 rows=6118627 fwd_ms=489153.5 eval=0 prior=0
[inst] req=9289728 hits=3165619 fwd=95736 rows=6124067 fwd_ms=489555.0 eval=0 prior=0
[inst] req=9297920 hits=3168446 fwd=95820 rows=6129443 fwd_ms=489952.1 eval=0 prior=0
[inst] req=9306112 hits=3171300 fwd=95903 rows=6134755 fwd_ms=490344.5 eval=0 prior=0
[inst] req=9314304 hits=3174101 fwd=95988 rows=6140195 fwd_ms=490746.2 eval=0 prior=0
[inst] req=9322496 hits=3177002 fwd=96070 rows=6145441 fwd_ms=491134.1 eval=0 prior=0
[inst] req=9330688 hits=3179796 fwd=96155 rows=6150881 fwd_ms=491535.7 eval=0 prior=0
[inst] req=9338880 hits=3182758 fwd=96236 rows=6156064 fwd_ms=491918.5 eval=0 prior=0
[inst] req=9347072 hits=3185532 fwd=96321 rows=6161504 fwd_ms=492319.7 eval=0 prior=0
[inst] req=9355264 hits=3188283 fwd=96406 rows=6166944 fwd_ms=492720.9 eval=0 prior=0
[inst] req=9363456 hits=3191020 fwd=96491 rows=6172384 fwd_ms=493122.1 eval=0 prior=0
[inst] req=9371648 hits=3193934 fwd=96574 rows=6177695 fwd_ms=493514.4 eval=0 prior=0
[inst] req=9379840 hits=3196691 fwd=96659 rows=6183135 fwd_ms=493915.6 eval=0 prior=0
[inst] req=9388032 hits=3199546 fwd=96742 rows=6188447 fwd_ms=494307.1 eval=0 prior=0
[inst] req=9396224 hits=3202283 fwd=96827 rows=6193887 fwd_ms=494708.2 eval=0 prior=0
[inst] req=9404416 hits=3204957 fwd=96914 rows=6199455 fwd_ms=495118.8 eval=0 prior=0
[inst] req=9412608 hits=3207875 fwd=96996 rows=6204702 fwd_ms=495506.2 eval=0 prior=0
[inst] req=9420800 hits=3210691 fwd=97080 rows=6210078 fwd_ms=495902.3 eval=0 prior=0
[inst] req=9428992 hits=3213495 fwd=97164 rows=6215454 fwd_ms=496298.7 eval=0 prior=0
[inst] req=9437184 hits=3216240 fwd=97249 rows=6220894 fwd_ms=496700.0 eval=0 prior=0
[inst] req=9445376 hits=3218984 fwd=97334 rows=6226334 fwd_ms=497101.1 eval=0 prior=0
[inst] req=9453568 hits=3221660 fwd=97421 rows=6231902 fwd_ms=497511.5 eval=0 prior=0
[inst] req=9461760 hits=3224564 fwd=97503 rows=6237149 fwd_ms=497898.9 eval=0 prior=0
[inst] req=9469952 hits=3227450 fwd=97586 rows=6242461 fwd_ms=498290.9 eval=0 prior=0
[inst] req=9478144 hits=3230314 fwd=97669 rows=6247773 fwd_ms=498683.0 eval=0 prior=0
[inst] req=9486336 hits=3233197 fwd=97752 rows=6253085 fwd_ms=499074.7 eval=0 prior=0
[inst] req=9494528 hits=3235895 fwd=97838 rows=6258589 fwd_ms=499480.6 eval=0 prior=0
[inst] req=9502720 hits=3238642 fwd=97923 rows=6264029 fwd_ms=499882.2 eval=0 prior=0
[inst] req=9510912 hits=3241392 fwd=98008 rows=6269469 fwd_ms=500283.5 eval=0 prior=0
[inst] req=9519104 hits=3244332 fwd=98090 rows=6274715 fwd_ms=500670.5 eval=0 prior=0
[inst] req=9527296 hits=3247207 fwd=98173 rows=6280026 fwd_ms=501062.4 eval=0 prior=0
[inst] req=9535488 hits=3249962 fwd=98258 rows=6285466 fwd_ms=501463.8 eval=0 prior=0
[inst] req=9543680 hits=3252869 fwd=98341 rows=6290778 fwd_ms=501855.4 eval=0 prior=0
[inst] req=9551872 hits=3255524 fwd=98428 rows=6296346 fwd_ms=502266.3 eval=0 prior=0
[inst] req=9560064 hits=3258375 fwd=98511 rows=6301657 fwd_ms=502658.3 eval=0 prior=0
[inst] req=9568256 hits=3261229 fwd=98594 rows=6306969 fwd_ms=503050.2 eval=0 prior=0
[inst] req=9576448 hits=3264000 fwd=98679 rows=6312409 fwd_ms=503451.6 eval=0 prior=0
[inst] req=9584640 hits=3266922 fwd=98761 rows=6317656 fwd_ms=503839.2 eval=0 prior=0
[inst] req=9592832 hits=3269788 fwd=98845 rows=6323032 fwd_ms=504236.1 eval=0 prior=0
[inst] req=9601024 hits=3272754 fwd=98926 rows=6328213 fwd_ms=504619.7 eval=0 prior=0
[inst] req=9609216 hits=3275636 fwd=99009 rows=6333524 fwd_ms=505012.3 eval=0 prior=0
[inst] req=9617408 hits=3278445 fwd=99093 rows=6338899 fwd_ms=505409.1 eval=0 prior=0
[inst] req=9625600 hits=3281337 fwd=99176 rows=6344210 fwd_ms=505801.2 eval=0 prior=0
[inst] req=9633792 hits=3284151 fwd=99260 rows=6349586 fwd_ms=506197.9 eval=0 prior=0
[inst] req=9641984 hits=3286931 fwd=99345 rows=6355026 fwd_ms=506599.1 eval=0 prior=0
[inst] req=9650176 hits=3289561 fwd=99432 rows=6360594 fwd_ms=507009.8 eval=0 prior=0
[inst] req=9658368 hits=3292465 fwd=99514 rows=6365842 fwd_ms=507397.2 eval=0 prior=0
[inst] req=9666560 hits=3295163 fwd=99600 rows=6371346 fwd_ms=507803.1 eval=0 prior=0
[inst] req=9674752 hits=3298004 fwd=99684 rows=6376721 fwd_ms=508199.8 eval=0 prior=0
[inst] req=9682944 hits=3300932 fwd=99766 rows=6381954 fwd_ms=508586.5 eval=0 prior=0
[inst] req=9691136 hits=3303702 fwd=99851 rows=6387394 fwd_ms=508987.6 eval=0 prior=0
[inst] req=9699328 hits=3306535 fwd=99935 rows=6392769 fwd_ms=509384.0 eval=0 prior=0
[inst] req=9707520 hits=3309282 fwd=100020 rows=6398209 fwd_ms=509785.2 eval=0 prior=0
[inst] req=9715712 hits=3312074 fwd=100104 rows=6403585 fwd_ms=510181.6 eval=0 prior=0
[inst] req=9723904 hits=3314899 fwd=100188 rows=6408961 fwd_ms=510578.0 eval=0 prior=0
[inst] req=9732096 hits=3317724 fwd=100272 rows=6414337 fwd_ms=510974.5 eval=0 prior=0
[inst] req=9740288 hits=3320572 fwd=100356 rows=6419713 fwd_ms=511371.2 eval=0 prior=0
[inst] req=9748480 hits=3323419 fwd=100439 rows=6425012 fwd_ms=511762.6 eval=0 prior=0
[inst] req=9756672 hits=3326264 fwd=100523 rows=6430387 fwd_ms=512159.8 eval=0 prior=0
[inst] req=9764864 hits=3329084 fwd=100607 rows=6435762 fwd_ms=512556.5 eval=0 prior=0
[inst] req=9773056 hits=3331795 fwd=100692 rows=6441202 fwd_ms=512957.8 eval=0 prior=0
[inst] req=9781248 hits=3334629 fwd=100776 rows=6446578 fwd_ms=513353.9 eval=0 prior=0
[inst] req=9789440 hits=3337548 fwd=100859 rows=6451889 fwd_ms=513745.4 eval=0 prior=0
[inst] req=9797632 hits=3340186 fwd=100945 rows=6457393 fwd_ms=514151.1 eval=0 prior=0
[inst] req=9805824 hits=3342941 fwd=101030 rows=6462833 fwd_ms=514552.2 eval=0 prior=0
[inst] req=9814016 hits=3345800 fwd=101114 rows=6468208 fwd_ms=514949.2 eval=0 prior=0
[inst] req=9822208 hits=3348643 fwd=101197 rows=6473520 fwd_ms=515340.8 eval=0 prior=0
[inst] req=9830400 hits=3351511 fwd=101280 rows=6478832 fwd_ms=515732.5 eval=0 prior=0
[inst] req=9838592 hits=3354333 fwd=101364 rows=6484208 fwd_ms=516128.7 eval=0 prior=0
[inst] req=9846784 hits=3357089 fwd=101449 rows=6489648 fwd_ms=516529.7 eval=0 prior=0
[inst] req=9854976 hits=3359979 fwd=101532 rows=6494959 fwd_ms=516921.5 eval=0 prior=0
[inst] req=9863168 hits=3362781 fwd=101616 rows=6500335 fwd_ms=517317.5 eval=0 prior=0
[inst] req=9871360 hits=3365856 fwd=101696 rows=6505454 fwd_ms=517697.2 eval=0 prior=0
[inst] req=9879552 hits=3368561 fwd=101782 rows=6510951 fwd_ms=518104.6 eval=0 prior=0
[inst] req=9887744 hits=3371297 fwd=101867 rows=6516391 fwd_ms=518507.4 eval=0 prior=0
[inst] req=9895936 hits=3374209 fwd=101950 rows=6521699 fwd_ms=518900.9 eval=0 prior=0
[inst] req=9904128 hits=3376934 fwd=102035 rows=6527131 fwd_ms=519303.2 eval=0 prior=0
[inst] req=9912320 hits=3379823 fwd=102119 rows=6532479 fwd_ms=519699.6 eval=0 prior=0
[inst] req=9920512 hits=3382567 fwd=102204 rows=6537919 fwd_ms=520102.1 eval=0 prior=0
[inst] req=9928704 hits=3385346 fwd=102289 rows=6543352 fwd_ms=520503.4 eval=0 prior=0
[inst] req=9936896 hits=3388019 fwd=102375 rows=6548856 fwd_ms=520909.5 eval=0 prior=0
[inst] req=9945088 hits=3390728 fwd=102461 rows=6554359 fwd_ms=521315.5 eval=0 prior=0
[inst] req=9953280 hits=3393640 fwd=102543 rows=6559606 fwd_ms=521703.0 eval=0 prior=0
[inst] req=9961472 hits=3396381 fwd=102629 rows=6565084 fwd_ms=522717.4 eval=0 prior=0
[inst] req=9969664 hits=3399103 fwd=102714 rows=6570502 fwd_ms=525530.9 eval=0 prior=0
[inst] req=9977856 hits=3401786 fwd=102802 rows=6576062 fwd_ms=528717.4 eval=0 prior=0
[inst] req=9986048 hits=3404516 fwd=102888 rows=6581514 fwd_ms=532091.7 eval=0 prior=0
[inst] req=9994240 hits=3407249 fwd=102974 rows=6586971 fwd_ms=535685.8 eval=0 prior=0
[inst] req=10002432 hits=3410139 fwd=103057 rows=6592257 fwd_ms=536108.1 eval=0 prior=0
[inst] req=10010624 hits=3412164 fwd=103160 rows=6598450 fwd_ms=536666.6 eval=0 prior=0
[inst] req=10018816 hits=3414969 fwd=103244 rows=6603826 fwd_ms=537062.7 eval=0 prior=0
[inst] req=10027008 hits=3417829 fwd=103327 rows=6609138 fwd_ms=537454.4 eval=0 prior=0
[inst] req=10035200 hits=3420689 fwd=103410 rows=6614450 fwd_ms=537846.0 eval=0 prior=0
[inst] req=10043392 hits=3423525 fwd=103494 rows=6619826 fwd_ms=538242.6 eval=0 prior=0
[inst] req=10051584 hits=3426258 fwd=103579 rows=6625266 fwd_ms=538644.0 eval=0 prior=0
[inst] req=10059776 hits=3429042 fwd=103664 rows=6630706 fwd_ms=539045.3 eval=0 prior=0
[inst] req=10067968 hits=3431905 fwd=103747 rows=6636018 fwd_ms=539437.8 eval=0 prior=0
[inst] req=10076160 hits=3434762 fwd=103831 rows=6641394 fwd_ms=539834.4 eval=0 prior=0
[inst] req=10084352 hits=3437679 fwd=103913 rows=6646640 fwd_ms=540221.9 eval=0 prior=0
[inst] req=10092544 hits=3440405 fwd=103998 rows=6652080 fwd_ms=540623.0 eval=0 prior=0
[inst] req=10100736 hits=3443121 fwd=104084 rows=6657584 fwd_ms=541028.4 eval=0 prior=0
[inst] req=10108928 hits=3445886 fwd=104169 rows=6663024 fwd_ms=541428.9 eval=0 prior=0
[inst] req=10117120 hits=3448724 fwd=104252 rows=6668336 fwd_ms=541820.1 eval=0 prior=0
[inst] req=10125312 hits=3451596 fwd=104336 rows=6673712 fwd_ms=542215.7 eval=0 prior=0
[inst] req=10133504 hits=3454342 fwd=104421 rows=6679152 fwd_ms=542616.3 eval=0 prior=0
[inst] req=10141696 hits=3457081 fwd=104506 rows=6684592 fwd_ms=543016.7 eval=0 prior=0
[inst] req=10149888 hits=3459899 fwd=104590 rows=6689968 fwd_ms=543412.4 eval=0 prior=0
[inst] req=10158080 hits=3462652 fwd=104675 rows=6695408 fwd_ms=543812.6 eval=0 prior=0
[inst] req=10166272 hits=3465567 fwd=104757 rows=6700655 fwd_ms=544199.9 eval=0 prior=0
[inst] req=10174464 hits=3468286 fwd=104843 rows=6706159 fwd_ms=544605.1 eval=0 prior=0
[inst] req=10182656 hits=3471138 fwd=104926 rows=6711470 fwd_ms=544996.5 eval=0 prior=0
[inst] req=10190848 hits=3473890 fwd=105011 rows=6716910 fwd_ms=545396.7 eval=0 prior=0
[inst] req=10199040 hits=3476624 fwd=105097 rows=6722414 fwd_ms=545802.1 eval=0 prior=0
[inst] req=10207232 hits=3479390 fwd=105181 rows=6727789 fwd_ms=546197.7 eval=0 prior=0
[inst] req=10215424 hits=3482094 fwd=105267 rows=6733293 fwd_ms=546602.7 eval=0 prior=0
[inst] req=10223616 hits=3484829 fwd=105352 rows=6738732 fwd_ms=547002.9 eval=0 prior=0
[inst] req=10231808 hits=3487393 fwd=105440 rows=6744364 fwd_ms=547417.0 eval=0 prior=0
[inst] req=10240000 hits=3490300 fwd=105523 rows=6749675 fwd_ms=547807.9 eval=0 prior=0
[inst] req=10248192 hits=3493024 fwd=105608 rows=6755115 fwd_ms=548207.7 eval=0 prior=0
[inst] req=10256384 hits=3495745 fwd=105694 rows=6760611 fwd_ms=548612.5 eval=0 prior=0
[inst] req=10264576 hits=3498718 fwd=105775 rows=6765794 fwd_ms=548994.0 eval=0 prior=0
[inst] req=10272768 hits=3501637 fwd=105858 rows=6771104 fwd_ms=549384.9 eval=0 prior=0
[inst] req=10280960 hits=3504451 fwd=105942 rows=6776479 fwd_ms=549780.0 eval=0 prior=0
[inst] req=10289152 hits=3507267 fwd=106026 rows=6781855 fwd_ms=550175.1 eval=0 prior=0
[inst] req=10297344 hits=3510085 fwd=106110 rows=6787231 fwd_ms=550570.5 eval=0 prior=0
[inst] req=10305536 hits=3512880 fwd=106194 rows=6792606 fwd_ms=550965.4 eval=0 prior=0
[inst] req=10313728 hits=3515584 fwd=106280 rows=6798110 fwd_ms=551369.7 eval=0 prior=0
[inst] req=10321920 hits=3518270 fwd=106366 rows=6803614 fwd_ms=551774.4 eval=0 prior=0
[inst] req=10330112 hits=3520975 fwd=106452 rows=6809118 fwd_ms=552178.8 eval=0 prior=0
[inst] req=10338304 hits=3523724 fwd=106537 rows=6814558 fwd_ms=552578.8 eval=0 prior=0
[inst] req=10346496 hits=3526434 fwd=106622 rows=6819998 fwd_ms=552978.3 eval=0 prior=0
[inst] req=10354688 hits=3529218 fwd=106707 rows=6825427 fwd_ms=553378.7 eval=0 prior=0
[inst] req=10362880 hits=3531925 fwd=106793 rows=6830931 fwd_ms=553783.5 eval=0 prior=0
[inst] req=10371072 hits=3534772 fwd=106876 rows=6836242 fwd_ms=554173.8 eval=0 prior=0
[inst] req=10379264 hits=3537610 fwd=106960 rows=6841618 fwd_ms=554568.9 eval=0 prior=0
[inst] req=10387456 hits=3540205 fwd=107048 rows=6847250 fwd_ms=554982.9 eval=0 prior=0
[inst] req=10395648 hits=3542977 fwd=107132 rows=6852626 fwd_ms=555377.9 eval=0 prior=0
[inst] req=10403840 hits=3545737 fwd=107217 rows=6858066 fwd_ms=555777.8 eval=0 prior=0
[inst] req=10412032 hits=3548454 fwd=107303 rows=6863570 fwd_ms=556182.5 eval=0 prior=0
[inst] req=10420224 hits=3551236 fwd=107387 rows=6868946 fwd_ms=556577.9 eval=0 prior=0
[inst] req=10428416 hits=3554199 fwd=107469 rows=6874193 fwd_ms=556963.9 eval=0 prior=0
[inst] req=10436608 hits=3557029 fwd=107553 rows=6879569 fwd_ms=557359.5 eval=0 prior=0
[inst] req=10444800 hits=3559879 fwd=107636 rows=6884881 fwd_ms=557750.2 eval=0 prior=0
[inst] req=10452992 hits=3562784 fwd=107719 rows=6890193 fwd_ms=558141.5 eval=0 prior=0
[inst] req=10461184 hits=3565699 fwd=107801 rows=6895439 fwd_ms=558528.3 eval=0 prior=0
[inst] req=10469376 hits=3568617 fwd=107884 rows=6900750 fwd_ms=558919.9 eval=0 prior=0
[inst] req=10477568 hits=3571505 fwd=107967 rows=6906062 fwd_ms=559311.4 eval=0 prior=0
[inst] req=10485760 hits=3574568 fwd=108047 rows=6911181 fwd_ms=559688.4 eval=0 prior=0
[inst] req=10493952 hits=3577402 fwd=108130 rows=6916492 fwd_ms=560080.0 eval=0 prior=0
[inst] req=10502144 hits=3580314 fwd=108213 rows=6921803 fwd_ms=560471.5 eval=0 prior=0
[inst] req=10510336 hits=3583119 fwd=108297 rows=6927179 fwd_ms=560867.7 eval=0 prior=0
[inst] req=10518528 hits=3585900 fwd=108382 rows=6932619 fwd_ms=561268.6 eval=0 prior=0
[inst] req=10526720 hits=3588875 fwd=108463 rows=6937800 fwd_ms=561650.7 eval=0 prior=0
[inst] req=10534912 hits=3591631 fwd=108548 rows=6943240 fwd_ms=562051.6 eval=0 prior=0
[inst] req=10543104 hits=3594447 fwd=108632 rows=6948615 fwd_ms=562447.9 eval=0 prior=0
[inst] req=10551296 hits=3597506 fwd=108712 rows=6953733 fwd_ms=562825.4 eval=0 prior=0
[inst] req=10559488 hits=3600239 fwd=108798 rows=6959237 fwd_ms=563231.1 eval=0 prior=0
[inst] req=10567680 hits=3603025 fwd=108882 rows=6964613 fwd_ms=563627.4 eval=0 prior=0
[inst] req=10575872 hits=3605972 fwd=108964 rows=6969860 fwd_ms=564014.0 eval=0 prior=0
[inst] req=10584064 hits=3608796 fwd=109048 rows=6975236 fwd_ms=564410.0 eval=0 prior=0
[inst] req=10592256 hits=3611575 fwd=109133 rows=6980658 fwd_ms=564811.0 eval=0 prior=0
[inst] req=10600448 hits=3614534 fwd=109215 rows=6985906 fwd_ms=565198.1 eval=0 prior=0
[inst] req=10608640 hits=3617369 fwd=109298 rows=6991218 fwd_ms=565589.4 eval=0 prior=0
[inst] req=10616832 hits=3620180 fwd=109382 rows=6996594 fwd_ms=565985.5 eval=0 prior=0
[inst] req=10625024 hits=3623027 fwd=109466 rows=7001970 fwd_ms=566381.9 eval=0 prior=0
[inst] req=10633216 hits=3625851 fwd=109550 rows=7007346 fwd_ms=566778.4 eval=0 prior=0
[inst] req=10641408 hits=3628653 fwd=109634 rows=7012722 fwd_ms=567174.7 eval=0 prior=0
[inst] req=10649600 hits=3631458 fwd=109718 rows=7018098 fwd_ms=567571.3 eval=0 prior=0
[inst] req=10657792 hits=3634286 fwd=109802 rows=7023474 fwd_ms=567967.5 eval=0 prior=0
[inst] req=10665984 hits=3637027 fwd=109887 rows=7028914 fwd_ms=568368.3 eval=0 prior=0
[inst] req=10674176 hits=3639782 fwd=109972 rows=7034354 fwd_ms=568769.3 eval=0 prior=0
[inst] req=10682368 hits=3642622 fwd=110056 rows=7039730 fwd_ms=569165.9 eval=0 prior=0
[inst] req=10690560 hits=3645469 fwd=110139 rows=7045042 fwd_ms=569557.6 eval=0 prior=0
[inst] req=10698752 hits=3648347 fwd=110222 rows=7050353 fwd_ms=569949.6 eval=0 prior=0
[inst] req=10706944 hits=3651063 fwd=110308 rows=7055857 fwd_ms=570356.0 eval=0 prior=0
[inst] req=10715136 hits=3653916 fwd=110391 rows=7061168 fwd_ms=570749.2 eval=0 prior=0
[inst] req=10723328 hits=3656697 fwd=110476 rows=7066607 fwd_ms=571151.2 eval=0 prior=0
[inst] req=10731520 hits=3659492 fwd=110560 rows=7071983 fwd_ms=571548.5 eval=0 prior=0
[inst] req=10739712 hits=3662273 fwd=110645 rows=7077423 fwd_ms=571950.5 eval=0 prior=0
[inst] req=10747904 hits=3665041 fwd=110729 rows=7082799 fwd_ms=572347.9 eval=0 prior=0
[inst] req=10756096 hits=3667811 fwd=110814 rows=7088239 fwd_ms=572749.3 eval=0 prior=0
[inst] req=10764288 hits=3670719 fwd=110897 rows=7093550 fwd_ms=573141.1 eval=0 prior=0
[inst] req=10772480 hits=3673428 fwd=110982 rows=7098990 fwd_ms=573542.3 eval=0 prior=0
[inst] req=10780672 hits=3676325 fwd=111065 rows=7104301 fwd_ms=573934.1 eval=0 prior=0
[inst] req=10788864 hits=3679340 fwd=111146 rows=7109484 fwd_ms=574316.9 eval=0 prior=0
[inst] req=10797056 hits=3682396 fwd=111226 rows=7114601 fwd_ms=574695.6 eval=0 prior=0
[inst] req=10805248 hits=3685220 fwd=111310 rows=7119977 fwd_ms=575093.2 eval=0 prior=0
[inst] req=10813440 hits=3688005 fwd=111395 rows=7125417 fwd_ms=575494.9 eval=0 prior=0
[inst] req=10821632 hits=3690744 fwd=111480 rows=7130857 fwd_ms=575897.0 eval=0 prior=0
[inst] req=10829824 hits=3693410 fwd=111566 rows=7136361 fwd_ms=576302.9 eval=0 prior=0
[inst] req=10838016 hits=3696279 fwd=111650 rows=7141736 fwd_ms=576699.5 eval=0 prior=0
[inst] req=10846208 hits=3699163 fwd=111732 rows=7146982 fwd_ms=577086.1 eval=0 prior=0
[inst] req=10854400 hits=3702038 fwd=111816 rows=7152358 fwd_ms=577482.4 eval=0 prior=0
[inst] req=10862592 hits=3704828 fwd=111900 rows=7157734 fwd_ms=577878.7 eval=0 prior=0
[inst] req=10870784 hits=3707774 fwd=111982 rows=7162981 fwd_ms=578265.5 eval=0 prior=0
[inst] req=10878976 hits=3710530 fwd=112067 rows=7168421 fwd_ms=578666.3 eval=0 prior=0
[inst] req=10887168 hits=3713328 fwd=112151 rows=7173797 fwd_ms=579062.7 eval=0 prior=0
[inst] req=10895360 hits=3716253 fwd=112233 rows=7179044 fwd_ms=579449.4 eval=0 prior=0
[inst] req=10903552 hits=3719026 fwd=112318 rows=7184484 fwd_ms=579850.4 eval=0 prior=0
[inst] req=10911744 hits=3721782 fwd=112403 rows=7189924 fwd_ms=580251.4 eval=0 prior=0
[inst] req=10919936 hits=3724568 fwd=112488 rows=7195364 fwd_ms=580652.4 eval=0 prior=0
[inst] req=10928128 hits=3727339 fwd=112572 rows=7200740 fwd_ms=581048.8 eval=0 prior=0
[inst] req=10936320 hits=3730199 fwd=112656 rows=7206116 fwd_ms=581445.1 eval=0 prior=0
[inst] req=10944512 hits=3733085 fwd=112738 rows=7211363 fwd_ms=581832.6 eval=0 prior=0
[inst] req=10952704 hits=3735937 fwd=112822 rows=7216739 fwd_ms=582228.8 eval=0 prior=0
[inst] req=10960896 hits=3738790 fwd=112905 rows=7222050 fwd_ms=582620.5 eval=0 prior=0
[inst] req=10969088 hits=3741601 fwd=112989 rows=7227426 fwd_ms=583016.3 eval=0 prior=0
[inst] req=10977280 hits=3744514 fwd=113072 rows=7232736 fwd_ms=583408.3 eval=0 prior=0
[inst] req=10985472 hits=3747393 fwd=113155 rows=7238048 fwd_ms=583799.8 eval=0 prior=0
[inst] req=10993664 hits=3750241 fwd=113238 rows=7243360 fwd_ms=584191.2 eval=0 prior=0
[inst] req=11001856 hits=3753211 fwd=113320 rows=7248607 fwd_ms=584578.5 eval=0 prior=0
[inst] req=11010048 hits=3756149 fwd=113402 rows=7253855 fwd_ms=584965.3 eval=0 prior=0
[inst] req=11018240 hits=3758979 fwd=113486 rows=7259231 fwd_ms=585361.4 eval=0 prior=0
[inst] req=11026432 hits=3761733 fwd=113571 rows=7264671 fwd_ms=585762.2 eval=0 prior=0
[inst] req=11034624 hits=3764568 fwd=113655 rows=7270047 fwd_ms=586159.2 eval=0 prior=0
[inst] req=11042816 hits=3767436 fwd=113738 rows=7275359 fwd_ms=586551.0 eval=0 prior=0
[inst] req=11051008 hits=3770245 fwd=113822 rows=7280735 fwd_ms=586947.5 eval=0 prior=0
[inst] req=11059200 hits=3773067 fwd=113906 rows=7286111 fwd_ms=587344.2 eval=0 prior=0
[inst] req=11067392 hits=3775943 fwd=113989 rows=7291423 fwd_ms=587735.8 eval=0 prior=0
[inst] req=11075584 hits=3778808 fwd=114072 rows=7296735 fwd_ms=588127.3 eval=0 prior=0
[inst] req=11083776 hits=3781814 fwd=114153 rows=7301918 fwd_ms=588509.5 eval=0 prior=0
[inst] req=11091968 hits=3784763 fwd=114235 rows=7307165 fwd_ms=588896.8 eval=0 prior=0
[inst] req=11100160 hits=3787678 fwd=114318 rows=7312476 fwd_ms=589288.5 eval=0 prior=0
[inst] req=11108352 hits=3790657 fwd=114399 rows=7317659 fwd_ms=589670.9 eval=0 prior=0
[inst] req=11116544 hits=3793581 fwd=114481 rows=7322907 fwd_ms=590058.1 eval=0 prior=0
[inst] req=11124736 hits=3796547 fwd=114563 rows=7328154 fwd_ms=590444.9 eval=0 prior=0
[inst] req=11132928 hits=3799426 fwd=114646 rows=7333466 fwd_ms=590836.5 eval=0 prior=0
[inst] req=11141120 hits=3802304 fwd=114729 rows=7338778 fwd_ms=591227.9 eval=0 prior=0
[inst] req=11149312 hits=3805140 fwd=114813 rows=7344154 fwd_ms=591624.3 eval=0 prior=0
[inst] req=11157504 hits=3808171 fwd=114893 rows=7349273 fwd_ms=592001.8 eval=0 prior=0
[inst] req=11165696 hits=3811052 fwd=114976 rows=7354585 fwd_ms=592393.5 eval=0 prior=0
[inst] req=11173888 hits=3813933 fwd=115059 rows=7359897 fwd_ms=592785.3 eval=0 prior=0
[inst] req=11182080 hits=3816962 fwd=115140 rows=7365079 fwd_ms=593168.2 eval=0 prior=0
[inst] req=11190272 hits=3819753 fwd=115224 rows=7370455 fwd_ms=593564.7 eval=0 prior=0
[inst] req=11198464 hits=3822668 fwd=115307 rows=7375767 fwd_ms=593956.8 eval=0 prior=0
[inst] req=11206656 hits=3825408 fwd=115392 rows=7381207 fwd_ms=594358.1 eval=0 prior=0
[inst] req=11214848 hits=3828173 fwd=115477 rows=7386647 fwd_ms=594758.8 eval=0 prior=0
[inst] req=11223040 hits=3830967 fwd=115561 rows=7392023 fwd_ms=595155.0 eval=0 prior=0
[inst] req=11231232 hits=3833797 fwd=115645 rows=7397399 fwd_ms=595551.1 eval=0 prior=0
[inst] req=11239424 hits=3836817 fwd=115726 rows=7402582 fwd_ms=595933.2 eval=0 prior=0
[inst] req=11247616 hits=3839799 fwd=115807 rows=7407765 fwd_ms=596315.2 eval=0 prior=0
[inst] req=11255808 hits=3842670 fwd=115890 rows=7413077 fwd_ms=596706.7 eval=0 prior=0
[inst] req=11264000 hits=3845550 fwd=115973 rows=7418389 fwd_ms=597097.9 eval=0 prior=0
[inst] req=11272192 hits=3848368 fwd=116057 rows=7423765 fwd_ms=597493.9 eval=0 prior=0
[inst] req=11280384 hits=3851128 fwd=116142 rows=7429205 fwd_ms=597894.7 eval=0 prior=0
[inst] req=11288576 hits=3854233 fwd=116222 rows=7434322 fwd_ms=598272.2 eval=0 prior=0
[inst] req=11296768 hits=3856958 fwd=116307 rows=7439762 fwd_ms=598673.3 eval=0 prior=0
[inst] req=11304960 hits=3859840 fwd=116390 rows=7445073 fwd_ms=599065.2 eval=0 prior=0
[inst] req=11313152 hits=3862713 fwd=116473 rows=7450384 fwd_ms=599456.9 eval=0 prior=0
[inst] req=11321344 hits=3865449 fwd=116559 rows=7455888 fwd_ms=599862.5 eval=0 prior=0
[inst] req=11329536 hits=3868387 fwd=116641 rows=7461135 fwd_ms=600249.2 eval=0 prior=0
[inst] req=11337728 hits=3871223 fwd=116724 rows=7466447 fwd_ms=600640.7 eval=0 prior=0
[inst] req=11345920 hits=3874140 fwd=116807 rows=7471756 fwd_ms=601032.7 eval=0 prior=0
[inst] req=11354112 hits=3876921 fwd=116891 rows=7477132 fwd_ms=601429.0 eval=0 prior=0
[inst] req=11362304 hits=3879656 fwd=116977 rows=7482636 fwd_ms=601834.6 eval=0 prior=0
[inst] req=11370496 hits=3882742 fwd=117056 rows=7487691 fwd_ms=602207.7 eval=0 prior=0
[inst] req=11378688 hits=3885633 fwd=117139 rows=7493002 fwd_ms=602599.2 eval=0 prior=0
[inst] req=11386880 hits=3888403 fwd=117224 rows=7498442 fwd_ms=603000.0 eval=0 prior=0
[inst] req=11395072 hits=3891354 fwd=117306 rows=7503689 fwd_ms=603387.0 eval=0 prior=0
[inst] req=11403264 hits=3894066 fwd=117392 rows=7509193 fwd_ms=603792.4 eval=0 prior=0
[inst] req=11411456 hits=3896858 fwd=117476 rows=7514569 fwd_ms=604188.4 eval=0 prior=0
[inst] req=11419648 hits=3899652 fwd=117560 rows=7519945 fwd_ms=604584.5 eval=0 prior=0
[inst] req=11427840 hits=3902445 fwd=117645 rows=7525385 fwd_ms=604985.3 eval=0 prior=0
[inst] req=11436032 hits=3905214 fwd=117729 rows=7530761 fwd_ms=605381.5 eval=0 prior=0
[inst] req=11444224 hits=3908216 fwd=117810 rows=7535944 fwd_ms=605763.7 eval=0 prior=0
[inst] req=11452416 hits=3911008 fwd=117895 rows=7541382 fwd_ms=606164.5 eval=0 prior=0
[inst] req=11460608 hits=3913824 fwd=117979 rows=7546758 fwd_ms=606560.5 eval=0 prior=0
[inst] req=11468800 hits=3916640 fwd=118063 rows=7552134 fwd_ms=606956.3 eval=0 prior=0
[inst] req=11476992 hits=3919473 fwd=118147 rows=7557510 fwd_ms=607352.4 eval=0 prior=0
[inst] req=11485184 hits=3922341 fwd=118230 rows=7562822 fwd_ms=607743.8 eval=0 prior=0
[inst] req=11493376 hits=3925347 fwd=118311 rows=7568005 fwd_ms=608126.3 eval=0 prior=0
[inst] req=11501568 hits=3928078 fwd=118396 rows=7573445 fwd_ms=608527.0 eval=0 prior=0
[inst] req=11509760 hits=3930858 fwd=118481 rows=7578885 fwd_ms=608927.5 eval=0 prior=0
[inst] req=11517952 hits=3933642 fwd=118565 rows=7584261 fwd_ms=609323.5 eval=0 prior=0
[inst] req=11526144 hits=3936519 fwd=118648 rows=7589573 fwd_ms=609714.8 eval=0 prior=0
[inst] req=11534336 hits=3939342 fwd=118732 rows=7594940 fwd_ms=610110.8 eval=0 prior=0
[inst] req=11542528 hits=3942184 fwd=118816 rows=7600316 fwd_ms=610506.9 eval=0 prior=0
[inst] req=11550720 hits=3944958 fwd=118901 rows=7605756 fwd_ms=610907.8 eval=0 prior=0
[inst] req=11558912 hits=3947847 fwd=118983 rows=7611004 fwd_ms=611294.7 eval=0 prior=0
[inst] req=11567104 hits=3950781 fwd=119066 rows=7616315 fwd_ms=611686.6 eval=0 prior=0
[inst] req=11575296 hits=3953493 fwd=119151 rows=7621753 fwd_ms=612087.4 eval=0 prior=0
[inst] req=11583488 hits=3956484 fwd=119233 rows=7627000 fwd_ms=612474.4 eval=0 prior=0
[inst] req=11591680 hits=3959231 fwd=119318 rows=7632440 fwd_ms=612874.9 eval=0 prior=0
[inst] req=11599872 hits=3961959 fwd=119403 rows=7637880 fwd_ms=613275.6 eval=0 prior=0
[inst] req=11608064 hits=3964843 fwd=119486 rows=7643192 fwd_ms=613666.9 eval=0 prior=0
[inst] req=11616256 hits=3967624 fwd=119570 rows=7648568 fwd_ms=614062.7 eval=0 prior=0
[inst] req=11624448 hits=3970400 fwd=119655 rows=7654008 fwd_ms=614463.4 eval=0 prior=0
[inst] req=11632640 hits=3973253 fwd=119739 rows=7659383 fwd_ms=614859.5 eval=0 prior=0
[inst] req=11640832 hits=3976037 fwd=119823 rows=7664759 fwd_ms=615255.7 eval=0 prior=0
[inst] req=11649024 hits=3978864 fwd=119907 rows=7670135 fwd_ms=615651.8 eval=0 prior=0
[inst] req=11657216 hits=3981556 fwd=119993 rows=7675639 fwd_ms=616057.9 eval=0 prior=0
[inst] req=11665408 hits=3984479 fwd=120075 rows=7680886 fwd_ms=616447.0 eval=0 prior=0
[inst] req=11673600 hits=3987463 fwd=120157 rows=7686131 fwd_ms=616835.9 eval=0 prior=0
[inst] req=11681792 hits=3990252 fwd=120241 rows=7691501 fwd_ms=617234.0 eval=0 prior=0
[inst] req=11689984 hits=3993009 fwd=120326 rows=7696941 fwd_ms=617636.7 eval=0 prior=0
[inst] req=11698176 hits=3996002 fwd=120407 rows=7702125 fwd_ms=618020.6 eval=0 prior=0
[inst] req=11706368 hits=3998868 fwd=120490 rows=7707437 fwd_ms=618413.7 eval=0 prior=0
[inst] req=11714560 hits=4001751 fwd=120574 rows=7712807 fwd_ms=618811.6 eval=0 prior=0
[inst] req=11722752 hits=4004637 fwd=120656 rows=7718054 fwd_ms=619199.4 eval=0 prior=0
[inst] req=11730944 hits=4007472 fwd=120740 rows=7723409 fwd_ms=619595.3 eval=0 prior=0
[inst] req=11739136 hits=4010275 fwd=120826 rows=7728858 fwd_ms=619998.1 eval=0 prior=0
[inst] req=11747328 hits=4013230 fwd=120907 rows=7734038 fwd_ms=620380.7 eval=0 prior=0
[inst] req=11755520 hits=4015971 fwd=120993 rows=7739532 fwd_ms=621913.3 eval=0 prior=0
[inst] req=11763712 hits=4018814 fwd=121077 rows=7744844 fwd_ms=624524.1 eval=0 prior=0
[inst] req=11771904 hits=4022108 fwd=121155 rows=7749738 fwd_ms=627313.3 eval=0 prior=0
[inst] req=11780096 hits=4024957 fwd=121239 rows=7755076 fwd_ms=630143.8 eval=0 prior=0
[inst] req=11788288 hits=4027708 fwd=121325 rows=7760529 fwd_ms=633174.1 eval=0 prior=0
[inst] req=11796480 hits=4030411 fwd=121411 rows=7766013 fwd_ms=634734.8 eval=0 prior=0
[inst] req=11804672 hits=4032392 fwd=121513 rows=7772222 fwd_ms=635339.9 eval=0 prior=0
[inst] req=11812864 hits=4035004 fwd=121601 rows=7777854 fwd_ms=635755.8 eval=0 prior=0
[inst] req=11821056 hits=4037745 fwd=121686 rows=7783294 fwd_ms=636157.7 eval=0 prior=0
[inst] req=11829248 hits=4040621 fwd=121769 rows=7788606 fwd_ms=636550.2 eval=0 prior=0
[inst] req=11837440 hits=4043336 fwd=121854 rows=7794046 fwd_ms=636951.7 eval=0 prior=0
[inst] req=11845632 hits=4046092 fwd=121939 rows=7799486 fwd_ms=637353.9 eval=0 prior=0
[inst] req=11853824 hits=4048952 fwd=122023 rows=7804861 fwd_ms=637751.1 eval=0 prior=0
[inst] req=11862016 hits=4051792 fwd=122106 rows=7810173 fwd_ms=638143.4 eval=0 prior=0
[inst] req=11870208 hits=4054628 fwd=122190 rows=7815549 fwd_ms=638540.4 eval=0 prior=0
[inst] req=11878400 hits=4057383 fwd=122275 rows=7820989 fwd_ms=638941.9 eval=0 prior=0
[inst] req=11886592 hits=4060120 fwd=122360 rows=7826429 fwd_ms=639343.1 eval=0 prior=0
[inst] req=11894784 hits=4063099 fwd=122442 rows=7831676 fwd_ms=639730.4 eval=0 prior=0
[inst] req=11902976 hits=4065981 fwd=122525 rows=7836988 fwd_ms=640122.4 eval=0 prior=0
[inst] req=11911168 hits=4068791 fwd=122609 rows=7842364 fwd_ms=640519.3 eval=0 prior=0
[inst] req=11919360 hits=4071565 fwd=122693 rows=7847740 fwd_ms=640915.9 eval=0 prior=0
[inst] req=11927552 hits=4074465 fwd=122776 rows=7853048 fwd_ms=641307.9 eval=0 prior=0
[inst] req=11935744 hits=4077378 fwd=122859 rows=7858359 fwd_ms=641700.0 eval=0 prior=0
[inst] req=11943936 hits=4080292 fwd=122941 rows=7863607 fwd_ms=642087.0 eval=0 prior=0
[inst] req=11952128 hits=4083311 fwd=123022 rows=7868790 fwd_ms=642469.1 eval=0 prior=0
[inst] req=11960320 hits=4086227 fwd=123104 rows=7874037 fwd_ms=642856.3 eval=0 prior=0
[inst] req=11968512 hits=4089252 fwd=123185 rows=7879220 fwd_ms=643238.6 eval=0 prior=0
[inst] req=11976704 hits=4092172 fwd=123268 rows=7884528 fwd_ms=643630.6 eval=0 prior=0
[inst] req=11984896 hits=4094962 fwd=123352 rows=7889904 fwd_ms=644027.1 eval=0 prior=0
[inst] req=11993088 hits=4097732 fwd=123437 rows=7895344 fwd_ms=644427.9 eval=0 prior=0
[inst] req=12001280 hits=4100689 fwd=123518 rows=7900527 fwd_ms=644809.9 eval=0 prior=0
[inst] req=12009472 hits=4103504 fwd=123603 rows=7905967 fwd_ms=645210.5 eval=0 prior=0
[inst] req=12017664 hits=4106340 fwd=123686 rows=7911279 fwd_ms=645601.2 eval=0 prior=0
[inst] req=12025856 hits=4109258 fwd=123769 rows=7916590 fwd_ms=645992.2 eval=0 prior=0
[inst] req=12034048 hits=4112269 fwd=123850 rows=7921774 fwd_ms=646373.7 eval=0 prior=0
[inst] req=12042240 hits=4115184 fwd=123932 rows=7927021 fwd_ms=646759.8 eval=0 prior=0
[inst] req=12050432 hits=4117965 fwd=124017 rows=7932461 fwd_ms=647159.8 eval=0 prior=0
[inst] req=12058624 hits=4120896 fwd=124099 rows=7937709 fwd_ms=647546.2 eval=0 prior=0
[inst] req=12066816 hits=4123752 fwd=124182 rows=7943021 fwd_ms=647937.1 eval=0 prior=0
[inst] req=12075008 hits=4126738 fwd=124264 rows=7948266 fwd_ms=648324.6 eval=0 prior=0
[inst] req=12083200 hits=4129552 fwd=124348 rows=7953642 fwd_ms=648719.5 eval=0 prior=0
[inst] req=12091392 hits=4132331 fwd=124432 rows=7959018 fwd_ms=649115.5 eval=0 prior=0
[inst] req=12099584 hits=4135240 fwd=124515 rows=7964329 fwd_ms=649507.3 eval=0 prior=0
[inst] req=12107776 hits=4138161 fwd=124597 rows=7969577 fwd_ms=649893.5 eval=0 prior=0
[inst] req=12115968 hits=4141074 fwd=124680 rows=7974888 fwd_ms=650284.4 eval=0 prior=0
[inst] req=12124160 hits=4143900 fwd=124763 rows=7980200 fwd_ms=650675.2 eval=0 prior=0
[inst] req=12132352 hits=4146866 fwd=124845 rows=7985447 fwd_ms=651061.1 eval=0 prior=0
[inst] req=12140544 hits=4149695 fwd=124929 rows=7990823 fwd_ms=651456.8 eval=0 prior=0
[inst] req=12148736 hits=4152727 fwd=125010 rows=7995999 fwd_ms=651838.3 eval=0 prior=0
[inst] req=12156928 hits=4155588 fwd=125093 rows=8001295 fwd_ms=652229.0 eval=0 prior=0
[inst] req=12165120 hits=4158287 fwd=125179 rows=8006799 fwd_ms=652633.8 eval=0 prior=0
[inst] req=12173312 hits=4161048 fwd=125264 rows=8012239 fwd_ms=653034.0 eval=0 prior=0
[inst] req=12181504 hits=4163843 fwd=125348 rows=8017615 fwd_ms=653429.7 eval=0 prior=0
[inst] req=12189696 hits=4166977 fwd=125427 rows=8022660 fwd_ms=653802.0 eval=0 prior=0
[inst] req=12197888 hits=4169768 fwd=125512 rows=8028100 fwd_ms=654202.0 eval=0 prior=0
[inst] req=12206080 hits=4172576 fwd=125596 rows=8033476 fwd_ms=654597.8 eval=0 prior=0
[inst] req=12214272 hits=4175498 fwd=125678 rows=8038723 fwd_ms=654984.2 eval=0 prior=0
[inst] req=12222464 hits=4178583 fwd=125758 rows=8043843 fwd_ms=655361.4 eval=0 prior=0
[inst] req=12230656 hits=4181393 fwd=125842 rows=8049219 fwd_ms=655757.3 eval=0 prior=0
[inst] req=12238848 hits=4184249 fwd=125926 rows=8054595 fwd_ms=656153.1 eval=0 prior=0
[inst] req=12247040 hits=4187052 fwd=126010 rows=8059971 fwd_ms=656549.1 eval=0 prior=0
[inst] req=12255232 hits=4190106 fwd=126090 rows=8065090 fwd_ms=656926.4 eval=0 prior=0
[inst] req=12263424 hits=4192922 fwd=126174 rows=8070466 fwd_ms=657322.2 eval=0 prior=0
[inst] req=12271616 hits=4195938 fwd=126255 rows=8075649 fwd_ms=657704.4 eval=0 prior=0
[inst] req=12279808 hits=4198920 fwd=126336 rows=8080832 fwd_ms=658086.7 eval=0 prior=0
[inst] req=12288000 hits=4201986 fwd=126416 rows=8085950 fwd_ms=658466.5 eval=0 prior=0
[inst] req=12296192 hits=4205126 fwd=126495 rows=8091003 fwd_ms=658840.6 eval=0 prior=0
[inst] req=12304384 hits=4208025 fwd=126578 rows=8096314 fwd_ms=659232.0 eval=0 prior=0
[inst] req=12312576 hits=4210877 fwd=126662 rows=8101690 fwd_ms=659628.1 eval=0 prior=0
[inst] req=12320768 hits=4213765 fwd=126745 rows=8107002 fwd_ms=660020.2 eval=0 prior=0
[inst] req=12328960 hits=4216744 fwd=126826 rows=8112185 fwd_ms=660403.1 eval=0 prior=0
[inst] req=12337152 hits=4219689 fwd=126908 rows=8117432 fwd_ms=660790.6 eval=0 prior=0
[inst] req=12345344 hits=4222744 fwd=126988 rows=8122552 fwd_ms=661168.5 eval=0 prior=0
[inst] req=12353536 hits=4225717 fwd=127070 rows=8127800 fwd_ms=661555.8 eval=0 prior=0
[inst] req=12361728 hits=4228768 fwd=127150 rows=8132918 fwd_ms=661933.9 eval=0 prior=0
[inst] req=12369920 hits=4231809 fwd=127231 rows=8138102 fwd_ms=662317.9 eval=0 prior=0
[inst] req=12378112 hits=4234730 fwd=127313 rows=8143350 fwd_ms=662704.9 eval=0 prior=0
[inst] req=12386304 hits=4237696 fwd=127395 rows=8148578 fwd_ms=663091.8 eval=0 prior=0
[inst] req=12394496 hits=4240676 fwd=127476 rows=8153761 fwd_ms=663474.4 eval=0 prior=0
[inst] req=12402688 hits=4243703 fwd=127557 rows=8158944 fwd_ms=663857.2 eval=0 prior=0
[inst] req=12410880 hits=4246583 fwd=127640 rows=8164256 fwd_ms=664249.2 eval=0 prior=0
[inst] req=12419072 hits=4249646 fwd=127720 rows=8169374 fwd_ms=664627.5 eval=0 prior=0
[inst] req=12427264 hits=4252620 fwd=127802 rows=8174622 fwd_ms=665015.2 eval=0 prior=0
[inst] req=12435456 hits=4255556 fwd=127884 rows=8179868 fwd_ms=665402.1 eval=0 prior=0
[inst] req=12443648 hits=4258428 fwd=127967 rows=8185180 fwd_ms=665794.2 eval=0 prior=0
[inst] req=12451840 hits=4261407 fwd=128049 rows=8190427 fwd_ms=666181.4 eval=0 prior=0
[inst] req=12460032 hits=4264341 fwd=128131 rows=8195675 fwd_ms=666568.3 eval=0 prior=0
[inst] req=12468224 hits=4267247 fwd=128213 rows=8200923 fwd_ms=666955.4 eval=0 prior=0
[inst] req=12476416 hits=4270269 fwd=128294 rows=8206106 fwd_ms=667338.0 eval=0 prior=0
[inst] req=12484608 hits=4273270 fwd=128375 rows=8211289 fwd_ms=667720.4 eval=0 prior=0
[inst] req=12492800 hits=4276152 fwd=128458 rows=8216601 fwd_ms=668112.2 eval=0 prior=0
[inst] req=12500992 hits=4279146 fwd=128539 rows=8221784 fwd_ms=668494.7 eval=0 prior=0
[inst] req=12509184 hits=4282021 fwd=128623 rows=8227160 fwd_ms=668891.2 eval=0 prior=0
[inst] req=12517376 hits=4284848 fwd=128706 rows=8232472 fwd_ms=669283.2 eval=0 prior=0
[inst] req=12525568 hits=4287667 fwd=128790 rows=8237848 fwd_ms=669679.9 eval=0 prior=0
[inst] req=12533760 hits=4290471 fwd=128875 rows=8243288 fwd_ms=670081.7 eval=0 prior=0
[inst] req=12541952 hits=4293223 fwd=128960 rows=8248728 fwd_ms=670483.3 eval=0 prior=0
[inst] req=12550144 hits=4296008 fwd=129044 rows=8254104 fwd_ms=670879.7 eval=0 prior=0
[inst] req=12558336 hits=4298908 fwd=129127 rows=8259416 fwd_ms=671271.4 eval=0 prior=0
[inst] req=12566528 hits=4301641 fwd=129212 rows=8264856 fwd_ms=671672.6 eval=0 prior=0
[inst] req=12574720 hits=4304435 fwd=129296 rows=8270232 fwd_ms=672069.2 eval=0 prior=0
[inst] req=12582912 hits=4307427 fwd=129378 rows=8275479 fwd_ms=672456.9 eval=0 prior=0
[inst] req=12591104 hits=4310597 fwd=129456 rows=8280470 fwd_ms=672825.3 eval=0 prior=0
[inst] req=12599296 hits=4313525 fwd=129538 rows=8285718 fwd_ms=673212.6 eval=0 prior=0
[inst] req=12607488 hits=4316479 fwd=129620 rows=8290965 fwd_ms=673600.2 eval=0 prior=0
[inst] req=12615680 hits=4319422 fwd=129702 rows=8296213 fwd_ms=673987.3 eval=0 prior=0
[inst] req=12623872 hits=4322238 fwd=129786 rows=8301589 fwd_ms=674383.5 eval=0 prior=0
[inst] req=12632064 hits=4325060 fwd=129870 rows=8306965 fwd_ms=674779.9 eval=0 prior=0
[inst] req=12640256 hits=4327889 fwd=129954 rows=8312341 fwd_ms=675176.2 eval=0 prior=0
[inst] req=12648448 hits=4330792 fwd=130037 rows=8317644 fwd_ms=675567.8 eval=0 prior=0
[inst] req=12656640 hits=4333706 fwd=130119 rows=8322892 fwd_ms=675954.9 eval=0 prior=0
[inst] req=12664832 hits=4336503 fwd=130203 rows=8328268 fwd_ms=676351.5 eval=0 prior=0
[inst] req=12673024 hits=4339471 fwd=130285 rows=8333514 fwd_ms=676739.1 eval=0 prior=0
[inst] req=12681216 hits=4342428 fwd=130367 rows=8338761 fwd_ms=677126.2 eval=0 prior=0
[inst] req=12689408 hits=4345277 fwd=130450 rows=8344072 fwd_ms=677518.2 eval=0 prior=0
[inst] req=12697600 hits=4348064 fwd=130535 rows=8349512 fwd_ms=677919.6 eval=0 prior=0
[inst] req=12705792 hits=4351073 fwd=130616 rows=8354694 fwd_ms=678302.7 eval=0 prior=0
[inst] req=12713984 hits=4353899 fwd=130700 rows=8360070 fwd_ms=678699.3 eval=0 prior=0
[inst] req=12722176 hits=4356887 fwd=130781 rows=8365252 fwd_ms=679081.9 eval=0 prior=0
[inst] req=12730368 hits=4359683 fwd=130865 rows=8370628 fwd_ms=679479.2 eval=0 prior=0
[inst] req=12738560 hits=4362423 fwd=130951 rows=8376132 fwd_ms=679885.4 eval=0 prior=0
[inst] req=12746752 hits=4365123 fwd=131036 rows=8381572 fwd_ms=680287.1 eval=0 prior=0
[inst] req=12754944 hits=4367828 fwd=131122 rows=8387076 fwd_ms=680693.7 eval=0 prior=0
[inst] req=12763136 hits=4370705 fwd=131205 rows=8392388 fwd_ms=681086.0 eval=0 prior=0
[inst] req=12771328 hits=4373481 fwd=131290 rows=8397828 fwd_ms=681487.5 eval=0 prior=0
[inst] req=12779520 hits=4376364 fwd=131373 rows=8403139 fwd_ms=681880.0 eval=0 prior=0
[inst] req=12787712 hits=4379141 fwd=131457 rows=8408514 fwd_ms=682277.7 eval=0 prior=0
[inst] req=12795904 hits=4382055 fwd=131540 rows=8413825 fwd_ms=682670.1 eval=0 prior=0
[inst] req=12804096 hits=4384839 fwd=131624 rows=8419201 fwd_ms=683067.0 eval=0 prior=0
[inst] req=12812288 hits=4387654 fwd=131708 rows=8424577 fwd_ms=683463.6 eval=0 prior=0
[inst] req=12820480 hits=4390580 fwd=131791 rows=8429889 fwd_ms=683856.2 eval=0 prior=0
[inst] req=12828672 hits=4393703 fwd=131870 rows=8434944 fwd_ms=684230.2 eval=0 prior=0
[inst] req=12836864 hits=4396568 fwd=131953 rows=8440256 fwd_ms=684622.8 eval=0 prior=0
[inst] req=12845056 hits=4399618 fwd=132033 rows=8445374 fwd_ms=685001.3 eval=0 prior=0
[inst] req=12853248 hits=4402649 fwd=132114 rows=8450556 fwd_ms=685384.5 eval=0 prior=0
[inst] req=12861440 hits=4405468 fwd=132198 rows=8455932 fwd_ms=685781.3 eval=0 prior=0
[inst] req=12869632 hits=4408425 fwd=132280 rows=8461174 fwd_ms=686168.8 eval=0 prior=0
[inst] req=12877824 hits=4411223 fwd=132364 rows=8466550 fwd_ms=686565.7 eval=0 prior=0
[inst] req=12886016 hits=4414029 fwd=132448 rows=8471926 fwd_ms=686962.4 eval=0 prior=0
[inst] req=12894208 hits=4416799 fwd=132533 rows=8477366 fwd_ms=687364.1 eval=0 prior=0
[inst] req=12902400 hits=4419598 fwd=132617 rows=8482742 fwd_ms=687761.4 eval=0 prior=0
[inst] req=12910592 hits=4422385 fwd=132702 rows=8488182 fwd_ms=688163.6 eval=0 prior=0
[inst] req=12918784 hits=4425362 fwd=132783 rows=8493366 fwd_ms=688546.6 eval=0 prior=0
[inst] req=12926976 hits=4428047 fwd=132869 rows=8498870 fwd_ms=688953.4 eval=0 prior=0
[inst] req=12935168 hits=4430811 fwd=132954 rows=8504310 fwd_ms=689355.6 eval=0 prior=0
[inst] req=12943360 hits=4433750 fwd=133036 rows=8509555 fwd_ms=689744.1 eval=0 prior=0
[inst] req=12951552 hits=4436535 fwd=133121 rows=8514994 fwd_ms=690146.4 eval=0 prior=0
[inst] req=12959744 hits=4439438 fwd=133203 rows=8520242 fwd_ms=690534.4 eval=0 prior=0
[inst] req=12967936 hits=4442162 fwd=133289 rows=8525746 fwd_ms=690941.0 eval=0 prior=0
[inst] req=12976128 hits=4444910 fwd=133374 rows=8531186 fwd_ms=691342.8 eval=0 prior=0
[inst] req=12984320 hits=4447598 fwd=133460 rows=8536690 fwd_ms=691749.5 eval=0 prior=0
[inst] req=12992512 hits=4450575 fwd=133541 rows=8541874 fwd_ms=692132.7 eval=0 prior=0
[inst] req=13000704 hits=4453372 fwd=133626 rows=8547314 fwd_ms=692534.9 eval=0 prior=0
[inst] req=13008896 hits=4456209 fwd=133709 rows=8552626 fwd_ms=692927.6 eval=0 prior=0
[inst] req=13017088 hits=4459017 fwd=133794 rows=8558065 fwd_ms=693329.6 eval=0 prior=0
[inst] req=13025280 hits=4461917 fwd=133876 rows=8563312 fwd_ms=693717.1 eval=0 prior=0
[inst] req=13033472 hits=4464692 fwd=133961 rows=8568751 fwd_ms=694119.1 eval=0 prior=0
[inst] req=13041664 hits=4467413 fwd=134046 rows=8574191 fwd_ms=694521.0 eval=0 prior=0
[inst] req=13049856 hits=4470073 fwd=134133 rows=8579759 fwd_ms=694932.6 eval=0 prior=0
[inst] req=13058048 hits=4472789 fwd=134218 rows=8585199 fwd_ms=695334.6 eval=0 prior=0
[inst] req=13066240 hits=4475455 fwd=134305 rows=8590767 fwd_ms=695746.1 eval=0 prior=0
[inst] req=13074432 hits=4478131 fwd=134391 rows=8596271 fwd_ms=696152.5 eval=0 prior=0
[inst] req=13082624 hits=4480923 fwd=134475 rows=8601646 fwd_ms=696549.5 eval=0 prior=0
[inst] req=13090816 hits=4483601 fwd=134562 rows=8607214 fwd_ms=696960.7 eval=0 prior=0
[inst] req=13099008 hits=4486365 fwd=134646 rows=8612590 fwd_ms=697357.8 eval=0 prior=0
[inst] req=13107200 hits=4489030 fwd=134733 rows=8618158 fwd_ms=697769.0 eval=0 prior=0
[inst] req=13115392 hits=4492010 fwd=134814 rows=8623340 fwd_ms=698152.5 eval=0 prior=0
[inst] req=13123584 hits=4494706 fwd=134900 rows=8628844 fwd_ms=698558.8 eval=0 prior=0
[inst] req=13131776 hits=4497495 fwd=134984 rows=8634219 fwd_ms=698956.0 eval=0 prior=0
[inst] req=13139968 hits=4500422 fwd=135067 rows=8639529 fwd_ms=699349.0 eval=0 prior=0
[inst] req=13148160 hits=4503036 fwd=135154 rows=8645097 fwd_ms=699760.3 eval=0 prior=0
[inst] req=13156352 hits=4505782 fwd=135239 rows=8650536 fwd_ms=700162.3 eval=0 prior=0
[inst] req=13164544 hits=4508473 fwd=135325 rows=8656039 fwd_ms=700568.8 eval=0 prior=0
[inst] req=13172736 hits=4511481 fwd=135406 rows=8661220 fwd_ms=700951.7 eval=0 prior=0
[inst] req=13180928 hits=4514213 fwd=135491 rows=8666659 fwd_ms=701353.3 eval=0 prior=0
[inst] req=13189120 hits=4516902 fwd=135577 rows=8672163 fwd_ms=701760.8 eval=0 prior=0
[inst] req=13197312 hits=4519538 fwd=135664 rows=8677731 fwd_ms=702173.9 eval=0 prior=0
[inst] req=13205504 hits=4522222 fwd=135750 rows=8683235 fwd_ms=702580.8 eval=0 prior=0
[inst] req=13213696 hits=4524942 fwd=135836 rows=8688739 fwd_ms=702987.5 eval=0 prior=0
[inst] req=13221888 hits=4527651 fwd=135921 rows=8694179 fwd_ms=703389.6 eval=0 prior=0
[inst] req=13230080 hits=4530355 fwd=136007 rows=8699683 fwd_ms=703796.5 eval=0 prior=0
[inst] req=13238272 hits=4533254 fwd=136090 rows=8704988 fwd_ms=704189.3 eval=0 prior=0
[inst] req=13246464 hits=4536312 fwd=136170 rows=8710106 fwd_ms=704567.8 eval=0 prior=0
[inst] req=13254656 hits=4539009 fwd=136256 rows=8715610 fwd_ms=704974.1 eval=0 prior=0
[inst] req=13262848 hits=4541670 fwd=136342 rows=8721114 fwd_ms=705380.8 eval=0 prior=0
[inst] req=13271040 hits=4544453 fwd=136427 rows=8726553 fwd_ms=705782.9 eval=0 prior=0
[inst] req=13279232 hits=4547231 fwd=136512 rows=8731993 fwd_ms=706185.1 eval=0 prior=0
[inst] req=13287424 hits=4549910 fwd=136598 rows=8737497 fwd_ms=706591.7 eval=0 prior=0
[inst] req=13295616 hits=4552637 fwd=136683 rows=8742937 fwd_ms=706993.5 eval=0 prior=0
[inst] req=13303808 hits=4555605 fwd=136765 rows=8748183 fwd_ms=707381.9 eval=0 prior=0
[inst] req=13312000 hits=4558251 fwd=136851 rows=8753687 fwd_ms=707788.4 eval=0 prior=0
[inst] req=13320192 hits=4561064 fwd=136936 rows=8759125 fwd_ms=708190.3 eval=0 prior=0
[inst] req=13328384 hits=4563970 fwd=137018 rows=8764370 fwd_ms=708578.2 eval=0 prior=0
[inst] req=13336576 hits=4566783 fwd=137102 rows=8769736 fwd_ms=708977.0 eval=0 prior=0
[inst] req=13344768 hits=4569607 fwd=137186 rows=8775104 fwd_ms=709375.8 eval=0 prior=0
[inst] req=13352960 hits=4572302 fwd=137272 rows=8780608 fwd_ms=709784.3 eval=0 prior=0
[inst] req=13361152 hits=4575187 fwd=137355 rows=8785913 fwd_ms=710178.5 eval=0 prior=0
[inst] req=13369344 hits=4577901 fwd=137441 rows=8791415 fwd_ms=710587.0 eval=0 prior=0
[inst] req=13377536 hits=4580623 fwd=137526 rows=8796855 fwd_ms=710990.7 eval=0 prior=0
[inst] req=13385728 hits=4583302 fwd=137613 rows=8802409 fwd_ms=711404.2 eval=0 prior=0
[inst] req=13393920 hits=4586058 fwd=137698 rows=8807844 fwd_ms=711806.9 eval=0 prior=0
[inst] req=13402112 hits=4588799 fwd=137783 rows=8813281 fwd_ms=712209.5 eval=0 prior=0
[inst] req=13410304 hits=4591615 fwd=137867 rows=8818656 fwd_ms=712607.6 eval=0 prior=0
[inst] req=13418496 hits=4594409 fwd=137951 rows=8824031 fwd_ms=713005.4 eval=0 prior=0
[inst] req=13426688 hits=4597117 fwd=138037 rows=8829512 fwd_ms=713966.2 eval=0 prior=0
[inst] req=13434880 hits=4599687 fwd=138126 rows=8835144 fwd_ms=717167.5 eval=0 prior=0
[inst] req=13443072 hits=4602386 fwd=138212 rows=8840635 fwd_ms=720386.6 eval=0 prior=0
[inst] req=13451264 hits=4605159 fwd=138299 rows=8846080 fwd_ms=723391.4 eval=0 prior=0
[inst] req=13459456 hits=4607858 fwd=138385 rows=8851542 fwd_ms=726404.8 eval=0 prior=0
[inst] req=13467648 hits=4610619 fwd=138470 rows=8856968 fwd_ms=727381.3 eval=0 prior=0
[inst] req=13475840 hits=4612536 fwd=138575 rows=8863292 fwd_ms=727973.5 eval=0 prior=0
[inst] req=13484032 hits=4615214 fwd=138661 rows=8868796 fwd_ms=728381.8 eval=0 prior=0
[inst] req=13492224 hits=4617887 fwd=138747 rows=8874300 fwd_ms=728790.3 eval=0 prior=0
[inst] req=13500416 hits=4620646 fwd=138832 rows=8879740 fwd_ms=729193.9 eval=0 prior=0
[inst] req=13508608 hits=4623357 fwd=138918 rows=8885244 fwd_ms=729602.1 eval=0 prior=0
[inst] req=13516800 hits=4626089 fwd=139003 rows=8890684 fwd_ms=730005.4 eval=0 prior=0
[inst] req=13524992 hits=4628783 fwd=139089 rows=8896188 fwd_ms=730412.2 eval=0 prior=0
[inst] req=13533184 hits=4631622 fwd=139172 rows=8901500 fwd_ms=730804.8 eval=0 prior=0
[inst] req=13541376 hits=4634421 fwd=139257 rows=8906940 fwd_ms=731206.6 eval=0 prior=0
[inst] req=13549568 hits=4637157 fwd=139342 rows=8912380 fwd_ms=731608.3 eval=0 prior=0
[inst] req=13557760 hits=4639888 fwd=139427 rows=8917820 fwd_ms=732010.5 eval=0 prior=0
[inst] req=13565952 hits=4642592 fwd=139513 rows=8923324 fwd_ms=732417.2 eval=0 prior=0
[inst] req=13574144 hits=4645355 fwd=139598 rows=8928764 fwd_ms=732819.0 eval=0 prior=0
[inst] req=13582336 hits=4648328 fwd=139679 rows=8933947 fwd_ms=733202.0 eval=0 prior=0
[inst] req=13590528 hits=4651050 fwd=139765 rows=8939451 fwd_ms=733608.2 eval=0 prior=0
[inst] req=13598720 hits=4653976 fwd=139847 rows=8944699 fwd_ms=733995.2 eval=0 prior=0
[inst] req=13606912 hits=4656859 fwd=139930 rows=8950011 fwd_ms=734387.1 eval=0 prior=0
[inst] req=13615104 hits=4659675 fwd=140014 rows=8955387 fwd_ms=734783.2 eval=0 prior=0
[inst] req=13623296 hits=4662486 fwd=140098 rows=8960763 fwd_ms=735179.6 eval=0 prior=0
[inst] req=13631488 hits=4665349 fwd=140181 rows=8966075 fwd_ms=735571.4 eval=0 prior=0
[inst] req=13639680 hits=4668115 fwd=140266 rows=8971513 fwd_ms=735972.8 eval=0 prior=0
[inst] req=13647872 hits=4670799 fwd=140352 rows=8977017 fwd_ms=736379.0 eval=0 prior=0
[inst] req=13656064 hits=4673459 fwd=140439 rows=8982585 fwd_ms=736790.0 eval=0 prior=0
[inst] req=13664256 hits=4676191 fwd=140524 rows=8988025 fwd_ms=737190.9 eval=0 prior=0
[inst] req=13672448 hits=4678899 fwd=140610 rows=8993529 fwd_ms=737596.9 eval=0 prior=0
[inst] req=13680640 hits=4681716 fwd=140694 rows=8998902 fwd_ms=737993.2 eval=0 prior=0
[inst] req=13688832 hits=4684438 fwd=140779 rows=9004341 fwd_ms=738394.1 eval=0 prior=0
[inst] req=13697024 hits=4687271 fwd=140863 rows=9009716 fwd_ms=738790.2 eval=0 prior=0
[inst] req=13705216 hits=4689966 fwd=140949 rows=9015220 fwd_ms=739195.8 eval=0 prior=0
[inst] req=13713408 hits=4692616 fwd=141036 rows=9020788 fwd_ms=739606.7 eval=0 prior=0
[inst] req=13721600 hits=4695286 fwd=141122 rows=9026292 fwd_ms=740012.3 eval=0 prior=0
[inst] req=13729792 hits=4698055 fwd=141207 rows=9031731 fwd_ms=740413.3 eval=0 prior=0
[inst] req=13737984 hits=4700787 fwd=141292 rows=9037171 fwd_ms=740814.8 eval=0 prior=0
[inst] req=13746176 hits=4703456 fwd=141378 rows=9042675 fwd_ms=741220.8 eval=0 prior=0
[inst] req=13754368 hits=4706319 fwd=141461 rows=9047986 fwd_ms=741612.7 eval=0 prior=0
[inst] req=13762560 hits=4708993 fwd=141548 rows=9053554 fwd_ms=742023.1 eval=0 prior=0
[inst] req=13770752 hits=4711751 fwd=141633 rows=9058994 fwd_ms=742424.3 eval=0 prior=0
[inst] req=13778944 hits=4714529 fwd=141717 rows=9064370 fwd_ms=742820.6 eval=0 prior=0
[inst] req=13787136 hits=4717366 fwd=141801 rows=9069746 fwd_ms=743216.8 eval=0 prior=0
[inst] req=13795328 hits=4720146 fwd=141885 rows=9075121 fwd_ms=743613.1 eval=0 prior=0
[inst] req=13803520 hits=4722966 fwd=141969 rows=9080497 fwd_ms=744009.1 eval=0 prior=0
[inst] req=13811712 hits=4725707 fwd=142055 rows=9086001 fwd_ms=744414.4 eval=0 prior=0
[inst] req=13819904 hits=4728473 fwd=142140 rows=9091404 fwd_ms=744813.9 eval=0 prior=0
[inst] req=13828096 hits=4731297 fwd=142224 rows=9096779 fwd_ms=745210.4 eval=0 prior=0
[inst] req=13836288 hits=4733997 fwd=142310 rows=9102283 fwd_ms=745615.7 eval=0 prior=0
[inst] req=13844480 hits=4736829 fwd=142393 rows=9107595 fwd_ms=746007.4 eval=0 prior=0
[inst] req=13852672 hits=4739554 fwd=142479 rows=9113099 fwd_ms=746412.5 eval=0 prior=0
[inst] req=13860864 hits=4742275 fwd=142564 rows=9118539 fwd_ms=746812.9 eval=0 prior=0
[inst] req=13869056 hits=4745182 fwd=142647 rows=9123850 fwd_ms=747204.2 eval=0 prior=0
[inst] req=13877248 hits=4748003 fwd=142731 rows=9129225 fwd_ms=747600.4 eval=0 prior=0
[inst] req=13885440 hits=4750712 fwd=142816 rows=9134665 fwd_ms=748001.7 eval=0 prior=0
[inst] req=13893632 hits=4753592 fwd=142899 rows=9139976 fwd_ms=748393.9 eval=0 prior=0
[inst] req=13901824 hits=4756356 fwd=142984 rows=9145416 fwd_ms=748795.3 eval=0 prior=0
[inst] req=13910016 hits=4759054 fwd=143070 rows=9150920 fwd_ms=749201.0 eval=0 prior=0
[inst] req=13918208 hits=4761950 fwd=143153 rows=9156231 fwd_ms=749593.4 eval=0 prior=0
[inst] req=13926400 hits=4764745 fwd=143237 rows=9161607 fwd_ms=749990.2 eval=0 prior=0
[inst] req=13934592 hits=4767434 fwd=143323 rows=9167111 fwd_ms=750396.0 eval=0 prior=0
[inst] req=13942784 hits=4770140 fwd=143409 rows=9172615 fwd_ms=750801.6 eval=0 prior=0
[inst] req=13950976 hits=4772902 fwd=143494 rows=9178055 fwd_ms=751202.6 eval=0 prior=0
[inst] req=13959168 hits=4775841 fwd=143576 rows=9183302 fwd_ms=751589.3 eval=0 prior=0
[inst] req=13967360 hits=4778702 fwd=143659 rows=9188614 fwd_ms=751981.1 eval=0 prior=0
[inst] req=13975552 hits=4781381 fwd=143745 rows=9194118 fwd_ms=752386.9 eval=0 prior=0
[inst] req=13983744 hits=4784161 fwd=143830 rows=9199558 fwd_ms=752788.0 eval=0 prior=0
[inst] req=13991936 hits=4786984 fwd=143914 rows=9204934 fwd_ms=753184.4 eval=0 prior=0
[inst] req=14000128 hits=4789895 fwd=143996 rows=9210181 fwd_ms=753571.7 eval=0 prior=0
[inst] req=14008320 hits=4792859 fwd=144078 rows=9215428 fwd_ms=753958.6 eval=0 prior=0
[inst] req=14016512 hits=4795899 fwd=144159 rows=9220597 fwd_ms=754340.4 eval=0 prior=0
[inst] req=14024704 hits=4798744 fwd=144242 rows=9225909 fwd_ms=754732.6 eval=0 prior=0
[inst] req=14032896 hits=4801504 fwd=144327 rows=9231349 fwd_ms=755133.7 eval=0 prior=0
[inst] req=14041088 hits=4804447 fwd=144409 rows=9236595 fwd_ms=755521.0 eval=0 prior=0
[inst] req=14049280 hits=4807167 fwd=144495 rows=9242099 fwd_ms=755926.6 eval=0 prior=0
[inst] req=14057472 hits=4810007 fwd=144578 rows=9247411 fwd_ms=756318.6 eval=0 prior=0
[inst] req=14065664 hits=4812778 fwd=144663 rows=9252851 fwd_ms=756719.9 eval=0 prior=0
[inst] req=14073856 hits=4815569 fwd=144748 rows=9258279 fwd_ms=757121.6 eval=0 prior=0
[inst] req=14082048 hits=4818340 fwd=144832 rows=9263655 fwd_ms=757518.2 eval=0 prior=0
[inst] req=14090240 hits=4821238 fwd=144915 rows=9268966 fwd_ms=757910.1 eval=0 prior=0
[inst] req=14098432 hits=4824171 fwd=144997 rows=9274213 fwd_ms=758297.4 eval=0 prior=0
[inst] req=14106624 hits=4826841 fwd=145084 rows=9279781 fwd_ms=758708.2 eval=0 prior=0
[inst] req=14114816 hits=4829562 fwd=145169 rows=9285221 fwd_ms=759109.0 eval=0 prior=0
[inst] req=14123008 hits=4832434 fwd=145252 rows=9290533 fwd_ms=759501.0 eval=0 prior=0
[inst] req=14131200 hits=4835137 fwd=145338 rows=9296037 fwd_ms=759906.6 eval=0 prior=0
[inst] req=14139392 hits=4838003 fwd=145421 rows=9301348 fwd_ms=760298.5 eval=0 prior=0
[inst] req=14147584 hits=4840950 fwd=145503 rows=9306592 fwd_ms=760685.8 eval=0 prior=0
[inst] req=14155776 hits=4843629 fwd=145589 rows=9312096 fwd_ms=761092.0 eval=0 prior=0
[inst] req=14163968 hits=4846362 fwd=145675 rows=9317600 fwd_ms=761498.6 eval=0 prior=0
[inst] req=14172160 hits=4849072 fwd=145760 rows=9323040 fwd_ms=761900.1 eval=0 prior=0
[inst] req=14180352 hits=4851754 fwd=145846 rows=9328544 fwd_ms=762306.5 eval=0 prior=0
[inst] req=14188544 hits=4854593 fwd=145930 rows=9333919 fwd_ms=762703.8 eval=0 prior=0
[inst] req=14196736 hits=4857329 fwd=146015 rows=9339359 fwd_ms=763105.6 eval=0 prior=0
[inst] req=14204928 hits=4860182 fwd=146099 rows=9344732 fwd_ms=763503.2 eval=0 prior=0
[inst] req=14213120 hits=4863021 fwd=146182 rows=9350044 fwd_ms=763895.7 eval=0 prior=0
[inst] req=14221312 hits=4865864 fwd=146266 rows=9355420 fwd_ms=764292.9 eval=0 prior=0
[inst] req=14229504 hits=4868592 fwd=146351 rows=9360860 fwd_ms=764694.9 eval=0 prior=0
[inst] req=14237696 hits=4871410 fwd=146435 rows=9366236 fwd_ms=765092.0 eval=0 prior=0
[inst] req=14245888 hits=4874403 fwd=146517 rows=9371482 fwd_ms=765480.2 eval=0 prior=0
[inst] req=14254080 hits=4877136 fwd=146602 rows=9376922 fwd_ms=765882.0 eval=0 prior=0
[inst] req=14262272 hits=4879986 fwd=146685 rows=9382234 fwd_ms=766274.5 eval=0 prior=0
[inst] req=14270464 hits=4882826 fwd=146769 rows=9387610 fwd_ms=766671.7 eval=0 prior=0
[inst] req=14278656 hits=4885734 fwd=146852 rows=9392921 fwd_ms=767064.2 eval=0 prior=0
[inst] req=14286848 hits=4888724 fwd=146933 rows=9398103 fwd_ms=767448.2 eval=0 prior=0
[inst] req=14295040 hits=4891534 fwd=147017 rows=9403479 fwd_ms=767846.4 eval=0 prior=0
[inst] req=14303232 hits=4894256 fwd=147102 rows=9408919 fwd_ms=768249.8 eval=0 prior=0
[inst] req=14311424 hits=4897215 fwd=147184 rows=9414167 fwd_ms=768638.6 eval=0 prior=0
[inst] req=14319616 hits=4900012 fwd=147268 rows=9419543 fwd_ms=769036.0 eval=0 prior=0
[inst] req=14327808 hits=4902813 fwd=147353 rows=9424983 fwd_ms=769438.0 eval=0 prior=0
[inst] req=14336000 hits=4905643 fwd=147436 rows=9430295 fwd_ms=769830.2 eval=0 prior=0
[inst] req=14344192 hits=4908436 fwd=147521 rows=9435735 fwd_ms=770231.7 eval=0 prior=0
[inst] req=14352384 hits=4911385 fwd=147603 rows=9440982 fwd_ms=770619.6 eval=0 prior=0
[inst] req=14360576 hits=4914189 fwd=147687 rows=9446358 fwd_ms=771015.9 eval=0 prior=0
[inst] req=14368768 hits=4917176 fwd=147768 rows=9451541 fwd_ms=771398.8 eval=0 prior=0
[inst] req=14376960 hits=4920067 fwd=147851 rows=9456852 fwd_ms=771791.6 eval=0 prior=0
[inst] req=14385152 hits=4922791 fwd=147937 rows=9462356 fwd_ms=772197.9 eval=0 prior=0
[inst] req=14393344 hits=4925579 fwd=148021 rows=9467732 fwd_ms=772594.9 eval=0 prior=0
[inst] req=14401536 hits=4928375 fwd=148105 rows=9473108 fwd_ms=772991.4 eval=0 prior=0
[inst] req=14409728 hits=4931120 fwd=148190 rows=9478548 fwd_ms=773394.1 eval=0 prior=0
[inst] req=14417920 hits=4933886 fwd=148275 rows=9483988 fwd_ms=773796.8 eval=0 prior=0
[inst] req=14426112 hits=4936793 fwd=148358 rows=9489300 fwd_ms=774189.6 eval=0 prior=0
[inst] req=14434304 hits=4939659 fwd=148441 rows=9494611 fwd_ms=774582.3 eval=0 prior=0
[inst] req=14442496 hits=4942476 fwd=148525 rows=9499987 fwd_ms=774979.5 eval=0 prior=0
[inst] req=14450688 hits=4945216 fwd=148610 rows=9505427 fwd_ms=775381.1 eval=0 prior=0
[inst] req=14458880 hits=4948102 fwd=148693 rows=9510738 fwd_ms=775773.9 eval=0 prior=0
[inst] req=14467072 hits=4950815 fwd=148779 rows=9516242 fwd_ms=776180.3 eval=0 prior=0
[inst] req=14475264 hits=4953823 fwd=148860 rows=9521424 fwd_ms=776563.7 eval=0 prior=0
[inst] req=14483456 hits=4956602 fwd=148944 rows=9526800 fwd_ms=776961.1 eval=0 prior=0
[inst] req=14491648 hits=4959610 fwd=149025 rows=9531983 fwd_ms=777344.4 eval=0 prior=0
[inst] req=14499840 hits=4962616 fwd=149106 rows=9537166 fwd_ms=777727.3 eval=0 prior=0
[inst] req=14508032 hits=4965603 fwd=149188 rows=9542412 fwd_ms=778114.9 eval=0 prior=0
[inst] req=14516224 hits=4968401 fwd=149272 rows=9547788 fwd_ms=778511.6 eval=0 prior=0
[inst] req=14524416 hits=4971300 fwd=149355 rows=9553096 fwd_ms=778904.0 eval=0 prior=0
[inst] req=14532608 hits=4974033 fwd=149440 rows=9558536 fwd_ms=779306.0 eval=0 prior=0
[inst] req=14540800 hits=4977014 fwd=149522 rows=9563782 fwd_ms=779693.7 eval=0 prior=0
[inst] req=14548992 hits=4979873 fwd=149605 rows=9569087 fwd_ms=780087.0 eval=0 prior=0
[inst] req=14557184 hits=4982634 fwd=149690 rows=9574527 fwd_ms=780489.7 eval=0 prior=0
[inst] req=14565376 hits=4985553 fwd=149772 rows=9579773 fwd_ms=780879.0 eval=0 prior=0
[inst] req=14573568 hits=4988344 fwd=149857 rows=9585212 fwd_ms=781282.1 eval=0 prior=0
[inst] req=14581760 hits=4991044 fwd=149942 rows=9590652 fwd_ms=781684.3 eval=0 prior=0
[inst] req=14589952 hits=4993769 fwd=150028 rows=9596156 fwd_ms=782090.8 eval=0 prior=0
[inst] req=14598144 hits=4996536 fwd=150113 rows=9601596 fwd_ms=782492.9 eval=0 prior=0
[inst] req=14606336 hits=4999477 fwd=150195 rows=9606843 fwd_ms=782880.8 eval=0 prior=0
[inst] req=14614528 hits=5002277 fwd=150279 rows=9612219 fwd_ms=783278.1 eval=0 prior=0
[inst] req=14622720 hits=5005007 fwd=150364 rows=9617659 fwd_ms=783679.9 eval=0 prior=0
[inst] req=14630912 hits=5007959 fwd=150446 rows=9622906 fwd_ms=784067.6 eval=0 prior=0
[inst] req=14639104 hits=5010817 fwd=150530 rows=9628282 fwd_ms=784464.2 eval=0 prior=0
[inst] req=14647296 hits=5013716 fwd=150612 rows=9633530 fwd_ms=784851.7 eval=0 prior=0
[inst] req=14655488 hits=5016487 fwd=150697 rows=9638970 fwd_ms=785253.4 eval=0 prior=0
[inst] req=14663680 hits=5019255 fwd=150782 rows=9644410 fwd_ms=785657.7 eval=0 prior=0
[inst] req=14671872 hits=5022049 fwd=150866 rows=9649784 fwd_ms=786057.4 eval=0 prior=0
[inst] req=14680064 hits=5024831 fwd=150951 rows=9655223 fwd_ms=786462.1 eval=0 prior=0
[inst] req=14688256 hits=5027608 fwd=151035 rows=9660599 fwd_ms=786861.8 eval=0 prior=0
[inst] req=14696448 hits=5030485 fwd=151118 rows=9665911 fwd_ms=787256.6 eval=0 prior=0
[inst] req=14704640 hits=5033334 fwd=151202 rows=9671287 fwd_ms=787656.6 eval=0 prior=0
[inst] req=14712832 hits=5036257 fwd=151284 rows=9676534 fwd_ms=788046.8 eval=0 prior=0
[inst] req=14721024 hits=5039039 fwd=151369 rows=9681974 fwd_ms=788449.1 eval=0 prior=0
[inst] req=14729216 hits=5041752 fwd=151454 rows=9687414 fwd_ms=788851.8 eval=0 prior=0
[inst] req=14737408 hits=5044589 fwd=151538 rows=9692790 fwd_ms=789249.8 eval=0 prior=0
[inst] req=14745600 hits=5047445 fwd=151621 rows=9698102 fwd_ms=789643.0 eval=0 prior=0
[inst] req=14753792 hits=5050269 fwd=151705 rows=9703478 fwd_ms=790041.1 eval=0 prior=0
[inst] req=14761984 hits=5053117 fwd=151789 rows=9708853 fwd_ms=790439.3 eval=0 prior=0
[inst] req=14770176 hits=5056038 fwd=151871 rows=9714100 fwd_ms=790828.2 eval=0 prior=0
[inst] req=14778368 hits=5058974 fwd=151953 rows=9719347 fwd_ms=791217.1 eval=0 prior=0
[inst] req=14786560 hits=5061736 fwd=152038 rows=9724787 fwd_ms=791619.7 eval=0 prior=0
[inst] req=14794752 hits=5064761 fwd=152119 rows=9729969 fwd_ms=792003.7 eval=0 prior=0
[inst] req=14802944 hits=5067537 fwd=152203 rows=9735345 fwd_ms=792401.6 eval=0 prior=0
[inst] req=14811136 hits=5070246 fwd=152289 rows=9740849 fwd_ms=792809.2 eval=0 prior=0
[inst] req=14819328 hits=5073009 fwd=152374 rows=9746289 fwd_ms=793211.8 eval=0 prior=0
[inst] req=14827520 hits=5075757 fwd=152459 rows=9751729 fwd_ms=793614.4 eval=0 prior=0
[inst] req=14835712 hits=5078520 fwd=152544 rows=9757169 fwd_ms=794017.4 eval=0 prior=0
[inst] req=14843904 hits=5081309 fwd=152628 rows=9762545 fwd_ms=794415.7 eval=0 prior=0
[inst] req=14852096 hits=5084084 fwd=152713 rows=9767985 fwd_ms=794818.6 eval=0 prior=0
[inst] req=14860288 hits=5086889 fwd=152797 rows=9773360 fwd_ms=795216.3 eval=0 prior=0
[inst] req=14868480 hits=5089758 fwd=152880 rows=9778672 fwd_ms=795609.1 eval=0 prior=0
[inst] req=14876672 hits=5092670 fwd=152963 rows=9783984 fwd_ms=796002.2 eval=0 prior=0
[inst] req=14884864 hits=5095551 fwd=153046 rows=9789295 fwd_ms=796395.4 eval=0 prior=0
[inst] req=14893056 hits=5098341 fwd=153130 rows=9794670 fwd_ms=796793.3 eval=0 prior=0
[inst] req=14901248 hits=5101079 fwd=153215 rows=9800110 fwd_ms=797195.7 eval=0 prior=0
[inst] req=14909440 hits=5103796 fwd=153301 rows=9805613 fwd_ms=797603.3 eval=0 prior=0
[inst] req=14917632 hits=5106642 fwd=153385 rows=9810989 fwd_ms=798001.1 eval=0 prior=0
[inst] req=14925824 hits=5109666 fwd=153465 rows=9816107 fwd_ms=798380.8 eval=0 prior=0
[inst] req=14934016 hits=5112381 fwd=153551 rows=9821611 fwd_ms=798787.9 eval=0 prior=0
[inst] req=14942208 hits=5115202 fwd=153635 rows=9826987 fwd_ms=799186.1 eval=0 prior=0
[inst] req=14950400 hits=5118006 fwd=153719 rows=9832362 fwd_ms=799583.8 eval=0 prior=0
[inst] req=14958592 hits=5120670 fwd=153805 rows=9837866 fwd_ms=799990.9 eval=0 prior=0
[inst] req=14966784 hits=5123592 fwd=153888 rows=9843178 fwd_ms=800383.2 eval=0 prior=0
[inst] req=14974976 hits=5126450 fwd=153971 rows=9848490 fwd_ms=800775.0 eval=0 prior=0
[inst] req=14983168 hits=5129257 fwd=154055 rows=9853866 fwd_ms=801171.6 eval=0 prior=0
[inst] req=14991360 hits=5132010 fwd=154140 rows=9859306 fwd_ms=801573.1 eval=0 prior=0
[inst] req=14999552 hits=5135040 fwd=154221 rows=9864488 fwd_ms=801956.3 eval=0 prior=0
[inst] req=15007744 hits=5138031 fwd=154302 rows=9869671 fwd_ms=802339.7 eval=0 prior=0
[inst] req=15015936 hits=5140781 fwd=154387 rows=9875111 fwd_ms=802741.7 eval=0 prior=0
[inst] req=15024128 hits=5143570 fwd=154472 rows=9880551 fwd_ms=803143.1 eval=0 prior=0
[inst] req=15032320 hits=5146379 fwd=154556 rows=9885927 fwd_ms=803540.2 eval=0 prior=0
[inst] req=15040512 hits=5149100 fwd=154641 rows=9891367 fwd_ms=803941.6 eval=0 prior=0
[inst] req=15048704 hits=5151969 fwd=154724 rows=9896678 fwd_ms=804334.2 eval=0 prior=0
[inst] req=15056896 hits=5154839 fwd=154808 rows=9902052 fwd_ms=804731.5 eval=0 prior=0
[inst] req=15065088 hits=5157737 fwd=154890 rows=9907299 fwd_ms=805118.9 eval=0 prior=0
[inst] req=15073280 hits=5160699 fwd=154972 rows=9912546 fwd_ms=805506.8 eval=0 prior=0
[inst] req=15081472 hits=5163376 fwd=155058 rows=9918050 fwd_ms=805913.0 eval=0 prior=0
[inst] req=15089664 hits=5166197 fwd=155142 rows=9923424 fwd_ms=806310.4 eval=0 prior=0
[inst] req=15097856 hits=5168941 fwd=155227 rows=9928864 fwd_ms=806712.0 eval=0 prior=0
[inst] req=15106048 hits=5171770 fwd=155311 rows=9934239 fwd_ms=807108.9 eval=0 prior=0
[inst] req=15114240 hits=5174619 fwd=155395 rows=9939614 fwd_ms=807505.9 eval=0 prior=0
[inst] req=15122432 hits=5177381 fwd=155479 rows=9944990 fwd_ms=807902.9 eval=0 prior=0
[inst] req=15130624 hits=5180094 fwd=155565 rows=9950494 fwd_ms=808309.1 eval=0 prior=0
[inst] req=15138816 hits=5182839 fwd=155650 rows=9955934 fwd_ms=808710.6 eval=0 prior=0
[inst] req=15147008 hits=5185627 fwd=155735 rows=9961373 fwd_ms=809112.3 eval=0 prior=0
[inst] req=15155200 hits=5188686 fwd=155815 rows=9966468 fwd_ms=809492.3 eval=0 prior=0
[inst] req=15163392 hits=5191384 fwd=155901 rows=9971972 fwd_ms=809900.2 eval=0 prior=0
[inst] req=15171584 hits=5194062 fwd=155987 rows=9977476 fwd_ms=810308.2 eval=0 prior=0
[inst] req=15179776 hits=5196983 fwd=156070 rows=9982786 fwd_ms=810701.9 eval=0 prior=0
[inst] req=15187968 hits=5199951 fwd=156151 rows=9987968 fwd_ms=811086.1 eval=0 prior=0
[inst] req=15196160 hits=5202603 fwd=156238 rows=9993536 fwd_ms=811498.7 eval=0 prior=0
[inst] req=15204352 hits=5205298 fwd=156324 rows=9999032 fwd_ms=811906.6 eval=0 prior=0
[inst] req=15212544 hits=5208031 fwd=156409 rows=10004461 fwd_ms=812309.1 eval=0 prior=0
[inst] req=15220736 hits=5210869 fwd=156493 rows=10009836 fwd_ms=812706.6 eval=0 prior=0
[inst] req=15228928 hits=5213629 fwd=156578 rows=10015275 fwd_ms=813108.7 eval=0 prior=0
[inst] req=15237120 hits=5216282 fwd=156664 rows=10020779 fwd_ms=813515.5 eval=0 prior=0
[inst] req=15245312 hits=5218952 fwd=156751 rows=10026340 fwd_ms=815244.4 eval=0 prior=0
[inst] req=15253504 hits=5221672 fwd=156837 rows=10031792 fwd_ms=818079.5 eval=0 prior=0
[inst] req=15261696 hits=5225824 fwd=156902 rows=10035859 fwd_ms=820422.3 eval=0 prior=0
[inst] req=15269888 hits=5229736 fwd=156969 rows=10040090 fwd_ms=822790.5 eval=0 prior=0
[inst] req=15278080 hits=5233265 fwd=157043 rows=10044754 fwd_ms=825369.7 eval=0 prior=0
[inst] req=15286272 hits=5236475 fwd=157122 rows=10049773 fwd_ms=827623.2 eval=0 prior=0
[inst] req=15294464 hits=5239472 fwd=157203 rows=10054947 fwd_ms=828039.2 eval=0 prior=0
[inst] req=15302656 hits=5241642 fwd=157303 rows=10060967 fwd_ms=828602.3 eval=0 prior=0
[inst] req=15310848 hits=5244633 fwd=157384 rows=10066151 fwd_ms=828989.7 eval=0 prior=0
[inst] req=15319040 hits=5247566 fwd=157467 rows=10071463 fwd_ms=829386.5 eval=0 prior=0
[inst] req=15327232 hits=5250688 fwd=157546 rows=10076519 fwd_ms=829763.7 eval=0 prior=0
[inst] req=15335424 hits=5253889 fwd=157624 rows=10081508 fwd_ms=830136.4 eval=0 prior=0
[inst] req=15343616 hits=5256835 fwd=157706 rows=10086756 fwd_ms=830527.7 eval=0 prior=0
[inst] req=15351808 hits=5259747 fwd=157788 rows=10092004 fwd_ms=830919.0 eval=0 prior=0
[inst] req=15360000 hits=5262724 fwd=157870 rows=10097252 fwd_ms=831310.4 eval=0 prior=0
[inst] req=15368192 hits=5265705 fwd=157951 rows=10102435 fwd_ms=831696.7 eval=0 prior=0
[inst] req=15376384 hits=5268652 fwd=158033 rows=10107683 fwd_ms=832087.9 eval=0 prior=0
[inst] req=15384576 hits=5271582 fwd=158115 rows=10112931 fwd_ms=832478.8 eval=0 prior=0
[inst] req=15392768 hits=5274547 fwd=158197 rows=10118179 fwd_ms=832870.0 eval=0 prior=0
[inst] req=15400960 hits=5277550 fwd=158278 rows=10123363 fwd_ms=833254.8 eval=0 prior=0
[inst] req=15409152 hits=5280525 fwd=158360 rows=10128611 fwd_ms=833643.2 eval=0 prior=0
[inst] req=15417344 hits=5283556 fwd=158440 rows=10133724 fwd_ms=834021.6 eval=0 prior=0
[inst] req=15425536 hits=5286587 fwd=158521 rows=10138907 fwd_ms=834404.4 eval=0 prior=0
[inst] req=15433728 hits=5289523 fwd=158603 rows=10144155 fwd_ms=834791.6 eval=0 prior=0
[inst] req=15441920 hits=5292654 fwd=158682 rows=10149210 fwd_ms=835165.3 eval=0 prior=0
[inst] req=15450112 hits=5295583 fwd=158765 rows=10154514 fwd_ms=835557.3 eval=0 prior=0
[inst] req=15458304 hits=5298557 fwd=158846 rows=10159698 fwd_ms=835940.1 eval=0 prior=0
[inst] req=15466496 hits=5301475 fwd=158929 rows=10165010 fwd_ms=836332.8 eval=0 prior=0
[inst] req=15474688 hits=5304503 fwd=159010 rows=10170182 fwd_ms=836715.6 eval=0 prior=0
[inst] req=15482880 hits=5307595 fwd=159089 rows=10175237 fwd_ms=837089.5 eval=0 prior=0
[inst] req=15491072 hits=5310780 fwd=159167 rows=10180228 fwd_ms=837458.6 eval=0 prior=0
[inst] req=15499264 hits=5313683 fwd=159250 rows=10185540 fwd_ms=837850.7 eval=0 prior=0
[inst] req=15507456 hits=5316641 fwd=159332 rows=10190788 fwd_ms=838237.8 eval=0 prior=0
[inst] req=15515648 hits=5319688 fwd=159412 rows=10195908 fwd_ms=838615.7 eval=0 prior=0
[inst] req=15523840 hits=5322687 fwd=159493 rows=10201092 fwd_ms=838998.0 eval=0 prior=0
[inst] req=15532032 hits=5325771 fwd=159573 rows=10206212 fwd_ms=839375.9 eval=0 prior=0
[inst] req=15540224 hits=5328695 fwd=159656 rows=10211524 fwd_ms=839767.6 eval=0 prior=0
[inst] req=15548416 hits=5331872 fwd=159734 rows=10216514 fwd_ms=840135.7 eval=0 prior=0
[inst] req=15556608 hits=5334926 fwd=159814 rows=10221634 fwd_ms=840512.9 eval=0 prior=0
[inst] req=15564800 hits=5337854 fwd=159896 rows=10226882 fwd_ms=840899.5 eval=0 prior=0
[inst] req=15572992 hits=5340827 fwd=159978 rows=10232130 fwd_ms=841286.2 eval=0 prior=0
[inst] req=15581184 hits=5343797 fwd=160060 rows=10237378 fwd_ms=841672.9 eval=0 prior=0
[inst] req=15589376 hits=5346690 fwd=160142 rows=10242626 fwd_ms=842059.6 eval=0 prior=0
[inst] req=15597568 hits=5349800 fwd=160222 rows=10247746 fwd_ms=842437.2 eval=0 prior=0
[inst] req=15605760 hits=5352917 fwd=160301 rows=10252801 fwd_ms=842809.5 eval=0 prior=0
[inst] req=15613952 hits=5355853 fwd=160383 rows=10258049 fwd_ms=843195.9 eval=0 prior=0
[inst] req=15622144 hits=5358856 fwd=160464 rows=10263233 fwd_ms=843577.7 eval=0 prior=0
[inst] req=15630336 hits=5361793 fwd=160546 rows=10268481 fwd_ms=843963.9 eval=0 prior=0
[inst] req=15638528 hits=5364770 fwd=160628 rows=10273729 fwd_ms=844350.3 eval=0 prior=0
[inst] req=15646720 hits=5367668 fwd=160711 rows=10279041 fwd_ms=844741.4 eval=0 prior=0
[inst] req=15654912 hits=5370576 fwd=160793 rows=10284289 fwd_ms=845127.8 eval=0 prior=0
[inst] req=15663104 hits=5373605 fwd=160874 rows=10289435 fwd_ms=845507.6 eval=0 prior=0
[inst] req=15671296 hits=5376519 fwd=160957 rows=10294747 fwd_ms=845898.5 eval=0 prior=0
[inst] req=15679488 hits=5379498 fwd=161038 rows=10299931 fwd_ms=846280.3 eval=0 prior=0
[inst] req=15687680 hits=5382461 fwd=161120 rows=10305178 fwd_ms=846666.9 eval=0 prior=0
[inst] req=15695872 hits=5385324 fwd=161203 rows=10310490 fwd_ms=847057.9 eval=0 prior=0
[inst] req=15704064 hits=5388371 fwd=161284 rows=10315673 fwd_ms=847439.6 eval=0 prior=0
[inst] req=15712256 hits=5391303 fwd=161366 rows=10320921 fwd_ms=847826.5 eval=0 prior=0
[inst] req=15720448 hits=5394318 fwd=161447 rows=10326104 fwd_ms=848208.9 eval=0 prior=0
[inst] req=15728640 hits=5397144 fwd=161531 rows=10331480 fwd_ms=848605.6 eval=0 prior=0
[inst] req=15736832 hits=5400237 fwd=161610 rows=10336535 fwd_ms=848979.3 eval=0 prior=0
[inst] req=15745024 hits=5403134 fwd=161693 rows=10341846 fwd_ms=849371.6 eval=0 prior=0
[inst] req=15753216 hits=5406008 fwd=161776 rows=10347158 fwd_ms=849763.9 eval=0 prior=0
[inst] req=15761408 hits=5408912 fwd=161859 rows=10352470 fwd_ms=850156.0 eval=0 prior=0
[inst] req=15769600 hits=5412139 fwd=161936 rows=10357397 fwd_ms=850520.2 eval=0 prior=0
[inst] req=15777792 hits=5415236 fwd=162016 rows=10362516 fwd_ms=850898.4 eval=0 prior=0
[inst] req=15785984 hits=5418193 fwd=162098 rows=10367764 fwd_ms=851286.0 eval=0 prior=0
[inst] req=15794176 hits=5421233 fwd=162178 rows=10372884 fwd_ms=851663.9 eval=0 prior=0
[inst] req=15802368 hits=5424251 fwd=162259 rows=10378067 fwd_ms=852046.7 eval=0 prior=0
[inst] req=15810560 hits=5427452 fwd=162337 rows=10383058 fwd_ms=852415.3 eval=0 prior=0
[inst] req=15818752 hits=5430427 fwd=162419 rows=10388306 fwd_ms=852802.6 eval=0 prior=0
[inst] req=15826944 hits=5433464 fwd=162499 rows=10393426 fwd_ms=853180.8 eval=0 prior=0
[inst] req=15835136 hits=5436871 fwd=162574 rows=10398220 fwd_ms=853536.3 eval=0 prior=0
[inst] req=15843328 hits=5439911 fwd=162655 rows=10403404 fwd_ms=853918.9 eval=0 prior=0
[inst] req=15851520 hits=5442801 fwd=162738 rows=10408716 fwd_ms=854310.8 eval=0 prior=0
[inst] req=15859712 hits=5445679 fwd=162821 rows=10414028 fwd_ms=854703.1 eval=0 prior=0
[inst] req=15867904 hits=5448756 fwd=162901 rows=10419147 fwd_ms=855081.5 eval=0 prior=0
[inst] req=15876096 hits=5451705 fwd=162982 rows=10424330 fwd_ms=855464.9 eval=0 prior=0
[inst] req=15884288 hits=5454606 fwd=163065 rows=10429642 fwd_ms=855857.2 eval=0 prior=0
[inst] req=15892480 hits=5457639 fwd=163146 rows=10434826 fwd_ms=856240.4 eval=0 prior=0
[inst] req=15900672 hits=5460605 fwd=163227 rows=10440010 fwd_ms=856623.5 eval=0 prior=0
[inst] req=15908864 hits=5463641 fwd=163308 rows=10445193 fwd_ms=857006.8 eval=0 prior=0
[inst] req=15917056 hits=5466601 fwd=163390 rows=10450441 fwd_ms=857394.7 eval=0 prior=0
[inst] req=15925248 hits=5469720 fwd=163469 rows=10455496 fwd_ms=857768.5 eval=0 prior=0
[inst] req=15933440 hits=5472705 fwd=163550 rows=10460680 fwd_ms=858151.7 eval=0 prior=0
[inst] req=15941632 hits=5475738 fwd=163631 rows=10465864 fwd_ms=858535.0 eval=0 prior=0
[inst] req=15949824 hits=5478746 fwd=163712 rows=10471048 fwd_ms=858918.5 eval=0 prior=0
[inst] req=15958016 hits=5481783 fwd=163793 rows=10476232 fwd_ms=859301.5 eval=0 prior=0
[inst] req=15966208 hits=5484813 fwd=163873 rows=10481352 fwd_ms=859680.0 eval=0 prior=0
[inst] req=15974400 hits=5487875 fwd=163953 rows=10486472 fwd_ms=860058.7 eval=0 prior=0
[inst] req=15982592 hits=5491010 fwd=164032 rows=10491528 fwd_ms=860433.1 eval=0 prior=0
[inst] req=15990784 hits=5494033 fwd=164113 rows=10496712 fwd_ms=860816.5 eval=0 prior=0
[inst] req=15998976 hits=5497122 fwd=164193 rows=10501832 fwd_ms=861197.9 eval=0 prior=0
[inst] req=16007168 hits=5500197 fwd=164273 rows=10506952 fwd_ms=861576.4 eval=0 prior=0
[inst] req=16015360 hits=5503206 fwd=164354 rows=10512136 fwd_ms=861959.8 eval=0 prior=0
[inst] req=16023552 hits=5506268 fwd=164434 rows=10517256 fwd_ms=862339.6 eval=0 prior=0
[inst] req=16031744 hits=5509272 fwd=164515 rows=10522440 fwd_ms=862725.9 eval=0 prior=0
[inst] req=16039936 hits=5512267 fwd=164596 rows=10527624 fwd_ms=863111.9 eval=0 prior=0
[inst] req=16048128 hits=5515462 fwd=164674 rows=10532613 fwd_ms=863482.1 eval=0 prior=0
[inst] req=16056320 hits=5518417 fwd=164756 rows=10537861 fwd_ms=863870.1 eval=0 prior=0
[inst] req=16064512 hits=5521404 fwd=164837 rows=10543045 fwd_ms=864253.2 eval=0 prior=0
[inst] req=16072704 hits=5524695 fwd=164914 rows=10547964 fwd_ms=864618.4 eval=0 prior=0
[inst] req=16080896 hits=5527717 fwd=164995 rows=10553148 fwd_ms=865002.2 eval=0 prior=0
[inst] req=16089088 hits=5530687 fwd=165077 rows=10558395 fwd_ms=865390.5 eval=0 prior=0
[inst] req=16097280 hits=5533866 fwd=165155 rows=10563386 fwd_ms=865760.0 eval=0 prior=0
[inst] req=16105472 hits=5536895 fwd=165236 rows=10568570 fwd_ms=866142.8 eval=0 prior=0
[inst] req=16113664 hits=5539847 fwd=165317 rows=10573754 fwd_ms=866525.6 eval=0 prior=0
[inst] req=16121856 hits=5542880 fwd=165398 rows=10578937 fwd_ms=866908.3 eval=0 prior=0
[inst] req=16130048 hits=5545948 fwd=165478 rows=10584056 fwd_ms=867286.7 eval=0 prior=0
[inst] req=16138240 hits=5548986 fwd=165559 rows=10589240 fwd_ms=867669.9 eval=0 prior=0
[inst] req=16146432 hits=5552011 fwd=165639 rows=10594360 fwd_ms=868048.5 eval=0 prior=0
[inst] req=16154624 hits=5555071 fwd=165720 rows=10599544 fwd_ms=868431.9 eval=0 prior=0
[inst] req=16162816 hits=5558140 fwd=165800 rows=10604664 fwd_ms=868811.0 eval=0 prior=0
[inst] req=16171008 hits=5561291 fwd=165878 rows=10609655 fwd_ms=869180.4 eval=0 prior=0
[inst] req=16179200 hits=5564473 fwd=165957 rows=10614675 fwd_ms=869552.4 eval=0 prior=0
[inst] req=16187392 hits=5567503 fwd=166038 rows=10619859 fwd_ms=869935.9 eval=0 prior=0
[inst] req=16195584 hits=5570594 fwd=166118 rows=10624979 fwd_ms=870314.7 eval=0 prior=0
[inst] req=16203776 hits=5573719 fwd=166197 rows=10630027 fwd_ms=870688.5 eval=0 prior=0
[inst] req=16211968 hits=5576794 fwd=166277 rows=10635146 fwd_ms=871067.3 eval=0 prior=0
[inst] req=16220160 hits=5579804 fwd=166358 rows=10640330 fwd_ms=871450.4 eval=0 prior=0
[inst] req=16228352 hits=5582884 fwd=166438 rows=10645450 fwd_ms=871828.8 eval=0 prior=0
[inst] req=16236544 hits=5585935 fwd=166518 rows=10650570 fwd_ms=872207.4 eval=0 prior=0
[inst] req=16244736 hits=5588951 fwd=166599 rows=10655754 fwd_ms=872591.0 eval=0 prior=0
[inst] req=16252928 hits=5592050 fwd=166679 rows=10660873 fwd_ms=872969.6 eval=0 prior=0
[inst] req=16261120 hits=5595156 fwd=166758 rows=10665929 fwd_ms=873343.6 eval=0 prior=0
[inst] req=16269312 hits=5598172 fwd=166839 rows=10671113 fwd_ms=873727.4 eval=0 prior=0
[inst] req=16277504 hits=5601206 fwd=166920 rows=10676297 fwd_ms=874111.6 eval=0 prior=0
[inst] req=16285696 hits=5604294 fwd=166999 rows=10681352 fwd_ms=874486.0 eval=0 prior=0
[inst] req=16293888 hits=5607571 fwd=167076 rows=10686279 fwd_ms=874850.9 eval=0 prior=0
[inst] req=16302080 hits=5610761 fwd=167154 rows=10691267 fwd_ms=875220.2 eval=0 prior=0
[inst] req=16310272 hits=5613772 fwd=167235 rows=10696451 fwd_ms=875603.5 eval=0 prior=0
[inst] req=16318464 hits=5616767 fwd=167316 rows=10701635 fwd_ms=875986.7 eval=0 prior=0
[inst] req=16326656 hits=5619921 fwd=167395 rows=10706690 fwd_ms=876360.5 eval=0 prior=0
[inst] req=16334848 hits=5622936 fwd=167476 rows=10711874 fwd_ms=876743.6 eval=0 prior=0
[inst] req=16343040 hits=5626185 fwd=167553 rows=10716802 fwd_ms=877108.0 eval=0 prior=0
[inst] req=16351232 hits=5629316 fwd=167632 rows=10721858 fwd_ms=877482.0 eval=0 prior=0
[inst] req=16359424 hits=5632412 fwd=167712 rows=10726978 fwd_ms=877860.4 eval=0 prior=0
[inst] req=16367616 hits=5635477 fwd=167792 rows=10732098 fwd_ms=878239.2 eval=0 prior=0
[inst] req=16375808 hits=5638511 fwd=167873 rows=10737282 fwd_ms=878623.0 eval=0 prior=0
[inst] req=16384000 hits=5641630 fwd=167952 rows=10742338 fwd_ms=878997.1 eval=0 prior=0
[inst] req=16392192 hits=5644678 fwd=168032 rows=10747458 fwd_ms=879376.3 eval=0 prior=0
[inst] req=16400384 hits=5647730 fwd=168113 rows=10752641 fwd_ms=879760.8 eval=0 prior=0
[inst] req=16408576 hits=5650809 fwd=168193 rows=10757760 fwd_ms=880139.9 eval=0 prior=0
[inst] req=16416768 hits=5654088 fwd=168269 rows=10762622 fwd_ms=880500.5 eval=0 prior=0
[inst] req=16424960 hits=5656971 fwd=168352 rows=10767934 fwd_ms=880893.6 eval=0 prior=0
[inst] req=16433152 hits=5659968 fwd=168434 rows=10773181 fwd_ms=881281.8 eval=0 prior=0
[inst] req=16441344 hits=5663062 fwd=168513 rows=10778236 fwd_ms=881657.3 eval=0 prior=0
[inst] req=16449536 hits=5666148 fwd=168593 rows=10783355 fwd_ms=882036.7 eval=0 prior=0
[inst] req=16457728 hits=5669236 fwd=168673 rows=10788475 fwd_ms=882415.4 eval=0 prior=0
[inst] req=16465920 hits=5672208 fwd=168754 rows=10793659 fwd_ms=882798.3 eval=0 prior=0
[inst] req=16474112 hits=5675326 fwd=168834 rows=10798778 fwd_ms=883177.7 eval=0 prior=0
[inst] req=16482304 hits=5678314 fwd=168915 rows=10803962 fwd_ms=883563.2 eval=0 prior=0
[inst] req=16490496 hits=5681393 fwd=168995 rows=10809082 fwd_ms=883943.8 eval=0 prior=0
[inst] req=16498688 hits=5684456 fwd=169075 rows=10814202 fwd_ms=884324.1 eval=0 prior=0
[inst] req=16506880 hits=5687489 fwd=169156 rows=10819386 fwd_ms=884709.8 eval=0 prior=0
[inst] req=16515072 hits=5690630 fwd=169234 rows=10824378 fwd_ms=885081.5 eval=0 prior=0
[inst] req=16523264 hits=5693635 fwd=169316 rows=10829625 fwd_ms=885471.9 eval=0 prior=0
[inst] req=16531456 hits=5696847 fwd=169393 rows=10834551 fwd_ms=885838.5 eval=0 prior=0
[inst] req=16539648 hits=5700137 fwd=169470 rows=10839477 fwd_ms=886203.6 eval=0 prior=0
[inst] req=16547840 hits=5703372 fwd=169548 rows=10844467 fwd_ms=886573.0 eval=0 prior=0
[inst] req=16556032 hits=5706486 fwd=169627 rows=10849522 fwd_ms=886948.9 eval=0 prior=0
[inst] req=16564224 hits=5709639 fwd=169706 rows=10854578 fwd_ms=887325.1 eval=0 prior=0
[inst] req=16572416 hits=5712677 fwd=169786 rows=10859698 fwd_ms=887706.3 eval=0 prior=0
[inst] req=16580608 hits=5715619 fwd=169868 rows=10864946 fwd_ms=888097.3 eval=0 prior=0
[inst] req=16588800 hits=5718703 fwd=169948 rows=10870064 fwd_ms=888479.2 eval=0 prior=0
[inst] req=16596992 hits=5721782 fwd=170028 rows=10875184 fwd_ms=888860.3 eval=0 prior=0
[inst] req=16605184 hits=5724857 fwd=170108 rows=10880304 fwd_ms=889241.2 eval=0 prior=0
[inst] req=16613376 hits=5727934 fwd=170188 rows=10885423 fwd_ms=889622.4 eval=0 prior=0
[inst] req=16621568 hits=5730849 fwd=170270 rows=10890671 fwd_ms=890013.0 eval=0 prior=0
[inst] req=16629760 hits=5734038 fwd=170348 rows=10895658 fwd_ms=890384.6 eval=0 prior=0
[inst] req=16637952 hits=5736977 fwd=170431 rows=10900970 fwd_ms=890779.5 eval=0 prior=0
[inst] req=16646144 hits=5739947 fwd=170512 rows=10906154 fwd_ms=891165.2 eval=0 prior=0
[inst] req=16654336 hits=5743040 fwd=170592 rows=10911268 fwd_ms=891546.2 eval=0 prior=0
[inst] req=16662528 hits=5745882 fwd=170676 rows=10916644 fwd_ms=891946.1 eval=0 prior=0
[inst] req=16670720 hits=5748907 fwd=170756 rows=10921764 fwd_ms=892327.4 eval=0 prior=0
[inst] req=16678912 hits=5752236 fwd=170832 rows=10926622 fwd_ms=892688.6 eval=0 prior=0
[inst] req=16687104 hits=5755132 fwd=170915 rows=10931934 fwd_ms=893082.9 eval=0 prior=0
[inst] req=16695296 hits=5758013 fwd=170998 rows=10937246 fwd_ms=893476.2 eval=0 prior=0
[inst] req=16703488 hits=5761026 fwd=171079 rows=10942430 fwd_ms=893858.9 eval=0 prior=0
[inst] req=16711680 hits=5764085 fwd=171159 rows=10947547 fwd_ms=894237.2 eval=0 prior=0
[inst] req=16719872 hits=5766983 fwd=171242 rows=10952859 fwd_ms=894630.0 eval=0 prior=0
[inst] req=16728064 hits=5769979 fwd=171323 rows=10958043 fwd_ms=895013.3 eval=0 prior=0
[inst] req=16736256 hits=5772997 fwd=171404 rows=10963226 fwd_ms=895396.8 eval=0 prior=0
[inst] req=16744448 hits=5775924 fwd=171486 rows=10968474 fwd_ms=895784.6 eval=0 prior=0
[inst] req=16752640 hits=5779197 fwd=171563 rows=10973400 fwd_ms=896149.4 eval=0 prior=0
[inst] req=16760832 hits=5782191 fwd=171644 rows=10978584 fwd_ms=896532.7 eval=0 prior=0
[inst] req=16769024 hits=5785007 fwd=171728 rows=10983960 fwd_ms=896929.9 eval=0 prior=0
[inst] req=16777216 hits=5787908 fwd=171811 rows=10989272 fwd_ms=897322.3 eval=0 prior=0
[inst] req=16785408 hits=5790964 fwd=171891 rows=10994391 fwd_ms=897700.6 eval=0 prior=0
[inst] req=16793600 hits=5793914 fwd=171973 rows=10999639 fwd_ms=898088.2 eval=0 prior=0
[inst] req=16801792 hits=5796904 fwd=172055 rows=11004884 fwd_ms=898475.7 eval=0 prior=0
[inst] req=16809984 hits=5799946 fwd=172135 rows=11010004 fwd_ms=898855.0 eval=0 prior=0
[inst] req=16818176 hits=5802861 fwd=172217 rows=11015252 fwd_ms=899243.7 eval=0 prior=0
[inst] req=16826368 hits=5805743 fwd=172300 rows=11020564 fwd_ms=899636.7 eval=0 prior=0
[inst] req=16834560 hits=5808858 fwd=172380 rows=11025680 fwd_ms=900016.2 eval=0 prior=0
[inst] req=16842752 hits=5811769 fwd=172462 rows=11030928 fwd_ms=900405.2 eval=0 prior=0
[inst] req=16850944 hits=5814710 fwd=172544 rows=11036176 fwd_ms=900793.2 eval=0 prior=0
[inst] req=16859136 hits=5817666 fwd=172626 rows=11041417 fwd_ms=901180.9 eval=0 prior=0
[inst] req=16867328 hits=5820618 fwd=172708 rows=11046665 fwd_ms=901568.7 eval=0 prior=0
[inst] req=16875520 hits=5823501 fwd=172791 rows=11051977 fwd_ms=901961.1 eval=0 prior=0
[inst] req=16883712 hits=5826411 fwd=172874 rows=11057289 fwd_ms=902353.2 eval=0 prior=0
[inst] req=16891904 hits=5829363 fwd=172956 rows=11062537 fwd_ms=902740.8 eval=0 prior=0
[inst] req=16900096 hits=5832233 fwd=173039 rows=11067849 fwd_ms=903133.4 eval=0 prior=0
[inst] req=16908288 hits=5835124 fwd=173122 rows=11073161 fwd_ms=903525.8 eval=0 prior=0
[inst] req=16916480 hits=5838029 fwd=173204 rows=11078409 fwd_ms=903914.1 eval=0 prior=0
[inst] req=16924672 hits=5840912 fwd=173287 rows=11083721 fwd_ms=904306.6 eval=0 prior=0
[inst] req=16932864 hits=5843784 fwd=173370 rows=11089033 fwd_ms=904699.0 eval=0 prior=0
[inst] req=16941056 hits=5846817 fwd=173451 rows=11094215 fwd_ms=905082.6 eval=0 prior=0
[inst] req=16949248 hits=5849779 fwd=173533 rows=11099462 fwd_ms=905470.8 eval=0 prior=0
[inst] req=16957440 hits=5852762 fwd=173614 rows=11104645 fwd_ms=905853.6 eval=0 prior=0
[inst] req=16965632 hits=5855608 fwd=173698 rows=11110021 fwd_ms=906250.4 eval=0 prior=0
[inst] req=16973824 hits=5858763 fwd=173776 rows=11115007 fwd_ms=906620.9 eval=0 prior=0
[inst] req=16982016 hits=5861703 fwd=173858 rows=11120255 fwd_ms=907010.4 eval=0 prior=0
[inst] req=16990208 hits=5864568 fwd=173942 rows=11125628 fwd_ms=907409.4 eval=0 prior=0
[inst] req=16998400 hits=5867551 fwd=174023 rows=11130793 fwd_ms=907792.7 eval=0 prior=0
[inst] req=17006592 hits=5870600 fwd=174104 rows=11135977 fwd_ms=908177.6 eval=0 prior=0
[inst] req=17014784 hits=5873652 fwd=174184 rows=11141097 fwd_ms=908557.8 eval=0 prior=0
[inst] req=17022976 hits=5876732 fwd=174264 rows=11146217 fwd_ms=908938.0 eval=0 prior=0
[inst] req=17031168 hits=5879635 fwd=174347 rows=11151517 fwd_ms=909331.6 eval=0 prior=0
[inst] req=17039360 hits=5882647 fwd=174428 rows=11156691 fwd_ms=909715.1 eval=0 prior=0
[inst] req=17047552 hits=5885780 fwd=174507 rows=11161746 fwd_ms=910089.0 eval=0 prior=0
[inst] req=17055744 hits=5888562 fwd=174592 rows=11167177 fwd_ms=910491.3 eval=0 prior=0
[inst] req=17063936 hits=5891536 fwd=174673 rows=11172357 fwd_ms=910874.9 eval=0 prior=0
[inst] req=17072128 hits=5894418 fwd=174756 rows=11177662 fwd_ms=913145.4 eval=0 prior=0
[inst] req=17080320 hits=5897289 fwd=174840 rows=11183029 fwd_ms=915971.0 eval=0 prior=0
[inst] req=17088512 hits=5900127 fwd=174924 rows=11188368 fwd_ms=918973.9 eval=0 prior=0
[inst] req=17096704 hits=5903027 fwd=175007 rows=11193657 fwd_ms=921993.3 eval=0 prior=0
[inst] req=17104896 hits=5906395 fwd=175083 rows=11198468 fwd_ms=924776.4 eval=0 prior=0
[inst] req=17113088 hits=5910009 fwd=175155 rows=11203047 fwd_ms=925143.6 eval=0 prior=0
[inst] req=17121280 hits=5912881 fwd=175245 rows=11208365 fwd_ms=925656.6 eval=0 prior=0
[inst] req=17129472 hits=5916390 fwd=175318 rows=11213037 fwd_ms=926003.7 eval=0 prior=0
[inst] req=17137664 hits=5920210 fwd=175387 rows=11217452 fwd_ms=926333.1 eval=0 prior=0
[inst] req=17145856 hits=5923946 fwd=175456 rows=11221863 fwd_ms=926661.3 eval=0 prior=0
[inst] req=17154048 hits=5927711 fwd=175525 rows=11226278 fwd_ms=926989.4 eval=0 prior=0
[inst] req=17162240 hits=5931439 fwd=175595 rows=11230754 fwd_ms=927322.7 eval=0 prior=0
[inst] req=17170432 hits=5935139 fwd=175665 rows=11235233 fwd_ms=927655.7 eval=0 prior=0
[inst] req=17178624 hits=5938796 fwd=175736 rows=11239775 fwd_ms=927993.4 eval=0 prior=0
[inst] req=17186816 hits=5942547 fwd=175806 rows=11244255 fwd_ms=928326.5 eval=0 prior=0
[inst] req=17195008 hits=5946112 fwd=175878 rows=11248862 fwd_ms=928668.7 eval=0 prior=0
[inst] req=17203200 hits=5949833 fwd=175948 rows=11253341 fwd_ms=929001.8 eval=0 prior=0
[inst] req=17211392 hits=5953375 fwd=176021 rows=11258010 fwd_ms=929349.0 eval=0 prior=0
[inst] req=17219584 hits=5957031 fwd=176092 rows=11262552 fwd_ms=929687.3 eval=0 prior=0
[inst] req=17227776 hits=5960588 fwd=176164 rows=11267158 fwd_ms=930029.6 eval=0 prior=0
[inst] req=17235968 hits=5964284 fwd=176234 rows=11271629 fwd_ms=930362.3 eval=0 prior=0
[inst] req=17244160 hits=5967925 fwd=176305 rows=11276171 fwd_ms=930700.0 eval=0 prior=0
[inst] req=17252352 hits=5971472 fwd=176378 rows=11280842 fwd_ms=931046.5 eval=0 prior=0
[inst] req=17260544 hits=5975426 fwd=176444 rows=11285054 fwd_ms=931359.6 eval=0 prior=0
[inst] req=17268736 hits=5979207 fwd=176513 rows=11289468 fwd_ms=931687.3 eval=0 prior=0
[inst] req=17276928 hits=5982859 fwd=176584 rows=11294010 fwd_ms=932024.5 eval=0 prior=0
[inst] req=17285120 hits=5986604 fwd=176654 rows=11298488 fwd_ms=932356.8 eval=0 prior=0
[inst] req=17293312 hits=5990558 fwd=176720 rows=11302708 fwd_ms=932670.0 eval=0 prior=0
[inst] req=17301504 hits=5994370 fwd=176789 rows=11307112 fwd_ms=932997.2 eval=0 prior=0
[inst] req=17309696 hits=5998169 fwd=176858 rows=11311519 fwd_ms=933324.2 eval=0 prior=0
[inst] req=17317888 hits=6001664 fwd=176931 rows=11316179 fwd_ms=933670.1 eval=0 prior=0
[inst] req=17326080 hits=6005368 fwd=177001 rows=11320654 fwd_ms=934002.9 eval=0 prior=0
[inst] req=17334272 hits=6009059 fwd=177072 rows=11325198 fwd_ms=934339.4 eval=0 prior=0
[inst] req=17342464 hits=6012868 fwd=177140 rows=11329549 fwd_ms=934661.7 eval=0 prior=0
[inst] req=17350656 hits=6016650 fwd=177209 rows=11333965 fwd_ms=934988.7 eval=0 prior=0
[inst] req=17358848 hits=6020323 fwd=177280 rows=11338508 fwd_ms=935324.9 eval=0 prior=0
[inst] req=17367040 hits=6024294 fwd=177346 rows=11342729 fwd_ms=935637.5 eval=0 prior=0
[inst] req=17375232 hits=6028055 fwd=177415 rows=11347144 fwd_ms=935963.8 eval=0 prior=0
[inst] req=17383424 hits=6031798 fwd=177485 rows=11351622 fwd_ms=936295.4 eval=0 prior=0
[inst] req=17391616 hits=6035289 fwd=177558 rows=11356291 fwd_ms=936641.2 eval=0 prior=0
[inst] req=17399808 hits=6039004 fwd=177628 rows=11360768 fwd_ms=936973.2 eval=0 prior=0
[inst] req=17408000 hits=6042566 fwd=177700 rows=11365370 fwd_ms=937314.5 eval=0 prior=0
[inst] req=17416192 hits=6046258 fwd=177771 rows=11369912 fwd_ms=937651.6 eval=0 prior=0
[inst] req=17424384 hits=6050023 fwd=177840 rows=11374326 fwd_ms=937978.2 eval=0 prior=0
[inst] req=17432576 hits=6053783 fwd=177909 rows=11378742 fwd_ms=938304.7 eval=0 prior=0
[inst] req=17440768 hits=6057479 fwd=177980 rows=11383283 fwd_ms=938641.3 eval=0 prior=0
[inst] req=17448960 hits=6061369 fwd=178047 rows=11387569 fwd_ms=938958.5 eval=0 prior=0
[inst] req=17457152 hits=6065295 fwd=178114 rows=11391842 fwd_ms=939274.7 eval=0 prior=0
[inst] req=17465344 hits=6068951 fwd=178185 rows=11396386 fwd_ms=939610.0 eval=0 prior=0
[inst] req=17473536 hits=6072728 fwd=178254 rows=11400795 fwd_ms=939936.7 eval=0 prior=0
[inst] req=17481728 hits=6076813 fwd=178318 rows=11404888 fwd_ms=940239.7 eval=0 prior=0
[inst] req=17489920 hits=6080253 fwd=178392 rows=11409624 fwd_ms=940590.0 eval=0 prior=0
[inst] req=17498112 hits=6084041 fwd=178461 rows=11414039 fwd_ms=940916.6 eval=0 prior=0
[inst] req=17506304 hits=6087722 fwd=178531 rows=11418518 fwd_ms=941247.6 eval=0 prior=0
[inst] req=17514496 hits=6091279 fwd=178604 rows=11423190 fwd_ms=941592.5 eval=0 prior=0
[inst] req=17522688 hits=6094996 fwd=178674 rows=11427665 fwd_ms=941924.1 eval=0 prior=0
[inst] req=17530880 hits=6098943 fwd=178740 rows=11431888 fwd_ms=942237.1 eval=0 prior=0
[inst] req=17539072 hits=6102744 fwd=178809 rows=11436267 fwd_ms=942563.3 eval=0 prior=0
[inst] req=17547264 hits=6106513 fwd=178879 rows=11440746 fwd_ms=942894.3 eval=0 prior=0
[inst] req=17555456 hits=6110009 fwd=178952 rows=11445418 fwd_ms=943239.6 eval=0 prior=0
[inst] req=17563648 hits=6113762 fwd=179021 rows=11449833 fwd_ms=943565.8 eval=0 prior=0
[inst] req=17571840 hits=6117698 fwd=179088 rows=11454120 fwd_ms=943882.3 eval=0 prior=0
[inst] req=17580032 hits=6121464 fwd=179157 rows=11458536 fwd_ms=944208.7 eval=0 prior=0
[inst] req=17588224 hits=6125266 fwd=179226 rows=11462947 fwd_ms=944534.7 eval=0 prior=0
[inst] req=17596416 hits=6129054 fwd=179294 rows=11467298 fwd_ms=944856.6 eval=0 prior=0
[inst] req=17604608 hits=6132737 fwd=179365 rows=11471841 fwd_ms=945193.5 eval=0 prior=0
[inst] req=17612800 hits=6136454 fwd=179435 rows=11476321 fwd_ms=945525.5 eval=0 prior=0
[inst] req=17620992 hits=6140199 fwd=179504 rows=11480735 fwd_ms=945852.2 eval=0 prior=0
[inst] req=17629184 hits=6143812 fwd=179576 rows=11485343 fwd_ms=946193.0 eval=0 prior=0
[inst] req=17637376 hits=6147802 fwd=179642 rows=11489565 fwd_ms=946505.6 eval=0 prior=0
[inst] req=17645568 hits=6151554 fwd=179711 rows=11493978 fwd_ms=946832.3 eval=0 prior=0
[inst] req=17653760 hits=6155387 fwd=179779 rows=11498330 fwd_ms=947154.0 eval=0 prior=0
[inst] req=17661952 hits=6159060 fwd=179850 rows=11502873 fwd_ms=947490.0 eval=0 prior=0
[inst] req=17670144 hits=6162907 fwd=179918 rows=11507222 fwd_ms=947812.2 eval=0 prior=0
[inst] req=17678336 hits=6166625 fwd=179988 rows=11511702 fwd_ms=948143.6 eval=0 prior=0
[inst] req=17686528 hits=6170530 fwd=180055 rows=11515989 fwd_ms=948461.3 eval=0 prior=0
[inst] req=17694720 hits=6174318 fwd=180124 rows=11520393 fwd_ms=948788.7 eval=0 prior=0
[inst] req=17702912 hits=6177973 fwd=180195 rows=11524936 fwd_ms=949125.3 eval=0 prior=0
[inst] req=17711104 hits=6181777 fwd=180263 rows=11529285 fwd_ms=949448.2 eval=0 prior=0
[inst] req=17719296 hits=6185701 fwd=180330 rows=11533571 fwd_ms=949765.8 eval=0 prior=0
[inst] req=17727488 hits=6189517 fwd=180398 rows=11537921 fwd_ms=950087.9 eval=0 prior=0
[inst] req=17735680 hits=6193240 fwd=180468 rows=11542394 fwd_ms=950418.8 eval=0 prior=0
[inst] req=17743872 hits=6196895 fwd=180539 rows=11546938 fwd_ms=950754.7 eval=0 prior=0
[inst] req=17752064 hits=6200623 fwd=180609 rows=11551418 fwd_ms=951085.9 eval=0 prior=0
[inst] req=17760256 hits=6204481 fwd=180677 rows=11555767 fwd_ms=951408.1 eval=0 prior=0
[inst] req=17768448 hits=6208410 fwd=180743 rows=11559983 fwd_ms=951721.2 eval=0 prior=0
[inst] req=17776640 hits=6212234 fwd=180812 rows=11564397 fwd_ms=952048.2 eval=0 prior=0
[inst] req=17784832 hits=6215975 fwd=180881 rows=11568812 fwd_ms=952375.7 eval=0 prior=0
[inst] req=17793024 hits=6219698 fwd=180951 rows=11573282 fwd_ms=952707.9 eval=0 prior=0
[inst] req=17801216 hits=6223470 fwd=181020 rows=11577695 fwd_ms=953035.0 eval=0 prior=0
[inst] req=17809408 hits=6227355 fwd=181088 rows=11582046 fwd_ms=953357.3 eval=0 prior=0
[inst] req=17817600 hits=6230963 fwd=181159 rows=11586590 fwd_ms=953693.6 eval=0 prior=0
[inst] req=17825792 hits=6234555 fwd=181231 rows=11591195 fwd_ms=954034.7 eval=0 prior=0
[inst] req=17833984 hits=6238316 fwd=181300 rows=11595609 fwd_ms=954361.5 eval=0 prior=0
[inst] req=17842176 hits=6241968 fwd=181371 rows=11600153 fwd_ms=954698.4 eval=0 prior=0
[inst] req=17850368 hits=6245688 fwd=181441 rows=11604631 fwd_ms=955030.7 eval=0 prior=0
[inst] req=17858560 hits=6249489 fwd=181510 rows=11609042 fwd_ms=955358.3 eval=0 prior=0
[inst] req=17866752 hits=6253347 fwd=181578 rows=11613388 fwd_ms=955680.8 eval=0 prior=0
[inst] req=17874944 hits=6257066 fwd=181648 rows=11617828 fwd_ms=956010.7 eval=0 prior=0
[inst] req=17883136 hits=6260752 fwd=181719 rows=11622370 fwd_ms=956347.6 eval=0 prior=0
[inst] req=17891328 hits=6264480 fwd=181789 rows=11626847 fwd_ms=956679.6 eval=0 prior=0
[inst] req=17899520 hits=6268182 fwd=181859 rows=11631325 fwd_ms=957011.4 eval=0 prior=0
[inst] req=17907712 hits=6271845 fwd=181929 rows=11635803 fwd_ms=957343.7 eval=0 prior=0
[inst] req=17915904 hits=6275851 fwd=181995 rows=11640015 fwd_ms=957657.0 eval=0 prior=0
[inst] req=17924096 hits=6279749 fwd=182062 rows=11644301 fwd_ms=957974.9 eval=0 prior=0
[inst] req=17932288 hits=6283397 fwd=182133 rows=11648843 fwd_ms=958311.2 eval=0 prior=0
[inst] req=17940480 hits=6287345 fwd=182200 rows=11653131 fwd_ms=958628.9 eval=0 prior=0
[inst] req=17948672 hits=6291192 fwd=182267 rows=11657416 fwd_ms=958946.7 eval=0 prior=0
[inst] req=17956864 hits=6294979 fwd=182336 rows=11661829 fwd_ms=959273.6 eval=0 prior=0
[inst] req=17965056 hits=6298489 fwd=182410 rows=11666563 fwd_ms=959623.8 eval=0 prior=0
[inst] req=17973248 hits=6302214 fwd=182479 rows=11670979 fwd_ms=959950.8 eval=0 prior=0
[inst] req=17981440 hits=6305948 fwd=182549 rows=11675456 fwd_ms=960282.2 eval=0 prior=0
[inst] req=17989632 hits=6309746 fwd=182618 rows=11679861 fwd_ms=960609.3 eval=0 prior=0
[inst] req=17997824 hits=6313519 fwd=182687 rows=11684275 fwd_ms=960935.9 eval=0 prior=0
[inst] req=18006016 hits=6317342 fwd=182755 rows=11688623 fwd_ms=961257.8 eval=0 prior=0
[inst] req=18014208 hits=6321335 fwd=182821 rows=11692838 fwd_ms=961571.0 eval=0 prior=0
[inst] req=18022400 hits=6325358 fwd=182886 rows=11696996 fwd_ms=961879.0 eval=0 prior=0
[inst] req=18030592 hits=6329196 fwd=182954 rows=11701346 fwd_ms=962202.4 eval=0 prior=0
[inst] req=18038784 hits=6332942 fwd=183024 rows=11705826 fwd_ms=962534.2 eval=0 prior=0
[inst] req=18046976 hits=6336819 fwd=183091 rows=11710109 fwd_ms=962852.0 eval=0 prior=0
[inst] req=18055168 hits=6340471 fwd=183162 rows=11714652 fwd_ms=963188.9 eval=0 prior=0
[inst] req=18063360 hits=6344539 fwd=183227 rows=11718806 fwd_ms=963497.5 eval=0 prior=0
[inst] req=18071552 hits=6348469 fwd=183293 rows=11723027 fwd_ms=963810.6 eval=0 prior=0
[inst] req=18079744 hits=6352336 fwd=183361 rows=11727378 fwd_ms=964132.8 eval=0 prior=0
[inst] req=18087936 hits=6356172 fwd=183429 rows=11731730 fwd_ms=964455.2 eval=0 prior=0
[inst] req=18096128 hits=6360095 fwd=183496 rows=11736016 fwd_ms=964772.8 eval=0 prior=0
[inst] req=18104320 hits=6363981 fwd=183563 rows=11740303 fwd_ms=965090.7 eval=0 prior=0
[inst] req=18112512 hits=6367732 fwd=183633 rows=11744748 fwd_ms=965420.4 eval=0 prior=0
[inst] req=18120704 hits=6371613 fwd=183700 rows=11749035 fwd_ms=965738.1 eval=0 prior=0
[inst] req=18128896 hits=6375546 fwd=183767 rows=11753319 fwd_ms=966055.9 eval=0 prior=0
[inst] req=18137088 hits=6379565 fwd=183832 rows=11757478 fwd_ms=966364.5 eval=0 prior=0
[inst] req=18145280 hits=6383467 fwd=183899 rows=11761763 fwd_ms=966682.0 eval=0 prior=0
[inst] req=18153472 hits=6387290 fwd=183968 rows=11766174 fwd_ms=967008.8 eval=0 prior=0
[inst] req=18161664 hits=6391037 fwd=184037 rows=11770590 fwd_ms=967336.0 eval=0 prior=0
[inst] req=18169856 hits=6394775 fwd=184107 rows=11775068 fwd_ms=967667.8 eval=0 prior=0
[inst] req=18178048 hits=6398616 fwd=184175 rows=11779418 fwd_ms=967990.2 eval=0 prior=0
[inst] req=18186240 hits=6402442 fwd=184243 rows=11783766 fwd_ms=968312.3 eval=0 prior=0
[inst] req=18194432 hits=6406350 fwd=184310 rows=11788046 fwd_ms=968630.8 eval=0 prior=0
[inst] req=18202624 hits=6410192 fwd=184378 rows=11792394 fwd_ms=968953.3 eval=0 prior=0
[inst] req=18210816 hits=6413946 fwd=184447 rows=11796810 fwd_ms=969280.3 eval=0 prior=0
[inst] req=18219008 hits=6417682 fwd=184517 rows=11801285 fwd_ms=969612.2 eval=0 prior=0
[inst] req=18227200 hits=6421425 fwd=184587 rows=11805764 fwd_ms=969943.4 eval=0 prior=0
[inst] req=18235392 hits=6425357 fwd=184653 rows=11809987 fwd_ms=970256.0 eval=0 prior=0
[inst] req=18243584 hits=6429188 fwd=184721 rows=11814339 fwd_ms=970578.1 eval=0 prior=0
[inst] req=18251776 hits=6433131 fwd=184788 rows=11818625 fwd_ms=970895.5 eval=0 prior=0
[inst] req=18259968 hits=6436898 fwd=184857 rows=11823040 fwd_ms=971222.6 eval=0 prior=0
[inst] req=18268160 hits=6440748 fwd=184925 rows=11827388 fwd_ms=971544.6 eval=0 prior=0
[inst] req=18276352 hits=6444477 fwd=184995 rows=11831868 fwd_ms=971875.8 eval=0 prior=0
[inst] req=18284544 hits=6448301 fwd=185063 rows=11836220 fwd_ms=972197.6 eval=0 prior=0
[inst] req=18292736 hits=6452316 fwd=185128 rows=11840379 fwd_ms=972506.0 eval=0 prior=0
[inst] req=18300928 hits=6456026 fwd=185198 rows=11844859 fwd_ms=972837.4 eval=0 prior=0
[inst] req=18309120 hits=6459873 fwd=185266 rows=11849210 fwd_ms=973159.1 eval=0 prior=0
[inst] req=18317312 hits=6463818 fwd=185333 rows=11853458 fwd_ms=973474.1 eval=0 prior=0
[inst] req=18325504 hits=6467565 fwd=185403 rows=11857938 fwd_ms=973805.4 eval=0 prior=0
[inst] req=18333696 hits=6471363 fwd=185471 rows=11862286 fwd_ms=974127.1 eval=0 prior=0
[inst] req=18341888 hits=6475224 fwd=185539 rows=11866630 fwd_ms=974448.8 eval=0 prior=0
[inst] req=18350080 hits=6479080 fwd=185607 rows=11870982 fwd_ms=974771.2 eval=0 prior=0
[inst] req=18358272 hits=6482830 fwd=185676 rows=11875398 fwd_ms=975098.0 eval=0 prior=0
[inst] req=18366464 hits=6486582 fwd=185746 rows=11879877 fwd_ms=975429.1 eval=0 prior=0
[inst] req=18374656 hits=6490480 fwd=185813 rows=11884162 fwd_ms=975746.1 eval=0 prior=0
[inst] req=18382848 hits=6494250 fwd=185882 rows=11888577 fwd_ms=976072.9 eval=0 prior=0
[inst] req=18391040 hits=6498039 fwd=185951 rows=11892991 fwd_ms=976399.5 eval=0 prior=0
[inst] req=18399232 hits=6502030 fwd=186016 rows=11897138 fwd_ms=976707.8 eval=0 prior=0
[inst] req=18407424 hits=6506080 fwd=186081 rows=11901296 fwd_ms=977015.7 eval=0 prior=0
[inst] req=18415616 hits=6509890 fwd=186150 rows=11905694 fwd_ms=977341.3 eval=0 prior=0
[inst] req=18423808 hits=6513457 fwd=186222 rows=11910302 fwd_ms=977682.0 eval=0 prior=0
[inst] req=18432000 hits=6517009 fwd=186295 rows=11914972 fwd_ms=978027.5 eval=0 prior=0
[inst] req=18440192 hits=6520695 fwd=186365 rows=11919440 fwd_ms=978359.0 eval=0 prior=0
[inst] req=18448384 hits=6524318 fwd=186437 rows=11924048 fwd_ms=978699.7 eval=0 prior=0
[inst] req=18456576 hits=6528002 fwd=186507 rows=11928525 fwd_ms=979030.8 eval=0 prior=0
[inst] req=18464768 hits=6531724 fwd=186577 rows=11932999 fwd_ms=979362.7 eval=0 prior=0
[inst] req=18472960 hits=6535626 fwd=186644 rows=11937285 fwd_ms=979680.3 eval=0 prior=0
[inst] req=18481152 hits=6539332 fwd=186714 rows=11941765 fwd_ms=980011.8 eval=0 prior=0
[inst] req=18489344 hits=6543166 fwd=186782 rows=11946116 fwd_ms=980333.9 eval=0 prior=0
[inst] req=18497536 hits=6547152 fwd=186848 rows=11950339 fwd_ms=980646.7 eval=0 prior=0
[inst] req=18505728 hits=6550747 fwd=186920 rows=11954947 fwd_ms=980987.6 eval=0 prior=0
[inst] req=18513920 hits=6554665 fwd=186987 rows=11959220 fwd_ms=981305.1 eval=0 prior=0
[inst] req=18522112 hits=6558485 fwd=187055 rows=11963564 fwd_ms=981626.9 eval=0 prior=0
[inst] req=18530304 hits=6562169 fwd=187126 rows=11968108 fwd_ms=981963.2 eval=0 prior=0
[inst] req=18538496 hits=6566039 fwd=187193 rows=11972395 fwd_ms=982280.4 eval=0 prior=0
[inst] req=18546688 hits=6569508 fwd=187267 rows=11977129 fwd_ms=982630.8 eval=0 prior=0
[inst] req=18554880 hits=6573245 fwd=187337 rows=11981605 fwd_ms=982962.2 eval=0 prior=0
[inst] req=18563072 hits=6577276 fwd=187402 rows=11985763 fwd_ms=983270.4 eval=0 prior=0
[inst] req=18571264 hits=6581048 fwd=187471 rows=11990179 fwd_ms=983597.0 eval=0 prior=0
[inst] req=18579456 hits=6584902 fwd=187539 rows=11994530 fwd_ms=983919.1 eval=0 prior=0
[inst] req=18587648 hits=6588555 fwd=187610 rows=11999073 fwd_ms=984255.1 eval=0 prior=0
[inst] req=18595840 hits=6592322 fwd=187679 rows=12003488 fwd_ms=984582.0 eval=0 prior=0
[inst] req=18604032 hits=6595921 fwd=187751 rows=12008095 fwd_ms=984922.9 eval=0 prior=0
[inst] req=18612224 hits=6599549 fwd=187822 rows=12012638 fwd_ms=985259.1 eval=0 prior=0
[inst] req=18620416 hits=6603353 fwd=187891 rows=12017054 fwd_ms=985585.8 eval=0 prior=0
[inst] req=18628608 hits=6606950 fwd=187962 rows=12021598 fwd_ms=985921.9 eval=0 prior=0
[inst] req=18636800 hits=6610551 fwd=188034 rows=12026201 fwd_ms=986262.6 eval=0 prior=0
[inst] req=18644992 hits=6614467 fwd=188101 rows=12030486 fwd_ms=986580.4 eval=0 prior=0
[inst] req=18653184 hits=6618173 fwd=188171 rows=12034962 fwd_ms=986912.0 eval=0 prior=0
[inst] req=18661376 hits=6622029 fwd=188239 rows=12039300 fwd_ms=987233.9 eval=0 prior=0
[inst] req=18669568 hits=6625633 fwd=188311 rows=12043907 fwd_ms=987574.6 eval=0 prior=0
[inst] req=18677760 hits=6629181 fwd=188383 rows=12048515 fwd_ms=987915.8 eval=0 prior=0
[inst] req=18685952 hits=6632729 fwd=188456 rows=12053176 fwd_ms=988261.7 eval=0 prior=0
[inst] req=18694144 hits=6636434 fwd=188526 rows=12057654 fwd_ms=988593.8 eval=0 prior=0
[inst] req=18702336 hits=6639960 fwd=188599 rows=12062325 fwd_ms=988939.8 eval=0 prior=0
[inst] req=18710528 hits=6643518 fwd=188672 rows=12066996 fwd_ms=989285.8 eval=0 prior=0
[inst] req=18718720 hits=6647045 fwd=188745 rows=12071668 fwd_ms=989632.3 eval=0 prior=0
[inst] req=18726912 hits=6650651 fwd=188816 rows=12076201 fwd_ms=989969.2 eval=0 prior=0
[inst] req=18735104 hits=6654168 fwd=188889 rows=12080872 fwd_ms=990316.0 eval=0 prior=0
[inst] req=18743296 hits=6657763 fwd=188961 rows=12085477 fwd_ms=990658.1 eval=0 prior=0
[inst] req=18751488 hits=6661241 fwd=189035 rows=12090211 fwd_ms=991009.6 eval=0 prior=0
[inst] req=18759680 hits=6664799 fwd=189107 rows=12094819 fwd_ms=991351.5 eval=0 prior=0
[inst] req=18767872 hits=6668327 fwd=189180 rows=12099491 fwd_ms=991697.9 eval=0 prior=0
[inst] req=18776064 hits=6672081 fwd=189250 rows=12103971 fwd_ms=992030.2 eval=0 prior=0
[inst] req=18784256 hits=6675621 fwd=189322 rows=12108579 fwd_ms=992371.9 eval=0 prior=0
[inst] req=18792448 hits=6679201 fwd=189394 rows=12113183 fwd_ms=992713.4 eval=0 prior=0
[inst] req=18800640 hits=6682768 fwd=189467 rows=12117853 fwd_ms=993060.2 eval=0 prior=0
[inst] req=18808832 hits=6686307 fwd=189539 rows=12122461 fwd_ms=993401.8 eval=0 prior=0
[inst] req=18817024 hits=6690040 fwd=189609 rows=12126940 fwd_ms=993734.0 eval=0 prior=0
[inst] req=18825216 hits=6693678 fwd=189680 rows=12131474 fwd_ms=994071.1 eval=0 prior=0
[inst] req=18833408 hits=6697431 fwd=189750 rows=12135942 fwd_ms=994405.9 eval=0 prior=0
[inst] req=18841600 hits=6701176 fwd=189820 rows=12140410 fwd_ms=994740.1 eval=0 prior=0
[inst] req=18849792 hits=6704982 fwd=189889 rows=12144806 fwd_ms=995068.9 eval=0 prior=0
[inst] req=18857984 hits=6708867 fwd=189956 rows=12149074 fwd_ms=995387.9 eval=0 prior=0
[inst] req=18866176 hits=6712732 fwd=190024 rows=12153402 fwd_ms=995711.7 eval=0 prior=0
[inst] req=18874368 hits=6716436 fwd=190095 rows=12157908 fwd_ms=996049.0 eval=0 prior=0
[inst] req=18882560 hits=6720119 fwd=190165 rows=12162384 fwd_ms=996382.9 eval=0 prior=0
[inst] req=18890752 hits=6723659 fwd=190238 rows=12167054 fwd_ms=996730.3 eval=0 prior=0
[inst] req=18898944 hits=6727314 fwd=190309 rows=12171585 fwd_ms=997067.5 eval=0 prior=0
[inst] req=18907136 hits=6730911 fwd=190381 rows=12176189 fwd_ms=997409.2 eval=0 prior=0
[inst] req=18915328 hits=6734470 fwd=190454 rows=12180842 fwd_ms=997754.9 eval=0 prior=0
[inst] req=18923520 hits=6738089 fwd=190525 rows=12185386 fwd_ms=998092.1 eval=0 prior=0
[inst] req=18931712 hits=6742120 fwd=190590 rows=12189536 fwd_ms=998401.4 eval=0 prior=0
[inst] req=18939904 hits=6745618 fwd=190665 rows=12194264 fwd_ms=1000803.0 eval=0 prior=0
[inst] req=18948096 hits=6749213 fwd=190737 rows=12198829 fwd_ms=1003432.7 eval=0 prior=0
[inst] req=18956288 hits=6752661 fwd=190813 rows=12203584 fwd_ms=1006159.3 eval=0 prior=0
[inst] req=18964480 hits=6756205 fwd=190886 rows=12208224 fwd_ms=1010238.6 eval=0 prior=0
[inst] req=18972672 hits=6759267 fwd=190967 rows=12213387 fwd_ms=1012134.4 eval=0 prior=0
[inst] req=18980864 hits=6761495 fwd=191067 rows=12219349 fwd_ms=1012729.5 eval=0 prior=0
[inst] req=18989056 hits=6764152 fwd=191153 rows=12224853 fwd_ms=1013136.9 eval=0 prior=0
[inst] req=18997248 hits=6766960 fwd=191237 rows=12230229 fwd_ms=1013534.7 eval=0 prior=0
[inst] req=19005440 hits=6769816 fwd=191321 rows=12235605 fwd_ms=1013932.2 eval=0 prior=0
[inst] req=19013632 hits=6772546 fwd=191406 rows=12241045 fwd_ms=1014334.5 eval=0 prior=0
[inst] req=19021824 hits=6775513 fwd=191488 rows=12246292 fwd_ms=1014722.9 eval=0 prior=0
[inst] req=19030016 hits=6778527 fwd=191569 rows=12251475 fwd_ms=1015106.8 eval=0 prior=0
[inst] req=19038208 hits=6781403 fwd=191652 rows=12256787 fwd_ms=1015500.0 eval=0 prior=0
[inst] req=19046400 hits=6784306 fwd=191734 rows=12262035 fwd_ms=1015887.9 eval=0 prior=0
[inst] req=19054592 hits=6787239 fwd=191817 rows=12267347 fwd_ms=1016280.2 eval=0 prior=0
[inst] req=19062784 hits=6790266 fwd=191897 rows=12272467 fwd_ms=1016658.6 eval=0 prior=0
[inst] req=19070976 hits=6793253 fwd=191979 rows=12277714 fwd_ms=1017046.9 eval=0 prior=0
[inst] req=19079168 hits=6796266 fwd=192060 rows=12282898 fwd_ms=1017429.8 eval=0 prior=0
[inst] req=19087360 hits=6799146 fwd=192143 rows=12288210 fwd_ms=1017822.2 eval=0 prior=0
[inst] req=19095552 hits=6801981 fwd=192226 rows=12293522 fwd_ms=1018215.0 eval=0 prior=0
[inst] req=19103744 hits=6804892 fwd=192309 rows=12298834 fwd_ms=1018607.3 eval=0 prior=0
[inst] req=19111936 hits=6807797 fwd=192391 rows=12304082 fwd_ms=1018994.7 eval=0 prior=0
[inst] req=19120128 hits=6810657 fwd=192475 rows=12309458 fwd_ms=1019391.4 eval=0 prior=0
[inst] req=19128320 hits=6813636 fwd=192556 rows=12314630 fwd_ms=1019774.3 eval=0 prior=0
[inst] req=19136512 hits=6816465 fwd=192640 rows=12320006 fwd_ms=1020170.9 eval=0 prior=0
[inst] req=19144704 hits=6819346 fwd=192723 rows=12325317 fwd_ms=1020562.8 eval=0 prior=0
[inst] req=19152896 hits=6822114 fwd=192808 rows=12330757 fwd_ms=1020963.7 eval=0 prior=0
[inst] req=19161088 hits=6824974 fwd=192891 rows=12336069 fwd_ms=1021355.6 eval=0 prior=0
[inst] req=19169280 hits=6827702 fwd=192977 rows=12341573 fwd_ms=1021761.5 eval=0 prior=0
[inst] req=19177472 hits=6830665 fwd=193058 rows=12346754 fwd_ms=1022144.1 eval=0 prior=0
[inst] req=19185664 hits=6833465 fwd=193143 rows=12352194 fwd_ms=1022545.0 eval=0 prior=0
[inst] req=19193856 hits=6836363 fwd=193225 rows=12357442 fwd_ms=1022931.3 eval=0 prior=0
[inst] req=19202048 hits=6839220 fwd=193309 rows=12362818 fwd_ms=1023327.3 eval=0 prior=0
[inst] req=19210240 hits=6842076 fwd=193392 rows=12368130 fwd_ms=1023718.8 eval=0 prior=0
[inst] req=19218432 hits=6845027 fwd=193474 rows=12373378 fwd_ms=1024105.9 eval=0 prior=0
[inst] req=19226624 hits=6847891 fwd=193557 rows=12378690 fwd_ms=1024497.4 eval=0 prior=0
[inst] req=19234816 hits=6850778 fwd=193640 rows=12384002 fwd_ms=1024888.9 eval=0 prior=0
[inst] req=19243008 hits=6853749 fwd=193722 rows=12389249 fwd_ms=1025275.8 eval=0 prior=0
[inst] req=19251200 hits=6856578 fwd=193805 rows=12394561 fwd_ms=1025667.1 eval=0 prior=0
[inst] req=19259392 hits=6859369 fwd=193890 rows=12400001 fwd_ms=1026068.4 eval=0 prior=0
[inst] req=19267584 hits=6862186 fwd=193974 rows=12405377 fwd_ms=1026464.7 eval=0 prior=0
[inst] req=19275776 hits=6865164 fwd=194055 rows=12410559 fwd_ms=1026846.5 eval=0 prior=0
[inst] req=19283968 hits=6868032 fwd=194139 rows=12415935 fwd_ms=1027242.6 eval=0 prior=0
[inst] req=19292160 hits=6870958 fwd=194221 rows=12421183 fwd_ms=1027628.6 eval=0 prior=0
[inst] req=19300352 hits=6873742 fwd=194305 rows=12426559 fwd_ms=1028024.5 eval=0 prior=0
[inst] req=19308544 hits=6876622 fwd=194388 rows=12431870 fwd_ms=1028415.3 eval=0 prior=0
[inst] req=19316736 hits=6879537 fwd=194471 rows=12437181 fwd_ms=1028806.3 eval=0 prior=0
[inst] req=19324928 hits=6882342 fwd=194555 rows=12442557 fwd_ms=1029202.1 eval=0 prior=0
[inst] req=19333120 hits=6885277 fwd=194637 rows=12447793 fwd_ms=1029589.0 eval=0 prior=0
[inst] req=19341312 hits=6888109 fwd=194721 rows=12453169 fwd_ms=1029984.3 eval=0 prior=0
[inst] req=19349504 hits=6891125 fwd=194802 rows=12458352 fwd_ms=1030372.3 eval=0 prior=0
[inst] req=19357696 hits=6893754 fwd=194889 rows=12463920 fwd_ms=1030788.3 eval=0 prior=0
[inst] req=19365888 hits=6896571 fwd=194973 rows=12469296 fwd_ms=1031197.6 eval=0 prior=0
[inst] req=19374080 hits=6899460 fwd=195056 rows=12474607 fwd_ms=1031595.9 eval=0 prior=0
[inst] req=19382272 hits=6902232 fwd=195140 rows=12479983 fwd_ms=1032007.9 eval=0 prior=0
[inst] req=19390464 hits=6905023 fwd=195225 rows=12485423 fwd_ms=1032420.1 eval=0 prior=0
[inst] req=19398656 hits=6907818 fwd=195309 rows=12490799 fwd_ms=1032821.3 eval=0 prior=0
[inst] req=19406848 hits=6910649 fwd=195393 rows=12496175 fwd_ms=1033223.3 eval=0 prior=0
[inst] req=19415040 hits=6913767 fwd=195472 rows=12501229 fwd_ms=1033614.7 eval=0 prior=0
[inst] req=19423232 hits=6916670 fwd=195555 rows=12506540 fwd_ms=1034017.5 eval=0 prior=0
[inst] req=19431424 hits=6919430 fwd=195640 rows=12511980 fwd_ms=1034438.5 eval=0 prior=0
[inst] req=19439616 hits=6922320 fwd=195723 rows=12517292 fwd_ms=1034844.1 eval=0 prior=0
[inst] req=19447808 hits=6925193 fwd=195806 rows=12522604 fwd_ms=1035248.3 eval=0 prior=0
[inst] req=19456000 hits=6928200 fwd=195887 rows=12527785 fwd_ms=1035644.9 eval=0 prior=0
[inst] req=19464192 hits=6931042 fwd=195970 rows=12533097 fwd_ms=1036040.5 eval=0 prior=0
[inst] req=19472384 hits=6933926 fwd=196053 rows=12538408 fwd_ms=1036435.6 eval=0 prior=0
[inst] req=19480576 hits=6936733 fwd=196137 rows=12543784 fwd_ms=1036841.1 eval=0 prior=0
[inst] req=19488768 hits=6939525 fwd=196222 rows=12549224 fwd_ms=1037242.4 eval=0 prior=0
[inst] req=19496960 hits=6942372 fwd=196305 rows=12554536 fwd_ms=1037634.4 eval=0 prior=0
[inst] req=19505152 hits=6945194 fwd=196389 rows=12559912 fwd_ms=1038031.4 eval=0 prior=0
[inst] req=19513344 hits=6948175 fwd=196471 rows=12565159 fwd_ms=1038419.8 eval=0 prior=0
[inst] req=19521536 hits=6951308 fwd=196550 rows=12570213 fwd_ms=1038793.7 eval=0 prior=0
[inst] req=19529728 hits=6954137 fwd=196634 rows=12575589 fwd_ms=1039191.7 eval=0 prior=0
[inst] req=19537920 hits=6956924 fwd=196718 rows=12580965 fwd_ms=1039589.2 eval=0 prior=0
[inst] req=19546112 hits=6959924 fwd=196799 rows=12586147 fwd_ms=1039973.2 eval=0 prior=0
[inst] req=19554304 hits=6962920 fwd=196880 rows=12591327 fwd_ms=1040356.3 eval=0 prior=0
[inst] req=19562496 hits=6965717 fwd=196965 rows=12596753 fwd_ms=1040758.6 eval=0 prior=0
[inst] req=19570688 hits=6968494 fwd=197050 rows=12602193 fwd_ms=1041161.2 eval=0 prior=0
[inst] req=19578880 hits=6971513 fwd=197130 rows=12607312 fwd_ms=1041540.0 eval=0 prior=0
[inst] req=19587072 hits=6974202 fwd=197216 rows=12612816 fwd_ms=1041946.8 eval=0 prior=0
[inst] req=19595264 hits=6977240 fwd=197297 rows=12617998 fwd_ms=1042330.6 eval=0 prior=0
[inst] req=19603456 hits=6980104 fwd=197380 rows=12623310 fwd_ms=1042723.3 eval=0 prior=0
[inst] req=19611648 hits=6982971 fwd=197463 rows=12628622 fwd_ms=1043116.4 eval=0 prior=0
[inst] req=19619840 hits=6985721 fwd=197548 rows=12634062 fwd_ms=1043518.1 eval=0 prior=0
[inst] req=19628032 hits=6988694 fwd=197630 rows=12639310 fwd_ms=1043905.8 eval=0 prior=0
[inst] req=19636224 hits=6991591 fwd=197713 rows=12644621 fwd_ms=1044298.5 eval=0 prior=0
[inst] req=19644416 hits=6994508 fwd=197795 rows=12649869 fwd_ms=1044686.4 eval=0 prior=0
[inst] req=19652608 hits=6997314 fwd=197879 rows=12655245 fwd_ms=1045083.5 eval=0 prior=0
[inst] req=19660800 hits=7000343 fwd=197960 rows=12660428 fwd_ms=1045466.3 eval=0 prior=0
[inst] req=19668992 hits=7003274 fwd=198042 rows=12665674 fwd_ms=1045854.2 eval=0 prior=0
[inst] req=19677184 hits=7006233 fwd=198124 rows=12670921 fwd_ms=1046242.5 eval=0 prior=0
[inst] req=19685376 hits=7009046 fwd=198208 rows=12676296 fwd_ms=1046640.2 eval=0 prior=0
[inst] req=19693568 hits=7012132 fwd=198288 rows=12681414 fwd_ms=1047018.8 eval=0 prior=0
[inst] req=19701760 hits=7014950 fwd=198372 rows=12686790 fwd_ms=1047415.8 eval=0 prior=0
[inst] req=19709952 hits=7017774 fwd=198456 rows=12692166 fwd_ms=1047813.6 eval=0 prior=0
[inst] req=19718144 hits=7020573 fwd=198540 rows=12697541 fwd_ms=1048211.8 eval=0 prior=0
[inst] req=19726336 hits=7023245 fwd=198626 rows=12703045 fwd_ms=1048618.5 eval=0 prior=0
[inst] req=19734528 hits=7025936 fwd=198712 rows=12708549 fwd_ms=1049025.0 eval=0 prior=0
[inst] req=19742720 hits=7028674 fwd=198797 rows=12713989 fwd_ms=1049426.9 eval=0 prior=0
[inst] req=19750912 hits=7031463 fwd=198882 rows=12719429 fwd_ms=1049828.5 eval=0 prior=0
[inst] req=19759104 hits=7034302 fwd=198965 rows=12724741 fwd_ms=1050220.6 eval=0 prior=0
[inst] req=19767296 hits=7037322 fwd=199046 rows=12729924 fwd_ms=1050603.3 eval=0 prior=0
[inst] req=19775488 hits=7040138 fwd=199130 rows=12735300 fwd_ms=1051000.0 eval=0 prior=0
[inst] req=19783680 hits=7042876 fwd=199215 rows=12740740 fwd_ms=1051401.6 eval=0 prior=0
[inst] req=19791872 hits=7045681 fwd=199300 rows=12746180 fwd_ms=1051803.4 eval=0 prior=0
[inst] req=19800064 hits=7048508 fwd=199383 rows=12751492 fwd_ms=1052195.9 eval=0 prior=0
[inst] req=19808256 hits=7051370 fwd=199467 rows=12756868 fwd_ms=1052593.4 eval=0 prior=0
[inst] req=19816448 hits=7054190 fwd=199551 rows=12762244 fwd_ms=1052990.8 eval=0 prior=0
[inst] req=19824640 hits=7056983 fwd=199635 rows=12767620 fwd_ms=1053388.2 eval=0 prior=0
[inst] req=19832832 hits=7059898 fwd=199718 rows=12772931 fwd_ms=1053782.1 eval=0 prior=0
[inst] req=19841024 hits=7062711 fwd=199802 rows=12778307 fwd_ms=1054180.5 eval=0 prior=0
[inst] req=19849216 hits=7065609 fwd=199884 rows=12783554 fwd_ms=1054568.8 eval=0 prior=0
[inst] req=19857408 hits=7068582 fwd=199966 rows=12788801 fwd_ms=1054957.7 eval=0 prior=0
[inst] req=19865600 hits=7071675 fwd=200046 rows=12793920 fwd_ms=1055337.0 eval=0 prior=0
[inst] req=19873792 hits=7074673 fwd=200127 rows=12799102 fwd_ms=1055721.1 eval=0 prior=0
[inst] req=19881984 hits=7077448 fwd=200211 rows=12804478 fwd_ms=1056119.1 eval=0 prior=0
[inst] req=19890176 hits=7080134 fwd=200297 rows=12809982 fwd_ms=1056526.0 eval=0 prior=0
[inst] req=19898368 hits=7083011 fwd=200380 rows=12815294 fwd_ms=1056919.0 eval=0 prior=0
[inst] req=19906560 hits=7086004 fwd=200462 rows=12820541 fwd_ms=1057307.6 eval=0 prior=0
[inst] req=19914752 hits=7089241 fwd=200539 rows=12825467 fwd_ms=1057672.8 eval=0 prior=0
[inst] req=19922944 hits=7092145 fwd=200622 rows=12830779 fwd_ms=1058066.1 eval=0 prior=0
[inst] req=19931136 hits=7095119 fwd=200703 rows=12835960 fwd_ms=1058450.3 eval=0 prior=0
[inst] req=19939328 hits=7098073 fwd=200785 rows=12841203 fwd_ms=1058839.1 eval=0 prior=0
[inst] req=19947520 hits=7100809 fwd=200871 rows=12846707 fwd_ms=1059246.5 eval=0 prior=0
[inst] req=19955712 hits=7103750 fwd=200953 rows=12851954 fwd_ms=1059634.8 eval=0 prior=0
[inst] req=19963904 hits=7106592 fwd=201036 rows=12857266 fwd_ms=1060038.4 eval=0 prior=0
[inst] req=19972096 hits=7109410 fwd=201120 rows=12862642 fwd_ms=1060447.8 eval=0 prior=0
[inst] req=19980288 hits=7112428 fwd=201201 rows=12867825 fwd_ms=1060843.4 eval=0 prior=0
[inst] req=19988480 hits=7115475 fwd=201281 rows=12872943 fwd_ms=1061234.2 eval=0 prior=0
[inst] req=19996672 hits=7118285 fwd=201366 rows=12878383 fwd_ms=1061655.7 eval=0 prior=0
[inst] req=20004864 hits=7121275 fwd=201447 rows=12883565 fwd_ms=1062049.7 eval=0 prior=0
[inst] req=20013056 hits=7124307 fwd=201528 rows=12888747 fwd_ms=1062433.1 eval=0 prior=0
[inst] req=20021248 hits=7127186 fwd=201611 rows=12894059 fwd_ms=1062825.4 eval=0 prior=0
[inst] req=20029440 hits=7130201 fwd=201691 rows=12899178 fwd_ms=1063203.7 eval=0 prior=0
[inst] req=20037632 hits=7133046 fwd=201775 rows=12904552 fwd_ms=1063601.2 eval=0 prior=0
[inst] req=20045824 hits=7135903 fwd=201858 rows=12909863 fwd_ms=1063993.6 eval=0 prior=0
[inst] req=20054016 hits=7138787 fwd=201941 rows=12915175 fwd_ms=1064386.6 eval=0 prior=0
[inst] req=20062208 hits=7141583 fwd=202026 rows=12920615 fwd_ms=1064796.9 eval=0 prior=0
[inst] req=20070400 hits=7144526 fwd=202108 rows=12925863 fwd_ms=1065197.6 eval=0 prior=0
[inst] req=20078592 hits=7147530 fwd=202189 rows=12931047 fwd_ms=1065594.0 eval=0 prior=0
