Logging directory: /home/ubuntu/rl/reinfors-benchmarks/runs/v1_grid_ext/os_a1024b512/cycle2/throughput
Creating model: /home/ubuntu/rl/reinfors-benchmarks/runs/v1_grid_ext/os_a1024b512/cycle2/throughput/vpnet.pb
Playing game: chess
Loading model from step 0
[W TensorCompare.cpp:530] Warning: where received a uint8 condition tensor. This behavior is deprecated and will be removed in a future version of PyTorch. Use a boolean condition instead. (function operator())
[inst] req=8192 hits=1444 fwd=13 rows=6164 fwd_ms=647.7 eval=0 prior=0
[inst] req=16384 hits=2537 fwd=27 rows=13332 fwd_ms=1046.8 eval=0 prior=0
[inst] req=24576 hits=3564 fwd=40 rows=19988 fwd_ms=1412.9 eval=0 prior=0
[inst] req=32768 hits=6124 fwd=51 rows=25620 fwd_ms=1729.6 eval=0 prior=0
[inst] req=40960 hits=9708 fwd=60 rows=30228 fwd_ms=1982.9 eval=0 prior=0
[inst] req=49152 hits=13292 fwd=69 rows=34836 fwd_ms=2236.5 eval=0 prior=0
[inst] req=57344 hits=15852 fwd=80 rows=40468 fwd_ms=2547.9 eval=0 prior=0
[inst] req=65536 hits=18924 fwd=90 rows=45588 fwd_ms=2829.8 eval=0 prior=0
[inst] req=73728 hits=21996 fwd=100 rows=50708 fwd_ms=3111.3 eval=0 prior=0
[inst] req=81920 hits=21996 fwd=116 rows=58900 fwd_ms=3561.6 eval=0 prior=0
[inst] req=90112 hits=24044 fwd=128 rows=65044 fwd_ms=3899.2 eval=0 prior=0
[inst] req=98304 hits=25412 fwd=142 rows=72212 fwd_ms=4295.5 eval=0 prior=0
[inst] req=106496 hits=28175 fwd=152 rows=77332 fwd_ms=4579.3 eval=0 prior=0
[inst] req=114688 hits=29153 fwd=167 rows=85012 fwd_ms=5004.0 eval=0 prior=0
[inst] req=122880 hits=32432 fwd=176 rows=89620 fwd_ms=5258.6 eval=0 prior=0
[inst] req=131072 hits=36334 fwd=184 rows=93716 fwd_ms=5484.3 eval=0 prior=0
[inst] req=139264 hits=40012 fwd=193 rows=98324 fwd_ms=5738.1 eval=0 prior=0
[inst] req=147456 hits=43073 fwd=203 rows=103444 fwd_ms=6020.5 eval=0 prior=0
[inst] req=155648 hits=46345 fwd=213 rows=108564 fwd_ms=6302.6 eval=0 prior=0
[inst] req=163840 hits=49028 fwd=224 rows=114196 fwd_ms=6612.8 eval=0 prior=0
[inst] req=172032 hits=51184 fwd=235 rows=119828 fwd_ms=6923.0 eval=0 prior=0
[inst] req=180224 hits=53952 fwd=246 rows=125460 fwd_ms=7233.2 eval=0 prior=0
[inst] req=188416 hits=57292 fwd=256 rows=130580 fwd_ms=7516.7 eval=0 prior=0
[inst] req=196608 hits=60354 fwd=266 rows=135700 fwd_ms=7799.3 eval=0 prior=0
[inst] req=204800 hits=64259 fwd=274 rows=139796 fwd_ms=8025.5 eval=0 prior=0
[inst] req=212992 hits=68229 fwd=282 rows=143892 fwd_ms=8252.1 eval=0 prior=0
[inst] req=221184 hits=72486 fwd=290 rows=147988 fwd_ms=8477.9 eval=0 prior=0
[inst] req=229376 hits=77018 fwd=297 rows=151572 fwd_ms=8675.6 eval=0 prior=0
[inst] req=237568 hits=81643 fwd=304 rows=155156 fwd_ms=8876.8 eval=0 prior=0
[inst] req=245760 hits=86389 fwd=311 rows=158740 fwd_ms=9074.5 eval=0 prior=0
[inst] req=253952 hits=90998 fwd=318 rows=162324 fwd_ms=9272.3 eval=0 prior=0
[inst] req=262144 hits=94899 fwd=326 rows=166420 fwd_ms=9498.5 eval=0 prior=0
[inst] req=270336 hits=98109 fwd=336 rows=171540 fwd_ms=9782.7 eval=0 prior=0
[inst] req=278528 hits=101065 fwd=346 rows=176660 fwd_ms=10064.9 eval=0 prior=0
[inst] req=286720 hits=103991 fwd=356 rows=181780 fwd_ms=10349.9 eval=0 prior=0
[inst] req=294912 hits=106918 fwd=367 rows=187412 fwd_ms=10662.0 eval=0 prior=0
[inst] req=303104 hits=109891 fwd=377 rows=192532 fwd_ms=10944.3 eval=0 prior=0
[inst] req=311296 hits=113001 fwd=387 rows=197652 fwd_ms=11227.4 eval=0 prior=0
[inst] req=319488 hits=116367 fwd=396 rows=202260 fwd_ms=11483.1 eval=0 prior=0
[inst] req=327680 hits=119725 fwd=406 rows=207380 fwd_ms=11772.2 eval=0 prior=0
[inst] req=335872 hits=122958 fwd=415 rows=211988 fwd_ms=12026.6 eval=0 prior=0
[inst] req=344064 hits=125940 fwd=425 rows=217108 fwd_ms=12310.3 eval=0 prior=0
[inst] req=352256 hits=128569 fwd=436 rows=222740 fwd_ms=12682.1 eval=0 prior=0
[inst] req=360448 hits=131072 fwd=447 rows=228372 fwd_ms=13058.9 eval=0 prior=0
[inst] req=368640 hits=133612 fwd=458 rows=234004 fwd_ms=13435.5 eval=0 prior=0
[inst] req=376832 hits=135977 fwd=470 rows=240148 fwd_ms=13846.4 eval=0 prior=0
[inst] req=385024 hits=138263 fwd=481 rows=245780 fwd_ms=14222.7 eval=0 prior=0
[inst] req=393216 hits=140684 fwd=493 rows=251924 fwd_ms=14633.9 eval=0 prior=0
[inst] req=401408 hits=143252 fwd=504 rows=257556 fwd_ms=15023.6 eval=0 prior=0
[inst] req=409600 hits=146166 fwd=514 rows=262676 fwd_ms=15341.3 eval=0 prior=0
[inst] req=417792 hits=149156 fwd=524 rows=267796 fwd_ms=15624.0 eval=0 prior=0
[inst] req=425984 hits=152088 fwd=534 rows=272916 fwd_ms=15909.5 eval=0 prior=0
[inst] req=434176 hits=155064 fwd=545 rows=278548 fwd_ms=16230.6 eval=0 prior=0
[inst] req=442368 hits=157717 fwd=555 rows=283668 fwd_ms=16518.3 eval=0 prior=0
[inst] req=450560 hits=160315 fwd=566 rows=289300 fwd_ms=16829.6 eval=0 prior=0
[inst] req=458752 hits=162680 fwd=578 rows=295444 fwd_ms=17169.1 eval=0 prior=0
[inst] req=466944 hits=164882 fwd=589 rows=301076 fwd_ms=17480.2 eval=0 prior=0
[inst] req=475136 hits=167004 fwd=601 rows=307220 fwd_ms=17819.9 eval=0 prior=0
[inst] req=483328 hits=169236 fwd=613 rows=313364 fwd_ms=18159.3 eval=0 prior=0
[inst] req=491520 hits=171663 fwd=624 rows=318996 fwd_ms=18470.2 eval=0 prior=0
[inst] req=499712 hits=174292 fwd=635 rows=324628 fwd_ms=18781.2 eval=0 prior=0
[inst] req=507904 hits=177023 fwd=646 rows=330260 fwd_ms=19092.1 eval=0 prior=0
[inst] req=516096 hits=179758 fwd=656 rows=335380 fwd_ms=19375.7 eval=0 prior=0
[inst] req=524288 hits=182443 fwd=667 rows=341012 fwd_ms=19687.0 eval=0 prior=0
[inst] req=532480 hits=184879 fwd=678 rows=346644 fwd_ms=19998.2 eval=0 prior=0
[inst] req=540672 hits=187201 fwd=690 rows=352788 fwd_ms=20337.4 eval=0 prior=0
[inst] req=548864 hits=189571 fwd=701 rows=358420 fwd_ms=20653.0 eval=0 prior=0
[inst] req=557056 hits=191612 fwd=713 rows=364564 fwd_ms=20992.2 eval=0 prior=0
[inst] req=565248 hits=193618 fwd=725 rows=370708 fwd_ms=21332.9 eval=0 prior=0
[inst] req=573440 hits=195752 fwd=737 rows=376852 fwd_ms=21672.1 eval=0 prior=0
[inst] req=581632 hits=198146 fwd=748 rows=382484 fwd_ms=22028.1 eval=0 prior=0
[inst] req=589824 hits=200850 fwd=759 rows=388116 fwd_ms=22405.2 eval=0 prior=0
[inst] req=598016 hits=203689 fwd=770 rows=393748 fwd_ms=22782.1 eval=0 prior=0
[inst] req=606208 hits=206534 fwd=780 rows=398868 fwd_ms=23097.1 eval=0 prior=0
[inst] req=614400 hits=209330 fwd=791 rows=404500 fwd_ms=23449.5 eval=0 prior=0
[inst] req=622592 hits=211958 fwd=801 rows=409620 fwd_ms=23763.5 eval=0 prior=0
[inst] req=630784 hits=214432 fwd=813 rows=415764 fwd_ms=24105.2 eval=0 prior=0
[inst] req=638976 hits=216823 fwd=824 rows=421396 fwd_ms=24419.2 eval=0 prior=0
[inst] req=647168 hits=218950 fwd=836 rows=427540 fwd_ms=24776.3 eval=0 prior=0
[inst] req=655360 hits=221021 fwd=848 rows=433684 fwd_ms=25116.0 eval=0 prior=0
[inst] req=663552 hits=223114 fwd=860 rows=439828 fwd_ms=25455.3 eval=0 prior=0
[inst] req=671744 hits=225524 fwd=871 rows=445460 fwd_ms=25769.5 eval=0 prior=0
[inst] req=679936 hits=228103 fwd=882 rows=451092 fwd_ms=26080.9 eval=0 prior=0
[inst] req=688128 hits=230900 fwd=892 rows=456212 fwd_ms=26363.7 eval=0 prior=0
[inst] req=696320 hits=233636 fwd=903 rows=461844 fwd_ms=26674.9 eval=0 prior=0
[inst] req=704512 hits=236419 fwd=914 rows=467476 fwd_ms=26989.3 eval=0 prior=0
[inst] req=712704 hits=238959 fwd=925 rows=473108 fwd_ms=27300.6 eval=0 prior=0
[inst] req=720896 hits=241399 fwd=936 rows=478740 fwd_ms=27613.3 eval=0 prior=0
[inst] req=729088 hits=243512 fwd=948 rows=484884 fwd_ms=27963.4 eval=0 prior=0
[inst] req=737280 hits=245597 fwd=960 rows=491028 fwd_ms=28303.2 eval=0 prior=0
[inst] req=745472 hits=247804 fwd=971 rows=496660 fwd_ms=28615.0 eval=0 prior=0
[inst] req=753664 hits=250085 fwd=983 rows=502804 fwd_ms=28959.9 eval=0 prior=0
[inst] req=761856 hits=252483 fwd=994 rows=508436 fwd_ms=29289.7 eval=0 prior=0
[inst] req=770048 hits=255131 fwd=1005 rows=514068 fwd_ms=29667.2 eval=0 prior=0
[inst] req=778240 hits=257933 fwd=1016 rows=519700 fwd_ms=30044.4 eval=0 prior=0
[inst] req=786432 hits=260797 fwd=1026 rows=524820 fwd_ms=30387.6 eval=0 prior=0
[inst] req=794624 hits=263535 fwd=1037 rows=530452 fwd_ms=30765.1 eval=0 prior=0
[inst] req=802816 hits=266119 fwd=1048 rows=536084 fwd_ms=31142.8 eval=0 prior=0
[inst] req=811008 hits=268570 fwd=1059 rows=541716 fwd_ms=31520.8 eval=0 prior=0
[inst] req=819200 hits=270793 fwd=1071 rows=547860 fwd_ms=31932.9 eval=0 prior=0
[inst] req=827392 hits=272932 fwd=1082 rows=553492 fwd_ms=32311.2 eval=0 prior=0
[inst] req=835584 hits=274976 fwd=1094 rows=559636 fwd_ms=32724.4 eval=0 prior=0
[inst] req=843776 hits=277121 fwd=1106 rows=565780 fwd_ms=33137.6 eval=0 prior=0
[inst] req=851968 hits=279437 fwd=1118 rows=571924 fwd_ms=33550.6 eval=0 prior=0
[inst] req=860160 hits=281992 fwd=1129 rows=577556 fwd_ms=33929.4 eval=0 prior=0
[inst] req=868352 hits=284668 fwd=1139 rows=582676 fwd_ms=34273.6 eval=0 prior=0
[inst] req=876544 hits=287409 fwd=1150 rows=588308 fwd_ms=34652.6 eval=0 prior=0
[inst] req=884736 hits=290060 fwd=1161 rows=593940 fwd_ms=35030.3 eval=0 prior=0
[inst] req=892928 hits=292620 fwd=1172 rows=599572 fwd_ms=35407.7 eval=0 prior=0
[inst] req=901120 hits=294964 fwd=1183 rows=605204 fwd_ms=35785.3 eval=0 prior=0
[inst] req=909312 hits=297096 fwd=1195 rows=611348 fwd_ms=36197.2 eval=0 prior=0
[inst] req=917504 hits=299052 fwd=1207 rows=617492 fwd_ms=36609.5 eval=0 prior=0
[inst] req=925696 hits=301070 fwd=1219 rows=623636 fwd_ms=37022.3 eval=0 prior=0
[inst] req=933888 hits=303347 fwd=1231 rows=629780 fwd_ms=37434.3 eval=0 prior=0
[inst] req=942080 hits=305810 fwd=1242 rows=635412 fwd_ms=37811.9 eval=0 prior=0
[inst] req=950272 hits=308549 fwd=1253 rows=641044 fwd_ms=38189.6 eval=0 prior=0
[inst] req=958464 hits=311479 fwd=1263 rows=646164 fwd_ms=38532.7 eval=0 prior=0
[inst] req=966656 hits=314392 fwd=1273 rows=651284 fwd_ms=38876.1 eval=0 prior=0
[inst] req=974848 hits=317420 fwd=1283 rows=656404 fwd_ms=39219.3 eval=0 prior=0
[inst] req=983040 hits=320345 fwd=1294 rows=662036 fwd_ms=39597.0 eval=0 prior=0
[inst] req=991232 hits=323283 fwd=1304 rows=667156 fwd_ms=39940.4 eval=0 prior=0
[inst] req=999424 hits=326078 fwd=1315 rows=672788 fwd_ms=40318.1 eval=0 prior=0
[inst] req=1007616 hits=328617 fwd=1326 rows=678420 fwd_ms=40696.0 eval=0 prior=0
[inst] req=1015808 hits=331119 fwd=1337 rows=684052 fwd_ms=41073.6 eval=0 prior=0
[inst] req=1024000 hits=333525 fwd=1348 rows=689684 fwd_ms=41451.2 eval=0 prior=0
[inst] req=1032192 hits=336030 fwd=1359 rows=695316 fwd_ms=41829.1 eval=0 prior=0
[inst] req=1040384 hits=338776 fwd=1370 rows=700948 fwd_ms=42206.7 eval=0 prior=0
[inst] req=1048576 hits=341593 fwd=1380 rows=706068 fwd_ms=42549.9 eval=0 prior=0
[inst] req=1056768 hits=344459 fwd=1391 rows=711700 fwd_ms=42928.5 eval=0 prior=0
[inst] req=1064960 hits=347356 fwd=1401 rows=716820 fwd_ms=43272.2 eval=0 prior=0
[inst] req=1073152 hits=350224 fwd=1411 rows=721940 fwd_ms=43615.7 eval=0 prior=0
[inst] req=1081344 hits=352953 fwd=1422 rows=727572 fwd_ms=43993.5 eval=0 prior=0
[inst] req=1089536 hits=355546 fwd=1433 rows=733204 fwd_ms=44371.2 eval=0 prior=0
[inst] req=1097728 hits=358081 fwd=1444 rows=738836 fwd_ms=44748.9 eval=0 prior=0
[inst] req=1105920 hits=360569 fwd=1455 rows=744468 fwd_ms=45126.8 eval=0 prior=0
[inst] req=1114112 hits=363077 fwd=1466 rows=750100 fwd_ms=45504.6 eval=0 prior=0
[inst] req=1122304 hits=365708 fwd=1477 rows=755732 fwd_ms=45884.0 eval=0 prior=0
[inst] req=1130496 hits=368479 fwd=1488 rows=761364 fwd_ms=46261.8 eval=0 prior=0
[inst] req=1138688 hits=371386 fwd=1498 rows=766484 fwd_ms=46605.5 eval=0 prior=0
[inst] req=1146880 hits=374314 fwd=1508 rows=771604 fwd_ms=46949.2 eval=0 prior=0
[inst] req=1155072 hits=377200 fwd=1519 rows=777236 fwd_ms=47327.0 eval=0 prior=0
[inst] req=1163264 hits=380063 fwd=1529 rows=782356 fwd_ms=47665.9 eval=0 prior=0
[inst] req=1171456 hits=382807 fwd=1540 rows=787988 fwd_ms=48043.9 eval=0 prior=0
[inst] req=1179648 hits=385487 fwd=1551 rows=793620 fwd_ms=48422.1 eval=0 prior=0
[inst] req=1187840 hits=388054 fwd=1562 rows=799252 fwd_ms=48800.0 eval=0 prior=0
[inst] req=1196032 hits=390623 fwd=1573 rows=804884 fwd_ms=49126.3 eval=0 prior=0
[inst] req=1204224 hits=393241 fwd=1583 rows=810004 fwd_ms=49410.9 eval=0 prior=0
[inst] req=1212416 hits=395871 fwd=1594 rows=815636 fwd_ms=49724.0 eval=0 prior=0
[inst] req=1220608 hits=398646 fwd=1605 rows=821268 fwd_ms=50037.2 eval=0 prior=0
[inst] req=1228800 hits=401536 fwd=1615 rows=826388 fwd_ms=50322.7 eval=0 prior=0
[inst] req=1236992 hits=404368 fwd=1626 rows=832020 fwd_ms=50638.5 eval=0 prior=0
[inst] req=1245184 hits=407210 fwd=1636 rows=837140 fwd_ms=50925.0 eval=0 prior=0
[inst] req=1253376 hits=409950 fwd=1647 rows=842772 fwd_ms=51240.3 eval=0 prior=0
[inst] req=1261568 hits=412635 fwd=1658 rows=848404 fwd_ms=51555.5 eval=0 prior=0
[inst] req=1269760 hits=415195 fwd=1669 rows=854036 fwd_ms=51870.2 eval=0 prior=0
[inst] req=1277952 hits=417633 fwd=1680 rows=859668 fwd_ms=52185.7 eval=0 prior=0
[inst] req=1286144 hits=420138 fwd=1691 rows=865300 fwd_ms=52501.2 eval=0 prior=0
[inst] req=1294336 hits=422687 fwd=1702 rows=870932 fwd_ms=52816.6 eval=0 prior=0
[inst] req=1302528 hits=425378 fwd=1713 rows=876564 fwd_ms=53165.1 eval=0 prior=0
[inst] req=1310720 hits=428165 fwd=1723 rows=881684 fwd_ms=53448.9 eval=0 prior=0
[inst] req=1318912 hits=431092 fwd=1733 rows=886804 fwd_ms=53732.8 eval=0 prior=0
[inst] req=1327104 hits=434054 fwd=1744 rows=892436 fwd_ms=54045.0 eval=0 prior=0
[inst] req=1335296 hits=436911 fwd=1754 rows=897556 fwd_ms=54328.8 eval=0 prior=0
[inst] req=1343488 hits=439765 fwd=1765 rows=903188 fwd_ms=54640.9 eval=0 prior=0
[inst] req=1351680 hits=442511 fwd=1775 rows=908308 fwd_ms=54924.5 eval=0 prior=0
[inst] req=1359872 hits=445022 fwd=1786 rows=913940 fwd_ms=55236.3 eval=0 prior=0
[inst] req=1368064 hits=447607 fwd=1797 rows=919572 fwd_ms=55548.4 eval=0 prior=0
[inst] req=1376256 hits=450103 fwd=1808 rows=925204 fwd_ms=55860.3 eval=0 prior=0
[inst] req=1384448 hits=452663 fwd=1819 rows=930836 fwd_ms=56173.4 eval=0 prior=0
[inst] req=1392640 hits=455329 fwd=1830 rows=936468 fwd_ms=56485.2 eval=0 prior=0
[inst] req=1400832 hits=458067 fwd=1841 rows=942100 fwd_ms=56797.2 eval=0 prior=0
[inst] req=1409024 hits=460938 fwd=1851 rows=947220 fwd_ms=57080.8 eval=0 prior=0
[inst] req=1417216 hits=463876 fwd=1861 rows=952340 fwd_ms=57364.6 eval=0 prior=0
[inst] req=1425408 hits=466696 fwd=1872 rows=957972 fwd_ms=57683.1 eval=0 prior=0
[inst] req=1433600 hits=469466 fwd=1883 rows=963604 fwd_ms=57995.1 eval=0 prior=0
[inst] req=1441792 hits=471992 fwd=1894 rows=969236 fwd_ms=58307.3 eval=0 prior=0
[inst] req=1449984 hits=474478 fwd=1905 rows=974868 fwd_ms=58619.8 eval=0 prior=0
[inst] req=1458176 hits=476917 fwd=1916 rows=980500 fwd_ms=58933.0 eval=0 prior=0
[inst] req=1466368 hits=479403 fwd=1927 rows=986132 fwd_ms=59246.5 eval=0 prior=0
[inst] req=1474560 hits=482046 fwd=1938 rows=991764 fwd_ms=59559.9 eval=0 prior=0
[inst] req=1482752 hits=484795 fwd=1949 rows=997396 fwd_ms=59873.2 eval=0 prior=0
[inst] req=1490944 hits=487589 fwd=1959 rows=1002516 fwd_ms=60158.3 eval=0 prior=0
[inst] req=1499136 hits=490506 fwd=1969 rows=1007636 fwd_ms=60443.4 eval=0 prior=0
[inst] req=1507328 hits=493319 fwd=1980 rows=1013268 fwd_ms=60756.8 eval=0 prior=0
[inst] req=1515520 hits=496168 fwd=1990 rows=1018388 fwd_ms=61041.8 eval=0 prior=0
[inst] req=1523712 hits=498837 fwd=2001 rows=1024020 fwd_ms=61355.4 eval=0 prior=0
[inst] req=1531904 hits=501358 fwd=2012 rows=1029652 fwd_ms=61668.8 eval=0 prior=0
[inst] req=1540096 hits=503780 fwd=2024 rows=1035796 fwd_ms=62009.7 eval=0 prior=0
[inst] req=1548288 hits=506161 fwd=2035 rows=1041428 fwd_ms=62321.8 eval=0 prior=0
[inst] req=1556480 hits=508548 fwd=2046 rows=1047060 fwd_ms=62634.1 eval=0 prior=0
[inst] req=1564672 hits=511017 fwd=2057 rows=1052692 fwd_ms=62946.0 eval=0 prior=0
[inst] req=1572864 hits=513623 fwd=2068 rows=1058324 fwd_ms=63259.9 eval=0 prior=0
[inst] req=1581056 hits=516429 fwd=2079 rows=1063956 fwd_ms=63572.2 eval=0 prior=0
[inst] req=1589248 hits=519216 fwd=2089 rows=1069076 fwd_ms=63855.9 eval=0 prior=0
[inst] req=1597440 hits=521890 fwd=2100 rows=1074708 fwd_ms=64168.2 eval=0 prior=0
[inst] req=1605632 hits=524604 fwd=2111 rows=1080340 fwd_ms=64480.5 eval=0 prior=0
[inst] req=1613824 hits=527216 fwd=2122 rows=1085972 fwd_ms=64792.6 eval=0 prior=0
[inst] req=1622016 hits=529709 fwd=2133 rows=1091604 fwd_ms=65104.8 eval=0 prior=0
[inst] req=1630208 hits=532195 fwd=2144 rows=1097236 fwd_ms=65423.9 eval=0 prior=0
[inst] req=1638400 hits=534706 fwd=2155 rows=1102868 fwd_ms=65735.9 eval=0 prior=0
[inst] req=1646592 hits=537230 fwd=2166 rows=1108500 fwd_ms=66048.4 eval=0 prior=0
[inst] req=1654784 hits=539917 fwd=2177 rows=1114132 fwd_ms=66360.6 eval=0 prior=0
[inst] req=1662976 hits=542673 fwd=2188 rows=1119764 fwd_ms=66673.0 eval=0 prior=0
[inst] req=1671168 hits=545468 fwd=2198 rows=1124884 fwd_ms=66956.9 eval=0 prior=0
[inst] req=1679360 hits=548272 fwd=2209 rows=1130516 fwd_ms=67269.2 eval=0 prior=0
[inst] req=1687552 hits=551011 fwd=2219 rows=1135636 fwd_ms=67553.2 eval=0 prior=0
[inst] req=1695744 hits=553763 fwd=2230 rows=1141268 fwd_ms=67865.8 eval=0 prior=0
[inst] req=1703936 hits=556419 fwd=2241 rows=1146900 fwd_ms=68178.0 eval=0 prior=0
[inst] req=1712128 hits=558999 fwd=2252 rows=1152532 fwd_ms=68490.2 eval=0 prior=0
[inst] req=1720320 hits=561454 fwd=2263 rows=1158164 fwd_ms=68802.2 eval=0 prior=0
[inst] req=1728512 hits=563908 fwd=2274 rows=1163796 fwd_ms=69114.4 eval=0 prior=0
[inst] req=1736704 hits=566408 fwd=2285 rows=1169428 fwd_ms=69426.5 eval=0 prior=0
[inst] req=1744896 hits=569065 fwd=2296 rows=1175060 fwd_ms=69738.7 eval=0 prior=0
[inst] req=1753088 hits=571790 fwd=2307 rows=1180692 fwd_ms=70051.0 eval=0 prior=0
[inst] req=1761280 hits=574542 fwd=2317 rows=1185812 fwd_ms=70334.7 eval=0 prior=0
[inst] req=1769472 hits=577249 fwd=2328 rows=1191444 fwd_ms=70647.0 eval=0 prior=0
[inst] req=1777664 hits=579935 fwd=2339 rows=1197076 fwd_ms=70959.2 eval=0 prior=0
[inst] req=1785856 hits=582557 fwd=2350 rows=1202708 fwd_ms=71271.5 eval=0 prior=0
[inst] req=1794048 hits=585002 fwd=2361 rows=1208340 fwd_ms=71584.0 eval=0 prior=0
[inst] req=1802240 hits=587430 fwd=2372 rows=1213972 fwd_ms=71896.5 eval=0 prior=0
[inst] req=1810432 hits=589946 fwd=2383 rows=1219604 fwd_ms=72208.9 eval=0 prior=0
[inst] req=1818624 hits=592464 fwd=2394 rows=1225236 fwd_ms=72521.3 eval=0 prior=0
[inst] req=1826816 hits=595048 fwd=2405 rows=1230868 fwd_ms=72833.6 eval=0 prior=0
[inst] req=1835008 hits=597701 fwd=2416 rows=1236500 fwd_ms=73146.0 eval=0 prior=0
[inst] req=1843200 hits=600470 fwd=2427 rows=1242132 fwd_ms=73458.4 eval=0 prior=0
[inst] req=1851392 hits=603230 fwd=2437 rows=1247252 fwd_ms=73742.3 eval=0 prior=0
[inst] req=1859584 hits=606055 fwd=2448 rows=1252884 fwd_ms=74054.5 eval=0 prior=0
[inst] req=1867776 hits=608802 fwd=2458 rows=1258004 fwd_ms=74338.5 eval=0 prior=0
[inst] req=1875968 hits=611367 fwd=2469 rows=1263636 fwd_ms=74651.0 eval=0 prior=0
[inst] req=1884160 hits=613780 fwd=2481 rows=1269780 fwd_ms=74991.6 eval=0 prior=0
[inst] req=1892352 hits=616139 fwd=2492 rows=1275412 fwd_ms=75303.6 eval=0 prior=0
[inst] req=1900544 hits=618576 fwd=2503 rows=1281044 fwd_ms=75615.8 eval=0 prior=0
[inst] req=1908736 hits=621165 fwd=2514 rows=1286676 fwd_ms=75927.8 eval=0 prior=0
[inst] req=1916928 hits=623738 fwd=2525 rows=1292308 fwd_ms=76239.9 eval=0 prior=0
[inst] req=1925120 hits=626421 fwd=2536 rows=1297940 fwd_ms=76552.1 eval=0 prior=0
[inst] req=1933312 hits=629238 fwd=2546 rows=1303060 fwd_ms=76836.6 eval=0 prior=0
[inst] req=1941504 hits=631954 fwd=2557 rows=1308692 fwd_ms=77150.1 eval=0 prior=0
[inst] req=1949696 hits=634706 fwd=2568 rows=1314324 fwd_ms=77462.7 eval=0 prior=0
[inst] req=1957888 hits=637314 fwd=2579 rows=1319956 fwd_ms=77774.8 eval=0 prior=0
[inst] req=1966080 hits=639985 fwd=2589 rows=1325076 fwd_ms=78060.1 eval=0 prior=0
[inst] req=1974272 hits=642479 fwd=2601 rows=1331220 fwd_ms=78400.9 eval=0 prior=0
[inst] req=1982464 hits=644920 fwd=2612 rows=1336852 fwd_ms=78713.2 eval=0 prior=0
[inst] req=1990656 hits=647376 fwd=2623 rows=1342484 fwd_ms=79025.7 eval=0 prior=0
[inst] req=1998848 hits=650056 fwd=2634 rows=1348116 fwd_ms=79338.0 eval=0 prior=0
[inst] req=2007040 hits=652657 fwd=2645 rows=1353748 fwd_ms=79650.4 eval=0 prior=0
[inst] req=2015232 hits=655379 fwd=2655 rows=1358868 fwd_ms=79935.4 eval=0 prior=0
[inst] req=2023424 hits=658133 fwd=2666 rows=1364500 fwd_ms=80255.4 eval=0 prior=0
[inst] req=2031616 hits=660870 fwd=2677 rows=1370132 fwd_ms=80567.8 eval=0 prior=0
[inst] req=2039808 hits=663583 fwd=2687 rows=1375252 fwd_ms=80852.0 eval=0 prior=0
[inst] req=2048000 hits=666262 fwd=2698 rows=1380884 fwd_ms=81164.3 eval=0 prior=0
[inst] req=2056192 hits=668848 fwd=2709 rows=1386516 fwd_ms=81477.0 eval=0 prior=0
[inst] req=2064384 hits=671404 fwd=2720 rows=1392148 fwd_ms=81789.4 eval=0 prior=0
[inst] req=2072576 hits=673843 fwd=2731 rows=1397780 fwd_ms=82101.7 eval=0 prior=0
[inst] req=2080768 hits=676297 fwd=2743 rows=1403924 fwd_ms=82442.5 eval=0 prior=0
[inst] req=2088960 hits=678838 fwd=2754 rows=1409556 fwd_ms=82754.8 eval=0 prior=0
[inst] req=2097152 hits=681459 fwd=2764 rows=1414676 fwd_ms=83038.9 eval=0 prior=0
[inst] req=2105344 hits=684170 fwd=2775 rows=1420308 fwd_ms=83350.9 eval=0 prior=0
[inst] req=2113536 hits=686811 fwd=2786 rows=1425940 fwd_ms=83663.2 eval=0 prior=0
[inst] req=2121728 hits=689545 fwd=2797 rows=1431572 fwd_ms=83975.7 eval=0 prior=0
[inst] req=2129920 hits=692185 fwd=2808 rows=1437204 fwd_ms=84288.0 eval=0 prior=0
[inst] req=2138112 hits=694794 fwd=2818 rows=1442324 fwd_ms=84571.7 eval=0 prior=0
[inst] req=2146304 hits=697249 fwd=2830 rows=1448468 fwd_ms=84912.3 eval=0 prior=0
[inst] req=2154496 hits=699695 fwd=2841 rows=1454100 fwd_ms=85224.5 eval=0 prior=0
[inst] req=2162688 hits=702089 fwd=2852 rows=1459732 fwd_ms=85536.8 eval=0 prior=0
[inst] req=2170880 hits=704670 fwd=2863 rows=1465364 fwd_ms=85849.3 eval=0 prior=0
[inst] req=2179072 hits=707278 fwd=2874 rows=1470996 fwd_ms=86161.5 eval=0 prior=0
[inst] req=2187264 hits=710113 fwd=2885 rows=1476628 fwd_ms=86474.0 eval=0 prior=0
[inst] req=2195456 hits=712881 fwd=2895 rows=1481748 fwd_ms=86757.9 eval=0 prior=0
[inst] req=2203648 hits=715550 fwd=2906 rows=1487380 fwd_ms=87070.1 eval=0 prior=0
[inst] req=2211840 hits=718310 fwd=2917 rows=1493012 fwd_ms=87382.5 eval=0 prior=0
[inst] req=2220032 hits=720963 fwd=2927 rows=1498132 fwd_ms=87666.3 eval=0 prior=0
[inst] req=2228224 hits=723625 fwd=2938 rows=1503764 fwd_ms=87978.7 eval=0 prior=0
[inst] req=2236416 hits=726155 fwd=2949 rows=1509396 fwd_ms=88290.9 eval=0 prior=0
[inst] req=2244608 hits=728651 fwd=2960 rows=1515028 fwd_ms=88603.1 eval=0 prior=0
[inst] req=2252800 hits=731105 fwd=2972 rows=1521172 fwd_ms=88943.6 eval=0 prior=0
[inst] req=2260992 hits=733597 fwd=2983 rows=1526804 fwd_ms=89255.8 eval=0 prior=0
[inst] req=2269184 hits=736168 fwd=2994 rows=1532436 fwd_ms=89568.0 eval=0 prior=0
[inst] req=2277376 hits=738753 fwd=3005 rows=1538068 fwd_ms=89880.1 eval=0 prior=0
[inst] req=2285568 hits=741328 fwd=3016 rows=1543700 fwd_ms=90192.2 eval=0 prior=0
[inst] req=2293760 hits=744081 fwd=3026 rows=1548820 fwd_ms=90476.2 eval=0 prior=0
[inst] req=2301952 hits=746797 fwd=3037 rows=1554452 fwd_ms=90788.4 eval=0 prior=0
[inst] req=2310144 hits=749354 fwd=3048 rows=1560084 fwd_ms=91100.6 eval=0 prior=0
[inst] req=2318336 hits=751865 fwd=3059 rows=1565716 fwd_ms=91412.6 eval=0 prior=0
[inst] req=2326528 hits=754419 fwd=3070 rows=1571348 fwd_ms=91724.9 eval=0 prior=0
[inst] req=2334720 hits=756940 fwd=3081 rows=1576980 fwd_ms=92037.0 eval=0 prior=0
[inst] req=2342912 hits=759416 fwd=3092 rows=1582612 fwd_ms=92350.4 eval=0 prior=0
[inst] req=2351104 hits=761997 fwd=3103 rows=1588244 fwd_ms=92664.0 eval=0 prior=0
[inst] req=2359296 hits=764863 fwd=3114 rows=1593876 fwd_ms=92977.5 eval=0 prior=0
[inst] req=2367488 hits=767574 fwd=3124 rows=1598996 fwd_ms=93261.7 eval=0 prior=0
[inst] req=2375680 hits=770225 fwd=3135 rows=1604628 fwd_ms=93575.4 eval=0 prior=0
[inst] req=2383872 hits=772942 fwd=3146 rows=1610260 fwd_ms=93888.0 eval=0 prior=0
[inst] req=2392064 hits=775766 fwd=3156 rows=1615380 fwd_ms=94171.8 eval=0 prior=0
[inst] req=2400256 hits=778309 fwd=3167 rows=1621012 fwd_ms=94484.0 eval=0 prior=0
[inst] req=2408448 hits=780823 fwd=3178 rows=1626644 fwd_ms=94796.3 eval=0 prior=0
[inst] req=2416640 hits=783275 fwd=3190 rows=1632788 fwd_ms=95136.8 eval=0 prior=0
[inst] req=2424832 hits=785720 fwd=3201 rows=1638420 fwd_ms=95449.3 eval=0 prior=0
[inst] req=2433024 hits=788153 fwd=3212 rows=1644052 fwd_ms=95761.7 eval=0 prior=0
[inst] req=2441216 hits=790647 fwd=3223 rows=1649684 fwd_ms=96074.2 eval=0 prior=0
[inst] req=2449408 hits=793195 fwd=3234 rows=1655316 fwd_ms=96386.6 eval=0 prior=0
[inst] req=2457600 hits=795768 fwd=3245 rows=1660948 fwd_ms=96698.8 eval=0 prior=0
[inst] req=2465792 hits=798444 fwd=3256 rows=1666580 fwd_ms=97011.1 eval=0 prior=0
[inst] req=2473984 hits=801134 fwd=3267 rows=1672212 fwd_ms=97323.5 eval=0 prior=0
[inst] req=2482176 hits=803631 fwd=3278 rows=1677844 fwd_ms=97635.6 eval=0 prior=0
[inst] req=2490368 hits=806259 fwd=3289 rows=1683476 fwd_ms=97947.9 eval=0 prior=0
[inst] req=2498560 hits=808873 fwd=3300 rows=1689108 fwd_ms=98260.0 eval=0 prior=0
[inst] req=2506752 hits=811399 fwd=3311 rows=1694740 fwd_ms=98572.4 eval=0 prior=0
[inst] req=2514944 hits=813967 fwd=3322 rows=1700372 fwd_ms=98884.4 eval=0 prior=0
[inst] req=2523136 hits=816529 fwd=3333 rows=1706004 fwd_ms=99196.8 eval=0 prior=0
[inst] req=2531328 hits=819174 fwd=3344 rows=1711636 fwd_ms=99510.4 eval=0 prior=0
[inst] req=2539520 hits=821866 fwd=3354 rows=1716756 fwd_ms=99794.3 eval=0 prior=0
[inst] req=2547712 hits=824501 fwd=3365 rows=1722388 fwd_ms=100106.8 eval=0 prior=0
[inst] req=2555904 hits=827135 fwd=3376 rows=1728020 fwd_ms=100418.9 eval=0 prior=0
[inst] req=2564096 hits=829762 fwd=3387 rows=1733652 fwd_ms=100731.2 eval=0 prior=0
[inst] req=2572288 hits=832225 fwd=3398 rows=1739284 fwd_ms=101043.4 eval=0 prior=0
[inst] req=2580480 hits=834656 fwd=3409 rows=1744916 fwd_ms=101355.7 eval=0 prior=0
[inst] req=2588672 hits=837104 fwd=3420 rows=1750548 fwd_ms=101667.9 eval=0 prior=0
[inst] req=2596864 hits=839607 fwd=3432 rows=1756692 fwd_ms=102008.6 eval=0 prior=0
[inst] req=2605056 hits=842131 fwd=3443 rows=1762324 fwd_ms=102320.8 eval=0 prior=0
[inst] req=2613248 hits=844729 fwd=3454 rows=1767956 fwd_ms=102633.1 eval=0 prior=0
[inst] req=2621440 hits=847372 fwd=3464 rows=1773076 fwd_ms=102917.1 eval=0 prior=0
[inst] req=2629632 hits=850044 fwd=3475 rows=1778708 fwd_ms=103229.5 eval=0 prior=0
[inst] req=2637824 hits=852605 fwd=3486 rows=1784340 fwd_ms=103543.6 eval=0 prior=0
[inst] req=2646016 hits=855347 fwd=3497 rows=1789972 fwd_ms=103868.3 eval=0 prior=0
[inst] req=2654208 hits=857977 fwd=3508 rows=1795604 fwd_ms=104216.5 eval=0 prior=0
[inst] req=2662400 hits=860455 fwd=3519 rows=1801236 fwd_ms=104540.5 eval=0 prior=0
[inst] req=2670592 hits=862932 fwd=3530 rows=1806868 fwd_ms=104863.6 eval=0 prior=0
[inst] req=2678784 hits=865466 fwd=3541 rows=1812500 fwd_ms=105176.1 eval=0 prior=0
[inst] req=2686976 hits=868180 fwd=3552 rows=1818132 fwd_ms=105488.6 eval=0 prior=0
[inst] req=2695168 hits=870716 fwd=3563 rows=1823764 fwd_ms=105801.2 eval=0 prior=0
[inst] req=2703360 hits=873356 fwd=3574 rows=1829396 fwd_ms=106124.1 eval=0 prior=0
[inst] req=2711552 hits=875945 fwd=3585 rows=1835028 fwd_ms=106447.5 eval=0 prior=0
[inst] req=2719744 hits=878615 fwd=3595 rows=1840148 fwd_ms=106731.9 eval=0 prior=0
[inst] req=2727936 hits=881274 fwd=3606 rows=1845780 fwd_ms=107054.2 eval=0 prior=0
[inst] req=2736128 hits=883887 fwd=3617 rows=1851412 fwd_ms=107376.5 eval=0 prior=0
[inst] req=2744320 hits=886607 fwd=3628 rows=1857044 fwd_ms=107699.4 eval=0 prior=0
[inst] req=2752512 hits=889121 fwd=3639 rows=1862676 fwd_ms=108019.2 eval=0 prior=0
[inst] req=2760704 hits=891517 fwd=3650 rows=1868308 fwd_ms=108358.6 eval=0 prior=0
[inst] req=2768896 hits=893961 fwd=3661 rows=1873940 fwd_ms=108688.4 eval=0 prior=0
[inst] req=2777088 hits=896429 fwd=3673 rows=1880084 fwd_ms=109030.4 eval=0 prior=0
[inst] req=2785280 hits=899017 fwd=3684 rows=1885716 fwd_ms=109360.5 eval=0 prior=0
[inst] req=2793472 hits=901626 fwd=3694 rows=1890836 fwd_ms=109645.0 eval=0 prior=0
[inst] req=2801664 hits=904152 fwd=3706 rows=1896980 fwd_ms=110025.5 eval=0 prior=0
[inst] req=2809856 hits=906696 fwd=3717 rows=1902612 fwd_ms=110349.0 eval=0 prior=0
[inst] req=2818048 hits=909286 fwd=3728 rows=1908244 fwd_ms=110662.0 eval=0 prior=0
[inst] req=2826240 hits=911886 fwd=3738 rows=1913364 fwd_ms=110946.5 eval=0 prior=0
[inst] req=2834432 hits=914446 fwd=3749 rows=1918996 fwd_ms=111259.5 eval=0 prior=0
[inst] req=2842624 hits=917006 fwd=3760 rows=1924628 fwd_ms=111572.5 eval=0 prior=0
[inst] req=2850816 hits=919588 fwd=3771 rows=1930260 fwd_ms=111885.5 eval=0 prior=0
[inst] req=2859008 hits=922087 fwd=3783 rows=1936404 fwd_ms=112227.1 eval=0 prior=0
[inst] req=2867200 hits=924869 fwd=3793 rows=1941524 fwd_ms=112527.9 eval=0 prior=0
[inst] req=2875392 hits=927577 fwd=3804 rows=1947156 fwd_ms=112865.7 eval=0 prior=0
[inst] req=2883584 hits=930306 fwd=3814 rows=1952276 fwd_ms=113150.9 eval=0 prior=0
[inst] req=2891776 hits=932979 fwd=3825 rows=1957908 fwd_ms=113464.0 eval=0 prior=0
[inst] req=2899968 hits=935661 fwd=3836 rows=1963540 fwd_ms=113777.6 eval=0 prior=0
[inst] req=2908160 hits=938355 fwd=3847 rows=1969172 fwd_ms=114090.9 eval=0 prior=0
[inst] req=2916352 hits=940890 fwd=3858 rows=1974804 fwd_ms=114441.0 eval=0 prior=0
[inst] req=2924544 hits=943459 fwd=3869 rows=1980436 fwd_ms=114766.0 eval=0 prior=0
[inst] req=2932736 hits=946030 fwd=3880 rows=1986068 fwd_ms=115083.7 eval=0 prior=0
[inst] req=2940928 hits=948538 fwd=3891 rows=1991700 fwd_ms=115400.8 eval=0 prior=0
[inst] req=2949120 hits=950988 fwd=3902 rows=1997332 fwd_ms=115713.9 eval=0 prior=0
[inst] req=2957312 hits=953488 fwd=3913 rows=2002964 fwd_ms=116027.6 eval=0 prior=0
[inst] req=2965504 hits=956216 fwd=3924 rows=2008596 fwd_ms=116355.8 eval=0 prior=0
[inst] req=2973696 hits=958831 fwd=3935 rows=2014228 fwd_ms=116678.6 eval=0 prior=0
[inst] req=2981888 hits=961472 fwd=3946 rows=2019860 fwd_ms=117000.6 eval=0 prior=0
[inst] req=2990080 hits=964146 fwd=3956 rows=2024980 fwd_ms=117299.8 eval=0 prior=0
[inst] req=2998272 hits=966722 fwd=3967 rows=2030612 fwd_ms=117617.2 eval=0 prior=0
[inst] req=3006464 hits=969260 fwd=3978 rows=2036244 fwd_ms=117939.9 eval=0 prior=0
[inst] req=3014656 hits=971782 fwd=3989 rows=2041876 fwd_ms=118260.6 eval=0 prior=0
[inst] req=3022848 hits=974303 fwd=4001 rows=2048020 fwd_ms=118622.1 eval=0 prior=0
[inst] req=3031040 hits=976885 fwd=4011 rows=2053140 fwd_ms=118934.4 eval=0 prior=0
[inst] req=3039232 hits=979502 fwd=4022 rows=2058772 fwd_ms=119275.1 eval=0 prior=0
[inst] req=3047424 hits=982162 fwd=4033 rows=2064404 fwd_ms=119598.1 eval=0 prior=0
[inst] req=3055616 hits=984924 fwd=4044 rows=2070036 fwd_ms=119935.3 eval=0 prior=0
[inst] req=3063808 hits=987615 fwd=4055 rows=2075668 fwd_ms=120248.3 eval=0 prior=0
[inst] req=3072000 hits=990181 fwd=4066 rows=2081300 fwd_ms=120590.5 eval=0 prior=0
[inst] req=3080192 hits=992868 fwd=4076 rows=2086420 fwd_ms=120904.1 eval=0 prior=0
[inst] req=3088384 hits=995393 fwd=4087 rows=2092052 fwd_ms=121231.5 eval=0 prior=0
[inst] req=3096576 hits=997943 fwd=4098 rows=2097684 fwd_ms=121561.9 eval=0 prior=0
[inst] req=3104768 hits=1000403 fwd=4110 rows=2103828 fwd_ms=121932.5 eval=0 prior=0
[inst] req=3112960 hits=1003043 fwd=4120 rows=2108948 fwd_ms=122227.7 eval=0 prior=0
[inst] req=3121152 hits=1005600 fwd=4131 rows=2114580 fwd_ms=122570.3 eval=0 prior=0
[inst] req=3129344 hits=1008153 fwd=4142 rows=2120212 fwd_ms=122884.1 eval=0 prior=0
[inst] req=3137536 hits=1010715 fwd=4153 rows=2125844 fwd_ms=123203.2 eval=0 prior=0
[inst] req=3145728 hits=1013424 fwd=4164 rows=2131476 fwd_ms=123521.4 eval=0 prior=0
[inst] req=3153920 hits=1015954 fwd=4175 rows=2137108 fwd_ms=123834.3 eval=0 prior=0
[inst] req=3162112 hits=1018645 fwd=4186 rows=2142740 fwd_ms=124148.3 eval=0 prior=0
[inst] req=3170304 hits=1021167 fwd=4197 rows=2148372 fwd_ms=124462.6 eval=0 prior=0
[inst] req=3178496 hits=1023800 fwd=4208 rows=2154004 fwd_ms=124777.3 eval=0 prior=0
[inst] req=3186688 hits=1026300 fwd=4219 rows=2159636 fwd_ms=125096.5 eval=0 prior=0
[inst] req=3194880 hits=1029022 fwd=4230 rows=2165268 fwd_ms=125431.7 eval=0 prior=0
[inst] req=3203072 hits=1031545 fwd=4241 rows=2170900 fwd_ms=125758.7 eval=0 prior=0
[inst] req=3211264 hits=1034109 fwd=4252 rows=2176532 fwd_ms=126071.9 eval=0 prior=0
[inst] req=3219456 hits=1036785 fwd=4262 rows=2181652 fwd_ms=126356.8 eval=0 prior=0
[inst] req=3227648 hits=1039423 fwd=4273 rows=2187284 fwd_ms=126670.6 eval=0 prior=0
[inst] req=3235840 hits=1042075 fwd=4284 rows=2192916 fwd_ms=126984.2 eval=0 prior=0
[inst] req=3244032 hits=1044637 fwd=4295 rows=2198548 fwd_ms=127313.0 eval=0 prior=0
[inst] req=3252224 hits=1047160 fwd=4306 rows=2204180 fwd_ms=127636.6 eval=0 prior=0
[inst] req=3260416 hits=1049620 fwd=4317 rows=2209812 fwd_ms=127950.3 eval=0 prior=0
[inst] req=3268608 hits=1052368 fwd=4328 rows=2215444 fwd_ms=128264.4 eval=0 prior=0
[inst] req=3276800 hits=1054901 fwd=4339 rows=2221076 fwd_ms=128588.7 eval=0 prior=0
[inst] req=3284992 hits=1057428 fwd=4350 rows=2226708 fwd_ms=128923.7 eval=0 prior=0
[inst] req=3293184 hits=1059974 fwd=4361 rows=2232340 fwd_ms=129242.5 eval=0 prior=0
[inst] req=3301376 hits=1062450 fwd=4372 rows=2237972 fwd_ms=129562.3 eval=0 prior=0
[inst] req=3309568 hits=1065171 fwd=4383 rows=2243604 fwd_ms=129906.1 eval=0 prior=0
[inst] req=3317760 hits=1067776 fwd=4394 rows=2249236 fwd_ms=130237.5 eval=0 prior=0
[inst] req=3325952 hits=1070380 fwd=4405 rows=2254868 fwd_ms=130556.4 eval=0 prior=0
[inst] req=3334144 hits=1072882 fwd=4416 rows=2260500 fwd_ms=130871.2 eval=0 prior=0
[inst] req=3342336 hits=1075466 fwd=4427 rows=2266132 fwd_ms=131185.6 eval=0 prior=0
[inst] req=3350528 hits=1077937 fwd=4438 rows=2271764 fwd_ms=131505.0 eval=0 prior=0
[inst] req=3358720 hits=1080485 fwd=4449 rows=2277396 fwd_ms=131829.3 eval=0 prior=0
[inst] req=3366912 hits=1083124 fwd=4460 rows=2283028 fwd_ms=132154.8 eval=0 prior=0
[inst] req=3375104 hits=1085685 fwd=4471 rows=2288660 fwd_ms=132473.6 eval=0 prior=0
[inst] req=3383296 hits=1088180 fwd=4482 rows=2294292 fwd_ms=132788.1 eval=0 prior=0
[inst] req=3391488 hits=1090818 fwd=4493 rows=2299924 fwd_ms=133102.0 eval=0 prior=0
[inst] req=3399680 hits=1093518 fwd=4504 rows=2305556 fwd_ms=133415.6 eval=0 prior=0
[inst] req=3407872 hits=1096075 fwd=4515 rows=2311188 fwd_ms=133749.7 eval=0 prior=0
[inst] req=3416064 hits=1098740 fwd=4525 rows=2316308 fwd_ms=134065.3 eval=0 prior=0
[inst] req=3424256 hits=1101249 fwd=4537 rows=2322452 fwd_ms=134423.0 eval=0 prior=0
[inst] req=3432448 hits=1103725 fwd=4548 rows=2328084 fwd_ms=134747.1 eval=0 prior=0
[inst] req=3440640 hits=1106231 fwd=4559 rows=2333716 fwd_ms=135061.4 eval=0 prior=0
[inst] req=3448832 hits=1108684 fwd=4570 rows=2339348 fwd_ms=135387.0 eval=0 prior=0
[inst] req=3457024 hits=1111133 fwd=4581 rows=2344980 fwd_ms=135705.8 eval=0 prior=0
[inst] req=3465216 hits=1113567 fwd=4593 rows=2351124 fwd_ms=136069.7 eval=0 prior=0
[inst] req=3473408 hits=1116036 fwd=4604 rows=2356756 fwd_ms=136384.8 eval=0 prior=0
[inst] req=3481600 hits=1118536 fwd=4615 rows=2362388 fwd_ms=136699.8 eval=0 prior=0
[inst] req=3489792 hits=1121202 fwd=4626 rows=2368020 fwd_ms=137029.7 eval=0 prior=0
[inst] req=3497984 hits=1123759 fwd=4637 rows=2373652 fwd_ms=137369.1 eval=0 prior=0
[inst] req=3506176 hits=1126258 fwd=4648 rows=2379284 fwd_ms=137713.6 eval=0 prior=0
[inst] req=3514368 hits=1128708 fwd=4659 rows=2384916 fwd_ms=138049.8 eval=0 prior=0
[inst] req=3522560 hits=1131345 fwd=4670 rows=2390548 fwd_ms=138370.0 eval=0 prior=0
[inst] req=3530752 hits=1133998 fwd=4681 rows=2396180 fwd_ms=138692.0 eval=0 prior=0
[inst] req=3538944 hits=1136564 fwd=4692 rows=2401812 fwd_ms=139006.9 eval=0 prior=0
[inst] req=3547136 hits=1139139 fwd=4703 rows=2407444 fwd_ms=139326.7 eval=0 prior=0
[inst] req=3555328 hits=1141756 fwd=4713 rows=2412564 fwd_ms=139617.8 eval=0 prior=0
[inst] req=3563520 hits=1144331 fwd=4724 rows=2418196 fwd_ms=139942.0 eval=0 prior=0
[inst] req=3571712 hits=1147078 fwd=4735 rows=2423828 fwd_ms=140293.4 eval=0 prior=0
[inst] req=3579904 hits=1149666 fwd=4746 rows=2429460 fwd_ms=140638.6 eval=0 prior=0
[inst] req=3588096 hits=1152224 fwd=4757 rows=2435092 fwd_ms=140967.4 eval=0 prior=0
[inst] req=3596288 hits=1154767 fwd=4768 rows=2440724 fwd_ms=141283.9 eval=0 prior=0
[inst] req=3604480 hits=1157306 fwd=4779 rows=2446356 fwd_ms=141597.5 eval=0 prior=0
[inst] req=3612672 hits=1159780 fwd=4790 rows=2451988 fwd_ms=141910.8 eval=0 prior=0
[inst] req=3620864 hits=1162348 fwd=4801 rows=2457620 fwd_ms=142225.2 eval=0 prior=0
[inst] req=3629056 hits=1164783 fwd=4812 rows=2463252 fwd_ms=142578.2 eval=0 prior=0
[inst] req=3637248 hits=1167311 fwd=4824 rows=2469396 fwd_ms=142940.0 eval=0 prior=0
[inst] req=3645440 hits=1169736 fwd=4835 rows=2475028 fwd_ms=143293.5 eval=0 prior=0
[inst] req=3653632 hits=1172223 fwd=4846 rows=2480660 fwd_ms=143608.0 eval=0 prior=0
[inst] req=3661824 hits=1174865 fwd=4857 rows=2486292 fwd_ms=143938.4 eval=0 prior=0
[inst] req=3670016 hits=1177456 fwd=4868 rows=2491924 fwd_ms=144262.5 eval=0 prior=0
[inst] req=3678208 hits=1179959 fwd=4879 rows=2497556 fwd_ms=144591.4 eval=0 prior=0
[inst] req=3686400 hits=1182445 fwd=4890 rows=2503188 fwd_ms=144905.6 eval=0 prior=0
[inst] req=3694592 hits=1184955 fwd=4901 rows=2508820 fwd_ms=145219.5 eval=0 prior=0
[inst] req=3702784 hits=1187483 fwd=4912 rows=2514452 fwd_ms=145533.6 eval=0 prior=0
[inst] req=3710976 hits=1189979 fwd=4923 rows=2520084 fwd_ms=145877.4 eval=0 prior=0
[inst] req=3719168 hits=1192694 fwd=4934 rows=2525716 fwd_ms=146206.5 eval=0 prior=0
[inst] req=3727360 hits=1195242 fwd=4945 rows=2531348 fwd_ms=146540.3 eval=0 prior=0
[inst] req=3735552 hits=1197765 fwd=4956 rows=2536980 fwd_ms=146864.6 eval=0 prior=0
[inst] req=3743744 hits=1200316 fwd=4967 rows=2542612 fwd_ms=147193.4 eval=0 prior=0
[inst] req=3751936 hits=1202749 fwd=4978 rows=2548244 fwd_ms=147514.4 eval=0 prior=0
[inst] req=3760128 hits=1205266 fwd=4989 rows=2553876 fwd_ms=147853.1 eval=0 prior=0
[inst] req=3768320 hits=1207701 fwd=5001 rows=2560020 fwd_ms=148196.8 eval=0 prior=0
[inst] req=3776512 hits=1210237 fwd=5012 rows=2565652 fwd_ms=148511.5 eval=0 prior=0
[inst] req=3784704 hits=1212688 fwd=5023 rows=2571284 fwd_ms=148826.6 eval=0 prior=0
[inst] req=3792896 hits=1215173 fwd=5034 rows=2576916 fwd_ms=149141.2 eval=0 prior=0
[inst] req=3801088 hits=1217597 fwd=5045 rows=2582548 fwd_ms=149456.2 eval=0 prior=0
[inst] req=3809280 hits=1220055 fwd=5057 rows=2588692 fwd_ms=149813.9 eval=0 prior=0
[inst] req=3817472 hits=1222539 fwd=5068 rows=2594324 fwd_ms=150148.3 eval=0 prior=0
[inst] req=3825664 hits=1225147 fwd=5079 rows=2599956 fwd_ms=150482.4 eval=0 prior=0
[inst] req=3833856 hits=1227835 fwd=5089 rows=2605076 fwd_ms=150783.1 eval=0 prior=0
[inst] req=3842048 hits=1230288 fwd=5101 rows=2611220 fwd_ms=151126.4 eval=0 prior=0
[inst] req=3850240 hits=1232797 fwd=5112 rows=2616852 fwd_ms=151455.3 eval=0 prior=0
[inst] req=3858432 hits=1235218 fwd=5123 rows=2622484 fwd_ms=151769.4 eval=0 prior=0
[inst] req=3866624 hits=1237787 fwd=5134 rows=2628116 fwd_ms=152083.5 eval=0 prior=0
[inst] req=3874816 hits=1240265 fwd=5145 rows=2633748 fwd_ms=152398.4 eval=0 prior=0
[inst] req=3883008 hits=1242958 fwd=5156 rows=2639380 fwd_ms=152743.4 eval=0 prior=0
[inst] req=3891200 hits=1245598 fwd=5167 rows=2645012 fwd_ms=153072.7 eval=0 prior=0
[inst] req=3899392 hits=1248290 fwd=5177 rows=2650132 fwd_ms=153370.7 eval=0 prior=0
[inst] req=3907584 hits=1250862 fwd=5188 rows=2655764 fwd_ms=153709.7 eval=0 prior=0
[inst] req=3915776 hits=1253707 fwd=5199 rows=2661396 fwd_ms=154038.5 eval=0 prior=0
[inst] req=3923968 hits=1256319 fwd=5210 rows=2667028 fwd_ms=154367.5 eval=0 prior=0
[inst] req=3932160 hits=1258875 fwd=5221 rows=2672660 fwd_ms=154687.2 eval=0 prior=0
[inst] req=3940352 hits=1261440 fwd=5232 rows=2678292 fwd_ms=155001.8 eval=0 prior=0
[inst] req=3948544 hits=1263949 fwd=5243 rows=2683924 fwd_ms=155316.7 eval=0 prior=0
[inst] req=3956736 hits=1266415 fwd=5254 rows=2689556 fwd_ms=155631.8 eval=0 prior=0
[inst] req=3964928 hits=1268903 fwd=5265 rows=2695188 fwd_ms=155946.7 eval=0 prior=0
[inst] req=3973120 hits=1271364 fwd=5276 rows=2700820 fwd_ms=156261.3 eval=0 prior=0
[inst] req=3981312 hits=1273792 fwd=5288 rows=2706964 fwd_ms=156614.5 eval=0 prior=0
[inst] req=3989504 hits=1276169 fwd=5299 rows=2712596 fwd_ms=156934.1 eval=0 prior=0
[inst] req=3997696 hits=1278707 fwd=5310 rows=2718228 fwd_ms=157257.8 eval=0 prior=0
[inst] req=4005888 hits=1281204 fwd=5321 rows=2723860 fwd_ms=157571.5 eval=0 prior=0
[inst] req=4014080 hits=1283686 fwd=5332 rows=2729492 fwd_ms=157885.2 eval=0 prior=0
[inst] req=4022272 hits=1286253 fwd=5343 rows=2735124 fwd_ms=158198.8 eval=0 prior=0
[inst] req=4030464 hits=1288652 fwd=5355 rows=2741268 fwd_ms=158541.0 eval=0 prior=0
[inst] req=4038656 hits=1291177 fwd=5366 rows=2746900 fwd_ms=158854.9 eval=0 prior=0
[inst] req=4046848 hits=1293720 fwd=5377 rows=2752532 fwd_ms=159168.5 eval=0 prior=0
[inst] req=4055040 hits=1296218 fwd=5388 rows=2758164 fwd_ms=159482.3 eval=0 prior=0
[inst] req=4063232 hits=1298845 fwd=5399 rows=2763796 fwd_ms=159796.1 eval=0 prior=0
[inst] req=4071424 hits=1301401 fwd=5410 rows=2769428 fwd_ms=160110.0 eval=0 prior=0
[inst] req=4079616 hits=1303891 fwd=5421 rows=2775060 fwd_ms=160423.7 eval=0 prior=0
[inst] req=4087808 hits=1306392 fwd=5432 rows=2780692 fwd_ms=160737.5 eval=0 prior=0
[inst] req=4096000 hits=1308912 fwd=5443 rows=2786324 fwd_ms=161051.0 eval=0 prior=0
[inst] req=4104192 hits=1311423 fwd=5454 rows=2791956 fwd_ms=161364.9 eval=0 prior=0
[inst] req=4112384 hits=1314023 fwd=5465 rows=2797588 fwd_ms=161679.3 eval=0 prior=0
[inst] req=4120576 hits=1316595 fwd=5476 rows=2803220 fwd_ms=161993.9 eval=0 prior=0
[inst] req=4128768 hits=1319135 fwd=5487 rows=2808852 fwd_ms=162308.6 eval=0 prior=0
[inst] req=4136960 hits=1321635 fwd=5498 rows=2814484 fwd_ms=162623.1 eval=0 prior=0
[inst] req=4145152 hits=1324167 fwd=5509 rows=2820116 fwd_ms=162937.0 eval=0 prior=0
[inst] req=4153344 hits=1326693 fwd=5520 rows=2825748 fwd_ms=163250.4 eval=0 prior=0
[inst] req=4161536 hits=1329221 fwd=5531 rows=2831380 fwd_ms=163564.0 eval=0 prior=0
[inst] req=4169728 hits=1331699 fwd=5542 rows=2837012 fwd_ms=163877.7 eval=0 prior=0
[inst] req=4177920 hits=1334230 fwd=5554 rows=2843156 fwd_ms=164219.5 eval=0 prior=0
[inst] req=4186112 hits=1336658 fwd=5565 rows=2848788 fwd_ms=164532.7 eval=0 prior=0
[inst] req=4194304 hits=1339172 fwd=5576 rows=2854420 fwd_ms=164845.9 eval=0 prior=0
[inst] req=4202496 hits=1341657 fwd=5587 rows=2860052 fwd_ms=165158.9 eval=0 prior=0
[inst] req=4210688 hits=1344103 fwd=5598 rows=2865684 fwd_ms=165471.9 eval=0 prior=0
[inst] req=4218880 hits=1346545 fwd=5609 rows=2871316 fwd_ms=165785.2 eval=0 prior=0
[inst] req=4227072 hits=1349132 fwd=5620 rows=2876948 fwd_ms=166098.5 eval=0 prior=0
[inst] req=4235264 hits=1351988 fwd=5631 rows=2882580 fwd_ms=166411.6 eval=0 prior=0
[inst] req=4243456 hits=1354694 fwd=5642 rows=2888212 fwd_ms=166725.3 eval=0 prior=0
[inst] req=4251648 hits=1357309 fwd=5652 rows=2893332 fwd_ms=167010.3 eval=0 prior=0
[inst] req=4259840 hits=1359887 fwd=5663 rows=2898964 fwd_ms=167324.0 eval=0 prior=0
[inst] req=4268032 hits=1362419 fwd=5674 rows=2904596 fwd_ms=167639.1 eval=0 prior=0
[inst] req=4276224 hits=1365063 fwd=5685 rows=2910228 fwd_ms=167954.3 eval=0 prior=0
[inst] req=4284416 hits=1367552 fwd=5696 rows=2915860 fwd_ms=168269.5 eval=0 prior=0
[inst] req=4292608 hits=1369912 fwd=5708 rows=2922004 fwd_ms=168613.2 eval=0 prior=0
[inst] req=4300800 hits=1372349 fwd=5719 rows=2927636 fwd_ms=168928.3 eval=0 prior=0
[inst] req=4308992 hits=1374863 fwd=5730 rows=2933268 fwd_ms=169243.2 eval=0 prior=0
[inst] req=4317184 hits=1377418 fwd=5741 rows=2938900 fwd_ms=169559.0 eval=0 prior=0
[inst] req=4325376 hits=1379910 fwd=5752 rows=2944532 fwd_ms=169875.0 eval=0 prior=0
[inst] req=4333568 hits=1382402 fwd=5763 rows=2950164 fwd_ms=170190.6 eval=0 prior=0
[inst] req=4341760 hits=1384880 fwd=5775 rows=2956308 fwd_ms=170534.5 eval=0 prior=0
[inst] req=4349952 hits=1387498 fwd=5786 rows=2961940 fwd_ms=170849.9 eval=0 prior=0
[inst] req=4358144 hits=1389981 fwd=5797 rows=2967572 fwd_ms=171165.1 eval=0 prior=0
[inst] req=4366336 hits=1392483 fwd=5808 rows=2973204 fwd_ms=171480.4 eval=0 prior=0
[inst] req=4374528 hits=1394957 fwd=5819 rows=2978836 fwd_ms=171795.6 eval=0 prior=0
[inst] req=4382720 hits=1397458 fwd=5830 rows=2984468 fwd_ms=172110.8 eval=0 prior=0
[inst] req=4390912 hits=1399973 fwd=5841 rows=2990100 fwd_ms=172426.1 eval=0 prior=0
[inst] req=4399104 hits=1402412 fwd=5852 rows=2995732 fwd_ms=172741.3 eval=0 prior=0
[inst] req=4407296 hits=1404991 fwd=5863 rows=3001364 fwd_ms=173056.5 eval=0 prior=0
[inst] req=4415488 hits=1407680 fwd=5874 rows=3006996 fwd_ms=173371.9 eval=0 prior=0
[inst] req=4423680 hits=1410256 fwd=5885 rows=3012628 fwd_ms=173687.4 eval=0 prior=0
[inst] req=4431872 hits=1412839 fwd=5896 rows=3018260 fwd_ms=174002.7 eval=0 prior=0
[inst] req=4440064 hits=1415382 fwd=5907 rows=3023892 fwd_ms=174317.9 eval=0 prior=0
[inst] req=4448256 hits=1417912 fwd=5918 rows=3029524 fwd_ms=174632.9 eval=0 prior=0
[inst] req=4456448 hits=1420365 fwd=5929 rows=3035156 fwd_ms=174946.5 eval=0 prior=0
[inst] req=4464640 hits=1422959 fwd=5940 rows=3040788 fwd_ms=175260.2 eval=0 prior=0
[inst] req=4472832 hits=1425556 fwd=5951 rows=3046420 fwd_ms=175573.9 eval=0 prior=0
[inst] req=4481024 hits=1428103 fwd=5962 rows=3052052 fwd_ms=175887.7 eval=0 prior=0
[inst] req=4489216 hits=1430630 fwd=5973 rows=3057684 fwd_ms=176201.6 eval=0 prior=0
[inst] req=4497408 hits=1433293 fwd=5984 rows=3063316 fwd_ms=176515.5 eval=0 prior=0
[inst] req=4505600 hits=1435778 fwd=5995 rows=3068948 fwd_ms=176829.6 eval=0 prior=0
[inst] req=4513792 hits=1438343 fwd=6006 rows=3074580 fwd_ms=177143.6 eval=0 prior=0
[inst] req=4521984 hits=1440839 fwd=6017 rows=3080212 fwd_ms=177457.6 eval=0 prior=0
[inst] req=4530176 hits=1443311 fwd=6028 rows=3085844 fwd_ms=177771.8 eval=0 prior=0
[inst] req=4538368 hits=1445683 fwd=6040 rows=3091988 fwd_ms=178114.2 eval=0 prior=0
[inst] req=4546560 hits=1448146 fwd=6051 rows=3097620 fwd_ms=178427.7 eval=0 prior=0
[inst] req=4554752 hits=1450653 fwd=6062 rows=3103252 fwd_ms=178741.3 eval=0 prior=0
[inst] req=4562944 hits=1453111 fwd=6073 rows=3108884 fwd_ms=179055.4 eval=0 prior=0
[inst] req=4571136 hits=1455849 fwd=6084 rows=3114516 fwd_ms=179369.4 eval=0 prior=0
[inst] req=4579328 hits=1458480 fwd=6095 rows=3120148 fwd_ms=179683.7 eval=0 prior=0
[inst] req=4587520 hits=1461165 fwd=6106 rows=3125780 fwd_ms=179997.7 eval=0 prior=0
[inst] req=4595712 hits=1463873 fwd=6116 rows=3130900 fwd_ms=180283.1 eval=0 prior=0
[inst] req=4603904 hits=1466554 fwd=6127 rows=3136532 fwd_ms=180597.0 eval=0 prior=0
[inst] req=4612096 hits=1469087 fwd=6138 rows=3142164 fwd_ms=180911.1 eval=0 prior=0
[inst] req=4620288 hits=1471695 fwd=6149 rows=3147796 fwd_ms=181225.2 eval=0 prior=0
[inst] req=4628480 hits=1474214 fwd=6160 rows=3153428 fwd_ms=181539.1 eval=0 prior=0
[inst] req=4636672 hits=1476653 fwd=6171 rows=3159060 fwd_ms=181853.2 eval=0 prior=0
[inst] req=4644864 hits=1479038 fwd=6183 rows=3165204 fwd_ms=182195.8 eval=0 prior=0
[inst] req=4653056 hits=1481574 fwd=6194 rows=3170836 fwd_ms=182509.9 eval=0 prior=0
[inst] req=4661248 hits=1483995 fwd=6205 rows=3176468 fwd_ms=182823.9 eval=0 prior=0
[inst] req=4669440 hits=1486482 fwd=6216 rows=3182100 fwd_ms=183138.0 eval=0 prior=0
[inst] req=4677632 hits=1489062 fwd=6227 rows=3187732 fwd_ms=183452.9 eval=0 prior=0
[inst] req=4685824 hits=1491630 fwd=6238 rows=3193364 fwd_ms=183768.3 eval=0 prior=0
[inst] req=4694016 hits=1494145 fwd=6249 rows=3198996 fwd_ms=184083.9 eval=0 prior=0
[inst] req=4702208 hits=1496857 fwd=6260 rows=3204628 fwd_ms=184399.4 eval=0 prior=0
[inst] req=4710400 hits=1499368 fwd=6271 rows=3210260 fwd_ms=184714.9 eval=0 prior=0
[inst] req=4718592 hits=1501806 fwd=6282 rows=3215892 fwd_ms=185030.5 eval=0 prior=0
[inst] req=4726784 hits=1504340 fwd=6293 rows=3221524 fwd_ms=185346.2 eval=0 prior=0
[inst] req=4734976 hits=1506916 fwd=6304 rows=3227156 fwd_ms=185661.7 eval=0 prior=0
[inst] req=4743168 hits=1509386 fwd=6315 rows=3232788 fwd_ms=185977.4 eval=0 prior=0
[inst] req=4751360 hits=1511975 fwd=6326 rows=3238420 fwd_ms=186292.9 eval=0 prior=0
[inst] req=4759552 hits=1514500 fwd=6337 rows=3244052 fwd_ms=186608.7 eval=0 prior=0
[inst] req=4767744 hits=1517080 fwd=6348 rows=3249684 fwd_ms=186924.2 eval=0 prior=0
[inst] req=4775936 hits=1519610 fwd=6359 rows=3255316 fwd_ms=187239.7 eval=0 prior=0
[inst] req=4784128 hits=1522209 fwd=6370 rows=3260948 fwd_ms=187555.2 eval=0 prior=0
[inst] req=4792320 hits=1524840 fwd=6381 rows=3266580 fwd_ms=187870.5 eval=0 prior=0
[inst] req=4800512 hits=1527355 fwd=6392 rows=3272212 fwd_ms=188186.0 eval=0 prior=0
[inst] req=4808704 hits=1529880 fwd=6403 rows=3277844 fwd_ms=188501.8 eval=0 prior=0
[inst] req=4816896 hits=1532352 fwd=6415 rows=3283988 fwd_ms=188846.1 eval=0 prior=0
[inst] req=4825088 hits=1534767 fwd=6426 rows=3289620 fwd_ms=189161.8 eval=0 prior=0
[inst] req=4833280 hits=1537243 fwd=6437 rows=3295252 fwd_ms=189477.4 eval=0 prior=0
[inst] req=4841472 hits=1539830 fwd=6448 rows=3300884 fwd_ms=189793.3 eval=0 prior=0
[inst] req=4849664 hits=1542478 fwd=6459 rows=3306516 fwd_ms=190108.7 eval=0 prior=0
[inst] req=4857856 hits=1545116 fwd=6470 rows=3312148 fwd_ms=190424.4 eval=0 prior=0
[inst] req=4866048 hits=1547586 fwd=6481 rows=3317780 fwd_ms=190740.1 eval=0 prior=0
[inst] req=4874240 hits=1550019 fwd=6492 rows=3323412 fwd_ms=191055.5 eval=0 prior=0
[inst] req=4882432 hits=1552428 fwd=6503 rows=3329044 fwd_ms=191370.7 eval=0 prior=0
[inst] req=4890624 hits=1554914 fwd=6515 rows=3335188 fwd_ms=191714.7 eval=0 prior=0
[inst] req=4898816 hits=1557500 fwd=6525 rows=3340308 fwd_ms=192001.3 eval=0 prior=0
[inst] req=4907008 hits=1560041 fwd=6537 rows=3346452 fwd_ms=192345.4 eval=0 prior=0
[inst] req=4915200 hits=1562524 fwd=6548 rows=3352084 fwd_ms=192660.9 eval=0 prior=0
[inst] req=4923392 hits=1565025 fwd=6559 rows=3357716 fwd_ms=192976.2 eval=0 prior=0
[inst] req=4931584 hits=1567546 fwd=6570 rows=3363348 fwd_ms=193291.6 eval=0 prior=0
[inst] req=4939776 hits=1570127 fwd=6581 rows=3368980 fwd_ms=193607.0 eval=0 prior=0
[inst] req=4947968 hits=1572663 fwd=6592 rows=3374612 fwd_ms=193922.2 eval=0 prior=0
[inst] req=4956160 hits=1575210 fwd=6603 rows=3380244 fwd_ms=194237.3 eval=0 prior=0
[inst] req=4964352 hits=1577708 fwd=6614 rows=3385876 fwd_ms=194552.5 eval=0 prior=0
[inst] req=4972544 hits=1580296 fwd=6625 rows=3391508 fwd_ms=194867.9 eval=0 prior=0
[inst] req=4980736 hits=1582777 fwd=6636 rows=3397140 fwd_ms=195183.2 eval=0 prior=0
[inst] req=4988928 hits=1585240 fwd=6647 rows=3402772 fwd_ms=195498.5 eval=0 prior=0
[inst] req=4997120 hits=1587644 fwd=6659 rows=3408916 fwd_ms=195842.6 eval=0 prior=0
[inst] req=5005312 hits=1590068 fwd=6670 rows=3414548 fwd_ms=196158.0 eval=0 prior=0
[inst] req=5013504 hits=1592639 fwd=6681 rows=3420180 fwd_ms=196473.3 eval=0 prior=0
[inst] req=5021696 hits=1595352 fwd=6692 rows=3425812 fwd_ms=196788.5 eval=0 prior=0
[inst] req=5029888 hits=1597881 fwd=6703 rows=3431444 fwd_ms=197103.9 eval=0 prior=0
[inst] req=5038080 hits=1600411 fwd=6714 rows=3437076 fwd_ms=197419.3 eval=0 prior=0
[inst] req=5046272 hits=1602922 fwd=6725 rows=3442708 fwd_ms=197734.7 eval=0 prior=0
[inst] req=5054464 hits=1605476 fwd=6736 rows=3448340 fwd_ms=198050.1 eval=0 prior=0
[inst] req=5062656 hits=1607977 fwd=6747 rows=3453972 fwd_ms=198365.6 eval=0 prior=0
[inst] req=5070848 hits=1610480 fwd=6758 rows=3459604 fwd_ms=198680.9 eval=0 prior=0
[inst] req=5079040 hits=1612948 fwd=6769 rows=3465236 fwd_ms=198996.4 eval=0 prior=0
[inst] req=5087232 hits=1615468 fwd=6780 rows=3470868 fwd_ms=199311.9 eval=0 prior=0
[inst] req=5095424 hits=1618045 fwd=6791 rows=3476500 fwd_ms=199627.1 eval=0 prior=0
[inst] req=5103616 hits=1620610 fwd=6802 rows=3482132 fwd_ms=199942.3 eval=0 prior=0
[inst] req=5111808 hits=1623196 fwd=6813 rows=3487764 fwd_ms=200257.6 eval=0 prior=0
[inst] req=5120000 hits=1625772 fwd=6824 rows=3493396 fwd_ms=200572.7 eval=0 prior=0
[inst] req=5128192 hits=1628505 fwd=6835 rows=3499028 fwd_ms=200888.1 eval=0 prior=0
[inst] req=5136384 hits=1631066 fwd=6846 rows=3504660 fwd_ms=201203.6 eval=0 prior=0
[inst] req=5144576 hits=1633657 fwd=6857 rows=3510292 fwd_ms=201519.1 eval=0 prior=0
[inst] req=5152768 hits=1636249 fwd=6868 rows=3515924 fwd_ms=201834.5 eval=0 prior=0
[inst] req=5160960 hits=1638693 fwd=6879 rows=3521556 fwd_ms=202150.0 eval=0 prior=0
[inst] req=5169152 hits=1641162 fwd=6890 rows=3527188 fwd_ms=202465.6 eval=0 prior=0
[inst] req=5177344 hits=1643761 fwd=6901 rows=3532820 fwd_ms=202781.0 eval=0 prior=0
[inst] req=5185536 hits=1646376 fwd=6912 rows=3538452 fwd_ms=203096.4 eval=0 prior=0
[inst] req=5193728 hits=1649075 fwd=6923 rows=3544084 fwd_ms=203412.0 eval=0 prior=0
[inst] req=5201920 hits=1651715 fwd=6933 rows=3549204 fwd_ms=203698.8 eval=0 prior=0
[inst] req=5210112 hits=1654363 fwd=6944 rows=3554836 fwd_ms=204014.4 eval=0 prior=0
[inst] req=5218304 hits=1656816 fwd=6955 rows=3560468 fwd_ms=204329.7 eval=0 prior=0
[inst] req=5226496 hits=1659222 fwd=6967 rows=3566612 fwd_ms=204674.0 eval=0 prior=0
[inst] req=5234688 hits=1661601 fwd=6978 rows=3572244 fwd_ms=204989.6 eval=0 prior=0
[inst] req=5242880 hits=1664272 fwd=6989 rows=3577876 fwd_ms=205305.2 eval=0 prior=0
[inst] req=5251072 hits=1666814 fwd=7000 rows=3583508 fwd_ms=205620.5 eval=0 prior=0
[inst] req=5259264 hits=1669401 fwd=7011 rows=3589140 fwd_ms=205936.1 eval=0 prior=0
[inst] req=5267456 hits=1671922 fwd=7022 rows=3594772 fwd_ms=206251.7 eval=0 prior=0
[inst] req=5275648 hits=1674546 fwd=7033 rows=3600404 fwd_ms=206567.2 eval=0 prior=0
[inst] req=5283840 hits=1677220 fwd=7044 rows=3606036 fwd_ms=206883.1 eval=0 prior=0
[inst] req=5292032 hits=1679725 fwd=7055 rows=3611668 fwd_ms=207198.6 eval=0 prior=0
[inst] req=5300224 hits=1682294 fwd=7066 rows=3617300 fwd_ms=207514.4 eval=0 prior=0
[inst] req=5308416 hits=1684848 fwd=7077 rows=3622932 fwd_ms=207830.1 eval=0 prior=0
[inst] req=5316608 hits=1687374 fwd=7088 rows=3628564 fwd_ms=208145.7 eval=0 prior=0
[inst] req=5324800 hits=1689878 fwd=7099 rows=3634196 fwd_ms=208461.1 eval=0 prior=0
[inst] req=5332992 hits=1692314 fwd=7110 rows=3639828 fwd_ms=208776.7 eval=0 prior=0
[inst] req=5341184 hits=1694846 fwd=7121 rows=3645460 fwd_ms=209092.3 eval=0 prior=0
[inst] req=5349376 hits=1697320 fwd=7132 rows=3651092 fwd_ms=209407.7 eval=0 prior=0
[inst] req=5357568 hits=1699960 fwd=7143 rows=3656724 fwd_ms=209723.4 eval=0 prior=0
[inst] req=5365760 hits=1702552 fwd=7154 rows=3662356 fwd_ms=210038.9 eval=0 prior=0
[inst] req=5373952 hits=1705326 fwd=7165 rows=3667988 fwd_ms=210354.7 eval=0 prior=0
[inst] req=5382144 hits=1708056 fwd=7175 rows=3673108 fwd_ms=210641.5 eval=0 prior=0
[inst] req=5390336 hits=1710560 fwd=7187 rows=3679252 fwd_ms=210985.8 eval=0 prior=0
[inst] req=5398528 hits=1713077 fwd=7198 rows=3684884 fwd_ms=211301.4 eval=0 prior=0
[inst] req=5406720 hits=1715604 fwd=7209 rows=3690516 fwd_ms=211616.8 eval=0 prior=0
[inst] req=5414912 hits=1718252 fwd=7219 rows=3695636 fwd_ms=211903.7 eval=0 prior=0
[inst] req=5423104 hits=1720904 fwd=7230 rows=3701268 fwd_ms=212219.2 eval=0 prior=0
[inst] req=5431296 hits=1723500 fwd=7241 rows=3706900 fwd_ms=212534.6 eval=0 prior=0
[inst] req=5439488 hits=1726027 fwd=7252 rows=3712532 fwd_ms=212850.2 eval=0 prior=0
[inst] req=5447680 hits=1728752 fwd=7263 rows=3718164 fwd_ms=213165.8 eval=0 prior=0
[inst] req=5455872 hits=1731493 fwd=7274 rows=3723796 fwd_ms=213481.5 eval=0 prior=0
[inst] req=5464064 hits=1734089 fwd=7285 rows=3729428 fwd_ms=213797.1 eval=0 prior=0
[inst] req=5472256 hits=1736737 fwd=7295 rows=3734548 fwd_ms=214083.9 eval=0 prior=0
[inst] req=5480448 hits=1739357 fwd=7306 rows=3740180 fwd_ms=214399.7 eval=0 prior=0
[inst] req=5488640 hits=1741971 fwd=7317 rows=3745812 fwd_ms=214715.2 eval=0 prior=0
[inst] req=5496832 hits=1744532 fwd=7328 rows=3751444 fwd_ms=215030.9 eval=0 prior=0
[inst] req=5505024 hits=1747141 fwd=7339 rows=3757076 fwd_ms=215346.6 eval=0 prior=0
[inst] req=5513216 hits=1749689 fwd=7350 rows=3762708 fwd_ms=215662.4 eval=0 prior=0
[inst] req=5521408 hits=1752154 fwd=7361 rows=3768340 fwd_ms=215978.2 eval=0 prior=0
[inst] req=5529600 hits=1754732 fwd=7372 rows=3773972 fwd_ms=216294.0 eval=0 prior=0
[inst] req=5537792 hits=1757377 fwd=7383 rows=3779604 fwd_ms=216609.6 eval=0 prior=0
[inst] req=5545984 hits=1760029 fwd=7394 rows=3785236 fwd_ms=216925.0 eval=0 prior=0
[inst] req=5554176 hits=1762622 fwd=7405 rows=3790868 fwd_ms=217240.6 eval=0 prior=0
[inst] req=5562368 hits=1765153 fwd=7416 rows=3796500 fwd_ms=217556.0 eval=0 prior=0
[inst] req=5570560 hits=1767649 fwd=7427 rows=3802132 fwd_ms=217871.3 eval=0 prior=0
[inst] req=5578752 hits=1770073 fwd=7438 rows=3807764 fwd_ms=218186.9 eval=0 prior=0
[inst] req=5586944 hits=1772606 fwd=7449 rows=3813396 fwd_ms=218502.4 eval=0 prior=0
[inst] req=5595136 hits=1775350 fwd=7460 rows=3819028 fwd_ms=218818.3 eval=0 prior=0
[inst] req=5603328 hits=1778111 fwd=7471 rows=3824660 fwd_ms=219134.2 eval=0 prior=0
[inst] req=5611520 hits=1780777 fwd=7481 rows=3829780 fwd_ms=219421.3 eval=0 prior=0
[inst] req=5619712 hits=1783349 fwd=7492 rows=3835412 fwd_ms=219737.1 eval=0 prior=0
[inst] req=5627904 hits=1785952 fwd=7503 rows=3841044 fwd_ms=220052.7 eval=0 prior=0
[inst] req=5636096 hits=1788501 fwd=7514 rows=3846676 fwd_ms=220368.2 eval=0 prior=0
[inst] req=5644288 hits=1791051 fwd=7525 rows=3852308 fwd_ms=220683.8 eval=0 prior=0
[inst] req=5652480 hits=1793611 fwd=7536 rows=3857940 fwd_ms=220999.1 eval=0 prior=0
[inst] req=5660672 hits=1796181 fwd=7547 rows=3863572 fwd_ms=221314.9 eval=0 prior=0
[inst] req=5668864 hits=1798809 fwd=7558 rows=3869204 fwd_ms=221631.0 eval=0 prior=0
[inst] req=5677056 hits=1801358 fwd=7569 rows=3874836 fwd_ms=221946.8 eval=0 prior=0
[inst] req=5685248 hits=1803871 fwd=7580 rows=3880468 fwd_ms=222262.2 eval=0 prior=0
[inst] req=5693440 hits=1806412 fwd=7591 rows=3886100 fwd_ms=222577.7 eval=0 prior=0
[inst] req=5701632 hits=1809015 fwd=7602 rows=3891732 fwd_ms=222893.1 eval=0 prior=0
[inst] req=5709824 hits=1811578 fwd=7613 rows=3897364 fwd_ms=223209.6 eval=0 prior=0
[inst] req=5718016 hits=1814074 fwd=7624 rows=3902996 fwd_ms=223525.2 eval=0 prior=0
[inst] req=5726208 hits=1816604 fwd=7635 rows=3908628 fwd_ms=223841.0 eval=0 prior=0
[inst] req=5734400 hits=1819100 fwd=7647 rows=3914772 fwd_ms=224185.5 eval=0 prior=0
[inst] req=5742592 hits=1821689 fwd=7657 rows=3919892 fwd_ms=224472.6 eval=0 prior=0
[inst] req=5750784 hits=1824169 fwd=7669 rows=3926036 fwd_ms=224817.3 eval=0 prior=0
[inst] req=5758976 hits=1826769 fwd=7680 rows=3931668 fwd_ms=225133.2 eval=0 prior=0
[inst] req=5767168 hits=1829245 fwd=7691 rows=3937300 fwd_ms=225449.0 eval=0 prior=0
[inst] req=5775360 hits=1831684 fwd=7702 rows=3942932 fwd_ms=225765.1 eval=0 prior=0
[inst] req=5783552 hits=1834172 fwd=7713 rows=3948564 fwd_ms=226080.8 eval=0 prior=0
[inst] req=5791744 hits=1836638 fwd=7724 rows=3954196 fwd_ms=226396.5 eval=0 prior=0
[inst] req=5799936 hits=1839167 fwd=7735 rows=3959828 fwd_ms=226712.1 eval=0 prior=0
[inst] req=5808128 hits=1841723 fwd=7746 rows=3965460 fwd_ms=227027.8 eval=0 prior=0
[inst] req=5816320 hits=1844195 fwd=7758 rows=3971604 fwd_ms=227372.0 eval=0 prior=0
[inst] req=5824512 hits=1846922 fwd=7768 rows=3976724 fwd_ms=227658.7 eval=0 prior=0
[inst] req=5832704 hits=1849589 fwd=7779 rows=3982356 fwd_ms=227974.0 eval=0 prior=0
[inst] req=5840896 hits=1852198 fwd=7790 rows=3987988 fwd_ms=228289.5 eval=0 prior=0
[inst] req=5849088 hits=1854821 fwd=7801 rows=3993620 fwd_ms=228605.0 eval=0 prior=0
[inst] req=5857280 hits=1857647 fwd=7811 rows=3998740 fwd_ms=228892.0 eval=0 prior=0
[inst] req=5865472 hits=1860314 fwd=7822 rows=4004372 fwd_ms=229207.5 eval=0 prior=0
[inst] req=5873664 hits=1862881 fwd=7833 rows=4010004 fwd_ms=229523.0 eval=0 prior=0
[inst] req=5881856 hits=1865633 fwd=7844 rows=4015636 fwd_ms=229838.6 eval=0 prior=0
[inst] req=5890048 hits=1868310 fwd=7854 rows=4020756 fwd_ms=230125.4 eval=0 prior=0
[inst] req=5898240 hits=1871056 fwd=7865 rows=4026388 fwd_ms=230440.9 eval=0 prior=0
[inst] req=5906432 hits=1873448 fwd=7876 rows=4032020 fwd_ms=230756.6 eval=0 prior=0
[inst] req=5914624 hits=1875958 fwd=7887 rows=4037652 fwd_ms=231072.1 eval=0 prior=0
[inst] req=5922816 hits=1878456 fwd=7899 rows=4043796 fwd_ms=231416.5 eval=0 prior=0
[inst] req=5931008 hits=1881048 fwd=7910 rows=4049428 fwd_ms=231732.2 eval=0 prior=0
[inst] req=5939200 hits=1883566 fwd=7921 rows=4055060 fwd_ms=232048.0 eval=0 prior=0
[inst] req=5947392 hits=1886086 fwd=7932 rows=4060692 fwd_ms=232364.0 eval=0 prior=0
[inst] req=5955584 hits=1888687 fwd=7943 rows=4066324 fwd_ms=232679.6 eval=0 prior=0
[inst] req=5963776 hits=1891330 fwd=7953 rows=4071444 fwd_ms=232966.8 eval=0 prior=0
[inst] req=5971968 hits=1893952 fwd=7964 rows=4077076 fwd_ms=233282.3 eval=0 prior=0
[inst] req=5980160 hits=1896634 fwd=7975 rows=4082708 fwd_ms=233597.8 eval=0 prior=0
[inst] req=5988352 hits=1899082 fwd=7986 rows=4088340 fwd_ms=233913.5 eval=0 prior=0
[inst] req=5996544 hits=1901623 fwd=7997 rows=4093972 fwd_ms=234229.0 eval=0 prior=0
[inst] req=6004736 hits=1904207 fwd=8008 rows=4099604 fwd_ms=234544.5 eval=0 prior=0
[inst] req=6012928 hits=1906818 fwd=8019 rows=4105236 fwd_ms=234860.0 eval=0 prior=0
[inst] req=6021120 hits=1909418 fwd=8030 rows=4110868 fwd_ms=235175.6 eval=0 prior=0
[inst] req=6029312 hits=1912036 fwd=8041 rows=4116500 fwd_ms=235491.0 eval=0 prior=0
[inst] req=6037504 hits=1914612 fwd=8052 rows=4122132 fwd_ms=235806.7 eval=0 prior=0
[inst] req=6045696 hits=1917153 fwd=8063 rows=4127764 fwd_ms=236122.1 eval=0 prior=0
[inst] req=6053888 hits=1919644 fwd=8074 rows=4133396 fwd_ms=236437.5 eval=0 prior=0
[inst] req=6062080 hits=1922257 fwd=8085 rows=4139028 fwd_ms=236753.0 eval=0 prior=0
[inst] req=6070272 hits=1924744 fwd=8096 rows=4144660 fwd_ms=237068.6 eval=0 prior=0
[inst] req=6078464 hits=1927445 fwd=8107 rows=4150292 fwd_ms=237384.4 eval=0 prior=0
[inst] req=6086656 hits=1929939 fwd=8118 rows=4155924 fwd_ms=237700.0 eval=0 prior=0
[inst] req=6094848 hits=1932474 fwd=8129 rows=4161556 fwd_ms=238015.6 eval=0 prior=0
[inst] req=6103040 hits=1934932 fwd=8140 rows=4167188 fwd_ms=238331.1 eval=0 prior=0
[inst] req=6111232 hits=1937432 fwd=8151 rows=4172820 fwd_ms=238646.5 eval=0 prior=0
[inst] req=6119424 hits=1940046 fwd=8162 rows=4178452 fwd_ms=238962.0 eval=0 prior=0
[inst] req=6127616 hits=1942639 fwd=8173 rows=4184084 fwd_ms=239277.5 eval=0 prior=0
[inst] req=6135808 hits=1945283 fwd=8184 rows=4189716 fwd_ms=239592.9 eval=0 prior=0
[inst] req=6144000 hits=1947834 fwd=8195 rows=4195348 fwd_ms=239908.7 eval=0 prior=0
[inst] req=6152192 hits=1950489 fwd=8206 rows=4200980 fwd_ms=240224.5 eval=0 prior=0
[inst] req=6160384 hits=1953205 fwd=8217 rows=4206612 fwd_ms=240540.1 eval=0 prior=0
[inst] req=6168576 hits=1955766 fwd=8228 rows=4212244 fwd_ms=240855.8 eval=0 prior=0
[inst] req=6176768 hits=1958342 fwd=8239 rows=4217876 fwd_ms=241171.5 eval=0 prior=0
[inst] req=6184960 hits=1960864 fwd=8250 rows=4223508 fwd_ms=241487.3 eval=0 prior=0
[inst] req=6193152 hits=1963311 fwd=8261 rows=4229140 fwd_ms=241803.0 eval=0 prior=0
[inst] req=6201344 hits=1965897 fwd=8272 rows=4234772 fwd_ms=242118.7 eval=0 prior=0
[inst] req=6209536 hits=1968577 fwd=8283 rows=4240404 fwd_ms=242434.6 eval=0 prior=0
[inst] req=6217728 hits=1971142 fwd=8294 rows=4246036 fwd_ms=242750.2 eval=0 prior=0
[inst] req=6225920 hits=1973807 fwd=8304 rows=4251156 fwd_ms=243037.0 eval=0 prior=0
[inst] req=6234112 hits=1976372 fwd=8315 rows=4256788 fwd_ms=243352.8 eval=0 prior=0
[inst] req=6242304 hits=1978881 fwd=8326 rows=4262420 fwd_ms=243668.4 eval=0 prior=0
[inst] req=6250496 hits=1981346 fwd=8338 rows=4268564 fwd_ms=244012.7 eval=0 prior=0
[inst] req=6258688 hits=1983886 fwd=8349 rows=4274196 fwd_ms=244328.2 eval=0 prior=0
[inst] req=6266880 hits=1986480 fwd=8360 rows=4279828 fwd_ms=244643.6 eval=0 prior=0
[inst] req=6275072 hits=1988972 fwd=8371 rows=4285460 fwd_ms=244959.3 eval=0 prior=0
[inst] req=6283264 hits=1991630 fwd=8382 rows=4291092 fwd_ms=245274.7 eval=0 prior=0
[inst] req=6291456 hits=1994385 fwd=8392 rows=4296212 fwd_ms=245561.7 eval=0 prior=0
[inst] req=6299648 hits=1997126 fwd=8403 rows=4301844 fwd_ms=245877.4 eval=0 prior=0
[inst] req=6307840 hits=1999820 fwd=8414 rows=4307476 fwd_ms=246192.9 eval=0 prior=0
[inst] req=6316032 hits=2002377 fwd=8425 rows=4313108 fwd_ms=246508.4 eval=0 prior=0
[inst] req=6324224 hits=2005165 fwd=8435 rows=4318228 fwd_ms=246795.2 eval=0 prior=0
[inst] req=6332416 hits=2007727 fwd=8446 rows=4323860 fwd_ms=247110.4 eval=0 prior=0
[inst] req=6340608 hits=2010268 fwd=8457 rows=4329492 fwd_ms=247425.6 eval=0 prior=0
[inst] req=6348800 hits=2012802 fwd=8468 rows=4335124 fwd_ms=247741.0 eval=0 prior=0
[inst] req=6356992 hits=2015404 fwd=8479 rows=4340756 fwd_ms=248056.4 eval=0 prior=0
[inst] req=6365184 hits=2018035 fwd=8490 rows=4346388 fwd_ms=248371.7 eval=0 prior=0
[inst] req=6373376 hits=2020635 fwd=8501 rows=4352020 fwd_ms=248686.7 eval=0 prior=0
[inst] req=6381568 hits=2023243 fwd=8512 rows=4357652 fwd_ms=249002.2 eval=0 prior=0
[inst] req=6389760 hits=2025962 fwd=8523 rows=4363284 fwd_ms=249317.6 eval=0 prior=0
[inst] req=6397952 hits=2028496 fwd=8534 rows=4368916 fwd_ms=249632.8 eval=0 prior=0
[inst] req=6406144 hits=2031082 fwd=8545 rows=4374548 fwd_ms=249948.1 eval=0 prior=0
[inst] req=6414336 hits=2033669 fwd=8555 rows=4379668 fwd_ms=250234.8 eval=0 prior=0
[inst] req=6422528 hits=2036241 fwd=8566 rows=4385300 fwd_ms=250550.4 eval=0 prior=0
[inst] req=6430720 hits=2038919 fwd=8577 rows=4390932 fwd_ms=250865.8 eval=0 prior=0
[inst] req=6438912 hits=2041428 fwd=8588 rows=4396564 fwd_ms=251181.0 eval=0 prior=0
[inst] req=6447104 hits=2043935 fwd=8599 rows=4402196 fwd_ms=251496.3 eval=0 prior=0
[inst] req=6455296 hits=2046362 fwd=8611 rows=4408340 fwd_ms=251840.4 eval=0 prior=0
[inst] req=6463488 hits=2049039 fwd=8621 rows=4413460 fwd_ms=252127.2 eval=0 prior=0
[inst] req=6471680 hits=2051931 fwd=8632 rows=4419092 fwd_ms=252442.7 eval=0 prior=0
[inst] req=6479872 hits=2054528 fwd=8643 rows=4424724 fwd_ms=252760.0 eval=0 prior=0
[inst] req=6488064 hits=2057202 fwd=8653 rows=4429844 fwd_ms=253046.7 eval=0 prior=0
[inst] req=6496256 hits=2059759 fwd=8664 rows=4435476 fwd_ms=253362.1 eval=0 prior=0
[inst] req=6504448 hits=2062346 fwd=8675 rows=4441108 fwd_ms=253677.6 eval=0 prior=0
[inst] req=6512640 hits=2064862 fwd=8687 rows=4447252 fwd_ms=254021.5 eval=0 prior=0
[inst] req=6520832 hits=2067386 fwd=8698 rows=4452884 fwd_ms=254336.7 eval=0 prior=0
[inst] req=6529024 hits=2069961 fwd=8709 rows=4458516 fwd_ms=254652.1 eval=0 prior=0
[inst] req=6537216 hits=2072529 fwd=8720 rows=4464148 fwd_ms=254967.3 eval=0 prior=0
[inst] req=6545408 hits=2075109 fwd=8731 rows=4469780 fwd_ms=255282.5 eval=0 prior=0
[inst] req=6553600 hits=2077758 fwd=8741 rows=4474900 fwd_ms=255569.2 eval=0 prior=0
[inst] req=6561792 hits=2080395 fwd=8752 rows=4480532 fwd_ms=255884.5 eval=0 prior=0
[inst] req=6569984 hits=2082999 fwd=8763 rows=4486164 fwd_ms=256199.8 eval=0 prior=0
[inst] req=6578176 hits=2085477 fwd=8774 rows=4491796 fwd_ms=256515.0 eval=0 prior=0
[inst] req=6586368 hits=2088006 fwd=8785 rows=4497428 fwd_ms=256830.4 eval=0 prior=0
[inst] req=6594560 hits=2090562 fwd=8796 rows=4503060 fwd_ms=257146.0 eval=0 prior=0
[inst] req=6602752 hits=2093131 fwd=8807 rows=4508692 fwd_ms=257461.6 eval=0 prior=0
[inst] req=6610944 hits=2095820 fwd=8818 rows=4514324 fwd_ms=257777.1 eval=0 prior=0
[inst] req=6619136 hits=2098368 fwd=8829 rows=4519956 fwd_ms=258092.6 eval=0 prior=0
[inst] req=6627328 hits=2100996 fwd=8840 rows=4525588 fwd_ms=258408.3 eval=0 prior=0
[inst] req=6635520 hits=2103489 fwd=8851 rows=4531220 fwd_ms=258723.7 eval=0 prior=0
[inst] req=6643712 hits=2106070 fwd=8862 rows=4536852 fwd_ms=259039.1 eval=0 prior=0
[inst] req=6651904 hits=2108581 fwd=8873 rows=4542484 fwd_ms=259354.3 eval=0 prior=0
[inst] req=6660096 hits=2111247 fwd=8884 rows=4548116 fwd_ms=259669.6 eval=0 prior=0
[inst] req=6668288 hits=2113861 fwd=8895 rows=4553748 fwd_ms=259984.9 eval=0 prior=0
[inst] req=6676480 hits=2116459 fwd=8906 rows=4559380 fwd_ms=260299.9 eval=0 prior=0
[inst] req=6684672 hits=2119011 fwd=8917 rows=4565012 fwd_ms=260615.1 eval=0 prior=0
[inst] req=6692864 hits=2121604 fwd=8928 rows=4570644 fwd_ms=260930.6 eval=0 prior=0
[inst] req=6701056 hits=2124158 fwd=8939 rows=4576276 fwd_ms=261245.7 eval=0 prior=0
[inst] req=6709248 hits=2126697 fwd=8950 rows=4581908 fwd_ms=261560.9 eval=0 prior=0
[inst] req=6717440 hits=2129127 fwd=8961 rows=4587540 fwd_ms=261876.0 eval=0 prior=0
[inst] req=6725632 hits=2131692 fwd=8972 rows=4593172 fwd_ms=262191.4 eval=0 prior=0
[inst] req=6733824 hits=2134155 fwd=8983 rows=4598804 fwd_ms=262506.7 eval=0 prior=0
[inst] req=6742016 hits=2136795 fwd=8994 rows=4604436 fwd_ms=262822.1 eval=0 prior=0
[inst] req=6750208 hits=2139278 fwd=9005 rows=4610068 fwd_ms=263137.4 eval=0 prior=0
[inst] req=6758400 hits=2141815 fwd=9016 rows=4615700 fwd_ms=263453.0 eval=0 prior=0
[inst] req=6766592 hits=2144398 fwd=9027 rows=4621332 fwd_ms=263768.5 eval=0 prior=0
[inst] req=6774784 hits=2147036 fwd=9038 rows=4626964 fwd_ms=264084.0 eval=0 prior=0
[inst] req=6782976 hits=2149803 fwd=9049 rows=4632596 fwd_ms=264399.4 eval=0 prior=0
[inst] req=6791168 hits=2152328 fwd=9060 rows=4638228 fwd_ms=264715.0 eval=0 prior=0
[inst] req=6799360 hits=2154951 fwd=9071 rows=4643860 fwd_ms=265030.2 eval=0 prior=0
[inst] req=6807552 hits=2157565 fwd=9081 rows=4648980 fwd_ms=265316.7 eval=0 prior=0
[inst] req=6815744 hits=2160154 fwd=9092 rows=4654612 fwd_ms=265632.1 eval=0 prior=0
[inst] req=6823936 hits=2162777 fwd=9103 rows=4660244 fwd_ms=265947.5 eval=0 prior=0
[inst] req=6832128 hits=2165339 fwd=9114 rows=4665876 fwd_ms=266262.9 eval=0 prior=0
[inst] req=6840320 hits=2167856 fwd=9125 rows=4671508 fwd_ms=266578.2 eval=0 prior=0
[inst] req=6848512 hits=2170426 fwd=9136 rows=4677140 fwd_ms=266893.4 eval=0 prior=0
[inst] req=6856704 hits=2172998 fwd=9147 rows=4682772 fwd_ms=267208.8 eval=0 prior=0
[inst] req=6864896 hits=2175510 fwd=9158 rows=4688404 fwd_ms=267524.0 eval=0 prior=0
[inst] req=6873088 hits=2178002 fwd=9170 rows=4694548 fwd_ms=267867.8 eval=0 prior=0
[inst] req=6881280 hits=2180463 fwd=9181 rows=4700180 fwd_ms=268183.0 eval=0 prior=0
[inst] req=6889472 hits=2182980 fwd=9192 rows=4705812 fwd_ms=268498.3 eval=0 prior=0
[inst] req=6897664 hits=2185629 fwd=9203 rows=4711444 fwd_ms=268813.6 eval=0 prior=0
[inst] req=6905856 hits=2188104 fwd=9214 rows=4717076 fwd_ms=269128.9 eval=0 prior=0
[inst] req=6914048 hits=2190581 fwd=9225 rows=4722708 fwd_ms=269444.2 eval=0 prior=0
[inst] req=6922240 hits=2193020 fwd=9236 rows=4728340 fwd_ms=269759.6 eval=0 prior=0
[inst] req=6930432 hits=2195589 fwd=9247 rows=4733972 fwd_ms=270074.8 eval=0 prior=0
[inst] req=6938624 hits=2198050 fwd=9258 rows=4739604 fwd_ms=270390.1 eval=0 prior=0
[inst] req=6946816 hits=2200586 fwd=9269 rows=4745236 fwd_ms=270705.7 eval=0 prior=0
[inst] req=6955008 hits=2203107 fwd=9281 rows=4751380 fwd_ms=271049.8 eval=0 prior=0
[inst] req=6963200 hits=2205693 fwd=9291 rows=4756500 fwd_ms=271336.5 eval=0 prior=0
[inst] req=6971392 hits=2208267 fwd=9302 rows=4762132 fwd_ms=271651.9 eval=0 prior=0
[inst] req=6979584 hits=2211061 fwd=9313 rows=4767764 fwd_ms=271967.4 eval=0 prior=0
[inst] req=6987776 hits=2213662 fwd=9324 rows=4773396 fwd_ms=272282.6 eval=0 prior=0
[inst] req=6995968 hits=2216238 fwd=9335 rows=4779028 fwd_ms=272597.9 eval=0 prior=0
[inst] req=7004160 hits=2218912 fwd=9346 rows=4784660 fwd_ms=272913.5 eval=0 prior=0
[inst] req=7012352 hits=2221364 fwd=9357 rows=4790292 fwd_ms=273229.1 eval=0 prior=0
[inst] req=7020544 hits=2223827 fwd=9368 rows=4795924 fwd_ms=273544.8 eval=0 prior=0
[inst] req=7028736 hits=2226406 fwd=9379 rows=4801556 fwd_ms=273860.4 eval=0 prior=0
[inst] req=7036928 hits=2228972 fwd=9390 rows=4807188 fwd_ms=274175.8 eval=0 prior=0
[inst] req=7045120 hits=2231502 fwd=9401 rows=4812820 fwd_ms=274491.2 eval=0 prior=0
[inst] req=7053312 hits=2234185 fwd=9412 rows=4818452 fwd_ms=274806.3 eval=0 prior=0
[inst] req=7061504 hits=2236837 fwd=9423 rows=4824084 fwd_ms=275121.6 eval=0 prior=0
[inst] req=7069696 hits=2239439 fwd=9434 rows=4829716 fwd_ms=275437.0 eval=0 prior=0
[inst] req=7077888 hits=2242045 fwd=9444 rows=4834836 fwd_ms=275723.7 eval=0 prior=0
[inst] req=7086080 hits=2244627 fwd=9455 rows=4840468 fwd_ms=276039.1 eval=0 prior=0
[inst] req=7094272 hits=2247287 fwd=9466 rows=4846100 fwd_ms=276354.5 eval=0 prior=0
[inst] req=7102464 hits=2249837 fwd=9477 rows=4851732 fwd_ms=276669.7 eval=0 prior=0
[inst] req=7110656 hits=2252320 fwd=9488 rows=4857364 fwd_ms=276985.3 eval=0 prior=0
[inst] req=7118848 hits=2255067 fwd=9499 rows=4862996 fwd_ms=277301.1 eval=0 prior=0
[inst] req=7127040 hits=2257665 fwd=9510 rows=4868628 fwd_ms=277616.5 eval=0 prior=0
[inst] req=7135232 hits=2260213 fwd=9521 rows=4874260 fwd_ms=277932.0 eval=0 prior=0
[inst] req=7143424 hits=2262708 fwd=9532 rows=4879892 fwd_ms=278247.3 eval=0 prior=0
[inst] req=7151616 hits=2265288 fwd=9543 rows=4885524 fwd_ms=278562.4 eval=0 prior=0
[inst] req=7159808 hits=2267847 fwd=9554 rows=4891156 fwd_ms=278877.8 eval=0 prior=0
[inst] req=7168000 hits=2270447 fwd=9565 rows=4896788 fwd_ms=279193.3 eval=0 prior=0
[inst] req=7176192 hits=2273204 fwd=9576 rows=4902420 fwd_ms=279508.7 eval=0 prior=0
[inst] req=7184384 hits=2275762 fwd=9587 rows=4908052 fwd_ms=279824.2 eval=0 prior=0
[inst] req=7192576 hits=2278288 fwd=9598 rows=4913684 fwd_ms=280139.3 eval=0 prior=0
[inst] req=7200768 hits=2280766 fwd=9609 rows=4919316 fwd_ms=280454.6 eval=0 prior=0
[inst] req=7208960 hits=2283393 fwd=9620 rows=4924948 fwd_ms=280770.3 eval=0 prior=0
[inst] req=7217152 hits=2286095 fwd=9630 rows=4930068 fwd_ms=281057.0 eval=0 prior=0
[inst] req=7225344 hits=2288639 fwd=9641 rows=4935700 fwd_ms=281372.4 eval=0 prior=0
[inst] req=7233536 hits=2291419 fwd=9652 rows=4941332 fwd_ms=281687.8 eval=0 prior=0
[inst] req=7241728 hits=2293981 fwd=9663 rows=4946964 fwd_ms=282003.2 eval=0 prior=0
[inst] req=7249920 hits=2296547 fwd=9674 rows=4952596 fwd_ms=282318.6 eval=0 prior=0
[inst] req=7258112 hits=2299021 fwd=9685 rows=4958228 fwd_ms=282634.1 eval=0 prior=0
[inst] req=7266304 hits=2301569 fwd=9696 rows=4963860 fwd_ms=282949.5 eval=0 prior=0
[inst] req=7274496 hits=2304173 fwd=9707 rows=4969492 fwd_ms=283264.7 eval=0 prior=0
[inst] req=7282688 hits=2306786 fwd=9718 rows=4975124 fwd_ms=283580.0 eval=0 prior=0
[inst] req=7290880 hits=2309449 fwd=9729 rows=4980756 fwd_ms=283895.4 eval=0 prior=0
[inst] req=7299072 hits=2312087 fwd=9740 rows=4986388 fwd_ms=284210.8 eval=0 prior=0
[inst] req=7307264 hits=2314586 fwd=9751 rows=4992020 fwd_ms=284526.2 eval=0 prior=0
[inst] req=7315456 hits=2317229 fwd=9762 rows=4997652 fwd_ms=284841.6 eval=0 prior=0
[inst] req=7323648 hits=2319775 fwd=9773 rows=5003284 fwd_ms=285157.0 eval=0 prior=0
[inst] req=7331840 hits=2322247 fwd=9784 rows=5008916 fwd_ms=285472.4 eval=0 prior=0
[inst] req=7340032 hits=2324806 fwd=9795 rows=5014548 fwd_ms=285787.9 eval=0 prior=0
[inst] req=7348224 hits=2327520 fwd=9806 rows=5020180 fwd_ms=286103.0 eval=0 prior=0
[inst] req=7356416 hits=2330245 fwd=9816 rows=5025300 fwd_ms=286389.7 eval=0 prior=0
[inst] req=7364608 hits=2332803 fwd=9827 rows=5030932 fwd_ms=286704.9 eval=0 prior=0
[inst] req=7372800 hits=2335430 fwd=9838 rows=5036564 fwd_ms=287020.3 eval=0 prior=0
[inst] req=7380992 hits=2337933 fwd=9849 rows=5042196 fwd_ms=287335.6 eval=0 prior=0
[inst] req=7389184 hits=2340543 fwd=9860 rows=5047828 fwd_ms=287651.0 eval=0 prior=0
[inst] req=7397376 hits=2343137 fwd=9871 rows=5053460 fwd_ms=287966.2 eval=0 prior=0
[inst] req=7405568 hits=2345682 fwd=9882 rows=5059092 fwd_ms=288281.4 eval=0 prior=0
[inst] req=7413760 hits=2348237 fwd=9893 rows=5064724 fwd_ms=288596.8 eval=0 prior=0
[inst] req=7421952 hits=2350803 fwd=9904 rows=5070356 fwd_ms=288912.2 eval=0 prior=0
[inst] req=7430144 hits=2353346 fwd=9915 rows=5075988 fwd_ms=289227.4 eval=0 prior=0
[inst] req=7438336 hits=2355866 fwd=9926 rows=5081620 fwd_ms=289542.6 eval=0 prior=0
[inst] req=7446528 hits=2358381 fwd=9937 rows=5087252 fwd_ms=289857.8 eval=0 prior=0
[inst] req=7454720 hits=2360993 fwd=9948 rows=5092884 fwd_ms=290172.9 eval=0 prior=0
[inst] req=7462912 hits=2363633 fwd=9959 rows=5098516 fwd_ms=290488.3 eval=0 prior=0
[inst] req=7471104 hits=2366251 fwd=9970 rows=5104148 fwd_ms=290803.4 eval=0 prior=0
[inst] req=7479296 hits=2368853 fwd=9981 rows=5109780 fwd_ms=291118.6 eval=0 prior=0
[inst] req=7487488 hits=2371398 fwd=9992 rows=5115412 fwd_ms=291434.0 eval=0 prior=0
[inst] req=7495680 hits=2374017 fwd=10003 rows=5121044 fwd_ms=291749.2 eval=0 prior=0
[inst] req=7503872 hits=2376690 fwd=10013 rows=5126164 fwd_ms=292035.7 eval=0 prior=0
[inst] req=7512064 hits=2379321 fwd=10024 rows=5131796 fwd_ms=292351.0 eval=0 prior=0
[inst] req=7520256 hits=2381792 fwd=10036 rows=5137940 fwd_ms=292694.8 eval=0 prior=0
[inst] req=7528448 hits=2384202 fwd=10047 rows=5143572 fwd_ms=293010.2 eval=0 prior=0
[inst] req=7536640 hits=2386730 fwd=10058 rows=5149204 fwd_ms=293325.6 eval=0 prior=0
[inst] req=7544832 hits=2389256 fwd=10069 rows=5154836 fwd_ms=293640.7 eval=0 prior=0
[inst] req=7553024 hits=2391839 fwd=10080 rows=5160468 fwd_ms=293956.1 eval=0 prior=0
[inst] req=7561216 hits=2394362 fwd=10091 rows=5166100 fwd_ms=294271.4 eval=0 prior=0
[inst] req=7569408 hits=2396891 fwd=10102 rows=5171732 fwd_ms=294586.7 eval=0 prior=0
[inst] req=7577600 hits=2399479 fwd=10113 rows=5177364 fwd_ms=294902.2 eval=0 prior=0
[inst] req=7585792 hits=2402213 fwd=10124 rows=5182996 fwd_ms=295217.5 eval=0 prior=0
[inst] req=7593984 hits=2404695 fwd=10135 rows=5188628 fwd_ms=295532.7 eval=0 prior=0
[inst] req=7602176 hits=2407285 fwd=10146 rows=5194260 fwd_ms=295848.1 eval=0 prior=0
[inst] req=7610368 hits=2409805 fwd=10157 rows=5199892 fwd_ms=296163.4 eval=0 prior=0
[inst] req=7618560 hits=2412262 fwd=10168 rows=5205524 fwd_ms=296478.6 eval=0 prior=0
[inst] req=7626752 hits=2414726 fwd=10179 rows=5211156 fwd_ms=296793.9 eval=0 prior=0
[inst] req=7634944 hits=2417255 fwd=10190 rows=5216788 fwd_ms=297109.2 eval=0 prior=0
[inst] req=7643136 hits=2419784 fwd=10201 rows=5222420 fwd_ms=297424.4 eval=0 prior=0
[inst] req=7651328 hits=2422454 fwd=10212 rows=5228052 fwd_ms=297739.5 eval=0 prior=0
[inst] req=7659520 hits=2425009 fwd=10223 rows=5233684 fwd_ms=298054.4 eval=0 prior=0
[inst] req=7667712 hits=2427579 fwd=10234 rows=5239316 fwd_ms=298369.6 eval=0 prior=0
[inst] req=7675904 hits=2430166 fwd=10245 rows=5244948 fwd_ms=298684.8 eval=0 prior=0
[inst] req=7684096 hits=2432717 fwd=10256 rows=5250580 fwd_ms=298999.8 eval=0 prior=0
[inst] req=7692288 hits=2435200 fwd=10267 rows=5256212 fwd_ms=299315.0 eval=0 prior=0
[inst] req=7700480 hits=2437763 fwd=10278 rows=5261844 fwd_ms=299629.9 eval=0 prior=0
[inst] req=7708672 hits=2440383 fwd=10289 rows=5267476 fwd_ms=299944.9 eval=0 prior=0
[inst] req=7716864 hits=2442965 fwd=10300 rows=5273108 fwd_ms=300259.9 eval=0 prior=0
[inst] req=7725056 hits=2445470 fwd=10311 rows=5278740 fwd_ms=300574.9 eval=0 prior=0
[inst] req=7733248 hits=2448029 fwd=10322 rows=5284372 fwd_ms=300890.0 eval=0 prior=0
[inst] req=7741440 hits=2450610 fwd=10333 rows=5290004 fwd_ms=301205.0 eval=0 prior=0
[inst] req=7749632 hits=2453337 fwd=10344 rows=5295636 fwd_ms=301520.0 eval=0 prior=0
[inst] req=7757824 hits=2456087 fwd=10354 rows=5300756 fwd_ms=301806.4 eval=0 prior=0
[inst] req=7766016 hits=2458735 fwd=10365 rows=5306388 fwd_ms=302121.3 eval=0 prior=0
[inst] req=7774208 hits=2461265 fwd=10376 rows=5312020 fwd_ms=302436.3 eval=0 prior=0
[inst] req=7782400 hits=2463895 fwd=10387 rows=5317652 fwd_ms=302751.3 eval=0 prior=0
[inst] req=7790592 hits=2466612 fwd=10398 rows=5323284 fwd_ms=303066.3 eval=0 prior=0
[inst] req=7798784 hits=2469177 fwd=10409 rows=5328916 fwd_ms=303381.2 eval=0 prior=0
[inst] req=7806976 hits=2471800 fwd=10420 rows=5334548 fwd_ms=303696.1 eval=0 prior=0
[inst] req=7815168 hits=2474395 fwd=10431 rows=5340180 fwd_ms=304010.9 eval=0 prior=0
[inst] req=7823360 hits=2477013 fwd=10442 rows=5345812 fwd_ms=304326.0 eval=0 prior=0
[inst] req=7831552 hits=2479539 fwd=10453 rows=5351444 fwd_ms=304641.0 eval=0 prior=0
[inst] req=7839744 hits=2482233 fwd=10463 rows=5356564 fwd_ms=304927.3 eval=0 prior=0
[inst] req=7847936 hits=2484831 fwd=10474 rows=5362196 fwd_ms=305242.0 eval=0 prior=0
[inst] req=7856128 hits=2487476 fwd=10485 rows=5367828 fwd_ms=305556.8 eval=0 prior=0
[inst] req=7864320 hits=2490131 fwd=10496 rows=5373460 fwd_ms=305871.8 eval=0 prior=0
[inst] req=7872512 hits=2492683 fwd=10507 rows=5379092 fwd_ms=306186.8 eval=0 prior=0
[inst] req=7880704 hits=2495201 fwd=10518 rows=5384724 fwd_ms=306501.7 eval=0 prior=0
[inst] req=7888896 hits=2497672 fwd=10529 rows=5390356 fwd_ms=306816.6 eval=0 prior=0
[inst] req=7897088 hits=2500201 fwd=10540 rows=5395988 fwd_ms=307131.8 eval=0 prior=0
[inst] req=7905280 hits=2502782 fwd=10551 rows=5401620 fwd_ms=307446.7 eval=0 prior=0
[inst] req=7913472 hits=2505373 fwd=10562 rows=5407252 fwd_ms=307761.5 eval=0 prior=0
[inst] req=7921664 hits=2507866 fwd=10573 rows=5412884 fwd_ms=308076.4 eval=0 prior=0
[inst] req=7929856 hits=2510394 fwd=10584 rows=5418516 fwd_ms=308391.4 eval=0 prior=0
[inst] req=7938048 hits=2512930 fwd=10595 rows=5424148 fwd_ms=308706.3 eval=0 prior=0
[inst] req=7946240 hits=2515561 fwd=10606 rows=5429780 fwd_ms=309021.2 eval=0 prior=0
[inst] req=7954432 hits=2518108 fwd=10617 rows=5435412 fwd_ms=309336.2 eval=0 prior=0
[inst] req=7962624 hits=2520699 fwd=10628 rows=5441044 fwd_ms=309651.2 eval=0 prior=0
[inst] req=7970816 hits=2523319 fwd=10639 rows=5446676 fwd_ms=309966.2 eval=0 prior=0
[inst] req=7979008 hits=2526026 fwd=10650 rows=5452308 fwd_ms=310281.3 eval=0 prior=0
[inst] req=7987200 hits=2528575 fwd=10661 rows=5457940 fwd_ms=310596.4 eval=0 prior=0
[inst] req=7995392 hits=2531165 fwd=10672 rows=5463572 fwd_ms=310911.3 eval=0 prior=0
[inst] req=8003584 hits=2533701 fwd=10683 rows=5469204 fwd_ms=311226.3 eval=0 prior=0
[inst] req=8011776 hits=2536250 fwd=10694 rows=5474836 fwd_ms=311541.3 eval=0 prior=0
[inst] req=8019968 hits=2538745 fwd=10705 rows=5480468 fwd_ms=311856.3 eval=0 prior=0
[inst] req=8028160 hits=2541358 fwd=10716 rows=5486100 fwd_ms=312171.3 eval=0 prior=0
[inst] req=8036352 hits=2543987 fwd=10727 rows=5491732 fwd_ms=312486.1 eval=0 prior=0
[inst] req=8044544 hits=2546566 fwd=10738 rows=5497364 fwd_ms=312801.1 eval=0 prior=0
[inst] req=8052736 hits=2549184 fwd=10749 rows=5502996 fwd_ms=313116.1 eval=0 prior=0
[inst] req=8060928 hits=2551856 fwd=10759 rows=5508116 fwd_ms=313402.4 eval=0 prior=0
[inst] req=8069120 hits=2554401 fwd=10770 rows=5513748 fwd_ms=313717.5 eval=0 prior=0
[inst] req=8077312 hits=2556893 fwd=10782 rows=5519892 fwd_ms=314061.9 eval=0 prior=0
[inst] req=8085504 hits=2559497 fwd=10792 rows=5525012 fwd_ms=314348.7 eval=0 prior=0
[inst] req=8093696 hits=2562177 fwd=10803 rows=5530644 fwd_ms=314753.4 eval=0 prior=0
[inst] req=8101888 hits=2564921 fwd=10814 rows=5536276 fwd_ms=315239.2 eval=0 prior=0
[inst] req=8110080 hits=2567577 fwd=10825 rows=5541908 fwd_ms=316071.5 eval=0 prior=0
[inst] req=8118272 hits=2570228 fwd=10835 rows=5547028 fwd_ms=316871.5 eval=0 prior=0
[inst] req=8126464 hits=2572754 fwd=10847 rows=5553172 fwd_ms=317850.5 eval=0 prior=0
[inst] req=8134656 hits=2575289 fwd=10858 rows=5558804 fwd_ms=318674.2 eval=0 prior=0
[inst] req=8142848 hits=2577997 fwd=10868 rows=5563924 fwd_ms=319348.7 eval=0 prior=0
[inst] req=8151040 hits=2580657 fwd=10879 rows=5569556 fwd_ms=320285.6 eval=0 prior=0
[inst] req=8159232 hits=2583210 fwd=10890 rows=5575188 fwd_ms=320770.8 eval=0 prior=0
[inst] req=8167424 hits=2585737 fwd=10901 rows=5580820 fwd_ms=321089.4 eval=0 prior=0
[inst] req=8175616 hits=2587380 fwd=10914 rows=5587476 fwd_ms=321474.9 eval=0 prior=0
[inst] req=8183808 hits=2587580 fwd=10930 rows=5595668 fwd_ms=321931.8 eval=0 prior=0
[inst] req=8192000 hits=2587903 fwd=10945 rows=5603348 fwd_ms=322360.0 eval=0 prior=0
[inst] req=8200192 hits=2588385 fwd=10960 rows=5611028 fwd_ms=322788.2 eval=0 prior=0
[inst] req=8208384 hits=2589144 fwd=10975 rows=5618708 fwd_ms=323216.2 eval=0 prior=0
[inst] req=8216576 hits=2590299 fwd=10988 rows=5625364 fwd_ms=323587.3 eval=0 prior=0
[inst] req=8224768 hits=2591890 fwd=11001 rows=5632020 fwd_ms=323958.4 eval=0 prior=0
[inst] req=8232960 hits=2593851 fwd=11013 rows=5638164 fwd_ms=324300.6 eval=0 prior=0
[inst] req=8241152 hits=2596084 fwd=11025 rows=5644308 fwd_ms=324643.0 eval=0 prior=0
[inst] req=8249344 hits=2598533 fwd=11036 rows=5649940 fwd_ms=324958.1 eval=0 prior=0
[inst] req=8257536 hits=2600841 fwd=11048 rows=5656084 fwd_ms=325300.4 eval=0 prior=0
[inst] req=8265728 hits=2603224 fwd=11059 rows=5661716 fwd_ms=325614.2 eval=0 prior=0
[inst] req=8273920 hits=2605615 fwd=11070 rows=5667348 fwd_ms=325927.8 eval=0 prior=0
[inst] req=8282112 hits=2608029 fwd=11082 rows=5673492 fwd_ms=326270.1 eval=0 prior=0
[inst] req=8290304 hits=2610462 fwd=11093 rows=5679124 fwd_ms=326583.7 eval=0 prior=0
[inst] req=8298496 hits=2612968 fwd=11104 rows=5684756 fwd_ms=326897.2 eval=0 prior=0
[inst] req=8306688 hits=2615524 fwd=11115 rows=5690388 fwd_ms=327210.8 eval=0 prior=0
[inst] req=8314880 hits=2618137 fwd=11126 rows=5696020 fwd_ms=327524.4 eval=0 prior=0
[inst] req=8323072 hits=2620825 fwd=11137 rows=5701652 fwd_ms=327838.1 eval=0 prior=0
[inst] req=8331264 hits=2623709 fwd=11147 rows=5706772 fwd_ms=328123.2 eval=0 prior=0
[inst] req=8339456 hits=2626371 fwd=11158 rows=5712404 fwd_ms=328436.9 eval=0 prior=0
[inst] req=8347648 hits=2628841 fwd=11169 rows=5718036 fwd_ms=328750.5 eval=0 prior=0
[inst] req=8355840 hits=2631241 fwd=11180 rows=5723668 fwd_ms=329064.1 eval=0 prior=0
[inst] req=8364032 hits=2633626 fwd=11192 rows=5729812 fwd_ms=329406.0 eval=0 prior=0
[inst] req=8372224 hits=2635949 fwd=11203 rows=5735444 fwd_ms=329719.4 eval=0 prior=0
[inst] req=8380416 hits=2638402 fwd=11214 rows=5741076 fwd_ms=330032.6 eval=0 prior=0
[inst] req=8388608 hits=2640938 fwd=11225 rows=5746708 fwd_ms=330346.2 eval=0 prior=0
[inst] req=8396800 hits=2643464 fwd=11236 rows=5752340 fwd_ms=330659.5 eval=0 prior=0
[inst] req=8404992 hits=2646135 fwd=11247 rows=5757972 fwd_ms=330972.7 eval=0 prior=0
[inst] req=8413184 hits=2648843 fwd=11258 rows=5763604 fwd_ms=331286.0 eval=0 prior=0
[inst] req=8421376 hits=2651602 fwd=11269 rows=5769236 fwd_ms=331599.2 eval=0 prior=0
[inst] req=8429568 hits=2654188 fwd=11279 rows=5774356 fwd_ms=331884.1 eval=0 prior=0
[inst] req=8437760 hits=2656675 fwd=11291 rows=5780500 fwd_ms=332225.9 eval=0 prior=0
[inst] req=8445952 hits=2659081 fwd=11302 rows=5786132 fwd_ms=332539.3 eval=0 prior=0
[inst] req=8454144 hits=2661407 fwd=11313 rows=5791764 fwd_ms=332852.6 eval=0 prior=0
[inst] req=8462336 hits=2663840 fwd=11325 rows=5797908 fwd_ms=333194.5 eval=0 prior=0
[inst] req=8470528 hits=2666422 fwd=11336 rows=5803540 fwd_ms=333507.7 eval=0 prior=0
[inst] req=8478720 hits=2669026 fwd=11347 rows=5809172 fwd_ms=333820.9 eval=0 prior=0
[inst] req=8486912 hits=2671661 fwd=11357 rows=5814292 fwd_ms=334105.6 eval=0 prior=0
[inst] req=8495104 hits=2674454 fwd=11368 rows=5819924 fwd_ms=334418.9 eval=0 prior=0
[inst] req=8503296 hits=2677230 fwd=11378 rows=5825044 fwd_ms=334703.6 eval=0 prior=0
[inst] req=8511488 hits=2680028 fwd=11389 rows=5830676 fwd_ms=335017.0 eval=0 prior=0
[inst] req=8519680 hits=2682611 fwd=11400 rows=5836308 fwd_ms=335330.0 eval=0 prior=0
[inst] req=8527872 hits=2685108 fwd=11411 rows=5841940 fwd_ms=335643.0 eval=0 prior=0
[inst] req=8536064 hits=2687578 fwd=11422 rows=5847572 fwd_ms=335956.2 eval=0 prior=0
[inst] req=8544256 hits=2690187 fwd=11433 rows=5853204 fwd_ms=336269.5 eval=0 prior=0
[inst] req=8552448 hits=2692820 fwd=11444 rows=5858836 fwd_ms=336582.9 eval=0 prior=0
[inst] req=8560640 hits=2695332 fwd=11455 rows=5864468 fwd_ms=336896.3 eval=0 prior=0
[inst] req=8568832 hits=2698109 fwd=11466 rows=5870100 fwd_ms=337209.9 eval=0 prior=0
[inst] req=8577024 hits=2700805 fwd=11476 rows=5875220 fwd_ms=337495.0 eval=0 prior=0
[inst] req=8585216 hits=2703479 fwd=11487 rows=5880852 fwd_ms=337808.5 eval=0 prior=0
[inst] req=8593408 hits=2706267 fwd=11498 rows=5886484 fwd_ms=338122.0 eval=0 prior=0
[inst] req=8601600 hits=2708960 fwd=11509 rows=5892116 fwd_ms=338435.4 eval=0 prior=0
[inst] req=8609792 hits=2711722 fwd=11519 rows=5897236 fwd_ms=338720.5 eval=0 prior=0
[inst] req=8617984 hits=2714247 fwd=11530 rows=5902868 fwd_ms=339034.0 eval=0 prior=0
[inst] req=8626176 hits=2716661 fwd=11541 rows=5908500 fwd_ms=339347.3 eval=0 prior=0
[inst] req=8634368 hits=2719024 fwd=11553 rows=5914644 fwd_ms=339689.3 eval=0 prior=0
[inst] req=8642560 hits=2721523 fwd=11564 rows=5920276 fwd_ms=340002.7 eval=0 prior=0
[inst] req=8650752 hits=2724162 fwd=11575 rows=5925908 fwd_ms=340316.1 eval=0 prior=0
[inst] req=8658944 hits=2726789 fwd=11586 rows=5931540 fwd_ms=340629.7 eval=0 prior=0
[inst] req=8667136 hits=2729579 fwd=11596 rows=5936660 fwd_ms=340914.9 eval=0 prior=0
[inst] req=8675328 hits=2732410 fwd=11607 rows=5942292 fwd_ms=341228.3 eval=0 prior=0
[inst] req=8683520 hits=2735208 fwd=11617 rows=5947412 fwd_ms=341513.3 eval=0 prior=0
[inst] req=8691712 hits=2737710 fwd=11628 rows=5953044 fwd_ms=341827.0 eval=0 prior=0
[inst] req=8699904 hits=2740263 fwd=11639 rows=5958676 fwd_ms=342140.5 eval=0 prior=0
[inst] req=8708096 hits=2742665 fwd=11651 rows=5964820 fwd_ms=342482.5 eval=0 prior=0
[inst] req=8716288 hits=2745143 fwd=11662 rows=5970452 fwd_ms=342796.0 eval=0 prior=0
[inst] req=8724480 hits=2747554 fwd=11673 rows=5976084 fwd_ms=343109.4 eval=0 prior=0
[inst] req=8732672 hits=2750089 fwd=11684 rows=5981716 fwd_ms=343422.7 eval=0 prior=0
[inst] req=8740864 hits=2752706 fwd=11695 rows=5987348 fwd_ms=343735.8 eval=0 prior=0
[inst] req=8749056 hits=2755345 fwd=11706 rows=5992980 fwd_ms=344049.1 eval=0 prior=0
[inst] req=8757248 hits=2758232 fwd=11716 rows=5998100 fwd_ms=344333.4 eval=0 prior=0
[inst] req=8765440 hits=2760963 fwd=11727 rows=6003732 fwd_ms=344645.9 eval=0 prior=0
[inst] req=8773632 hits=2763824 fwd=11737 rows=6008852 fwd_ms=344930.5 eval=0 prior=0
[inst] req=8781824 hits=2766462 fwd=11748 rows=6014484 fwd_ms=345244.1 eval=0 prior=0
[inst] req=8790016 hits=2768955 fwd=11759 rows=6020116 fwd_ms=345557.6 eval=0 prior=0
[inst] req=8798208 hits=2771483 fwd=11770 rows=6025748 fwd_ms=345871.0 eval=0 prior=0
[inst] req=8806400 hits=2774028 fwd=11781 rows=6031380 fwd_ms=346184.7 eval=0 prior=0
[inst] req=8814592 hits=2776493 fwd=11793 rows=6037524 fwd_ms=346527.0 eval=0 prior=0
[inst] req=8822784 hits=2779018 fwd=11804 rows=6043156 fwd_ms=346840.8 eval=0 prior=0
[inst] req=8830976 hits=2781657 fwd=11815 rows=6048788 fwd_ms=347155.7 eval=0 prior=0
[inst] req=8839168 hits=2784309 fwd=11825 rows=6053908 fwd_ms=347442.1 eval=0 prior=0
[inst] req=8847360 hits=2786992 fwd=11836 rows=6059540 fwd_ms=347757.2 eval=0 prior=0
[inst] req=8855552 hits=2789745 fwd=11847 rows=6065172 fwd_ms=348072.2 eval=0 prior=0
[inst] req=8863744 hits=2792518 fwd=11857 rows=6070292 fwd_ms=348357.2 eval=0 prior=0
[inst] req=8871936 hits=2795101 fwd=11868 rows=6075924 fwd_ms=348670.7 eval=0 prior=0
[inst] req=8880128 hits=2797619 fwd=11879 rows=6081556 fwd_ms=348984.0 eval=0 prior=0
[inst] req=8888320 hits=2800164 fwd=11890 rows=6087188 fwd_ms=349297.6 eval=0 prior=0
[inst] req=8896512 hits=2802677 fwd=11901 rows=6092820 fwd_ms=349611.0 eval=0 prior=0
[inst] req=8904704 hits=2805206 fwd=11913 rows=6098964 fwd_ms=349952.9 eval=0 prior=0
[inst] req=8912896 hits=2807861 fwd=11923 rows=6104084 fwd_ms=350238.1 eval=0 prior=0
[inst] req=8921088 hits=2810537 fwd=11934 rows=6109716 fwd_ms=350551.4 eval=0 prior=0
[inst] req=8929280 hits=2813287 fwd=11945 rows=6115348 fwd_ms=350865.0 eval=0 prior=0
[inst] req=8937472 hits=2815909 fwd=11956 rows=6120980 fwd_ms=351178.7 eval=0 prior=0
[inst] req=8945664 hits=2818525 fwd=11967 rows=6126612 fwd_ms=351492.4 eval=0 prior=0
[inst] req=8953856 hits=2821073 fwd=11978 rows=6132244 fwd_ms=351805.8 eval=0 prior=0
[inst] req=8962048 hits=2823520 fwd=11989 rows=6137876 fwd_ms=352119.5 eval=0 prior=0
[inst] req=8970240 hits=2826067 fwd=12000 rows=6143508 fwd_ms=352433.0 eval=0 prior=0
[inst] req=8978432 hits=2828652 fwd=12011 rows=6149140 fwd_ms=352746.3 eval=0 prior=0
[inst] req=8986624 hits=2831240 fwd=12022 rows=6154772 fwd_ms=353059.8 eval=0 prior=0
[inst] req=8994816 hits=2833939 fwd=12032 rows=6159892 fwd_ms=353345.0 eval=0 prior=0
[inst] req=9003008 hits=2836831 fwd=12043 rows=6165524 fwd_ms=353658.7 eval=0 prior=0
[inst] req=9011200 hits=2839493 fwd=12054 rows=6171156 fwd_ms=353972.3 eval=0 prior=0
[inst] req=9019392 hits=2842159 fwd=12064 rows=6176276 fwd_ms=354257.3 eval=0 prior=0
[inst] req=9027584 hits=2844858 fwd=12075 rows=6181908 fwd_ms=354571.0 eval=0 prior=0
[inst] req=9035776 hits=2847449 fwd=12086 rows=6187540 fwd_ms=354884.7 eval=0 prior=0
[inst] req=9043968 hits=2850065 fwd=12097 rows=6193172 fwd_ms=355198.2 eval=0 prior=0
[inst] req=9052160 hits=2852487 fwd=12108 rows=6198804 fwd_ms=355511.6 eval=0 prior=0
[inst] req=9060352 hits=2854970 fwd=12119 rows=6204436 fwd_ms=355824.9 eval=0 prior=0
[inst] req=9068544 hits=2857508 fwd=12130 rows=6210068 fwd_ms=356138.4 eval=0 prior=0
[inst] req=9076736 hits=2860208 fwd=12141 rows=6215700 fwd_ms=356451.8 eval=0 prior=0
[inst] req=9084928 hits=2862855 fwd=12152 rows=6221332 fwd_ms=356765.4 eval=0 prior=0
[inst] req=9093120 hits=2865519 fwd=12163 rows=6226964 fwd_ms=357079.6 eval=0 prior=0
[inst] req=9101312 hits=2868290 fwd=12173 rows=6232084 fwd_ms=357364.6 eval=0 prior=0
[inst] req=9109504 hits=2871085 fwd=12184 rows=6237716 fwd_ms=357678.2 eval=0 prior=0
[inst] req=9117696 hits=2873683 fwd=12195 rows=6243348 fwd_ms=357991.8 eval=0 prior=0
[inst] req=9125888 hits=2876508 fwd=12205 rows=6248468 fwd_ms=358277.0 eval=0 prior=0
[inst] req=9134080 hits=2879150 fwd=12216 rows=6254100 fwd_ms=358591.6 eval=0 prior=0
[inst] req=9142272 hits=2881704 fwd=12227 rows=6259732 fwd_ms=358906.6 eval=0 prior=0
[inst] req=9150464 hits=2884501 fwd=12238 rows=6265364 fwd_ms=359221.7 eval=0 prior=0
[inst] req=9158656 hits=2887185 fwd=12248 rows=6270484 fwd_ms=359508.0 eval=0 prior=0
[inst] req=9166848 hits=2889846 fwd=12259 rows=6276116 fwd_ms=359823.2 eval=0 prior=0
[inst] req=9175040 hits=2892510 fwd=12270 rows=6281748 fwd_ms=360138.2 eval=0 prior=0
[inst] req=9183232 hits=2895087 fwd=12281 rows=6287380 fwd_ms=360453.3 eval=0 prior=0
[inst] req=9191424 hits=2897878 fwd=12292 rows=6293012 fwd_ms=360768.2 eval=0 prior=0
[inst] req=9199616 hits=2900461 fwd=12302 rows=6298132 fwd_ms=361054.7 eval=0 prior=0
[inst] req=9207808 hits=2902945 fwd=12314 rows=6304276 fwd_ms=361398.2 eval=0 prior=0
[inst] req=9216000 hits=2905665 fwd=12324 rows=6309396 fwd_ms=361684.6 eval=0 prior=0
[inst] req=9224192 hits=2908307 fwd=12335 rows=6315028 fwd_ms=361999.5 eval=0 prior=0
[inst] req=9232384 hits=2910878 fwd=12346 rows=6320660 fwd_ms=362314.3 eval=0 prior=0
[inst] req=9240576 hits=2913381 fwd=12357 rows=6326292 fwd_ms=362629.0 eval=0 prior=0
[inst] req=9248768 hits=2915949 fwd=12368 rows=6331924 fwd_ms=362944.0 eval=0 prior=0
[inst] req=9256960 hits=2918595 fwd=12379 rows=6337556 fwd_ms=363258.9 eval=0 prior=0
[inst] req=9265152 hits=2921216 fwd=12390 rows=6343188 fwd_ms=363574.1 eval=0 prior=0
[inst] req=9273344 hits=2923930 fwd=12401 rows=6348820 fwd_ms=363889.1 eval=0 prior=0
[inst] req=9281536 hits=2926620 fwd=12411 rows=6353940 fwd_ms=364175.6 eval=0 prior=0
[inst] req=9289728 hits=2929218 fwd=12422 rows=6359572 fwd_ms=364490.6 eval=0 prior=0
[inst] req=9297920 hits=2931774 fwd=12433 rows=6365204 fwd_ms=364805.7 eval=0 prior=0
[inst] req=9306112 hits=2934281 fwd=12444 rows=6370836 fwd_ms=365120.6 eval=0 prior=0
[inst] req=9314304 hits=2936729 fwd=12456 rows=6376980 fwd_ms=365464.3 eval=0 prior=0
[inst] req=9322496 hits=2939303 fwd=12467 rows=6382612 fwd_ms=365779.2 eval=0 prior=0
[inst] req=9330688 hits=2941849 fwd=12478 rows=6388244 fwd_ms=366094.1 eval=0 prior=0
[inst] req=9338880 hits=2944570 fwd=12488 rows=6393364 fwd_ms=366380.4 eval=0 prior=0
[inst] req=9347072 hits=2947119 fwd=12499 rows=6398996 fwd_ms=366695.3 eval=0 prior=0
[inst] req=9355264 hits=2949908 fwd=12510 rows=6404628 fwd_ms=367010.3 eval=0 prior=0
[inst] req=9363456 hits=2952533 fwd=12521 rows=6410260 fwd_ms=367325.2 eval=0 prior=0
[inst] req=9371648 hits=2955102 fwd=12532 rows=6415892 fwd_ms=367640.1 eval=0 prior=0
[inst] req=9379840 hits=2957778 fwd=12543 rows=6421524 fwd_ms=367955.1 eval=0 prior=0
[inst] req=9388032 hits=2960434 fwd=12553 rows=6426644 fwd_ms=368241.4 eval=0 prior=0
[inst] req=9396224 hits=2962957 fwd=12564 rows=6432276 fwd_ms=368556.1 eval=0 prior=0
[inst] req=9404416 hits=2965520 fwd=12575 rows=6437908 fwd_ms=368871.3 eval=0 prior=0
[inst] req=9412608 hits=2968207 fwd=12586 rows=6443540 fwd_ms=369186.4 eval=0 prior=0
[inst] req=9420800 hits=2970715 fwd=12597 rows=6449172 fwd_ms=369501.7 eval=0 prior=0
[inst] req=9428992 hits=2973466 fwd=12608 rows=6454804 fwd_ms=369816.9 eval=0 prior=0
[inst] req=9437184 hits=2976169 fwd=12619 rows=6460436 fwd_ms=370132.2 eval=0 prior=0
[inst] req=9445376 hits=2978955 fwd=12629 rows=6465556 fwd_ms=370418.5 eval=0 prior=0
[inst] req=9453568 hits=2981630 fwd=12640 rows=6471188 fwd_ms=370733.5 eval=0 prior=0
[inst] req=9461760 hits=2984407 fwd=12651 rows=6476820 fwd_ms=371048.6 eval=0 prior=0
[inst] req=9469952 hits=2987142 fwd=12661 rows=6481940 fwd_ms=371334.8 eval=0 prior=0
[inst] req=9478144 hits=2989651 fwd=12672 rows=6487572 fwd_ms=371649.7 eval=0 prior=0
[inst] req=9486336 hits=2992186 fwd=12683 rows=6493204 fwd_ms=371964.6 eval=0 prior=0
[inst] req=9494528 hits=2994686 fwd=12694 rows=6498836 fwd_ms=372279.4 eval=0 prior=0
[inst] req=9502720 hits=2997275 fwd=12705 rows=6504468 fwd_ms=372594.4 eval=0 prior=0
[inst] req=9510912 hits=2999805 fwd=12716 rows=6510100 fwd_ms=372909.5 eval=0 prior=0
[inst] req=9519104 hits=3002506 fwd=12727 rows=6515732 fwd_ms=373224.5 eval=0 prior=0
[inst] req=9527296 hits=3005177 fwd=12738 rows=6521364 fwd_ms=373539.2 eval=0 prior=0
[inst] req=9535488 hits=3007777 fwd=12749 rows=6526996 fwd_ms=373854.3 eval=0 prior=0
[inst] req=9543680 hits=3010372 fwd=12760 rows=6532628 fwd_ms=374169.2 eval=0 prior=0
[inst] req=9551872 hits=3012962 fwd=12771 rows=6538260 fwd_ms=374484.0 eval=0 prior=0
[inst] req=9560064 hits=3015717 fwd=12781 rows=6543380 fwd_ms=374770.4 eval=0 prior=0
[inst] req=9568256 hits=3018394 fwd=12792 rows=6549012 fwd_ms=375085.6 eval=0 prior=0
[inst] req=9576448 hits=3020958 fwd=12803 rows=6554644 fwd_ms=375400.7 eval=0 prior=0
[inst] req=9584640 hits=3023533 fwd=12814 rows=6560276 fwd_ms=375715.7 eval=0 prior=0
[inst] req=9592832 hits=3026051 fwd=12825 rows=6565908 fwd_ms=376030.5 eval=0 prior=0
[inst] req=9601024 hits=3028636 fwd=12836 rows=6571540 fwd_ms=376345.4 eval=0 prior=0
[inst] req=9609216 hits=3031315 fwd=12847 rows=6577172 fwd_ms=376660.4 eval=0 prior=0
[inst] req=9617408 hits=3033912 fwd=12858 rows=6582804 fwd_ms=376975.6 eval=0 prior=0
[inst] req=9625600 hits=3036502 fwd=12869 rows=6588436 fwd_ms=377290.6 eval=0 prior=0
[inst] req=9633792 hits=3039133 fwd=12880 rows=6594068 fwd_ms=377605.6 eval=0 prior=0
[inst] req=9641984 hits=3041741 fwd=12891 rows=6599700 fwd_ms=377920.6 eval=0 prior=0
[inst] req=9650176 hits=3044297 fwd=12902 rows=6605332 fwd_ms=378235.3 eval=0 prior=0
[inst] req=9658368 hits=3046854 fwd=12913 rows=6610964 fwd_ms=378550.2 eval=0 prior=0
[inst] req=9666560 hits=3049382 fwd=12924 rows=6616596 fwd_ms=378865.0 eval=0 prior=0
[inst] req=9674752 hits=3051974 fwd=12935 rows=6622228 fwd_ms=379179.9 eval=0 prior=0
[inst] req=9682944 hits=3054554 fwd=12946 rows=6627860 fwd_ms=379494.8 eval=0 prior=0
[inst] req=9691136 hits=3057133 fwd=12956 rows=6632980 fwd_ms=379781.1 eval=0 prior=0
[inst] req=9699328 hits=3059799 fwd=12967 rows=6638612 fwd_ms=380096.0 eval=0 prior=0
[inst] req=9707520 hits=3062400 fwd=12978 rows=6644244 fwd_ms=380410.7 eval=0 prior=0
[inst] req=9715712 hits=3065029 fwd=12989 rows=6649876 fwd_ms=380725.5 eval=0 prior=0
[inst] req=9723904 hits=3067658 fwd=13000 rows=6655508 fwd_ms=381040.4 eval=0 prior=0
[inst] req=9732096 hits=3070213 fwd=13011 rows=6661140 fwd_ms=381355.3 eval=0 prior=0
[inst] req=9740288 hits=3072726 fwd=13022 rows=6666772 fwd_ms=381669.1 eval=0 prior=0
[inst] req=9748480 hits=3075259 fwd=13033 rows=6672404 fwd_ms=381982.6 eval=0 prior=0
[inst] req=9756672 hits=3077981 fwd=13044 rows=6678036 fwd_ms=382296.1 eval=0 prior=0
[inst] req=9764864 hits=3080718 fwd=13054 rows=6683156 fwd_ms=382581.1 eval=0 prior=0
[inst] req=9773056 hits=3083330 fwd=13065 rows=6688788 fwd_ms=382894.5 eval=0 prior=0
[inst] req=9781248 hits=3086019 fwd=13076 rows=6694420 fwd_ms=383208.0 eval=0 prior=0
[inst] req=9789440 hits=3088590 fwd=13087 rows=6700052 fwd_ms=383521.5 eval=0 prior=0
[inst] req=9797632 hits=3091181 fwd=13098 rows=6705684 fwd_ms=383834.8 eval=0 prior=0
[inst] req=9805824 hits=3093922 fwd=13109 rows=6711316 fwd_ms=384148.1 eval=0 prior=0
[inst] req=9814016 hits=3096553 fwd=13120 rows=6716948 fwd_ms=384461.6 eval=0 prior=0
[inst] req=9822208 hits=3099230 fwd=13130 rows=6722068 fwd_ms=384746.6 eval=0 prior=0
[inst] req=9830400 hits=3101804 fwd=13141 rows=6727700 fwd_ms=385060.4 eval=0 prior=0
[inst] req=9838592 hits=3104415 fwd=13152 rows=6733332 fwd_ms=385373.9 eval=0 prior=0
[inst] req=9846784 hits=3107111 fwd=13163 rows=6738964 fwd_ms=385687.4 eval=0 prior=0
[inst] req=9854976 hits=3109817 fwd=13174 rows=6744596 fwd_ms=386000.8 eval=0 prior=0
[inst] req=9863168 hits=3112468 fwd=13184 rows=6749716 fwd_ms=386285.5 eval=0 prior=0
[inst] req=9871360 hits=3115162 fwd=13195 rows=6755348 fwd_ms=386599.0 eval=0 prior=0
[inst] req=9879552 hits=3117865 fwd=13206 rows=6760980 fwd_ms=386912.3 eval=0 prior=0
[inst] req=9887744 hits=3120577 fwd=13217 rows=6766612 fwd_ms=387225.6 eval=0 prior=0
[inst] req=9895936 hits=3123333 fwd=13227 rows=6771732 fwd_ms=387510.8 eval=0 prior=0
[inst] req=9904128 hits=3125965 fwd=13238 rows=6777364 fwd_ms=387824.3 eval=0 prior=0
[inst] req=9912320 hits=3128490 fwd=13249 rows=6782996 fwd_ms=388137.7 eval=0 prior=0
[inst] req=9920512 hits=3131055 fwd=13260 rows=6788628 fwd_ms=388451.2 eval=0 prior=0
[inst] req=9928704 hits=3133642 fwd=13271 rows=6794260 fwd_ms=388764.7 eval=0 prior=0
[inst] req=9936896 hits=3136361 fwd=13282 rows=6799892 fwd_ms=389078.2 eval=0 prior=0
[inst] req=9945088 hits=3139067 fwd=13292 rows=6805012 fwd_ms=389363.1 eval=0 prior=0
[inst] req=9953280 hits=3141627 fwd=13303 rows=6810644 fwd_ms=389676.5 eval=0 prior=0
[inst] req=9961472 hits=3144185 fwd=13314 rows=6816276 fwd_ms=389989.9 eval=0 prior=0
[inst] req=9969664 hits=3146869 fwd=13325 rows=6821908 fwd_ms=390303.5 eval=0 prior=0
[inst] req=9977856 hits=3149512 fwd=13336 rows=6827540 fwd_ms=390616.9 eval=0 prior=0
[inst] req=9986048 hits=3152170 fwd=13347 rows=6833172 fwd_ms=390930.5 eval=0 prior=0
[inst] req=9994240 hits=3154797 fwd=13358 rows=6838804 fwd_ms=391244.0 eval=0 prior=0
[inst] req=10002432 hits=3157292 fwd=13369 rows=6844436 fwd_ms=391557.5 eval=0 prior=0
[inst] req=10010624 hits=3159857 fwd=13380 rows=6850068 fwd_ms=391871.1 eval=0 prior=0
[inst] req=10018816 hits=3162474 fwd=13391 rows=6855700 fwd_ms=392184.5 eval=0 prior=0
[inst] req=10027008 hits=3165090 fwd=13402 rows=6861332 fwd_ms=392497.9 eval=0 prior=0
[inst] req=10035200 hits=3167737 fwd=13412 rows=6866452 fwd_ms=392782.8 eval=0 prior=0
[inst] req=10043392 hits=3170364 fwd=13423 rows=6872084 fwd_ms=393096.3 eval=0 prior=0
[inst] req=10051584 hits=3172953 fwd=13434 rows=6877716 fwd_ms=393409.7 eval=0 prior=0
[inst] req=10059776 hits=3175605 fwd=13445 rows=6883348 fwd_ms=393723.3 eval=0 prior=0
[inst] req=10067968 hits=3178318 fwd=13456 rows=6888980 fwd_ms=394036.8 eval=0 prior=0
[inst] req=10076160 hits=3181089 fwd=13466 rows=6894100 fwd_ms=394321.6 eval=0 prior=0
[inst] req=10084352 hits=3183911 fwd=13477 rows=6899732 fwd_ms=394635.0 eval=0 prior=0
[inst] req=10092544 hits=3186471 fwd=13488 rows=6905364 fwd_ms=394948.4 eval=0 prior=0
[inst] req=10100736 hits=3189148 fwd=13499 rows=6910996 fwd_ms=395261.9 eval=0 prior=0
[inst] req=10108928 hits=3191777 fwd=13510 rows=6916628 fwd_ms=395575.6 eval=0 prior=0
[inst] req=10117120 hits=3194539 fwd=13520 rows=6921748 fwd_ms=395860.7 eval=0 prior=0
[inst] req=10125312 hits=3197068 fwd=13531 rows=6927380 fwd_ms=396174.8 eval=0 prior=0
[inst] req=10133504 hits=3199750 fwd=13542 rows=6933012 fwd_ms=396488.6 eval=0 prior=0
[inst] req=10141696 hits=3202434 fwd=13553 rows=6938644 fwd_ms=396802.5 eval=0 prior=0
[inst] req=10149888 hits=3204996 fwd=13564 rows=6944276 fwd_ms=397116.1 eval=0 prior=0
[inst] req=10158080 hits=3207555 fwd=13575 rows=6949908 fwd_ms=397429.6 eval=0 prior=0
[inst] req=10166272 hits=3210259 fwd=13585 rows=6955028 fwd_ms=397714.8 eval=0 prior=0
[inst] req=10174464 hits=3212852 fwd=13596 rows=6960660 fwd_ms=398028.7 eval=0 prior=0
[inst] req=10182656 hits=3215365 fwd=13607 rows=6966292 fwd_ms=398342.6 eval=0 prior=0
[inst] req=10190848 hits=3217925 fwd=13618 rows=6971924 fwd_ms=398656.6 eval=0 prior=0
[inst] req=10199040 hits=3220467 fwd=13629 rows=6977556 fwd_ms=398970.5 eval=0 prior=0
[inst] req=10207232 hits=3223086 fwd=13640 rows=6983188 fwd_ms=399284.7 eval=0 prior=0
[inst] req=10215424 hits=3225642 fwd=13651 rows=6988820 fwd_ms=399599.5 eval=0 prior=0
[inst] req=10223616 hits=3228294 fwd=13662 rows=6994452 fwd_ms=399914.4 eval=0 prior=0
[inst] req=10231808 hits=3230934 fwd=13673 rows=7000084 fwd_ms=400229.2 eval=0 prior=0
[inst] req=10240000 hits=3233600 fwd=13684 rows=7005716 fwd_ms=400544.0 eval=0 prior=0
[inst] req=10248192 hits=3236260 fwd=13695 rows=7011348 fwd_ms=400858.6 eval=0 prior=0
[inst] req=10256384 hits=3238818 fwd=13706 rows=7016980 fwd_ms=401173.1 eval=0 prior=0
[inst] req=10264576 hits=3241434 fwd=13717 rows=7022612 fwd_ms=401487.9 eval=0 prior=0
[inst] req=10272768 hits=3244037 fwd=13727 rows=7027732 fwd_ms=401774.1 eval=0 prior=0
[inst] req=10280960 hits=3246575 fwd=13738 rows=7033364 fwd_ms=402088.8 eval=0 prior=0
[inst] req=10289152 hits=3249192 fwd=13749 rows=7038996 fwd_ms=402403.7 eval=0 prior=0
[inst] req=10297344 hits=3251751 fwd=13760 rows=7044628 fwd_ms=402718.4 eval=0 prior=0
[inst] req=10305536 hits=3254347 fwd=13771 rows=7050260 fwd_ms=403033.2 eval=0 prior=0
[inst] req=10313728 hits=3256884 fwd=13782 rows=7055892 fwd_ms=403348.2 eval=0 prior=0
[inst] req=10321920 hits=3259554 fwd=13793 rows=7061524 fwd_ms=403663.0 eval=0 prior=0
[inst] req=10330112 hits=3262140 fwd=13804 rows=7067156 fwd_ms=403978.0 eval=0 prior=0
[inst] req=10338304 hits=3264739 fwd=13815 rows=7072788 fwd_ms=404292.9 eval=0 prior=0
[inst] req=10346496 hits=3267339 fwd=13826 rows=7078420 fwd_ms=404607.9 eval=0 prior=0
[inst] req=10354688 hits=3269978 fwd=13837 rows=7084052 fwd_ms=404922.8 eval=0 prior=0
[inst] req=10362880 hits=3272680 fwd=13848 rows=7089684 fwd_ms=405237.6 eval=0 prior=0
[inst] req=10371072 hits=3275286 fwd=13858 rows=7094804 fwd_ms=405523.8 eval=0 prior=0
[inst] req=10379264 hits=3277970 fwd=13869 rows=7100436 fwd_ms=405839.0 eval=0 prior=0
[inst] req=10387456 hits=3280467 fwd=13880 rows=7106068 fwd_ms=406154.0 eval=0 prior=0
[inst] req=10395648 hits=3283150 fwd=13891 rows=7111700 fwd_ms=406469.1 eval=0 prior=0
[inst] req=10403840 hits=3285963 fwd=13902 rows=7117332 fwd_ms=406784.2 eval=0 prior=0
[inst] req=10412032 hits=3288601 fwd=13912 rows=7122452 fwd_ms=407070.5 eval=0 prior=0
[inst] req=10420224 hits=3291219 fwd=13923 rows=7128084 fwd_ms=407385.5 eval=0 prior=0
[inst] req=10428416 hits=3293830 fwd=13934 rows=7133716 fwd_ms=407700.4 eval=0 prior=0
[inst] req=10436608 hits=3296575 fwd=13945 rows=7139348 fwd_ms=408015.5 eval=0 prior=0
[inst] req=10444800 hits=3299182 fwd=13956 rows=7144980 fwd_ms=408330.3 eval=0 prior=0
[inst] req=10452992 hits=3301863 fwd=13967 rows=7150612 fwd_ms=408645.1 eval=0 prior=0
[inst] req=10461184 hits=3304465 fwd=13977 rows=7155732 fwd_ms=408931.3 eval=0 prior=0
[inst] req=10469376 hits=3307026 fwd=13988 rows=7161364 fwd_ms=409246.3 eval=0 prior=0
[inst] req=10477568 hits=3309598 fwd=13999 rows=7166996 fwd_ms=409561.4 eval=0 prior=0
[inst] req=10485760 hits=3312199 fwd=14010 rows=7172628 fwd_ms=409876.5 eval=0 prior=0
[inst] req=10493952 hits=3314798 fwd=14021 rows=7178260 fwd_ms=410191.4 eval=0 prior=0
[inst] req=10502144 hits=3317355 fwd=14032 rows=7183892 fwd_ms=410506.6 eval=0 prior=0
[inst] req=10510336 hits=3319974 fwd=14043 rows=7189524 fwd_ms=410821.8 eval=0 prior=0
[inst] req=10518528 hits=3322590 fwd=14054 rows=7195156 fwd_ms=411136.8 eval=0 prior=0
[inst] req=10526720 hits=3325229 fwd=14065 rows=7200788 fwd_ms=411451.8 eval=0 prior=0
[inst] req=10534912 hits=3327943 fwd=14076 rows=7206420 fwd_ms=411766.8 eval=0 prior=0
[inst] req=10543104 hits=3330645 fwd=14086 rows=7211540 fwd_ms=412053.1 eval=0 prior=0
[inst] req=10551296 hits=3333187 fwd=14097 rows=7217172 fwd_ms=412368.2 eval=0 prior=0
[inst] req=10559488 hits=3335886 fwd=14108 rows=7222804 fwd_ms=412682.9 eval=0 prior=0
[inst] req=10567680 hits=3338412 fwd=14119 rows=7228436 fwd_ms=412998.0 eval=0 prior=0
[inst] req=10575872 hits=3341059 fwd=14130 rows=7234068 fwd_ms=413312.8 eval=0 prior=0
[inst] req=10584064 hits=3343665 fwd=14141 rows=7239700 fwd_ms=413627.9 eval=0 prior=0
[inst] req=10592256 hits=3346257 fwd=14152 rows=7245332 fwd_ms=413942.8 eval=0 prior=0
[inst] req=10600448 hits=3348932 fwd=14163 rows=7250964 fwd_ms=414257.7 eval=0 prior=0
[inst] req=10608640 hits=3351561 fwd=14173 rows=7256084 fwd_ms=414544.2 eval=0 prior=0
[inst] req=10616832 hits=3354223 fwd=14184 rows=7261716 fwd_ms=414859.1 eval=0 prior=0
[inst] req=10625024 hits=3356809 fwd=14195 rows=7267348 fwd_ms=415174.0 eval=0 prior=0
[inst] req=10633216 hits=3359438 fwd=14206 rows=7272980 fwd_ms=415488.8 eval=0 prior=0
[inst] req=10641408 hits=3362051 fwd=14217 rows=7278612 fwd_ms=415803.4 eval=0 prior=0
[inst] req=10649600 hits=3364726 fwd=14228 rows=7284244 fwd_ms=416118.4 eval=0 prior=0
[inst] req=10657792 hits=3367547 fwd=14238 rows=7289364 fwd_ms=416404.9 eval=0 prior=0
[inst] req=10665984 hits=3370258 fwd=14249 rows=7294996 fwd_ms=416720.0 eval=0 prior=0
[inst] req=10674176 hits=3372901 fwd=14260 rows=7300628 fwd_ms=417035.1 eval=0 prior=0
[inst] req=10682368 hits=3375411 fwd=14271 rows=7306260 fwd_ms=417350.5 eval=0 prior=0
[inst] req=10690560 hits=3378263 fwd=14281 rows=7311380 fwd_ms=417637.3 eval=0 prior=0
[inst] req=10698752 hits=3380931 fwd=14292 rows=7317012 fwd_ms=417952.4 eval=0 prior=0
[inst] req=10706944 hits=3383621 fwd=14303 rows=7322644 fwd_ms=418267.2 eval=0 prior=0
[inst] req=10715136 hits=3386351 fwd=14313 rows=7327764 fwd_ms=418553.3 eval=0 prior=0
[inst] req=10723328 hits=3389105 fwd=14324 rows=7333396 fwd_ms=418868.1 eval=0 prior=0
[inst] req=10731520 hits=3391786 fwd=14335 rows=7339028 fwd_ms=419183.1 eval=0 prior=0
[inst] req=10739712 hits=3394418 fwd=14346 rows=7344660 fwd_ms=419498.0 eval=0 prior=0
[inst] req=10747904 hits=3397120 fwd=14356 rows=7349780 fwd_ms=419784.2 eval=0 prior=0
[inst] req=10756096 hits=3399937 fwd=14367 rows=7355412 fwd_ms=420098.9 eval=0 prior=0
[inst] req=10764288 hits=3402494 fwd=14378 rows=7361044 fwd_ms=420413.7 eval=0 prior=0
[inst] req=10772480 hits=3405136 fwd=14389 rows=7366676 fwd_ms=420728.3 eval=0 prior=0
[inst] req=10780672 hits=3407828 fwd=14400 rows=7372308 fwd_ms=421043.2 eval=0 prior=0
[inst] req=10788864 hits=3410382 fwd=14411 rows=7377940 fwd_ms=421357.4 eval=0 prior=0
[inst] req=10797056 hits=3413067 fwd=14421 rows=7383060 fwd_ms=421642.4 eval=0 prior=0
[inst] req=10805248 hits=3415786 fwd=14432 rows=7388692 fwd_ms=421955.7 eval=0 prior=0
[inst] req=10813440 hits=3418337 fwd=14443 rows=7394324 fwd_ms=422269.3 eval=0 prior=0
[inst] req=10821632 hits=3421058 fwd=14454 rows=7399956 fwd_ms=422582.8 eval=0 prior=0
[inst] req=10829824 hits=3423643 fwd=14465 rows=7405588 fwd_ms=422896.3 eval=0 prior=0
[inst] req=10838016 hits=3426336 fwd=14475 rows=7410708 fwd_ms=423181.3 eval=0 prior=0
[inst] req=10846208 hits=3428932 fwd=14486 rows=7416340 fwd_ms=423494.9 eval=0 prior=0
[inst] req=10854400 hits=3431489 fwd=14497 rows=7421972 fwd_ms=423808.3 eval=0 prior=0
[inst] req=10862592 hits=3434045 fwd=14508 rows=7427604 fwd_ms=424121.8 eval=0 prior=0
[inst] req=10870784 hits=3436843 fwd=14519 rows=7433236 fwd_ms=424435.2 eval=0 prior=0
[inst] req=10878976 hits=3439633 fwd=14529 rows=7438356 fwd_ms=424720.4 eval=0 prior=0
[inst] req=10887168 hits=3442323 fwd=14540 rows=7443988 fwd_ms=425034.0 eval=0 prior=0
[inst] req=10895360 hits=3444961 fwd=14551 rows=7449620 fwd_ms=425347.5 eval=0 prior=0
[inst] req=10903552 hits=3447544 fwd=14562 rows=7455252 fwd_ms=425661.2 eval=0 prior=0
[inst] req=10911744 hits=3450189 fwd=14573 rows=7460884 fwd_ms=425974.7 eval=0 prior=0
[inst] req=10919936 hits=3452738 fwd=14584 rows=7466516 fwd_ms=426288.3 eval=0 prior=0
[inst] req=10928128 hits=3455387 fwd=14595 rows=7472148 fwd_ms=426601.8 eval=0 prior=0
[inst] req=10936320 hits=3458004 fwd=14606 rows=7477780 fwd_ms=426914.8 eval=0 prior=0
[inst] req=10944512 hits=3460533 fwd=14617 rows=7483412 fwd_ms=427228.0 eval=0 prior=0
[inst] req=10952704 hits=3463107 fwd=14628 rows=7489044 fwd_ms=427541.4 eval=0 prior=0
[inst] req=10960896 hits=3465635 fwd=14639 rows=7494676 fwd_ms=427854.8 eval=0 prior=0
[inst] req=10969088 hits=3468383 fwd=14649 rows=7499796 fwd_ms=428139.5 eval=0 prior=0
[inst] req=10977280 hits=3471102 fwd=14660 rows=7505428 fwd_ms=428452.9 eval=0 prior=0
[inst] req=10985472 hits=3473774 fwd=14671 rows=7511060 fwd_ms=428766.4 eval=0 prior=0
[inst] req=10993664 hits=3476299 fwd=14682 rows=7516692 fwd_ms=429079.8 eval=0 prior=0
[inst] req=11001856 hits=3479035 fwd=14692 rows=7521812 fwd_ms=429364.8 eval=0 prior=0
[inst] req=11010048 hits=3481819 fwd=14703 rows=7527444 fwd_ms=429678.1 eval=0 prior=0
[inst] req=11018240 hits=3484632 fwd=14714 rows=7533076 fwd_ms=429992.4 eval=0 prior=0
[inst] req=11026432 hits=3487416 fwd=14724 rows=7538196 fwd_ms=430278.6 eval=0 prior=0
[inst] req=11034624 hits=3490097 fwd=14735 rows=7543828 fwd_ms=430593.7 eval=0 prior=0
[inst] req=11042816 hits=3492712 fwd=14746 rows=7549460 fwd_ms=430908.7 eval=0 prior=0
[inst] req=11051008 hits=3495381 fwd=14757 rows=7555092 fwd_ms=431223.5 eval=0 prior=0
[inst] req=11059200 hits=3498139 fwd=14767 rows=7560212 fwd_ms=431510.0 eval=0 prior=0
[inst] req=11067392 hits=3500719 fwd=14778 rows=7565844 fwd_ms=431825.0 eval=0 prior=0
[inst] req=11075584 hits=3503283 fwd=14789 rows=7571476 fwd_ms=432140.0 eval=0 prior=0
[inst] req=11083776 hits=3505773 fwd=14800 rows=7577108 fwd_ms=432454.8 eval=0 prior=0
[inst] req=11091968 hits=3508422 fwd=14811 rows=7582740 fwd_ms=432769.6 eval=0 prior=0
[inst] req=11100160 hits=3510998 fwd=14822 rows=7588372 fwd_ms=433084.4 eval=0 prior=0
[inst] req=11108352 hits=3513728 fwd=14833 rows=7594004 fwd_ms=433399.5 eval=0 prior=0
[inst] req=11116544 hits=3516386 fwd=14844 rows=7599636 fwd_ms=433714.4 eval=0 prior=0
[inst] req=11124736 hits=3518973 fwd=14854 rows=7604756 fwd_ms=434000.5 eval=0 prior=0
[inst] req=11132928 hits=3521629 fwd=14865 rows=7610388 fwd_ms=434315.5 eval=0 prior=0
[inst] req=11141120 hits=3524291 fwd=14876 rows=7616020 fwd_ms=434630.3 eval=0 prior=0
[inst] req=11149312 hits=3527121 fwd=14887 rows=7621652 fwd_ms=434945.3 eval=0 prior=0
[inst] req=11157504 hits=3529754 fwd=14897 rows=7626772 fwd_ms=435231.5 eval=0 prior=0
[inst] req=11165696 hits=3532421 fwd=14908 rows=7632404 fwd_ms=435545.6 eval=0 prior=0
[inst] req=11173888 hits=3535116 fwd=14919 rows=7638036 fwd_ms=435859.6 eval=0 prior=0
[inst] req=11182080 hits=3537819 fwd=14930 rows=7643668 fwd_ms=436173.7 eval=0 prior=0
[inst] req=11190272 hits=3540603 fwd=14940 rows=7648788 fwd_ms=436459.8 eval=0 prior=0
[inst] req=11198464 hits=3543361 fwd=14951 rows=7654420 fwd_ms=436774.9 eval=0 prior=0
[inst] req=11206656 hits=3546004 fwd=14962 rows=7660052 fwd_ms=437089.7 eval=0 prior=0
[inst] req=11214848 hits=3548550 fwd=14973 rows=7665684 fwd_ms=437404.7 eval=0 prior=0
[inst] req=11223040 hits=3551092 fwd=14984 rows=7671316 fwd_ms=437719.4 eval=0 prior=0
[inst] req=11231232 hits=3553611 fwd=14995 rows=7676948 fwd_ms=438034.3 eval=0 prior=0
[inst] req=11239424 hits=3556335 fwd=15005 rows=7682068 fwd_ms=438320.6 eval=0 prior=0
[inst] req=11247616 hits=3558958 fwd=15016 rows=7687700 fwd_ms=438635.5 eval=0 prior=0
[inst] req=11255808 hits=3561552 fwd=15027 rows=7693332 fwd_ms=438950.4 eval=0 prior=0
[inst] req=11264000 hits=3564335 fwd=15038 rows=7698964 fwd_ms=439265.1 eval=0 prior=0
[inst] req=11272192 hits=3567013 fwd=15049 rows=7704596 fwd_ms=439580.1 eval=0 prior=0
[inst] req=11280384 hits=3569682 fwd=15059 rows=7709716 fwd_ms=439866.5 eval=0 prior=0
[inst] req=11288576 hits=3572349 fwd=15070 rows=7715348 fwd_ms=440181.4 eval=0 prior=0
[inst] req=11296768 hits=3574957 fwd=15081 rows=7720980 fwd_ms=440494.8 eval=0 prior=0
[inst] req=11304960 hits=3577734 fwd=15092 rows=7726612 fwd_ms=440808.4 eval=0 prior=0
[inst] req=11313152 hits=3580394 fwd=15103 rows=7732244 fwd_ms=441121.7 eval=0 prior=0
[inst] req=11321344 hits=3583023 fwd=15113 rows=7737364 fwd_ms=441406.6 eval=0 prior=0
[inst] req=11329536 hits=3585582 fwd=15124 rows=7742996 fwd_ms=441720.1 eval=0 prior=0
[inst] req=11337728 hits=3588188 fwd=15135 rows=7748628 fwd_ms=442033.6 eval=0 prior=0
[inst] req=11345920 hits=3590816 fwd=15146 rows=7754260 fwd_ms=442347.2 eval=0 prior=0
[inst] req=11354112 hits=3593510 fwd=15157 rows=7759892 fwd_ms=442660.7 eval=0 prior=0
[inst] req=11362304 hits=3596059 fwd=15168 rows=7765524 fwd_ms=442974.1 eval=0 prior=0
[inst] req=11370496 hits=3598634 fwd=15179 rows=7771156 fwd_ms=443287.6 eval=0 prior=0
[inst] req=11378688 hits=3601383 fwd=15190 rows=7776788 fwd_ms=443600.8 eval=0 prior=0
[inst] req=11386880 hits=3604037 fwd=15200 rows=7781908 fwd_ms=443885.7 eval=0 prior=0
[inst] req=11395072 hits=3606672 fwd=15211 rows=7787540 fwd_ms=444199.2 eval=0 prior=0
[inst] req=11403264 hits=3609399 fwd=15222 rows=7793172 fwd_ms=444512.7 eval=0 prior=0
[inst] req=11411456 hits=3612009 fwd=15233 rows=7798804 fwd_ms=444826.4 eval=0 prior=0
[inst] req=11419648 hits=3614609 fwd=15244 rows=7804436 fwd_ms=445139.7 eval=0 prior=0
[inst] req=11427840 hits=3617225 fwd=15255 rows=7810068 fwd_ms=445453.2 eval=0 prior=0
[inst] req=11436032 hits=3619755 fwd=15266 rows=7815700 fwd_ms=445766.8 eval=0 prior=0
[inst] req=11444224 hits=3622295 fwd=15277 rows=7821332 fwd_ms=446080.8 eval=0 prior=0
[inst] req=11452416 hits=3624962 fwd=15287 rows=7826452 fwd_ms=446365.7 eval=0 prior=0
[inst] req=11460608 hits=3627524 fwd=15298 rows=7832084 fwd_ms=446679.5 eval=0 prior=0
[inst] req=11468800 hits=3630204 fwd=15309 rows=7837716 fwd_ms=446992.8 eval=0 prior=0
[inst] req=11476992 hits=3632867 fwd=15320 rows=7843348 fwd_ms=447306.8 eval=0 prior=0
[inst] req=11485184 hits=3635513 fwd=15331 rows=7848980 fwd_ms=447620.8 eval=0 prior=0
[inst] req=11493376 hits=3638249 fwd=15342 rows=7854612 fwd_ms=447935.0 eval=0 prior=0
[inst] req=11501568 hits=3640950 fwd=15352 rows=7859732 fwd_ms=448220.4 eval=0 prior=0
[inst] req=11509760 hits=3643748 fwd=15363 rows=7865364 fwd_ms=448534.3 eval=0 prior=0
[inst] req=11517952 hits=3646398 fwd=15374 rows=7870996 fwd_ms=448847.7 eval=0 prior=0
[inst] req=11526144 hits=3648982 fwd=15385 rows=7876628 fwd_ms=449161.9 eval=0 prior=0
[inst] req=11534336 hits=3651654 fwd=15395 rows=7881748 fwd_ms=449447.1 eval=0 prior=0
[inst] req=11542528 hits=3654297 fwd=15406 rows=7887380 fwd_ms=449987.8 eval=0 prior=0
[inst] req=11550720 hits=3656898 fwd=15417 rows=7893012 fwd_ms=450919.5 eval=0 prior=0
[inst] req=11558912 hits=3659638 fwd=15428 rows=7898644 fwd_ms=451744.1 eval=0 prior=0
[inst] req=11567104 hits=3662270 fwd=15439 rows=7904276 fwd_ms=452571.3 eval=0 prior=0
[inst] req=11575296 hits=3664909 fwd=15449 rows=7909396 fwd_ms=453368.7 eval=0 prior=0
[inst] req=11583488 hits=3667533 fwd=15460 rows=7915028 fwd_ms=454193.2 eval=0 prior=0
[inst] req=11591680 hits=3670248 fwd=15471 rows=7920660 fwd_ms=455027.3 eval=0 prior=0
[inst] req=11599872 hits=3672872 fwd=15482 rows=7926292 fwd_ms=455904.9 eval=0 prior=0
[inst] req=11608064 hits=3675445 fwd=15493 rows=7931924 fwd_ms=456728.6 eval=0 prior=0
[inst] req=11616256 hits=3678034 fwd=15504 rows=7937556 fwd_ms=457553.3 eval=0 prior=0
[inst] req=11624448 hits=3680770 fwd=15514 rows=7942676 fwd_ms=458302.0 eval=0 prior=0
[inst] req=11632640 hits=3683619 fwd=15525 rows=7948308 fwd_ms=459131.7 eval=0 prior=0
[inst] req=11640832 hits=3686354 fwd=15536 rows=7953940 fwd_ms=460004.5 eval=0 prior=0
[inst] req=11649024 hits=3689021 fwd=15546 rows=7959060 fwd_ms=460801.5 eval=0 prior=0
[inst] req=11657216 hits=3691765 fwd=15557 rows=7964692 fwd_ms=461235.7 eval=0 prior=0
[inst] req=11665408 hits=3694390 fwd=15568 rows=7970324 fwd_ms=461553.3 eval=0 prior=0
[inst] req=11673600 hits=3697021 fwd=15579 rows=7975956 fwd_ms=461870.9 eval=0 prior=0
[inst] req=11681792 hits=3698607 fwd=15592 rows=7982612 fwd_ms=462254.1 eval=0 prior=0
[inst] req=11689984 hits=3698841 fwd=15607 rows=7990292 fwd_ms=462681.4 eval=0 prior=0
[inst] req=11698176 hits=3699199 fwd=15622 rows=7997972 fwd_ms=463108.9 eval=0 prior=0
[inst] req=11706368 hits=3699736 fwd=15637 rows=8005652 fwd_ms=463536.3 eval=0 prior=0
[inst] req=11714560 hits=3700580 fwd=15652 rows=8013332 fwd_ms=463963.8 eval=0 prior=0
[inst] req=11722752 hits=3701876 fwd=15665 rows=8019988 fwd_ms=464334.3 eval=0 prior=0
[inst] req=11730944 hits=3703577 fwd=15678 rows=8026644 fwd_ms=464705.0 eval=0 prior=0
[inst] req=11739136 hits=3705640 fwd=15690 rows=8032788 fwd_ms=465047.1 eval=0 prior=0
[inst] req=11747328 hits=3708023 fwd=15701 rows=8038420 fwd_ms=465360.9 eval=0 prior=0
[inst] req=11755520 hits=3710591 fwd=15712 rows=8044052 fwd_ms=465674.8 eval=0 prior=0
[inst] req=11763712 hits=3713003 fwd=15724 rows=8050196 fwd_ms=466017.6 eval=0 prior=0
[inst] req=11771904 hits=3715441 fwd=15735 rows=8055828 fwd_ms=466331.6 eval=0 prior=0
[inst] req=11780096 hits=3717832 fwd=15746 rows=8061460 fwd_ms=466645.6 eval=0 prior=0
[inst] req=11788288 hits=3720213 fwd=15757 rows=8067092 fwd_ms=466959.4 eval=0 prior=0
[inst] req=11796480 hits=3722664 fwd=15769 rows=8073236 fwd_ms=467301.5 eval=0 prior=0
[inst] req=11804672 hits=3725240 fwd=15780 rows=8078868 fwd_ms=467615.0 eval=0 prior=0
[inst] req=11812864 hits=3727953 fwd=15790 rows=8083988 fwd_ms=467900.0 eval=0 prior=0
[inst] req=11821056 hits=3730700 fwd=15801 rows=8089620 fwd_ms=468213.6 eval=0 prior=0
[inst] req=11829248 hits=3733449 fwd=15812 rows=8095252 fwd_ms=468526.9 eval=0 prior=0
[inst] req=11837440 hits=3736384 fwd=15822 rows=8100372 fwd_ms=468812.0 eval=0 prior=0
[inst] req=11845632 hits=3739336 fwd=15832 rows=8105492 fwd_ms=469097.0 eval=0 prior=0
[inst] req=11853824 hits=3741990 fwd=15843 rows=8111124 fwd_ms=469410.5 eval=0 prior=0
[inst] req=11862016 hits=3744586 fwd=15854 rows=8116756 fwd_ms=469724.0 eval=0 prior=0
[inst] req=11870208 hits=3747135 fwd=15865 rows=8122388 fwd_ms=470037.6 eval=0 prior=0
[inst] req=11878400 hits=3749730 fwd=15876 rows=8128020 fwd_ms=470351.3 eval=0 prior=0
[inst] req=11886592 hits=3752467 fwd=15886 rows=8133140 fwd_ms=470636.7 eval=0 prior=0
[inst] req=11894784 hits=3754979 fwd=15898 rows=8139284 fwd_ms=470978.6 eval=0 prior=0
[inst] req=11902976 hits=3757614 fwd=15908 rows=8144404 fwd_ms=471263.3 eval=0 prior=0
[inst] req=11911168 hits=3760371 fwd=15919 rows=8150036 fwd_ms=471576.5 eval=0 prior=0
[inst] req=11919360 hits=3763318 fwd=15929 rows=8155156 fwd_ms=471861.4 eval=0 prior=0
[inst] req=11927552 hits=3766182 fwd=15940 rows=8160788 fwd_ms=472174.5 eval=0 prior=0
[inst] req=11935744 hits=3768966 fwd=15950 rows=8165908 fwd_ms=472459.3 eval=0 prior=0
[inst] req=11943936 hits=3771723 fwd=15961 rows=8171540 fwd_ms=472772.6 eval=0 prior=0
[inst] req=11952128 hits=3774274 fwd=15972 rows=8177172 fwd_ms=473085.9 eval=0 prior=0
[inst] req=11960320 hits=3776675 fwd=15983 rows=8182804 fwd_ms=473399.2 eval=0 prior=0
[inst] req=11968512 hits=3779129 fwd=15994 rows=8188436 fwd_ms=473712.3 eval=0 prior=0
[inst] req=11976704 hits=3781829 fwd=16005 rows=8194068 fwd_ms=474025.5 eval=0 prior=0
[inst] req=11984896 hits=3784421 fwd=16016 rows=8199700 fwd_ms=474338.8 eval=0 prior=0
[inst] req=11993088 hits=3787114 fwd=16027 rows=8205332 fwd_ms=474651.9 eval=0 prior=0
[inst] req=12001280 hits=3789885 fwd=16037 rows=8210452 fwd_ms=474936.8 eval=0 prior=0
[inst] req=12009472 hits=3792638 fwd=16048 rows=8216084 fwd_ms=475250.0 eval=0 prior=0
[inst] req=12017664 hits=3795353 fwd=16059 rows=8221716 fwd_ms=475563.9 eval=0 prior=0
[inst] req=12025856 hits=3798153 fwd=16069 rows=8226836 fwd_ms=475849.0 eval=0 prior=0
[inst] req=12034048 hits=3800907 fwd=16080 rows=8232468 fwd_ms=476162.6 eval=0 prior=0
[inst] req=12042240 hits=3803700 fwd=16090 rows=8237588 fwd_ms=476447.8 eval=0 prior=0
[inst] req=12050432 hits=3806328 fwd=16101 rows=8243220 fwd_ms=476761.5 eval=0 prior=0
[inst] req=12058624 hits=3808848 fwd=16112 rows=8248852 fwd_ms=477075.2 eval=0 prior=0
[inst] req=12066816 hits=3811463 fwd=16123 rows=8254484 fwd_ms=477389.1 eval=0 prior=0
[inst] req=12075008 hits=3814125 fwd=16134 rows=8260116 fwd_ms=477703.1 eval=0 prior=0
[inst] req=12083200 hits=3816875 fwd=16145 rows=8265748 fwd_ms=478016.8 eval=0 prior=0
[inst] req=12091392 hits=3819624 fwd=16155 rows=8270868 fwd_ms=478302.1 eval=0 prior=0
[inst] req=12099584 hits=3822514 fwd=16166 rows=8276500 fwd_ms=478616.1 eval=0 prior=0
[inst] req=12107776 hits=3825349 fwd=16176 rows=8281620 fwd_ms=478901.3 eval=0 prior=0
[inst] req=12115968 hits=3828026 fwd=16187 rows=8287252 fwd_ms=479215.4 eval=0 prior=0
[inst] req=12124160 hits=3830565 fwd=16198 rows=8292884 fwd_ms=479528.8 eval=0 prior=0
[inst] req=12132352 hits=3833132 fwd=16209 rows=8298516 fwd_ms=479842.2 eval=0 prior=0
[inst] req=12140544 hits=3835705 fwd=16220 rows=8304148 fwd_ms=480155.5 eval=0 prior=0
[inst] req=12148736 hits=3838186 fwd=16231 rows=8309780 fwd_ms=480468.8 eval=0 prior=0
[inst] req=12156928 hits=3840686 fwd=16242 rows=8315412 fwd_ms=480782.1 eval=0 prior=0
[inst] req=12165120 hits=3843341 fwd=16253 rows=8321044 fwd_ms=481095.1 eval=0 prior=0
[inst] req=12173312 hits=3846158 fwd=16263 rows=8326164 fwd_ms=481380.1 eval=0 prior=0
[inst] req=12181504 hits=3848926 fwd=16274 rows=8331796 fwd_ms=481693.5 eval=0 prior=0
[inst] req=12189696 hits=3851786 fwd=16284 rows=8336916 fwd_ms=481978.6 eval=0 prior=0
[inst] req=12197888 hits=3854609 fwd=16295 rows=8342548 fwd_ms=482292.0 eval=0 prior=0
[inst] req=12206080 hits=3857351 fwd=16306 rows=8348180 fwd_ms=482605.4 eval=0 prior=0
[inst] req=12214272 hits=3860022 fwd=16316 rows=8353300 fwd_ms=482890.3 eval=0 prior=0
[inst] req=12222464 hits=3862696 fwd=16327 rows=8358932 fwd_ms=483203.8 eval=0 prior=0
[inst] req=12230656 hits=3865352 fwd=16338 rows=8364564 fwd_ms=483517.3 eval=0 prior=0
[inst] req=12238848 hits=3868016 fwd=16349 rows=8370196 fwd_ms=483830.8 eval=0 prior=0
[inst] req=12247040 hits=3870700 fwd=16359 rows=8375316 fwd_ms=484115.6 eval=0 prior=0
[inst] req=12255232 hits=3873499 fwd=16370 rows=8380948 fwd_ms=484429.3 eval=0 prior=0
[inst] req=12263424 hits=3876131 fwd=16381 rows=8386580 fwd_ms=484742.7 eval=0 prior=0
[inst] req=12271616 hits=3878854 fwd=16392 rows=8392212 fwd_ms=485056.3 eval=0 prior=0
[inst] req=12279808 hits=3881610 fwd=16402 rows=8397332 fwd_ms=485341.5 eval=0 prior=0
[inst] req=12288000 hits=3884292 fwd=16413 rows=8402964 fwd_ms=485655.2 eval=0 prior=0
[inst] req=12296192 hits=3886842 fwd=16424 rows=8408596 fwd_ms=485968.7 eval=0 prior=0
[inst] req=12304384 hits=3889631 fwd=16435 rows=8414228 fwd_ms=486282.1 eval=0 prior=0
[inst] req=12312576 hits=3892224 fwd=16445 rows=8419348 fwd_ms=486567.0 eval=0 prior=0
[inst] req=12320768 hits=3894767 fwd=16456 rows=8424980 fwd_ms=486880.6 eval=0 prior=0
[inst] req=12328960 hits=3897668 fwd=16467 rows=8430612 fwd_ms=487194.3 eval=0 prior=0
[inst] req=12337152 hits=3900326 fwd=16478 rows=8436244 fwd_ms=487507.6 eval=0 prior=0
[inst] req=12345344 hits=3903049 fwd=16488 rows=8441364 fwd_ms=487792.5 eval=0 prior=0
[inst] req=12353536 hits=3905860 fwd=16499 rows=8446996 fwd_ms=488105.8 eval=0 prior=0
[inst] req=12361728 hits=3908597 fwd=16509 rows=8452116 fwd_ms=488390.6 eval=0 prior=0
[inst] req=12369920 hits=3911314 fwd=16520 rows=8457748 fwd_ms=488703.8 eval=0 prior=0
[inst] req=12378112 hits=3914023 fwd=16531 rows=8463380 fwd_ms=489017.2 eval=0 prior=0
[inst] req=12386304 hits=3916529 fwd=16542 rows=8469012 fwd_ms=489330.8 eval=0 prior=0
[inst] req=12394496 hits=3919115 fwd=16553 rows=8474644 fwd_ms=489644.3 eval=0 prior=0
[inst] req=12402688 hits=3921641 fwd=16564 rows=8480276 fwd_ms=489957.7 eval=0 prior=0
[inst] req=12410880 hits=3924277 fwd=16575 rows=8485908 fwd_ms=490271.2 eval=0 prior=0
[inst] req=12419072 hits=3927046 fwd=16585 rows=8491028 fwd_ms=490556.3 eval=0 prior=0
[inst] req=12427264 hits=3929554 fwd=16597 rows=8497172 fwd_ms=490898.0 eval=0 prior=0
[inst] req=12435456 hits=3932156 fwd=16607 rows=8502292 fwd_ms=491182.8 eval=0 prior=0
[inst] req=12443648 hits=3934806 fwd=16618 rows=8507924 fwd_ms=491496.4 eval=0 prior=0
[inst] req=12451840 hits=3937718 fwd=16629 rows=8513556 fwd_ms=491810.0 eval=0 prior=0
[inst] req=12460032 hits=3940432 fwd=16639 rows=8518676 fwd_ms=492095.0 eval=0 prior=0
[inst] req=12468224 hits=3943078 fwd=16650 rows=8524308 fwd_ms=492408.5 eval=0 prior=0
[inst] req=12476416 hits=3945701 fwd=16661 rows=8529940 fwd_ms=492721.8 eval=0 prior=0
[inst] req=12484608 hits=3948351 fwd=16672 rows=8535572 fwd_ms=493035.0 eval=0 prior=0
[inst] req=12492800 hits=3950975 fwd=16683 rows=8541204 fwd_ms=493348.4 eval=0 prior=0
[inst] req=12500992 hits=3953674 fwd=16693 rows=8546324 fwd_ms=493633.4 eval=0 prior=0
[inst] req=12509184 hits=3956467 fwd=16704 rows=8551956 fwd_ms=493947.0 eval=0 prior=0
[inst] req=12517376 hits=3959241 fwd=16715 rows=8557588 fwd_ms=494260.5 eval=0 prior=0
[inst] req=12525568 hits=3962105 fwd=16725 rows=8562708 fwd_ms=494545.3 eval=0 prior=0
[inst] req=12533760 hits=3964975 fwd=16735 rows=8567828 fwd_ms=494830.1 eval=0 prior=0
[inst] req=12541952 hits=3967636 fwd=16746 rows=8573460 fwd_ms=495143.6 eval=0 prior=0
[inst] req=12550144 hits=3970224 fwd=16757 rows=8579092 fwd_ms=495456.8 eval=0 prior=0
[inst] req=12558336 hits=3972871 fwd=16768 rows=8584724 fwd_ms=495770.2 eval=0 prior=0
[inst] req=12566528 hits=3975397 fwd=16779 rows=8590356 fwd_ms=496083.6 eval=0 prior=0
[inst] req=12574720 hits=3978036 fwd=16790 rows=8595988 fwd_ms=496397.1 eval=0 prior=0
[inst] req=12582912 hits=3980646 fwd=16801 rows=8601620 fwd_ms=496710.3 eval=0 prior=0
[inst] req=12591104 hits=3983178 fwd=16812 rows=8607252 fwd_ms=497023.7 eval=0 prior=0
[inst] req=12599296 hits=3985912 fwd=16822 rows=8612372 fwd_ms=497308.7 eval=0 prior=0
[inst] req=12607488 hits=3988611 fwd=16833 rows=8618004 fwd_ms=497622.0 eval=0 prior=0
[inst] req=12615680 hits=3991347 fwd=16844 rows=8623636 fwd_ms=497935.5 eval=0 prior=0
[inst] req=12623872 hits=3994313 fwd=16854 rows=8628756 fwd_ms=498220.6 eval=0 prior=0
[inst] req=12632064 hits=3997084 fwd=16865 rows=8634388 fwd_ms=498534.2 eval=0 prior=0
[inst] req=12640256 hits=3999742 fwd=16875 rows=8639508 fwd_ms=498819.3 eval=0 prior=0
[inst] req=12648448 hits=4002352 fwd=16886 rows=8645140 fwd_ms=499133.1 eval=0 prior=0
[inst] req=12656640 hits=4004961 fwd=16897 rows=8650772 fwd_ms=499446.5 eval=0 prior=0
[inst] req=12664832 hits=4007676 fwd=16908 rows=8656404 fwd_ms=499760.0 eval=0 prior=0
[inst] req=12673024 hits=4010318 fwd=16919 rows=8662036 fwd_ms=500073.5 eval=0 prior=0
[inst] req=12681216 hits=4013000 fwd=16930 rows=8667668 fwd_ms=500387.0 eval=0 prior=0
[inst] req=12689408 hits=4015900 fwd=16940 rows=8672788 fwd_ms=500672.1 eval=0 prior=0
[inst] req=12697600 hits=4018630 fwd=16951 rows=8678420 fwd_ms=500985.6 eval=0 prior=0
[inst] req=12705792 hits=4021305 fwd=16961 rows=8683540 fwd_ms=501270.5 eval=0 prior=0
[inst] req=12713984 hits=4023949 fwd=16972 rows=8689172 fwd_ms=501584.1 eval=0 prior=0
[inst] req=12722176 hits=4026663 fwd=16983 rows=8694804 fwd_ms=501897.4 eval=0 prior=0
[inst] req=12730368 hits=4029239 fwd=16994 rows=8700436 fwd_ms=502210.8 eval=0 prior=0
[inst] req=12738560 hits=4031938 fwd=17005 rows=8706068 fwd_ms=502524.2 eval=0 prior=0
[inst] req=12746752 hits=4034632 fwd=17015 rows=8711188 fwd_ms=502809.1 eval=0 prior=0
[inst] req=12754944 hits=4037300 fwd=17026 rows=8716820 fwd_ms=503122.5 eval=0 prior=0
[inst] req=12763136 hits=4040022 fwd=17037 rows=8722452 fwd_ms=503435.7 eval=0 prior=0
[inst] req=12771328 hits=4042681 fwd=17048 rows=8728084 fwd_ms=503748.7 eval=0 prior=0
[inst] req=12779520 hits=4045363 fwd=17058 rows=8733204 fwd_ms=504033.4 eval=0 prior=0
[inst] req=12787712 hits=4048134 fwd=17069 rows=8738836 fwd_ms=504346.4 eval=0 prior=0
[inst] req=12795904 hits=4050821 fwd=17080 rows=8744468 fwd_ms=504659.6 eval=0 prior=0
[inst] req=12804096 hits=4053460 fwd=17091 rows=8750100 fwd_ms=504972.4 eval=0 prior=0
[inst] req=12812288 hits=4056130 fwd=17101 rows=8755220 fwd_ms=505257.1 eval=0 prior=0
[inst] req=12820480 hits=4058782 fwd=17112 rows=8760852 fwd_ms=505570.4 eval=0 prior=0
[inst] req=12828672 hits=4061477 fwd=17123 rows=8766484 fwd_ms=505883.6 eval=0 prior=0
[inst] req=12836864 hits=4064140 fwd=17134 rows=8772116 fwd_ms=506196.7 eval=0 prior=0
[inst] req=12845056 hits=4066831 fwd=17144 rows=8777236 fwd_ms=506481.3 eval=0 prior=0
[inst] req=12853248 hits=4069482 fwd=17155 rows=8782868 fwd_ms=506794.6 eval=0 prior=0
[inst] req=12861440 hits=4072263 fwd=17166 rows=8788500 fwd_ms=507107.8 eval=0 prior=0
[inst] req=12869632 hits=4074902 fwd=17177 rows=8794132 fwd_ms=507421.1 eval=0 prior=0
[inst] req=12877824 hits=4077518 fwd=17188 rows=8799764 fwd_ms=507734.3 eval=0 prior=0
[inst] req=12886016 hits=4080126 fwd=17198 rows=8804884 fwd_ms=508018.9 eval=0 prior=0
[inst] req=12894208 hits=4082884 fwd=17209 rows=8810516 fwd_ms=508332.0 eval=0 prior=0
[inst] req=12902400 hits=4085580 fwd=17220 rows=8816148 fwd_ms=508645.1 eval=0 prior=0
[inst] req=12910592 hits=4088349 fwd=17230 rows=8821268 fwd_ms=508929.7 eval=0 prior=0
[inst] req=12918784 hits=4091064 fwd=17241 rows=8826900 fwd_ms=509242.8 eval=0 prior=0
[inst] req=12926976 hits=4093761 fwd=17252 rows=8832532 fwd_ms=509555.8 eval=0 prior=0
[inst] req=12935168 hits=4096274 fwd=17263 rows=8838164 fwd_ms=509868.7 eval=0 prior=0
[inst] req=12943360 hits=4098831 fwd=17274 rows=8843796 fwd_ms=510181.8 eval=0 prior=0
[inst] req=12951552 hits=4101492 fwd=17285 rows=8849428 fwd_ms=510494.9 eval=0 prior=0
[inst] req=12959744 hits=4104157 fwd=17296 rows=8855060 fwd_ms=510807.9 eval=0 prior=0
[inst] req=12967936 hits=4106842 fwd=17306 rows=8860180 fwd_ms=511092.8 eval=0 prior=0
[inst] req=12976128 hits=4109566 fwd=17317 rows=8865812 fwd_ms=511406.2 eval=0 prior=0
[inst] req=12984320 hits=4112358 fwd=17328 rows=8871444 fwd_ms=511719.5 eval=0 prior=0
[inst] req=12992512 hits=4115171 fwd=17338 rows=8876564 fwd_ms=512004.3 eval=0 prior=0
[inst] req=13000704 hits=4117790 fwd=17349 rows=8882196 fwd_ms=512317.6 eval=0 prior=0
[inst] req=13008896 hits=4120467 fwd=17360 rows=8887828 fwd_ms=512630.9 eval=0 prior=0
[inst] req=13017088 hits=4123220 fwd=17370 rows=8892948 fwd_ms=512915.5 eval=0 prior=0
[inst] req=13025280 hits=4125887 fwd=17381 rows=8898580 fwd_ms=513229.1 eval=0 prior=0
[inst] req=13033472 hits=4128743 fwd=17392 rows=8904212 fwd_ms=513542.6 eval=0 prior=0
[inst] req=13041664 hits=4131584 fwd=17402 rows=8909332 fwd_ms=513827.7 eval=0 prior=0
[inst] req=13049856 hits=4134300 fwd=17413 rows=8914964 fwd_ms=514141.4 eval=0 prior=0
[inst] req=13058048 hits=4136973 fwd=17423 rows=8920084 fwd_ms=514426.3 eval=0 prior=0
[inst] req=13066240 hits=4139828 fwd=17434 rows=8925716 fwd_ms=514739.4 eval=0 prior=0
[inst] req=13074432 hits=4142706 fwd=17444 rows=8930836 fwd_ms=515024.3 eval=0 prior=0
[inst] req=13082624 hits=4145326 fwd=17455 rows=8936468 fwd_ms=515337.6 eval=0 prior=0
[inst] req=13090816 hits=4147986 fwd=17466 rows=8942100 fwd_ms=515650.9 eval=0 prior=0
[inst] req=13099008 hits=4150884 fwd=17476 rows=8947220 fwd_ms=515935.6 eval=0 prior=0
[inst] req=13107200 hits=4153508 fwd=17487 rows=8952852 fwd_ms=516248.7 eval=0 prior=0
[inst] req=13115392 hits=4156116 fwd=17498 rows=8958484 fwd_ms=516562.7 eval=0 prior=0
[inst] req=13123584 hits=4158710 fwd=17509 rows=8964116 fwd_ms=516878.1 eval=0 prior=0
[inst] req=13131776 hits=4161348 fwd=17520 rows=8969748 fwd_ms=517193.4 eval=0 prior=0
[inst] req=13139968 hits=4164056 fwd=17531 rows=8975380 fwd_ms=517508.5 eval=0 prior=0
[inst] req=13148160 hits=4167125 fwd=17541 rows=8980500 fwd_ms=517795.0 eval=0 prior=0
[inst] req=13156352 hits=4169871 fwd=17551 rows=8985620 fwd_ms=518081.5 eval=0 prior=0
[inst] req=13164544 hits=4172564 fwd=17562 rows=8991252 fwd_ms=518395.9 eval=0 prior=0
[inst] req=13172736 hits=4175269 fwd=17573 rows=8996884 fwd_ms=518710.6 eval=0 prior=0
[inst] req=13180928 hits=4178048 fwd=17583 rows=9002004 fwd_ms=518996.6 eval=0 prior=0
[inst] req=13189120 hits=4180714 fwd=17594 rows=9007636 fwd_ms=519311.1 eval=0 prior=0
[inst] req=13197312 hits=4183366 fwd=17605 rows=9013268 fwd_ms=519626.0 eval=0 prior=0
[inst] req=13205504 hits=4186111 fwd=17615 rows=9018388 fwd_ms=519911.9 eval=0 prior=0
[inst] req=13213696 hits=4188779 fwd=17626 rows=9024020 fwd_ms=520226.5 eval=0 prior=0
[inst] req=13221888 hits=4191436 fwd=17637 rows=9029652 fwd_ms=520540.9 eval=0 prior=0
[inst] req=13230080 hits=4194189 fwd=17648 rows=9035284 fwd_ms=520855.3 eval=0 prior=0
[inst] req=13238272 hits=4196808 fwd=17659 rows=9040916 fwd_ms=521169.5 eval=0 prior=0
[inst] req=13246464 hits=4199524 fwd=17669 rows=9046036 fwd_ms=521455.5 eval=0 prior=0
[inst] req=13254656 hits=4202169 fwd=17680 rows=9051668 fwd_ms=521769.9 eval=0 prior=0
[inst] req=13262848 hits=4204818 fwd=17691 rows=9057300 fwd_ms=522084.3 eval=0 prior=0
[inst] req=13271040 hits=4207422 fwd=17702 rows=9062932 fwd_ms=522398.7 eval=0 prior=0
[inst] req=13279232 hits=4209978 fwd=17713 rows=9068564 fwd_ms=522713.0 eval=0 prior=0
[inst] req=13287424 hits=4212531 fwd=17724 rows=9074196 fwd_ms=523027.5 eval=0 prior=0
[inst] req=13295616 hits=4215146 fwd=17735 rows=9079828 fwd_ms=523341.7 eval=0 prior=0
[inst] req=13303808 hits=4217797 fwd=17746 rows=9085460 fwd_ms=523655.8 eval=0 prior=0
[inst] req=13312000 hits=4220529 fwd=17756 rows=9090580 fwd_ms=523941.6 eval=0 prior=0
[inst] req=13320192 hits=4223445 fwd=17767 rows=9096212 fwd_ms=524255.9 eval=0 prior=0
[inst] req=13328384 hits=4226215 fwd=17777 rows=9101332 fwd_ms=524541.5 eval=0 prior=0
[inst] req=13336576 hits=4228997 fwd=17788 rows=9106964 fwd_ms=524855.9 eval=0 prior=0
[inst] req=13344768 hits=4231730 fwd=17798 rows=9112084 fwd_ms=525141.6 eval=0 prior=0
[inst] req=13352960 hits=4234425 fwd=17809 rows=9117716 fwd_ms=525455.7 eval=0 prior=0
[inst] req=13361152 hits=4237044 fwd=17820 rows=9123348 fwd_ms=525768.5 eval=0 prior=0
[inst] req=13369344 hits=4239739 fwd=17831 rows=9128980 fwd_ms=526081.6 eval=0 prior=0
[inst] req=13377536 hits=4242476 fwd=17841 rows=9134100 fwd_ms=526366.6 eval=0 prior=0
[inst] req=13385728 hits=4245180 fwd=17852 rows=9139732 fwd_ms=526681.1 eval=0 prior=0
[inst] req=13393920 hits=4247984 fwd=17863 rows=9145364 fwd_ms=526994.3 eval=0 prior=0
[inst] req=13402112 hits=4250650 fwd=17873 rows=9150484 fwd_ms=527278.9 eval=0 prior=0
[inst] req=13410304 hits=4253268 fwd=17884 rows=9156116 fwd_ms=527591.7 eval=0 prior=0
[inst] req=13418496 hits=4255879 fwd=17895 rows=9161748 fwd_ms=527904.8 eval=0 prior=0
[inst] req=13426688 hits=4258584 fwd=17906 rows=9167380 fwd_ms=528218.0 eval=0 prior=0
[inst] req=13434880 hits=4261350 fwd=17917 rows=9173012 fwd_ms=528531.4 eval=0 prior=0
[inst] req=13443072 hits=4264101 fwd=17927 rows=9178132 fwd_ms=528816.1 eval=0 prior=0
[inst] req=13451264 hits=4266711 fwd=17938 rows=9183764 fwd_ms=529129.3 eval=0 prior=0
[inst] req=13459456 hits=4269396 fwd=17949 rows=9189396 fwd_ms=529442.3 eval=0 prior=0
[inst] req=13467648 hits=4272141 fwd=17959 rows=9194516 fwd_ms=529727.9 eval=0 prior=0
[inst] req=13475840 hits=4274923 fwd=17970 rows=9200148 fwd_ms=530042.4 eval=0 prior=0
[inst] req=13484032 hits=4277690 fwd=17981 rows=9205780 fwd_ms=530357.1 eval=0 prior=0
[inst] req=13492224 hits=4280429 fwd=17991 rows=9210900 fwd_ms=530643.2 eval=0 prior=0
[inst] req=13500416 hits=4283079 fwd=18002 rows=9216532 fwd_ms=530957.8 eval=0 prior=0
[inst] req=13508608 hits=4285630 fwd=18013 rows=9222164 fwd_ms=531272.6 eval=0 prior=0
[inst] req=13516800 hits=4288347 fwd=18024 rows=9227796 fwd_ms=531587.3 eval=0 prior=0
[inst] req=13524992 hits=4290960 fwd=18035 rows=9233428 fwd_ms=531902.0 eval=0 prior=0
[inst] req=13533184 hits=4293548 fwd=18046 rows=9239060 fwd_ms=532216.4 eval=0 prior=0
[inst] req=13541376 hits=4296296 fwd=18056 rows=9244180 fwd_ms=532502.3 eval=0 prior=0
[inst] req=13549568 hits=4299015 fwd=18067 rows=9249812 fwd_ms=532817.1 eval=0 prior=0
[inst] req=13557760 hits=4301832 fwd=18077 rows=9254932 fwd_ms=533103.3 eval=0 prior=0
[inst] req=13565952 hits=4304535 fwd=18088 rows=9260564 fwd_ms=533418.4 eval=0 prior=0
[inst] req=13574144 hits=4307243 fwd=18099 rows=9266196 fwd_ms=533733.3 eval=0 prior=0
[inst] req=13582336 hits=4309923 fwd=18110 rows=9271828 fwd_ms=534048.2 eval=0 prior=0
[inst] req=13590528 hits=4312503 fwd=18121 rows=9277460 fwd_ms=534363.1 eval=0 prior=0
[inst] req=13598720 hits=4315240 fwd=18131 rows=9282580 fwd_ms=534649.4 eval=0 prior=0
[inst] req=13606912 hits=4318004 fwd=18142 rows=9288212 fwd_ms=534964.3 eval=0 prior=0
[inst] req=13615104 hits=4320691 fwd=18153 rows=9293844 fwd_ms=535279.1 eval=0 prior=0
[inst] req=13623296 hits=4323226 fwd=18164 rows=9299476 fwd_ms=535594.2 eval=0 prior=0
[inst] req=13631488 hits=4325894 fwd=18174 rows=9304596 fwd_ms=535880.5 eval=0 prior=0
[inst] req=13639680 hits=4328554 fwd=18185 rows=9310228 fwd_ms=536195.4 eval=0 prior=0
[inst] req=13647872 hits=4331271 fwd=18196 rows=9315860 fwd_ms=536510.2 eval=0 prior=0
[inst] req=13656064 hits=4334068 fwd=18206 rows=9320980 fwd_ms=536796.5 eval=0 prior=0
[inst] req=13664256 hits=4336766 fwd=18217 rows=9326612 fwd_ms=537111.6 eval=0 prior=0
[inst] req=13672448 hits=4339531 fwd=18228 rows=9332244 fwd_ms=537426.4 eval=0 prior=0
[inst] req=13680640 hits=4342353 fwd=18238 rows=9337364 fwd_ms=537712.6 eval=0 prior=0
[inst] req=13688832 hits=4345157 fwd=18249 rows=9342996 fwd_ms=538027.8 eval=0 prior=0
[inst] req=13697024 hits=4347866 fwd=18260 rows=9348628 fwd_ms=538342.6 eval=0 prior=0
[inst] req=13705216 hits=4350460 fwd=18270 rows=9353748 fwd_ms=538628.8 eval=0 prior=0
[inst] req=13713408 hits=4353037 fwd=18281 rows=9359380 fwd_ms=538943.8 eval=0 prior=0
[inst] req=13721600 hits=4355853 fwd=18292 rows=9365012 fwd_ms=539258.5 eval=0 prior=0
[inst] req=13729792 hits=4358455 fwd=18303 rows=9370644 fwd_ms=539573.2 eval=0 prior=0
[inst] req=13737984 hits=4361132 fwd=18314 rows=9376276 fwd_ms=539888.1 eval=0 prior=0
[inst] req=13746176 hits=4363777 fwd=18324 rows=9381396 fwd_ms=540174.0 eval=0 prior=0
[inst] req=13754368 hits=4366412 fwd=18335 rows=9387028 fwd_ms=540488.6 eval=0 prior=0
[inst] req=13762560 hits=4369120 fwd=18346 rows=9392660 fwd_ms=540803.1 eval=0 prior=0
[inst] req=13770752 hits=4371771 fwd=18357 rows=9398292 fwd_ms=541117.8 eval=0 prior=0
[inst] req=13778944 hits=4374398 fwd=18368 rows=9403924 fwd_ms=541432.5 eval=0 prior=0
[inst] req=13787136 hits=4377071 fwd=18378 rows=9409044 fwd_ms=541718.7 eval=0 prior=0
[inst] req=13795328 hits=4379727 fwd=18389 rows=9414676 fwd_ms=542033.4 eval=0 prior=0
[inst] req=13803520 hits=4382384 fwd=18400 rows=9420308 fwd_ms=542348.1 eval=0 prior=0
[inst] req=13811712 hits=4385016 fwd=18411 rows=9425940 fwd_ms=542662.9 eval=0 prior=0
[inst] req=13819904 hits=4387750 fwd=18422 rows=9431572 fwd_ms=542977.8 eval=0 prior=0
[inst] req=13828096 hits=4390502 fwd=18432 rows=9436692 fwd_ms=543264.0 eval=0 prior=0
[inst] req=13836288 hits=4393296 fwd=18443 rows=9442324 fwd_ms=543578.6 eval=0 prior=0
[inst] req=13844480 hits=4396184 fwd=18453 rows=9447444 fwd_ms=543864.7 eval=0 prior=0
[inst] req=13852672 hits=4399010 fwd=18464 rows=9453076 fwd_ms=544179.6 eval=0 prior=0
[inst] req=13860864 hits=4401844 fwd=18474 rows=9458196 fwd_ms=544465.5 eval=0 prior=0
[inst] req=13869056 hits=4404556 fwd=18485 rows=9463828 fwd_ms=544778.8 eval=0 prior=0
[inst] req=13877248 hits=4407182 fwd=18496 rows=9469460 fwd_ms=545092.3 eval=0 prior=0
[inst] req=13885440 hits=4409874 fwd=18506 rows=9474580 fwd_ms=545377.0 eval=0 prior=0
[inst] req=13893632 hits=4412591 fwd=18517 rows=9480212 fwd_ms=545690.4 eval=0 prior=0
[inst] req=13901824 hits=4415335 fwd=18528 rows=9485844 fwd_ms=546003.7 eval=0 prior=0
[inst] req=13910016 hits=4417905 fwd=18539 rows=9491476 fwd_ms=546317.0 eval=0 prior=0
[inst] req=13918208 hits=4420518 fwd=18550 rows=9497108 fwd_ms=546630.1 eval=0 prior=0
[inst] req=13926400 hits=4423205 fwd=18560 rows=9502228 fwd_ms=546915.0 eval=0 prior=0
[inst] req=13934592 hits=4425959 fwd=18571 rows=9507860 fwd_ms=547228.3 eval=0 prior=0
[inst] req=13942784 hits=4428627 fwd=18582 rows=9513492 fwd_ms=547541.7 eval=0 prior=0
[inst] req=13950976 hits=4431179 fwd=18593 rows=9519124 fwd_ms=547855.2 eval=0 prior=0
[inst] req=13959168 hits=4433969 fwd=18603 rows=9524244 fwd_ms=548140.1 eval=0 prior=0
[inst] req=13967360 hits=4436678 fwd=18614 rows=9529876 fwd_ms=548453.4 eval=0 prior=0
[inst] req=13975552 hits=4439453 fwd=18625 rows=9535508 fwd_ms=548766.8 eval=0 prior=0
[inst] req=13983744 hits=4442247 fwd=18635 rows=9540628 fwd_ms=549051.7 eval=0 prior=0
[inst] req=13991936 hits=4445054 fwd=18646 rows=9546260 fwd_ms=549365.1 eval=0 prior=0
[inst] req=14000128 hits=4447732 fwd=18656 rows=9551380 fwd_ms=549650.1 eval=0 prior=0
[inst] req=14008320 hits=4450545 fwd=18667 rows=9557012 fwd_ms=549963.5 eval=0 prior=0
[inst] req=14016512 hits=4453251 fwd=18678 rows=9562644 fwd_ms=550276.8 eval=0 prior=0
[inst] req=14024704 hits=4455987 fwd=18688 rows=9567764 fwd_ms=550561.8 eval=0 prior=0
[inst] req=14032896 hits=4458697 fwd=18699 rows=9573396 fwd_ms=550875.2 eval=0 prior=0
[inst] req=14041088 hits=4461292 fwd=18710 rows=9579028 fwd_ms=551188.5 eval=0 prior=0
[inst] req=14049280 hits=4464014 fwd=18721 rows=9584660 fwd_ms=551501.8 eval=0 prior=0
[inst] req=14057472 hits=4466592 fwd=18732 rows=9590292 fwd_ms=551814.9 eval=0 prior=0
[inst] req=14065664 hits=4469277 fwd=18742 rows=9595412 fwd_ms=552099.5 eval=0 prior=0
[inst] req=14073856 hits=4471915 fwd=18753 rows=9601044 fwd_ms=552412.8 eval=0 prior=0
[inst] req=14082048 hits=4474587 fwd=18764 rows=9606676 fwd_ms=552725.9 eval=0 prior=0
[inst] req=14090240 hits=4477270 fwd=18775 rows=9612308 fwd_ms=553039.1 eval=0 prior=0
[inst] req=14098432 hits=4479978 fwd=18786 rows=9617940 fwd_ms=553352.2 eval=0 prior=0
[inst] req=14106624 hits=4482711 fwd=18796 rows=9623060 fwd_ms=553638.1 eval=0 prior=0
[inst] req=14114816 hits=4485296 fwd=18807 rows=9628692 fwd_ms=553953.0 eval=0 prior=0
[inst] req=14123008 hits=4487931 fwd=18818 rows=9634324 fwd_ms=554267.8 eval=0 prior=0
[inst] req=14131200 hits=4490549 fwd=18829 rows=9639956 fwd_ms=554582.7 eval=0 prior=0
[inst] req=14139392 hits=4493154 fwd=18840 rows=9645588 fwd_ms=554897.5 eval=0 prior=0
[inst] req=14147584 hits=4495935 fwd=18850 rows=9650708 fwd_ms=555183.8 eval=0 prior=0
[inst] req=14155776 hits=4498528 fwd=18861 rows=9656340 fwd_ms=555498.7 eval=0 prior=0
[inst] req=14163968 hits=4501182 fwd=18872 rows=9661972 fwd_ms=555813.6 eval=0 prior=0
[inst] req=14172160 hits=4503873 fwd=18883 rows=9667604 fwd_ms=556128.5 eval=0 prior=0
[inst] req=14180352 hits=4506521 fwd=18894 rows=9673236 fwd_ms=556443.5 eval=0 prior=0
[inst] req=14188544 hits=4509273 fwd=18904 rows=9678356 fwd_ms=556729.9 eval=0 prior=0
[inst] req=14196736 hits=4512036 fwd=18915 rows=9683988 fwd_ms=557044.8 eval=0 prior=0
[inst] req=14204928 hits=4514604 fwd=18926 rows=9689620 fwd_ms=557359.6 eval=0 prior=0
[inst] req=14213120 hits=4517274 fwd=18937 rows=9695252 fwd_ms=557674.4 eval=0 prior=0
[inst] req=14221312 hits=4519903 fwd=18948 rows=9700884 fwd_ms=557989.2 eval=0 prior=0
[inst] req=14229504 hits=4522529 fwd=18958 rows=9706004 fwd_ms=558275.5 eval=0 prior=0
[inst] req=14237696 hits=4525145 fwd=18969 rows=9711636 fwd_ms=558590.5 eval=0 prior=0
[inst] req=14245888 hits=4527994 fwd=18980 rows=9717268 fwd_ms=558905.5 eval=0 prior=0
[inst] req=14254080 hits=4530727 fwd=18990 rows=9722388 fwd_ms=559191.8 eval=0 prior=0
[inst] req=14262272 hits=4533390 fwd=19001 rows=9728020 fwd_ms=559506.8 eval=0 prior=0
[inst] req=14270464 hits=4536074 fwd=19012 rows=9733652 fwd_ms=559821.8 eval=0 prior=0
[inst] req=14278656 hits=4538696 fwd=19023 rows=9739284 fwd_ms=560136.6 eval=0 prior=0
[inst] req=14286848 hits=4541430 fwd=19033 rows=9744404 fwd_ms=560422.9 eval=0 prior=0
[inst] req=14295040 hits=4544097 fwd=19044 rows=9750036 fwd_ms=560738.2 eval=0 prior=0
[inst] req=14303232 hits=4546745 fwd=19055 rows=9755668 fwd_ms=561053.6 eval=0 prior=0
[inst] req=14311424 hits=4549456 fwd=19066 rows=9761300 fwd_ms=561369.0 eval=0 prior=0
[inst] req=14319616 hits=4552142 fwd=19077 rows=9766932 fwd_ms=561684.3 eval=0 prior=0
[inst] req=14327808 hits=4554853 fwd=19087 rows=9772052 fwd_ms=561970.7 eval=0 prior=0
[inst] req=14336000 hits=4557584 fwd=19098 rows=9777684 fwd_ms=562285.3 eval=0 prior=0
[inst] req=14344192 hits=4560193 fwd=19109 rows=9783316 fwd_ms=562600.0 eval=0 prior=0
[inst] req=14352384 hits=4563005 fwd=19119 rows=9788436 fwd_ms=562886.5 eval=0 prior=0
[inst] req=14360576 hits=4565872 fwd=19130 rows=9794068 fwd_ms=563201.5 eval=0 prior=0
[inst] req=14368768 hits=4568610 fwd=19140 rows=9799188 fwd_ms=563487.9 eval=0 prior=0
[inst] req=14376960 hits=4571395 fwd=19151 rows=9804820 fwd_ms=563802.9 eval=0 prior=0
[inst] req=14385152 hits=4574027 fwd=19162 rows=9810452 fwd_ms=564118.0 eval=0 prior=0
[inst] req=14393344 hits=4576663 fwd=19173 rows=9816084 fwd_ms=564433.1 eval=0 prior=0
[inst] req=14401536 hits=4579330 fwd=19183 rows=9821204 fwd_ms=564719.4 eval=0 prior=0
[inst] req=14409728 hits=4582120 fwd=19194 rows=9826836 fwd_ms=565034.6 eval=0 prior=0
[inst] req=14417920 hits=4584815 fwd=19205 rows=9832468 fwd_ms=565349.6 eval=0 prior=0
[inst] req=14426112 hits=4587486 fwd=19216 rows=9838100 fwd_ms=565664.7 eval=0 prior=0
[inst] req=14434304 hits=4590224 fwd=19226 rows=9843220 fwd_ms=565950.9 eval=0 prior=0
[inst] req=14442496 hits=4592926 fwd=19237 rows=9848852 fwd_ms=566265.9 eval=0 prior=0
[inst] req=14450688 hits=4595634 fwd=19248 rows=9854484 fwd_ms=566581.0 eval=0 prior=0
[inst] req=14458880 hits=4598351 fwd=19258 rows=9859604 fwd_ms=566867.8 eval=0 prior=0
[inst] req=14467072 hits=4601082 fwd=19269 rows=9865236 fwd_ms=567700.8 eval=0 prior=0
[inst] req=14475264 hits=4603733 fwd=19280 rows=9870868 fwd_ms=568529.1 eval=0 prior=0
[inst] req=14483456 hits=4606383 fwd=19291 rows=9876500 fwd_ms=569345.4 eval=0 prior=0
[inst] req=14491648 hits=4609038 fwd=19301 rows=9881620 fwd_ms=570141.6 eval=0 prior=0
[inst] req=14499840 hits=4611680 fwd=19312 rows=9887252 fwd_ms=570969.0 eval=0 prior=0
[inst] req=14508032 hits=4614415 fwd=19323 rows=9892884 fwd_ms=571813.7 eval=0 prior=0
[inst] req=14516224 hits=4616959 fwd=19334 rows=9898516 fwd_ms=572663.5 eval=0 prior=0
[inst] req=14524416 hits=4619657 fwd=19345 rows=9904148 fwd_ms=573442.3 eval=0 prior=0
[inst] req=14532608 hits=4622344 fwd=19355 rows=9909268 fwd_ms=574123.7 eval=0 prior=0
[inst] req=14540800 hits=4625060 fwd=19366 rows=9914900 fwd_ms=575069.6 eval=0 prior=0
[inst] req=14548992 hits=4627667 fwd=19377 rows=9920532 fwd_ms=575935.2 eval=0 prior=0
[inst] req=14557184 hits=4630356 fwd=19388 rows=9926164 fwd_ms=576708.8 eval=0 prior=0
[inst] req=14565376 hits=4633021 fwd=19399 rows=9931796 fwd_ms=577582.4 eval=0 prior=0
[inst] req=14573568 hits=4635797 fwd=19409 rows=9936916 fwd_ms=578330.5 eval=0 prior=0
[inst] req=14581760 hits=4638544 fwd=19420 rows=9942548 fwd_ms=579151.8 eval=0 prior=0
[inst] req=14589952 hits=4641272 fwd=19430 rows=9947668 fwd_ms=579943.6 eval=0 prior=0
[inst] req=14598144 hits=4644126 fwd=19441 rows=9953300 fwd_ms=580761.1 eval=0 prior=0
[inst] req=14606336 hits=4647069 fwd=19451 rows=9958420 fwd_ms=581438.1 eval=0 prior=0
[inst] req=14614528 hits=4649882 fwd=19462 rows=9964052 fwd_ms=582262.5 eval=0 prior=0
[inst] req=14622720 hits=4652605 fwd=19472 rows=9969172 fwd_ms=583027.6 eval=0 prior=0
[inst] req=14630912 hits=4655377 fwd=19483 rows=9974804 fwd_ms=583828.2 eval=0 prior=0
[inst] req=14639104 hits=4658016 fwd=19494 rows=9980436 fwd_ms=584484.7 eval=0 prior=0
[inst] req=14647296 hits=4660722 fwd=19504 rows=9985556 fwd_ms=584773.4 eval=0 prior=0
[inst] req=14655488 hits=4663485 fwd=19515 rows=9991188 fwd_ms=585089.3 eval=0 prior=0
[inst] req=14663680 hits=4666576 fwd=19525 rows=9996308 fwd_ms=585380.0 eval=0 prior=0
[inst] req=14671872 hits=4667270 fwd=19540 rows=10003988 fwd_ms=585818.5 eval=0 prior=0
[inst] req=14680064 hits=4667836 fwd=19555 rows=10011668 fwd_ms=586246.2 eval=0 prior=0
[inst] req=14688256 hits=4668680 fwd=19569 rows=10018836 fwd_ms=586645.6 eval=0 prior=0
[inst] req=14696448 hits=4669838 fwd=19583 rows=10026004 fwd_ms=587044.9 eval=0 prior=0
[inst] req=14704640 hits=4671307 fwd=19596 rows=10032660 fwd_ms=587415.5 eval=0 prior=0
[inst] req=14712832 hits=4673128 fwd=19608 rows=10038804 fwd_ms=587757.7 eval=0 prior=0
[inst] req=14721024 hits=4675345 fwd=19620 rows=10044948 fwd_ms=588099.8 eval=0 prior=0
[inst] req=14729216 hits=4677786 fwd=19631 rows=10050580 fwd_ms=588413.4 eval=0 prior=0
[inst] req=14737408 hits=4680315 fwd=19642 rows=10056212 fwd_ms=588727.6 eval=0 prior=0
[inst] req=14745600 hits=4683069 fwd=19653 rows=10061844 fwd_ms=589042.9 eval=0 prior=0
[inst] req=14753792 hits=4685734 fwd=19664 rows=10067476 fwd_ms=589358.0 eval=0 prior=0
[inst] req=14761984 hits=4688485 fwd=19674 rows=10072596 fwd_ms=589644.3 eval=0 prior=0
[inst] req=14770176 hits=4691162 fwd=19685 rows=10078228 fwd_ms=589959.4 eval=0 prior=0
[inst] req=14778368 hits=4693826 fwd=19696 rows=10083860 fwd_ms=590274.6 eval=0 prior=0
[inst] req=14786560 hits=4696696 fwd=19706 rows=10088980 fwd_ms=590561.0 eval=0 prior=0
[inst] req=14794752 hits=4699566 fwd=19717 rows=10094612 fwd_ms=590876.2 eval=0 prior=0
[inst] req=14802944 hits=4702455 fwd=19727 rows=10099732 fwd_ms=591162.7 eval=0 prior=0
[inst] req=14811136 hits=4705336 fwd=19737 rows=10104852 fwd_ms=591449.2 eval=0 prior=0
[inst] req=14819328 hits=4708210 fwd=19748 rows=10110484 fwd_ms=591764.3 eval=0 prior=0
[inst] req=14827520 hits=4711242 fwd=19758 rows=10115604 fwd_ms=592050.8 eval=0 prior=0
[inst] req=14835712 hits=4714160 fwd=19768 rows=10120724 fwd_ms=592337.3 eval=0 prior=0
[inst] req=14843904 hits=4717025 fwd=19779 rows=10126356 fwd_ms=592652.1 eval=0 prior=0
[inst] req=14852096 hits=4719749 fwd=19789 rows=10131476 fwd_ms=592938.1 eval=0 prior=0
[inst] req=14860288 hits=4722454 fwd=19800 rows=10137108 fwd_ms=593251.6 eval=0 prior=0
[inst] req=14868480 hits=4725400 fwd=19810 rows=10142228 fwd_ms=593536.3 eval=0 prior=0
[inst] req=14876672 hits=4728302 fwd=19820 rows=10147348 fwd_ms=593821.0 eval=0 prior=0
[inst] req=14884864 hits=4731259 fwd=19831 rows=10152980 fwd_ms=594134.0 eval=0 prior=0
[inst] req=14893056 hits=4734126 fwd=19841 rows=10158100 fwd_ms=594418.3 eval=0 prior=0
[inst] req=14901248 hits=4737111 fwd=19851 rows=10163220 fwd_ms=594702.8 eval=0 prior=0
[inst] req=14909440 hits=4740118 fwd=19861 rows=10168340 fwd_ms=594986.5 eval=0 prior=0
[inst] req=14917632 hits=4743094 fwd=19872 rows=10173972 fwd_ms=595298.5 eval=0 prior=0
[inst] req=14925824 hits=4746091 fwd=19882 rows=10179092 fwd_ms=595582.0 eval=0 prior=0
[inst] req=14934016 hits=4748971 fwd=19892 rows=10184212 fwd_ms=595866.2 eval=0 prior=0
[inst] req=14942208 hits=4751665 fwd=19903 rows=10189844 fwd_ms=596178.0 eval=0 prior=0
[inst] req=14950400 hits=4754491 fwd=19913 rows=10194964 fwd_ms=596461.7 eval=0 prior=0
[inst] req=14958592 hits=4757255 fwd=19924 rows=10200596 fwd_ms=596773.9 eval=0 prior=0
[inst] req=14966784 hits=4760074 fwd=19934 rows=10205716 fwd_ms=597057.6 eval=0 prior=0
[inst] req=14974976 hits=4762845 fwd=19945 rows=10211348 fwd_ms=597369.6 eval=0 prior=0
[inst] req=14983168 hits=4765876 fwd=19955 rows=10216468 fwd_ms=597653.4 eval=0 prior=0
[inst] req=14991360 hits=4768750 fwd=19965 rows=10221588 fwd_ms=597936.8 eval=0 prior=0
[inst] req=14999552 hits=4771650 fwd=19976 rows=10227220 fwd_ms=598249.1 eval=0 prior=0
[inst] req=15007744 hits=4774572 fwd=19986 rows=10232340 fwd_ms=598532.6 eval=0 prior=0
[inst] req=15015936 hits=4777525 fwd=19996 rows=10237460 fwd_ms=598816.5 eval=0 prior=0
[inst] req=15024128 hits=4780315 fwd=20007 rows=10243092 fwd_ms=599128.8 eval=0 prior=0
[inst] req=15032320 hits=4783170 fwd=20017 rows=10248212 fwd_ms=599412.5 eval=0 prior=0
[inst] req=15040512 hits=4786011 fwd=20028 rows=10253844 fwd_ms=599725.0 eval=0 prior=0
[inst] req=15048704 hits=4788940 fwd=20038 rows=10258964 fwd_ms=600009.4 eval=0 prior=0
[inst] req=15056896 hits=4791813 fwd=20048 rows=10264084 fwd_ms=600293.6 eval=0 prior=0
[inst] req=15065088 hits=4794649 fwd=20059 rows=10269716 fwd_ms=600606.5 eval=0 prior=0
[inst] req=15073280 hits=4797619 fwd=20069 rows=10274836 fwd_ms=600891.0 eval=0 prior=0
[inst] req=15081472 hits=4800523 fwd=20079 rows=10279956 fwd_ms=601175.8 eval=0 prior=0
[inst] req=15089664 hits=4803438 fwd=20090 rows=10285588 fwd_ms=601488.7 eval=0 prior=0
[inst] req=15097856 hits=4806403 fwd=20100 rows=10290708 fwd_ms=601773.4 eval=0 prior=0
[inst] req=15106048 hits=4809347 fwd=20110 rows=10295828 fwd_ms=602057.9 eval=0 prior=0
[inst] req=15114240 hits=4812302 fwd=20120 rows=10300948 fwd_ms=602342.3 eval=0 prior=0
[inst] req=15122432 hits=4815113 fwd=20131 rows=10306580 fwd_ms=602655.3 eval=0 prior=0
[inst] req=15130624 hits=4817945 fwd=20141 rows=10311700 fwd_ms=602939.8 eval=0 prior=0
[inst] req=15138816 hits=4820880 fwd=20152 rows=10317332 fwd_ms=603252.9 eval=0 prior=0
[inst] req=15147008 hits=4823715 fwd=20162 rows=10322452 fwd_ms=603537.7 eval=0 prior=0
[inst] req=15155200 hits=4826652 fwd=20172 rows=10327572 fwd_ms=603822.3 eval=0 prior=0
[inst] req=15163392 hits=4829537 fwd=20183 rows=10333204 fwd_ms=604135.4 eval=0 prior=0
[inst] req=15171584 hits=4832414 fwd=20193 rows=10338324 fwd_ms=604420.0 eval=0 prior=0
[inst] req=15179776 hits=4835326 fwd=20203 rows=10343444 fwd_ms=604705.0 eval=0 prior=0
[inst] req=15187968 hits=4838206 fwd=20214 rows=10349076 fwd_ms=605018.3 eval=0 prior=0
[inst] req=15196160 hits=4841114 fwd=20224 rows=10354196 fwd_ms=605303.0 eval=0 prior=0
[inst] req=15204352 hits=4844066 fwd=20234 rows=10359316 fwd_ms=605587.8 eval=0 prior=0
[inst] req=15212544 hits=4846828 fwd=20245 rows=10364948 fwd_ms=605900.9 eval=0 prior=0
[inst] req=15220736 hits=4849523 fwd=20256 rows=10370580 fwd_ms=606214.0 eval=0 prior=0
[inst] req=15228928 hits=4852378 fwd=20266 rows=10375700 fwd_ms=606498.6 eval=0 prior=0
[inst] req=15237120 hits=4855183 fwd=20277 rows=10381332 fwd_ms=606812.8 eval=0 prior=0
[inst] req=15245312 hits=4857947 fwd=20287 rows=10386452 fwd_ms=607098.3 eval=0 prior=0
[inst] req=15253504 hits=4860866 fwd=20298 rows=10392084 fwd_ms=607411.3 eval=0 prior=0
[inst] req=15261696 hits=4863713 fwd=20308 rows=10397204 fwd_ms=607696.1 eval=0 prior=0
[inst] req=15269888 hits=4866592 fwd=20318 rows=10402324 fwd_ms=607980.9 eval=0 prior=0
[inst] req=15278080 hits=4869441 fwd=20329 rows=10407956 fwd_ms=608294.3 eval=0 prior=0
[inst] req=15286272 hits=4872494 fwd=20339 rows=10413076 fwd_ms=608579.3 eval=0 prior=0
[inst] req=15294464 hits=4875464 fwd=20349 rows=10418196 fwd_ms=608864.2 eval=0 prior=0
[inst] req=15302656 hits=4878305 fwd=20360 rows=10423828 fwd_ms=609177.8 eval=0 prior=0
[inst] req=15310848 hits=4881129 fwd=20370 rows=10428948 fwd_ms=609462.7 eval=0 prior=0
[inst] req=15319040 hits=4884023 fwd=20380 rows=10434068 fwd_ms=609747.6 eval=0 prior=0
[inst] req=15327232 hits=4886901 fwd=20391 rows=10439700 fwd_ms=610061.2 eval=0 prior=0
[inst] req=15335424 hits=4889752 fwd=20401 rows=10444820 fwd_ms=610346.2 eval=0 prior=0
[inst] req=15343616 hits=4892495 fwd=20412 rows=10450452 fwd_ms=610659.7 eval=0 prior=0
[inst] req=15351808 hits=4895521 fwd=20422 rows=10455572 fwd_ms=610944.8 eval=0 prior=0
[inst] req=15360000 hits=4898423 fwd=20432 rows=10460692 fwd_ms=611229.9 eval=0 prior=0
[inst] req=15368192 hits=4901237 fwd=20443 rows=10466324 fwd_ms=611543.2 eval=0 prior=0
[inst] req=15376384 hits=4904087 fwd=20453 rows=10471444 fwd_ms=611827.9 eval=0 prior=0
[inst] req=15384576 hits=4906988 fwd=20463 rows=10476564 fwd_ms=612112.6 eval=0 prior=0
[inst] req=15392768 hits=4909867 fwd=20474 rows=10482196 fwd_ms=612425.9 eval=0 prior=0
[inst] req=15400960 hits=4912847 fwd=20484 rows=10487316 fwd_ms=612710.7 eval=0 prior=0
[inst] req=15409152 hits=4915816 fwd=20494 rows=10492436 fwd_ms=612995.6 eval=0 prior=0
[inst] req=15417344 hits=4918738 fwd=20505 rows=10498068 fwd_ms=613308.7 eval=0 prior=0
[inst] req=15425536 hits=4921636 fwd=20515 rows=10503188 fwd_ms=613593.7 eval=0 prior=0
[inst] req=15433728 hits=4924602 fwd=20525 rows=10508308 fwd_ms=613878.5 eval=0 prior=0
[inst] req=15441920 hits=4927423 fwd=20536 rows=10513940 fwd_ms=614191.8 eval=0 prior=0
[inst] req=15450112 hits=4930435 fwd=20546 rows=10519060 fwd_ms=614476.6 eval=0 prior=0
[inst] req=15458304 hits=4933331 fwd=20556 rows=10524180 fwd_ms=614761.5 eval=0 prior=0
[inst] req=15466496 hits=4936416 fwd=20566 rows=10529300 fwd_ms=615046.6 eval=0 prior=0
[inst] req=15474688 hits=4939232 fwd=20577 rows=10534932 fwd_ms=615360.0 eval=0 prior=0
[inst] req=15482880 hits=4942066 fwd=20587 rows=10540052 fwd_ms=615644.8 eval=0 prior=0
[inst] req=15491072 hits=4945060 fwd=20597 rows=10545172 fwd_ms=615929.8 eval=0 prior=0
[inst] req=15499264 hits=4947936 fwd=20608 rows=10550804 fwd_ms=616243.1 eval=0 prior=0
[inst] req=15507456 hits=4950727 fwd=20618 rows=10555924 fwd_ms=616527.9 eval=0 prior=0
[inst] req=15515648 hits=4953608 fwd=20628 rows=10561044 fwd_ms=616812.9 eval=0 prior=0
[inst] req=15523840 hits=4956435 fwd=20639 rows=10566676 fwd_ms=617126.0 eval=0 prior=0
[inst] req=15532032 hits=4959269 fwd=20649 rows=10571796 fwd_ms=617410.7 eval=0 prior=0
[inst] req=15540224 hits=4962204 fwd=20660 rows=10577428 fwd_ms=617723.9 eval=0 prior=0
[inst] req=15548416 hits=4965145 fwd=20670 rows=10582548 fwd_ms=618008.9 eval=0 prior=0
[inst] req=15556608 hits=4968187 fwd=20680 rows=10587668 fwd_ms=618293.8 eval=0 prior=0
[inst] req=15564800 hits=4971043 fwd=20690 rows=10592788 fwd_ms=618578.7 eval=0 prior=0
[inst] req=15572992 hits=4973834 fwd=20701 rows=10598420 fwd_ms=618892.3 eval=0 prior=0
[inst] req=15581184 hits=4976709 fwd=20711 rows=10603540 fwd_ms=619177.1 eval=0 prior=0
[inst] req=15589376 hits=4979615 fwd=20722 rows=10609172 fwd_ms=619490.3 eval=0 prior=0
[inst] req=15597568 hits=4982477 fwd=20732 rows=10614292 fwd_ms=619775.1 eval=0 prior=0
[inst] req=15605760 hits=4985437 fwd=20742 rows=10619412 fwd_ms=620060.1 eval=0 prior=0
[inst] req=15613952 hits=4988367 fwd=20753 rows=10625044 fwd_ms=620373.5 eval=0 prior=0
[inst] req=15622144 hits=4991242 fwd=20763 rows=10630164 fwd_ms=620658.3 eval=0 prior=0
[inst] req=15630336 hits=4994326 fwd=20773 rows=10635284 fwd_ms=620943.2 eval=0 prior=0
[inst] req=15638528 hits=4997254 fwd=20783 rows=10640404 fwd_ms=621228.0 eval=0 prior=0
[inst] req=15646720 hits=5000265 fwd=20793 rows=10645524 fwd_ms=621513.0 eval=0 prior=0
[inst] req=15654912 hits=5003247 fwd=20803 rows=10650644 fwd_ms=621797.9 eval=0 prior=0
[inst] req=15663104 hits=5006063 fwd=20814 rows=10656276 fwd_ms=622111.2 eval=0 prior=0
[inst] req=15671296 hits=5009108 fwd=20824 rows=10661396 fwd_ms=622396.1 eval=0 prior=0
[inst] req=15679488 hits=5012006 fwd=20834 rows=10666516 fwd_ms=622681.0 eval=0 prior=0
[inst] req=15687680 hits=5014805 fwd=20845 rows=10672148 fwd_ms=622994.2 eval=0 prior=0
[inst] req=15695872 hits=5017649 fwd=20855 rows=10677268 fwd_ms=623279.0 eval=0 prior=0
[inst] req=15704064 hits=5020469 fwd=20866 rows=10682900 fwd_ms=623592.3 eval=0 prior=0
[inst] req=15712256 hits=5023309 fwd=20876 rows=10688020 fwd_ms=623877.1 eval=0 prior=0
[inst] req=15720448 hits=5026027 fwd=20887 rows=10693652 fwd_ms=624190.3 eval=0 prior=0
[inst] req=15728640 hits=5028942 fwd=20897 rows=10698772 fwd_ms=624475.1 eval=0 prior=0
[inst] req=15736832 hits=5031812 fwd=20908 rows=10704404 fwd_ms=624788.3 eval=0 prior=0
[inst] req=15745024 hits=5034645 fwd=20918 rows=10709524 fwd_ms=625073.2 eval=0 prior=0
[inst] req=15753216 hits=5037613 fwd=20928 rows=10714644 fwd_ms=625357.9 eval=0 prior=0
[inst] req=15761408 hits=5040482 fwd=20939 rows=10720276 fwd_ms=625671.2 eval=0 prior=0
[inst] req=15769600 hits=5043462 fwd=20949 rows=10725396 fwd_ms=625956.0 eval=0 prior=0
[inst] req=15777792 hits=5046392 fwd=20959 rows=10730516 fwd_ms=626241.1 eval=0 prior=0
[inst] req=15785984 hits=5049216 fwd=20970 rows=10736148 fwd_ms=626554.3 eval=0 prior=0
[inst] req=15794176 hits=5052000 fwd=20980 rows=10741268 fwd_ms=626839.3 eval=0 prior=0
[inst] req=15802368 hits=5054791 fwd=20991 rows=10746900 fwd_ms=627152.7 eval=0 prior=0
[inst] req=15810560 hits=5057598 fwd=21001 rows=10752020 fwd_ms=627437.5 eval=0 prior=0
[inst] req=15818752 hits=5060456 fwd=21012 rows=10757652 fwd_ms=627750.9 eval=0 prior=0
[inst] req=15826944 hits=5063307 fwd=21022 rows=10762772 fwd_ms=628036.0 eval=0 prior=0
[inst] req=15835136 hits=5066178 fwd=21033 rows=10768404 fwd_ms=628349.4 eval=0 prior=0
[inst] req=15843328 hits=5068959 fwd=21043 rows=10773524 fwd_ms=628634.4 eval=0 prior=0
[inst] req=15851520 hits=5071803 fwd=21054 rows=10779156 fwd_ms=628948.0 eval=0 prior=0
[inst] req=15859712 hits=5074672 fwd=21064 rows=10784276 fwd_ms=629233.0 eval=0 prior=0
[inst] req=15867904 hits=5077608 fwd=21074 rows=10789396 fwd_ms=629518.0 eval=0 prior=0
[inst] req=15876096 hits=5080399 fwd=21085 rows=10795028 fwd_ms=629831.5 eval=0 prior=0
[inst] req=15884288 hits=5083208 fwd=21095 rows=10800148 fwd_ms=630116.5 eval=0 prior=0
[inst] req=15892480 hits=5085933 fwd=21106 rows=10805780 fwd_ms=630430.1 eval=0 prior=0
[inst] req=15900672 hits=5088823 fwd=21116 rows=10810900 fwd_ms=630715.3 eval=0 prior=0
[inst] req=15908864 hits=5091710 fwd=21127 rows=10816532 fwd_ms=631028.9 eval=0 prior=0
[inst] req=15917056 hits=5094688 fwd=21137 rows=10821652 fwd_ms=631313.8 eval=0 prior=0
[inst] req=15925248 hits=5097613 fwd=21147 rows=10826772 fwd_ms=631598.8 eval=0 prior=0
[inst] req=15933440 hits=5100631 fwd=21157 rows=10831892 fwd_ms=631883.8 eval=0 prior=0
[inst] req=15941632 hits=5103513 fwd=21168 rows=10837524 fwd_ms=632197.2 eval=0 prior=0
[inst] req=15949824 hits=5106292 fwd=21178 rows=10842644 fwd_ms=632482.1 eval=0 prior=0
[inst] req=15958016 hits=5109321 fwd=21188 rows=10847764 fwd_ms=632766.9 eval=0 prior=0
[inst] req=15966208 hits=5112054 fwd=21199 rows=10853396 fwd_ms=633080.3 eval=0 prior=0
[inst] req=15974400 hits=5114851 fwd=21210 rows=10859028 fwd_ms=633393.5 eval=0 prior=0
[inst] req=15982592 hits=5117682 fwd=21220 rows=10864148 fwd_ms=633678.4 eval=0 prior=0
[inst] req=15990784 hits=5120456 fwd=21231 rows=10869780 fwd_ms=633991.9 eval=0 prior=0
[inst] req=15998976 hits=5123356 fwd=21241 rows=10874900 fwd_ms=634276.9 eval=0 prior=0
[inst] req=16007168 hits=5126246 fwd=21251 rows=10880020 fwd_ms=634562.0 eval=0 prior=0
[inst] req=16015360 hits=5129239 fwd=21261 rows=10885140 fwd_ms=634847.1 eval=0 prior=0
[inst] req=16023552 hits=5132117 fwd=21272 rows=10890772 fwd_ms=635160.6 eval=0 prior=0
[inst] req=16031744 hits=5134954 fwd=21282 rows=10895892 fwd_ms=635445.6 eval=0 prior=0
[inst] req=16039936 hits=5137747 fwd=21293 rows=10901524 fwd_ms=635759.0 eval=0 prior=0
[inst] req=16048128 hits=5140603 fwd=21303 rows=10906644 fwd_ms=636043.7 eval=0 prior=0
[inst] req=16056320 hits=5143566 fwd=21313 rows=10911764 fwd_ms=636328.4 eval=0 prior=0
[inst] req=16064512 hits=5146585 fwd=21324 rows=10917396 fwd_ms=636641.6 eval=0 prior=0
[inst] req=16072704 hits=5149529 fwd=21334 rows=10922516 fwd_ms=636926.5 eval=0 prior=0
[inst] req=16080896 hits=5152462 fwd=21344 rows=10927636 fwd_ms=637211.5 eval=0 prior=0
[inst] req=16089088 hits=5155306 fwd=21355 rows=10933268 fwd_ms=637525.2 eval=0 prior=0
[inst] req=16097280 hits=5158153 fwd=21365 rows=10938388 fwd_ms=637810.0 eval=0 prior=0
[inst] req=16105472 hits=5161148 fwd=21375 rows=10943508 fwd_ms=638095.0 eval=0 prior=0
[inst] req=16113664 hits=5163939 fwd=21386 rows=10949140 fwd_ms=638408.5 eval=0 prior=0
[inst] req=16121856 hits=5166783 fwd=21396 rows=10954260 fwd_ms=638693.3 eval=0 prior=0
[inst] req=16130048 hits=5169650 fwd=21406 rows=10959380 fwd_ms=638978.2 eval=0 prior=0
[inst] req=16138240 hits=5172531 fwd=21417 rows=10965012 fwd_ms=639291.8 eval=0 prior=0
[inst] req=16146432 hits=5175394 fwd=21427 rows=10970132 fwd_ms=639576.7 eval=0 prior=0
[inst] req=16154624 hits=5178277 fwd=21438 rows=10975764 fwd_ms=639890.2 eval=0 prior=0
[inst] req=16162816 hits=5181161 fwd=21448 rows=10980884 fwd_ms=640175.1 eval=0 prior=0
[inst] req=16171008 hits=5184031 fwd=21458 rows=10986004 fwd_ms=640460.0 eval=0 prior=0
[inst] req=16179200 hits=5186847 fwd=21469 rows=10991636 fwd_ms=640773.3 eval=0 prior=0
[inst] req=16187392 hits=5189692 fwd=21479 rows=10996756 fwd_ms=641058.2 eval=0 prior=0
[inst] req=16195584 hits=5192557 fwd=21490 rows=11002388 fwd_ms=641371.8 eval=0 prior=0
[inst] req=16203776 hits=5195495 fwd=21500 rows=11007508 fwd_ms=641656.8 eval=0 prior=0
[inst] req=16211968 hits=5198382 fwd=21510 rows=11012628 fwd_ms=641941.8 eval=0 prior=0
[inst] req=16220160 hits=5201212 fwd=21521 rows=11018260 fwd_ms=642255.2 eval=0 prior=0
[inst] req=16228352 hits=5204079 fwd=21531 rows=11023380 fwd_ms=642540.2 eval=0 prior=0
[inst] req=16236544 hits=5206913 fwd=21542 rows=11029012 fwd_ms=642853.7 eval=0 prior=0
[inst] req=16244736 hits=5209695 fwd=21552 rows=11034132 fwd_ms=643138.5 eval=0 prior=0
[inst] req=16252928 hits=5212640 fwd=21563 rows=11039764 fwd_ms=643451.9 eval=0 prior=0
[inst] req=16261120 hits=5215525 fwd=21573 rows=11044884 fwd_ms=643737.1 eval=0 prior=0
[inst] req=16269312 hits=5218370 fwd=21583 rows=11050004 fwd_ms=644021.9 eval=0 prior=0
[inst] req=16277504 hits=5221163 fwd=21594 rows=11055636 fwd_ms=644335.4 eval=0 prior=0
[inst] req=16285696 hits=5223934 fwd=21604 rows=11060756 fwd_ms=644620.3 eval=0 prior=0
[inst] req=16293888 hits=5226776 fwd=21615 rows=11066388 fwd_ms=644933.6 eval=0 prior=0
[inst] req=16302080 hits=5229576 fwd=21625 rows=11071508 fwd_ms=645218.5 eval=0 prior=0
[inst] req=16310272 hits=5232503 fwd=21636 rows=11077140 fwd_ms=645531.9 eval=0 prior=0
[inst] req=16318464 hits=5235311 fwd=21646 rows=11082260 fwd_ms=645816.7 eval=0 prior=0
[inst] req=16326656 hits=5238199 fwd=21657 rows=11087892 fwd_ms=646130.3 eval=0 prior=0
[inst] req=16334848 hits=5241076 fwd=21667 rows=11093012 fwd_ms=646415.1 eval=0 prior=0
[inst] req=16343040 hits=5244025 fwd=21677 rows=11098132 fwd_ms=646700.1 eval=0 prior=0
[inst] req=16351232 hits=5246962 fwd=21687 rows=11103252 fwd_ms=646984.9 eval=0 prior=0
[inst] req=16359424 hits=5249716 fwd=21698 rows=11108884 fwd_ms=647298.3 eval=0 prior=0
[inst] req=16367616 hits=5252507 fwd=21709 rows=11114516 fwd_ms=647611.8 eval=0 prior=0
[inst] req=16375808 hits=5255384 fwd=21719 rows=11119636 fwd_ms=647896.8 eval=0 prior=0
[inst] req=16384000 hits=5258417 fwd=21729 rows=11124756 fwd_ms=648181.7 eval=0 prior=0
[inst] req=16392192 hits=5261304 fwd=21739 rows=11129876 fwd_ms=648466.7 eval=0 prior=0
[inst] req=16400384 hits=5264259 fwd=21750 rows=11135508 fwd_ms=648780.4 eval=0 prior=0
[inst] req=16408576 hits=5267178 fwd=21760 rows=11140628 fwd_ms=649065.4 eval=0 prior=0
[inst] req=16416768 hits=5270153 fwd=21770 rows=11145748 fwd_ms=649350.6 eval=0 prior=0
[inst] req=16424960 hits=5273053 fwd=21781 rows=11151380 fwd_ms=649664.0 eval=0 prior=0
[inst] req=16433152 hits=5275853 fwd=21791 rows=11156500 fwd_ms=649948.9 eval=0 prior=0
[inst] req=16441344 hits=5278790 fwd=21801 rows=11161620 fwd_ms=650233.6 eval=0 prior=0
[inst] req=16449536 hits=5281684 fwd=21812 rows=11167252 fwd_ms=650547.0 eval=0 prior=0
[inst] req=16457728 hits=5284589 fwd=21822 rows=11172372 fwd_ms=650831.9 eval=0 prior=0
[inst] req=16465920 hits=5287445 fwd=21832 rows=11177492 fwd_ms=651116.6 eval=0 prior=0
[inst] req=16474112 hits=5290228 fwd=21843 rows=11183124 fwd_ms=651430.1 eval=0 prior=0
[inst] req=16482304 hits=5292984 fwd=21854 rows=11188756 fwd_ms=651743.4 eval=0 prior=0
[inst] req=16490496 hits=5295863 fwd=21864 rows=11193876 fwd_ms=652028.6 eval=0 prior=0
[inst] req=16498688 hits=5298668 fwd=21874 rows=11198996 fwd_ms=652315.0 eval=0 prior=0
[inst] req=16506880 hits=5301690 fwd=21885 rows=11204628 fwd_ms=652630.0 eval=0 prior=0
[inst] req=16515072 hits=5304616 fwd=21895 rows=11209748 fwd_ms=652916.5 eval=0 prior=0
[inst] req=16523264 hits=5307612 fwd=21905 rows=11214868 fwd_ms=653202.8 eval=0 prior=0
[inst] req=16531456 hits=5310521 fwd=21915 rows=11219988 fwd_ms=653489.2 eval=0 prior=0
[inst] req=16539648 hits=5313341 fwd=21926 rows=11225620 fwd_ms=653804.2 eval=0 prior=0
[inst] req=16547840 hits=5316159 fwd=21936 rows=11230740 fwd_ms=654090.6 eval=0 prior=0
[inst] req=16556032 hits=5319135 fwd=21947 rows=11236372 fwd_ms=654405.5 eval=0 prior=0
[inst] req=16564224 hits=5321982 fwd=21957 rows=11241492 fwd_ms=654691.9 eval=0 prior=0
[inst] req=16572416 hits=5324741 fwd=21968 rows=11247124 fwd_ms=655006.8 eval=0 prior=0
[inst] req=16580608 hits=5327740 fwd=21978 rows=11252244 fwd_ms=655293.3 eval=0 prior=0
[inst] req=16588800 hits=5330655 fwd=21988 rows=11257364 fwd_ms=655579.9 eval=0 prior=0
[inst] req=16596992 hits=5333659 fwd=21998 rows=11262484 fwd_ms=655866.3 eval=0 prior=0
[inst] req=16605184 hits=5336703 fwd=22008 rows=11267604 fwd_ms=656152.7 eval=0 prior=0
[inst] req=16613376 hits=5339673 fwd=22018 rows=11272724 fwd_ms=656438.9 eval=0 prior=0
[inst] req=16621568 hits=5342465 fwd=22029 rows=11278356 fwd_ms=656753.9 eval=0 prior=0
[inst] req=16629760 hits=5345300 fwd=22039 rows=11283476 fwd_ms=657040.3 eval=0 prior=0
[inst] req=16637952 hits=5348165 fwd=22050 rows=11289108 fwd_ms=657355.3 eval=0 prior=0
[inst] req=16646144 hits=5350973 fwd=22060 rows=11294228 fwd_ms=657641.9 eval=0 prior=0
[inst] req=16654336 hits=5353814 fwd=22071 rows=11299860 fwd_ms=657957.2 eval=0 prior=0
[inst] req=16662528 hits=5356640 fwd=22081 rows=11304980 fwd_ms=658243.7 eval=0 prior=0
[inst] req=16670720 hits=5359562 fwd=22092 rows=11310612 fwd_ms=658558.5 eval=0 prior=0
[inst] req=16678912 hits=5362473 fwd=22102 rows=11315732 fwd_ms=658844.8 eval=0 prior=0
[inst] req=16687104 hits=5365419 fwd=22112 rows=11320852 fwd_ms=659131.0 eval=0 prior=0
[inst] req=16695296 hits=5368379 fwd=22122 rows=11325972 fwd_ms=659417.5 eval=0 prior=0
[inst] req=16703488 hits=5371249 fwd=22133 rows=11331604 fwd_ms=659732.5 eval=0 prior=0
[inst] req=16711680 hits=5374286 fwd=22143 rows=11336724 fwd_ms=660018.6 eval=0 prior=0
[inst] req=16719872 hits=5377049 fwd=22153 rows=11341844 fwd_ms=660304.8 eval=0 prior=0
[inst] req=16728064 hits=5379917 fwd=22164 rows=11347476 fwd_ms=660619.5 eval=0 prior=0
[inst] req=16736256 hits=5382785 fwd=22174 rows=11352596 fwd_ms=660905.9 eval=0 prior=0
[inst] req=16744448 hits=5385721 fwd=22184 rows=11357716 fwd_ms=661192.3 eval=0 prior=0
[inst] req=16752640 hits=5388712 fwd=22195 rows=11363348 fwd_ms=661507.5 eval=0 prior=0
[inst] req=16760832 hits=5391615 fwd=22205 rows=11368468 fwd_ms=661793.9 eval=0 prior=0
[inst] req=16769024 hits=5394444 fwd=22215 rows=11373588 fwd_ms=662080.3 eval=0 prior=0
[inst] req=16777216 hits=5397304 fwd=22226 rows=11379220 fwd_ms=662395.0 eval=0 prior=0
[inst] req=16785408 hits=5400221 fwd=22236 rows=11384340 fwd_ms=662681.3 eval=0 prior=0
[inst] req=16793600 hits=5403120 fwd=22246 rows=11389460 fwd_ms=662967.7 eval=0 prior=0
[inst] req=16801792 hits=5405991 fwd=22257 rows=11395092 fwd_ms=663282.8 eval=0 prior=0
[inst] req=16809984 hits=5408790 fwd=22267 rows=11400212 fwd_ms=663569.2 eval=0 prior=0
[inst] req=16818176 hits=5411727 fwd=22278 rows=11405844 fwd_ms=663884.2 eval=0 prior=0
[inst] req=16826368 hits=5414564 fwd=22288 rows=11410964 fwd_ms=664170.6 eval=0 prior=0
[inst] req=16834560 hits=5417345 fwd=22299 rows=11416596 fwd_ms=664485.7 eval=0 prior=0
[inst] req=16842752 hits=5420190 fwd=22309 rows=11421716 fwd_ms=664772.1 eval=0 prior=0
[inst] req=16850944 hits=5423249 fwd=22319 rows=11426836 fwd_ms=665058.7 eval=0 prior=0
[inst] req=16859136 hits=5426213 fwd=22329 rows=11431956 fwd_ms=665345.1 eval=0 prior=0
[inst] req=16867328 hits=5429228 fwd=22339 rows=11437076 fwd_ms=665631.3 eval=0 prior=0
[inst] req=16875520 hits=5432210 fwd=22350 rows=11442708 fwd_ms=665946.2 eval=0 prior=0
[inst] req=16883712 hits=5435201 fwd=22360 rows=11447828 fwd_ms=666232.6 eval=0 prior=0
[inst] req=16891904 hits=5438146 fwd=22370 rows=11452948 fwd_ms=666518.9 eval=0 prior=0
[inst] req=16900096 hits=5441080 fwd=22380 rows=11458068 fwd_ms=666805.1 eval=0 prior=0
[inst] req=16908288 hits=5443952 fwd=22391 rows=11463700 fwd_ms=667120.0 eval=0 prior=0
[inst] req=16916480 hits=5446763 fwd=22401 rows=11468820 fwd_ms=667406.3 eval=0 prior=0
[inst] req=16924672 hits=5449709 fwd=22411 rows=11473940 fwd_ms=667692.6 eval=0 prior=0
[inst] req=16932864 hits=5452539 fwd=22422 rows=11479572 fwd_ms=668007.6 eval=0 prior=0
[inst] req=16941056 hits=5455367 fwd=22432 rows=11484692 fwd_ms=668293.9 eval=0 prior=0
[inst] req=16949248 hits=5458202 fwd=22443 rows=11490324 fwd_ms=668609.1 eval=0 prior=0
[inst] req=16957440 hits=5461202 fwd=22453 rows=11495444 fwd_ms=668895.4 eval=0 prior=0
[inst] req=16965632 hits=5464122 fwd=22463 rows=11500564 fwd_ms=669181.9 eval=0 prior=0
[inst] req=16973824 hits=5467051 fwd=22474 rows=11506196 fwd_ms=669497.0 eval=0 prior=0
[inst] req=16982016 hits=5469907 fwd=22484 rows=11511316 fwd_ms=669783.2 eval=0 prior=0
[inst] req=16990208 hits=5472800 fwd=22494 rows=11516436 fwd_ms=670069.6 eval=0 prior=0
[inst] req=16998400 hits=5475820 fwd=22504 rows=11521556 fwd_ms=670355.9 eval=0 prior=0
[inst] req=17006592 hits=5478685 fwd=22515 rows=11527188 fwd_ms=670670.7 eval=0 prior=0
[inst] req=17014784 hits=5481541 fwd=22525 rows=11532308 fwd_ms=670957.0 eval=0 prior=0
[inst] req=17022976 hits=5484449 fwd=22536 rows=11537940 fwd_ms=671272.1 eval=0 prior=0
[inst] req=17031168 hits=5487247 fwd=22546 rows=11543060 fwd_ms=671558.4 eval=0 prior=0
[inst] req=17039360 hits=5490066 fwd=22557 rows=11548692 fwd_ms=671873.3 eval=0 prior=0
[inst] req=17047552 hits=5492892 fwd=22567 rows=11553812 fwd_ms=672159.3 eval=0 prior=0
[inst] req=17055744 hits=5495740 fwd=22578 rows=11559444 fwd_ms=672474.1 eval=0 prior=0
[inst] req=17063936 hits=5498515 fwd=22588 rows=11564564 fwd_ms=672760.3 eval=0 prior=0
[inst] req=17072128 hits=5501413 fwd=22599 rows=11570196 fwd_ms=673074.6 eval=0 prior=0
[inst] req=17080320 hits=5504334 fwd=22609 rows=11575316 fwd_ms=673359.5 eval=0 prior=0
[inst] req=17088512 hits=5507192 fwd=22619 rows=11580436 fwd_ms=673644.3 eval=0 prior=0
[inst] req=17096704 hits=5509987 fwd=22630 rows=11586068 fwd_ms=673957.7 eval=0 prior=0
[inst] req=17104896 hits=5512858 fwd=22640 rows=11591188 fwd_ms=674243.5 eval=0 prior=0
[inst] req=17113088 hits=5515666 fwd=22651 rows=11596820 fwd_ms=674558.1 eval=0 prior=0
[inst] req=17121280 hits=5518467 fwd=22661 rows=11601940 fwd_ms=674844.3 eval=0 prior=0
[inst] req=17129472 hits=5521403 fwd=22671 rows=11607060 fwd_ms=675130.3 eval=0 prior=0
[inst] req=17137664 hits=5524228 fwd=22682 rows=11612692 fwd_ms=675445.1 eval=0 prior=0
[inst] req=17145856 hits=5527147 fwd=22692 rows=11617812 fwd_ms=675731.2 eval=0 prior=0
[inst] req=17154048 hits=5530034 fwd=22703 rows=11623444 fwd_ms=676045.9 eval=0 prior=0
[inst] req=17162240 hits=5532863 fwd=22713 rows=11628564 fwd_ms=676331.9 eval=0 prior=0
[inst] req=17170432 hits=5535706 fwd=22724 rows=11634196 fwd_ms=676646.7 eval=0 prior=0
[inst] req=17178624 hits=5538667 fwd=22734 rows=11639316 fwd_ms=676933.2 eval=0 prior=0
[inst] req=17186816 hits=5541557 fwd=22744 rows=11644436 fwd_ms=677219.4 eval=0 prior=0
[inst] req=17195008 hits=5544496 fwd=22754 rows=11649556 fwd_ms=677505.4 eval=0 prior=0
[inst] req=17203200 hits=5547365 fwd=22765 rows=11655188 fwd_ms=677820.2 eval=0 prior=0
[inst] req=17211392 hits=5550339 fwd=22775 rows=11660308 fwd_ms=678106.4 eval=0 prior=0
[inst] req=17219584 hits=5553153 fwd=22785 rows=11665428 fwd_ms=678392.3 eval=0 prior=0
[inst] req=17227776 hits=5556048 fwd=22796 rows=11671060 fwd_ms=678707.0 eval=0 prior=0
[inst] req=17235968 hits=5558751 fwd=22807 rows=11676692 fwd_ms=679021.8 eval=0 prior=0
[inst] req=17244160 hits=5561595 fwd=22817 rows=11681812 fwd_ms=679307.9 eval=0 prior=0
[inst] req=17252352 hits=5564457 fwd=22827 rows=11686932 fwd_ms=679593.9 eval=0 prior=0
[inst] req=17260544 hits=5567377 fwd=22838 rows=11692564 fwd_ms=679908.7 eval=0 prior=0
[inst] req=17268736 hits=5570294 fwd=22848 rows=11697684 fwd_ms=680194.9 eval=0 prior=0
[inst] req=17276928 hits=5573173 fwd=22858 rows=11702804 fwd_ms=680481.0 eval=0 prior=0
[inst] req=17285120 hits=5576079 fwd=22869 rows=11708436 fwd_ms=680796.0 eval=0 prior=0
[inst] req=17293312 hits=5578903 fwd=22879 rows=11713556 fwd_ms=681082.4 eval=0 prior=0
[inst] req=17301504 hits=5581768 fwd=22890 rows=11719188 fwd_ms=681397.3 eval=0 prior=0
[inst] req=17309696 hits=5584650 fwd=22900 rows=11724308 fwd_ms=681683.7 eval=0 prior=0
[inst] req=17317888 hits=5587596 fwd=22910 rows=11729428 fwd_ms=681969.9 eval=0 prior=0
[inst] req=17326080 hits=5590517 fwd=22920 rows=11734548 fwd_ms=682256.2 eval=0 prior=0
[inst] req=17334272 hits=5593391 fwd=22931 rows=11740180 fwd_ms=682571.1 eval=0 prior=0
[inst] req=17342464 hits=5596296 fwd=22941 rows=11745300 fwd_ms=682857.3 eval=0 prior=0
[inst] req=17350656 hits=5599186 fwd=22952 rows=11750932 fwd_ms=683172.3 eval=0 prior=0
[inst] req=17358848 hits=5602117 fwd=22962 rows=11756052 fwd_ms=683458.6 eval=0 prior=0
[inst] req=17367040 hits=5605097 fwd=22972 rows=11761172 fwd_ms=683745.0 eval=0 prior=0
[inst] req=17375232 hits=5607953 fwd=22982 rows=11766292 fwd_ms=684031.5 eval=0 prior=0
[inst] req=17383424 hits=5610824 fwd=22993 rows=11771924 fwd_ms=684346.5 eval=0 prior=0
[inst] req=17391616 hits=5613708 fwd=23003 rows=11777044 fwd_ms=684632.8 eval=0 prior=0
[inst] req=17399808 hits=5616514 fwd=23014 rows=11782676 fwd_ms=684947.9 eval=0 prior=0
[inst] req=17408000 hits=5619273 fwd=23024 rows=11787796 fwd_ms=685234.2 eval=0 prior=0
[inst] req=17416192 hits=5622398 fwd=23034 rows=11792916 fwd_ms=685520.8 eval=0 prior=0
[inst] req=17424384 hits=5625260 fwd=23045 rows=11798548 fwd_ms=685835.9 eval=0 prior=0
[inst] req=17432576 hits=5628212 fwd=23055 rows=11803668 fwd_ms=686122.2 eval=0 prior=0
[inst] req=17440768 hits=5631065 fwd=23065 rows=11808788 fwd_ms=686408.6 eval=0 prior=0
[inst] req=17448960 hits=5634091 fwd=23075 rows=11813908 fwd_ms=686694.8 eval=0 prior=0
[inst] req=17457152 hits=5636976 fwd=23086 rows=11819540 fwd_ms=687009.7 eval=0 prior=0
[inst] req=17465344 hits=5639815 fwd=23096 rows=11824660 fwd_ms=687296.1 eval=0 prior=0
[inst] req=17473536 hits=5642645 fwd=23107 rows=11830292 fwd_ms=687611.1 eval=0 prior=0
[inst] req=17481728 hits=5645486 fwd=23117 rows=11835412 fwd_ms=687897.5 eval=0 prior=0
[inst] req=17489920 hits=5648417 fwd=23127 rows=11840532 fwd_ms=688184.0 eval=0 prior=0
[inst] req=17498112 hits=5651383 fwd=23138 rows=11846164 fwd_ms=688499.4 eval=0 prior=0
[inst] req=17506304 hits=5654389 fwd=23148 rows=11851284 fwd_ms=688786.3 eval=0 prior=0
[inst] req=17514496 hits=5657278 fwd=23158 rows=11856404 fwd_ms=689073.1 eval=0 prior=0
[inst] req=17522688 hits=5660216 fwd=23168 rows=11861524 fwd_ms=689359.7 eval=0 prior=0
[inst] req=17530880 hits=5663060 fwd=23179 rows=11867156 fwd_ms=689675.1 eval=0 prior=0
[inst] req=17539072 hits=5665900 fwd=23189 rows=11872276 fwd_ms=689961.7 eval=0 prior=0
[inst] req=17547264 hits=5668766 fwd=23200 rows=11877908 fwd_ms=690277.1 eval=0 prior=0
[inst] req=17555456 hits=5671730 fwd=23210 rows=11883028 fwd_ms=690564.0 eval=0 prior=0
[inst] req=17563648 hits=5674603 fwd=23220 rows=11888148 fwd_ms=690850.7 eval=0 prior=0
[inst] req=17571840 hits=5677427 fwd=23231 rows=11893780 fwd_ms=691165.9 eval=0 prior=0
[inst] req=17580032 hits=5680154 fwd=23241 rows=11898900 fwd_ms=691452.6 eval=0 prior=0
[inst] req=17588224 hits=5682961 fwd=23252 rows=11904532 fwd_ms=691767.5 eval=0 prior=0
[inst] req=17596416 hits=5685756 fwd=23262 rows=11909652 fwd_ms=692054.3 eval=0 prior=0
[inst] req=17604608 hits=5688630 fwd=23273 rows=11915284 fwd_ms=692650.3 eval=0 prior=0
[inst] req=17612800 hits=5691588 fwd=23283 rows=11920404 fwd_ms=693339.4 eval=0 prior=0
[inst] req=17620992 hits=5694492 fwd=23293 rows=11925524 fwd_ms=694126.3 eval=0 prior=0
[inst] req=17629184 hits=5697405 fwd=23304 rows=11931156 fwd_ms=694956.9 eval=0 prior=0
[inst] req=17637376 hits=5700201 fwd=23314 rows=11936276 fwd_ms=695634.1 eval=0 prior=0
[inst] req=17645568 hits=5702987 fwd=23325 rows=11941908 fwd_ms=696460.2 eval=0 prior=0
[inst] req=17653760 hits=5705832 fwd=23335 rows=11947028 fwd_ms=697248.9 eval=0 prior=0
[inst] req=17661952 hits=5708601 fwd=23346 rows=11952660 fwd_ms=698071.2 eval=0 prior=0
[inst] req=17670144 hits=5711359 fwd=23356 rows=11957780 fwd_ms=698814.0 eval=0 prior=0
[inst] req=17678336 hits=5713989 fwd=23367 rows=11963412 fwd_ms=699639.7 eval=0 prior=0
[inst] req=17686528 hits=5716697 fwd=23378 rows=11969044 fwd_ms=700464.5 eval=0 prior=0
[inst] req=17694720 hits=5719318 fwd=23389 rows=11974676 fwd_ms=701335.7 eval=0 prior=0
[inst] req=17702912 hits=5722073 fwd=23400 rows=11980308 fwd_ms=702199.5 eval=0 prior=0
[inst] req=17711104 hits=5724919 fwd=23410 rows=11985428 fwd_ms=702943.1 eval=0 prior=0
[inst] req=17719296 hits=5727683 fwd=23421 rows=11991060 fwd_ms=703736.3 eval=0 prior=0
[inst] req=17727488 hits=5730455 fwd=23431 rows=11996180 fwd_ms=704504.5 eval=0 prior=0
[inst] req=17735680 hits=5733121 fwd=23442 rows=12001812 fwd_ms=705322.3 eval=0 prior=0
[inst] req=17743872 hits=5735870 fwd=23453 rows=12007444 fwd_ms=706136.4 eval=0 prior=0
[inst] req=17752064 hits=5738805 fwd=23463 rows=12012564 fwd_ms=706929.3 eval=0 prior=0
[inst] req=17760256 hits=5742094 fwd=23472 rows=12017172 fwd_ms=707678.5 eval=0 prior=0
[inst] req=17768448 hits=5745519 fwd=23482 rows=12022292 fwd_ms=708445.7 eval=0 prior=0
[inst] req=17776640 hits=5748878 fwd=23491 rows=12026900 fwd_ms=709106.4 eval=0 prior=0
[inst] req=17784832 hits=5752549 fwd=23500 rows=12031508 fwd_ms=709703.2 eval=0 prior=0
[inst] req=17793024 hits=5756308 fwd=23509 rows=12036116 fwd_ms=709963.2 eval=0 prior=0
[inst] req=17801216 hits=5760010 fwd=23517 rows=12040212 fwd_ms=710193.6 eval=0 prior=0
[inst] req=17809408 hits=5763521 fwd=23527 rows=12045332 fwd_ms=710482.4 eval=0 prior=0
[inst] req=17817600 hits=5766326 fwd=23537 rows=12050452 fwd_ms=710782.9 eval=0 prior=0
[inst] req=17825792 hits=5767032 fwd=23552 rows=12058132 fwd_ms=711210.6 eval=0 prior=0
[inst] req=17833984 hits=5768088 fwd=23566 rows=12065300 fwd_ms=711610.1 eval=0 prior=0
[inst] req=17842176 hits=5769417 fwd=23579 rows=12071956 fwd_ms=711980.7 eval=0 prior=0
[inst] req=17850368 hits=5770989 fwd=23592 rows=12078612 fwd_ms=712351.6 eval=0 prior=0
[inst] req=17858560 hits=5772900 fwd=23604 rows=12084756 fwd_ms=712693.5 eval=0 prior=0
[inst] req=17866752 hits=5775085 fwd=23616 rows=12090900 fwd_ms=713035.4 eval=0 prior=0
[inst] req=17874944 hits=5777628 fwd=23627 rows=12096532 fwd_ms=713348.8 eval=0 prior=0
[inst] req=17883136 hits=5780285 fwd=23638 rows=12102164 fwd_ms=713662.2 eval=0 prior=0
[inst] req=17891328 hits=5783001 fwd=23649 rows=12107796 fwd_ms=713975.7 eval=0 prior=0
[inst] req=17899520 hits=5786372 fwd=23658 rows=12112404 fwd_ms=714232.1 eval=0 prior=0
[inst] req=17907712 hits=5790139 fwd=23667 rows=12117012 fwd_ms=714488.5 eval=0 prior=0
[inst] req=17915904 hits=5793843 fwd=23675 rows=12121108 fwd_ms=714717.1 eval=0 prior=0
[inst] req=17924096 hits=5797480 fwd=23684 rows=12125716 fwd_ms=714974.6 eval=0 prior=0
[inst] req=17932288 hits=5801409 fwd=23693 rows=12130324 fwd_ms=715232.3 eval=0 prior=0
[inst] req=17940480 hits=5805170 fwd=23701 rows=12134420 fwd_ms=715461.3 eval=0 prior=0
[inst] req=17948672 hits=5808696 fwd=23710 rows=12139028 fwd_ms=715718.9 eval=0 prior=0
[inst] req=17956864 hits=5812077 fwd=23720 rows=12144148 fwd_ms=716005.4 eval=0 prior=0
[inst] req=17965056 hits=5815156 fwd=23730 rows=12149268 fwd_ms=716291.8 eval=0 prior=0
[inst] req=17973248 hits=5818062 fwd=23740 rows=12154388 fwd_ms=716578.2 eval=0 prior=0
[inst] req=17981440 hits=5820795 fwd=23751 rows=12160020 fwd_ms=716892.9 eval=0 prior=0
[inst] req=17989632 hits=5823671 fwd=23761 rows=12165140 fwd_ms=717179.3 eval=0 prior=0
[inst] req=17997824 hits=5826525 fwd=23772 rows=12170772 fwd_ms=717494.1 eval=0 prior=0
[inst] req=18006016 hits=5829366 fwd=23782 rows=12175892 fwd_ms=717780.3 eval=0 prior=0
[inst] req=18014208 hits=5832614 fwd=23792 rows=12181012 fwd_ms=718066.4 eval=0 prior=0
[inst] req=18022400 hits=5835938 fwd=23801 rows=12185620 fwd_ms=718324.0 eval=0 prior=0
[inst] req=18030592 hits=5839469 fwd=23810 rows=12190228 fwd_ms=718581.4 eval=0 prior=0
[inst] req=18038784 hits=5843235 fwd=23819 rows=12194836 fwd_ms=718838.9 eval=0 prior=0
[inst] req=18046976 hits=5846888 fwd=23828 rows=12199444 fwd_ms=719096.2 eval=0 prior=0
[inst] req=18055168 hits=5850608 fwd=23836 rows=12203540 fwd_ms=719325.0 eval=0 prior=0
[inst] req=18063360 hits=5854423 fwd=23845 rows=12208148 fwd_ms=719582.6 eval=0 prior=0
[inst] req=18071552 hits=5858101 fwd=23854 rows=12212756 fwd_ms=719840.0 eval=0 prior=0
[inst] req=18079744 hits=5861630 fwd=23863 rows=12217364 fwd_ms=720097.4 eval=0 prior=0
[inst] req=18087936 hits=5865233 fwd=23872 rows=12221972 fwd_ms=720354.9 eval=0 prior=0
[inst] req=18096128 hits=5868703 fwd=23881 rows=12226580 fwd_ms=720612.2 eval=0 prior=0
[inst] req=18104320 hits=5872475 fwd=23890 rows=12231188 fwd_ms=720869.6 eval=0 prior=0
[inst] req=18112512 hits=5875867 fwd=23899 rows=12235796 fwd_ms=721127.0 eval=0 prior=0
[inst] req=18120704 hits=5879175 fwd=23909 rows=12240916 fwd_ms=721413.0 eval=0 prior=0
[inst] req=18128896 hits=5882463 fwd=23918 rows=12245524 fwd_ms=721670.2 eval=0 prior=0
[inst] req=18137088 hits=5885612 fwd=23928 rows=12250644 fwd_ms=721956.0 eval=0 prior=0
[inst] req=18145280 hits=5888770 fwd=23938 rows=12255764 fwd_ms=722241.9 eval=0 prior=0
[inst] req=18153472 hits=5891777 fwd=23948 rows=12260884 fwd_ms=722527.8 eval=0 prior=0
[inst] req=18161664 hits=5894744 fwd=23958 rows=12266004 fwd_ms=722813.7 eval=0 prior=0
[inst] req=18169856 hits=5897723 fwd=23968 rows=12271124 fwd_ms=723099.4 eval=0 prior=0
[inst] req=18178048 hits=5900881 fwd=23978 rows=12276244 fwd_ms=723385.3 eval=0 prior=0
[inst] req=18186240 hits=5904053 fwd=23988 rows=12281364 fwd_ms=723670.4 eval=0 prior=0
[inst] req=18194432 hits=5907439 fwd=23997 rows=12285972 fwd_ms=723926.3 eval=0 prior=0
[inst] req=18202624 hits=5911065 fwd=24006 rows=12290580 fwd_ms=724182.0 eval=0 prior=0
[inst] req=18210816 hits=5914711 fwd=24015 rows=12295188 fwd_ms=724438.0 eval=0 prior=0
[inst] req=18219008 hits=5918377 fwd=24024 rows=12299796 fwd_ms=724694.0 eval=0 prior=0
[inst] req=18227200 hits=5921791 fwd=24033 rows=12304404 fwd_ms=724949.8 eval=0 prior=0
[inst] req=18235392 hits=5925147 fwd=24043 rows=12309524 fwd_ms=725234.2 eval=0 prior=0
[inst] req=18243584 hits=5928484 fwd=24052 rows=12314132 fwd_ms=725490.2 eval=0 prior=0
[inst] req=18251776 hits=5931991 fwd=24062 rows=12319252 fwd_ms=725774.8 eval=0 prior=0
[inst] req=18259968 hits=5935566 fwd=24071 rows=12323860 fwd_ms=726031.0 eval=0 prior=0
[inst] req=18268160 hits=5939098 fwd=24080 rows=12328468 fwd_ms=726287.4 eval=0 prior=0
[inst] req=18276352 hits=5942507 fwd=24089 rows=12333076 fwd_ms=726543.6 eval=0 prior=0
[inst] req=18284544 hits=5946000 fwd=24098 rows=12337684 fwd_ms=726799.8 eval=0 prior=0
[inst] req=18292736 hits=5949408 fwd=24108 rows=12342804 fwd_ms=727084.5 eval=0 prior=0
[inst] req=18300928 hits=5952833 fwd=24117 rows=12347412 fwd_ms=727340.8 eval=0 prior=0
[inst] req=18309120 hits=5956168 fwd=24126 rows=12352020 fwd_ms=727597.1 eval=0 prior=0
[inst] req=18317312 hits=5959554 fwd=24136 rows=12357140 fwd_ms=727881.9 eval=0 prior=0
[inst] req=18325504 hits=5962682 fwd=24146 rows=12362260 fwd_ms=728166.6 eval=0 prior=0
[inst] req=18333696 hits=5965934 fwd=24155 rows=12366868 fwd_ms=728422.7 eval=0 prior=0
[inst] req=18341888 hits=5968899 fwd=24165 rows=12371988 fwd_ms=728707.3 eval=0 prior=0
[inst] req=18350080 hits=5972106 fwd=24175 rows=12377108 fwd_ms=728991.9 eval=0 prior=0
[inst] req=18358272 hits=5975479 fwd=24185 rows=12382228 fwd_ms=729276.5 eval=0 prior=0
[inst] req=18366464 hits=5978660 fwd=24194 rows=12386836 fwd_ms=729532.6 eval=0 prior=0
[inst] req=18374656 hits=5981743 fwd=24204 rows=12391956 fwd_ms=729817.2 eval=0 prior=0
[inst] req=18382848 hits=5985150 fwd=24214 rows=12397076 fwd_ms=730101.8 eval=0 prior=0
[inst] req=18391040 hits=5988695 fwd=24223 rows=12401684 fwd_ms=730358.1 eval=0 prior=0
[inst] req=18399232 hits=5992227 fwd=24232 rows=12406292 fwd_ms=730614.3 eval=0 prior=0
[inst] req=18407424 hits=5995624 fwd=24241 rows=12410900 fwd_ms=730870.7 eval=0 prior=0
[inst] req=18415616 hits=5999027 fwd=24251 rows=12416020 fwd_ms=731155.5 eval=0 prior=0
[inst] req=18423808 hits=6002492 fwd=24260 rows=12420628 fwd_ms=731411.6 eval=0 prior=0
[inst] req=18432000 hits=6005928 fwd=24269 rows=12425236 fwd_ms=731668.0 eval=0 prior=0
[inst] req=18440192 hits=6009377 fwd=24278 rows=12429844 fwd_ms=731924.2 eval=0 prior=0
[inst] req=18448384 hits=6012754 fwd=24288 rows=12434964 fwd_ms=732208.9 eval=0 prior=0
[inst] req=18456576 hits=6015931 fwd=24298 rows=12440084 fwd_ms=732493.7 eval=0 prior=0
[inst] req=18464768 hits=6019393 fwd=24307 rows=12444692 fwd_ms=732749.9 eval=0 prior=0
[inst] req=18472960 hits=6022759 fwd=24316 rows=12449300 fwd_ms=733006.2 eval=0 prior=0
[inst] req=18481152 hits=6026072 fwd=24326 rows=12454420 fwd_ms=733291.0 eval=0 prior=0
[inst] req=18489344 hits=6029557 fwd=24335 rows=12459028 fwd_ms=733547.5 eval=0 prior=0
[inst] req=18497536 hits=6032792 fwd=24345 rows=12464148 fwd_ms=733832.5 eval=0 prior=0
[inst] req=18505728 hits=6035919 fwd=24355 rows=12469268 fwd_ms=734117.1 eval=0 prior=0
[inst] req=18513920 hits=6039060 fwd=24364 rows=12473876 fwd_ms=734373.5 eval=0 prior=0
[inst] req=18522112 hits=6042287 fwd=24374 rows=12478996 fwd_ms=734658.1 eval=0 prior=0
[inst] req=18530304 hits=6045598 fwd=24384 rows=12484116 fwd_ms=734942.9 eval=0 prior=0
[inst] req=18538496 hits=6048974 fwd=24393 rows=12488724 fwd_ms=735199.3 eval=0 prior=0
[inst] req=18546688 hits=6052495 fwd=24402 rows=12493332 fwd_ms=735455.8 eval=0 prior=0
[inst] req=18554880 hits=6056008 fwd=24411 rows=12497940 fwd_ms=735712.1 eval=0 prior=0
[inst] req=18563072 hits=6059370 fwd=24421 rows=12503060 fwd_ms=735997.3 eval=0 prior=0
[inst] req=18571264 hits=6062846 fwd=24430 rows=12507668 fwd_ms=736253.8 eval=0 prior=0
[inst] req=18579456 hits=6066242 fwd=24439 rows=12512276 fwd_ms=736510.2 eval=0 prior=0
[inst] req=18587648 hits=6069709 fwd=24449 rows=12517396 fwd_ms=736795.1 eval=0 prior=0
[inst] req=18595840 hits=6073157 fwd=24458 rows=12522004 fwd_ms=737051.7 eval=0 prior=0
[inst] req=18604032 hits=6076569 fwd=24467 rows=12526612 fwd_ms=737308.1 eval=0 prior=0
[inst] req=18612224 hits=6080218 fwd=24476 rows=12531220 fwd_ms=737564.5 eval=0 prior=0
[inst] req=18620416 hits=6083732 fwd=24485 rows=12535828 fwd_ms=737820.9 eval=0 prior=0
[inst] req=18628608 hits=6087175 fwd=24494 rows=12540436 fwd_ms=738077.2 eval=0 prior=0
[inst] req=18636800 hits=6090447 fwd=24504 rows=12545556 fwd_ms=738362.1 eval=0 prior=0
[inst] req=18644992 hits=6093612 fwd=24514 rows=12550676 fwd_ms=738646.8 eval=0 prior=0
[inst] req=18653184 hits=6097025 fwd=24523 rows=12555284 fwd_ms=738903.0 eval=0 prior=0
[inst] req=18661376 hits=6100354 fwd=24533 rows=12560404 fwd_ms=739187.8 eval=0 prior=0
[inst] req=18669568 hits=6103824 fwd=24542 rows=12565012 fwd_ms=739444.1 eval=0 prior=0
[inst] req=18677760 hits=6107206 fwd=24551 rows=12569620 fwd_ms=739700.5 eval=0 prior=0
[inst] req=18685952 hits=6110475 fwd=24561 rows=12574740 fwd_ms=739985.6 eval=0 prior=0
[inst] req=18694144 hits=6113853 fwd=24570 rows=12579348 fwd_ms=740242.0 eval=0 prior=0
[inst] req=18702336 hits=6117325 fwd=24580 rows=12584468 fwd_ms=740526.8 eval=0 prior=0
[inst] req=18710528 hits=6120611 fwd=24589 rows=12589076 fwd_ms=740783.3 eval=0 prior=0
[inst] req=18718720 hits=6123811 fwd=24599 rows=12594196 fwd_ms=741068.0 eval=0 prior=0
[inst] req=18726912 hits=6126974 fwd=24609 rows=12599316 fwd_ms=741353.0 eval=0 prior=0
[inst] req=18735104 hits=6130539 fwd=24618 rows=12603924 fwd_ms=741609.4 eval=0 prior=0
[inst] req=18743296 hits=6133884 fwd=24627 rows=12608532 fwd_ms=741865.8 eval=0 prior=0
[inst] req=18751488 hits=6137407 fwd=24636 rows=12613140 fwd_ms=742122.2 eval=0 prior=0
[inst] req=18759680 hits=6140909 fwd=24645 rows=12617748 fwd_ms=742378.4 eval=0 prior=0
[inst] req=18767872 hits=6144335 fwd=24655 rows=12622868 fwd_ms=742663.2 eval=0 prior=0
[inst] req=18776064 hits=6147672 fwd=24664 rows=12627476 fwd_ms=742919.4 eval=0 prior=0
[inst] req=18784256 hits=6151174 fwd=24673 rows=12632084 fwd_ms=743175.7 eval=0 prior=0
[inst] req=18792448 hits=6154545 fwd=24683 rows=12637204 fwd_ms=743460.5 eval=0 prior=0
[inst] req=18800640 hits=6157811 fwd=24692 rows=12641812 fwd_ms=743716.8 eval=0 prior=0
[inst] req=18808832 hits=6161124 fwd=24702 rows=12646932 fwd_ms=744001.5 eval=0 prior=0
[inst] req=18817024 hits=6164506 fwd=24711 rows=12651540 fwd_ms=744257.7 eval=0 prior=0
[inst] req=18825216 hits=6167995 fwd=24721 rows=12656660 fwd_ms=744542.8 eval=0 prior=0
[inst] req=18833408 hits=6171497 fwd=24730 rows=12661268 fwd_ms=744799.2 eval=0 prior=0
[inst] req=18841600 hits=6175093 fwd=24739 rows=12665876 fwd_ms=745055.6 eval=0 prior=0
[inst] req=18849792 hits=6178480 fwd=24748 rows=12670484 fwd_ms=745312.1 eval=0 prior=0
[inst] req=18857984 hits=6181876 fwd=24757 rows=12675092 fwd_ms=745568.7 eval=0 prior=0
[inst] req=18866176 hits=6185165 fwd=24767 rows=12680212 fwd_ms=745853.6 eval=0 prior=0
[inst] req=18874368 hits=6188473 fwd=24777 rows=12685332 fwd_ms=746138.6 eval=0 prior=0
[inst] req=18882560 hits=6191785 fwd=24786 rows=12689940 fwd_ms=746395.2 eval=0 prior=0
[inst] req=18890752 hits=6195184 fwd=24795 rows=12694548 fwd_ms=746651.6 eval=0 prior=0
[inst] req=18898944 hits=6198486 fwd=24805 rows=12699668 fwd_ms=746936.5 eval=0 prior=0
[inst] req=18907136 hits=6201880 fwd=24814 rows=12704276 fwd_ms=747193.0 eval=0 prior=0
[inst] req=18915328 hits=6205608 fwd=24823 rows=12708884 fwd_ms=747449.8 eval=0 prior=0
[inst] req=18923520 hits=6209358 fwd=24832 rows=12713492 fwd_ms=747706.5 eval=0 prior=0
[inst] req=18931712 hits=6212803 fwd=24841 rows=12718100 fwd_ms=747963.1 eval=0 prior=0
[inst] req=18939904 hits=6216196 fwd=24850 rows=12722708 fwd_ms=748219.6 eval=0 prior=0
[inst] req=18948096 hits=6219619 fwd=24860 rows=12727828 fwd_ms=748504.7 eval=0 prior=0
[inst] req=18956288 hits=6223043 fwd=24869 rows=12732436 fwd_ms=748761.1 eval=0 prior=0
[inst] req=18964480 hits=6226320 fwd=24879 rows=12737556 fwd_ms=749046.0 eval=0 prior=0
[inst] req=18972672 hits=6229504 fwd=24888 rows=12742164 fwd_ms=749302.3 eval=0 prior=0
[inst] req=18980864 hits=6232903 fwd=24898 rows=12747284 fwd_ms=749587.3 eval=0 prior=0
[inst] req=18989056 hits=6236238 fwd=24907 rows=12751892 fwd_ms=749843.7 eval=0 prior=0
[inst] req=18997248 hits=6239596 fwd=24917 rows=12757012 fwd_ms=750128.5 eval=0 prior=0
[inst] req=19005440 hits=6243192 fwd=24926 rows=12761620 fwd_ms=750384.8 eval=0 prior=0
[inst] req=19013632 hits=6246550 fwd=24935 rows=12766228 fwd_ms=750641.1 eval=0 prior=0
[inst] req=19021824 hits=6249839 fwd=24945 rows=12771348 fwd_ms=750925.9 eval=0 prior=0
[inst] req=19030016 hits=6253160 fwd=24954 rows=12775956 fwd_ms=751182.4 eval=0 prior=0
[inst] req=19038208 hits=6256694 fwd=24963 rows=12780564 fwd_ms=751438.7 eval=0 prior=0
[inst] req=19046400 hits=6260238 fwd=24972 rows=12785172 fwd_ms=751695.1 eval=0 prior=0
[inst] req=19054592 hits=6263581 fwd=24982 rows=12790292 fwd_ms=751980.1 eval=0 prior=0
[inst] req=19062784 hits=6267041 fwd=24991 rows=12794900 fwd_ms=752236.8 eval=0 prior=0
[inst] req=19070976 hits=6270481 fwd=25000 rows=12799508 fwd_ms=752493.5 eval=0 prior=0
[inst] req=19079168 hits=6274005 fwd=25010 rows=12804628 fwd_ms=752778.9 eval=0 prior=0
[inst] req=19087360 hits=6277526 fwd=25019 rows=12809236 fwd_ms=753035.7 eval=0 prior=0
[inst] req=19095552 hits=6281116 fwd=25028 rows=12813844 fwd_ms=753292.5 eval=0 prior=0
[inst] req=19103744 hits=6284473 fwd=25037 rows=12818452 fwd_ms=753549.3 eval=0 prior=0
[inst] req=19111936 hits=6288077 fwd=25046 rows=12823060 fwd_ms=753805.9 eval=0 prior=0
[inst] req=19120128 hits=6291460 fwd=25055 rows=12827668 fwd_ms=754062.3 eval=0 prior=0
[inst] req=19128320 hits=6294714 fwd=25065 rows=12832788 fwd_ms=754347.2 eval=0 prior=0
[inst] req=19136512 hits=6298174 fwd=25074 rows=12837396 fwd_ms=754603.8 eval=0 prior=0
[inst] req=19144704 hits=6301301 fwd=25084 rows=12842516 fwd_ms=754888.7 eval=0 prior=0
[inst] req=19152896 hits=6304550 fwd=25094 rows=12847636 fwd_ms=755173.7 eval=0 prior=0
[inst] req=19161088 hits=6307850 fwd=25103 rows=12852244 fwd_ms=755430.4 eval=0 prior=0
[inst] req=19169280 hits=6311315 fwd=25113 rows=12857364 fwd_ms=755715.4 eval=0 prior=0
[inst] req=19177472 hits=6314990 fwd=25121 rows=12861460 fwd_ms=755943.5 eval=0 prior=0
[inst] req=19185664 hits=6318346 fwd=25131 rows=12866580 fwd_ms=756228.6 eval=0 prior=0
[inst] req=19193856 hits=6321821 fwd=25140 rows=12871188 fwd_ms=756485.2 eval=0 prior=0
[inst] req=19202048 hits=6325265 fwd=25149 rows=12875796 fwd_ms=756741.6 eval=0 prior=0
[inst] req=19210240 hits=6328731 fwd=25159 rows=12880916 fwd_ms=757026.7 eval=0 prior=0
[inst] req=19218432 hits=6332104 fwd=25168 rows=12885524 fwd_ms=757283.4 eval=0 prior=0
[inst] req=19226624 hits=6335468 fwd=25177 rows=12890132 fwd_ms=757539.9 eval=0 prior=0
[inst] req=19234816 hits=6338991 fwd=25187 rows=12895252 fwd_ms=757825.0 eval=0 prior=0
[inst] req=19243008 hits=6342587 fwd=25196 rows=12899860 fwd_ms=758081.6 eval=0 prior=0
[inst] req=19251200 hits=6346125 fwd=25205 rows=12904468 fwd_ms=758338.1 eval=0 prior=0
[inst] req=19259392 hits=6349402 fwd=25214 rows=12909076 fwd_ms=758594.7 eval=0 prior=0
[inst] req=19267584 hits=6352549 fwd=25224 rows=12914196 fwd_ms=758879.8 eval=0 prior=0
[inst] req=19275776 hits=6355793 fwd=25234 rows=12919316 fwd_ms=759164.7 eval=0 prior=0
[inst] req=19283968 hits=6358987 fwd=25244 rows=12924436 fwd_ms=759449.7 eval=0 prior=0
[inst] req=19292160 hits=6362191 fwd=25253 rows=12929044 fwd_ms=759706.2 eval=0 prior=0
[inst] req=19300352 hits=6365468 fwd=25263 rows=12934164 fwd_ms=759991.1 eval=0 prior=0
[inst] req=19308544 hits=6368805 fwd=25272 rows=12938772 fwd_ms=760247.5 eval=0 prior=0
[inst] req=19316736 hits=6372372 fwd=25281 rows=12943380 fwd_ms=760503.9 eval=0 prior=0
[inst] req=19324928 hits=6375896 fwd=25291 rows=12948500 fwd_ms=760788.9 eval=0 prior=0
[inst] req=19333120 hits=6379286 fwd=25300 rows=12953108 fwd_ms=761045.2 eval=0 prior=0
[inst] req=19341312 hits=6382637 fwd=25309 rows=12957716 fwd_ms=761301.7 eval=0 prior=0
[inst] req=19349504 hits=6386163 fwd=25318 rows=12962324 fwd_ms=761558.0 eval=0 prior=0
[inst] req=19357696 hits=6389746 fwd=25327 rows=12966932 fwd_ms=761814.4 eval=0 prior=0
[inst] req=19365888 hits=6393249 fwd=25337 rows=12972052 fwd_ms=762099.5 eval=0 prior=0
[inst] req=19374080 hits=6396519 fwd=25346 rows=12976660 fwd_ms=762356.1 eval=0 prior=0
[inst] req=19382272 hits=6399903 fwd=25356 rows=12981780 fwd_ms=762641.2 eval=0 prior=0
[inst] req=19390464 hits=6403563 fwd=25365 rows=12986388 fwd_ms=762897.9 eval=0 prior=0
[inst] req=19398656 hits=6407140 fwd=25374 rows=12990996 fwd_ms=763154.7 eval=0 prior=0
[inst] req=19406848 hits=6410483 fwd=25383 rows=12995604 fwd_ms=763411.2 eval=0 prior=0
[inst] req=19415040 hits=6413804 fwd=25392 rows=13000212 fwd_ms=763667.7 eval=0 prior=0
[inst] req=19423232 hits=6417099 fwd=25402 rows=13005332 fwd_ms=763952.7 eval=0 prior=0
[inst] req=19431424 hits=6420449 fwd=25412 rows=13010452 fwd_ms=764237.7 eval=0 prior=0
[inst] req=19439616 hits=6423712 fwd=25421 rows=13015060 fwd_ms=764494.3 eval=0 prior=0
[inst] req=19447808 hits=6427105 fwd=25431 rows=13020180 fwd_ms=764779.3 eval=0 prior=0
[inst] req=19456000 hits=6430520 fwd=25440 rows=13024788 fwd_ms=765035.9 eval=0 prior=0
[inst] req=19464192 hits=6433971 fwd=25449 rows=13029396 fwd_ms=765292.3 eval=0 prior=0
[inst] req=19472384 hits=6437415 fwd=25458 rows=13034004 fwd_ms=765548.8 eval=0 prior=0
[inst] req=19480576 hits=6440610 fwd=25468 rows=13039124 fwd_ms=765833.6 eval=0 prior=0
[inst] req=19488768 hits=6444004 fwd=25478 rows=13044244 fwd_ms=766118.5 eval=0 prior=0
[inst] req=19496960 hits=6447223 fwd=25487 rows=13048852 fwd_ms=766375.0 eval=0 prior=0
[inst] req=19505152 hits=6450650 fwd=25497 rows=13053972 fwd_ms=766660.1 eval=0 prior=0
[inst] req=19513344 hits=6454299 fwd=25505 rows=13058068 fwd_ms=766888.1 eval=0 prior=0
[inst] req=19521536 hits=6457634 fwd=25515 rows=13063188 fwd_ms=767173.1 eval=0 prior=0
[inst] req=19529728 hits=6460999 fwd=25524 rows=13067796 fwd_ms=767429.7 eval=0 prior=0
[inst] req=19537920 hits=6464635 fwd=25533 rows=13072404 fwd_ms=767686.3 eval=0 prior=0
[inst] req=19546112 hits=6468082 fwd=25542 rows=13077012 fwd_ms=767942.9 eval=0 prior=0
[inst] req=19554304 hits=6471674 fwd=25551 rows=13081620 fwd_ms=768199.5 eval=0 prior=0
[inst] req=19562496 hits=6475045 fwd=25561 rows=13086740 fwd_ms=768484.4 eval=0 prior=0
[inst] req=19570688 hits=6478524 fwd=25570 rows=13091348 fwd_ms=768740.8 eval=0 prior=0
[inst] req=19578880 hits=6482046 fwd=25579 rows=13095956 fwd_ms=768997.3 eval=0 prior=0
[inst] req=19587072 hits=6485490 fwd=25588 rows=13100564 fwd_ms=769253.8 eval=0 prior=0
[inst] req=19595264 hits=6488845 fwd=25598 rows=13105684 fwd_ms=769538.7 eval=0 prior=0
[inst] req=19603456 hits=6492339 fwd=25607 rows=13110292 fwd_ms=769795.2 eval=0 prior=0
[inst] req=19611648 hits=6495730 fwd=25616 rows=13114900 fwd_ms=770051.6 eval=0 prior=0
[inst] req=19619840 hits=6499120 fwd=25626 rows=13120020 fwd_ms=770336.5 eval=0 prior=0
[inst] req=19628032 hits=6502543 fwd=25635 rows=13124628 fwd_ms=770593.0 eval=0 prior=0
[inst] req=19636224 hits=6506105 fwd=25644 rows=13129236 fwd_ms=770849.4 eval=0 prior=0
[inst] req=19644416 hits=6509575 fwd=25653 rows=13133844 fwd_ms=771106.1 eval=0 prior=0
[inst] req=19652608 hits=6513058 fwd=25663 rows=13138964 fwd_ms=771391.1 eval=0 prior=0
[inst] req=19660800 hits=6516520 fwd=25672 rows=13143572 fwd_ms=771647.9 eval=0 prior=0
[inst] req=19668992 hits=6519859 fwd=25681 rows=13148180 fwd_ms=771904.3 eval=0 prior=0
[inst] req=19677184 hits=6523512 fwd=25690 rows=13152788 fwd_ms=772160.8 eval=0 prior=0
[inst] req=19685376 hits=6526968 fwd=25699 rows=13157396 fwd_ms=772417.3 eval=0 prior=0
[inst] req=19693568 hits=6530267 fwd=25709 rows=13162516 fwd_ms=772702.2 eval=0 prior=0
[inst] req=19701760 hits=6533775 fwd=25718 rows=13167124 fwd_ms=772958.6 eval=0 prior=0
[inst] req=19709952 hits=6537301 fwd=25727 rows=13171732 fwd_ms=773214.9 eval=0 prior=0
[inst] req=19718144 hits=6540772 fwd=25737 rows=13176852 fwd_ms=773499.8 eval=0 prior=0
[inst] req=19726336 hits=6544185 fwd=25746 rows=13181460 fwd_ms=773756.4 eval=0 prior=0
[inst] req=19734528 hits=6547592 fwd=25755 rows=13186068 fwd_ms=774012.9 eval=0 prior=0
[inst] req=19742720 hits=6551103 fwd=25764 rows=13190676 fwd_ms=774269.5 eval=0 prior=0
[inst] req=19750912 hits=6554665 fwd=25773 rows=13195284 fwd_ms=774525.9 eval=0 prior=0
[inst] req=19759104 hits=6558228 fwd=25782 rows=13199892 fwd_ms=774782.4 eval=0 prior=0
[inst] req=19767296 hits=6561991 fwd=25791 rows=13204500 fwd_ms=775039.0 eval=0 prior=0
[inst] req=19775488 hits=6565399 fwd=25800 rows=13209108 fwd_ms=775295.5 eval=0 prior=0
[inst] req=19783680 hits=6568876 fwd=25810 rows=13214228 fwd_ms=775580.4 eval=0 prior=0
[inst] req=19791872 hits=6572288 fwd=25819 rows=13218836 fwd_ms=775836.9 eval=0 prior=0
[inst] req=19800064 hits=6575754 fwd=25828 rows=13223444 fwd_ms=776093.4 eval=0 prior=0
[inst] req=19808256 hits=6579284 fwd=25837 rows=13228052 fwd_ms=776350.0 eval=0 prior=0
[inst] req=19816448 hits=6582623 fwd=25847 rows=13233172 fwd_ms=776634.9 eval=0 prior=0
[inst] req=19824640 hits=6586125 fwd=25856 rows=13237780 fwd_ms=776891.3 eval=0 prior=0
[inst] req=19832832 hits=6589541 fwd=25865 rows=13242388 fwd_ms=777147.9 eval=0 prior=0
[inst] req=19841024 hits=6593174 fwd=25874 rows=13246996 fwd_ms=777404.6 eval=0 prior=0
[inst] req=19849216 hits=6596634 fwd=25883 rows=13251604 fwd_ms=777661.3 eval=0 prior=0
[inst] req=19857408 hits=6600140 fwd=25893 rows=13256724 fwd_ms=777946.4 eval=0 prior=0
[inst] req=19865600 hits=6603759 fwd=25901 rows=13260820 fwd_ms=778174.4 eval=0 prior=0
[inst] req=19873792 hits=6607318 fwd=25911 rows=13265940 fwd_ms=778459.4 eval=0 prior=0
[inst] req=19881984 hits=6610866 fwd=25920 rows=13270548 fwd_ms=778715.9 eval=0 prior=0
[inst] req=19890176 hits=6614415 fwd=25929 rows=13275156 fwd_ms=778972.3 eval=0 prior=0
[inst] req=19898368 hits=6617924 fwd=25938 rows=13279764 fwd_ms=779228.8 eval=0 prior=0
[inst] req=19906560 hits=6621254 fwd=25947 rows=13284372 fwd_ms=779485.4 eval=0 prior=0
[inst] req=19914752 hits=6624717 fwd=25957 rows=13289492 fwd_ms=779770.2 eval=0 prior=0
[inst] req=19922944 hits=6628202 fwd=25966 rows=13294100 fwd_ms=780026.8 eval=0 prior=0
[inst] req=19931136 hits=6631500 fwd=25975 rows=13298708 fwd_ms=780283.2 eval=0 prior=0
[inst] req=19939328 hits=6634839 fwd=25985 rows=13303828 fwd_ms=780568.0 eval=0 prior=0
[inst] req=19947520 hits=6638510 fwd=25994 rows=13308436 fwd_ms=780824.4 eval=0 prior=0
[inst] req=19955712 hits=6642081 fwd=26003 rows=13313044 fwd_ms=781080.8 eval=0 prior=0
[inst] req=19963904 hits=6645475 fwd=26012 rows=13317652 fwd_ms=781337.1 eval=0 prior=0
[inst] req=19972096 hits=6648814 fwd=26021 rows=13322260 fwd_ms=781593.7 eval=0 prior=0
[inst] req=19980288 hits=6652262 fwd=26031 rows=13327380 fwd_ms=781878.7 eval=0 prior=0
[inst] req=19988480 hits=6655591 fwd=26040 rows=13331988 fwd_ms=782134.9 eval=0 prior=0
[inst] req=19996672 hits=6659018 fwd=26050 rows=13337108 fwd_ms=782419.7 eval=0 prior=0
[inst] req=20004864 hits=6662507 fwd=26059 rows=13341716 fwd_ms=782676.1 eval=0 prior=0
[inst] req=20013056 hits=6666067 fwd=26068 rows=13346324 fwd_ms=782932.2 eval=0 prior=0
[inst] req=20021248 hits=6669530 fwd=26077 rows=13350932 fwd_ms=783188.4 eval=0 prior=0
[inst] req=20029440 hits=6672991 fwd=26086 rows=13355540 fwd_ms=783444.7 eval=0 prior=0
[inst] req=20037632 hits=6676807 fwd=26095 rows=13360148 fwd_ms=783701.2 eval=0 prior=0
[inst] req=20045824 hits=6680299 fwd=26104 rows=13364756 fwd_ms=783957.8 eval=0 prior=0
[inst] req=20054016 hits=6683891 fwd=26113 rows=13369364 fwd_ms=784214.4 eval=0 prior=0
[inst] req=20062208 hits=6687444 fwd=26122 rows=13373972 fwd_ms=784471.0 eval=0 prior=0
[inst] req=20070400 hits=6690815 fwd=26131 rows=13378580 fwd_ms=784727.6 eval=0 prior=0
[inst] req=20078592 hits=6694271 fwd=26141 rows=13383700 fwd_ms=785012.5 eval=0 prior=0
[inst] req=20086784 hits=6697789 fwd=26150 rows=13388308 fwd_ms=785269.0 eval=0 prior=0
[inst] req=20094976 hits=6701234 fwd=26159 rows=13392916 fwd_ms=785525.3 eval=0 prior=0
[inst] req=20103168 hits=6704621 fwd=26168 rows=13397524 fwd_ms=785781.7 eval=0 prior=0
[inst] req=20111360 hits=6708098 fwd=26178 rows=13402644 fwd_ms=786066.6 eval=0 prior=0
[inst] req=20119552 hits=6711341 fwd=26187 rows=13407252 fwd_ms=786322.9 eval=0 prior=0
[inst] req=20127744 hits=6714793 fwd=26197 rows=13412372 fwd_ms=786607.9 eval=0 prior=0
[inst] req=20135936 hits=6718445 fwd=26205 rows=13416468 fwd_ms=786835.9 eval=0 prior=0
[inst] req=20144128 hits=6721994 fwd=26215 rows=13421588 fwd_ms=787121.0 eval=0 prior=0
[inst] req=20152320 hits=6725657 fwd=26223 rows=13425684 fwd_ms=787349.2 eval=0 prior=0
[inst] req=20160512 hits=6729101 fwd=26233 rows=13430804 fwd_ms=787634.3 eval=0 prior=0
[inst] req=20168704 hits=6732675 fwd=26242 rows=13435412 fwd_ms=787890.7 eval=0 prior=0
[inst] req=20176896 hits=6736019 fwd=26251 rows=13440020 fwd_ms=788147.2 eval=0 prior=0
[inst] req=20185088 hits=6739398 fwd=26261 rows=13445140 fwd_ms=788431.9 eval=0 prior=0
[inst] req=20193280 hits=6743025 fwd=26269 rows=13449236 fwd_ms=788659.5 eval=0 prior=0
[inst] req=20201472 hits=6746439 fwd=26279 rows=13454356 fwd_ms=788944.2 eval=0 prior=0
[inst] req=20209664 hits=6749917 fwd=26288 rows=13458964 fwd_ms=789200.6 eval=0 prior=0
[inst] req=20217856 hits=6753346 fwd=26297 rows=13463572 fwd_ms=789457.1 eval=0 prior=0
[inst] req=20226048 hits=6756665 fwd=26307 rows=13468692 fwd_ms=789741.8 eval=0 prior=0
[inst] req=20234240 hits=6760099 fwd=26316 rows=13473300 fwd_ms=789997.9 eval=0 prior=0
[inst] req=20242432 hits=6763806 fwd=26325 rows=13477908 fwd_ms=790254.2 eval=0 prior=0
[inst] req=20250624 hits=6767204 fwd=26334 rows=13482516 fwd_ms=790510.4 eval=0 prior=0
[inst] req=20258816 hits=6770662 fwd=26344 rows=13487636 fwd_ms=790795.4 eval=0 prior=0
[inst] req=20267008 hits=6774174 fwd=26353 rows=13492244 fwd_ms=791051.5 eval=0 prior=0
[inst] req=20275200 hits=6777601 fwd=26362 rows=13496852 fwd_ms=791307.8 eval=0 prior=0
[inst] req=20283392 hits=6781160 fwd=26371 rows=13501460 fwd_ms=791564.2 eval=0 prior=0
[inst] req=20291584 hits=6784574 fwd=26380 rows=13506068 fwd_ms=791820.3 eval=0 prior=0
[inst] req=20299776 hits=6788028 fwd=26390 rows=13511188 fwd_ms=792104.9 eval=0 prior=0
[inst] req=20307968 hits=6791497 fwd=26399 rows=13515796 fwd_ms=792361.2 eval=0 prior=0
[inst] req=20316160 hits=6794911 fwd=26408 rows=13520404 fwd_ms=792617.5 eval=0 prior=0
[inst] req=20324352 hits=6798538 fwd=26417 rows=13525012 fwd_ms=792874.1 eval=0 prior=0
[inst] req=20332544 hits=6802031 fwd=26426 rows=13529620 fwd_ms=793130.5 eval=0 prior=0
[inst] req=20340736 hits=6805746 fwd=26435 rows=13534228 fwd_ms=793388.1 eval=0 prior=0
[inst] req=20348928 hits=6809427 fwd=26444 rows=13538836 fwd_ms=793644.8 eval=0 prior=0
[inst] req=20357120 hits=6812867 fwd=26453 rows=13543444 fwd_ms=793901.7 eval=0 prior=0
[inst] req=20365312 hits=6816065 fwd=26463 rows=13548564 fwd_ms=794186.8 eval=0 prior=0
[inst] req=20373504 hits=6819522 fwd=26472 rows=13553172 fwd_ms=794443.5 eval=0 prior=0
[inst] req=20381696 hits=6823005 fwd=26481 rows=13557780 fwd_ms=794700.3 eval=0 prior=0
[inst] req=20389888 hits=6826570 fwd=26490 rows=13562388 fwd_ms=794956.9 eval=0 prior=0
[inst] req=20398080 hits=6830233 fwd=26499 rows=13566996 fwd_ms=795213.8 eval=0 prior=0
[inst] req=20406272 hits=6833690 fwd=26508 rows=13571604 fwd_ms=795470.7 eval=0 prior=0
[inst] req=20414464 hits=6837202 fwd=26518 rows=13576724 fwd_ms=795756.2 eval=0 prior=0
[inst] req=20422656 hits=6840713 fwd=26527 rows=13581332 fwd_ms=796012.7 eval=0 prior=0
[inst] req=20430848 hits=6844189 fwd=26536 rows=13585940 fwd_ms=796269.2 eval=0 prior=0
[inst] req=20439040 hits=6847560 fwd=26545 rows=13590548 fwd_ms=796525.8 eval=0 prior=0
[inst] req=20447232 hits=6851083 fwd=26554 rows=13595156 fwd_ms=796782.6 eval=0 prior=0
[inst] req=20455424 hits=6854599 fwd=26564 rows=13600276 fwd_ms=797067.6 eval=0 prior=0
[inst] req=20463616 hits=6858053 fwd=26573 rows=13604884 fwd_ms=797324.9 eval=0 prior=0
[inst] req=20471808 hits=6861424 fwd=26582 rows=13609492 fwd_ms=797967.3 eval=0 prior=0
[inst] req=20480000 hits=6864775 fwd=26592 rows=13614612 fwd_ms=798765.9 eval=0 prior=0
[inst] req=20488192 hits=6868042 fwd=26601 rows=13619220 fwd_ms=799366.6 eval=0 prior=0
[inst] req=20496384 hits=6871209 fwd=26611 rows=13624340 fwd_ms=800120.2 eval=0 prior=0
[inst] req=20504576 hits=6874758 fwd=26620 rows=13628948 fwd_ms=800767.6 eval=0 prior=0
[inst] req=20512768 hits=6878265 fwd=26629 rows=13633556 fwd_ms=801485.2 eval=0 prior=0
[inst] req=20520960 hits=6881686 fwd=26639 rows=13638676 fwd_ms=802284.6 eval=0 prior=0
[inst] req=20529152 hits=6885580 fwd=26647 rows=13642772 fwd_ms=802901.0 eval=0 prior=0
[inst] req=20537344 hits=6889210 fwd=26656 rows=13647380 fwd_ms=803616.1 eval=0 prior=0
[inst] req=20545536 hits=6892868 fwd=26665 rows=13651988 fwd_ms=804380.1 eval=0 prior=0
[inst] req=20553728 hits=6896423 fwd=26674 rows=13656596 fwd_ms=805031.4 eval=0 prior=0
[inst] req=20561920 hits=6899989 fwd=26683 rows=13661204 fwd_ms=805753.4 eval=0 prior=0
[inst] req=20570112 hits=6903605 fwd=26692 rows=13665812 fwd_ms=806349.3 eval=0 prior=0
[inst] req=20578304 hits=6907184 fwd=26701 rows=13670420 fwd_ms=807116.6 eval=0 prior=0
[inst] req=20586496 hits=6911077 fwd=26709 rows=13674516 fwd_ms=807684.1 eval=0 prior=0
[inst] req=20594688 hits=6914783 fwd=26718 rows=13679124 fwd_ms=808445.5 eval=0 prior=0
[inst] req=20602880 hits=6918623 fwd=26727 rows=13683732 fwd_ms=809093.6 eval=0 prior=0
[inst] req=20611072 hits=6922473 fwd=26735 rows=13687828 fwd_ms=809755.7 eval=0 prior=0
[inst] req=20619264 hits=6926273 fwd=26744 rows=13692436 fwd_ms=810369.0 eval=0 prior=0
[inst] req=20627456 hits=6929890 fwd=26753 rows=13697044 fwd_ms=811126.0 eval=0 prior=0
[inst] req=20635648 hits=6933666 fwd=26761 rows=13701140 fwd_ms=811743.9 eval=0 prior=0
[inst] req=20643840 hits=6937545 fwd=26770 rows=13705748 fwd_ms=812452.8 eval=0 prior=0
[inst] req=20652032 hits=6940909 fwd=26779 rows=13710356 fwd_ms=813098.9 eval=0 prior=0
[inst] req=20660224 hits=6944753 fwd=26787 rows=13714452 fwd_ms=813786.0 eval=0 prior=0
[inst] req=20668416 hits=6948857 fwd=26795 rows=13718548 fwd_ms=814352.4 eval=0 prior=0
[inst] req=20676608 hits=6952952 fwd=26803 rows=13722644 fwd_ms=814749.6 eval=0 prior=0
[inst] req=20684800 hits=6956717 fwd=26812 rows=13727252 fwd_ms=815010.5 eval=0 prior=0
[inst] req=20692992 hits=6960539 fwd=26821 rows=13731860 fwd_ms=815269.5 eval=0 prior=0
[inst] req=20701184 hits=6964250 fwd=26829 rows=13735956 fwd_ms=815501.7 eval=0 prior=0
[inst] req=20709376 hits=6966110 fwd=26842 rows=13742612 fwd_ms=815885.4 eval=0 prior=0
[inst] req=20717568 hits=6966942 fwd=26856 rows=13749780 fwd_ms=816284.5 eval=0 prior=0
[inst] req=20725760 hits=6968165 fwd=26870 rows=13756948 fwd_ms=816683.7 eval=0 prior=0
[inst] req=20733952 hits=6969841 fwd=26882 rows=13763092 fwd_ms=817025.9 eval=0 prior=0
[inst] req=20742144 hits=6972023 fwd=26894 rows=13769236 fwd_ms=817368.2 eval=0 prior=0
[inst] req=20750336 hits=6974650 fwd=26905 rows=13774868 fwd_ms=817681.9 eval=0 prior=0
[inst] req=20758528 hits=6977547 fwd=26915 rows=13779988 fwd_ms=817967.2 eval=0 prior=0
[inst] req=20766720 hits=6980611 fwd=26925 rows=13785108 fwd_ms=818252.5 eval=0 prior=0
[inst] req=20774912 hits=6983784 fwd=26935 rows=13790228 fwd_ms=818537.7 eval=0 prior=0
[inst] req=20783104 hits=6986933 fwd=26945 rows=13795348 fwd_ms=818823.0 eval=0 prior=0
[inst] req=20791296 hits=6990197 fwd=26955 rows=13800468 fwd_ms=819108.4 eval=0 prior=0
[inst] req=20799488 hits=6994036 fwd=26963 rows=13804564 fwd_ms=819336.7 eval=0 prior=0
[inst] req=20807680 hits=6997535 fwd=26972 rows=13809172 fwd_ms=819593.3 eval=0 prior=0
[inst] req=20815872 hits=7001024 fwd=26982 rows=13814292 fwd_ms=819878.3 eval=0 prior=0
[inst] req=20824064 hits=7004661 fwd=26990 rows=13818388 fwd_ms=820106.6 eval=0 prior=0
[inst] req=20832256 hits=7008520 fwd=26999 rows=13822996 fwd_ms=820363.3 eval=0 prior=0
[inst] req=20840448 hits=7012332 fwd=27007 rows=13827092 fwd_ms=820591.6 eval=0 prior=0
[inst] req=20848640 hits=7016273 fwd=27016 rows=13831700 fwd_ms=820848.2 eval=0 prior=0
[inst] req=20856832 hits=7020162 fwd=27024 rows=13835796 fwd_ms=821076.5 eval=0 prior=0
[inst] req=20865024 hits=7023895 fwd=27033 rows=13840404 fwd_ms=821333.1 eval=0 prior=0
[inst] req=20873216 hits=7027694 fwd=27041 rows=13844500 fwd_ms=821561.3 eval=0 prior=0
[inst] req=20881408 hits=7031200 fwd=27051 rows=13849620 fwd_ms=821846.6 eval=0 prior=0
[inst] req=20889600 hits=7034962 fwd=27059 rows=13853716 fwd_ms=822074.9 eval=0 prior=0
[inst] req=20897792 hits=7038436 fwd=27069 rows=13858836 fwd_ms=822360.3 eval=0 prior=0
[inst] req=20905984 hits=7042004 fwd=27078 rows=13863444 fwd_ms=822617.0 eval=0 prior=0
[inst] req=20914176 hits=7045795 fwd=27086 rows=13867540 fwd_ms=822845.1 eval=0 prior=0
[inst] req=20922368 hits=7049517 fwd=27095 rows=13872148 fwd_ms=823101.8 eval=0 prior=0
[inst] req=20930560 hits=7053319 fwd=27103 rows=13876244 fwd_ms=823329.9 eval=0 prior=0
[inst] req=20938752 hits=7057116 fwd=27112 rows=13880852 fwd_ms=823586.3 eval=0 prior=0
[inst] req=20946944 hits=7060921 fwd=27121 rows=13885460 fwd_ms=823842.8 eval=0 prior=0
[inst] req=20955136 hits=7064784 fwd=27129 rows=13889556 fwd_ms=824070.6 eval=0 prior=0
[inst] req=20963328 hits=7068694 fwd=27137 rows=13893652 fwd_ms=824298.6 eval=0 prior=0
[inst] req=20971520 hits=7072539 fwd=27146 rows=13898260 fwd_ms=824555.1 eval=0 prior=0
[inst] req=20979712 hits=7076077 fwd=27155 rows=13902868 fwd_ms=824811.7 eval=0 prior=0
[inst] req=20987904 hits=7079922 fwd=27163 rows=13906964 fwd_ms=825039.7 eval=0 prior=0
[inst] req=20996096 hits=7083647 fwd=27172 rows=13911572 fwd_ms=825296.3 eval=0 prior=0
[inst] req=21004288 hits=7087473 fwd=27181 rows=13916180 fwd_ms=825552.7 eval=0 prior=0
[inst] req=21012480 hits=7091225 fwd=27189 rows=13920276 fwd_ms=825780.6 eval=0 prior=0
[inst] req=21020672 hits=7095013 fwd=27198 rows=13924884 fwd_ms=826036.9 eval=0 prior=0
[inst] req=21028864 hits=7098944 fwd=27206 rows=13928980 fwd_ms=826264.7 eval=0 prior=0
[inst] req=21037056 hits=7103003 fwd=27214 rows=13933076 fwd_ms=826492.8 eval=0 prior=0
[inst] req=21045248 hits=7106633 fwd=27223 rows=13937684 fwd_ms=826749.0 eval=0 prior=0
[inst] req=21053440 hits=7110217 fwd=27232 rows=13942292 fwd_ms=827005.4 eval=0 prior=0
[inst] req=21061632 hits=7113795 fwd=27241 rows=13946900 fwd_ms=827261.6 eval=0 prior=0
[inst] req=21069824 hits=7117437 fwd=27250 rows=13951508 fwd_ms=827517.7 eval=0 prior=0
[inst] req=21078016 hits=7120994 fwd=27259 rows=13956116 fwd_ms=827773.9 eval=0 prior=0
[inst] req=21086208 hits=7124686 fwd=27268 rows=13960724 fwd_ms=828030.0 eval=0 prior=0
[inst] req=21094400 hits=7128419 fwd=27277 rows=13965332 fwd_ms=828285.9 eval=0 prior=0
[inst] req=21102592 hits=7132341 fwd=27285 rows=13969428 fwd_ms=828513.5 eval=0 prior=0
[inst] req=21110784 hits=7135938 fwd=27294 rows=13974036 fwd_ms=828769.5 eval=0 prior=0
[inst] req=21118976 hits=7139719 fwd=27303 rows=13978644 fwd_ms=829025.7 eval=0 prior=0
[inst] req=21127168 hits=7143530 fwd=27311 rows=13982740 fwd_ms=829253.5 eval=0 prior=0
[inst] req=21135360 hits=7147213 fwd=27320 rows=13987348 fwd_ms=829509.6 eval=0 prior=0
[inst] req=21143552 hits=7151120 fwd=27328 rows=13991444 fwd_ms=829737.5 eval=0 prior=0
[inst] req=21151744 hits=7154736 fwd=27337 rows=13996052 fwd_ms=829993.5 eval=0 prior=0
[inst] req=21159936 hits=7158454 fwd=27346 rows=14000660 fwd_ms=830249.5 eval=0 prior=0
[inst] req=21168128 hits=7162280 fwd=27355 rows=14005268 fwd_ms=830505.6 eval=0 prior=0
[inst] req=21176320 hits=7166224 fwd=27363 rows=14009364 fwd_ms=830733.4 eval=0 prior=0
[inst] req=21184512 hits=7170012 fwd=27372 rows=14013972 fwd_ms=830989.6 eval=0 prior=0
[inst] req=21192704 hits=7173698 fwd=27380 rows=14018068 fwd_ms=831217.5 eval=0 prior=0
[inst] req=21200896 hits=7177522 fwd=27389 rows=14022676 fwd_ms=831474.0 eval=0 prior=0
[inst] req=21209088 hits=7181105 fwd=27398 rows=14027284 fwd_ms=831730.5 eval=0 prior=0
[inst] req=21217280 hits=7184794 fwd=27407 rows=14031892 fwd_ms=831987.1 eval=0 prior=0
[inst] req=21225472 hits=7188498 fwd=27415 rows=14035988 fwd_ms=832215.3 eval=0 prior=0
[inst] req=21233664 hits=7192205 fwd=27424 rows=14040596 fwd_ms=832472.1 eval=0 prior=0
[inst] req=21241856 hits=7196092 fwd=27433 rows=14045204 fwd_ms=832728.7 eval=0 prior=0
[inst] req=21250048 hits=7199604 fwd=27442 rows=14049812 fwd_ms=832985.4 eval=0 prior=0
[inst] req=21258240 hits=7203550 fwd=27450 rows=14053908 fwd_ms=833213.3 eval=0 prior=0
[inst] req=21266432 hits=7207380 fwd=27459 rows=14058516 fwd_ms=833469.7 eval=0 prior=0
[inst] req=21274624 hits=7211311 fwd=27467 rows=14062612 fwd_ms=833697.9 eval=0 prior=0
[inst] req=21282816 hits=7214922 fwd=27476 rows=14067220 fwd_ms=833954.6 eval=0 prior=0
[inst] req=21291008 hits=7218377 fwd=27485 rows=14071828 fwd_ms=834211.3 eval=0 prior=0
[inst] req=21299200 hits=7222327 fwd=27493 rows=14075924 fwd_ms=834439.5 eval=0 prior=0
[inst] req=21307392 hits=7225959 fwd=27502 rows=14080532 fwd_ms=834696.2 eval=0 prior=0
[inst] req=21315584 hits=7229871 fwd=27511 rows=14085140 fwd_ms=834953.1 eval=0 prior=0
[inst] req=21323776 hits=7233600 fwd=27519 rows=14089236 fwd_ms=835181.5 eval=0 prior=0
[inst] req=21331968 hits=7237523 fwd=27528 rows=14093844 fwd_ms=835438.2 eval=0 prior=0
[inst] req=21340160 hits=7241059 fwd=27537 rows=14098452 fwd_ms=835694.9 eval=0 prior=0
[inst] req=21348352 hits=7244930 fwd=27545 rows=14102548 fwd_ms=835923.1 eval=0 prior=0
[inst] req=21356544 hits=7248802 fwd=27554 rows=14107156 fwd_ms=836179.9 eval=0 prior=0
[inst] req=21364736 hits=7252759 fwd=27562 rows=14111252 fwd_ms=836408.1 eval=0 prior=0
[inst] req=21372928 hits=7256202 fwd=27571 rows=14115860 fwd_ms=836664.8 eval=0 prior=0
[inst] req=21381120 hits=7260164 fwd=27579 rows=14119956 fwd_ms=836893.1 eval=0 prior=0
[inst] req=21389312 hits=7263879 fwd=27588 rows=14124564 fwd_ms=837150.1 eval=0 prior=0
[inst] req=21397504 hits=7267561 fwd=27597 rows=14129172 fwd_ms=837406.6 eval=0 prior=0
[inst] req=21405696 hits=7271233 fwd=27606 rows=14133780 fwd_ms=837663.7 eval=0 prior=0
[inst] req=21413888 hits=7275234 fwd=27614 rows=14137876 fwd_ms=837892.2 eval=0 prior=0
[inst] req=21422080 hits=7279035 fwd=27623 rows=14142484 fwd_ms=838149.0 eval=0 prior=0
[inst] req=21430272 hits=7282780 fwd=27631 rows=14146580 fwd_ms=838377.4 eval=0 prior=0
[inst] req=21438464 hits=7286525 fwd=27640 rows=14151188 fwd_ms=838634.4 eval=0 prior=0
[inst] req=21446656 hits=7290277 fwd=27649 rows=14155796 fwd_ms=838891.3 eval=0 prior=0
[inst] req=21454848 hits=7294105 fwd=27657 rows=14159892 fwd_ms=839119.6 eval=0 prior=0
[inst] req=21463040 hits=7297754 fwd=27666 rows=14164500 fwd_ms=839376.5 eval=0 prior=0
[inst] req=21471232 hits=7301665 fwd=27674 rows=14168596 fwd_ms=839604.8 eval=0 prior=0
[inst] req=21479424 hits=7305688 fwd=27683 rows=14173204 fwd_ms=839861.6 eval=0 prior=0
[inst] req=21487616 hits=7309451 fwd=27691 rows=14177300 fwd_ms=840089.9 eval=0 prior=0
[inst] req=21495808 hits=7313249 fwd=27700 rows=14181908 fwd_ms=840346.9 eval=0 prior=0
[inst] req=21504000 hits=7316929 fwd=27709 rows=14186516 fwd_ms=840604.0 eval=0 prior=0
[inst] req=21512192 hits=7320669 fwd=27717 rows=14190612 fwd_ms=840832.6 eval=0 prior=0
[inst] req=21520384 hits=7324494 fwd=27726 rows=14195220 fwd_ms=841089.4 eval=0 prior=0
[inst] req=21528576 hits=7328338 fwd=27734 rows=14199316 fwd_ms=841317.8 eval=0 prior=0
[inst] req=21536768 hits=7332270 fwd=27743 rows=14203924 fwd_ms=841574.7 eval=0 prior=0
[inst] req=21544960 hits=7335950 fwd=27751 rows=14208020 fwd_ms=841803.0 eval=0 prior=0
[inst] req=21553152 hits=7339757 fwd=27760 rows=14212628 fwd_ms=842060.0 eval=0 prior=0
[inst] req=21561344 hits=7343835 fwd=27768 rows=14216724 fwd_ms=842288.4 eval=0 prior=0
[inst] req=21569536 hits=7347508 fwd=27777 rows=14221332 fwd_ms=842545.3 eval=0 prior=0
[inst] req=21577728 hits=7351331 fwd=27785 rows=14225428 fwd_ms=842773.6 eval=0 prior=0
[inst] req=21585920 hits=7354883 fwd=27794 rows=14230036 fwd_ms=843030.6 eval=0 prior=0
[inst] req=21594112 hits=7358695 fwd=27803 rows=14234644 fwd_ms=843287.5 eval=0 prior=0
[inst] req=21602304 hits=7362609 fwd=27811 rows=14238740 fwd_ms=843515.9 eval=0 prior=0
[inst] req=21610496 hits=7366472 fwd=27820 rows=14243348 fwd_ms=843772.8 eval=0 prior=0
[inst] req=21618688 hits=7370282 fwd=27828 rows=14247444 fwd_ms=844001.2 eval=0 prior=0
[inst] req=21626880 hits=7373935 fwd=27837 rows=14252052 fwd_ms=844258.0 eval=0 prior=0
[inst] req=21635072 hits=7377848 fwd=27846 rows=14256660 fwd_ms=844514.8 eval=0 prior=0
[inst] req=21643264 hits=7381558 fwd=27854 rows=14260756 fwd_ms=844743.3 eval=0 prior=0
[inst] req=21651456 hits=7385071 fwd=27863 rows=14265364 fwd_ms=845000.1 eval=0 prior=0
[inst] req=21659648 hits=7389164 fwd=27871 rows=14269460 fwd_ms=845228.4 eval=0 prior=0
[inst] req=21667840 hits=7393119 fwd=27880 rows=14274068 fwd_ms=845485.3 eval=0 prior=0
[inst] req=21676032 hits=7397027 fwd=27888 rows=14278164 fwd_ms=845713.6 eval=0 prior=0
[inst] req=21684224 hits=7400886 fwd=27897 rows=14282772 fwd_ms=845970.6 eval=0 prior=0
[inst] req=21692416 hits=7404736 fwd=27905 rows=14286868 fwd_ms=846199.1 eval=0 prior=0
[inst] req=21700608 hits=7408513 fwd=27914 rows=14291476 fwd_ms=846456.0 eval=0 prior=0
[inst] req=21708800 hits=7412434 fwd=27922 rows=14295572 fwd_ms=846684.5 eval=0 prior=0
[inst] req=21716992 hits=7416350 fwd=27930 rows=14299668 fwd_ms=846913.0 eval=0 prior=0
[inst] req=21725184 hits=7420527 fwd=27938 rows=14303764 fwd_ms=847141.6 eval=0 prior=0
[inst] req=21733376 hits=7424231 fwd=27947 rows=14308372 fwd_ms=847398.3 eval=0 prior=0
[inst] req=21741568 hits=7428134 fwd=27955 rows=14312468 fwd_ms=847626.5 eval=0 prior=0
[inst] req=21749760 hits=7432012 fwd=27964 rows=14317076 fwd_ms=847883.4 eval=0 prior=0
[inst] req=21757952 hits=7435742 fwd=27973 rows=14321684 fwd_ms=848140.1 eval=0 prior=0
[inst] req=21766144 hits=7439538 fwd=27981 rows=14325780 fwd_ms=848368.2 eval=0 prior=0
[inst] req=21774336 hits=7443502 fwd=27989 rows=14329876 fwd_ms=848596.3 eval=0 prior=0
[inst] req=21782528 hits=7447109 fwd=27998 rows=14334484 fwd_ms=848853.2 eval=0 prior=0
[inst] req=21790720 hits=7451018 fwd=28007 rows=14339092 fwd_ms=849110.0 eval=0 prior=0
[inst] req=21798912 hits=7454754 fwd=28015 rows=14343188 fwd_ms=849338.3 eval=0 prior=0
[inst] req=21807104 hits=7458445 fwd=28024 rows=14347796 fwd_ms=849594.9 eval=0 prior=0
[inst] req=21815296 hits=7462328 fwd=28033 rows=14352404 fwd_ms=849851.4 eval=0 prior=0
[inst] req=21823488 hits=7466203 fwd=28041 rows=14356500 fwd_ms=850079.6 eval=0 prior=0
[inst] req=21831680 hits=7470271 fwd=28049 rows=14360596 fwd_ms=850307.6 eval=0 prior=0
[inst] req=21839872 hits=7474146 fwd=28058 rows=14365204 fwd_ms=850564.0 eval=0 prior=0
[inst] req=21848064 hits=7478032 fwd=28066 rows=14369300 fwd_ms=850792.0 eval=0 prior=0
[inst] req=21856256 hits=7481937 fwd=28074 rows=14373396 fwd_ms=851020.1 eval=0 prior=0
[inst] req=21864448 hits=7485948 fwd=28082 rows=14377492 fwd_ms=851248.2 eval=0 prior=0
[inst] req=21872640 hits=7489644 fwd=28091 rows=14382100 fwd_ms=851504.7 eval=0 prior=0
[inst] req=21880832 hits=7493492 fwd=28100 rows=14386708 fwd_ms=851760.9 eval=0 prior=0
[inst] req=21889024 hits=7497572 fwd=28108 rows=14390804 fwd_ms=851988.9 eval=0 prior=0
[inst] req=21897216 hits=7501449 fwd=28116 rows=14394900 fwd_ms=852216.8 eval=0 prior=0
[inst] req=21905408 hits=7505314 fwd=28125 rows=14399508 fwd_ms=852473.2 eval=0 prior=0
[inst] req=21913600 hits=7509108 fwd=28133 rows=14403604 fwd_ms=852701.2 eval=0 prior=0
[inst] req=21921792 hits=7512726 fwd=28142 rows=14408212 fwd_ms=852957.5 eval=0 prior=0
[inst] req=21929984 hits=7516350 fwd=28151 rows=14412820 fwd_ms=853214.1 eval=0 prior=0
[inst] req=21938176 hits=7520108 fwd=28160 rows=14417428 fwd_ms=853470.2 eval=0 prior=0
[inst] req=21946368 hits=7523915 fwd=28168 rows=14421524 fwd_ms=853698.0 eval=0 prior=0
[inst] req=21954560 hits=7527864 fwd=28177 rows=14426132 fwd_ms=853954.5 eval=0 prior=0
[inst] req=21962752 hits=7531724 fwd=28185 rows=14430228 fwd_ms=854182.5 eval=0 prior=0
[inst] req=21970944 hits=7535735 fwd=28193 rows=14434324 fwd_ms=854410.5 eval=0 prior=0
[inst] req=21979136 hits=7539538 fwd=28202 rows=14438932 fwd_ms=854666.9 eval=0 prior=0
[inst] req=21987328 hits=7543428 fwd=28210 rows=14443028 fwd_ms=854894.9 eval=0 prior=0
[inst] req=21995520 hits=7547335 fwd=28219 rows=14447636 fwd_ms=855151.4 eval=0 prior=0
[inst] req=22003712 hits=7551311 fwd=28227 rows=14451732 fwd_ms=855379.4 eval=0 prior=0
[inst] req=22011904 hits=7555287 fwd=28235 rows=14455828 fwd_ms=855607.4 eval=0 prior=0
[inst] req=22020096 hits=7559038 fwd=28244 rows=14460436 fwd_ms=855864.1 eval=0 prior=0
[inst] req=22028288 hits=7562914 fwd=28252 rows=14464532 fwd_ms=856092.1 eval=0 prior=0
[inst] req=22036480 hits=7566903 fwd=28260 rows=14468628 fwd_ms=856320.1 eval=0 prior=0
[inst] req=22044672 hits=7570768 fwd=28269 rows=14473236 fwd_ms=856576.5 eval=0 prior=0
[inst] req=22052864 hits=7574652 fwd=28277 rows=14477332 fwd_ms=856804.4 eval=0 prior=0
[inst] req=22061056 hits=7578502 fwd=28286 rows=14481940 fwd_ms=857060.9 eval=0 prior=0
[inst] req=22069248 hits=7582372 fwd=28294 rows=14486036 fwd_ms=857289.0 eval=0 prior=0
[inst] req=22077440 hits=7586135 fwd=28303 rows=14490644 fwd_ms=857545.3 eval=0 prior=0
[inst] req=22085632 hits=7590129 fwd=28311 rows=14494740 fwd_ms=857773.2 eval=0 prior=0
[inst] req=22093824 hits=7593972 fwd=28319 rows=14498836 fwd_ms=858001.2 eval=0 prior=0
[inst] req=22102016 hits=7597640 fwd=28328 rows=14503444 fwd_ms=858257.7 eval=0 prior=0
[inst] req=22110208 hits=7601536 fwd=28337 rows=14508052 fwd_ms=858514.2 eval=0 prior=0
[inst] req=22118400 hits=7605543 fwd=28345 rows=14512148 fwd_ms=858742.2 eval=0 prior=0
[inst] req=22126592 hits=7609606 fwd=28353 rows=14516244 fwd_ms=858970.2 eval=0 prior=0
[inst] req=22134784 hits=7613449 fwd=28361 rows=14520340 fwd_ms=859198.5 eval=0 prior=0
[inst] req=22142976 hits=7617139 fwd=28370 rows=14524948 fwd_ms=859455.2 eval=0 prior=0
[inst] req=22151168 hits=7621105 fwd=28378 rows=14529044 fwd_ms=859683.4 eval=0 prior=0
[inst] req=22159360 hits=7625109 fwd=28387 rows=14533652 fwd_ms=859939.9 eval=0 prior=0
[inst] req=22167552 hits=7629137 fwd=28395 rows=14537748 fwd_ms=860168.2 eval=0 prior=0
[inst] req=22175744 hits=7632993 fwd=28403 rows=14541844 fwd_ms=860396.4 eval=0 prior=0
[inst] req=22183936 hits=7636953 fwd=28412 rows=14546452 fwd_ms=860653.1 eval=0 prior=0
[inst] req=22192128 hits=7640866 fwd=28420 rows=14550548 fwd_ms=860881.4 eval=0 prior=0
[inst] req=22200320 hits=7644539 fwd=28429 rows=14555156 fwd_ms=861138.3 eval=0 prior=0
[inst] req=22208512 hits=7648351 fwd=28437 rows=14559252 fwd_ms=861366.7 eval=0 prior=0
[inst] req=22216704 hits=7652060 fwd=28446 rows=14563860 fwd_ms=861623.6 eval=0 prior=0
[inst] req=22224896 hits=7655988 fwd=28454 rows=14567956 fwd_ms=861851.7 eval=0 prior=0
[inst] req=22233088 hits=7660007 fwd=28463 rows=14572564 fwd_ms=862108.7 eval=0 prior=0
[inst] req=22241280 hits=7663862 fwd=28471 rows=14576660 fwd_ms=862336.9 eval=0 prior=0
[inst] req=22249472 hits=7667850 fwd=28479 rows=14580756 fwd_ms=862565.3 eval=0 prior=0
[inst] req=22257664 hits=7671584 fwd=28488 rows=14585364 fwd_ms=862822.2 eval=0 prior=0
[inst] req=22265856 hits=7675318 fwd=28497 rows=14589972 fwd_ms=863078.9 eval=0 prior=0
[inst] req=22274048 hits=7679078 fwd=28505 rows=14594068 fwd_ms=863307.3 eval=0 prior=0
[inst] req=22282240 hits=7682745 fwd=28514 rows=14598676 fwd_ms=863563.9 eval=0 prior=0
[inst] req=22290432 hits=7686636 fwd=28522 rows=14602772 fwd_ms=863792.2 eval=0 prior=0
[inst] req=22298624 hits=7690703 fwd=28531 rows=14607380 fwd_ms=864049.0 eval=0 prior=0
[inst] req=22306816 hits=7694686 fwd=28539 rows=14611476 fwd_ms=864277.0 eval=0 prior=0
[inst] req=22315008 hits=7698628 fwd=28547 rows=14615572 fwd_ms=864505.1 eval=0 prior=0
[inst] req=22323200 hits=7702382 fwd=28556 rows=14620180 fwd_ms=864761.7 eval=0 prior=0
[inst] req=22331392 hits=7706129 fwd=28564 rows=14624276 fwd_ms=864989.9 eval=0 prior=0
[inst] req=22339584 hits=7709997 fwd=28573 rows=14628884 fwd_ms=865246.7 eval=0 prior=0
[inst] req=22347776 hits=7713623 fwd=28582 rows=14633492 fwd_ms=865503.5 eval=0 prior=0
[inst] req=22355968 hits=7717441 fwd=28590 rows=14637588 fwd_ms=865731.5 eval=0 prior=0
[inst] req=22364160 hits=7721245 fwd=28599 rows=14642196 fwd_ms=865988.2 eval=0 prior=0
[inst] req=22372352 hits=7724885 fwd=28608 rows=14646804 fwd_ms=866244.8 eval=0 prior=0
[inst] req=22380544 hits=7728892 fwd=28616 rows=14650900 fwd_ms=866472.7 eval=0 prior=0
[inst] req=22388736 hits=7732551 fwd=28625 rows=14655508 fwd_ms=866729.2 eval=0 prior=0
[inst] req=22396928 hits=7736536 fwd=28633 rows=14659604 fwd_ms=866957.2 eval=0 prior=0
[inst] req=22405120 hits=7740790 fwd=28641 rows=14663700 fwd_ms=867185.3 eval=0 prior=0
[inst] req=22413312 hits=7744624 fwd=28649 rows=14667796 fwd_ms=867413.5 eval=0 prior=0
[inst] req=22421504 hits=7748701 fwd=28657 rows=14671892 fwd_ms=867641.5 eval=0 prior=0
[inst] req=22429696 hits=7752622 fwd=28666 rows=14676500 fwd_ms=867898.0 eval=0 prior=0
[inst] req=22437888 hits=7756652 fwd=28674 rows=14680596 fwd_ms=868126.2 eval=0 prior=0
[inst] req=22446080 hits=7760474 fwd=28682 rows=14684692 fwd_ms=868354.5 eval=0 prior=0
[inst] req=22454272 hits=7764413 fwd=28691 rows=14689300 fwd_ms=868611.2 eval=0 prior=0
[inst] req=22462464 hits=7768026 fwd=28700 rows=14693908 fwd_ms=868867.8 eval=0 prior=0
[inst] req=22470656 hits=7771947 fwd=28708 rows=14698004 fwd_ms=869096.1 eval=0 prior=0
[inst] req=22478848 hits=7776058 fwd=28716 rows=14702100 fwd_ms=869324.4 eval=0 prior=0
[inst] req=22487040 hits=7779989 fwd=28724 rows=14706196 fwd_ms=869552.8 eval=0 prior=0
[inst] req=22495232 hits=7784034 fwd=28732 rows=14710292 fwd_ms=869781.1 eval=0 prior=0
[inst] req=22503424 hits=7787989 fwd=28741 rows=14714900 fwd_ms=870037.8 eval=0 prior=0
[inst] req=22511616 hits=7791871 fwd=28749 rows=14718996 fwd_ms=870266.0 eval=0 prior=0
[inst] req=22519808 hits=7795427 fwd=28758 rows=14723604 fwd_ms=870522.7 eval=0 prior=0
[inst] req=22528000 hits=7799165 fwd=28767 rows=14728212 fwd_ms=870779.3 eval=0 prior=0
[inst] req=22536192 hits=7803033 fwd=28775 rows=14732308 fwd_ms=871007.4 eval=0 prior=0
[inst] req=22544384 hits=7807006 fwd=28783 rows=14736404 fwd_ms=871235.7 eval=0 prior=0
[inst] req=22552576 hits=7811060 fwd=28791 rows=14740500 fwd_ms=871463.9 eval=0 prior=0
[inst] req=22560768 hits=7815201 fwd=28799 rows=14744596 fwd_ms=871692.2 eval=0 prior=0
[inst] req=22568960 hits=7818900 fwd=28808 rows=14749204 fwd_ms=871948.9 eval=0 prior=0
[inst] req=22577152 hits=7822711 fwd=28817 rows=14753812 fwd_ms=872205.5 eval=0 prior=0
[inst] req=22585344 hits=7826494 fwd=28825 rows=14757908 fwd_ms=872433.8 eval=0 prior=0
[inst] req=22593536 hits=7830356 fwd=28834 rows=14762516 fwd_ms=872690.3 eval=0 prior=0
[inst] req=22601728 hits=7834478 fwd=28842 rows=14766612 fwd_ms=872918.5 eval=0 prior=0
[inst] req=22609920 hits=7838717 fwd=28849 rows=14770196 fwd_ms=873118.3 eval=0 prior=0
[inst] req=22618112 hits=7842531 fwd=28858 rows=14774804 fwd_ms=873375.2 eval=0 prior=0
[inst] req=22626304 hits=7846302 fwd=28867 rows=14779412 fwd_ms=873631.9 eval=0 prior=0
[inst] req=22634496 hits=7850474 fwd=28875 rows=14783508 fwd_ms=873860.3 eval=0 prior=0
[inst] req=22642688 hits=7854438 fwd=28883 rows=14787604 fwd_ms=874088.4 eval=0 prior=0
[inst] req=22650880 hits=7858318 fwd=28891 rows=14791700 fwd_ms=874316.8 eval=0 prior=0
[inst] req=22659072 hits=7862252 fwd=28899 rows=14795796 fwd_ms=874545.0 eval=0 prior=0
[inst] req=22667264 hits=7866110 fwd=28908 rows=14800404 fwd_ms=874802.0 eval=0 prior=0
[inst] req=22675456 hits=7869936 fwd=28916 rows=14804500 fwd_ms=875030.4 eval=0 prior=0
[inst] req=22683648 hits=7873730 fwd=28925 rows=14809108 fwd_ms=875287.1 eval=0 prior=0
[inst] req=22691840 hits=7877845 fwd=28933 rows=14813204 fwd_ms=875515.3 eval=0 prior=0
[inst] req=22700032 hits=7881611 fwd=28942 rows=14817812 fwd_ms=875772.0 eval=0 prior=0
[inst] req=22708224 hits=7885279 fwd=28951 rows=14822420 fwd_ms=876028.9 eval=0 prior=0
[inst] req=22716416 hits=7889167 fwd=28959 rows=14826516 fwd_ms=876257.2 eval=0 prior=0
[inst] req=22724608 hits=7893128 fwd=28967 rows=14830612 fwd_ms=876485.6 eval=0 prior=0
[inst] req=22732800 hits=7897050 fwd=28976 rows=14835220 fwd_ms=876742.6 eval=0 prior=0
[inst] req=22740992 hits=7901029 fwd=28984 rows=14839316 fwd_ms=876970.8 eval=0 prior=0
[inst] req=22749184 hits=7904726 fwd=28993 rows=14843924 fwd_ms=877227.6 eval=0 prior=0
[inst] req=22757376 hits=7908720 fwd=29001 rows=14848020 fwd_ms=877455.7 eval=0 prior=0
[inst] req=22765568 hits=7912744 fwd=29009 rows=14852116 fwd_ms=877684.0 eval=0 prior=0
[inst] req=22773760 hits=7916585 fwd=29017 rows=14856212 fwd_ms=877912.2 eval=0 prior=0
[inst] req=22781952 hits=7920500 fwd=29026 rows=14860820 fwd_ms=878168.8 eval=0 prior=0
[inst] req=22790144 hits=7924453 fwd=29034 rows=14864916 fwd_ms=878396.9 eval=0 prior=0
[inst] req=22798336 hits=7928369 fwd=29042 rows=14869012 fwd_ms=878625.1 eval=0 prior=0
[inst] req=22806528 hits=7932345 fwd=29051 rows=14873620 fwd_ms=878881.8 eval=0 prior=0
[inst] req=22814720 hits=7936268 fwd=29059 rows=14877716 fwd_ms=879110.1 eval=0 prior=0
[inst] req=22822912 hits=7940125 fwd=29067 rows=14881812 fwd_ms=879338.7 eval=0 prior=0
[inst] req=22831104 hits=7944058 fwd=29076 rows=14886420 fwd_ms=879595.4 eval=0 prior=0
[inst] req=22839296 hits=7947824 fwd=29084 rows=14890516 fwd_ms=879823.4 eval=0 prior=0
[inst] req=22847488 hits=7951599 fwd=29093 rows=14895124 fwd_ms=880079.9 eval=0 prior=0
[inst] req=22855680 hits=7955566 fwd=29101 rows=14899220 fwd_ms=880308.1 eval=0 prior=0
[inst] req=22863872 hits=7959495 fwd=29110 rows=14903828 fwd_ms=880564.5 eval=0 prior=0
[inst] req=22872064 hits=7963362 fwd=29118 rows=14907924 fwd_ms=880792.6 eval=0 prior=0
[inst] req=22880256 hits=7967258 fwd=29126 rows=14912020 fwd_ms=881020.8 eval=0 prior=0
[inst] req=22888448 hits=7970939 fwd=29135 rows=14916628 fwd_ms=881277.4 eval=0 prior=0
[inst] req=22896640 hits=7974893 fwd=29143 rows=14920724 fwd_ms=881505.6 eval=0 prior=0
[inst] req=22904832 hits=7978800 fwd=29152 rows=14925332 fwd_ms=881762.1 eval=0 prior=0
[inst] req=22913024 hits=7982647 fwd=29160 rows=14929428 fwd_ms=881990.3 eval=0 prior=0
[inst] req=22921216 hits=7986400 fwd=29169 rows=14934036 fwd_ms=882246.8 eval=0 prior=0
[inst] req=22929408 hits=7990035 fwd=29178 rows=14938644 fwd_ms=882503.4 eval=0 prior=0
[inst] req=22937600 hits=7994115 fwd=29186 rows=14942740 fwd_ms=882731.5 eval=0 prior=0
[inst] req=22945792 hits=7997970 fwd=29194 rows=14946836 fwd_ms=882959.5 eval=0 prior=0
[inst] req=22953984 hits=8002025 fwd=29203 rows=14951444 fwd_ms=883216.3 eval=0 prior=0
[inst] req=22962176 hits=8006089 fwd=29211 rows=14955540 fwd_ms=883444.6 eval=0 prior=0
[inst] req=22970368 hits=8010073 fwd=29219 rows=14959636 fwd_ms=883672.8 eval=0 prior=0
[inst] req=22978560 hits=8013987 fwd=29227 rows=14963732 fwd_ms=883900.9 eval=0 prior=0
[inst] req=22986752 hits=8017904 fwd=29235 rows=14967828 fwd_ms=884129.4 eval=0 prior=0
[inst] req=22994944 hits=8021996 fwd=29243 rows=14971924 fwd_ms=884358.2 eval=0 prior=0
[inst] req=23003136 hits=8025791 fwd=29252 rows=14976532 fwd_ms=884615.3 eval=0 prior=0
[inst] req=23011328 hits=8029666 fwd=29261 rows=14981140 fwd_ms=884872.3 eval=0 prior=0
[inst] req=23019520 hits=8033651 fwd=29269 rows=14985236 fwd_ms=885100.8 eval=0 prior=0
[inst] req=23027712 hits=8037623 fwd=29277 rows=14989332 fwd_ms=885329.3 eval=0 prior=0
[inst] req=23035904 hits=8041358 fwd=29286 rows=14993940 fwd_ms=885586.5 eval=0 prior=0
[inst] req=23044096 hits=8045218 fwd=29294 rows=14998036 fwd_ms=885815.0 eval=0 prior=0
[inst] req=23052288 hits=8049203 fwd=29302 rows=15002132 fwd_ms=886043.5 eval=0 prior=0
[inst] req=23060480 hits=8053249 fwd=29310 rows=15006228 fwd_ms=886272.0 eval=0 prior=0
[inst] req=23068672 hits=8057152 fwd=29319 rows=15010836 fwd_ms=886529.3 eval=0 prior=0
[inst] req=23076864 hits=8061164 fwd=29327 rows=15014932 fwd_ms=886757.7 eval=0 prior=0
[inst] req=23085056 hits=8065254 fwd=29335 rows=15019028 fwd_ms=886986.1 eval=0 prior=0
[inst] req=23093248 hits=8069304 fwd=29343 rows=15023124 fwd_ms=887214.2 eval=0 prior=0
[inst] req=23101440 hits=8073019 fwd=29352 rows=15027732 fwd_ms=887471.2 eval=0 prior=0
[inst] req=23109632 hits=8076936 fwd=29360 rows=15031828 fwd_ms=887699.6 eval=0 prior=0
[inst] req=23117824 hits=8081092 fwd=29368 rows=15035924 fwd_ms=887927.9 eval=0 prior=0
[inst] req=23126016 hits=8085162 fwd=29376 rows=15040020 fwd_ms=888156.2 eval=0 prior=0
[inst] req=23134208 hits=8089068 fwd=29384 rows=15044116 fwd_ms=888647.0 eval=0 prior=0
[inst] req=23142400 hits=8093039 fwd=29393 rows=15048724 fwd_ms=889310.2 eval=0 prior=0
[inst] req=23150592 hits=8096831 fwd=29401 rows=15052820 fwd_ms=889924.9 eval=0 prior=0
[inst] req=23158784 hits=8100549 fwd=29410 rows=15057428 fwd_ms=890628.7 eval=0 prior=0
[inst] req=23166976 hits=8104644 fwd=29418 rows=15061524 fwd_ms=891261.8 eval=0 prior=0
[inst] req=23175168 hits=8108582 fwd=29426 rows=15065620 fwd_ms=891919.1 eval=0 prior=0
[inst] req=23183360 hits=8112667 fwd=29434 rows=15069716 fwd_ms=892483.6 eval=0 prior=0
[inst] req=23191552 hits=8116658 fwd=29443 rows=15074324 fwd_ms=893133.6 eval=0 prior=0
[inst] req=23199744 hits=8120650 fwd=29451 rows=15078420 fwd_ms=893811.7 eval=0 prior=0
[inst] req=23207936 hits=8124612 fwd=29459 rows=15082516 fwd_ms=894380.4 eval=0 prior=0
[inst] req=23216128 hits=8128492 fwd=29467 rows=15086612 fwd_ms=895004.5 eval=0 prior=0
[inst] req=23224320 hits=8132429 fwd=29476 rows=15091220 fwd_ms=895713.9 eval=0 prior=0
[inst] req=23232512 hits=8136315 fwd=29484 rows=15095316 fwd_ms=896282.0 eval=0 prior=0
[inst] req=23240704 hits=8140260 fwd=29493 rows=15099924 fwd_ms=896922.4 eval=0 prior=0
[inst] req=23248896 hits=8144293 fwd=29501 rows=15104020 fwd_ms=897483.7 eval=0 prior=0
[inst] req=23257088 hits=8148251 fwd=29509 rows=15108116 fwd_ms=898114.5 eval=0 prior=0
[inst] req=23265280 hits=8152574 fwd=29516 rows=15111700 fwd_ms=898707.1 eval=0 prior=0
[inst] req=23273472 hits=8156848 fwd=29524 rows=15115796 fwd_ms=899313.4 eval=0 prior=0
[inst] req=23281664 hits=8160758 fwd=29532 rows=15119892 fwd_ms=899891.2 eval=0 prior=0
[inst] req=23289856 hits=8164627 fwd=29541 rows=15124500 fwd_ms=900657.9 eval=0 prior=0
[inst] req=23298048 hits=8168509 fwd=29549 rows=15128596 fwd_ms=901344.2 eval=0 prior=0
[inst] req=23306240 hits=8172494 fwd=29558 rows=15133204 fwd_ms=901943.6 eval=0 prior=0
[inst] req=23314432 hits=8176231 fwd=29566 rows=15137300 fwd_ms=902552.2 eval=0 prior=0
[inst] req=23322624 hits=8180009 fwd=29575 rows=15141908 fwd_ms=903267.4 eval=0 prior=0
[inst] req=23330816 hits=8183890 fwd=29583 rows=15146004 fwd_ms=903887.0 eval=0 prior=0
[inst] req=23339008 hits=8187621 fwd=29592 rows=15150612 fwd_ms=904546.6 eval=0 prior=0
[inst] req=23347200 hits=8191968 fwd=29600 rows=15154708 fwd_ms=905162.9 eval=0 prior=0
[inst] req=23355392 hits=8195997 fwd=29608 rows=15158804 fwd_ms=905562.3 eval=0 prior=0
[inst] req=23363584 hits=8200073 fwd=29616 rows=15162900 fwd_ms=905793.7 eval=0 prior=0
[inst] req=23371776 hits=8204114 fwd=29624 rows=15166996 fwd_ms=906025.0 eval=0 prior=0
[inst] req=23379968 hits=8208179 fwd=29632 rows=15171092 fwd_ms=906257.1 eval=0 prior=0
[inst] req=23388160 hits=8210408 fwd=29644 rows=15177236 fwd_ms=906614.3 eval=0 prior=0
[inst] req=23396352 hits=8211321 fwd=29658 rows=15184404 fwd_ms=907013.0 eval=0 prior=0
[inst] req=23404544 hits=8212552 fwd=29671 rows=15191060 fwd_ms=907383.2 eval=0 prior=0
[inst] req=23412736 hits=8214058 fwd=29684 rows=15197716 fwd_ms=907753.3 eval=0 prior=0
[inst] req=23420928 hits=8215962 fwd=29697 rows=15204372 fwd_ms=908123.6 eval=0 prior=0
[inst] req=23429120 hits=8218300 fwd=29708 rows=15210004 fwd_ms=908437.1 eval=0 prior=0
[inst] req=23437312 hits=8221123 fwd=29719 rows=15215636 fwd_ms=908750.5 eval=0 prior=0
[inst] req=23445504 hits=8224115 fwd=29729 rows=15220756 fwd_ms=909035.5 eval=0 prior=0
[inst] req=23453696 hits=8227294 fwd=29739 rows=15225876 fwd_ms=909320.5 eval=0 prior=0
[inst] req=23461888 hits=8230598 fwd=29748 rows=15230484 fwd_ms=909576.9 eval=0 prior=0
[inst] req=23470080 hits=8234167 fwd=29757 rows=15235092 fwd_ms=909833.3 eval=0 prior=0
[inst] req=23478272 hits=8238343 fwd=29765 rows=15239188 fwd_ms=910061.3 eval=0 prior=0
[inst] req=23486464 hits=8242208 fwd=29773 rows=15243284 fwd_ms=910289.2 eval=0 prior=0
[inst] req=23494656 hits=8246164 fwd=29782 rows=15247892 fwd_ms=910545.8 eval=0 prior=0
[inst] req=23502848 hits=8249816 fwd=29791 rows=15252500 fwd_ms=910802.2 eval=0 prior=0
[inst] req=23511040 hits=8253530 fwd=29799 rows=15256596 fwd_ms=911030.4 eval=0 prior=0
[inst] req=23519232 hits=8257027 fwd=29808 rows=15261204 fwd_ms=911286.7 eval=0 prior=0
[inst] req=23527424 hits=8260346 fwd=29818 rows=15266324 fwd_ms=911571.5 eval=0 prior=0
[inst] req=23535616 hits=8263734 fwd=29827 rows=15270932 fwd_ms=911828.0 eval=0 prior=0
[inst] req=23543808 hits=8266912 fwd=29837 rows=15276052 fwd_ms=912112.9 eval=0 prior=0
[inst] req=23552000 hits=8270068 fwd=29847 rows=15281172 fwd_ms=912397.7 eval=0 prior=0
[inst] req=23560192 hits=8273218 fwd=29857 rows=15286292 fwd_ms=912682.6 eval=0 prior=0
[inst] req=23568384 hits=8276485 fwd=29866 rows=15290900 fwd_ms=912939.1 eval=0 prior=0
[inst] req=23576576 hits=8279724 fwd=29876 rows=15296020 fwd_ms=913223.9 eval=0 prior=0
[inst] req=23584768 hits=8283035 fwd=29886 rows=15301140 fwd_ms=913508.6 eval=0 prior=0
[inst] req=23592960 hits=8287021 fwd=29894 rows=15305236 fwd_ms=913736.5 eval=0 prior=0
[inst] req=23601152 hits=8290911 fwd=29902 rows=15309332 fwd_ms=913964.4 eval=0 prior=0
[inst] req=23609344 hits=8294631 fwd=29911 rows=15313940 fwd_ms=914220.6 eval=0 prior=0
[inst] req=23617536 hits=8298620 fwd=29919 rows=15318036 fwd_ms=914448.4 eval=0 prior=0
[inst] req=23625728 hits=8302509 fwd=29928 rows=15322644 fwd_ms=914704.8 eval=0 prior=0
[inst] req=23633920 hits=8306238 fwd=29936 rows=15326740 fwd_ms=914932.5 eval=0 prior=0
[inst] req=23642112 hits=8309926 fwd=29945 rows=15331348 fwd_ms=915188.9 eval=0 prior=0
[inst] req=23650304 hits=8314017 fwd=29953 rows=15335444 fwd_ms=915416.9 eval=0 prior=0
[inst] req=23658496 hits=8317925 fwd=29962 rows=15340052 fwd_ms=915673.4 eval=0 prior=0
[inst] req=23666688 hits=8321474 fwd=29971 rows=15344660 fwd_ms=915929.6 eval=0 prior=0
[inst] req=23674880 hits=8325178 fwd=29979 rows=15348756 fwd_ms=916157.3 eval=0 prior=0
[inst] req=23683072 hits=8328905 fwd=29988 rows=15353364 fwd_ms=916413.6 eval=0 prior=0
[inst] req=23691264 hits=8332476 fwd=29997 rows=15357972 fwd_ms=916670.2 eval=0 prior=0
[inst] req=23699456 hits=8336020 fwd=30006 rows=15362580 fwd_ms=916926.5 eval=0 prior=0
[inst] req=23707648 hits=8339357 fwd=30016 rows=15367700 fwd_ms=917211.3 eval=0 prior=0
[inst] req=23715840 hits=8342833 fwd=30025 rows=15372308 fwd_ms=917467.7 eval=0 prior=0
[inst] req=23724032 hits=8346223 fwd=30034 rows=15376916 fwd_ms=917723.9 eval=0 prior=0
[inst] req=23732224 hits=8349718 fwd=30043 rows=15381524 fwd_ms=917980.2 eval=0 prior=0
[inst] req=23740416 hits=8353086 fwd=30053 rows=15386644 fwd_ms=918264.9 eval=0 prior=0
[inst] req=23748608 hits=8356555 fwd=30062 rows=15391252 fwd_ms=918521.1 eval=0 prior=0
[inst] req=23756800 hits=8360082 fwd=30071 rows=15395860 fwd_ms=918777.3 eval=0 prior=0
[inst] req=23764992 hits=8363622 fwd=30080 rows=15400468 fwd_ms=919033.4 eval=0 prior=0
[inst] req=23773184 hits=8367505 fwd=30089 rows=15405076 fwd_ms=919289.6 eval=0 prior=0
[inst] req=23781376 hits=8371246 fwd=30097 rows=15409172 fwd_ms=919517.4 eval=0 prior=0
[inst] req=23789568 hits=8375066 fwd=30106 rows=15413780 fwd_ms=919773.5 eval=0 prior=0
[inst] req=23797760 hits=8378943 fwd=30114 rows=15417876 fwd_ms=920001.1 eval=0 prior=0
[inst] req=23805952 hits=8382819 fwd=30123 rows=15422484 fwd_ms=920257.3 eval=0 prior=0
[inst] req=23814144 hits=8386557 fwd=30131 rows=15426580 fwd_ms=920484.9 eval=0 prior=0
[inst] req=23822336 hits=8390466 fwd=30140 rows=15431188 fwd_ms=920741.2 eval=0 prior=0
[inst] req=23830528 hits=8394142 fwd=30149 rows=15435796 fwd_ms=920997.5 eval=0 prior=0
[inst] req=23838720 hits=8397640 fwd=30158 rows=15440404 fwd_ms=921253.8 eval=0 prior=0
[inst] req=23846912 hits=8401315 fwd=30167 rows=15445012 fwd_ms=921510.2 eval=0 prior=0
[inst] req=23855104 hits=8405010 fwd=30175 rows=15449108 fwd_ms=921738.2 eval=0 prior=0
[inst] req=23863296 hits=8408541 fwd=30185 rows=15454228 fwd_ms=922023.0 eval=0 prior=0
[inst] req=23871488 hits=8412386 fwd=30193 rows=15458324 fwd_ms=922251.0 eval=0 prior=0
[inst] req=23879680 hits=8416142 fwd=30202 rows=15462932 fwd_ms=922507.6 eval=0 prior=0
[inst] req=23887872 hits=8419794 fwd=30211 rows=15467540 fwd_ms=922764.0 eval=0 prior=0
[inst] req=23896064 hits=8423310 fwd=30220 rows=15472148 fwd_ms=923020.4 eval=0 prior=0
[inst] req=23904256 hits=8427027 fwd=30228 rows=15476244 fwd_ms=923248.3 eval=0 prior=0
[inst] req=23912448 hits=8430802 fwd=30237 rows=15480852 fwd_ms=923504.7 eval=0 prior=0
[inst] req=23920640 hits=8434358 fwd=30246 rows=15485460 fwd_ms=923761.0 eval=0 prior=0
[inst] req=23928832 hits=8437971 fwd=30255 rows=15490068 fwd_ms=924017.3 eval=0 prior=0
[inst] req=23937024 hits=8441512 fwd=30264 rows=15494676 fwd_ms=924273.6 eval=0 prior=0
[inst] req=23945216 hits=8445046 fwd=30273 rows=15499284 fwd_ms=924530.0 eval=0 prior=0
[inst] req=23953408 hits=8448865 fwd=30282 rows=15503892 fwd_ms=924786.4 eval=0 prior=0
[inst] req=23961600 hits=8452625 fwd=30290 rows=15507988 fwd_ms=925014.3 eval=0 prior=0
[inst] req=23969792 hits=8456621 fwd=30299 rows=15512596 fwd_ms=925271.1 eval=0 prior=0
[inst] req=23977984 hits=8460354 fwd=30307 rows=15516692 fwd_ms=925499.1 eval=0 prior=0
[inst] req=23986176 hits=8464117 fwd=30316 rows=15521300 fwd_ms=925755.5 eval=0 prior=0
[inst] req=23994368 hits=8467949 fwd=30324 rows=15525396 fwd_ms=925983.3 eval=0 prior=0
[inst] req=24002560 hits=8471764 fwd=30333 rows=15530004 fwd_ms=926239.9 eval=0 prior=0
[inst] req=24010752 hits=8475630 fwd=30341 rows=15534100 fwd_ms=926468.0 eval=0 prior=0
[inst] req=24018944 hits=8479223 fwd=30350 rows=15538708 fwd_ms=926724.5 eval=0 prior=0
[inst] req=24027136 hits=8482804 fwd=30359 rows=15543316 fwd_ms=926980.5 eval=0 prior=0
[inst] req=24035328 hits=8486524 fwd=30368 rows=15547924 fwd_ms=927236.5 eval=0 prior=0
[inst] req=24043520 hits=8490027 fwd=30377 rows=15552532 fwd_ms=927492.6 eval=0 prior=0
[inst] req=24051712 hits=8493751 fwd=30386 rows=15557140 fwd_ms=927748.9 eval=0 prior=0
[inst] req=24059904 hits=8497386 fwd=30395 rows=15561748 fwd_ms=928005.1 eval=0 prior=0
[inst] req=24068096 hits=8500902 fwd=30404 rows=15566356 fwd_ms=928261.3 eval=0 prior=0
[inst] req=24076288 hits=8504518 fwd=30413 rows=15570964 fwd_ms=928517.7 eval=0 prior=0
[inst] req=24084480 hits=8508047 fwd=30422 rows=15575572 fwd_ms=928774.0 eval=0 prior=0
[inst] req=24092672 hits=8511704 fwd=30431 rows=15580180 fwd_ms=929030.1 eval=0 prior=0
[inst] req=24100864 hits=8515311 fwd=30440 rows=15584788 fwd_ms=929286.5 eval=0 prior=0
[inst] req=24109056 hits=8518945 fwd=30449 rows=15589396 fwd_ms=929542.8 eval=0 prior=0
[inst] req=24117248 hits=8522680 fwd=30458 rows=15594004 fwd_ms=929799.1 eval=0 prior=0
[inst] req=24125440 hits=8526324 fwd=30466 rows=15598100 fwd_ms=930026.9 eval=0 prior=0
[inst] req=24133632 hits=8529762 fwd=30476 rows=15603220 fwd_ms=930311.7 eval=0 prior=0
[inst] req=24141824 hits=8533435 fwd=30485 rows=15607828 fwd_ms=930568.2 eval=0 prior=0
[inst] req=24150016 hits=8537253 fwd=30493 rows=15611924 fwd_ms=930795.9 eval=0 prior=0
[inst] req=24158208 hits=8540975 fwd=30502 rows=15616532 fwd_ms=931052.3 eval=0 prior=0
[inst] req=24166400 hits=8544659 fwd=30511 rows=15621140 fwd_ms=931308.6 eval=0 prior=0
[inst] req=24174592 hits=8548486 fwd=30519 rows=15625236 fwd_ms=931536.3 eval=0 prior=0
[inst] req=24182784 hits=8552481 fwd=30527 rows=15629332 fwd_ms=931764.2 eval=0 prior=0
[inst] req=24190976 hits=8556309 fwd=30536 rows=15633940 fwd_ms=932020.5 eval=0 prior=0
[inst] req=24199168 hits=8559920 fwd=30545 rows=15638548 fwd_ms=932276.7 eval=0 prior=0
[inst] req=24207360 hits=8563424 fwd=30554 rows=15643156 fwd_ms=932533.1 eval=0 prior=0
[inst] req=24215552 hits=8566985 fwd=30563 rows=15647764 fwd_ms=932789.3 eval=0 prior=0
[inst] req=24223744 hits=8570826 fwd=30572 rows=15652372 fwd_ms=933045.5 eval=0 prior=0
[inst] req=24231936 hits=8574502 fwd=30580 rows=15656468 fwd_ms=933273.4 eval=0 prior=0
[inst] req=24240128 hits=8578307 fwd=30589 rows=15661076 fwd_ms=933529.8 eval=0 prior=0
[inst] req=24248320 hits=8581888 fwd=30598 rows=15665684 fwd_ms=933786.2 eval=0 prior=0
[inst] req=24256512 hits=8585649 fwd=30607 rows=15670292 fwd_ms=934042.5 eval=0 prior=0
[inst] req=24264704 hits=8589468 fwd=30615 rows=15674388 fwd_ms=934270.2 eval=0 prior=0
[inst] req=24272896 hits=8592992 fwd=30624 rows=15678996 fwd_ms=934526.7 eval=0 prior=0
[inst] req=24281088 hits=8596405 fwd=30634 rows=15684116 fwd_ms=934811.4 eval=0 prior=0
[inst] req=24289280 hits=8599971 fwd=30643 rows=15688724 fwd_ms=935067.8 eval=0 prior=0
[inst] req=24297472 hits=8603634 fwd=30651 rows=15692820 fwd_ms=935295.6 eval=0 prior=0
[inst] req=24305664 hits=8607275 fwd=30660 rows=15697428 fwd_ms=935551.8 eval=0 prior=0
[inst] req=24313856 hits=8610987 fwd=30669 rows=15702036 fwd_ms=935808.2 eval=0 prior=0
[inst] req=24322048 hits=8614638 fwd=30678 rows=15706644 fwd_ms=936064.5 eval=0 prior=0
[inst] req=24330240 hits=8618380 fwd=30687 rows=15711252 fwd_ms=936320.9 eval=0 prior=0
[inst] req=24338432 hits=8621978 fwd=30696 rows=15715860 fwd_ms=936577.2 eval=0 prior=0
[inst] req=24346624 hits=8625643 fwd=30705 rows=15720468 fwd_ms=936833.3 eval=0 prior=0
[inst] req=24354816 hits=8629417 fwd=30713 rows=15724564 fwd_ms=937061.1 eval=0 prior=0
[inst] req=24363008 hits=8633127 fwd=30722 rows=15729172 fwd_ms=937317.4 eval=0 prior=0
[inst] req=24371200 hits=8636881 fwd=30731 rows=15733780 fwd_ms=937573.7 eval=0 prior=0
[inst] req=24379392 hits=8640499 fwd=30739 rows=15737876 fwd_ms=937801.4 eval=0 prior=0
[inst] req=24387584 hits=8644229 fwd=30748 rows=15742484 fwd_ms=938057.7 eval=0 prior=0
[inst] req=24395776 hits=8647874 fwd=30757 rows=15747092 fwd_ms=938314.1 eval=0 prior=0
[inst] req=24403968 hits=8651532 fwd=30766 rows=15751700 fwd_ms=938570.5 eval=0 prior=0
[inst] req=24412160 hits=8655098 fwd=30775 rows=15756308 fwd_ms=938827.0 eval=0 prior=0
[inst] req=24420352 hits=8658952 fwd=30783 rows=15760404 fwd_ms=939054.9 eval=0 prior=0
[inst] req=24428544 hits=8662698 fwd=30792 rows=15765012 fwd_ms=939311.2 eval=0 prior=0
[inst] req=24436736 hits=8666484 fwd=30801 rows=15769620 fwd_ms=939568.0 eval=0 prior=0
[inst] req=24444928 hits=8670108 fwd=30810 rows=15774228 fwd_ms=939824.5 eval=0 prior=0
[inst] req=24453120 hits=8673727 fwd=30819 rows=15778836 fwd_ms=940081.0 eval=0 prior=0
[inst] req=24461312 hits=8677558 fwd=30827 rows=15782932 fwd_ms=940309.3 eval=0 prior=0
[inst] req=24469504 hits=8681135 fwd=30836 rows=15787540 fwd_ms=940566.1 eval=0 prior=0
[inst] req=24477696 hits=8684845 fwd=30845 rows=15792148 fwd_ms=940822.8 eval=0 prior=0
[inst] req=24485888 hits=8688549 fwd=30854 rows=15796756 fwd_ms=941079.4 eval=0 prior=0
[inst] req=24494080 hits=8692288 fwd=30862 rows=15800852 fwd_ms=941307.6 eval=0 prior=0
[inst] req=24502272 hits=8696191 fwd=30871 rows=15805460 fwd_ms=941564.0 eval=0 prior=0
[inst] req=24510464 hits=8699897 fwd=30879 rows=15809556 fwd_ms=941792.1 eval=0 prior=0
[inst] req=24518656 hits=8703605 fwd=30888 rows=15814164 fwd_ms=942048.5 eval=0 prior=0
[inst] req=24526848 hits=8707359 fwd=30897 rows=15818772 fwd_ms=942305.1 eval=0 prior=0
[inst] req=24535040 hits=8710978 fwd=30906 rows=15823380 fwd_ms=942561.8 eval=0 prior=0
[inst] req=24543232 hits=8714778 fwd=30914 rows=15827476 fwd_ms=942789.7 eval=0 prior=0
[inst] req=24551424 hits=8718593 fwd=30923 rows=15832084 fwd_ms=943046.5 eval=0 prior=0
[inst] req=24559616 hits=8722107 fwd=30932 rows=15836692 fwd_ms=943302.7 eval=0 prior=0
[inst] req=24567808 hits=8725883 fwd=30941 rows=15841300 fwd_ms=943559.0 eval=0 prior=0
[inst] req=24576000 hits=8729675 fwd=30949 rows=15845396 fwd_ms=943787.1 eval=0 prior=0
[inst] req=24584192 hits=8733434 fwd=30958 rows=15850004 fwd_ms=944043.6 eval=0 prior=0
[inst] req=24592384 hits=8737076 fwd=30967 rows=15854612 fwd_ms=944300.0 eval=0 prior=0
[inst] req=24600576 hits=8740707 fwd=30976 rows=15859220 fwd_ms=944556.5 eval=0 prior=0
[inst] req=24608768 hits=8744334 fwd=30985 rows=15863828 fwd_ms=944813.1 eval=0 prior=0
[inst] req=24616960 hits=8748194 fwd=30993 rows=15867924 fwd_ms=945041.1 eval=0 prior=0
[inst] req=24625152 hits=8752013 fwd=31002 rows=15872532 fwd_ms=945297.4 eval=0 prior=0
[inst] req=24633344 hits=8755805 fwd=31010 rows=15876628 fwd_ms=945525.4 eval=0 prior=0
[inst] req=24641536 hits=8759472 fwd=31019 rows=15881236 fwd_ms=945781.9 eval=0 prior=0
[inst] req=24649728 hits=8763111 fwd=31028 rows=15885844 fwd_ms=946038.3 eval=0 prior=0
[inst] req=24657920 hits=8766797 fwd=31037 rows=15890452 fwd_ms=946294.8 eval=0 prior=0
[inst] req=24666112 hits=8770498 fwd=31046 rows=15895060 fwd_ms=946551.3 eval=0 prior=0
[inst] req=24674304 hits=8774128 fwd=31054 rows=15899156 fwd_ms=946779.3 eval=0 prior=0
[inst] req=24682496 hits=8777811 fwd=31063 rows=15903764 fwd_ms=947035.7 eval=0 prior=0
[inst] req=24690688 hits=8781549 fwd=31072 rows=15908372 fwd_ms=947292.2 eval=0 prior=0
[inst] req=24698880 hits=8785167 fwd=31081 rows=15912980 fwd_ms=947548.6 eval=0 prior=0
[inst] req=24707072 hits=8788823 fwd=31090 rows=15917588 fwd_ms=947805.0 eval=0 prior=0
[inst] req=24715264 hits=8792580 fwd=31098 rows=15921684 fwd_ms=948032.8 eval=0 prior=0
[inst] req=24723456 hits=8796169 fwd=31107 rows=15926292 fwd_ms=948289.2 eval=0 prior=0
[inst] req=24731648 hits=8799938 fwd=31116 rows=15930900 fwd_ms=948545.6 eval=0 prior=0
[inst] req=24739840 hits=8803564 fwd=31125 rows=15935508 fwd_ms=948802.0 eval=0 prior=0
[inst] req=24748032 hits=8807240 fwd=31134 rows=15940116 fwd_ms=949058.4 eval=0 prior=0
[inst] req=24756224 hits=8811039 fwd=31142 rows=15944212 fwd_ms=949286.4 eval=0 prior=0
[inst] req=24764416 hits=8814989 fwd=31151 rows=15948820 fwd_ms=949542.8 eval=0 prior=0
[inst] req=24772608 hits=8818761 fwd=31159 rows=15952916 fwd_ms=949770.7 eval=0 prior=0
[inst] req=24780800 hits=8822468 fwd=31168 rows=15957524 fwd_ms=950027.4 eval=0 prior=0
[inst] req=24788992 hits=8826234 fwd=31177 rows=15962132 fwd_ms=950283.9 eval=0 prior=0
[inst] req=24797184 hits=8830067 fwd=31185 rows=15966228 fwd_ms=950511.9 eval=0 prior=0
[inst] req=24805376 hits=8833807 fwd=31194 rows=15970836 fwd_ms=950768.2 eval=0 prior=0
[inst] req=24813568 hits=8837612 fwd=31202 rows=15974932 fwd_ms=950995.9 eval=0 prior=0
[inst] req=24821760 hits=8841432 fwd=31211 rows=15979540 fwd_ms=951252.5 eval=0 prior=0
[inst] req=24829952 hits=8845359 fwd=31219 rows=15983636 fwd_ms=951480.5 eval=0 prior=0
[inst] req=24838144 hits=8849115 fwd=31228 rows=15988244 fwd_ms=951736.8 eval=0 prior=0
[inst] req=24846336 hits=8852730 fwd=31237 rows=15992852 fwd_ms=951993.3 eval=0 prior=0
[inst] req=24854528 hits=8856447 fwd=31246 rows=15997460 fwd_ms=952249.9 eval=0 prior=0
[inst] req=24862720 hits=8859907 fwd=31255 rows=16002068 fwd_ms=952506.5 eval=0 prior=0
[inst] req=24870912 hits=8863686 fwd=31264 rows=16006676 fwd_ms=952763.1 eval=0 prior=0
[inst] req=24879104 hits=8867342 fwd=31272 rows=16010772 fwd_ms=952991.1 eval=0 prior=0
[inst] req=24887296 hits=8870950 fwd=31281 rows=16015380 fwd_ms=953247.6 eval=0 prior=0
[inst] req=24895488 hits=8874675 fwd=31290 rows=16019988 fwd_ms=953504.0 eval=0 prior=0
[inst] req=24903680 hits=8878582 fwd=31298 rows=16024084 fwd_ms=953731.9 eval=0 prior=0
[inst] req=24911872 hits=8882512 fwd=31307 rows=16028692 fwd_ms=953988.5 eval=0 prior=0
[inst] req=24920064 hits=8886364 fwd=31315 rows=16032788 fwd_ms=954216.5 eval=0 prior=0
[inst] req=24928256 hits=8890119 fwd=31324 rows=16037396 fwd_ms=954472.8 eval=0 prior=0
[inst] req=24936448 hits=8893881 fwd=31333 rows=16042004 fwd_ms=954729.4 eval=0 prior=0
[inst] req=24944640 hits=8897579 fwd=31341 rows=16046100 fwd_ms=954957.3 eval=0 prior=0
[inst] req=24952832 hits=8901294 fwd=31350 rows=16050708 fwd_ms=955213.9 eval=0 prior=0
[inst] req=24961024 hits=8905212 fwd=31358 rows=16054804 fwd_ms=955442.0 eval=0 prior=0
[inst] req=24969216 hits=8908959 fwd=31367 rows=16059412 fwd_ms=955698.5 eval=0 prior=0
[inst] req=24977408 hits=8912649 fwd=31376 rows=16064020 fwd_ms=955955.0 eval=0 prior=0
[inst] req=24985600 hits=8916541 fwd=31384 rows=16068116 fwd_ms=956183.0 eval=0 prior=0
[inst] req=24993792 hits=8920271 fwd=31393 rows=16072724 fwd_ms=956439.6 eval=0 prior=0
[inst] req=25001984 hits=8924169 fwd=31401 rows=16076820 fwd_ms=956667.6 eval=0 prior=0
[inst] req=25010176 hits=8927948 fwd=31410 rows=16081428 fwd_ms=956924.1 eval=0 prior=0
[inst] req=25018368 hits=8931553 fwd=31419 rows=16086036 fwd_ms=957180.6 eval=0 prior=0
[inst] req=25026560 hits=8935217 fwd=31428 rows=16090644 fwd_ms=957436.9 eval=0 prior=0
[inst] req=25034752 hits=8938746 fwd=31437 rows=16095252 fwd_ms=957693.4 eval=0 prior=0
[inst] req=25042944 hits=8942440 fwd=31446 rows=16099860 fwd_ms=957949.9 eval=0 prior=0
[inst] req=25051136 hits=8946032 fwd=31455 rows=16104468 fwd_ms=958206.3 eval=0 prior=0
[inst] req=25059328 hits=8949782 fwd=31463 rows=16108564 fwd_ms=958434.3 eval=0 prior=0
[inst] req=25067520 hits=8953659 fwd=31472 rows=16113172 fwd_ms=958690.7 eval=0 prior=0
[inst] req=25075712 hits=8957495 fwd=31480 rows=16117268 fwd_ms=958918.7 eval=0 prior=0
[inst] req=25083904 hits=8961411 fwd=31489 rows=16121876 fwd_ms=959175.2 eval=0 prior=0
[inst] req=25092096 hits=8965147 fwd=31497 rows=16125972 fwd_ms=959403.1 eval=0 prior=0
[inst] req=25100288 hits=8968885 fwd=31506 rows=16130580 fwd_ms=959659.8 eval=0 prior=0
[inst] req=25108480 hits=8972780 fwd=31514 rows=16134676 fwd_ms=959887.7 eval=0 prior=0
[inst] req=25116672 hits=8976686 fwd=31523 rows=16139284 fwd_ms=960144.2 eval=0 prior=0
[inst] req=25124864 hits=8980497 fwd=31531 rows=16143380 fwd_ms=960372.3 eval=0 prior=0
[inst] req=25133056 hits=8984293 fwd=31540 rows=16147988 fwd_ms=960628.8 eval=0 prior=0
[inst] req=25141248 hits=8988014 fwd=31549 rows=16152596 fwd_ms=960885.3 eval=0 prior=0
[inst] req=25149440 hits=8991692 fwd=31558 rows=16157204 fwd_ms=961141.7 eval=0 prior=0
[inst] req=25157632 hits=8995541 fwd=31566 rows=16161300 fwd_ms=961369.6 eval=0 prior=0
[inst] req=25165824 hits=8999133 fwd=31575 rows=16165908 fwd_ms=961626.1 eval=0 prior=0
[inst] req=25174016 hits=9002757 fwd=31584 rows=16170516 fwd_ms=961882.6 eval=0 prior=0
[inst] req=25182208 hits=9006503 fwd=31593 rows=16175124 fwd_ms=962139.1 eval=0 prior=0
[inst] req=25190400 hits=9010007 fwd=31602 rows=16179732 fwd_ms=962395.6 eval=0 prior=0
[inst] req=25198592 hits=9013668 fwd=31611 rows=16184340 fwd_ms=962651.9 eval=0 prior=0
[inst] req=25206784 hits=9017534 fwd=31619 rows=16188436 fwd_ms=962880.1 eval=0 prior=0
[inst] req=25214976 hits=9021521 fwd=31627 rows=16192532 fwd_ms=963108.0 eval=0 prior=0
[inst] req=25223168 hits=9025519 fwd=31635 rows=16196628 fwd_ms=963335.9 eval=0 prior=0
[inst] req=25231360 hits=9029366 fwd=31644 rows=16201236 fwd_ms=963592.4 eval=0 prior=0
[inst] req=25239552 hits=9033044 fwd=31653 rows=16205844 fwd_ms=963849.0 eval=0 prior=0
[inst] req=25247744 hits=9036854 fwd=31661 rows=16209940 fwd_ms=964076.9 eval=0 prior=0
[inst] req=25255936 hits=9040514 fwd=31670 rows=16214548 fwd_ms=964333.4 eval=0 prior=0
[inst] req=25264128 hits=9044155 fwd=31679 rows=16219156 fwd_ms=964590.0 eval=0 prior=0
[inst] req=25272320 hits=9047821 fwd=31688 rows=16223764 fwd_ms=964846.5 eval=0 prior=0
[inst] req=25280512 hits=9051388 fwd=31697 rows=16228372 fwd_ms=965103.0 eval=0 prior=0
[inst] req=25288704 hits=9055146 fwd=31706 rows=16232980 fwd_ms=965359.6 eval=0 prior=0
[inst] req=25296896 hits=9059171 fwd=31714 rows=16237076 fwd_ms=965587.6 eval=0 prior=0
[inst] req=25305088 hits=9063001 fwd=31722 rows=16241172 fwd_ms=965815.5 eval=0 prior=0
[inst] req=25313280 hits=9066635 fwd=31731 rows=16245780 fwd_ms=966072.1 eval=0 prior=0
[inst] req=25321472 hits=9070284 fwd=31740 rows=16250388 fwd_ms=966328.7 eval=0 prior=0
[inst] req=25329664 hits=9074131 fwd=31749 rows=16254996 fwd_ms=966585.4 eval=0 prior=0
[inst] req=25337856 hits=9077813 fwd=31757 rows=16259092 fwd_ms=966813.4 eval=0 prior=0
[inst] req=25346048 hits=9081771 fwd=31766 rows=16263700 fwd_ms=967069.8 eval=0 prior=0
[inst] req=25354240 hits=9085517 fwd=31774 rows=16267796 fwd_ms=967297.7 eval=0 prior=0
[inst] req=25362432 hits=9089262 fwd=31783 rows=16272404 fwd_ms=967554.1 eval=0 prior=0
[inst] req=25370624 hits=9093151 fwd=31791 rows=16276500 fwd_ms=967782.1 eval=0 prior=0
[inst] req=25378816 hits=9096798 fwd=31800 rows=16281108 fwd_ms=968038.8 eval=0 prior=0
[inst] req=25387008 hits=9100876 fwd=31808 rows=16285204 fwd_ms=968266.9 eval=0 prior=0
[inst] req=25395200 hits=9104520 fwd=31817 rows=16289812 fwd_ms=968523.4 eval=0 prior=0
[inst] req=25403392 hits=9108080 fwd=31826 rows=16294420 fwd_ms=968779.8 eval=0 prior=0
[inst] req=25411584 hits=9111764 fwd=31835 rows=16299028 fwd_ms=969036.3 eval=0 prior=0
[inst] req=25419776 hits=9115525 fwd=31844 rows=16303636 fwd_ms=969292.7 eval=0 prior=0
[inst] req=25427968 hits=9119189 fwd=31853 rows=16308244 fwd_ms=969549.3 eval=0 prior=0
[inst] req=25436160 hits=9122986 fwd=31861 rows=16312340 fwd_ms=969778.1 eval=0 prior=0
[inst] req=25444352 hits=9126762 fwd=31870 rows=16316948 fwd_ms=970035.1 eval=0 prior=0
[inst] req=25452544 hits=9130448 fwd=31879 rows=16321556 fwd_ms=970292.1 eval=0 prior=0
[inst] req=25460736 hits=9134097 fwd=31887 rows=16325652 fwd_ms=970520.6 eval=0 prior=0
[inst] req=25468928 hits=9137956 fwd=31896 rows=16330260 fwd_ms=970777.5 eval=0 prior=0
[inst] req=25477120 hits=9141676 fwd=31905 rows=16334868 fwd_ms=971034.5 eval=0 prior=0
[inst] req=25485312 hits=9145726 fwd=31913 rows=16338964 fwd_ms=971263.0 eval=0 prior=0
[inst] req=25493504 hits=9149623 fwd=31921 rows=16343060 fwd_ms=971491.5 eval=0 prior=0
[inst] req=25501696 hits=9153517 fwd=31929 rows=16347156 fwd_ms=971719.9 eval=0 prior=0
[inst] req=25509888 hits=9157299 fwd=31938 rows=16351764 fwd_ms=971977.0 eval=0 prior=0
[inst] req=25518080 hits=9160992 fwd=31947 rows=16356372 fwd_ms=972234.0 eval=0 prior=0
[inst] req=25526272 hits=9164588 fwd=31956 rows=16360980 fwd_ms=972490.6 eval=0 prior=0
[inst] req=25534464 hits=9168235 fwd=31965 rows=16365588 fwd_ms=972747.5 eval=0 prior=0
[inst] req=25542656 hits=9171719 fwd=31974 rows=16370196 fwd_ms=973004.2 eval=0 prior=0
[inst] req=25550848 hits=9175488 fwd=31983 rows=16374804 fwd_ms=973260.9 eval=0 prior=0
[inst] req=25559040 hits=9179263 fwd=31991 rows=16378900 fwd_ms=973489.0 eval=0 prior=0
[inst] req=25567232 hits=9183019 fwd=32000 rows=16383508 fwd_ms=973796.8 eval=0 prior=0
[inst] req=25575424 hits=9186956 fwd=32008 rows=16387604 fwd_ms=974369.0 eval=0 prior=0
[inst] req=25583616 hits=9190432 fwd=32017 rows=16392212 fwd_ms=975081.9 eval=0 prior=0
[inst] req=25591808 hits=9194322 fwd=32026 rows=16396820 fwd_ms=975676.0 eval=0 prior=0
[inst] req=25600000 hits=9198212 fwd=32034 rows=16400916 fwd_ms=976294.8 eval=0 prior=0
[inst] req=25608192 hits=9202073 fwd=32043 rows=16405524 fwd_ms=977052.6 eval=0 prior=0
[inst] req=25616384 hits=9206089 fwd=32051 rows=16409620 fwd_ms=977740.0 eval=0 prior=0
[inst] req=25624576 hits=9209919 fwd=32059 rows=16413716 fwd_ms=978356.2 eval=0 prior=0
[inst] req=25632768 hits=9213743 fwd=32068 rows=16418324 fwd_ms=979082.1 eval=0 prior=0
[inst] req=25640960 hits=9217772 fwd=32076 rows=16422420 fwd_ms=979647.9 eval=0 prior=0
[inst] req=25649152 hits=9221678 fwd=32084 rows=16426516 fwd_ms=980211.5 eval=0 prior=0
