Logging directory: /home/ubuntu/rl/reinfors-benchmarks/runs/v1_grid/os_a256/cycle3/throughput
Creating model: /home/ubuntu/rl/reinfors-benchmarks/runs/v1_grid/os_a256/cycle3/throughput/vpnet.pb
Playing game: chess
Loading model from step 0
[W TensorCompare.cpp:530] Warning: where received a uint8 condition tensor. This behavior is deprecated and will be removed in a future version of PyTorch. Use a boolean condition instead. (function operator())
[inst] req=8192 hits=2125 fwd=24 rows=5939 fwd_ms=617.3 eval=0 prior=0
[inst] req=16384 hits=4817 fwd=46 rows=11547 fwd_ms=948.3 eval=0 prior=0
[inst] req=24576 hits=6337 fwd=72 rows=18201 fwd_ms=1337.8 eval=0 prior=0
[inst] req=32768 hits=9441 fwd=92 rows=23318 fwd_ms=1639.1 eval=0 prior=0
[inst] req=40960 hits=13308 fwd=108 rows=27409 fwd_ms=1884.7 eval=0 prior=0
[inst] req=49152 hits=16808 fwd=127 rows=32272 fwd_ms=2177.0 eval=0 prior=0
[inst] req=57344 hits=19652 fwd=148 rows=37648 fwd_ms=2488.1 eval=0 prior=0
[inst] req=65536 hits=23564 fwd=164 rows=41742 fwd_ms=2725.6 eval=0 prior=0
[inst] req=73728 hits=26593 fwd=185 rows=47118 fwd_ms=3038.8 eval=0 prior=0
[inst] req=81920 hits=29493 fwd=205 rows=52222 fwd_ms=3346.6 eval=0 prior=0
[inst] req=90112 hits=33192 fwd=223 rows=56820 fwd_ms=3631.0 eval=0 prior=0
[inst] req=98304 hits=36429 fwd=242 rows=61664 fwd_ms=3921.7 eval=0 prior=0
[inst] req=106496 hits=38659 fwd=266 rows=67808 fwd_ms=4279.4 eval=0 prior=0
[inst] req=114688 hits=41354 fwd=287 rows=73173 fwd_ms=4597.2 eval=0 prior=0
[inst] req=122880 hits=43599 fwd=310 rows=79061 fwd_ms=4940.3 eval=0 prior=0
[inst] req=131072 hits=46654 fwd=330 rows=84173 fwd_ms=5238.5 eval=0 prior=0
[inst] req=139264 hits=50173 fwd=349 rows=89037 fwd_ms=5522.4 eval=0 prior=0
[inst] req=147456 hits=53044 fwd=370 rows=94366 fwd_ms=5846.3 eval=0 prior=0
[inst] req=155648 hits=55146 fwd=393 rows=100250 fwd_ms=6188.0 eval=0 prior=0
[inst] req=163840 hits=57863 fwd=415 rows=105880 fwd_ms=6515.3 eval=0 prior=0
[inst] req=172032 hits=60164 fwd=439 rows=111862 fwd_ms=6883.2 eval=0 prior=0
[inst] req=180224 hits=63473 fwd=458 rows=116724 fwd_ms=7165.7 eval=0 prior=0
[inst] req=188416 hits=66913 fwd=476 rows=121331 fwd_ms=7451.7 eval=0 prior=0
[inst] req=196608 hits=69266 fwd=499 rows=127190 fwd_ms=7863.7 eval=0 prior=0
[inst] req=204800 hits=71457 fwd=523 rows=133334 fwd_ms=8294.9 eval=0 prior=0
[inst] req=212992 hits=74124 fwd=544 rows=138710 fwd_ms=8672.5 eval=0 prior=0
[inst] req=221184 hits=76482 fwd=567 rows=144598 fwd_ms=9086.1 eval=0 prior=0
[inst] req=229376 hits=79883 fwd=586 rows=149462 fwd_ms=9428.4 eval=0 prior=0
[inst] req=237568 hits=83039 fwd=605 rows=154299 fwd_ms=9729.9 eval=0 prior=0
[inst] req=245760 hits=85227 fwd=629 rows=160443 fwd_ms=10090.5 eval=0 prior=0
[inst] req=253952 hits=87588 fwd=652 rows=166331 fwd_ms=10476.7 eval=0 prior=0
[inst] req=262144 hits=90538 fwd=672 rows=171432 fwd_ms=10808.9 eval=0 prior=0
[inst] req=270336 hits=93502 fwd=693 rows=176808 fwd_ms=11137.6 eval=0 prior=0
[inst] req=278528 hits=96981 fwd=711 rows=181392 fwd_ms=11407.8 eval=0 prior=0
[inst] req=286720 hits=99942 fwd=732 rows=186762 fwd_ms=11726.8 eval=0 prior=0
[inst] req=294912 hits=102165 fwd=755 rows=192650 fwd_ms=12120.2 eval=0 prior=0
[inst] req=303104 hits=104850 fwd=776 rows=198026 fwd_ms=12498.7 eval=0 prior=0
[inst] req=311296 hits=107605 fwd=798 rows=203654 fwd_ms=12891.4 eval=0 prior=0
[inst] req=319488 hits=110865 fwd=817 rows=208518 fwd_ms=13233.8 eval=0 prior=0
[inst] req=327680 hits=114183 fwd=836 rows=213339 fwd_ms=13576.1 eval=0 prior=0
[inst] req=335872 hits=116530 fwd=859 rows=219225 fwd_ms=13987.6 eval=0 prior=0
[inst] req=344064 hits=118856 fwd=882 rows=225113 fwd_ms=14402.6 eval=0 prior=0
[inst] req=352256 hits=121696 fwd=903 rows=230477 fwd_ms=14772.0 eval=0 prior=0
[inst] req=360448 hits=124566 fwd=924 rows=235850 fwd_ms=15134.2 eval=0 prior=0
[inst] req=368640 hits=127921 fwd=943 rows=240714 fwd_ms=15422.8 eval=0 prior=0
[inst] req=376832 hits=130855 fwd=963 rows=245829 fwd_ms=15722.4 eval=0 prior=0
[inst] req=385024 hits=133085 fwd=986 rows=251717 fwd_ms=16067.1 eval=0 prior=0
[inst] req=393216 hits=135644 fwd=1008 rows=257339 fwd_ms=16396.7 eval=0 prior=0
[inst] req=401408 hits=138327 fwd=1030 rows=262968 fwd_ms=16726.9 eval=0 prior=0
[inst] req=409600 hits=141458 fwd=1050 rows=268074 fwd_ms=17027.4 eval=0 prior=0
[inst] req=417792 hits=144670 fwd=1069 rows=272938 fwd_ms=17312.4 eval=0 prior=0
[inst] req=425984 hits=147120 fwd=1092 rows=278826 fwd_ms=17657.1 eval=0 prior=0
[inst] req=434176 hits=149429 fwd=1115 rows=284713 fwd_ms=18001.8 eval=0 prior=0
[inst] req=442368 hits=152266 fwd=1136 rows=290078 fwd_ms=18316.3 eval=0 prior=0
[inst] req=450560 hits=155093 fwd=1157 rows=295296 fwd_ms=18630.2 eval=0 prior=0
[inst] req=458752 hits=158349 fwd=1177 rows=300392 fwd_ms=18930.4 eval=0 prior=0
[inst] req=466944 hits=161244 fwd=1197 rows=305505 fwd_ms=19228.6 eval=0 prior=0
[inst] req=475136 hits=163531 fwd=1220 rows=311389 fwd_ms=19571.5 eval=0 prior=0
[inst] req=483328 hits=166080 fwd=1242 rows=317021 fwd_ms=19900.6 eval=0 prior=0
[inst] req=491520 hits=168829 fwd=1264 rows=322599 fwd_ms=20241.0 eval=0 prior=0
[inst] req=499712 hits=171810 fwd=1284 rows=327703 fwd_ms=20561.4 eval=0 prior=0
[inst] req=507904 hits=174952 fwd=1304 rows=332823 fwd_ms=20916.9 eval=0 prior=0
[inst] req=516096 hits=177467 fwd=1326 rows=338455 fwd_ms=21312.3 eval=0 prior=0
[inst] req=524288 hits=179834 fwd=1349 rows=344343 fwd_ms=21725.6 eval=0 prior=0
[inst] req=532480 hits=182544 fwd=1370 rows=349719 fwd_ms=22103.2 eval=0 prior=0
[inst] req=540672 hits=185410 fwd=1391 rows=355095 fwd_ms=22480.7 eval=0 prior=0
[inst] req=548864 hits=188497 fwd=1411 rows=360215 fwd_ms=22840.4 eval=0 prior=0
[inst] req=557056 hits=191302 fwd=1432 rows=365587 fwd_ms=23214.8 eval=0 prior=0
[inst] req=565248 hits=193688 fwd=1455 rows=371459 fwd_ms=23624.7 eval=0 prior=0
[inst] req=573440 hits=196344 fwd=1477 rows=376941 fwd_ms=24014.2 eval=0 prior=0
[inst] req=581632 hits=199120 fwd=1498 rows=382317 fwd_ms=24392.3 eval=0 prior=0
[inst] req=589824 hits=202123 fwd=1519 rows=387693 fwd_ms=24770.3 eval=0 prior=0
[inst] req=598016 hits=205206 fwd=1539 rows=392795 fwd_ms=25131.5 eval=0 prior=0
[inst] req=606208 hits=207723 fwd=1561 rows=398238 fwd_ms=25530.0 eval=0 prior=0
[inst] req=614400 hits=210112 fwd=1584 rows=404124 fwd_ms=25941.0 eval=0 prior=0
[inst] req=622592 hits=212829 fwd=1606 rows=409756 fwd_ms=26337.1 eval=0 prior=0
[inst] req=630784 hits=215706 fwd=1626 rows=414872 fwd_ms=26694.1 eval=0 prior=0
[inst] req=638976 hits=218700 fwd=1647 rows=420248 fwd_ms=27072.1 eval=0 prior=0
[inst] req=647168 hits=221366 fwd=1669 rows=425635 fwd_ms=27469.8 eval=0 prior=0
[inst] req=655360 hits=223677 fwd=1692 rows=431523 fwd_ms=27864.8 eval=0 prior=0
[inst] req=663552 hits=226401 fwd=1714 rows=437150 fwd_ms=28218.5 eval=0 prior=0
[inst] req=671744 hits=229176 fwd=1735 rows=442524 fwd_ms=28542.8 eval=0 prior=0
[inst] req=679936 hits=232148 fwd=1755 rows=447644 fwd_ms=28855.3 eval=0 prior=0
[inst] req=688128 hits=235010 fwd=1776 rows=453020 fwd_ms=29177.2 eval=0 prior=0
[inst] req=696320 hits=237539 fwd=1798 rows=458648 fwd_ms=29518.9 eval=0 prior=0
[inst] req=704512 hits=239937 fwd=1821 rows=464536 fwd_ms=29877.6 eval=0 prior=0
[inst] req=712704 hits=242586 fwd=1842 rows=469908 fwd_ms=30201.6 eval=0 prior=0
[inst] req=720896 hits=245454 fwd=1863 rows=475274 fwd_ms=30541.2 eval=0 prior=0
[inst] req=729088 hits=248467 fwd=1884 rows=480495 fwd_ms=30887.7 eval=0 prior=0
[inst] req=737280 hits=251116 fwd=1906 rows=486127 fwd_ms=31232.1 eval=0 prior=0
[inst] req=745472 hits=253435 fwd=1929 rows=491995 fwd_ms=31601.1 eval=0 prior=0
[inst] req=753664 hits=256078 fwd=1950 rows=497368 fwd_ms=31920.3 eval=0 prior=0
[inst] req=761856 hits=258873 fwd=1971 rows=502744 fwd_ms=32239.7 eval=0 prior=0
[inst] req=770048 hits=261853 fwd=1992 rows=508097 fwd_ms=32563.6 eval=0 prior=0
[inst] req=778240 hits=264587 fwd=2013 rows=513473 fwd_ms=32885.6 eval=0 prior=0
[inst] req=786432 hits=266888 fwd=2036 rows=519361 fwd_ms=33240.2 eval=0 prior=0
[inst] req=794624 hits=269324 fwd=2059 rows=525247 fwd_ms=33592.7 eval=0 prior=0
[inst] req=802816 hits=272053 fwd=2081 rows=530719 fwd_ms=33945.3 eval=0 prior=0
[inst] req=811008 hits=274961 fwd=2101 rows=535839 fwd_ms=34250.8 eval=0 prior=0
[inst] req=819200 hits=277834 fwd=2123 rows=541289 fwd_ms=34595.2 eval=0 prior=0
[inst] req=827392 hits=280430 fwd=2145 rows=546915 fwd_ms=34937.4 eval=0 prior=0
[inst] req=835584 hits=282939 fwd=2167 rows=552546 fwd_ms=35271.3 eval=0 prior=0
[inst] req=843776 hits=285571 fwd=2189 rows=558178 fwd_ms=35606.2 eval=0 prior=0
[inst] req=851968 hits=288408 fwd=2210 rows=563459 fwd_ms=35933.6 eval=0 prior=0
[inst] req=860160 hits=291343 fwd=2230 rows=568579 fwd_ms=36244.3 eval=0 prior=0
[inst] req=868352 hits=294025 fwd=2252 rows=574201 fwd_ms=36579.6 eval=0 prior=0
[inst] req=876544 hits=296466 fwd=2274 rows=579833 fwd_ms=36913.0 eval=0 prior=0
[inst] req=884736 hits=298954 fwd=2297 rows=585584 fwd_ms=37266.0 eval=0 prior=0
[inst] req=892928 hits=301552 fwd=2319 rows=591216 fwd_ms=37599.4 eval=0 prior=0
[inst] req=901120 hits=304409 fwd=2341 rows=596695 fwd_ms=37933.2 eval=0 prior=0
[inst] req=909312 hits=307283 fwd=2361 rows=601815 fwd_ms=38239.0 eval=0 prior=0
[inst] req=917504 hits=309764 fwd=2384 rows=607703 fwd_ms=38587.8 eval=0 prior=0
[inst] req=925696 hits=312187 fwd=2407 rows=613478 fwd_ms=38950.4 eval=0 prior=0
[inst] req=933888 hits=314865 fwd=2428 rows=618854 fwd_ms=39271.5 eval=0 prior=0
[inst] req=942080 hits=317783 fwd=2449 rows=624230 fwd_ms=39600.5 eval=0 prior=0
[inst] req=950272 hits=320541 fwd=2470 rows=629606 fwd_ms=39927.8 eval=0 prior=0
[inst] req=958464 hits=323296 fwd=2491 rows=634980 fwd_ms=40248.4 eval=0 prior=0
[inst] req=966656 hits=325803 fwd=2513 rows=640611 fwd_ms=40581.1 eval=0 prior=0
[inst] req=974848 hits=328394 fwd=2535 rows=646207 fwd_ms=40925.3 eval=0 prior=0
[inst] req=983040 hits=331009 fwd=2557 rows=651839 fwd_ms=41264.0 eval=0 prior=0
[inst] req=991232 hits=333685 fwd=2579 rows=657471 fwd_ms=41609.5 eval=0 prior=0
[inst] req=999424 hits=336468 fwd=2600 rows=662847 fwd_ms=41927.7 eval=0 prior=0
[inst] req=1007616 hits=339233 fwd=2621 rows=668210 fwd_ms=42253.5 eval=0 prior=0
[inst] req=1015808 hits=341791 fwd=2643 rows=673842 fwd_ms=42593.2 eval=0 prior=0
[inst] req=1024000 hits=344485 fwd=2665 rows=679474 fwd_ms=42926.8 eval=0 prior=0
[inst] req=1032192 hits=347249 fwd=2686 rows=684849 fwd_ms=43254.0 eval=0 prior=0
[inst] req=1040384 hits=350008 fwd=2707 rows=690225 fwd_ms=43575.2 eval=0 prior=0
[inst] req=1048576 hits=352589 fwd=2729 rows=695796 fwd_ms=43916.6 eval=0 prior=0
[inst] req=1056768 hits=355295 fwd=2751 rows=701420 fwd_ms=44250.8 eval=0 prior=0
[inst] req=1064960 hits=357947 fwd=2772 rows=706783 fwd_ms=44569.7 eval=0 prior=0
[inst] req=1073152 hits=360623 fwd=2795 rows=712519 fwd_ms=44919.5 eval=0 prior=0
[inst] req=1081344 hits=363311 fwd=2816 rows=717895 fwd_ms=45239.6 eval=0 prior=0
[inst] req=1089536 hits=366100 fwd=2837 rows=723271 fwd_ms=45558.6 eval=0 prior=0
[inst] req=1097728 hits=368721 fwd=2859 rows=728901 fwd_ms=45892.8 eval=0 prior=0
[inst] req=1105920 hits=371333 fwd=2881 rows=734516 fwd_ms=46226.4 eval=0 prior=0
[inst] req=1114112 hits=374074 fwd=2902 rows=739892 fwd_ms=46545.5 eval=0 prior=0
[inst] req=1122304 hits=376958 fwd=2923 rows=745267 fwd_ms=46864.4 eval=0 prior=0
[inst] req=1130496 hits=379644 fwd=2944 rows=750617 fwd_ms=47190.5 eval=0 prior=0
[inst] req=1138688 hits=382261 fwd=2966 rows=756227 fwd_ms=47539.9 eval=0 prior=0
[inst] req=1146880 hits=384827 fwd=2988 rows=761832 fwd_ms=47881.9 eval=0 prior=0
[inst] req=1155072 hits=387360 fwd=3010 rows=767464 fwd_ms=48211.8 eval=0 prior=0
[inst] req=1163264 hits=390071 fwd=3032 rows=773096 fwd_ms=48547.3 eval=0 prior=0
[inst] req=1171456 hits=392777 fwd=3053 rows=778472 fwd_ms=48867.6 eval=0 prior=0
[inst] req=1179648 hits=395435 fwd=3076 rows=784196 fwd_ms=49214.8 eval=0 prior=0
[inst] req=1187840 hits=398054 fwd=3097 rows=789569 fwd_ms=49530.3 eval=0 prior=0
[inst] req=1196032 hits=400671 fwd=3119 rows=795201 fwd_ms=49866.0 eval=0 prior=0
[inst] req=1204224 hits=403369 fwd=3141 rows=800833 fwd_ms=50200.4 eval=0 prior=0
[inst] req=1212416 hits=406365 fwd=3161 rows=805918 fwd_ms=50501.3 eval=0 prior=0
[inst] req=1220608 hits=408982 fwd=3183 rows=811425 fwd_ms=50835.0 eval=0 prior=0
[inst] req=1228800 hits=411624 fwd=3205 rows=817057 fwd_ms=51165.6 eval=0 prior=0
[inst] req=1236992 hits=414151 fwd=3227 rows=822686 fwd_ms=51496.1 eval=0 prior=0
[inst] req=1245184 hits=416787 fwd=3249 rows=828312 fwd_ms=51826.6 eval=0 prior=0
[inst] req=1253376 hits=419543 fwd=3270 rows=833688 fwd_ms=52142.2 eval=0 prior=0
[inst] req=1261568 hits=422302 fwd=3291 rows=839063 fwd_ms=52457.7 eval=0 prior=0
[inst] req=1269760 hits=424948 fwd=3313 rows=844695 fwd_ms=52788.2 eval=0 prior=0
[inst] req=1277952 hits=427569 fwd=3335 rows=850287 fwd_ms=53126.8 eval=0 prior=0
[inst] req=1286144 hits=430334 fwd=3356 rows=855662 fwd_ms=53442.4 eval=0 prior=0
[inst] req=1294336 hits=433032 fwd=3378 rows=861284 fwd_ms=53780.3 eval=0 prior=0
[inst] req=1302528 hits=435671 fwd=3399 rows=866658 fwd_ms=54095.6 eval=0 prior=0
[inst] req=1310720 hits=438333 fwd=3421 rows=872290 fwd_ms=54426.2 eval=0 prior=0
[inst] req=1318912 hits=441031 fwd=3442 rows=877665 fwd_ms=54741.8 eval=0 prior=0
[inst] req=1327104 hits=443600 fwd=3464 rows=883296 fwd_ms=55072.3 eval=0 prior=0
[inst] req=1335296 hits=446182 fwd=3487 rows=888987 fwd_ms=55424.3 eval=0 prior=0
[inst] req=1343488 hits=448897 fwd=3508 rows=894363 fwd_ms=55747.4 eval=0 prior=0
[inst] req=1351680 hits=451579 fwd=3530 rows=899980 fwd_ms=56077.7 eval=0 prior=0
[inst] req=1359872 hits=454184 fwd=3552 rows=905612 fwd_ms=56408.2 eval=0 prior=0
[inst] req=1368064 hits=457005 fwd=3573 rows=910988 fwd_ms=56723.8 eval=0 prior=0
[inst] req=1376256 hits=459635 fwd=3595 rows=916620 fwd_ms=57054.2 eval=0 prior=0
[inst] req=1384448 hits=462298 fwd=3616 rows=921996 fwd_ms=57369.9 eval=0 prior=0
[inst] req=1392640 hits=464961 fwd=3638 rows=927626 fwd_ms=57700.5 eval=0 prior=0
[inst] req=1400832 hits=467570 fwd=3660 rows=933095 fwd_ms=58032.8 eval=0 prior=0
[inst] req=1409024 hits=470475 fwd=3681 rows=938466 fwd_ms=58348.2 eval=0 prior=0
[inst] req=1417216 hits=473208 fwd=3702 rows=943835 fwd_ms=58663.6 eval=0 prior=0
[inst] req=1425408 hits=475852 fwd=3724 rows=949467 fwd_ms=58994.2 eval=0 prior=0
[inst] req=1433600 hits=478541 fwd=3745 rows=954843 fwd_ms=59309.8 eval=0 prior=0
[inst] req=1441792 hits=481223 fwd=3767 rows=960474 fwd_ms=59640.5 eval=0 prior=0
[inst] req=1449984 hits=484068 fwd=3788 rows=965849 fwd_ms=59955.7 eval=0 prior=0
[inst] req=1458176 hits=486707 fwd=3811 rows=971381 fwd_ms=60316.5 eval=0 prior=0
[inst] req=1466368 hits=489279 fwd=3833 rows=977012 fwd_ms=60647.2 eval=0 prior=0
[inst] req=1474560 hits=492056 fwd=3854 rows=982277 fwd_ms=60967.4 eval=0 prior=0
[inst] req=1482752 hits=494779 fwd=3876 rows=987895 fwd_ms=61297.4 eval=0 prior=0
[inst] req=1490944 hits=497530 fwd=3897 rows=993271 fwd_ms=61612.9 eval=0 prior=0
[inst] req=1499136 hits=500269 fwd=3918 rows=998645 fwd_ms=61928.2 eval=0 prior=0
[inst] req=1507328 hits=502913 fwd=3940 rows=1004277 fwd_ms=62258.6 eval=0 prior=0
[inst] req=1515520 hits=505608 fwd=3962 rows=1009909 fwd_ms=62589.0 eval=0 prior=0
[inst] req=1523712 hits=508265 fwd=3983 rows=1015285 fwd_ms=62904.4 eval=0 prior=0
[inst] req=1531904 hits=511177 fwd=4004 rows=1020639 fwd_ms=63219.4 eval=0 prior=0
[inst] req=1540096 hits=513829 fwd=4026 rows=1026252 fwd_ms=63549.2 eval=0 prior=0
[inst] req=1548288 hits=516418 fwd=4047 rows=1031628 fwd_ms=63864.8 eval=0 prior=0
[inst] req=1556480 hits=519205 fwd=4069 rows=1037260 fwd_ms=64195.4 eval=0 prior=0
[inst] req=1564672 hits=521935 fwd=4091 rows=1042729 fwd_ms=64518.7 eval=0 prior=0
[inst] req=1572864 hits=524646 fwd=4113 rows=1048164 fwd_ms=64840.9 eval=0 prior=0
[inst] req=1581056 hits=527424 fwd=4134 rows=1053475 fwd_ms=65163.3 eval=0 prior=0
[inst] req=1589248 hits=530296 fwd=4155 rows=1058850 fwd_ms=65478.6 eval=0 prior=0
[inst] req=1597440 hits=532917 fwd=4177 rows=1064471 fwd_ms=65808.5 eval=0 prior=0
[inst] req=1605632 hits=535526 fwd=4199 rows=1070103 fwd_ms=66139.0 eval=0 prior=0
[inst] req=1613824 hits=538310 fwd=4220 rows=1075423 fwd_ms=66462.2 eval=0 prior=0
[inst] req=1622016 hits=541109 fwd=4242 rows=1080836 fwd_ms=66794.6 eval=0 prior=0
[inst] req=1630208 hits=543974 fwd=4263 rows=1086095 fwd_ms=67113.2 eval=0 prior=0
[inst] req=1638400 hits=546556 fwd=4285 rows=1091718 fwd_ms=67443.5 eval=0 prior=0
[inst] req=1646592 hits=549485 fwd=4306 rows=1097094 fwd_ms=67759.0 eval=0 prior=0
[inst] req=1654784 hits=552258 fwd=4327 rows=1102470 fwd_ms=68074.5 eval=0 prior=0
[inst] req=1662976 hits=555116 fwd=4348 rows=1107846 fwd_ms=68389.9 eval=0 prior=0
[inst] req=1671168 hits=557837 fwd=4369 rows=1113218 fwd_ms=68705.0 eval=0 prior=0
[inst] req=1679360 hits=560591 fwd=4390 rows=1118592 fwd_ms=69020.4 eval=0 prior=0
[inst] req=1687552 hits=563258 fwd=4412 rows=1124224 fwd_ms=69350.7 eval=0 prior=0
[inst] req=1695744 hits=565997 fwd=4433 rows=1129596 fwd_ms=69665.7 eval=0 prior=0
[inst] req=1703936 hits=568765 fwd=4454 rows=1134965 fwd_ms=69980.5 eval=0 prior=0
[inst] req=1712128 hits=571444 fwd=4478 rows=1140659 fwd_ms=70351.8 eval=0 prior=0
[inst] req=1720320 hits=574242 fwd=4499 rows=1145868 fwd_ms=70667.3 eval=0 prior=0
[inst] req=1728512 hits=576943 fwd=4522 rows=1151557 fwd_ms=71020.7 eval=0 prior=0
[inst] req=1736704 hits=579684 fwd=4543 rows=1156932 fwd_ms=71336.0 eval=0 prior=0
[inst] req=1744896 hits=582337 fwd=4565 rows=1162377 fwd_ms=71667.2 eval=0 prior=0
[inst] req=1753088 hits=585228 fwd=4587 rows=1167810 fwd_ms=71999.6 eval=0 prior=0
[inst] req=1761280 hits=587946 fwd=4608 rows=1173186 fwd_ms=72314.7 eval=0 prior=0
[inst] req=1769472 hits=590839 fwd=4629 rows=1178541 fwd_ms=72629.1 eval=0 prior=0
[inst] req=1777664 hits=593533 fwd=4650 rows=1183913 fwd_ms=72944.1 eval=0 prior=0
[inst] req=1785856 hits=596362 fwd=4671 rows=1189286 fwd_ms=73311.0 eval=0 prior=0
[inst] req=1794048 hits=599017 fwd=4693 rows=1194918 fwd_ms=73707.9 eval=0 prior=0
[inst] req=1802240 hits=601719 fwd=4714 rows=1200294 fwd_ms=74086.8 eval=0 prior=0
[inst] req=1810432 hits=604516 fwd=4735 rows=1205670 fwd_ms=74466.0 eval=0 prior=0
[inst] req=1818624 hits=607262 fwd=4757 rows=1211302 fwd_ms=74863.3 eval=0 prior=0
[inst] req=1826816 hits=609958 fwd=4778 rows=1216678 fwd_ms=75242.6 eval=0 prior=0
[inst] req=1835008 hits=612719 fwd=4799 rows=1222050 fwd_ms=75616.0 eval=0 prior=0
[inst] req=1843200 hits=615528 fwd=4820 rows=1227426 fwd_ms=75995.0 eval=0 prior=0
[inst] req=1851392 hits=618326 fwd=4842 rows=1233058 fwd_ms=76392.2 eval=0 prior=0
[inst] req=1859584 hits=621108 fwd=4863 rows=1238405 fwd_ms=76769.3 eval=0 prior=0
[inst] req=1867776 hits=623853 fwd=4884 rows=1243781 fwd_ms=77149.3 eval=0 prior=0
[inst] req=1875968 hits=626604 fwd=4905 rows=1249153 fwd_ms=77526.3 eval=0 prior=0
[inst] req=1884160 hits=629489 fwd=4927 rows=1254652 fwd_ms=77936.5 eval=0 prior=0
[inst] req=1892352 hits=632154 fwd=4948 rows=1260026 fwd_ms=78313.1 eval=0 prior=0
[inst] req=1900544 hits=634895 fwd=4970 rows=1265433 fwd_ms=78707.3 eval=0 prior=0
[inst] req=1908736 hits=637793 fwd=4991 rows=1270805 fwd_ms=79081.0 eval=0 prior=0
[inst] req=1916928 hits=640643 fwd=5012 rows=1276176 fwd_ms=79454.1 eval=0 prior=0
[inst] req=1925120 hits=643573 fwd=5033 rows=1281543 fwd_ms=79829.8 eval=0 prior=0
[inst] req=1933312 hits=646330 fwd=5054 rows=1286918 fwd_ms=80206.4 eval=0 prior=0
[inst] req=1941504 hits=649179 fwd=5075 rows=1292291 fwd_ms=80583.3 eval=0 prior=0
[inst] req=1949696 hits=651919 fwd=5096 rows=1297667 fwd_ms=80962.6 eval=0 prior=0
[inst] req=1957888 hits=654772 fwd=5117 rows=1303043 fwd_ms=81342.3 eval=0 prior=0
[inst] req=1966080 hits=657743 fwd=5137 rows=1308163 fwd_ms=81703.8 eval=0 prior=0
[inst] req=1974272 hits=660542 fwd=5158 rows=1313539 fwd_ms=82082.8 eval=0 prior=0
[inst] req=1982464 hits=663413 fwd=5180 rows=1319023 fwd_ms=82471.1 eval=0 prior=0
[inst] req=1990656 hits=666093 fwd=5201 rows=1324399 fwd_ms=82850.2 eval=0 prior=0
[inst] req=1998848 hits=668845 fwd=5223 rows=1330002 fwd_ms=83244.7 eval=0 prior=0
[inst] req=2007040 hits=671712 fwd=5243 rows=1335115 fwd_ms=83602.6 eval=0 prior=0
[inst] req=2015232 hits=674629 fwd=5264 rows=1340485 fwd_ms=83978.9 eval=0 prior=0
[inst] req=2023424 hits=677399 fwd=5286 rows=1345987 fwd_ms=84380.5 eval=0 prior=0
[inst] req=2031616 hits=680111 fwd=5307 rows=1351363 fwd_ms=84759.8 eval=0 prior=0
[inst] req=2039808 hits=682928 fwd=5328 rows=1356734 fwd_ms=85136.4 eval=0 prior=0
[inst] req=2048000 hits=685893 fwd=5349 rows=1361906 fwd_ms=85513.7 eval=0 prior=0
[inst] req=2056192 hits=688599 fwd=5371 rows=1367538 fwd_ms=85911.9 eval=0 prior=0
[inst] req=2064384 hits=691354 fwd=5392 rows=1372913 fwd_ms=86291.1 eval=0 prior=0
[inst] req=2072576 hits=694184 fwd=5414 rows=1378379 fwd_ms=86678.1 eval=0 prior=0
[inst] req=2080768 hits=696896 fwd=5435 rows=1383740 fwd_ms=87054.1 eval=0 prior=0
[inst] req=2088960 hits=699856 fwd=5455 rows=1388860 fwd_ms=87415.7 eval=0 prior=0
[inst] req=2097152 hits=702717 fwd=5476 rows=1394236 fwd_ms=87795.4 eval=0 prior=0
[inst] req=2105344 hits=705551 fwd=5497 rows=1399611 fwd_ms=88175.0 eval=0 prior=0
[inst] req=2113536 hits=708221 fwd=5519 rows=1405243 fwd_ms=88573.0 eval=0 prior=0
[inst] req=2121728 hits=710917 fwd=5541 rows=1410762 fwd_ms=88974.7 eval=0 prior=0
[inst] req=2129920 hits=713659 fwd=5562 rows=1416138 fwd_ms=89354.2 eval=0 prior=0
[inst] req=2138112 hits=716512 fwd=5583 rows=1421510 fwd_ms=89730.7 eval=0 prior=0
[inst] req=2146304 hits=719276 fwd=5604 rows=1426886 fwd_ms=90109.8 eval=0 prior=0
[inst] req=2154496 hits=722012 fwd=5625 rows=1432262 fwd_ms=90489.0 eval=0 prior=0
[inst] req=2162688 hits=724842 fwd=5646 rows=1437637 fwd_ms=90868.6 eval=0 prior=0
[inst] req=2170880 hits=727817 fwd=5667 rows=1443011 fwd_ms=91247.9 eval=0 prior=0
[inst] req=2179072 hits=730548 fwd=5689 rows=1448492 fwd_ms=91646.5 eval=0 prior=0
[inst] req=2187264 hits=733389 fwd=5710 rows=1453868 fwd_ms=92026.6 eval=0 prior=0
[inst] req=2195456 hits=736218 fwd=5731 rows=1459228 fwd_ms=92402.7 eval=0 prior=0
[inst] req=2203648 hits=738923 fwd=5752 rows=1464603 fwd_ms=92782.4 eval=0 prior=0
[inst] req=2211840 hits=741764 fwd=5773 rows=1469978 fwd_ms=93162.1 eval=0 prior=0
[inst] req=2220032 hits=744636 fwd=5794 rows=1475349 fwd_ms=93541.8 eval=0 prior=0
[inst] req=2228224 hits=747660 fwd=5815 rows=1480546 fwd_ms=93916.6 eval=0 prior=0
[inst] req=2236416 hits=750595 fwd=5835 rows=1485664 fwd_ms=94277.6 eval=0 prior=0
[inst] req=2244608 hits=753253 fwd=5857 rows=1491296 fwd_ms=94675.2 eval=0 prior=0
[inst] req=2252800 hits=755965 fwd=5878 rows=1496672 fwd_ms=95054.9 eval=0 prior=0
[inst] req=2260992 hits=758770 fwd=5899 rows=1502038 fwd_ms=95431.5 eval=0 prior=0
[inst] req=2269184 hits=761561 fwd=5920 rows=1507408 fwd_ms=95808.0 eval=0 prior=0
[inst] req=2277376 hits=764405 fwd=5941 rows=1512784 fwd_ms=96188.1 eval=0 prior=0
[inst] req=2285568 hits=767269 fwd=5963 rows=1518253 fwd_ms=96585.4 eval=0 prior=0
[inst] req=2293760 hits=769959 fwd=5985 rows=1523586 fwd_ms=96983.6 eval=0 prior=0
[inst] req=2301952 hits=772697 fwd=6007 rows=1529200 fwd_ms=97377.2 eval=0 prior=0
[inst] req=2310144 hits=775464 fwd=6028 rows=1534576 fwd_ms=97757.1 eval=0 prior=0
[inst] req=2318336 hits=778448 fwd=6048 rows=1539676 fwd_ms=98112.3 eval=0 prior=0
[inst] req=2326528 hits=781243 fwd=6069 rows=1545051 fwd_ms=98492.0 eval=0 prior=0
[inst] req=2334720 hits=784101 fwd=6090 rows=1550426 fwd_ms=98871.4 eval=0 prior=0
[inst] req=2342912 hits=786822 fwd=6112 rows=1556055 fwd_ms=99266.4 eval=0 prior=0
[inst] req=2351104 hits=789602 fwd=6133 rows=1561283 fwd_ms=99647.3 eval=0 prior=0
[inst] req=2359296 hits=792694 fwd=6153 rows=1566397 fwd_ms=100006.4 eval=0 prior=0
[inst] req=2367488 hits=795478 fwd=6174 rows=1571765 fwd_ms=100382.9 eval=0 prior=0
[inst] req=2375680 hits=798263 fwd=6196 rows=1577397 fwd_ms=100780.6 eval=0 prior=0
[inst] req=2383872 hits=800986 fwd=6217 rows=1582760 fwd_ms=101157.0 eval=0 prior=0
[inst] req=2392064 hits=803778 fwd=6238 rows=1588136 fwd_ms=101536.5 eval=0 prior=0
[inst] req=2400256 hits=806427 fwd=6260 rows=1593768 fwd_ms=101934.1 eval=0 prior=0
[inst] req=2408448 hits=809275 fwd=6281 rows=1598973 fwd_ms=102315.0 eval=0 prior=0
[inst] req=2416640 hits=812151 fwd=6302 rows=1604349 fwd_ms=102694.3 eval=0 prior=0
[inst] req=2424832 hits=815073 fwd=6323 rows=1609725 fwd_ms=103074.5 eval=0 prior=0
[inst] req=2433024 hits=817720 fwd=6344 rows=1615092 fwd_ms=103451.4 eval=0 prior=0
[inst] req=2441216 hits=820516 fwd=6365 rows=1620468 fwd_ms=103831.2 eval=0 prior=0
[inst] req=2449408 hits=823244 fwd=6387 rows=1625945 fwd_ms=104230.1 eval=0 prior=0
[inst] req=2457600 hits=826044 fwd=6408 rows=1631317 fwd_ms=104606.7 eval=0 prior=0
[inst] req=2465792 hits=828873 fwd=6430 rows=1636793 fwd_ms=104995.0 eval=0 prior=0
[inst] req=2473984 hits=831633 fwd=6452 rows=1642260 fwd_ms=105382.8 eval=0 prior=0
[inst] req=2482176 hits=834482 fwd=6473 rows=1647636 fwd_ms=105762.4 eval=0 prior=0
[inst] req=2490368 hits=837441 fwd=6493 rows=1652756 fwd_ms=106123.5 eval=0 prior=0
[inst] req=2498560 hits=840220 fwd=6514 rows=1658132 fwd_ms=106503.2 eval=0 prior=0
[inst] req=2506752 hits=843007 fwd=6535 rows=1663496 fwd_ms=106879.8 eval=0 prior=0
[inst] req=2514944 hits=845859 fwd=6556 rows=1668872 fwd_ms=107259.6 eval=0 prior=0
[inst] req=2523136 hits=848740 fwd=6577 rows=1674247 fwd_ms=107639.1 eval=0 prior=0
[inst] req=2531328 hits=851604 fwd=6598 rows=1679623 fwd_ms=108018.6 eval=0 prior=0
[inst] req=2539520 hits=854454 fwd=6619 rows=1684986 fwd_ms=108394.5 eval=0 prior=0
[inst] req=2547712 hits=857227 fwd=6640 rows=1690362 fwd_ms=108773.9 eval=0 prior=0
[inst] req=2555904 hits=860027 fwd=6661 rows=1695737 fwd_ms=109153.6 eval=0 prior=0
[inst] req=2564096 hits=862843 fwd=6682 rows=1701112 fwd_ms=109532.8 eval=0 prior=0
[inst] req=2572288 hits=865669 fwd=6704 rows=1706577 fwd_ms=109930.9 eval=0 prior=0
[inst] req=2580480 hits=868549 fwd=6725 rows=1711767 fwd_ms=110311.7 eval=0 prior=0
[inst] req=2588672 hits=871289 fwd=6746 rows=1717139 fwd_ms=110688.3 eval=0 prior=0
[inst] req=2596864 hits=874154 fwd=6767 rows=1722476 fwd_ms=111064.9 eval=0 prior=0
[inst] req=2605056 hits=876967 fwd=6788 rows=1727852 fwd_ms=111444.5 eval=0 prior=0
[inst] req=2613248 hits=879842 fwd=6809 rows=1733228 fwd_ms=111823.7 eval=0 prior=0
[inst] req=2621440 hits=882638 fwd=6830 rows=1738602 fwd_ms=112203.1 eval=0 prior=0
[inst] req=2629632 hits=885530 fwd=6851 rows=1743971 fwd_ms=112579.5 eval=0 prior=0
[inst] req=2637824 hits=888394 fwd=6872 rows=1749347 fwd_ms=112958.4 eval=0 prior=0
[inst] req=2646016 hits=891231 fwd=6893 rows=1754723 fwd_ms=113337.6 eval=0 prior=0
[inst] req=2654208 hits=894235 fwd=6913 rows=1759833 fwd_ms=113696.2 eval=0 prior=0
[inst] req=2662400 hits=897040 fwd=6934 rows=1765209 fwd_ms=114075.8 eval=0 prior=0
[inst] req=2670592 hits=899783 fwd=6955 rows=1770578 fwd_ms=114452.1 eval=0 prior=0
[inst] req=2678784 hits=902650 fwd=6976 rows=1775928 fwd_ms=114824.9 eval=0 prior=0
[inst] req=2686976 hits=905560 fwd=6999 rows=1781327 fwd_ms=115219.1 eval=0 prior=0
[inst] req=2695168 hits=908420 fwd=7020 rows=1786703 fwd_ms=115598.7 eval=0 prior=0
[inst] req=2703360 hits=911226 fwd=7041 rows=1792079 fwd_ms=115978.8 eval=0 prior=0
[inst] req=2711552 hits=914111 fwd=7061 rows=1797199 fwd_ms=116340.5 eval=0 prior=0
[inst] req=2719744 hits=916897 fwd=7083 rows=1802831 fwd_ms=116738.1 eval=0 prior=0
[inst] req=2727936 hits=919722 fwd=7104 rows=1808205 fwd_ms=117118.0 eval=0 prior=0
[inst] req=2736128 hits=922594 fwd=7124 rows=1813323 fwd_ms=117479.4 eval=0 prior=0
[inst] req=2744320 hits=925306 fwd=7146 rows=1818955 fwd_ms=117875.6 eval=0 prior=0
[inst] req=2752512 hits=928160 fwd=7167 rows=1824327 fwd_ms=118252.1 eval=0 prior=0
[inst] req=2760704 hits=930970 fwd=7188 rows=1829702 fwd_ms=118631.3 eval=0 prior=0
[inst] req=2768896 hits=933760 fwd=7209 rows=1835078 fwd_ms=119009.3 eval=0 prior=0
[inst] req=2777088 hits=936570 fwd=7230 rows=1840424 fwd_ms=119395.7 eval=0 prior=0
[inst] req=2785280 hits=939326 fwd=7251 rows=1845763 fwd_ms=119767.2 eval=0 prior=0
[inst] req=2793472 hits=942072 fwd=7273 rows=1851395 fwd_ms=120163.6 eval=0 prior=0
[inst] req=2801664 hits=944892 fwd=7294 rows=1856721 fwd_ms=120549.1 eval=0 prior=0
[inst] req=2809856 hits=947745 fwd=7315 rows=1862097 fwd_ms=120927.9 eval=0 prior=0
[inst] req=2818048 hits=950504 fwd=7336 rows=1867473 fwd_ms=121306.8 eval=0 prior=0
[inst] req=2826240 hits=953149 fwd=7357 rows=1872848 fwd_ms=121685.5 eval=0 prior=0
[inst] req=2834432 hits=956034 fwd=7378 rows=1878218 fwd_ms=122060.9 eval=0 prior=0
[inst] req=2842624 hits=958948 fwd=7399 rows=1883591 fwd_ms=122436.1 eval=0 prior=0
[inst] req=2850816 hits=961997 fwd=7419 rows=1888688 fwd_ms=122792.6 eval=0 prior=0
[inst] req=2859008 hits=964715 fwd=7440 rows=1894064 fwd_ms=123170.5 eval=0 prior=0
[inst] req=2867200 hits=967468 fwd=7462 rows=1899681 fwd_ms=123560.2 eval=0 prior=0
[inst] req=2875392 hits=970512 fwd=7482 rows=1904801 fwd_ms=123920.4 eval=0 prior=0
[inst] req=2883584 hits=973342 fwd=7504 rows=1910193 fwd_ms=124296.7 eval=0 prior=0
[inst] req=2891776 hits=976257 fwd=7524 rows=1915299 fwd_ms=124650.8 eval=0 prior=0
[inst] req=2899968 hits=979130 fwd=7545 rows=1920675 fwd_ms=125028.9 eval=0 prior=0
[inst] req=2908160 hits=981836 fwd=7567 rows=1926307 fwd_ms=125425.2 eval=0 prior=0
[inst] req=2916352 hits=984757 fwd=7587 rows=1931387 fwd_ms=125785.0 eval=0 prior=0
[inst] req=2924544 hits=987682 fwd=7608 rows=1936763 fwd_ms=126163.1 eval=0 prior=0
[inst] req=2932736 hits=990590 fwd=7629 rows=1942139 fwd_ms=126540.9 eval=0 prior=0
[inst] req=2940928 hits=993391 fwd=7650 rows=1947323 fwd_ms=126912.9 eval=0 prior=0
[inst] req=2949120 hits=996283 fwd=7671 rows=1952699 fwd_ms=127290.7 eval=0 prior=0
[inst] req=2957312 hits=999014 fwd=7693 rows=1958190 fwd_ms=127682.3 eval=0 prior=0
[inst] req=2965504 hits=1001766 fwd=7714 rows=1963560 fwd_ms=128057.1 eval=0 prior=0
[inst] req=2973696 hits=1004779 fwd=7735 rows=1968875 fwd_ms=128431.6 eval=0 prior=0
[inst] req=2981888 hits=1007547 fwd=7756 rows=1974251 fwd_ms=128809.7 eval=0 prior=0
[inst] req=2990080 hits=1010367 fwd=7777 rows=1979626 fwd_ms=129187.7 eval=0 prior=0
[inst] req=2998272 hits=1013150 fwd=7798 rows=1985002 fwd_ms=129565.4 eval=0 prior=0
[inst] req=3006464 hits=1015907 fwd=7819 rows=1990376 fwd_ms=129943.7 eval=0 prior=0
[inst] req=3014656 hits=1018688 fwd=7841 rows=1995843 fwd_ms=130338.5 eval=0 prior=0
[inst] req=3022848 hits=1021616 fwd=7862 rows=2001217 fwd_ms=130716.2 eval=0 prior=0
[inst] req=3031040 hits=1024473 fwd=7882 rows=2006326 fwd_ms=131072.6 eval=0 prior=0
[inst] req=3039232 hits=1027382 fwd=7903 rows=2011686 fwd_ms=131446.7 eval=0 prior=0
[inst] req=3047424 hits=1030216 fwd=7925 rows=2017087 fwd_ms=131838.7 eval=0 prior=0
[inst] req=3055616 hits=1033322 fwd=7945 rows=2022201 fwd_ms=132195.3 eval=0 prior=0
[inst] req=3063808 hits=1036143 fwd=7966 rows=2027577 fwd_ms=132572.9 eval=0 prior=0
[inst] req=3072000 hits=1039138 fwd=7986 rows=2032695 fwd_ms=132932.8 eval=0 prior=0
[inst] req=3080192 hits=1041958 fwd=8008 rows=2038090 fwd_ms=133324.4 eval=0 prior=0
[inst] req=3088384 hits=1044795 fwd=8029 rows=2043466 fwd_ms=133702.0 eval=0 prior=0
[inst] req=3096576 hits=1047700 fwd=8050 rows=2048842 fwd_ms=134079.9 eval=0 prior=0
[inst] req=3104768 hits=1050524 fwd=8071 rows=2054218 fwd_ms=134457.8 eval=0 prior=0
[inst] req=3112960 hits=1053357 fwd=8092 rows=2059593 fwd_ms=134835.7 eval=0 prior=0
[inst] req=3121152 hits=1056252 fwd=8113 rows=2064884 fwd_ms=135219.4 eval=0 prior=0
[inst] req=3129344 hits=1059204 fwd=8133 rows=2069961 fwd_ms=135585.6 eval=0 prior=0
[inst] req=3137536 hits=1062054 fwd=8155 rows=2075421 fwd_ms=135971.5 eval=0 prior=0
[inst] req=3145728 hits=1064813 fwd=8176 rows=2080797 fwd_ms=136349.3 eval=0 prior=0
[inst] req=3153920 hits=1067776 fwd=8197 rows=2086079 fwd_ms=136729.1 eval=0 prior=0
[inst] req=3162112 hits=1070500 fwd=8218 rows=2091433 fwd_ms=137102.8 eval=0 prior=0
[inst] req=3170304 hits=1073408 fwd=8239 rows=2096809 fwd_ms=137480.5 eval=0 prior=0
[inst] req=3178496 hits=1076138 fwd=8260 rows=2102185 fwd_ms=137857.8 eval=0 prior=0
[inst] req=3186688 hits=1078749 fwd=8282 rows=2107808 fwd_ms=138250.2 eval=0 prior=0
[inst] req=3194880 hits=1081573 fwd=8303 rows=2113184 fwd_ms=138627.8 eval=0 prior=0
[inst] req=3203072 hits=1084461 fwd=8324 rows=2118560 fwd_ms=139005.0 eval=0 prior=0
[inst] req=3211264 hits=1087307 fwd=8345 rows=2123936 fwd_ms=139382.8 eval=0 prior=0
[inst] req=3219456 hits=1090217 fwd=8365 rows=2129056 fwd_ms=139742.3 eval=0 prior=0
[inst] req=3227648 hits=1092952 fwd=8387 rows=2134524 fwd_ms=140127.9 eval=0 prior=0
[inst] req=3235840 hits=1095909 fwd=8408 rows=2139883 fwd_ms=140502.0 eval=0 prior=0
[inst] req=3244032 hits=1098886 fwd=8429 rows=2145130 fwd_ms=140888.6 eval=0 prior=0
[inst] req=3252224 hits=1101852 fwd=8449 rows=2150116 fwd_ms=141246.5 eval=0 prior=0
[inst] req=3260416 hits=1104823 fwd=8470 rows=2155492 fwd_ms=141623.9 eval=0 prior=0
[inst] req=3268608 hits=1107657 fwd=8491 rows=2160840 fwd_ms=141994.5 eval=0 prior=0
[inst] req=3276800 hits=1110516 fwd=8512 rows=2166196 fwd_ms=142368.3 eval=0 prior=0
[inst] req=3284992 hits=1113313 fwd=8534 rows=2171630 fwd_ms=142759.5 eval=0 prior=0
[inst] req=3293184 hits=1116249 fwd=8554 rows=2176744 fwd_ms=143116.0 eval=0 prior=0
[inst] req=3301376 hits=1119165 fwd=8575 rows=2182119 fwd_ms=143493.5 eval=0 prior=0
[inst] req=3309568 hits=1121987 fwd=8596 rows=2187369 fwd_ms=143862.9 eval=0 prior=0
[inst] req=3317760 hits=1124906 fwd=8617 rows=2192744 fwd_ms=144240.1 eval=0 prior=0
[inst] req=3325952 hits=1127730 fwd=8638 rows=2198120 fwd_ms=144617.5 eval=0 prior=0
[inst] req=3334144 hits=1130727 fwd=8658 rows=2203239 fwd_ms=144977.0 eval=0 prior=0
[inst] req=3342336 hits=1133644 fwd=8679 rows=2208615 fwd_ms=145354.4 eval=0 prior=0
[inst] req=3350528 hits=1136439 fwd=8700 rows=2213980 fwd_ms=145728.8 eval=0 prior=0
[inst] req=3358720 hits=1139375 fwd=8721 rows=2219340 fwd_ms=146100.1 eval=0 prior=0
[inst] req=3366912 hits=1142259 fwd=8741 rows=2224460 fwd_ms=146459.5 eval=0 prior=0
[inst] req=3375104 hits=1144971 fwd=8763 rows=2230092 fwd_ms=146854.8 eval=0 prior=0
[inst] req=3383296 hits=1147871 fwd=8783 rows=2235211 fwd_ms=147214.2 eval=0 prior=0
[inst] req=3391488 hits=1150604 fwd=8805 rows=2240839 fwd_ms=147606.7 eval=0 prior=0
[inst] req=3399680 hits=1153416 fwd=8826 rows=2246213 fwd_ms=147984.2 eval=0 prior=0
[inst] req=3407872 hits=1156210 fwd=8847 rows=2251588 fwd_ms=148361.8 eval=0 prior=0
[inst] req=3416064 hits=1159024 fwd=8868 rows=2256964 fwd_ms=148739.3 eval=0 prior=0
[inst] req=3424256 hits=1161838 fwd=8889 rows=2262338 fwd_ms=149116.5 eval=0 prior=0
[inst] req=3432448 hits=1164649 fwd=8910 rows=2267709 fwd_ms=149491.0 eval=0 prior=0
[inst] req=3440640 hits=1167392 fwd=8931 rows=2273085 fwd_ms=149868.7 eval=0 prior=0
[inst] req=3448832 hits=1170232 fwd=8952 rows=2278461 fwd_ms=150246.4 eval=0 prior=0
[inst] req=3457024 hits=1173003 fwd=8974 rows=2283796 fwd_ms=150634.8 eval=0 prior=0
[inst] req=3465216 hits=1175831 fwd=8995 rows=2289172 fwd_ms=151012.3 eval=0 prior=0
[inst] req=3473408 hits=1178756 fwd=9016 rows=2294546 fwd_ms=151390.0 eval=0 prior=0
[inst] req=3481600 hits=1181689 fwd=9037 rows=2299909 fwd_ms=151764.4 eval=0 prior=0
[inst] req=3489792 hits=1184708 fwd=9058 rows=2304994 fwd_ms=152120.8 eval=0 prior=0
[inst] req=3497984 hits=1187548 fwd=9079 rows=2310370 fwd_ms=152498.4 eval=0 prior=0
[inst] req=3506176 hits=1190538 fwd=9099 rows=2315490 fwd_ms=152858.2 eval=0 prior=0
[inst] req=3514368 hits=1193344 fwd=9120 rows=2320865 fwd_ms=153236.0 eval=0 prior=0
[inst] req=3522560 hits=1196366 fwd=9141 rows=2326168 fwd_ms=153610.1 eval=0 prior=0
[inst] req=3530752 hits=1199261 fwd=9161 rows=2331284 fwd_ms=153967.4 eval=0 prior=0
[inst] req=3538944 hits=1202087 fwd=9182 rows=2336660 fwd_ms=154344.9 eval=0 prior=0
[inst] req=3547136 hits=1204998 fwd=9203 rows=2341954 fwd_ms=154725.9 eval=0 prior=0
[inst] req=3555328 hits=1207883 fwd=9224 rows=2347330 fwd_ms=155103.4 eval=0 prior=0
[inst] req=3563520 hits=1210707 fwd=9245 rows=2352706 fwd_ms=155480.9 eval=0 prior=0
[inst] req=3571712 hits=1213588 fwd=9267 rows=2358110 fwd_ms=155882.6 eval=0 prior=0
[inst] req=3579904 hits=1216419 fwd=9288 rows=2363470 fwd_ms=156257.3 eval=0 prior=0
[inst] req=3588096 hits=1219242 fwd=9309 rows=2368670 fwd_ms=156621.5 eval=0 prior=0
[inst] req=3596288 hits=1222143 fwd=9330 rows=2374046 fwd_ms=156999.0 eval=0 prior=0
[inst] req=3604480 hits=1224893 fwd=9351 rows=2379421 fwd_ms=157377.0 eval=0 prior=0
[inst] req=3612672 hits=1227691 fwd=9372 rows=2384797 fwd_ms=157754.7 eval=0 prior=0
[inst] req=3620864 hits=1230712 fwd=9392 rows=2389917 fwd_ms=158114.2 eval=0 prior=0
[inst] req=3629056 hits=1233673 fwd=9413 rows=2395279 fwd_ms=158485.7 eval=0 prior=0
[inst] req=3637248 hits=1236504 fwd=9434 rows=2400652 fwd_ms=158863.2 eval=0 prior=0
[inst] req=3645440 hits=1239373 fwd=9455 rows=2406028 fwd_ms=159240.9 eval=0 prior=0
[inst] req=3653632 hits=1242209 fwd=9476 rows=2411292 fwd_ms=159607.5 eval=0 prior=0
[inst] req=3661824 hits=1244997 fwd=9497 rows=2416668 fwd_ms=159985.3 eval=0 prior=0
[inst] req=3670016 hits=1248028 fwd=9517 rows=2421787 fwd_ms=160345.3 eval=0 prior=0
[inst] req=3678208 hits=1250886 fwd=9538 rows=2427152 fwd_ms=160719.9 eval=0 prior=0
[inst] req=3686400 hits=1253589 fwd=9561 rows=2432742 fwd_ms=161127.1 eval=0 prior=0
[inst] req=3694592 hits=1256662 fwd=9581 rows=2437706 fwd_ms=161485.9 eval=0 prior=0
[inst] req=3702784 hits=1259563 fwd=9602 rows=2443079 fwd_ms=161860.8 eval=0 prior=0
[inst] req=3710976 hits=1262458 fwd=9623 rows=2448444 fwd_ms=162232.3 eval=0 prior=0
[inst] req=3719168 hits=1265158 fwd=9644 rows=2453817 fwd_ms=162606.9 eval=0 prior=0
[inst] req=3727360 hits=1267979 fwd=9665 rows=2459167 fwd_ms=162980.7 eval=0 prior=0
[inst] req=3735552 hits=1270882 fwd=9686 rows=2464469 fwd_ms=163354.6 eval=0 prior=0
[inst] req=3743744 hits=1273725 fwd=9707 rows=2469845 fwd_ms=163732.2 eval=0 prior=0
[inst] req=3751936 hits=1276711 fwd=9728 rows=2475219 fwd_ms=164110.3 eval=0 prior=0
[inst] req=3760128 hits=1279505 fwd=9749 rows=2480595 fwd_ms=164488.1 eval=0 prior=0
[inst] req=3768320 hits=1282325 fwd=9770 rows=2485961 fwd_ms=164862.3 eval=0 prior=0
[inst] req=3776512 hits=1285073 fwd=9791 rows=2491337 fwd_ms=165240.3 eval=0 prior=0
[inst] req=3784704 hits=1288176 fwd=9811 rows=2496441 fwd_ms=165596.4 eval=0 prior=0
[inst] req=3792896 hits=1291152 fwd=9831 rows=2501560 fwd_ms=165956.2 eval=0 prior=0
[inst] req=3801088 hits=1294051 fwd=9852 rows=2506932 fwd_ms=166331.2 eval=0 prior=0
[inst] req=3809280 hits=1296867 fwd=9873 rows=2512308 fwd_ms=166708.8 eval=0 prior=0
[inst] req=3817472 hits=1299664 fwd=9894 rows=2517684 fwd_ms=167086.3 eval=0 prior=0
[inst] req=3825664 hits=1302592 fwd=9915 rows=2523048 fwd_ms=167460.6 eval=0 prior=0
[inst] req=3833856 hits=1305431 fwd=9936 rows=2528423 fwd_ms=167838.3 eval=0 prior=0
[inst] req=3842048 hits=1308200 fwd=9957 rows=2533793 fwd_ms=168212.6 eval=0 prior=0
[inst] req=3850240 hits=1311062 fwd=9978 rows=2539162 fwd_ms=168587.5 eval=0 prior=0
[inst] req=3858432 hits=1314122 fwd=9998 rows=2544233 fwd_ms=168954.8 eval=0 prior=0
[inst] req=3866624 hits=1317152 fwd=10018 rows=2549339 fwd_ms=169308.3 eval=0 prior=0
[inst] req=3874816 hits=1319968 fwd=10039 rows=2554715 fwd_ms=169686.3 eval=0 prior=0
[inst] req=3883008 hits=1322786 fwd=10060 rows=2560091 fwd_ms=170064.0 eval=0 prior=0
[inst] req=3891200 hits=1325604 fwd=10081 rows=2565467 fwd_ms=170442.1 eval=0 prior=0
[inst] req=3899392 hits=1328455 fwd=10102 rows=2570843 fwd_ms=170819.7 eval=0 prior=0
[inst] req=3907584 hits=1331420 fwd=10122 rows=2575931 fwd_ms=171176.9 eval=0 prior=0
[inst] req=3915776 hits=1334311 fwd=10143 rows=2581307 fwd_ms=171554.2 eval=0 prior=0
[inst] req=3923968 hits=1337181 fwd=10164 rows=2586682 fwd_ms=171931.8 eval=0 prior=0
[inst] req=3932160 hits=1339896 fwd=10185 rows=2592058 fwd_ms=172309.2 eval=0 prior=0
[inst] req=3940352 hits=1342725 fwd=10206 rows=2597434 fwd_ms=172686.6 eval=0 prior=0
[inst] req=3948544 hits=1345636 fwd=10227 rows=2602809 fwd_ms=173064.1 eval=0 prior=0
[inst] req=3956736 hits=1348427 fwd=10248 rows=2608185 fwd_ms=173441.6 eval=0 prior=0
[inst] req=3964928 hits=1351368 fwd=10268 rows=2613304 fwd_ms=173801.2 eval=0 prior=0
[inst] req=3973120 hits=1354412 fwd=10289 rows=2618677 fwd_ms=174179.4 eval=0 prior=0
[inst] req=3981312 hits=1357240 fwd=10310 rows=2624053 fwd_ms=174557.2 eval=0 prior=0
[inst] req=3989504 hits=1360096 fwd=10330 rows=2629155 fwd_ms=174910.5 eval=0 prior=0
[inst] req=3997696 hits=1362931 fwd=10352 rows=2634720 fwd_ms=175299.6 eval=0 prior=0
[inst] req=4005888 hits=1365713 fwd=10373 rows=2640096 fwd_ms=175677.2 eval=0 prior=0
[inst] req=4014080 hits=1368604 fwd=10394 rows=2645472 fwd_ms=176055.0 eval=0 prior=0
[inst] req=4022272 hits=1371419 fwd=10415 rows=2650755 fwd_ms=176439.8 eval=0 prior=0
[inst] req=4030464 hits=1374346 fwd=10435 rows=2655875 fwd_ms=176799.4 eval=0 prior=0
[inst] req=4038656 hits=1377290 fwd=10456 rows=2661123 fwd_ms=177180.3 eval=0 prior=0
[inst] req=4046848 hits=1380201 fwd=10477 rows=2666499 fwd_ms=177557.9 eval=0 prior=0
[inst] req=4055040 hits=1383292 fwd=10497 rows=2671617 fwd_ms=177917.6 eval=0 prior=0
[inst] req=4063232 hits=1386271 fwd=10517 rows=2676736 fwd_ms=178277.5 eval=0 prior=0
[inst] req=4071424 hits=1389214 fwd=10539 rows=2682182 fwd_ms=178678.1 eval=0 prior=0
[inst] req=4079616 hits=1392077 fwd=10559 rows=2687302 fwd_ms=179037.4 eval=0 prior=0
[inst] req=4087808 hits=1394866 fwd=10581 rows=2692934 fwd_ms=179433.5 eval=0 prior=0
[inst] req=4096000 hits=1397681 fwd=10602 rows=2698309 fwd_ms=179811.2 eval=0 prior=0
[inst] req=4104192 hits=1400571 fwd=10622 rows=2703429 fwd_ms=180170.6 eval=0 prior=0
[inst] req=4112384 hits=1403527 fwd=10643 rows=2708804 fwd_ms=180548.1 eval=0 prior=0
[inst] req=4120576 hits=1406267 fwd=10664 rows=2714175 fwd_ms=180922.3 eval=0 prior=0
[inst] req=4128768 hits=1409221 fwd=10684 rows=2719295 fwd_ms=181281.6 eval=0 prior=0
[inst] req=4136960 hits=1412065 fwd=10705 rows=2724665 fwd_ms=181655.8 eval=0 prior=0
[inst] req=4145152 hits=1414978 fwd=10727 rows=2730064 fwd_ms=182043.4 eval=0 prior=0
[inst] req=4153344 hits=1417924 fwd=10748 rows=2735334 fwd_ms=182423.8 eval=0 prior=0
[inst] req=4161536 hits=1420754 fwd=10769 rows=2740709 fwd_ms=182801.4 eval=0 prior=0
[inst] req=4169728 hits=1423576 fwd=10790 rows=2746080 fwd_ms=183176.1 eval=0 prior=0
[inst] req=4177920 hits=1426578 fwd=10810 rows=2751200 fwd_ms=183535.8 eval=0 prior=0
[inst] req=4186112 hits=1429468 fwd=10831 rows=2756390 fwd_ms=183913.6 eval=0 prior=0
[inst] req=4194304 hits=1432393 fwd=10852 rows=2761763 fwd_ms=184291.3 eval=0 prior=0
[inst] req=4202496 hits=1435136 fwd=10873 rows=2767139 fwd_ms=184668.6 eval=0 prior=0
[inst] req=4210688 hits=1437981 fwd=10894 rows=2772474 fwd_ms=185038.5 eval=0 prior=0
[inst] req=4218880 hits=1440847 fwd=10915 rows=2777850 fwd_ms=185416.0 eval=0 prior=0
[inst] req=4227072 hits=1443767 fwd=10936 rows=2783208 fwd_ms=185789.8 eval=0 prior=0
[inst] req=4235264 hits=1446536 fwd=10957 rows=2788584 fwd_ms=186167.6 eval=0 prior=0
[inst] req=4243456 hits=1449522 fwd=10977 rows=2793685 fwd_ms=186523.5 eval=0 prior=0
[inst] req=4251648 hits=1452547 fwd=10998 rows=2799061 fwd_ms=186901.0 eval=0 prior=0
[inst] req=4259840 hits=1455480 fwd=11018 rows=2804181 fwd_ms=187260.6 eval=0 prior=0
[inst] req=4268032 hits=1458386 fwd=11039 rows=2809556 fwd_ms=187638.3 eval=0 prior=0
[inst] req=4276224 hits=1461127 fwd=11061 rows=2815019 fwd_ms=188023.4 eval=0 prior=0
[inst] req=4284416 hits=1463942 fwd=11082 rows=2820395 fwd_ms=188400.9 eval=0 prior=0
[inst] req=4292608 hits=1466913 fwd=11102 rows=2825512 fwd_ms=188760.5 eval=0 prior=0
[inst] req=4300800 hits=1469850 fwd=11123 rows=2830882 fwd_ms=189138.0 eval=0 prior=0
[inst] req=4308992 hits=1472707 fwd=11144 rows=2836258 fwd_ms=189515.7 eval=0 prior=0
[inst] req=4317184 hits=1475595 fwd=11165 rows=2841580 fwd_ms=189899.6 eval=0 prior=0
[inst] req=4325376 hits=1478298 fwd=11186 rows=2846956 fwd_ms=190277.4 eval=0 prior=0
[inst] req=4333568 hits=1481125 fwd=11207 rows=2852324 fwd_ms=190651.8 eval=0 prior=0
[inst] req=4341760 hits=1484016 fwd=11228 rows=2857700 fwd_ms=191029.2 eval=0 prior=0
[inst] req=4349952 hits=1486885 fwd=11248 rows=2862820 fwd_ms=191388.9 eval=0 prior=0
[inst] req=4358144 hits=1489819 fwd=11269 rows=2868173 fwd_ms=191762.6 eval=0 prior=0
[inst] req=4366336 hits=1492599 fwd=11290 rows=2873549 fwd_ms=192140.7 eval=0 prior=0
[inst] req=4374528 hits=1495491 fwd=11312 rows=2878999 fwd_ms=192522.5 eval=0 prior=0
[inst] req=4382720 hits=1498474 fwd=11332 rows=2884116 fwd_ms=192882.7 eval=0 prior=0
[inst] req=4390912 hits=1501305 fwd=11353 rows=2889492 fwd_ms=193260.6 eval=0 prior=0
[inst] req=4399104 hits=1504215 fwd=11375 rows=2894879 fwd_ms=193639.1 eval=0 prior=0
[inst] req=4407296 hits=1506977 fwd=11396 rows=2900255 fwd_ms=194016.9 eval=0 prior=0
[inst] req=4415488 hits=1509879 fwd=11416 rows=2905373 fwd_ms=194376.4 eval=0 prior=0
[inst] req=4423680 hits=1512702 fwd=11438 rows=2910898 fwd_ms=194764.9 eval=0 prior=0
[inst] req=4431872 hits=1515652 fwd=11459 rows=2916219 fwd_ms=195139.6 eval=0 prior=0
[inst] req=4440064 hits=1518710 fwd=11479 rows=2921337 fwd_ms=195499.5 eval=0 prior=0
[inst] req=4448256 hits=1521483 fwd=11500 rows=2926567 fwd_ms=195886.0 eval=0 prior=0
[inst] req=4456448 hits=1524305 fwd=11521 rows=2931943 fwd_ms=196337.6 eval=0 prior=0
[inst] req=4464640 hits=1527211 fwd=11542 rows=2937268 fwd_ms=197366.2 eval=0 prior=0
[inst] req=4472832 hits=1529940 fwd=11564 rows=2942868 fwd_ms=198810.7 eval=0 prior=0
[inst] req=4481024 hits=1532686 fwd=11585 rows=2948219 fwd_ms=200151.5 eval=0 prior=0
[inst] req=4489216 hits=1535399 fwd=11607 rows=2953804 fwd_ms=201362.9 eval=0 prior=0
[inst] req=4497408 hits=1538267 fwd=11627 rows=2958924 fwd_ms=201677.1 eval=0 prior=0
[inst] req=4505600 hits=1539394 fwd=11656 rows=2966093 fwd_ms=202149.7 eval=0 prior=0
[inst] req=4513792 hits=1540607 fwd=11683 rows=2973005 fwd_ms=202554.0 eval=0 prior=0
[inst] req=4521984 hits=1543030 fwd=11706 rows=2978893 fwd_ms=202908.7 eval=0 prior=0
[inst] req=4530176 hits=1545625 fwd=11728 rows=2984525 fwd_ms=203257.4 eval=0 prior=0
[inst] req=4538368 hits=1548280 fwd=11749 rows=2989901 fwd_ms=203592.4 eval=0 prior=0
[inst] req=4546560 hits=1550890 fwd=11771 rows=2995474 fwd_ms=203955.5 eval=0 prior=0
[inst] req=4554752 hits=1553535 fwd=11793 rows=3001102 fwd_ms=204316.5 eval=0 prior=0
[inst] req=4562944 hits=1556427 fwd=11814 rows=3006478 fwd_ms=204669.7 eval=0 prior=0
[inst] req=4571136 hits=1559087 fwd=11835 rows=3011810 fwd_ms=205013.1 eval=0 prior=0
[inst] req=4579328 hits=1561592 fwd=11858 rows=3017686 fwd_ms=205373.7 eval=0 prior=0
[inst] req=4587520 hits=1564418 fwd=11879 rows=3023062 fwd_ms=205708.7 eval=0 prior=0
[inst] req=4595712 hits=1567062 fwd=11900 rows=3028433 fwd_ms=206048.6 eval=0 prior=0
[inst] req=4603904 hits=1569728 fwd=11922 rows=3034065 fwd_ms=206411.3 eval=0 prior=0
[inst] req=4612096 hits=1572489 fwd=11943 rows=3039441 fwd_ms=206744.5 eval=0 prior=0
[inst] req=4620288 hits=1575114 fwd=11965 rows=3044970 fwd_ms=207100.7 eval=0 prior=0
[inst] req=4628480 hits=1577748 fwd=11987 rows=3050602 fwd_ms=207455.2 eval=0 prior=0
[inst] req=4636672 hits=1580379 fwd=12009 rows=3056222 fwd_ms=207809.8 eval=0 prior=0
[inst] req=4644864 hits=1582999 fwd=12031 rows=3061723 fwd_ms=208171.0 eval=0 prior=0
[inst] req=4653056 hits=1585762 fwd=12052 rows=3067096 fwd_ms=208501.4 eval=0 prior=0
[inst] req=4661248 hits=1588427 fwd=12074 rows=3072728 fwd_ms=208864.2 eval=0 prior=0
[inst] req=4669440 hits=1591140 fwd=12095 rows=3078071 fwd_ms=209201.7 eval=0 prior=0
[inst] req=4677632 hits=1593812 fwd=12117 rows=3083703 fwd_ms=209553.8 eval=0 prior=0
[inst] req=4685824 hits=1596286 fwd=12139 rows=3089334 fwd_ms=209891.2 eval=0 prior=0
[inst] req=4694016 hits=1599001 fwd=12161 rows=3094940 fwd_ms=210220.5 eval=0 prior=0
[inst] req=4702208 hits=1601817 fwd=12182 rows=3100247 fwd_ms=210565.1 eval=0 prior=0
[inst] req=4710400 hits=1604626 fwd=12203 rows=3105613 fwd_ms=210909.9 eval=0 prior=0
[inst] req=4718592 hits=1607384 fwd=12225 rows=3111068 fwd_ms=211286.0 eval=0 prior=0
[inst] req=4726784 hits=1609979 fwd=12247 rows=3116680 fwd_ms=211647.8 eval=0 prior=0
[inst] req=4734976 hits=1612732 fwd=12268 rows=3122050 fwd_ms=211990.2 eval=0 prior=0
[inst] req=4743168 hits=1615454 fwd=12290 rows=3127682 fwd_ms=212355.4 eval=0 prior=0
[inst] req=4751360 hits=1618052 fwd=12311 rows=3133055 fwd_ms=212690.1 eval=0 prior=0
[inst] req=4759552 hits=1620879 fwd=12332 rows=3138430 fwd_ms=213034.9 eval=0 prior=0
[inst] req=4767744 hits=1623611 fwd=12354 rows=3144061 fwd_ms=213397.3 eval=0 prior=0
[inst] req=4775936 hits=1626283 fwd=12375 rows=3149437 fwd_ms=213732.0 eval=0 prior=0
[inst] req=4784128 hits=1628961 fwd=12398 rows=3155161 fwd_ms=214095.0 eval=0 prior=0
[inst] req=4792320 hits=1631633 fwd=12419 rows=3160537 fwd_ms=214447.2 eval=0 prior=0
[inst] req=4800512 hits=1634273 fwd=12441 rows=3166169 fwd_ms=214807.3 eval=0 prior=0
[inst] req=4808704 hits=1636945 fwd=12462 rows=3171541 fwd_ms=215154.5 eval=0 prior=0
[inst] req=4816896 hits=1639749 fwd=12484 rows=3177144 fwd_ms=215513.4 eval=0 prior=0
[inst] req=4825088 hits=1642676 fwd=12505 rows=3182266 fwd_ms=215844.1 eval=0 prior=0
[inst] req=4833280 hits=1645352 fwd=12528 rows=3187799 fwd_ms=216198.8 eval=0 prior=0
[inst] req=4841472 hits=1647931 fwd=12551 rows=3193506 fwd_ms=216556.7 eval=0 prior=0
[inst] req=4849664 hits=1650701 fwd=12573 rows=3198961 fwd_ms=216906.1 eval=0 prior=0
[inst] req=4857856 hits=1653596 fwd=12594 rows=3204229 fwd_ms=217256.6 eval=0 prior=0
[inst] req=4866048 hits=1656256 fwd=12615 rows=3209546 fwd_ms=217593.8 eval=0 prior=0
[inst] req=4874240 hits=1658918 fwd=12637 rows=3215178 fwd_ms=217973.2 eval=0 prior=0
[inst] req=4882432 hits=1661588 fwd=12659 rows=3220810 fwd_ms=218339.7 eval=0 prior=0
[inst] req=4890624 hits=1664448 fwd=12679 rows=3225920 fwd_ms=218661.2 eval=0 prior=0
[inst] req=4898816 hits=1667148 fwd=12701 rows=3231552 fwd_ms=219007.8 eval=0 prior=0
[inst] req=4907008 hits=1669800 fwd=12723 rows=3237132 fwd_ms=219344.4 eval=0 prior=0
[inst] req=4915200 hits=1672550 fwd=12744 rows=3242399 fwd_ms=219662.0 eval=0 prior=0
[inst] req=4923392 hits=1675330 fwd=12766 rows=3247998 fwd_ms=219992.8 eval=0 prior=0
[inst] req=4931584 hits=1677995 fwd=12788 rows=3253449 fwd_ms=220333.0 eval=0 prior=0
[inst] req=4939776 hits=1680706 fwd=12809 rows=3258825 fwd_ms=220653.7 eval=0 prior=0
[inst] req=4947968 hits=1683464 fwd=12831 rows=3264285 fwd_ms=220987.8 eval=0 prior=0
[inst] req=4956160 hits=1686336 fwd=12852 rows=3269660 fwd_ms=221303.9 eval=0 prior=0
[inst] req=4964352 hits=1689212 fwd=12873 rows=3275036 fwd_ms=221631.1 eval=0 prior=0
[inst] req=4972544 hits=1691951 fwd=12894 rows=3280389 fwd_ms=221947.8 eval=0 prior=0
[inst] req=4980736 hits=1694731 fwd=12915 rows=3285764 fwd_ms=222275.0 eval=0 prior=0
[inst] req=4988928 hits=1697627 fwd=12936 rows=3291121 fwd_ms=222595.1 eval=0 prior=0
[inst] req=4997120 hits=1700422 fwd=12957 rows=3296497 fwd_ms=222911.5 eval=0 prior=0
[inst] req=5005312 hits=1703244 fwd=12978 rows=3301870 fwd_ms=223242.6 eval=0 prior=0
[inst] req=5013504 hits=1705876 fwd=13000 rows=3307476 fwd_ms=223584.8 eval=0 prior=0
[inst] req=5021696 hits=1708470 fwd=13022 rows=3313108 fwd_ms=223922.7 eval=0 prior=0
[inst] req=5029888 hits=1711625 fwd=13042 rows=3318226 fwd_ms=224226.2 eval=0 prior=0
[inst] req=5038080 hits=1714336 fwd=13063 rows=3323600 fwd_ms=224541.9 eval=0 prior=0
[inst] req=5046272 hits=1717056 fwd=13084 rows=3328976 fwd_ms=224857.7 eval=0 prior=0
[inst] req=5054464 hits=1719743 fwd=13106 rows=3334484 fwd_ms=225192.2 eval=0 prior=0
[inst] req=5062656 hits=1722435 fwd=13128 rows=3340114 fwd_ms=225523.4 eval=0 prior=0
[inst] req=5070848 hits=1725163 fwd=13149 rows=3345483 fwd_ms=225839.1 eval=0 prior=0
[inst] req=5079040 hits=1727895 fwd=13171 rows=3351091 fwd_ms=226169.3 eval=0 prior=0
[inst] req=5087232 hits=1730727 fwd=13192 rows=3356467 fwd_ms=226485.2 eval=0 prior=0
[inst] req=5095424 hits=1733350 fwd=13214 rows=3362067 fwd_ms=226816.8 eval=0 prior=0
[inst] req=5103616 hits=1736149 fwd=13235 rows=3367442 fwd_ms=227132.7 eval=0 prior=0
[inst] req=5111808 hits=1738917 fwd=13256 rows=3372810 fwd_ms=227448.8 eval=0 prior=0
[inst] req=5120000 hits=1741815 fwd=13276 rows=3377930 fwd_ms=227749.9 eval=0 prior=0
[inst] req=5128192 hits=1744550 fwd=13298 rows=3383553 fwd_ms=228079.9 eval=0 prior=0
[inst] req=5136384 hits=1747173 fwd=13321 rows=3389070 fwd_ms=228410.8 eval=0 prior=0
[inst] req=5144576 hits=1749923 fwd=13343 rows=3394404 fwd_ms=228733.7 eval=0 prior=0
[inst] req=5152768 hits=1752665 fwd=13365 rows=3400036 fwd_ms=229064.8 eval=0 prior=0
[inst] req=5160960 hits=1755607 fwd=13385 rows=3405152 fwd_ms=229365.9 eval=0 prior=0
[inst] req=5169152 hits=1758182 fwd=13407 rows=3410784 fwd_ms=229696.9 eval=0 prior=0
[inst] req=5177344 hits=1760846 fwd=13429 rows=3416412 fwd_ms=230027.5 eval=0 prior=0
[inst] req=5185536 hits=1763601 fwd=13450 rows=3421788 fwd_ms=230342.9 eval=0 prior=0
[inst] req=5193728 hits=1766402 fwd=13471 rows=3427164 fwd_ms=230658.4 eval=0 prior=0
[inst] req=5201920 hits=1769282 fwd=13492 rows=3432539 fwd_ms=230973.7 eval=0 prior=0
[inst] req=5210112 hits=1771908 fwd=13514 rows=3438162 fwd_ms=231304.3 eval=0 prior=0
[inst] req=5218304 hits=1774800 fwd=13534 rows=3443280 fwd_ms=231605.6 eval=0 prior=0
[inst] req=5226496 hits=1777606 fwd=13556 rows=3448852 fwd_ms=231944.9 eval=0 prior=0
[inst] req=5234688 hits=1780448 fwd=13577 rows=3454227 fwd_ms=232260.4 eval=0 prior=0
[inst] req=5242880 hits=1783306 fwd=13597 rows=3459345 fwd_ms=232560.9 eval=0 prior=0
[inst] req=5251072 hits=1785943 fwd=13619 rows=3464968 fwd_ms=232891.8 eval=0 prior=0
[inst] req=5259264 hits=1788776 fwd=13640 rows=3470344 fwd_ms=233207.5 eval=0 prior=0
[inst] req=5267456 hits=1791617 fwd=13661 rows=3475720 fwd_ms=233523.0 eval=0 prior=0
[inst] req=5275648 hits=1794424 fwd=13683 rows=3481111 fwd_ms=233845.6 eval=0 prior=0
[inst] req=5283840 hits=1797185 fwd=13704 rows=3486487 fwd_ms=234161.3 eval=0 prior=0
[inst] req=5292032 hits=1799965 fwd=13726 rows=3492002 fwd_ms=234496.6 eval=0 prior=0
[inst] req=5300224 hits=1802732 fwd=13747 rows=3497378 fwd_ms=234812.0 eval=0 prior=0
[inst] req=5308416 hits=1805541 fwd=13768 rows=3502744 fwd_ms=235127.3 eval=0 prior=0
[inst] req=5316608 hits=1808334 fwd=13789 rows=3508120 fwd_ms=235443.0 eval=0 prior=0
[inst] req=5324800 hits=1811080 fwd=13810 rows=3513490 fwd_ms=235758.2 eval=0 prior=0
[inst] req=5332992 hits=1814042 fwd=13831 rows=3518865 fwd_ms=236073.8 eval=0 prior=0
[inst] req=5341184 hits=1816703 fwd=13852 rows=3524241 fwd_ms=236389.6 eval=0 prior=0
[inst] req=5349376 hits=1819641 fwd=13873 rows=3529617 fwd_ms=236705.6 eval=0 prior=0
[inst] req=5357568 hits=1822542 fwd=13894 rows=3534990 fwd_ms=237021.2 eval=0 prior=0
[inst] req=5365760 hits=1825215 fwd=13915 rows=3540366 fwd_ms=237336.7 eval=0 prior=0
[inst] req=5373952 hits=1828076 fwd=13936 rows=3545708 fwd_ms=237651.2 eval=0 prior=0
[inst] req=5382144 hits=1830810 fwd=13957 rows=3551084 fwd_ms=237967.0 eval=0 prior=0
[inst] req=5390336 hits=1833713 fwd=13978 rows=3556459 fwd_ms=238282.4 eval=0 prior=0
[inst] req=5398528 hits=1836603 fwd=13999 rows=3561676 fwd_ms=238593.8 eval=0 prior=0
[inst] req=5406720 hits=1839355 fwd=14021 rows=3567308 fwd_ms=238924.9 eval=0 prior=0
[inst] req=5414912 hits=1842064 fwd=14042 rows=3572684 fwd_ms=239240.8 eval=0 prior=0
[inst] req=5423104 hits=1844884 fwd=14063 rows=3578050 fwd_ms=239556.4 eval=0 prior=0
[inst] req=5431296 hits=1847670 fwd=14084 rows=3583422 fwd_ms=239872.1 eval=0 prior=0
[inst] req=5439488 hits=1850582 fwd=14105 rows=3588797 fwd_ms=240187.9 eval=0 prior=0
[inst] req=5447680 hits=1853500 fwd=14126 rows=3594169 fwd_ms=240503.9 eval=0 prior=0
[inst] req=5455872 hits=1856201 fwd=14147 rows=3599537 fwd_ms=240819.8 eval=0 prior=0
[inst] req=5464064 hits=1858977 fwd=14168 rows=3604913 fwd_ms=241136.0 eval=0 prior=0
[inst] req=5472256 hits=1861769 fwd=14190 rows=3610375 fwd_ms=241459.8 eval=0 prior=0
[inst] req=5480448 hits=1864505 fwd=14211 rows=3615751 fwd_ms=241776.8 eval=0 prior=0
[inst] req=5488640 hits=1867489 fwd=14233 rows=3621098 fwd_ms=242100.2 eval=0 prior=0
[inst] req=5496832 hits=1870183 fwd=14254 rows=3626474 fwd_ms=242416.4 eval=0 prior=0
[inst] req=5505024 hits=1872952 fwd=14275 rows=3631850 fwd_ms=242732.4 eval=0 prior=0
[inst] req=5513216 hits=1875707 fwd=14297 rows=3637482 fwd_ms=243063.5 eval=0 prior=0
[inst] req=5521408 hits=1878570 fwd=14317 rows=3642602 fwd_ms=243364.2 eval=0 prior=0
[inst] req=5529600 hits=1881295 fwd=14339 rows=3648210 fwd_ms=243694.0 eval=0 prior=0
[inst] req=5537792 hits=1884187 fwd=14360 rows=3653585 fwd_ms=244010.0 eval=0 prior=0
[inst] req=5545984 hits=1887022 fwd=14381 rows=3658960 fwd_ms=244325.4 eval=0 prior=0
[inst] req=5554176 hits=1889948 fwd=14401 rows=3664077 fwd_ms=244626.0 eval=0 prior=0
[inst] req=5562368 hits=1893028 fwd=14421 rows=3669193 fwd_ms=244926.5 eval=0 prior=0
[inst] req=5570560 hits=1895674 fwd=14443 rows=3674673 fwd_ms=245250.5 eval=0 prior=0
[inst] req=5578752 hits=1898438 fwd=14465 rows=3680255 fwd_ms=245581.1 eval=0 prior=0
[inst] req=5586944 hits=1901234 fwd=14486 rows=3685631 fwd_ms=245897.0 eval=0 prior=0
[inst] req=5595136 hits=1903985 fwd=14507 rows=3691003 fwd_ms=246213.5 eval=0 prior=0
[inst] req=5603328 hits=1906797 fwd=14529 rows=3696510 fwd_ms=246549.1 eval=0 prior=0
[inst] req=5611520 hits=1909524 fwd=14550 rows=3701827 fwd_ms=246873.0 eval=0 prior=0
[inst] req=5619712 hits=1912421 fwd=14571 rows=3707041 fwd_ms=247182.0 eval=0 prior=0
[inst] req=5627904 hits=1915509 fwd=14592 rows=3712392 fwd_ms=247497.1 eval=0 prior=0
[inst] req=5636096 hits=1918332 fwd=14612 rows=3717512 fwd_ms=247797.6 eval=0 prior=0
[inst] req=5644288 hits=1921150 fwd=14635 rows=3723123 fwd_ms=248142.4 eval=0 prior=0
[inst] req=5652480 hits=1923859 fwd=14656 rows=3728499 fwd_ms=248458.2 eval=0 prior=0
[inst] req=5660672 hits=1926671 fwd=14677 rows=3733806 fwd_ms=248780.8 eval=0 prior=0
[inst] req=5668864 hits=1929465 fwd=14699 rows=3739306 fwd_ms=249113.4 eval=0 prior=0
[inst] req=5677056 hits=1932376 fwd=14719 rows=3744426 fwd_ms=249414.1 eval=0 prior=0
[inst] req=5685248 hits=1935163 fwd=14741 rows=3750058 fwd_ms=249745.1 eval=0 prior=0
[inst] req=5693440 hits=1937996 fwd=14762 rows=3755432 fwd_ms=250060.6 eval=0 prior=0
[inst] req=5701632 hits=1940736 fwd=14783 rows=3760808 fwd_ms=250376.1 eval=0 prior=0
[inst] req=5709824 hits=1943494 fwd=14804 rows=3766146 fwd_ms=250692.5 eval=0 prior=0
[inst] req=5718016 hits=1946478 fwd=14825 rows=3771522 fwd_ms=251008.1 eval=0 prior=0
[inst] req=5726208 hits=1949205 fwd=14846 rows=3776890 fwd_ms=251323.6 eval=0 prior=0
[inst] req=5734400 hits=1952048 fwd=14867 rows=3782096 fwd_ms=251631.9 eval=0 prior=0
[inst] req=5742592 hits=1954920 fwd=14888 rows=3787472 fwd_ms=251948.1 eval=0 prior=0
[inst] req=5750784 hits=1957605 fwd=14910 rows=3792945 fwd_ms=252271.9 eval=0 prior=0
[inst] req=5758976 hits=1960456 fwd=14931 rows=3798320 fwd_ms=252587.9 eval=0 prior=0
[inst] req=5767168 hits=1963356 fwd=14952 rows=3803696 fwd_ms=252903.5 eval=0 prior=0
[inst] req=5775360 hits=1966065 fwd=14973 rows=3809070 fwd_ms=253219.3 eval=0 prior=0
[inst] req=5783552 hits=1968737 fwd=14995 rows=3814702 fwd_ms=253550.2 eval=0 prior=0
[inst] req=5791744 hits=1971535 fwd=15016 rows=3820059 fwd_ms=253865.4 eval=0 prior=0
[inst] req=5799936 hits=1974360 fwd=15037 rows=3825376 fwd_ms=254181.2 eval=0 prior=0
[inst] req=5808128 hits=1977242 fwd=15059 rows=3830840 fwd_ms=254504.8 eval=0 prior=0
[inst] req=5816320 hits=1980034 fwd=15080 rows=3836216 fwd_ms=254821.1 eval=0 prior=0
[inst] req=5824512 hits=1982742 fwd=15101 rows=3841589 fwd_ms=255137.1 eval=0 prior=0
[inst] req=5832704 hits=1985551 fwd=15122 rows=3846965 fwd_ms=255452.9 eval=0 prior=0
[inst] req=5840896 hits=1988471 fwd=15143 rows=3852341 fwd_ms=255768.6 eval=0 prior=0
[inst] req=5849088 hits=1991293 fwd=15164 rows=3857717 fwd_ms=256084.2 eval=0 prior=0
[inst] req=5857280 hits=1994279 fwd=15184 rows=3862820 fwd_ms=256384.8 eval=0 prior=0
[inst] req=5865472 hits=1997152 fwd=15205 rows=3868196 fwd_ms=256701.2 eval=0 prior=0
[inst] req=5873664 hits=1999864 fwd=15226 rows=3873572 fwd_ms=257017.1 eval=0 prior=0
[inst] req=5881856 hits=2002728 fwd=15247 rows=3878948 fwd_ms=257333.1 eval=0 prior=0
[inst] req=5890048 hits=2005465 fwd=15269 rows=3884423 fwd_ms=257657.3 eval=0 prior=0
[inst] req=5898240 hits=2008128 fwd=15291 rows=3890055 fwd_ms=257988.5 eval=0 prior=0
[inst] req=5906432 hits=2011087 fwd=15311 rows=3895170 fwd_ms=258289.5 eval=0 prior=0
[inst] req=5914624 hits=2014067 fwd=15332 rows=3900546 fwd_ms=258605.5 eval=0 prior=0
[inst] req=5922816 hits=2017019 fwd=15352 rows=3905664 fwd_ms=258906.8 eval=0 prior=0
[inst] req=5931008 hits=2019758 fwd=15373 rows=3911040 fwd_ms=259222.7 eval=0 prior=0
[inst] req=5939200 hits=2022599 fwd=15395 rows=3916486 fwd_ms=259544.5 eval=0 prior=0
[inst] req=5947392 hits=2025390 fwd=15416 rows=3921862 fwd_ms=259860.5 eval=0 prior=0
[inst] req=5955584 hits=2028270 fwd=15437 rows=3927061 fwd_ms=260169.2 eval=0 prior=0
[inst] req=5963776 hits=2031123 fwd=15458 rows=3932437 fwd_ms=260485.2 eval=0 prior=0
[inst] req=5971968 hits=2033894 fwd=15480 rows=3938069 fwd_ms=260816.2 eval=0 prior=0
[inst] req=5980160 hits=2036661 fwd=15501 rows=3943296 fwd_ms=261132.9 eval=0 prior=0
[inst] req=5988352 hits=2039524 fwd=15523 rows=3948809 fwd_ms=261459.2 eval=0 prior=0
[inst] req=5996544 hits=2042272 fwd=15544 rows=3954149 fwd_ms=261773.8 eval=0 prior=0
[inst] req=6004736 hits=2045157 fwd=15565 rows=3959524 fwd_ms=262089.6 eval=0 prior=0
[inst] req=6012928 hits=2047894 fwd=15586 rows=3964861 fwd_ms=262405.9 eval=0 prior=0
[inst] req=6021120 hits=2050556 fwd=15608 rows=3970322 fwd_ms=262729.7 eval=0 prior=0
[inst] req=6029312 hits=2053385 fwd=15629 rows=3975698 fwd_ms=263046.0 eval=0 prior=0
[inst] req=6037504 hits=2056209 fwd=15650 rows=3981074 fwd_ms=263362.2 eval=0 prior=0
[inst] req=6045696 hits=2059013 fwd=15672 rows=3986543 fwd_ms=263686.4 eval=0 prior=0
[inst] req=6053888 hits=2061752 fwd=15693 rows=3991915 fwd_ms=264002.3 eval=0 prior=0
[inst] req=6062080 hits=2064453 fwd=15715 rows=3997547 fwd_ms=264333.2 eval=0 prior=0
[inst] req=6070272 hits=2067312 fwd=15736 rows=4002923 fwd_ms=264649.0 eval=0 prior=0
[inst] req=6078464 hits=2070252 fwd=15756 rows=4008041 fwd_ms=264949.9 eval=0 prior=0
[inst] req=6086656 hits=2073059 fwd=15777 rows=4013414 fwd_ms=265265.7 eval=0 prior=0
[inst] req=6094848 hits=2075891 fwd=15798 rows=4018789 fwd_ms=265581.6 eval=0 prior=0
[inst] req=6103040 hits=2078723 fwd=15819 rows=4024165 fwd_ms=265897.5 eval=0 prior=0
[inst] req=6111232 hits=2081590 fwd=15840 rows=4029540 fwd_ms=266213.6 eval=0 prior=0
[inst] req=6119424 hits=2084395 fwd=15861 rows=4034889 fwd_ms=266528.6 eval=0 prior=0
[inst] req=6127616 hits=2087170 fwd=15882 rows=4040263 fwd_ms=266845.0 eval=0 prior=0
[inst] req=6135808 hits=2089876 fwd=15904 rows=4045895 fwd_ms=267176.3 eval=0 prior=0
[inst] req=6144000 hits=2092675 fwd=15925 rows=4051271 fwd_ms=267492.3 eval=0 prior=0
[inst] req=6152192 hits=2095508 fwd=15946 rows=4056646 fwd_ms=267808.3 eval=0 prior=0
[inst] req=6160384 hits=2098313 fwd=15967 rows=4062000 fwd_ms=268124.0 eval=0 prior=0
[inst] req=6168576 hits=2101138 fwd=15988 rows=4067376 fwd_ms=268440.2 eval=0 prior=0
[inst] req=6176768 hits=2104048 fwd=16008 rows=4072496 fwd_ms=268740.6 eval=0 prior=0
[inst] req=6184960 hits=2106895 fwd=16029 rows=4077866 fwd_ms=269055.7 eval=0 prior=0
[inst] req=6193152 hits=2109781 fwd=16051 rows=4083358 fwd_ms=269389.4 eval=0 prior=0
[inst] req=6201344 hits=2112459 fwd=16072 rows=4088734 fwd_ms=269704.9 eval=0 prior=0
[inst] req=6209536 hits=2115263 fwd=16093 rows=4094099 fwd_ms=270019.9 eval=0 prior=0
[inst] req=6217728 hits=2117876 fwd=16115 rows=4099731 fwd_ms=270349.9 eval=0 prior=0
[inst] req=6225920 hits=2120817 fwd=16135 rows=4104847 fwd_ms=270650.2 eval=0 prior=0
[inst] req=6234112 hits=2123848 fwd=16156 rows=4110024 fwd_ms=270966.9 eval=0 prior=0
[inst] req=6242304 hits=2126717 fwd=16177 rows=4115399 fwd_ms=271282.8 eval=0 prior=0
[inst] req=6250496 hits=2129482 fwd=16198 rows=4120768 fwd_ms=271598.7 eval=0 prior=0
[inst] req=6258688 hits=2132372 fwd=16219 rows=4126128 fwd_ms=271914.4 eval=0 prior=0
[inst] req=6266880 hits=2135117 fwd=16241 rows=4131759 fwd_ms=272245.7 eval=0 prior=0
[inst] req=6275072 hits=2137907 fwd=16262 rows=4136960 fwd_ms=272554.5 eval=0 prior=0
[inst] req=6283264 hits=2140896 fwd=16283 rows=4142336 fwd_ms=272870.6 eval=0 prior=0
[inst] req=6291456 hits=2143621 fwd=16304 rows=4147712 fwd_ms=273186.6 eval=0 prior=0
[inst] req=6299648 hits=2146424 fwd=16325 rows=4153087 fwd_ms=273502.6 eval=0 prior=0
[inst] req=6307840 hits=2149375 fwd=16346 rows=4158463 fwd_ms=273817.5 eval=0 prior=0
[inst] req=6316032 hits=2152228 fwd=16366 rows=4163581 fwd_ms=274117.7 eval=0 prior=0
[inst] req=6324224 hits=2155019 fwd=16387 rows=4168957 fwd_ms=274433.2 eval=0 prior=0
[inst] req=6332416 hits=2157842 fwd=16408 rows=4174333 fwd_ms=274748.9 eval=0 prior=0
[inst] req=6340608 hits=2160484 fwd=16430 rows=4179965 fwd_ms=275079.8 eval=0 prior=0
[inst] req=6348800 hits=2163575 fwd=16450 rows=4185085 fwd_ms=275381.2 eval=0 prior=0
[inst] req=6356992 hits=2166349 fwd=16471 rows=4190461 fwd_ms=275697.6 eval=0 prior=0
[inst] req=6365184 hits=2169025 fwd=16493 rows=4196088 fwd_ms=276029.5 eval=0 prior=0
[inst] req=6373376 hits=2171751 fwd=16515 rows=4201496 fwd_ms=276354.5 eval=0 prior=0
[inst] req=6381568 hits=2174593 fwd=16536 rows=4206872 fwd_ms=276671.5 eval=0 prior=0
[inst] req=6389760 hits=2177468 fwd=16557 rows=4212248 fwd_ms=276987.7 eval=0 prior=0
[inst] req=6397952 hits=2180091 fwd=16579 rows=4217723 fwd_ms=277312.7 eval=0 prior=0
[inst] req=6406144 hits=2183020 fwd=16600 rows=4223088 fwd_ms=277628.5 eval=0 prior=0
[inst] req=6414336 hits=2185906 fwd=16620 rows=4228208 fwd_ms=277929.3 eval=0 prior=0
[inst] req=6422528 hits=2188735 fwd=16641 rows=4233584 fwd_ms=278245.5 eval=0 prior=0
[inst] req=6430720 hits=2191544 fwd=16663 rows=4239103 fwd_ms=278572.1 eval=0 prior=0
[inst] req=6438912 hits=2194352 fwd=16684 rows=4244479 fwd_ms=278888.5 eval=0 prior=0
[inst] req=6447104 hits=2197243 fwd=16705 rows=4249843 fwd_ms=279204.7 eval=0 prior=0
[inst] req=6455296 hits=2199986 fwd=16727 rows=4255307 fwd_ms=279528.6 eval=0 prior=0
[inst] req=6463488 hits=2202665 fwd=16748 rows=4260681 fwd_ms=279844.7 eval=0 prior=0
[inst] req=6471680 hits=2205465 fwd=16769 rows=4266056 fwd_ms=280161.0 eval=0 prior=0
[inst] req=6479872 hits=2208414 fwd=16790 rows=4271303 fwd_ms=280472.3 eval=0 prior=0
[inst] req=6488064 hits=2211119 fwd=16812 rows=4276934 fwd_ms=280803.9 eval=0 prior=0
[inst] req=6496256 hits=2214022 fwd=16833 rows=4282065 fwd_ms=281129.1 eval=0 prior=0
[inst] req=6504448 hits=2216854 fwd=16854 rows=4287441 fwd_ms=281445.4 eval=0 prior=0
[inst] req=6512640 hits=2219765 fwd=16875 rows=4292817 fwd_ms=281761.7 eval=0 prior=0
[inst] req=6520832 hits=2222665 fwd=16896 rows=4298001 fwd_ms=282069.7 eval=0 prior=0
[inst] req=6529024 hits=2225363 fwd=16919 rows=4303645 fwd_ms=282415.5 eval=0 prior=0
[inst] req=6537216 hits=2228165 fwd=16940 rows=4309021 fwd_ms=282731.6 eval=0 prior=0
[inst] req=6545408 hits=2231020 fwd=16961 rows=4314387 fwd_ms=283047.4 eval=0 prior=0
[inst] req=6553600 hits=2234088 fwd=16981 rows=4319458 fwd_ms=283348.3 eval=0 prior=0
[inst] req=6561792 hits=2236958 fwd=17001 rows=4324578 fwd_ms=283649.2 eval=0 prior=0
[inst] req=6569984 hits=2239680 fwd=17023 rows=4330209 fwd_ms=283980.3 eval=0 prior=0
[inst] req=6578176 hits=2242404 fwd=17044 rows=4335577 fwd_ms=284296.1 eval=0 prior=0
[inst] req=6586368 hits=2245112 fwd=17066 rows=4341184 fwd_ms=284626.5 eval=0 prior=0
[inst] req=6594560 hits=2248016 fwd=17086 rows=4346304 fwd_ms=284927.5 eval=0 prior=0
[inst] req=6602752 hits=2250842 fwd=17107 rows=4351680 fwd_ms=285243.7 eval=0 prior=0
[inst] req=6610944 hits=2253655 fwd=17129 rows=4357033 fwd_ms=285563.1 eval=0 prior=0
[inst] req=6619136 hits=2256487 fwd=17150 rows=4362408 fwd_ms=285879.3 eval=0 prior=0
[inst] req=6627328 hits=2259081 fwd=17173 rows=4368099 fwd_ms=286217.1 eval=0 prior=0
[inst] req=6635520 hits=2262014 fwd=17194 rows=4373345 fwd_ms=286535.7 eval=0 prior=0
[inst] req=6643712 hits=2264975 fwd=17215 rows=4378714 fwd_ms=286852.1 eval=0 prior=0
[inst] req=6651904 hits=2267814 fwd=17235 rows=4383834 fwd_ms=287153.2 eval=0 prior=0
[inst] req=6660096 hits=2270638 fwd=17257 rows=4389457 fwd_ms=287484.6 eval=0 prior=0
[inst] req=6668288 hits=2273407 fwd=17278 rows=4394827 fwd_ms=287800.5 eval=0 prior=0
[inst] req=6676480 hits=2276362 fwd=17299 rows=4400025 fwd_ms=288109.2 eval=0 prior=0
[inst] req=6684672 hits=2279271 fwd=17320 rows=4405400 fwd_ms=288425.4 eval=0 prior=0
[inst] req=6692864 hits=2282128 fwd=17340 rows=4410520 fwd_ms=288726.4 eval=0 prior=0
[inst] req=6701056 hits=2284757 fwd=17364 rows=4416275 fwd_ms=289074.3 eval=0 prior=0
[inst] req=6709248 hits=2287520 fwd=17385 rows=4421643 fwd_ms=289390.1 eval=0 prior=0
[inst] req=6717440 hits=2290608 fwd=17405 rows=4426763 fwd_ms=289691.7 eval=0 prior=0
[inst] req=6725632 hits=2293656 fwd=17425 rows=4431815 fwd_ms=289992.9 eval=0 prior=0
[inst] req=6733824 hits=2296508 fwd=17446 rows=4437088 fwd_ms=290305.1 eval=0 prior=0
[inst] req=6742016 hits=2299100 fwd=17468 rows=4442720 fwd_ms=290635.9 eval=0 prior=0
[inst] req=6750208 hits=2301959 fwd=17489 rows=4448096 fwd_ms=290952.2 eval=0 prior=0
[inst] req=6758400 hits=2304969 fwd=17509 rows=4453216 fwd_ms=291253.3 eval=0 prior=0
[inst] req=6766592 hits=2307819 fwd=17530 rows=4458577 fwd_ms=291569.4 eval=0 prior=0
[inst] req=6774784 hits=2310632 fwd=17551 rows=4463953 fwd_ms=291885.5 eval=0 prior=0
[inst] req=6782976 hits=2313338 fwd=17573 rows=4469562 fwd_ms=292215.8 eval=0 prior=0
[inst] req=6791168 hits=2316167 fwd=17594 rows=4474809 fwd_ms=292526.4 eval=0 prior=0
[inst] req=6799360 hits=2319068 fwd=17615 rows=4480185 fwd_ms=292842.6 eval=0 prior=0
[inst] req=6807552 hits=2321816 fwd=17636 rows=4485559 fwd_ms=293158.7 eval=0 prior=0
[inst] req=6815744 hits=2324630 fwd=17657 rows=4490935 fwd_ms=293474.8 eval=0 prior=0
[inst] req=6823936 hits=2327380 fwd=17679 rows=4496544 fwd_ms=293805.1 eval=0 prior=0
[inst] req=6832128 hits=2330242 fwd=17699 rows=4501664 fwd_ms=294106.4 eval=0 prior=0
[inst] req=6840320 hits=2333021 fwd=17721 rows=4507296 fwd_ms=294437.8 eval=0 prior=0
[inst] req=6848512 hits=2335830 fwd=17742 rows=4512672 fwd_ms=294754.2 eval=0 prior=0
[inst] req=6856704 hits=2338620 fwd=17763 rows=4518048 fwd_ms=295070.4 eval=0 prior=0
[inst] req=6864896 hits=2341562 fwd=17783 rows=4523168 fwd_ms=295371.6 eval=0 prior=0
[inst] req=6873088 hits=2344392 fwd=17804 rows=4528542 fwd_ms=295687.6 eval=0 prior=0
[inst] req=6881280 hits=2347338 fwd=17825 rows=4533820 fwd_ms=296007.9 eval=0 prior=0
[inst] req=6889472 hits=2350085 fwd=17846 rows=4539196 fwd_ms=296324.0 eval=0 prior=0
[inst] req=6897664 hits=2352962 fwd=17867 rows=4544572 fwd_ms=296640.2 eval=0 prior=0
[inst] req=6905856 hits=2355765 fwd=17888 rows=4549948 fwd_ms=296956.1 eval=0 prior=0
[inst] req=6914048 hits=2358809 fwd=17908 rows=4555066 fwd_ms=297257.1 eval=0 prior=0
[inst] req=6922240 hits=2361776 fwd=17929 rows=4560442 fwd_ms=297573.2 eval=0 prior=0
[inst] req=6930432 hits=2364551 fwd=17950 rows=4565817 fwd_ms=297889.3 eval=0 prior=0
[inst] req=6938624 hits=2367540 fwd=17970 rows=4570937 fwd_ms=298190.2 eval=0 prior=0
[inst] req=6946816 hits=2370321 fwd=17991 rows=4576313 fwd_ms=298506.3 eval=0 prior=0
[inst] req=6955008 hits=2373222 fwd=18012 rows=4581689 fwd_ms=298822.4 eval=0 prior=0
[inst] req=6963200 hits=2376069 fwd=18033 rows=4587065 fwd_ms=299138.4 eval=0 prior=0
[inst] req=6971392 hits=2378740 fwd=18054 rows=4592426 fwd_ms=299453.8 eval=0 prior=0
[inst] req=6979584 hits=2381823 fwd=18074 rows=4597542 fwd_ms=299754.7 eval=0 prior=0
[inst] req=6987776 hits=2384744 fwd=18095 rows=4602903 fwd_ms=300070.3 eval=0 prior=0
[inst] req=6995968 hits=2387734 fwd=18115 rows=4608023 fwd_ms=300371.1 eval=0 prior=0
[inst] req=7004160 hits=2390433 fwd=18137 rows=4613655 fwd_ms=300702.4 eval=0 prior=0
[inst] req=7012352 hits=2393115 fwd=18158 rows=4619030 fwd_ms=301018.3 eval=0 prior=0
[inst] req=7020544 hits=2396062 fwd=18179 rows=4624406 fwd_ms=301334.5 eval=0 prior=0
[inst] req=7028736 hits=2398949 fwd=18200 rows=4629759 fwd_ms=301649.6 eval=0 prior=0
[inst] req=7036928 hits=2401894 fwd=18220 rows=4634879 fwd_ms=301950.7 eval=0 prior=0
[inst] req=7045120 hits=2404640 fwd=18241 rows=4640254 fwd_ms=302266.5 eval=0 prior=0
[inst] req=7053312 hits=2407493 fwd=18262 rows=4645630 fwd_ms=302582.3 eval=0 prior=0
[inst] req=7061504 hits=2410485 fwd=18283 rows=4650996 fwd_ms=302898.1 eval=0 prior=0
[inst] req=7069696 hits=2413566 fwd=18303 rows=4656105 fwd_ms=303198.6 eval=0 prior=0
[inst] req=7077888 hits=2416401 fwd=18324 rows=4661481 fwd_ms=303514.7 eval=0 prior=0
[inst] req=7086080 hits=2419050 fwd=18345 rows=4666854 fwd_ms=303830.3 eval=0 prior=0
[inst] req=7094272 hits=2421912 fwd=18366 rows=4672226 fwd_ms=304146.2 eval=0 prior=0
[inst] req=7102464 hits=2424876 fwd=18386 rows=4677346 fwd_ms=304447.0 eval=0 prior=0
[inst] req=7110656 hits=2427732 fwd=18407 rows=4682722 fwd_ms=304762.8 eval=0 prior=0
[inst] req=7118848 hits=2430683 fwd=18428 rows=4688097 fwd_ms=305078.9 eval=0 prior=0
[inst] req=7127040 hits=2433332 fwd=18449 rows=4693473 fwd_ms=305394.5 eval=0 prior=0
[inst] req=7135232 hits=2436239 fwd=18470 rows=4698849 fwd_ms=305710.3 eval=0 prior=0
[inst] req=7143424 hits=2439220 fwd=18491 rows=4704179 fwd_ms=306034.7 eval=0 prior=0
[inst] req=7151616 hits=2442085 fwd=18511 rows=4709296 fwd_ms=306335.4 eval=0 prior=0
[inst] req=7159808 hits=2445064 fwd=18532 rows=4714668 fwd_ms=306651.3 eval=0 prior=0
[inst] req=7168000 hits=2447691 fwd=18554 rows=4720109 fwd_ms=306975.7 eval=0 prior=0
[inst] req=7176192 hits=2450512 fwd=18575 rows=4725485 fwd_ms=307291.7 eval=0 prior=0
[inst] req=7184384 hits=2453398 fwd=18596 rows=4730860 fwd_ms=307607.9 eval=0 prior=0
[inst] req=7192576 hits=2456234 fwd=18617 rows=4736231 fwd_ms=307923.9 eval=0 prior=0
[inst] req=7200768 hits=2458957 fwd=18638 rows=4741598 fwd_ms=308239.5 eval=0 prior=0
[inst] req=7208960 hits=2461921 fwd=18659 rows=4746974 fwd_ms=308555.3 eval=0 prior=0
[inst] req=7217152 hits=2464841 fwd=18679 rows=4752085 fwd_ms=308856.1 eval=0 prior=0
[inst] req=7225344 hits=2467667 fwd=18700 rows=4757461 fwd_ms=309172.2 eval=0 prior=0
[inst] req=7233536 hits=2470399 fwd=18722 rows=4763093 fwd_ms=309503.5 eval=0 prior=0
[inst] req=7241728 hits=2473197 fwd=18743 rows=4768468 fwd_ms=309819.5 eval=0 prior=0
[inst] req=7249920 hits=2476040 fwd=18764 rows=4773844 fwd_ms=310135.5 eval=0 prior=0
[inst] req=7258112 hits=2478999 fwd=18784 rows=4778942 fwd_ms=310436.0 eval=0 prior=0
[inst] req=7266304 hits=2481764 fwd=18805 rows=4784289 fwd_ms=310752.4 eval=0 prior=0
[inst] req=7274496 hits=2484480 fwd=18828 rows=4789974 fwd_ms=311093.3 eval=0 prior=0
[inst] req=7282688 hits=2487193 fwd=18849 rows=4795350 fwd_ms=311409.4 eval=0 prior=0
[inst] req=7290880 hits=2490076 fwd=18870 rows=4800726 fwd_ms=311725.7 eval=0 prior=0
[inst] req=7299072 hits=2492902 fwd=18891 rows=4806096 fwd_ms=312041.6 eval=0 prior=0
[inst] req=7307264 hits=2495824 fwd=18911 rows=4811215 fwd_ms=312343.1 eval=0 prior=0
[inst] req=7315456 hits=2498707 fwd=18932 rows=4816590 fwd_ms=312658.9 eval=0 prior=0
[inst] req=7323648 hits=2501535 fwd=18953 rows=4821966 fwd_ms=312975.0 eval=0 prior=0
[inst] req=7331840 hits=2504287 fwd=18974 rows=4827342 fwd_ms=313291.0 eval=0 prior=0
[inst] req=7340032 hits=2507076 fwd=18996 rows=4832904 fwd_ms=313621.3 eval=0 prior=0
[inst] req=7348224 hits=2509980 fwd=19017 rows=4838176 fwd_ms=313943.0 eval=0 prior=0
[inst] req=7356416 hits=2512931 fwd=19037 rows=4843295 fwd_ms=314244.0 eval=0 prior=0
[inst] req=7364608 hits=2515718 fwd=19058 rows=4848671 fwd_ms=314560.0 eval=0 prior=0
[inst] req=7372800 hits=2518562 fwd=19079 rows=4854047 fwd_ms=314876.0 eval=0 prior=0
[inst] req=7380992 hits=2521500 fwd=19100 rows=4859423 fwd_ms=315191.9 eval=0 prior=0
[inst] req=7389184 hits=2524440 fwd=19120 rows=4864543 fwd_ms=315493.1 eval=0 prior=0
[inst] req=7397376 hits=2527262 fwd=19141 rows=4869919 fwd_ms=315809.0 eval=0 prior=0
[inst] req=7405568 hits=2529925 fwd=19163 rows=4875551 fwd_ms=316140.0 eval=0 prior=0
[inst] req=7413760 hits=2532764 fwd=19184 rows=4880927 fwd_ms=316456.4 eval=0 prior=0
[inst] req=7421952 hits=2535739 fwd=19204 rows=4886040 fwd_ms=316757.4 eval=0 prior=0
[inst] req=7430144 hits=2538482 fwd=19225 rows=4891416 fwd_ms=317073.6 eval=0 prior=0
[inst] req=7438336 hits=2541244 fwd=19247 rows=4897048 fwd_ms=317404.7 eval=0 prior=0
[inst] req=7446528 hits=2544130 fwd=19267 rows=4902168 fwd_ms=317705.9 eval=0 prior=0
[inst] req=7454720 hits=2546917 fwd=19289 rows=4907799 fwd_ms=318037.3 eval=0 prior=0
[inst] req=7462912 hits=2549859 fwd=19309 rows=4912919 fwd_ms=318338.4 eval=0 prior=0
[inst] req=7471104 hits=2552587 fwd=19330 rows=4918295 fwd_ms=318654.7 eval=0 prior=0
[inst] req=7479296 hits=2555345 fwd=19352 rows=4923927 fwd_ms=318985.9 eval=0 prior=0
[inst] req=7487488 hits=2558197 fwd=19372 rows=4929047 fwd_ms=319286.7 eval=0 prior=0
[inst] req=7495680 hits=2561158 fwd=19393 rows=4934421 fwd_ms=319602.9 eval=0 prior=0
[inst] req=7503872 hits=2563863 fwd=19414 rows=4939797 fwd_ms=319919.2 eval=0 prior=0
[inst] req=7512064 hits=2566606 fwd=19436 rows=4945429 fwd_ms=320250.6 eval=0 prior=0
[inst] req=7520256 hits=2569537 fwd=19456 rows=4950544 fwd_ms=320551.6 eval=0 prior=0
[inst] req=7528448 hits=2572298 fwd=19477 rows=4955920 fwd_ms=320867.5 eval=0 prior=0
[inst] req=7536640 hits=2575197 fwd=19498 rows=4961269 fwd_ms=321182.6 eval=0 prior=0
[inst] req=7544832 hits=2577886 fwd=19520 rows=4966901 fwd_ms=321513.8 eval=0 prior=0
[inst] req=7553024 hits=2580682 fwd=19541 rows=4972275 fwd_ms=321830.1 eval=0 prior=0
[inst] req=7561216 hits=2583485 fwd=19562 rows=4977650 fwd_ms=322146.0 eval=0 prior=0
[inst] req=7569408 hits=2586457 fwd=19583 rows=4982877 fwd_ms=322456.5 eval=0 prior=0
[inst] req=7577600 hits=2589378 fwd=19603 rows=4987997 fwd_ms=322757.9 eval=0 prior=0
[inst] req=7585792 hits=2592224 fwd=19624 rows=4993372 fwd_ms=323074.4 eval=0 prior=0
[inst] req=7593984 hits=2594983 fwd=19645 rows=4998748 fwd_ms=323390.7 eval=0 prior=0
[inst] req=7602176 hits=2597838 fwd=19666 rows=5004123 fwd_ms=323707.2 eval=0 prior=0
[inst] req=7610368 hits=2600707 fwd=19687 rows=5009485 fwd_ms=324023.0 eval=0 prior=0
[inst] req=7618560 hits=2603505 fwd=19708 rows=5014861 fwd_ms=324339.5 eval=0 prior=0
[inst] req=7626752 hits=2606691 fwd=19728 rows=5019975 fwd_ms=324640.7 eval=0 prior=0
[inst] req=7634944 hits=2609600 fwd=19748 rows=5025095 fwd_ms=324941.9 eval=0 prior=0
[inst] req=7643136 hits=2612471 fwd=19769 rows=5030471 fwd_ms=325258.6 eval=0 prior=0
[inst] req=7651328 hits=2615510 fwd=19789 rows=5035578 fwd_ms=325559.5 eval=0 prior=0
[inst] req=7659520 hits=2618356 fwd=19810 rows=5040939 fwd_ms=325875.2 eval=0 prior=0
[inst] req=7667712 hits=2621186 fwd=19831 rows=5046315 fwd_ms=326191.6 eval=0 prior=0
[inst] req=7675904 hits=2623962 fwd=19852 rows=5051691 fwd_ms=326508.0 eval=0 prior=0
[inst] req=7684096 hits=2626856 fwd=19873 rows=5057065 fwd_ms=326824.6 eval=0 prior=0
[inst] req=7692288 hits=2629669 fwd=19894 rows=5062441 fwd_ms=327140.8 eval=0 prior=0
[inst] req=7700480 hits=2632445 fwd=19916 rows=5067986 fwd_ms=327471.1 eval=0 prior=0
[inst] req=7708672 hits=2635209 fwd=19937 rows=5073351 fwd_ms=327787.0 eval=0 prior=0
[inst] req=7716864 hits=2638088 fwd=19958 rows=5078711 fwd_ms=328102.6 eval=0 prior=0
[inst] req=7725056 hits=2640870 fwd=19979 rows=5084065 fwd_ms=328418.0 eval=0 prior=0
[inst] req=7733248 hits=2643576 fwd=20000 rows=5089427 fwd_ms=328734.2 eval=0 prior=0
[inst] req=7741440 hits=2646459 fwd=20022 rows=5094882 fwd_ms=329056.3 eval=0 prior=0
[inst] req=7749632 hits=2649282 fwd=20043 rows=5100246 fwd_ms=329372.4 eval=0 prior=0
[inst] req=7757824 hits=2652307 fwd=20063 rows=5105354 fwd_ms=329674.4 eval=0 prior=0
[inst] req=7766016 hits=2655257 fwd=20084 rows=5110728 fwd_ms=329991.1 eval=0 prior=0
[inst] req=7774208 hits=2658005 fwd=20105 rows=5116084 fwd_ms=330307.3 eval=0 prior=0
[inst] req=7782400 hits=2660700 fwd=20126 rows=5121452 fwd_ms=330624.0 eval=0 prior=0
[inst] req=7790592 hits=2663595 fwd=20147 rows=5126822 fwd_ms=330941.0 eval=0 prior=0
[inst] req=7798784 hits=2666583 fwd=20168 rows=5132078 fwd_ms=331256.9 eval=0 prior=0
[inst] req=7806976 hits=2669355 fwd=20189 rows=5137447 fwd_ms=331573.2 eval=0 prior=0
[inst] req=7815168 hits=2672098 fwd=20211 rows=5142906 fwd_ms=331897.2 eval=0 prior=0
[inst] req=7823360 hits=2674786 fwd=20233 rows=5148505 fwd_ms=333185.8 eval=0 prior=0
[inst] req=7831552 hits=2677698 fwd=20253 rows=5153622 fwd_ms=334941.9 eval=0 prior=0
[inst] req=7839744 hits=2680787 fwd=20273 rows=5158709 fwd_ms=336249.4 eval=0 prior=0
[inst] req=7847936 hits=2683640 fwd=20294 rows=5164049 fwd_ms=337505.2 eval=0 prior=0
[inst] req=7856128 hits=2686520 fwd=20315 rows=5169409 fwd_ms=339407.3 eval=0 prior=0
[inst] req=7864320 hits=2689148 fwd=20337 rows=5174998 fwd_ms=340812.4 eval=0 prior=0
[inst] req=7872512 hits=2691977 fwd=20358 rows=5180289 fwd_ms=341661.8 eval=0 prior=0
[inst] req=7880704 hits=2695125 fwd=20378 rows=5185350 fwd_ms=341968.2 eval=0 prior=0
[inst] req=7888896 hits=2697863 fwd=20400 rows=5190975 fwd_ms=342308.6 eval=0 prior=0
[inst] req=7897088 hits=2698749 fwd=20429 rows=5198235 fwd_ms=342761.8 eval=0 prior=0
[inst] req=7905280 hits=2700567 fwd=20454 rows=5204635 fwd_ms=343137.4 eval=0 prior=0
[inst] req=7913472 hits=2703323 fwd=20475 rows=5210011 fwd_ms=343453.3 eval=0 prior=0
[inst] req=7921664 hits=2706045 fwd=20496 rows=5215387 fwd_ms=343768.8 eval=0 prior=0
[inst] req=7929856 hits=2708656 fwd=20518 rows=5221019 fwd_ms=344099.3 eval=0 prior=0
[inst] req=7938048 hits=2711401 fwd=20539 rows=5226395 fwd_ms=344414.7 eval=0 prior=0
[inst] req=7946240 hits=2714329 fwd=20560 rows=5231756 fwd_ms=344729.5 eval=0 prior=0
[inst] req=7954432 hits=2717324 fwd=20580 rows=5236876 fwd_ms=345029.8 eval=0 prior=0
[inst] req=7962624 hits=2720179 fwd=20601 rows=5242252 fwd_ms=345344.9 eval=0 prior=0
[inst] req=7970816 hits=2722768 fwd=20623 rows=5247884 fwd_ms=345675.4 eval=0 prior=0
[inst] req=7979008 hits=2725703 fwd=20644 rows=5253259 fwd_ms=345990.9 eval=0 prior=0
[inst] req=7987200 hits=2728722 fwd=20664 rows=5258378 fwd_ms=346291.4 eval=0 prior=0
[inst] req=7995392 hits=2731465 fwd=20686 rows=5263676 fwd_ms=346607.6 eval=0 prior=0
[inst] req=8003584 hits=2734382 fwd=20707 rows=5269052 fwd_ms=346923.2 eval=0 prior=0
[inst] req=8011776 hits=2737192 fwd=20728 rows=5274428 fwd_ms=347238.4 eval=0 prior=0
[inst] req=8019968 hits=2740026 fwd=20749 rows=5279803 fwd_ms=347554.1 eval=0 prior=0
[inst] req=8028160 hits=2742897 fwd=20770 rows=5285179 fwd_ms=347869.6 eval=0 prior=0
[inst] req=8036352 hits=2745563 fwd=20791 rows=5290547 fwd_ms=348184.9 eval=0 prior=0
[inst] req=8044544 hits=2748399 fwd=20812 rows=5295916 fwd_ms=348501.7 eval=0 prior=0
[inst] req=8052736 hits=2751374 fwd=20833 rows=5301291 fwd_ms=348817.6 eval=0 prior=0
[inst] req=8060928 hits=2754098 fwd=20854 rows=5306667 fwd_ms=349132.3 eval=0 prior=0
[inst] req=8069120 hits=2756972 fwd=20875 rows=5312043 fwd_ms=349447.0 eval=0 prior=0
[inst] req=8077312 hits=2759833 fwd=20897 rows=5317441 fwd_ms=349769.7 eval=0 prior=0
[inst] req=8085504 hits=2762639 fwd=20918 rows=5322658 fwd_ms=350078.0 eval=0 prior=0
[inst] req=8093696 hits=2765543 fwd=20939 rows=5328034 fwd_ms=350393.1 eval=0 prior=0
[inst] req=8101888 hits=2768466 fwd=20960 rows=5333395 fwd_ms=350708.2 eval=0 prior=0
[inst] req=8110080 hits=2771305 fwd=20981 rows=5338771 fwd_ms=351023.2 eval=0 prior=0
[inst] req=8118272 hits=2774379 fwd=21002 rows=5343828 fwd_ms=351325.1 eval=0 prior=0
[inst] req=8126464 hits=2777217 fwd=21023 rows=5349022 fwd_ms=351631.6 eval=0 prior=0
[inst] req=8134656 hits=2780352 fwd=21043 rows=5354141 fwd_ms=351931.6 eval=0 prior=0
[inst] req=8142848 hits=2783069 fwd=21065 rows=5359773 fwd_ms=352261.1 eval=0 prior=0
[inst] req=8151040 hits=2785934 fwd=21087 rows=5365078 fwd_ms=352576.1 eval=0 prior=0
[inst] req=8159232 hits=2788780 fwd=21107 rows=5370197 fwd_ms=352876.0 eval=0 prior=0
[inst] req=8167424 hits=2791684 fwd=21128 rows=5375573 fwd_ms=353191.4 eval=0 prior=0
[inst] req=8175616 hits=2794354 fwd=21150 rows=5381205 fwd_ms=353521.2 eval=0 prior=0
[inst] req=8183808 hits=2797429 fwd=21170 rows=5386304 fwd_ms=353820.6 eval=0 prior=0
[inst] req=8192000 hits=2800406 fwd=21190 rows=5391415 fwd_ms=354120.0 eval=0 prior=0
[inst] req=8200192 hits=2803260 fwd=21211 rows=5396791 fwd_ms=354434.9 eval=0 prior=0
[inst] req=8208384 hits=2806074 fwd=21232 rows=5402164 fwd_ms=354749.9 eval=0 prior=0
[inst] req=8216576 hits=2808705 fwd=21254 rows=5407777 fwd_ms=355079.4 eval=0 prior=0
[inst] req=8224768 hits=2811359 fwd=21275 rows=5413153 fwd_ms=355394.5 eval=0 prior=0
[inst] req=8232960 hits=2814581 fwd=21295 rows=5418272 fwd_ms=355695.0 eval=0 prior=0
[inst] req=8241152 hits=2817461 fwd=21316 rows=5423647 fwd_ms=356009.7 eval=0 prior=0
[inst] req=8249344 hits=2820234 fwd=21337 rows=5429023 fwd_ms=356324.4 eval=0 prior=0
[inst] req=8257536 hits=2822891 fwd=21358 rows=5434399 fwd_ms=356639.6 eval=0 prior=0
[inst] req=8265728 hits=2825651 fwd=21380 rows=5440031 fwd_ms=356969.2 eval=0 prior=0
[inst] req=8273920 hits=2828635 fwd=21400 rows=5445151 fwd_ms=357268.9 eval=0 prior=0
[inst] req=8282112 hits=2831620 fwd=21420 rows=5450270 fwd_ms=357568.7 eval=0 prior=0
[inst] req=8290304 hits=2834535 fwd=21441 rows=5455645 fwd_ms=357883.6 eval=0 prior=0
[inst] req=8298496 hits=2837307 fwd=21462 rows=5461020 fwd_ms=358198.4 eval=0 prior=0
[inst] req=8306688 hits=2840170 fwd=21483 rows=5466393 fwd_ms=358513.1 eval=0 prior=0
[inst] req=8314880 hits=2843315 fwd=21503 rows=5471511 fwd_ms=358813.0 eval=0 prior=0
[inst] req=8323072 hits=2846329 fwd=21523 rows=5476625 fwd_ms=359112.8 eval=0 prior=0
[inst] req=8331264 hits=2849097 fwd=21544 rows=5482001 fwd_ms=359427.6 eval=0 prior=0
[inst] req=8339456 hits=2852117 fwd=21565 rows=5487165 fwd_ms=359735.8 eval=0 prior=0
[inst] req=8347648 hits=2855034 fwd=21586 rows=5492541 fwd_ms=360050.7 eval=0 prior=0
[inst] req=8355840 hits=2857746 fwd=21607 rows=5497917 fwd_ms=360365.7 eval=0 prior=0
[inst] req=8364032 hits=2860573 fwd=21628 rows=5503293 fwd_ms=360680.8 eval=0 prior=0
[inst] req=8372224 hits=2863281 fwd=21650 rows=5508922 fwd_ms=361010.8 eval=0 prior=0
[inst] req=8380416 hits=2865855 fwd=21672 rows=5514550 fwd_ms=361340.8 eval=0 prior=0
[inst] req=8388608 hits=2868853 fwd=21692 rows=5519667 fwd_ms=361640.9 eval=0 prior=0
[inst] req=8396800 hits=2871588 fwd=21713 rows=5525041 fwd_ms=361956.0 eval=0 prior=0
[inst] req=8404992 hits=2874427 fwd=21734 rows=5530411 fwd_ms=362271.0 eval=0 prior=0
[inst] req=8413184 hits=2877401 fwd=21755 rows=5535764 fwd_ms=362585.5 eval=0 prior=0
[inst] req=8421376 hits=2880281 fwd=21775 rows=5540858 fwd_ms=362884.5 eval=0 prior=0
[inst] req=8429568 hits=2883127 fwd=21796 rows=5546234 fwd_ms=363199.6 eval=0 prior=0
[inst] req=8437760 hits=2885872 fwd=21818 rows=5551866 fwd_ms=363529.7 eval=0 prior=0
[inst] req=8445952 hits=2888639 fwd=21839 rows=5557242 fwd_ms=363844.7 eval=0 prior=0
[inst] req=8454144 hits=2891418 fwd=21860 rows=5562567 fwd_ms=364169.1 eval=0 prior=0
[inst] req=8462336 hits=2894253 fwd=21881 rows=5567943 fwd_ms=364483.9 eval=0 prior=0
[inst] req=8470528 hits=2896949 fwd=21903 rows=5573573 fwd_ms=364814.0 eval=0 prior=0
[inst] req=8478720 hits=2899816 fwd=21923 rows=5578649 fwd_ms=365114.5 eval=0 prior=0
[inst] req=8486912 hits=2902660 fwd=21945 rows=5584100 fwd_ms=365436.9 eval=0 prior=0
[inst] req=8495104 hits=2905442 fwd=21966 rows=5589466 fwd_ms=365751.9 eval=0 prior=0
[inst] req=8503296 hits=2908269 fwd=21987 rows=5594842 fwd_ms=366067.0 eval=0 prior=0
[inst] req=8511488 hits=2911296 fwd=22007 rows=5599962 fwd_ms=366367.1 eval=0 prior=0
[inst] req=8519680 hits=2914129 fwd=22028 rows=5605323 fwd_ms=366681.9 eval=0 prior=0
[inst] req=8527872 hits=2917074 fwd=22049 rows=5610698 fwd_ms=366997.0 eval=0 prior=0
[inst] req=8536064 hits=2919756 fwd=22070 rows=5616074 fwd_ms=367312.1 eval=0 prior=0
[inst] req=8544256 hits=2922696 fwd=22091 rows=5621449 fwd_ms=367627.2 eval=0 prior=0
[inst] req=8552448 hits=2925560 fwd=22112 rows=5626717 fwd_ms=367948.0 eval=0 prior=0
[inst] req=8560640 hits=2928526 fwd=22133 rows=5632086 fwd_ms=368262.9 eval=0 prior=0
[inst] req=8568832 hits=2931291 fwd=22154 rows=5637447 fwd_ms=368577.4 eval=0 prior=0
[inst] req=8577024 hits=2934032 fwd=22175 rows=5642806 fwd_ms=368891.6 eval=0 prior=0
[inst] req=8585216 hits=2936953 fwd=22196 rows=5648164 fwd_ms=369206.2 eval=0 prior=0
[inst] req=8593408 hits=2939834 fwd=22217 rows=5653540 fwd_ms=369521.3 eval=0 prior=0
[inst] req=8601600 hits=2942736 fwd=22238 rows=5658863 fwd_ms=369836.8 eval=0 prior=0
[inst] req=8609792 hits=2945464 fwd=22259 rows=5664238 fwd_ms=370151.7 eval=0 prior=0
[inst] req=8617984 hits=2948340 fwd=22280 rows=5669613 fwd_ms=370466.5 eval=0 prior=0
[inst] req=8626176 hits=2951377 fwd=22300 rows=5674728 fwd_ms=370766.1 eval=0 prior=0
[inst] req=8634368 hits=2954197 fwd=22321 rows=5680103 fwd_ms=371081.0 eval=0 prior=0
[inst] req=8642560 hits=2957044 fwd=22342 rows=5685468 fwd_ms=371395.8 eval=0 prior=0
[inst] req=8650752 hits=2959798 fwd=22363 rows=5690844 fwd_ms=371710.6 eval=0 prior=0
[inst] req=8658944 hits=2962610 fwd=22384 rows=5696220 fwd_ms=372025.4 eval=0 prior=0
[inst] req=8667136 hits=2965570 fwd=22405 rows=5701453 fwd_ms=372345.3 eval=0 prior=0
[inst] req=8675328 hits=2968496 fwd=22426 rows=5706829 fwd_ms=372660.6 eval=0 prior=0
[inst] req=8683520 hits=2971550 fwd=22446 rows=5711948 fwd_ms=372961.2 eval=0 prior=0
[inst] req=8691712 hits=2974221 fwd=22467 rows=5717293 fwd_ms=373277.4 eval=0 prior=0
[inst] req=8699904 hits=2977152 fwd=22488 rows=5722669 fwd_ms=373592.9 eval=0 prior=0
[inst] req=8708096 hits=2979890 fwd=22509 rows=5728045 fwd_ms=373908.1 eval=0 prior=0
[inst] req=8716288 hits=2982985 fwd=22529 rows=5733157 fwd_ms=374208.3 eval=0 prior=0
[inst] req=8724480 hits=2985878 fwd=22550 rows=5738533 fwd_ms=374523.6 eval=0 prior=0
[inst] req=8732672 hits=2988629 fwd=22571 rows=5743909 fwd_ms=374838.8 eval=0 prior=0
[inst] req=8740864 hits=2991404 fwd=22592 rows=5749274 fwd_ms=375154.2 eval=0 prior=0
[inst] req=8749056 hits=2994216 fwd=22614 rows=5754820 fwd_ms=375483.5 eval=0 prior=0
[inst] req=8757248 hits=2997145 fwd=22635 rows=5760007 fwd_ms=375801.8 eval=0 prior=0
[inst] req=8765440 hits=3000040 fwd=22656 rows=5765383 fwd_ms=376117.6 eval=0 prior=0
[inst] req=8773632 hits=3002701 fwd=22677 rows=5770759 fwd_ms=376433.5 eval=0 prior=0
[inst] req=8781824 hits=3005499 fwd=22698 rows=5776135 fwd_ms=376749.9 eval=0 prior=0
[inst] req=8790016 hits=3008433 fwd=22719 rows=5781506 fwd_ms=377066.3 eval=0 prior=0
[inst] req=8798208 hits=3011349 fwd=22739 rows=5786626 fwd_ms=377367.7 eval=0 prior=0
[inst] req=8806400 hits=3013963 fwd=22761 rows=5792258 fwd_ms=377698.9 eval=0 prior=0
[inst] req=8814592 hits=3016690 fwd=22783 rows=5797890 fwd_ms=378030.2 eval=0 prior=0
[inst] req=8822784 hits=3019462 fwd=22804 rows=5803221 fwd_ms=378346.4 eval=0 prior=0
[inst] req=8830976 hits=3022302 fwd=22825 rows=5808465 fwd_ms=378657.4 eval=0 prior=0
[inst] req=8839168 hits=3025162 fwd=22846 rows=5813829 fwd_ms=378973.1 eval=0 prior=0
[inst] req=8847360 hits=3027896 fwd=22868 rows=5819459 fwd_ms=379303.6 eval=0 prior=0
[inst] req=8855552 hits=3030681 fwd=22889 rows=5824809 fwd_ms=379618.2 eval=0 prior=0
[inst] req=8863744 hits=3033614 fwd=22910 rows=5830100 fwd_ms=379933.3 eval=0 prior=0
[inst] req=8871936 hits=3036310 fwd=22931 rows=5835476 fwd_ms=380250.3 eval=0 prior=0
[inst] req=8880128 hits=3039035 fwd=22953 rows=5840934 fwd_ms=380583.9 eval=0 prior=0
[inst] req=8888320 hits=3041857 fwd=22974 rows=5846293 fwd_ms=380900.2 eval=0 prior=0
[inst] req=8896512 hits=3044776 fwd=22995 rows=5851656 fwd_ms=381215.8 eval=0 prior=0
[inst] req=8904704 hits=3047903 fwd=23015 rows=5856768 fwd_ms=381515.8 eval=0 prior=0
[inst] req=8912896 hits=3050680 fwd=23036 rows=5861973 fwd_ms=381824.3 eval=0 prior=0
[inst] req=8921088 hits=3053411 fwd=23058 rows=5867586 fwd_ms=382155.7 eval=0 prior=0
[inst] req=8929280 hits=3056250 fwd=23079 rows=5872961 fwd_ms=382473.0 eval=0 prior=0
[inst] req=8937472 hits=3059183 fwd=23099 rows=5878045 fwd_ms=382783.9 eval=0 prior=0
[inst] req=8945664 hits=3061966 fwd=23121 rows=5883677 fwd_ms=383115.8 eval=0 prior=0
[inst] req=8953856 hits=3064765 fwd=23142 rows=5889053 fwd_ms=383432.7 eval=0 prior=0
[inst] req=8962048 hits=3067537 fwd=23164 rows=5894472 fwd_ms=383767.6 eval=0 prior=0
[inst] req=8970240 hits=3070383 fwd=23185 rows=5899689 fwd_ms=384079.7 eval=0 prior=0
[inst] req=8978432 hits=3073283 fwd=23206 rows=5905000 fwd_ms=384395.9 eval=0 prior=0
[inst] req=8986624 hits=3076054 fwd=23227 rows=5910343 fwd_ms=384713.1 eval=0 prior=0
[inst] req=8994816 hits=3079150 fwd=23247 rows=5915431 fwd_ms=385013.8 eval=0 prior=0
[inst] req=9003008 hits=3081869 fwd=23269 rows=5921063 fwd_ms=385345.7 eval=0 prior=0
[inst] req=9011200 hits=3084698 fwd=23290 rows=5926439 fwd_ms=385662.5 eval=0 prior=0
[inst] req=9019392 hits=3087615 fwd=23310 rows=5931547 fwd_ms=385963.7 eval=0 prior=0
[inst] req=9027584 hits=3090337 fwd=23332 rows=5937030 fwd_ms=386298.8 eval=0 prior=0
[inst] req=9035776 hits=3093252 fwd=23353 rows=5942405 fwd_ms=386615.7 eval=0 prior=0
[inst] req=9043968 hits=3096044 fwd=23374 rows=5947779 fwd_ms=386932.4 eval=0 prior=0
[inst] req=9052160 hits=3098753 fwd=23395 rows=5953154 fwd_ms=387249.3 eval=0 prior=0
[inst] req=9060352 hits=3101549 fwd=23417 rows=5958786 fwd_ms=387581.2 eval=0 prior=0
[inst] req=9068544 hits=3104346 fwd=23438 rows=5964162 fwd_ms=387898.3 eval=0 prior=0
[inst] req=9076736 hits=3107118 fwd=23459 rows=5969535 fwd_ms=388215.1 eval=0 prior=0
[inst] req=9084928 hits=3109880 fwd=23480 rows=5974911 fwd_ms=388532.1 eval=0 prior=0
[inst] req=9093120 hits=3112707 fwd=23501 rows=5980286 fwd_ms=388849.2 eval=0 prior=0
[inst] req=9101312 hits=3115385 fwd=23523 rows=5985918 fwd_ms=389181.2 eval=0 prior=0
[inst] req=9109504 hits=3118276 fwd=23544 rows=5991119 fwd_ms=389499.3 eval=0 prior=0
[inst] req=9117696 hits=3121015 fwd=23565 rows=5996495 fwd_ms=389816.0 eval=0 prior=0
[inst] req=9125888 hits=3123785 fwd=23586 rows=6001871 fwd_ms=390132.9 eval=0 prior=0
[inst] req=9134080 hits=3126467 fwd=23609 rows=6007575 fwd_ms=390472.1 eval=0 prior=0
[inst] req=9142272 hits=3129280 fwd=23630 rows=6012833 fwd_ms=390784.1 eval=0 prior=0
[inst] req=9150464 hits=3132164 fwd=23651 rows=6018199 fwd_ms=391100.5 eval=0 prior=0
[inst] req=9158656 hits=3134960 fwd=23672 rows=6023570 fwd_ms=391417.1 eval=0 prior=0
[inst] req=9166848 hits=3137816 fwd=23693 rows=6028944 fwd_ms=391733.8 eval=0 prior=0
[inst] req=9175040 hits=3140754 fwd=23713 rows=6034063 fwd_ms=392035.5 eval=0 prior=0
[inst] req=9183232 hits=3143669 fwd=23734 rows=6039439 fwd_ms=392352.3 eval=0 prior=0
[inst] req=9191424 hits=3146373 fwd=23755 rows=6044815 fwd_ms=392669.3 eval=0 prior=0
[inst] req=9199616 hits=3149312 fwd=23776 rows=6050190 fwd_ms=392986.1 eval=0 prior=0
[inst] req=9207808 hits=3152315 fwd=23796 rows=6055308 fwd_ms=393287.8 eval=0 prior=0
[inst] req=9216000 hits=3155247 fwd=23817 rows=6060684 fwd_ms=393604.8 eval=0 prior=0
[inst] req=9224192 hits=3158369 fwd=23837 rows=6065790 fwd_ms=393906.8 eval=0 prior=0
[inst] req=9232384 hits=3161151 fwd=23858 rows=6071166 fwd_ms=394224.5 eval=0 prior=0
[inst] req=9240576 hits=3163907 fwd=23879 rows=6076530 fwd_ms=394541.6 eval=0 prior=0
[inst] req=9248768 hits=3166740 fwd=23900 rows=6081875 fwd_ms=394858.0 eval=0 prior=0
[inst] req=9256960 hits=3169462 fwd=23922 rows=6087441 fwd_ms=395190.2 eval=0 prior=0
[inst] req=9265152 hits=3172271 fwd=23943 rows=6092817 fwd_ms=395507.9 eval=0 prior=0
[inst] req=9273344 hits=3175045 fwd=23965 rows=6098266 fwd_ms=395832.7 eval=0 prior=0
[inst] req=9281536 hits=3177776 fwd=23986 rows=6103636 fwd_ms=396150.3 eval=0 prior=0
[inst] req=9289728 hits=3180787 fwd=24006 rows=6108729 fwd_ms=396451.7 eval=0 prior=0
[inst] req=9297920 hits=3183638 fwd=24027 rows=6114056 fwd_ms=396768.6 eval=0 prior=0
[inst] req=9306112 hits=3186357 fwd=24049 rows=6119658 fwd_ms=397101.3 eval=0 prior=0
[inst] req=9314304 hits=3189260 fwd=24070 rows=6124990 fwd_ms=397418.4 eval=0 prior=0
[inst] req=9322496 hits=3192163 fwd=24090 rows=6130110 fwd_ms=397720.5 eval=0 prior=0
[inst] req=9330688 hits=3194973 fwd=24112 rows=6135636 fwd_ms=398782.6 eval=0 prior=0
[inst] req=9338880 hits=3197890 fwd=24133 rows=6140829 fwd_ms=400394.9 eval=0 prior=0
[inst] req=9347072 hits=3200466 fwd=24155 rows=6146450 fwd_ms=402113.9 eval=0 prior=0
[inst] req=9355264 hits=3203246 fwd=24176 rows=6151826 fwd_ms=404265.0 eval=0 prior=0
[inst] req=9363456 hits=3206082 fwd=24197 rows=6157157 fwd_ms=406065.9 eval=0 prior=0
[inst] req=9371648 hits=3208985 fwd=24218 rows=6162461 fwd_ms=407430.2 eval=0 prior=0
[inst] req=9379840 hits=3211880 fwd=24239 rows=6167788 fwd_ms=408746.8 eval=0 prior=0
[inst] req=9388032 hits=3214735 fwd=24260 rows=6173117 fwd_ms=410038.7 eval=0 prior=0
[inst] req=9396224 hits=3217772 fwd=24280 rows=6178226 fwd_ms=411380.5 eval=0 prior=0
[inst] req=9404416 hits=3220869 fwd=24300 rows=6183292 fwd_ms=412324.5 eval=0 prior=0
[inst] req=9412608 hits=3224086 fwd=24320 rows=6188412 fwd_ms=412632.6 eval=0 prior=0
[inst] req=9420800 hits=3227478 fwd=24339 rows=6193253 fwd_ms=412926.9 eval=0 prior=0
[inst] req=9428992 hits=3228806 fwd=24366 rows=6200032 fwd_ms=413351.0 eval=0 prior=0
[inst] req=9437184 hits=3230928 fwd=24390 rows=6206175 fwd_ms=413713.0 eval=0 prior=0
[inst] req=9445376 hits=3233687 fwd=24411 rows=6211551 fwd_ms=414029.7 eval=0 prior=0
[inst] req=9453568 hits=3237228 fwd=24429 rows=6216144 fwd_ms=414300.8 eval=0 prior=0
[inst] req=9461760 hits=3240366 fwd=24449 rows=6221264 fwd_ms=414602.7 eval=0 prior=0
[inst] req=9469952 hits=3243564 fwd=24469 rows=6226384 fwd_ms=414904.1 eval=0 prior=0
[inst] req=9478144 hits=3247008 fwd=24487 rows=6230992 fwd_ms=415175.4 eval=0 prior=0
[inst] req=9486336 hits=3250309 fwd=24506 rows=6235855 fwd_ms=415461.9 eval=0 prior=0
[inst] req=9494528 hits=3253850 fwd=24525 rows=6240671 fwd_ms=415748.7 eval=0 prior=0
[inst] req=9502720 hits=3256939 fwd=24544 rows=6245534 fwd_ms=416035.7 eval=0 prior=0
[inst] req=9510912 hits=3260075 fwd=24566 rows=6250825 fwd_ms=416366.6 eval=0 prior=0
[inst] req=9519104 hits=3263575 fwd=24584 rows=6255377 fwd_ms=416638.4 eval=0 prior=0
[inst] req=9527296 hits=3266851 fwd=24603 rows=6260240 fwd_ms=416925.3 eval=0 prior=0
[inst] req=9535488 hits=3270109 fwd=24623 rows=6265360 fwd_ms=417226.9 eval=0 prior=0
[inst] req=9543680 hits=3273316 fwd=24643 rows=6270312 fwd_ms=417523.9 eval=0 prior=0
[inst] req=9551872 hits=3276472 fwd=24662 rows=6275176 fwd_ms=417810.7 eval=0 prior=0
[inst] req=9560064 hits=3279834 fwd=24681 rows=6280034 fwd_ms=418097.2 eval=0 prior=0
[inst] req=9568256 hits=3283155 fwd=24701 rows=6285032 fwd_ms=418394.2 eval=0 prior=0
[inst] req=9576448 hits=3286567 fwd=24719 rows=6289634 fwd_ms=418665.6 eval=0 prior=0
[inst] req=9584640 hits=3289883 fwd=24739 rows=6294664 fwd_ms=418974.3 eval=0 prior=0
[inst] req=9592832 hits=3293060 fwd=24759 rows=6299662 fwd_ms=419271.1 eval=0 prior=0
[inst] req=9601024 hits=3296393 fwd=24778 rows=6304525 fwd_ms=419557.8 eval=0 prior=0
[inst] req=9609216 hits=3299629 fwd=24797 rows=6309385 fwd_ms=419844.1 eval=0 prior=0
[inst] req=9617408 hits=3302826 fwd=24817 rows=6314504 fwd_ms=420145.5 eval=0 prior=0
[inst] req=9625600 hits=3306262 fwd=24835 rows=6319109 fwd_ms=420417.9 eval=0 prior=0
[inst] req=9633792 hits=3309672 fwd=24854 rows=6323898 fwd_ms=420704.6 eval=0 prior=0
[inst] req=9641984 hits=3313075 fwd=24873 rows=6328752 fwd_ms=420990.6 eval=0 prior=0
[inst] req=9650176 hits=3316208 fwd=24893 rows=6333872 fwd_ms=421292.0 eval=0 prior=0
[inst] req=9658368 hits=3319478 fwd=24912 rows=6338701 fwd_ms=421578.7 eval=0 prior=0
[inst] req=9666560 hits=3323048 fwd=24930 rows=6343308 fwd_ms=421850.2 eval=0 prior=0
[inst] req=9674752 hits=3326454 fwd=24949 rows=6348172 fwd_ms=422136.5 eval=0 prior=0
[inst] req=9682944 hits=3329569 fwd=24969 rows=6353269 fwd_ms=422437.2 eval=0 prior=0
[inst] req=9691136 hits=3332832 fwd=24988 rows=6358133 fwd_ms=422723.4 eval=0 prior=0
[inst] req=9699328 hits=3336223 fwd=25007 rows=6362849 fwd_ms=423011.5 eval=0 prior=0
[inst] req=9707520 hits=3339568 fwd=25027 rows=6367793 fwd_ms=423304.1 eval=0 prior=0
[inst] req=9715712 hits=3342893 fwd=25046 rows=6372657 fwd_ms=423590.8 eval=0 prior=0
[inst] req=9723904 hits=3346278 fwd=25065 rows=6377448 fwd_ms=423876.8 eval=0 prior=0
[inst] req=9732096 hits=3349531 fwd=25084 rows=6382311 fwd_ms=424163.4 eval=0 prior=0
[inst] req=9740288 hits=3352969 fwd=25103 rows=6387173 fwd_ms=424450.8 eval=0 prior=0
[inst] req=9748480 hits=3356515 fwd=25121 rows=6391780 fwd_ms=424723.1 eval=0 prior=0
[inst] req=9756672 hits=3359838 fwd=25140 rows=6396643 fwd_ms=425010.5 eval=0 prior=0
[inst] req=9764864 hits=3363206 fwd=25159 rows=6401505 fwd_ms=425297.1 eval=0 prior=0
[inst] req=9773056 hits=3366335 fwd=25180 rows=6406696 fwd_ms=425605.8 eval=0 prior=0
[inst] req=9781248 hits=3369531 fwd=25199 rows=6411560 fwd_ms=425891.8 eval=0 prior=0
[inst] req=9789440 hits=3372912 fwd=25218 rows=6416423 fwd_ms=426177.6 eval=0 prior=0
[inst] req=9797632 hits=3376452 fwd=25237 rows=6421095 fwd_ms=426453.6 eval=0 prior=0
[inst] req=9805824 hits=3379754 fwd=25256 rows=6425831 fwd_ms=426734.8 eval=0 prior=0
[inst] req=9814016 hits=3382862 fwd=25276 rows=6430951 fwd_ms=427035.7 eval=0 prior=0
[inst] req=9822208 hits=3386415 fwd=25294 rows=6435557 fwd_ms=427306.3 eval=0 prior=0
[inst] req=9830400 hits=3389724 fwd=25314 rows=6440665 fwd_ms=427606.9 eval=0 prior=0
[inst] req=9838592 hits=3392860 fwd=25334 rows=6445526 fwd_ms=427906.6 eval=0 prior=0
[inst] req=9846784 hits=3396260 fwd=25354 rows=6450471 fwd_ms=428199.9 eval=0 prior=0
[inst] req=9854976 hits=3399564 fwd=25373 rows=6455224 fwd_ms=428490.6 eval=0 prior=0
[inst] req=9863168 hits=3402797 fwd=25393 rows=6460343 fwd_ms=428791.5 eval=0 prior=0
[inst] req=9871360 hits=3406119 fwd=25412 rows=6465206 fwd_ms=429078.7 eval=0 prior=0
[inst] req=9879552 hits=3409563 fwd=25430 rows=6469803 fwd_ms=429350.6 eval=0 prior=0
[inst] req=9887744 hits=3412939 fwd=25449 rows=6474667 fwd_ms=429637.1 eval=0 prior=0
[inst] req=9895936 hits=3416087 fwd=25469 rows=6479641 fwd_ms=429931.8 eval=0 prior=0
[inst] req=9904128 hits=3419263 fwd=25489 rows=6484761 fwd_ms=430232.8 eval=0 prior=0
[inst] req=9912320 hits=3422480 fwd=25508 rows=6489625 fwd_ms=430518.7 eval=0 prior=0
[inst] req=9920512 hits=3425810 fwd=25528 rows=6494641 fwd_ms=430818.1 eval=0 prior=0
[inst] req=9928704 hits=3429091 fwd=25547 rows=6499505 fwd_ms=431103.9 eval=0 prior=0
[inst] req=9936896 hits=3432406 fwd=25566 rows=6504369 fwd_ms=431390.0 eval=0 prior=0
[inst] req=9945088 hits=3435772 fwd=25585 rows=6509232 fwd_ms=431676.0 eval=0 prior=0
[inst] req=9953280 hits=3439236 fwd=25604 rows=6513973 fwd_ms=431958.0 eval=0 prior=0
[inst] req=9961472 hits=3442557 fwd=25624 rows=6518904 fwd_ms=432261.0 eval=0 prior=0
[inst] req=9969664 hits=3445950 fwd=25643 rows=6523560 fwd_ms=432546.8 eval=0 prior=0
[inst] req=9977856 hits=3449236 fwd=25662 rows=6528422 fwd_ms=432834.8 eval=0 prior=0
[inst] req=9986048 hits=3452643 fwd=25682 rows=6533379 fwd_ms=433135.7 eval=0 prior=0
[inst] req=9994240 hits=3455959 fwd=25701 rows=6538243 fwd_ms=433423.8 eval=0 prior=0
[inst] req=10002432 hits=3459089 fwd=25720 rows=6543106 fwd_ms=433711.4 eval=0 prior=0
[inst] req=10010624 hits=3462550 fwd=25739 rows=6547949 fwd_ms=433997.9 eval=0 prior=0
[inst] req=10018816 hits=3465928 fwd=25758 rows=6552641 fwd_ms=434280.5 eval=0 prior=0
[inst] req=10027008 hits=3469299 fwd=25777 rows=6557498 fwd_ms=434567.8 eval=0 prior=0
[inst] req=10035200 hits=3472743 fwd=25796 rows=6562360 fwd_ms=434855.4 eval=0 prior=0
[inst] req=10043392 hits=3475922 fwd=25816 rows=6567381 fwd_ms=435156.9 eval=0 prior=0
[inst] req=10051584 hits=3479377 fwd=25834 rows=6571974 fwd_ms=435429.3 eval=0 prior=0
[inst] req=10059776 hits=3482699 fwd=25853 rows=6576838 fwd_ms=435715.6 eval=0 prior=0
[inst] req=10067968 hits=3486120 fwd=25872 rows=6581702 fwd_ms=436001.9 eval=0 prior=0
[inst] req=10076160 hits=3489851 fwd=25890 rows=6586307 fwd_ms=436273.0 eval=0 prior=0
[inst] req=10084352 hits=3492827 fwd=25910 rows=6591427 fwd_ms=436574.3 eval=0 prior=0
[inst] req=10092544 hits=3496203 fwd=25929 rows=6596103 fwd_ms=436851.0 eval=0 prior=0
[inst] req=10100736 hits=3499561 fwd=25948 rows=6600967 fwd_ms=437137.3 eval=0 prior=0
[inst] req=10108928 hits=3502923 fwd=25967 rows=6605831 fwd_ms=437423.8 eval=0 prior=0
[inst] req=10117120 hits=3506485 fwd=25985 rows=6610438 fwd_ms=437695.1 eval=0 prior=0
[inst] req=10125312 hits=3509790 fwd=26004 rows=6615268 fwd_ms=437980.8 eval=0 prior=0
[inst] req=10133504 hits=3513132 fwd=26024 rows=6620238 fwd_ms=438277.2 eval=0 prior=0
[inst] req=10141696 hits=3516456 fwd=26043 rows=6625102 fwd_ms=438563.4 eval=0 prior=0
[inst] req=10149888 hits=3519978 fwd=26061 rows=6629709 fwd_ms=438834.8 eval=0 prior=0
[inst] req=10158080 hits=3523378 fwd=26080 rows=6634561 fwd_ms=439120.9 eval=0 prior=0
[inst] req=10166272 hits=3526778 fwd=26099 rows=6639415 fwd_ms=439407.0 eval=0 prior=0
[inst] req=10174464 hits=3530162 fwd=26118 rows=6644278 fwd_ms=439693.2 eval=0 prior=0
[inst] req=10182656 hits=3533345 fwd=26137 rows=6649135 fwd_ms=439979.2 eval=0 prior=0
[inst] req=10190848 hits=3536717 fwd=26156 rows=6653999 fwd_ms=440265.4 eval=0 prior=0
[inst] req=10199040 hits=3540066 fwd=26175 rows=6658845 fwd_ms=440550.5 eval=0 prior=0
[inst] req=10207232 hits=3543568 fwd=26194 rows=6663599 fwd_ms=440832.0 eval=0 prior=0
[inst] req=10215424 hits=3547047 fwd=26212 rows=6668184 fwd_ms=441102.0 eval=0 prior=0
[inst] req=10223616 hits=3550699 fwd=26231 rows=6672841 fwd_ms=441391.7 eval=0 prior=0
[inst] req=10231808 hits=3554104 fwd=26249 rows=6677448 fwd_ms=441662.9 eval=0 prior=0
[inst] req=10240000 hits=3557454 fwd=26268 rows=6682306 fwd_ms=441948.7 eval=0 prior=0
[inst] req=10248192 hits=3560867 fwd=26287 rows=6687170 fwd_ms=442234.9 eval=0 prior=0
[inst] req=10256384 hits=3564317 fwd=26306 rows=6691922 fwd_ms=442517.1 eval=0 prior=0
[inst] req=10264576 hits=3567741 fwd=26325 rows=6696783 fwd_ms=442804.0 eval=0 prior=0
[inst] req=10272768 hits=3571117 fwd=26344 rows=6701643 fwd_ms=443090.8 eval=0 prior=0
[inst] req=10280960 hits=3574678 fwd=26362 rows=6706250 fwd_ms=443362.4 eval=0 prior=0
[inst] req=10289152 hits=3578153 fwd=26380 rows=6710832 fwd_ms=443632.5 eval=0 prior=0
[inst] req=10297344 hits=3581555 fwd=26400 rows=6715766 fwd_ms=443925.6 eval=0 prior=0
[inst] req=10305536 hits=3584942 fwd=26419 rows=6720537 fwd_ms=444210.5 eval=0 prior=0
[inst] req=10313728 hits=3588166 fwd=26438 rows=6725401 fwd_ms=444496.4 eval=0 prior=0
[inst] req=10321920 hits=3591479 fwd=26457 rows=6730263 fwd_ms=444782.4 eval=0 prior=0
[inst] req=10330112 hits=3594901 fwd=26476 rows=6735048 fwd_ms=445067.4 eval=0 prior=0
[inst] req=10338304 hits=3598155 fwd=26497 rows=6740138 fwd_ms=445371.6 eval=0 prior=0
[inst] req=10346496 hits=3601522 fwd=26515 rows=6744745 fwd_ms=445642.6 eval=0 prior=0
[inst] req=10354688 hits=3604939 fwd=26534 rows=6749585 fwd_ms=445927.9 eval=0 prior=0
[inst] req=10362880 hits=3608273 fwd=26553 rows=6754447 fwd_ms=446214.2 eval=0 prior=0
[inst] req=10371072 hits=3611757 fwd=26572 rows=6759178 fwd_ms=446504.1 eval=0 prior=0
[inst] req=10379264 hits=3615086 fwd=26591 rows=6764042 fwd_ms=446790.2 eval=0 prior=0
[inst] req=10387456 hits=3618704 fwd=26609 rows=6768650 fwd_ms=447061.3 eval=0 prior=0
[inst] req=10395648 hits=3621925 fwd=26628 rows=6773511 fwd_ms=447347.5 eval=0 prior=0
[inst] req=10403840 hits=3625224 fwd=26647 rows=6778375 fwd_ms=447633.8 eval=0 prior=0
[inst] req=10412032 hits=3628631 fwd=26666 rows=6783239 fwd_ms=447919.8 eval=0 prior=0
[inst] req=10420224 hits=3631999 fwd=26685 rows=6788005 fwd_ms=448204.9 eval=0 prior=0
[inst] req=10428416 hits=3635591 fwd=26703 rows=6792608 fwd_ms=448476.0 eval=0 prior=0
[inst] req=10436608 hits=3639087 fwd=26722 rows=6797330 fwd_ms=448766.2 eval=0 prior=0
[inst] req=10444800 hits=3642539 fwd=26741 rows=6802124 fwd_ms=449052.1 eval=0 prior=0
[inst] req=10452992 hits=3645996 fwd=26761 rows=6806934 fwd_ms=449339.1 eval=0 prior=0
[inst] req=10461184 hits=3649392 fwd=26779 rows=6811539 fwd_ms=449610.0 eval=0 prior=0
[inst] req=10469376 hits=3652923 fwd=26798 rows=6816394 fwd_ms=449896.0 eval=0 prior=0
[inst] req=10477568 hits=3656142 fwd=26817 rows=6821255 fwd_ms=450181.9 eval=0 prior=0
[inst] req=10485760 hits=3659465 fwd=26838 rows=6826205 fwd_ms=450482.6 eval=0 prior=0
[inst] req=10493952 hits=3662974 fwd=26857 rows=6830962 fwd_ms=450776.7 eval=0 prior=0
[inst] req=10502144 hits=3666421 fwd=26875 rows=6835570 fwd_ms=451047.9 eval=0 prior=0
[inst] req=10510336 hits=3669878 fwd=26894 rows=6840434 fwd_ms=451334.2 eval=0 prior=0
[inst] req=10518528 hits=3673383 fwd=26913 rows=6845112 fwd_ms=451611.2 eval=0 prior=0
[inst] req=10526720 hits=3676880 fwd=26931 rows=6849719 fwd_ms=451882.8 eval=0 prior=0
[inst] req=10534912 hits=3680328 fwd=26950 rows=6854416 fwd_ms=452163.5 eval=0 prior=0
[inst] req=10543104 hits=3683940 fwd=26968 rows=6859022 fwd_ms=452434.8 eval=0 prior=0
[inst] req=10551296 hits=3687436 fwd=26986 rows=6863624 fwd_ms=452706.2 eval=0 prior=0
[inst] req=10559488 hits=3690747 fwd=27005 rows=6868488 fwd_ms=452992.6 eval=0 prior=0
[inst] req=10567680 hits=3693849 fwd=27026 rows=6873725 fwd_ms=453303.8 eval=0 prior=0
[inst] req=10575872 hits=3697065 fwd=27045 rows=6878551 fwd_ms=453590.8 eval=0 prior=0
[inst] req=10584064 hits=3700673 fwd=27063 rows=6883141 fwd_ms=453862.0 eval=0 prior=0
[inst] req=10592256 hits=3703860 fwd=27083 rows=6888246 fwd_ms=454163.9 eval=0 prior=0
[inst] req=10600448 hits=3707097 fwd=27103 rows=6893344 fwd_ms=454465.7 eval=0 prior=0
[inst] req=10608640 hits=3710294 fwd=27122 rows=6898208 fwd_ms=454752.7 eval=0 prior=0
[inst] req=10616832 hits=3713761 fwd=27140 rows=6902816 fwd_ms=455024.7 eval=0 prior=0
[inst] req=10625024 hits=3717150 fwd=27159 rows=6907680 fwd_ms=455311.9 eval=0 prior=0
[inst] req=10633216 hits=3720553 fwd=27178 rows=6912544 fwd_ms=455599.0 eval=0 prior=0
[inst] req=10641408 hits=3723770 fwd=27197 rows=6917398 fwd_ms=455885.8 eval=0 prior=0
[inst] req=10649600 hits=3727103 fwd=27216 rows=6922262 fwd_ms=456172.7 eval=0 prior=0
[inst] req=10657792 hits=3730472 fwd=27235 rows=6927126 fwd_ms=456459.8 eval=0 prior=0
[inst] req=10665984 hits=3733759 fwd=27255 rows=6932151 fwd_ms=456760.4 eval=0 prior=0
[inst] req=10674176 hits=3737338 fwd=27273 rows=6936660 fwd_ms=457030.8 eval=0 prior=0
[inst] req=10682368 hits=3740883 fwd=27291 rows=6941262 fwd_ms=457302.7 eval=0 prior=0
[inst] req=10690560 hits=3744193 fwd=27311 rows=6946234 fwd_ms=457603.5 eval=0 prior=0
[inst] req=10698752 hits=3747548 fwd=27330 rows=6951096 fwd_ms=457890.4 eval=0 prior=0
[inst] req=10706944 hits=3750995 fwd=27348 rows=6955693 fwd_ms=458161.6 eval=0 prior=0
[inst] req=10715136 hits=3754396 fwd=27367 rows=6960557 fwd_ms=458448.0 eval=0 prior=0
[inst] req=10723328 hits=3757820 fwd=27386 rows=6965391 fwd_ms=458735.0 eval=0 prior=0
[inst] req=10731520 hits=3761131 fwd=27405 rows=6970255 fwd_ms=459021.4 eval=0 prior=0
[inst] req=10739712 hits=3764530 fwd=27424 rows=6975102 fwd_ms=459307.9 eval=0 prior=0
[inst] req=10747904 hits=3767899 fwd=27443 rows=6979962 fwd_ms=459594.8 eval=0 prior=0
[inst] req=10756096 hits=3771456 fwd=27461 rows=6984396 fwd_ms=459861.6 eval=0 prior=0
[inst] req=10764288 hits=3774911 fwd=27480 rows=6989251 fwd_ms=460148.2 eval=0 prior=0
[inst] req=10772480 hits=3778329 fwd=27499 rows=6994088 fwd_ms=460434.7 eval=0 prior=0
[inst] req=10780672 hits=3781759 fwd=27518 rows=6998905 fwd_ms=460721.9 eval=0 prior=0
[inst] req=10788864 hits=3785199 fwd=27537 rows=7003582 fwd_ms=461003.7 eval=0 prior=0
[inst] req=10797056 hits=3788666 fwd=27555 rows=7008178 fwd_ms=461275.4 eval=0 prior=0
[inst] req=10805248 hits=3792037 fwd=27574 rows=7013037 fwd_ms=461561.9 eval=0 prior=0
[inst] req=10813440 hits=3795424 fwd=27594 rows=7017963 fwd_ms=461857.8 eval=0 prior=0
[inst] req=10821632 hits=3798780 fwd=27613 rows=7022759 fwd_ms=462143.7 eval=0 prior=0
[inst] req=10829824 hits=3802143 fwd=27632 rows=7027593 fwd_ms=462429.5 eval=0 prior=0
[inst] req=10838016 hits=3805412 fwd=27651 rows=7032439 fwd_ms=462715.4 eval=0 prior=0
[inst] req=10846208 hits=3809074 fwd=27670 rows=7037075 fwd_ms=462994.0 eval=0 prior=0
[inst] req=10854400 hits=3812541 fwd=27688 rows=7041679 fwd_ms=463265.5 eval=0 prior=0
[inst] req=10862592 hits=3816103 fwd=27707 rows=7046446 fwd_ms=464249.2 eval=0 prior=0
[inst] req=10870784 hits=3819351 fwd=27726 rows=7051190 fwd_ms=466046.9 eval=0 prior=0
[inst] req=10878976 hits=3822734 fwd=27745 rows=7056020 fwd_ms=467388.2 eval=0 prior=0
[inst] req=10887168 hits=3826163 fwd=27764 rows=7060844 fwd_ms=468679.4 eval=0 prior=0
[inst] req=10895360 hits=3829594 fwd=27783 rows=7065698 fwd_ms=470295.5 eval=0 prior=0
[inst] req=10903552 hits=3832912 fwd=27802 rows=7070430 fwd_ms=471576.8 eval=0 prior=0
[inst] req=10911744 hits=3836379 fwd=27822 rows=7075325 fwd_ms=472748.0 eval=0 prior=0
[inst] req=10919936 hits=3839813 fwd=27840 rows=7079898 fwd_ms=473960.6 eval=0 prior=0
[inst] req=10928128 hits=3843441 fwd=27858 rows=7084460 fwd_ms=475116.1 eval=0 prior=0
[inst] req=10936320 hits=3846967 fwd=27877 rows=7089295 fwd_ms=476471.0 eval=0 prior=0
[inst] req=10944512 hits=3850511 fwd=27895 rows=7093797 fwd_ms=477630.7 eval=0 prior=0
[inst] req=10952704 hits=3854342 fwd=27913 rows=7098353 fwd_ms=478033.3 eval=0 prior=0
[inst] req=10960896 hits=3858170 fwd=27930 rows=7102646 fwd_ms=478294.2 eval=0 prior=0
[inst] req=10969088 hits=3861787 fwd=27948 rows=7107199 fwd_ms=478574.7 eval=0 prior=0
[inst] req=10977280 hits=3862831 fwd=27976 rows=7114224 fwd_ms=479015.2 eval=0 prior=0
[inst] req=10985472 hits=3864877 fwd=28000 rows=7120368 fwd_ms=479377.1 eval=0 prior=0
[inst] req=10993664 hits=3867864 fwd=28021 rows=7125742 fwd_ms=479693.7 eval=0 prior=0
[inst] req=11001856 hits=3870787 fwd=28041 rows=7130862 fwd_ms=479994.9 eval=0 prior=0
[inst] req=11010048 hits=3873479 fwd=28063 rows=7136494 fwd_ms=480326.8 eval=0 prior=0
[inst] req=11018240 hits=3876523 fwd=28083 rows=7141519 fwd_ms=480627.5 eval=0 prior=0
[inst] req=11026432 hits=3879537 fwd=28103 rows=7146639 fwd_ms=480929.7 eval=0 prior=0
[inst] req=11034624 hits=3882588 fwd=28124 rows=7152014 fwd_ms=481246.9 eval=0 prior=0
[inst] req=11042816 hits=3885683 fwd=28143 rows=7156878 fwd_ms=481533.9 eval=0 prior=0
[inst] req=11051008 hits=3888492 fwd=28166 rows=7162427 fwd_ms=481867.2 eval=0 prior=0
[inst] req=11059200 hits=3891373 fwd=28187 rows=7167803 fwd_ms=482184.7 eval=0 prior=0
[inst] req=11067392 hits=3894283 fwd=28207 rows=7172923 fwd_ms=482486.6 eval=0 prior=0
[inst] req=11075584 hits=3897259 fwd=28228 rows=7178299 fwd_ms=482803.1 eval=0 prior=0
[inst] req=11083776 hits=3900306 fwd=28248 rows=7183418 fwd_ms=483105.0 eval=0 prior=0
[inst] req=11091968 hits=3903200 fwd=28268 rows=7188538 fwd_ms=483406.3 eval=0 prior=0
[inst] req=11100160 hits=3906194 fwd=28289 rows=7193749 fwd_ms=483716.4 eval=0 prior=0
[inst] req=11108352 hits=3909176 fwd=28310 rows=7199125 fwd_ms=484033.4 eval=0 prior=0
[inst] req=11116544 hits=3912052 fwd=28331 rows=7204327 fwd_ms=484342.7 eval=0 prior=0
[inst] req=11124736 hits=3914916 fwd=28352 rows=7209698 fwd_ms=484659.7 eval=0 prior=0
[inst] req=11132928 hits=3917848 fwd=28373 rows=7215074 fwd_ms=484976.4 eval=0 prior=0
[inst] req=11141120 hits=3920714 fwd=28393 rows=7220188 fwd_ms=485277.7 eval=0 prior=0
[inst] req=11149312 hits=3923901 fwd=28413 rows=7225307 fwd_ms=485579.3 eval=0 prior=0
[inst] req=11157504 hits=3926638 fwd=28434 rows=7230683 fwd_ms=485895.7 eval=0 prior=0
[inst] req=11165696 hits=3929615 fwd=28455 rows=7236059 fwd_ms=486212.0 eval=0 prior=0
[inst] req=11173888 hits=3932482 fwd=28475 rows=7241179 fwd_ms=486513.0 eval=0 prior=0
[inst] req=11182080 hits=3935627 fwd=28495 rows=7246298 fwd_ms=486815.3 eval=0 prior=0
[inst] req=11190272 hits=3938678 fwd=28515 rows=7251418 fwd_ms=487116.7 eval=0 prior=0
[inst] req=11198464 hits=3941603 fwd=28536 rows=7256793 fwd_ms=487433.1 eval=0 prior=0
[inst] req=11206656 hits=3944682 fwd=28556 rows=7261912 fwd_ms=487734.3 eval=0 prior=0
[inst] req=11214848 hits=3947627 fwd=28576 rows=7267026 fwd_ms=488035.9 eval=0 prior=0
[inst] req=11223040 hits=3950594 fwd=28597 rows=7272402 fwd_ms=488352.5 eval=0 prior=0
[inst] req=11231232 hits=3953590 fwd=28617 rows=7277521 fwd_ms=488653.8 eval=0 prior=0
[inst] req=11239424 hits=3956398 fwd=28638 rows=7282894 fwd_ms=488970.0 eval=0 prior=0
[inst] req=11247616 hits=3959406 fwd=28658 rows=7288014 fwd_ms=489271.6 eval=0 prior=0
[inst] req=11255808 hits=3962357 fwd=28679 rows=7293390 fwd_ms=489587.6 eval=0 prior=0
[inst] req=11264000 hits=3965437 fwd=28699 rows=7298387 fwd_ms=489891.7 eval=0 prior=0
[inst] req=11272192 hits=3968601 fwd=28719 rows=7303505 fwd_ms=490192.8 eval=0 prior=0
[inst] req=11280384 hits=3971447 fwd=28740 rows=7308880 fwd_ms=490508.7 eval=0 prior=0
[inst] req=11288576 hits=3974430 fwd=28760 rows=7313999 fwd_ms=490809.9 eval=0 prior=0
[inst] req=11296768 hits=3977526 fwd=28780 rows=7319117 fwd_ms=491111.4 eval=0 prior=0
[inst] req=11304960 hits=3980620 fwd=28800 rows=7324234 fwd_ms=491412.8 eval=0 prior=0
[inst] req=11313152 hits=3983748 fwd=28820 rows=7329333 fwd_ms=491713.1 eval=0 prior=0
[inst] req=11321344 hits=3986593 fwd=28841 rows=7334708 fwd_ms=492029.2 eval=0 prior=0
[inst] req=11329536 hits=3989536 fwd=28861 rows=7339815 fwd_ms=492330.0 eval=0 prior=0
[inst] req=11337728 hits=3992351 fwd=28882 rows=7345175 fwd_ms=492645.7 eval=0 prior=0
[inst] req=11345920 hits=3995269 fwd=28903 rows=7350551 fwd_ms=492962.3 eval=0 prior=0
[inst] req=11354112 hits=3998336 fwd=28923 rows=7355670 fwd_ms=493263.8 eval=0 prior=0
[inst] req=11362304 hits=4001355 fwd=28943 rows=7360785 fwd_ms=493564.6 eval=0 prior=0
[inst] req=11370496 hits=4004396 fwd=28963 rows=7365905 fwd_ms=493865.3 eval=0 prior=0
[inst] req=11378688 hits=4007261 fwd=28985 rows=7371404 fwd_ms=494190.9 eval=0 prior=0
[inst] req=11386880 hits=4010270 fwd=29005 rows=7376522 fwd_ms=494492.5 eval=0 prior=0
[inst] req=11395072 hits=4013621 fwd=29024 rows=7381384 fwd_ms=494779.0 eval=0 prior=0
[inst] req=11403264 hits=4016554 fwd=29045 rows=7386639 fwd_ms=495090.8 eval=0 prior=0
[inst] req=11411456 hits=4019380 fwd=29066 rows=7391961 fwd_ms=495406.7 eval=0 prior=0
[inst] req=11419648 hits=4022323 fwd=29086 rows=7397081 fwd_ms=495708.3 eval=0 prior=0
[inst] req=11427840 hits=4025146 fwd=29107 rows=7402455 fwd_ms=496024.5 eval=0 prior=0
[inst] req=11436032 hits=4028059 fwd=29128 rows=7407831 fwd_ms=496341.0 eval=0 prior=0
[inst] req=11444224 hits=4030892 fwd=29149 rows=7413192 fwd_ms=496657.6 eval=0 prior=0
[inst] req=11452416 hits=4033716 fwd=29170 rows=7418568 fwd_ms=496974.1 eval=0 prior=0
[inst] req=11460608 hits=4036523 fwd=29191 rows=7423944 fwd_ms=497290.6 eval=0 prior=0
[inst] req=11468800 hits=4039406 fwd=29212 rows=7429320 fwd_ms=497608.1 eval=0 prior=0
[inst] req=11476992 hits=4042435 fwd=29232 rows=7434436 fwd_ms=497909.9 eval=0 prior=0
[inst] req=11485184 hits=4045369 fwd=29253 rows=7439811 fwd_ms=498226.4 eval=0 prior=0
[inst] req=11493376 hits=4048305 fwd=29273 rows=7444931 fwd_ms=498528.8 eval=0 prior=0
[inst] req=11501568 hits=4051219 fwd=29294 rows=7450307 fwd_ms=498846.0 eval=0 prior=0
[inst] req=11509760 hits=4054136 fwd=29314 rows=7455424 fwd_ms=499148.0 eval=0 prior=0
[inst] req=11517952 hits=4057316 fwd=29334 rows=7460544 fwd_ms=499449.3 eval=0 prior=0
[inst] req=11526144 hits=4060209 fwd=29355 rows=7465887 fwd_ms=499765.8 eval=0 prior=0
[inst] req=11534336 hits=4062973 fwd=29376 rows=7471263 fwd_ms=500082.4 eval=0 prior=0
[inst] req=11542528 hits=4065831 fwd=29397 rows=7476519 fwd_ms=500403.5 eval=0 prior=0
[inst] req=11550720 hits=4068897 fwd=29417 rows=7481635 fwd_ms=500705.3 eval=0 prior=0
[inst] req=11558912 hits=4071969 fwd=29437 rows=7486752 fwd_ms=501006.7 eval=0 prior=0
[inst] req=11567104 hits=4074788 fwd=29458 rows=7492128 fwd_ms=501323.2 eval=0 prior=0
[inst] req=11575296 hits=4077670 fwd=29479 rows=7497495 fwd_ms=501639.5 eval=0 prior=0
[inst] req=11583488 hits=4080528 fwd=29500 rows=7502871 fwd_ms=501955.8 eval=0 prior=0
[inst] req=11591680 hits=4083637 fwd=29520 rows=7507909 fwd_ms=502265.5 eval=0 prior=0
[inst] req=11599872 hits=4086622 fwd=29540 rows=7513029 fwd_ms=502567.4 eval=0 prior=0
[inst] req=11608064 hits=4089543 fwd=29561 rows=7518312 fwd_ms=502882.8 eval=0 prior=0
[inst] req=11616256 hits=4092384 fwd=29582 rows=7523646 fwd_ms=503198.7 eval=0 prior=0
[inst] req=11624448 hits=4095216 fwd=29604 rows=7529142 fwd_ms=503525.1 eval=0 prior=0
[inst] req=11632640 hits=4098398 fwd=29623 rows=7534005 fwd_ms=503812.0 eval=0 prior=0
[inst] req=11640832 hits=4101435 fwd=29644 rows=7539363 fwd_ms=504128.6 eval=0 prior=0
[inst] req=11649024 hits=4104236 fwd=29665 rows=7544731 fwd_ms=504444.5 eval=0 prior=0
[inst] req=11657216 hits=4107219 fwd=29685 rows=7549838 fwd_ms=504745.9 eval=0 prior=0
[inst] req=11665408 hits=4110326 fwd=29705 rows=7554934 fwd_ms=505046.8 eval=0 prior=0
[inst] req=11673600 hits=4113411 fwd=29725 rows=7560054 fwd_ms=505348.5 eval=0 prior=0
[inst] req=11681792 hits=4116503 fwd=29745 rows=7565076 fwd_ms=505650.0 eval=0 prior=0
[inst] req=11689984 hits=4119218 fwd=29767 rows=7570696 fwd_ms=505981.2 eval=0 prior=0
[inst] req=11698176 hits=4122142 fwd=29788 rows=7575919 fwd_ms=506293.8 eval=0 prior=0
[inst] req=11706368 hits=4125305 fwd=29808 rows=7581039 fwd_ms=506595.1 eval=0 prior=0
[inst] req=11714560 hits=4128501 fwd=29827 rows=7585902 fwd_ms=506881.9 eval=0 prior=0
[inst] req=11722752 hits=4131441 fwd=29848 rows=7591266 fwd_ms=507198.3 eval=0 prior=0
[inst] req=11730944 hits=4134177 fwd=29869 rows=7596642 fwd_ms=507514.9 eval=0 prior=0
[inst] req=11739136 hits=4137136 fwd=29889 rows=7601760 fwd_ms=507816.2 eval=0 prior=0
[inst] req=11747328 hits=4140054 fwd=29910 rows=7607136 fwd_ms=508132.4 eval=0 prior=0
[inst] req=11755520 hits=4143207 fwd=29930 rows=7612255 fwd_ms=508433.8 eval=0 prior=0
[inst] req=11763712 hits=4146118 fwd=29950 rows=7617375 fwd_ms=508735.1 eval=0 prior=0
[inst] req=11771904 hits=4148852 fwd=29972 rows=7622999 fwd_ms=509066.1 eval=0 prior=0
[inst] req=11780096 hits=4151730 fwd=29992 rows=7628119 fwd_ms=509367.5 eval=0 prior=0
[inst] req=11788288 hits=4154784 fwd=30013 rows=7633494 fwd_ms=509684.4 eval=0 prior=0
[inst] req=11796480 hits=4157722 fwd=30034 rows=7638683 fwd_ms=510002.9 eval=0 prior=0
[inst] req=11804672 hits=4160700 fwd=30054 rows=7643802 fwd_ms=510304.7 eval=0 prior=0
[inst] req=11812864 hits=4163484 fwd=30075 rows=7649178 fwd_ms=510621.3 eval=0 prior=0
[inst] req=11821056 hits=4166503 fwd=30096 rows=7654479 fwd_ms=510937.1 eval=0 prior=0
[inst] req=11829248 hits=4169576 fwd=30116 rows=7659599 fwd_ms=511238.5 eval=0 prior=0
[inst] req=11837440 hits=4172509 fwd=30136 rows=7664719 fwd_ms=511539.9 eval=0 prior=0
[inst] req=11845632 hits=4175431 fwd=30157 rows=7670084 fwd_ms=511856.3 eval=0 prior=0
[inst] req=11853824 hits=4178183 fwd=30178 rows=7675460 fwd_ms=512173.0 eval=0 prior=0
[inst] req=11862016 hits=4181100 fwd=30199 rows=7680824 fwd_ms=512489.5 eval=0 prior=0
[inst] req=11870208 hits=4184009 fwd=30219 rows=7685944 fwd_ms=512791.0 eval=0 prior=0
[inst] req=11878400 hits=4187042 fwd=30240 rows=7691319 fwd_ms=513107.8 eval=0 prior=0
[inst] req=11886592 hits=4189901 fwd=30260 rows=7696439 fwd_ms=513408.8 eval=0 prior=0
[inst] req=11894784 hits=4192688 fwd=30282 rows=7702071 fwd_ms=513740.1 eval=0 prior=0
[inst] req=11902976 hits=4195516 fwd=30303 rows=7707443 fwd_ms=514056.8 eval=0 prior=0
[inst] req=11911168 hits=4198476 fwd=30323 rows=7712563 fwd_ms=514358.6 eval=0 prior=0
[inst] req=11919360 hits=4201364 fwd=30344 rows=7717925 fwd_ms=514675.1 eval=0 prior=0
[inst] req=11927552 hits=4204057 fwd=30365 rows=7723301 fwd_ms=514991.8 eval=0 prior=0
[inst] req=11935744 hits=4206777 fwd=30387 rows=7728780 fwd_ms=515316.7 eval=0 prior=0
[inst] req=11943936 hits=4209683 fwd=30408 rows=7734140 fwd_ms=515633.0 eval=0 prior=0
[inst] req=11952128 hits=4212642 fwd=30428 rows=7739249 fwd_ms=515934.6 eval=0 prior=0
[inst] req=11960320 hits=4215557 fwd=30449 rows=7744625 fwd_ms=516251.6 eval=0 prior=0
[inst] req=11968512 hits=4218191 fwd=30471 rows=7750257 fwd_ms=516583.7 eval=0 prior=0
[inst] req=11976704 hits=4221098 fwd=30491 rows=7755352 fwd_ms=516884.4 eval=0 prior=0
[inst] req=11984896 hits=4224041 fwd=30512 rows=7760713 fwd_ms=517200.6 eval=0 prior=0
[inst] req=11993088 hits=4227019 fwd=30532 rows=7765826 fwd_ms=517502.1 eval=0 prior=0
[inst] req=12001280 hits=4230083 fwd=30553 rows=7771184 fwd_ms=517818.4 eval=0 prior=0
[inst] req=12009472 hits=4232840 fwd=30574 rows=7776553 fwd_ms=518134.7 eval=0 prior=0
[inst] req=12017664 hits=4235811 fwd=30594 rows=7781668 fwd_ms=518436.1 eval=0 prior=0
[inst] req=12025856 hits=4238770 fwd=30615 rows=7787033 fwd_ms=518752.2 eval=0 prior=0
[inst] req=12034048 hits=4241723 fwd=30635 rows=7792143 fwd_ms=519053.5 eval=0 prior=0
[inst] req=12042240 hits=4244908 fwd=30655 rows=7797252 fwd_ms=519355.1 eval=0 prior=0
[inst] req=12050432 hits=4247842 fwd=30675 rows=7802370 fwd_ms=519656.5 eval=0 prior=0
[inst] req=12058624 hits=4250878 fwd=30695 rows=7807490 fwd_ms=519957.9 eval=0 prior=0
[inst] req=12066816 hits=4253899 fwd=30716 rows=7812687 fwd_ms=520265.7 eval=0 prior=0
[inst] req=12075008 hits=4256775 fwd=30737 rows=7818062 fwd_ms=520582.6 eval=0 prior=0
[inst] req=12083200 hits=4259696 fwd=30758 rows=7823428 fwd_ms=520899.3 eval=0 prior=0
[inst] req=12091392 hits=4262523 fwd=30779 rows=7828804 fwd_ms=521216.2 eval=0 prior=0
[inst] req=12099584 hits=4265506 fwd=30799 rows=7833923 fwd_ms=521517.9 eval=0 prior=0
[inst] req=12107776 hits=4268366 fwd=30820 rows=7839294 fwd_ms=521834.4 eval=0 prior=0
[inst] req=12115968 hits=4271247 fwd=30841 rows=7844633 fwd_ms=522151.3 eval=0 prior=0
[inst] req=12124160 hits=4274157 fwd=30861 rows=7849753 fwd_ms=522452.6 eval=0 prior=0
[inst] req=12132352 hits=4276968 fwd=30883 rows=7855369 fwd_ms=522783.7 eval=0 prior=0
[inst] req=12140544 hits=4279858 fwd=30903 rows=7860485 fwd_ms=523085.3 eval=0 prior=0
[inst] req=12148736 hits=4282872 fwd=30924 rows=7865860 fwd_ms=523402.2 eval=0 prior=0
[inst] req=12156928 hits=4285707 fwd=30944 rows=7870980 fwd_ms=523703.8 eval=0 prior=0
[inst] req=12165120 hits=4288562 fwd=30965 rows=7876350 fwd_ms=524020.2 eval=0 prior=0
[inst] req=12173312 hits=4291658 fwd=30985 rows=7881461 fwd_ms=524321.8 eval=0 prior=0
[inst] req=12181504 hits=4294437 fwd=31006 rows=7886833 fwd_ms=524638.2 eval=0 prior=0
[inst] req=12189696 hits=4297275 fwd=31027 rows=7892209 fwd_ms=524954.5 eval=0 prior=0
[inst] req=12197888 hits=4300146 fwd=31048 rows=7897578 fwd_ms=525270.7 eval=0 prior=0
[inst] req=12206080 hits=4303188 fwd=31068 rows=7902666 fwd_ms=525572.9 eval=0 prior=0
[inst] req=12214272 hits=4306209 fwd=31089 rows=7908041 fwd_ms=525889.6 eval=0 prior=0
[inst] req=12222464 hits=4309200 fwd=31109 rows=7913161 fwd_ms=526191.0 eval=0 prior=0
[inst] req=12230656 hits=4311988 fwd=31130 rows=7918537 fwd_ms=526507.5 eval=0 prior=0
[inst] req=12238848 hits=4314918 fwd=31152 rows=7923834 fwd_ms=526824.4 eval=0 prior=0
[inst] req=12247040 hits=4317685 fwd=31173 rows=7929210 fwd_ms=527140.9 eval=0 prior=0
[inst] req=12255232 hits=4320743 fwd=31193 rows=7934329 fwd_ms=527442.6 eval=0 prior=0
[inst] req=12263424 hits=4323580 fwd=31214 rows=7939705 fwd_ms=527759.0 eval=0 prior=0
[inst] req=12271616 hits=4326551 fwd=31234 rows=7944825 fwd_ms=528060.4 eval=0 prior=0
[inst] req=12279808 hits=4329411 fwd=31255 rows=7950201 fwd_ms=528377.0 eval=0 prior=0
[inst] req=12288000 hits=4332351 fwd=31276 rows=7955575 fwd_ms=528695.0 eval=0 prior=0
[inst] req=12296192 hits=4335268 fwd=31296 rows=7960683 fwd_ms=528996.9 eval=0 prior=0
[inst] req=12304384 hits=4338062 fwd=31318 rows=7966236 fwd_ms=529328.2 eval=0 prior=0
[inst] req=12312576 hits=4340931 fwd=31339 rows=7971611 fwd_ms=529645.5 eval=0 prior=0
[inst] req=12320768 hits=4343960 fwd=31359 rows=7976723 fwd_ms=529947.4 eval=0 prior=0
[inst] req=12328960 hits=4346691 fwd=31380 rows=7982099 fwd_ms=530264.7 eval=0 prior=0
[inst] req=12337152 hits=4349705 fwd=31400 rows=7987215 fwd_ms=530566.9 eval=0 prior=0
[inst] req=12345344 hits=4352621 fwd=31421 rows=7992576 fwd_ms=530884.0 eval=0 prior=0
[inst] req=12353536 hits=4355345 fwd=31442 rows=7997950 fwd_ms=531200.6 eval=0 prior=0
[inst] req=12361728 hits=4358328 fwd=31463 rows=8003279 fwd_ms=531517.1 eval=0 prior=0
[inst] req=12369920 hits=4361085 fwd=31484 rows=8008653 fwd_ms=531833.3 eval=0 prior=0
[inst] req=12378112 hits=4364220 fwd=31504 rows=8013770 fwd_ms=532134.7 eval=0 prior=0
[inst] req=12386304 hits=4367097 fwd=31525 rows=8019146 fwd_ms=532450.8 eval=0 prior=0
[inst] req=12394496 hits=4369891 fwd=31546 rows=8024511 fwd_ms=533302.7 eval=0 prior=0
[inst] req=12402688 hits=4372774 fwd=31567 rows=8029852 fwd_ms=535255.4 eval=0 prior=0
[inst] req=12410880 hits=4376050 fwd=31586 rows=8034715 fwd_ms=537174.1 eval=0 prior=0
[inst] req=12419072 hits=4379189 fwd=31606 rows=8039822 fwd_ms=539308.3 eval=0 prior=0
[inst] req=12427264 hits=4382235 fwd=31626 rows=8044895 fwd_ms=540551.3 eval=0 prior=0
[inst] req=12435456 hits=4385225 fwd=31646 rows=8050009 fwd_ms=542049.8 eval=0 prior=0
[inst] req=12443648 hits=4388641 fwd=31665 rows=8054802 fwd_ms=543975.6 eval=0 prior=0
[inst] req=12451840 hits=4392197 fwd=31684 rows=8059627 fwd_ms=546084.9 eval=0 prior=0
[inst] req=12460032 hits=4395440 fwd=31703 rows=8064460 fwd_ms=546739.6 eval=0 prior=0
[inst] req=12468224 hits=4398646 fwd=31722 rows=8069323 fwd_ms=547032.2 eval=0 prior=0
[inst] req=12476416 hits=4401737 fwd=31743 rows=8074607 fwd_ms=547389.0 eval=0 prior=0
[inst] req=12484608 hits=4402871 fwd=31771 rows=8081719 fwd_ms=547814.7 eval=0 prior=0
[inst] req=12492800 hits=4405223 fwd=31793 rows=8087351 fwd_ms=548146.0 eval=0 prior=0
[inst] req=12500992 hits=4408263 fwd=31814 rows=8092727 fwd_ms=548462.6 eval=0 prior=0
[inst] req=12509184 hits=4411488 fwd=31833 rows=8097591 fwd_ms=548749.1 eval=0 prior=0
[inst] req=12517376 hits=4414461 fwd=31854 rows=8102796 fwd_ms=549058.3 eval=0 prior=0
[inst] req=12525568 hits=4417658 fwd=31874 rows=8107881 fwd_ms=549358.8 eval=0 prior=0
[inst] req=12533760 hits=4421267 fwd=31892 rows=8112489 fwd_ms=549630.0 eval=0 prior=0
[inst] req=12541952 hits=4424598 fwd=31911 rows=8117186 fwd_ms=549909.1 eval=0 prior=0
[inst] req=12550144 hits=4427816 fwd=31931 rows=8122292 fwd_ms=550210.5 eval=0 prior=0
[inst] req=12558336 hits=4431006 fwd=31951 rows=8127297 fwd_ms=550507.7 eval=0 prior=0
[inst] req=12566528 hits=4434337 fwd=31970 rows=8132161 fwd_ms=550794.2 eval=0 prior=0
[inst] req=12574720 hits=4437753 fwd=31988 rows=8136751 fwd_ms=551065.3 eval=0 prior=0
[inst] req=12582912 hits=4441360 fwd=32006 rows=8141359 fwd_ms=551336.9 eval=0 prior=0
[inst] req=12591104 hits=4444488 fwd=32026 rows=8146478 fwd_ms=551638.5 eval=0 prior=0
[inst] req=12599296 hits=4447813 fwd=32046 rows=8151408 fwd_ms=551932.3 eval=0 prior=0
[inst] req=12607488 hits=4451163 fwd=32065 rows=8156166 fwd_ms=552214.5 eval=0 prior=0
[inst] req=12615680 hits=4454789 fwd=32083 rows=8160771 fwd_ms=552485.9 eval=0 prior=0
[inst] req=12623872 hits=4458090 fwd=32102 rows=8165574 fwd_ms=552772.0 eval=0 prior=0
[inst] req=12632064 hits=4461286 fwd=32122 rows=8170584 fwd_ms=553069.4 eval=0 prior=0
[inst] req=12640256 hits=4464402 fwd=32142 rows=8175679 fwd_ms=553370.4 eval=0 prior=0
[inst] req=12648448 hits=4467810 fwd=32161 rows=8180403 fwd_ms=553652.9 eval=0 prior=0
[inst] req=12656640 hits=4471122 fwd=32181 rows=8185406 fwd_ms=553949.7 eval=0 prior=0
[inst] req=12664832 hits=4474355 fwd=32200 rows=8190266 fwd_ms=554236.1 eval=0 prior=0
[inst] req=12673024 hits=4477534 fwd=32220 rows=8195386 fwd_ms=554537.9 eval=0 prior=0
[inst] req=12681216 hits=4480934 fwd=32239 rows=8200250 fwd_ms=554824.1 eval=0 prior=0
[inst] req=12689408 hits=4484397 fwd=32257 rows=8204854 fwd_ms=555095.0 eval=0 prior=0
[inst] req=12697600 hits=4487764 fwd=32276 rows=8209659 fwd_ms=555381.2 eval=0 prior=0
[inst] req=12705792 hits=4491020 fwd=32295 rows=8214522 fwd_ms=555668.1 eval=0 prior=0
[inst] req=12713984 hits=4494300 fwd=32315 rows=8219642 fwd_ms=555969.4 eval=0 prior=0
[inst] req=12722176 hits=4497740 fwd=32334 rows=8224432 fwd_ms=556255.1 eval=0 prior=0
[inst] req=12730368 hits=4500976 fwd=32353 rows=8229296 fwd_ms=556541.8 eval=0 prior=0
[inst] req=12738560 hits=4504561 fwd=32371 rows=8233901 fwd_ms=556812.9 eval=0 prior=0
[inst] req=12746752 hits=4508061 fwd=32389 rows=8238505 fwd_ms=557084.0 eval=0 prior=0
[inst] req=12754944 hits=4511606 fwd=32407 rows=8243113 fwd_ms=557355.0 eval=0 prior=0
[inst] req=12763136 hits=4514931 fwd=32426 rows=8247975 fwd_ms=557641.1 eval=0 prior=0
[inst] req=12771328 hits=4518264 fwd=32445 rows=8252839 fwd_ms=557927.2 eval=0 prior=0
[inst] req=12779520 hits=4521631 fwd=32464 rows=8257691 fwd_ms=558212.9 eval=0 prior=0
[inst] req=12787712 hits=4525080 fwd=32483 rows=8262548 fwd_ms=558498.4 eval=0 prior=0
[inst] req=12795904 hits=4528453 fwd=32502 rows=8267376 fwd_ms=558784.6 eval=0 prior=0
[inst] req=12804096 hits=4532026 fwd=32520 rows=8271984 fwd_ms=559055.2 eval=0 prior=0
[inst] req=12812288 hits=4535589 fwd=32538 rows=8276546 fwd_ms=559324.7 eval=0 prior=0
[inst] req=12820480 hits=4538815 fwd=32558 rows=8281652 fwd_ms=559625.3 eval=0 prior=0
[inst] req=12828672 hits=4542251 fwd=32576 rows=8286260 fwd_ms=559896.1 eval=0 prior=0
[inst] req=12836864 hits=4545538 fwd=32595 rows=8291106 fwd_ms=560181.2 eval=0 prior=0
[inst] req=12845056 hits=4548782 fwd=32615 rows=8296186 fwd_ms=560480.5 eval=0 prior=0
[inst] req=12853248 hits=4552125 fwd=32634 rows=8301050 fwd_ms=560766.6 eval=0 prior=0
[inst] req=12861440 hits=4555230 fwd=32654 rows=8306013 fwd_ms=561060.5 eval=0 prior=0
[inst] req=12869632 hits=4558699 fwd=32673 rows=8310876 fwd_ms=561346.3 eval=0 prior=0
[inst] req=12877824 hits=4562187 fwd=32691 rows=8315467 fwd_ms=561617.3 eval=0 prior=0
[inst] req=12886016 hits=4565716 fwd=32710 rows=8320134 fwd_ms=561893.2 eval=0 prior=0
[inst] req=12894208 hits=4568929 fwd=32730 rows=8325144 fwd_ms=562192.2 eval=0 prior=0
[inst] req=12902400 hits=4572290 fwd=32749 rows=8329900 fwd_ms=562474.5 eval=0 prior=0
[inst] req=12910592 hits=4575667 fwd=32768 rows=8334764 fwd_ms=562760.1 eval=0 prior=0
[inst] req=12918784 hits=4579164 fwd=32786 rows=8339372 fwd_ms=563030.9 eval=0 prior=0
[inst] req=12926976 hits=4582404 fwd=32806 rows=8344318 fwd_ms=563325.0 eval=0 prior=0
[inst] req=12935168 hits=4585648 fwd=32826 rows=8349436 fwd_ms=563625.7 eval=0 prior=0
[inst] req=12943360 hits=4589062 fwd=32845 rows=8354133 fwd_ms=563904.5 eval=0 prior=0
[inst] req=12951552 hits=4592618 fwd=32863 rows=8358726 fwd_ms=564175.3 eval=0 prior=0
[inst] req=12959744 hits=4595956 fwd=32882 rows=8363577 fwd_ms=564461.1 eval=0 prior=0
[inst] req=12967936 hits=4599280 fwd=32901 rows=8368437 fwd_ms=564746.9 eval=0 prior=0
[inst] req=12976128 hits=4602733 fwd=32920 rows=8373301 fwd_ms=565033.0 eval=0 prior=0
[inst] req=12984320 hits=4605937 fwd=32940 rows=8378378 fwd_ms=565332.9 eval=0 prior=0
[inst] req=12992512 hits=4609347 fwd=32958 rows=8382979 fwd_ms=565603.6 eval=0 prior=0
[inst] req=13000704 hits=4613091 fwd=32976 rows=8387586 fwd_ms=565874.7 eval=0 prior=0
[inst] req=13008896 hits=4616509 fwd=32994 rows=8392194 fwd_ms=566145.7 eval=0 prior=0
[inst] req=13017088 hits=4619825 fwd=33013 rows=8397033 fwd_ms=566431.4 eval=0 prior=0
[inst] req=13025280 hits=4623261 fwd=33032 rows=8401893 fwd_ms=566717.4 eval=0 prior=0
[inst] req=13033472 hits=4626669 fwd=33051 rows=8406757 fwd_ms=567003.4 eval=0 prior=0
[inst] req=13041664 hits=4630167 fwd=33069 rows=8411358 fwd_ms=567274.2 eval=0 prior=0
[inst] req=13049856 hits=4633362 fwd=33089 rows=8416478 fwd_ms=567575.3 eval=0 prior=0
[inst] req=13058048 hits=4636656 fwd=33108 rows=8421342 fwd_ms=567861.4 eval=0 prior=0
[inst] req=13066240 hits=4640181 fwd=33126 rows=8425911 fwd_ms=568132.7 eval=0 prior=0
[inst] req=13074432 hits=4643504 fwd=33145 rows=8430774 fwd_ms=568418.9 eval=0 prior=0
[inst] req=13082624 hits=4647029 fwd=33163 rows=8435382 fwd_ms=568690.1 eval=0 prior=0
[inst] req=13090816 hits=4650247 fwd=33183 rows=8440502 fwd_ms=568991.4 eval=0 prior=0
[inst] req=13099008 hits=4653433 fwd=33202 rows=8445362 fwd_ms=569277.5 eval=0 prior=0
[inst] req=13107200 hits=4656711 fwd=33222 rows=8450332 fwd_ms=569574.5 eval=0 prior=0
[inst] req=13115392 hits=4659932 fwd=33242 rows=8455452 fwd_ms=569875.9 eval=0 prior=0
[inst] req=13123584 hits=4663427 fwd=33260 rows=8460030 fwd_ms=570146.2 eval=0 prior=0
[inst] req=13131776 hits=4666694 fwd=33279 rows=8464880 fwd_ms=570432.4 eval=0 prior=0
[inst] req=13139968 hits=4669922 fwd=33299 rows=8469808 fwd_ms=570736.3 eval=0 prior=0
[inst] req=13148160 hits=4673208 fwd=33319 rows=8474826 fwd_ms=571038.0 eval=0 prior=0
[inst] req=13156352 hits=4676449 fwd=33338 rows=8479690 fwd_ms=571324.4 eval=0 prior=0
[inst] req=13164544 hits=4680141 fwd=33356 rows=8484296 fwd_ms=571595.6 eval=0 prior=0
[inst] req=13172736 hits=4683425 fwd=33375 rows=8489160 fwd_ms=571881.9 eval=0 prior=0
[inst] req=13180928 hits=4686469 fwd=33395 rows=8494273 fwd_ms=572183.1 eval=0 prior=0
[inst] req=13189120 hits=4689802 fwd=33414 rows=8499076 fwd_ms=572478.0 eval=0 prior=0
[inst] req=13197312 hits=4693404 fwd=33432 rows=8503661 fwd_ms=572748.5 eval=0 prior=0
[inst] req=13205504 hits=4696842 fwd=33451 rows=8508500 fwd_ms=573033.9 eval=0 prior=0
[inst] req=13213696 hits=4699943 fwd=33472 rows=8513711 fwd_ms=573343.4 eval=0 prior=0
[inst] req=13221888 hits=4703398 fwd=33490 rows=8518308 fwd_ms=573614.3 eval=0 prior=0
[inst] req=13230080 hits=4706838 fwd=33509 rows=8523071 fwd_ms=573896.3 eval=0 prior=0
[inst] req=13238272 hits=4710181 fwd=33529 rows=8528007 fwd_ms=574188.2 eval=0 prior=0
[inst] req=13246464 hits=4713518 fwd=33548 rows=8532691 fwd_ms=574466.8 eval=0 prior=0
[inst] req=13254656 hits=4716767 fwd=33568 rows=8537720 fwd_ms=574766.9 eval=0 prior=0
[inst] req=13262848 hits=4720123 fwd=33588 rows=8542694 fwd_ms=575073.2 eval=0 prior=0
[inst] req=13271040 hits=4723336 fwd=33607 rows=8547554 fwd_ms=575359.2 eval=0 prior=0
[inst] req=13279232 hits=4726685 fwd=33626 rows=8552418 fwd_ms=575645.3 eval=0 prior=0
[inst] req=13287424 hits=4730121 fwd=33645 rows=8557261 fwd_ms=575931.0 eval=0 prior=0
[inst] req=13295616 hits=4733429 fwd=33664 rows=8561992 fwd_ms=576212.1 eval=0 prior=0
[inst] req=13303808 hits=4736774 fwd=33683 rows=8566855 fwd_ms=576498.4 eval=0 prior=0
[inst] req=13312000 hits=4740107 fwd=33702 rows=8571709 fwd_ms=576784.7 eval=0 prior=0
[inst] req=13320192 hits=4743389 fwd=33721 rows=8576572 fwd_ms=577071.0 eval=0 prior=0
[inst] req=13328384 hits=4746585 fwd=33741 rows=8581671 fwd_ms=577371.5 eval=0 prior=0
[inst] req=13336576 hits=4750161 fwd=33759 rows=8586277 fwd_ms=577643.1 eval=0 prior=0
[inst] req=13344768 hits=4753635 fwd=33778 rows=8591018 fwd_ms=577924.4 eval=0 prior=0
[inst] req=13352960 hits=4757047 fwd=33798 rows=8595907 fwd_ms=578218.3 eval=0 prior=0
[inst] req=13361152 hits=4760139 fwd=33817 rows=8600770 fwd_ms=578504.6 eval=0 prior=0
[inst] req=13369344 hits=4763431 fwd=33837 rows=8605881 fwd_ms=578805.9 eval=0 prior=0
[inst] req=13377536 hits=4766712 fwd=33856 rows=8610740 fwd_ms=579092.1 eval=0 prior=0
[inst] req=13385728 hits=4770089 fwd=33875 rows=8615412 fwd_ms=579368.7 eval=0 prior=0
[inst] req=13393920 hits=4773417 fwd=33894 rows=8620276 fwd_ms=579655.3 eval=0 prior=0
[inst] req=13402112 hits=4776794 fwd=33914 rows=8625212 fwd_ms=579947.2 eval=0 prior=0
[inst] req=13410304 hits=4780156 fwd=33933 rows=8630075 fwd_ms=580233.8 eval=0 prior=0
[inst] req=13418496 hits=4783432 fwd=33953 rows=8635054 fwd_ms=580529.8 eval=0 prior=0
[inst] req=13426688 hits=4786949 fwd=33971 rows=8639660 fwd_ms=580801.1 eval=0 prior=0
[inst] req=13434880 hits=4790336 fwd=33990 rows=8644518 fwd_ms=581087.5 eval=0 prior=0
[inst] req=13443072 hits=4793484 fwd=34010 rows=8649343 fwd_ms=581377.2 eval=0 prior=0
[inst] req=13451264 hits=4796619 fwd=34031 rows=8654523 fwd_ms=581687.2 eval=0 prior=0
[inst] req=13459456 hits=4800020 fwd=34050 rows=8659360 fwd_ms=581972.9 eval=0 prior=0
[inst] req=13467648 hits=4803446 fwd=34068 rows=8663947 fwd_ms=582243.7 eval=0 prior=0
[inst] req=13475840 hits=4806984 fwd=34087 rows=8668811 fwd_ms=582530.2 eval=0 prior=0
[inst] req=13484032 hits=4810102 fwd=34106 rows=8673675 fwd_ms=582816.6 eval=0 prior=0
[inst] req=13492224 hits=4813458 fwd=34126 rows=8678764 fwd_ms=583117.0 eval=0 prior=0
[inst] req=13500416 hits=4816717 fwd=34145 rows=8683623 fwd_ms=583403.3 eval=0 prior=0
[inst] req=13508608 hits=4820277 fwd=34164 rows=8688316 fwd_ms=583682.3 eval=0 prior=0
[inst] req=13516800 hits=4823544 fwd=34183 rows=8693180 fwd_ms=583968.7 eval=0 prior=0
[inst] req=13524992 hits=4827019 fwd=34201 rows=8697757 fwd_ms=584240.6 eval=0 prior=0
[inst] req=13533184 hits=4830256 fwd=34221 rows=8702862 fwd_ms=584541.8 eval=0 prior=0
[inst] req=13541376 hits=4833574 fwd=34240 rows=8707726 fwd_ms=584828.4 eval=0 prior=0
[inst] req=13549568 hits=4836962 fwd=34259 rows=8712543 fwd_ms=585115.0 eval=0 prior=0
[inst] req=13557760 hits=4840226 fwd=34278 rows=8717402 fwd_ms=585401.5 eval=0 prior=0
[inst] req=13565952 hits=4843506 fwd=34297 rows=8722266 fwd_ms=585688.0 eval=0 prior=0
[inst] req=13574144 hits=4846770 fwd=34316 rows=8727130 fwd_ms=585974.3 eval=0 prior=0
[inst] req=13582336 hits=4849962 fwd=34336 rows=8732250 fwd_ms=586276.0 eval=0 prior=0
[inst] req=13590528 hits=4853340 fwd=34355 rows=8736947 fwd_ms=586555.1 eval=0 prior=0
[inst] req=13598720 hits=4856654 fwd=34374 rows=8741811 fwd_ms=586841.7 eval=0 prior=0
[inst] req=13606912 hits=4859967 fwd=34394 rows=8746931 fwd_ms=587143.2 eval=0 prior=0
[inst] req=13615104 hits=4863262 fwd=34413 rows=8751795 fwd_ms=587429.6 eval=0 prior=0
[inst] req=13623296 hits=4866540 fwd=34433 rows=8756746 fwd_ms=587729.0 eval=0 prior=0
[inst] req=13631488 hits=4869891 fwd=34451 rows=8761353 fwd_ms=588000.0 eval=0 prior=0
[inst] req=13639680 hits=4873122 fwd=34471 rows=8766471 fwd_ms=588301.5 eval=0 prior=0
[inst] req=13647872 hits=4876555 fwd=34489 rows=8771079 fwd_ms=588572.8 eval=0 prior=0
[inst] req=13656064 hits=4879853 fwd=34509 rows=8776199 fwd_ms=588873.9 eval=0 prior=0
[inst] req=13664256 hits=4883213 fwd=34527 rows=8780804 fwd_ms=589145.1 eval=0 prior=0
[inst] req=13672448 hits=4886459 fwd=34547 rows=8785870 fwd_ms=589446.2 eval=0 prior=0
[inst] req=13680640 hits=4889761 fwd=34566 rows=8790734 fwd_ms=589732.4 eval=0 prior=0
[inst] req=13688832 hits=4893199 fwd=34585 rows=8795589 fwd_ms=590018.7 eval=0 prior=0
[inst] req=13697024 hits=4896571 fwd=34603 rows=8800197 fwd_ms=590289.9 eval=0 prior=0
[inst] req=13705216 hits=4899913 fwd=34623 rows=8805140 fwd_ms=590594.5 eval=0 prior=0
[inst] req=13713408 hits=4903110 fwd=34643 rows=8810257 fwd_ms=590895.5 eval=0 prior=0
[inst] req=13721600 hits=4906508 fwd=34661 rows=8814836 fwd_ms=591165.6 eval=0 prior=0
[inst] req=13729792 hits=4909816 fwd=34681 rows=8819833 fwd_ms=591471.1 eval=0 prior=0
[inst] req=13737984 hits=4913209 fwd=34700 rows=8824694 fwd_ms=591757.0 eval=0 prior=0
[inst] req=13746176 hits=4916716 fwd=34718 rows=8829302 fwd_ms=592028.2 eval=0 prior=0
[inst] req=13754368 hits=4920055 fwd=34737 rows=8834165 fwd_ms=592314.3 eval=0 prior=0
[inst] req=13762560 hits=4923377 fwd=34757 rows=8839149 fwd_ms=592610.1 eval=0 prior=0
[inst] req=13770752 hits=4926698 fwd=34776 rows=8844001 fwd_ms=592895.9 eval=0 prior=0
[inst] req=13778944 hits=4929968 fwd=34795 rows=8848843 fwd_ms=593181.4 eval=0 prior=0
[inst] req=13787136 hits=4933230 fwd=34814 rows=8853699 fwd_ms=593467.2 eval=0 prior=0
[inst] req=13795328 hits=4936726 fwd=34833 rows=8858557 fwd_ms=593753.5 eval=0 prior=0
[inst] req=13803520 hits=4939859 fwd=34852 rows=8863409 fwd_ms=594039.4 eval=0 prior=0
[inst] req=13811712 hits=4943001 fwd=34872 rows=8868529 fwd_ms=594340.5 eval=0 prior=0
[inst] req=13819904 hits=4946343 fwd=34892 rows=8873449 fwd_ms=594646.0 eval=0 prior=0
[inst] req=13828096 hits=4949880 fwd=34910 rows=8878054 fwd_ms=594917.2 eval=0 prior=0
[inst] req=13836288 hits=4953311 fwd=34929 rows=8882915 fwd_ms=595203.3 eval=0 prior=0
[inst] req=13844480 hits=4956817 fwd=34947 rows=8887522 fwd_ms=595474.4 eval=0 prior=0
[inst] req=13852672 hits=4960062 fwd=34966 rows=8892367 fwd_ms=595760.0 eval=0 prior=0
[inst] req=13860864 hits=4963208 fwd=34986 rows=8897449 fwd_ms=596061.3 eval=0 prior=0
[inst] req=13869056 hits=4966615 fwd=35005 rows=8902313 fwd_ms=596347.3 eval=0 prior=0
[inst] req=13877248 hits=4969946 fwd=35024 rows=8907177 fwd_ms=596633.3 eval=0 prior=0
[inst] req=13885440 hits=4973186 fwd=35044 rows=8912158 fwd_ms=596929.0 eval=0 prior=0
[inst] req=13893632 hits=4976590 fwd=35063 rows=8917022 fwd_ms=597215.1 eval=0 prior=0
[inst] req=13901824 hits=4980047 fwd=35081 rows=8921628 fwd_ms=597486.1 eval=0 prior=0
[inst] req=13910016 hits=4983304 fwd=35100 rows=8926492 fwd_ms=597772.2 eval=0 prior=0
[inst] req=13918208 hits=4986657 fwd=35119 rows=8931355 fwd_ms=598058.5 eval=0 prior=0
[inst] req=13926400 hits=4989837 fwd=35139 rows=8936475 fwd_ms=598359.6 eval=0 prior=0
[inst] req=13934592 hits=4993279 fwd=35158 rows=8941242 fwd_ms=598644.7 eval=0 prior=0
[inst] req=13942784 hits=4996575 fwd=35177 rows=8946086 fwd_ms=598930.0 eval=0 prior=0
[inst] req=13950976 hits=5000062 fwd=35195 rows=8950691 fwd_ms=599200.9 eval=0 prior=0
[inst] req=13959168 hits=5003313 fwd=35215 rows=8955809 fwd_ms=599502.1 eval=0 prior=0
[inst] req=13967360 hits=5006531 fwd=35234 rows=8960658 fwd_ms=599787.7 eval=0 prior=0
[inst] req=13975552 hits=5010028 fwd=35253 rows=8965511 fwd_ms=600073.5 eval=0 prior=0
[inst] req=13983744 hits=5013305 fwd=35272 rows=8970375 fwd_ms=600359.6 eval=0 prior=0
[inst] req=13991936 hits=5016668 fwd=35291 rows=8975239 fwd_ms=600645.8 eval=0 prior=0
[inst] req=14000128 hits=5020032 fwd=35309 rows=8979847 fwd_ms=600917.1 eval=0 prior=0
[inst] req=14008320 hits=5023571 fwd=35328 rows=8984710 fwd_ms=601203.5 eval=0 prior=0
[inst] req=14016512 hits=5026906 fwd=35347 rows=8989573 fwd_ms=601489.5 eval=0 prior=0
[inst] req=14024704 hits=5030025 fwd=35366 rows=8994436 fwd_ms=601775.6 eval=0 prior=0
[inst] req=14032896 hits=5033594 fwd=35385 rows=8999289 fwd_ms=602061.6 eval=0 prior=0
[inst] req=14041088 hits=5036961 fwd=35404 rows=9004118 fwd_ms=602346.8 eval=0 prior=0
[inst] req=14049280 hits=5040208 fwd=35423 rows=9008982 fwd_ms=602632.8 eval=0 prior=0
[inst] req=14057472 hits=5043411 fwd=35442 rows=9013845 fwd_ms=602918.8 eval=0 prior=0
[inst] req=14065664 hits=5046605 fwd=35462 rows=9018893 fwd_ms=603220.1 eval=0 prior=0
[inst] req=14073856 hits=5049970 fwd=35481 rows=9023701 fwd_ms=603507.0 eval=0 prior=0
[inst] req=14082048 hits=5053330 fwd=35500 rows=9028564 fwd_ms=603793.3 eval=0 prior=0
[inst] req=14090240 hits=5056687 fwd=35519 rows=9033428 fwd_ms=604079.4 eval=0 prior=0
[inst] req=14098432 hits=5060170 fwd=35537 rows=9038035 fwd_ms=604350.7 eval=0 prior=0
[inst] req=14106624 hits=5063354 fwd=35557 rows=9043137 fwd_ms=604651.5 eval=0 prior=0
[inst] req=14114816 hits=5066532 fwd=35577 rows=9048257 fwd_ms=604952.7 eval=0 prior=0
[inst] req=14123008 hits=5069684 fwd=35596 rows=9053121 fwd_ms=605238.8 eval=0 prior=0
[inst] req=14131200 hits=5073146 fwd=35615 rows=9057971 fwd_ms=605524.9 eval=0 prior=0
[inst] req=14139392 hits=5076358 fwd=35634 rows=9062835 fwd_ms=605811.0 eval=0 prior=0
[inst] req=14147584 hits=5079628 fwd=35654 rows=9067954 fwd_ms=606112.3 eval=0 prior=0
[inst] req=14155776 hits=5082853 fwd=35673 rows=9072801 fwd_ms=606398.8 eval=0 prior=0
[inst] req=14163968 hits=5086396 fwd=35691 rows=9077403 fwd_ms=606671.1 eval=0 prior=0
[inst] req=14172160 hits=5089692 fwd=35710 rows=9082264 fwd_ms=606958.1 eval=0 prior=0
[inst] req=14180352 hits=5092960 fwd=35730 rows=9087384 fwd_ms=607260.2 eval=0 prior=0
[inst] req=14188544 hits=5096047 fwd=35750 rows=9092430 fwd_ms=607561.5 eval=0 prior=0
[inst] req=14196736 hits=5099296 fwd=35769 rows=9097279 fwd_ms=607848.3 eval=0 prior=0
[inst] req=14204928 hits=5102562 fwd=35788 rows=9102126 fwd_ms=608134.8 eval=0 prior=0
[inst] req=14213120 hits=5105766 fwd=35808 rows=9107237 fwd_ms=608436.4 eval=0 prior=0
[inst] req=14221312 hits=5108949 fwd=35829 rows=9112326 fwd_ms=608741.5 eval=0 prior=0
[inst] req=14229504 hits=5112415 fwd=35848 rows=9117009 fwd_ms=609020.7 eval=0 prior=0
[inst] req=14237696 hits=5115551 fwd=35868 rows=9122121 fwd_ms=609321.9 eval=0 prior=0
[inst] req=14245888 hits=5118884 fwd=35887 rows=9126969 fwd_ms=609607.9 eval=0 prior=0
[inst] req=14254080 hits=5122152 fwd=35907 rows=9131859 fwd_ms=609900.0 eval=0 prior=0
[inst] req=14262272 hits=5125490 fwd=35926 rows=9136722 fwd_ms=610186.5 eval=0 prior=0
[inst] req=14270464 hits=5128928 fwd=35944 rows=9141330 fwd_ms=610457.7 eval=0 prior=0
[inst] req=14278656 hits=5132292 fwd=35963 rows=9146132 fwd_ms=611632.2 eval=0 prior=0
[inst] req=14286848 hits=5135567 fwd=35983 rows=9151242 fwd_ms=612866.8 eval=0 prior=0
[inst] req=14295040 hits=5139017 fwd=36001 rows=9155824 fwd_ms=614015.1 eval=0 prior=0
[inst] req=14303232 hits=5142402 fwd=36020 rows=9160654 fwd_ms=615188.8 eval=0 prior=0
[inst] req=14311424 hits=5145732 fwd=36039 rows=9165484 fwd_ms=616532.3 eval=0 prior=0
[inst] req=14319616 hits=5149264 fwd=36058 rows=9170237 fwd_ms=617693.2 eval=0 prior=0
[inst] req=14327808 hits=5152777 fwd=36076 rows=9174779 fwd_ms=619168.0 eval=0 prior=0
[inst] req=14336000 hits=5156313 fwd=36095 rows=9179588 fwd_ms=620644.2 eval=0 prior=0
[inst] req=14344192 hits=5159950 fwd=36113 rows=9184114 fwd_ms=621721.0 eval=0 prior=0
[inst] req=14352384 hits=5163685 fwd=36130 rows=9188443 fwd_ms=623565.2 eval=0 prior=0
[inst] req=14360576 hits=5167314 fwd=36149 rows=9193245 fwd_ms=624952.5 eval=0 prior=0
[inst] req=14368768 hits=5171738 fwd=36164 rows=9196860 fwd_ms=625190.0 eval=0 prior=0
[inst] req=14376960 hits=5175618 fwd=36181 rows=9201154 fwd_ms=625451.6 eval=0 prior=0
[inst] req=14385152 hits=5178667 fwd=36202 rows=9206366 fwd_ms=625790.7 eval=0 prior=0
[inst] req=14393344 hits=5180392 fwd=36227 rows=9212766 fwd_ms=626167.0 eval=0 prior=0
[inst] req=14401536 hits=5183508 fwd=36247 rows=9217885 fwd_ms=626468.4 eval=0 prior=0
[inst] req=14409728 hits=5187683 fwd=36263 rows=9221981 fwd_ms=626709.4 eval=0 prior=0
[inst] req=14417920 hits=5191463 fwd=36281 rows=9226405 fwd_ms=626971.2 eval=0 prior=0
[inst] req=14426112 hits=5194950 fwd=36299 rows=9231008 fwd_ms=627242.3 eval=0 prior=0
[inst] req=14434304 hits=5198579 fwd=36317 rows=9235598 fwd_ms=627513.0 eval=0 prior=0
[inst] req=14442496 hits=5203024 fwd=36332 rows=9239436 fwd_ms=627739.0 eval=0 prior=0
[inst] req=14450688 hits=5207205 fwd=36348 rows=9243406 fwd_ms=627975.0 eval=0 prior=0
[inst] req=14458880 hits=5211333 fwd=36364 rows=9247501 fwd_ms=628216.0 eval=0 prior=0
[inst] req=14467072 hits=5214890 fwd=36382 rows=9252084 fwd_ms=628486.3 eval=0 prior=0
[inst] req=14475264 hits=5218768 fwd=36399 rows=9256424 fwd_ms=628742.1 eval=0 prior=0
[inst] req=14483456 hits=5222826 fwd=36415 rows=9260518 fwd_ms=628983.1 eval=0 prior=0
[inst] req=14491648 hits=5227065 fwd=36431 rows=9264536 fwd_ms=629223.6 eval=0 prior=0
[inst] req=14499840 hits=5231062 fwd=36447 rows=9268565 fwd_ms=629464.2 eval=0 prior=0
[inst] req=14508032 hits=5234877 fwd=36464 rows=9272914 fwd_ms=629720.4 eval=0 prior=0
[inst] req=14516224 hits=5238810 fwd=36481 rows=9277259 fwd_ms=629976.3 eval=0 prior=0
[inst] req=14524416 hits=5242790 fwd=36498 rows=9281588 fwd_ms=630231.9 eval=0 prior=0
[inst] req=14532608 hits=5246841 fwd=36514 rows=9285654 fwd_ms=630473.3 eval=0 prior=0
[inst] req=14540800 hits=5251097 fwd=36529 rows=9289488 fwd_ms=630698.9 eval=0 prior=0
[inst] req=14548992 hits=5255104 fwd=36546 rows=9293745 fwd_ms=630953.5 eval=0 prior=0
[inst] req=14557184 hits=5259014 fwd=36563 rows=9298078 fwd_ms=631208.6 eval=0 prior=0
[inst] req=14565376 hits=5263120 fwd=36579 rows=9302166 fwd_ms=631449.2 eval=0 prior=0
[inst] req=14573568 hits=5267242 fwd=36595 rows=9306176 fwd_ms=631688.8 eval=0 prior=0
[inst] req=14581760 hits=5271337 fwd=36612 rows=9310254 fwd_ms=631941.7 eval=0 prior=0
[inst] req=14589952 hits=5275360 fwd=36628 rows=9314338 fwd_ms=632181.9 eval=0 prior=0
[inst] req=14598144 hits=5279549 fwd=36645 rows=9318478 fwd_ms=632431.9 eval=0 prior=0
[inst] req=14606336 hits=5283907 fwd=36660 rows=9322287 fwd_ms=632656.7 eval=0 prior=0
[inst] req=14614528 hits=5287862 fwd=36677 rows=9326638 fwd_ms=632912.4 eval=0 prior=0
[inst] req=14622720 hits=5292114 fwd=36692 rows=9330454 fwd_ms=633137.1 eval=0 prior=0
[inst] req=14630912 hits=5296135 fwd=36708 rows=9334539 fwd_ms=633377.7 eval=0 prior=0
[inst] req=14639104 hits=5300253 fwd=36724 rows=9338633 fwd_ms=633618.2 eval=0 prior=0
[inst] req=14647296 hits=5304417 fwd=36740 rows=9342656 fwd_ms=633857.4 eval=0 prior=0
[inst] req=14655488 hits=5308228 fwd=36758 rows=9347257 fwd_ms=634127.9 eval=0 prior=0
[inst] req=14663680 hits=5312329 fwd=36774 rows=9351329 fwd_ms=634367.8 eval=0 prior=0
[inst] req=14671872 hits=5316483 fwd=36789 rows=9355161 fwd_ms=634593.2 eval=0 prior=0
[inst] req=14680064 hits=5320685 fwd=36805 rows=9359128 fwd_ms=634828.9 eval=0 prior=0
[inst] req=14688256 hits=5324512 fwd=36823 rows=9363531 fwd_ms=635089.7 eval=0 prior=0
[inst] req=14696448 hits=5328495 fwd=36840 rows=9367881 fwd_ms=635345.5 eval=0 prior=0
[inst] req=14704640 hits=5332634 fwd=36856 rows=9371750 fwd_ms=635576.7 eval=0 prior=0
[inst] req=14712832 hits=5336615 fwd=36873 rows=9376098 fwd_ms=635832.1 eval=0 prior=0
[inst] req=14721024 hits=5340870 fwd=36888 rows=9379933 fwd_ms=636057.7 eval=0 prior=0
[inst] req=14729216 hits=5344689 fwd=36905 rows=9384274 fwd_ms=636313.4 eval=0 prior=0
[inst] req=14737408 hits=5348748 fwd=36922 rows=9388610 fwd_ms=636568.7 eval=0 prior=0
[inst] req=14745600 hits=5352923 fwd=36937 rows=9392421 fwd_ms=636793.9 eval=0 prior=0
[inst] req=14753792 hits=5356944 fwd=36954 rows=9396749 fwd_ms=637048.5 eval=0 prior=0
[inst] req=14761984 hits=5361002 fwd=36970 rows=9400833 fwd_ms=637288.5 eval=0 prior=0
[inst] req=14770176 hits=5364952 fwd=36987 rows=9405168 fwd_ms=637543.2 eval=0 prior=0
[inst] req=14778368 hits=5369045 fwd=37003 rows=9409201 fwd_ms=637783.0 eval=0 prior=0
[inst] req=14786560 hits=5373279 fwd=37019 rows=9413217 fwd_ms=638022.1 eval=0 prior=0
[inst] req=14794752 hits=5377281 fwd=37035 rows=9417294 fwd_ms=638262.3 eval=0 prior=0
[inst] req=14802944 hits=5381188 fwd=37053 rows=9421638 fwd_ms=638522.2 eval=0 prior=0
[inst] req=14811136 hits=5385513 fwd=37068 rows=9425449 fwd_ms=638746.6 eval=0 prior=0
[inst] req=14819328 hits=5389534 fwd=37085 rows=9429699 fwd_ms=639000.3 eval=0 prior=0
[inst] req=14827520 hits=5393607 fwd=37102 rows=9433681 fwd_ms=639256.4 eval=0 prior=0
[inst] req=14835712 hits=5397533 fwd=37119 rows=9437964 fwd_ms=639518.6 eval=0 prior=0
[inst] req=14843904 hits=5401587 fwd=37136 rows=9442313 fwd_ms=639773.7 eval=0 prior=0
[inst] req=14852096 hits=5405767 fwd=37152 rows=9446312 fwd_ms=640009.3 eval=0 prior=0
[inst] req=14860288 hits=5409901 fwd=37167 rows=9450138 fwd_ms=640234.5 eval=0 prior=0
[inst] req=14868480 hits=5414024 fwd=37183 rows=9454223 fwd_ms=640474.6 eval=0 prior=0
[inst] req=14876672 hits=5418175 fwd=37200 rows=9458460 fwd_ms=640724.7 eval=0 prior=0
[inst] req=14884864 hits=5422119 fwd=37216 rows=9462555 fwd_ms=640964.2 eval=0 prior=0
[inst] req=14893056 hits=5426212 fwd=37232 rows=9466646 fwd_ms=641204.6 eval=0 prior=0
[inst] req=14901248 hits=5430325 fwd=37248 rows=9470741 fwd_ms=641445.1 eval=0 prior=0
[inst] req=14909440 hits=5434487 fwd=37264 rows=9474835 fwd_ms=641685.7 eval=0 prior=0
[inst] req=14917632 hits=5438562 fwd=37280 rows=9478929 fwd_ms=641926.5 eval=0 prior=0
[inst] req=14925824 hits=5442492 fwd=37297 rows=9483234 fwd_ms=642181.9 eval=0 prior=0
[inst] req=14934016 hits=5446327 fwd=37314 rows=9487578 fwd_ms=642438.2 eval=0 prior=0
[inst] req=14942208 hits=5450313 fwd=37331 rows=9491782 fwd_ms=642689.0 eval=0 prior=0
[inst] req=14950400 hits=5454259 fwd=37348 rows=9496021 fwd_ms=642940.9 eval=0 prior=0
[inst] req=14958592 hits=5458376 fwd=37364 rows=9499973 fwd_ms=643178.0 eval=0 prior=0
[inst] req=14966784 hits=5462211 fwd=37382 rows=9504559 fwd_ms=643448.4 eval=0 prior=0
[inst] req=14974976 hits=5466119 fwd=37399 rows=9508823 fwd_ms=643703.8 eval=0 prior=0
[inst] req=14983168 hits=5470015 fwd=37415 rows=9512907 fwd_ms=643945.5 eval=0 prior=0
[inst] req=14991360 hits=5474164 fwd=37431 rows=9516993 fwd_ms=644187.3 eval=0 prior=0
[inst] req=14999552 hits=5477976 fwd=37448 rows=9521336 fwd_ms=644444.2 eval=0 prior=0
[inst] req=15007744 hits=5481902 fwd=37465 rows=9525683 fwd_ms=644701.0 eval=0 prior=0
[inst] req=15015936 hits=5485921 fwd=37483 rows=9529879 fwd_ms=644971.2 eval=0 prior=0
[inst] req=15024128 hits=5490048 fwd=37499 rows=9533928 fwd_ms=645211.8 eval=0 prior=0
[inst] req=15032320 hits=5493934 fwd=37517 rows=9538356 fwd_ms=645482.9 eval=0 prior=0
[inst] req=15040512 hits=5498060 fwd=37533 rows=9542328 fwd_ms=645720.0 eval=0 prior=0
[inst] req=15048704 hits=5502033 fwd=37549 rows=9546418 fwd_ms=645961.9 eval=0 prior=0
[inst] req=15056896 hits=5506421 fwd=37564 rows=9550247 fwd_ms=646188.6 eval=0 prior=0
[inst] req=15065088 hits=5510480 fwd=37581 rows=9554526 fwd_ms=646445.5 eval=0 prior=0
[inst] req=15073280 hits=5514463 fwd=37597 rows=9558569 fwd_ms=646685.9 eval=0 prior=0
[inst] req=15081472 hits=5518541 fwd=37614 rows=9562875 fwd_ms=646942.9 eval=0 prior=0
[inst] req=15089664 hits=5522539 fwd=37630 rows=9566963 fwd_ms=647184.8 eval=0 prior=0
[inst] req=15097856 hits=5526726 fwd=37646 rows=9570882 fwd_ms=647419.5 eval=0 prior=0
[inst] req=15106048 hits=5530543 fwd=37664 rows=9575486 fwd_ms=647690.3 eval=0 prior=0
[inst] req=15114240 hits=5534512 fwd=37680 rows=9579560 fwd_ms=647930.5 eval=0 prior=0
[inst] req=15122432 hits=5538777 fwd=37696 rows=9583640 fwd_ms=648171.2 eval=0 prior=0
[inst] req=15130624 hits=5542731 fwd=37713 rows=9587741 fwd_ms=648419.8 eval=0 prior=0
[inst] req=15138816 hits=5546774 fwd=37730 rows=9591971 fwd_ms=648670.9 eval=0 prior=0
[inst] req=15147008 hits=5550806 fwd=37746 rows=9596001 fwd_ms=648911.3 eval=0 prior=0
[inst] req=15155200 hits=5554959 fwd=37763 rows=9600096 fwd_ms=649159.7 eval=0 prior=0
[inst] req=15163392 hits=5558983 fwd=37779 rows=9604191 fwd_ms=649400.4 eval=0 prior=0
[inst] req=15171584 hits=5563255 fwd=37795 rows=9608262 fwd_ms=649640.4 eval=0 prior=0
[inst] req=15179776 hits=5567228 fwd=37811 rows=9612307 fwd_ms=649881.0 eval=0 prior=0
[inst] req=15187968 hits=5571390 fwd=37828 rows=9616511 fwd_ms=650132.8 eval=0 prior=0
[inst] req=15196160 hits=5575322 fwd=37845 rows=9620723 fwd_ms=650383.5 eval=0 prior=0
[inst] req=15204352 hits=5579510 fwd=37861 rows=9624812 fwd_ms=650624.6 eval=0 prior=0
[inst] req=15212544 hits=5583677 fwd=37876 rows=9628621 fwd_ms=650849.4 eval=0 prior=0
[inst] req=15220736 hits=5587676 fwd=37893 rows=9632952 fwd_ms=651104.4 eval=0 prior=0
[inst] req=15228928 hits=5591753 fwd=37909 rows=9637038 fwd_ms=651345.3 eval=0 prior=0
[inst] req=15237120 hits=5595788 fwd=37925 rows=9641125 fwd_ms=651586.1 eval=0 prior=0
[inst] req=15245312 hits=5599764 fwd=37942 rows=9645475 fwd_ms=651842.1 eval=0 prior=0
[inst] req=15253504 hits=5603900 fwd=37958 rows=9649569 fwd_ms=652083.0 eval=0 prior=0
[inst] req=15261696 hits=5607784 fwd=37975 rows=9653849 fwd_ms=652338.2 eval=0 prior=0
[inst] req=15269888 hits=5611998 fwd=37990 rows=9657677 fwd_ms=652564.2 eval=0 prior=0
[inst] req=15278080 hits=5616080 fwd=38007 rows=9661922 fwd_ms=652815.8 eval=0 prior=0
[inst] req=15286272 hits=5620096 fwd=38024 rows=9666092 fwd_ms=653064.3 eval=0 prior=0
[inst] req=15294464 hits=5624068 fwd=38040 rows=9670187 fwd_ms=653305.1 eval=0 prior=0
[inst] req=15302656 hits=5628379 fwd=38055 rows=9674026 fwd_ms=653530.8 eval=0 prior=0
[inst] req=15310848 hits=5632401 fwd=38072 rows=9678368 fwd_ms=653786.4 eval=0 prior=0
[inst] req=15319040 hits=5636234 fwd=38089 rows=9682652 fwd_ms=654041.6 eval=0 prior=0
[inst] req=15327232 hits=5640245 fwd=38105 rows=9686736 fwd_ms=654282.3 eval=0 prior=0
[inst] req=15335424 hits=5644080 fwd=38123 rows=9691174 fwd_ms=654548.7 eval=0 prior=0
[inst] req=15343616 hits=5648468 fwd=38138 rows=9695006 fwd_ms=654774.5 eval=0 prior=0
[inst] req=15351808 hits=5652209 fwd=38155 rows=9699356 fwd_ms=655030.4 eval=0 prior=0
[inst] req=15360000 hits=5656107 fwd=38172 rows=9703708 fwd_ms=655286.3 eval=0 prior=0
[inst] req=15368192 hits=5660154 fwd=38188 rows=9707791 fwd_ms=655526.7 eval=0 prior=0
[inst] req=15376384 hits=5664044 fwd=38205 rows=9712128 fwd_ms=655782.3 eval=0 prior=0
[inst] req=15384576 hits=5668016 fwd=38222 rows=9716478 fwd_ms=656038.1 eval=0 prior=0
[inst] req=15392768 hits=5671940 fwd=38239 rows=9720765 fwd_ms=656293.5 eval=0 prior=0
[inst] req=15400960 hits=5675869 fwd=38255 rows=9724849 fwd_ms=656533.8 eval=0 prior=0
[inst] req=15409152 hits=5680050 fwd=38272 rows=9728847 fwd_ms=656777.1 eval=0 prior=0
[inst] req=15417344 hits=5683934 fwd=38289 rows=9733189 fwd_ms=657032.9 eval=0 prior=0
[inst] req=15425536 hits=5687958 fwd=38306 rows=9737537 fwd_ms=657288.6 eval=0 prior=0
[inst] req=15433728 hits=5691815 fwd=38323 rows=9741695 fwd_ms=657536.4 eval=0 prior=0
[inst] req=15441920 hits=5695999 fwd=38340 rows=9745894 fwd_ms=657787.8 eval=0 prior=0
[inst] req=15450112 hits=5699885 fwd=38356 rows=9749971 fwd_ms=658028.0 eval=0 prior=0
[inst] req=15458304 hits=5703847 fwd=38373 rows=9754314 fwd_ms=658283.8 eval=0 prior=0
[inst] req=15466496 hits=5707926 fwd=38389 rows=9758387 fwd_ms=658523.7 eval=0 prior=0
[inst] req=15474688 hits=5711955 fwd=38406 rows=9762507 fwd_ms=658771.8 eval=0 prior=0
[inst] req=15482880 hits=5716127 fwd=38423 rows=9766673 fwd_ms=659022.8 eval=0 prior=0
[inst] req=15491072 hits=5720016 fwd=38440 rows=9771021 fwd_ms=659278.6 eval=0 prior=0
[inst] req=15499264 hits=5724202 fwd=38455 rows=9774848 fwd_ms=659504.2 eval=0 prior=0
[inst] req=15507456 hits=5728089 fwd=38472 rows=9779113 fwd_ms=659759.1 eval=0 prior=0
[inst] req=15515648 hits=5732353 fwd=38488 rows=9783208 fwd_ms=660000.0 eval=0 prior=0
[inst] req=15523840 hits=5736493 fwd=38504 rows=9787293 fwd_ms=660240.6 eval=0 prior=0
[inst] req=15532032 hits=5740658 fwd=38519 rows=9791118 fwd_ms=660466.2 eval=0 prior=0
[inst] req=15540224 hits=5744415 fwd=38537 rows=9795667 fwd_ms=660736.8 eval=0 prior=0
[inst] req=15548416 hits=5748532 fwd=38554 rows=9799650 fwd_ms=660978.1 eval=0 prior=0
[inst] req=15556608 hits=5752461 fwd=38571 rows=9803999 fwd_ms=661234.2 eval=0 prior=0
[inst] req=15564800 hits=5756844 fwd=38586 rows=9807836 fwd_ms=661460.2 eval=0 prior=0
[inst] req=15572992 hits=5760755 fwd=38603 rows=9812082 fwd_ms=661724.3 eval=0 prior=0
[inst] req=15581184 hits=5764897 fwd=38619 rows=9816044 fwd_ms=661960.2 eval=0 prior=0
[inst] req=15589376 hits=5768906 fwd=38636 rows=9820395 fwd_ms=662216.2 eval=0 prior=0
[inst] req=15597568 hits=5772776 fwd=38653 rows=9824565 fwd_ms=662469.9 eval=0 prior=0
[inst] req=15605760 hits=5776795 fwd=38670 rows=9828735 fwd_ms=662729.2 eval=0 prior=0
[inst] req=15613952 hits=5780646 fwd=38687 rows=9833081 fwd_ms=662985.1 eval=0 prior=0
[inst] req=15622144 hits=5784620 fwd=38704 rows=9837429 fwd_ms=663241.4 eval=0 prior=0
[inst] req=15630336 hits=5788767 fwd=38720 rows=9841522 fwd_ms=663482.7 eval=0 prior=0
[inst] req=15638528 hits=5792683 fwd=38737 rows=9845785 fwd_ms=663737.8 eval=0 prior=0
[inst] req=15646720 hits=5796743 fwd=38753 rows=9849875 fwd_ms=663978.8 eval=0 prior=0
[inst] req=15654912 hits=5800826 fwd=38769 rows=9853832 fwd_ms=664214.6 eval=0 prior=0
[inst] req=15663104 hits=5804905 fwd=38786 rows=9858184 fwd_ms=664470.6 eval=0 prior=0
[inst] req=15671296 hits=5808740 fwd=38803 rows=9862529 fwd_ms=664726.5 eval=0 prior=0
[inst] req=15679488 hits=5812714 fwd=38819 rows=9866612 fwd_ms=664967.3 eval=0 prior=0
[inst] req=15687680 hits=5816533 fwd=38836 rows=9870963 fwd_ms=665223.3 eval=0 prior=0
[inst] req=15695872 hits=5820803 fwd=38852 rows=9874977 fwd_ms=665463.8 eval=0 prior=0
[inst] req=15704064 hits=5824788 fwd=38868 rows=9879049 fwd_ms=665704.4 eval=0 prior=0
[inst] req=15712256 hits=5828798 fwd=38885 rows=9883372 fwd_ms=665960.2 eval=0 prior=0
[inst] req=15720448 hits=5832738 fwd=38902 rows=9887681 fwd_ms=666215.2 eval=0 prior=0
[inst] req=15728640 hits=5836826 fwd=38918 rows=9891575 fwd_ms=666453.9 eval=0 prior=0
[inst] req=15736832 hits=5840984 fwd=38935 rows=9895839 fwd_ms=666709.5 eval=0 prior=0
[inst] req=15745024 hits=5845139 fwd=38951 rows=9899856 fwd_ms=666950.4 eval=0 prior=0
[inst] req=15753216 hits=5849488 fwd=38966 rows=9903673 fwd_ms=667176.2 eval=0 prior=0
[inst] req=15761408 hits=5853307 fwd=38983 rows=9907969 fwd_ms=667431.6 eval=0 prior=0
[inst] req=15769600 hits=5857144 fwd=39000 rows=9912307 fwd_ms=667688.2 eval=0 prior=0
[inst] req=15777792 hits=5861138 fwd=39017 rows=9916416 fwd_ms=667934.7 eval=0 prior=0
[inst] req=15785984 hits=5865118 fwd=39034 rows=9920767 fwd_ms=668191.6 eval=0 prior=0
[inst] req=15794176 hits=5869192 fwd=39051 rows=9924923 fwd_ms=668441.5 eval=0 prior=0
[inst] req=15802368 hits=5873084 fwd=39068 rows=9929150 fwd_ms=668697.5 eval=0 prior=0
[inst] req=15810560 hits=5877152 fwd=39085 rows=9933348 fwd_ms=668948.6 eval=0 prior=0
[inst] req=15818752 hits=5881425 fwd=39100 rows=9937166 fwd_ms=669174.5 eval=0 prior=0
[inst] req=15826944 hits=5885465 fwd=39116 rows=9941260 fwd_ms=669416.2 eval=0 prior=0
[inst] req=15835136 hits=5889313 fwd=39133 rows=9945586 fwd_ms=670363.8 eval=0 prior=0
[inst] req=15843328 hits=5893627 fwd=39149 rows=9949668 fwd_ms=671551.6 eval=0 prior=0
[inst] req=15851520 hits=5897446 fwd=39166 rows=9953963 fwd_ms=672643.4 eval=0 prior=0
[inst] req=15859712 hits=5901654 fwd=39182 rows=9957906 fwd_ms=673577.2 eval=0 prior=0
[inst] req=15867904 hits=5905614 fwd=39199 rows=9962221 fwd_ms=675094.0 eval=0 prior=0
[inst] req=15876096 hits=5909317 fwd=39216 rows=9966567 fwd_ms=676811.1 eval=0 prior=0
[inst] req=15884288 hits=5913326 fwd=39233 rows=9970854 fwd_ms=678545.4 eval=0 prior=0
[inst] req=15892480 hits=5917114 fwd=39250 rows=9975205 fwd_ms=680422.8 eval=0 prior=0
[inst] req=15900672 hits=5920699 fwd=39268 rows=9979774 fwd_ms=682336.2 eval=0 prior=0
[inst] req=15908864 hits=5924430 fwd=39286 rows=9984287 fwd_ms=683524.2 eval=0 prior=0
[inst] req=15917056 hits=5928030 fwd=39304 rows=9988881 fwd_ms=683800.6 eval=0 prior=0
[inst] req=15925248 hits=5931809 fwd=39321 rows=9993225 fwd_ms=684064.4 eval=0 prior=0
[inst] req=15933440 hits=5933177 fwd=39349 rows=10000243 fwd_ms=684501.6 eval=0 prior=0
[inst] req=15941632 hits=5935624 fwd=39371 rows=10005875 fwd_ms=684833.8 eval=0 prior=0
[inst] req=15949824 hits=5939058 fwd=39390 rows=10010739 fwd_ms=685120.9 eval=0 prior=0
[inst] req=15958016 hits=5942789 fwd=39407 rows=10015090 fwd_ms=685377.8 eval=0 prior=0
[inst] req=15966208 hits=5946330 fwd=39426 rows=10019792 fwd_ms=685657.5 eval=0 prior=0
[inst] req=15974400 hits=5949567 fwd=39445 rows=10024628 fwd_ms=685943.1 eval=0 prior=0
[inst] req=15982592 hits=5953525 fwd=39462 rows=10028815 fwd_ms=686192.9 eval=0 prior=0
[inst] req=15990784 hits=5957217 fwd=39480 rows=10033357 fwd_ms=686464.3 eval=0 prior=0
[inst] req=15998976 hits=5960850 fwd=39498 rows=10037910 fwd_ms=686736.3 eval=0 prior=0
[inst] req=16007168 hits=5964494 fwd=39516 rows=10042453 fwd_ms=687007.7 eval=0 prior=0
[inst] req=16015360 hits=5967820 fwd=39535 rows=10047316 fwd_ms=687294.6 eval=0 prior=0
[inst] req=16023552 hits=5971582 fwd=39553 rows=10051924 fwd_ms=687566.0 eval=0 prior=0
[inst] req=16031744 hits=5975549 fwd=39569 rows=10056016 fwd_ms=687807.4 eval=0 prior=0
[inst] req=16039936 hits=5979273 fwd=39587 rows=10060507 fwd_ms=688074.5 eval=0 prior=0
[inst] req=16048128 hits=5982798 fwd=39605 rows=10065099 fwd_ms=688345.9 eval=0 prior=0
[inst] req=16056320 hits=5986214 fwd=39625 rows=10070047 fwd_ms=688639.6 eval=0 prior=0
[inst] req=16064512 hits=5990012 fwd=39642 rows=10074378 fwd_ms=688894.9 eval=0 prior=0
[inst] req=16072704 hits=5993655 fwd=39660 rows=10078811 fwd_ms=689158.6 eval=0 prior=0
[inst] req=16080896 hits=5997329 fwd=39679 rows=10083555 fwd_ms=689440.0 eval=0 prior=0
[inst] req=16089088 hits=6000913 fwd=39697 rows=10088160 fwd_ms=689711.1 eval=0 prior=0
[inst] req=16097280 hits=6004485 fwd=39715 rows=10092639 fwd_ms=689977.1 eval=0 prior=0
[inst] req=16105472 hits=6008069 fwd=39733 rows=10097239 fwd_ms=690247.9 eval=0 prior=0
[inst] req=16113664 hits=6011772 fwd=39751 rows=10101847 fwd_ms=690519.0 eval=0 prior=0
[inst] req=16121856 hits=6015424 fwd=39768 rows=10106199 fwd_ms=690775.2 eval=0 prior=0
[inst] req=16130048 hits=6019189 fwd=39786 rows=10110797 fwd_ms=691046.0 eval=0 prior=0
[inst] req=16138240 hits=6022885 fwd=39803 rows=10115144 fwd_ms=691301.7 eval=0 prior=0
[inst] req=16146432 hits=6026436 fwd=39821 rows=10119748 fwd_ms=691572.8 eval=0 prior=0
[inst] req=16154624 hits=6029855 fwd=39840 rows=10124546 fwd_ms=691858.5 eval=0 prior=0
[inst] req=16162816 hits=6033677 fwd=39858 rows=10129014 fwd_ms=692124.0 eval=0 prior=0
[inst] req=16171008 hits=6037419 fwd=39875 rows=10133365 fwd_ms=692380.2 eval=0 prior=0
[inst] req=16179200 hits=6041058 fwd=39894 rows=10138083 fwd_ms=692664.9 eval=0 prior=0
[inst] req=16187392 hits=6044661 fwd=39912 rows=10142582 fwd_ms=692931.2 eval=0 prior=0
[inst] req=16195584 hits=6048459 fwd=39929 rows=10146915 fwd_ms=693186.0 eval=0 prior=0
[inst] req=16203776 hits=6052008 fwd=39947 rows=10151523 fwd_ms=693456.3 eval=0 prior=0
[inst] req=16211968 hits=6055804 fwd=39965 rows=10156097 fwd_ms=693725.8 eval=0 prior=0
[inst] req=16220160 hits=6059571 fwd=39982 rows=10160436 fwd_ms=693981.1 eval=0 prior=0
[inst] req=16228352 hits=6063297 fwd=40000 rows=10164873 fwd_ms=694244.6 eval=0 prior=0
[inst] req=16236544 hits=6067033 fwd=40018 rows=10169388 fwd_ms=694522.2 eval=0 prior=0
[inst] req=16244736 hits=6070610 fwd=40036 rows=10173992 fwd_ms=694792.6 eval=0 prior=0
[inst] req=16252928 hits=6074550 fwd=40054 rows=10178266 fwd_ms=695051.6 eval=0 prior=0
[inst] req=16261120 hits=6078297 fwd=40071 rows=10182589 fwd_ms=695306.2 eval=0 prior=0
[inst] req=16269312 hits=6081983 fwd=40089 rows=10187180 fwd_ms=695575.9 eval=0 prior=0
[inst] req=16277504 hits=6085797 fwd=40106 rows=10191509 fwd_ms=695830.4 eval=0 prior=0
[inst] req=16285696 hits=6089391 fwd=40124 rows=10196089 fwd_ms=696100.2 eval=0 prior=0
[inst] req=16293888 hits=6093239 fwd=40141 rows=10200403 fwd_ms=696354.2 eval=0 prior=0
[inst] req=16302080 hits=6097109 fwd=40158 rows=10204715 fwd_ms=696609.5 eval=0 prior=0
[inst] req=16310272 hits=6100832 fwd=40176 rows=10209321 fwd_ms=696879.7 eval=0 prior=0
[inst] req=16318464 hits=6104341 fwd=40194 rows=10213925 fwd_ms=697149.5 eval=0 prior=0
[inst] req=16326656 hits=6108132 fwd=40212 rows=10218515 fwd_ms=697419.0 eval=0 prior=0
[inst] req=16334848 hits=6111938 fwd=40229 rows=10222849 fwd_ms=697673.6 eval=0 prior=0
[inst] req=16343040 hits=6115646 fwd=40246 rows=10227201 fwd_ms=697928.6 eval=0 prior=0
[inst] req=16351232 hits=6119280 fwd=40264 rows=10231768 fwd_ms=698198.7 eval=0 prior=0
[inst] req=16359424 hits=6122841 fwd=40282 rows=10236371 fwd_ms=698468.3 eval=0 prior=0
[inst] req=16367616 hits=6126534 fwd=40300 rows=10240949 fwd_ms=698737.1 eval=0 prior=0
[inst] req=16375808 hits=6130284 fwd=40317 rows=10245289 fwd_ms=698991.6 eval=0 prior=0
[inst] req=16384000 hits=6133869 fwd=40335 rows=10249894 fwd_ms=699261.7 eval=0 prior=0
[inst] req=16392192 hits=6137663 fwd=40353 rows=10254498 fwd_ms=699531.0 eval=0 prior=0
[inst] req=16400384 hits=6141245 fwd=40371 rows=10258973 fwd_ms=699800.1 eval=0 prior=0
[inst] req=16408576 hits=6144804 fwd=40390 rows=10263771 fwd_ms=700084.4 eval=0 prior=0
[inst] req=16416768 hits=6148561 fwd=40407 rows=10268110 fwd_ms=700340.6 eval=0 prior=0
[inst] req=16424960 hits=6152274 fwd=40424 rows=10272453 fwd_ms=700596.5 eval=0 prior=0
[inst] req=16433152 hits=6155880 fwd=40442 rows=10277061 fwd_ms=700866.8 eval=0 prior=0
[inst] req=16441344 hits=6159592 fwd=40460 rows=10281667 fwd_ms=701136.9 eval=0 prior=0
[inst] req=16449536 hits=6163200 fwd=40478 rows=10286215 fwd_ms=701406.9 eval=0 prior=0
[inst] req=16457728 hits=6166865 fwd=40496 rows=10290803 fwd_ms=701676.5 eval=0 prior=0
[inst] req=16465920 hits=6170439 fwd=40514 rows=10295409 fwd_ms=701946.9 eval=0 prior=0
[inst] req=16474112 hits=6174270 fwd=40531 rows=10299739 fwd_ms=702201.7 eval=0 prior=0
[inst] req=16482304 hits=6177939 fwd=40549 rows=10304346 fwd_ms=702472.2 eval=0 prior=0
[inst] req=16490496 hits=6181598 fwd=40566 rows=10308698 fwd_ms=702727.7 eval=0 prior=0
[inst] req=16498688 hits=6185339 fwd=40584 rows=10313295 fwd_ms=702998.1 eval=0 prior=0
[inst] req=16506880 hits=6188964 fwd=40602 rows=10317761 fwd_ms=703263.6 eval=0 prior=0
[inst] req=16515072 hits=6192677 fwd=40620 rows=10322305 fwd_ms=703535.4 eval=0 prior=0
[inst] req=16523264 hits=6196259 fwd=40638 rows=10326876 fwd_ms=703807.4 eval=0 prior=0
[inst] req=16531456 hits=6200057 fwd=40656 rows=10331379 fwd_ms=704074.1 eval=0 prior=0
[inst] req=16539648 hits=6203605 fwd=40674 rows=10335987 fwd_ms=704345.0 eval=0 prior=0
[inst] req=16547840 hits=6207308 fwd=40691 rows=10340312 fwd_ms=704600.0 eval=0 prior=0
[inst] req=16556032 hits=6211170 fwd=40708 rows=10344629 fwd_ms=704854.3 eval=0 prior=0
[inst] req=16564224 hits=6214692 fwd=40727 rows=10349492 fwd_ms=705139.9 eval=0 prior=0
[inst] req=16572416 hits=6218286 fwd=40745 rows=10354011 fwd_ms=705409.8 eval=0 prior=0
[inst] req=16580608 hits=6222111 fwd=40763 rows=10358479 fwd_ms=705675.3 eval=0 prior=0
[inst] req=16588800 hits=6225663 fwd=40781 rows=10363079 fwd_ms=705945.9 eval=0 prior=0
[inst] req=16596992 hits=6229656 fwd=40797 rows=10367162 fwd_ms=706186.5 eval=0 prior=0
[inst] req=16605184 hits=6233201 fwd=40815 rows=10371770 fwd_ms=706457.3 eval=0 prior=0
[inst] req=16613376 hits=6236742 fwd=40833 rows=10376378 fwd_ms=706728.2 eval=0 prior=0
[inst] req=16621568 hits=6240416 fwd=40851 rows=10380984 fwd_ms=706998.9 eval=0 prior=0
[inst] req=16629760 hits=6244268 fwd=40869 rows=10385378 fwd_ms=707261.0 eval=0 prior=0
[inst] req=16637952 hits=6247891 fwd=40887 rows=10389986 fwd_ms=707532.0 eval=0 prior=0
[inst] req=16646144 hits=6251698 fwd=40904 rows=10394333 fwd_ms=707787.5 eval=0 prior=0
[inst] req=16654336 hits=6255402 fwd=40922 rows=10398859 fwd_ms=708057.2 eval=0 prior=0
[inst] req=16662528 hits=6259208 fwd=40939 rows=10403155 fwd_ms=708312.7 eval=0 prior=0
[inst] req=16670720 hits=6263183 fwd=40956 rows=10407499 fwd_ms=708568.7 eval=0 prior=0
[inst] req=16678912 hits=6266870 fwd=40973 rows=10411850 fwd_ms=708825.0 eval=0 prior=0
[inst] req=16687104 hits=6270483 fwd=40991 rows=10416415 fwd_ms=709095.4 eval=0 prior=0
[inst] req=16695296 hits=6274240 fwd=41009 rows=10420913 fwd_ms=709365.1 eval=0 prior=0
[inst] req=16703488 hits=6277959 fwd=41027 rows=10425488 fwd_ms=709635.2 eval=0 prior=0
[inst] req=16711680 hits=6282046 fwd=41044 rows=10429529 fwd_ms=709894.0 eval=0 prior=0
[inst] req=16719872 hits=6285475 fwd=41063 rows=10434389 fwd_ms=710179.8 eval=0 prior=0
[inst] req=16728064 hits=6289231 fwd=41080 rows=10438738 fwd_ms=710435.8 eval=0 prior=0
[inst] req=16736256 hits=6293230 fwd=41096 rows=10442827 fwd_ms=710676.3 eval=0 prior=0
[inst] req=16744448 hits=6296802 fwd=41115 rows=10447613 fwd_ms=710961.4 eval=0 prior=0
[inst] req=16752640 hits=6300525 fwd=41132 rows=10451885 fwd_ms=711216.5 eval=0 prior=0
[inst] req=16760832 hits=6304299 fwd=41150 rows=10456429 fwd_ms=711487.1 eval=0 prior=0
[inst] req=16769024 hits=6308231 fwd=41167 rows=10460771 fwd_ms=711742.9 eval=0 prior=0
[inst] req=16777216 hits=6311891 fwd=41184 rows=10465114 fwd_ms=711998.6 eval=0 prior=0
[inst] req=16785408 hits=6315484 fwd=41203 rows=10469760 fwd_ms=712275.5 eval=0 prior=0
[inst] req=16793600 hits=6319257 fwd=41220 rows=10474105 fwd_ms=712531.5 eval=0 prior=0
[inst] req=16801792 hits=6322931 fwd=41238 rows=10478665 fwd_ms=712803.1 eval=0 prior=0
[inst] req=16809984 hits=6326581 fwd=41256 rows=10483242 fwd_ms=713075.0 eval=0 prior=0
[inst] req=16818176 hits=6330181 fwd=41274 rows=10487843 fwd_ms=713345.8 eval=0 prior=0
[inst] req=16826368 hits=6333925 fwd=41291 rows=10492195 fwd_ms=713601.6 eval=0 prior=0
[inst] req=16834560 hits=6337625 fwd=41309 rows=10496757 fwd_ms=713872.7 eval=0 prior=0
[inst] req=16842752 hits=6341311 fwd=41327 rows=10501365 fwd_ms=714143.7 eval=0 prior=0
[inst] req=16850944 hits=6345037 fwd=41344 rows=10505715 fwd_ms=714399.5 eval=0 prior=0
[inst] req=16859136 hits=6348941 fwd=41361 rows=10510029 fwd_ms=714654.4 eval=0 prior=0
[inst] req=16867328 hits=6352478 fwd=41379 rows=10514637 fwd_ms=714925.1 eval=0 prior=0
[inst] req=16875520 hits=6355986 fwd=41398 rows=10519500 fwd_ms=715210.8 eval=0 prior=0
[inst] req=16883712 hits=6359790 fwd=41415 rows=10523730 fwd_ms=715461.5 eval=0 prior=0
[inst] req=16891904 hits=6363529 fwd=41433 rows=10528201 fwd_ms=715726.8 eval=0 prior=0
[inst] req=16900096 hits=6367253 fwd=41451 rows=10532808 fwd_ms=715997.4 eval=0 prior=0
[inst] req=16908288 hits=6370881 fwd=41469 rows=10537401 fwd_ms=716267.8 eval=0 prior=0
[inst] req=16916480 hits=6374526 fwd=41486 rows=10541750 fwd_ms=716523.6 eval=0 prior=0
[inst] req=16924672 hits=6378205 fwd=41504 rows=10546356 fwd_ms=716794.9 eval=0 prior=0
[inst] req=16932864 hits=6381832 fwd=41522 rows=10550939 fwd_ms=717065.6 eval=0 prior=0
[inst] req=16941056 hits=6385525 fwd=41540 rows=10555520 fwd_ms=717335.8 eval=0 prior=0
[inst] req=16949248 hits=6389047 fwd=41558 rows=10560128 fwd_ms=717606.9 eval=0 prior=0
[inst] req=16957440 hits=6392858 fwd=41575 rows=10564458 fwd_ms=717862.9 eval=0 prior=0
[inst] req=16965632 hits=6396677 fwd=41592 rows=10568771 fwd_ms=718118.3 eval=0 prior=0
[inst] req=16973824 hits=6400473 fwd=41609 rows=10573122 fwd_ms=718374.9 eval=0 prior=0
[inst] req=16982016 hits=6404074 fwd=41627 rows=10577720 fwd_ms=718646.2 eval=0 prior=0
[inst] req=16990208 hits=6407616 fwd=41646 rows=10582583 fwd_ms=718932.8 eval=0 prior=0
[inst] req=16998400 hits=6411437 fwd=41663 rows=10586935 fwd_ms=719188.8 eval=0 prior=0
[inst] req=17006592 hits=6415063 fwd=41680 rows=10591287 fwd_ms=719444.6 eval=0 prior=0
[inst] req=17014784 hits=6418831 fwd=41698 rows=10595808 fwd_ms=719714.7 eval=0 prior=0
[inst] req=17022976 hits=6422646 fwd=41715 rows=10600160 fwd_ms=719970.5 eval=0 prior=0
[inst] req=17031168 hits=6426122 fwd=41734 rows=10605009 fwd_ms=720256.1 eval=0 prior=0
[inst] req=17039360 hits=6429993 fwd=41751 rows=10609358 fwd_ms=720512.0 eval=0 prior=0
[inst] req=17047552 hits=6433743 fwd=41768 rows=10613710 fwd_ms=720767.9 eval=0 prior=0
[inst] req=17055744 hits=6437441 fwd=41786 rows=10618277 fwd_ms=721039.3 eval=0 prior=0
[inst] req=17063936 hits=6441105 fwd=41803 rows=10622628 fwd_ms=721295.5 eval=0 prior=0
[inst] req=17072128 hits=6444768 fwd=41822 rows=10627160 fwd_ms=721569.9 eval=0 prior=0
[inst] req=17080320 hits=6448522 fwd=41840 rows=10631765 fwd_ms=721841.3 eval=0 prior=0
[inst] req=17088512 hits=6452395 fwd=41857 rows=10636116 fwd_ms=722097.6 eval=0 prior=0
[inst] req=17096704 hits=6456133 fwd=41874 rows=10640466 fwd_ms=722353.6 eval=0 prior=0
[inst] req=17104896 hits=6459784 fwd=41892 rows=10645047 fwd_ms=722623.6 eval=0 prior=0
[inst] req=17113088 hits=6463623 fwd=41909 rows=10649396 fwd_ms=722879.6 eval=0 prior=0
[inst] req=17121280 hits=6467399 fwd=41926 rows=10653721 fwd_ms=723134.6 eval=0 prior=0
[inst] req=17129472 hits=6470970 fwd=41944 rows=10658320 fwd_ms=723405.3 eval=0 prior=0
[inst] req=17137664 hits=6474722 fwd=41962 rows=10662912 fwd_ms=723675.8 eval=0 prior=0
[inst] req=17145856 hits=6478528 fwd=41979 rows=10667262 fwd_ms=723931.6 eval=0 prior=0
[inst] req=17154048 hits=6482133 fwd=41997 rows=10671859 fwd_ms=724202.4 eval=0 prior=0
[inst] req=17162240 hits=6485712 fwd=42015 rows=10676466 fwd_ms=724473.8 eval=0 prior=0
[inst] req=17170432 hits=6489452 fwd=42033 rows=10680940 fwd_ms=724739.7 eval=0 prior=0
[inst] req=17178624 hits=6493138 fwd=42051 rows=10685327 fwd_ms=725000.1 eval=0 prior=0
[inst] req=17186816 hits=6497026 fwd=42068 rows=10689657 fwd_ms=725255.4 eval=0 prior=0
[inst] req=17195008 hits=6500590 fwd=42086 rows=10694258 fwd_ms=725526.2 eval=0 prior=0
[inst] req=17203200 hits=6504306 fwd=42104 rows=10698840 fwd_ms=725796.3 eval=0 prior=0
[inst] req=17211392 hits=6507987 fwd=42121 rows=10703192 fwd_ms=726052.2 eval=0 prior=0
[inst] req=17219584 hits=6511600 fwd=42139 rows=10707798 fwd_ms=726323.3 eval=0 prior=0
[inst] req=17227776 hits=6515598 fwd=42156 rows=10712148 fwd_ms=726579.4 eval=0 prior=0
[inst] req=17235968 hits=6519325 fwd=42173 rows=10716499 fwd_ms=726835.4 eval=0 prior=0
[inst] req=17244160 hits=6522808 fwd=42191 rows=10721097 fwd_ms=727105.8 eval=0 prior=0
[inst] req=17252352 hits=6526565 fwd=42209 rows=10725694 fwd_ms=727376.5 eval=0 prior=0
[inst] req=17260544 hits=6530394 fwd=42226 rows=10729923 fwd_ms=727628.3 eval=0 prior=0
[inst] req=17268736 hits=6533987 fwd=42244 rows=10734501 fwd_ms=727899.8 eval=0 prior=0
[inst] req=17276928 hits=6537400 fwd=42263 rows=10739363 fwd_ms=728185.8 eval=0 prior=0
[inst] req=17285120 hits=6541161 fwd=42280 rows=10743714 fwd_ms=728442.0 eval=0 prior=0
[inst] req=17293312 hits=6544902 fwd=42298 rows=10748321 fwd_ms=728712.8 eval=0 prior=0
[inst] req=17301504 hits=6548444 fwd=42317 rows=10753018 fwd_ms=728994.1 eval=0 prior=0
[inst] req=17309696 hits=6552138 fwd=42334 rows=10757353 fwd_ms=729249.2 eval=0 prior=0
[inst] req=17317888 hits=6556036 fwd=42351 rows=10761699 fwd_ms=729504.9 eval=0 prior=0
[inst] req=17326080 hits=6559614 fwd=42369 rows=10766307 fwd_ms=729776.5 eval=0 prior=0
[inst] req=17334272 hits=6563258 fwd=42387 rows=10770891 fwd_ms=730046.8 eval=0 prior=0
[inst] req=17342464 hits=6566846 fwd=42405 rows=10775439 fwd_ms=730316.0 eval=0 prior=0
[inst] req=17350656 hits=6570674 fwd=42422 rows=10779770 fwd_ms=730571.5 eval=0 prior=0
[inst] req=17358848 hits=6574474 fwd=42439 rows=10784119 fwd_ms=730827.4 eval=0 prior=0
[inst] req=17367040 hits=6578071 fwd=42458 rows=10788894 fwd_ms=731112.3 eval=0 prior=0
[inst] req=17375232 hits=6581612 fwd=42476 rows=10793501 fwd_ms=731383.2 eval=0 prior=0
[inst] req=17383424 hits=6585300 fwd=42494 rows=10798107 fwd_ms=731654.2 eval=0 prior=0
[inst] req=17391616 hits=6589295 fwd=42510 rows=10802166 fwd_ms=731894.0 eval=0 prior=0
[inst] req=17399808 hits=6592822 fwd=42529 rows=10806952 fwd_ms=732179.1 eval=0 prior=0
[inst] req=17408000 hits=6596374 fwd=42547 rows=10811558 fwd_ms=732449.6 eval=0 prior=0
[inst] req=17416192 hits=6600048 fwd=42565 rows=10816009 fwd_ms=732714.4 eval=0 prior=0
[inst] req=17424384 hits=6603682 fwd=42583 rows=10820616 fwd_ms=732985.2 eval=0 prior=0
[inst] req=17432576 hits=6607519 fwd=42600 rows=10824906 fwd_ms=733240.7 eval=0 prior=0
[inst] req=17440768 hits=6611182 fwd=42618 rows=10829514 fwd_ms=733511.5 eval=0 prior=0
[inst] req=17448960 hits=6614729 fwd=42636 rows=10834117 fwd_ms=733782.1 eval=0 prior=0
[inst] req=17457152 hits=6618246 fwd=42654 rows=10838708 fwd_ms=734052.2 eval=0 prior=0
[inst] req=17465344 hits=6621940 fwd=42672 rows=10843312 fwd_ms=734323.1 eval=0 prior=0
[inst] req=17473536 hits=6625797 fwd=42689 rows=10847664 fwd_ms=734579.0 eval=0 prior=0
[inst] req=17481728 hits=6629749 fwd=42706 rows=10851963 fwd_ms=734834.7 eval=0 prior=0
[inst] req=17489920 hits=6633256 fwd=42724 rows=10856540 fwd_ms=735104.5 eval=0 prior=0
[inst] req=17498112 hits=6636922 fwd=42743 rows=10861133 fwd_ms=735380.0 eval=0 prior=0
[inst] req=17506304 hits=6640520 fwd=42761 rows=10865727 fwd_ms=735650.6 eval=0 prior=0
[inst] req=17514496 hits=6644460 fwd=42777 rows=10869811 fwd_ms=735891.0 eval=0 prior=0
[inst] req=17522688 hits=6648010 fwd=42796 rows=10874673 fwd_ms=736176.7 eval=0 prior=0
[inst] req=17530880 hits=6651813 fwd=42813 rows=10878866 fwd_ms=736427.0 eval=0 prior=0
[inst] req=17539072 hits=6655497 fwd=42831 rows=10883463 fwd_ms=736697.5 eval=0 prior=0
[inst] req=17547264 hits=6659022 fwd=42849 rows=10888057 fwd_ms=736968.1 eval=0 prior=0
[inst] req=17555456 hits=6662733 fwd=42867 rows=10892656 fwd_ms=737238.9 eval=0 prior=0
[inst] req=17563648 hits=6666456 fwd=42884 rows=10897002 fwd_ms=737494.8 eval=0 prior=0
[inst] req=17571840 hits=6670163 fwd=42902 rows=10901606 fwd_ms=737765.5 eval=0 prior=0
[inst] req=17580032 hits=6674062 fwd=42919 rows=10905856 fwd_ms=738017.2 eval=0 prior=0
[inst] req=17588224 hits=6677758 fwd=42937 rows=10910440 fwd_ms=738287.5 eval=0 prior=0
[inst] req=17596416 hits=6681366 fwd=42955 rows=10915009 fwd_ms=738558.9 eval=0 prior=0
[inst] req=17604608 hits=6685183 fwd=42972 rows=10919360 fwd_ms=738814.8 eval=0 prior=0
[inst] req=17612800 hits=6688665 fwd=42990 rows=10923952 fwd_ms=739085.2 eval=0 prior=0
[inst] req=17620992 hits=6692406 fwd=43008 rows=10928555 fwd_ms=739355.9 eval=0 prior=0
[inst] req=17629184 hits=6696067 fwd=43026 rows=10933041 fwd_ms=739621.8 eval=0 prior=0
[inst] req=17637376 hits=6699933 fwd=43043 rows=10937338 fwd_ms=739878.0 eval=0 prior=0
[inst] req=17645568 hits=6703658 fwd=43061 rows=10941832 fwd_ms=740144.1 eval=0 prior=0
[inst] req=17653760 hits=6707375 fwd=43078 rows=10946182 fwd_ms=740399.9 eval=0 prior=0
[inst] req=17661952 hits=6711273 fwd=43095 rows=10950532 fwd_ms=740655.4 eval=0 prior=0
[inst] req=17670144 hits=6714777 fwd=43113 rows=10955138 fwd_ms=740926.2 eval=0 prior=0
[inst] req=17678336 hits=6718676 fwd=43131 rows=10959569 fwd_ms=741187.5 eval=0 prior=0
[inst] req=17686528 hits=6722704 fwd=43147 rows=10963650 fwd_ms=741427.7 eval=0 prior=0
[inst] req=17694720 hits=6726233 fwd=43165 rows=10968240 fwd_ms=741697.9 eval=0 prior=0
[inst] req=17702912 hits=6730027 fwd=43183 rows=10972660 fwd_ms=741972.6 eval=0 prior=0
[inst] req=17711104 hits=6733499 fwd=43202 rows=10977491 fwd_ms=742257.7 eval=0 prior=0
[inst] req=17719296 hits=6737382 fwd=43219 rows=10981838 fwd_ms=742513.9 eval=0 prior=0
[inst] req=17727488 hits=6741000 fwd=43237 rows=10986445 fwd_ms=742785.6 eval=0 prior=0
[inst] req=17735680 hits=6744648 fwd=43254 rows=10990796 fwd_ms=743042.2 eval=0 prior=0
[inst] req=17743872 hits=6748229 fwd=43272 rows=10995403 fwd_ms=743313.9 eval=0 prior=0
[inst] req=17752064 hits=6752009 fwd=43290 rows=10999968 fwd_ms=743585.4 eval=0 prior=0
[inst] req=17760256 hits=6755708 fwd=43307 rows=11004319 fwd_ms=743841.5 eval=0 prior=0
[inst] req=17768448 hits=6759625 fwd=43324 rows=11008669 fwd_ms=744097.6 eval=0 prior=0
[inst] req=17776640 hits=6763467 fwd=43341 rows=11012995 fwd_ms=744352.4 eval=0 prior=0
[inst] req=17784832 hits=6767078 fwd=43359 rows=11017511 fwd_ms=744623.5 eval=0 prior=0
[inst] req=17793024 hits=6770665 fwd=43377 rows=11022119 fwd_ms=744895.7 eval=0 prior=0
[inst] req=17801216 hits=6774521 fwd=43394 rows=11026469 fwd_ms=745152.2 eval=0 prior=0
[inst] req=17809408 hits=6778107 fwd=43413 rows=11031139 fwd_ms=745433.8 eval=0 prior=0
[inst] req=17817600 hits=6781944 fwd=43430 rows=11035423 fwd_ms=745689.4 eval=0 prior=0
[inst] req=17825792 hits=6785336 fwd=43449 rows=11040276 fwd_ms=745975.4 eval=0 prior=0
[inst] req=17833984 hits=6789108 fwd=43467 rows=11044753 fwd_ms=746241.8 eval=0 prior=0
[inst] req=17842176 hits=6792684 fwd=43485 rows=11049349 fwd_ms=746512.5 eval=0 prior=0
[inst] req=17850368 hits=6796285 fwd=43503 rows=11053879 fwd_ms=746782.8 eval=0 prior=0
[inst] req=17858560 hits=6800072 fwd=43521 rows=11058463 fwd_ms=747052.8 eval=0 prior=0
[inst] req=17866752 hits=6803703 fwd=43538 rows=11062814 fwd_ms=747308.7 eval=0 prior=0
[inst] req=17874944 hits=6807383 fwd=43556 rows=11067392 fwd_ms=747578.7 eval=0 prior=0
[inst] req=17883136 hits=6810986 fwd=43574 rows=11071999 fwd_ms=747849.3 eval=0 prior=0
[inst] req=17891328 hits=6814696 fwd=43592 rows=11076573 fwd_ms=748119.2 eval=0 prior=0
[inst] req=17899520 hits=6818427 fwd=43609 rows=11080923 fwd_ms=748376.6 eval=0 prior=0
[inst] req=17907712 hits=6822254 fwd=43626 rows=11085251 fwd_ms=748632.6 eval=0 prior=0
[inst] req=17915904 hits=6825908 fwd=43644 rows=11089843 fwd_ms=749688.7 eval=0 prior=0
[inst] req=17924096 hits=6829777 fwd=43661 rows=11094110 fwd_ms=750988.8 eval=0 prior=0
[inst] req=17932288 hits=6833506 fwd=43679 rows=11098702 fwd_ms=752712.6 eval=0 prior=0
[inst] req=17940480 hits=6837396 fwd=43696 rows=11102915 fwd_ms=753969.5 eval=0 prior=0
[inst] req=17948672 hits=6841400 fwd=43713 rows=11107261 fwd_ms=755693.3 eval=0 prior=0
[inst] req=17956864 hits=6845538 fwd=43728 rows=11111071 fwd_ms=757375.8 eval=0 prior=0
[inst] req=17965056 hits=6849721 fwd=43745 rows=11115328 fwd_ms=758700.7 eval=0 prior=0
[inst] req=17973248 hits=6853835 fwd=43760 rows=11119157 fwd_ms=760077.7 eval=0 prior=0
[inst] req=17981440 hits=6857940 fwd=43777 rows=11123494 fwd_ms=761545.8 eval=0 prior=0
[inst] req=17989632 hits=6862269 fwd=43792 rows=11127251 fwd_ms=762690.9 eval=0 prior=0
[inst] req=17997824 hits=6866514 fwd=43807 rows=11131087 fwd_ms=762921.5 eval=0 prior=0
[inst] req=18006016 hits=6870650 fwd=43823 rows=11135176 fwd_ms=763167.2 eval=0 prior=0
[inst] req=18014208 hits=6873800 fwd=43844 rows=11140406 fwd_ms=763505.4 eval=0 prior=0
[inst] req=18022400 hits=6875627 fwd=43869 rows=11146642 fwd_ms=763874.6 eval=0 prior=0
[inst] req=18030592 hits=6878802 fwd=43889 rows=11151761 fwd_ms=764175.8 eval=0 prior=0
[inst] req=18038784 hits=6883049 fwd=43904 rows=11155601 fwd_ms=764401.8 eval=0 prior=0
[inst] req=18046976 hits=6887373 fwd=43919 rows=11159441 fwd_ms=764627.9 eval=0 prior=0
[inst] req=18055168 hits=6891188 fwd=43936 rows=11163785 fwd_ms=764883.5 eval=0 prior=0
[inst] req=18063360 hits=6895330 fwd=43952 rows=11167880 fwd_ms=765124.6 eval=0 prior=0
[inst] req=18071552 hits=6899740 fwd=43967 rows=11171697 fwd_ms=765350.0 eval=0 prior=0
[inst] req=18079744 hits=6904026 fwd=43982 rows=11175534 fwd_ms=765576.3 eval=0 prior=0
[inst] req=18087936 hits=6908298 fwd=43998 rows=11179529 fwd_ms=765816.1 eval=0 prior=0
[inst] req=18096128 hits=6912556 fwd=44013 rows=11183354 fwd_ms=766042.2 eval=0 prior=0
[inst] req=18104320 hits=6916611 fwd=44030 rows=11187612 fwd_ms=766297.3 eval=0 prior=0
[inst] req=18112512 hits=6920965 fwd=44045 rows=11191303 fwd_ms=766522.3 eval=0 prior=0
[inst] req=18120704 hits=6925274 fwd=44061 rows=11195180 fwd_ms=766756.5 eval=0 prior=0
[inst] req=18128896 hits=6929567 fwd=44077 rows=11199248 fwd_ms=766996.5 eval=0 prior=0
[inst] req=18137088 hits=6933720 fwd=44093 rows=11203313 fwd_ms=767236.9 eval=0 prior=0
[inst] req=18145280 hits=6938130 fwd=44107 rows=11206894 fwd_ms=767448.0 eval=0 prior=0
[inst] req=18153472 hits=6942156 fwd=44124 rows=11211240 fwd_ms=767704.3 eval=0 prior=0
[inst] req=18161664 hits=6946412 fwd=44140 rows=11215209 fwd_ms=767944.9 eval=0 prior=0
[inst] req=18169856 hits=6950839 fwd=44155 rows=11218995 fwd_ms=768171.1 eval=0 prior=0
[inst] req=18178048 hits=6955262 fwd=44169 rows=11222578 fwd_ms=768382.4 eval=0 prior=0
[inst] req=18186240 hits=6959504 fwd=44185 rows=11226650 fwd_ms=768623.2 eval=0 prior=0
[inst] req=18194432 hits=6963514 fwd=44202 rows=11230910 fwd_ms=768878.2 eval=0 prior=0
[inst] req=18202624 hits=6967923 fwd=44216 rows=11234465 fwd_ms=769088.7 eval=0 prior=0
[inst] req=18210816 hits=6972156 fwd=44232 rows=11238537 fwd_ms=769329.4 eval=0 prior=0
[inst] req=18219008 hits=6976490 fwd=44248 rows=11242462 fwd_ms=769564.3 eval=0 prior=0
[inst] req=18227200 hits=6980716 fwd=44263 rows=11246234 fwd_ms=769790.0 eval=0 prior=0
[inst] req=18235392 hits=6984974 fwd=44280 rows=11250228 fwd_ms=770033.8 eval=0 prior=0
[inst] req=18243584 hits=6989598 fwd=44296 rows=11253906 fwd_ms=770258.0 eval=0 prior=0
[inst] req=18251776 hits=6994086 fwd=44310 rows=11257470 fwd_ms=770469.1 eval=0 prior=0
[inst] req=18259968 hits=6998363 fwd=44326 rows=11261564 fwd_ms=770710.5 eval=0 prior=0
[inst] req=18268160 hits=7002374 fwd=44342 rows=11265542 fwd_ms=770951.7 eval=0 prior=0
[inst] req=18276352 hits=7006609 fwd=44358 rows=11269602 fwd_ms=771191.6 eval=0 prior=0
[inst] req=18284544 hits=7011078 fwd=44373 rows=11273440 fwd_ms=771417.4 eval=0 prior=0
[inst] req=18292736 hits=7015463 fwd=44387 rows=11277021 fwd_ms=771628.2 eval=0 prior=0
[inst] req=18300928 hits=7020019 fwd=44402 rows=11280695 fwd_ms=771852.1 eval=0 prior=0
[inst] req=18309120 hits=7024053 fwd=44419 rows=11284882 fwd_ms=772103.5 eval=0 prior=0
[inst] req=18317312 hits=7028225 fwd=44435 rows=11288967 fwd_ms=772344.0 eval=0 prior=0
[inst] req=18325504 hits=7032473 fwd=44451 rows=11292839 fwd_ms=772579.3 eval=0 prior=0
[inst] req=18333696 hits=7037097 fwd=44465 rows=11296386 fwd_ms=772790.6 eval=0 prior=0
[inst] req=18341888 hits=7041119 fwd=44482 rows=11300720 fwd_ms=773046.2 eval=0 prior=0
[inst] req=18350080 hits=7045300 fwd=44497 rows=11304547 fwd_ms=773272.3 eval=0 prior=0
[inst] req=18358272 hits=7049430 fwd=44513 rows=11308599 fwd_ms=773511.7 eval=0 prior=0
[inst] req=18366464 hits=7053699 fwd=44529 rows=11312561 fwd_ms=773756.7 eval=0 prior=0
[inst] req=18374656 hits=7058066 fwd=44545 rows=11316509 fwd_ms=773996.6 eval=0 prior=0
[inst] req=18382848 hits=7062039 fwd=44561 rows=11320598 fwd_ms=774237.3 eval=0 prior=0
[inst] req=18391040 hits=7066169 fwd=44578 rows=11324811 fwd_ms=774487.8 eval=0 prior=0
[inst] req=18399232 hits=7070511 fwd=44593 rows=11328634 fwd_ms=774713.0 eval=0 prior=0
[inst] req=18407424 hits=7074601 fwd=44610 rows=11332804 fwd_ms=774963.5 eval=0 prior=0
[inst] req=18415616 hits=7078703 fwd=44626 rows=11336785 fwd_ms=775202.3 eval=0 prior=0
[inst] req=18423808 hits=7083166 fwd=44641 rows=11340609 fwd_ms=775427.9 eval=0 prior=0
[inst] req=18432000 hits=7087392 fwd=44657 rows=11344600 fwd_ms=775666.8 eval=0 prior=0
[inst] req=18440192 hits=7091575 fwd=44672 rows=11348421 fwd_ms=775891.7 eval=0 prior=0
[inst] req=18448384 hits=7095770 fwd=44688 rows=11352478 fwd_ms=776132.9 eval=0 prior=0
[inst] req=18456576 hits=7100061 fwd=44703 rows=11356286 fwd_ms=776358.4 eval=0 prior=0
[inst] req=18464768 hits=7104325 fwd=44720 rows=11360282 fwd_ms=776601.5 eval=0 prior=0
[inst] req=18472960 hits=7108400 fwd=44736 rows=11364342 fwd_ms=776841.1 eval=0 prior=0
[inst] req=18481152 hits=7112671 fwd=44752 rows=11368305 fwd_ms=777076.7 eval=0 prior=0
[inst] req=18489344 hits=7116796 fwd=44768 rows=11372297 fwd_ms=777316.0 eval=0 prior=0
[inst] req=18497536 hits=7120977 fwd=44785 rows=11376486 fwd_ms=777565.3 eval=0 prior=0
[inst] req=18505728 hits=7125353 fwd=44800 rows=11380134 fwd_ms=777788.2 eval=0 prior=0
[inst] req=18513920 hits=7129509 fwd=44816 rows=11384180 fwd_ms=778028.4 eval=0 prior=0
[inst] req=18522112 hits=7134041 fwd=44831 rows=11388010 fwd_ms=778253.6 eval=0 prior=0
[inst] req=18530304 hits=7138409 fwd=44846 rows=11391837 fwd_ms=778478.8 eval=0 prior=0
[inst] req=18538496 hits=7142820 fwd=44861 rows=11395671 fwd_ms=778704.4 eval=0 prior=0
[inst] req=18546688 hits=7146795 fwd=44877 rows=11399711 fwd_ms=778943.4 eval=0 prior=0
[inst] req=18554880 hits=7151083 fwd=44892 rows=11403541 fwd_ms=779169.0 eval=0 prior=0
[inst] req=18563072 hits=7155333 fwd=44908 rows=11407620 fwd_ms=779409.2 eval=0 prior=0
[inst] req=18571264 hits=7159611 fwd=44923 rows=11411453 fwd_ms=779634.4 eval=0 prior=0
[inst] req=18579456 hits=7163928 fwd=44938 rows=11415276 fwd_ms=779859.5 eval=0 prior=0
[inst] req=18587648 hits=7168184 fwd=44954 rows=11419339 fwd_ms=780099.2 eval=0 prior=0
[inst] req=18595840 hits=7172485 fwd=44969 rows=11423175 fwd_ms=780324.8 eval=0 prior=0
[inst] req=18604032 hits=7176951 fwd=44984 rows=11426999 fwd_ms=780550.2 eval=0 prior=0
[inst] req=18612224 hits=7181179 fwd=44999 rows=11430839 fwd_ms=780776.3 eval=0 prior=0
[inst] req=18620416 hits=7185405 fwd=45015 rows=11434819 fwd_ms=781012.6 eval=0 prior=0
[inst] req=18628608 hits=7189586 fwd=45031 rows=11438892 fwd_ms=781252.6 eval=0 prior=0
[inst] req=18636800 hits=7193995 fwd=45046 rows=11442692 fwd_ms=781478.7 eval=0 prior=0
[inst] req=18644992 hits=7198225 fwd=45061 rows=11446523 fwd_ms=781704.5 eval=0 prior=0
[inst] req=18653184 hits=7202631 fwd=45077 rows=11450454 fwd_ms=781939.9 eval=0 prior=0
[inst] req=18661376 hits=7206830 fwd=45093 rows=11454532 fwd_ms=782180.4 eval=0 prior=0
[inst] req=18669568 hits=7211156 fwd=45108 rows=11458365 fwd_ms=782406.3 eval=0 prior=0
[inst] req=18677760 hits=7215443 fwd=45124 rows=11462281 fwd_ms=782639.7 eval=0 prior=0
[inst] req=18685952 hits=7219648 fwd=45139 rows=11466060 fwd_ms=782863.6 eval=0 prior=0
[inst] req=18694144 hits=7224100 fwd=45154 rows=11469900 fwd_ms=783089.4 eval=0 prior=0
[inst] req=18702336 hits=7228470 fwd=45169 rows=11473735 fwd_ms=783315.3 eval=0 prior=0
[inst] req=18710528 hits=7232705 fwd=45184 rows=11477567 fwd_ms=783541.1 eval=0 prior=0
[inst] req=18718720 hits=7236911 fwd=45200 rows=11481663 fwd_ms=783781.8 eval=0 prior=0
[inst] req=18726912 hits=7241289 fwd=45215 rows=11485481 fwd_ms=784007.3 eval=0 prior=0
[inst] req=18735104 hits=7245507 fwd=45231 rows=11489569 fwd_ms=784248.1 eval=0 prior=0
[inst] req=18743296 hits=7249823 fwd=45246 rows=11493371 fwd_ms=784473.0 eval=0 prior=0
[inst] req=18751488 hits=7253993 fwd=45263 rows=11497329 fwd_ms=784709.0 eval=0 prior=0
[inst] req=18759680 hits=7258411 fwd=45279 rows=11501142 fwd_ms=784939.2 eval=0 prior=0
[inst] req=18767872 hits=7262698 fwd=45294 rows=11504982 fwd_ms=785165.0 eval=0 prior=0
[inst] req=18776064 hits=7267132 fwd=45309 rows=11508770 fwd_ms=785390.9 eval=0 prior=0
[inst] req=18784256 hits=7271422 fwd=45324 rows=11512610 fwd_ms=785616.9 eval=0 prior=0
[inst] req=18792448 hits=7275742 fwd=45340 rows=11516648 fwd_ms=785857.8 eval=0 prior=0
[inst] req=18800640 hits=7279982 fwd=45355 rows=11520473 fwd_ms=786083.1 eval=0 prior=0
[inst] req=18808832 hits=7284303 fwd=45370 rows=11524312 fwd_ms=786308.9 eval=0 prior=0
[inst] req=18817024 hits=7288557 fwd=45386 rows=11528396 fwd_ms=786549.5 eval=0 prior=0
[inst] req=18825216 hits=7293217 fwd=45400 rows=11531862 fwd_ms=786755.6 eval=0 prior=0
[inst] req=18833408 hits=7297352 fwd=45416 rows=11535840 fwd_ms=786994.2 eval=0 prior=0
[inst] req=18841600 hits=7301661 fwd=45432 rows=11539926 fwd_ms=787234.9 eval=0 prior=0
[inst] req=18849792 hits=7305694 fwd=45448 rows=11544000 fwd_ms=787475.3 eval=0 prior=0
[inst] req=18857984 hits=7309713 fwd=45464 rows=11548090 fwd_ms=787716.1 eval=0 prior=0
[inst] req=18866176 hits=7314189 fwd=45479 rows=11551924 fwd_ms=787941.7 eval=0 prior=0
[inst] req=18874368 hits=7318374 fwd=45494 rows=11555758 fwd_ms=788167.9 eval=0 prior=0
[inst] req=18882560 hits=7322610 fwd=45510 rows=11559806 fwd_ms=788408.0 eval=0 prior=0
[inst] req=18890752 hits=7326908 fwd=45525 rows=11563645 fwd_ms=788634.1 eval=0 prior=0
[inst] req=18898944 hits=7331138 fwd=45541 rows=11567714 fwd_ms=788873.8 eval=0 prior=0
[inst] req=18907136 hits=7335447 fwd=45556 rows=11571551 fwd_ms=789099.6 eval=0 prior=0
[inst] req=18915328 hits=7339631 fwd=45572 rows=11575549 fwd_ms=789339.2 eval=0 prior=0
[inst] req=18923520 hits=7344092 fwd=45587 rows=11579383 fwd_ms=789565.1 eval=0 prior=0
[inst] req=18931712 hits=7348547 fwd=45602 rows=11583149 fwd_ms=789790.6 eval=0 prior=0
[inst] req=18939904 hits=7352563 fwd=45618 rows=11587240 fwd_ms=790031.3 eval=0 prior=0
[inst] req=18948096 hits=7356768 fwd=45634 rows=11591278 fwd_ms=790272.6 eval=0 prior=0
[inst] req=18956288 hits=7361084 fwd=45649 rows=11595062 fwd_ms=790498.9 eval=0 prior=0
[inst] req=18964480 hits=7365497 fwd=45664 rows=11598835 fwd_ms=790724.8 eval=0 prior=0
[inst] req=18972672 hits=7369861 fwd=45679 rows=11602659 fwd_ms=790950.8 eval=0 prior=0
[inst] req=18980864 hits=7373946 fwd=45695 rows=11606732 fwd_ms=791191.6 eval=0 prior=0
[inst] req=18989056 hits=7378242 fwd=45711 rows=11610796 fwd_ms=791432.5 eval=0 prior=0
[inst] req=18997248 hits=7382525 fwd=45726 rows=11614633 fwd_ms=791658.7 eval=0 prior=0
[inst] req=19005440 hits=7387025 fwd=45741 rows=11618399 fwd_ms=791884.2 eval=0 prior=0
[inst] req=19013632 hits=7391192 fwd=45756 rows=11622199 fwd_ms=792109.6 eval=0 prior=0
[inst] req=19021824 hits=7395285 fwd=45773 rows=11626285 fwd_ms=792360.3 eval=0 prior=0
[inst] req=19030016 hits=7399690 fwd=45789 rows=11630158 fwd_ms=792591.9 eval=0 prior=0
[inst] req=19038208 hits=7404111 fwd=45805 rows=11634067 fwd_ms=792826.0 eval=0 prior=0
[inst] req=19046400 hits=7408501 fwd=45819 rows=11637647 fwd_ms=793037.2 eval=0 prior=0
[inst] req=19054592 hits=7412799 fwd=45835 rows=11641720 fwd_ms=793277.7 eval=0 prior=0
[inst] req=19062784 hits=7417077 fwd=45850 rows=11645538 fwd_ms=793503.8 eval=0 prior=0
[inst] req=19070976 hits=7421615 fwd=45864 rows=11649121 fwd_ms=793715.3 eval=0 prior=0
[inst] req=19079168 hits=7425826 fwd=45880 rows=11653193 fwd_ms=793955.7 eval=0 prior=0
[inst] req=19087360 hits=7430223 fwd=45895 rows=11657018 fwd_ms=794181.7 eval=0 prior=0
[inst] req=19095552 hits=7434415 fwd=45912 rows=11661103 fwd_ms=795495.8 eval=0 prior=0
[inst] req=19103744 hits=7438507 fwd=45928 rows=11665108 fwd_ms=797198.9 eval=0 prior=0
[inst] req=19111936 hits=7442808 fwd=45943 rows=11668874 fwd_ms=798880.8 eval=0 prior=0
[inst] req=19120128 hits=7446851 fwd=45960 rows=11673182 fwd_ms=800218.4 eval=0 prior=0
[inst] req=19128320 hits=7450870 fwd=45977 rows=11677425 fwd_ms=801221.1 eval=0 prior=0
[inst] req=19136512 hits=7454138 fwd=45996 rows=11682258 fwd_ms=802354.1 eval=0 prior=0
[inst] req=19144704 hits=7457320 fwd=46016 rows=11687378 fwd_ms=804470.4 eval=0 prior=0
[inst] req=19152896 hits=7460894 fwd=46034 rows=11691881 fwd_ms=806383.7 eval=0 prior=0
[inst] req=19161088 hits=7464680 fwd=46051 rows=11696224 fwd_ms=808098.3 eval=0 prior=0
[inst] req=19169280 hits=7468425 fwd=46069 rows=11700813 fwd_ms=808377.2 eval=0 prior=0
[inst] req=19177472 hits=7472220 fwd=46086 rows=11705134 fwd_ms=808636.1 eval=0 prior=0
[inst] req=19185664 hits=7475866 fwd=46104 rows=11709655 fwd_ms=808928.5 eval=0 prior=0
[inst] req=19193856 hits=7477351 fwd=46130 rows=11716295 fwd_ms=809321.9 eval=0 prior=0
[inst] req=19202048 hits=7480253 fwd=46151 rows=11721670 fwd_ms=809638.9 eval=0 prior=0
[inst] req=19210240 hits=7484021 fwd=46168 rows=11726018 fwd_ms=809895.4 eval=0 prior=0
[inst] req=19218432 hits=7487751 fwd=46186 rows=11730624 fwd_ms=810166.9 eval=0 prior=0
[inst] req=19226624 hits=7491442 fwd=46203 rows=11734976 fwd_ms=810423.2 eval=0 prior=0
[inst] req=19234816 hits=7494883 fwd=46222 rows=11739840 fwd_ms=810709.6 eval=0 prior=0
[inst] req=19243008 hits=7499056 fwd=46238 rows=11743927 fwd_ms=810950.8 eval=0 prior=0
[inst] req=19251200 hits=7502995 fwd=46254 rows=11748012 fwd_ms=811191.8 eval=0 prior=0
[inst] req=19259392 hits=7506866 fwd=46271 rows=11752364 fwd_ms=811448.2 eval=0 prior=0
[inst] req=19267584 hits=7510511 fwd=46289 rows=11756839 fwd_ms=811719.0 eval=0 prior=0
[inst] req=19275776 hits=7514274 fwd=46307 rows=11761440 fwd_ms=811990.3 eval=0 prior=0
[inst] req=19283968 hits=7518430 fwd=46323 rows=11765491 fwd_ms=812230.5 eval=0 prior=0
[inst] req=19292160 hits=7522675 fwd=46338 rows=11769302 fwd_ms=812456.0 eval=0 prior=0
[inst] req=19300352 hits=7526822 fwd=46354 rows=11773305 fwd_ms=812696.1 eval=0 prior=0
[inst] req=19308544 hits=7530572 fwd=46372 rows=11777874 fwd_ms=812967.9 eval=0 prior=0
[inst] req=19316736 hits=7534386 fwd=46389 rows=11782212 fwd_ms=813224.0 eval=0 prior=0
[inst] req=19324928 hits=7538523 fwd=46405 rows=11786178 fwd_ms=813460.2 eval=0 prior=0
[inst] req=19333120 hits=7542827 fwd=46422 rows=11790286 fwd_ms=813708.7 eval=0 prior=0
[inst] req=19341312 hits=7547022 fwd=46437 rows=11794118 fwd_ms=813935.0 eval=0 prior=0
[inst] req=19349504 hits=7550918 fwd=46454 rows=11798397 fwd_ms=814190.9 eval=0 prior=0
[inst] req=19357696 hits=7554637 fwd=46472 rows=11803005 fwd_ms=814462.6 eval=0 prior=0
[inst] req=19365888 hits=7558600 fwd=46488 rows=11807098 fwd_ms=814704.2 eval=0 prior=0
[inst] req=19374080 hits=7562380 fwd=46506 rows=11811652 fwd_ms=814975.9 eval=0 prior=0
[inst] req=19382272 hits=7566370 fwd=46522 rows=11815743 fwd_ms=815217.4 eval=0 prior=0
[inst] req=19390464 hits=7570368 fwd=46539 rows=11820066 fwd_ms=815473.5 eval=0 prior=0
[inst] req=19398656 hits=7574276 fwd=46555 rows=11824161 fwd_ms=815715.2 eval=0 prior=0
[inst] req=19406848 hits=7578197 fwd=46572 rows=11828508 fwd_ms=815971.7 eval=0 prior=0
[inst] req=19415040 hits=7582236 fwd=46589 rows=11832701 fwd_ms=816223.5 eval=0 prior=0
[inst] req=19423232 hits=7586501 fwd=46604 rows=11836530 fwd_ms=816449.5 eval=0 prior=0
[inst] req=19431424 hits=7590526 fwd=46621 rows=11840877 fwd_ms=816706.0 eval=0 prior=0
[inst] req=19439616 hits=7594520 fwd=46637 rows=11844969 fwd_ms=816946.9 eval=0 prior=0
[inst] req=19447808 hits=7598402 fwd=46655 rows=11849375 fwd_ms=817208.0 eval=0 prior=0
[inst] req=19456000 hits=7602555 fwd=46671 rows=11853326 fwd_ms=817444.0 eval=0 prior=0
[inst] req=19464192 hits=7606580 fwd=46687 rows=11857363 fwd_ms=817684.9 eval=0 prior=0
[inst] req=19472384 hits=7610523 fwd=46705 rows=11861830 fwd_ms=817950.8 eval=0 prior=0
[inst] req=19480576 hits=7614265 fwd=46722 rows=11866176 fwd_ms=818206.8 eval=0 prior=0
[inst] req=19488768 hits=7618144 fwd=46739 rows=11870484 fwd_ms=818462.9 eval=0 prior=0
[inst] req=19496960 hits=7622039 fwd=46756 rows=11874827 fwd_ms=818719.2 eval=0 prior=0
[inst] req=19505152 hits=7626067 fwd=46772 rows=11878921 fwd_ms=818960.4 eval=0 prior=0
[inst] req=19513344 hits=7630008 fwd=46789 rows=11883267 fwd_ms=819216.1 eval=0 prior=0
[inst] req=19521536 hits=7633932 fwd=46806 rows=11887478 fwd_ms=819468.4 eval=0 prior=0
[inst] req=19529728 hits=7637758 fwd=46823 rows=11891798 fwd_ms=819723.5 eval=0 prior=0
[inst] req=19537920 hits=7641501 fwd=46841 rows=11896293 fwd_ms=819989.9 eval=0 prior=0
[inst] req=19546112 hits=7645539 fwd=46857 rows=11900317 fwd_ms=820230.1 eval=0 prior=0
[inst] req=19554304 hits=7649448 fwd=46875 rows=11904621 fwd_ms=820490.8 eval=0 prior=0
[inst] req=19562496 hits=7653243 fwd=46893 rows=11909207 fwd_ms=820761.2 eval=0 prior=0
[inst] req=19570688 hits=7657154 fwd=46909 rows=11913303 fwd_ms=821001.7 eval=0 prior=0
[inst] req=19578880 hits=7660775 fwd=46927 rows=11917895 fwd_ms=821271.7 eval=0 prior=0
[inst] req=19587072 hits=7664744 fwd=46944 rows=11922076 fwd_ms=821522.6 eval=0 prior=0
[inst] req=19595264 hits=7668720 fwd=46961 rows=11926420 fwd_ms=821777.6 eval=0 prior=0
[inst] req=19603456 hits=7672470 fwd=46978 rows=11930771 fwd_ms=822033.2 eval=0 prior=0
[inst] req=19611648 hits=7676294 fwd=46997 rows=11935342 fwd_ms=822306.2 eval=0 prior=0
[inst] req=19619840 hits=7680247 fwd=47013 rows=11939429 fwd_ms=822547.6 eval=0 prior=0
[inst] req=19628032 hits=7684212 fwd=47030 rows=11943757 fwd_ms=822802.5 eval=0 prior=0
[inst] req=19636224 hits=7688085 fwd=47047 rows=11948091 fwd_ms=823057.4 eval=0 prior=0
[inst] req=19644416 hits=7691880 fwd=47064 rows=11952314 fwd_ms=823310.4 eval=0 prior=0
[inst] req=19652608 hits=7695670 fwd=47082 rows=11956890 fwd_ms=823579.9 eval=0 prior=0
[inst] req=19660800 hits=7699885 fwd=47097 rows=11960725 fwd_ms=823805.4 eval=0 prior=0
[inst] req=19668992 hits=7704147 fwd=47114 rows=11964755 fwd_ms=824047.4 eval=0 prior=0
[inst] req=19677184 hits=7707828 fwd=47132 rows=11969266 fwd_ms=824316.8 eval=0 prior=0
[inst] req=19685376 hits=7711963 fwd=47148 rows=11973294 fwd_ms=824556.9 eval=0 prior=0
[inst] req=19693568 hits=7715709 fwd=47165 rows=11977627 fwd_ms=824811.6 eval=0 prior=0
[inst] req=19701760 hits=7719834 fwd=47181 rows=11981722 fwd_ms=825052.1 eval=0 prior=0
[inst] req=19709952 hits=7723842 fwd=47198 rows=11986063 fwd_ms=825307.8 eval=0 prior=0
[inst] req=19718144 hits=7727785 fwd=47214 rows=11990155 fwd_ms=825548.2 eval=0 prior=0
[inst] req=19726336 hits=7731826 fwd=47231 rows=11994472 fwd_ms=825803.1 eval=0 prior=0
[inst] req=19734528 hits=7735823 fwd=47247 rows=11998561 fwd_ms=826043.7 eval=0 prior=0
[inst] req=19742720 hits=7739853 fwd=47263 rows=12002655 fwd_ms=826284.2 eval=0 prior=0
[inst] req=19750912 hits=7744049 fwd=47279 rows=12006740 fwd_ms=826524.7 eval=0 prior=0
[inst] req=19759104 hits=7747837 fwd=47296 rows=12011034 fwd_ms=826780.4 eval=0 prior=0
[inst] req=19767296 hits=7751813 fwd=47313 rows=12015365 fwd_ms=827035.3 eval=0 prior=0
[inst] req=19775488 hits=7755692 fwd=47330 rows=12019702 fwd_ms=827290.8 eval=0 prior=0
[inst] req=19783680 hits=7759511 fwd=47347 rows=12024011 fwd_ms=827545.1 eval=0 prior=0
[inst] req=19791872 hits=7763657 fwd=47363 rows=12028089 fwd_ms=827785.5 eval=0 prior=0
[inst] req=19800064 hits=7767467 fwd=47380 rows=12032413 fwd_ms=828040.4 eval=0 prior=0
[inst] req=19808256 hits=7771345 fwd=47397 rows=12036691 fwd_ms=828295.6 eval=0 prior=0
[inst] req=19816448 hits=7775257 fwd=47414 rows=12041040 fwd_ms=828551.4 eval=0 prior=0
[inst] req=19824640 hits=7779151 fwd=47432 rows=12045467 fwd_ms=828812.9 eval=0 prior=0
[inst] req=19832832 hits=7783277 fwd=47447 rows=12049306 fwd_ms=829038.5 eval=0 prior=0
[inst] req=19841024 hits=7787179 fwd=47465 rows=12053743 fwd_ms=829302.0 eval=0 prior=0
[inst] req=19849216 hits=7791104 fwd=47482 rows=12058058 fwd_ms=829558.3 eval=0 prior=0
[inst] req=19857408 hits=7795107 fwd=47499 rows=12062282 fwd_ms=829809.2 eval=0 prior=0
[inst] req=19865600 hits=7799117 fwd=47515 rows=12066307 fwd_ms=830049.4 eval=0 prior=0
[inst] req=19873792 hits=7803079 fwd=47532 rows=12070643 fwd_ms=830304.7 eval=0 prior=0
[inst] req=19881984 hits=7806802 fwd=47549 rows=12074955 fwd_ms=830560.9 eval=0 prior=0
[inst] req=19890176 hits=7810821 fwd=47566 rows=12079166 fwd_ms=830811.3 eval=0 prior=0
[inst] req=19898368 hits=7814818 fwd=47583 rows=12083487 fwd_ms=831066.4 eval=0 prior=0
[inst] req=19906560 hits=7818665 fwd=47600 rows=12087733 fwd_ms=831320.8 eval=0 prior=0
[inst] req=19914752 hits=7822854 fwd=47616 rows=12091778 fwd_ms=831560.3 eval=0 prior=0
[inst] req=19922944 hits=7826779 fwd=47633 rows=12096080 fwd_ms=831816.3 eval=0 prior=0
[inst] req=19931136 hits=7830756 fwd=47651 rows=12100326 fwd_ms=832070.0 eval=0 prior=0
[inst] req=19939328 hits=7834497 fwd=47669 rows=12104753 fwd_ms=832331.6 eval=0 prior=0
[inst] req=19947520 hits=7838699 fwd=47685 rows=12108727 fwd_ms=832567.7 eval=0 prior=0
[inst] req=19955712 hits=7842644 fwd=47702 rows=12112854 fwd_ms=832821.8 eval=0 prior=0
[inst] req=19963904 hits=7846650 fwd=47719 rows=12117199 fwd_ms=833077.6 eval=0 prior=0
[inst] req=19972096 hits=7850730 fwd=47736 rows=12121330 fwd_ms=833327.3 eval=0 prior=0
[inst] req=19980288 hits=7854750 fwd=47752 rows=12125386 fwd_ms=833567.2 eval=0 prior=0
[inst] req=19988480 hits=7858738 fwd=47769 rows=12129720 fwd_ms=833822.7 eval=0 prior=0
[inst] req=19996672 hits=7862827 fwd=47785 rows=12133657 fwd_ms=834059.5 eval=0 prior=0
[inst] req=20004864 hits=7866678 fwd=47802 rows=12138007 fwd_ms=834315.4 eval=0 prior=0
[inst] req=20013056 hits=7870798 fwd=47819 rows=12142190 fwd_ms=834564.4 eval=0 prior=0
[inst] req=20021248 hits=7874768 fwd=47836 rows=12146309 fwd_ms=834824.6 eval=0 prior=0
[inst] req=20029440 hits=7878851 fwd=47852 rows=12150371 fwd_ms=835064.9 eval=0 prior=0
[inst] req=20037632 hits=7882797 fwd=47869 rows=12154701 fwd_ms=835320.4 eval=0 prior=0
[inst] req=20045824 hits=7886680 fwd=47886 rows=12158974 fwd_ms=835575.6 eval=0 prior=0
[inst] req=20054016 hits=7890667 fwd=47903 rows=12163289 fwd_ms=835830.5 eval=0 prior=0
[inst] req=20062208 hits=7894766 fwd=47919 rows=12167344 fwd_ms=836069.9 eval=0 prior=0
[inst] req=20070400 hits=7898845 fwd=47935 rows=12171407 fwd_ms=836309.5 eval=0 prior=0
[inst] req=20078592 hits=7902660 fwd=47952 rows=12175708 fwd_ms=836565.2 eval=0 prior=0
[inst] req=20086784 hits=7906527 fwd=47969 rows=12180058 fwd_ms=836821.1 eval=0 prior=0
[inst] req=20094976 hits=7910757 fwd=47985 rows=12184133 fwd_ms=837061.7 eval=0 prior=0
[inst] req=20103168 hits=7914718 fwd=48001 rows=12188228 fwd_ms=837302.5 eval=0 prior=0
[inst] req=20111360 hits=7918877 fwd=48017 rows=12192314 fwd_ms=837543.3 eval=0 prior=0
[inst] req=20119552 hits=7922853 fwd=48034 rows=12196665 fwd_ms=837799.4 eval=0 prior=0
[inst] req=20127744 hits=7927034 fwd=48049 rows=12200474 fwd_ms=838024.5 eval=0 prior=0
[inst] req=20135936 hits=7931009 fwd=48066 rows=12204824 fwd_ms=838280.5 eval=0 prior=0
[inst] req=20144128 hits=7934976 fwd=48082 rows=12208913 fwd_ms=838521.2 eval=0 prior=0
[inst] req=20152320 hits=7939035 fwd=48099 rows=12213201 fwd_ms=838776.6 eval=0 prior=0
[inst] req=20160512 hits=7942851 fwd=48117 rows=12217609 fwd_ms=839042.1 eval=0 prior=0
[inst] req=20168704 hits=7946960 fwd=48133 rows=12221696 fwd_ms=839282.7 eval=0 prior=0
[inst] req=20176896 hits=7950865 fwd=48149 rows=12225788 fwd_ms=839523.7 eval=0 prior=0
[inst] req=20185088 hits=7954814 fwd=48166 rows=12230125 fwd_ms=839779.3 eval=0 prior=0
[inst] req=20193280 hits=7958830 fwd=48182 rows=12234203 fwd_ms=840019.7 eval=0 prior=0
[inst] req=20201472 hits=7962978 fwd=48198 rows=12238295 fwd_ms=840260.5 eval=0 prior=0
[inst] req=20209664 hits=7966999 fwd=48215 rows=12242451 fwd_ms=840522.1 eval=0 prior=0
[inst] req=20217856 hits=7971066 fwd=48232 rows=12246784 fwd_ms=840777.7 eval=0 prior=0
[inst] req=20226048 hits=7975051 fwd=48248 rows=12250880 fwd_ms=841018.6 eval=0 prior=0
[inst] req=20234240 hits=7979131 fwd=48264 rows=12254953 fwd_ms=841258.6 eval=0 prior=0
[inst] req=20242432 hits=7983221 fwd=48280 rows=12258984 fwd_ms=841499.1 eval=0 prior=0
[inst] req=20250624 hits=7987404 fwd=48296 rows=12263072 fwd_ms=841740.0 eval=0 prior=0
[inst] req=20258816 hits=7991307 fwd=48314 rows=12267498 fwd_ms=842003.1 eval=0 prior=0
[inst] req=20267008 hits=7995175 fwd=48330 rows=12271592 fwd_ms=842243.9 eval=0 prior=0
[inst] req=20275200 hits=7999377 fwd=48346 rows=12275661 fwd_ms=842484.0 eval=0 prior=0
[inst] req=20283392 hits=8003281 fwd=48363 rows=12279951 fwd_ms=842739.9 eval=0 prior=0
[inst] req=20291584 hits=8007350 fwd=48379 rows=12284016 fwd_ms=842980.0 eval=0 prior=0
[inst] req=20299776 hits=8011439 fwd=48395 rows=12288100 fwd_ms=843220.7 eval=0 prior=0
[inst] req=20307968 hits=8015497 fwd=48412 rows=12292326 fwd_ms=843474.2 eval=0 prior=0
[inst] req=20316160 hits=8019555 fwd=48428 rows=12296407 fwd_ms=843714.7 eval=0 prior=0
[inst] req=20324352 hits=8023629 fwd=48444 rows=12300493 fwd_ms=843955.4 eval=0 prior=0
[inst] req=20332544 hits=8027611 fwd=48461 rows=12304735 fwd_ms=844207.1 eval=0 prior=0
[inst] req=20340736 hits=8031558 fwd=48478 rows=12309046 fwd_ms=844463.3 eval=0 prior=0
[inst] req=20348928 hits=8035507 fwd=48495 rows=12313334 fwd_ms=844719.2 eval=0 prior=0
[inst] req=20357120 hits=8039458 fwd=48511 rows=12317428 fwd_ms=844960.2 eval=0 prior=0
[inst] req=20365312 hits=8043313 fwd=48528 rows=12321765 fwd_ms=845215.8 eval=0 prior=0
[inst] req=20373504 hits=8047384 fwd=48546 rows=12326102 fwd_ms=845476.4 eval=0 prior=0
[inst] req=20381696 hits=8051415 fwd=48562 rows=12330183 fwd_ms=845717.0 eval=0 prior=0
[inst] req=20389888 hits=8055746 fwd=48577 rows=12333994 fwd_ms=845942.1 eval=0 prior=0
[inst] req=20398080 hits=8059505 fwd=48594 rows=12338344 fwd_ms=846198.3 eval=0 prior=0
[inst] req=20406272 hits=8063442 fwd=48611 rows=12342695 fwd_ms=846454.5 eval=0 prior=0
[inst] req=20414464 hits=8067408 fwd=48628 rows=12347047 fwd_ms=846710.6 eval=0 prior=0
[inst] req=20422656 hits=8071582 fwd=48643 rows=12350825 fwd_ms=846936.0 eval=0 prior=0
[inst] req=20430848 hits=8075521 fwd=48660 rows=12355152 fwd_ms=847191.4 eval=0 prior=0
[inst] req=20439040 hits=8079454 fwd=48677 rows=12359499 fwd_ms=847447.5 eval=0 prior=0
[inst] req=20447232 hits=8083532 fwd=48693 rows=12363570 fwd_ms=847687.8 eval=0 prior=0
[inst] req=20455424 hits=8087382 fwd=48710 rows=12367909 fwd_ms=847943.3 eval=0 prior=0
[inst] req=20463616 hits=8091457 fwd=48726 rows=12371943 fwd_ms=848184.8 eval=0 prior=0
[inst] req=20471808 hits=8095516 fwd=48743 rows=12376275 fwd_ms=848441.0 eval=0 prior=0
[inst] req=20480000 hits=8099398 fwd=48760 rows=12380487 fwd_ms=848692.4 eval=0 prior=0
[inst] req=20488192 hits=8103499 fwd=48776 rows=12384569 fwd_ms=848933.4 eval=0 prior=0
[inst] req=20496384 hits=8107384 fwd=48793 rows=12388909 fwd_ms=849189.9 eval=0 prior=0
[inst] req=20504576 hits=8111603 fwd=48808 rows=12392741 fwd_ms=849416.1 eval=0 prior=0
[inst] req=20512768 hits=8115468 fwd=48825 rows=12397065 fwd_ms=849671.9 eval=0 prior=0
[inst] req=20520960 hits=8119565 fwd=48842 rows=12401388 fwd_ms=849927.6 eval=0 prior=0
[inst] req=20529152 hits=8123372 fwd=48859 rows=12405736 fwd_ms=850184.1 eval=0 prior=0
[inst] req=20537344 hits=8127487 fwd=48875 rows=12409780 fwd_ms=850425.2 eval=0 prior=0
[inst] req=20545536 hits=8131361 fwd=48892 rows=12414131 fwd_ms=850681.2 eval=0 prior=0
[inst] req=20553728 hits=8135521 fwd=48908 rows=12418205 fwd_ms=850921.8 eval=0 prior=0
[inst] req=20561920 hits=8139335 fwd=48925 rows=12422557 fwd_ms=851178.3 eval=0 prior=0
[inst] req=20570112 hits=8143292 fwd=48941 rows=12426651 fwd_ms=851419.2 eval=0 prior=0
[inst] req=20578304 hits=8147397 fwd=48957 rows=12430744 fwd_ms=851660.7 eval=0 prior=0
[inst] req=20586496 hits=8151456 fwd=48973 rows=12434830 fwd_ms=851902.9 eval=0 prior=0
[inst] req=20594688 hits=8155533 fwd=48990 rows=12439105 fwd_ms=852384.7 eval=0 prior=0
[inst] req=20602880 hits=8159484 fwd=49006 rows=12443180 fwd_ms=853366.9 eval=0 prior=0
[inst] req=20611072 hits=8163609 fwd=49022 rows=12447251 fwd_ms=854760.9 eval=0 prior=0
[inst] req=20619264 hits=8167673 fwd=49038 rows=12451335 fwd_ms=856119.2 eval=0 prior=0
[inst] req=20627456 hits=8171555 fwd=49056 rows=12455806 fwd_ms=857459.6 eval=0 prior=0
[inst] req=20635648 hits=8175170 fwd=49075 rows=12460428 fwd_ms=858680.3 eval=0 prior=0
[inst] req=20643840 hits=8178883 fwd=49092 rows=12464727 fwd_ms=859733.8 eval=0 prior=0
[inst] req=20652032 hits=8182568 fwd=49110 rows=12469289 fwd_ms=860822.8 eval=0 prior=0
[inst] req=20660224 hits=8186250 fwd=49128 rows=12473876 fwd_ms=862160.3 eval=0 prior=0
[inst] req=20668416 hits=8189918 fwd=49146 rows=12478373 fwd_ms=863505.0 eval=0 prior=0
[inst] req=20676608 hits=8193401 fwd=49164 rows=12482973 fwd_ms=865422.8 eval=0 prior=0
[inst] req=20684800 hits=8197001 fwd=49182 rows=12487545 fwd_ms=866426.3 eval=0 prior=0
[inst] req=20692992 hits=8200490 fwd=49201 rows=12492409 fwd_ms=866721.3 eval=0 prior=0
[inst] req=20701184 hits=8204192 fwd=49219 rows=12496852 fwd_ms=866995.9 eval=0 prior=0
[inst] req=20709376 hits=8205457 fwd=49247 rows=12503854 fwd_ms=867431.0 eval=0 prior=0
[inst] req=20717568 hits=8207932 fwd=49269 rows=12509485 fwd_ms=867762.8 eval=0 prior=0
[inst] req=20725760 hits=8211352 fwd=49288 rows=12514348 fwd_ms=868049.4 eval=0 prior=0
[inst] req=20733952 hits=8214993 fwd=49306 rows=12518955 fwd_ms=868320.9 eval=0 prior=0
[inst] req=20742144 hits=8218362 fwd=49324 rows=12523560 fwd_ms=868592.8 eval=0 prior=0
[inst] req=20750336 hits=8221786 fwd=49343 rows=12528424 fwd_ms=868879.3 eval=0 prior=0
[inst] req=20758528 hits=8225477 fwd=49362 rows=12533010 fwd_ms=869154.2 eval=0 prior=0
[inst] req=20766720 hits=8229014 fwd=49380 rows=12537615 fwd_ms=869426.0 eval=0 prior=0
[inst] req=20774912 hits=8232736 fwd=49397 rows=12541965 fwd_ms=869682.6 eval=0 prior=0
[inst] req=20783104 hits=8236288 fwd=49415 rows=12546571 fwd_ms=869954.3 eval=0 prior=0
[inst] req=20791296 hits=8239789 fwd=49434 rows=12551400 fwd_ms=870239.8 eval=0 prior=0
[inst] req=20799488 hits=8243560 fwd=49451 rows=12555744 fwd_ms=870496.7 eval=0 prior=0
[inst] req=20807680 hits=8247267 fwd=49469 rows=12560352 fwd_ms=870769.1 eval=0 prior=0
[inst] req=20815872 hits=8250911 fwd=49487 rows=12564831 fwd_ms=871036.2 eval=0 prior=0
[inst] req=20824064 hits=8254322 fwd=49506 rows=12569695 fwd_ms=871322.7 eval=0 prior=0
[inst] req=20832256 hits=8257835 fwd=49525 rows=12574316 fwd_ms=871599.6 eval=0 prior=0
[inst] req=20840448 hits=8261396 fwd=49543 rows=12578924 fwd_ms=871871.3 eval=0 prior=0
[inst] req=20848640 hits=8265110 fwd=49560 rows=12583276 fwd_ms=872127.9 eval=0 prior=0
[inst] req=20856832 hits=8268519 fwd=49579 rows=12588059 fwd_ms=872413.6 eval=0 prior=0
[inst] req=20865024 hits=8272113 fwd=49597 rows=12592667 fwd_ms=872685.0 eval=0 prior=0
[inst] req=20873216 hits=8275635 fwd=49616 rows=12597525 fwd_ms=872971.3 eval=0 prior=0
[inst] req=20881408 hits=8279266 fwd=49634 rows=12602112 fwd_ms=873242.1 eval=0 prior=0
[inst] req=20889600 hits=8283021 fwd=49651 rows=12606458 fwd_ms=873498.4 eval=0 prior=0
[inst] req=20897792 hits=8286610 fwd=49669 rows=12611062 fwd_ms=873769.7 eval=0 prior=0
[inst] req=20905984 hits=8290145 fwd=49687 rows=12615670 fwd_ms=874041.3 eval=0 prior=0
[inst] req=20914176 hits=8293664 fwd=49705 rows=12620277 fwd_ms=874313.8 eval=0 prior=0
[inst] req=20922368 hits=8297520 fwd=49722 rows=12624626 fwd_ms=874571.0 eval=0 prior=0
[inst] req=20930560 hits=8301125 fwd=49741 rows=12629379 fwd_ms=874855.4 eval=0 prior=0
[inst] req=20938752 hits=8304546 fwd=49759 rows=12633985 fwd_ms=875127.7 eval=0 prior=0
[inst] req=20946944 hits=8307968 fwd=49778 rows=12638849 fwd_ms=875415.6 eval=0 prior=0
[inst] req=20955136 hits=8311468 fwd=49797 rows=12643615 fwd_ms=875702.1 eval=0 prior=0
[inst] req=20963328 hits=8314997 fwd=49815 rows=12648223 fwd_ms=875973.2 eval=0 prior=0
[inst] req=20971520 hits=8318810 fwd=49832 rows=12652558 fwd_ms=876228.6 eval=0 prior=0
[inst] req=20979712 hits=8322455 fwd=49850 rows=12657166 fwd_ms=876499.6 eval=0 prior=0
[inst] req=20987904 hits=8325834 fwd=49869 rows=12662023 fwd_ms=876786.0 eval=0 prior=0
[inst] req=20996096 hits=8329461 fwd=49887 rows=12666628 fwd_ms=877057.3 eval=0 prior=0
[inst] req=21004288 hits=8333147 fwd=49904 rows=12670965 fwd_ms=877312.8 eval=0 prior=0
[inst] req=21012480 hits=8336779 fwd=49922 rows=12675571 fwd_ms=877583.7 eval=0 prior=0
[inst] req=21020672 hits=8340416 fwd=49940 rows=12680057 fwd_ms=877850.0 eval=0 prior=0
[inst] req=21028864 hits=8344033 fwd=49958 rows=12684650 fwd_ms=878120.5 eval=0 prior=0
[inst] req=21037056 hits=8347412 fwd=49977 rows=12689499 fwd_ms=878406.3 eval=0 prior=0
[inst] req=21045248 hits=8351180 fwd=49995 rows=12693959 fwd_ms=878675.5 eval=0 prior=0
[inst] req=21053440 hits=8354842 fwd=50013 rows=12698388 fwd_ms=878938.9 eval=0 prior=0
[inst] req=21061632 hits=8358422 fwd=50031 rows=12702986 fwd_ms=879209.3 eval=0 prior=0
[inst] req=21069824 hits=8361993 fwd=50049 rows=12707578 fwd_ms=879478.9 eval=0 prior=0
[inst] req=21078016 hits=8365451 fwd=50068 rows=12712441 fwd_ms=879764.2 eval=0 prior=0
[inst] req=21086208 hits=8369038 fwd=50086 rows=12716934 fwd_ms=880029.8 eval=0 prior=0
[inst] req=21094400 hits=8372898 fwd=50103 rows=12721285 fwd_ms=880285.2 eval=0 prior=0
[inst] req=21102592 hits=8376351 fwd=50123 rows=12726185 fwd_ms=880584.0 eval=0 prior=0
[inst] req=21110784 hits=8379831 fwd=50141 rows=12730780 fwd_ms=880854.1 eval=0 prior=0
[inst] req=21118976 hits=8383447 fwd=50159 rows=12735387 fwd_ms=881124.9 eval=0 prior=0
[inst] req=21127168 hits=8386896 fwd=50178 rows=12740110 fwd_ms=881410.9 eval=0 prior=0
[inst] req=21135360 hits=8390523 fwd=50197 rows=12744736 fwd_ms=881686.9 eval=0 prior=0
[inst] req=21143552 hits=8394218 fwd=50215 rows=12749156 fwd_ms=881949.6 eval=0 prior=0
[inst] req=21151744 hits=8397463 fwd=50235 rows=12754100 fwd_ms=882240.2 eval=0 prior=0
[inst] req=21159936 hits=8401176 fwd=50253 rows=12758613 fwd_ms=882508.6 eval=0 prior=0
[inst] req=21168128 hits=8404722 fwd=50272 rows=12763342 fwd_ms=882788.9 eval=0 prior=0
[inst] req=21176320 hits=8408618 fwd=50289 rows=12767676 fwd_ms=883044.0 eval=0 prior=0
[inst] req=21184512 hits=8412456 fwd=50306 rows=12771902 fwd_ms=883294.9 eval=0 prior=0
[inst] req=21192704 hits=8415946 fwd=50324 rows=12776510 fwd_ms=883565.7 eval=0 prior=0
[inst] req=21200896 hits=8419777 fwd=50342 rows=12781109 fwd_ms=883836.3 eval=0 prior=0
[inst] req=21209088 hits=8423236 fwd=50360 rows=12785699 fwd_ms=884106.7 eval=0 prior=0
[inst] req=21217280 hits=8427115 fwd=50377 rows=12790050 fwd_ms=884362.1 eval=0 prior=0
[inst] req=21225472 hits=8430678 fwd=50395 rows=12794654 fwd_ms=884633.1 eval=0 prior=0
[inst] req=21233664 hits=8434423 fwd=50412 rows=12798998 fwd_ms=884888.8 eval=0 prior=0
[inst] req=21241856 hits=8437837 fwd=50431 rows=12803861 fwd_ms=885174.7 eval=0 prior=0
[inst] req=21250048 hits=8441620 fwd=50448 rows=12808197 fwd_ms=885430.4 eval=0 prior=0
[inst] req=21258240 hits=8445345 fwd=50466 rows=12812798 fwd_ms=885701.3 eval=0 prior=0
[inst] req=21266432 hits=8449194 fwd=50483 rows=12817118 fwd_ms=885956.5 eval=0 prior=0
[inst] req=21274624 hits=8452526 fwd=50502 rows=12821981 fwd_ms=886242.6 eval=0 prior=0
[inst] req=21282816 hits=8456451 fwd=50519 rows=12826333 fwd_ms=886499.2 eval=0 prior=0
[inst] req=21291008 hits=8459814 fwd=50537 rows=12830941 fwd_ms=886770.6 eval=0 prior=0
[inst] req=21299200 hits=8463587 fwd=50555 rows=12835548 fwd_ms=887041.6 eval=0 prior=0
[inst] req=21307392 hits=8467300 fwd=50572 rows=12839876 fwd_ms=887296.9 eval=0 prior=0
[inst] req=21315584 hits=8470978 fwd=50590 rows=12844484 fwd_ms=887568.3 eval=0 prior=0
[inst] req=21323776 hits=8474574 fwd=50608 rows=12849045 fwd_ms=887839.6 eval=0 prior=0
[inst] req=21331968 hits=8478204 fwd=50626 rows=12853636 fwd_ms=888110.6 eval=0 prior=0
[inst] req=21340160 hits=8481576 fwd=50645 rows=12858490 fwd_ms=888396.7 eval=0 prior=0
[inst] req=21348352 hits=8485309 fwd=50662 rows=12862841 fwd_ms=888653.1 eval=0 prior=0
[inst] req=21356544 hits=8489105 fwd=50679 rows=12867193 fwd_ms=888909.5 eval=0 prior=0
[inst] req=21364736 hits=8492519 fwd=50698 rows=12872057 fwd_ms=889196.1 eval=0 prior=0
[inst] req=21372928 hits=8496276 fwd=50715 rows=12876402 fwd_ms=889452.3 eval=0 prior=0
[inst] req=21381120 hits=8499972 fwd=50734 rows=12881138 fwd_ms=889737.8 eval=0 prior=0
[inst] req=21389312 hits=8503541 fwd=50752 rows=12885705 fwd_ms=890009.4 eval=0 prior=0
[inst] req=21397504 hits=8507364 fwd=50769 rows=12890050 fwd_ms=890265.6 eval=0 prior=0
[inst] req=21405696 hits=8510904 fwd=50787 rows=12894608 fwd_ms=890536.8 eval=0 prior=0
[inst] req=21413888 hits=8514602 fwd=50805 rows=12899102 fwd_ms=890807.6 eval=0 prior=0
[inst] req=21422080 hits=8518074 fwd=50824 rows=12903957 fwd_ms=891093.8 eval=0 prior=0
[inst] req=21430272 hits=8521803 fwd=50841 rows=12908250 fwd_ms=891349.6 eval=0 prior=0
[inst] req=21438464 hits=8525388 fwd=50859 rows=12912856 fwd_ms=891620.7 eval=0 prior=0
[inst] req=21446656 hits=8529082 fwd=50877 rows=12917323 fwd_ms=891886.2 eval=0 prior=0
[inst] req=21454848 hits=8532584 fwd=50896 rows=12922164 fwd_ms=892171.3 eval=0 prior=0
[inst] req=21463040 hits=8536185 fwd=50914 rows=12926772 fwd_ms=892442.2 eval=0 prior=0
[inst] req=21471232 hits=8539785 fwd=50932 rows=12931229 fwd_ms=892711.9 eval=0 prior=0
[inst] req=21479424 hits=8543372 fwd=50951 rows=12936047 fwd_ms=892998.0 eval=0 prior=0
[inst] req=21487616 hits=8547073 fwd=50968 rows=12940301 fwd_ms=893252.7 eval=0 prior=0
[inst] req=21495808 hits=8550783 fwd=50986 rows=12944907 fwd_ms=893523.7 eval=0 prior=0
[inst] req=21504000 hits=8554361 fwd=51004 rows=12949484 fwd_ms=893795.2 eval=0 prior=0
[inst] req=21512192 hits=8557978 fwd=51022 rows=12954090 fwd_ms=894066.4 eval=0 prior=0
[inst] req=21520384 hits=8561936 fwd=51039 rows=12958439 fwd_ms=894322.6 eval=0 prior=0
[inst] req=21528576 hits=8565339 fwd=51057 rows=12963015 fwd_ms=894594.1 eval=0 prior=0
[inst] req=21536768 hits=8569081 fwd=51075 rows=12967590 fwd_ms=894865.7 eval=0 prior=0
[inst] req=21544960 hits=8572693 fwd=51093 rows=12972124 fwd_ms=895135.8 eval=0 prior=0
[inst] req=21553152 hits=8576420 fwd=51110 rows=12976476 fwd_ms=895391.8 eval=0 prior=0
[inst] req=21561344 hits=8580110 fwd=51128 rows=12981080 fwd_ms=895662.5 eval=0 prior=0
[inst] req=21569536 hits=8583683 fwd=51147 rows=12985799 fwd_ms=895942.2 eval=0 prior=0
[inst] req=21577728 hits=8587179 fwd=51165 rows=12990348 fwd_ms=896213.0 eval=0 prior=0
[inst] req=21585920 hits=8590746 fwd=51183 rows=12994956 fwd_ms=896484.1 eval=0 prior=0
[inst] req=21594112 hits=8594285 fwd=51202 rows=12999692 fwd_ms=896765.0 eval=0 prior=0
[inst] req=21602304 hits=8598022 fwd=51219 rows=13004026 fwd_ms=897020.3 eval=0 prior=0
[inst] req=21610496 hits=8601974 fwd=51236 rows=13008348 fwd_ms=897275.6 eval=0 prior=0
[inst] req=21618688 hits=8605509 fwd=51255 rows=13012959 fwd_ms=897553.3 eval=0 prior=0
[inst] req=21626880 hits=8609113 fwd=51273 rows=13017538 fwd_ms=897823.4 eval=0 prior=0
[inst] req=21635072 hits=8612734 fwd=51291 rows=13022144 fwd_ms=898094.3 eval=0 prior=0
[inst] req=21643264 hits=8616315 fwd=51309 rows=13026750 fwd_ms=898365.2 eval=0 prior=0
[inst] req=21651456 hits=8620016 fwd=51327 rows=13031186 fwd_ms=898628.5 eval=0 prior=0
[inst] req=21659648 hits=8623913 fwd=51344 rows=13035481 fwd_ms=898882.7 eval=0 prior=0
[inst] req=21667840 hits=8627817 fwd=51361 rows=13039807 fwd_ms=899138.2 eval=0 prior=0
[inst] req=21676032 hits=8631592 fwd=51379 rows=13044396 fwd_ms=899409.0 eval=0 prior=0
[inst] req=21684224 hits=8635056 fwd=51397 rows=13049003 fwd_ms=899680.3 eval=0 prior=0
[inst] req=21692416 hits=8638640 fwd=51415 rows=13053596 fwd_ms=899951.1 eval=0 prior=0
[inst] req=21700608 hits=8642293 fwd=51433 rows=13058162 fwd_ms=900220.7 eval=0 prior=0
[inst] req=21708800 hits=8645907 fwd=51451 rows=13062749 fwd_ms=900491.2 eval=0 prior=0
[inst] req=21716992 hits=8649371 fwd=51470 rows=13067586 fwd_ms=900776.8 eval=0 prior=0
[inst] req=21725184 hits=8653040 fwd=51487 rows=13071897 fwd_ms=901033.4 eval=0 prior=0
[inst] req=21733376 hits=8656887 fwd=51505 rows=13076369 fwd_ms=901299.3 eval=0 prior=0
[inst] req=21741568 hits=8660422 fwd=51523 rows=13080931 fwd_ms=901570.2 eval=0 prior=0
[inst] req=21749760 hits=8664201 fwd=51541 rows=13085438 fwd_ms=901841.0 eval=0 prior=0
[inst] req=21757952 hits=8667814 fwd=51559 rows=13090011 fwd_ms=902111.0 eval=0 prior=0
[inst] req=21766144 hits=8671281 fwd=51577 rows=13094619 fwd_ms=902382.1 eval=0 prior=0
[inst] req=21774336 hits=8674921 fwd=51596 rows=13099302 fwd_ms=902660.6 eval=0 prior=0
[inst] req=21782528 hits=8678567 fwd=51614 rows=13103904 fwd_ms=902931.3 eval=0 prior=0
[inst] req=21790720 hits=8681979 fwd=51632 rows=13108508 fwd_ms=903202.2 eval=0 prior=0
[inst] req=21798912 hits=8685654 fwd=51650 rows=13113116 fwd_ms=903473.2 eval=0 prior=0
[inst] req=21807104 hits=8689182 fwd=51668 rows=13117698 fwd_ms=903743.4 eval=0 prior=0
[inst] req=21815296 hits=8692790 fwd=51686 rows=13122304 fwd_ms=904014.5 eval=0 prior=0
[inst] req=21823488 hits=8696549 fwd=51704 rows=13126904 fwd_ms=904285.3 eval=0 prior=0
[inst] req=21831680 hits=8700166 fwd=51722 rows=13131496 fwd_ms=904556.0 eval=0 prior=0
[inst] req=21839872 hits=8703927 fwd=51739 rows=13135839 fwd_ms=904811.8 eval=0 prior=0
[inst] req=21848064 hits=8707610 fwd=51757 rows=13140393 fwd_ms=905082.7 eval=0 prior=0
[inst] req=21856256 hits=8711524 fwd=51773 rows=13144488 fwd_ms=905323.7 eval=0 prior=0
[inst] req=21864448 hits=8715182 fwd=51792 rows=13149203 fwd_ms=905604.4 eval=0 prior=0
[inst] req=21872640 hits=8718881 fwd=51809 rows=13153555 fwd_ms=905860.5 eval=0 prior=0
[inst] req=21880832 hits=8722368 fwd=51828 rows=13158410 fwd_ms=906146.5 eval=0 prior=0
[inst] req=21889024 hits=8726110 fwd=51845 rows=13162762 fwd_ms=906402.4 eval=0 prior=0
[inst] req=21897216 hits=8729743 fwd=51863 rows=13167369 fwd_ms=906673.6 eval=0 prior=0
[inst] req=21905408 hits=8733346 fwd=51881 rows=13171959 fwd_ms=906944.2 eval=0 prior=0
[inst] req=21913600 hits=8736919 fwd=51899 rows=13176559 fwd_ms=907215.0 eval=0 prior=0
[inst] req=21921792 hits=8740654 fwd=51917 rows=13180926 fwd_ms=907476.4 eval=0 prior=0
[inst] req=21929984 hits=8744320 fwd=51935 rows=13185531 fwd_ms=907747.4 eval=0 prior=0
[inst] req=21938176 hits=8748174 fwd=51952 rows=13189866 fwd_ms=908002.8 eval=0 prior=0
[inst] req=21946368 hits=8752030 fwd=51969 rows=13194217 fwd_ms=908259.1 eval=0 prior=0
[inst] req=21954560 hits=8755724 fwd=51987 rows=13198818 fwd_ms=908530.4 eval=0 prior=0
[inst] req=21962752 hits=8759328 fwd=52006 rows=13203406 fwd_ms=908804.9 eval=0 prior=0
[inst] req=21970944 hits=8763165 fwd=52023 rows=13207742 fwd_ms=909060.8 eval=0 prior=0
[inst] req=21979136 hits=8767018 fwd=52040 rows=13212017 fwd_ms=909316.2 eval=0 prior=0
[inst] req=21987328 hits=8770923 fwd=52057 rows=13216369 fwd_ms=909572.4 eval=0 prior=0
[inst] req=21995520 hits=8774726 fwd=52074 rows=13220715 fwd_ms=909828.4 eval=0 prior=0
[inst] req=22003712 hits=8778585 fwd=52091 rows=13225064 fwd_ms=910084.9 eval=0 prior=0
[inst] req=22011904 hits=8782220 fwd=52109 rows=13229659 fwd_ms=910356.0 eval=0 prior=0
[inst] req=22020096 hits=8785905 fwd=52126 rows=13233935 fwd_ms=910611.3 eval=0 prior=0
[inst] req=22028288 hits=8789613 fwd=52144 rows=13238543 fwd_ms=910882.6 eval=0 prior=0
[inst] req=22036480 hits=8793357 fwd=52161 rows=13242869 fwd_ms=911137.8 eval=0 prior=0
[inst] req=22044672 hits=8797056 fwd=52179 rows=13247393 fwd_ms=911408.1 eval=0 prior=0
[inst] req=22052864 hits=8800654 fwd=52199 rows=13252117 fwd_ms=911694.8 eval=0 prior=0
[inst] req=22061056 hits=8804362 fwd=52216 rows=13256467 fwd_ms=911951.2 eval=0 prior=0
[inst] req=22069248 hits=8807936 fwd=52234 rows=13261073 fwd_ms=912222.9 eval=0 prior=0
[inst] req=22077440 hits=8811604 fwd=52252 rows=13265641 fwd_ms=912494.5 eval=0 prior=0
[inst] req=22085632 hits=8815289 fwd=52270 rows=13270229 fwd_ms=912765.4 eval=0 prior=0
[inst] req=22093824 hits=8819087 fwd=52287 rows=13274580 fwd_ms=913021.5 eval=0 prior=0
[inst] req=22102016 hits=8822622 fwd=52305 rows=13279173 fwd_ms=913292.6 eval=0 prior=0
[inst] req=22110208 hits=8826443 fwd=52322 rows=13283519 fwd_ms=913548.7 eval=0 prior=0
[inst] req=22118400 hits=8829933 fwd=52341 rows=13288342 fwd_ms=913835.4 eval=0 prior=0
[inst] req=22126592 hits=8833616 fwd=52359 rows=13292950 fwd_ms=914106.7 eval=0 prior=0
[inst] req=22134784 hits=8837403 fwd=52376 rows=13297263 fwd_ms=914361.9 eval=0 prior=0
[inst] req=22142976 hits=8841078 fwd=52394 rows=13301861 fwd_ms=914633.1 eval=0 prior=0
[inst] req=22151168 hits=8844868 fwd=52411 rows=13306172 fwd_ms=914889.5 eval=0 prior=0
[inst] req=22159360 hits=8848470 fwd=52429 rows=13310779 fwd_ms=915160.7 eval=0 prior=0
[inst] req=22167552 hits=8852179 fwd=52447 rows=13315337 fwd_ms=915431.7 eval=0 prior=0
[inst] req=22175744 hits=8855969 fwd=52464 rows=13319689 fwd_ms=915688.0 eval=0 prior=0
[inst] req=22183936 hits=8859616 fwd=52482 rows=13324296 fwd_ms=915959.2 eval=0 prior=0
[inst] req=22192128 hits=8863333 fwd=52499 rows=13328616 fwd_ms=916215.9 eval=0 prior=0
[inst] req=22200320 hits=8867024 fwd=52517 rows=13333137 fwd_ms=916486.1 eval=0 prior=0
[inst] req=22208512 hits=8870554 fwd=52535 rows=13337739 fwd_ms=916757.6 eval=0 prior=0
[inst] req=22216704 hits=8874446 fwd=52552 rows=13342085 fwd_ms=917014.2 eval=0 prior=0
[inst] req=22224896 hits=8878024 fwd=52570 rows=13346693 fwd_ms=917285.9 eval=0 prior=0
[inst] req=22233088 hits=8881760 fwd=52588 rows=13351299 fwd_ms=917557.2 eval=0 prior=0
[inst] req=22241280 hits=8885499 fwd=52605 rows=13355651 fwd_ms=917813.3 eval=0 prior=0
[inst] req=22249472 hits=8889192 fwd=52623 rows=13360259 fwd_ms=918084.8 eval=0 prior=0
[inst] req=22257664 hits=8892903 fwd=52640 rows=13364596 fwd_ms=918340.7 eval=0 prior=0
[inst] req=22265856 hits=8896887 fwd=52657 rows=13368941 fwd_ms=918597.1 eval=0 prior=0
[inst] req=22274048 hits=8900502 fwd=52674 rows=13373292 fwd_ms=918853.4 eval=0 prior=0
[inst] req=22282240 hits=8904050 fwd=52693 rows=13377983 fwd_ms=919132.2 eval=0 prior=0
[inst] req=22290432 hits=8907558 fwd=52712 rows=13382844 fwd_ms=919418.5 eval=0 prior=0
[inst] req=22298624 hits=8911301 fwd=52729 rows=13387195 fwd_ms=919674.7 eval=0 prior=0
[inst] req=22306816 hits=8914912 fwd=52747 rows=13391663 fwd_ms=919940.5 eval=0 prior=0
[inst] req=22315008 hits=8918511 fwd=52765 rows=13396267 fwd_ms=920211.7 eval=0 prior=0
[inst] req=22323200 hits=8922045 fwd=52784 rows=13401009 fwd_ms=920493.6 eval=0 prior=0
[inst] req=22331392 hits=8925791 fwd=52801 rows=13405356 fwd_ms=920749.7 eval=0 prior=0
[inst] req=22339584 hits=8929594 fwd=52819 rows=13409957 fwd_ms=921020.8 eval=0 prior=0
[inst] req=22347776 hits=8933192 fwd=52837 rows=13414475 fwd_ms=921291.1 eval=0 prior=0
[inst] req=22355968 hits=8936935 fwd=52854 rows=13418797 fwd_ms=921546.4 eval=0 prior=0
[inst] req=22364160 hits=8940469 fwd=52873 rows=13423659 fwd_ms=921832.8 eval=0 prior=0
[inst] req=22372352 hits=8944126 fwd=52890 rows=13428009 fwd_ms=922089.1 eval=0 prior=0
[inst] req=22380544 hits=8947950 fwd=52908 rows=13432427 fwd_ms=922352.6 eval=0 prior=0
[inst] req=22388736 hits=8951510 fwd=52927 rows=13437215 fwd_ms=922638.3 eval=0 prior=0
[inst] req=22396928 hits=8955136 fwd=52944 rows=13441556 fwd_ms=922894.1 eval=0 prior=0
[inst] req=22405120 hits=8958741 fwd=52963 rows=13446250 fwd_ms=923173.6 eval=0 prior=0
[inst] req=22413312 hits=8962691 fwd=52980 rows=13450588 fwd_ms=923429.7 eval=0 prior=0
[inst] req=22421504 hits=8966308 fwd=52998 rows=13455159 fwd_ms=923701.6 eval=0 prior=0
[inst] req=22429696 hits=8970191 fwd=53014 rows=13459252 fwd_ms=923943.1 eval=0 prior=0
[inst] req=22437888 hits=8973850 fwd=53032 rows=13463850 fwd_ms=924214.2 eval=0 prior=0
[inst] req=22446080 hits=8977596 fwd=53050 rows=13468433 fwd_ms=924484.6 eval=0 prior=0
[inst] req=22454272 hits=8981126 fwd=53068 rows=13473032 fwd_ms=924755.6 eval=0 prior=0
[inst] req=22462464 hits=8984749 fwd=53086 rows=13477640 fwd_ms=925026.6 eval=0 prior=0
[inst] req=22470656 hits=8988580 fwd=53104 rows=13482039 fwd_ms=925289.1 eval=0 prior=0
[inst] req=22478848 hits=8992235 fwd=53121 rows=13486359 fwd_ms=925545.9 eval=0 prior=0
[inst] req=22487040 hits=8995819 fwd=53139 rows=13490967 fwd_ms=925817.2 eval=0 prior=0
[inst] req=22495232 hits=8999494 fwd=53158 rows=13495711 fwd_ms=926098.7 eval=0 prior=0
[inst] req=22503424 hits=9003164 fwd=53175 rows=13500047 fwd_ms=926354.4 eval=0 prior=0
[inst] req=22511616 hits=9006774 fwd=53194 rows=13504802 fwd_ms=926636.2 eval=0 prior=0
[inst] req=22519808 hits=9010402 fwd=53211 rows=13509153 fwd_ms=926892.3 eval=0 prior=0
[inst] req=22528000 hits=9013914 fwd=53230 rows=13514011 fwd_ms=927178.5 eval=0 prior=0
[inst] req=22536192 hits=9017515 fwd=53248 rows=13518619 fwd_ms=927449.6 eval=0 prior=0
[inst] req=22544384 hits=9021297 fwd=53265 rows=13522853 fwd_ms=927703.9 eval=0 prior=0
[inst] req=22552576 hits=9025108 fwd=53283 rows=13527461 fwd_ms=927975.4 eval=0 prior=0
[inst] req=22560768 hits=9028577 fwd=53301 rows=13531962 fwd_ms=928242.2 eval=0 prior=0
[inst] req=22568960 hits=9032287 fwd=53319 rows=13536559 fwd_ms=928513.0 eval=0 prior=0
[inst] req=22577152 hits=9035936 fwd=53337 rows=13541167 fwd_ms=928784.1 eval=0 prior=0
[inst] req=22585344 hits=9039642 fwd=53355 rows=13545616 fwd_ms=929048.4 eval=0 prior=0
[inst] req=22593536 hits=9043131 fwd=53373 rows=13550221 fwd_ms=929319.5 eval=0 prior=0
[inst] req=22601728 hits=9046745 fwd=53391 rows=13554820 fwd_ms=929590.4 eval=0 prior=0
[inst] req=22609920 hits=9050270 fwd=53410 rows=13559563 fwd_ms=929874.4 eval=0 prior=0
[inst] req=22618112 hits=9053916 fwd=53428 rows=13564169 fwd_ms=930145.7 eval=0 prior=0
[inst] req=22626304 hits=9057561 fwd=53445 rows=13568493 fwd_ms=930402.3 eval=0 prior=0
[inst] req=22634496 hits=9061326 fwd=53463 rows=13573085 fwd_ms=930673.2 eval=0 prior=0
[inst] req=22642688 hits=9064885 fwd=53481 rows=13577673 fwd_ms=930943.8 eval=0 prior=0
[inst] req=22650880 hits=9068449 fwd=53499 rows=13582281 fwd_ms=931215.0 eval=0 prior=0
[inst] req=22659072 hits=9072077 fwd=53517 rows=13586889 fwd_ms=931486.4 eval=0 prior=0
[inst] req=22667264 hits=9075875 fwd=53534 rows=13591237 fwd_ms=931743.0 eval=0 prior=0
[inst] req=22675456 hits=9079444 fwd=53552 rows=13595812 fwd_ms=932014.0 eval=0 prior=0
[inst] req=22683648 hits=9083102 fwd=53570 rows=13600384 fwd_ms=932284.9 eval=0 prior=0
[inst] req=22691840 hits=9086858 fwd=53588 rows=13604904 fwd_ms=932557.1 eval=0 prior=0
[inst] req=22700032 hits=9090526 fwd=53606 rows=13609362 fwd_ms=932822.5 eval=0 prior=0
[inst] req=22708224 hits=9094253 fwd=53624 rows=13613749 fwd_ms=933089.7 eval=0 prior=0
[inst] req=22716416 hits=9098086 fwd=53641 rows=13618089 fwd_ms=933346.8 eval=0 prior=0
[inst] req=22724608 hits=9101486 fwd=53660 rows=13622871 fwd_ms=933633.6 eval=0 prior=0
[inst] req=22732800 hits=9105276 fwd=53678 rows=13627380 fwd_ms=933904.8 eval=0 prior=0
[inst] req=22740992 hits=9108925 fwd=53696 rows=13631987 fwd_ms=934177.3 eval=0 prior=0
[inst] req=22749184 hits=9112595 fwd=53714 rows=13636576 fwd_ms=934449.1 eval=0 prior=0
[inst] req=22757376 hits=9116270 fwd=53731 rows=13640928 fwd_ms=934706.3 eval=0 prior=0
[inst] req=22765568 hits=9119768 fwd=53750 rows=13645790 fwd_ms=934993.4 eval=0 prior=0
[inst] req=22773760 hits=9123348 fwd=53768 rows=13650387 fwd_ms=935265.1 eval=0 prior=0
[inst] req=22781952 hits=9127080 fwd=53785 rows=13654666 fwd_ms=935521.1 eval=0 prior=0
[inst] req=22790144 hits=9130705 fwd=53803 rows=13659272 fwd_ms=935976.5 eval=0 prior=0
[inst] req=22798336 hits=9134411 fwd=53821 rows=13663823 fwd_ms=937005.4 eval=0 prior=0
[inst] req=22806528 hits=9138088 fwd=53839 rows=13668405 fwd_ms=938468.6 eval=0 prior=0
[inst] req=22814720 hits=9141527 fwd=53858 rows=13673163 fwd_ms=939874.6 eval=0 prior=0
[inst] req=22822912 hits=9145211 fwd=53875 rows=13677470 fwd_ms=941012.6 eval=0 prior=0
[inst] req=22831104 hits=9149111 fwd=53892 rows=13681754 fwd_ms=942090.9 eval=0 prior=0
[inst] req=22839296 hits=9152887 fwd=53910 rows=13686210 fwd_ms=943418.7 eval=0 prior=0
[inst] req=22847488 hits=9156534 fwd=53928 rows=13690791 fwd_ms=944622.3 eval=0 prior=0
[inst] req=22855680 hits=9160203 fwd=53946 rows=13695382 fwd_ms=945914.5 eval=0 prior=0
[inst] req=22863872 hits=9163889 fwd=53965 rows=13699981 fwd_ms=947308.1 eval=0 prior=0
[inst] req=22872064 hits=9167522 fwd=53982 rows=13704331 fwd_ms=948972.9 eval=0 prior=0
[inst] req=22880256 hits=9171364 fwd=53999 rows=13708637 fwd_ms=950142.6 eval=0 prior=0
[inst] req=22888448 hits=9175056 fwd=54017 rows=13713238 fwd_ms=950419.7 eval=0 prior=0
[inst] req=22896640 hits=9178732 fwd=54035 rows=13717841 fwd_ms=950701.3 eval=0 prior=0
[inst] req=22904832 hits=9179957 fwd=54062 rows=13724624 fwd_ms=951119.1 eval=0 prior=0
[inst] req=22913024 hits=9182419 fwd=54085 rows=13730512 fwd_ms=951465.5 eval=0 prior=0
[inst] req=22921216 hits=9185812 fwd=54104 rows=13735376 fwd_ms=951751.8 eval=0 prior=0
[inst] req=22929408 hits=9189623 fwd=54121 rows=13739648 fwd_ms=952017.6 eval=0 prior=0
[inst] req=22937600 hits=9193156 fwd=54139 rows=13744256 fwd_ms=952289.2 eval=0 prior=0
[inst] req=22945792 hits=9196714 fwd=54158 rows=13748949 fwd_ms=952568.7 eval=0 prior=0
[inst] req=22953984 hits=9200528 fwd=54175 rows=13753298 fwd_ms=952825.6 eval=0 prior=0
[inst] req=22962176 hits=9204531 fwd=54192 rows=13757632 fwd_ms=953082.1 eval=0 prior=0
[inst] req=22970368 hits=9208094 fwd=54210 rows=13762219 fwd_ms=953353.7 eval=0 prior=0
[inst] req=22978560 hits=9211743 fwd=54227 rows=13766568 fwd_ms=953610.6 eval=0 prior=0
[inst] req=22986752 hits=9215491 fwd=54245 rows=13771175 fwd_ms=953882.9 eval=0 prior=0
[inst] req=22994944 hits=9219231 fwd=54263 rows=13775573 fwd_ms=954157.2 eval=0 prior=0
[inst] req=23003136 hits=9223200 fwd=54280 rows=13779924 fwd_ms=954414.5 eval=0 prior=0
[inst] req=23011328 hits=9226846 fwd=54297 rows=13784276 fwd_ms=954671.5 eval=0 prior=0
[inst] req=23019520 hits=9230560 fwd=54315 rows=13788880 fwd_ms=954943.6 eval=0 prior=0
[inst] req=23027712 hits=9234222 fwd=54333 rows=13793488 fwd_ms=955215.8 eval=0 prior=0
[inst] req=23035904 hits=9238068 fwd=54350 rows=13797829 fwd_ms=955472.4 eval=0 prior=0
[inst] req=23044096 hits=9241771 fwd=54368 rows=13802275 fwd_ms=955737.0 eval=0 prior=0
[inst] req=23052288 hits=9245618 fwd=54385 rows=13806606 fwd_ms=955993.2 eval=0 prior=0
[inst] req=23060480 hits=9249311 fwd=54403 rows=13811037 fwd_ms=956256.9 eval=0 prior=0
[inst] req=23068672 hits=9253112 fwd=54421 rows=13815537 fwd_ms=956527.1 eval=0 prior=0
[inst] req=23076864 hits=9256895 fwd=54439 rows=13819737 fwd_ms=956779.6 eval=0 prior=0
[inst] req=23085056 hits=9260889 fwd=54456 rows=13824040 fwd_ms=957034.6 eval=0 prior=0
[inst] req=23093248 hits=9264594 fwd=54474 rows=13828647 fwd_ms=957306.0 eval=0 prior=0
[inst] req=23101440 hits=9268223 fwd=54491 rows=13832998 fwd_ms=957562.2 eval=0 prior=0
[inst] req=23109632 hits=9271870 fwd=54509 rows=13837549 fwd_ms=957833.3 eval=0 prior=0
[inst] req=23117824 hits=9275774 fwd=54526 rows=13841900 fwd_ms=958089.7 eval=0 prior=0
[inst] req=23126016 hits=9279517 fwd=54543 rows=13846252 fwd_ms=958346.0 eval=0 prior=0
[inst] req=23134208 hits=9283391 fwd=54561 rows=13850776 fwd_ms=958616.4 eval=0 prior=0
[inst] req=23142400 hits=9287050 fwd=54578 rows=13855125 fwd_ms=958872.6 eval=0 prior=0
[inst] req=23150592 hits=9290877 fwd=54596 rows=13859708 fwd_ms=959143.5 eval=0 prior=0
[inst] req=23158784 hits=9294613 fwd=54614 rows=13864158 fwd_ms=959408.8 eval=0 prior=0
[inst] req=23166976 hits=9298300 fwd=54632 rows=13868664 fwd_ms=959678.6 eval=0 prior=0
[inst] req=23175168 hits=9301682 fwd=54651 rows=13873441 fwd_ms=959963.9 eval=0 prior=0
[inst] req=23183360 hits=9305417 fwd=54668 rows=13877792 fwd_ms=960220.1 eval=0 prior=0
[inst] req=23191552 hits=9309091 fwd=54686 rows=13882398 fwd_ms=960491.1 eval=0 prior=0
[inst] req=23199744 hits=9312699 fwd=54704 rows=13887005 fwd_ms=960762.3 eval=0 prior=0
[inst] req=23207936 hits=9316312 fwd=54722 rows=13891520 fwd_ms=961033.5 eval=0 prior=0
[inst] req=23216128 hits=9319858 fwd=54741 rows=13896162 fwd_ms=961312.2 eval=0 prior=0
[inst] req=23224320 hits=9323682 fwd=54758 rows=13900412 fwd_ms=961563.9 eval=0 prior=0
[inst] req=23232512 hits=9327500 fwd=54775 rows=13904764 fwd_ms=961819.9 eval=0 prior=0
[inst] req=23240704 hits=9331203 fwd=54793 rows=13909360 fwd_ms=962090.8 eval=0 prior=0
[inst] req=23248896 hits=9334896 fwd=54811 rows=13913949 fwd_ms=962360.9 eval=0 prior=0
[inst] req=23257088 hits=9338611 fwd=54828 rows=13918286 fwd_ms=962616.4 eval=0 prior=0
[inst] req=23265280 hits=9342380 fwd=54846 rows=13922842 fwd_ms=962887.0 eval=0 prior=0
[inst] req=23273472 hits=9346311 fwd=54863 rows=13926939 fwd_ms=963142.5 eval=0 prior=0
[inst] req=23281664 hits=9350123 fwd=54880 rows=13931288 fwd_ms=963397.8 eval=0 prior=0
[inst] req=23289856 hits=9353968 fwd=54897 rows=13935640 fwd_ms=963653.0 eval=0 prior=0
[inst] req=23298048 hits=9357588 fwd=54915 rows=13940247 fwd_ms=963923.2 eval=0 prior=0
[inst] req=23306240 hits=9361253 fwd=54933 rows=13944853 fwd_ms=964193.6 eval=0 prior=0
[inst] req=23314432 hits=9365134 fwd=54950 rows=13949100 fwd_ms=964449.0 eval=0 prior=0
[inst] req=23322624 hits=9369204 fwd=54966 rows=13953169 fwd_ms=964688.8 eval=0 prior=0
[inst] req=23330816 hits=9372922 fwd=54985 rows=13957830 fwd_ms=964964.0 eval=0 prior=0
[inst] req=23339008 hits=9376682 fwd=55002 rows=13962135 fwd_ms=965217.9 eval=0 prior=0
[inst] req=23347200 hits=9380496 fwd=55020 rows=13966640 fwd_ms=965487.1 eval=0 prior=0
[inst] req=23355392 hits=9384175 fwd=55038 rows=13971215 fwd_ms=965757.9 eval=0 prior=0
[inst] req=23363584 hits=9388121 fwd=55054 rows=13975304 fwd_ms=965998.0 eval=0 prior=0
[inst] req=23371776 hits=9391880 fwd=55071 rows=13979647 fwd_ms=966253.6 eval=0 prior=0
[inst] req=23379968 hits=9395699 fwd=55089 rows=13984174 fwd_ms=966524.9 eval=0 prior=0
[inst] req=23388160 hits=9399426 fwd=55106 rows=13988525 fwd_ms=966780.8 eval=0 prior=0
[inst] req=23396352 hits=9403699 fwd=55122 rows=13992613 fwd_ms=967021.8 eval=0 prior=0
[inst] req=23404544 hits=9407448 fwd=55140 rows=13996955 fwd_ms=967284.3 eval=0 prior=0
[inst] req=23412736 hits=9411361 fwd=55157 rows=14001258 fwd_ms=967540.5 eval=0 prior=0
[inst] req=23420928 hits=9415186 fwd=55174 rows=14005591 fwd_ms=967796.3 eval=0 prior=0
[inst] req=23429120 hits=9418834 fwd=55192 rows=14010194 fwd_ms=968067.4 eval=0 prior=0
[inst] req=23437312 hits=9422681 fwd=55209 rows=14014381 fwd_ms=968316.7 eval=0 prior=0
[inst] req=23445504 hits=9426539 fwd=55227 rows=14018854 fwd_ms=968582.7 eval=0 prior=0
[inst] req=23453696 hits=9430535 fwd=55244 rows=14023046 fwd_ms=968832.9 eval=0 prior=0
[inst] req=23461888 hits=9434416 fwd=55261 rows=14027350 fwd_ms=969089.0 eval=0 prior=0
[inst] req=23470080 hits=9438026 fwd=55279 rows=14031930 fwd_ms=969359.1 eval=0 prior=0
[inst] req=23478272 hits=9442052 fwd=55296 rows=14036195 fwd_ms=969614.4 eval=0 prior=0
[inst] req=23486464 hits=9445960 fwd=55312 rows=14040255 fwd_ms=969854.6 eval=0 prior=0
[inst] req=23494656 hits=9449734 fwd=55330 rows=14044707 fwd_ms=970124.0 eval=0 prior=0
[inst] req=23502848 hits=9453700 fwd=55347 rows=14049046 fwd_ms=970379.9 eval=0 prior=0
[inst] req=23511040 hits=9457791 fwd=55364 rows=14053234 fwd_ms=970629.8 eval=0 prior=0
[inst] req=23519232 hits=9461493 fwd=55381 rows=14057541 fwd_ms=970886.1 eval=0 prior=0
[inst] req=23527424 hits=9465012 fwd=55400 rows=14062249 fwd_ms=971172.0 eval=0 prior=0
[inst] req=23535616 hits=9468817 fwd=55417 rows=14066600 fwd_ms=971428.2 eval=0 prior=0
[inst] req=23543808 hits=9472841 fwd=55434 rows=14070894 fwd_ms=971682.6 eval=0 prior=0
[inst] req=23552000 hits=9476829 fwd=55450 rows=14074971 fwd_ms=971923.1 eval=0 prior=0
[inst] req=23560192 hits=9480391 fwd=55468 rows=14079576 fwd_ms=972195.5 eval=0 prior=0
[inst] req=23568384 hits=9484110 fwd=55486 rows=14084030 fwd_ms=972466.0 eval=0 prior=0
[inst] req=23576576 hits=9487881 fwd=55504 rows=14088602 fwd_ms=972736.0 eval=0 prior=0
[inst] req=23584768 hits=9491678 fwd=55522 rows=14093037 fwd_ms=973000.7 eval=0 prior=0
[inst] req=23592960 hits=9495400 fwd=55540 rows=14097502 fwd_ms=973271.6 eval=0 prior=0
[inst] req=23601152 hits=9499472 fwd=55556 rows=14101560 fwd_ms=973512.5 eval=0 prior=0
[inst] req=23609344 hits=9503279 fwd=55573 rows=14105909 fwd_ms=973769.3 eval=0 prior=0
[inst] req=23617536 hits=9507043 fwd=55591 rows=14110472 fwd_ms=974041.6 eval=0 prior=0
[inst] req=23625728 hits=9511117 fwd=55607 rows=14114536 fwd_ms=974282.4 eval=0 prior=0
[inst] req=23633920 hits=9514812 fwd=55624 rows=14118863 fwd_ms=974538.9 eval=0 prior=0
[inst] req=23642112 hits=9518754 fwd=55641 rows=14123206 fwd_ms=974795.9 eval=0 prior=0
[inst] req=23650304 hits=9522654 fwd=55659 rows=14127395 fwd_ms=975050.9 eval=0 prior=0
[inst] req=23658496 hits=9526260 fwd=55677 rows=14131996 fwd_ms=975322.7 eval=0 prior=0
[inst] req=23666688 hits=9530313 fwd=55694 rows=14136158 fwd_ms=975582.7 eval=0 prior=0
[inst] req=23674880 hits=9534377 fwd=55711 rows=14140269 fwd_ms=975830.0 eval=0 prior=0
[inst] req=23683072 hits=9537992 fwd=55729 rows=14144835 fwd_ms=976101.1 eval=0 prior=0
[inst] req=23691264 hits=9541930 fwd=55746 rows=14149160 fwd_ms=976357.3 eval=0 prior=0
[inst] req=23699456 hits=9545711 fwd=55763 rows=14153511 fwd_ms=976613.6 eval=0 prior=0
[inst] req=23707648 hits=9549755 fwd=55780 rows=14157804 fwd_ms=976867.4 eval=0 prior=0
[inst] req=23715840 hits=9553875 fwd=55796 rows=14161882 fwd_ms=977107.9 eval=0 prior=0
[inst] req=23724032 hits=9557867 fwd=55812 rows=14165950 fwd_ms=977347.8 eval=0 prior=0
[inst] req=23732224 hits=9561774 fwd=55829 rows=14170287 fwd_ms=977603.3 eval=0 prior=0
[inst] req=23740416 hits=9565351 fwd=55847 rows=14174885 fwd_ms=977874.4 eval=0 prior=0
[inst] req=23748608 hits=9569096 fwd=55865 rows=14179459 fwd_ms=978146.1 eval=0 prior=0
[inst] req=23756800 hits=9573172 fwd=55881 rows=14183552 fwd_ms=978387.0 eval=0 prior=0
[inst] req=23764992 hits=9577177 fwd=55897 rows=14187617 fwd_ms=978627.4 eval=0 prior=0
[inst] req=23773184 hits=9580961 fwd=55915 rows=14192218 fwd_ms=978898.6 eval=0 prior=0
[inst] req=23781376 hits=9584837 fwd=55931 rows=14196300 fwd_ms=979139.5 eval=0 prior=0
[inst] req=23789568 hits=9588573 fwd=55949 rows=14200905 fwd_ms=979410.7 eval=0 prior=0
[inst] req=23797760 hits=9592843 fwd=55964 rows=14204712 fwd_ms=979635.8 eval=0 prior=0
[inst] req=23805952 hits=9596701 fwd=55981 rows=14209042 fwd_ms=979891.1 eval=0 prior=0
[inst] req=23814144 hits=9600438 fwd=55999 rows=14213539 fwd_ms=980157.7 eval=0 prior=0
[inst] req=23822336 hits=9604232 fwd=56016 rows=14217879 fwd_ms=980413.6 eval=0 prior=0
[inst] req=23830528 hits=9607867 fwd=56034 rows=14222483 fwd_ms=980684.7 eval=0 prior=0
[inst] req=23838720 hits=9611822 fwd=56051 rows=14226723 fwd_ms=980940.6 eval=0 prior=0
[inst] req=23846912 hits=9615748 fwd=56068 rows=14231071 fwd_ms=981196.7 eval=0 prior=0
[inst] req=23855104 hits=9619583 fwd=56085 rows=14235419 fwd_ms=981452.9 eval=0 prior=0
[inst] req=23863296 hits=9623639 fwd=56102 rows=14239602 fwd_ms=981704.5 eval=0 prior=0
[inst] req=23871488 hits=9627434 fwd=56119 rows=14243951 fwd_ms=981960.4 eval=0 prior=0
[inst] req=23879680 hits=9631346 fwd=56136 rows=14248288 fwd_ms=982216.0 eval=0 prior=0
[inst] req=23887872 hits=9635083 fwd=56153 rows=14252640 fwd_ms=982472.2 eval=0 prior=0
[inst] req=23896064 hits=9638858 fwd=56170 rows=14256992 fwd_ms=982728.3 eval=0 prior=0
[inst] req=23904256 hits=9642716 fwd=56187 rows=14261343 fwd_ms=982984.3 eval=0 prior=0
[inst] req=23912448 hits=9646608 fwd=56204 rows=14265590 fwd_ms=983240.5 eval=0 prior=0
[inst] req=23920640 hits=9650398 fwd=56222 rows=14269996 fwd_ms=983507.4 eval=0 prior=0
[inst] req=23928832 hits=9654298 fwd=56239 rows=14274326 fwd_ms=983762.8 eval=0 prior=0
[inst] req=23937024 hits=9658087 fwd=56257 rows=14278923 fwd_ms=984034.0 eval=0 prior=0
[inst] req=23945216 hits=9662019 fwd=56273 rows=14283009 fwd_ms=984275.0 eval=0 prior=0
[inst] req=23953408 hits=9665875 fwd=56290 rows=14287294 fwd_ms=984530.8 eval=0 prior=0
[inst] req=23961600 hits=9669884 fwd=56307 rows=14291540 fwd_ms=984782.6 eval=0 prior=0
[inst] req=23969792 hits=9673834 fwd=56324 rows=14295892 fwd_ms=985038.8 eval=0 prior=0
[inst] req=23977984 hits=9677623 fwd=56341 rows=14300230 fwd_ms=985294.7 eval=0 prior=0
[inst] req=23986176 hits=9681282 fwd=56359 rows=14304830 fwd_ms=985565.7 eval=0 prior=0
[inst] req=23994368 hits=9685272 fwd=56375 rows=14308924 fwd_ms=985806.8 eval=0 prior=0
[inst] req=24002560 hits=9689066 fwd=56392 rows=14313272 fwd_ms=986062.9 eval=0 prior=0
[inst] req=24010752 hits=9692779 fwd=56410 rows=14317880 fwd_ms=986334.2 eval=0 prior=0
[inst] req=24018944 hits=9696493 fwd=56428 rows=14322287 fwd_ms=986595.5 eval=0 prior=0
[inst] req=24027136 hits=9700417 fwd=56445 rows=14326627 fwd_ms=986851.4 eval=0 prior=0
[inst] req=24035328 hits=9704263 fwd=56462 rows=14330979 fwd_ms=987107.7 eval=0 prior=0
[inst] req=24043520 hits=9707956 fwd=56479 rows=14335331 fwd_ms=987363.9 eval=0 prior=0
[inst] req=24051712 hits=9711574 fwd=56497 rows=14339916 fwd_ms=987634.5 eval=0 prior=0
[inst] req=24059904 hits=9715510 fwd=56514 rows=14344265 fwd_ms=987890.7 eval=0 prior=0
[inst] req=24068096 hits=9719468 fwd=56531 rows=14348593 fwd_ms=988146.0 eval=0 prior=0
[inst] req=24076288 hits=9723213 fwd=56548 rows=14352898 fwd_ms=988402.5 eval=0 prior=0
[inst] req=24084480 hits=9726963 fwd=56566 rows=14357503 fwd_ms=988673.8 eval=0 prior=0
[inst] req=24092672 hits=9730736 fwd=56583 rows=14361680 fwd_ms=988922.5 eval=0 prior=0
[inst] req=24100864 hits=9734742 fwd=56600 rows=14366029 fwd_ms=989178.8 eval=0 prior=0
[inst] req=24109056 hits=9738636 fwd=56617 rows=14370378 fwd_ms=989434.9 eval=0 prior=0
[inst] req=24117248 hits=9742401 fwd=56634 rows=14374726 fwd_ms=989691.1 eval=0 prior=0
[inst] req=24125440 hits=9746386 fwd=56651 rows=14379038 fwd_ms=989947.6 eval=0 prior=0
[inst] req=24133632 hits=9749912 fwd=56669 rows=14383640 fwd_ms=990218.7 eval=0 prior=0
[inst] req=24141824 hits=9753749 fwd=56686 rows=14387990 fwd_ms=990474.8 eval=0 prior=0
[inst] req=24150016 hits=9757731 fwd=56702 rows=14392034 fwd_ms=990715.8 eval=0 prior=0
[inst] req=24158208 hits=9761526 fwd=56720 rows=14396634 fwd_ms=990986.7 eval=0 prior=0
[inst] req=24166400 hits=9765298 fwd=56737 rows=14400984 fwd_ms=991242.7 eval=0 prior=0
[inst] req=24174592 hits=9768995 fwd=56755 rows=14405591 fwd_ms=991514.0 eval=0 prior=0
[inst] req=24182784 hits=9772700 fwd=56772 rows=14409833 fwd_ms=991768.3 eval=0 prior=0
[inst] req=24190976 hits=9776759 fwd=56789 rows=14414164 fwd_ms=992023.9 eval=0 prior=0
[inst] req=24199168 hits=9780532 fwd=56806 rows=14418446 fwd_ms=992279.3 eval=0 prior=0
[inst] req=24207360 hits=9784533 fwd=56823 rows=14422739 fwd_ms=992535.2 eval=0 prior=0
[inst] req=24215552 hits=9788024 fwd=56841 rows=14427330 fwd_ms=992805.7 eval=0 prior=0
[inst] req=24223744 hits=9791671 fwd=56859 rows=14431936 fwd_ms=993076.9 eval=0 prior=0
[inst] req=24231936 hits=9795720 fwd=56875 rows=14435978 fwd_ms=993318.2 eval=0 prior=0
[inst] req=24240128 hits=9799670 fwd=56893 rows=14440376 fwd_ms=993583.8 eval=0 prior=0
[inst] req=24248320 hits=9803321 fwd=56911 rows=14444979 fwd_ms=993854.9 eval=0 prior=0
[inst] req=24256512 hits=9807209 fwd=56928 rows=14449203 fwd_ms=994110.3 eval=0 prior=0
[inst] req=24264704 hits=9811030 fwd=56945 rows=14453443 fwd_ms=994361.9 eval=0 prior=0
[inst] req=24272896 hits=9815100 fwd=56962 rows=14457776 fwd_ms=994617.7 eval=0 prior=0
[inst] req=24281088 hits=9819016 fwd=56979 rows=14462032 fwd_ms=994872.7 eval=0 prior=0
[inst] req=24289280 hits=9822823 fwd=56996 rows=14466382 fwd_ms=995128.9 eval=0 prior=0
[inst] req=24297472 hits=9826420 fwd=57014 rows=14470989 fwd_ms=995400.1 eval=0 prior=0
[inst] req=24305664 hits=9830200 fwd=57031 rows=14475330 fwd_ms=995656.0 eval=0 prior=0
[inst] req=24313856 hits=9834194 fwd=57047 rows=14479414 fwd_ms=995896.8 eval=0 prior=0
[inst] req=24322048 hits=9838299 fwd=57063 rows=14483510 fwd_ms=996138.0 eval=0 prior=0
[inst] req=24330240 hits=9842355 fwd=57080 rows=14487849 fwd_ms=996393.9 eval=0 prior=0
[inst] req=24338432 hits=9846264 fwd=57097 rows=14491987 fwd_ms=996643.1 eval=0 prior=0
[inst] req=24346624 hits=9849991 fwd=57115 rows=14496595 fwd_ms=996914.2 eval=0 prior=0
[inst] req=24354816 hits=9854101 fwd=57131 rows=14500584 fwd_ms=997155.1 eval=0 prior=0
[inst] req=24363008 hits=9857818 fwd=57148 rows=14504936 fwd_ms=997411.4 eval=0 prior=0
[inst] req=24371200 hits=9861746 fwd=57165 rows=14509271 fwd_ms=997667.1 eval=0 prior=0
[inst] req=24379392 hits=9865491 fwd=57183 rows=14513879 fwd_ms=997938.3 eval=0 prior=0
[inst] req=24387584 hits=9869164 fwd=57200 rows=14518225 fwd_ms=998194.2 eval=0 prior=0
[inst] req=24395776 hits=9873201 fwd=57216 rows=14522319 fwd_ms=998435.4 eval=0 prior=0
[inst] req=24403968 hits=9876955 fwd=57234 rows=14526916 fwd_ms=998706.3 eval=0 prior=0
[inst] req=24412160 hits=9880648 fwd=57251 rows=14531268 fwd_ms=998962.5 eval=0 prior=0
[inst] req=24420352 hits=9884332 fwd=57269 rows=14535851 fwd_ms=999232.9 eval=0 prior=0
[inst] req=24428544 hits=9888351 fwd=57286 rows=14540010 fwd_ms=999479.2 eval=0 prior=0
[inst] req=24436736 hits=9892391 fwd=57303 rows=14544335 fwd_ms=999734.7 eval=0 prior=0
[inst] req=24444928 hits=9896016 fwd=57321 rows=14548890 fwd_ms=1000005.9 eval=0 prior=0
[inst] req=24453120 hits=9899955 fwd=57337 rows=14552980 fwd_ms=1000246.7 eval=0 prior=0
[inst] req=24461312 hits=9903944 fwd=57354 rows=14557318 fwd_ms=1000503.3 eval=0 prior=0
[inst] req=24469504 hits=9907643 fwd=57371 rows=14561653 fwd_ms=1000759.4 eval=0 prior=0
[inst] req=24477696 hits=9911439 fwd=57390 rows=14566164 fwd_ms=1001035.2 eval=0 prior=0
[inst] req=24485888 hits=9915328 fwd=57407 rows=14570482 fwd_ms=1001290.8 eval=0 prior=0
[inst] req=24494080 hits=9919309 fwd=57425 rows=14574673 fwd_ms=1001562.3 eval=0 prior=0
[inst] req=24502272 hits=9923342 fwd=57441 rows=14578752 fwd_ms=1001803.3 eval=0 prior=0
[inst] req=24510464 hits=9926954 fwd=57459 rows=14583347 fwd_ms=1002074.9 eval=0 prior=0
[inst] req=24518656 hits=9930814 fwd=57476 rows=14587696 fwd_ms=1002331.6 eval=0 prior=0
[inst] req=24526848 hits=9934773 fwd=57493 rows=14591952 fwd_ms=1002586.9 eval=0 prior=0
[inst] req=24535040 hits=9938640 fwd=57510 rows=14596187 fwd_ms=1002838.7 eval=0 prior=0
[inst] req=24543232 hits=9942396 fwd=57528 rows=14600787 fwd_ms=1003109.9 eval=0 prior=0
[inst] req=24551424 hits=9946212 fwd=57545 rows=14605124 fwd_ms=1003365.8 eval=0 prior=0
[inst] req=24559616 hits=9949865 fwd=57563 rows=14609691 fwd_ms=1003636.0 eval=0 prior=0
[inst] req=24567808 hits=9953922 fwd=57579 rows=14613778 fwd_ms=1003877.2 eval=0 prior=0
[inst] req=24576000 hits=9957690 fwd=57596 rows=14618129 fwd_ms=1004133.6 eval=0 prior=0
[inst] req=24584192 hits=9961632 fwd=57613 rows=14622432 fwd_ms=1004439.5 eval=0 prior=0
[inst] req=24592384 hits=9965570 fwd=57630 rows=14626784 fwd_ms=1005922.0 eval=0 prior=0
[inst] req=24600576 hits=9969233 fwd=57647 rows=14631112 fwd_ms=1007441.6 eval=0 prior=0
[inst] req=24608768 hits=9973032 fwd=57665 rows=14635698 fwd_ms=1009053.5 eval=0 prior=0
