Logging directory: /home/ubuntu/rl/reinfors-benchmarks/runs/v1_grid_ext/os_a1024b512/cycle1/throughput
Creating model: /home/ubuntu/rl/reinfors-benchmarks/runs/v1_grid_ext/os_a1024b512/cycle1/throughput/vpnet.pb
Playing game: chess
Loading model from step 0
[W TensorCompare.cpp:530] Warning: where received a uint8 condition tensor. This behavior is deprecated and will be removed in a future version of PyTorch. Use a boolean condition instead. (function operator())
[inst] req=8192 hits=1412 fwd=13 rows=6197 fwd_ms=640.2 eval=0 prior=0
[inst] req=16384 hits=3003 fwd=26 rows=12853 fwd_ms=1005.7 eval=0 prior=0
[inst] req=24576 hits=3531 fwd=40 rows=20021 fwd_ms=1399.1 eval=0 prior=0
[inst] req=32768 hits=6091 fwd=51 rows=25653 fwd_ms=1708.5 eval=0 prior=0
[inst] req=40960 hits=9675 fwd=60 rows=30261 fwd_ms=1965.6 eval=0 prior=0
[inst] req=49152 hits=12747 fwd=70 rows=35381 fwd_ms=2248.5 eval=0 prior=0
[inst] req=57344 hits=16843 fwd=78 rows=39477 fwd_ms=2477.0 eval=0 prior=0
[inst] req=65536 hits=19915 fwd=88 rows=44597 fwd_ms=2758.4 eval=0 prior=0
[inst] req=73728 hits=21963 fwd=100 rows=50741 fwd_ms=3096.3 eval=0 prior=0
[inst] req=81920 hits=21963 fwd=116 rows=58933 fwd_ms=3546.3 eval=0 prior=0
[inst] req=90112 hits=24011 fwd=128 rows=65077 fwd_ms=3894.0 eval=0 prior=0
[inst] req=98304 hits=24193 fwd=144 rows=73269 fwd_ms=4360.2 eval=0 prior=0
[inst] req=106496 hits=27019 fwd=155 rows=78901 fwd_ms=4681.5 eval=0 prior=0
[inst] req=114688 hits=29073 fwd=167 rows=85045 fwd_ms=5030.9 eval=0 prior=0
[inst] req=122880 hits=32690 fwd=176 rows=89653 fwd_ms=5284.6 eval=0 prior=0
[inst] req=131072 hits=36346 fwd=184 rows=93749 fwd_ms=5511.5 eval=0 prior=0
[inst] req=139264 hits=39585 fwd=194 rows=98869 fwd_ms=5794.1 eval=0 prior=0
[inst] req=147456 hits=42874 fwd=204 rows=103989 fwd_ms=6076.8 eval=0 prior=0
[inst] req=155648 hits=45939 fwd=214 rows=109109 fwd_ms=6358.9 eval=0 prior=0
[inst] req=163840 hits=47690 fwd=226 rows=115253 fwd_ms=6699.0 eval=0 prior=0
[inst] req=172032 hits=48759 fwd=240 rows=122421 fwd_ms=7094.9 eval=0 prior=0
[inst] req=180224 hits=51479 fwd=251 rows=128053 fwd_ms=7405.9 eval=0 prior=0
[inst] req=188416 hits=54437 fwd=261 rows=133173 fwd_ms=7688.8 eval=0 prior=0
[inst] req=196608 hits=57626 fwd=271 rows=138293 fwd_ms=7971.1 eval=0 prior=0
[inst] req=204800 hits=60966 fwd=280 rows=142901 fwd_ms=8224.9 eval=0 prior=0
[inst] req=212992 hits=65038 fwd=288 rows=146997 fwd_ms=8450.5 eval=0 prior=0
[inst] req=221184 hits=69123 fwd=296 rows=151093 fwd_ms=8679.7 eval=0 prior=0
[inst] req=229376 hits=73242 fwd=304 rows=155189 fwd_ms=8905.6 eval=0 prior=0
[inst] req=237568 hits=77498 fwd=312 rows=159285 fwd_ms=9134.6 eval=0 prior=0
[inst] req=245760 hits=81979 fwd=319 rows=162869 fwd_ms=9332.4 eval=0 prior=0
[inst] req=253952 hits=86138 fwd=327 rows=166965 fwd_ms=9558.7 eval=0 prior=0
[inst] req=262144 hits=89590 fwd=336 rows=171573 fwd_ms=9813.2 eval=0 prior=0
[inst] req=270336 hits=92408 fwd=347 rows=177205 fwd_ms=10125.7 eval=0 prior=0
[inst] req=278528 hits=95337 fwd=357 rows=182325 fwd_ms=10408.0 eval=0 prior=0
[inst] req=286720 hits=98387 fwd=367 rows=187445 fwd_ms=10694.5 eval=0 prior=0
[inst] req=294912 hits=101531 fwd=377 rows=192565 fwd_ms=10977.2 eval=0 prior=0
[inst] req=303104 hits=104653 fwd=387 rows=197685 fwd_ms=11262.8 eval=0 prior=0
[inst] req=311296 hits=108033 fwd=396 rows=202293 fwd_ms=11559.7 eval=0 prior=0
[inst] req=319488 hits=111486 fwd=406 rows=207413 fwd_ms=11896.1 eval=0 prior=0
[inst] req=327680 hits=114889 fwd=415 rows=212021 fwd_ms=12204.2 eval=0 prior=0
[inst] req=335872 hits=118072 fwd=425 rows=217141 fwd_ms=12547.4 eval=0 prior=0
[inst] req=344064 hits=121118 fwd=435 rows=222261 fwd_ms=12903.8 eval=0 prior=0
[inst] req=352256 hits=123758 fwd=446 rows=227893 fwd_ms=13239.4 eval=0 prior=0
[inst] req=360448 hits=126174 fwd=457 rows=233525 fwd_ms=13551.8 eval=0 prior=0
[inst] req=368640 hits=128551 fwd=468 rows=239157 fwd_ms=13867.9 eval=0 prior=0
[inst] req=376832 hits=131019 fwd=479 rows=244789 fwd_ms=14179.1 eval=0 prior=0
[inst] req=385024 hits=133324 fwd=491 rows=250933 fwd_ms=14518.4 eval=0 prior=0
[inst] req=393216 hits=135662 fwd=502 rows=256565 fwd_ms=14831.0 eval=0 prior=0
[inst] req=401408 hits=138205 fwd=513 rows=262197 fwd_ms=15142.9 eval=0 prior=0
[inst] req=409600 hits=140918 fwd=524 rows=267829 fwd_ms=15455.1 eval=0 prior=0
[inst] req=417792 hits=143751 fwd=535 rows=273461 fwd_ms=15769.5 eval=0 prior=0
[inst] req=425984 hits=146639 fwd=545 rows=278581 fwd_ms=16054.0 eval=0 prior=0
[inst] req=434176 hits=149355 fwd=556 rows=284213 fwd_ms=16370.3 eval=0 prior=0
[inst] req=442368 hits=152013 fwd=566 rows=289333 fwd_ms=16655.4 eval=0 prior=0
[inst] req=450560 hits=154479 fwd=578 rows=295477 fwd_ms=16997.3 eval=0 prior=0
[inst] req=458752 hits=156717 fwd=589 rows=301109 fwd_ms=17313.2 eval=0 prior=0
[inst] req=466944 hits=158774 fwd=601 rows=307253 fwd_ms=17654.1 eval=0 prior=0
[inst] req=475136 hits=160918 fwd=613 rows=313397 fwd_ms=17993.4 eval=0 prior=0
[inst] req=483328 hits=163322 fwd=624 rows=319029 fwd_ms=18304.7 eval=0 prior=0
[inst] req=491520 hits=165869 fwd=635 rows=324661 fwd_ms=18617.3 eval=0 prior=0
[inst] req=499712 hits=168710 fwd=646 rows=330293 fwd_ms=18933.4 eval=0 prior=0
[inst] req=507904 hits=171590 fwd=656 rows=335413 fwd_ms=19217.1 eval=0 prior=0
[inst] req=516096 hits=174409 fwd=667 rows=341045 fwd_ms=19529.2 eval=0 prior=0
[inst] req=524288 hits=177076 fwd=678 rows=346677 fwd_ms=19862.6 eval=0 prior=0
[inst] req=532480 hits=179636 fwd=689 rows=352309 fwd_ms=20255.0 eval=0 prior=0
[inst] req=540672 hits=182136 fwd=700 rows=357941 fwd_ms=20620.3 eval=0 prior=0
[inst] req=548864 hits=184351 fwd=711 rows=363573 fwd_ms=20932.9 eval=0 prior=0
[inst] req=557056 hits=186474 fwd=723 rows=369717 fwd_ms=21272.0 eval=0 prior=0
[inst] req=565248 hits=188497 fwd=735 rows=375861 fwd_ms=21615.0 eval=0 prior=0
[inst] req=573440 hits=190566 fwd=747 rows=382005 fwd_ms=21954.9 eval=0 prior=0
[inst] req=581632 hits=192847 fwd=759 rows=388149 fwd_ms=22306.1 eval=0 prior=0
[inst] req=589824 hits=195388 fwd=770 rows=393781 fwd_ms=22622.7 eval=0 prior=0
[inst] req=598016 hits=198152 fwd=780 rows=398901 fwd_ms=22906.1 eval=0 prior=0
[inst] req=606208 hits=200932 fwd=791 rows=404533 fwd_ms=23217.7 eval=0 prior=0
[inst] req=614400 hits=203654 fwd=802 rows=410165 fwd_ms=23528.8 eval=0 prior=0
[inst] req=622592 hits=206225 fwd=813 rows=415797 fwd_ms=23841.9 eval=0 prior=0
[inst] req=630784 hits=208621 fwd=824 rows=421429 fwd_ms=24164.7 eval=0 prior=0
[inst] req=638976 hits=210857 fwd=836 rows=427573 fwd_ms=24506.1 eval=0 prior=0
[inst] req=647168 hits=212884 fwd=848 rows=433717 fwd_ms=24847.2 eval=0 prior=0
[inst] req=655360 hits=214949 fwd=860 rows=439861 fwd_ms=25188.6 eval=0 prior=0
[inst] req=663552 hits=217243 fwd=871 rows=445493 fwd_ms=25501.5 eval=0 prior=0
[inst] req=671744 hits=219743 fwd=882 rows=451125 fwd_ms=25817.2 eval=0 prior=0
[inst] req=679936 hits=222489 fwd=893 rows=456757 fwd_ms=26145.8 eval=0 prior=0
[inst] req=688128 hits=225373 fwd=903 rows=461877 fwd_ms=26430.5 eval=0 prior=0
[inst] req=696320 hits=228165 fwd=914 rows=467509 fwd_ms=26743.6 eval=0 prior=0
[inst] req=704512 hits=230877 fwd=924 rows=472629 fwd_ms=27028.3 eval=0 prior=0
[inst] req=712704 hits=233399 fwd=936 rows=478773 fwd_ms=27370.3 eval=0 prior=0
[inst] req=720896 hits=235771 fwd=947 rows=484405 fwd_ms=27705.0 eval=0 prior=0
[inst] req=729088 hits=237972 fwd=959 rows=490549 fwd_ms=28111.1 eval=0 prior=0
[inst] req=737280 hits=240035 fwd=971 rows=496693 fwd_ms=28522.8 eval=0 prior=0
[inst] req=745472 hits=242145 fwd=982 rows=502325 fwd_ms=28900.6 eval=0 prior=0
[inst] req=753664 hits=244294 fwd=994 rows=508469 fwd_ms=29291.3 eval=0 prior=0
[inst] req=761856 hits=246654 fwd=1006 rows=514613 fwd_ms=29638.2 eval=0 prior=0
[inst] req=770048 hits=249166 fwd=1017 rows=520245 fwd_ms=29952.0 eval=0 prior=0
[inst] req=778240 hits=251847 fwd=1028 rows=525877 fwd_ms=30266.2 eval=0 prior=0
[inst] req=786432 hits=254576 fwd=1038 rows=530997 fwd_ms=30551.5 eval=0 prior=0
[inst] req=794624 hits=257204 fwd=1049 rows=536629 fwd_ms=30865.5 eval=0 prior=0
[inst] req=802816 hits=259708 fwd=1060 rows=542261 fwd_ms=31179.4 eval=0 prior=0
[inst] req=811008 hits=262005 fwd=1072 rows=548405 fwd_ms=31521.7 eval=0 prior=0
[inst] req=819200 hits=264021 fwd=1084 rows=554549 fwd_ms=31865.0 eval=0 prior=0
[inst] req=827392 hits=266038 fwd=1096 rows=560693 fwd_ms=32207.4 eval=0 prior=0
[inst] req=835584 hits=268098 fwd=1108 rows=566837 fwd_ms=32554.7 eval=0 prior=0
[inst] req=843776 hits=270389 fwd=1119 rows=572469 fwd_ms=32877.4 eval=0 prior=0
[inst] req=851968 hits=272970 fwd=1130 rows=578101 fwd_ms=33191.5 eval=0 prior=0
[inst] req=860160 hits=275723 fwd=1141 rows=583733 fwd_ms=33505.1 eval=0 prior=0
[inst] req=868352 hits=278577 fwd=1151 rows=588853 fwd_ms=33791.6 eval=0 prior=0
[inst] req=876544 hits=281369 fwd=1162 rows=594485 fwd_ms=34105.3 eval=0 prior=0
[inst] req=884736 hits=284067 fwd=1173 rows=600117 fwd_ms=34419.9 eval=0 prior=0
[inst] req=892928 hits=286530 fwd=1184 rows=605749 fwd_ms=34734.3 eval=0 prior=0
[inst] req=901120 hits=288829 fwd=1195 rows=611381 fwd_ms=35048.5 eval=0 prior=0
[inst] req=909312 hits=290941 fwd=1207 rows=617525 fwd_ms=35389.6 eval=0 prior=0
[inst] req=917504 hits=292967 fwd=1219 rows=623669 fwd_ms=35731.2 eval=0 prior=0
[inst] req=925696 hits=294973 fwd=1231 rows=629813 fwd_ms=36077.5 eval=0 prior=0
[inst] req=933888 hits=297178 fwd=1243 rows=635957 fwd_ms=36423.8 eval=0 prior=0
[inst] req=942080 hits=299658 fwd=1254 rows=641589 fwd_ms=36736.5 eval=0 prior=0
[inst] req=950272 hits=302260 fwd=1265 rows=647221 fwd_ms=37049.4 eval=0 prior=0
[inst] req=958464 hits=305081 fwd=1276 rows=652853 fwd_ms=37367.5 eval=0 prior=0
[inst] req=966656 hits=307987 fwd=1286 rows=657973 fwd_ms=37651.7 eval=0 prior=0
[inst] req=974848 hits=310896 fwd=1296 rows=663093 fwd_ms=37936.4 eval=0 prior=0
[inst] req=983040 hits=313786 fwd=1307 rows=668725 fwd_ms=38249.6 eval=0 prior=0
[inst] req=991232 hits=316512 fwd=1317 rows=673845 fwd_ms=38539.2 eval=0 prior=0
[inst] req=999424 hits=319171 fwd=1328 rows=679477 fwd_ms=38852.6 eval=0 prior=0
[inst] req=1007616 hits=321658 fwd=1339 rows=685109 fwd_ms=39165.6 eval=0 prior=0
[inst] req=1015808 hits=324131 fwd=1350 rows=690741 fwd_ms=39478.8 eval=0 prior=0
[inst] req=1024000 hits=326660 fwd=1361 rows=696373 fwd_ms=39792.0 eval=0 prior=0
[inst] req=1032192 hits=329395 fwd=1372 rows=702005 fwd_ms=40105.2 eval=0 prior=0
[inst] req=1040384 hits=332276 fwd=1382 rows=707125 fwd_ms=40390.0 eval=0 prior=0
[inst] req=1048576 hits=335145 fwd=1393 rows=712757 fwd_ms=40703.3 eval=0 prior=0
[inst] req=1056768 hits=338118 fwd=1403 rows=717877 fwd_ms=40988.2 eval=0 prior=0
[inst] req=1064960 hits=341086 fwd=1413 rows=722997 fwd_ms=41273.1 eval=0 prior=0
[inst] req=1073152 hits=343924 fwd=1424 rows=728629 fwd_ms=41586.7 eval=0 prior=0
[inst] req=1081344 hits=346736 fwd=1434 rows=733749 fwd_ms=41871.7 eval=0 prior=0
[inst] req=1089536 hits=349392 fwd=1445 rows=739381 fwd_ms=42185.1 eval=0 prior=0
[inst] req=1097728 hits=351851 fwd=1456 rows=745013 fwd_ms=42498.4 eval=0 prior=0
[inst] req=1105920 hits=354243 fwd=1468 rows=751157 fwd_ms=42839.9 eval=0 prior=0
[inst] req=1114112 hits=356758 fwd=1479 rows=756789 fwd_ms=43153.2 eval=0 prior=0
[inst] req=1122304 hits=359365 fwd=1490 rows=762421 fwd_ms=43466.6 eval=0 prior=0
[inst] req=1130496 hits=362094 fwd=1500 rows=767541 fwd_ms=43751.6 eval=0 prior=0
[inst] req=1138688 hits=364896 fwd=1511 rows=773173 fwd_ms=44070.0 eval=0 prior=0
[inst] req=1146880 hits=367716 fwd=1521 rows=778293 fwd_ms=44366.9 eval=0 prior=0
[inst] req=1155072 hits=370556 fwd=1532 rows=783925 fwd_ms=44680.6 eval=0 prior=0
[inst] req=1163264 hits=373345 fwd=1542 rows=789045 fwd_ms=44965.7 eval=0 prior=0
[inst] req=1171456 hits=376021 fwd=1553 rows=794677 fwd_ms=45279.2 eval=0 prior=0
[inst] req=1179648 hits=378530 fwd=1564 rows=800309 fwd_ms=45592.8 eval=0 prior=0
[inst] req=1187840 hits=380934 fwd=1575 rows=805941 fwd_ms=45942.1 eval=0 prior=0
[inst] req=1196032 hits=383408 fwd=1587 rows=812085 fwd_ms=46302.1 eval=0 prior=0
[inst] req=1204224 hits=386016 fwd=1597 rows=817205 fwd_ms=46610.7 eval=0 prior=0
[inst] req=1212416 hits=388777 fwd=1608 rows=822837 fwd_ms=46947.6 eval=0 prior=0
[inst] req=1220608 hits=391665 fwd=1618 rows=827957 fwd_ms=47262.2 eval=0 prior=0
[inst] req=1228800 hits=394636 fwd=1629 rows=833589 fwd_ms=47611.3 eval=0 prior=0
[inst] req=1236992 hits=397610 fwd=1639 rows=838709 fwd_ms=47896.4 eval=0 prior=0
[inst] req=1245184 hits=400510 fwd=1649 rows=843829 fwd_ms=48181.3 eval=0 prior=0
[inst] req=1253376 hits=403310 fwd=1660 rows=849461 fwd_ms=48494.7 eval=0 prior=0
[inst] req=1261568 hits=405982 fwd=1670 rows=854581 fwd_ms=48779.5 eval=0 prior=0
[inst] req=1269760 hits=408465 fwd=1682 rows=860725 fwd_ms=49132.8 eval=0 prior=0
[inst] req=1277952 hits=410952 fwd=1693 rows=866357 fwd_ms=49505.7 eval=0 prior=0
[inst] req=1286144 hits=413399 fwd=1704 rows=871989 fwd_ms=49872.1 eval=0 prior=0
[inst] req=1294336 hits=415889 fwd=1715 rows=877621 fwd_ms=50250.9 eval=0 prior=0
[inst] req=1302528 hits=418499 fwd=1726 rows=883253 fwd_ms=50629.7 eval=0 prior=0
[inst] req=1310720 hits=421181 fwd=1737 rows=888885 fwd_ms=51008.4 eval=0 prior=0
[inst] req=1318912 hits=423962 fwd=1747 rows=894005 fwd_ms=51354.2 eval=0 prior=0
[inst] req=1327104 hits=426868 fwd=1758 rows=899637 fwd_ms=51733.0 eval=0 prior=0
[inst] req=1335296 hits=429675 fwd=1768 rows=904757 fwd_ms=52088.1 eval=0 prior=0
[inst] req=1343488 hits=432331 fwd=1779 rows=910389 fwd_ms=52441.1 eval=0 prior=0
[inst] req=1351680 hits=434835 fwd=1790 rows=916021 fwd_ms=52761.1 eval=0 prior=0
[inst] req=1359872 hits=437318 fwd=1801 rows=921653 fwd_ms=53075.8 eval=0 prior=0
[inst] req=1368064 hits=439827 fwd=1812 rows=927285 fwd_ms=53390.6 eval=0 prior=0
[inst] req=1376256 hits=442362 fwd=1823 rows=932917 fwd_ms=53705.3 eval=0 prior=0
[inst] req=1384448 hits=445083 fwd=1834 rows=938549 fwd_ms=54020.2 eval=0 prior=0
[inst] req=1392640 hits=447941 fwd=1845 rows=944181 fwd_ms=54335.1 eval=0 prior=0
[inst] req=1400832 hits=450824 fwd=1855 rows=949301 fwd_ms=54621.3 eval=0 prior=0
[inst] req=1409024 hits=453765 fwd=1865 rows=954421 fwd_ms=54907.6 eval=0 prior=0
[inst] req=1417216 hits=456749 fwd=1875 rows=959541 fwd_ms=55194.3 eval=0 prior=0
[inst] req=1425408 hits=459597 fwd=1886 rows=965173 fwd_ms=55509.3 eval=0 prior=0
[inst] req=1433600 hits=462255 fwd=1897 rows=970805 fwd_ms=55824.3 eval=0 prior=0
[inst] req=1441792 hits=464801 fwd=1908 rows=976437 fwd_ms=56138.8 eval=0 prior=0
[inst] req=1449984 hits=467227 fwd=1919 rows=982069 fwd_ms=56453.4 eval=0 prior=0
[inst] req=1458176 hits=469613 fwd=1930 rows=987701 fwd_ms=56768.4 eval=0 prior=0
[inst] req=1466368 hits=472060 fwd=1941 rows=993333 fwd_ms=57082.9 eval=0 prior=0
[inst] req=1474560 hits=474599 fwd=1952 rows=998965 fwd_ms=57397.0 eval=0 prior=0
[inst] req=1482752 hits=477216 fwd=1963 rows=1004597 fwd_ms=57711.3 eval=0 prior=0
[inst] req=1490944 hits=479880 fwd=1974 rows=1010229 fwd_ms=58029.0 eval=0 prior=0
[inst] req=1499136 hits=482632 fwd=1985 rows=1015861 fwd_ms=58342.6 eval=0 prior=0
[inst] req=1507328 hits=485393 fwd=1995 rows=1020981 fwd_ms=58628.6 eval=0 prior=0
[inst] req=1515520 hits=487989 fwd=2006 rows=1026613 fwd_ms=58943.0 eval=0 prior=0
[inst] req=1523712 hits=490516 fwd=2017 rows=1032245 fwd_ms=59257.4 eval=0 prior=0
[inst] req=1531904 hits=492918 fwd=2029 rows=1038389 fwd_ms=59599.9 eval=0 prior=0
[inst] req=1540096 hits=495318 fwd=2040 rows=1044021 fwd_ms=59914.7 eval=0 prior=0
[inst] req=1548288 hits=497778 fwd=2051 rows=1049653 fwd_ms=60233.6 eval=0 prior=0
[inst] req=1556480 hits=500381 fwd=2062 rows=1055285 fwd_ms=60548.4 eval=0 prior=0
[inst] req=1564672 hits=503149 fwd=2073 rows=1060917 fwd_ms=60863.4 eval=0 prior=0
[inst] req=1572864 hits=505980 fwd=2083 rows=1066037 fwd_ms=61149.9 eval=0 prior=0
[inst] req=1581056 hits=508818 fwd=2094 rows=1071669 fwd_ms=61465.0 eval=0 prior=0
[inst] req=1589248 hits=511701 fwd=2104 rows=1076789 fwd_ms=61751.4 eval=0 prior=0
[inst] req=1597440 hits=514443 fwd=2115 rows=1082421 fwd_ms=62066.6 eval=0 prior=0
[inst] req=1605632 hits=517059 fwd=2126 rows=1088053 fwd_ms=62381.8 eval=0 prior=0
[inst] req=1613824 hits=519601 fwd=2137 rows=1093685 fwd_ms=62697.0 eval=0 prior=0
[inst] req=1622016 hits=522013 fwd=2148 rows=1099317 fwd_ms=63011.9 eval=0 prior=0
[inst] req=1630208 hits=524343 fwd=2159 rows=1104949 fwd_ms=63326.9 eval=0 prior=0
[inst] req=1638400 hits=526895 fwd=2170 rows=1110581 fwd_ms=63642.1 eval=0 prior=0
[inst] req=1646592 hits=529473 fwd=2181 rows=1116213 fwd_ms=63957.2 eval=0 prior=0
[inst] req=1654784 hits=532148 fwd=2192 rows=1121845 fwd_ms=64272.3 eval=0 prior=0
[inst] req=1662976 hits=534787 fwd=2203 rows=1127477 fwd_ms=64587.4 eval=0 prior=0
[inst] req=1671168 hits=537417 fwd=2214 rows=1133109 fwd_ms=64902.6 eval=0 prior=0
[inst] req=1679360 hits=540099 fwd=2225 rows=1138741 fwd_ms=65217.3 eval=0 prior=0
[inst] req=1687552 hits=542652 fwd=2236 rows=1144373 fwd_ms=65531.4 eval=0 prior=0
[inst] req=1695744 hits=545250 fwd=2246 rows=1149493 fwd_ms=65816.9 eval=0 prior=0
[inst] req=1703936 hits=547655 fwd=2258 rows=1155637 fwd_ms=66159.5 eval=0 prior=0
[inst] req=1712128 hits=550073 fwd=2269 rows=1161269 fwd_ms=66473.9 eval=0 prior=0
[inst] req=1720320 hits=552547 fwd=2280 rows=1166901 fwd_ms=66787.4 eval=0 prior=0
[inst] req=1728512 hits=555071 fwd=2291 rows=1172533 fwd_ms=67101.2 eval=0 prior=0
[inst] req=1736704 hits=557725 fwd=2302 rows=1178165 fwd_ms=67414.7 eval=0 prior=0
[inst] req=1744896 hits=560507 fwd=2313 rows=1183797 fwd_ms=67728.0 eval=0 prior=0
[inst] req=1753088 hits=563365 fwd=2323 rows=1188917 fwd_ms=68013.0 eval=0 prior=0
[inst] req=1761280 hits=566260 fwd=2333 rows=1194037 fwd_ms=68298.0 eval=0 prior=0
[inst] req=1769472 hits=569164 fwd=2344 rows=1199669 fwd_ms=68611.9 eval=0 prior=0
[inst] req=1777664 hits=571945 fwd=2354 rows=1204789 fwd_ms=68897.1 eval=0 prior=0
[inst] req=1785856 hits=574537 fwd=2365 rows=1210421 fwd_ms=69210.2 eval=0 prior=0
[inst] req=1794048 hits=576910 fwd=2377 rows=1216565 fwd_ms=69552.1 eval=0 prior=0
[inst] req=1802240 hits=579256 fwd=2388 rows=1222197 fwd_ms=69865.2 eval=0 prior=0
[inst] req=1810432 hits=581597 fwd=2399 rows=1227829 fwd_ms=70177.9 eval=0 prior=0
[inst] req=1818624 hits=584000 fwd=2411 rows=1233973 fwd_ms=70519.6 eval=0 prior=0
[inst] req=1826816 hits=586508 fwd=2422 rows=1239605 fwd_ms=70833.9 eval=0 prior=0
[inst] req=1835008 hits=589099 fwd=2433 rows=1245237 fwd_ms=71147.0 eval=0 prior=0
[inst] req=1843200 hits=591824 fwd=2443 rows=1250357 fwd_ms=71431.8 eval=0 prior=0
[inst] req=1851392 hits=594559 fwd=2454 rows=1255989 fwd_ms=71745.4 eval=0 prior=0
[inst] req=1859584 hits=597171 fwd=2465 rows=1261621 fwd_ms=72059.0 eval=0 prior=0
[inst] req=1867776 hits=599728 fwd=2476 rows=1267253 fwd_ms=72372.6 eval=0 prior=0
[inst] req=1875968 hits=602186 fwd=2487 rows=1272885 fwd_ms=72686.5 eval=0 prior=0
[inst] req=1884160 hits=604606 fwd=2499 rows=1279029 fwd_ms=73027.9 eval=0 prior=0
[inst] req=1892352 hits=607138 fwd=2510 rows=1284661 fwd_ms=73341.3 eval=0 prior=0
[inst] req=1900544 hits=609855 fwd=2520 rows=1289781 fwd_ms=73626.4 eval=0 prior=0
[inst] req=1908736 hits=612450 fwd=2531 rows=1295413 fwd_ms=73939.7 eval=0 prior=0
[inst] req=1916928 hits=615215 fwd=2542 rows=1301045 fwd_ms=74252.8 eval=0 prior=0
[inst] req=1925120 hits=618082 fwd=2552 rows=1306165 fwd_ms=74537.5 eval=0 prior=0
[inst] req=1933312 hits=620943 fwd=2563 rows=1311797 fwd_ms=74850.5 eval=0 prior=0
[inst] req=1941504 hits=623788 fwd=2573 rows=1316917 fwd_ms=75135.0 eval=0 prior=0
[inst] req=1949696 hits=626495 fwd=2584 rows=1322549 fwd_ms=75448.5 eval=0 prior=0
[inst] req=1957888 hits=629091 fwd=2595 rows=1328181 fwd_ms=75761.9 eval=0 prior=0
[inst] req=1966080 hits=631546 fwd=2606 rows=1333813 fwd_ms=76074.8 eval=0 prior=0
[inst] req=1974272 hits=633990 fwd=2617 rows=1339445 fwd_ms=76388.3 eval=0 prior=0
[inst] req=1982464 hits=636402 fwd=2628 rows=1345077 fwd_ms=76701.9 eval=0 prior=0
[inst] req=1990656 hits=638831 fwd=2640 rows=1351221 fwd_ms=77044.1 eval=0 prior=0
[inst] req=1998848 hits=641356 fwd=2651 rows=1356853 fwd_ms=77357.2 eval=0 prior=0
[inst] req=2007040 hits=643990 fwd=2662 rows=1362485 fwd_ms=77670.4 eval=0 prior=0
[inst] req=2015232 hits=646626 fwd=2672 rows=1367605 fwd_ms=77955.1 eval=0 prior=0
[inst] req=2023424 hits=649296 fwd=2683 rows=1373237 fwd_ms=78269.4 eval=0 prior=0
[inst] req=2031616 hits=651978 fwd=2694 rows=1378869 fwd_ms=78582.4 eval=0 prior=0
[inst] req=2039808 hits=654571 fwd=2705 rows=1384501 fwd_ms=78895.1 eval=0 prior=0
[inst] req=2048000 hits=657038 fwd=2716 rows=1390133 fwd_ms=79207.8 eval=0 prior=0
[inst] req=2056192 hits=659538 fwd=2727 rows=1395765 fwd_ms=79523.1 eval=0 prior=0
[inst] req=2064384 hits=661987 fwd=2738 rows=1401397 fwd_ms=79835.7 eval=0 prior=0
[inst] req=2072576 hits=664627 fwd=2749 rows=1407029 fwd_ms=80148.0 eval=0 prior=0
[inst] req=2080768 hits=667286 fwd=2760 rows=1412661 fwd_ms=80460.9 eval=0 prior=0
[inst] req=2088960 hits=669939 fwd=2771 rows=1418293 fwd_ms=80773.8 eval=0 prior=0
[inst] req=2097152 hits=672776 fwd=2781 rows=1423413 fwd_ms=81057.8 eval=0 prior=0
[inst] req=2105344 hits=675564 fwd=2792 rows=1429045 fwd_ms=81370.4 eval=0 prior=0
[inst] req=2113536 hits=678380 fwd=2802 rows=1434165 fwd_ms=81654.9 eval=0 prior=0
[inst] req=2121728 hits=681124 fwd=2813 rows=1439797 fwd_ms=81968.3 eval=0 prior=0
[inst] req=2129920 hits=683810 fwd=2824 rows=1445429 fwd_ms=82281.8 eval=0 prior=0
[inst] req=2138112 hits=686268 fwd=2835 rows=1451061 fwd_ms=82594.8 eval=0 prior=0
[inst] req=2146304 hits=688599 fwd=2846 rows=1456693 fwd_ms=82908.5 eval=0 prior=0
[inst] req=2154496 hits=691029 fwd=2858 rows=1462837 fwd_ms=83249.3 eval=0 prior=0
[inst] req=2162688 hits=693496 fwd=2869 rows=1468469 fwd_ms=83562.4 eval=0 prior=0
[inst] req=2170880 hits=695997 fwd=2880 rows=1474101 fwd_ms=83874.8 eval=0 prior=0
[inst] req=2179072 hits=698554 fwd=2891 rows=1479733 fwd_ms=84188.8 eval=0 prior=0
[inst] req=2187264 hits=701202 fwd=2902 rows=1485365 fwd_ms=84502.2 eval=0 prior=0
[inst] req=2195456 hits=703890 fwd=2913 rows=1490997 fwd_ms=84815.3 eval=0 prior=0
[inst] req=2203648 hits=706512 fwd=2923 rows=1496117 fwd_ms=85100.6 eval=0 prior=0
[inst] req=2211840 hits=709112 fwd=2934 rows=1501749 fwd_ms=85414.3 eval=0 prior=0
[inst] req=2220032 hits=711683 fwd=2945 rows=1507381 fwd_ms=85728.0 eval=0 prior=0
[inst] req=2228224 hits=714266 fwd=2956 rows=1513013 fwd_ms=86040.7 eval=0 prior=0
[inst] req=2236416 hits=716869 fwd=2967 rows=1518645 fwd_ms=86353.4 eval=0 prior=0
[inst] req=2244608 hits=719361 fwd=2978 rows=1524277 fwd_ms=86666.2 eval=0 prior=0
[inst] req=2252800 hits=721936 fwd=2989 rows=1529909 fwd_ms=86978.8 eval=0 prior=0
[inst] req=2260992 hits=724578 fwd=3000 rows=1535541 fwd_ms=87292.4 eval=0 prior=0
[inst] req=2269184 hits=727253 fwd=3011 rows=1541173 fwd_ms=87606.0 eval=0 prior=0
[inst] req=2277376 hits=729971 fwd=3022 rows=1546805 fwd_ms=87919.3 eval=0 prior=0
[inst] req=2285568 hits=732804 fwd=3032 rows=1551925 fwd_ms=88203.6 eval=0 prior=0
[inst] req=2293760 hits=735539 fwd=3043 rows=1557557 fwd_ms=88516.3 eval=0 prior=0
[inst] req=2301952 hits=738093 fwd=3054 rows=1563189 fwd_ms=88828.8 eval=0 prior=0
[inst] req=2310144 hits=740567 fwd=3065 rows=1568821 fwd_ms=89142.5 eval=0 prior=0
[inst] req=2318336 hits=742939 fwd=3076 rows=1574453 fwd_ms=89455.5 eval=0 prior=0
[inst] req=2326528 hits=745314 fwd=3088 rows=1580597 fwd_ms=89796.7 eval=0 prior=0
[inst] req=2334720 hits=747686 fwd=3099 rows=1586229 fwd_ms=90109.9 eval=0 prior=0
[inst] req=2342912 hits=750119 fwd=3110 rows=1591861 fwd_ms=90423.0 eval=0 prior=0
[inst] req=2351104 hits=752690 fwd=3121 rows=1597493 fwd_ms=90736.3 eval=0 prior=0
[inst] req=2359296 hits=755233 fwd=3132 rows=1603125 fwd_ms=91049.4 eval=0 prior=0
[inst] req=2367488 hits=757870 fwd=3143 rows=1608757 fwd_ms=91363.1 eval=0 prior=0
[inst] req=2375680 hits=760516 fwd=3154 rows=1614389 fwd_ms=91676.5 eval=0 prior=0
[inst] req=2383872 hits=763019 fwd=3165 rows=1620021 fwd_ms=91990.1 eval=0 prior=0
[inst] req=2392064 hits=765576 fwd=3176 rows=1625653 fwd_ms=92303.3 eval=0 prior=0
[inst] req=2400256 hits=768050 fwd=3187 rows=1631285 fwd_ms=92616.6 eval=0 prior=0
[inst] req=2408448 hits=770523 fwd=3198 rows=1636917 fwd_ms=92929.5 eval=0 prior=0
[inst] req=2416640 hits=772937 fwd=3210 rows=1643061 fwd_ms=93271.7 eval=0 prior=0
[inst] req=2424832 hits=775448 fwd=3221 rows=1648693 fwd_ms=93585.2 eval=0 prior=0
[inst] req=2433024 hits=778165 fwd=3232 rows=1654325 fwd_ms=93898.9 eval=0 prior=0
[inst] req=2441216 hits=780879 fwd=3242 rows=1659445 fwd_ms=94186.9 eval=0 prior=0
[inst] req=2449408 hits=783652 fwd=3253 rows=1665077 fwd_ms=94499.7 eval=0 prior=0
[inst] req=2457600 hits=786339 fwd=3264 rows=1670709 fwd_ms=94812.4 eval=0 prior=0
[inst] req=2465792 hits=789040 fwd=3274 rows=1675829 fwd_ms=95096.7 eval=0 prior=0
[inst] req=2473984 hits=791643 fwd=3285 rows=1681461 fwd_ms=95409.3 eval=0 prior=0
[inst] req=2482176 hits=794118 fwd=3296 rows=1687093 fwd_ms=95721.8 eval=0 prior=0
[inst] req=2490368 hits=796554 fwd=3308 rows=1693237 fwd_ms=96064.3 eval=0 prior=0
[inst] req=2498560 hits=798899 fwd=3319 rows=1698869 fwd_ms=96377.4 eval=0 prior=0
[inst] req=2506752 hits=801396 fwd=3330 rows=1704501 fwd_ms=96691.1 eval=0 prior=0
[inst] req=2514944 hits=803912 fwd=3341 rows=1710133 fwd_ms=97005.2 eval=0 prior=0
[inst] req=2523136 hits=806364 fwd=3352 rows=1715765 fwd_ms=97318.6 eval=0 prior=0
[inst] req=2531328 hits=808859 fwd=3364 rows=1721909 fwd_ms=97661.1 eval=0 prior=0
[inst] req=2539520 hits=811496 fwd=3374 rows=1727029 fwd_ms=97946.2 eval=0 prior=0
[inst] req=2547712 hits=814030 fwd=3385 rows=1732661 fwd_ms=98259.5 eval=0 prior=0
[inst] req=2555904 hits=816687 fwd=3396 rows=1738293 fwd_ms=98573.2 eval=0 prior=0
[inst] req=2564096 hits=819163 fwd=3407 rows=1743925 fwd_ms=98886.7 eval=0 prior=0
[inst] req=2572288 hits=821550 fwd=3419 rows=1750069 fwd_ms=99228.6 eval=0 prior=0
[inst] req=2580480 hits=823978 fwd=3430 rows=1755701 fwd_ms=99542.4 eval=0 prior=0
[inst] req=2588672 hits=826456 fwd=3441 rows=1761333 fwd_ms=99855.9 eval=0 prior=0
[inst] req=2596864 hits=829011 fwd=3452 rows=1766965 fwd_ms=100169.6 eval=0 prior=0
[inst] req=2605056 hits=831627 fwd=3463 rows=1772597 fwd_ms=100484.3 eval=0 prior=0
[inst] req=2613248 hits=834311 fwd=3474 rows=1778229 fwd_ms=100797.8 eval=0 prior=0
[inst] req=2621440 hits=837029 fwd=3485 rows=1783861 fwd_ms=101111.7 eval=0 prior=0
[inst] req=2629632 hits=839740 fwd=3495 rows=1788981 fwd_ms=101396.8 eval=0 prior=0
[inst] req=2637824 hits=842390 fwd=3506 rows=1794613 fwd_ms=101710.4 eval=0 prior=0
[inst] req=2646016 hits=845066 fwd=3517 rows=1800245 fwd_ms=102024.0 eval=0 prior=0
[inst] req=2654208 hits=847503 fwd=3528 rows=1805877 fwd_ms=102337.8 eval=0 prior=0
[inst] req=2662400 hits=849895 fwd=3539 rows=1811509 fwd_ms=102651.5 eval=0 prior=0
[inst] req=2670592 hits=852365 fwd=3551 rows=1817653 fwd_ms=102994.5 eval=0 prior=0
[inst] req=2678784 hits=854890 fwd=3562 rows=1823285 fwd_ms=103308.6 eval=0 prior=0
[inst] req=2686976 hits=857392 fwd=3573 rows=1828917 fwd_ms=103623.5 eval=0 prior=0
[inst] req=2695168 hits=859886 fwd=3584 rows=1834549 fwd_ms=103938.1 eval=0 prior=0
[inst] req=2703360 hits=862420 fwd=3595 rows=1840181 fwd_ms=104253.0 eval=0 prior=0
[inst] req=2711552 hits=864994 fwd=3606 rows=1845813 fwd_ms=104567.9 eval=0 prior=0
[inst] req=2719744 hits=867603 fwd=3617 rows=1851445 fwd_ms=104882.5 eval=0 prior=0
[inst] req=2727936 hits=870169 fwd=3628 rows=1857077 fwd_ms=105197.4 eval=0 prior=0
[inst] req=2736128 hits=872649 fwd=3639 rows=1862709 fwd_ms=105512.2 eval=0 prior=0
[inst] req=2744320 hits=875123 fwd=3650 rows=1868341 fwd_ms=105827.3 eval=0 prior=0
[inst] req=2752512 hits=877580 fwd=3661 rows=1873973 fwd_ms=106142.2 eval=0 prior=0
[inst] req=2760704 hits=880149 fwd=3672 rows=1879605 fwd_ms=106457.3 eval=0 prior=0
[inst] req=2768896 hits=882652 fwd=3683 rows=1885237 fwd_ms=106773.1 eval=0 prior=0
[inst] req=2777088 hits=885274 fwd=3694 rows=1890869 fwd_ms=107088.7 eval=0 prior=0
[inst] req=2785280 hits=887960 fwd=3705 rows=1896501 fwd_ms=107404.1 eval=0 prior=0
[inst] req=2793472 hits=890640 fwd=3716 rows=1902133 fwd_ms=107719.6 eval=0 prior=0
[inst] req=2801664 hits=893380 fwd=3727 rows=1907765 fwd_ms=108035.1 eval=0 prior=0
[inst] req=2809856 hits=896058 fwd=3737 rows=1912885 fwd_ms=108326.0 eval=0 prior=0
[inst] req=2818048 hits=898579 fwd=3748 rows=1918517 fwd_ms=108649.6 eval=0 prior=0
[inst] req=2826240 hits=901122 fwd=3759 rows=1924149 fwd_ms=108967.7 eval=0 prior=0
[inst] req=2834432 hits=903616 fwd=3771 rows=1930293 fwd_ms=109309.9 eval=0 prior=0
[inst] req=2842624 hits=906026 fwd=3782 rows=1935925 fwd_ms=109623.7 eval=0 prior=0
[inst] req=2850816 hits=908632 fwd=3793 rows=1941557 fwd_ms=109937.5 eval=0 prior=0
[inst] req=2859008 hits=911080 fwd=3804 rows=1947189 fwd_ms=110251.2 eval=0 prior=0
[inst] req=2867200 hits=913747 fwd=3815 rows=1952821 fwd_ms=110565.2 eval=0 prior=0
[inst] req=2875392 hits=916308 fwd=3826 rows=1958453 fwd_ms=110879.9 eval=0 prior=0
[inst] req=2883584 hits=918801 fwd=3837 rows=1964085 fwd_ms=111205.8 eval=0 prior=0
[inst] req=2891776 hits=921366 fwd=3848 rows=1969717 fwd_ms=111520.2 eval=0 prior=0
[inst] req=2899968 hits=923898 fwd=3859 rows=1975349 fwd_ms=111834.9 eval=0 prior=0
[inst] req=2908160 hits=926399 fwd=3870 rows=1980981 fwd_ms=112151.3 eval=0 prior=0
[inst] req=2916352 hits=929030 fwd=3881 rows=1986613 fwd_ms=112469.4 eval=0 prior=0
[inst] req=2924544 hits=931572 fwd=3892 rows=1992245 fwd_ms=112785.1 eval=0 prior=0
[inst] req=2932736 hits=934049 fwd=3903 rows=1997877 fwd_ms=113099.4 eval=0 prior=0
[inst] req=2940928 hits=936751 fwd=3914 rows=2003509 fwd_ms=113414.4 eval=0 prior=0
[inst] req=2949120 hits=939466 fwd=3925 rows=2009141 fwd_ms=113729.5 eval=0 prior=0
[inst] req=2957312 hits=942158 fwd=3935 rows=2014261 fwd_ms=114015.9 eval=0 prior=0
[inst] req=2965504 hits=944918 fwd=3946 rows=2019893 fwd_ms=114331.2 eval=0 prior=0
[inst] req=2973696 hits=947635 fwd=3957 rows=2025525 fwd_ms=114645.9 eval=0 prior=0
[inst] req=2981888 hits=950300 fwd=3967 rows=2030645 fwd_ms=114931.8 eval=0 prior=0
[inst] req=2990080 hits=952880 fwd=3978 rows=2036277 fwd_ms=115247.3 eval=0 prior=0
[inst] req=2998272 hits=955311 fwd=3990 rows=2042421 fwd_ms=115591.3 eval=0 prior=0
[inst] req=3006464 hits=957704 fwd=4001 rows=2048053 fwd_ms=115906.4 eval=0 prior=0
[inst] req=3014656 hits=960209 fwd=4012 rows=2053685 fwd_ms=116221.7 eval=0 prior=0
[inst] req=3022848 hits=962773 fwd=4023 rows=2059317 fwd_ms=116537.2 eval=0 prior=0
[inst] req=3031040 hits=965305 fwd=4034 rows=2064949 fwd_ms=116852.1 eval=0 prior=0
[inst] req=3039232 hits=967818 fwd=4045 rows=2070581 fwd_ms=117166.8 eval=0 prior=0
[inst] req=3047424 hits=970391 fwd=4056 rows=2076213 fwd_ms=117481.3 eval=0 prior=0
[inst] req=3055616 hits=973059 fwd=4067 rows=2081845 fwd_ms=117795.8 eval=0 prior=0
[inst] req=3063808 hits=975700 fwd=4078 rows=2087477 fwd_ms=118110.3 eval=0 prior=0
[inst] req=3072000 hits=978312 fwd=4089 rows=2093109 fwd_ms=118424.9 eval=0 prior=0
[inst] req=3080192 hits=980801 fwd=4100 rows=2098741 fwd_ms=118739.9 eval=0 prior=0
[inst] req=3088384 hits=983305 fwd=4111 rows=2104373 fwd_ms=119054.6 eval=0 prior=0
[inst] req=3096576 hits=985782 fwd=4122 rows=2110005 fwd_ms=119369.6 eval=0 prior=0
[inst] req=3104768 hits=988255 fwd=4133 rows=2115637 fwd_ms=119684.6 eval=0 prior=0
[inst] req=3112960 hits=990812 fwd=4144 rows=2121269 fwd_ms=119999.8 eval=0 prior=0
[inst] req=3121152 hits=993457 fwd=4155 rows=2126901 fwd_ms=120315.1 eval=0 prior=0
[inst] req=3129344 hits=996150 fwd=4166 rows=2132533 fwd_ms=120630.0 eval=0 prior=0
[inst] req=3137536 hits=998765 fwd=4177 rows=2138165 fwd_ms=120944.7 eval=0 prior=0
[inst] req=3145728 hits=1001387 fwd=4188 rows=2143797 fwd_ms=121259.6 eval=0 prior=0
[inst] req=3153920 hits=1003984 fwd=4198 rows=2148917 fwd_ms=121545.9 eval=0 prior=0
[inst] req=3162112 hits=1006518 fwd=4210 rows=2155061 fwd_ms=121889.6 eval=0 prior=0
[inst] req=3170304 hits=1008959 fwd=4221 rows=2160693 fwd_ms=122204.5 eval=0 prior=0
[inst] req=3178496 hits=1011469 fwd=4232 rows=2166325 fwd_ms=122519.2 eval=0 prior=0
[inst] req=3186688 hits=1013952 fwd=4243 rows=2171957 fwd_ms=122833.9 eval=0 prior=0
[inst] req=3194880 hits=1016379 fwd=4254 rows=2177589 fwd_ms=123148.2 eval=0 prior=0
[inst] req=3203072 hits=1018848 fwd=4265 rows=2183221 fwd_ms=123463.0 eval=0 prior=0
[inst] req=3211264 hits=1021335 fwd=4277 rows=2189365 fwd_ms=123806.1 eval=0 prior=0
[inst] req=3219456 hits=1023834 fwd=4288 rows=2194997 fwd_ms=124121.6 eval=0 prior=0
[inst] req=3227648 hits=1026335 fwd=4299 rows=2200629 fwd_ms=124436.5 eval=0 prior=0
[inst] req=3235840 hits=1028855 fwd=4310 rows=2206261 fwd_ms=124751.5 eval=0 prior=0
[inst] req=3244032 hits=1031547 fwd=4321 rows=2211893 fwd_ms=125066.4 eval=0 prior=0
[inst] req=3252224 hits=1034009 fwd=4332 rows=2217525 fwd_ms=125381.9 eval=0 prior=0
[inst] req=3260416 hits=1036437 fwd=4343 rows=2223157 fwd_ms=125696.4 eval=0 prior=0
[inst] req=3268608 hits=1038969 fwd=4354 rows=2228789 fwd_ms=126010.5 eval=0 prior=0
[inst] req=3276800 hits=1041617 fwd=4365 rows=2234421 fwd_ms=126325.6 eval=0 prior=0
[inst] req=3284992 hits=1044169 fwd=4376 rows=2240053 fwd_ms=126640.2 eval=0 prior=0
[inst] req=3293184 hits=1046721 fwd=4387 rows=2245685 fwd_ms=126954.4 eval=0 prior=0
[inst] req=3301376 hits=1049273 fwd=4398 rows=2251317 fwd_ms=127269.1 eval=0 prior=0
[inst] req=3309568 hits=1051924 fwd=4409 rows=2256949 fwd_ms=127583.3 eval=0 prior=0
[inst] req=3317760 hits=1054637 fwd=4420 rows=2262581 fwd_ms=127897.4 eval=0 prior=0
[inst] req=3325952 hits=1057282 fwd=4430 rows=2267701 fwd_ms=128183.1 eval=0 prior=0
[inst] req=3334144 hits=1059834 fwd=4441 rows=2273333 fwd_ms=128497.6 eval=0 prior=0
[inst] req=3342336 hits=1062343 fwd=4453 rows=2279477 fwd_ms=128840.7 eval=0 prior=0
[inst] req=3350528 hits=1064788 fwd=4464 rows=2285109 fwd_ms=129156.4 eval=0 prior=0
[inst] req=3358720 hits=1067286 fwd=4475 rows=2290741 fwd_ms=129470.7 eval=0 prior=0
[inst] req=3366912 hits=1069865 fwd=4486 rows=2296373 fwd_ms=129786.9 eval=0 prior=0
[inst] req=3375104 hits=1072401 fwd=4497 rows=2302005 fwd_ms=130108.0 eval=0 prior=0
[inst] req=3383296 hits=1074882 fwd=4508 rows=2307637 fwd_ms=130424.9 eval=0 prior=0
[inst] req=3391488 hits=1077364 fwd=4519 rows=2313269 fwd_ms=130739.8 eval=0 prior=0
[inst] req=3399680 hits=1079874 fwd=4530 rows=2318901 fwd_ms=131056.1 eval=0 prior=0
[inst] req=3407872 hits=1082406 fwd=4541 rows=2324533 fwd_ms=131378.1 eval=0 prior=0
[inst] req=3416064 hits=1085006 fwd=4552 rows=2330165 fwd_ms=131700.8 eval=0 prior=0
[inst] req=3424256 hits=1087489 fwd=4563 rows=2335797 fwd_ms=132030.6 eval=0 prior=0
[inst] req=3432448 hits=1089938 fwd=4575 rows=2341941 fwd_ms=132379.5 eval=0 prior=0
[inst] req=3440640 hits=1092503 fwd=4586 rows=2347573 fwd_ms=132701.4 eval=0 prior=0
[inst] req=3448832 hits=1095012 fwd=4597 rows=2353205 fwd_ms=133018.2 eval=0 prior=0
[inst] req=3457024 hits=1097539 fwd=4608 rows=2358837 fwd_ms=133336.2 eval=0 prior=0
[inst] req=3465216 hits=1100068 fwd=4619 rows=2364469 fwd_ms=133659.3 eval=0 prior=0
[inst] req=3473408 hits=1102713 fwd=4630 rows=2370101 fwd_ms=133975.2 eval=0 prior=0
[inst] req=3481600 hits=1105238 fwd=4641 rows=2375733 fwd_ms=134290.5 eval=0 prior=0
[inst] req=3489792 hits=1107769 fwd=4652 rows=2381365 fwd_ms=134606.3 eval=0 prior=0
[inst] req=3497984 hits=1110357 fwd=4663 rows=2386997 fwd_ms=134922.0 eval=0 prior=0
[inst] req=3506176 hits=1112896 fwd=4674 rows=2392629 fwd_ms=135238.8 eval=0 prior=0
[inst] req=3514368 hits=1115392 fwd=4685 rows=2398261 fwd_ms=135560.1 eval=0 prior=0
[inst] req=3522560 hits=1117744 fwd=4696 rows=2403893 fwd_ms=135880.9 eval=0 prior=0
[inst] req=3530752 hits=1120205 fwd=4707 rows=2409525 fwd_ms=136204.2 eval=0 prior=0
[inst] req=3538944 hits=1122763 fwd=4718 rows=2415157 fwd_ms=136541.2 eval=0 prior=0
[inst] req=3547136 hits=1125303 fwd=4730 rows=2421301 fwd_ms=136894.6 eval=0 prior=0
[inst] req=3555328 hits=1127778 fwd=4741 rows=2426933 fwd_ms=137214.3 eval=0 prior=0
[inst] req=3563520 hits=1130298 fwd=4752 rows=2432565 fwd_ms=137534.6 eval=0 prior=0
[inst] req=3571712 hits=1132847 fwd=4763 rows=2438197 fwd_ms=137855.3 eval=0 prior=0
[inst] req=3579904 hits=1135400 fwd=4774 rows=2443829 fwd_ms=138173.6 eval=0 prior=0
[inst] req=3588096 hits=1137929 fwd=4785 rows=2449461 fwd_ms=138496.5 eval=0 prior=0
[inst] req=3596288 hits=1140394 fwd=4796 rows=2455093 fwd_ms=138812.2 eval=0 prior=0
[inst] req=3604480 hits=1142787 fwd=4807 rows=2460725 fwd_ms=139128.6 eval=0 prior=0
[inst] req=3612672 hits=1145304 fwd=4818 rows=2466357 fwd_ms=139450.7 eval=0 prior=0
[inst] req=3620864 hits=1147851 fwd=4829 rows=2471989 fwd_ms=139772.9 eval=0 prior=0
[inst] req=3629056 hits=1150455 fwd=4840 rows=2477621 fwd_ms=140088.8 eval=0 prior=0
[inst] req=3637248 hits=1153150 fwd=4851 rows=2483253 fwd_ms=140404.6 eval=0 prior=0
[inst] req=3645440 hits=1155775 fwd=4862 rows=2488885 fwd_ms=140721.4 eval=0 prior=0
[inst] req=3653632 hits=1158467 fwd=4873 rows=2494517 fwd_ms=141039.6 eval=0 prior=0
[inst] req=3661824 hits=1161202 fwd=4883 rows=2499637 fwd_ms=141333.7 eval=0 prior=0
[inst] req=3670016 hits=1163839 fwd=4894 rows=2505269 fwd_ms=141657.1 eval=0 prior=0
[inst] req=3678208 hits=1166423 fwd=4905 rows=2510901 fwd_ms=141973.1 eval=0 prior=0
[inst] req=3686400 hits=1168831 fwd=4917 rows=2517045 fwd_ms=142317.9 eval=0 prior=0
[inst] req=3694592 hits=1171475 fwd=4927 rows=2522165 fwd_ms=142605.1 eval=0 prior=0
[inst] req=3702784 hits=1174040 fwd=4938 rows=2527797 fwd_ms=142920.9 eval=0 prior=0
[inst] req=3710976 hits=1176523 fwd=4949 rows=2533429 fwd_ms=143236.5 eval=0 prior=0
[inst] req=3719168 hits=1178966 fwd=4961 rows=2539573 fwd_ms=143580.8 eval=0 prior=0
[inst] req=3727360 hits=1181523 fwd=4972 rows=2545205 fwd_ms=143898.2 eval=0 prior=0
[inst] req=3735552 hits=1184091 fwd=4983 rows=2550837 fwd_ms=144215.1 eval=0 prior=0
[inst] req=3743744 hits=1186542 fwd=4994 rows=2556469 fwd_ms=144530.9 eval=0 prior=0
[inst] req=3751936 hits=1189201 fwd=5005 rows=2562101 fwd_ms=144846.4 eval=0 prior=0
[inst] req=3760128 hits=1191729 fwd=5016 rows=2567733 fwd_ms=145162.1 eval=0 prior=0
[inst] req=3768320 hits=1194260 fwd=5027 rows=2573365 fwd_ms=145481.6 eval=0 prior=0
[inst] req=3776512 hits=1196708 fwd=5038 rows=2578997 fwd_ms=145799.6 eval=0 prior=0
[inst] req=3784704 hits=1199128 fwd=5049 rows=2584629 fwd_ms=146121.4 eval=0 prior=0
[inst] req=3792896 hits=1201613 fwd=5060 rows=2590261 fwd_ms=146438.5 eval=0 prior=0
[inst] req=3801088 hits=1204119 fwd=5072 rows=2596405 fwd_ms=146784.4 eval=0 prior=0
[inst] req=3809280 hits=1206722 fwd=5083 rows=2602037 fwd_ms=147101.8 eval=0 prior=0
[inst] req=3817472 hits=1209338 fwd=5093 rows=2607157 fwd_ms=147390.2 eval=0 prior=0
[inst] req=3825664 hits=1211921 fwd=5104 rows=2612789 fwd_ms=147707.6 eval=0 prior=0
[inst] req=3833856 hits=1214602 fwd=5115 rows=2618421 fwd_ms=148025.3 eval=0 prior=0
[inst] req=3842048 hits=1217155 fwd=5126 rows=2624053 fwd_ms=148342.7 eval=0 prior=0
[inst] req=3850240 hits=1219799 fwd=5137 rows=2629685 fwd_ms=148660.2 eval=0 prior=0
[inst] req=3858432 hits=1222321 fwd=5148 rows=2635317 fwd_ms=148977.0 eval=0 prior=0
[inst] req=3866624 hits=1224875 fwd=5159 rows=2640949 fwd_ms=149296.2 eval=0 prior=0
[inst] req=3874816 hits=1227228 fwd=5170 rows=2646581 fwd_ms=149612.0 eval=0 prior=0
[inst] req=3883008 hits=1229588 fwd=5182 rows=2652725 fwd_ms=149957.1 eval=0 prior=0
[inst] req=3891200 hits=1232046 fwd=5193 rows=2658357 fwd_ms=150277.0 eval=0 prior=0
[inst] req=3899392 hits=1234458 fwd=5204 rows=2663989 fwd_ms=150592.7 eval=0 prior=0
[inst] req=3907584 hits=1236918 fwd=5216 rows=2670133 fwd_ms=150936.9 eval=0 prior=0
[inst] req=3915776 hits=1239424 fwd=5227 rows=2675765 fwd_ms=151252.2 eval=0 prior=0
[inst] req=3923968 hits=1241958 fwd=5238 rows=2681397 fwd_ms=151567.6 eval=0 prior=0
[inst] req=3932160 hits=1244559 fwd=5249 rows=2687029 fwd_ms=151882.9 eval=0 prior=0
[inst] req=3940352 hits=1247192 fwd=5259 rows=2692149 fwd_ms=152173.5 eval=0 prior=0
[inst] req=3948544 hits=1249770 fwd=5270 rows=2697781 fwd_ms=152491.7 eval=0 prior=0
[inst] req=3956736 hits=1252306 fwd=5281 rows=2703413 fwd_ms=152813.5 eval=0 prior=0
[inst] req=3964928 hits=1254820 fwd=5293 rows=2709557 fwd_ms=153158.5 eval=0 prior=0
[inst] req=3973120 hits=1257349 fwd=5304 rows=2715189 fwd_ms=153474.6 eval=0 prior=0
[inst] req=3981312 hits=1259889 fwd=5315 rows=2720821 fwd_ms=153791.0 eval=0 prior=0
[inst] req=3989504 hits=1262459 fwd=5326 rows=2726453 fwd_ms=154107.4 eval=0 prior=0
[inst] req=3997696 hits=1265184 fwd=5336 rows=2731573 fwd_ms=154394.9 eval=0 prior=0
[inst] req=4005888 hits=1267703 fwd=5347 rows=2737205 fwd_ms=154711.3 eval=0 prior=0
[inst] req=4014080 hits=1270220 fwd=5358 rows=2742837 fwd_ms=155027.2 eval=0 prior=0
[inst] req=4022272 hits=1272647 fwd=5370 rows=2748981 fwd_ms=155371.6 eval=0 prior=0
[inst] req=4030464 hits=1275066 fwd=5381 rows=2754613 fwd_ms=155687.5 eval=0 prior=0
[inst] req=4038656 hits=1277453 fwd=5392 rows=2760245 fwd_ms=156003.1 eval=0 prior=0
[inst] req=4046848 hits=1279957 fwd=5403 rows=2765877 fwd_ms=156319.0 eval=0 prior=0
[inst] req=4055040 hits=1282512 fwd=5414 rows=2771509 fwd_ms=156634.7 eval=0 prior=0
[inst] req=4063232 hits=1284957 fwd=5426 rows=2777653 fwd_ms=156979.3 eval=0 prior=0
[inst] req=4071424 hits=1287359 fwd=5437 rows=2783285 fwd_ms=157295.2 eval=0 prior=0
[inst] req=4079616 hits=1289787 fwd=5448 rows=2788917 fwd_ms=157610.8 eval=0 prior=0
[inst] req=4087808 hits=1292353 fwd=5459 rows=2794549 fwd_ms=157926.6 eval=0 prior=0
[inst] req=4096000 hits=1295063 fwd=5470 rows=2800181 fwd_ms=158242.5 eval=0 prior=0
[inst] req=4104192 hits=1297630 fwd=5481 rows=2805813 fwd_ms=158558.3 eval=0 prior=0
[inst] req=4112384 hits=1300292 fwd=5492 rows=2811445 fwd_ms=158874.0 eval=0 prior=0
[inst] req=4120576 hits=1302728 fwd=5503 rows=2817077 fwd_ms=159189.8 eval=0 prior=0
[inst] req=4128768 hits=1305171 fwd=5514 rows=2822709 fwd_ms=159505.7 eval=0 prior=0
[inst] req=4136960 hits=1307619 fwd=5525 rows=2828341 fwd_ms=159821.7 eval=0 prior=0
[inst] req=4145152 hits=1310146 fwd=5537 rows=2834485 fwd_ms=160166.0 eval=0 prior=0
[inst] req=4153344 hits=1312700 fwd=5548 rows=2840117 fwd_ms=160481.5 eval=0 prior=0
[inst] req=4161536 hits=1315275 fwd=5558 rows=2845237 fwd_ms=160768.2 eval=0 prior=0
[inst] req=4169728 hits=1317782 fwd=5570 rows=2851381 fwd_ms=161112.6 eval=0 prior=0
[inst] req=4177920 hits=1320400 fwd=5580 rows=2856501 fwd_ms=161399.4 eval=0 prior=0
[inst] req=4186112 hits=1322935 fwd=5592 rows=2862645 fwd_ms=161743.9 eval=0 prior=0
[inst] req=4194304 hits=1325432 fwd=5603 rows=2868277 fwd_ms=162059.7 eval=0 prior=0
[inst] req=4202496 hits=1328082 fwd=5613 rows=2873397 fwd_ms=162346.9 eval=0 prior=0
[inst] req=4210688 hits=1330531 fwd=5625 rows=2879541 fwd_ms=162691.6 eval=0 prior=0
[inst] req=4218880 hits=1333029 fwd=5636 rows=2885173 fwd_ms=163007.4 eval=0 prior=0
[inst] req=4227072 hits=1335560 fwd=5647 rows=2890805 fwd_ms=163323.1 eval=0 prior=0
[inst] req=4235264 hits=1338006 fwd=5658 rows=2896437 fwd_ms=163639.2 eval=0 prior=0
[inst] req=4243456 hits=1340556 fwd=5669 rows=2902069 fwd_ms=163955.1 eval=0 prior=0
[inst] req=4251648 hits=1343104 fwd=5680 rows=2907701 fwd_ms=164270.9 eval=0 prior=0
[inst] req=4259840 hits=1345678 fwd=5691 rows=2913333 fwd_ms=164586.8 eval=0 prior=0
[inst] req=4268032 hits=1348222 fwd=5702 rows=2918965 fwd_ms=164902.8 eval=0 prior=0
[inst] req=4276224 hits=1350683 fwd=5713 rows=2924597 fwd_ms=165218.3 eval=0 prior=0
[inst] req=4284416 hits=1353279 fwd=5724 rows=2930229 fwd_ms=165533.9 eval=0 prior=0
[inst] req=4292608 hits=1355833 fwd=5735 rows=2935861 fwd_ms=165849.7 eval=0 prior=0
[inst] req=4300800 hits=1358327 fwd=5746 rows=2941493 fwd_ms=166165.7 eval=0 prior=0
[inst] req=4308992 hits=1360836 fwd=5758 rows=2947637 fwd_ms=166510.6 eval=0 prior=0
[inst] req=4317184 hits=1363446 fwd=5768 rows=2952757 fwd_ms=166797.6 eval=0 prior=0
[inst] req=4325376 hits=1366006 fwd=5779 rows=2958389 fwd_ms=167113.4 eval=0 prior=0
[inst] req=4333568 hits=1368540 fwd=5790 rows=2964021 fwd_ms=167429.1 eval=0 prior=0
[inst] req=4341760 hits=1371118 fwd=5801 rows=2969653 fwd_ms=167744.9 eval=0 prior=0
[inst] req=4349952 hits=1373809 fwd=5812 rows=2975285 fwd_ms=168060.9 eval=0 prior=0
[inst] req=4358144 hits=1376555 fwd=5823 rows=2980917 fwd_ms=168376.7 eval=0 prior=0
[inst] req=4366336 hits=1379052 fwd=5834 rows=2986549 fwd_ms=168692.5 eval=0 prior=0
[inst] req=4374528 hits=1381447 fwd=5845 rows=2992181 fwd_ms=169008.5 eval=0 prior=0
[inst] req=4382720 hits=1383883 fwd=5856 rows=2997813 fwd_ms=169324.2 eval=0 prior=0
[inst] req=4390912 hits=1386340 fwd=5868 rows=3003957 fwd_ms=169668.8 eval=0 prior=0
[inst] req=4399104 hits=1388774 fwd=5879 rows=3009589 fwd_ms=169985.0 eval=0 prior=0
[inst] req=4407296 hits=1391265 fwd=5890 rows=3015221 fwd_ms=170301.0 eval=0 prior=0
[inst] req=4415488 hits=1393754 fwd=5901 rows=3020853 fwd_ms=170616.8 eval=0 prior=0
[inst] req=4423680 hits=1396255 fwd=5912 rows=3026485 fwd_ms=170932.7 eval=0 prior=0
[inst] req=4431872 hits=1398873 fwd=5923 rows=3032117 fwd_ms=171248.6 eval=0 prior=0
[inst] req=4440064 hits=1401448 fwd=5934 rows=3037749 fwd_ms=171564.9 eval=0 prior=0
[inst] req=4448256 hits=1403944 fwd=5945 rows=3043381 fwd_ms=171881.0 eval=0 prior=0
[inst] req=4456448 hits=1406459 fwd=5956 rows=3049013 fwd_ms=172196.9 eval=0 prior=0
[inst] req=4464640 hits=1408960 fwd=5968 rows=3055157 fwd_ms=172541.3 eval=0 prior=0
[inst] req=4472832 hits=1411597 fwd=5978 rows=3060277 fwd_ms=172828.7 eval=0 prior=0
[inst] req=4481024 hits=1414119 fwd=5989 rows=3065909 fwd_ms=173144.8 eval=0 prior=0
[inst] req=4489216 hits=1416627 fwd=6001 rows=3072053 fwd_ms=173489.2 eval=0 prior=0
[inst] req=4497408 hits=1419153 fwd=6012 rows=3077685 fwd_ms=173805.0 eval=0 prior=0
[inst] req=4505600 hits=1421689 fwd=6023 rows=3083317 fwd_ms=174120.7 eval=0 prior=0
[inst] req=4513792 hits=1424266 fwd=6034 rows=3088949 fwd_ms=174436.4 eval=0 prior=0
[inst] req=4521984 hits=1426821 fwd=6045 rows=3094581 fwd_ms=174752.5 eval=0 prior=0
[inst] req=4530176 hits=1429391 fwd=6056 rows=3100213 fwd_ms=175068.5 eval=0 prior=0
[inst] req=4538368 hits=1431880 fwd=6067 rows=3105845 fwd_ms=175384.3 eval=0 prior=0
[inst] req=4546560 hits=1434449 fwd=6078 rows=3111477 fwd_ms=175699.9 eval=0 prior=0
[inst] req=4554752 hits=1437152 fwd=6088 rows=3116597 fwd_ms=175987.0 eval=0 prior=0
[inst] req=4562944 hits=1439669 fwd=6100 rows=3122741 fwd_ms=176331.8 eval=0 prior=0
[inst] req=4571136 hits=1442153 fwd=6111 rows=3128373 fwd_ms=176647.8 eval=0 prior=0
[inst] req=4579328 hits=1444595 fwd=6122 rows=3134005 fwd_ms=176963.6 eval=0 prior=0
[inst] req=4587520 hits=1447109 fwd=6133 rows=3139637 fwd_ms=177279.3 eval=0 prior=0
[inst] req=4595712 hits=1449660 fwd=6144 rows=3145269 fwd_ms=177595.3 eval=0 prior=0
[inst] req=4603904 hits=1452136 fwd=6155 rows=3150901 fwd_ms=177911.1 eval=0 prior=0
[inst] req=4612096 hits=1454608 fwd=6166 rows=3156533 fwd_ms=178227.2 eval=0 prior=0
[inst] req=4620288 hits=1457107 fwd=6177 rows=3162165 fwd_ms=178543.3 eval=0 prior=0
[inst] req=4628480 hits=1459608 fwd=6189 rows=3168309 fwd_ms=178888.0 eval=0 prior=0
[inst] req=4636672 hits=1462139 fwd=6200 rows=3173941 fwd_ms=179204.2 eval=0 prior=0
[inst] req=4644864 hits=1464781 fwd=6210 rows=3179061 fwd_ms=179491.5 eval=0 prior=0
[inst] req=4653056 hits=1467373 fwd=6221 rows=3184693 fwd_ms=179807.6 eval=0 prior=0
[inst] req=4661248 hits=1470035 fwd=6232 rows=3190325 fwd_ms=180123.6 eval=0 prior=0
[inst] req=4669440 hits=1472620 fwd=6243 rows=3195957 fwd_ms=180439.5 eval=0 prior=0
[inst] req=4677632 hits=1475177 fwd=6254 rows=3201589 fwd_ms=180755.4 eval=0 prior=0
[inst] req=4685824 hits=1477772 fwd=6265 rows=3207221 fwd_ms=181071.5 eval=0 prior=0
[inst] req=4694016 hits=1480350 fwd=6276 rows=3212853 fwd_ms=181387.6 eval=0 prior=0
[inst] req=4702208 hits=1483003 fwd=6287 rows=3218485 fwd_ms=181703.4 eval=0 prior=0
[inst] req=4710400 hits=1485516 fwd=6298 rows=3224117 fwd_ms=182019.8 eval=0 prior=0
[inst] req=4718592 hits=1488029 fwd=6309 rows=3229749 fwd_ms=182336.3 eval=0 prior=0
[inst] req=4726784 hits=1490488 fwd=6320 rows=3235381 fwd_ms=182652.8 eval=0 prior=0
[inst] req=4734976 hits=1492980 fwd=6331 rows=3241013 fwd_ms=182969.1 eval=0 prior=0
[inst] req=4743168 hits=1495479 fwd=6343 rows=3247157 fwd_ms=183314.5 eval=0 prior=0
[inst] req=4751360 hits=1498062 fwd=6353 rows=3252277 fwd_ms=183602.1 eval=0 prior=0
[inst] req=4759552 hits=1500533 fwd=6365 rows=3258421 fwd_ms=183947.4 eval=0 prior=0
[inst] req=4767744 hits=1503111 fwd=6376 rows=3264053 fwd_ms=184264.0 eval=0 prior=0
[inst] req=4775936 hits=1505654 fwd=6387 rows=3269685 fwd_ms=184580.4 eval=0 prior=0
[inst] req=4784128 hits=1508243 fwd=6398 rows=3275317 fwd_ms=184896.7 eval=0 prior=0
[inst] req=4792320 hits=1510748 fwd=6409 rows=3280949 fwd_ms=185213.3 eval=0 prior=0
[inst] req=4800512 hits=1513440 fwd=6419 rows=3286069 fwd_ms=185501.0 eval=0 prior=0
[inst] req=4808704 hits=1516013 fwd=6430 rows=3291701 fwd_ms=185817.1 eval=0 prior=0
[inst] req=4816896 hits=1518677 fwd=6441 rows=3297333 fwd_ms=186133.3 eval=0 prior=0
[inst] req=4825088 hits=1521129 fwd=6452 rows=3302965 fwd_ms=186449.8 eval=0 prior=0
[inst] req=4833280 hits=1523586 fwd=6464 rows=3309109 fwd_ms=186794.5 eval=0 prior=0
[inst] req=4841472 hits=1526117 fwd=6475 rows=3314741 fwd_ms=187110.5 eval=0 prior=0
[inst] req=4849664 hits=1528628 fwd=6486 rows=3320373 fwd_ms=187426.3 eval=0 prior=0
[inst] req=4857856 hits=1531158 fwd=6497 rows=3326005 fwd_ms=187742.1 eval=0 prior=0
[inst] req=4866048 hits=1533763 fwd=6508 rows=3331637 fwd_ms=188057.9 eval=0 prior=0
[inst] req=4874240 hits=1536584 fwd=6518 rows=3336757 fwd_ms=188345.2 eval=0 prior=0
[inst] req=4882432 hits=1539162 fwd=6529 rows=3342389 fwd_ms=188660.9 eval=0 prior=0
[inst] req=4890624 hits=1541692 fwd=6540 rows=3348021 fwd_ms=188976.6 eval=0 prior=0
[inst] req=4898816 hits=1544247 fwd=6551 rows=3353653 fwd_ms=189292.0 eval=0 prior=0
[inst] req=4907008 hits=1546755 fwd=6562 rows=3359285 fwd_ms=189607.2 eval=0 prior=0
[inst] req=4915200 hits=1549228 fwd=6574 rows=3365429 fwd_ms=189951.5 eval=0 prior=0
[inst] req=4923392 hits=1551720 fwd=6585 rows=3371061 fwd_ms=190267.4 eval=0 prior=0
[inst] req=4931584 hits=1554272 fwd=6596 rows=3376693 fwd_ms=190583.5 eval=0 prior=0
[inst] req=4939776 hits=1556758 fwd=6607 rows=3382325 fwd_ms=190899.6 eval=0 prior=0
[inst] req=4947968 hits=1559267 fwd=6618 rows=3387957 fwd_ms=191215.3 eval=0 prior=0
[inst] req=4956160 hits=1561836 fwd=6629 rows=3393589 fwd_ms=191531.0 eval=0 prior=0
[inst] req=4964352 hits=1564452 fwd=6640 rows=3399221 fwd_ms=191846.9 eval=0 prior=0
[inst] req=4972544 hits=1566950 fwd=6651 rows=3404853 fwd_ms=192163.0 eval=0 prior=0
[inst] req=4980736 hits=1569453 fwd=6662 rows=3410485 fwd_ms=192479.0 eval=0 prior=0
[inst] req=4988928 hits=1571996 fwd=6673 rows=3416117 fwd_ms=192794.9 eval=0 prior=0
[inst] req=4997120 hits=1574597 fwd=6684 rows=3421749 fwd_ms=193110.9 eval=0 prior=0
[inst] req=5005312 hits=1577063 fwd=6695 rows=3427381 fwd_ms=193426.9 eval=0 prior=0
[inst] req=5013504 hits=1579623 fwd=6706 rows=3433013 fwd_ms=193742.8 eval=0 prior=0
[inst] req=5021696 hits=1582253 fwd=6717 rows=3438645 fwd_ms=194058.9 eval=0 prior=0
[inst] req=5029888 hits=1584734 fwd=6728 rows=3444277 fwd_ms=194374.9 eval=0 prior=0
[inst] req=5038080 hits=1587504 fwd=6739 rows=3449909 fwd_ms=194691.2 eval=0 prior=0
[inst] req=5046272 hits=1590207 fwd=6750 rows=3455541 fwd_ms=195007.4 eval=0 prior=0
[inst] req=5054464 hits=1592790 fwd=6760 rows=3460661 fwd_ms=195294.9 eval=0 prior=0
[inst] req=5062656 hits=1595339 fwd=6771 rows=3466293 fwd_ms=195611.3 eval=0 prior=0
[inst] req=5070848 hits=1597843 fwd=6783 rows=3472437 fwd_ms=195956.6 eval=0 prior=0
[inst] req=5079040 hits=1600331 fwd=6794 rows=3478069 fwd_ms=196272.5 eval=0 prior=0
[inst] req=5087232 hits=1602979 fwd=6805 rows=3483701 fwd_ms=196588.8 eval=0 prior=0
[inst] req=5095424 hits=1605433 fwd=6816 rows=3489333 fwd_ms=196905.0 eval=0 prior=0
[inst] req=5103616 hits=1607887 fwd=6827 rows=3494965 fwd_ms=197221.4 eval=0 prior=0
[inst] req=5111808 hits=1610365 fwd=6838 rows=3500597 fwd_ms=197537.6 eval=0 prior=0
[inst] req=5120000 hits=1612894 fwd=6849 rows=3506229 fwd_ms=197853.7 eval=0 prior=0
[inst] req=5128192 hits=1615410 fwd=6860 rows=3511861 fwd_ms=198170.1 eval=0 prior=0
[inst] req=5136384 hits=1617896 fwd=6871 rows=3517493 fwd_ms=198486.3 eval=0 prior=0
[inst] req=5144576 hits=1620406 fwd=6883 rows=3523637 fwd_ms=198831.4 eval=0 prior=0
[inst] req=5152768 hits=1622902 fwd=6894 rows=3529269 fwd_ms=199147.4 eval=0 prior=0
[inst] req=5160960 hits=1625380 fwd=6905 rows=3534901 fwd_ms=199463.4 eval=0 prior=0
[inst] req=5169152 hits=1627998 fwd=6916 rows=3540533 fwd_ms=199779.2 eval=0 prior=0
[inst] req=5177344 hits=1630639 fwd=6927 rows=3546165 fwd_ms=200095.0 eval=0 prior=0
[inst] req=5185536 hits=1633215 fwd=6938 rows=3551797 fwd_ms=200410.8 eval=0 prior=0
[inst] req=5193728 hits=1635906 fwd=6948 rows=3556917 fwd_ms=200697.9 eval=0 prior=0
[inst] req=5201920 hits=1638432 fwd=6959 rows=3562549 fwd_ms=201013.6 eval=0 prior=0
[inst] req=5210112 hits=1641108 fwd=6970 rows=3568181 fwd_ms=201329.5 eval=0 prior=0
[inst] req=5218304 hits=1643788 fwd=6981 rows=3573813 fwd_ms=201645.5 eval=0 prior=0
[inst] req=5226496 hits=1646414 fwd=6992 rows=3579445 fwd_ms=201961.1 eval=0 prior=0
[inst] req=5234688 hits=1648990 fwd=7003 rows=3585077 fwd_ms=202276.9 eval=0 prior=0
[inst] req=5242880 hits=1651513 fwd=7014 rows=3590709 fwd_ms=202592.6 eval=0 prior=0
[inst] req=5251072 hits=1653995 fwd=7025 rows=3596341 fwd_ms=202908.5 eval=0 prior=0
[inst] req=5259264 hits=1656634 fwd=7036 rows=3601973 fwd_ms=203224.6 eval=0 prior=0
[inst] req=5267456 hits=1659247 fwd=7047 rows=3607605 fwd_ms=203540.9 eval=0 prior=0
[inst] req=5275648 hits=1661717 fwd=7058 rows=3613237 fwd_ms=203856.8 eval=0 prior=0
[inst] req=5283840 hits=1664430 fwd=7069 rows=3618869 fwd_ms=204173.0 eval=0 prior=0
[inst] req=5292032 hits=1666932 fwd=7080 rows=3624501 fwd_ms=204489.3 eval=0 prior=0
[inst] req=5300224 hits=1669579 fwd=7090 rows=3629621 fwd_ms=204776.5 eval=0 prior=0
[inst] req=5308416 hits=1672081 fwd=7102 rows=3635765 fwd_ms=205121.1 eval=0 prior=0
[inst] req=5316608 hits=1674590 fwd=7113 rows=3641397 fwd_ms=205436.9 eval=0 prior=0
[inst] req=5324800 hits=1677168 fwd=7124 rows=3647029 fwd_ms=205753.1 eval=0 prior=0
[inst] req=5332992 hits=1679790 fwd=7135 rows=3652661 fwd_ms=206069.3 eval=0 prior=0
[inst] req=5341184 hits=1682385 fwd=7145 rows=3657781 fwd_ms=206356.7 eval=0 prior=0
[inst] req=5349376 hits=1684936 fwd=7157 rows=3663925 fwd_ms=206701.3 eval=0 prior=0
[inst] req=5357568 hits=1687493 fwd=7168 rows=3669557 fwd_ms=207017.5 eval=0 prior=0
[inst] req=5365760 hits=1690071 fwd=7178 rows=3674677 fwd_ms=207305.0 eval=0 prior=0
[inst] req=5373952 hits=1692712 fwd=7189 rows=3680309 fwd_ms=207621.1 eval=0 prior=0
[inst] req=5382144 hits=1695381 fwd=7200 rows=3685941 fwd_ms=207937.2 eval=0 prior=0
[inst] req=5390336 hits=1697989 fwd=7211 rows=3691573 fwd_ms=208253.1 eval=0 prior=0
[inst] req=5398528 hits=1700502 fwd=7222 rows=3697205 fwd_ms=208568.9 eval=0 prior=0
[inst] req=5406720 hits=1702958 fwd=7233 rows=3702837 fwd_ms=208884.8 eval=0 prior=0
[inst] req=5414912 hits=1705458 fwd=7244 rows=3708469 fwd_ms=209200.5 eval=0 prior=0
[inst] req=5423104 hits=1708025 fwd=7255 rows=3714101 fwd_ms=209516.5 eval=0 prior=0
[inst] req=5431296 hits=1710591 fwd=7266 rows=3719733 fwd_ms=209832.7 eval=0 prior=0
[inst] req=5439488 hits=1713083 fwd=7278 rows=3725877 fwd_ms=210177.4 eval=0 prior=0
[inst] req=5447680 hits=1715618 fwd=7289 rows=3731509 fwd_ms=210493.3 eval=0 prior=0
[inst] req=5455872 hits=1718141 fwd=7300 rows=3737141 fwd_ms=210809.4 eval=0 prior=0
[inst] req=5464064 hits=1720836 fwd=7310 rows=3742261 fwd_ms=211096.8 eval=0 prior=0
[inst] req=5472256 hits=1723362 fwd=7321 rows=3747893 fwd_ms=211412.6 eval=0 prior=0
[inst] req=5480448 hits=1725921 fwd=7332 rows=3753525 fwd_ms=211728.4 eval=0 prior=0
[inst] req=5488640 hits=1728518 fwd=7343 rows=3759157 fwd_ms=212044.6 eval=0 prior=0
[inst] req=5496832 hits=1731211 fwd=7354 rows=3764789 fwd_ms=212360.4 eval=0 prior=0
[inst] req=5505024 hits=1734084 fwd=7365 rows=3770421 fwd_ms=212676.3 eval=0 prior=0
[inst] req=5513216 hits=1736934 fwd=7375 rows=3775541 fwd_ms=212963.4 eval=0 prior=0
[inst] req=5521408 hits=1739596 fwd=7386 rows=3781173 fwd_ms=213279.4 eval=0 prior=0
[inst] req=5529600 hits=1742104 fwd=7397 rows=3786805 fwd_ms=213594.9 eval=0 prior=0
[inst] req=5537792 hits=1744590 fwd=7408 rows=3792437 fwd_ms=213910.5 eval=0 prior=0
[inst] req=5545984 hits=1747264 fwd=7419 rows=3798069 fwd_ms=214226.1 eval=0 prior=0
[inst] req=5554176 hits=1749886 fwd=7430 rows=3803701 fwd_ms=214542.2 eval=0 prior=0
[inst] req=5562368 hits=1752721 fwd=7440 rows=3808821 fwd_ms=214829.2 eval=0 prior=0
[inst] req=5570560 hits=1755339 fwd=7451 rows=3814453 fwd_ms=215145.9 eval=0 prior=0
[inst] req=5578752 hits=1758039 fwd=7462 rows=3820085 fwd_ms=215461.7 eval=0 prior=0
[inst] req=5586944 hits=1760693 fwd=7473 rows=3825717 fwd_ms=215777.8 eval=0 prior=0
[inst] req=5595136 hits=1763331 fwd=7483 rows=3830837 fwd_ms=216065.1 eval=0 prior=0
[inst] req=5603328 hits=1765984 fwd=7494 rows=3836469 fwd_ms=216381.3 eval=0 prior=0
[inst] req=5611520 hits=1768577 fwd=7505 rows=3842101 fwd_ms=216697.2 eval=0 prior=0
[inst] req=5619712 hits=1771263 fwd=7516 rows=3847733 fwd_ms=217013.2 eval=0 prior=0
[inst] req=5627904 hits=1773967 fwd=7527 rows=3853365 fwd_ms=217329.3 eval=0 prior=0
[inst] req=5636096 hits=1776493 fwd=7538 rows=3858997 fwd_ms=217645.1 eval=0 prior=0
[inst] req=5644288 hits=1779024 fwd=7549 rows=3864629 fwd_ms=217961.0 eval=0 prior=0
[inst] req=5652480 hits=1781614 fwd=7560 rows=3870261 fwd_ms=218276.7 eval=0 prior=0
[inst] req=5660672 hits=1784087 fwd=7571 rows=3875893 fwd_ms=218592.7 eval=0 prior=0
[inst] req=5668864 hits=1786748 fwd=7582 rows=3881525 fwd_ms=218908.3 eval=0 prior=0
[inst] req=5677056 hits=1789289 fwd=7593 rows=3887157 fwd_ms=219224.0 eval=0 prior=0
[inst] req=5685248 hits=1791988 fwd=7603 rows=3892277 fwd_ms=219511.0 eval=0 prior=0
[inst] req=5693440 hits=1794563 fwd=7614 rows=3897909 fwd_ms=219826.5 eval=0 prior=0
[inst] req=5701632 hits=1797103 fwd=7625 rows=3903541 fwd_ms=220142.4 eval=0 prior=0
[inst] req=5709824 hits=1799648 fwd=7636 rows=3909173 fwd_ms=220458.0 eval=0 prior=0
[inst] req=5718016 hits=1802173 fwd=7648 rows=3915317 fwd_ms=220802.4 eval=0 prior=0
[inst] req=5726208 hits=1804819 fwd=7658 rows=3920437 fwd_ms=221089.3 eval=0 prior=0
[inst] req=5734400 hits=1807421 fwd=7669 rows=3926069 fwd_ms=221405.0 eval=0 prior=0
[inst] req=5742592 hits=1809971 fwd=7680 rows=3931701 fwd_ms=221720.7 eval=0 prior=0
[inst] req=5750784 hits=1812508 fwd=7691 rows=3937333 fwd_ms=222036.3 eval=0 prior=0
[inst] req=5758976 hits=1815288 fwd=7702 rows=3942965 fwd_ms=222352.4 eval=0 prior=0
[inst] req=5767168 hits=1817856 fwd=7713 rows=3948597 fwd_ms=222668.5 eval=0 prior=0
[inst] req=5775360 hits=1820336 fwd=7724 rows=3954229 fwd_ms=222984.5 eval=0 prior=0
[inst] req=5783552 hits=1822744 fwd=7735 rows=3959861 fwd_ms=223300.4 eval=0 prior=0
[inst] req=5791744 hits=1825209 fwd=7747 rows=3966005 fwd_ms=223644.8 eval=0 prior=0
[inst] req=5799936 hits=1827738 fwd=7758 rows=3971637 fwd_ms=223960.7 eval=0 prior=0
[inst] req=5808128 hits=1830243 fwd=7769 rows=3977269 fwd_ms=224276.6 eval=0 prior=0
[inst] req=5816320 hits=1832748 fwd=7780 rows=3982901 fwd_ms=224592.5 eval=0 prior=0
[inst] req=5824512 hits=1835550 fwd=7790 rows=3988021 fwd_ms=224880.0 eval=0 prior=0
[inst] req=5832704 hits=1838202 fwd=7801 rows=3993653 fwd_ms=225195.9 eval=0 prior=0
[inst] req=5840896 hits=1840925 fwd=7812 rows=3999285 fwd_ms=225511.9 eval=0 prior=0
[inst] req=5849088 hits=1843608 fwd=7823 rows=4004917 fwd_ms=225827.7 eval=0 prior=0
[inst] req=5857280 hits=1846134 fwd=7834 rows=4010549 fwd_ms=226143.6 eval=0 prior=0
[inst] req=5865472 hits=1848703 fwd=7845 rows=4016181 fwd_ms=226459.5 eval=0 prior=0
[inst] req=5873664 hits=1851346 fwd=7855 rows=4021301 fwd_ms=226746.7 eval=0 prior=0
[inst] req=5881856 hits=1854014 fwd=7866 rows=4026933 fwd_ms=227062.5 eval=0 prior=0
[inst] req=5890048 hits=1856859 fwd=7877 rows=4032565 fwd_ms=227378.4 eval=0 prior=0
[inst] req=5898240 hits=1859633 fwd=7887 rows=4037685 fwd_ms=227665.2 eval=0 prior=0
[inst] req=5906432 hits=1862238 fwd=7898 rows=4043317 fwd_ms=227980.9 eval=0 prior=0
[inst] req=5914624 hits=1864879 fwd=7909 rows=4048949 fwd_ms=228296.7 eval=0 prior=0
[inst] req=5922816 hits=1867445 fwd=7920 rows=4054581 fwd_ms=228612.3 eval=0 prior=0
[inst] req=5931008 hits=1870119 fwd=7931 rows=4060213 fwd_ms=228928.2 eval=0 prior=0
[inst] req=5939200 hits=1872728 fwd=7942 rows=4065845 fwd_ms=229244.0 eval=0 prior=0
[inst] req=5947392 hits=1875512 fwd=7952 rows=4070965 fwd_ms=229531.3 eval=0 prior=0
[inst] req=5955584 hits=1877985 fwd=7963 rows=4076597 fwd_ms=229847.0 eval=0 prior=0
[inst] req=5963776 hits=1880728 fwd=7974 rows=4082229 fwd_ms=230162.8 eval=0 prior=0
[inst] req=5971968 hits=1883273 fwd=7985 rows=4087861 fwd_ms=230478.7 eval=0 prior=0
[inst] req=5980160 hits=1885908 fwd=7996 rows=4093493 fwd_ms=230794.4 eval=0 prior=0
[inst] req=5988352 hits=1888483 fwd=8007 rows=4099125 fwd_ms=231110.3 eval=0 prior=0
[inst] req=5996544 hits=1891024 fwd=8018 rows=4104757 fwd_ms=231426.1 eval=0 prior=0
[inst] req=6004736 hits=1893762 fwd=8029 rows=4110389 fwd_ms=231741.6 eval=0 prior=0
[inst] req=6012928 hits=1896317 fwd=8040 rows=4116021 fwd_ms=232057.3 eval=0 prior=0
[inst] req=6021120 hits=1898946 fwd=8051 rows=4121653 fwd_ms=232373.1 eval=0 prior=0
[inst] req=6029312 hits=1901579 fwd=8061 rows=4126773 fwd_ms=232660.1 eval=0 prior=0
[inst] req=6037504 hits=1904260 fwd=8072 rows=4132405 fwd_ms=232975.7 eval=0 prior=0
[inst] req=6045696 hits=1906804 fwd=8083 rows=4138037 fwd_ms=233291.4 eval=0 prior=0
[inst] req=6053888 hits=1909564 fwd=8094 rows=4143669 fwd_ms=233607.4 eval=0 prior=0
[inst] req=6062080 hits=1912160 fwd=8105 rows=4149301 fwd_ms=233923.1 eval=0 prior=0
[inst] req=6070272 hits=1914688 fwd=8116 rows=4154933 fwd_ms=234238.9 eval=0 prior=0
[inst] req=6078464 hits=1917375 fwd=8127 rows=4160565 fwd_ms=234554.6 eval=0 prior=0
[inst] req=6086656 hits=1919908 fwd=8138 rows=4166197 fwd_ms=234870.3 eval=0 prior=0
[inst] req=6094848 hits=1922445 fwd=8149 rows=4171829 fwd_ms=235186.0 eval=0 prior=0
[inst] req=6103040 hits=1925060 fwd=8160 rows=4177461 fwd_ms=235501.7 eval=0 prior=0
[inst] req=6111232 hits=1927653 fwd=8170 rows=4182581 fwd_ms=235788.9 eval=0 prior=0
[inst] req=6119424 hits=1930192 fwd=8181 rows=4188213 fwd_ms=236104.5 eval=0 prior=0
[inst] req=6127616 hits=1932947 fwd=8192 rows=4193845 fwd_ms=236420.3 eval=0 prior=0
[inst] req=6135808 hits=1935574 fwd=8203 rows=4199477 fwd_ms=236736.0 eval=0 prior=0
[inst] req=6144000 hits=1938015 fwd=8214 rows=4205109 fwd_ms=237051.8 eval=0 prior=0
[inst] req=6152192 hits=1940580 fwd=8225 rows=4210741 fwd_ms=237367.5 eval=0 prior=0
[inst] req=6160384 hits=1943261 fwd=8236 rows=4216373 fwd_ms=237683.6 eval=0 prior=0
[inst] req=6168576 hits=1945759 fwd=8247 rows=4222005 fwd_ms=237999.3 eval=0 prior=0
[inst] req=6176768 hits=1948376 fwd=8258 rows=4227637 fwd_ms=238315.4 eval=0 prior=0
[inst] req=6184960 hits=1951174 fwd=8269 rows=4233269 fwd_ms=238631.5 eval=0 prior=0
[inst] req=6193152 hits=1953712 fwd=8280 rows=4238901 fwd_ms=238947.5 eval=0 prior=0
[inst] req=6201344 hits=1956446 fwd=8290 rows=4244021 fwd_ms=239234.6 eval=0 prior=0
[inst] req=6209536 hits=1959063 fwd=8301 rows=4249653 fwd_ms=239550.1 eval=0 prior=0
[inst] req=6217728 hits=1961776 fwd=8312 rows=4255285 fwd_ms=239866.3 eval=0 prior=0
[inst] req=6225920 hits=1964502 fwd=8322 rows=4260405 fwd_ms=240153.5 eval=0 prior=0
[inst] req=6234112 hits=1967046 fwd=8334 rows=4266549 fwd_ms=240498.0 eval=0 prior=0
[inst] req=6242304 hits=1969690 fwd=8344 rows=4271669 fwd_ms=240785.1 eval=0 prior=0
[inst] req=6250496 hits=1972372 fwd=8355 rows=4277301 fwd_ms=241101.2 eval=0 prior=0
[inst] req=6258688 hits=1974920 fwd=8366 rows=4282933 fwd_ms=241416.4 eval=0 prior=0
[inst] req=6266880 hits=1977456 fwd=8377 rows=4288565 fwd_ms=241732.1 eval=0 prior=0
[inst] req=6275072 hits=1980094 fwd=8388 rows=4294197 fwd_ms=242047.7 eval=0 prior=0
[inst] req=6283264 hits=1982717 fwd=8399 rows=4299829 fwd_ms=242363.7 eval=0 prior=0
[inst] req=6291456 hits=1985424 fwd=8410 rows=4305461 fwd_ms=242679.4 eval=0 prior=0
[inst] req=6299648 hits=1987967 fwd=8421 rows=4311093 fwd_ms=242995.3 eval=0 prior=0
[inst] req=6307840 hits=1990531 fwd=8432 rows=4316725 fwd_ms=243311.0 eval=0 prior=0
[inst] req=6316032 hits=1993061 fwd=8443 rows=4322357 fwd_ms=243626.9 eval=0 prior=0
[inst] req=6324224 hits=1995524 fwd=8454 rows=4327989 fwd_ms=243943.0 eval=0 prior=0
[inst] req=6332416 hits=1998166 fwd=8465 rows=4333621 fwd_ms=244258.8 eval=0 prior=0
[inst] req=6340608 hits=2000692 fwd=8476 rows=4339253 fwd_ms=244574.9 eval=0 prior=0
[inst] req=6348800 hits=2003290 fwd=8487 rows=4344885 fwd_ms=244890.7 eval=0 prior=0
[inst] req=6356992 hits=2005899 fwd=8498 rows=4350517 fwd_ms=245206.6 eval=0 prior=0
[inst] req=6365184 hits=2008508 fwd=8509 rows=4356149 fwd_ms=245522.6 eval=0 prior=0
[inst] req=6373376 hits=2011051 fwd=8520 rows=4361781 fwd_ms=245838.9 eval=0 prior=0
[inst] req=6381568 hits=2013611 fwd=8531 rows=4367413 fwd_ms=246155.1 eval=0 prior=0
[inst] req=6389760 hits=2016195 fwd=8542 rows=4373045 fwd_ms=246471.1 eval=0 prior=0
[inst] req=6397952 hits=2018798 fwd=8552 rows=4378165 fwd_ms=246758.6 eval=0 prior=0
[inst] req=6406144 hits=2021456 fwd=8563 rows=4383797 fwd_ms=247074.6 eval=0 prior=0
[inst] req=6414336 hits=2024151 fwd=8574 rows=4389429 fwd_ms=247390.8 eval=0 prior=0
[inst] req=6422528 hits=2026617 fwd=8585 rows=4395061 fwd_ms=247706.6 eval=0 prior=0
[inst] req=6430720 hits=2029179 fwd=8596 rows=4400693 fwd_ms=248022.6 eval=0 prior=0
[inst] req=6438912 hits=2031829 fwd=8607 rows=4406325 fwd_ms=248338.3 eval=0 prior=0
[inst] req=6447104 hits=2034380 fwd=8618 rows=4411957 fwd_ms=248654.5 eval=0 prior=0
[inst] req=6455296 hits=2037058 fwd=8629 rows=4417589 fwd_ms=248970.4 eval=0 prior=0
[inst] req=6463488 hits=2039713 fwd=8640 rows=4423221 fwd_ms=249285.9 eval=0 prior=0
[inst] req=6471680 hits=2042243 fwd=8651 rows=4428853 fwd_ms=249601.7 eval=0 prior=0
[inst] req=6479872 hits=2044830 fwd=8662 rows=4434485 fwd_ms=249917.7 eval=0 prior=0
[inst] req=6488064 hits=2047359 fwd=8673 rows=4440117 fwd_ms=250233.7 eval=0 prior=0
[inst] req=6496256 hits=2050003 fwd=8683 rows=4445237 fwd_ms=250521.0 eval=0 prior=0
[inst] req=6504448 hits=2052602 fwd=8694 rows=4450869 fwd_ms=250836.8 eval=0 prior=0
[inst] req=6512640 hits=2055282 fwd=8705 rows=4456501 fwd_ms=251152.5 eval=0 prior=0
[inst] req=6520832 hits=2057943 fwd=8716 rows=4462133 fwd_ms=251468.4 eval=0 prior=0
[inst] req=6529024 hits=2060557 fwd=8727 rows=4467765 fwd_ms=251784.3 eval=0 prior=0
[inst] req=6537216 hits=2063182 fwd=8738 rows=4473397 fwd_ms=252100.4 eval=0 prior=0
[inst] req=6545408 hits=2065748 fwd=8749 rows=4479029 fwd_ms=252416.5 eval=0 prior=0
[inst] req=6553600 hits=2068396 fwd=8760 rows=4484661 fwd_ms=252732.4 eval=0 prior=0
[inst] req=6561792 hits=2070966 fwd=8771 rows=4490293 fwd_ms=253048.0 eval=0 prior=0
[inst] req=6569984 hits=2073587 fwd=8781 rows=4495413 fwd_ms=253335.1 eval=0 prior=0
[inst] req=6578176 hits=2076242 fwd=8792 rows=4501045 fwd_ms=253650.8 eval=0 prior=0
[inst] req=6586368 hits=2078775 fwd=8803 rows=4506677 fwd_ms=253966.6 eval=0 prior=0
[inst] req=6594560 hits=2081283 fwd=8814 rows=4512309 fwd_ms=254282.4 eval=0 prior=0
[inst] req=6602752 hits=2083840 fwd=8825 rows=4517941 fwd_ms=254598.0 eval=0 prior=0
[inst] req=6610944 hits=2086470 fwd=8836 rows=4523573 fwd_ms=254913.8 eval=0 prior=0
[inst] req=6619136 hits=2089146 fwd=8847 rows=4529205 fwd_ms=255229.6 eval=0 prior=0
[inst] req=6627328 hits=2091952 fwd=8858 rows=4534837 fwd_ms=255545.4 eval=0 prior=0
[inst] req=6635520 hits=2094747 fwd=8868 rows=4539957 fwd_ms=255832.5 eval=0 prior=0
[inst] req=6643712 hits=2097316 fwd=8879 rows=4545589 fwd_ms=256148.5 eval=0 prior=0
[inst] req=6651904 hits=2099889 fwd=8890 rows=4551221 fwd_ms=256464.0 eval=0 prior=0
[inst] req=6660096 hits=2102440 fwd=8901 rows=4556853 fwd_ms=256779.6 eval=0 prior=0
[inst] req=6668288 hits=2105012 fwd=8912 rows=4562485 fwd_ms=257095.3 eval=0 prior=0
[inst] req=6676480 hits=2107497 fwd=8923 rows=4568117 fwd_ms=257411.1 eval=0 prior=0
[inst] req=6684672 hits=2109960 fwd=8934 rows=4573749 fwd_ms=257726.6 eval=0 prior=0
[inst] req=6692864 hits=2112432 fwd=8946 rows=4579893 fwd_ms=258071.2 eval=0 prior=0
[inst] req=6701056 hits=2114993 fwd=8957 rows=4585525 fwd_ms=258387.2 eval=0 prior=0
[inst] req=6709248 hits=2117496 fwd=8968 rows=4591157 fwd_ms=258702.8 eval=0 prior=0
[inst] req=6717440 hits=2120169 fwd=8978 rows=4596277 fwd_ms=258989.7 eval=0 prior=0
[inst] req=6725632 hits=2122776 fwd=8989 rows=4601909 fwd_ms=259305.5 eval=0 prior=0
[inst] req=6733824 hits=2125368 fwd=9000 rows=4607541 fwd_ms=259621.2 eval=0 prior=0
[inst] req=6742016 hits=2128014 fwd=9011 rows=4613173 fwd_ms=259936.9 eval=0 prior=0
[inst] req=6750208 hits=2130605 fwd=9022 rows=4618805 fwd_ms=260252.7 eval=0 prior=0
[inst] req=6758400 hits=2133274 fwd=9033 rows=4624437 fwd_ms=260568.3 eval=0 prior=0
[inst] req=6766592 hits=2135826 fwd=9044 rows=4630069 fwd_ms=260883.9 eval=0 prior=0
[inst] req=6774784 hits=2138331 fwd=9055 rows=4635701 fwd_ms=261199.3 eval=0 prior=0
[inst] req=6782976 hits=2140846 fwd=9066 rows=4641333 fwd_ms=261514.7 eval=0 prior=0
[inst] req=6791168 hits=2143351 fwd=9077 rows=4646965 fwd_ms=261830.3 eval=0 prior=0
[inst] req=6799360 hits=2145885 fwd=9088 rows=4652597 fwd_ms=262146.0 eval=0 prior=0
[inst] req=6807552 hits=2148603 fwd=9099 rows=4658229 fwd_ms=262461.7 eval=0 prior=0
[inst] req=6815744 hits=2151137 fwd=9110 rows=4663861 fwd_ms=262777.1 eval=0 prior=0
[inst] req=6823936 hits=2153704 fwd=9121 rows=4669493 fwd_ms=263092.7 eval=0 prior=0
[inst] req=6832128 hits=2156278 fwd=9132 rows=4675125 fwd_ms=263408.3 eval=0 prior=0
[inst] req=6840320 hits=2158820 fwd=9143 rows=4680757 fwd_ms=263724.1 eval=0 prior=0
[inst] req=6848512 hits=2161365 fwd=9154 rows=4686389 fwd_ms=264039.8 eval=0 prior=0
[inst] req=6856704 hits=2163838 fwd=9165 rows=4692021 fwd_ms=264355.7 eval=0 prior=0
[inst] req=6864896 hits=2166435 fwd=9176 rows=4697653 fwd_ms=264671.5 eval=0 prior=0
[inst] req=6873088 hits=2169156 fwd=9187 rows=4703285 fwd_ms=264987.5 eval=0 prior=0
[inst] req=6881280 hits=2171798 fwd=9198 rows=4708917 fwd_ms=265303.1 eval=0 prior=0
[inst] req=6889472 hits=2174421 fwd=9208 rows=4714037 fwd_ms=265590.2 eval=0 prior=0
[inst] req=6897664 hits=2177008 fwd=9219 rows=4719669 fwd_ms=265905.9 eval=0 prior=0
[inst] req=6905856 hits=2179673 fwd=9230 rows=4725301 fwd_ms=266221.7 eval=0 prior=0
[inst] req=6914048 hits=2182239 fwd=9241 rows=4730933 fwd_ms=266537.3 eval=0 prior=0
[inst] req=6922240 hits=2184759 fwd=9252 rows=4736565 fwd_ms=266853.1 eval=0 prior=0
[inst] req=6930432 hits=2187375 fwd=9263 rows=4742197 fwd_ms=267169.0 eval=0 prior=0
[inst] req=6938624 hits=2189899 fwd=9274 rows=4747829 fwd_ms=267484.5 eval=0 prior=0
[inst] req=6946816 hits=2192501 fwd=9285 rows=4753461 fwd_ms=267800.1 eval=0 prior=0
[inst] req=6955008 hits=2195176 fwd=9296 rows=4759093 fwd_ms=268115.7 eval=0 prior=0
[inst] req=6963200 hits=2197716 fwd=9307 rows=4764725 fwd_ms=268431.3 eval=0 prior=0
[inst] req=6971392 hits=2200266 fwd=9318 rows=4770357 fwd_ms=268746.9 eval=0 prior=0
[inst] req=6979584 hits=2202867 fwd=9329 rows=4775989 fwd_ms=269062.4 eval=0 prior=0
[inst] req=6987776 hits=2205503 fwd=9340 rows=4781621 fwd_ms=269377.9 eval=0 prior=0
[inst] req=6995968 hits=2208255 fwd=9350 rows=4786741 fwd_ms=269664.7 eval=0 prior=0
[inst] req=7004160 hits=2210773 fwd=9361 rows=4792373 fwd_ms=269980.7 eval=0 prior=0
[inst] req=7012352 hits=2213236 fwd=9373 rows=4798517 fwd_ms=270325.0 eval=0 prior=0
[inst] req=7020544 hits=2215790 fwd=9384 rows=4804149 fwd_ms=270640.5 eval=0 prior=0
[inst] req=7028736 hits=2218323 fwd=9395 rows=4809781 fwd_ms=270956.5 eval=0 prior=0
[inst] req=7036928 hits=2220798 fwd=9406 rows=4815413 fwd_ms=271272.1 eval=0 prior=0
[inst] req=7045120 hits=2223283 fwd=9417 rows=4821045 fwd_ms=271587.6 eval=0 prior=0
[inst] req=7053312 hits=2225782 fwd=9428 rows=4826677 fwd_ms=271903.0 eval=0 prior=0
[inst] req=7061504 hits=2228338 fwd=9439 rows=4832309 fwd_ms=272218.6 eval=0 prior=0
[inst] req=7069696 hits=2230952 fwd=9450 rows=4837941 fwd_ms=272534.2 eval=0 prior=0
[inst] req=7077888 hits=2233676 fwd=9461 rows=4843573 fwd_ms=272849.7 eval=0 prior=0
[inst] req=7086080 hits=2236345 fwd=9472 rows=4849205 fwd_ms=273165.3 eval=0 prior=0
[inst] req=7094272 hits=2239017 fwd=9482 rows=4854325 fwd_ms=273452.2 eval=0 prior=0
[inst] req=7102464 hits=2241633 fwd=9493 rows=4859957 fwd_ms=273767.6 eval=0 prior=0
[inst] req=7110656 hits=2244162 fwd=9504 rows=4865589 fwd_ms=274083.0 eval=0 prior=0
[inst] req=7118848 hits=2246739 fwd=9515 rows=4871221 fwd_ms=274398.8 eval=0 prior=0
[inst] req=7127040 hits=2249343 fwd=9526 rows=4876853 fwd_ms=274714.4 eval=0 prior=0
[inst] req=7135232 hits=2251846 fwd=9537 rows=4882485 fwd_ms=275030.0 eval=0 prior=0
[inst] req=7143424 hits=2254414 fwd=9548 rows=4888117 fwd_ms=275345.8 eval=0 prior=0
[inst] req=7151616 hits=2256947 fwd=9559 rows=4893749 fwd_ms=275661.5 eval=0 prior=0
[inst] req=7159808 hits=2259626 fwd=9570 rows=4899381 fwd_ms=275977.0 eval=0 prior=0
[inst] req=7168000 hits=2262158 fwd=9581 rows=4905013 fwd_ms=276292.6 eval=0 prior=0
[inst] req=7176192 hits=2264823 fwd=9592 rows=4910645 fwd_ms=276608.4 eval=0 prior=0
[inst] req=7184384 hits=2267527 fwd=9603 rows=4916277 fwd_ms=276923.9 eval=0 prior=0
[inst] req=7192576 hits=2270059 fwd=9614 rows=4921909 fwd_ms=277239.2 eval=0 prior=0
[inst] req=7200768 hits=2272905 fwd=9624 rows=4927029 fwd_ms=277526.2 eval=0 prior=0
[inst] req=7208960 hits=2275541 fwd=9635 rows=4932661 fwd_ms=277841.9 eval=0 prior=0
[inst] req=7217152 hits=2278204 fwd=9646 rows=4938293 fwd_ms=278157.5 eval=0 prior=0
[inst] req=7225344 hits=2280773 fwd=9657 rows=4943925 fwd_ms=278472.9 eval=0 prior=0
[inst] req=7233536 hits=2283299 fwd=9668 rows=4949557 fwd_ms=278788.5 eval=0 prior=0
[inst] req=7241728 hits=2286038 fwd=9678 rows=4954677 fwd_ms=279075.4 eval=0 prior=0
[inst] req=7249920 hits=2288762 fwd=9689 rows=4960309 fwd_ms=279391.2 eval=0 prior=0
[inst] req=7258112 hits=2291341 fwd=9700 rows=4965941 fwd_ms=279706.9 eval=0 prior=0
[inst] req=7266304 hits=2293917 fwd=9711 rows=4971573 fwd_ms=280022.4 eval=0 prior=0
[inst] req=7274496 hits=2296428 fwd=9722 rows=4977205 fwd_ms=280337.9 eval=0 prior=0
[inst] req=7282688 hits=2299006 fwd=9733 rows=4982837 fwd_ms=280653.5 eval=0 prior=0
[inst] req=7290880 hits=2301548 fwd=9744 rows=4988469 fwd_ms=280969.1 eval=0 prior=0
[inst] req=7299072 hits=2304100 fwd=9755 rows=4994101 fwd_ms=281284.6 eval=0 prior=0
[inst] req=7307264 hits=2306649 fwd=9766 rows=4999733 fwd_ms=281600.1 eval=0 prior=0
[inst] req=7315456 hits=2309157 fwd=9777 rows=5005365 fwd_ms=281915.4 eval=0 prior=0
[inst] req=7323648 hits=2311640 fwd=9788 rows=5010997 fwd_ms=282231.0 eval=0 prior=0
[inst] req=7331840 hits=2314197 fwd=9799 rows=5016629 fwd_ms=282546.8 eval=0 prior=0
[inst] req=7340032 hits=2316907 fwd=9810 rows=5022261 fwd_ms=282862.3 eval=0 prior=0
[inst] req=7348224 hits=2319555 fwd=9821 rows=5027893 fwd_ms=283178.0 eval=0 prior=0
[inst] req=7356416 hits=2322351 fwd=9832 rows=5033525 fwd_ms=283493.6 eval=0 prior=0
[inst] req=7364608 hits=2325017 fwd=9842 rows=5038645 fwd_ms=283780.7 eval=0 prior=0
[inst] req=7372800 hits=2327802 fwd=9853 rows=5044277 fwd_ms=284096.6 eval=0 prior=0
[inst] req=7380992 hits=2330322 fwd=9864 rows=5049909 fwd_ms=284412.6 eval=0 prior=0
[inst] req=7389184 hits=2332809 fwd=9875 rows=5055541 fwd_ms=284728.3 eval=0 prior=0
[inst] req=7397376 hits=2335338 fwd=9886 rows=5061173 fwd_ms=285044.1 eval=0 prior=0
[inst] req=7405568 hits=2337982 fwd=9897 rows=5066805 fwd_ms=285359.9 eval=0 prior=0
[inst] req=7413760 hits=2340685 fwd=9908 rows=5072437 fwd_ms=285675.9 eval=0 prior=0
[inst] req=7421952 hits=2343252 fwd=9919 rows=5078069 fwd_ms=285992.0 eval=0 prior=0
[inst] req=7430144 hits=2345783 fwd=9930 rows=5083701 fwd_ms=286308.3 eval=0 prior=0
[inst] req=7438336 hits=2348342 fwd=9941 rows=5089333 fwd_ms=286624.2 eval=0 prior=0
[inst] req=7446528 hits=2350994 fwd=9952 rows=5094965 fwd_ms=286940.0 eval=0 prior=0
[inst] req=7454720 hits=2353542 fwd=9963 rows=5100597 fwd_ms=287255.6 eval=0 prior=0
[inst] req=7462912 hits=2356077 fwd=9974 rows=5106229 fwd_ms=287571.7 eval=0 prior=0
[inst] req=7471104 hits=2358816 fwd=9984 rows=5111349 fwd_ms=287859.0 eval=0 prior=0
[inst] req=7479296 hits=2361419 fwd=9995 rows=5116981 fwd_ms=288174.7 eval=0 prior=0
[inst] req=7487488 hits=2364107 fwd=10006 rows=5122613 fwd_ms=288490.5 eval=0 prior=0
[inst] req=7495680 hits=2366738 fwd=10017 rows=5128245 fwd_ms=288806.3 eval=0 prior=0
[inst] req=7503872 hits=2369528 fwd=10027 rows=5133365 fwd_ms=289093.1 eval=0 prior=0
[inst] req=7512064 hits=2372161 fwd=10038 rows=5138997 fwd_ms=289408.9 eval=0 prior=0
[inst] req=7520256 hits=2374834 fwd=10049 rows=5144629 fwd_ms=289724.4 eval=0 prior=0
[inst] req=7528448 hits=2377427 fwd=10060 rows=5150261 fwd_ms=290040.1 eval=0 prior=0
[inst] req=7536640 hits=2380163 fwd=10071 rows=5155893 fwd_ms=290355.9 eval=0 prior=0
[inst] req=7544832 hits=2382793 fwd=10082 rows=5161525 fwd_ms=290671.7 eval=0 prior=0
[inst] req=7553024 hits=2385293 fwd=10093 rows=5167157 fwd_ms=290987.2 eval=0 prior=0
[inst] req=7561216 hits=2387906 fwd=10104 rows=5172789 fwd_ms=291303.0 eval=0 prior=0
[inst] req=7569408 hits=2390564 fwd=10114 rows=5177909 fwd_ms=291589.9 eval=0 prior=0
[inst] req=7577600 hits=2393184 fwd=10125 rows=5183541 fwd_ms=291905.3 eval=0 prior=0
[inst] req=7585792 hits=2395839 fwd=10136 rows=5189173 fwd_ms=292221.0 eval=0 prior=0
[inst] req=7593984 hits=2398557 fwd=10147 rows=5194805 fwd_ms=292536.7 eval=0 prior=0
[inst] req=7602176 hits=2401169 fwd=10158 rows=5200437 fwd_ms=292852.6 eval=0 prior=0
[inst] req=7610368 hits=2403758 fwd=10169 rows=5206069 fwd_ms=293168.3 eval=0 prior=0
[inst] req=7618560 hits=2406335 fwd=10180 rows=5211701 fwd_ms=293484.1 eval=0 prior=0
[inst] req=7626752 hits=2408961 fwd=10190 rows=5216821 fwd_ms=293771.1 eval=0 prior=0
[inst] req=7634944 hits=2411555 fwd=10201 rows=5222453 fwd_ms=294086.5 eval=0 prior=0
[inst] req=7643136 hits=2414130 fwd=10212 rows=5228085 fwd_ms=294402.0 eval=0 prior=0
[inst] req=7651328 hits=2416721 fwd=10223 rows=5233717 fwd_ms=294717.7 eval=0 prior=0
[inst] req=7659520 hits=2419164 fwd=10234 rows=5239349 fwd_ms=295033.4 eval=0 prior=0
[inst] req=7667712 hits=2421655 fwd=10246 rows=5245493 fwd_ms=295377.7 eval=0 prior=0
[inst] req=7675904 hits=2424263 fwd=10257 rows=5251125 fwd_ms=295693.1 eval=0 prior=0
[inst] req=7684096 hits=2426896 fwd=10267 rows=5256245 fwd_ms=295980.1 eval=0 prior=0
[inst] req=7692288 hits=2429425 fwd=10278 rows=5261877 fwd_ms=296295.6 eval=0 prior=0
[inst] req=7700480 hits=2432015 fwd=10289 rows=5267509 fwd_ms=296611.2 eval=0 prior=0
[inst] req=7708672 hits=2434610 fwd=10300 rows=5273141 fwd_ms=296926.8 eval=0 prior=0
[inst] req=7716864 hits=2437258 fwd=10311 rows=5278773 fwd_ms=297242.4 eval=0 prior=0
[inst] req=7725056 hits=2439871 fwd=10322 rows=5284405 fwd_ms=297558.1 eval=0 prior=0
[inst] req=7733248 hits=2442414 fwd=10333 rows=5290037 fwd_ms=297873.6 eval=0 prior=0
[inst] req=7741440 hits=2445016 fwd=10344 rows=5295669 fwd_ms=298189.2 eval=0 prior=0
[inst] req=7749632 hits=2447527 fwd=10355 rows=5301301 fwd_ms=298504.8 eval=0 prior=0
[inst] req=7757824 hits=2450128 fwd=10366 rows=5306933 fwd_ms=298820.5 eval=0 prior=0
[inst] req=7766016 hits=2452687 fwd=10377 rows=5312565 fwd_ms=299136.1 eval=0 prior=0
[inst] req=7774208 hits=2455293 fwd=10388 rows=5318197 fwd_ms=299451.8 eval=0 prior=0
[inst] req=7782400 hits=2457811 fwd=10399 rows=5323829 fwd_ms=299767.4 eval=0 prior=0
[inst] req=7790592 hits=2460572 fwd=10410 rows=5329461 fwd_ms=300083.0 eval=0 prior=0
[inst] req=7798784 hits=2463131 fwd=10421 rows=5335093 fwd_ms=300398.9 eval=0 prior=0
[inst] req=7806976 hits=2465749 fwd=10431 rows=5340213 fwd_ms=300686.0 eval=0 prior=0
[inst] req=7815168 hits=2468217 fwd=10443 rows=5346357 fwd_ms=301030.5 eval=0 prior=0
[inst] req=7823360 hits=2470778 fwd=10454 rows=5351989 fwd_ms=301346.2 eval=0 prior=0
[inst] req=7831552 hits=2473298 fwd=10465 rows=5357621 fwd_ms=301662.0 eval=0 prior=0
[inst] req=7839744 hits=2475798 fwd=10476 rows=5363253 fwd_ms=301977.9 eval=0 prior=0
[inst] req=7847936 hits=2478397 fwd=10487 rows=5368885 fwd_ms=302293.7 eval=0 prior=0
[inst] req=7856128 hits=2480988 fwd=10498 rows=5374517 fwd_ms=302609.2 eval=0 prior=0
[inst] req=7864320 hits=2483580 fwd=10509 rows=5380149 fwd_ms=302924.7 eval=0 prior=0
[inst] req=7872512 hits=2486173 fwd=10520 rows=5385781 fwd_ms=303240.4 eval=0 prior=0
[inst] req=7880704 hits=2488758 fwd=10531 rows=5391413 fwd_ms=303556.2 eval=0 prior=0
[inst] req=7888896 hits=2491199 fwd=10542 rows=5397045 fwd_ms=303871.9 eval=0 prior=0
[inst] req=7897088 hits=2493810 fwd=10553 rows=5402677 fwd_ms=304187.6 eval=0 prior=0
[inst] req=7905280 hits=2496472 fwd=10563 rows=5407797 fwd_ms=304474.4 eval=0 prior=0
[inst] req=7913472 hits=2499130 fwd=10574 rows=5413429 fwd_ms=304790.3 eval=0 prior=0
[inst] req=7921664 hits=2501826 fwd=10585 rows=5419061 fwd_ms=305105.9 eval=0 prior=0
[inst] req=7929856 hits=2504553 fwd=10596 rows=5424693 fwd_ms=305421.3 eval=0 prior=0
[inst] req=7938048 hits=2507338 fwd=10606 rows=5429813 fwd_ms=305708.4 eval=0 prior=0
[inst] req=7946240 hits=2509989 fwd=10617 rows=5435445 fwd_ms=306024.0 eval=0 prior=0
[inst] req=7954432 hits=2512645 fwd=10628 rows=5441077 fwd_ms=306339.7 eval=0 prior=0
[inst] req=7962624 hits=2515344 fwd=10639 rows=5446709 fwd_ms=306655.1 eval=0 prior=0
[inst] req=7970816 hits=2518178 fwd=10649 rows=5451829 fwd_ms=306942.5 eval=0 prior=0
[inst] req=7979008 hits=2520845 fwd=10660 rows=5457461 fwd_ms=307258.8 eval=0 prior=0
[inst] req=7987200 hits=2523515 fwd=10671 rows=5463093 fwd_ms=307619.3 eval=0 prior=0
[inst] req=7995392 hits=2526195 fwd=10681 rows=5468213 fwd_ms=308095.5 eval=0 prior=0
[inst] req=8003584 hits=2528787 fwd=10692 rows=5473845 fwd_ms=308919.8 eval=0 prior=0
[inst] req=8011776 hits=2531368 fwd=10703 rows=5479477 fwd_ms=309732.9 eval=0 prior=0
[inst] req=8019968 hits=2533892 fwd=10714 rows=5485109 fwd_ms=310570.3 eval=0 prior=0
[inst] req=8028160 hits=2536630 fwd=10725 rows=5490741 fwd_ms=311413.2 eval=0 prior=0
[inst] req=8036352 hits=2539305 fwd=10736 rows=5496373 fwd_ms=312147.3 eval=0 prior=0
[inst] req=8044544 hits=2541915 fwd=10747 rows=5502005 fwd_ms=312994.6 eval=0 prior=0
[inst] req=8052736 hits=2544521 fwd=10758 rows=5507637 fwd_ms=313777.8 eval=0 prior=0
[inst] req=8060928 hits=2547089 fwd=10769 rows=5513269 fwd_ms=314100.8 eval=0 prior=0
[inst] req=8069120 hits=2549675 fwd=10780 rows=5518901 fwd_ms=314423.5 eval=0 prior=0
[inst] req=8077312 hits=2550208 fwd=10795 rows=5526581 fwd_ms=314868.9 eval=0 prior=0
[inst] req=8085504 hits=2550490 fwd=10810 rows=5534261 fwd_ms=315300.2 eval=0 prior=0
[inst] req=8093696 hits=2550907 fwd=10825 rows=5541941 fwd_ms=315731.5 eval=0 prior=0
[inst] req=8101888 hits=2551606 fwd=10840 rows=5549621 fwd_ms=316162.8 eval=0 prior=0
[inst] req=8110080 hits=2552658 fwd=10854 rows=5556789 fwd_ms=316565.3 eval=0 prior=0
[inst] req=8118272 hits=2554108 fwd=10867 rows=5563445 fwd_ms=316939.1 eval=0 prior=0
[inst] req=8126464 hits=2555943 fwd=10879 rows=5569589 fwd_ms=317284.2 eval=0 prior=0
[inst] req=8134656 hits=2558158 fwd=10891 rows=5575733 fwd_ms=317629.0 eval=0 prior=0
[inst] req=8142848 hits=2560479 fwd=10902 rows=5581365 fwd_ms=317945.2 eval=0 prior=0
[inst] req=8151040 hits=2562958 fwd=10914 rows=5587509 fwd_ms=318290.7 eval=0 prior=0
[inst] req=8159232 hits=2565464 fwd=10925 rows=5593141 fwd_ms=318607.6 eval=0 prior=0
[inst] req=8167424 hits=2567867 fwd=10936 rows=5598773 fwd_ms=318923.6 eval=0 prior=0
[inst] req=8175616 hits=2570256 fwd=10947 rows=5604405 fwd_ms=319239.8 eval=0 prior=0
[inst] req=8183808 hits=2572733 fwd=10959 rows=5610549 fwd_ms=319584.7 eval=0 prior=0
[inst] req=8192000 hits=2575225 fwd=10970 rows=5616181 fwd_ms=319900.7 eval=0 prior=0
[inst] req=8200192 hits=2577732 fwd=10981 rows=5621813 fwd_ms=320216.9 eval=0 prior=0
[inst] req=8208384 hits=2580277 fwd=10992 rows=5627445 fwd_ms=320533.3 eval=0 prior=0
[inst] req=8216576 hits=2582916 fwd=11003 rows=5633077 fwd_ms=320849.2 eval=0 prior=0
[inst] req=8224768 hits=2585682 fwd=11013 rows=5638197 fwd_ms=321136.5 eval=0 prior=0
[inst] req=8232960 hits=2588488 fwd=11024 rows=5643829 fwd_ms=321452.3 eval=0 prior=0
[inst] req=8241152 hits=2591284 fwd=11034 rows=5648949 fwd_ms=321739.5 eval=0 prior=0
[inst] req=8249344 hits=2593722 fwd=11046 rows=5655093 fwd_ms=322084.3 eval=0 prior=0
[inst] req=8257536 hits=2596139 fwd=11057 rows=5660725 fwd_ms=322400.4 eval=0 prior=0
[inst] req=8265728 hits=2598471 fwd=11068 rows=5666357 fwd_ms=322716.5 eval=0 prior=0
[inst] req=8273920 hits=2601001 fwd=11079 rows=5671989 fwd_ms=323032.4 eval=0 prior=0
[inst] req=8282112 hits=2603534 fwd=11090 rows=5677621 fwd_ms=323348.4 eval=0 prior=0
[inst] req=8290304 hits=2606128 fwd=11101 rows=5683253 fwd_ms=323664.5 eval=0 prior=0
[inst] req=8298496 hits=2608703 fwd=11112 rows=5688885 fwd_ms=323980.1 eval=0 prior=0
[inst] req=8306688 hits=2611459 fwd=11123 rows=5694517 fwd_ms=324295.6 eval=0 prior=0
[inst] req=8314880 hits=2614184 fwd=11134 rows=5700149 fwd_ms=324611.3 eval=0 prior=0
[inst] req=8323072 hits=2617010 fwd=11144 rows=5705269 fwd_ms=324898.6 eval=0 prior=0
[inst] req=8331264 hits=2619781 fwd=11155 rows=5710901 fwd_ms=325214.3 eval=0 prior=0
[inst] req=8339456 hits=2622490 fwd=11165 rows=5716021 fwd_ms=325500.7 eval=0 prior=0
[inst] req=8347648 hits=2625144 fwd=11176 rows=5721653 fwd_ms=325816.1 eval=0 prior=0
[inst] req=8355840 hits=2627614 fwd=11187 rows=5727285 fwd_ms=326131.5 eval=0 prior=0
[inst] req=8364032 hits=2630007 fwd=11199 rows=5733429 fwd_ms=326475.7 eval=0 prior=0
[inst] req=8372224 hits=2632567 fwd=11210 rows=5739061 fwd_ms=326791.3 eval=0 prior=0
[inst] req=8380416 hits=2635394 fwd=11220 rows=5744181 fwd_ms=327078.5 eval=0 prior=0
[inst] req=8388608 hits=2638024 fwd=11231 rows=5749813 fwd_ms=327394.1 eval=0 prior=0
[inst] req=8396800 hits=2640885 fwd=11241 rows=5754933 fwd_ms=327681.0 eval=0 prior=0
[inst] req=8404992 hits=2643794 fwd=11252 rows=5760565 fwd_ms=327996.1 eval=0 prior=0
[inst] req=8413184 hits=2646679 fwd=11262 rows=5765685 fwd_ms=328282.6 eval=0 prior=0
[inst] req=8421376 hits=2649286 fwd=11273 rows=5771317 fwd_ms=328598.1 eval=0 prior=0
[inst] req=8429568 hits=2651912 fwd=11284 rows=5776949 fwd_ms=328913.8 eval=0 prior=0
[inst] req=8437760 hits=2654440 fwd=11295 rows=5782581 fwd_ms=329229.0 eval=0 prior=0
[inst] req=8445952 hits=2657011 fwd=11306 rows=5788213 fwd_ms=329549.4 eval=0 prior=0
[inst] req=8454144 hits=2659601 fwd=11317 rows=5793845 fwd_ms=329865.0 eval=0 prior=0
[inst] req=8462336 hits=2662232 fwd=11328 rows=5799477 fwd_ms=330180.4 eval=0 prior=0
[inst] req=8470528 hits=2664910 fwd=11338 rows=5804597 fwd_ms=330467.0 eval=0 prior=0
[inst] req=8478720 hits=2667622 fwd=11349 rows=5810229 fwd_ms=330782.2 eval=0 prior=0
[inst] req=8486912 hits=2670421 fwd=11360 rows=5815861 fwd_ms=331098.1 eval=0 prior=0
[inst] req=8495104 hits=2673357 fwd=11370 rows=5820981 fwd_ms=331385.2 eval=0 prior=0
[inst] req=8503296 hits=2676106 fwd=11381 rows=5826613 fwd_ms=331701.0 eval=0 prior=0
[inst] req=8511488 hits=2678760 fwd=11391 rows=5831733 fwd_ms=331988.0 eval=0 prior=0
[inst] req=8519680 hits=2681265 fwd=11403 rows=5837877 fwd_ms=332332.7 eval=0 prior=0
[inst] req=8527872 hits=2683825 fwd=11414 rows=5843509 fwd_ms=332648.0 eval=0 prior=0
[inst] req=8536064 hits=2686243 fwd=11425 rows=5849141 fwd_ms=332963.8 eval=0 prior=0
[inst] req=8544256 hits=2688833 fwd=11436 rows=5854773 fwd_ms=333279.1 eval=0 prior=0
[inst] req=8552448 hits=2691439 fwd=11447 rows=5860405 fwd_ms=333594.5 eval=0 prior=0
[inst] req=8560640 hits=2694110 fwd=11457 rows=5865525 fwd_ms=333881.9 eval=0 prior=0
[inst] req=8568832 hits=2696756 fwd=11468 rows=5871157 fwd_ms=334197.7 eval=0 prior=0
[inst] req=8577024 hits=2699455 fwd=11479 rows=5876789 fwd_ms=334513.5 eval=0 prior=0
[inst] req=8585216 hits=2702184 fwd=11490 rows=5882421 fwd_ms=334830.0 eval=0 prior=0
[inst] req=8593408 hits=2704910 fwd=11500 rows=5887541 fwd_ms=335117.3 eval=0 prior=0
[inst] req=8601600 hits=2707661 fwd=11511 rows=5893173 fwd_ms=335433.2 eval=0 prior=0
[inst] req=8609792 hits=2710203 fwd=11522 rows=5898805 fwd_ms=335748.9 eval=0 prior=0
[inst] req=8617984 hits=2712604 fwd=11533 rows=5904437 fwd_ms=336064.3 eval=0 prior=0
[inst] req=8626176 hits=2715094 fwd=11544 rows=5910069 fwd_ms=336379.8 eval=0 prior=0
[inst] req=8634368 hits=2717835 fwd=11555 rows=5915701 fwd_ms=336695.6 eval=0 prior=0
[inst] req=8642560 hits=2720464 fwd=11566 rows=5921333 fwd_ms=337011.7 eval=0 prior=0
[inst] req=8650752 hits=2723079 fwd=11577 rows=5926965 fwd_ms=337327.4 eval=0 prior=0
[inst] req=8658944 hits=2725753 fwd=11588 rows=5932597 fwd_ms=337643.2 eval=0 prior=0
[inst] req=8667136 hits=2728510 fwd=11598 rows=5937717 fwd_ms=337930.4 eval=0 prior=0
[inst] req=8675328 hits=2731313 fwd=11609 rows=5943349 fwd_ms=338246.2 eval=0 prior=0
[inst] req=8683520 hits=2734157 fwd=11619 rows=5948469 fwd_ms=338533.3 eval=0 prior=0
[inst] req=8691712 hits=2736793 fwd=11630 rows=5954101 fwd_ms=338849.2 eval=0 prior=0
[inst] req=8699904 hits=2739433 fwd=11641 rows=5959733 fwd_ms=339165.0 eval=0 prior=0
[inst] req=8708096 hits=2741903 fwd=11652 rows=5965365 fwd_ms=339481.2 eval=0 prior=0
[inst] req=8716288 hits=2744575 fwd=11663 rows=5970997 fwd_ms=339802.5 eval=0 prior=0
[inst] req=8724480 hits=2747196 fwd=11674 rows=5976629 fwd_ms=340118.1 eval=0 prior=0
[inst] req=8732672 hits=2749853 fwd=11685 rows=5982261 fwd_ms=340433.7 eval=0 prior=0
[inst] req=8740864 hits=2752483 fwd=11695 rows=5987381 fwd_ms=340721.4 eval=0 prior=0
[inst] req=8749056 hits=2755192 fwd=11706 rows=5993013 fwd_ms=341037.7 eval=0 prior=0
[inst] req=8757248 hits=2758240 fwd=11716 rows=5998133 fwd_ms=341324.6 eval=0 prior=0
[inst] req=8765440 hits=2760982 fwd=11727 rows=6003765 fwd_ms=341640.4 eval=0 prior=0
[inst] req=8773632 hits=2763882 fwd=11737 rows=6008885 fwd_ms=341927.4 eval=0 prior=0
[inst] req=8781824 hits=2766723 fwd=11748 rows=6014517 fwd_ms=342243.4 eval=0 prior=0
[inst] req=8790016 hits=2769450 fwd=11758 rows=6019637 fwd_ms=342530.6 eval=0 prior=0
[inst] req=8798208 hits=2772033 fwd=11769 rows=6025269 fwd_ms=342846.4 eval=0 prior=0
[inst] req=8806400 hits=2774668 fwd=11780 rows=6030901 fwd_ms=343162.3 eval=0 prior=0
[inst] req=8814592 hits=2777261 fwd=11791 rows=6036533 fwd_ms=343478.0 eval=0 prior=0
[inst] req=8822784 hits=2779883 fwd=11802 rows=6042165 fwd_ms=343793.8 eval=0 prior=0
[inst] req=8830976 hits=2782608 fwd=11813 rows=6047797 fwd_ms=344109.7 eval=0 prior=0
[inst] req=8839168 hits=2785345 fwd=11823 rows=6052917 fwd_ms=344397.1 eval=0 prior=0
[inst] req=8847360 hits=2788063 fwd=11834 rows=6058549 fwd_ms=344713.1 eval=0 prior=0
[inst] req=8855552 hits=2790698 fwd=11845 rows=6064181 fwd_ms=345029.0 eval=0 prior=0
[inst] req=8863744 hits=2793598 fwd=11855 rows=6069301 fwd_ms=345316.0 eval=0 prior=0
[inst] req=8871936 hits=2796331 fwd=11866 rows=6074933 fwd_ms=345631.8 eval=0 prior=0
[inst] req=8880128 hits=2799051 fwd=11876 rows=6080053 fwd_ms=345918.9 eval=0 prior=0
[inst] req=8888320 hits=2801505 fwd=11888 rows=6086197 fwd_ms=346263.6 eval=0 prior=0
[inst] req=8896512 hits=2804145 fwd=11899 rows=6091829 fwd_ms=346579.6 eval=0 prior=0
[inst] req=8904704 hits=2806743 fwd=11909 rows=6096949 fwd_ms=346867.1 eval=0 prior=0
[inst] req=8912896 hits=2809430 fwd=11920 rows=6102581 fwd_ms=347183.4 eval=0 prior=0
[inst] req=8921088 hits=2812169 fwd=11931 rows=6108213 fwd_ms=347499.5 eval=0 prior=0
[inst] req=8929280 hits=2814908 fwd=11942 rows=6113845 fwd_ms=347815.5 eval=0 prior=0
[inst] req=8937472 hits=2817636 fwd=11952 rows=6118965 fwd_ms=348102.7 eval=0 prior=0
[inst] req=8945664 hits=2820253 fwd=11963 rows=6124597 fwd_ms=348418.7 eval=0 prior=0
[inst] req=8953856 hits=2822857 fwd=11974 rows=6130229 fwd_ms=348734.7 eval=0 prior=0
[inst] req=8962048 hits=2825601 fwd=11985 rows=6135861 fwd_ms=349050.8 eval=0 prior=0
[inst] req=8970240 hits=2828164 fwd=11996 rows=6141493 fwd_ms=349366.7 eval=0 prior=0
[inst] req=8978432 hits=2830845 fwd=12006 rows=6146613 fwd_ms=349654.2 eval=0 prior=0
[inst] req=8986624 hits=2833486 fwd=12017 rows=6152245 fwd_ms=349970.3 eval=0 prior=0
[inst] req=8994816 hits=2836064 fwd=12028 rows=6157877 fwd_ms=350287.7 eval=0 prior=0
[inst] req=9003008 hits=2838680 fwd=12039 rows=6163509 fwd_ms=350604.2 eval=0 prior=0
[inst] req=9011200 hits=2841374 fwd=12050 rows=6169141 fwd_ms=350920.5 eval=0 prior=0
[inst] req=9019392 hits=2844111 fwd=12060 rows=6174261 fwd_ms=351207.8 eval=0 prior=0
[inst] req=9027584 hits=2846858 fwd=12071 rows=6179893 fwd_ms=351524.3 eval=0 prior=0
[inst] req=9035776 hits=2849430 fwd=12082 rows=6185525 fwd_ms=351840.5 eval=0 prior=0
[inst] req=9043968 hits=2851941 fwd=12093 rows=6191157 fwd_ms=352156.6 eval=0 prior=0
[inst] req=9052160 hits=2854673 fwd=12104 rows=6196789 fwd_ms=352472.7 eval=0 prior=0
[inst] req=9060352 hits=2857214 fwd=12115 rows=6202421 fwd_ms=352788.6 eval=0 prior=0
[inst] req=9068544 hits=2859837 fwd=12126 rows=6208053 fwd_ms=353104.4 eval=0 prior=0
[inst] req=9076736 hits=2862279 fwd=12137 rows=6213685 fwd_ms=353420.4 eval=0 prior=0
[inst] req=9084928 hits=2864833 fwd=12148 rows=6219317 fwd_ms=353736.5 eval=0 prior=0
[inst] req=9093120 hits=2867574 fwd=12159 rows=6224949 fwd_ms=354052.6 eval=0 prior=0
[inst] req=9101312 hits=2870219 fwd=12169 rows=6230069 fwd_ms=354339.8 eval=0 prior=0
[inst] req=9109504 hits=2872896 fwd=12180 rows=6235701 fwd_ms=354655.6 eval=0 prior=0
[inst] req=9117696 hits=2875546 fwd=12191 rows=6241333 fwd_ms=354971.7 eval=0 prior=0
[inst] req=9125888 hits=2878351 fwd=12202 rows=6246965 fwd_ms=355287.6 eval=0 prior=0
[inst] req=9134080 hits=2881063 fwd=12212 rows=6252085 fwd_ms=355574.9 eval=0 prior=0
[inst] req=9142272 hits=2883647 fwd=12223 rows=6257717 fwd_ms=355890.7 eval=0 prior=0
[inst] req=9150464 hits=2886202 fwd=12234 rows=6263349 fwd_ms=356206.6 eval=0 prior=0
[inst] req=9158656 hits=2888842 fwd=12245 rows=6268981 fwd_ms=356522.7 eval=0 prior=0
[inst] req=9166848 hits=2891538 fwd=12256 rows=6274613 fwd_ms=356838.6 eval=0 prior=0
[inst] req=9175040 hits=2894281 fwd=12267 rows=6280245 fwd_ms=357154.6 eval=0 prior=0
[inst] req=9183232 hits=2897062 fwd=12277 rows=6285365 fwd_ms=357441.7 eval=0 prior=0
[inst] req=9191424 hits=2899916 fwd=12287 rows=6290485 fwd_ms=357728.7 eval=0 prior=0
[inst] req=9199616 hits=2902614 fwd=12298 rows=6296117 fwd_ms=358044.5 eval=0 prior=0
[inst] req=9207808 hits=2905210 fwd=12309 rows=6301749 fwd_ms=358360.3 eval=0 prior=0
[inst] req=9216000 hits=2907856 fwd=12320 rows=6307381 fwd_ms=358676.2 eval=0 prior=0
[inst] req=9224192 hits=2910474 fwd=12331 rows=6313013 fwd_ms=358992.0 eval=0 prior=0
[inst] req=9232384 hits=2913117 fwd=12342 rows=6318645 fwd_ms=359307.5 eval=0 prior=0
[inst] req=9240576 hits=2915844 fwd=12352 rows=6323765 fwd_ms=359594.5 eval=0 prior=0
[inst] req=9248768 hits=2918400 fwd=12363 rows=6329397 fwd_ms=359910.1 eval=0 prior=0
[inst] req=9256960 hits=2920975 fwd=12374 rows=6335029 fwd_ms=360226.0 eval=0 prior=0
[inst] req=9265152 hits=2923565 fwd=12385 rows=6340661 fwd_ms=360541.9 eval=0 prior=0
[inst] req=9273344 hits=2926334 fwd=12396 rows=6346293 fwd_ms=360857.6 eval=0 prior=0
[inst] req=9281536 hits=2929095 fwd=12407 rows=6351925 fwd_ms=361173.3 eval=0 prior=0
[inst] req=9289728 hits=2931790 fwd=12417 rows=6357045 fwd_ms=361460.4 eval=0 prior=0
[inst] req=9297920 hits=2934320 fwd=12428 rows=6362677 fwd_ms=361776.3 eval=0 prior=0
[inst] req=9306112 hits=2936887 fwd=12439 rows=6368309 fwd_ms=362092.1 eval=0 prior=0
[inst] req=9314304 hits=2939426 fwd=12450 rows=6373941 fwd_ms=362408.1 eval=0 prior=0
[inst] req=9322496 hits=2942077 fwd=12461 rows=6379573 fwd_ms=362723.9 eval=0 prior=0
[inst] req=9330688 hits=2944754 fwd=12472 rows=6385205 fwd_ms=363039.6 eval=0 prior=0
[inst] req=9338880 hits=2947475 fwd=12483 rows=6390837 fwd_ms=363355.6 eval=0 prior=0
[inst] req=9347072 hits=2950207 fwd=12493 rows=6395957 fwd_ms=363642.8 eval=0 prior=0
[inst] req=9355264 hits=2952917 fwd=12504 rows=6401589 fwd_ms=363958.6 eval=0 prior=0
[inst] req=9363456 hits=2955653 fwd=12515 rows=6407221 fwd_ms=364274.5 eval=0 prior=0
[inst] req=9371648 hits=2958364 fwd=12525 rows=6412341 fwd_ms=364561.5 eval=0 prior=0
[inst] req=9379840 hits=2961051 fwd=12536 rows=6417973 fwd_ms=364877.3 eval=0 prior=0
[inst] req=9388032 hits=2963638 fwd=12547 rows=6423605 fwd_ms=365193.0 eval=0 prior=0
[inst] req=9396224 hits=2966402 fwd=12558 rows=6429237 fwd_ms=365509.0 eval=0 prior=0
[inst] req=9404416 hits=2969014 fwd=12569 rows=6434869 fwd_ms=365825.0 eval=0 prior=0
[inst] req=9412608 hits=2971662 fwd=12579 rows=6439989 fwd_ms=366111.9 eval=0 prior=0
[inst] req=9420800 hits=2974305 fwd=12590 rows=6445621 fwd_ms=366427.7 eval=0 prior=0
[inst] req=9428992 hits=2977100 fwd=12601 rows=6451253 fwd_ms=366743.7 eval=0 prior=0
[inst] req=9437184 hits=2979761 fwd=12612 rows=6456885 fwd_ms=367059.5 eval=0 prior=0
[inst] req=9445376 hits=2982403 fwd=12622 rows=6462005 fwd_ms=367346.4 eval=0 prior=0
[inst] req=9453568 hits=2985242 fwd=12633 rows=6467637 fwd_ms=367661.9 eval=0 prior=0
[inst] req=9461760 hits=2987942 fwd=12644 rows=6473269 fwd_ms=367977.7 eval=0 prior=0
[inst] req=9469952 hits=2990715 fwd=12654 rows=6478389 fwd_ms=368264.8 eval=0 prior=0
[inst] req=9478144 hits=2993347 fwd=12665 rows=6484021 fwd_ms=368580.7 eval=0 prior=0
[inst] req=9486336 hits=2995933 fwd=12676 rows=6489653 fwd_ms=368896.5 eval=0 prior=0
[inst] req=9494528 hits=2998597 fwd=12687 rows=6495285 fwd_ms=369212.4 eval=0 prior=0
[inst] req=9502720 hits=3001155 fwd=12698 rows=6500917 fwd_ms=369528.2 eval=0 prior=0
[inst] req=9510912 hits=3003731 fwd=12709 rows=6506549 fwd_ms=369844.1 eval=0 prior=0
[inst] req=9519104 hits=3006277 fwd=12720 rows=6512181 fwd_ms=370160.0 eval=0 prior=0
[inst] req=9527296 hits=3009049 fwd=12730 rows=6517301 fwd_ms=370447.1 eval=0 prior=0
[inst] req=9535488 hits=3011631 fwd=12741 rows=6522933 fwd_ms=370762.9 eval=0 prior=0
[inst] req=9543680 hits=3014259 fwd=12752 rows=6528565 fwd_ms=371078.8 eval=0 prior=0
[inst] req=9551872 hits=3016885 fwd=12763 rows=6534197 fwd_ms=371394.5 eval=0 prior=0
[inst] req=9560064 hits=3019642 fwd=12774 rows=6539829 fwd_ms=371710.3 eval=0 prior=0
[inst] req=9568256 hits=3022266 fwd=12785 rows=6545461 fwd_ms=372026.2 eval=0 prior=0
[inst] req=9576448 hits=3024988 fwd=12795 rows=6550581 fwd_ms=372313.6 eval=0 prior=0
[inst] req=9584640 hits=3027617 fwd=12806 rows=6556213 fwd_ms=372629.4 eval=0 prior=0
[inst] req=9592832 hits=3030246 fwd=12817 rows=6561845 fwd_ms=372945.2 eval=0 prior=0
[inst] req=9601024 hits=3032893 fwd=12828 rows=6567477 fwd_ms=373260.7 eval=0 prior=0
[inst] req=9609216 hits=3035602 fwd=12838 rows=6572597 fwd_ms=373547.6 eval=0 prior=0
[inst] req=9617408 hits=3038236 fwd=12849 rows=6578229 fwd_ms=373862.9 eval=0 prior=0
[inst] req=9625600 hits=3040950 fwd=12860 rows=6583861 fwd_ms=374178.6 eval=0 prior=0
[inst] req=9633792 hits=3043557 fwd=12871 rows=6589493 fwd_ms=374494.5 eval=0 prior=0
[inst] req=9641984 hits=3046212 fwd=12882 rows=6595125 fwd_ms=374810.3 eval=0 prior=0
[inst] req=9650176 hits=3048926 fwd=12892 rows=6600245 fwd_ms=375097.6 eval=0 prior=0
[inst] req=9658368 hits=3051577 fwd=12903 rows=6605877 fwd_ms=375413.2 eval=0 prior=0
[inst] req=9666560 hits=3054170 fwd=12914 rows=6611509 fwd_ms=375729.2 eval=0 prior=0
[inst] req=9674752 hits=3056904 fwd=12925 rows=6617141 fwd_ms=376045.1 eval=0 prior=0
[inst] req=9682944 hits=3059523 fwd=12936 rows=6622773 fwd_ms=376361.0 eval=0 prior=0
[inst] req=9691136 hits=3062109 fwd=12947 rows=6628405 fwd_ms=376676.7 eval=0 prior=0
[inst] req=9699328 hits=3064864 fwd=12957 rows=6633525 fwd_ms=376963.7 eval=0 prior=0
[inst] req=9707520 hits=3067447 fwd=12968 rows=6639157 fwd_ms=377279.4 eval=0 prior=0
[inst] req=9715712 hits=3070220 fwd=12979 rows=6644789 fwd_ms=377595.3 eval=0 prior=0
[inst] req=9723904 hits=3072946 fwd=12990 rows=6650421 fwd_ms=377911.0 eval=0 prior=0
[inst] req=9732096 hits=3075563 fwd=13000 rows=6655541 fwd_ms=378198.2 eval=0 prior=0
[inst] req=9740288 hits=3078191 fwd=13011 rows=6661173 fwd_ms=378514.0 eval=0 prior=0
[inst] req=9748480 hits=3080856 fwd=13022 rows=6666805 fwd_ms=378829.8 eval=0 prior=0
[inst] req=9756672 hits=3083815 fwd=13032 rows=6671925 fwd_ms=379117.1 eval=0 prior=0
[inst] req=9764864 hits=3086527 fwd=13043 rows=6677557 fwd_ms=379432.7 eval=0 prior=0
[inst] req=9773056 hits=3089150 fwd=13054 rows=6683189 fwd_ms=379748.4 eval=0 prior=0
[inst] req=9781248 hits=3091814 fwd=13065 rows=6688821 fwd_ms=380064.0 eval=0 prior=0
[inst] req=9789440 hits=3094645 fwd=13075 rows=6693941 fwd_ms=380351.1 eval=0 prior=0
[inst] req=9797632 hits=3097315 fwd=13086 rows=6699573 fwd_ms=380666.8 eval=0 prior=0
[inst] req=9805824 hits=3100062 fwd=13097 rows=6705205 fwd_ms=380982.7 eval=0 prior=0
[inst] req=9814016 hits=3102733 fwd=13107 rows=6710325 fwd_ms=381269.7 eval=0 prior=0
[inst] req=9822208 hits=3105401 fwd=13118 rows=6715957 fwd_ms=381585.3 eval=0 prior=0
[inst] req=9830400 hits=3108136 fwd=13129 rows=6721589 fwd_ms=381901.2 eval=0 prior=0
[inst] req=9838592 hits=3110834 fwd=13140 rows=6727221 fwd_ms=382217.4 eval=0 prior=0
[inst] req=9846784 hits=3113438 fwd=13150 rows=6732341 fwd_ms=382504.8 eval=0 prior=0
[inst] req=9854976 hits=3116115 fwd=13161 rows=6737973 fwd_ms=382820.7 eval=0 prior=0
[inst] req=9863168 hits=3118715 fwd=13172 rows=6743605 fwd_ms=383136.6 eval=0 prior=0
[inst] req=9871360 hits=3121734 fwd=13182 rows=6748725 fwd_ms=383423.8 eval=0 prior=0
[inst] req=9879552 hits=3124365 fwd=13193 rows=6754357 fwd_ms=383739.5 eval=0 prior=0
[inst] req=9887744 hits=3126979 fwd=13204 rows=6759989 fwd_ms=384055.2 eval=0 prior=0
[inst] req=9895936 hits=3129833 fwd=13214 rows=6765109 fwd_ms=384342.5 eval=0 prior=0
[inst] req=9904128 hits=3132519 fwd=13225 rows=6770741 fwd_ms=384658.6 eval=0 prior=0
[inst] req=9912320 hits=3135280 fwd=13236 rows=6776373 fwd_ms=384974.5 eval=0 prior=0
[inst] req=9920512 hits=3137823 fwd=13247 rows=6782005 fwd_ms=385290.2 eval=0 prior=0
[inst] req=9928704 hits=3140511 fwd=13258 rows=6787637 fwd_ms=385606.1 eval=0 prior=0
[inst] req=9936896 hits=3143237 fwd=13268 rows=6792757 fwd_ms=385893.1 eval=0 prior=0
[inst] req=9945088 hits=3145917 fwd=13279 rows=6798389 fwd_ms=386209.1 eval=0 prior=0
[inst] req=9953280 hits=3148575 fwd=13290 rows=6804021 fwd_ms=386524.9 eval=0 prior=0
[inst] req=9961472 hits=3151302 fwd=13301 rows=6809653 fwd_ms=386840.6 eval=0 prior=0
[inst] req=9969664 hits=3154112 fwd=13311 rows=6814773 fwd_ms=387127.6 eval=0 prior=0
[inst] req=9977856 hits=3156725 fwd=13322 rows=6820405 fwd_ms=387443.5 eval=0 prior=0
[inst] req=9986048 hits=3159483 fwd=13333 rows=6826037 fwd_ms=387759.4 eval=0 prior=0
[inst] req=9994240 hits=3162186 fwd=13343 rows=6831157 fwd_ms=388046.7 eval=0 prior=0
[inst] req=10002432 hits=3164958 fwd=13354 rows=6836789 fwd_ms=388362.5 eval=0 prior=0
[inst] req=10010624 hits=3167596 fwd=13365 rows=6842421 fwd_ms=388678.1 eval=0 prior=0
[inst] req=10018816 hits=3170189 fwd=13376 rows=6848053 fwd_ms=388993.9 eval=0 prior=0
[inst] req=10027008 hits=3172814 fwd=13386 rows=6853173 fwd_ms=389280.8 eval=0 prior=0
[inst] req=10035200 hits=3175505 fwd=13397 rows=6858805 fwd_ms=389596.8 eval=0 prior=0
[inst] req=10043392 hits=3178138 fwd=13408 rows=6864437 fwd_ms=389912.6 eval=0 prior=0
[inst] req=10051584 hits=3180758 fwd=13419 rows=6870069 fwd_ms=390228.6 eval=0 prior=0
[inst] req=10059776 hits=3183349 fwd=13430 rows=6875701 fwd_ms=390544.5 eval=0 prior=0
[inst] req=10067968 hits=3186135 fwd=13440 rows=6880821 fwd_ms=390831.6 eval=0 prior=0
[inst] req=10076160 hits=3188677 fwd=13452 rows=6886965 fwd_ms=391176.0 eval=0 prior=0
[inst] req=10084352 hits=3191290 fwd=13462 rows=6892085 fwd_ms=391462.9 eval=0 prior=0
[inst] req=10092544 hits=3193928 fwd=13473 rows=6897717 fwd_ms=391778.6 eval=0 prior=0
[inst] req=10100736 hits=3196539 fwd=13484 rows=6903349 fwd_ms=392094.3 eval=0 prior=0
[inst] req=10108928 hits=3199307 fwd=13495 rows=6908981 fwd_ms=392409.9 eval=0 prior=0
[inst] req=10117120 hits=3201949 fwd=13506 rows=6914613 fwd_ms=392725.6 eval=0 prior=0
[inst] req=10125312 hits=3204676 fwd=13516 rows=6919733 fwd_ms=393012.4 eval=0 prior=0
[inst] req=10133504 hits=3207319 fwd=13527 rows=6925365 fwd_ms=393328.0 eval=0 prior=0
[inst] req=10141696 hits=3209991 fwd=13538 rows=6930997 fwd_ms=393643.5 eval=0 prior=0
[inst] req=10149888 hits=3212686 fwd=13549 rows=6936629 fwd_ms=393959.0 eval=0 prior=0
[inst] req=10158080 hits=3215418 fwd=13559 rows=6941749 fwd_ms=394245.9 eval=0 prior=0
[inst] req=10166272 hits=3218010 fwd=13570 rows=6947381 fwd_ms=394561.7 eval=0 prior=0
[inst] req=10174464 hits=3220671 fwd=13581 rows=6953013 fwd_ms=394877.4 eval=0 prior=0
[inst] req=10182656 hits=3223387 fwd=13592 rows=6958645 fwd_ms=395193.2 eval=0 prior=0
[inst] req=10190848 hits=3226001 fwd=13603 rows=6964277 fwd_ms=395508.8 eval=0 prior=0
[inst] req=10199040 hits=3228808 fwd=13613 rows=6969397 fwd_ms=395795.6 eval=0 prior=0
[inst] req=10207232 hits=3231470 fwd=13624 rows=6975029 fwd_ms=396111.3 eval=0 prior=0
[inst] req=10215424 hits=3234127 fwd=13635 rows=6980661 fwd_ms=396426.8 eval=0 prior=0
[inst] req=10223616 hits=3236788 fwd=13646 rows=6986293 fwd_ms=396742.8 eval=0 prior=0
[inst] req=10231808 hits=3239437 fwd=13656 rows=6991413 fwd_ms=397029.7 eval=0 prior=0
[inst] req=10240000 hits=3242065 fwd=13667 rows=6997045 fwd_ms=397345.0 eval=0 prior=0
[inst] req=10248192 hits=3244832 fwd=13678 rows=7002677 fwd_ms=397660.6 eval=0 prior=0
[inst] req=10256384 hits=3247396 fwd=13689 rows=7008309 fwd_ms=397981.2 eval=0 prior=0
[inst] req=10264576 hits=3249991 fwd=13700 rows=7013941 fwd_ms=398296.8 eval=0 prior=0
[inst] req=10272768 hits=3252634 fwd=13711 rows=7019573 fwd_ms=398612.5 eval=0 prior=0
[inst] req=10280960 hits=3255261 fwd=13721 rows=7024693 fwd_ms=398904.4 eval=0 prior=0
[inst] req=10289152 hits=3258065 fwd=13732 rows=7030325 fwd_ms=399220.2 eval=0 prior=0
[inst] req=10297344 hits=3260723 fwd=13743 rows=7035957 fwd_ms=399535.9 eval=0 prior=0
[inst] req=10305536 hits=3263475 fwd=13753 rows=7041077 fwd_ms=399822.8 eval=0 prior=0
[inst] req=10313728 hits=3266127 fwd=13764 rows=7046709 fwd_ms=400138.3 eval=0 prior=0
[inst] req=10321920 hits=3268782 fwd=13775 rows=7052341 fwd_ms=400454.0 eval=0 prior=0
[inst] req=10330112 hits=3271344 fwd=13786 rows=7057973 fwd_ms=400774.5 eval=0 prior=0
[inst] req=10338304 hits=3273909 fwd=13797 rows=7063605 fwd_ms=401090.1 eval=0 prior=0
[inst] req=10346496 hits=3276532 fwd=13808 rows=7069237 fwd_ms=401405.8 eval=0 prior=0
[inst] req=10354688 hits=3279097 fwd=13819 rows=7074869 fwd_ms=401721.5 eval=0 prior=0
[inst] req=10362880 hits=3281716 fwd=13830 rows=7080501 fwd_ms=402037.0 eval=0 prior=0
[inst] req=10371072 hits=3284361 fwd=13841 rows=7086133 fwd_ms=402352.4 eval=0 prior=0
[inst] req=10379264 hits=3286950 fwd=13852 rows=7091765 fwd_ms=402668.4 eval=0 prior=0
[inst] req=10387456 hits=3289556 fwd=13862 rows=7096885 fwd_ms=402955.3 eval=0 prior=0
[inst] req=10395648 hits=3292203 fwd=13873 rows=7102517 fwd_ms=403270.8 eval=0 prior=0
[inst] req=10403840 hits=3294930 fwd=13884 rows=7108149 fwd_ms=403586.4 eval=0 prior=0
[inst] req=10412032 hits=3297576 fwd=13895 rows=7113781 fwd_ms=403902.2 eval=0 prior=0
[inst] req=10420224 hits=3300299 fwd=13905 rows=7118901 fwd_ms=404189.1 eval=0 prior=0
[inst] req=10428416 hits=3302938 fwd=13916 rows=7124533 fwd_ms=404504.8 eval=0 prior=0
[inst] req=10436608 hits=3305692 fwd=13927 rows=7130165 fwd_ms=404820.2 eval=0 prior=0
[inst] req=10444800 hits=3308282 fwd=13938 rows=7135797 fwd_ms=405135.6 eval=0 prior=0
[inst] req=10452992 hits=3311122 fwd=13948 rows=7140917 fwd_ms=405422.7 eval=0 prior=0
[inst] req=10461184 hits=3313854 fwd=13959 rows=7146549 fwd_ms=405738.6 eval=0 prior=0
[inst] req=10469376 hits=3316480 fwd=13970 rows=7152181 fwd_ms=406054.4 eval=0 prior=0
[inst] req=10477568 hits=3319056 fwd=13981 rows=7157813 fwd_ms=406370.1 eval=0 prior=0
[inst] req=10485760 hits=3321838 fwd=13991 rows=7162933 fwd_ms=406657.1 eval=0 prior=0
[inst] req=10493952 hits=3324579 fwd=14002 rows=7168565 fwd_ms=406972.8 eval=0 prior=0
[inst] req=10502144 hits=3327186 fwd=14013 rows=7174197 fwd_ms=407288.6 eval=0 prior=0
[inst] req=10510336 hits=3329964 fwd=14024 rows=7179829 fwd_ms=407604.6 eval=0 prior=0
[inst] req=10518528 hits=3332698 fwd=14034 rows=7184949 fwd_ms=407891.5 eval=0 prior=0
[inst] req=10526720 hits=3335391 fwd=14045 rows=7190581 fwd_ms=408207.0 eval=0 prior=0
[inst] req=10534912 hits=3337982 fwd=14056 rows=7196213 fwd_ms=408522.6 eval=0 prior=0
[inst] req=10543104 hits=3340538 fwd=14067 rows=7201845 fwd_ms=408837.5 eval=0 prior=0
[inst] req=10551296 hits=3343206 fwd=14078 rows=7207477 fwd_ms=409152.4 eval=0 prior=0
[inst] req=10559488 hits=3345887 fwd=14088 rows=7212597 fwd_ms=409438.5 eval=0 prior=0
[inst] req=10567680 hits=3348618 fwd=14099 rows=7218229 fwd_ms=409753.9 eval=0 prior=0
[inst] req=10575872 hits=3351305 fwd=14110 rows=7223861 fwd_ms=410069.5 eval=0 prior=0
[inst] req=10584064 hits=3354058 fwd=14121 rows=7229493 fwd_ms=410385.2 eval=0 prior=0
[inst] req=10592256 hits=3356657 fwd=14131 rows=7234613 fwd_ms=410672.5 eval=0 prior=0
[inst] req=10600448 hits=3359216 fwd=14142 rows=7240245 fwd_ms=410988.3 eval=0 prior=0
[inst] req=10608640 hits=3361838 fwd=14153 rows=7245877 fwd_ms=411304.0 eval=0 prior=0
[inst] req=10616832 hits=3364462 fwd=14164 rows=7251509 fwd_ms=411619.6 eval=0 prior=0
[inst] req=10625024 hits=3367134 fwd=14175 rows=7257141 fwd_ms=411935.2 eval=0 prior=0
[inst] req=10633216 hits=3369936 fwd=14185 rows=7262261 fwd_ms=412222.1 eval=0 prior=0
[inst] req=10641408 hits=3372573 fwd=14196 rows=7267893 fwd_ms=412537.7 eval=0 prior=0
[inst] req=10649600 hits=3375166 fwd=14207 rows=7273525 fwd_ms=412853.4 eval=0 prior=0
[inst] req=10657792 hits=3377847 fwd=14218 rows=7279157 fwd_ms=413168.9 eval=0 prior=0
[inst] req=10665984 hits=3380565 fwd=14229 rows=7284789 fwd_ms=413484.5 eval=0 prior=0
[inst] req=10674176 hits=3383250 fwd=14239 rows=7289909 fwd_ms=413771.4 eval=0 prior=0
[inst] req=10682368 hits=3385882 fwd=14250 rows=7295541 fwd_ms=414086.9 eval=0 prior=0
[inst] req=10690560 hits=3388443 fwd=14261 rows=7301173 fwd_ms=414402.3 eval=0 prior=0
[inst] req=10698752 hits=3391026 fwd=14272 rows=7306805 fwd_ms=414727.5 eval=0 prior=0
[inst] req=10706944 hits=3393649 fwd=14283 rows=7312437 fwd_ms=415052.8 eval=0 prior=0
[inst] req=10715136 hits=3396348 fwd=14294 rows=7318069 fwd_ms=415368.5 eval=0 prior=0
[inst] req=10723328 hits=3399081 fwd=14305 rows=7323701 fwd_ms=415684.0 eval=0 prior=0
[inst] req=10731520 hits=3401979 fwd=14315 rows=7328821 fwd_ms=415970.7 eval=0 prior=0
[inst] req=10739712 hits=3404772 fwd=14325 rows=7333941 fwd_ms=416257.6 eval=0 prior=0
[inst] req=10747904 hits=3407480 fwd=14336 rows=7339573 fwd_ms=416573.2 eval=0 prior=0
[inst] req=10756096 hits=3410210 fwd=14347 rows=7345205 fwd_ms=416888.7 eval=0 prior=0
[inst] req=10764288 hits=3412957 fwd=14357 rows=7350325 fwd_ms=417175.8 eval=0 prior=0
[inst] req=10772480 hits=3415730 fwd=14368 rows=7355957 fwd_ms=417491.4 eval=0 prior=0
[inst] req=10780672 hits=3418409 fwd=14379 rows=7361589 fwd_ms=417807.0 eval=0 prior=0
[inst] req=10788864 hits=3420970 fwd=14390 rows=7367221 fwd_ms=418122.6 eval=0 prior=0
[inst] req=10797056 hits=3423517 fwd=14401 rows=7372853 fwd_ms=418438.1 eval=0 prior=0
[inst] req=10805248 hits=3426204 fwd=14412 rows=7378485 fwd_ms=418753.6 eval=0 prior=0
[inst] req=10813440 hits=3428979 fwd=14422 rows=7383605 fwd_ms=419040.4 eval=0 prior=0
[inst] req=10821632 hits=3431686 fwd=14433 rows=7389237 fwd_ms=419355.9 eval=0 prior=0
[inst] req=10829824 hits=3434251 fwd=14444 rows=7394869 fwd_ms=419671.6 eval=0 prior=0
[inst] req=10838016 hits=3436853 fwd=14455 rows=7400501 fwd_ms=419987.3 eval=0 prior=0
[inst] req=10846208 hits=3439482 fwd=14466 rows=7406133 fwd_ms=420302.8 eval=0 prior=0
[inst] req=10854400 hits=3442169 fwd=14476 rows=7411253 fwd_ms=420589.6 eval=0 prior=0
[inst] req=10862592 hits=3444893 fwd=14487 rows=7416885 fwd_ms=420905.2 eval=0 prior=0
[inst] req=10870784 hits=3447498 fwd=14498 rows=7422517 fwd_ms=421220.7 eval=0 prior=0
[inst] req=10878976 hits=3450074 fwd=14509 rows=7428149 fwd_ms=421536.3 eval=0 prior=0
[inst] req=10887168 hits=3452635 fwd=14520 rows=7433781 fwd_ms=421851.8 eval=0 prior=0
[inst] req=10895360 hits=3455193 fwd=14531 rows=7439413 fwd_ms=422167.3 eval=0 prior=0
[inst] req=10903552 hits=3457758 fwd=14542 rows=7445045 fwd_ms=422483.2 eval=0 prior=0
[inst] req=10911744 hits=3460354 fwd=14553 rows=7450677 fwd_ms=422799.0 eval=0 prior=0
[inst] req=10919936 hits=3463015 fwd=14564 rows=7456309 fwd_ms=423114.8 eval=0 prior=0
[inst] req=10928128 hits=3465743 fwd=14574 rows=7461429 fwd_ms=423401.7 eval=0 prior=0
[inst] req=10936320 hits=3468482 fwd=14585 rows=7467061 fwd_ms=423717.2 eval=0 prior=0
[inst] req=10944512 hits=3471308 fwd=14595 rows=7472181 fwd_ms=424004.0 eval=0 prior=0
[inst] req=10952704 hits=3474014 fwd=14606 rows=7477813 fwd_ms=424319.8 eval=0 prior=0
[inst] req=10960896 hits=3476738 fwd=14617 rows=7483445 fwd_ms=424635.2 eval=0 prior=0
[inst] req=10969088 hits=3479370 fwd=14628 rows=7489077 fwd_ms=424950.9 eval=0 prior=0
[inst] req=10977280 hits=3482094 fwd=14638 rows=7494197 fwd_ms=425237.8 eval=0 prior=0
[inst] req=10985472 hits=3484729 fwd=14649 rows=7499829 fwd_ms=425553.5 eval=0 prior=0
[inst] req=10993664 hits=3487591 fwd=14660 rows=7505461 fwd_ms=425869.5 eval=0 prior=0
[inst] req=11001856 hits=3490209 fwd=14671 rows=7511093 fwd_ms=426187.2 eval=0 prior=0
[inst] req=11010048 hits=3492880 fwd=14681 rows=7516213 fwd_ms=426474.8 eval=0 prior=0
[inst] req=11018240 hits=3495542 fwd=14692 rows=7521845 fwd_ms=426791.0 eval=0 prior=0
[inst] req=11026432 hits=3498181 fwd=14703 rows=7527477 fwd_ms=427107.5 eval=0 prior=0
[inst] req=11034624 hits=3500769 fwd=14714 rows=7533109 fwd_ms=427423.9 eval=0 prior=0
[inst] req=11042816 hits=3503445 fwd=14725 rows=7538741 fwd_ms=427739.9 eval=0 prior=0
[inst] req=11051008 hits=3506039 fwd=14736 rows=7544373 fwd_ms=428055.9 eval=0 prior=0
[inst] req=11059200 hits=3508698 fwd=14746 rows=7549493 fwd_ms=428343.1 eval=0 prior=0
[inst] req=11067392 hits=3511420 fwd=14757 rows=7555125 fwd_ms=429001.5 eval=0 prior=0
[inst] req=11075584 hits=3514287 fwd=14768 rows=7560757 fwd_ms=429830.3 eval=0 prior=0
[inst] req=11083776 hits=3517071 fwd=14778 rows=7565877 fwd_ms=430626.5 eval=0 prior=0
[inst] req=11091968 hits=3519838 fwd=14789 rows=7571509 fwd_ms=431457.1 eval=0 prior=0
[inst] req=11100160 hits=3522464 fwd=14800 rows=7577141 fwd_ms=432292.7 eval=0 prior=0
[inst] req=11108352 hits=3525087 fwd=14810 rows=7582261 fwd_ms=433085.8 eval=0 prior=0
[inst] req=11116544 hits=3527828 fwd=14821 rows=7587893 fwd_ms=433963.9 eval=0 prior=0
[inst] req=11124736 hits=3530739 fwd=14831 rows=7593013 fwd_ms=434763.3 eval=0 prior=0
[inst] req=11132928 hits=3533452 fwd=14842 rows=7598645 fwd_ms=435591.9 eval=0 prior=0
[inst] req=11141120 hits=3536214 fwd=14853 rows=7604277 fwd_ms=436417.4 eval=0 prior=0
[inst] req=11149312 hits=3538836 fwd=14864 rows=7609909 fwd_ms=437240.3 eval=0 prior=0
[inst] req=11157504 hits=3541666 fwd=14874 rows=7615029 fwd_ms=438050.3 eval=0 prior=0
[inst] req=11165696 hits=3544450 fwd=14885 rows=7620661 fwd_ms=438996.1 eval=0 prior=0
[inst] req=11173888 hits=3547254 fwd=14895 rows=7625781 fwd_ms=439788.6 eval=0 prior=0
[inst] req=11182080 hits=3549961 fwd=14906 rows=7631413 fwd_ms=440109.3 eval=0 prior=0
[inst] req=11190272 hits=3552760 fwd=14916 rows=7636533 fwd_ms=440401.3 eval=0 prior=0
[inst] req=11198464 hits=3555561 fwd=14927 rows=7642165 fwd_ms=440724.1 eval=0 prior=0
[inst] req=11206656 hits=3556373 fwd=14941 rows=7649333 fwd_ms=441141.5 eval=0 prior=0
[inst] req=11214848 hits=3556775 fwd=14957 rows=7657525 fwd_ms=441600.7 eval=0 prior=0
[inst] req=11223040 hits=3557380 fwd=14971 rows=7664693 fwd_ms=442002.8 eval=0 prior=0
[inst] req=11231232 hits=3558296 fwd=14986 rows=7672373 fwd_ms=442433.7 eval=0 prior=0
[inst] req=11239424 hits=3559649 fwd=14999 rows=7679029 fwd_ms=442807.2 eval=0 prior=0
[inst] req=11247616 hits=3561366 fwd=15012 rows=7685685 fwd_ms=443180.6 eval=0 prior=0
[inst] req=11255808 hits=3563467 fwd=15023 rows=7691317 fwd_ms=443496.5 eval=0 prior=0
[inst] req=11264000 hits=3565843 fwd=15035 rows=7697461 fwd_ms=443841.0 eval=0 prior=0
[inst] req=11272192 hits=3568362 fwd=15046 rows=7703093 fwd_ms=444156.8 eval=0 prior=0
[inst] req=11280384 hits=3571142 fwd=15057 rows=7708725 fwd_ms=444472.9 eval=0 prior=0
[inst] req=11288576 hits=3573851 fwd=15067 rows=7713845 fwd_ms=444759.4 eval=0 prior=0
[inst] req=11296768 hits=3576585 fwd=15078 rows=7719477 fwd_ms=445074.2 eval=0 prior=0
[inst] req=11304960 hits=3579356 fwd=15088 rows=7724597 fwd_ms=445360.9 eval=0 prior=0
[inst] req=11313152 hits=3582009 fwd=15099 rows=7730229 fwd_ms=445676.3 eval=0 prior=0
[inst] req=11321344 hits=3584651 fwd=15110 rows=7735861 fwd_ms=445991.2 eval=0 prior=0
[inst] req=11329536 hits=3587281 fwd=15121 rows=7741493 fwd_ms=446306.5 eval=0 prior=0
[inst] req=11337728 hits=3590031 fwd=15132 rows=7747125 fwd_ms=446622.5 eval=0 prior=0
[inst] req=11345920 hits=3592881 fwd=15142 rows=7752245 fwd_ms=446909.7 eval=0 prior=0
[inst] req=11354112 hits=3595786 fwd=15152 rows=7757365 fwd_ms=447196.8 eval=0 prior=0
[inst] req=11362304 hits=3598702 fwd=15163 rows=7762997 fwd_ms=447512.5 eval=0 prior=0
[inst] req=11370496 hits=3601681 fwd=15173 rows=7768117 fwd_ms=447799.6 eval=0 prior=0
[inst] req=11378688 hits=3604618 fwd=15183 rows=7773237 fwd_ms=448086.8 eval=0 prior=0
[inst] req=11386880 hits=3607358 fwd=15194 rows=7778869 fwd_ms=448402.6 eval=0 prior=0
[inst] req=11395072 hits=3610007 fwd=15205 rows=7784501 fwd_ms=448717.0 eval=0 prior=0
[inst] req=11403264 hits=3612680 fwd=15215 rows=7789621 fwd_ms=449003.1 eval=0 prior=0
[inst] req=11411456 hits=3615460 fwd=15226 rows=7795253 fwd_ms=449318.0 eval=0 prior=0
[inst] req=11419648 hits=3618263 fwd=15236 rows=7800373 fwd_ms=449604.2 eval=0 prior=0
[inst] req=11427840 hits=3621144 fwd=15247 rows=7806005 fwd_ms=449918.5 eval=0 prior=0
[inst] req=11436032 hits=3624111 fwd=15257 rows=7811125 fwd_ms=450205.2 eval=0 prior=0
[inst] req=11444224 hits=3627097 fwd=15267 rows=7816245 fwd_ms=450492.2 eval=0 prior=0
[inst] req=11452416 hits=3630112 fwd=15277 rows=7821365 fwd_ms=450778.4 eval=0 prior=0
[inst] req=11460608 hits=3633183 fwd=15287 rows=7826485 fwd_ms=451064.7 eval=0 prior=0
[inst] req=11468800 hits=3636143 fwd=15298 rows=7832117 fwd_ms=451379.7 eval=0 prior=0
[inst] req=11476992 hits=3639054 fwd=15308 rows=7837237 fwd_ms=451666.1 eval=0 prior=0
[inst] req=11485184 hits=3641884 fwd=15318 rows=7842357 fwd_ms=451952.1 eval=0 prior=0
[inst] req=11493376 hits=3644499 fwd=15329 rows=7847989 fwd_ms=452266.8 eval=0 prior=0
[inst] req=11501568 hits=3647237 fwd=15340 rows=7853621 fwd_ms=452581.1 eval=0 prior=0
[inst] req=11509760 hits=3649951 fwd=15351 rows=7859253 fwd_ms=452895.7 eval=0 prior=0
[inst] req=11517952 hits=3652768 fwd=15361 rows=7864373 fwd_ms=453181.7 eval=0 prior=0
[inst] req=11526144 hits=3655602 fwd=15372 rows=7870005 fwd_ms=453496.4 eval=0 prior=0
[inst] req=11534336 hits=3658535 fwd=15382 rows=7875125 fwd_ms=453782.3 eval=0 prior=0
[inst] req=11542528 hits=3661641 fwd=15392 rows=7880245 fwd_ms=454068.2 eval=0 prior=0
[inst] req=11550720 hits=3664607 fwd=15402 rows=7885365 fwd_ms=454354.2 eval=0 prior=0
[inst] req=11558912 hits=3667555 fwd=15412 rows=7890485 fwd_ms=454639.9 eval=0 prior=0
[inst] req=11567104 hits=3670390 fwd=15423 rows=7896117 fwd_ms=454954.2 eval=0 prior=0
[inst] req=11575296 hits=3673137 fwd=15433 rows=7901237 fwd_ms=455240.1 eval=0 prior=0
[inst] req=11583488 hits=3675836 fwd=15444 rows=7906869 fwd_ms=455555.5 eval=0 prior=0
[inst] req=11591680 hits=3678510 fwd=15455 rows=7912501 fwd_ms=455870.8 eval=0 prior=0
[inst] req=11599872 hits=3681382 fwd=15465 rows=7917621 fwd_ms=456157.7 eval=0 prior=0
[inst] req=11608064 hits=3684306 fwd=15475 rows=7922741 fwd_ms=456444.6 eval=0 prior=0
[inst] req=11616256 hits=3687176 fwd=15486 rows=7928373 fwd_ms=456759.9 eval=0 prior=0
[inst] req=11624448 hits=3690133 fwd=15496 rows=7933493 fwd_ms=457046.7 eval=0 prior=0
[inst] req=11632640 hits=3693107 fwd=15506 rows=7938613 fwd_ms=457333.6 eval=0 prior=0
[inst] req=11640832 hits=3696184 fwd=15516 rows=7943733 fwd_ms=457620.5 eval=0 prior=0
[inst] req=11649024 hits=3699144 fwd=15527 rows=7949365 fwd_ms=457936.2 eval=0 prior=0
[inst] req=11657216 hits=3701957 fwd=15537 rows=7954485 fwd_ms=458223.1 eval=0 prior=0
[inst] req=11665408 hits=3704743 fwd=15548 rows=7960117 fwd_ms=458538.9 eval=0 prior=0
[inst] req=11673600 hits=3707411 fwd=15558 rows=7965237 fwd_ms=458825.9 eval=0 prior=0
[inst] req=11681792 hits=3710121 fwd=15569 rows=7970869 fwd_ms=459141.6 eval=0 prior=0
[inst] req=11689984 hits=3712830 fwd=15580 rows=7976501 fwd_ms=459457.3 eval=0 prior=0
[inst] req=11698176 hits=3715546 fwd=15590 rows=7981621 fwd_ms=459744.3 eval=0 prior=0
[inst] req=11706368 hits=3718377 fwd=15601 rows=7987253 fwd_ms=460060.1 eval=0 prior=0
[inst] req=11714560 hits=3721241 fwd=15611 rows=7992373 fwd_ms=460347.2 eval=0 prior=0
[inst] req=11722752 hits=3724234 fwd=15622 rows=7998005 fwd_ms=460664.0 eval=0 prior=0
[inst] req=11730944 hits=3727253 fwd=15632 rows=8003125 fwd_ms=460952.3 eval=0 prior=0
[inst] req=11739136 hits=3730098 fwd=15642 rows=8008245 fwd_ms=461240.7 eval=0 prior=0
[inst] req=11747328 hits=3732883 fwd=15653 rows=8013877 fwd_ms=461556.5 eval=0 prior=0
[inst] req=11755520 hits=3735687 fwd=15663 rows=8018997 fwd_ms=461843.4 eval=0 prior=0
[inst] req=11763712 hits=3738497 fwd=15674 rows=8024629 fwd_ms=462159.1 eval=0 prior=0
[inst] req=11771904 hits=3741285 fwd=15684 rows=8029749 fwd_ms=462446.1 eval=0 prior=0
[inst] req=11780096 hits=3744142 fwd=15695 rows=8035381 fwd_ms=462761.4 eval=0 prior=0
[inst] req=11788288 hits=3746928 fwd=15705 rows=8040501 fwd_ms=463048.3 eval=0 prior=0
[inst] req=11796480 hits=3749726 fwd=15716 rows=8046133 fwd_ms=463364.1 eval=0 prior=0
[inst] req=11804672 hits=3752494 fwd=15726 rows=8051253 fwd_ms=463651.3 eval=0 prior=0
[inst] req=11812864 hits=3755466 fwd=15737 rows=8056885 fwd_ms=463966.8 eval=0 prior=0
[inst] req=11821056 hits=3758419 fwd=15747 rows=8062005 fwd_ms=464253.6 eval=0 prior=0
[inst] req=11829248 hits=3761261 fwd=15757 rows=8067125 fwd_ms=464540.2 eval=0 prior=0
[inst] req=11837440 hits=3763947 fwd=15768 rows=8072757 fwd_ms=464855.9 eval=0 prior=0
[inst] req=11845632 hits=3766714 fwd=15779 rows=8078389 fwd_ms=465171.4 eval=0 prior=0
[inst] req=11853824 hits=3769360 fwd=15789 rows=8083509 fwd_ms=465458.2 eval=0 prior=0
[inst] req=11862016 hits=3772132 fwd=15800 rows=8089141 fwd_ms=465773.9 eval=0 prior=0
[inst] req=11870208 hits=3774928 fwd=15810 rows=8094261 fwd_ms=466060.8 eval=0 prior=0
[inst] req=11878400 hits=3777739 fwd=15821 rows=8099893 fwd_ms=466376.4 eval=0 prior=0
[inst] req=11886592 hits=3780645 fwd=15831 rows=8105013 fwd_ms=466663.3 eval=0 prior=0
[inst] req=11894784 hits=3783461 fwd=15842 rows=8110645 fwd_ms=466979.1 eval=0 prior=0
[inst] req=11902976 hits=3786243 fwd=15852 rows=8115765 fwd_ms=467266.0 eval=0 prior=0
[inst] req=11911168 hits=3789217 fwd=15863 rows=8121397 fwd_ms=467581.8 eval=0 prior=0
[inst] req=11919360 hits=3792212 fwd=15873 rows=8126517 fwd_ms=467869.0 eval=0 prior=0
[inst] req=11927552 hits=3795043 fwd=15883 rows=8131637 fwd_ms=468161.0 eval=0 prior=0
[inst] req=11935744 hits=3797877 fwd=15894 rows=8137269 fwd_ms=468491.6 eval=0 prior=0
[inst] req=11943936 hits=3800677 fwd=15904 rows=8142389 fwd_ms=468778.7 eval=0 prior=0
[inst] req=11952128 hits=3803574 fwd=15915 rows=8148021 fwd_ms=469094.4 eval=0 prior=0
[inst] req=11960320 hits=3806363 fwd=15925 rows=8153141 fwd_ms=469381.2 eval=0 prior=0
[inst] req=11968512 hits=3809257 fwd=15935 rows=8158261 fwd_ms=469668.2 eval=0 prior=0
[inst] req=11976704 hits=3812041 fwd=15946 rows=8163893 fwd_ms=469983.8 eval=0 prior=0
[inst] req=11984896 hits=3814986 fwd=15956 rows=8169013 fwd_ms=470270.6 eval=0 prior=0
[inst] req=11993088 hits=3817960 fwd=15966 rows=8174133 fwd_ms=470557.6 eval=0 prior=0
[inst] req=12001280 hits=3820805 fwd=15977 rows=8179765 fwd_ms=470873.1 eval=0 prior=0
[inst] req=12009472 hits=3823634 fwd=15987 rows=8184885 fwd_ms=471165.2 eval=0 prior=0
[inst] req=12017664 hits=3826571 fwd=15998 rows=8190517 fwd_ms=471486.1 eval=0 prior=0
[inst] req=12025856 hits=3829376 fwd=16008 rows=8195637 fwd_ms=471773.0 eval=0 prior=0
[inst] req=12034048 hits=3832315 fwd=16018 rows=8200757 fwd_ms=472060.1 eval=0 prior=0
[inst] req=12042240 hits=3835120 fwd=16029 rows=8206389 fwd_ms=472375.8 eval=0 prior=0
[inst] req=12050432 hits=3837918 fwd=16039 rows=8211509 fwd_ms=472662.9 eval=0 prior=0
[inst] req=12058624 hits=3840953 fwd=16050 rows=8217141 fwd_ms=472978.8 eval=0 prior=0
[inst] req=12066816 hits=3843877 fwd=16060 rows=8222261 fwd_ms=473265.7 eval=0 prior=0
[inst] req=12075008 hits=3846968 fwd=16070 rows=8227381 fwd_ms=473553.0 eval=0 prior=0
[inst] req=12083200 hits=3849936 fwd=16080 rows=8232501 fwd_ms=473840.1 eval=0 prior=0
[inst] req=12091392 hits=3852938 fwd=16090 rows=8237621 fwd_ms=474127.1 eval=0 prior=0
[inst] req=12099584 hits=3855823 fwd=16100 rows=8242741 fwd_ms=474414.1 eval=0 prior=0
[inst] req=12107776 hits=3858673 fwd=16111 rows=8248373 fwd_ms=474729.7 eval=0 prior=0
[inst] req=12115968 hits=3861542 fwd=16121 rows=8253493 fwd_ms=475016.9 eval=0 prior=0
[inst] req=12124160 hits=3864370 fwd=16132 rows=8259125 fwd_ms=475332.7 eval=0 prior=0
[inst] req=12132352 hits=3867168 fwd=16142 rows=8264245 fwd_ms=475619.6 eval=0 prior=0
[inst] req=12140544 hits=3869962 fwd=16153 rows=8269877 fwd_ms=475935.2 eval=0 prior=0
[inst] req=12148736 hits=3872766 fwd=16163 rows=8274997 fwd_ms=476221.9 eval=0 prior=0
[inst] req=12156928 hits=3875648 fwd=16174 rows=8280629 fwd_ms=476537.3 eval=0 prior=0
[inst] req=12165120 hits=3878526 fwd=16184 rows=8285749 fwd_ms=476824.0 eval=0 prior=0
[inst] req=12173312 hits=3881414 fwd=16195 rows=8291381 fwd_ms=477139.3 eval=0 prior=0
[inst] req=12181504 hits=3884296 fwd=16205 rows=8296501 fwd_ms=477426.1 eval=0 prior=0
[inst] req=12189696 hits=3887224 fwd=16215 rows=8301621 fwd_ms=477713.0 eval=0 prior=0
[inst] req=12197888 hits=3890231 fwd=16225 rows=8306741 fwd_ms=477999.8 eval=0 prior=0
[inst] req=12206080 hits=3893117 fwd=16236 rows=8312373 fwd_ms=478315.2 eval=0 prior=0
[inst] req=12214272 hits=3896006 fwd=16246 rows=8317493 fwd_ms=478602.2 eval=0 prior=0
[inst] req=12222464 hits=3898768 fwd=16257 rows=8323125 fwd_ms=478917.9 eval=0 prior=0
[inst] req=12230656 hits=3901537 fwd=16267 rows=8328245 fwd_ms=479205.1 eval=0 prior=0
[inst] req=12238848 hits=3904378 fwd=16278 rows=8333877 fwd_ms=479520.7 eval=0 prior=0
[inst] req=12247040 hits=3907263 fwd=16288 rows=8338997 fwd_ms=479807.6 eval=0 prior=0
[inst] req=12255232 hits=3910170 fwd=16298 rows=8344117 fwd_ms=480094.3 eval=0 prior=0
[inst] req=12263424 hits=3913089 fwd=16309 rows=8349749 fwd_ms=480409.7 eval=0 prior=0
[inst] req=12271616 hits=3916112 fwd=16319 rows=8354869 fwd_ms=480696.5 eval=0 prior=0
[inst] req=12279808 hits=3919027 fwd=16329 rows=8359989 fwd_ms=480983.3 eval=0 prior=0
[inst] req=12288000 hits=3921983 fwd=16339 rows=8365109 fwd_ms=481270.0 eval=0 prior=0
[inst] req=12296192 hits=3924863 fwd=16350 rows=8370741 fwd_ms=481585.4 eval=0 prior=0
[inst] req=12304384 hits=3927722 fwd=16360 rows=8375861 fwd_ms=481872.2 eval=0 prior=0
[inst] req=12312576 hits=3930521 fwd=16371 rows=8381493 fwd_ms=482187.8 eval=0 prior=0
[inst] req=12320768 hits=3933307 fwd=16381 rows=8386613 fwd_ms=482474.6 eval=0 prior=0
[inst] req=12328960 hits=3936127 fwd=16392 rows=8392245 fwd_ms=482790.0 eval=0 prior=0
[inst] req=12337152 hits=3938950 fwd=16402 rows=8397365 fwd_ms=483077.0 eval=0 prior=0
[inst] req=12345344 hits=3942000 fwd=16412 rows=8402485 fwd_ms=483364.1 eval=0 prior=0
[inst] req=12353536 hits=3944981 fwd=16422 rows=8407605 fwd_ms=483651.0 eval=0 prior=0
[inst] req=12361728 hits=3947897 fwd=16433 rows=8413237 fwd_ms=483966.5 eval=0 prior=0
[inst] req=12369920 hits=3950735 fwd=16443 rows=8418357 fwd_ms=484253.4 eval=0 prior=0
[inst] req=12378112 hits=3953525 fwd=16454 rows=8423989 fwd_ms=484569.0 eval=0 prior=0
[inst] req=12386304 hits=3956471 fwd=16464 rows=8429109 fwd_ms=484855.9 eval=0 prior=0
[inst] req=12394496 hits=3959365 fwd=16474 rows=8434229 fwd_ms=485142.5 eval=0 prior=0
[inst] req=12402688 hits=3962289 fwd=16485 rows=8439861 fwd_ms=485457.8 eval=0 prior=0
[inst] req=12410880 hits=3965203 fwd=16495 rows=8444981 fwd_ms=485744.5 eval=0 prior=0
[inst] req=12419072 hits=3968185 fwd=16505 rows=8450101 fwd_ms=486031.1 eval=0 prior=0
[inst] req=12427264 hits=3971225 fwd=16515 rows=8455221 fwd_ms=486317.9 eval=0 prior=0
[inst] req=12435456 hits=3974234 fwd=16525 rows=8460341 fwd_ms=486604.7 eval=0 prior=0
[inst] req=12443648 hits=3977109 fwd=16536 rows=8465973 fwd_ms=486920.4 eval=0 prior=0
[inst] req=12451840 hits=3980015 fwd=16546 rows=8471093 fwd_ms=487207.2 eval=0 prior=0
[inst] req=12460032 hits=3983032 fwd=16556 rows=8476213 fwd_ms=487493.8 eval=0 prior=0
[inst] req=12468224 hits=3985852 fwd=16567 rows=8481845 fwd_ms=487809.3 eval=0 prior=0
[inst] req=12476416 hits=3988764 fwd=16577 rows=8486965 fwd_ms=488096.1 eval=0 prior=0
[inst] req=12484608 hits=3991598 fwd=16587 rows=8492085 fwd_ms=488383.1 eval=0 prior=0
[inst] req=12492800 hits=3994342 fwd=16598 rows=8497717 fwd_ms=488698.9 eval=0 prior=0
[inst] req=12500992 hits=3997269 fwd=16608 rows=8502837 fwd_ms=488985.5 eval=0 prior=0
[inst] req=12509184 hits=4000011 fwd=16619 rows=8508469 fwd_ms=489301.0 eval=0 prior=0
[inst] req=12517376 hits=4002968 fwd=16629 rows=8513589 fwd_ms=489587.9 eval=0 prior=0
[inst] req=12525568 hits=4005863 fwd=16639 rows=8518709 fwd_ms=489875.0 eval=0 prior=0
[inst] req=12533760 hits=4008701 fwd=16650 rows=8524341 fwd_ms=490190.8 eval=0 prior=0
[inst] req=12541952 hits=4011562 fwd=16660 rows=8529461 fwd_ms=490477.8 eval=0 prior=0
[inst] req=12550144 hits=4014522 fwd=16671 rows=8535093 fwd_ms=490793.8 eval=0 prior=0
[inst] req=12558336 hits=4017406 fwd=16681 rows=8540213 fwd_ms=491081.0 eval=0 prior=0
[inst] req=12566528 hits=4020386 fwd=16691 rows=8545333 fwd_ms=491368.1 eval=0 prior=0
[inst] req=12574720 hits=4023480 fwd=16701 rows=8550453 fwd_ms=491655.3 eval=0 prior=0
[inst] req=12582912 hits=4026416 fwd=16711 rows=8555573 fwd_ms=491942.2 eval=0 prior=0
[inst] req=12591104 hits=4029156 fwd=16722 rows=8561205 fwd_ms=492257.8 eval=0 prior=0
[inst] req=12599296 hits=4032103 fwd=16732 rows=8566325 fwd_ms=492544.9 eval=0 prior=0
[inst] req=12607488 hits=4035013 fwd=16743 rows=8571957 fwd_ms=492860.7 eval=0 prior=0
[inst] req=12615680 hits=4037977 fwd=16753 rows=8577077 fwd_ms=493147.8 eval=0 prior=0
[inst] req=12623872 hits=4040900 fwd=16763 rows=8582197 fwd_ms=493434.7 eval=0 prior=0
[inst] req=12632064 hits=4043891 fwd=16773 rows=8587317 fwd_ms=493721.9 eval=0 prior=0
[inst] req=12640256 hits=4046664 fwd=16784 rows=8592949 fwd_ms=494037.5 eval=0 prior=0
[inst] req=12648448 hits=4049508 fwd=16794 rows=8598069 fwd_ms=494324.3 eval=0 prior=0
[inst] req=12656640 hits=4052253 fwd=16805 rows=8603701 fwd_ms=494640.2 eval=0 prior=0
[inst] req=12664832 hits=4055044 fwd=16815 rows=8608821 fwd_ms=494927.0 eval=0 prior=0
[inst] req=12673024 hits=4057808 fwd=16826 rows=8614453 fwd_ms=495242.6 eval=0 prior=0
[inst] req=12681216 hits=4060679 fwd=16836 rows=8619573 fwd_ms=495529.6 eval=0 prior=0
[inst] req=12689408 hits=4063486 fwd=16847 rows=8625205 fwd_ms=495845.0 eval=0 prior=0
[inst] req=12697600 hits=4066254 fwd=16857 rows=8630325 fwd_ms=496131.9 eval=0 prior=0
[inst] req=12705792 hits=4069073 fwd=16868 rows=8635957 fwd_ms=496447.5 eval=0 prior=0
[inst] req=12713984 hits=4071934 fwd=16878 rows=8641077 fwd_ms=496734.2 eval=0 prior=0
[inst] req=12722176 hits=4074773 fwd=16889 rows=8646709 fwd_ms=497049.6 eval=0 prior=0
[inst] req=12730368 hits=4077597 fwd=16899 rows=8651829 fwd_ms=497336.3 eval=0 prior=0
[inst] req=12738560 hits=4080554 fwd=16910 rows=8657461 fwd_ms=497651.7 eval=0 prior=0
[inst] req=12746752 hits=4083382 fwd=16920 rows=8662581 fwd_ms=497938.3 eval=0 prior=0
[inst] req=12754944 hits=4086161 fwd=16931 rows=8668213 fwd_ms=498253.8 eval=0 prior=0
[inst] req=12763136 hits=4088980 fwd=16941 rows=8673333 fwd_ms=498540.8 eval=0 prior=0
[inst] req=12771328 hits=4091767 fwd=16952 rows=8678965 fwd_ms=498856.1 eval=0 prior=0
[inst] req=12779520 hits=4094573 fwd=16962 rows=8684085 fwd_ms=499142.9 eval=0 prior=0
[inst] req=12787712 hits=4097405 fwd=16973 rows=8689717 fwd_ms=499458.1 eval=0 prior=0
[inst] req=12795904 hits=4100320 fwd=16983 rows=8694837 fwd_ms=499745.3 eval=0 prior=0
[inst] req=12804096 hits=4103199 fwd=16993 rows=8699957 fwd_ms=500032.4 eval=0 prior=0
[inst] req=12812288 hits=4106015 fwd=17004 rows=8705589 fwd_ms=500348.0 eval=0 prior=0
[inst] req=12820480 hits=4108879 fwd=17014 rows=8710709 fwd_ms=500635.0 eval=0 prior=0
[inst] req=12828672 hits=4111654 fwd=17025 rows=8716341 fwd_ms=500950.9 eval=0 prior=0
[inst] req=12836864 hits=4114573 fwd=17035 rows=8721461 fwd_ms=501237.8 eval=0 prior=0
[inst] req=12845056 hits=4117394 fwd=17046 rows=8727093 fwd_ms=501553.3 eval=0 prior=0
[inst] req=12853248 hits=4120468 fwd=17056 rows=8732213 fwd_ms=501840.2 eval=0 prior=0
[inst] req=12861440 hits=4123378 fwd=17066 rows=8737333 fwd_ms=502127.2 eval=0 prior=0
[inst] req=12869632 hits=4126265 fwd=17076 rows=8742453 fwd_ms=502414.3 eval=0 prior=0
[inst] req=12877824 hits=4129159 fwd=17087 rows=8748085 fwd_ms=502730.0 eval=0 prior=0
[inst] req=12886016 hits=4131957 fwd=17097 rows=8753205 fwd_ms=503016.7 eval=0 prior=0
[inst] req=12894208 hits=4134930 fwd=17107 rows=8758325 fwd_ms=503303.9 eval=0 prior=0
[inst] req=12902400 hits=4137880 fwd=17118 rows=8763957 fwd_ms=503619.3 eval=0 prior=0
[inst] req=12910592 hits=4140805 fwd=17128 rows=8769077 fwd_ms=503906.4 eval=0 prior=0
[inst] req=12918784 hits=4143882 fwd=17138 rows=8774197 fwd_ms=504193.5 eval=0 prior=0
[inst] req=12926976 hits=4146677 fwd=17148 rows=8779317 fwd_ms=504480.5 eval=0 prior=0
[inst] req=12935168 hits=4149542 fwd=17159 rows=8784949 fwd_ms=504796.7 eval=0 prior=0
[inst] req=12943360 hits=4152474 fwd=17169 rows=8790069 fwd_ms=505084.1 eval=0 prior=0
[inst] req=12951552 hits=4155311 fwd=17180 rows=8795701 fwd_ms=505400.3 eval=0 prior=0
[inst] req=12959744 hits=4158128 fwd=17190 rows=8800821 fwd_ms=505687.8 eval=0 prior=0
[inst] req=12967936 hits=4160992 fwd=17200 rows=8805941 fwd_ms=505975.3 eval=0 prior=0
[inst] req=12976128 hits=4163904 fwd=17211 rows=8811573 fwd_ms=506291.0 eval=0 prior=0
[inst] req=12984320 hits=4166830 fwd=17221 rows=8816693 fwd_ms=506578.0 eval=0 prior=0
[inst] req=12992512 hits=4169853 fwd=17231 rows=8821813 fwd_ms=506865.5 eval=0 prior=0
[inst] req=13000704 hits=4172824 fwd=17241 rows=8826933 fwd_ms=507152.5 eval=0 prior=0
[inst] req=13008896 hits=4175624 fwd=17252 rows=8832565 fwd_ms=507468.1 eval=0 prior=0
[inst] req=13017088 hits=4178483 fwd=17262 rows=8837685 fwd_ms=507755.1 eval=0 prior=0
[inst] req=13025280 hits=4181271 fwd=17273 rows=8843317 fwd_ms=508071.1 eval=0 prior=0
[inst] req=13033472 hits=4184104 fwd=17283 rows=8848437 fwd_ms=508357.9 eval=0 prior=0
[inst] req=13041664 hits=4186817 fwd=17294 rows=8854069 fwd_ms=508673.6 eval=0 prior=0
[inst] req=13049856 hits=4189552 fwd=17305 rows=8859701 fwd_ms=508989.2 eval=0 prior=0
[inst] req=13058048 hits=4192303 fwd=17315 rows=8864821 fwd_ms=509276.2 eval=0 prior=0
[inst] req=13066240 hits=4195088 fwd=17326 rows=8870453 fwd_ms=509591.9 eval=0 prior=0
[inst] req=13074432 hits=4197992 fwd=17336 rows=8875573 fwd_ms=509878.8 eval=0 prior=0
[inst] req=13082624 hits=4200927 fwd=17346 rows=8880693 fwd_ms=510165.8 eval=0 prior=0
[inst] req=13090816 hits=4203780 fwd=17357 rows=8886325 fwd_ms=510481.6 eval=0 prior=0
[inst] req=13099008 hits=4206670 fwd=17367 rows=8891445 fwd_ms=510768.5 eval=0 prior=0
[inst] req=13107200 hits=4209658 fwd=17377 rows=8896565 fwd_ms=511055.4 eval=0 prior=0
[inst] req=13115392 hits=4212670 fwd=17388 rows=8902197 fwd_ms=511371.2 eval=0 prior=0
[inst] req=13123584 hits=4215658 fwd=17398 rows=8907317 fwd_ms=511658.3 eval=0 prior=0
[inst] req=13131776 hits=4218537 fwd=17408 rows=8912437 fwd_ms=511945.4 eval=0 prior=0
[inst] req=13139968 hits=4221336 fwd=17419 rows=8918069 fwd_ms=512260.9 eval=0 prior=0
[inst] req=13148160 hits=4224291 fwd=17429 rows=8923189 fwd_ms=512547.9 eval=0 prior=0
[inst] req=13156352 hits=4227129 fwd=17439 rows=8928309 fwd_ms=512835.0 eval=0 prior=0
[inst] req=13164544 hits=4230013 fwd=17450 rows=8933941 fwd_ms=513150.5 eval=0 prior=0
[inst] req=13172736 hits=4232943 fwd=17460 rows=8939061 fwd_ms=513437.4 eval=0 prior=0
[inst] req=13180928 hits=4235927 fwd=17470 rows=8944181 fwd_ms=513724.1 eval=0 prior=0
[inst] req=13189120 hits=4238776 fwd=17481 rows=8949813 fwd_ms=514039.7 eval=0 prior=0
[inst] req=13197312 hits=4241615 fwd=17491 rows=8954933 fwd_ms=514326.2 eval=0 prior=0
[inst] req=13205504 hits=4244481 fwd=17501 rows=8960053 fwd_ms=514613.1 eval=0 prior=0
[inst] req=13213696 hits=4247351 fwd=17512 rows=8965685 fwd_ms=514928.7 eval=0 prior=0
[inst] req=13221888 hits=4250110 fwd=17522 rows=8970805 fwd_ms=515215.5 eval=0 prior=0
[inst] req=13230080 hits=4252934 fwd=17533 rows=8976437 fwd_ms=515530.9 eval=0 prior=0
[inst] req=13238272 hits=4255720 fwd=17543 rows=8981557 fwd_ms=515818.0 eval=0 prior=0
[inst] req=13246464 hits=4258472 fwd=17554 rows=8987189 fwd_ms=516134.2 eval=0 prior=0
[inst] req=13254656 hits=4261304 fwd=17565 rows=8992821 fwd_ms=516450.0 eval=0 prior=0
[inst] req=13262848 hits=4264219 fwd=17575 rows=8997941 fwd_ms=516737.4 eval=0 prior=0
[inst] req=13271040 hits=4267101 fwd=17585 rows=9003061 fwd_ms=517024.6 eval=0 prior=0
[inst] req=13279232 hits=4270059 fwd=17595 rows=9008181 fwd_ms=517311.9 eval=0 prior=0
[inst] req=13287424 hits=4272992 fwd=17606 rows=9013813 fwd_ms=517627.5 eval=0 prior=0
[inst] req=13295616 hits=4275981 fwd=17616 rows=9018933 fwd_ms=517914.2 eval=0 prior=0
[inst] req=13303808 hits=4278822 fwd=17626 rows=9024053 fwd_ms=518201.1 eval=0 prior=0
[inst] req=13312000 hits=4281666 fwd=17637 rows=9029685 fwd_ms=518516.7 eval=0 prior=0
[inst] req=13320192 hits=4284472 fwd=17647 rows=9034805 fwd_ms=518803.8 eval=0 prior=0
[inst] req=13328384 hits=4287231 fwd=17658 rows=9040437 fwd_ms=519119.6 eval=0 prior=0
[inst] req=13336576 hits=4290020 fwd=17668 rows=9045557 fwd_ms=519406.6 eval=0 prior=0
[inst] req=13344768 hits=4293029 fwd=17679 rows=9051189 fwd_ms=519722.8 eval=0 prior=0
[inst] req=13352960 hits=4295873 fwd=17689 rows=9056309 fwd_ms=520010.1 eval=0 prior=0
[inst] req=13361152 hits=4298731 fwd=17699 rows=9061429 fwd_ms=520297.7 eval=0 prior=0
[inst] req=13369344 hits=4301627 fwd=17710 rows=9067061 fwd_ms=520613.4 eval=0 prior=0
[inst] req=13377536 hits=4304460 fwd=17720 rows=9072181 fwd_ms=520900.4 eval=0 prior=0
[inst] req=13385728 hits=4307514 fwd=17730 rows=9077301 fwd_ms=521187.7 eval=0 prior=0
[inst] req=13393920 hits=4310382 fwd=17741 rows=9082933 fwd_ms=521503.8 eval=0 prior=0
[inst] req=13402112 hits=4313232 fwd=17751 rows=9088053 fwd_ms=521790.9 eval=0 prior=0
[inst] req=13410304 hits=4316087 fwd=17762 rows=9093685 fwd_ms=522107.1 eval=0 prior=0
[inst] req=13418496 hits=4318995 fwd=17772 rows=9098805 fwd_ms=522394.4 eval=0 prior=0
[inst] req=13426688 hits=4321888 fwd=17782 rows=9103925 fwd_ms=522681.7 eval=0 prior=0
[inst] req=13434880 hits=4324715 fwd=17793 rows=9109557 fwd_ms=522998.0 eval=0 prior=0
[inst] req=13443072 hits=4327604 fwd=17803 rows=9114677 fwd_ms=523284.8 eval=0 prior=0
[inst] req=13451264 hits=4330518 fwd=17813 rows=9119797 fwd_ms=523571.7 eval=0 prior=0
[inst] req=13459456 hits=4333378 fwd=17824 rows=9125429 fwd_ms=523887.4 eval=0 prior=0
[inst] req=13467648 hits=4336187 fwd=17834 rows=9130549 fwd_ms=524174.3 eval=0 prior=0
[inst] req=13475840 hits=4339048 fwd=17845 rows=9136181 fwd_ms=524490.0 eval=0 prior=0
[inst] req=13484032 hits=4341845 fwd=17855 rows=9141301 fwd_ms=524777.2 eval=0 prior=0
[inst] req=13492224 hits=4344622 fwd=17866 rows=9146933 fwd_ms=525092.4 eval=0 prior=0
[inst] req=13500416 hits=4347447 fwd=17876 rows=9152053 fwd_ms=525379.5 eval=0 prior=0
[inst] req=13508608 hits=4350285 fwd=17887 rows=9157685 fwd_ms=525695.4 eval=0 prior=0
[inst] req=13516800 hits=4353192 fwd=17897 rows=9162805 fwd_ms=525982.8 eval=0 prior=0
[inst] req=13524992 hits=4356151 fwd=17907 rows=9167925 fwd_ms=526270.0 eval=0 prior=0
[inst] req=13533184 hits=4358997 fwd=17918 rows=9173557 fwd_ms=526586.2 eval=0 prior=0
[inst] req=13541376 hits=4361843 fwd=17928 rows=9178677 fwd_ms=526873.5 eval=0 prior=0
[inst] req=13549568 hits=4364754 fwd=17938 rows=9183797 fwd_ms=527160.7 eval=0 prior=0
[inst] req=13557760 hits=4367606 fwd=17949 rows=9189429 fwd_ms=527476.2 eval=0 prior=0
[inst] req=13565952 hits=4370424 fwd=17959 rows=9194549 fwd_ms=527762.5 eval=0 prior=0
[inst] req=13574144 hits=4373182 fwd=17970 rows=9200181 fwd_ms=528077.9 eval=0 prior=0
[inst] req=13582336 hits=4375965 fwd=17981 rows=9205813 fwd_ms=528393.2 eval=0 prior=0
[inst] req=13590528 hits=4378824 fwd=17991 rows=9210933 fwd_ms=528680.0 eval=0 prior=0
[inst] req=13598720 hits=4381582 fwd=18002 rows=9216565 fwd_ms=528995.3 eval=0 prior=0
[inst] req=13606912 hits=4384364 fwd=18012 rows=9221685 fwd_ms=529281.7 eval=0 prior=0
[inst] req=13615104 hits=4387233 fwd=18023 rows=9227317 fwd_ms=529597.0 eval=0 prior=0
[inst] req=13623296 hits=4390117 fwd=18033 rows=9232437 fwd_ms=529883.0 eval=0 prior=0
[inst] req=13631488 hits=4393020 fwd=18043 rows=9237557 fwd_ms=530170.1 eval=0 prior=0
[inst] req=13639680 hits=4395948 fwd=18054 rows=9243189 fwd_ms=530485.6 eval=0 prior=0
[inst] req=13647872 hits=4398792 fwd=18064 rows=9248309 fwd_ms=530772.5 eval=0 prior=0
[inst] req=13656064 hits=4401803 fwd=18074 rows=9253429 fwd_ms=531059.4 eval=0 prior=0
[inst] req=13664256 hits=4404681 fwd=18085 rows=9259061 fwd_ms=531375.1 eval=0 prior=0
[inst] req=13672448 hits=4407628 fwd=18095 rows=9264181 fwd_ms=531662.1 eval=0 prior=0
[inst] req=13680640 hits=4410525 fwd=18105 rows=9269301 fwd_ms=531949.2 eval=0 prior=0
[inst] req=13688832 hits=4413313 fwd=18116 rows=9274933 fwd_ms=532264.7 eval=0 prior=0
[inst] req=13697024 hits=4416052 fwd=18126 rows=9280053 fwd_ms=532551.6 eval=0 prior=0
[inst] req=13705216 hits=4418867 fwd=18137 rows=9285685 fwd_ms=532867.0 eval=0 prior=0
[inst] req=13713408 hits=4421729 fwd=18147 rows=9290805 fwd_ms=533154.0 eval=0 prior=0
[inst] req=13721600 hits=4424634 fwd=18158 rows=9296437 fwd_ms=533469.8 eval=0 prior=0
[inst] req=13729792 hits=4427680 fwd=18168 rows=9301557 fwd_ms=533756.7 eval=0 prior=0
[inst] req=13737984 hits=4430582 fwd=18178 rows=9306677 fwd_ms=534043.8 eval=0 prior=0
[inst] req=13746176 hits=4433499 fwd=18188 rows=9311797 fwd_ms=534330.6 eval=0 prior=0
[inst] req=13754368 hits=4436308 fwd=18199 rows=9317429 fwd_ms=534646.2 eval=0 prior=0
[inst] req=13762560 hits=4439309 fwd=18209 rows=9322549 fwd_ms=534933.2 eval=0 prior=0
[inst] req=13770752 hits=4442160 fwd=18219 rows=9327669 fwd_ms=535220.0 eval=0 prior=0
[inst] req=13778944 hits=4444949 fwd=18230 rows=9333301 fwd_ms=535535.5 eval=0 prior=0
[inst] req=13787136 hits=4447754 fwd=18240 rows=9338421 fwd_ms=535822.5 eval=0 prior=0
[inst] req=13795328 hits=4450680 fwd=18251 rows=9344053 fwd_ms=536138.2 eval=0 prior=0
[inst] req=13803520 hits=4453584 fwd=18261 rows=9349173 fwd_ms=536425.0 eval=0 prior=0
[inst] req=13811712 hits=4456535 fwd=18271 rows=9354293 fwd_ms=536711.6 eval=0 prior=0
[inst] req=13819904 hits=4459408 fwd=18282 rows=9359925 fwd_ms=537026.9 eval=0 prior=0
[inst] req=13828096 hits=4462273 fwd=18292 rows=9365045 fwd_ms=537313.6 eval=0 prior=0
[inst] req=13836288 hits=4465125 fwd=18302 rows=9370165 fwd_ms=537600.3 eval=0 prior=0
[inst] req=13844480 hits=4468024 fwd=18313 rows=9375797 fwd_ms=537915.9 eval=0 prior=0
[inst] req=13852672 hits=4470911 fwd=18323 rows=9380917 fwd_ms=538202.8 eval=0 prior=0
[inst] req=13860864 hits=4473743 fwd=18334 rows=9386549 fwd_ms=538518.3 eval=0 prior=0
[inst] req=13869056 hits=4476528 fwd=18344 rows=9391669 fwd_ms=538805.1 eval=0 prior=0
[inst] req=13877248 hits=4479400 fwd=18355 rows=9397301 fwd_ms=539120.6 eval=0 prior=0
[inst] req=13885440 hits=4482310 fwd=18365 rows=9402421 fwd_ms=539407.3 eval=0 prior=0
[inst] req=13893632 hits=4485209 fwd=18375 rows=9407541 fwd_ms=539693.9 eval=0 prior=0
[inst] req=13901824 hits=4488098 fwd=18386 rows=9413173 fwd_ms=540009.4 eval=0 prior=0
[inst] req=13910016 hits=4490924 fwd=18396 rows=9418293 fwd_ms=540296.2 eval=0 prior=0
[inst] req=13918208 hits=4493810 fwd=18406 rows=9423413 fwd_ms=540582.9 eval=0 prior=0
[inst] req=13926400 hits=4496578 fwd=18417 rows=9429045 fwd_ms=540898.2 eval=0 prior=0
[inst] req=13934592 hits=4499391 fwd=18428 rows=9434677 fwd_ms=541213.6 eval=0 prior=0
[inst] req=13942784 hits=4502278 fwd=18438 rows=9439797 fwd_ms=541500.4 eval=0 prior=0
[inst] req=13950976 hits=4505082 fwd=18448 rows=9444917 fwd_ms=541787.0 eval=0 prior=0
[inst] req=13959168 hits=4507892 fwd=18459 rows=9450549 fwd_ms=542102.4 eval=0 prior=0
[inst] req=13967360 hits=4510798 fwd=18469 rows=9455669 fwd_ms=542389.0 eval=0 prior=0
[inst] req=13975552 hits=4513712 fwd=18480 rows=9461301 fwd_ms=542704.3 eval=0 prior=0
[inst] req=13983744 hits=4516676 fwd=18490 rows=9466421 fwd_ms=542990.9 eval=0 prior=0
[inst] req=13991936 hits=4519545 fwd=18500 rows=9471541 fwd_ms=543277.7 eval=0 prior=0
[inst] req=14000128 hits=4522310 fwd=18511 rows=9477173 fwd_ms=543592.9 eval=0 prior=0
[inst] req=14008320 hits=4525104 fwd=18521 rows=9482293 fwd_ms=543879.3 eval=0 prior=0
[inst] req=14016512 hits=4527946 fwd=18532 rows=9487925 fwd_ms=544194.9 eval=0 prior=0
[inst] req=14024704 hits=4530857 fwd=18542 rows=9493045 fwd_ms=544482.1 eval=0 prior=0
[inst] req=14032896 hits=4533780 fwd=18552 rows=9498165 fwd_ms=544769.2 eval=0 prior=0
[inst] req=14041088 hits=4536654 fwd=18563 rows=9503797 fwd_ms=545085.1 eval=0 prior=0
[inst] req=14049280 hits=4539517 fwd=18573 rows=9508917 fwd_ms=545372.5 eval=0 prior=0
[inst] req=14057472 hits=4542345 fwd=18584 rows=9514549 fwd_ms=545688.4 eval=0 prior=0
[inst] req=14065664 hits=4545327 fwd=18594 rows=9519669 fwd_ms=545975.8 eval=0 prior=0
[inst] req=14073856 hits=4548290 fwd=18604 rows=9524789 fwd_ms=546263.1 eval=0 prior=0
[inst] req=14082048 hits=4551151 fwd=18614 rows=9529909 fwd_ms=546550.5 eval=0 prior=0
[inst] req=14090240 hits=4554041 fwd=18625 rows=9535541 fwd_ms=546866.3 eval=0 prior=0
[inst] req=14098432 hits=4556885 fwd=18635 rows=9540661 fwd_ms=547152.6 eval=0 prior=0
[inst] req=14106624 hits=4559634 fwd=18646 rows=9546293 fwd_ms=547468.5 eval=0 prior=0
[inst] req=14114816 hits=4562387 fwd=18656 rows=9551413 fwd_ms=547755.7 eval=0 prior=0
[inst] req=14123008 hits=4565237 fwd=18667 rows=9557045 fwd_ms=548071.5 eval=0 prior=0
[inst] req=14131200 hits=4568143 fwd=18677 rows=9562165 fwd_ms=548358.6 eval=0 prior=0
[inst] req=14139392 hits=4571062 fwd=18688 rows=9567797 fwd_ms=548725.0 eval=0 prior=0
[inst] req=14147584 hits=4573893 fwd=18698 rows=9572917 fwd_ms=549481.9 eval=0 prior=0
[inst] req=14155776 hits=4576626 fwd=18709 rows=9578549 fwd_ms=550355.6 eval=0 prior=0
[inst] req=14163968 hits=4579468 fwd=18719 rows=9583669 fwd_ms=551098.0 eval=0 prior=0
[inst] req=14172160 hits=4582052 fwd=18730 rows=9589301 fwd_ms=551924.8 eval=0 prior=0
[inst] req=14180352 hits=4584862 fwd=18741 rows=9594933 fwd_ms=552757.6 eval=0 prior=0
[inst] req=14188544 hits=4587690 fwd=18751 rows=9600053 fwd_ms=553497.6 eval=0 prior=0
[inst] req=14196736 hits=4590462 fwd=18762 rows=9605685 fwd_ms=554388.1 eval=0 prior=0
[inst] req=14204928 hits=4593208 fwd=18772 rows=9610805 fwd_ms=555186.0 eval=0 prior=0
[inst] req=14213120 hits=4596057 fwd=18783 rows=9616437 fwd_ms=556012.7 eval=0 prior=0
[inst] req=14221312 hits=4598861 fwd=18793 rows=9621557 fwd_ms=556776.9 eval=0 prior=0
[inst] req=14229504 hits=4601705 fwd=18804 rows=9627189 fwd_ms=557635.4 eval=0 prior=0
[inst] req=14237696 hits=4604529 fwd=18814 rows=9632309 fwd_ms=558488.2 eval=0 prior=0
[inst] req=14245888 hits=4607444 fwd=18824 rows=9637429 fwd_ms=559234.8 eval=0 prior=0
[inst] req=14254080 hits=4610137 fwd=18835 rows=9643061 fwd_ms=560106.1 eval=0 prior=0
[inst] req=14262272 hits=4612783 fwd=18846 rows=9648693 fwd_ms=560941.9 eval=0 prior=0
[inst] req=14270464 hits=4615493 fwd=18857 rows=9654325 fwd_ms=561786.6 eval=0 prior=0
[inst] req=14278656 hits=4618291 fwd=18867 rows=9659445 fwd_ms=562537.2 eval=0 prior=0
[inst] req=14286848 hits=4621046 fwd=18878 rows=9665077 fwd_ms=563416.5 eval=0 prior=0
[inst] req=14295040 hits=4623999 fwd=18888 rows=9670197 fwd_ms=564162.5 eval=0 prior=0
[inst] req=14303232 hits=4626578 fwd=18899 rows=9675829 fwd_ms=565040.9 eval=0 prior=0
[inst] req=14311424 hits=4629318 fwd=18910 rows=9681461 fwd_ms=565967.4 eval=0 prior=0
[inst] req=14319616 hits=4632074 fwd=18920 rows=9686581 fwd_ms=566274.3 eval=0 prior=0
[inst] req=14327808 hits=4634843 fwd=18931 rows=9692213 fwd_ms=566594.2 eval=0 prior=0
[inst] req=14336000 hits=4637692 fwd=18941 rows=9697333 fwd_ms=566886.1 eval=0 prior=0
[inst] req=14344192 hits=4639136 fwd=18955 rows=9704501 fwd_ms=567303.7 eval=0 prior=0
[inst] req=14352384 hits=4639652 fwd=18970 rows=9712181 fwd_ms=567734.5 eval=0 prior=0
[inst] req=14360576 hits=4640462 fwd=18984 rows=9719349 fwd_ms=568136.4 eval=0 prior=0
[inst] req=14368768 hits=4641517 fwd=18998 rows=9726517 fwd_ms=568538.2 eval=0 prior=0
[inst] req=14376960 hits=4642827 fwd=19011 rows=9733173 fwd_ms=568911.5 eval=0 prior=0
[inst] req=14385152 hits=4644554 fwd=19024 rows=9739829 fwd_ms=569284.9 eval=0 prior=0
[inst] req=14393344 hits=4646630 fwd=19036 rows=9745973 fwd_ms=569629.3 eval=0 prior=0
[inst] req=14401536 hits=4648902 fwd=19048 rows=9752117 fwd_ms=569974.1 eval=0 prior=0
[inst] req=14409728 hits=4651301 fwd=19059 rows=9757749 fwd_ms=570289.9 eval=0 prior=0
[inst] req=14417920 hits=4654022 fwd=19070 rows=9763381 fwd_ms=570605.9 eval=0 prior=0
[inst] req=14426112 hits=4656743 fwd=19080 rows=9768501 fwd_ms=570893.0 eval=0 prior=0
[inst] req=14434304 hits=4659493 fwd=19091 rows=9774133 fwd_ms=571209.1 eval=0 prior=0
[inst] req=14442496 hits=4662208 fwd=19102 rows=9779765 fwd_ms=571525.3 eval=0 prior=0
[inst] req=14450688 hits=4664978 fwd=19112 rows=9784885 fwd_ms=571812.7 eval=0 prior=0
[inst] req=14458880 hits=4667710 fwd=19123 rows=9790517 fwd_ms=572128.7 eval=0 prior=0
[inst] req=14467072 hits=4670377 fwd=19134 rows=9796149 fwd_ms=572444.7 eval=0 prior=0
[inst] req=14475264 hits=4673176 fwd=19144 rows=9801269 fwd_ms=572731.8 eval=0 prior=0
[inst] req=14483456 hits=4675907 fwd=19155 rows=9806901 fwd_ms=573047.6 eval=0 prior=0
[inst] req=14491648 hits=4678733 fwd=19165 rows=9812021 fwd_ms=573334.8 eval=0 prior=0
[inst] req=14499840 hits=4681512 fwd=19176 rows=9817653 fwd_ms=573650.6 eval=0 prior=0
[inst] req=14508032 hits=4684365 fwd=19186 rows=9822773 fwd_ms=573937.8 eval=0 prior=0
[inst] req=14516224 hits=4687220 fwd=19197 rows=9828405 fwd_ms=574253.6 eval=0 prior=0
[inst] req=14524416 hits=4689975 fwd=19207 rows=9833525 fwd_ms=574540.8 eval=0 prior=0
[inst] req=14532608 hits=4692667 fwd=19218 rows=9839157 fwd_ms=574856.7 eval=0 prior=0
[inst] req=14540800 hits=4695273 fwd=19229 rows=9844789 fwd_ms=575172.5 eval=0 prior=0
[inst] req=14548992 hits=4697962 fwd=19240 rows=9850421 fwd_ms=575488.6 eval=0 prior=0
[inst] req=14557184 hits=4700819 fwd=19250 rows=9855541 fwd_ms=575775.9 eval=0 prior=0
[inst] req=14565376 hits=4703563 fwd=19261 rows=9861173 fwd_ms=576092.1 eval=0 prior=0
[inst] req=14573568 hits=4706529 fwd=19271 rows=9866293 fwd_ms=576379.2 eval=0 prior=0
[inst] req=14581760 hits=4709354 fwd=19281 rows=9871413 fwd_ms=576666.5 eval=0 prior=0
[inst] req=14589952 hits=4712205 fwd=19292 rows=9877045 fwd_ms=576982.3 eval=0 prior=0
[inst] req=14598144 hits=4715034 fwd=19302 rows=9882165 fwd_ms=577269.3 eval=0 prior=0
[inst] req=14606336 hits=4717868 fwd=19313 rows=9887797 fwd_ms=577584.8 eval=0 prior=0
[inst] req=14614528 hits=4720643 fwd=19323 rows=9892917 fwd_ms=577871.7 eval=0 prior=0
[inst] req=14622720 hits=4723363 fwd=19334 rows=9898549 fwd_ms=578187.1 eval=0 prior=0
[inst] req=14630912 hits=4726103 fwd=19345 rows=9904181 fwd_ms=578502.5 eval=0 prior=0
[inst] req=14639104 hits=4728933 fwd=19355 rows=9909301 fwd_ms=578789.2 eval=0 prior=0
[inst] req=14647296 hits=4731739 fwd=19366 rows=9914933 fwd_ms=579104.4 eval=0 prior=0
[inst] req=14655488 hits=4734415 fwd=19376 rows=9920053 fwd_ms=579390.9 eval=0 prior=0
[inst] req=14663680 hits=4737161 fwd=19387 rows=9925685 fwd_ms=579706.0 eval=0 prior=0
[inst] req=14671872 hits=4740046 fwd=19397 rows=9930805 fwd_ms=579992.8 eval=0 prior=0
[inst] req=14680064 hits=4742967 fwd=19408 rows=9936437 fwd_ms=580308.0 eval=0 prior=0
[inst] req=14688256 hits=4745844 fwd=19418 rows=9941557 fwd_ms=580594.8 eval=0 prior=0
[inst] req=14696448 hits=4748720 fwd=19429 rows=9947189 fwd_ms=580910.1 eval=0 prior=0
[inst] req=14704640 hits=4751444 fwd=19439 rows=9952309 fwd_ms=581196.6 eval=0 prior=0
[inst] req=14712832 hits=4754142 fwd=19450 rows=9957941 fwd_ms=581511.8 eval=0 prior=0
[inst] req=14721024 hits=4756924 fwd=19461 rows=9963573 fwd_ms=581826.9 eval=0 prior=0
[inst] req=14729216 hits=4759709 fwd=19471 rows=9968693 fwd_ms=582113.7 eval=0 prior=0
[inst] req=14737408 hits=4762568 fwd=19482 rows=9974325 fwd_ms=582429.1 eval=0 prior=0
[inst] req=14745600 hits=4765432 fwd=19492 rows=9979445 fwd_ms=582716.0 eval=0 prior=0
[inst] req=14753792 hits=4768177 fwd=19503 rows=9985077 fwd_ms=583031.6 eval=0 prior=0
[inst] req=14761984 hits=4770927 fwd=19513 rows=9990197 fwd_ms=583318.7 eval=0 prior=0
[inst] req=14770176 hits=4773709 fwd=19524 rows=9995829 fwd_ms=583634.4 eval=0 prior=0
[inst] req=14778368 hits=4776686 fwd=19534 rows=10000949 fwd_ms=583921.4 eval=0 prior=0
[inst] req=14786560 hits=4779650 fwd=19544 rows=10006069 fwd_ms=584208.4 eval=0 prior=0
[inst] req=14794752 hits=4782444 fwd=19555 rows=10011701 fwd_ms=584524.0 eval=0 prior=0
[inst] req=14802944 hits=4785405 fwd=19565 rows=10016821 fwd_ms=584811.3 eval=0 prior=0
[inst] req=14811136 hits=4788281 fwd=19575 rows=10021941 fwd_ms=585098.6 eval=0 prior=0
[inst] req=14819328 hits=4791051 fwd=19586 rows=10027573 fwd_ms=585414.4 eval=0 prior=0
[inst] req=14827520 hits=4793887 fwd=19596 rows=10032693 fwd_ms=585701.3 eval=0 prior=0
[inst] req=14835712 hits=4796716 fwd=19607 rows=10038325 fwd_ms=586016.8 eval=0 prior=0
[inst] req=14843904 hits=4799618 fwd=19617 rows=10043445 fwd_ms=586303.9 eval=0 prior=0
[inst] req=14852096 hits=4802370 fwd=19628 rows=10049077 fwd_ms=586619.5 eval=0 prior=0
[inst] req=14860288 hits=4805075 fwd=19638 rows=10054197 fwd_ms=586906.6 eval=0 prior=0
[inst] req=14868480 hits=4807904 fwd=19649 rows=10059829 fwd_ms=587222.1 eval=0 prior=0
[inst] req=14876672 hits=4810671 fwd=19660 rows=10065461 fwd_ms=587537.6 eval=0 prior=0
[inst] req=14884864 hits=4813384 fwd=19670 rows=10070581 fwd_ms=587824.3 eval=0 prior=0
[inst] req=14893056 hits=4816029 fwd=19681 rows=10076213 fwd_ms=588140.0 eval=0 prior=0
[inst] req=14901248 hits=4818837 fwd=19692 rows=10081845 fwd_ms=588455.5 eval=0 prior=0
[inst] req=14909440 hits=4821622 fwd=19702 rows=10086965 fwd_ms=588742.0 eval=0 prior=0
[inst] req=14917632 hits=4824361 fwd=19713 rows=10092597 fwd_ms=589057.5 eval=0 prior=0
[inst] req=14925824 hits=4827115 fwd=19723 rows=10097717 fwd_ms=589344.1 eval=0 prior=0
[inst] req=14934016 hits=4829968 fwd=19734 rows=10103349 fwd_ms=589659.5 eval=0 prior=0
[inst] req=14942208 hits=4832988 fwd=19744 rows=10108469 fwd_ms=589946.2 eval=0 prior=0
[inst] req=14950400 hits=4835930 fwd=19754 rows=10113589 fwd_ms=590233.5 eval=0 prior=0
[inst] req=14958592 hits=4839062 fwd=19764 rows=10118709 fwd_ms=590520.1 eval=0 prior=0
[inst] req=14966784 hits=4842120 fwd=19774 rows=10123829 fwd_ms=590807.0 eval=0 prior=0
[inst] req=14974976 hits=4845077 fwd=19784 rows=10128949 fwd_ms=591093.7 eval=0 prior=0
[inst] req=14983168 hits=4847871 fwd=19795 rows=10134581 fwd_ms=591409.3 eval=0 prior=0
[inst] req=14991360 hits=4850552 fwd=19806 rows=10140213 fwd_ms=591724.9 eval=0 prior=0
[inst] req=14999552 hits=4853285 fwd=19816 rows=10145333 fwd_ms=592011.7 eval=0 prior=0
[inst] req=15007744 hits=4856038 fwd=19827 rows=10150965 fwd_ms=592326.8 eval=0 prior=0
[inst] req=15015936 hits=4858757 fwd=19838 rows=10156597 fwd_ms=592642.4 eval=0 prior=0
[inst] req=15024128 hits=4861491 fwd=19848 rows=10161717 fwd_ms=592929.0 eval=0 prior=0
[inst] req=15032320 hits=4864218 fwd=19859 rows=10167349 fwd_ms=593244.4 eval=0 prior=0
[inst] req=15040512 hits=4867134 fwd=19869 rows=10172469 fwd_ms=593531.3 eval=0 prior=0
[inst] req=15048704 hits=4870006 fwd=19880 rows=10178101 fwd_ms=593846.6 eval=0 prior=0
[inst] req=15056896 hits=4872939 fwd=19890 rows=10183221 fwd_ms=594133.4 eval=0 prior=0
[inst] req=15065088 hits=4875767 fwd=19900 rows=10188341 fwd_ms=594420.3 eval=0 prior=0
[inst] req=15073280 hits=4878984 fwd=19910 rows=10193461 fwd_ms=594707.4 eval=0 prior=0
[inst] req=15081472 hits=4881834 fwd=19921 rows=10199093 fwd_ms=595023.0 eval=0 prior=0
[inst] req=15089664 hits=4884522 fwd=19931 rows=10204213 fwd_ms=595309.7 eval=0 prior=0
[inst] req=15097856 hits=4887338 fwd=19942 rows=10209845 fwd_ms=595625.2 eval=0 prior=0
[inst] req=15106048 hits=4890282 fwd=19952 rows=10214965 fwd_ms=595912.2 eval=0 prior=0
[inst] req=15114240 hits=4893371 fwd=19962 rows=10220085 fwd_ms=596199.3 eval=0 prior=0
[inst] req=15122432 hits=4896300 fwd=19972 rows=10225205 fwd_ms=596486.1 eval=0 prior=0
[inst] req=15130624 hits=4899279 fwd=19982 rows=10230325 fwd_ms=596772.8 eval=0 prior=0
[inst] req=15138816 hits=4902103 fwd=19993 rows=10235957 fwd_ms=597088.3 eval=0 prior=0
[inst] req=15147008 hits=4905119 fwd=20003 rows=10241077 fwd_ms=597375.2 eval=0 prior=0
[inst] req=15155200 hits=4907878 fwd=20014 rows=10246709 fwd_ms=597690.7 eval=0 prior=0
[inst] req=15163392 hits=4910573 fwd=20024 rows=10251829 fwd_ms=597977.6 eval=0 prior=0
[inst] req=15171584 hits=4913297 fwd=20035 rows=10257461 fwd_ms=598292.9 eval=0 prior=0
[inst] req=15179776 hits=4915991 fwd=20046 rows=10263093 fwd_ms=598608.3 eval=0 prior=0
[inst] req=15187968 hits=4918736 fwd=20056 rows=10268213 fwd_ms=598895.0 eval=0 prior=0
[inst] req=15196160 hits=4921632 fwd=20067 rows=10273845 fwd_ms=599210.5 eval=0 prior=0
[inst] req=15204352 hits=4924490 fwd=20077 rows=10278965 fwd_ms=599497.1 eval=0 prior=0
[inst] req=15212544 hits=4927259 fwd=20088 rows=10284597 fwd_ms=599812.5 eval=0 prior=0
[inst] req=15220736 hits=4930099 fwd=20098 rows=10289717 fwd_ms=600099.4 eval=0 prior=0
[inst] req=15228928 hits=4932873 fwd=20109 rows=10295349 fwd_ms=600414.7 eval=0 prior=0
[inst] req=15237120 hits=4935747 fwd=20119 rows=10300469 fwd_ms=600701.4 eval=0 prior=0
[inst] req=15245312 hits=4938449 fwd=20130 rows=10306101 fwd_ms=601016.8 eval=0 prior=0
[inst] req=15253504 hits=4941154 fwd=20141 rows=10311733 fwd_ms=601332.2 eval=0 prior=0
[inst] req=15261696 hits=4943868 fwd=20151 rows=10316853 fwd_ms=601618.8 eval=0 prior=0
[inst] req=15269888 hits=4946629 fwd=20162 rows=10322485 fwd_ms=601934.4 eval=0 prior=0
[inst] req=15278080 hits=4949447 fwd=20173 rows=10328117 fwd_ms=602249.8 eval=0 prior=0
[inst] req=15286272 hits=4952277 fwd=20183 rows=10333237 fwd_ms=602536.6 eval=0 prior=0
[inst] req=15294464 hits=4955137 fwd=20193 rows=10338357 fwd_ms=602823.5 eval=0 prior=0
[inst] req=15302656 hits=4957850 fwd=20204 rows=10343989 fwd_ms=603139.1 eval=0 prior=0
[inst] req=15310848 hits=4960601 fwd=20215 rows=10349621 fwd_ms=603454.7 eval=0 prior=0
[inst] req=15319040 hits=4963440 fwd=20225 rows=10354741 fwd_ms=603741.4 eval=0 prior=0
[inst] req=15327232 hits=4966237 fwd=20236 rows=10360373 fwd_ms=604056.9 eval=0 prior=0
[inst] req=15335424 hits=4968987 fwd=20246 rows=10365493 fwd_ms=604343.5 eval=0 prior=0
[inst] req=15343616 hits=4971815 fwd=20257 rows=10371125 fwd_ms=604659.0 eval=0 prior=0
[inst] req=15351808 hits=4974572 fwd=20267 rows=10376245 fwd_ms=604946.0 eval=0 prior=0
[inst] req=15360000 hits=4977319 fwd=20278 rows=10381877 fwd_ms=605261.4 eval=0 prior=0
[inst] req=15368192 hits=4980025 fwd=20289 rows=10387509 fwd_ms=605577.0 eval=0 prior=0
[inst] req=15376384 hits=4982912 fwd=20299 rows=10392629 fwd_ms=605863.6 eval=0 prior=0
[inst] req=15384576 hits=4985827 fwd=20309 rows=10397749 fwd_ms=606150.3 eval=0 prior=0
[inst] req=15392768 hits=4988596 fwd=20320 rows=10403381 fwd_ms=606465.8 eval=0 prior=0
[inst] req=15400960 hits=4991366 fwd=20331 rows=10409013 fwd_ms=606781.2 eval=0 prior=0
[inst] req=15409152 hits=4994167 fwd=20341 rows=10414133 fwd_ms=607067.9 eval=0 prior=0
[inst] req=15417344 hits=4996974 fwd=20352 rows=10419765 fwd_ms=607383.3 eval=0 prior=0
[inst] req=15425536 hits=4999736 fwd=20362 rows=10424885 fwd_ms=607670.1 eval=0 prior=0
[inst] req=15433728 hits=5002697 fwd=20373 rows=10430517 fwd_ms=607985.4 eval=0 prior=0
[inst] req=15441920 hits=5005585 fwd=20383 rows=10435637 fwd_ms=608272.2 eval=0 prior=0
[inst] req=15450112 hits=5008410 fwd=20393 rows=10440757 fwd_ms=608559.1 eval=0 prior=0
[inst] req=15458304 hits=5011304 fwd=20404 rows=10446389 fwd_ms=608874.6 eval=0 prior=0
[inst] req=15466496 hits=5014089 fwd=20414 rows=10451509 fwd_ms=609161.6 eval=0 prior=0
[inst] req=15474688 hits=5016890 fwd=20425 rows=10457141 fwd_ms=609477.1 eval=0 prior=0
[inst] req=15482880 hits=5019648 fwd=20435 rows=10462261 fwd_ms=609763.9 eval=0 prior=0
[inst] req=15491072 hits=5022477 fwd=20446 rows=10467893 fwd_ms=610079.2 eval=0 prior=0
[inst] req=15499264 hits=5025140 fwd=20457 rows=10473525 fwd_ms=610394.7 eval=0 prior=0
[inst] req=15507456 hits=5027865 fwd=20467 rows=10478645 fwd_ms=610681.7 eval=0 prior=0
[inst] req=15515648 hits=5030770 fwd=20478 rows=10484277 fwd_ms=610997.1 eval=0 prior=0
[inst] req=15523840 hits=5033655 fwd=20488 rows=10489397 fwd_ms=611284.1 eval=0 prior=0
[inst] req=15532032 hits=5036492 fwd=20498 rows=10494517 fwd_ms=611570.9 eval=0 prior=0
[inst] req=15540224 hits=5039196 fwd=20509 rows=10500149 fwd_ms=611886.4 eval=0 prior=0
[inst] req=15548416 hits=5041891 fwd=20520 rows=10505781 fwd_ms=612202.2 eval=0 prior=0
[inst] req=15556608 hits=5044656 fwd=20531 rows=10511413 fwd_ms=612517.7 eval=0 prior=0
[inst] req=15564800 hits=5047511 fwd=20541 rows=10516533 fwd_ms=612804.6 eval=0 prior=0
[inst] req=15572992 hits=5050264 fwd=20552 rows=10522165 fwd_ms=613120.1 eval=0 prior=0
[inst] req=15581184 hits=5052994 fwd=20562 rows=10527285 fwd_ms=613407.0 eval=0 prior=0
[inst] req=15589376 hits=5055914 fwd=20573 rows=10532917 fwd_ms=613722.5 eval=0 prior=0
[inst] req=15597568 hits=5058793 fwd=20583 rows=10538037 fwd_ms=614009.3 eval=0 prior=0
[inst] req=15605760 hits=5061639 fwd=20593 rows=10543157 fwd_ms=614296.5 eval=0 prior=0
[inst] req=15613952 hits=5064346 fwd=20604 rows=10548789 fwd_ms=614612.1 eval=0 prior=0
[inst] req=15622144 hits=5067087 fwd=20615 rows=10554421 fwd_ms=614927.8 eval=0 prior=0
[inst] req=15630336 hits=5069886 fwd=20625 rows=10559541 fwd_ms=615214.7 eval=0 prior=0
[inst] req=15638528 hits=5072661 fwd=20636 rows=10565173 fwd_ms=615530.2 eval=0 prior=0
[inst] req=15646720 hits=5075428 fwd=20646 rows=10570293 fwd_ms=615817.3 eval=0 prior=0
[inst] req=15654912 hits=5078137 fwd=20657 rows=10575925 fwd_ms=616132.8 eval=0 prior=0
[inst] req=15663104 hits=5080860 fwd=20668 rows=10581557 fwd_ms=616448.3 eval=0 prior=0
[inst] req=15671296 hits=5083662 fwd=20678 rows=10586677 fwd_ms=616735.1 eval=0 prior=0
[inst] req=15679488 hits=5086530 fwd=20689 rows=10592309 fwd_ms=617050.9 eval=0 prior=0
[inst] req=15687680 hits=5089307 fwd=20699 rows=10597429 fwd_ms=617337.6 eval=0 prior=0
[inst] req=15695872 hits=5092015 fwd=20710 rows=10603061 fwd_ms=617653.2 eval=0 prior=0
[inst] req=15704064 hits=5094843 fwd=20721 rows=10608693 fwd_ms=617968.7 eval=0 prior=0
[inst] req=15712256 hits=5097685 fwd=20731 rows=10613813 fwd_ms=618255.7 eval=0 prior=0
[inst] req=15720448 hits=5100614 fwd=20741 rows=10618933 fwd_ms=618542.7 eval=0 prior=0
[inst] req=15728640 hits=5103428 fwd=20752 rows=10624565 fwd_ms=618858.3 eval=0 prior=0
[inst] req=15736832 hits=5106119 fwd=20763 rows=10630197 fwd_ms=619173.8 eval=0 prior=0
[inst] req=15745024 hits=5109010 fwd=20773 rows=10635317 fwd_ms=619460.8 eval=0 prior=0
[inst] req=15753216 hits=5111873 fwd=20783 rows=10640437 fwd_ms=619748.1 eval=0 prior=0
[inst] req=15761408 hits=5114710 fwd=20794 rows=10646069 fwd_ms=620063.8 eval=0 prior=0
[inst] req=15769600 hits=5117601 fwd=20804 rows=10651189 fwd_ms=620350.7 eval=0 prior=0
[inst] req=15777792 hits=5120429 fwd=20815 rows=10656821 fwd_ms=620666.6 eval=0 prior=0
[inst] req=15785984 hits=5123314 fwd=20825 rows=10661941 fwd_ms=620953.6 eval=0 prior=0
[inst] req=15794176 hits=5126258 fwd=20835 rows=10667061 fwd_ms=621240.8 eval=0 prior=0
[inst] req=15802368 hits=5129113 fwd=20846 rows=10672693 fwd_ms=621556.5 eval=0 prior=0
[inst] req=15810560 hits=5131974 fwd=20856 rows=10677813 fwd_ms=621843.3 eval=0 prior=0
[inst] req=15818752 hits=5134824 fwd=20866 rows=10682933 fwd_ms=622130.1 eval=0 prior=0
[inst] req=15826944 hits=5137662 fwd=20877 rows=10688565 fwd_ms=622445.7 eval=0 prior=0
[inst] req=15835136 hits=5140427 fwd=20887 rows=10693685 fwd_ms=622732.9 eval=0 prior=0
[inst] req=15843328 hits=5143359 fwd=20898 rows=10699317 fwd_ms=623048.8 eval=0 prior=0
[inst] req=15851520 hits=5146086 fwd=20908 rows=10704437 fwd_ms=623336.1 eval=0 prior=0
[inst] req=15859712 hits=5148872 fwd=20919 rows=10710069 fwd_ms=623651.9 eval=0 prior=0
[inst] req=15867904 hits=5151604 fwd=20930 rows=10715701 fwd_ms=623967.6 eval=0 prior=0
[inst] req=15876096 hits=5154493 fwd=20940 rows=10720821 fwd_ms=624254.8 eval=0 prior=0
[inst] req=15884288 hits=5157360 fwd=20950 rows=10725941 fwd_ms=624541.9 eval=0 prior=0
[inst] req=15892480 hits=5160132 fwd=20961 rows=10731573 fwd_ms=624857.5 eval=0 prior=0
[inst] req=15900672 hits=5163119 fwd=20971 rows=10736693 fwd_ms=625144.4 eval=0 prior=0
[inst] req=15908864 hits=5165964 fwd=20982 rows=10742325 fwd_ms=625471.3 eval=0 prior=0
[inst] req=15917056 hits=5168825 fwd=20992 rows=10747445 fwd_ms=625758.5 eval=0 prior=0
[inst] req=15925248 hits=5171600 fwd=21003 rows=10753077 fwd_ms=626074.0 eval=0 prior=0
[inst] req=15933440 hits=5174317 fwd=21013 rows=10758197 fwd_ms=626360.9 eval=0 prior=0
[inst] req=15941632 hits=5177122 fwd=21024 rows=10763829 fwd_ms=626676.4 eval=0 prior=0
[inst] req=15949824 hits=5179916 fwd=21034 rows=10768949 fwd_ms=626963.3 eval=0 prior=0
[inst] req=15958016 hits=5182796 fwd=21045 rows=10774581 fwd_ms=627278.8 eval=0 prior=0
[inst] req=15966208 hits=5185709 fwd=21055 rows=10779701 fwd_ms=627565.6 eval=0 prior=0
[inst] req=15974400 hits=5188597 fwd=21065 rows=10784821 fwd_ms=627852.5 eval=0 prior=0
[inst] req=15982592 hits=5191556 fwd=21076 rows=10790453 fwd_ms=628168.0 eval=0 prior=0
[inst] req=15990784 hits=5194381 fwd=21086 rows=10795573 fwd_ms=628454.9 eval=0 prior=0
[inst] req=15998976 hits=5197225 fwd=21097 rows=10801205 fwd_ms=628770.4 eval=0 prior=0
[inst] req=16007168 hits=5199962 fwd=21107 rows=10806325 fwd_ms=629057.3 eval=0 prior=0
[inst] req=16015360 hits=5202740 fwd=21118 rows=10811957 fwd_ms=629373.1 eval=0 prior=0
[inst] req=16023552 hits=5205548 fwd=21128 rows=10817077 fwd_ms=629661.3 eval=0 prior=0
[inst] req=16031744 hits=5208399 fwd=21139 rows=10822709 fwd_ms=629978.2 eval=0 prior=0
[inst] req=16039936 hits=5211251 fwd=21149 rows=10827829 fwd_ms=630266.3 eval=0 prior=0
[inst] req=16048128 hits=5214096 fwd=21160 rows=10833461 fwd_ms=630583.5 eval=0 prior=0
[inst] req=16056320 hits=5216883 fwd=21170 rows=10838581 fwd_ms=630871.8 eval=0 prior=0
[inst] req=16064512 hits=5219695 fwd=21181 rows=10844213 fwd_ms=631188.9 eval=0 prior=0
[inst] req=16072704 hits=5222356 fwd=21191 rows=10849333 fwd_ms=631477.3 eval=0 prior=0
[inst] req=16080896 hits=5225047 fwd=21202 rows=10854965 fwd_ms=631794.2 eval=0 prior=0
[inst] req=16089088 hits=5227838 fwd=21213 rows=10860597 fwd_ms=632111.3 eval=0 prior=0
[inst] req=16097280 hits=5230607 fwd=21223 rows=10865717 fwd_ms=632399.4 eval=0 prior=0
[inst] req=16105472 hits=5233323 fwd=21234 rows=10871349 fwd_ms=632716.2 eval=0 prior=0
[inst] req=16113664 hits=5236056 fwd=21245 rows=10876981 fwd_ms=633033.4 eval=0 prior=0
[inst] req=16121856 hits=5238932 fwd=21255 rows=10882101 fwd_ms=633321.7 eval=0 prior=0
[inst] req=16130048 hits=5241862 fwd=21265 rows=10887221 fwd_ms=633617.3 eval=0 prior=0
[inst] req=16138240 hits=5244710 fwd=21276 rows=10892853 fwd_ms=633937.8 eval=0 prior=0
[inst] req=16146432 hits=5247615 fwd=21286 rows=10897973 fwd_ms=634229.2 eval=0 prior=0
[inst] req=16154624 hits=5250470 fwd=21297 rows=10903605 fwd_ms=634544.7 eval=0 prior=0
[inst] req=16162816 hits=5253347 fwd=21307 rows=10908725 fwd_ms=634831.5 eval=0 prior=0
[inst] req=16171008 hits=5256217 fwd=21317 rows=10913845 fwd_ms=635118.4 eval=0 prior=0
[inst] req=16179200 hits=5259138 fwd=21328 rows=10919477 fwd_ms=635433.9 eval=0 prior=0
[inst] req=16187392 hits=5262128 fwd=21338 rows=10924597 fwd_ms=635725.9 eval=0 prior=0
[inst] req=16195584 hits=5264979 fwd=21348 rows=10929717 fwd_ms=636012.6 eval=0 prior=0
[inst] req=16203776 hits=5267720 fwd=21359 rows=10935349 fwd_ms=636328.1 eval=0 prior=0
[inst] req=16211968 hits=5270571 fwd=21369 rows=10940469 fwd_ms=636614.9 eval=0 prior=0
[inst] req=16220160 hits=5273369 fwd=21380 rows=10946101 fwd_ms=636930.5 eval=0 prior=0
[inst] req=16228352 hits=5276203 fwd=21390 rows=10951221 fwd_ms=637217.2 eval=0 prior=0
[inst] req=16236544 hits=5279108 fwd=21401 rows=10956853 fwd_ms=637532.8 eval=0 prior=0
[inst] req=16244736 hits=5282020 fwd=21411 rows=10961973 fwd_ms=637819.5 eval=0 prior=0
[inst] req=16252928 hits=5284740 fwd=21422 rows=10967605 fwd_ms=638134.9 eval=0 prior=0
[inst] req=16261120 hits=5287446 fwd=21432 rows=10972725 fwd_ms=638426.4 eval=0 prior=0
[inst] req=16269312 hits=5290258 fwd=21443 rows=10978357 fwd_ms=638741.9 eval=0 prior=0
[inst] req=16277504 hits=5293065 fwd=21453 rows=10983477 fwd_ms=639033.5 eval=0 prior=0
[inst] req=16285696 hits=5295936 fwd=21464 rows=10989109 fwd_ms=639349.0 eval=0 prior=0
[inst] req=16293888 hits=5298876 fwd=21474 rows=10994229 fwd_ms=639640.7 eval=0 prior=0
[inst] req=16302080 hits=5301897 fwd=21484 rows=10999349 fwd_ms=639927.2 eval=0 prior=0
[inst] req=16310272 hits=5304930 fwd=21494 rows=11004469 fwd_ms=640218.8 eval=0 prior=0
[inst] req=16318464 hits=5307722 fwd=21505 rows=11010101 fwd_ms=640534.3 eval=0 prior=0
[inst] req=16326656 hits=5310492 fwd=21515 rows=11015221 fwd_ms=640821.0 eval=0 prior=0
[inst] req=16334848 hits=5313310 fwd=21526 rows=11020853 fwd_ms=641136.4 eval=0 prior=0
[inst] req=16343040 hits=5316112 fwd=21536 rows=11025973 fwd_ms=641423.2 eval=0 prior=0
[inst] req=16351232 hits=5318796 fwd=21547 rows=11031605 fwd_ms=641738.6 eval=0 prior=0
[inst] req=16359424 hits=5321546 fwd=21558 rows=11037237 fwd_ms=642054.3 eval=0 prior=0
[inst] req=16367616 hits=5324466 fwd=21568 rows=11042357 fwd_ms=642341.1 eval=0 prior=0
[inst] req=16375808 hits=5327317 fwd=21578 rows=11047477 fwd_ms=642627.9 eval=0 prior=0
[inst] req=16384000 hits=5330277 fwd=21589 rows=11053109 fwd_ms=642943.3 eval=0 prior=0
[inst] req=16392192 hits=5333260 fwd=21599 rows=11058229 fwd_ms=643230.0 eval=0 prior=0
[inst] req=16400384 hits=5336112 fwd=21609 rows=11063349 fwd_ms=643516.9 eval=0 prior=0
[inst] req=16408576 hits=5338833 fwd=21620 rows=11068981 fwd_ms=643832.4 eval=0 prior=0
[inst] req=16416768 hits=5341625 fwd=21631 rows=11074613 fwd_ms=644147.7 eval=0 prior=0
[inst] req=16424960 hits=5344536 fwd=21641 rows=11079733 fwd_ms=644434.4 eval=0 prior=0
[inst] req=16433152 hits=5347443 fwd=21651 rows=11084853 fwd_ms=644726.1 eval=0 prior=0
[inst] req=16441344 hits=5350337 fwd=21662 rows=11090485 fwd_ms=645041.6 eval=0 prior=0
[inst] req=16449536 hits=5353115 fwd=21672 rows=11095605 fwd_ms=645328.5 eval=0 prior=0
[inst] req=16457728 hits=5355838 fwd=21683 rows=11101237 fwd_ms=645643.8 eval=0 prior=0
[inst] req=16465920 hits=5358698 fwd=21693 rows=11106357 fwd_ms=645930.6 eval=0 prior=0
[inst] req=16474112 hits=5361565 fwd=21704 rows=11111989 fwd_ms=646250.8 eval=0 prior=0
[inst] req=16482304 hits=5364313 fwd=21714 rows=11117109 fwd_ms=646537.5 eval=0 prior=0
[inst] req=16490496 hits=5367059 fwd=21725 rows=11122741 fwd_ms=646853.1 eval=0 prior=0
[inst] req=16498688 hits=5369839 fwd=21735 rows=11127861 fwd_ms=647139.8 eval=0 prior=0
[inst] req=16506880 hits=5372726 fwd=21746 rows=11133493 fwd_ms=647455.4 eval=0 prior=0
[inst] req=16515072 hits=5375534 fwd=21756 rows=11138613 fwd_ms=647742.2 eval=0 prior=0
[inst] req=16523264 hits=5378383 fwd=21767 rows=11144245 fwd_ms=648058.0 eval=0 prior=0
[inst] req=16531456 hits=5381256 fwd=21777 rows=11149365 fwd_ms=648344.8 eval=0 prior=0
[inst] req=16539648 hits=5384038 fwd=21788 rows=11154997 fwd_ms=648661.8 eval=0 prior=0
[inst] req=16547840 hits=5386911 fwd=21798 rows=11160117 fwd_ms=648950.0 eval=0 prior=0
[inst] req=16556032 hits=5389869 fwd=21808 rows=11165237 fwd_ms=649237.9 eval=0 prior=0
[inst] req=16564224 hits=5392664 fwd=21819 rows=11170869 fwd_ms=649553.4 eval=0 prior=0
[inst] req=16572416 hits=5395376 fwd=21830 rows=11176501 fwd_ms=649869.1 eval=0 prior=0
[inst] req=16580608 hits=5398142 fwd=21840 rows=11181621 fwd_ms=650156.0 eval=0 prior=0
[inst] req=16588800 hits=5400956 fwd=21851 rows=11187253 fwd_ms=650471.7 eval=0 prior=0
[inst] req=16596992 hits=5403713 fwd=21861 rows=11192373 fwd_ms=650758.5 eval=0 prior=0
[inst] req=16605184 hits=5406594 fwd=21872 rows=11198005 fwd_ms=651073.8 eval=0 prior=0
[inst] req=16613376 hits=5409374 fwd=21882 rows=11203125 fwd_ms=651360.6 eval=0 prior=0
[inst] req=16621568 hits=5412243 fwd=21893 rows=11208757 fwd_ms=651676.2 eval=0 prior=0
[inst] req=16629760 hits=5415138 fwd=21903 rows=11213877 fwd_ms=651963.0 eval=0 prior=0
[inst] req=16637952 hits=5417997 fwd=21913 rows=11218997 fwd_ms=652249.8 eval=0 prior=0
[inst] req=16646144 hits=5420945 fwd=21924 rows=11224629 fwd_ms=652565.6 eval=0 prior=0
[inst] req=16654336 hits=5423768 fwd=21934 rows=11229749 fwd_ms=652852.5 eval=0 prior=0
[inst] req=16662528 hits=5426527 fwd=21945 rows=11235381 fwd_ms=653168.0 eval=0 prior=0
[inst] req=16670720 hits=5429447 fwd=21955 rows=11240501 fwd_ms=653455.1 eval=0 prior=0
[inst] req=16678912 hits=5432396 fwd=21965 rows=11245621 fwd_ms=653742.1 eval=0 prior=0
[inst] req=16687104 hits=5435211 fwd=21976 rows=11251253 fwd_ms=654057.5 eval=0 prior=0
[inst] req=16695296 hits=5438194 fwd=21986 rows=11256373 fwd_ms=654344.2 eval=0 prior=0
[inst] req=16703488 hits=5441101 fwd=21996 rows=11261493 fwd_ms=654631.2 eval=0 prior=0
[inst] req=16711680 hits=5443926 fwd=22007 rows=11267125 fwd_ms=654946.8 eval=0 prior=0
[inst] req=16719872 hits=5446876 fwd=22017 rows=11272245 fwd_ms=655233.6 eval=0 prior=0
[inst] req=16728064 hits=5449576 fwd=22028 rows=11277877 fwd_ms=655549.0 eval=0 prior=0
[inst] req=16736256 hits=5452397 fwd=22038 rows=11282997 fwd_ms=655836.0 eval=0 prior=0
[inst] req=16744448 hits=5455284 fwd=22049 rows=11288629 fwd_ms=656151.6 eval=0 prior=0
[inst] req=16752640 hits=5458090 fwd=22059 rows=11293749 fwd_ms=656438.4 eval=0 prior=0
[inst] req=16760832 hits=5460931 fwd=22070 rows=11299381 fwd_ms=656754.0 eval=0 prior=0
[inst] req=16769024 hits=5463697 fwd=22080 rows=11304501 fwd_ms=657040.9 eval=0 prior=0
[inst] req=16777216 hits=5466472 fwd=22091 rows=11310133 fwd_ms=657356.3 eval=0 prior=0
[inst] req=16785408 hits=5469361 fwd=22101 rows=11315253 fwd_ms=657648.1 eval=0 prior=0
[inst] req=16793600 hits=5472273 fwd=22111 rows=11320373 fwd_ms=657934.7 eval=0 prior=0
[inst] req=16801792 hits=5475305 fwd=22121 rows=11325493 fwd_ms=658221.7 eval=0 prior=0
[inst] req=16809984 hits=5478292 fwd=22132 rows=11331125 fwd_ms=658537.3 eval=0 prior=0
[inst] req=16818176 hits=5481162 fwd=22142 rows=11336245 fwd_ms=658824.0 eval=0 prior=0
[inst] req=16826368 hits=5483928 fwd=22153 rows=11341877 fwd_ms=659144.4 eval=0 prior=0
[inst] req=16834560 hits=5486927 fwd=22163 rows=11346997 fwd_ms=659431.2 eval=0 prior=0
[inst] req=16842752 hits=5489703 fwd=22173 rows=11352117 fwd_ms=659718.0 eval=0 prior=0
[inst] req=16850944 hits=5492492 fwd=22184 rows=11357749 fwd_ms=660033.4 eval=0 prior=0
[inst] req=16859136 hits=5495234 fwd=22195 rows=11363381 fwd_ms=660348.8 eval=0 prior=0
[inst] req=16867328 hits=5497953 fwd=22205 rows=11368501 fwd_ms=660640.6 eval=0 prior=0
[inst] req=16875520 hits=5500759 fwd=22216 rows=11374133 fwd_ms=660956.2 eval=0 prior=0
[inst] req=16883712 hits=5503609 fwd=22226 rows=11379253 fwd_ms=661243.0 eval=0 prior=0
[inst] req=16891904 hits=5506507 fwd=22236 rows=11384373 fwd_ms=661529.6 eval=0 prior=0
[inst] req=16900096 hits=5509486 fwd=22247 rows=11390005 fwd_ms=661845.0 eval=0 prior=0
[inst] req=16908288 hits=5512422 fwd=22257 rows=11395125 fwd_ms=662136.8 eval=0 prior=0
[inst] req=16916480 hits=5515300 fwd=22267 rows=11400245 fwd_ms=662423.6 eval=0 prior=0
[inst] req=16924672 hits=5518027 fwd=22278 rows=11405877 fwd_ms=662744.1 eval=0 prior=0
[inst] req=16932864 hits=5520953 fwd=22288 rows=11410997 fwd_ms=663030.9 eval=0 prior=0
[inst] req=16941056 hits=5523788 fwd=22299 rows=11416629 fwd_ms=663351.5 eval=0 prior=0
[inst] req=16949248 hits=5526690 fwd=22309 rows=11421749 fwd_ms=663638.5 eval=0 prior=0
[inst] req=16957440 hits=5529715 fwd=22319 rows=11426869 fwd_ms=663925.3 eval=0 prior=0
[inst] req=16965632 hits=5532582 fwd=22330 rows=11432501 fwd_ms=664241.0 eval=0 prior=0
[inst] req=16973824 hits=5535403 fwd=22340 rows=11437621 fwd_ms=664528.0 eval=0 prior=0
[inst] req=16982016 hits=5538368 fwd=22350 rows=11442741 fwd_ms=664814.7 eval=0 prior=0
[inst] req=16990208 hits=5541347 fwd=22360 rows=11447861 fwd_ms=665101.4 eval=0 prior=0
[inst] req=16998400 hits=5544138 fwd=22371 rows=11453493 fwd_ms=665416.9 eval=0 prior=0
[inst] req=17006592 hits=5546986 fwd=22381 rows=11458613 fwd_ms=665703.8 eval=0 prior=0
[inst] req=17014784 hits=5549740 fwd=22392 rows=11464245 fwd_ms=666019.4 eval=0 prior=0
[inst] req=17022976 hits=5552571 fwd=22403 rows=11469877 fwd_ms=666334.9 eval=0 prior=0
[inst] req=17031168 hits=5555415 fwd=22413 rows=11474997 fwd_ms=666621.8 eval=0 prior=0
[inst] req=17039360 hits=5558246 fwd=22423 rows=11480117 fwd_ms=666908.6 eval=0 prior=0
[inst] req=17047552 hits=5561001 fwd=22434 rows=11485749 fwd_ms=667224.1 eval=0 prior=0
[inst] req=17055744 hits=5563790 fwd=22445 rows=11491381 fwd_ms=667539.4 eval=0 prior=0
[inst] req=17063936 hits=5566723 fwd=22455 rows=11496501 fwd_ms=667826.2 eval=0 prior=0
[inst] req=17072128 hits=5569564 fwd=22465 rows=11501621 fwd_ms=668112.7 eval=0 prior=0
[inst] req=17080320 hits=5572429 fwd=22476 rows=11507253 fwd_ms=668428.3 eval=0 prior=0
[inst] req=17088512 hits=5575338 fwd=22486 rows=11512373 fwd_ms=668715.1 eval=0 prior=0
[inst] req=17096704 hits=5578076 fwd=22497 rows=11518005 fwd_ms=669030.5 eval=0 prior=0
[inst] req=17104896 hits=5580851 fwd=22507 rows=11523125 fwd_ms=669317.3 eval=0 prior=0
[inst] req=17113088 hits=5583662 fwd=22518 rows=11528757 fwd_ms=669632.8 eval=0 prior=0
[inst] req=17121280 hits=5586415 fwd=22528 rows=11533877 fwd_ms=669919.6 eval=0 prior=0
[inst] req=17129472 hits=5589374 fwd=22539 rows=11539509 fwd_ms=670235.1 eval=0 prior=0
[inst] req=17137664 hits=5592305 fwd=22549 rows=11544629 fwd_ms=670522.2 eval=0 prior=0
[inst] req=17145856 hits=5595169 fwd=22559 rows=11549749 fwd_ms=670809.3 eval=0 prior=0
[inst] req=17154048 hits=5598016 fwd=22570 rows=11555381 fwd_ms=671124.7 eval=0 prior=0
[inst] req=17162240 hits=5601191 fwd=22580 rows=11560501 fwd_ms=671411.5 eval=0 prior=0
[inst] req=17170432 hits=5604289 fwd=22590 rows=11565621 fwd_ms=671698.3 eval=0 prior=0
[inst] req=17178624 hits=5607127 fwd=22600 rows=11570741 fwd_ms=671984.9 eval=0 prior=0
[inst] req=17186816 hits=5609927 fwd=22611 rows=11576373 fwd_ms=672300.3 eval=0 prior=0
[inst] req=17195008 hits=5612716 fwd=22621 rows=11581493 fwd_ms=672587.0 eval=0 prior=0
[inst] req=17203200 hits=5615423 fwd=22632 rows=11587125 fwd_ms=672902.4 eval=0 prior=0
[inst] req=17211392 hits=5618328 fwd=22642 rows=11592245 fwd_ms=673189.4 eval=0 prior=0
[inst] req=17219584 hits=5621098 fwd=22653 rows=11597877 fwd_ms=673504.9 eval=0 prior=0
[inst] req=17227776 hits=5623792 fwd=22663 rows=11602997 fwd_ms=673791.6 eval=0 prior=0
[inst] req=17235968 hits=5626459 fwd=22674 rows=11608629 fwd_ms=674107.2 eval=0 prior=0
[inst] req=17244160 hits=5629201 fwd=22685 rows=11614261 fwd_ms=674423.0 eval=0 prior=0
[inst] req=17252352 hits=5631993 fwd=22695 rows=11619381 fwd_ms=674709.9 eval=0 prior=0
[inst] req=17260544 hits=5634737 fwd=22706 rows=11625013 fwd_ms=675025.7 eval=0 prior=0
[inst] req=17268736 hits=5637617 fwd=22716 rows=11630133 fwd_ms=675312.5 eval=0 prior=0
[inst] req=17276928 hits=5640512 fwd=22727 rows=11635765 fwd_ms=675628.2 eval=0 prior=0
[inst] req=17285120 hits=5643471 fwd=22737 rows=11640885 fwd_ms=675915.2 eval=0 prior=0
[inst] req=17293312 hits=5646366 fwd=22747 rows=11646005 fwd_ms=676202.1 eval=0 prior=0
[inst] req=17301504 hits=5649107 fwd=22758 rows=11651637 fwd_ms=676517.6 eval=0 prior=0
[inst] req=17309696 hits=5651956 fwd=22768 rows=11656757 fwd_ms=676804.6 eval=0 prior=0
[inst] req=17317888 hits=5654744 fwd=22779 rows=11662389 fwd_ms=677120.2 eval=0 prior=0
[inst] req=17326080 hits=5657543 fwd=22790 rows=11668021 fwd_ms=677435.6 eval=0 prior=0
[inst] req=17334272 hits=5660573 fwd=22800 rows=11673141 fwd_ms=677722.4 eval=0 prior=0
[inst] req=17342464 hits=5663320 fwd=22810 rows=11678261 fwd_ms=678009.2 eval=0 prior=0
[inst] req=17350656 hits=5666308 fwd=22820 rows=11683381 fwd_ms=678296.1 eval=0 prior=0
[inst] req=17358848 hits=5669142 fwd=22831 rows=11689013 fwd_ms=678611.7 eval=0 prior=0
[inst] req=17367040 hits=5671942 fwd=22841 rows=11694133 fwd_ms=678898.7 eval=0 prior=0
[inst] req=17375232 hits=5674655 fwd=22852 rows=11699765 fwd_ms=679214.4 eval=0 prior=0
[inst] req=17383424 hits=5677377 fwd=22863 rows=11705397 fwd_ms=679529.9 eval=0 prior=0
[inst] req=17391616 hits=5680108 fwd=22873 rows=11710517 fwd_ms=679816.8 eval=0 prior=0
[inst] req=17399808 hits=5682927 fwd=22884 rows=11716149 fwd_ms=680132.8 eval=0 prior=0
[inst] req=17408000 hits=5685743 fwd=22894 rows=11721269 fwd_ms=680420.0 eval=0 prior=0
[inst] req=17416192 hits=5688619 fwd=22905 rows=11726901 fwd_ms=680735.8 eval=0 prior=0
[inst] req=17424384 hits=5691517 fwd=22915 rows=11732021 fwd_ms=681023.1 eval=0 prior=0
[inst] req=17432576 hits=5694440 fwd=22925 rows=11737141 fwd_ms=681310.3 eval=0 prior=0
[inst] req=17440768 hits=5697376 fwd=22936 rows=11742773 fwd_ms=681626.5 eval=0 prior=0
[inst] req=17448960 hits=5700404 fwd=22946 rows=11747893 fwd_ms=681913.9 eval=0 prior=0
[inst] req=17457152 hits=5703205 fwd=22956 rows=11753013 fwd_ms=682201.3 eval=0 prior=0
[inst] req=17465344 hits=5706160 fwd=22967 rows=11758645 fwd_ms=682517.4 eval=0 prior=0
[inst] req=17473536 hits=5708914 fwd=22977 rows=11763765 fwd_ms=682804.7 eval=0 prior=0
[inst] req=17481728 hits=5711919 fwd=22987 rows=11768885 fwd_ms=683091.9 eval=0 prior=0
[inst] req=17489920 hits=5714882 fwd=22998 rows=11774517 fwd_ms=683407.6 eval=0 prior=0
[inst] req=17498112 hits=5717662 fwd=23008 rows=11779637 fwd_ms=683694.7 eval=0 prior=0
[inst] req=17506304 hits=5720360 fwd=23019 rows=11785269 fwd_ms=684010.5 eval=0 prior=0
[inst] req=17514496 hits=5723234 fwd=23029 rows=11790389 fwd_ms=684348.9 eval=0 prior=0
[inst] req=17522688 hits=5726145 fwd=23040 rows=11796021 fwd_ms=685126.0 eval=0 prior=0
[inst] req=17530880 hits=5728965 fwd=23050 rows=11801141 fwd_ms=685924.6 eval=0 prior=0
[inst] req=17539072 hits=5731827 fwd=23060 rows=11806261 fwd_ms=686724.0 eval=0 prior=0
[inst] req=17547264 hits=5734645 fwd=23071 rows=11811893 fwd_ms=687553.2 eval=0 prior=0
[inst] req=17555456 hits=5737519 fwd=23081 rows=11817013 fwd_ms=688310.3 eval=0 prior=0
[inst] req=17563648 hits=5740026 fwd=23092 rows=11822645 fwd_ms=689171.9 eval=0 prior=0
[inst] req=17571840 hits=5742346 fwd=23104 rows=11828789 fwd_ms=690074.8 eval=0 prior=0
[inst] req=17580032 hits=5744958 fwd=23115 rows=11834421 fwd_ms=690899.1 eval=0 prior=0
[inst] req=17588224 hits=5747781 fwd=23125 rows=11839541 fwd_ms=691648.5 eval=0 prior=0
[inst] req=17596416 hits=5750996 fwd=23135 rows=11844661 fwd_ms=692439.9 eval=0 prior=0
[inst] req=17604608 hits=5754445 fwd=23144 rows=11849269 fwd_ms=693211.2 eval=0 prior=0
[inst] req=17612800 hits=5757798 fwd=23154 rows=11854389 fwd_ms=694000.3 eval=0 prior=0
[inst] req=17620992 hits=5760530 fwd=23164 rows=11859509 fwd_ms=694801.8 eval=0 prior=0
[inst] req=17629184 hits=5763426 fwd=23175 rows=11865141 fwd_ms=695633.8 eval=0 prior=0
[inst] req=17637376 hits=5766550 fwd=23185 rows=11870261 fwd_ms=696433.3 eval=0 prior=0
[inst] req=17645568 hits=5769820 fwd=23194 rows=11874869 fwd_ms=697078.0 eval=0 prior=0
[inst] req=17653760 hits=5773443 fwd=23203 rows=11879477 fwd_ms=697787.8 eval=0 prior=0
[inst] req=17661952 hits=5777985 fwd=23210 rows=11883061 fwd_ms=698322.8 eval=0 prior=0
[inst] req=17670144 hits=5782834 fwd=23217 rows=11886645 fwd_ms=698861.6 eval=0 prior=0
[inst] req=17678336 hits=5786926 fwd=23225 rows=11890741 fwd_ms=699430.8 eval=0 prior=0
[inst] req=17686528 hits=5790631 fwd=23234 rows=11895349 fwd_ms=700195.3 eval=0 prior=0
[inst] req=17694720 hits=5794104 fwd=23243 rows=11899957 fwd_ms=700953.9 eval=0 prior=0
[inst] req=17702912 hits=5797688 fwd=23252 rows=11904565 fwd_ms=701548.1 eval=0 prior=0
[inst] req=17711104 hits=5801255 fwd=23261 rows=11909173 fwd_ms=701809.9 eval=0 prior=0
[inst] req=17719296 hits=5804812 fwd=23270 rows=11913781 fwd_ms=702072.3 eval=0 prior=0
[inst] req=17727488 hits=5808333 fwd=23279 rows=11918389 fwd_ms=702347.9 eval=0 prior=0
[inst] req=17735680 hits=5809232 fwd=23293 rows=11925557 fwd_ms=702753.1 eval=0 prior=0
[inst] req=17743872 hits=5810259 fwd=23307 rows=11932725 fwd_ms=703155.3 eval=0 prior=0
[inst] req=17752064 hits=5811450 fwd=23321 rows=11939893 fwd_ms=703557.4 eval=0 prior=0
[inst] req=17760256 hits=5812802 fwd=23334 rows=11946549 fwd_ms=703930.8 eval=0 prior=0
[inst] req=17768448 hits=5814433 fwd=23347 rows=11953205 fwd_ms=704304.2 eval=0 prior=0
[inst] req=17776640 hits=5816396 fwd=23359 rows=11959349 fwd_ms=704648.9 eval=0 prior=0
[inst] req=17784832 hits=5818673 fwd=23371 rows=11965493 fwd_ms=704993.7 eval=0 prior=0
[inst] req=17793024 hits=5821325 fwd=23382 rows=11971125 fwd_ms=705309.6 eval=0 prior=0
[inst] req=17801216 hits=5824379 fwd=23392 rows=11976245 fwd_ms=705596.8 eval=0 prior=0
[inst] req=17809408 hits=5828376 fwd=23400 rows=11980341 fwd_ms=705826.7 eval=0 prior=0
[inst] req=17817600 hits=5833778 fwd=23405 rows=11982901 fwd_ms=705970.4 eval=0 prior=0
[inst] req=17825792 hits=5838670 fwd=23412 rows=11986485 fwd_ms=706171.6 eval=0 prior=0
[inst] req=17833984 hits=5843200 fwd=23419 rows=11990069 fwd_ms=706372.8 eval=0 prior=0
[inst] req=17842176 hits=5847126 fwd=23427 rows=11994165 fwd_ms=706602.9 eval=0 prior=0
[inst] req=17850368 hits=5850651 fwd=23436 rows=11998773 fwd_ms=706861.5 eval=0 prior=0
[inst] req=17858560 hits=5853861 fwd=23446 rows=12003893 fwd_ms=707148.9 eval=0 prior=0
[inst] req=17866752 hits=5856805 fwd=23456 rows=12009013 fwd_ms=707436.3 eval=0 prior=0
[inst] req=17874944 hits=5859836 fwd=23466 rows=12014133 fwd_ms=707723.6 eval=0 prior=0
[inst] req=17883136 hits=5862623 fwd=23477 rows=12019765 fwd_ms=708039.8 eval=0 prior=0
[inst] req=17891328 hits=5865176 fwd=23488 rows=12025397 fwd_ms=708355.9 eval=0 prior=0
[inst] req=17899520 hits=5867834 fwd=23499 rows=12031029 fwd_ms=708671.9 eval=0 prior=0
[inst] req=17907712 hits=5870527 fwd=23510 rows=12036661 fwd_ms=708987.9 eval=0 prior=0
[inst] req=17915904 hits=5872838 fwd=23521 rows=12042293 fwd_ms=709304.0 eval=0 prior=0
[inst] req=17924096 hits=5875810 fwd=23531 rows=12047413 fwd_ms=709591.4 eval=0 prior=0
[inst] req=17932288 hits=5879046 fwd=23541 rows=12052533 fwd_ms=709878.7 eval=0 prior=0
[inst] req=17940480 hits=5882365 fwd=23550 rows=12057141 fwd_ms=710137.1 eval=0 prior=0
[inst] req=17948672 hits=5886030 fwd=23559 rows=12061749 fwd_ms=710395.4 eval=0 prior=0
[inst] req=17956864 hits=5890069 fwd=23567 rows=12065845 fwd_ms=710625.2 eval=0 prior=0
[inst] req=17965056 hits=5893925 fwd=23576 rows=12070453 fwd_ms=710883.7 eval=0 prior=0
[inst] req=17973248 hits=5897667 fwd=23585 rows=12075061 fwd_ms=711142.2 eval=0 prior=0
[inst] req=17981440 hits=5901772 fwd=23592 rows=12078645 fwd_ms=711343.5 eval=0 prior=0
[inst] req=17989632 hits=5905705 fwd=23601 rows=12083253 fwd_ms=711602.2 eval=0 prior=0
[inst] req=17997824 hits=5909630 fwd=23609 rows=12087349 fwd_ms=711832.0 eval=0 prior=0
[inst] req=18006016 hits=5913731 fwd=23617 rows=12091445 fwd_ms=712061.7 eval=0 prior=0
[inst] req=18014208 hits=5917559 fwd=23626 rows=12096053 fwd_ms=712320.0 eval=0 prior=0
[inst] req=18022400 hits=5921117 fwd=23635 rows=12100661 fwd_ms=712578.3 eval=0 prior=0
[inst] req=18030592 hits=5924384 fwd=23644 rows=12105269 fwd_ms=712836.6 eval=0 prior=0
[inst] req=18038784 hits=5927667 fwd=23654 rows=12110389 fwd_ms=713123.5 eval=0 prior=0
[inst] req=18046976 hits=5930797 fwd=23664 rows=12115509 fwd_ms=713410.3 eval=0 prior=0
[inst] req=18055168 hits=5933720 fwd=23674 rows=12120629 fwd_ms=713697.4 eval=0 prior=0
[inst] req=18063360 hits=5936680 fwd=23684 rows=12125749 fwd_ms=713984.0 eval=0 prior=0
[inst] req=18071552 hits=5939531 fwd=23695 rows=12131381 fwd_ms=714299.5 eval=0 prior=0
[inst] req=18079744 hits=5942463 fwd=23705 rows=12136501 fwd_ms=714586.4 eval=0 prior=0
[inst] req=18087936 hits=5945354 fwd=23715 rows=12141621 fwd_ms=714873.3 eval=0 prior=0
[inst] req=18096128 hits=5948539 fwd=23725 rows=12146741 fwd_ms=715160.2 eval=0 prior=0
[inst] req=18104320 hits=5951876 fwd=23735 rows=12151861 fwd_ms=715447.4 eval=0 prior=0
[inst] req=18112512 hits=5955218 fwd=23744 rows=12156469 fwd_ms=715705.3 eval=0 prior=0
[inst] req=18120704 hits=5958710 fwd=23753 rows=12161077 fwd_ms=715963.5 eval=0 prior=0
[inst] req=18128896 hits=5962279 fwd=23762 rows=12165685 fwd_ms=716221.6 eval=0 prior=0
[inst] req=18137088 hits=5965971 fwd=23771 rows=12170293 fwd_ms=716480.0 eval=0 prior=0
[inst] req=18145280 hits=5969525 fwd=23780 rows=12174901 fwd_ms=716738.1 eval=0 prior=0
[inst] req=18153472 hits=5973185 fwd=23789 rows=12179509 fwd_ms=716996.0 eval=0 prior=0
[inst] req=18161664 hits=5976812 fwd=23798 rows=12184117 fwd_ms=717254.2 eval=0 prior=0
[inst] req=18169856 hits=5980787 fwd=23806 rows=12188213 fwd_ms=717483.8 eval=0 prior=0
[inst] req=18178048 hits=5984558 fwd=23815 rows=12192821 fwd_ms=717742.0 eval=0 prior=0
[inst] req=18186240 hits=5988241 fwd=23824 rows=12197429 fwd_ms=718000.4 eval=0 prior=0
[inst] req=18194432 hits=5991780 fwd=23833 rows=12202037 fwd_ms=718258.7 eval=0 prior=0
[inst] req=18202624 hits=5995318 fwd=23842 rows=12206645 fwd_ms=718516.9 eval=0 prior=0
[inst] req=18210816 hits=5998555 fwd=23851 rows=12211253 fwd_ms=718775.1 eval=0 prior=0
[inst] req=18219008 hits=6001728 fwd=23861 rows=12216373 fwd_ms=719062.0 eval=0 prior=0
[inst] req=18227200 hits=6004861 fwd=23871 rows=12221493 fwd_ms=719349.2 eval=0 prior=0
[inst] req=18235392 hits=6008105 fwd=23881 rows=12226613 fwd_ms=719636.2 eval=0 prior=0
[inst] req=18243584 hits=6011196 fwd=23891 rows=12231733 fwd_ms=719923.3 eval=0 prior=0
[inst] req=18251776 hits=6014249 fwd=23901 rows=12236853 fwd_ms=720210.2 eval=0 prior=0
[inst] req=18259968 hits=6017369 fwd=23911 rows=12241973 fwd_ms=720497.2 eval=0 prior=0
[inst] req=18268160 hits=6020549 fwd=23921 rows=12247093 fwd_ms=720784.2 eval=0 prior=0
[inst] req=18276352 hits=6023652 fwd=23930 rows=12251701 fwd_ms=721042.5 eval=0 prior=0
[inst] req=18284544 hits=6026819 fwd=23940 rows=12256821 fwd_ms=721329.6 eval=0 prior=0
[inst] req=18292736 hits=6030313 fwd=23949 rows=12261429 fwd_ms=721587.8 eval=0 prior=0
[inst] req=18300928 hits=6033744 fwd=23959 rows=12266549 fwd_ms=721875.0 eval=0 prior=0
[inst] req=18309120 hits=6037229 fwd=23968 rows=12271157 fwd_ms=722133.2 eval=0 prior=0
[inst] req=18317312 hits=6040803 fwd=23977 rows=12275765 fwd_ms=722391.8 eval=0 prior=0
[inst] req=18325504 hits=6044612 fwd=23986 rows=12280373 fwd_ms=722650.1 eval=0 prior=0
[inst] req=18333696 hits=6048376 fwd=23994 rows=12284469 fwd_ms=722879.5 eval=0 prior=0
[inst] req=18341888 hits=6052113 fwd=24003 rows=12289077 fwd_ms=723137.9 eval=0 prior=0
[inst] req=18350080 hits=6055850 fwd=24012 rows=12293685 fwd_ms=723396.2 eval=0 prior=0
[inst] req=18358272 hits=6059458 fwd=24021 rows=12298293 fwd_ms=723654.4 eval=0 prior=0
[inst] req=18366464 hits=6063079 fwd=24029 rows=12302389 fwd_ms=723884.1 eval=0 prior=0
[inst] req=18374656 hits=6066457 fwd=24039 rows=12307509 fwd_ms=724171.1 eval=0 prior=0
[inst] req=18382848 hits=6069804 fwd=24048 rows=12312117 fwd_ms=724430.2 eval=0 prior=0
[inst] req=18391040 hits=6073214 fwd=24058 rows=12317237 fwd_ms=724717.3 eval=0 prior=0
[inst] req=18399232 hits=6076567 fwd=24067 rows=12321845 fwd_ms=724975.7 eval=0 prior=0
[inst] req=18407424 hits=6080018 fwd=24076 rows=12326453 fwd_ms=725234.1 eval=0 prior=0
[inst] req=18415616 hits=6083144 fwd=24086 rows=12331573 fwd_ms=725521.1 eval=0 prior=0
[inst] req=18423808 hits=6086085 fwd=24097 rows=12337205 fwd_ms=725837.2 eval=0 prior=0
[inst] req=18432000 hits=6089200 fwd=24106 rows=12341813 fwd_ms=726095.5 eval=0 prior=0
[inst] req=18440192 hits=6092169 fwd=24117 rows=12347445 fwd_ms=726411.3 eval=0 prior=0
[inst] req=18448384 hits=6095176 fwd=24127 rows=12352565 fwd_ms=726698.3 eval=0 prior=0
[inst] req=18456576 hits=6098506 fwd=24136 rows=12357173 fwd_ms=726956.8 eval=0 prior=0
[inst] req=18464768 hits=6101999 fwd=24145 rows=12361781 fwd_ms=727215.2 eval=0 prior=0
[inst] req=18472960 hits=6105413 fwd=24155 rows=12366901 fwd_ms=727502.3 eval=0 prior=0
[inst] req=18481152 hits=6108868 fwd=24164 rows=12371509 fwd_ms=727760.6 eval=0 prior=0
[inst] req=18489344 hits=6112328 fwd=24173 rows=12376117 fwd_ms=728019.0 eval=0 prior=0
[inst] req=18497536 hits=6115778 fwd=24183 rows=12381237 fwd_ms=728306.3 eval=0 prior=0
[inst] req=18505728 hits=6119403 fwd=24191 rows=12385333 fwd_ms=728535.7 eval=0 prior=0
[inst] req=18513920 hits=6122985 fwd=24200 rows=12389941 fwd_ms=728793.7 eval=0 prior=0
[inst] req=18522112 hits=6126625 fwd=24209 rows=12394549 fwd_ms=729051.9 eval=0 prior=0
[inst] req=18530304 hits=6130092 fwd=24219 rows=12399669 fwd_ms=729338.9 eval=0 prior=0
[inst] req=18538496 hits=6133463 fwd=24228 rows=12404277 fwd_ms=729597.0 eval=0 prior=0
[inst] req=18546688 hits=6136753 fwd=24238 rows=12409397 fwd_ms=729884.1 eval=0 prior=0
[inst] req=18554880 hits=6140162 fwd=24247 rows=12414005 fwd_ms=730142.4 eval=0 prior=0
[inst] req=18563072 hits=6143451 fwd=24256 rows=12418613 fwd_ms=730400.8 eval=0 prior=0
[inst] req=18571264 hits=6146717 fwd=24266 rows=12423733 fwd_ms=730687.7 eval=0 prior=0
[inst] req=18579456 hits=6149887 fwd=24276 rows=12428853 fwd_ms=730974.8 eval=0 prior=0
[inst] req=18587648 hits=6153003 fwd=24286 rows=12433973 fwd_ms=731261.7 eval=0 prior=0
[inst] req=18595840 hits=6156123 fwd=24296 rows=12439093 fwd_ms=731548.8 eval=0 prior=0
[inst] req=18604032 hits=6159390 fwd=24305 rows=12443701 fwd_ms=731807.2 eval=0 prior=0
[inst] req=18612224 hits=6162568 fwd=24315 rows=12448821 fwd_ms=732094.2 eval=0 prior=0
[inst] req=18620416 hits=6165962 fwd=24325 rows=12453941 fwd_ms=732381.1 eval=0 prior=0
[inst] req=18628608 hits=6169204 fwd=24334 rows=12458549 fwd_ms=732639.3 eval=0 prior=0
[inst] req=18636800 hits=6172528 fwd=24344 rows=12463669 fwd_ms=732926.4 eval=0 prior=0
[inst] req=18644992 hits=6175766 fwd=24353 rows=12468277 fwd_ms=733184.8 eval=0 prior=0
[inst] req=18653184 hits=6179295 fwd=24362 rows=12472885 fwd_ms=733443.1 eval=0 prior=0
[inst] req=18661376 hits=6182893 fwd=24371 rows=12477493 fwd_ms=733701.5 eval=0 prior=0
[inst] req=18669568 hits=6186317 fwd=24381 rows=12482613 fwd_ms=733988.3 eval=0 prior=0
[inst] req=18677760 hits=6190080 fwd=24389 rows=12486709 fwd_ms=734217.9 eval=0 prior=0
[inst] req=18685952 hits=6193662 fwd=24398 rows=12491317 fwd_ms=734476.3 eval=0 prior=0
[inst] req=18694144 hits=6197296 fwd=24407 rows=12495925 fwd_ms=734734.6 eval=0 prior=0
[inst] req=18702336 hits=6200737 fwd=24417 rows=12501045 fwd_ms=735021.7 eval=0 prior=0
[inst] req=18710528 hits=6204184 fwd=24426 rows=12505653 fwd_ms=735280.1 eval=0 prior=0
[inst] req=18718720 hits=6207538 fwd=24435 rows=12510261 fwd_ms=735538.5 eval=0 prior=0
[inst] req=18726912 hits=6210881 fwd=24445 rows=12515381 fwd_ms=735825.4 eval=0 prior=0
[inst] req=18735104 hits=6214023 fwd=24455 rows=12520501 fwd_ms=736112.5 eval=0 prior=0
[inst] req=18743296 hits=6217328 fwd=24464 rows=12525109 fwd_ms=736370.9 eval=0 prior=0
[inst] req=18751488 hits=6220636 fwd=24474 rows=12530229 fwd_ms=736657.9 eval=0 prior=0
[inst] req=18759680 hits=6223982 fwd=24483 rows=12534837 fwd_ms=736916.4 eval=0 prior=0
[inst] req=18767872 hits=6227228 fwd=24493 rows=12539957 fwd_ms=737203.8 eval=0 prior=0
[inst] req=18776064 hits=6230602 fwd=24502 rows=12544565 fwd_ms=737462.2 eval=0 prior=0
[inst] req=18784256 hits=6233924 fwd=24512 rows=12549685 fwd_ms=737749.6 eval=0 prior=0
[inst] req=18792448 hits=6237425 fwd=24521 rows=12554293 fwd_ms=738008.4 eval=0 prior=0
[inst] req=18800640 hits=6240844 fwd=24530 rows=12558901 fwd_ms=738267.3 eval=0 prior=0
[inst] req=18808832 hits=6244372 fwd=24539 rows=12563509 fwd_ms=738525.9 eval=0 prior=0
[inst] req=18817024 hits=6247667 fwd=24549 rows=12568629 fwd_ms=738813.3 eval=0 prior=0
[inst] req=18825216 hits=6251276 fwd=24558 rows=12573237 fwd_ms=739072.2 eval=0 prior=0
[inst] req=18833408 hits=6254908 fwd=24567 rows=12577845 fwd_ms=739331.0 eval=0 prior=0
[inst] req=18841600 hits=6258362 fwd=24576 rows=12582453 fwd_ms=739589.8 eval=0 prior=0
[inst] req=18849792 hits=6261920 fwd=24585 rows=12587061 fwd_ms=739848.6 eval=0 prior=0
[inst] req=18857984 hits=6265448 fwd=24594 rows=12591669 fwd_ms=740107.2 eval=0 prior=0
[inst] req=18866176 hits=6268862 fwd=24604 rows=12596789 fwd_ms=740394.5 eval=0 prior=0
[inst] req=18874368 hits=6272398 fwd=24613 rows=12601397 fwd_ms=740653.1 eval=0 prior=0
[inst] req=18882560 hits=6275715 fwd=24622 rows=12606005 fwd_ms=740911.8 eval=0 prior=0
[inst] req=18890752 hits=6279167 fwd=24631 rows=12610613 fwd_ms=741170.1 eval=0 prior=0
[inst] req=18898944 hits=6282476 fwd=24641 rows=12615733 fwd_ms=741457.2 eval=0 prior=0
[inst] req=18907136 hits=6285864 fwd=24650 rows=12620341 fwd_ms=741715.6 eval=0 prior=0
[inst] req=18915328 hits=6289104 fwd=24660 rows=12625461 fwd_ms=742002.8 eval=0 prior=0
[inst] req=18923520 hits=6292237 fwd=24670 rows=12630581 fwd_ms=742289.9 eval=0 prior=0
[inst] req=18931712 hits=6295714 fwd=24679 rows=12635189 fwd_ms=742548.5 eval=0 prior=0
[inst] req=18939904 hits=6299191 fwd=24688 rows=12639797 fwd_ms=742807.1 eval=0 prior=0
[inst] req=18948096 hits=6302435 fwd=24698 rows=12644917 fwd_ms=743094.1 eval=0 prior=0
[inst] req=18956288 hits=6305861 fwd=24707 rows=12649525 fwd_ms=743352.9 eval=0 prior=0
[inst] req=18964480 hits=6309128 fwd=24717 rows=12654645 fwd_ms=743640.2 eval=0 prior=0
[inst] req=18972672 hits=6312392 fwd=24727 rows=12659765 fwd_ms=743927.6 eval=0 prior=0
[inst] req=18980864 hits=6315866 fwd=24736 rows=12664373 fwd_ms=744186.0 eval=0 prior=0
[inst] req=18989056 hits=6319450 fwd=24745 rows=12668981 fwd_ms=744444.4 eval=0 prior=0
[inst] req=18997248 hits=6322801 fwd=24754 rows=12673589 fwd_ms=744703.1 eval=0 prior=0
[inst] req=19005440 hits=6326222 fwd=24763 rows=12678197 fwd_ms=744961.5 eval=0 prior=0
[inst] req=19013632 hits=6329654 fwd=24773 rows=12683317 fwd_ms=745248.8 eval=0 prior=0
[inst] req=19021824 hits=6332888 fwd=24782 rows=12687925 fwd_ms=745507.2 eval=0 prior=0
[inst] req=19030016 hits=6336363 fwd=24792 rows=12693045 fwd_ms=745794.4 eval=0 prior=0
[inst] req=19038208 hits=6339649 fwd=24801 rows=12697653 fwd_ms=746052.8 eval=0 prior=0
[inst] req=19046400 hits=6343012 fwd=24811 rows=12702773 fwd_ms=746339.6 eval=0 prior=0
[inst] req=19054592 hits=6346309 fwd=24820 rows=12707381 fwd_ms=746597.9 eval=0 prior=0
[inst] req=19062784 hits=6349623 fwd=24830 rows=12712501 fwd_ms=746885.0 eval=0 prior=0
[inst] req=19070976 hits=6353086 fwd=24839 rows=12717109 fwd_ms=747143.3 eval=0 prior=0
[inst] req=19079168 hits=6356427 fwd=24848 rows=12721717 fwd_ms=747401.6 eval=0 prior=0
[inst] req=19087360 hits=6359966 fwd=24858 rows=12726837 fwd_ms=747688.8 eval=0 prior=0
[inst] req=19095552 hits=6363351 fwd=24867 rows=12731445 fwd_ms=747947.2 eval=0 prior=0
[inst] req=19103744 hits=6366964 fwd=24876 rows=12736053 fwd_ms=748205.8 eval=0 prior=0
[inst] req=19111936 hits=6370421 fwd=24885 rows=12740661 fwd_ms=748464.2 eval=0 prior=0
[inst] req=19120128 hits=6373716 fwd=24895 rows=12745781 fwd_ms=748751.2 eval=0 prior=0
[inst] req=19128320 hits=6376989 fwd=24904 rows=12750389 fwd_ms=749009.4 eval=0 prior=0
[inst] req=19136512 hits=6380480 fwd=24914 rows=12755509 fwd_ms=749296.5 eval=0 prior=0
[inst] req=19144704 hits=6383751 fwd=24923 rows=12760117 fwd_ms=749554.9 eval=0 prior=0
[inst] req=19152896 hits=6387097 fwd=24933 rows=12765237 fwd_ms=749842.0 eval=0 prior=0
[inst] req=19161088 hits=6390534 fwd=24942 rows=12769845 fwd_ms=750100.3 eval=0 prior=0
[inst] req=19169280 hits=6393878 fwd=24951 rows=12774453 fwd_ms=750358.8 eval=0 prior=0
[inst] req=19177472 hits=6397341 fwd=24961 rows=12779573 fwd_ms=750646.0 eval=0 prior=0
[inst] req=19185664 hits=6400873 fwd=24970 rows=12784181 fwd_ms=750904.3 eval=0 prior=0
[inst] req=19193856 hits=6404361 fwd=24979 rows=12788789 fwd_ms=751162.7 eval=0 prior=0
[inst] req=19202048 hits=6407590 fwd=24989 rows=12793909 fwd_ms=751449.7 eval=0 prior=0
[inst] req=19210240 hits=6411108 fwd=24998 rows=12798517 fwd_ms=751708.1 eval=0 prior=0
[inst] req=19218432 hits=6414423 fwd=25007 rows=12803125 fwd_ms=751966.5 eval=0 prior=0
[inst] req=19226624 hits=6418070 fwd=25016 rows=12807733 fwd_ms=752224.9 eval=0 prior=0
[inst] req=19234816 hits=6421573 fwd=25025 rows=12812341 fwd_ms=752483.5 eval=0 prior=0
[inst] req=19243008 hits=6425035 fwd=25034 rows=12816949 fwd_ms=752741.8 eval=0 prior=0
[inst] req=19251200 hits=6428325 fwd=25044 rows=12822069 fwd_ms=753039.2 eval=0 prior=0
[inst] req=19259392 hits=6431568 fwd=25054 rows=12827189 fwd_ms=753326.2 eval=0 prior=0
[inst] req=19267584 hits=6434847 fwd=25063 rows=12831797 fwd_ms=753584.6 eval=0 prior=0
[inst] req=19275776 hits=6438175 fwd=25073 rows=12836917 fwd_ms=753871.4 eval=0 prior=0
[inst] req=19283968 hits=6441442 fwd=25082 rows=12841525 fwd_ms=754129.7 eval=0 prior=0
[inst] req=19292160 hits=6444799 fwd=25092 rows=12846645 fwd_ms=754416.8 eval=0 prior=0
[inst] req=19300352 hits=6448218 fwd=25101 rows=12851253 fwd_ms=754675.2 eval=0 prior=0
[inst] req=19308544 hits=6451528 fwd=25111 rows=12856373 fwd_ms=754962.4 eval=0 prior=0
[inst] req=19316736 hits=6455002 fwd=25120 rows=12860981 fwd_ms=755220.8 eval=0 prior=0
[inst] req=19324928 hits=6458593 fwd=25129 rows=12865589 fwd_ms=755479.5 eval=0 prior=0
[inst] req=19333120 hits=6461965 fwd=25138 rows=12870197 fwd_ms=755737.9 eval=0 prior=0
[inst] req=19341312 hits=6465452 fwd=25148 rows=12875317 fwd_ms=756025.1 eval=0 prior=0
[inst] req=19349504 hits=6468695 fwd=25157 rows=12879925 fwd_ms=756283.4 eval=0 prior=0
[inst] req=19357696 hits=6472312 fwd=25166 rows=12884533 fwd_ms=756541.8 eval=0 prior=0
[inst] req=19365888 hits=6475810 fwd=25175 rows=12889141 fwd_ms=756800.1 eval=0 prior=0
[inst] req=19374080 hits=6479436 fwd=25184 rows=12893749 fwd_ms=757058.5 eval=0 prior=0
[inst] req=19382272 hits=6482863 fwd=25194 rows=12898869 fwd_ms=757345.6 eval=0 prior=0
[inst] req=19390464 hits=6486146 fwd=25203 rows=12903477 fwd_ms=757604.0 eval=0 prior=0
[inst] req=19398656 hits=6489413 fwd=25213 rows=12908597 fwd_ms=757891.0 eval=0 prior=0
[inst] req=19406848 hits=6492803 fwd=25222 rows=12913205 fwd_ms=758149.4 eval=0 prior=0
[inst] req=19415040 hits=6496313 fwd=25231 rows=12917813 fwd_ms=758407.9 eval=0 prior=0
[inst] req=19423232 hits=6499877 fwd=25240 rows=12922421 fwd_ms=758666.3 eval=0 prior=0
[inst] req=19431424 hits=6503278 fwd=25250 rows=12927541 fwd_ms=758953.6 eval=0 prior=0
[inst] req=19439616 hits=6506530 fwd=25259 rows=12932149 fwd_ms=759212.0 eval=0 prior=0
[inst] req=19447808 hits=6509918 fwd=25269 rows=12937269 fwd_ms=759499.4 eval=0 prior=0
[inst] req=19456000 hits=6513371 fwd=25278 rows=12941877 fwd_ms=759758.0 eval=0 prior=0
[inst] req=19464192 hits=6516789 fwd=25287 rows=12946485 fwd_ms=760016.3 eval=0 prior=0
[inst] req=19472384 hits=6520088 fwd=25297 rows=12951605 fwd_ms=760303.5 eval=0 prior=0
[inst] req=19480576 hits=6523611 fwd=25306 rows=12956213 fwd_ms=760562.0 eval=0 prior=0
[inst] req=19488768 hits=6527236 fwd=25315 rows=12960821 fwd_ms=760820.4 eval=0 prior=0
[inst] req=19496960 hits=6530383 fwd=25325 rows=12965941 fwd_ms=761107.6 eval=0 prior=0
[inst] req=19505152 hits=6533752 fwd=25334 rows=12970549 fwd_ms=761365.8 eval=0 prior=0
[inst] req=19513344 hits=6537146 fwd=25344 rows=12975669 fwd_ms=761652.8 eval=0 prior=0
[inst] req=19521536 hits=6540601 fwd=25353 rows=12980277 fwd_ms=761911.3 eval=0 prior=0
[inst] req=19529728 hits=6544132 fwd=25362 rows=12984885 fwd_ms=762170.1 eval=0 prior=0
[inst] req=19537920 hits=6547680 fwd=25371 rows=12989493 fwd_ms=762428.6 eval=0 prior=0
[inst] req=19546112 hits=6551148 fwd=25380 rows=12994101 fwd_ms=762687.0 eval=0 prior=0
[inst] req=19554304 hits=6554515 fwd=25390 rows=12999221 fwd_ms=762974.1 eval=0 prior=0
[inst] req=19562496 hits=6558228 fwd=25398 rows=13003317 fwd_ms=763204.0 eval=0 prior=0
[inst] req=19570688 hits=6561755 fwd=25407 rows=13007925 fwd_ms=763462.4 eval=0 prior=0
[inst] req=19578880 hits=6565017 fwd=25417 rows=13013045 fwd_ms=763749.4 eval=0 prior=0
[inst] req=19587072 hits=6568528 fwd=25426 rows=13017653 fwd_ms=764007.8 eval=0 prior=0
[inst] req=19595264 hits=6571967 fwd=25436 rows=13022773 fwd_ms=764294.9 eval=0 prior=0
[inst] req=19603456 hits=6575359 fwd=25445 rows=13027381 fwd_ms=764553.3 eval=0 prior=0
[inst] req=19611648 hits=6578979 fwd=25454 rows=13031989 fwd_ms=764811.5 eval=0 prior=0
[inst] req=19619840 hits=6582552 fwd=25463 rows=13036597 fwd_ms=765069.7 eval=0 prior=0
[inst] req=19628032 hits=6585936 fwd=25472 rows=13041205 fwd_ms=765328.2 eval=0 prior=0
[inst] req=19636224 hits=6589260 fwd=25482 rows=13046325 fwd_ms=765615.6 eval=0 prior=0
[inst] req=19644416 hits=6592581 fwd=25491 rows=13050933 fwd_ms=765874.2 eval=0 prior=0
[inst] req=19652608 hits=6595952 fwd=25501 rows=13056053 fwd_ms=766161.5 eval=0 prior=0
[inst] req=19660800 hits=6599421 fwd=25510 rows=13060661 fwd_ms=766419.9 eval=0 prior=0
[inst] req=19668992 hits=6602862 fwd=25519 rows=13065269 fwd_ms=766678.3 eval=0 prior=0
[inst] req=19677184 hits=6606403 fwd=25528 rows=13069877 fwd_ms=766936.8 eval=0 prior=0
[inst] req=19685376 hits=6609666 fwd=25538 rows=13074997 fwd_ms=767223.8 eval=0 prior=0
[inst] req=19693568 hits=6613181 fwd=25547 rows=13079605 fwd_ms=767482.1 eval=0 prior=0
[inst] req=19701760 hits=6616796 fwd=25556 rows=13084213 fwd_ms=767740.3 eval=0 prior=0
[inst] req=19709952 hits=6620240 fwd=25565 rows=13088821 fwd_ms=767998.6 eval=0 prior=0
[inst] req=19718144 hits=6623491 fwd=25575 rows=13093941 fwd_ms=768285.9 eval=0 prior=0
[inst] req=19726336 hits=6627015 fwd=25584 rows=13098549 fwd_ms=768544.2 eval=0 prior=0
[inst] req=19734528 hits=6630492 fwd=25593 rows=13103157 fwd_ms=768802.6 eval=0 prior=0
[inst] req=19742720 hits=6633726 fwd=25603 rows=13108277 fwd_ms=769089.7 eval=0 prior=0
[inst] req=19750912 hits=6637006 fwd=25612 rows=13112885 fwd_ms=769348.4 eval=0 prior=0
[inst] req=19759104 hits=6640377 fwd=25622 rows=13118005 fwd_ms=769635.3 eval=0 prior=0
[inst] req=19767296 hits=6643751 fwd=25631 rows=13122613 fwd_ms=769893.6 eval=0 prior=0
[inst] req=19775488 hits=6647288 fwd=25640 rows=13127221 fwd_ms=770151.8 eval=0 prior=0
[inst] req=19783680 hits=6650749 fwd=25650 rows=13132341 fwd_ms=770438.8 eval=0 prior=0
[inst] req=19791872 hits=6654423 fwd=25658 rows=13136437 fwd_ms=770668.4 eval=0 prior=0
[inst] req=19800064 hits=6658049 fwd=25667 rows=13141045 fwd_ms=770926.6 eval=0 prior=0
[inst] req=19808256 hits=6661567 fwd=25677 rows=13146165 fwd_ms=771213.8 eval=0 prior=0
[inst] req=19816448 hits=6665008 fwd=25686 rows=13150773 fwd_ms=771472.1 eval=0 prior=0
[inst] req=19824640 hits=6668615 fwd=25695 rows=13155381 fwd_ms=771730.5 eval=0 prior=0
[inst] req=19832832 hits=6672011 fwd=25704 rows=13159989 fwd_ms=771989.0 eval=0 prior=0
[inst] req=19841024 hits=6675360 fwd=25714 rows=13165109 fwd_ms=772276.3 eval=0 prior=0
[inst] req=19849216 hits=6678938 fwd=25723 rows=13169717 fwd_ms=772534.7 eval=0 prior=0
[inst] req=19857408 hits=6682502 fwd=25732 rows=13174325 fwd_ms=772793.3 eval=0 prior=0
[inst] req=19865600 hits=6685875 fwd=25741 rows=13178933 fwd_ms=773052.0 eval=0 prior=0
[inst] req=19873792 hits=6689339 fwd=25750 rows=13183541 fwd_ms=773310.6 eval=0 prior=0
[inst] req=19881984 hits=6692908 fwd=25759 rows=13188149 fwd_ms=773569.1 eval=0 prior=0
[inst] req=19890176 hits=6696187 fwd=25769 rows=13193269 fwd_ms=773856.4 eval=0 prior=0
[inst] req=19898368 hits=6699530 fwd=25778 rows=13197877 fwd_ms=774115.0 eval=0 prior=0
[inst] req=19906560 hits=6702865 fwd=25788 rows=13202997 fwd_ms=774402.2 eval=0 prior=0
[inst] req=19914752 hits=6706225 fwd=25797 rows=13207605 fwd_ms=774660.8 eval=0 prior=0
[inst] req=19922944 hits=6709803 fwd=25806 rows=13212213 fwd_ms=774919.4 eval=0 prior=0
[inst] req=19931136 hits=6713200 fwd=25816 rows=13217333 fwd_ms=775206.7 eval=0 prior=0
[inst] req=19939328 hits=6716450 fwd=25825 rows=13221941 fwd_ms=775465.5 eval=0 prior=0
[inst] req=19947520 hits=6719754 fwd=25835 rows=13227061 fwd_ms=775752.6 eval=0 prior=0
[inst] req=19955712 hits=6723367 fwd=25844 rows=13231669 fwd_ms=776011.2 eval=0 prior=0
[inst] req=19963904 hits=6726792 fwd=25853 rows=13236277 fwd_ms=776269.8 eval=0 prior=0
[inst] req=19972096 hits=6730339 fwd=25862 rows=13240885 fwd_ms=776528.3 eval=0 prior=0
[inst] req=19980288 hits=6733851 fwd=25871 rows=13245493 fwd_ms=776786.8 eval=0 prior=0
[inst] req=19988480 hits=6737296 fwd=25881 rows=13250613 fwd_ms=777074.0 eval=0 prior=0
[inst] req=19996672 hits=6740720 fwd=25890 rows=13255221 fwd_ms=777332.6 eval=0 prior=0
[inst] req=20004864 hits=6744073 fwd=25899 rows=13259829 fwd_ms=777591.2 eval=0 prior=0
[inst] req=20013056 hits=6747634 fwd=25908 rows=13264437 fwd_ms=777849.8 eval=0 prior=0
[inst] req=20021248 hits=6750921 fwd=25918 rows=13269557 fwd_ms=778137.0 eval=0 prior=0
[inst] req=20029440 hits=6754509 fwd=25927 rows=13274165 fwd_ms=778395.5 eval=0 prior=0
[inst] req=20037632 hits=6757890 fwd=25936 rows=13278773 fwd_ms=778654.1 eval=0 prior=0
[inst] req=20045824 hits=6761454 fwd=25945 rows=13283381 fwd_ms=778913.0 eval=0 prior=0
[inst] req=20054016 hits=6764766 fwd=25955 rows=13288501 fwd_ms=779200.4 eval=0 prior=0
[inst] req=20062208 hits=6768221 fwd=25964 rows=13293109 fwd_ms=779458.8 eval=0 prior=0
[inst] req=20070400 hits=6771822 fwd=25973 rows=13297717 fwd_ms=779717.5 eval=0 prior=0
[inst] req=20078592 hits=6775091 fwd=25983 rows=13302837 fwd_ms=780005.0 eval=0 prior=0
[inst] req=20086784 hits=6778544 fwd=25992 rows=13307445 fwd_ms=780263.5 eval=0 prior=0
[inst] req=20094976 hits=6781970 fwd=26001 rows=13312053 fwd_ms=780522.3 eval=0 prior=0
[inst] req=20103168 hits=6785483 fwd=26010 rows=13316661 fwd_ms=780781.1 eval=0 prior=0
[inst] req=20111360 hits=6788834 fwd=26020 rows=13321781 fwd_ms=781068.4 eval=0 prior=0
[inst] req=20119552 hits=6792322 fwd=26029 rows=13326389 fwd_ms=781326.8 eval=0 prior=0
[inst] req=20127744 hits=6795880 fwd=26038 rows=13330997 fwd_ms=781585.5 eval=0 prior=0
[inst] req=20135936 hits=6799365 fwd=26047 rows=13335605 fwd_ms=781844.1 eval=0 prior=0
[inst] req=20144128 hits=6802904 fwd=26056 rows=13340213 fwd_ms=782103.0 eval=0 prior=0
[inst] req=20152320 hits=6806485 fwd=26065 rows=13344821 fwd_ms=782361.7 eval=0 prior=0
[inst] req=20160512 hits=6810163 fwd=26074 rows=13349429 fwd_ms=782620.4 eval=0 prior=0
[inst] req=20168704 hits=6813713 fwd=26083 rows=13354037 fwd_ms=782879.2 eval=0 prior=0
[inst] req=20176896 hits=6817075 fwd=26093 rows=13359157 fwd_ms=783166.4 eval=0 prior=0
[inst] req=20185088 hits=6820381 fwd=26102 rows=13363765 fwd_ms=783425.0 eval=0 prior=0
[inst] req=20193280 hits=6823839 fwd=26112 rows=13368885 fwd_ms=783712.3 eval=0 prior=0
[inst] req=20201472 hits=6827170 fwd=26121 rows=13373493 fwd_ms=783970.9 eval=0 prior=0
[inst] req=20209664 hits=6830610 fwd=26130 rows=13378101 fwd_ms=784229.5 eval=0 prior=0
[inst] req=20217856 hits=6834160 fwd=26139 rows=13382709 fwd_ms=784488.1 eval=0 prior=0
[inst] req=20226048 hits=6837475 fwd=26149 rows=13387829 fwd_ms=784775.3 eval=0 prior=0
[inst] req=20234240 hits=6841042 fwd=26158 rows=13392437 fwd_ms=785033.9 eval=0 prior=0
[inst] req=20242432 hits=6844449 fwd=26167 rows=13397045 fwd_ms=785292.6 eval=0 prior=0
[inst] req=20250624 hits=6847788 fwd=26177 rows=13402165 fwd_ms=785579.7 eval=0 prior=0
[inst] req=20258816 hits=6851224 fwd=26186 rows=13406773 fwd_ms=785838.3 eval=0 prior=0
[inst] req=20267008 hits=6854841 fwd=26195 rows=13411381 fwd_ms=786097.0 eval=0 prior=0
[inst] req=20275200 hits=6858322 fwd=26204 rows=13415989 fwd_ms=786355.5 eval=0 prior=0
[inst] req=20283392 hits=6861885 fwd=26213 rows=13420597 fwd_ms=786614.2 eval=0 prior=0
[inst] req=20291584 hits=6865221 fwd=26223 rows=13425717 fwd_ms=786901.8 eval=0 prior=0
[inst] req=20299776 hits=6868872 fwd=26232 rows=13430325 fwd_ms=787160.5 eval=0 prior=0
[inst] req=20307968 hits=6872432 fwd=26241 rows=13434933 fwd_ms=787419.1 eval=0 prior=0
[inst] req=20316160 hits=6875777 fwd=26250 rows=13439541 fwd_ms=787677.8 eval=0 prior=0
[inst] req=20324352 hits=6879153 fwd=26260 rows=13444661 fwd_ms=787965.2 eval=0 prior=0
[inst] req=20332544 hits=6882743 fwd=26269 rows=13449269 fwd_ms=788224.0 eval=0 prior=0
[inst] req=20340736 hits=6886217 fwd=26278 rows=13453877 fwd_ms=788482.7 eval=0 prior=0
[inst] req=20348928 hits=6889783 fwd=26287 rows=13458485 fwd_ms=788741.2 eval=0 prior=0
[inst] req=20357120 hits=6893099 fwd=26296 rows=13463093 fwd_ms=788999.6 eval=0 prior=0
[inst] req=20365312 hits=6896380 fwd=26306 rows=13468213 fwd_ms=789286.9 eval=0 prior=0
[inst] req=20373504 hits=6899807 fwd=26315 rows=13472821 fwd_ms=789545.3 eval=0 prior=0
[inst] req=20381696 hits=6903285 fwd=26324 rows=13477429 fwd_ms=789803.9 eval=0 prior=0
[inst] req=20389888 hits=6906918 fwd=26333 rows=13482037 fwd_ms=790062.5 eval=0 prior=0
[inst] req=20398080 hits=6910642 fwd=26342 rows=13486645 fwd_ms=790321.2 eval=0 prior=0
[inst] req=20406272 hits=6914299 fwd=26351 rows=13491253 fwd_ms=790579.9 eval=0 prior=0
[inst] req=20414464 hits=6917930 fwd=26360 rows=13495861 fwd_ms=790838.6 eval=0 prior=0
[inst] req=20422656 hits=6921434 fwd=26369 rows=13500469 fwd_ms=791097.4 eval=0 prior=0
[inst] req=20430848 hits=6924876 fwd=26378 rows=13505077 fwd_ms=791356.0 eval=0 prior=0
[inst] req=20439040 hits=6928392 fwd=26387 rows=13509685 fwd_ms=791614.8 eval=0 prior=0
[inst] req=20447232 hits=6931581 fwd=26397 rows=13514805 fwd_ms=791902.1 eval=0 prior=0
[inst] req=20455424 hits=6935061 fwd=26406 rows=13519413 fwd_ms=792160.7 eval=0 prior=0
[inst] req=20463616 hits=6938567 fwd=26416 rows=13524533 fwd_ms=792448.1 eval=0 prior=0
[inst] req=20471808 hits=6941959 fwd=26425 rows=13529141 fwd_ms=792706.7 eval=0 prior=0
[inst] req=20480000 hits=6945254 fwd=26434 rows=13533749 fwd_ms=792966.6 eval=0 prior=0
[inst] req=20488192 hits=6948639 fwd=26444 rows=13538869 fwd_ms=793254.8 eval=0 prior=0
[inst] req=20496384 hits=6951956 fwd=26453 rows=13543477 fwd_ms=793514.3 eval=0 prior=0
[inst] req=20504576 hits=6955367 fwd=26463 rows=13548597 fwd_ms=793802.8 eval=0 prior=0
[inst] req=20512768 hits=6958751 fwd=26472 rows=13553205 fwd_ms=794062.3 eval=0 prior=0
[inst] req=20520960 hits=6962164 fwd=26481 rows=13557813 fwd_ms=794321.7 eval=0 prior=0
[inst] req=20529152 hits=6965708 fwd=26490 rows=13562421 fwd_ms=794581.3 eval=0 prior=0
[inst] req=20537344 hits=6969108 fwd=26500 rows=13567541 fwd_ms=794869.6 eval=0 prior=0
[inst] req=20545536 hits=6972584 fwd=26509 rows=13572149 fwd_ms=795128.9 eval=0 prior=0
[inst] req=20553728 hits=6976144 fwd=26518 rows=13576757 fwd_ms=795388.1 eval=0 prior=0
[inst] req=20561920 hits=6979637 fwd=26527 rows=13581365 fwd_ms=795647.1 eval=0 prior=0
[inst] req=20570112 hits=6983256 fwd=26536 rows=13585973 fwd_ms=795906.3 eval=0 prior=0
[inst] req=20578304 hits=6986834 fwd=26545 rows=13590581 fwd_ms=796164.9 eval=0 prior=0
[inst] req=20586496 hits=6990349 fwd=26554 rows=13595189 fwd_ms=796423.6 eval=0 prior=0
[inst] req=20594688 hits=6993872 fwd=26563 rows=13599797 fwd_ms=796682.5 eval=0 prior=0
[inst] req=20602880 hits=6997410 fwd=26573 rows=13604917 fwd_ms=797022.1 eval=0 prior=0
[inst] req=20611072 hits=7000905 fwd=26582 rows=13609525 fwd_ms=797784.6 eval=0 prior=0
[inst] req=20619264 hits=7004242 fwd=26591 rows=13614133 fwd_ms=798498.0 eval=0 prior=0
[inst] req=20627456 hits=7007544 fwd=26601 rows=13619253 fwd_ms=799307.3 eval=0 prior=0
[inst] req=20635648 hits=7010865 fwd=26610 rows=13623861 fwd_ms=800085.9 eval=0 prior=0
[inst] req=20643840 hits=7014112 fwd=26620 rows=13628981 fwd_ms=800878.7 eval=0 prior=0
[inst] req=20652032 hits=7017600 fwd=26629 rows=13633589 fwd_ms=801477.5 eval=0 prior=0
[inst] req=20660224 hits=7021296 fwd=26638 rows=13638197 fwd_ms=802236.7 eval=0 prior=0
[inst] req=20668416 hits=7024714 fwd=26647 rows=13642805 fwd_ms=802875.7 eval=0 prior=0
[inst] req=20676608 hits=7028215 fwd=26656 rows=13647413 fwd_ms=803595.4 eval=0 prior=0
[inst] req=20684800 hits=7031844 fwd=26665 rows=13652021 fwd_ms=804255.2 eval=0 prior=0
[inst] req=20692992 hits=7035187 fwd=26675 rows=13657141 fwd_ms=805043.4 eval=0 prior=0
[inst] req=20701184 hits=7038648 fwd=26684 rows=13661749 fwd_ms=805680.1 eval=0 prior=0
[inst] req=20709376 hits=7042255 fwd=26693 rows=13666357 fwd_ms=806356.1 eval=0 prior=0
[inst] req=20717568 hits=7046142 fwd=26701 rows=13670453 fwd_ms=807026.1 eval=0 prior=0
[inst] req=20725760 hits=7049715 fwd=26710 rows=13675061 fwd_ms=807690.6 eval=0 prior=0
[inst] req=20733952 hits=7053613 fwd=26719 rows=13679669 fwd_ms=808452.2 eval=0 prior=0
[inst] req=20742144 hits=7057473 fwd=26727 rows=13683765 fwd_ms=809026.4 eval=0 prior=0
[inst] req=20750336 hits=7061542 fwd=26735 rows=13687861 fwd_ms=809763.1 eval=0 prior=0
[inst] req=20758528 hits=7065596 fwd=26743 rows=13691957 fwd_ms=810331.7 eval=0 prior=0
[inst] req=20766720 hits=7069464 fwd=26752 rows=13696565 fwd_ms=811095.3 eval=0 prior=0
[inst] req=20774912 hits=7073164 fwd=26761 rows=13701173 fwd_ms=811737.8 eval=0 prior=0
[inst] req=20783104 hits=7077123 fwd=26769 rows=13705269 fwd_ms=812308.5 eval=0 prior=0
[inst] req=20791296 hits=7081170 fwd=26777 rows=13709365 fwd_ms=812996.3 eval=0 prior=0
[inst] req=20799488 hits=7084913 fwd=26786 rows=13713973 fwd_ms=813646.4 eval=0 prior=0
[inst] req=20807680 hits=7088715 fwd=26794 rows=13718069 fwd_ms=814161.5 eval=0 prior=0
[inst] req=20815872 hits=7092405 fwd=26803 rows=13722677 fwd_ms=814424.2 eval=0 prior=0
[inst] req=20824064 hits=7096339 fwd=26811 rows=13726773 fwd_ms=814657.8 eval=0 prior=0
[inst] req=20832256 hits=7100173 fwd=26820 rows=13731381 fwd_ms=814921.2 eval=0 prior=0
[inst] req=20840448 hits=7101008 fwd=26834 rows=13738549 fwd_ms=815340.1 eval=0 prior=0
[inst] req=20848640 hits=7101634 fwd=26849 rows=13746229 fwd_ms=815771.7 eval=0 prior=0
[inst] req=20856832 hits=7102517 fwd=26863 rows=13753397 fwd_ms=816174.4 eval=0 prior=0
[inst] req=20865024 hits=7103747 fwd=26877 rows=13760565 fwd_ms=816576.9 eval=0 prior=0
[inst] req=20873216 hits=7105379 fwd=26890 rows=13767221 fwd_ms=816950.7 eval=0 prior=0
[inst] req=20881408 hits=7107426 fwd=26902 rows=13773365 fwd_ms=817295.8 eval=0 prior=0
[inst] req=20889600 hits=7109732 fwd=26913 rows=13778997 fwd_ms=817612.2 eval=0 prior=0
[inst] req=20897792 hits=7112292 fwd=26924 rows=13784629 fwd_ms=817928.6 eval=0 prior=0
[inst] req=20905984 hits=7114897 fwd=26935 rows=13790261 fwd_ms=818244.9 eval=0 prior=0
[inst] req=20914176 hits=7117654 fwd=26946 rows=13795893 fwd_ms=818561.2 eval=0 prior=0
[inst] req=20922368 hits=7120622 fwd=26956 rows=13801013 fwd_ms=818848.8 eval=0 prior=0
[inst] req=20930560 hits=7123606 fwd=26966 rows=13806133 fwd_ms=819136.4 eval=0 prior=0
[inst] req=20938752 hits=7126615 fwd=26976 rows=13811253 fwd_ms=819423.9 eval=0 prior=0
[inst] req=20946944 hits=7129597 fwd=26986 rows=13816373 fwd_ms=819711.4 eval=0 prior=0
[inst] req=20955136 hits=7132374 fwd=26997 rows=13822005 fwd_ms=820027.8 eval=0 prior=0
[inst] req=20963328 hits=7135190 fwd=27007 rows=13827125 fwd_ms=820315.5 eval=0 prior=0
[inst] req=20971520 hits=7138114 fwd=27018 rows=13832757 fwd_ms=820631.6 eval=0 prior=0
[inst] req=20979712 hits=7140847 fwd=27028 rows=13837877 fwd_ms=820919.1 eval=0 prior=0
[inst] req=20987904 hits=7143556 fwd=27039 rows=13843509 fwd_ms=821235.4 eval=0 prior=0
[inst] req=20996096 hits=7146387 fwd=27050 rows=13849141 fwd_ms=821551.6 eval=0 prior=0
[inst] req=21004288 hits=7149189 fwd=27060 rows=13854261 fwd_ms=821838.8 eval=0 prior=0
[inst] req=21012480 hits=7152181 fwd=27070 rows=13859381 fwd_ms=822126.0 eval=0 prior=0
[inst] req=21020672 hits=7155209 fwd=27080 rows=13864501 fwd_ms=822413.6 eval=0 prior=0
[inst] req=21028864 hits=7158160 fwd=27091 rows=13870133 fwd_ms=822729.8 eval=0 prior=0
[inst] req=21037056 hits=7161022 fwd=27101 rows=13875253 fwd_ms=823016.9 eval=0 prior=0
[inst] req=21045248 hits=7163924 fwd=27111 rows=13880373 fwd_ms=823304.2 eval=0 prior=0
[inst] req=21053440 hits=7166717 fwd=27122 rows=13886005 fwd_ms=823620.1 eval=0 prior=0
[inst] req=21061632 hits=7169561 fwd=27132 rows=13891125 fwd_ms=823907.4 eval=0 prior=0
[inst] req=21069824 hits=7172372 fwd=27143 rows=13896757 fwd_ms=824223.5 eval=0 prior=0
[inst] req=21078016 hits=7175310 fwd=27153 rows=13901877 fwd_ms=824510.9 eval=0 prior=0
[inst] req=21086208 hits=7178450 fwd=27163 rows=13906997 fwd_ms=824798.5 eval=0 prior=0
[inst] req=21094400 hits=7181625 fwd=27173 rows=13912117 fwd_ms=825085.7 eval=0 prior=0
[inst] req=21102592 hits=7184759 fwd=27183 rows=13917237 fwd_ms=825373.1 eval=0 prior=0
[inst] req=21110784 hits=7187707 fwd=27193 rows=13922357 fwd_ms=825660.5 eval=0 prior=0
[inst] req=21118976 hits=7190430 fwd=27204 rows=13927989 fwd_ms=825976.5 eval=0 prior=0
[inst] req=21127168 hits=7193096 fwd=27214 rows=13933109 fwd_ms=826263.6 eval=0 prior=0
[inst] req=21135360 hits=7196057 fwd=27225 rows=13938741 fwd_ms=826579.4 eval=0 prior=0
[inst] req=21143552 hits=7198840 fwd=27235 rows=13943861 fwd_ms=826866.4 eval=0 prior=0
[inst] req=21151744 hits=7201670 fwd=27246 rows=13949493 fwd_ms=827182.2 eval=0 prior=0
[inst] req=21159936 hits=7204492 fwd=27256 rows=13954613 fwd_ms=827469.1 eval=0 prior=0
[inst] req=21168128 hits=7207237 fwd=27267 rows=13960245 fwd_ms=827784.7 eval=0 prior=0
[inst] req=21176320 hits=7210280 fwd=27277 rows=13965365 fwd_ms=828071.6 eval=0 prior=0
[inst] req=21184512 hits=7213422 fwd=27287 rows=13970485 fwd_ms=828358.5 eval=0 prior=0
[inst] req=21192704 hits=7216225 fwd=27297 rows=13975605 fwd_ms=828645.6 eval=0 prior=0
[inst] req=21200896 hits=7218987 fwd=27308 rows=13981237 fwd_ms=828961.2 eval=0 prior=0
[inst] req=21209088 hits=7221731 fwd=27318 rows=13986357 fwd_ms=829248.0 eval=0 prior=0
[inst] req=21217280 hits=7224519 fwd=27329 rows=13991989 fwd_ms=829563.5 eval=0 prior=0
[inst] req=21225472 hits=7227489 fwd=27339 rows=13997109 fwd_ms=829850.4 eval=0 prior=0
[inst] req=21233664 hits=7230415 fwd=27349 rows=14002229 fwd_ms=830137.6 eval=0 prior=0
[inst] req=21241856 hits=7233389 fwd=27360 rows=14007861 fwd_ms=830453.4 eval=0 prior=0
[inst] req=21250048 hits=7236343 fwd=27370 rows=14012981 fwd_ms=830740.4 eval=0 prior=0
[inst] req=21258240 hits=7239279 fwd=27380 rows=14018101 fwd_ms=831027.5 eval=0 prior=0
[inst] req=21266432 hits=7242262 fwd=27390 rows=14023221 fwd_ms=831314.6 eval=0 prior=0
[inst] req=21274624 hits=7245117 fwd=27401 rows=14028853 fwd_ms=831630.2 eval=0 prior=0
[inst] req=21282816 hits=7248074 fwd=27411 rows=14033973 fwd_ms=831917.2 eval=0 prior=0
[inst] req=21291008 hits=7250990 fwd=27421 rows=14039093 fwd_ms=832204.2 eval=0 prior=0
[inst] req=21299200 hits=7253972 fwd=27431 rows=14044213 fwd_ms=832491.3 eval=0 prior=0
[inst] req=21307392 hits=7256981 fwd=27442 rows=14049845 fwd_ms=832807.4 eval=0 prior=0
[inst] req=21315584 hits=7259728 fwd=27452 rows=14054965 fwd_ms=833094.5 eval=0 prior=0
[inst] req=21323776 hits=7262526 fwd=27463 rows=14060597 fwd_ms=833410.2 eval=0 prior=0
[inst] req=21331968 hits=7265348 fwd=27473 rows=14065717 fwd_ms=833697.6 eval=0 prior=0
[inst] req=21340160 hits=7268235 fwd=27484 rows=14071349 fwd_ms=834013.6 eval=0 prior=0
[inst] req=21348352 hits=7271304 fwd=27494 rows=14076469 fwd_ms=834300.4 eval=0 prior=0
[inst] req=21356544 hits=7274119 fwd=27504 rows=14081589 fwd_ms=834587.8 eval=0 prior=0
[inst] req=21364736 hits=7277076 fwd=27514 rows=14086709 fwd_ms=834875.1 eval=0 prior=0
[inst] req=21372928 hits=7280063 fwd=27525 rows=14092341 fwd_ms=835191.0 eval=0 prior=0
[inst] req=21381120 hits=7282967 fwd=27535 rows=14097461 fwd_ms=835478.1 eval=0 prior=0
[inst] req=21389312 hits=7285835 fwd=27545 rows=14102581 fwd_ms=835765.4 eval=0 prior=0
[inst] req=21397504 hits=7288685 fwd=27556 rows=14108213 fwd_ms=836081.4 eval=0 prior=0
[inst] req=21405696 hits=7291473 fwd=27566 rows=14113333 fwd_ms=836368.7 eval=0 prior=0
[inst] req=21413888 hits=7294251 fwd=27577 rows=14118965 fwd_ms=836684.6 eval=0 prior=0
[inst] req=21422080 hits=7297215 fwd=27587 rows=14124085 fwd_ms=836972.0 eval=0 prior=0
[inst] req=21430272 hits=7300234 fwd=27597 rows=14129205 fwd_ms=837259.1 eval=0 prior=0
[inst] req=21438464 hits=7303149 fwd=27607 rows=14134325 fwd_ms=837546.3 eval=0 prior=0
[inst] req=21446656 hits=7306054 fwd=27618 rows=14139957 fwd_ms=837862.3 eval=0 prior=0
[inst] req=21454848 hits=7308979 fwd=27628 rows=14145077 fwd_ms=838149.7 eval=0 prior=0
[inst] req=21463040 hits=7311865 fwd=27638 rows=14150197 fwd_ms=838437.0 eval=0 prior=0
[inst] req=21471232 hits=7314735 fwd=27649 rows=14155829 fwd_ms=838752.9 eval=0 prior=0
[inst] req=21479424 hits=7317649 fwd=27659 rows=14160949 fwd_ms=839040.0 eval=0 prior=0
[inst] req=21487616 hits=7320658 fwd=27669 rows=14166069 fwd_ms=839327.5 eval=0 prior=0
[inst] req=21495808 hits=7323549 fwd=27680 rows=14171701 fwd_ms=839643.6 eval=0 prior=0
[inst] req=21504000 hits=7326453 fwd=27690 rows=14176821 fwd_ms=839930.8 eval=0 prior=0
[inst] req=21512192 hits=7329326 fwd=27700 rows=14181941 fwd_ms=840218.0 eval=0 prior=0
[inst] req=21520384 hits=7332180 fwd=27711 rows=14187573 fwd_ms=840533.8 eval=0 prior=0
[inst] req=21528576 hits=7335036 fwd=27721 rows=14192693 fwd_ms=840820.9 eval=0 prior=0
[inst] req=21536768 hits=7337875 fwd=27732 rows=14198325 fwd_ms=841136.9 eval=0 prior=0
[inst] req=21544960 hits=7340711 fwd=27742 rows=14203445 fwd_ms=841424.1 eval=0 prior=0
[inst] req=21553152 hits=7343631 fwd=27752 rows=14208565 fwd_ms=841711.3 eval=0 prior=0
[inst] req=21561344 hits=7346637 fwd=27762 rows=14213685 fwd_ms=841998.5 eval=0 prior=0
[inst] req=21569536 hits=7349534 fwd=27773 rows=14219317 fwd_ms=842314.5 eval=0 prior=0
[inst] req=21577728 hits=7352393 fwd=27783 rows=14224437 fwd_ms=842601.8 eval=0 prior=0
[inst] req=21585920 hits=7355409 fwd=27793 rows=14229557 fwd_ms=842889.2 eval=0 prior=0
[inst] req=21594112 hits=7358280 fwd=27804 rows=14235189 fwd_ms=843205.2 eval=0 prior=0
[inst] req=21602304 hits=7361200 fwd=27814 rows=14240309 fwd_ms=843492.4 eval=0 prior=0
[inst] req=21610496 hits=7364203 fwd=27824 rows=14245429 fwd_ms=843779.6 eval=0 prior=0
[inst] req=21618688 hits=7367050 fwd=27835 rows=14251061 fwd_ms=844095.7 eval=0 prior=0
[inst] req=21626880 hits=7369987 fwd=27845 rows=14256181 fwd_ms=844382.9 eval=0 prior=0
[inst] req=21635072 hits=7372963 fwd=27855 rows=14261301 fwd_ms=844670.1 eval=0 prior=0
[inst] req=21643264 hits=7375775 fwd=27866 rows=14266933 fwd_ms=844986.1 eval=0 prior=0
[inst] req=21651456 hits=7378566 fwd=27876 rows=14272053 fwd_ms=845273.1 eval=0 prior=0
[inst] req=21659648 hits=7381376 fwd=27887 rows=14277685 fwd_ms=845588.7 eval=0 prior=0
[inst] req=21667840 hits=7384211 fwd=27897 rows=14282805 fwd_ms=845875.9 eval=0 prior=0
[inst] req=21676032 hits=7387157 fwd=27907 rows=14287925 fwd_ms=846163.1 eval=0 prior=0
[inst] req=21684224 hits=7389947 fwd=27918 rows=14293557 fwd_ms=846478.7 eval=0 prior=0
[inst] req=21692416 hits=7392879 fwd=27928 rows=14298677 fwd_ms=846765.8 eval=0 prior=0
[inst] req=21700608 hits=7395871 fwd=27938 rows=14303797 fwd_ms=847052.9 eval=0 prior=0
[inst] req=21708800 hits=7398851 fwd=27949 rows=14309429 fwd_ms=847369.0 eval=0 prior=0
[inst] req=21716992 hits=7401754 fwd=27959 rows=14314549 fwd_ms=847656.1 eval=0 prior=0
[inst] req=21725184 hits=7404655 fwd=27969 rows=14319669 fwd_ms=847943.2 eval=0 prior=0
[inst] req=21733376 hits=7407598 fwd=27979 rows=14324789 fwd_ms=848230.3 eval=0 prior=0
[inst] req=21741568 hits=7410611 fwd=27990 rows=14330421 fwd_ms=848546.2 eval=0 prior=0
[inst] req=21749760 hits=7413428 fwd=28000 rows=14335541 fwd_ms=848833.4 eval=0 prior=0
[inst] req=21757952 hits=7416249 fwd=28011 rows=14341173 fwd_ms=849149.3 eval=0 prior=0
[inst] req=21766144 hits=7419052 fwd=28021 rows=14346293 fwd_ms=849436.3 eval=0 prior=0
[inst] req=21774336 hits=7421908 fwd=28031 rows=14351413 fwd_ms=849723.6 eval=0 prior=0
[inst] req=21782528 hits=7424950 fwd=28042 rows=14357045 fwd_ms=850039.6 eval=0 prior=0
[inst] req=21790720 hits=7427752 fwd=28052 rows=14362165 fwd_ms=850326.8 eval=0 prior=0
[inst] req=21798912 hits=7430702 fwd=28062 rows=14367285 fwd_ms=850614.0 eval=0 prior=0
[inst] req=21807104 hits=7433494 fwd=28073 rows=14372917 fwd_ms=850929.8 eval=0 prior=0
[inst] req=21815296 hits=7436362 fwd=28083 rows=14378037 fwd_ms=851217.0 eval=0 prior=0
[inst] req=21823488 hits=7439214 fwd=28094 rows=14383669 fwd_ms=851532.7 eval=0 prior=0
[inst] req=21831680 hits=7442173 fwd=28104 rows=14388789 fwd_ms=851819.8 eval=0 prior=0
[inst] req=21839872 hits=7445300 fwd=28114 rows=14393909 fwd_ms=852106.8 eval=0 prior=0
[inst] req=21848064 hits=7448203 fwd=28124 rows=14399029 fwd_ms=852394.1 eval=0 prior=0
[inst] req=21856256 hits=7451127 fwd=28134 rows=14404149 fwd_ms=852681.0 eval=0 prior=0
[inst] req=21864448 hits=7454060 fwd=28145 rows=14409781 fwd_ms=852996.7 eval=0 prior=0
[inst] req=21872640 hits=7456906 fwd=28155 rows=14414901 fwd_ms=853283.7 eval=0 prior=0
[inst] req=21880832 hits=7459643 fwd=28166 rows=14420533 fwd_ms=853599.2 eval=0 prior=0
[inst] req=21889024 hits=7462513 fwd=28176 rows=14425653 fwd_ms=853886.2 eval=0 prior=0
[inst] req=21897216 hits=7465369 fwd=28187 rows=14431285 fwd_ms=854202.1 eval=0 prior=0
[inst] req=21905408 hits=7468127 fwd=28197 rows=14436405 fwd_ms=854489.1 eval=0 prior=0
[inst] req=21913600 hits=7471051 fwd=28207 rows=14441525 fwd_ms=854776.1 eval=0 prior=0
[inst] req=21921792 hits=7474000 fwd=28218 rows=14447157 fwd_ms=855092.0 eval=0 prior=0
[inst] req=21929984 hits=7476838 fwd=28228 rows=14452277 fwd_ms=855379.0 eval=0 prior=0
[inst] req=21938176 hits=7479806 fwd=28238 rows=14457397 fwd_ms=855665.9 eval=0 prior=0
[inst] req=21946368 hits=7482634 fwd=28249 rows=14463029 fwd_ms=855981.6 eval=0 prior=0
[inst] req=21954560 hits=7485511 fwd=28259 rows=14468149 fwd_ms=856268.7 eval=0 prior=0
[inst] req=21962752 hits=7488324 fwd=28270 rows=14473781 fwd_ms=856584.5 eval=0 prior=0
[inst] req=21970944 hits=7491124 fwd=28280 rows=14478901 fwd_ms=856871.4 eval=0 prior=0
[inst] req=21979136 hits=7493955 fwd=28291 rows=14484533 fwd_ms=857187.3 eval=0 prior=0
[inst] req=21987328 hits=7496878 fwd=28301 rows=14489653 fwd_ms=857474.3 eval=0 prior=0
[inst] req=21995520 hits=7499937 fwd=28311 rows=14494773 fwd_ms=857761.3 eval=0 prior=0
[inst] req=22003712 hits=7502961 fwd=28321 rows=14499893 fwd_ms=858048.5 eval=0 prior=0
[inst] req=22011904 hits=7505945 fwd=28331 rows=14505013 fwd_ms=858335.5 eval=0 prior=0
[inst] req=22020096 hits=7508730 fwd=28342 rows=14510645 fwd_ms=858651.3 eval=0 prior=0
[inst] req=22028288 hits=7511606 fwd=28352 rows=14515765 fwd_ms=858938.4 eval=0 prior=0
[inst] req=22036480 hits=7514678 fwd=28362 rows=14520885 fwd_ms=859225.4 eval=0 prior=0
[inst] req=22044672 hits=7517608 fwd=28373 rows=14526517 fwd_ms=859541.3 eval=0 prior=0
[inst] req=22052864 hits=7520455 fwd=28383 rows=14531637 fwd_ms=859828.5 eval=0 prior=0
[inst] req=22061056 hits=7523448 fwd=28393 rows=14536757 fwd_ms=860115.5 eval=0 prior=0
[inst] req=22069248 hits=7526341 fwd=28404 rows=14542389 fwd_ms=860431.6 eval=0 prior=0
[inst] req=22077440 hits=7529203 fwd=28414 rows=14547509 fwd_ms=860718.9 eval=0 prior=0
[inst] req=22085632 hits=7532097 fwd=28424 rows=14552629 fwd_ms=861006.4 eval=0 prior=0
[inst] req=22093824 hits=7534965 fwd=28435 rows=14558261 fwd_ms=861322.8 eval=0 prior=0
[inst] req=22102016 hits=7537817 fwd=28445 rows=14563381 fwd_ms=861610.5 eval=0 prior=0
[inst] req=22110208 hits=7540774 fwd=28455 rows=14568501 fwd_ms=861898.0 eval=0 prior=0
[inst] req=22118400 hits=7543585 fwd=28466 rows=14574133 fwd_ms=862214.0 eval=0 prior=0
[inst] req=22126592 hits=7546440 fwd=28476 rows=14579253 fwd_ms=862501.3 eval=0 prior=0
[inst] req=22134784 hits=7549375 fwd=28487 rows=14584885 fwd_ms=862817.2 eval=0 prior=0
[inst] req=22142976 hits=7552271 fwd=28497 rows=14590005 fwd_ms=863104.4 eval=0 prior=0
[inst] req=22151168 hits=7555263 fwd=28507 rows=14595125 fwd_ms=863391.6 eval=0 prior=0
[inst] req=22159360 hits=7558313 fwd=28517 rows=14600245 fwd_ms=863679.0 eval=0 prior=0
[inst] req=22167552 hits=7561215 fwd=28527 rows=14605365 fwd_ms=863966.3 eval=0 prior=0
[inst] req=22175744 hits=7564022 fwd=28538 rows=14610997 fwd_ms=864282.6 eval=0 prior=0
[inst] req=22183936 hits=7566993 fwd=28548 rows=14616117 fwd_ms=864570.3 eval=0 prior=0
[inst] req=22192128 hits=7569899 fwd=28558 rows=14621237 fwd_ms=864857.6 eval=0 prior=0
[inst] req=22200320 hits=7572732 fwd=28569 rows=14626869 fwd_ms=865173.5 eval=0 prior=0
[inst] req=22208512 hits=7575674 fwd=28579 rows=14631989 fwd_ms=865461.0 eval=0 prior=0
[inst] req=22216704 hits=7578570 fwd=28590 rows=14637621 fwd_ms=865776.9 eval=0 prior=0
[inst] req=22224896 hits=7581505 fwd=28600 rows=14642741 fwd_ms=866064.4 eval=0 prior=0
[inst] req=22233088 hits=7584324 fwd=28610 rows=14647861 fwd_ms=866351.8 eval=0 prior=0
[inst] req=22241280 hits=7587085 fwd=28621 rows=14653493 fwd_ms=866667.9 eval=0 prior=0
[inst] req=22249472 hits=7589913 fwd=28631 rows=14658613 fwd_ms=866955.2 eval=0 prior=0
[inst] req=22257664 hits=7592800 fwd=28642 rows=14664245 fwd_ms=867271.0 eval=0 prior=0
[inst] req=22265856 hits=7595787 fwd=28652 rows=14669365 fwd_ms=867558.2 eval=0 prior=0
[inst] req=22274048 hits=7598672 fwd=28662 rows=14674485 fwd_ms=867845.3 eval=0 prior=0
[inst] req=22282240 hits=7601478 fwd=28673 rows=14680117 fwd_ms=868161.2 eval=0 prior=0
[inst] req=22290432 hits=7604294 fwd=28683 rows=14685237 fwd_ms=868448.4 eval=0 prior=0
[inst] req=22298624 hits=7607234 fwd=28694 rows=14690869 fwd_ms=868764.5 eval=0 prior=0
[inst] req=22306816 hits=7610070 fwd=28704 rows=14695989 fwd_ms=869051.8 eval=0 prior=0
[inst] req=22315008 hits=7613096 fwd=28714 rows=14701109 fwd_ms=869339.1 eval=0 prior=0
[inst] req=22323200 hits=7616072 fwd=28724 rows=14706229 fwd_ms=869626.5 eval=0 prior=0
[inst] req=22331392 hits=7618972 fwd=28735 rows=14711861 fwd_ms=869942.6 eval=0 prior=0
[inst] req=22339584 hits=7621910 fwd=28745 rows=14716981 fwd_ms=870229.8 eval=0 prior=0
[inst] req=22347776 hits=7624919 fwd=28755 rows=14722101 fwd_ms=870517.1 eval=0 prior=0
[inst] req=22355968 hits=7627664 fwd=28766 rows=14727733 fwd_ms=870833.4 eval=0 prior=0
[inst] req=22364160 hits=7630686 fwd=28776 rows=14732853 fwd_ms=871121.2 eval=0 prior=0
[inst] req=22372352 hits=7633631 fwd=28786 rows=14737973 fwd_ms=871408.4 eval=0 prior=0
[inst] req=22380544 hits=7636576 fwd=28796 rows=14743093 fwd_ms=871695.6 eval=0 prior=0
[inst] req=22388736 hits=7639473 fwd=28807 rows=14748725 fwd_ms=872011.6 eval=0 prior=0
[inst] req=22396928 hits=7642321 fwd=28817 rows=14753845 fwd_ms=872298.6 eval=0 prior=0
[inst] req=22405120 hits=7645296 fwd=28827 rows=14758965 fwd_ms=872585.8 eval=0 prior=0
[inst] req=22413312 hits=7648203 fwd=28837 rows=14764085 fwd_ms=872873.2 eval=0 prior=0
[inst] req=22421504 hits=7650951 fwd=28848 rows=14769717 fwd_ms=873189.3 eval=0 prior=0
[inst] req=22429696 hits=7653837 fwd=28858 rows=14774837 fwd_ms=873476.7 eval=0 prior=0
[inst] req=22437888 hits=7656757 fwd=28869 rows=14780469 fwd_ms=873792.6 eval=0 prior=0
[inst] req=22446080 hits=7659755 fwd=28879 rows=14785589 fwd_ms=874079.6 eval=0 prior=0
[inst] req=22454272 hits=7662629 fwd=28889 rows=14790709 fwd_ms=874366.9 eval=0 prior=0
[inst] req=22462464 hits=7665564 fwd=28900 rows=14796341 fwd_ms=874682.9 eval=0 prior=0
[inst] req=22470656 hits=7668447 fwd=28910 rows=14801461 fwd_ms=874970.1 eval=0 prior=0
[inst] req=22478848 hits=7671222 fwd=28921 rows=14807093 fwd_ms=875286.0 eval=0 prior=0
[inst] req=22487040 hits=7674151 fwd=28931 rows=14812213 fwd_ms=875573.1 eval=0 prior=0
[inst] req=22495232 hits=7677081 fwd=28941 rows=14817333 fwd_ms=875860.3 eval=0 prior=0
[inst] req=22503424 hits=7679986 fwd=28951 rows=14822453 fwd_ms=876147.4 eval=0 prior=0
[inst] req=22511616 hits=7682877 fwd=28962 rows=14828085 fwd_ms=876463.4 eval=0 prior=0
[inst] req=22519808 hits=7685831 fwd=28972 rows=14833205 fwd_ms=876750.9 eval=0 prior=0
[inst] req=22528000 hits=7688736 fwd=28982 rows=14838325 fwd_ms=877038.3 eval=0 prior=0
[inst] req=22536192 hits=7691580 fwd=28993 rows=14843957 fwd_ms=877354.4 eval=0 prior=0
[inst] req=22544384 hits=7694445 fwd=29003 rows=14849077 fwd_ms=877641.9 eval=0 prior=0
[inst] req=22552576 hits=7697401 fwd=29013 rows=14854197 fwd_ms=877929.0 eval=0 prior=0
[inst] req=22560768 hits=7700277 fwd=29024 rows=14859829 fwd_ms=878245.1 eval=0 prior=0
[inst] req=22568960 hits=7703113 fwd=29034 rows=14864949 fwd_ms=878532.4 eval=0 prior=0
[inst] req=22577152 hits=7706012 fwd=29045 rows=14870581 fwd_ms=878848.2 eval=0 prior=0
[inst] req=22585344 hits=7708972 fwd=29055 rows=14875701 fwd_ms=879135.7 eval=0 prior=0
[inst] req=22593536 hits=7711931 fwd=29065 rows=14880821 fwd_ms=879422.9 eval=0 prior=0
[inst] req=22601728 hits=7714838 fwd=29075 rows=14885941 fwd_ms=879710.1 eval=0 prior=0
[inst] req=22609920 hits=7717532 fwd=29086 rows=14891573 fwd_ms=880026.2 eval=0 prior=0
[inst] req=22618112 hits=7720363 fwd=29097 rows=14897205 fwd_ms=880342.0 eval=0 prior=0
[inst] req=22626304 hits=7723267 fwd=29107 rows=14902325 fwd_ms=880629.3 eval=0 prior=0
[inst] req=22634496 hits=7726165 fwd=29117 rows=14907445 fwd_ms=880916.5 eval=0 prior=0
[inst] req=22642688 hits=7729172 fwd=29127 rows=14912565 fwd_ms=881203.7 eval=0 prior=0
[inst] req=22650880 hits=7732068 fwd=29138 rows=14918197 fwd_ms=881519.9 eval=0 prior=0
[inst] req=22659072 hits=7734988 fwd=29148 rows=14923317 fwd_ms=881807.3 eval=0 prior=0
[inst] req=22667264 hits=7737945 fwd=29158 rows=14928437 fwd_ms=882094.5 eval=0 prior=0
[inst] req=22675456 hits=7740843 fwd=29169 rows=14934069 fwd_ms=882410.4 eval=0 prior=0
[inst] req=22683648 hits=7743756 fwd=29179 rows=14939189 fwd_ms=882697.5 eval=0 prior=0
[inst] req=22691840 hits=7746669 fwd=29189 rows=14944309 fwd_ms=882984.8 eval=0 prior=0
[inst] req=22700032 hits=7749600 fwd=29199 rows=14949429 fwd_ms=883271.9 eval=0 prior=0
[inst] req=22708224 hits=7752538 fwd=29210 rows=14955061 fwd_ms=883595.5 eval=0 prior=0
[inst] req=22716416 hits=7755404 fwd=29220 rows=14960181 fwd_ms=883880.8 eval=0 prior=0
[inst] req=22724608 hits=7758263 fwd=29231 rows=14965813 fwd_ms=884194.3 eval=0 prior=0
[inst] req=22732800 hits=7761128 fwd=29241 rows=14970933 fwd_ms=884478.3 eval=0 prior=0
[inst] req=22740992 hits=7763980 fwd=29251 rows=14976053 fwd_ms=884762.8 eval=0 prior=0
[inst] req=22749184 hits=7766955 fwd=29262 rows=14981685 fwd_ms=885075.6 eval=0 prior=0
[inst] req=22757376 hits=7769759 fwd=29272 rows=14986805 fwd_ms=885360.1 eval=0 prior=0
[inst] req=22765568 hits=7772588 fwd=29283 rows=14992437 fwd_ms=885672.7 eval=0 prior=0
[inst] req=22773760 hits=7775486 fwd=29293 rows=14997557 fwd_ms=885956.9 eval=0 prior=0
[inst] req=22781952 hits=7778431 fwd=29303 rows=15002677 fwd_ms=886240.8 eval=0 prior=0
[inst] req=22790144 hits=7781346 fwd=29313 rows=15007797 fwd_ms=886524.6 eval=0 prior=0
[inst] req=22798336 hits=7784236 fwd=29324 rows=15013429 fwd_ms=886836.7 eval=0 prior=0
[inst] req=22806528 hits=7787237 fwd=29334 rows=15018549 fwd_ms=887120.5 eval=0 prior=0
[inst] req=22814720 hits=7790060 fwd=29344 rows=15023669 fwd_ms=887406.0 eval=0 prior=0
[inst] req=22822912 hits=7793160 fwd=29354 rows=15028789 fwd_ms=887690.8 eval=0 prior=0
[inst] req=22831104 hits=7796054 fwd=29365 rows=15034421 fwd_ms=888004.2 eval=0 prior=0
[inst] req=22839296 hits=7798969 fwd=29375 rows=15039541 fwd_ms=888293.9 eval=0 prior=0
[inst] req=22847488 hits=7801953 fwd=29385 rows=15044661 fwd_ms=888577.8 eval=0 prior=0
[inst] req=22855680 hits=7804896 fwd=29395 rows=15049781 fwd_ms=888862.0 eval=0 prior=0
[inst] req=22863872 hits=7807809 fwd=29406 rows=15055413 fwd_ms=889174.2 eval=0 prior=0
[inst] req=22872064 hits=7810679 fwd=29416 rows=15060533 fwd_ms=889458.0 eval=0 prior=0
[inst] req=22880256 hits=7813624 fwd=29426 rows=15065653 fwd_ms=889742.0 eval=0 prior=0
[inst] req=22888448 hits=7816537 fwd=29437 rows=15071285 fwd_ms=890054.1 eval=0 prior=0
[inst] req=22896640 hits=7819358 fwd=29447 rows=15076405 fwd_ms=890337.8 eval=0 prior=0
[inst] req=22904832 hits=7822222 fwd=29458 rows=15082037 fwd_ms=890649.8 eval=0 prior=0
[inst] req=22913024 hits=7825327 fwd=29468 rows=15087157 fwd_ms=890933.4 eval=0 prior=0
[inst] req=22921216 hits=7828348 fwd=29478 rows=15092277 fwd_ms=891222.3 eval=0 prior=0
[inst] req=22929408 hits=7831227 fwd=29488 rows=15097397 fwd_ms=891506.4 eval=0 prior=0
[inst] req=22937600 hits=7834048 fwd=29499 rows=15103029 fwd_ms=891818.9 eval=0 prior=0
[inst] req=22945792 hits=7836911 fwd=29509 rows=15108149 fwd_ms=892103.2 eval=0 prior=0
[inst] req=22953984 hits=7839795 fwd=29519 rows=15113269 fwd_ms=892387.0 eval=0 prior=0
[inst] req=22962176 hits=7842753 fwd=29530 rows=15118901 fwd_ms=892699.5 eval=0 prior=0
[inst] req=22970368 hits=7845643 fwd=29540 rows=15124021 fwd_ms=892988.6 eval=0 prior=0
[inst] req=22978560 hits=7848530 fwd=29550 rows=15129141 fwd_ms=893273.3 eval=0 prior=0
[inst] req=22986752 hits=7851574 fwd=29560 rows=15134261 fwd_ms=893558.0 eval=0 prior=0
[inst] req=22994944 hits=7854486 fwd=29571 rows=15139893 fwd_ms=893871.5 eval=0 prior=0
[inst] req=23003136 hits=7857313 fwd=29581 rows=15145013 fwd_ms=894156.4 eval=0 prior=0
[inst] req=23011328 hits=7860256 fwd=29591 rows=15150133 fwd_ms=894441.5 eval=0 prior=0
[inst] req=23019520 hits=7863055 fwd=29602 rows=15155765 fwd_ms=894755.2 eval=0 prior=0
[inst] req=23027712 hits=7865813 fwd=29612 rows=15160885 fwd_ms=895040.1 eval=0 prior=0
[inst] req=23035904 hits=7868697 fwd=29623 rows=15166517 fwd_ms=895353.6 eval=0 prior=0
[inst] req=23044096 hits=7871701 fwd=29633 rows=15171637 fwd_ms=895638.5 eval=0 prior=0
[inst] req=23052288 hits=7874549 fwd=29643 rows=15176757 fwd_ms=895923.2 eval=0 prior=0
[inst] req=23060480 hits=7877412 fwd=29654 rows=15182389 fwd_ms=896236.6 eval=0 prior=0
[inst] req=23068672 hits=7880275 fwd=29664 rows=15187509 fwd_ms=896521.7 eval=0 prior=0
[inst] req=23076864 hits=7883113 fwd=29675 rows=15193141 fwd_ms=896835.1 eval=0 prior=0
[inst] req=23085056 hits=7886040 fwd=29685 rows=15198261 fwd_ms=897120.0 eval=0 prior=0
[inst] req=23093248 hits=7888942 fwd=29695 rows=15203381 fwd_ms=897409.9 eval=0 prior=0
[inst] req=23101440 hits=7891895 fwd=29706 rows=15209013 fwd_ms=897723.2 eval=0 prior=0
[inst] req=23109632 hits=7894736 fwd=29716 rows=15214133 fwd_ms=898008.2 eval=0 prior=0
[inst] req=23117824 hits=7897696 fwd=29726 rows=15219253 fwd_ms=898293.0 eval=0 prior=0
[inst] req=23126016 hits=7900517 fwd=29737 rows=15224885 fwd_ms=898606.2 eval=0 prior=0
[inst] req=23134208 hits=7903402 fwd=29747 rows=15230005 fwd_ms=898890.9 eval=0 prior=0
[inst] req=23142400 hits=7906295 fwd=29757 rows=15235125 fwd_ms=899175.6 eval=0 prior=0
[inst] req=23150592 hits=7909306 fwd=29768 rows=15240757 fwd_ms=899489.0 eval=0 prior=0
[inst] req=23158784 hits=7912137 fwd=29778 rows=15245877 fwd_ms=899773.8 eval=0 prior=0
[inst] req=23166976 hits=7914961 fwd=29788 rows=15250997 fwd_ms=900058.7 eval=0 prior=0
[inst] req=23175168 hits=7917891 fwd=29799 rows=15256629 fwd_ms=900372.1 eval=0 prior=0
[inst] req=23183360 hits=7920748 fwd=29809 rows=15261749 fwd_ms=900656.9 eval=0 prior=0
[inst] req=23191552 hits=7923554 fwd=29820 rows=15267381 fwd_ms=900970.2 eval=0 prior=0
[inst] req=23199744 hits=7926573 fwd=29830 rows=15272501 fwd_ms=901255.1 eval=0 prior=0
[inst] req=23207936 hits=7929418 fwd=29840 rows=15277621 fwd_ms=901539.8 eval=0 prior=0
[inst] req=23216128 hits=7932377 fwd=29850 rows=15282741 fwd_ms=901824.7 eval=0 prior=0
[inst] req=23224320 hits=7935389 fwd=29861 rows=15288373 fwd_ms=902138.2 eval=0 prior=0
[inst] req=23232512 hits=7938365 fwd=29871 rows=15293493 fwd_ms=902423.1 eval=0 prior=0
[inst] req=23240704 hits=7941398 fwd=29881 rows=15298613 fwd_ms=902707.7 eval=0 prior=0
[inst] req=23248896 hits=7944189 fwd=29891 rows=15303733 fwd_ms=902992.5 eval=0 prior=0
[inst] req=23257088 hits=7947166 fwd=29902 rows=15309365 fwd_ms=903306.2 eval=0 prior=0
[inst] req=23265280 hits=7950082 fwd=29912 rows=15314485 fwd_ms=903591.1 eval=0 prior=0
[inst] req=23273472 hits=7953145 fwd=29922 rows=15319605 fwd_ms=903876.1 eval=0 prior=0
[inst] req=23281664 hits=7956026 fwd=29932 rows=15324725 fwd_ms=904160.9 eval=0 prior=0
[inst] req=23289856 hits=7958872 fwd=29943 rows=15330357 fwd_ms=904474.3 eval=0 prior=0
[inst] req=23298048 hits=7961691 fwd=29953 rows=15335477 fwd_ms=904759.3 eval=0 prior=0
[inst] req=23306240 hits=7964660 fwd=29963 rows=15340597 fwd_ms=905044.5 eval=0 prior=0
[inst] req=23314432 hits=7967618 fwd=29974 rows=15346229 fwd_ms=905357.9 eval=0 prior=0
[inst] req=23322624 hits=7970555 fwd=29984 rows=15351349 fwd_ms=905642.7 eval=0 prior=0
[inst] req=23330816 hits=7973362 fwd=29994 rows=15356469 fwd_ms=905928.9 eval=0 prior=0
[inst] req=23339008 hits=7976330 fwd=30005 rows=15362101 fwd_ms=906242.2 eval=0 prior=0
[inst] req=23347200 hits=7979300 fwd=30015 rows=15367221 fwd_ms=906527.2 eval=0 prior=0
[inst] req=23355392 hits=7982324 fwd=30025 rows=15372341 fwd_ms=906812.1 eval=0 prior=0
[inst] req=23363584 hits=7985259 fwd=30035 rows=15377461 fwd_ms=907096.9 eval=0 prior=0
[inst] req=23371776 hits=7988247 fwd=30045 rows=15382581 fwd_ms=907381.7 eval=0 prior=0
[inst] req=23379968 hits=7991294 fwd=30055 rows=15387701 fwd_ms=907666.8 eval=0 prior=0
[inst] req=23388160 hits=7994225 fwd=30066 rows=15393333 fwd_ms=907980.4 eval=0 prior=0
[inst] req=23396352 hits=7997169 fwd=30076 rows=15398453 fwd_ms=908265.5 eval=0 prior=0
[inst] req=23404544 hits=8000057 fwd=30086 rows=15403573 fwd_ms=908550.7 eval=0 prior=0
[inst] req=23412736 hits=8003026 fwd=30096 rows=15408693 fwd_ms=908835.9 eval=0 prior=0
[inst] req=23420928 hits=8006002 fwd=30107 rows=15414325 fwd_ms=909149.5 eval=0 prior=0
[inst] req=23429120 hits=8008998 fwd=30117 rows=15419445 fwd_ms=909434.5 eval=0 prior=0
[inst] req=23437312 hits=8011968 fwd=30127 rows=15424565 fwd_ms=909719.2 eval=0 prior=0
[inst] req=23445504 hits=8015067 fwd=30137 rows=15429685 fwd_ms=910004.2 eval=0 prior=0
[inst] req=23453696 hits=8018026 fwd=30147 rows=15434805 fwd_ms=910289.1 eval=0 prior=0
[inst] req=23461888 hits=8020960 fwd=30157 rows=15439925 fwd_ms=910574.0 eval=0 prior=0
[inst] req=23470080 hits=8023763 fwd=30168 rows=15445557 fwd_ms=910887.3 eval=0 prior=0
[inst] req=23478272 hits=8026715 fwd=30178 rows=15450677 fwd_ms=911172.0 eval=0 prior=0
[inst] req=23486464 hits=8029764 fwd=30188 rows=15455797 fwd_ms=911456.8 eval=0 prior=0
[inst] req=23494656 hits=8032799 fwd=30198 rows=15460917 fwd_ms=911741.5 eval=0 prior=0
[inst] req=23502848 hits=8035651 fwd=30209 rows=15466549 fwd_ms=912055.0 eval=0 prior=0
[inst] req=23511040 hits=8038654 fwd=30219 rows=15471669 fwd_ms=912339.7 eval=0 prior=0
[inst] req=23519232 hits=8041808 fwd=30229 rows=15476789 fwd_ms=912624.5 eval=0 prior=0
[inst] req=23527424 hits=8044784 fwd=30239 rows=15481909 fwd_ms=912909.1 eval=0 prior=0
[inst] req=23535616 hits=8047687 fwd=30249 rows=15487029 fwd_ms=913193.9 eval=0 prior=0
[inst] req=23543808 hits=8050648 fwd=30259 rows=15492149 fwd_ms=913478.8 eval=0 prior=0
[inst] req=23552000 hits=8053521 fwd=30270 rows=15497781 fwd_ms=913792.1 eval=0 prior=0
[inst] req=23560192 hits=8056242 fwd=30281 rows=15503413 fwd_ms=914105.6 eval=0 prior=0
[inst] req=23568384 hits=8059025 fwd=30291 rows=15508533 fwd_ms=914390.5 eval=0 prior=0
[inst] req=23576576 hits=8061784 fwd=30302 rows=15514165 fwd_ms=914704.0 eval=0 prior=0
[inst] req=23584768 hits=8064724 fwd=30312 rows=15519285 fwd_ms=914989.0 eval=0 prior=0
[inst] req=23592960 hits=8067790 fwd=30322 rows=15524405 fwd_ms=915274.0 eval=0 prior=0
[inst] req=23601152 hits=8070872 fwd=30332 rows=15529525 fwd_ms=915558.7 eval=0 prior=0
[inst] req=23609344 hits=8073772 fwd=30342 rows=15534645 fwd_ms=915843.7 eval=0 prior=0
[inst] req=23617536 hits=8076694 fwd=30353 rows=15540277 fwd_ms=916157.0 eval=0 prior=0
[inst] req=23625728 hits=8079562 fwd=30363 rows=15545397 fwd_ms=916442.0 eval=0 prior=0
[inst] req=23633920 hits=8082564 fwd=30373 rows=15550517 fwd_ms=916727.0 eval=0 prior=0
[inst] req=23642112 hits=8085480 fwd=30383 rows=15555637 fwd_ms=917012.0 eval=0 prior=0
[inst] req=23650304 hits=8088460 fwd=30394 rows=15561269 fwd_ms=917325.7 eval=0 prior=0
[inst] req=23658496 hits=8091418 fwd=30404 rows=15566389 fwd_ms=917611.0 eval=0 prior=0
[inst] req=23666688 hits=8094480 fwd=30414 rows=15571509 fwd_ms=917896.3 eval=0 prior=0
[inst] req=23674880 hits=8097507 fwd=30424 rows=15576629 fwd_ms=918181.6 eval=0 prior=0
[inst] req=23683072 hits=8100483 fwd=30434 rows=15581749 fwd_ms=918466.9 eval=0 prior=0
[inst] req=23691264 hits=8103509 fwd=30444 rows=15586869 fwd_ms=918752.5 eval=0 prior=0
[inst] req=23699456 hits=8106468 fwd=30454 rows=15591989 fwd_ms=919037.9 eval=0 prior=0
[inst] req=23707648 hits=8109296 fwd=30465 rows=15597621 fwd_ms=919351.8 eval=0 prior=0
[inst] req=23715840 hits=8112187 fwd=30475 rows=15602741 fwd_ms=919637.2 eval=0 prior=0
[inst] req=23724032 hits=8114977 fwd=30486 rows=15608373 fwd_ms=919951.3 eval=0 prior=0
[inst] req=23732224 hits=8117937 fwd=30496 rows=15613493 fwd_ms=920236.5 eval=0 prior=0
[inst] req=23740416 hits=8120992 fwd=30506 rows=15618613 fwd_ms=920521.6 eval=0 prior=0
[inst] req=23748608 hits=8124000 fwd=30516 rows=15623733 fwd_ms=920806.8 eval=0 prior=0
[inst] req=23756800 hits=8126999 fwd=30526 rows=15628853 fwd_ms=921092.1 eval=0 prior=0
[inst] req=23764992 hits=8129922 fwd=30537 rows=15634485 fwd_ms=921405.7 eval=0 prior=0
[inst] req=23773184 hits=8132884 fwd=30547 rows=15639605 fwd_ms=921690.9 eval=0 prior=0
[inst] req=23781376 hits=8135801 fwd=30557 rows=15644725 fwd_ms=922318.8 eval=0 prior=0
[inst] req=23789568 hits=8138503 fwd=30568 rows=15650357 fwd_ms=923199.6 eval=0 prior=0
[inst] req=23797760 hits=8140936 fwd=30579 rows=15655989 fwd_ms=924095.7 eval=0 prior=0
[inst] req=23805952 hits=8143470 fwd=30590 rows=15661621 fwd_ms=924851.8 eval=0 prior=0
[inst] req=23814144 hits=8146383 fwd=30600 rows=15666741 fwd_ms=925648.1 eval=0 prior=0
[inst] req=23822336 hits=8149627 fwd=30610 rows=15671861 fwd_ms=926394.9 eval=0 prior=0
[inst] req=23830528 hits=8153125 fwd=30619 rows=15676469 fwd_ms=927113.8 eval=0 prior=0
[inst] req=23838720 hits=8156920 fwd=30628 rows=15681077 fwd_ms=927817.6 eval=0 prior=0
[inst] req=23846912 hits=8160541 fwd=30637 rows=15685685 fwd_ms=928529.0 eval=0 prior=0
[inst] req=23855104 hits=8164123 fwd=30646 rows=15690293 fwd_ms=929227.0 eval=0 prior=0
[inst] req=23863296 hits=8167791 fwd=30655 rows=15694901 fwd_ms=929884.5 eval=0 prior=0
[inst] req=23871488 hits=8171278 fwd=30664 rows=15699509 fwd_ms=930647.1 eval=0 prior=0
[inst] req=23879680 hits=8174925 fwd=30673 rows=15704117 fwd_ms=931288.5 eval=0 prior=0
[inst] req=23887872 hits=8178734 fwd=30681 rows=15708213 fwd_ms=931964.6 eval=0 prior=0
[inst] req=23896064 hits=8182824 fwd=30689 rows=15712309 fwd_ms=932555.1 eval=0 prior=0
[inst] req=23904256 hits=8186877 fwd=30697 rows=15716405 fwd_ms=933130.8 eval=0 prior=0
[inst] req=23912448 hits=8191184 fwd=30705 rows=15720501 fwd_ms=933819.3 eval=0 prior=0
[inst] req=23920640 hits=8195067 fwd=30713 rows=15724597 fwd_ms=934430.0 eval=0 prior=0
[inst] req=23928832 hits=8199026 fwd=30722 rows=15729205 fwd_ms=935022.8 eval=0 prior=0
[inst] req=23937024 hits=8203079 fwd=30730 rows=15733301 fwd_ms=935698.2 eval=0 prior=0
[inst] req=23945216 hits=8207044 fwd=30738 rows=15737397 fwd_ms=936270.3 eval=0 prior=0
[inst] req=23953408 hits=8210749 fwd=30747 rows=15742005 fwd_ms=936930.6 eval=0 prior=0
[inst] req=23961600 hits=8214297 fwd=30756 rows=15746613 fwd_ms=937603.5 eval=0 prior=0
[inst] req=23969792 hits=8218168 fwd=30764 rows=15750709 fwd_ms=938208.7 eval=0 prior=0
[inst] req=23977984 hits=8222200 fwd=30772 rows=15754805 fwd_ms=938766.4 eval=0 prior=0
[inst] req=23986176 hits=8226659 fwd=30780 rows=15758901 fwd_ms=939113.7 eval=0 prior=0
[inst] req=23994368 hits=8230860 fwd=30787 rows=15762485 fwd_ms=939316.3 eval=0 prior=0
[inst] req=24002560 hits=8235318 fwd=30795 rows=15766581 fwd_ms=939547.3 eval=0 prior=0
[inst] req=24010752 hits=8239797 fwd=30802 rows=15770165 fwd_ms=939749.8 eval=0 prior=0
[inst] req=24018944 hits=8243041 fwd=30812 rows=15775285 fwd_ms=940048.8 eval=0 prior=0
[inst] req=24027136 hits=8243778 fwd=30826 rows=15782453 fwd_ms=940447.7 eval=0 prior=0
[inst] req=24035328 hits=8244914 fwd=30840 rows=15789621 fwd_ms=940846.5 eval=0 prior=0
[inst] req=24043520 hits=8246508 fwd=30853 rows=15796277 fwd_ms=941216.9 eval=0 prior=0
[inst] req=24051712 hits=8248505 fwd=30865 rows=15802421 fwd_ms=941559.0 eval=0 prior=0
[inst] req=24059904 hits=8250941 fwd=30876 rows=15808053 fwd_ms=941872.3 eval=0 prior=0
[inst] req=24068096 hits=8253748 fwd=30887 rows=15813685 fwd_ms=942185.7 eval=0 prior=0
[inst] req=24076288 hits=8257051 fwd=30896 rows=15818293 fwd_ms=942442.2 eval=0 prior=0
[inst] req=24084480 hits=8260503 fwd=30906 rows=15823413 fwd_ms=942727.1 eval=0 prior=0
[inst] req=24092672 hits=8264471 fwd=30914 rows=15827509 fwd_ms=942955.2 eval=0 prior=0
[inst] req=24100864 hits=8268766 fwd=30921 rows=15831093 fwd_ms=943154.7 eval=0 prior=0
[inst] req=24109056 hits=8273302 fwd=30929 rows=15835189 fwd_ms=943382.8 eval=0 prior=0
[inst] req=24117248 hits=8279054 fwd=30933 rows=15837237 fwd_ms=943496.8 eval=0 prior=0
[inst] req=24125440 hits=8284233 fwd=30939 rows=15840309 fwd_ms=943667.8 eval=0 prior=0
[inst] req=24133632 hits=8288970 fwd=30946 rows=15843893 fwd_ms=943867.2 eval=0 prior=0
[inst] req=24141824 hits=8293258 fwd=30954 rows=15847989 fwd_ms=944095.1 eval=0 prior=0
[inst] req=24150016 hits=8297161 fwd=30962 rows=15852085 fwd_ms=944323.1 eval=0 prior=0
[inst] req=24158208 hits=8300760 fwd=30971 rows=15856693 fwd_ms=944579.5 eval=0 prior=0
[inst] req=24166400 hits=8304288 fwd=30980 rows=15861301 fwd_ms=944835.9 eval=0 prior=0
[inst] req=24174592 hits=8307733 fwd=30989 rows=15865909 fwd_ms=945092.3 eval=0 prior=0
[inst] req=24182784 hits=8310906 fwd=30999 rows=15871029 fwd_ms=945377.3 eval=0 prior=0
[inst] req=24190976 hits=8314242 fwd=31009 rows=15876149 fwd_ms=945662.2 eval=0 prior=0
[inst] req=24199168 hits=8317490 fwd=31018 rows=15880757 fwd_ms=945918.8 eval=0 prior=0
[inst] req=24207360 hits=8321042 fwd=31027 rows=15885365 fwd_ms=946175.1 eval=0 prior=0
[inst] req=24215552 hits=8324417 fwd=31037 rows=15890485 fwd_ms=946460.0 eval=0 prior=0
[inst] req=24223744 hits=8328036 fwd=31046 rows=15895093 fwd_ms=946716.7 eval=0 prior=0
[inst] req=24231936 hits=8332163 fwd=31054 rows=15899189 fwd_ms=946944.9 eval=0 prior=0
[inst] req=24240128 hits=8336643 fwd=31061 rows=15902773 fwd_ms=947144.3 eval=0 prior=0
[inst] req=24248320 hits=8341447 fwd=31068 rows=15906357 fwd_ms=947343.8 eval=0 prior=0
[inst] req=24256512 hits=8346173 fwd=31074 rows=15909429 fwd_ms=947514.9 eval=0 prior=0
[inst] req=24264704 hits=8350969 fwd=31081 rows=15913013 fwd_ms=947714.6 eval=0 prior=0
[inst] req=24272896 hits=8355952 fwd=31087 rows=15916085 fwd_ms=947885.6 eval=0 prior=0
[inst] req=24281088 hits=8360725 fwd=31094 rows=15919669 fwd_ms=948085.0 eval=0 prior=0
[inst] req=24289280 hits=8365634 fwd=31100 rows=15922741 fwd_ms=948256.8 eval=0 prior=0
[inst] req=24297472 hits=8370171 fwd=31107 rows=15926325 fwd_ms=948456.7 eval=0 prior=0
[inst] req=24305664 hits=8374771 fwd=31114 rows=15929909 fwd_ms=948656.6 eval=0 prior=0
[inst] req=24313856 hits=8379317 fwd=31122 rows=15934005 fwd_ms=948885.6 eval=0 prior=0
[inst] req=24322048 hits=8383635 fwd=31129 rows=15937589 fwd_ms=949085.8 eval=0 prior=0
[inst] req=24330240 hits=8387738 fwd=31137 rows=15941685 fwd_ms=949314.2 eval=0 prior=0
[inst] req=24338432 hits=8391537 fwd=31146 rows=15946293 fwd_ms=949571.2 eval=0 prior=0
[inst] req=24346624 hits=8395184 fwd=31155 rows=15950901 fwd_ms=949828.2 eval=0 prior=0
[inst] req=24354816 hits=8398802 fwd=31163 rows=15954997 fwd_ms=950056.6 eval=0 prior=0
[inst] req=24363008 hits=8402364 fwd=31173 rows=15960117 fwd_ms=950342.0 eval=0 prior=0
[inst] req=24371200 hits=8405704 fwd=31182 rows=15964725 fwd_ms=950599.0 eval=0 prior=0
[inst] req=24379392 hits=8409529 fwd=31191 rows=15969333 fwd_ms=950856.2 eval=0 prior=0
[inst] req=24387584 hits=8413331 fwd=31199 rows=15973429 fwd_ms=951084.4 eval=0 prior=0
[inst] req=24395776 hits=8417331 fwd=31207 rows=15977525 fwd_ms=951312.7 eval=0 prior=0
[inst] req=24403968 hits=8421030 fwd=31216 rows=15982133 fwd_ms=951569.5 eval=0 prior=0
[inst] req=24412160 hits=8425437 fwd=31223 rows=15985717 fwd_ms=951769.3 eval=0 prior=0
[inst] req=24420352 hits=8429816 fwd=31231 rows=15989813 fwd_ms=951997.6 eval=0 prior=0
[inst] req=24428544 hits=8434155 fwd=31238 rows=15993397 fwd_ms=952197.3 eval=0 prior=0
[inst] req=24436736 hits=8438625 fwd=31246 rows=15997493 fwd_ms=952425.6 eval=0 prior=0
[inst] req=24444928 hits=8443311 fwd=31253 rows=16001077 fwd_ms=952625.4 eval=0 prior=0
[inst] req=24453120 hits=8447729 fwd=31260 rows=16004661 fwd_ms=952825.2 eval=0 prior=0
[inst] req=24461312 hits=8452193 fwd=31267 rows=16008245 fwd_ms=953025.2 eval=0 prior=0
[inst] req=24469504 hits=8456560 fwd=31275 rows=16012341 fwd_ms=953253.9 eval=0 prior=0
[inst] req=24477696 hits=8461073 fwd=31282 rows=16015925 fwd_ms=953453.8 eval=0 prior=0
[inst] req=24485888 hits=8465443 fwd=31289 rows=16019509 fwd_ms=953653.6 eval=0 prior=0
[inst] req=24494080 hits=8469679 fwd=31297 rows=16023605 fwd_ms=953881.9 eval=0 prior=0
[inst] req=24502272 hits=8474066 fwd=31304 rows=16027189 fwd_ms=954081.6 eval=0 prior=0
[inst] req=24510464 hits=8477967 fwd=31313 rows=16031797 fwd_ms=954339.0 eval=0 prior=0
[inst] req=24518656 hits=8481775 fwd=31321 rows=16035893 fwd_ms=954567.4 eval=0 prior=0
[inst] req=24526848 hits=8485731 fwd=31330 rows=16040501 fwd_ms=954824.4 eval=0 prior=0
[inst] req=24535040 hits=8489729 fwd=31338 rows=16044597 fwd_ms=955053.4 eval=0 prior=0
[inst] req=24543232 hits=8493676 fwd=31346 rows=16048693 fwd_ms=955281.9 eval=0 prior=0
[inst] req=24551424 hits=8497534 fwd=31355 rows=16053301 fwd_ms=955539.2 eval=0 prior=0
[inst] req=24559616 hits=8501515 fwd=31363 rows=16057397 fwd_ms=955767.8 eval=0 prior=0
[inst] req=24567808 hits=8505571 fwd=31371 rows=16061493 fwd_ms=955996.5 eval=0 prior=0
[inst] req=24576000 hits=8509788 fwd=31379 rows=16065589 fwd_ms=956225.2 eval=0 prior=0
[inst] req=24584192 hits=8513989 fwd=31387 rows=16069685 fwd_ms=956454.0 eval=0 prior=0
[inst] req=24592384 hits=8517906 fwd=31395 rows=16073781 fwd_ms=956682.9 eval=0 prior=0
[inst] req=24600576 hits=8522015 fwd=31403 rows=16077877 fwd_ms=956911.9 eval=0 prior=0
[inst] req=24608768 hits=8526193 fwd=31411 rows=16081973 fwd_ms=957140.9 eval=0 prior=0
[inst] req=24616960 hits=8530267 fwd=31419 rows=16086069 fwd_ms=957369.8 eval=0 prior=0
[inst] req=24625152 hits=8534524 fwd=31426 rows=16089653 fwd_ms=957570.2 eval=0 prior=0
[inst] req=24633344 hits=8538893 fwd=31434 rows=16093749 fwd_ms=957799.0 eval=0 prior=0
[inst] req=24641536 hits=8543404 fwd=31441 rows=16097333 fwd_ms=957999.2 eval=0 prior=0
[inst] req=24649728 hits=8547788 fwd=31448 rows=16100917 fwd_ms=958199.3 eval=0 prior=0
[inst] req=24657920 hits=8552090 fwd=31456 rows=16105013 fwd_ms=958428.1 eval=0 prior=0
[inst] req=24666112 hits=8556187 fwd=31464 rows=16109109 fwd_ms=958657.0 eval=0 prior=0
[inst] req=24674304 hits=8560621 fwd=31471 rows=16112693 fwd_ms=958857.1 eval=0 prior=0
[inst] req=24682496 hits=8564853 fwd=31479 rows=16116789 fwd_ms=959085.9 eval=0 prior=0
[inst] req=24690688 hits=8568992 fwd=31487 rows=16120885 fwd_ms=959314.7 eval=0 prior=0
[inst] req=24698880 hits=8573130 fwd=31495 rows=16124981 fwd_ms=959543.7 eval=0 prior=0
[inst] req=24707072 hits=8577182 fwd=31503 rows=16129077 fwd_ms=959772.4 eval=0 prior=0
[inst] req=24715264 hits=8581490 fwd=31511 rows=16133173 fwd_ms=960001.2 eval=0 prior=0
[inst] req=24723456 hits=8585480 fwd=31519 rows=16137269 fwd_ms=960229.7 eval=0 prior=0
[inst] req=24731648 hits=8589682 fwd=31527 rows=16141365 fwd_ms=960458.5 eval=0 prior=0
[inst] req=24739840 hits=8593836 fwd=31535 rows=16145461 fwd_ms=960687.3 eval=0 prior=0
[inst] req=24748032 hits=8598007 fwd=31542 rows=16149045 fwd_ms=960887.3 eval=0 prior=0
[inst] req=24756224 hits=8602059 fwd=31550 rows=16153141 fwd_ms=961116.0 eval=0 prior=0
[inst] req=24764416 hits=8605988 fwd=31559 rows=16157749 fwd_ms=961373.5 eval=0 prior=0
[inst] req=24772608 hits=8609952 fwd=31567 rows=16161845 fwd_ms=961602.1 eval=0 prior=0
[inst] req=24780800 hits=8614170 fwd=31575 rows=16165941 fwd_ms=961830.8 eval=0 prior=0
[inst] req=24788992 hits=8618453 fwd=31582 rows=16169525 fwd_ms=962030.9 eval=0 prior=0
[inst] req=24797184 hits=8622760 fwd=31590 rows=16173621 fwd_ms=962259.7 eval=0 prior=0
[inst] req=24805376 hits=8627001 fwd=31598 rows=16177717 fwd_ms=962488.9 eval=0 prior=0
[inst] req=24813568 hits=8631239 fwd=31606 rows=16181813 fwd_ms=962717.6 eval=0 prior=0
[inst] req=24821760 hits=8635588 fwd=31613 rows=16185397 fwd_ms=962917.9 eval=0 prior=0
[inst] req=24829952 hits=8639486 fwd=31621 rows=16189493 fwd_ms=963146.7 eval=0 prior=0
[inst] req=24838144 hits=8643647 fwd=31629 rows=16193589 fwd_ms=963375.5 eval=0 prior=0
[inst] req=24846336 hits=8647772 fwd=31637 rows=16197685 fwd_ms=963604.3 eval=0 prior=0
[inst] req=24854528 hits=8651805 fwd=31645 rows=16201781 fwd_ms=963833.2 eval=0 prior=0
[inst] req=24862720 hits=8655944 fwd=31653 rows=16205877 fwd_ms=964061.9 eval=0 prior=0
[inst] req=24870912 hits=8660008 fwd=31661 rows=16209973 fwd_ms=964290.7 eval=0 prior=0
[inst] req=24879104 hits=8664135 fwd=31669 rows=16214069 fwd_ms=964519.7 eval=0 prior=0
[inst] req=24887296 hits=8668295 fwd=31677 rows=16218165 fwd_ms=964748.6 eval=0 prior=0
[inst] req=24895488 hits=8672356 fwd=31685 rows=16222261 fwd_ms=964977.3 eval=0 prior=0
[inst] req=24903680 hits=8676391 fwd=31693 rows=16226357 fwd_ms=965205.5 eval=0 prior=0
[inst] req=24911872 hits=8680433 fwd=31701 rows=16230453 fwd_ms=965433.5 eval=0 prior=0
[inst] req=24920064 hits=8684492 fwd=31709 rows=16234549 fwd_ms=965661.8 eval=0 prior=0
[inst] req=24928256 hits=8688859 fwd=31717 rows=16238645 fwd_ms=965890.1 eval=0 prior=0
[inst] req=24936448 hits=8693137 fwd=31725 rows=16242741 fwd_ms=966118.2 eval=0 prior=0
[inst] req=24944640 hits=8697383 fwd=31732 rows=16246325 fwd_ms=966317.8 eval=0 prior=0
[inst] req=24952832 hits=8701577 fwd=31740 rows=16250421 fwd_ms=966545.8 eval=0 prior=0
[inst] req=24961024 hits=8705696 fwd=31748 rows=16254517 fwd_ms=966774.0 eval=0 prior=0
[inst] req=24969216 hits=8709786 fwd=31756 rows=16258613 fwd_ms=967002.0 eval=0 prior=0
[inst] req=24977408 hits=8714159 fwd=31764 rows=16262709 fwd_ms=967230.2 eval=0 prior=0
[inst] req=24985600 hits=8718433 fwd=31771 rows=16266293 fwd_ms=967429.8 eval=0 prior=0
[inst] req=24993792 hits=8722513 fwd=31779 rows=16270389 fwd_ms=967657.9 eval=0 prior=0
[inst] req=25001984 hits=8726860 fwd=31787 rows=16274485 fwd_ms=967886.0 eval=0 prior=0
[inst] req=25010176 hits=8731118 fwd=31794 rows=16278069 fwd_ms=968085.7 eval=0 prior=0
[inst] req=25018368 hits=8735354 fwd=31802 rows=16282165 fwd_ms=968313.7 eval=0 prior=0
[inst] req=25026560 hits=8739547 fwd=31810 rows=16286261 fwd_ms=968541.9 eval=0 prior=0
[inst] req=25034752 hits=8743586 fwd=31818 rows=16290357 fwd_ms=968770.2 eval=0 prior=0
[inst] req=25042944 hits=8747671 fwd=31826 rows=16294453 fwd_ms=968998.1 eval=0 prior=0
[inst] req=25051136 hits=8751824 fwd=31834 rows=16298549 fwd_ms=969226.1 eval=0 prior=0
[inst] req=25059328 hits=8755721 fwd=31842 rows=16302645 fwd_ms=969454.0 eval=0 prior=0
[inst] req=25067520 hits=8760022 fwd=31850 rows=16306741 fwd_ms=969682.0 eval=0 prior=0
[inst] req=25075712 hits=8764033 fwd=31858 rows=16310837 fwd_ms=969909.9 eval=0 prior=0
[inst] req=25083904 hits=8768284 fwd=31866 rows=16314933 fwd_ms=970137.9 eval=0 prior=0
[inst] req=25092096 hits=8772795 fwd=31873 rows=16318517 fwd_ms=970337.4 eval=0 prior=0
[inst] req=25100288 hits=8776759 fwd=31881 rows=16322613 fwd_ms=970565.3 eval=0 prior=0
[inst] req=25108480 hits=8780998 fwd=31889 rows=16326709 fwd_ms=970793.4 eval=0 prior=0
[inst] req=25116672 hits=8785230 fwd=31897 rows=16330805 fwd_ms=971021.2 eval=0 prior=0
[inst] req=25124864 hits=8789320 fwd=31905 rows=16334901 fwd_ms=971249.1 eval=0 prior=0
[inst] req=25133056 hits=8793407 fwd=31913 rows=16338997 fwd_ms=971477.1 eval=0 prior=0
[inst] req=25141248 hits=8797654 fwd=31920 rows=16342581 fwd_ms=971676.6 eval=0 prior=0
[inst] req=25149440 hits=8801897 fwd=31928 rows=16346677 fwd_ms=971904.7 eval=0 prior=0
[inst] req=25157632 hits=8806041 fwd=31936 rows=16350773 fwd_ms=972132.6 eval=0 prior=0
[inst] req=25165824 hits=8810161 fwd=31944 rows=16354869 fwd_ms=972360.4 eval=0 prior=0
[inst] req=25174016 hits=8814481 fwd=31952 rows=16358965 fwd_ms=972588.3 eval=0 prior=0
[inst] req=25182208 hits=8818504 fwd=31960 rows=16363061 fwd_ms=972816.2 eval=0 prior=0
[inst] req=25190400 hits=8822492 fwd=31968 rows=16367157 fwd_ms=973044.1 eval=0 prior=0
[inst] req=25198592 hits=8826416 fwd=31976 rows=16371253 fwd_ms=973271.9 eval=0 prior=0
[inst] req=25206784 hits=8830453 fwd=31984 rows=16375349 fwd_ms=973499.7 eval=0 prior=0
[inst] req=25214976 hits=8834463 fwd=31993 rows=16379957 fwd_ms=973756.0 eval=0 prior=0
[inst] req=25223168 hits=8838714 fwd=32000 rows=16383541 fwd_ms=973955.7 eval=0 prior=0
[inst] req=25231360 hits=8842922 fwd=32008 rows=16387637 fwd_ms=974183.8 eval=0 prior=0
[inst] req=25239552 hits=8847127 fwd=32016 rows=16391733 fwd_ms=974411.8 eval=0 prior=0
[inst] req=25247744 hits=8851108 fwd=32024 rows=16395829 fwd_ms=974639.6 eval=0 prior=0
[inst] req=25255936 hits=8855016 fwd=32032 rows=16399925 fwd_ms=974867.5 eval=0 prior=0
[inst] req=25264128 hits=8858979 fwd=32041 rows=16404533 fwd_ms=975123.8 eval=0 prior=0
[inst] req=25272320 hits=8863104 fwd=32049 rows=16408629 fwd_ms=975351.6 eval=0 prior=0
[inst] req=25280512 hits=8867128 fwd=32057 rows=16412725 fwd_ms=975579.6 eval=0 prior=0
[inst] req=25288704 hits=8871137 fwd=32065 rows=16416821 fwd_ms=975807.5 eval=0 prior=0
[inst] req=25296896 hits=8875147 fwd=32073 rows=16420917 fwd_ms=976035.4 eval=0 prior=0
[inst] req=25305088 hits=8879474 fwd=32081 rows=16425013 fwd_ms=976263.4 eval=0 prior=0
[inst] req=25313280 hits=8883799 fwd=32088 rows=16428597 fwd_ms=976462.8 eval=0 prior=0
[inst] req=25321472 hits=8888016 fwd=32096 rows=16432693 fwd_ms=976690.6 eval=0 prior=0
[inst] req=25329664 hits=8892319 fwd=32104 rows=16436789 fwd_ms=976918.9 eval=0 prior=0
[inst] req=25337856 hits=8896488 fwd=32111 rows=16440373 fwd_ms=977118.5 eval=0 prior=0
[inst] req=25346048 hits=8900664 fwd=32119 rows=16444469 fwd_ms=977346.4 eval=0 prior=0
[inst] req=25354240 hits=8904840 fwd=32127 rows=16448565 fwd_ms=977574.3 eval=0 prior=0
[inst] req=25362432 hits=8909088 fwd=32135 rows=16452661 fwd_ms=977802.3 eval=0 prior=0
[inst] req=25370624 hits=8913315 fwd=32143 rows=16456757 fwd_ms=978030.2 eval=0 prior=0
[inst] req=25378816 hits=8917505 fwd=32150 rows=16460341 fwd_ms=978229.7 eval=0 prior=0
[inst] req=25387008 hits=8921797 fwd=32158 rows=16464437 fwd_ms=978458.1 eval=0 prior=0
[inst] req=25395200 hits=8925893 fwd=32166 rows=16468533 fwd_ms=978686.2 eval=0 prior=0
[inst] req=25403392 hits=8929674 fwd=32175 rows=16473141 fwd_ms=978942.9 eval=0 prior=0
[inst] req=25411584 hits=8933747 fwd=32183 rows=16477237 fwd_ms=979171.2 eval=0 prior=0
[inst] req=25419776 hits=8937756 fwd=32191 rows=16481333 fwd_ms=979399.4 eval=0 prior=0
[inst] req=25427968 hits=8941895 fwd=32199 rows=16485429 fwd_ms=979627.6 eval=0 prior=0
[inst] req=25436160 hits=8945948 fwd=32207 rows=16489525 fwd_ms=979856.0 eval=0 prior=0
[inst] req=25444352 hits=8949849 fwd=32215 rows=16493621 fwd_ms=980084.4 eval=0 prior=0
[inst] req=25452544 hits=8953906 fwd=32223 rows=16497717 fwd_ms=980312.8 eval=0 prior=0
[inst] req=25460736 hits=8958090 fwd=32231 rows=16501813 fwd_ms=980541.1 eval=0 prior=0
[inst] req=25468928 hits=8962006 fwd=32239 rows=16505909 fwd_ms=980769.4 eval=0 prior=0
[inst] req=25477120 hits=8966286 fwd=32247 rows=16510005 fwd_ms=980997.5 eval=0 prior=0
[inst] req=25485312 hits=8970438 fwd=32255 rows=16514101 fwd_ms=981225.4 eval=0 prior=0
[inst] req=25493504 hits=8974806 fwd=32262 rows=16517685 fwd_ms=981425.0 eval=0 prior=0
[inst] req=25501696 hits=8978939 fwd=32270 rows=16521781 fwd_ms=981653.1 eval=0 prior=0
[inst] req=25509888 hits=8983173 fwd=32278 rows=16525877 fwd_ms=981881.2 eval=0 prior=0
[inst] req=25518080 hits=8987446 fwd=32286 rows=16529973 fwd_ms=982109.3 eval=0 prior=0
[inst] req=25526272 hits=8991537 fwd=32294 rows=16534069 fwd_ms=982338.0 eval=0 prior=0
[inst] req=25534464 hits=8995715 fwd=32302 rows=16538165 fwd_ms=982733.7 eval=0 prior=0
