Logging directory: /home/ubuntu/rl/reinfors-benchmarks/runs/v1_grid/os_a512b256/cycle2/throughput
Creating model: /home/ubuntu/rl/reinfors-benchmarks/runs/v1_grid/os_a512b256/cycle2/throughput/vpnet.pb
Playing game: chess
Loading model from step 0
[W TensorCompare.cpp:530] Warning: where received a uint8 condition tensor. This behavior is deprecated and will be removed in a future version of PyTorch. Use a boolean condition instead. (function operator())
[inst] req=8192 hits=1228 fwd=26 rows=6452 fwd_ms=646.8 eval=0 prior=0
[inst] req=16384 hits=3020 fwd=51 rows=12852 fwd_ms=1018.5 eval=0 prior=0
[inst] req=24576 hits=6348 fwd=70 rows=17716 fwd_ms=1300.6 eval=0 prior=0
[inst] req=32768 hits=9676 fwd=89 rows=22580 fwd_ms=1582.0 eval=0 prior=0
[inst] req=40960 hits=10956 fwd=116 rows=29492 fwd_ms=1981.6 eval=0 prior=0
[inst] req=49152 hits=13629 fwd=138 rows=35124 fwd_ms=2307.7 eval=0 prior=0
[inst] req=57344 hits=14855 fwd=165 rows=42036 fwd_ms=2707.5 eval=0 prior=0
[inst] req=65536 hits=18389 fwd=183 rows=46644 fwd_ms=2975.0 eval=0 prior=0
[inst] req=73728 hits=21885 fwd=202 rows=51508 fwd_ms=3257.7 eval=0 prior=0
[inst] req=81920 hits=25900 fwd=218 rows=55604 fwd_ms=3495.4 eval=0 prior=0
[inst] req=90112 hits=28844 fwd=239 rows=60980 fwd_ms=3807.8 eval=0 prior=0
[inst] req=98304 hits=31726 fwd=259 rows=66100 fwd_ms=4105.1 eval=0 prior=0
[inst] req=106496 hits=35357 fwd=277 rows=70708 fwd_ms=4373.5 eval=0 prior=0
[inst] req=114688 hits=39358 fwd=294 rows=75060 fwd_ms=4629.0 eval=0 prior=0
[inst] req=122880 hits=43646 fwd=309 rows=78900 fwd_ms=4852.2 eval=0 prior=0
[inst] req=131072 hits=47752 fwd=325 rows=82996 fwd_ms=5090.8 eval=0 prior=0
[inst] req=139264 hits=50841 fwd=345 rows=88116 fwd_ms=5388.9 eval=0 prior=0
[inst] req=147456 hits=53657 fwd=366 rows=93492 fwd_ms=5702.4 eval=0 prior=0
[inst] req=155648 hits=56506 fwd=387 rows=98868 fwd_ms=6017.3 eval=0 prior=0
[inst] req=163840 hits=59430 fwd=407 rows=103988 fwd_ms=6315.0 eval=0 prior=0
[inst] req=172032 hits=62408 fwd=428 rows=109364 fwd_ms=6627.4 eval=0 prior=0
[inst] req=180224 hits=65132 fwd=449 rows=114740 fwd_ms=6941.0 eval=0 prior=0
[inst] req=188416 hits=67546 fwd=471 rows=120372 fwd_ms=7270.2 eval=0 prior=0
[inst] req=196608 hits=69991 fwd=494 rows=126260 fwd_ms=7613.3 eval=0 prior=0
[inst] req=204800 hits=72516 fwd=516 rows=131892 fwd_ms=7942.2 eval=0 prior=0
[inst] req=212992 hits=75352 fwd=537 rows=137268 fwd_ms=8258.2 eval=0 prior=0
[inst] req=221184 hits=78328 fwd=557 rows=142388 fwd_ms=8556.8 eval=0 prior=0
[inst] req=229376 hits=80762 fwd=580 rows=148276 fwd_ms=8901.2 eval=0 prior=0
[inst] req=237568 hits=83375 fwd=602 rows=153908 fwd_ms=9231.6 eval=0 prior=0
[inst] req=245760 hits=85616 fwd=625 rows=159796 fwd_ms=9575.2 eval=0 prior=0
[inst] req=253952 hits=88016 fwd=647 rows=165428 fwd_ms=9903.4 eval=0 prior=0
[inst] req=262144 hits=90683 fwd=669 rows=171060 fwd_ms=10235.6 eval=0 prior=0
[inst] req=270336 hits=93211 fwd=691 rows=176692 fwd_ms=10562.8 eval=0 prior=0
[inst] req=278528 hits=95499 fwd=714 rows=182580 fwd_ms=10919.1 eval=0 prior=0
[inst] req=286720 hits=97861 fwd=737 rows=188468 fwd_ms=11332.0 eval=0 prior=0
[inst] req=294912 hits=100325 fwd=759 rows=194100 fwd_ms=11727.4 eval=0 prior=0
[inst] req=303104 hits=103117 fwd=780 rows=199476 fwd_ms=12104.1 eval=0 prior=0
[inst] req=311296 hits=105926 fwd=802 rows=205108 fwd_ms=12487.3 eval=0 prior=0
[inst] req=319488 hits=108590 fwd=823 rows=210484 fwd_ms=12803.2 eval=0 prior=0
[inst] req=327680 hits=110982 fwd=846 rows=216372 fwd_ms=13156.6 eval=0 prior=0
[inst] req=335872 hits=113219 fwd=869 rows=222260 fwd_ms=13504.5 eval=0 prior=0
[inst] req=344064 hits=115585 fwd=892 rows=228148 fwd_ms=13852.2 eval=0 prior=0
[inst] req=352256 hits=118198 fwd=914 rows=233780 fwd_ms=14180.9 eval=0 prior=0
[inst] req=360448 hits=120724 fwd=936 rows=239412 fwd_ms=14510.0 eval=0 prior=0
[inst] req=368640 hits=123067 fwd=959 rows=245300 fwd_ms=14852.8 eval=0 prior=0
[inst] req=376832 hits=125292 fwd=982 rows=251188 fwd_ms=15196.4 eval=0 prior=0
[inst] req=385024 hits=127789 fwd=1004 rows=256820 fwd_ms=15524.3 eval=0 prior=0
[inst] req=393216 hits=130616 fwd=1025 rows=262196 fwd_ms=15837.8 eval=0 prior=0
[inst] req=401408 hits=133556 fwd=1046 rows=267572 fwd_ms=16152.1 eval=0 prior=0
[inst] req=409600 hits=136186 fwd=1067 rows=272948 fwd_ms=16471.7 eval=0 prior=0
[inst] req=417792 hits=138503 fwd=1090 rows=278836 fwd_ms=16831.3 eval=0 prior=0
[inst] req=425984 hits=140625 fwd=1114 rows=284980 fwd_ms=17262.0 eval=0 prior=0
[inst] req=434176 hits=142988 fwd=1137 rows=290868 fwd_ms=17674.8 eval=0 prior=0
[inst] req=442368 hits=145588 fwd=1159 rows=296500 fwd_ms=18070.0 eval=0 prior=0
[inst] req=450560 hits=148135 fwd=1181 rows=302132 fwd_ms=18465.7 eval=0 prior=0
[inst] req=458752 hits=150501 fwd=1203 rows=307764 fwd_ms=18860.6 eval=0 prior=0
[inst] req=466944 hits=152887 fwd=1226 rows=313652 fwd_ms=19273.6 eval=0 prior=0
[inst] req=475136 hits=155414 fwd=1248 rows=319284 fwd_ms=19668.7 eval=0 prior=0
[inst] req=483328 hits=158394 fwd=1269 rows=324660 fwd_ms=20046.6 eval=0 prior=0
[inst] req=491520 hits=161569 fwd=1288 rows=329524 fwd_ms=20388.0 eval=0 prior=0
[inst] req=499712 hits=164531 fwd=1309 rows=334900 fwd_ms=20765.2 eval=0 prior=0
[inst] req=507904 hits=167306 fwd=1330 rows=340276 fwd_ms=21142.9 eval=0 prior=0
[inst] req=516096 hits=169785 fwd=1352 rows=345908 fwd_ms=21538.0 eval=0 prior=0
[inst] req=524288 hits=172347 fwd=1374 rows=351540 fwd_ms=21932.9 eval=0 prior=0
[inst] req=532480 hits=175191 fwd=1395 rows=356916 fwd_ms=22310.3 eval=0 prior=0
[inst] req=540672 hits=178015 fwd=1416 rows=362292 fwd_ms=22706.4 eval=0 prior=0
[inst] req=548864 hits=180828 fwd=1437 rows=367668 fwd_ms=23110.2 eval=0 prior=0
[inst] req=557056 hits=183621 fwd=1458 rows=373044 fwd_ms=23483.4 eval=0 prior=0
[inst] req=565248 hits=186351 fwd=1479 rows=378420 fwd_ms=23817.9 eval=0 prior=0
[inst] req=573440 hits=189324 fwd=1500 rows=383796 fwd_ms=24194.9 eval=0 prior=0
[inst] req=581632 hits=192391 fwd=1520 rows=388916 fwd_ms=24554.3 eval=0 prior=0
[inst] req=589824 hits=195390 fwd=1540 rows=394036 fwd_ms=24914.8 eval=0 prior=0
[inst] req=598016 hits=198083 fwd=1562 rows=399668 fwd_ms=25310.3 eval=0 prior=0
[inst] req=606208 hits=200604 fwd=1584 rows=405300 fwd_ms=25705.7 eval=0 prior=0
[inst] req=614400 hits=203169 fwd=1606 rows=410932 fwd_ms=26101.6 eval=0 prior=0
[inst] req=622592 hits=206020 fwd=1627 rows=416308 fwd_ms=26479.3 eval=0 prior=0
[inst] req=630784 hits=208925 fwd=1647 rows=421428 fwd_ms=26839.1 eval=0 prior=0
[inst] req=638976 hits=211622 fwd=1669 rows=427060 fwd_ms=27234.9 eval=0 prior=0
[inst] req=647168 hits=214293 fwd=1690 rows=432436 fwd_ms=27612.8 eval=0 prior=0
[inst] req=655360 hits=216997 fwd=1712 rows=438068 fwd_ms=28008.5 eval=0 prior=0
[inst] req=663552 hits=219917 fwd=1732 rows=443188 fwd_ms=28368.3 eval=0 prior=0
[inst] req=671744 hits=222984 fwd=1752 rows=448308 fwd_ms=28728.1 eval=0 prior=0
[inst] req=679936 hits=226019 fwd=1772 rows=453428 fwd_ms=29087.9 eval=0 prior=0
[inst] req=688128 hits=228678 fwd=1794 rows=459060 fwd_ms=29483.7 eval=0 prior=0
[inst] req=696320 hits=231207 fwd=1816 rows=464692 fwd_ms=29880.0 eval=0 prior=0
[inst] req=704512 hits=233769 fwd=1838 rows=470324 fwd_ms=30275.7 eval=0 prior=0
[inst] req=712704 hits=236510 fwd=1859 rows=475700 fwd_ms=30653.6 eval=0 prior=0
[inst] req=720896 hits=239327 fwd=1880 rows=481076 fwd_ms=31031.5 eval=0 prior=0
[inst] req=729088 hits=242044 fwd=1902 rows=486708 fwd_ms=31427.3 eval=0 prior=0
[inst] req=737280 hits=244711 fwd=1923 rows=492084 fwd_ms=31805.3 eval=0 prior=0
[inst] req=745472 hits=247485 fwd=1945 rows=497716 fwd_ms=32201.7 eval=0 prior=0
[inst] req=753664 hits=250489 fwd=1965 rows=502836 fwd_ms=32561.6 eval=0 prior=0
[inst] req=761856 hits=253522 fwd=1985 rows=507956 fwd_ms=32921.6 eval=0 prior=0
[inst] req=770048 hits=256380 fwd=2006 rows=513332 fwd_ms=33299.8 eval=0 prior=0
[inst] req=778240 hits=258987 fwd=2028 rows=518964 fwd_ms=33695.7 eval=0 prior=0
[inst] req=786432 hits=261414 fwd=2050 rows=524596 fwd_ms=34091.6 eval=0 prior=0
[inst] req=794624 hits=264023 fwd=2072 rows=530228 fwd_ms=34487.6 eval=0 prior=0
[inst] req=802816 hits=266667 fwd=2094 rows=535860 fwd_ms=34883.7 eval=0 prior=0
[inst] req=811008 hits=269488 fwd=2115 rows=541236 fwd_ms=35261.7 eval=0 prior=0
[inst] req=819200 hits=272180 fwd=2136 rows=546612 fwd_ms=35639.8 eval=0 prior=0
[inst] req=827392 hits=274791 fwd=2158 rows=552244 fwd_ms=36035.9 eval=0 prior=0
[inst] req=835584 hits=277565 fwd=2179 rows=557620 fwd_ms=36413.8 eval=0 prior=0
[inst] req=843776 hits=280492 fwd=2200 rows=562996 fwd_ms=36791.9 eval=0 prior=0
[inst] req=851968 hits=283440 fwd=2220 rows=568116 fwd_ms=37152.6 eval=0 prior=0
[inst] req=860160 hits=286255 fwd=2241 rows=573492 fwd_ms=37530.9 eval=0 prior=0
[inst] req=868352 hits=288772 fwd=2263 rows=579124 fwd_ms=37927.2 eval=0 prior=0
[inst] req=876544 hits=291341 fwd=2285 rows=584756 fwd_ms=38323.5 eval=0 prior=0
[inst] req=884736 hits=293977 fwd=2307 rows=590388 fwd_ms=38719.6 eval=0 prior=0
[inst] req=892928 hits=296749 fwd=2328 rows=595764 fwd_ms=39098.2 eval=0 prior=0
[inst] req=901120 hits=299527 fwd=2349 rows=601140 fwd_ms=39476.7 eval=0 prior=0
[inst] req=909312 hits=302165 fwd=2371 rows=606772 fwd_ms=39873.1 eval=0 prior=0
[inst] req=917504 hits=304838 fwd=2393 rows=612404 fwd_ms=40269.2 eval=0 prior=0
[inst] req=925696 hits=307676 fwd=2413 rows=617524 fwd_ms=40630.6 eval=0 prior=0
[inst] req=933888 hits=310600 fwd=2434 rows=622900 fwd_ms=41009.2 eval=0 prior=0
[inst] req=942080 hits=313509 fwd=2455 rows=628276 fwd_ms=41351.0 eval=0 prior=0
[inst] req=950272 hits=316306 fwd=2476 rows=633652 fwd_ms=41729.4 eval=0 prior=0
[inst] req=958464 hits=318811 fwd=2498 rows=639284 fwd_ms=42125.7 eval=0 prior=0
[inst] req=966656 hits=321251 fwd=2520 rows=644916 fwd_ms=42522.2 eval=0 prior=0
[inst] req=974848 hits=323729 fwd=2543 rows=650804 fwd_ms=42937.1 eval=0 prior=0
[inst] req=983040 hits=326430 fwd=2564 rows=656180 fwd_ms=43316.0 eval=0 prior=0
[inst] req=991232 hits=329137 fwd=2586 rows=661812 fwd_ms=43713.6 eval=0 prior=0
[inst] req=999424 hits=331745 fwd=2607 rows=667188 fwd_ms=44097.7 eval=0 prior=0
[inst] req=1007616 hits=334448 fwd=2629 rows=672820 fwd_ms=44511.2 eval=0 prior=0
[inst] req=1015808 hits=337246 fwd=2650 rows=678196 fwd_ms=44915.2 eval=0 prior=0
[inst] req=1024000 hits=340219 fwd=2670 rows=683316 fwd_ms=45301.1 eval=0 prior=0
[inst] req=1032192 hits=343067 fwd=2691 rows=688692 fwd_ms=45706.7 eval=0 prior=0
[inst] req=1040384 hits=345893 fwd=2712 rows=694068 fwd_ms=46112.1 eval=0 prior=0
[inst] req=1048576 hits=348373 fwd=2734 rows=699700 fwd_ms=46536.5 eval=0 prior=0
[inst] req=1056768 hits=350845 fwd=2757 rows=705588 fwd_ms=46980.6 eval=0 prior=0
[inst] req=1064960 hits=353424 fwd=2779 rows=711220 fwd_ms=47405.2 eval=0 prior=0
[inst] req=1073152 hits=356119 fwd=2800 rows=716596 fwd_ms=47810.4 eval=0 prior=0
[inst] req=1081344 hits=358899 fwd=2821 rows=721972 fwd_ms=48128.5 eval=0 prior=0
[inst] req=1089536 hits=361579 fwd=2843 rows=727604 fwd_ms=48459.5 eval=0 prior=0
[inst] req=1097728 hits=364143 fwd=2865 rows=733236 fwd_ms=48790.0 eval=0 prior=0
[inst] req=1105920 hits=366832 fwd=2886 rows=738612 fwd_ms=49105.0 eval=0 prior=0
[inst] req=1114112 hits=369720 fwd=2907 rows=743988 fwd_ms=49420.0 eval=0 prior=0
[inst] req=1122304 hits=372525 fwd=2928 rows=749364 fwd_ms=49734.9 eval=0 prior=0
[inst] req=1130496 hits=375237 fwd=2950 rows=754996 fwd_ms=50065.1 eval=0 prior=0
[inst] req=1138688 hits=377783 fwd=2972 rows=760628 fwd_ms=50395.1 eval=0 prior=0
[inst] req=1146880 hits=380227 fwd=2994 rows=766260 fwd_ms=50724.8 eval=0 prior=0
[inst] req=1155072 hits=382900 fwd=3016 rows=771892 fwd_ms=51054.9 eval=0 prior=0
[inst] req=1163264 hits=385632 fwd=3037 rows=777268 fwd_ms=51371.6 eval=0 prior=0
[inst] req=1171456 hits=388304 fwd=3058 rows=782644 fwd_ms=51686.5 eval=0 prior=0
[inst] req=1179648 hits=391106 fwd=3080 rows=788276 fwd_ms=52016.5 eval=0 prior=0
[inst] req=1187840 hits=393765 fwd=3101 rows=793652 fwd_ms=52331.5 eval=0 prior=0
[inst] req=1196032 hits=396527 fwd=3122 rows=799028 fwd_ms=52646.9 eval=0 prior=0
[inst] req=1204224 hits=399343 fwd=3143 rows=804404 fwd_ms=52962.1 eval=0 prior=0
[inst] req=1212416 hits=402145 fwd=3164 rows=809780 fwd_ms=53277.4 eval=0 prior=0
[inst] req=1220608 hits=404731 fwd=3186 rows=815412 fwd_ms=53609.1 eval=0 prior=0
[inst] req=1228800 hits=407175 fwd=3209 rows=821300 fwd_ms=53954.3 eval=0 prior=0
[inst] req=1236992 hits=409753 fwd=3231 rows=826932 fwd_ms=54284.6 eval=0 prior=0
[inst] req=1245184 hits=412368 fwd=3252 rows=832308 fwd_ms=54600.0 eval=0 prior=0
[inst] req=1253376 hits=414976 fwd=3274 rows=837940 fwd_ms=54930.9 eval=0 prior=0
[inst] req=1261568 hits=417656 fwd=3296 rows=843572 fwd_ms=55261.6 eval=0 prior=0
[inst] req=1269760 hits=420315 fwd=3317 rows=848948 fwd_ms=55576.6 eval=0 prior=0
[inst] req=1277952 hits=422985 fwd=3339 rows=854580 fwd_ms=55908.5 eval=0 prior=0
[inst] req=1286144 hits=425873 fwd=3360 rows=859956 fwd_ms=56224.4 eval=0 prior=0
[inst] req=1294336 hits=428735 fwd=3381 rows=865332 fwd_ms=56540.3 eval=0 prior=0
[inst] req=1302528 hits=431475 fwd=3402 rows=870708 fwd_ms=56855.9 eval=0 prior=0
[inst] req=1310720 hits=434098 fwd=3424 rows=876340 fwd_ms=57186.1 eval=0 prior=0
[inst] req=1318912 hits=436581 fwd=3446 rows=881972 fwd_ms=57516.9 eval=0 prior=0
[inst] req=1327104 hits=439067 fwd=3468 rows=887604 fwd_ms=57848.0 eval=0 prior=0
[inst] req=1335296 hits=441791 fwd=3490 rows=893236 fwd_ms=58177.8 eval=0 prior=0
[inst] req=1343488 hits=444462 fwd=3511 rows=898612 fwd_ms=58493.5 eval=0 prior=0
[inst] req=1351680 hits=447105 fwd=3533 rows=904244 fwd_ms=58823.5 eval=0 prior=0
[inst] req=1359872 hits=449797 fwd=3554 rows=909620 fwd_ms=59138.5 eval=0 prior=0
[inst] req=1368064 hits=452485 fwd=3576 rows=915252 fwd_ms=59468.6 eval=0 prior=0
[inst] req=1376256 hits=455276 fwd=3597 rows=920628 fwd_ms=59783.9 eval=0 prior=0
[inst] req=1384448 hits=458004 fwd=3618 rows=926004 fwd_ms=60099.1 eval=0 prior=0
[inst] req=1392640 hits=460711 fwd=3640 rows=931636 fwd_ms=60429.1 eval=0 prior=0
[inst] req=1400832 hits=463360 fwd=3661 rows=937012 fwd_ms=60744.3 eval=0 prior=0
[inst] req=1409024 hits=465988 fwd=3683 rows=942644 fwd_ms=61074.4 eval=0 prior=0
[inst] req=1417216 hits=468575 fwd=3705 rows=948276 fwd_ms=61404.7 eval=0 prior=0
[inst] req=1425408 hits=471184 fwd=3727 rows=953908 fwd_ms=61734.6 eval=0 prior=0
[inst] req=1433600 hits=473735 fwd=3749 rows=959540 fwd_ms=62064.7 eval=0 prior=0
[inst] req=1441792 hits=476350 fwd=3771 rows=965172 fwd_ms=62394.7 eval=0 prior=0
[inst] req=1449984 hits=478987 fwd=3792 rows=970548 fwd_ms=62709.5 eval=0 prior=0
[inst] req=1458176 hits=481763 fwd=3813 rows=975924 fwd_ms=63024.8 eval=0 prior=0
[inst] req=1466368 hits=484575 fwd=3834 rows=981300 fwd_ms=63340.1 eval=0 prior=0
[inst] req=1474560 hits=487376 fwd=3855 rows=986676 fwd_ms=63655.2 eval=0 prior=0
[inst] req=1482752 hits=490026 fwd=3877 rows=992308 fwd_ms=63985.4 eval=0 prior=0
[inst] req=1490944 hits=492526 fwd=3899 rows=997940 fwd_ms=64316.3 eval=0 prior=0
[inst] req=1499136 hits=495103 fwd=3921 rows=1003572 fwd_ms=64646.5 eval=0 prior=0
[inst] req=1507328 hits=497736 fwd=3943 rows=1009204 fwd_ms=64976.6 eval=0 prior=0
[inst] req=1515520 hits=500418 fwd=3965 rows=1014836 fwd_ms=65306.9 eval=0 prior=0
[inst] req=1523712 hits=503141 fwd=3986 rows=1020212 fwd_ms=65622.7 eval=0 prior=0
[inst] req=1531904 hits=505765 fwd=4008 rows=1025844 fwd_ms=65952.9 eval=0 prior=0
[inst] req=1540096 hits=508603 fwd=4029 rows=1031220 fwd_ms=66268.0 eval=0 prior=0
[inst] req=1548288 hits=511444 fwd=4049 rows=1036340 fwd_ms=66568.2 eval=0 prior=0
[inst] req=1556480 hits=514238 fwd=4071 rows=1041972 fwd_ms=66898.3 eval=0 prior=0
[inst] req=1564672 hits=516963 fwd=4092 rows=1047348 fwd_ms=67214.7 eval=0 prior=0
[inst] req=1572864 hits=519597 fwd=4114 rows=1052980 fwd_ms=67544.6 eval=0 prior=0
[inst] req=1581056 hits=521989 fwd=4136 rows=1058612 fwd_ms=67874.4 eval=0 prior=0
[inst] req=1589248 hits=524606 fwd=4158 rows=1064244 fwd_ms=68204.2 eval=0 prior=0
[inst] req=1597440 hits=527177 fwd=4180 rows=1069876 fwd_ms=68534.2 eval=0 prior=0
[inst] req=1605632 hits=529767 fwd=4202 rows=1075508 fwd_ms=68864.8 eval=0 prior=0
[inst] req=1613824 hits=532452 fwd=4223 rows=1080884 fwd_ms=69179.9 eval=0 prior=0
[inst] req=1622016 hits=535186 fwd=4245 rows=1086516 fwd_ms=69510.8 eval=0 prior=0
[inst] req=1630208 hits=537888 fwd=4266 rows=1091892 fwd_ms=69826.5 eval=0 prior=0
[inst] req=1638400 hits=540591 fwd=4288 rows=1097524 fwd_ms=70158.1 eval=0 prior=0
[inst] req=1646592 hits=543265 fwd=4309 rows=1102900 fwd_ms=70474.2 eval=0 prior=0
[inst] req=1654784 hits=545856 fwd=4331 rows=1108532 fwd_ms=70804.5 eval=0 prior=0
[inst] req=1662976 hits=548391 fwd=4353 rows=1114164 fwd_ms=71134.9 eval=0 prior=0
[inst] req=1671168 hits=550820 fwd=4376 rows=1120052 fwd_ms=71480.4 eval=0 prior=0
[inst] req=1679360 hits=553432 fwd=4397 rows=1125428 fwd_ms=71795.9 eval=0 prior=0
[inst] req=1687552 hits=556063 fwd=4419 rows=1131060 fwd_ms=72126.4 eval=0 prior=0
[inst] req=1695744 hits=558827 fwd=4440 rows=1136436 fwd_ms=72442.4 eval=0 prior=0
[inst] req=1703936 hits=561499 fwd=4462 rows=1142068 fwd_ms=72772.6 eval=0 prior=0
[inst] req=1712128 hits=564211 fwd=4483 rows=1147444 fwd_ms=73087.9 eval=0 prior=0
[inst] req=1720320 hits=566920 fwd=4505 rows=1153076 fwd_ms=73418.2 eval=0 prior=0
[inst] req=1728512 hits=569776 fwd=4526 rows=1158452 fwd_ms=73733.5 eval=0 prior=0
[inst] req=1736704 hits=572478 fwd=4547 rows=1163828 fwd_ms=74048.6 eval=0 prior=0
[inst] req=1744896 hits=575103 fwd=4569 rows=1169460 fwd_ms=74379.2 eval=0 prior=0
[inst] req=1753088 hits=577604 fwd=4591 rows=1175092 fwd_ms=74709.5 eval=0 prior=0
[inst] req=1761280 hits=580069 fwd=4613 rows=1180724 fwd_ms=75039.8 eval=0 prior=0
[inst] req=1769472 hits=582641 fwd=4635 rows=1186356 fwd_ms=75371.2 eval=0 prior=0
[inst] req=1777664 hits=585310 fwd=4657 rows=1191988 fwd_ms=75701.8 eval=0 prior=0
[inst] req=1785856 hits=587909 fwd=4679 rows=1197620 fwd_ms=76032.1 eval=0 prior=0
[inst] req=1794048 hits=590652 fwd=4700 rows=1202996 fwd_ms=76348.3 eval=0 prior=0
[inst] req=1802240 hits=593354 fwd=4722 rows=1208628 fwd_ms=76679.2 eval=0 prior=0
[inst] req=1810432 hits=596176 fwd=4742 rows=1213748 fwd_ms=76979.5 eval=0 prior=0
[inst] req=1818624 hits=598932 fwd=4764 rows=1219380 fwd_ms=77310.2 eval=0 prior=0
[inst] req=1826816 hits=601612 fwd=4785 rows=1224756 fwd_ms=77626.0 eval=0 prior=0
[inst] req=1835008 hits=604094 fwd=4808 rows=1230644 fwd_ms=77971.1 eval=0 prior=0
[inst] req=1843200 hits=606609 fwd=4830 rows=1236276 fwd_ms=78302.1 eval=0 prior=0
[inst] req=1851392 hits=609057 fwd=4852 rows=1241908 fwd_ms=78632.9 eval=0 prior=0
[inst] req=1859584 hits=611795 fwd=4873 rows=1247284 fwd_ms=78949.5 eval=0 prior=0
[inst] req=1867776 hits=614504 fwd=4895 rows=1252916 fwd_ms=79280.3 eval=0 prior=0
[inst] req=1875968 hits=617085 fwd=4917 rows=1258548 fwd_ms=79610.6 eval=0 prior=0
[inst] req=1884160 hits=619686 fwd=4939 rows=1264180 fwd_ms=79940.9 eval=0 prior=0
[inst] req=1892352 hits=622429 fwd=4960 rows=1269556 fwd_ms=80256.3 eval=0 prior=0
[inst] req=1900544 hits=625081 fwd=4982 rows=1275188 fwd_ms=80586.7 eval=0 prior=0
[inst] req=1908736 hits=627674 fwd=5003 rows=1280564 fwd_ms=80901.9 eval=0 prior=0
[inst] req=1916928 hits=630341 fwd=5025 rows=1286196 fwd_ms=81231.9 eval=0 prior=0
[inst] req=1925120 hits=632792 fwd=5047 rows=1291828 fwd_ms=81562.3 eval=0 prior=0
[inst] req=1933312 hits=635270 fwd=5070 rows=1297716 fwd_ms=81908.4 eval=0 prior=0
[inst] req=1941504 hits=637975 fwd=5091 rows=1303092 fwd_ms=82225.2 eval=0 prior=0
[inst] req=1949696 hits=640653 fwd=5113 rows=1308724 fwd_ms=82555.6 eval=0 prior=0
[inst] req=1957888 hits=643318 fwd=5134 rows=1314100 fwd_ms=82870.9 eval=0 prior=0
[inst] req=1966080 hits=645869 fwd=5156 rows=1319732 fwd_ms=83201.1 eval=0 prior=0
[inst] req=1974272 hits=648419 fwd=5178 rows=1325364 fwd_ms=83533.3 eval=0 prior=0
[inst] req=1982464 hits=650990 fwd=5200 rows=1330996 fwd_ms=83863.7 eval=0 prior=0
[inst] req=1990656 hits=653639 fwd=5222 rows=1336628 fwd_ms=84194.1 eval=0 prior=0
[inst] req=1998848 hits=656332 fwd=5243 rows=1342004 fwd_ms=84509.6 eval=0 prior=0
[inst] req=2007040 hits=658893 fwd=5265 rows=1347636 fwd_ms=84840.1 eval=0 prior=0
[inst] req=2015232 hits=661326 fwd=5288 rows=1353524 fwd_ms=85185.5 eval=0 prior=0
[inst] req=2023424 hits=663796 fwd=5310 rows=1359156 fwd_ms=85517.2 eval=0 prior=0
[inst] req=2031616 hits=666336 fwd=5332 rows=1364788 fwd_ms=85848.2 eval=0 prior=0
[inst] req=2039808 hits=669006 fwd=5354 rows=1370420 fwd_ms=86178.5 eval=0 prior=0
[inst] req=2048000 hits=671590 fwd=5376 rows=1376052 fwd_ms=86508.6 eval=0 prior=0
[inst] req=2056192 hits=674189 fwd=5398 rows=1381684 fwd_ms=86839.8 eval=0 prior=0
[inst] req=2064384 hits=676812 fwd=5419 rows=1387060 fwd_ms=87155.7 eval=0 prior=0
[inst] req=2072576 hits=679457 fwd=5441 rows=1392692 fwd_ms=87486.1 eval=0 prior=0
[inst] req=2080768 hits=682131 fwd=5463 rows=1398324 fwd_ms=87816.7 eval=0 prior=0
[inst] req=2088960 hits=684801 fwd=5484 rows=1403700 fwd_ms=88132.2 eval=0 prior=0
[inst] req=2097152 hits=687339 fwd=5506 rows=1409332 fwd_ms=88462.7 eval=0 prior=0
[inst] req=2105344 hits=689840 fwd=5529 rows=1415220 fwd_ms=88807.9 eval=0 prior=0
[inst] req=2113536 hits=692434 fwd=5550 rows=1420596 fwd_ms=89122.9 eval=0 prior=0
[inst] req=2121728 hits=695116 fwd=5572 rows=1426228 fwd_ms=89453.9 eval=0 prior=0
[inst] req=2129920 hits=697799 fwd=5594 rows=1431860 fwd_ms=89792.0 eval=0 prior=0
[inst] req=2138112 hits=700424 fwd=5615 rows=1437236 fwd_ms=90107.4 eval=0 prior=0
[inst] req=2146304 hits=703026 fwd=5637 rows=1442868 fwd_ms=90438.5 eval=0 prior=0
[inst] req=2154496 hits=705541 fwd=5659 rows=1448500 fwd_ms=90768.7 eval=0 prior=0
[inst] req=2162688 hits=708199 fwd=5681 rows=1454132 fwd_ms=91101.5 eval=0 prior=0
[inst] req=2170880 hits=710810 fwd=5703 rows=1459764 fwd_ms=91431.9 eval=0 prior=0
[inst] req=2179072 hits=713701 fwd=5723 rows=1464884 fwd_ms=91732.5 eval=0 prior=0
[inst] req=2187264 hits=716248 fwd=5745 rows=1470516 fwd_ms=92064.4 eval=0 prior=0
[inst] req=2195456 hits=718814 fwd=5767 rows=1476148 fwd_ms=92395.3 eval=0 prior=0
[inst] req=2203648 hits=721488 fwd=5789 rows=1481780 fwd_ms=92726.4 eval=0 prior=0
[inst] req=2211840 hits=724018 fwd=5811 rows=1487412 fwd_ms=93057.2 eval=0 prior=0
[inst] req=2220032 hits=726700 fwd=5833 rows=1493044 fwd_ms=93387.7 eval=0 prior=0
[inst] req=2228224 hits=729317 fwd=5854 rows=1498420 fwd_ms=93703.2 eval=0 prior=0
[inst] req=2236416 hits=732121 fwd=5875 rows=1503796 fwd_ms=94018.6 eval=0 prior=0
[inst] req=2244608 hits=734813 fwd=5897 rows=1509428 fwd_ms=94349.0 eval=0 prior=0
[inst] req=2252800 hits=737418 fwd=5919 rows=1515060 fwd_ms=94681.2 eval=0 prior=0
[inst] req=2260992 hits=740082 fwd=5940 rows=1520436 fwd_ms=94996.7 eval=0 prior=0
[inst] req=2269184 hits=742657 fwd=5962 rows=1526068 fwd_ms=95327.2 eval=0 prior=0
[inst] req=2277376 hits=745149 fwd=5985 rows=1531956 fwd_ms=95672.8 eval=0 prior=0
[inst] req=2285568 hits=747605 fwd=6007 rows=1537588 fwd_ms=96003.1 eval=0 prior=0
[inst] req=2293760 hits=750164 fwd=6029 rows=1543220 fwd_ms=96333.2 eval=0 prior=0
[inst] req=2301952 hits=752713 fwd=6051 rows=1548852 fwd_ms=96665.4 eval=0 prior=0
[inst] req=2310144 hits=755431 fwd=6072 rows=1554228 fwd_ms=96980.9 eval=0 prior=0
[inst] req=2318336 hits=758066 fwd=6094 rows=1559860 fwd_ms=97311.4 eval=0 prior=0
[inst] req=2326528 hits=760696 fwd=6116 rows=1565492 fwd_ms=97642.9 eval=0 prior=0
[inst] req=2334720 hits=763281 fwd=6138 rows=1571124 fwd_ms=97974.0 eval=0 prior=0
[inst] req=2342912 hits=765925 fwd=6159 rows=1576500 fwd_ms=98289.7 eval=0 prior=0
[inst] req=2351104 hits=768717 fwd=6180 rows=1581876 fwd_ms=98605.2 eval=0 prior=0
[inst] req=2359296 hits=771391 fwd=6202 rows=1587508 fwd_ms=98936.5 eval=0 prior=0
[inst] req=2367488 hits=773863 fwd=6224 rows=1593140 fwd_ms=99266.9 eval=0 prior=0
[inst] req=2375680 hits=776474 fwd=6246 rows=1598772 fwd_ms=99597.3 eval=0 prior=0
[inst] req=2383872 hits=779065 fwd=6268 rows=1604404 fwd_ms=99928.4 eval=0 prior=0
[inst] req=2392064 hits=781777 fwd=6289 rows=1609780 fwd_ms=100244.2 eval=0 prior=0
[inst] req=2400256 hits=784469 fwd=6311 rows=1615412 fwd_ms=100574.8 eval=0 prior=0
[inst] req=2408448 hits=786993 fwd=6333 rows=1621044 fwd_ms=100905.1 eval=0 prior=0
[inst] req=2416640 hits=789623 fwd=6355 rows=1626676 fwd_ms=101235.3 eval=0 prior=0
[inst] req=2424832 hits=792156 fwd=6377 rows=1632308 fwd_ms=101565.8 eval=0 prior=0
[inst] req=2433024 hits=794703 fwd=6399 rows=1637940 fwd_ms=101896.0 eval=0 prior=0
[inst] req=2441216 hits=797326 fwd=6421 rows=1643572 fwd_ms=102226.5 eval=0 prior=0
[inst] req=2449408 hits=799835 fwd=6443 rows=1649204 fwd_ms=102557.1 eval=0 prior=0
[inst] req=2457600 hits=802400 fwd=6465 rows=1654836 fwd_ms=102887.4 eval=0 prior=0
[inst] req=2465792 hits=804978 fwd=6487 rows=1660468 fwd_ms=103217.8 eval=0 prior=0
[inst] req=2473984 hits=807642 fwd=6508 rows=1665844 fwd_ms=103533.3 eval=0 prior=0
[inst] req=2482176 hits=810378 fwd=6530 rows=1671476 fwd_ms=103864.0 eval=0 prior=0
[inst] req=2490368 hits=813021 fwd=6551 rows=1676852 fwd_ms=104179.5 eval=0 prior=0
[inst] req=2498560 hits=815790 fwd=6573 rows=1682484 fwd_ms=104510.0 eval=0 prior=0
[inst] req=2506752 hits=818409 fwd=6594 rows=1687860 fwd_ms=104825.6 eval=0 prior=0
[inst] req=2514944 hits=821080 fwd=6616 rows=1693492 fwd_ms=105157.7 eval=0 prior=0
[inst] req=2523136 hits=823678 fwd=6638 rows=1699124 fwd_ms=105487.8 eval=0 prior=0
[inst] req=2531328 hits=826382 fwd=6659 rows=1704500 fwd_ms=105804.6 eval=0 prior=0
[inst] req=2539520 hits=828862 fwd=6682 rows=1710388 fwd_ms=106150.8 eval=0 prior=0
[inst] req=2547712 hits=831329 fwd=6704 rows=1716020 fwd_ms=106481.0 eval=0 prior=0
[inst] req=2555904 hits=833886 fwd=6726 rows=1721652 fwd_ms=106811.2 eval=0 prior=0
[inst] req=2564096 hits=836745 fwd=6747 rows=1727028 fwd_ms=107127.3 eval=0 prior=0
[inst] req=2572288 hits=839412 fwd=6768 rows=1732404 fwd_ms=107443.2 eval=0 prior=0
[inst] req=2580480 hits=842093 fwd=6790 rows=1738036 fwd_ms=107774.1 eval=0 prior=0
[inst] req=2588672 hits=844895 fwd=6811 rows=1743412 fwd_ms=108089.7 eval=0 prior=0
[inst] req=2596864 hits=847474 fwd=6833 rows=1749044 fwd_ms=108421.6 eval=0 prior=0
[inst] req=2605056 hits=850226 fwd=6854 rows=1754420 fwd_ms=108738.9 eval=0 prior=0
[inst] req=2613248 hits=852938 fwd=6876 rows=1760052 fwd_ms=109074.9 eval=0 prior=0
[inst] req=2621440 hits=855498 fwd=6898 rows=1765684 fwd_ms=109406.1 eval=0 prior=0
[inst] req=2629632 hits=858141 fwd=6919 rows=1771060 fwd_ms=109721.2 eval=0 prior=0
[inst] req=2637824 hits=860707 fwd=6941 rows=1776692 fwd_ms=110052.1 eval=0 prior=0
[inst] req=2646016 hits=863311 fwd=6963 rows=1782324 fwd_ms=110382.4 eval=0 prior=0
[inst] req=2654208 hits=865960 fwd=6985 rows=1787956 fwd_ms=110713.2 eval=0 prior=0
[inst] req=2662400 hits=868768 fwd=7006 rows=1793332 fwd_ms=111029.3 eval=0 prior=0
[inst] req=2670592 hits=871304 fwd=7028 rows=1798964 fwd_ms=111359.4 eval=0 prior=0
[inst] req=2678784 hits=873958 fwd=7049 rows=1804340 fwd_ms=111674.4 eval=0 prior=0
[inst] req=2686976 hits=876557 fwd=7071 rows=1809972 fwd_ms=112005.5 eval=0 prior=0
[inst] req=2695168 hits=879172 fwd=7093 rows=1815604 fwd_ms=112335.8 eval=0 prior=0
[inst] req=2703360 hits=881771 fwd=7115 rows=1821236 fwd_ms=112666.2 eval=0 prior=0
[inst] req=2711552 hits=884336 fwd=7137 rows=1826868 fwd_ms=112996.5 eval=0 prior=0
[inst] req=2719744 hits=887001 fwd=7158 rows=1832244 fwd_ms=113313.5 eval=0 prior=0
[inst] req=2727936 hits=889655 fwd=7180 rows=1837876 fwd_ms=113643.4 eval=0 prior=0
[inst] req=2736128 hits=892343 fwd=7202 rows=1843508 fwd_ms=113975.1 eval=0 prior=0
[inst] req=2744320 hits=895002 fwd=7223 rows=1848884 fwd_ms=114290.3 eval=0 prior=0
[inst] req=2752512 hits=897635 fwd=7245 rows=1854516 fwd_ms=114621.1 eval=0 prior=0
[inst] req=2760704 hits=900301 fwd=7266 rows=1859892 fwd_ms=114937.4 eval=0 prior=0
[inst] req=2768896 hits=903053 fwd=7288 rows=1865524 fwd_ms=115268.8 eval=0 prior=0
[inst] req=2777088 hits=905735 fwd=7309 rows=1870900 fwd_ms=115585.5 eval=0 prior=0
[inst] req=2785280 hits=908268 fwd=7331 rows=1876532 fwd_ms=115915.5 eval=0 prior=0
[inst] req=2793472 hits=910986 fwd=7353 rows=1882164 fwd_ms=116245.6 eval=0 prior=0
[inst] req=2801664 hits=913511 fwd=7375 rows=1887796 fwd_ms=116575.6 eval=0 prior=0
[inst] req=2809856 hits=916181 fwd=7396 rows=1893172 fwd_ms=116890.4 eval=0 prior=0
[inst] req=2818048 hits=918782 fwd=7418 rows=1898804 fwd_ms=117221.7 eval=0 prior=0
[inst] req=2826240 hits=921354 fwd=7440 rows=1904436 fwd_ms=117551.6 eval=0 prior=0
[inst] req=2834432 hits=924069 fwd=7462 rows=1910068 fwd_ms=117881.6 eval=0 prior=0
[inst] req=2842624 hits=926749 fwd=7483 rows=1915444 fwd_ms=118196.7 eval=0 prior=0
[inst] req=2850816 hits=929528 fwd=7504 rows=1920820 fwd_ms=118511.8 eval=0 prior=0
[inst] req=2859008 hits=932235 fwd=7526 rows=1926452 fwd_ms=118842.8 eval=0 prior=0
[inst] req=2867200 hits=934872 fwd=7547 rows=1931828 fwd_ms=119157.7 eval=0 prior=0
[inst] req=2875392 hits=937543 fwd=7569 rows=1937460 fwd_ms=119487.7 eval=0 prior=0
[inst] req=2883584 hits=940235 fwd=7591 rows=1943092 fwd_ms=119819.5 eval=0 prior=0
[inst] req=2891776 hits=942718 fwd=7613 rows=1948724 fwd_ms=120150.3 eval=0 prior=0
[inst] req=2899968 hits=945421 fwd=7634 rows=1954100 fwd_ms=120466.0 eval=0 prior=0
[inst] req=2908160 hits=948037 fwd=7656 rows=1959732 fwd_ms=120796.2 eval=0 prior=0
[inst] req=2916352 hits=950560 fwd=7678 rows=1965364 fwd_ms=121126.4 eval=0 prior=0
[inst] req=2924544 hits=953283 fwd=7700 rows=1970996 fwd_ms=121456.9 eval=0 prior=0
[inst] req=2932736 hits=955956 fwd=7721 rows=1976372 fwd_ms=121772.1 eval=0 prior=0
[inst] req=2940928 hits=958556 fwd=7743 rows=1982004 fwd_ms=122103.8 eval=0 prior=0
[inst] req=2949120 hits=961168 fwd=7765 rows=1987636 fwd_ms=122434.2 eval=0 prior=0
[inst] req=2957312 hits=963869 fwd=7786 rows=1993012 fwd_ms=122749.5 eval=0 prior=0
[inst] req=2965504 hits=966579 fwd=7808 rows=1998644 fwd_ms=123080.7 eval=0 prior=0
[inst] req=2973696 hits=969232 fwd=7829 rows=2004020 fwd_ms=123395.7 eval=0 prior=0
[inst] req=2981888 hits=971918 fwd=7851 rows=2009652 fwd_ms=123725.7 eval=0 prior=0
[inst] req=2990080 hits=974458 fwd=7873 rows=2015284 fwd_ms=124055.9 eval=0 prior=0
[inst] req=2998272 hits=977049 fwd=7895 rows=2020916 fwd_ms=124386.0 eval=0 prior=0
[inst] req=3006464 hits=979826 fwd=7916 rows=2026292 fwd_ms=124701.3 eval=0 prior=0
[inst] req=3014656 hits=982595 fwd=7937 rows=2031668 fwd_ms=125016.7 eval=0 prior=0
[inst] req=3022848 hits=985196 fwd=7959 rows=2037300 fwd_ms=125347.2 eval=0 prior=0
[inst] req=3031040 hits=987775 fwd=7981 rows=2042932 fwd_ms=125677.5 eval=0 prior=0
[inst] req=3039232 hits=990574 fwd=8002 rows=2048308 fwd_ms=125993.0 eval=0 prior=0
[inst] req=3047424 hits=993103 fwd=8024 rows=2053940 fwd_ms=126323.4 eval=0 prior=0
[inst] req=3055616 hits=995714 fwd=8046 rows=2059572 fwd_ms=126653.9 eval=0 prior=0
[inst] req=3063808 hits=998300 fwd=8068 rows=2065204 fwd_ms=126984.0 eval=0 prior=0
[inst] req=3072000 hits=1001107 fwd=8089 rows=2070580 fwd_ms=127299.2 eval=0 prior=0
[inst] req=3080192 hits=1003914 fwd=8110 rows=2075956 fwd_ms=127615.7 eval=0 prior=0
[inst] req=3088384 hits=1006577 fwd=8131 rows=2081332 fwd_ms=127930.9 eval=0 prior=0
[inst] req=3096576 hits=1009195 fwd=8153 rows=2086964 fwd_ms=128261.1 eval=0 prior=0
[inst] req=3104768 hits=1011733 fwd=8175 rows=2092596 fwd_ms=128591.4 eval=0 prior=0
[inst] req=3112960 hits=1014390 fwd=8197 rows=2098228 fwd_ms=128921.5 eval=0 prior=0
[inst] req=3121152 hits=1017004 fwd=8219 rows=2103860 fwd_ms=129252.1 eval=0 prior=0
[inst] req=3129344 hits=1019647 fwd=8240 rows=2109236 fwd_ms=129567.5 eval=0 prior=0
[inst] req=3137536 hits=1022197 fwd=8262 rows=2114868 fwd_ms=129897.8 eval=0 prior=0
[inst] req=3145728 hits=1024761 fwd=8284 rows=2120500 fwd_ms=130227.9 eval=0 prior=0
[inst] req=3153920 hits=1027452 fwd=8306 rows=2126132 fwd_ms=130558.0 eval=0 prior=0
[inst] req=3162112 hits=1030125 fwd=8327 rows=2131508 fwd_ms=130873.0 eval=0 prior=0
[inst] req=3170304 hits=1032840 fwd=8349 rows=2137140 fwd_ms=131204.2 eval=0 prior=0
[inst] req=3178496 hits=1035524 fwd=8370 rows=2142516 fwd_ms=131519.2 eval=0 prior=0
[inst] req=3186688 hits=1038163 fwd=8392 rows=2148148 fwd_ms=131849.3 eval=0 prior=0
[inst] req=3194880 hits=1040749 fwd=8414 rows=2153780 fwd_ms=132179.5 eval=0 prior=0
[inst] req=3203072 hits=1043372 fwd=8436 rows=2159412 fwd_ms=132509.7 eval=0 prior=0
[inst] req=3211264 hits=1045873 fwd=8458 rows=2165044 fwd_ms=132839.7 eval=0 prior=0
[inst] req=3219456 hits=1048554 fwd=8479 rows=2170420 fwd_ms=133154.8 eval=0 prior=0
[inst] req=3227648 hits=1051173 fwd=8501 rows=2176052 fwd_ms=133484.7 eval=0 prior=0
[inst] req=3235840 hits=1053932 fwd=8522 rows=2181428 fwd_ms=133800.8 eval=0 prior=0
[inst] req=3244032 hits=1056601 fwd=8544 rows=2187060 fwd_ms=134132.0 eval=0 prior=0
[inst] req=3252224 hits=1059223 fwd=8566 rows=2192692 fwd_ms=134463.2 eval=0 prior=0
[inst] req=3260416 hits=1061855 fwd=8587 rows=2198068 fwd_ms=134778.1 eval=0 prior=0
[inst] req=3268608 hits=1064505 fwd=8609 rows=2203700 fwd_ms=135108.0 eval=0 prior=0
[inst] req=3276800 hits=1067271 fwd=8630 rows=2209076 fwd_ms=135423.2 eval=0 prior=0
[inst] req=3284992 hits=1069917 fwd=8652 rows=2214708 fwd_ms=135753.0 eval=0 prior=0
[inst] req=3293184 hits=1072586 fwd=8674 rows=2220340 fwd_ms=136085.3 eval=0 prior=0
[inst] req=3301376 hits=1075148 fwd=8695 rows=2225716 fwd_ms=136400.7 eval=0 prior=0
[inst] req=3309568 hits=1077765 fwd=8717 rows=2231348 fwd_ms=136730.7 eval=0 prior=0
[inst] req=3317760 hits=1080340 fwd=8739 rows=2236980 fwd_ms=137062.1 eval=0 prior=0
[inst] req=3325952 hits=1082863 fwd=8761 rows=2242612 fwd_ms=137392.1 eval=0 prior=0
[inst] req=3334144 hits=1085410 fwd=8783 rows=2248244 fwd_ms=137724.5 eval=0 prior=0
[inst] req=3342336 hits=1088122 fwd=8805 rows=2253876 fwd_ms=138055.1 eval=0 prior=0
[inst] req=3350528 hits=1090803 fwd=8826 rows=2259252 fwd_ms=138370.1 eval=0 prior=0
[inst] req=3358720 hits=1093577 fwd=8848 rows=2264884 fwd_ms=138700.3 eval=0 prior=0
[inst] req=3366912 hits=1096203 fwd=8869 rows=2270260 fwd_ms=139015.3 eval=0 prior=0
[inst] req=3375104 hits=1098731 fwd=8891 rows=2275892 fwd_ms=139345.4 eval=0 prior=0
[inst] req=3383296 hits=1101207 fwd=8914 rows=2281780 fwd_ms=139690.2 eval=0 prior=0
[inst] req=3391488 hits=1103795 fwd=8936 rows=2287412 fwd_ms=140020.3 eval=0 prior=0
[inst] req=3399680 hits=1106413 fwd=8957 rows=2292788 fwd_ms=140335.3 eval=0 prior=0
[inst] req=3407872 hits=1109072 fwd=8979 rows=2298420 fwd_ms=140665.7 eval=0 prior=0
[inst] req=3416064 hits=1111670 fwd=9001 rows=2304052 fwd_ms=140996.4 eval=0 prior=0
[inst] req=3424256 hits=1114335 fwd=9022 rows=2309428 fwd_ms=141312.2 eval=0 prior=0
[inst] req=3432448 hits=1116902 fwd=9044 rows=2315060 fwd_ms=141643.8 eval=0 prior=0
[inst] req=3440640 hits=1119665 fwd=9066 rows=2320692 fwd_ms=141974.1 eval=0 prior=0
[inst] req=3448832 hits=1122201 fwd=9088 rows=2326324 fwd_ms=142304.2 eval=0 prior=0
[inst] req=3457024 hits=1124816 fwd=9109 rows=2331700 fwd_ms=142619.5 eval=0 prior=0
[inst] req=3465216 hits=1127634 fwd=9130 rows=2337076 fwd_ms=142935.0 eval=0 prior=0
[inst] req=3473408 hits=1130143 fwd=9153 rows=2342964 fwd_ms=143280.0 eval=0 prior=0
[inst] req=3481600 hits=1132683 fwd=9175 rows=2348596 fwd_ms=143610.3 eval=0 prior=0
[inst] req=3489792 hits=1135405 fwd=9196 rows=2353972 fwd_ms=143925.5 eval=0 prior=0
[inst] req=3497984 hits=1138098 fwd=9218 rows=2359604 fwd_ms=144255.6 eval=0 prior=0
[inst] req=3506176 hits=1140735 fwd=9239 rows=2364980 fwd_ms=144570.4 eval=0 prior=0
[inst] req=3514368 hits=1143554 fwd=9260 rows=2370356 fwd_ms=144885.5 eval=0 prior=0
[inst] req=3522560 hits=1146116 fwd=9282 rows=2375988 fwd_ms=145215.8 eval=0 prior=0
[inst] req=3530752 hits=1148760 fwd=9304 rows=2381620 fwd_ms=145546.1 eval=0 prior=0
[inst] req=3538944 hits=1151214 fwd=9326 rows=2387252 fwd_ms=145875.9 eval=0 prior=0
[inst] req=3547136 hits=1153954 fwd=9348 rows=2392884 fwd_ms=146206.5 eval=0 prior=0
[inst] req=3555328 hits=1156621 fwd=9369 rows=2398260 fwd_ms=146521.6 eval=0 prior=0
[inst] req=3563520 hits=1159494 fwd=9390 rows=2403636 fwd_ms=146837.0 eval=0 prior=0
[inst] req=3571712 hits=1162176 fwd=9412 rows=2409268 fwd_ms=147167.2 eval=0 prior=0
[inst] req=3579904 hits=1164899 fwd=9433 rows=2414644 fwd_ms=147483.7 eval=0 prior=0
[inst] req=3588096 hits=1167669 fwd=9454 rows=2420020 fwd_ms=147798.8 eval=0 prior=0
[inst] req=3596288 hits=1170281 fwd=9476 rows=2425652 fwd_ms=148129.2 eval=0 prior=0
[inst] req=3604480 hits=1172833 fwd=9498 rows=2431284 fwd_ms=148459.9 eval=0 prior=0
[inst] req=3612672 hits=1175831 fwd=9518 rows=2436404 fwd_ms=148760.0 eval=0 prior=0
[inst] req=3620864 hits=1178442 fwd=9540 rows=2442036 fwd_ms=149090.2 eval=0 prior=0
[inst] req=3629056 hits=1181005 fwd=9562 rows=2447668 fwd_ms=149420.2 eval=0 prior=0
[inst] req=3637248 hits=1183866 fwd=9583 rows=2453044 fwd_ms=149735.4 eval=0 prior=0
[inst] req=3645440 hits=1186553 fwd=9604 rows=2458420 fwd_ms=150050.8 eval=0 prior=0
[inst] req=3653632 hits=1189136 fwd=9626 rows=2464052 fwd_ms=150380.9 eval=0 prior=0
[inst] req=3661824 hits=1191697 fwd=9648 rows=2469684 fwd_ms=150711.2 eval=0 prior=0
[inst] req=3670016 hits=1194324 fwd=9670 rows=2475316 fwd_ms=151041.5 eval=0 prior=0
[inst] req=3678208 hits=1196875 fwd=9692 rows=2480948 fwd_ms=151371.6 eval=0 prior=0
[inst] req=3686400 hits=1199598 fwd=9713 rows=2486324 fwd_ms=151686.8 eval=0 prior=0
[inst] req=3694592 hits=1202237 fwd=9735 rows=2491956 fwd_ms=152017.3 eval=0 prior=0
[inst] req=3702784 hits=1204960 fwd=9756 rows=2497332 fwd_ms=152332.5 eval=0 prior=0
[inst] req=3710976 hits=1207665 fwd=9778 rows=2502964 fwd_ms=152662.8 eval=0 prior=0
[inst] req=3719168 hits=1210274 fwd=9800 rows=2508596 fwd_ms=152993.4 eval=0 prior=0
[inst] req=3727360 hits=1212881 fwd=9821 rows=2513972 fwd_ms=153310.7 eval=0 prior=0
[inst] req=3735552 hits=1215661 fwd=9843 rows=2519604 fwd_ms=153643.3 eval=0 prior=0
[inst] req=3743744 hits=1218354 fwd=9864 rows=2524980 fwd_ms=153959.8 eval=0 prior=0
[inst] req=3751936 hits=1221071 fwd=9885 rows=2530356 fwd_ms=154276.4 eval=0 prior=0
[inst] req=3760128 hits=1223699 fwd=9907 rows=2535988 fwd_ms=154608.4 eval=0 prior=0
[inst] req=3768320 hits=1226369 fwd=9929 rows=2541620 fwd_ms=154939.7 eval=0 prior=0
[inst] req=3776512 hits=1229087 fwd=9950 rows=2546996 fwd_ms=155256.1 eval=0 prior=0
[inst] req=3784704 hits=1231643 fwd=9972 rows=2552628 fwd_ms=155585.8 eval=0 prior=0
[inst] req=3792896 hits=1234372 fwd=9994 rows=2558260 fwd_ms=155915.8 eval=0 prior=0
[inst] req=3801088 hits=1236985 fwd=10015 rows=2563636 fwd_ms=156230.8 eval=0 prior=0
[inst] req=3809280 hits=1239674 fwd=10037 rows=2569268 fwd_ms=156560.7 eval=0 prior=0
[inst] req=3817472 hits=1242403 fwd=10058 rows=2574644 fwd_ms=156875.5 eval=0 prior=0
[inst] req=3825664 hits=1245079 fwd=10080 rows=2580276 fwd_ms=157205.2 eval=0 prior=0
[inst] req=3833856 hits=1247974 fwd=10100 rows=2585396 fwd_ms=157505.2 eval=0 prior=0
[inst] req=3842048 hits=1250762 fwd=10122 rows=2591028 fwd_ms=157835.0 eval=0 prior=0
[inst] req=3850240 hits=1253345 fwd=10143 rows=2596404 fwd_ms=158150.1 eval=0 prior=0
[inst] req=3858432 hits=1256107 fwd=10165 rows=2602036 fwd_ms=158480.2 eval=0 prior=0
[inst] req=3866624 hits=1258965 fwd=10185 rows=2607156 fwd_ms=158780.4 eval=0 prior=0
[inst] req=3874816 hits=1261844 fwd=10206 rows=2612532 fwd_ms=159095.4 eval=0 prior=0
[inst] req=3883008 hits=1264590 fwd=10227 rows=2617908 fwd_ms=159410.4 eval=0 prior=0
[inst] req=3891200 hits=1267179 fwd=10249 rows=2623540 fwd_ms=159740.3 eval=0 prior=0
[inst] req=3899392 hits=1269884 fwd=10271 rows=2629172 fwd_ms=160070.6 eval=0 prior=0
[inst] req=3907584 hits=1272546 fwd=10292 rows=2634548 fwd_ms=160385.8 eval=0 prior=0
[inst] req=3915776 hits=1275105 fwd=10314 rows=2640180 fwd_ms=160715.9 eval=0 prior=0
[inst] req=3923968 hits=1277786 fwd=10336 rows=2645812 fwd_ms=161046.1 eval=0 prior=0
[inst] req=3932160 hits=1280395 fwd=10358 rows=2651444 fwd_ms=161376.1 eval=0 prior=0
[inst] req=3940352 hits=1282997 fwd=10380 rows=2657076 fwd_ms=161705.9 eval=0 prior=0
[inst] req=3948544 hits=1285665 fwd=10401 rows=2662452 fwd_ms=162021.3 eval=0 prior=0
[inst] req=3956736 hits=1288538 fwd=10422 rows=2667828 fwd_ms=162336.3 eval=0 prior=0
[inst] req=3964928 hits=1291409 fwd=10443 rows=2673204 fwd_ms=162651.2 eval=0 prior=0
[inst] req=3973120 hits=1294130 fwd=10464 rows=2678580 fwd_ms=162966.5 eval=0 prior=0
[inst] req=3981312 hits=1296674 fwd=10486 rows=2684212 fwd_ms=163296.3 eval=0 prior=0
[inst] req=3989504 hits=1299227 fwd=10508 rows=2689844 fwd_ms=163626.3 eval=0 prior=0
[inst] req=3997696 hits=1301871 fwd=10530 rows=2695476 fwd_ms=163956.0 eval=0 prior=0
[inst] req=4005888 hits=1304709 fwd=10551 rows=2700852 fwd_ms=164271.0 eval=0 prior=0
[inst] req=4014080 hits=1307523 fwd=10572 rows=2706228 fwd_ms=164587.4 eval=0 prior=0
[inst] req=4022272 hits=1310181 fwd=10593 rows=2711604 fwd_ms=164902.9 eval=0 prior=0
[inst] req=4030464 hits=1312868 fwd=10615 rows=2717236 fwd_ms=165232.8 eval=0 prior=0
[inst] req=4038656 hits=1315619 fwd=10636 rows=2722612 fwd_ms=165547.8 eval=0 prior=0
[inst] req=4046848 hits=1318197 fwd=10658 rows=2728244 fwd_ms=165879.2 eval=0 prior=0
[inst] req=4055040 hits=1320945 fwd=10679 rows=2733620 fwd_ms=166195.6 eval=0 prior=0
[inst] req=4063232 hits=1323603 fwd=10701 rows=2739252 fwd_ms=166526.2 eval=0 prior=0
[inst] req=4071424 hits=1326147 fwd=10723 rows=2744884 fwd_ms=166856.7 eval=0 prior=0
[inst] req=4079616 hits=1328870 fwd=10744 rows=2750260 fwd_ms=167172.1 eval=0 prior=0
[inst] req=4087808 hits=1331507 fwd=10766 rows=2755892 fwd_ms=167501.8 eval=0 prior=0
[inst] req=4096000 hits=1334158 fwd=10788 rows=2761524 fwd_ms=167832.8 eval=0 prior=0
[inst] req=4104192 hits=1336904 fwd=10809 rows=2766900 fwd_ms=168147.9 eval=0 prior=0
[inst] req=4112384 hits=1339577 fwd=10831 rows=2772532 fwd_ms=168478.0 eval=0 prior=0
[inst] req=4120576 hits=1342320 fwd=10852 rows=2777908 fwd_ms=168793.2 eval=0 prior=0
[inst] req=4128768 hits=1345014 fwd=10873 rows=2783284 fwd_ms=169108.4 eval=0 prior=0
[inst] req=4136960 hits=1347591 fwd=10895 rows=2788916 fwd_ms=169438.5 eval=0 prior=0
[inst] req=4145152 hits=1350372 fwd=10916 rows=2794292 fwd_ms=169753.6 eval=0 prior=0
[inst] req=4153344 hits=1353039 fwd=10938 rows=2799924 fwd_ms=170083.7 eval=0 prior=0
[inst] req=4161536 hits=1355767 fwd=10959 rows=2805300 fwd_ms=170398.7 eval=0 prior=0
[inst] req=4169728 hits=1358396 fwd=10981 rows=2810932 fwd_ms=170728.6 eval=0 prior=0
[inst] req=4177920 hits=1360998 fwd=11003 rows=2816564 fwd_ms=171058.6 eval=0 prior=0
[inst] req=4186112 hits=1363671 fwd=11024 rows=2821940 fwd_ms=171373.6 eval=0 prior=0
[inst] req=4194304 hits=1366405 fwd=11046 rows=2827572 fwd_ms=171703.5 eval=0 prior=0
[inst] req=4202496 hits=1369145 fwd=11067 rows=2832948 fwd_ms=172018.4 eval=0 prior=0
[inst] req=4210688 hits=1371852 fwd=11088 rows=2838324 fwd_ms=172333.3 eval=0 prior=0
[inst] req=4218880 hits=1374543 fwd=11110 rows=2843956 fwd_ms=172663.2 eval=0 prior=0
[inst] req=4227072 hits=1377323 fwd=11131 rows=2849332 fwd_ms=172978.5 eval=0 prior=0
[inst] req=4235264 hits=1379998 fwd=11153 rows=2854964 fwd_ms=173308.5 eval=0 prior=0
[inst] req=4243456 hits=1382670 fwd=11174 rows=2860340 fwd_ms=173624.0 eval=0 prior=0
[inst] req=4251648 hits=1385250 fwd=11196 rows=2865972 fwd_ms=173954.7 eval=0 prior=0
[inst] req=4259840 hits=1388095 fwd=11217 rows=2871348 fwd_ms=174269.8 eval=0 prior=0
[inst] req=4268032 hits=1390965 fwd=11238 rows=2876724 fwd_ms=174584.7 eval=0 prior=0
[inst] req=4276224 hits=1393889 fwd=11258 rows=2881844 fwd_ms=174884.9 eval=0 prior=0
[inst] req=4284416 hits=1396672 fwd=11280 rows=2887476 fwd_ms=175215.8 eval=0 prior=0
[inst] req=4292608 hits=1399329 fwd=11301 rows=2892852 fwd_ms=175530.8 eval=0 prior=0
[inst] req=4300800 hits=1402025 fwd=11323 rows=2898484 fwd_ms=175860.8 eval=0 prior=0
[inst] req=4308992 hits=1404772 fwd=11344 rows=2903860 fwd_ms=176175.7 eval=0 prior=0
[inst] req=4317184 hits=1407432 fwd=11366 rows=2909492 fwd_ms=176505.6 eval=0 prior=0
[inst] req=4325376 hits=1410301 fwd=11386 rows=2914612 fwd_ms=176805.6 eval=0 prior=0
[inst] req=4333568 hits=1413102 fwd=11407 rows=2919988 fwd_ms=177121.9 eval=0 prior=0
[inst] req=4341760 hits=1415783 fwd=11429 rows=2925620 fwd_ms=177451.8 eval=0 prior=0
[inst] req=4349952 hits=1418439 fwd=11451 rows=2931252 fwd_ms=177783.8 eval=0 prior=0
[inst] req=4358144 hits=1421136 fwd=11472 rows=2936628 fwd_ms=178098.9 eval=0 prior=0
[inst] req=4366336 hits=1423784 fwd=11494 rows=2942260 fwd_ms=178428.9 eval=0 prior=0
[inst] req=4374528 hits=1426443 fwd=11515 rows=2947636 fwd_ms=178744.1 eval=0 prior=0
[inst] req=4382720 hits=1429262 fwd=11536 rows=2953012 fwd_ms=179059.1 eval=0 prior=0
[inst] req=4390912 hits=1432046 fwd=11557 rows=2958388 fwd_ms=179374.2 eval=0 prior=0
[inst] req=4399104 hits=1434705 fwd=11579 rows=2964020 fwd_ms=179704.3 eval=0 prior=0
[inst] req=4407296 hits=1437360 fwd=11601 rows=2969652 fwd_ms=180034.3 eval=0 prior=0
[inst] req=4415488 hits=1440183 fwd=11622 rows=2975028 fwd_ms=180349.4 eval=0 prior=0
[inst] req=4423680 hits=1442849 fwd=11643 rows=2980404 fwd_ms=180664.3 eval=0 prior=0
[inst] req=4431872 hits=1445500 fwd=11665 rows=2986036 fwd_ms=180995.3 eval=0 prior=0
[inst] req=4440064 hits=1448083 fwd=11687 rows=2991668 fwd_ms=181325.3 eval=0 prior=0
[inst] req=4448256 hits=1450803 fwd=11708 rows=2997044 fwd_ms=181640.3 eval=0 prior=0
[inst] req=4456448 hits=1453757 fwd=11729 rows=3002420 fwd_ms=181955.4 eval=0 prior=0
[inst] req=4464640 hits=1456576 fwd=11750 rows=3007796 fwd_ms=182270.1 eval=0 prior=0
[inst] req=4472832 hits=1459361 fwd=11771 rows=3013172 fwd_ms=182585.0 eval=0 prior=0
[inst] req=4481024 hits=1462014 fwd=11792 rows=3018548 fwd_ms=182900.0 eval=0 prior=0
[inst] req=4489216 hits=1464719 fwd=11814 rows=3024180 fwd_ms=183230.0 eval=0 prior=0
[inst] req=4497408 hits=1467473 fwd=11835 rows=3029556 fwd_ms=183545.0 eval=0 prior=0
[inst] req=4505600 hits=1470207 fwd=11856 rows=3034932 fwd_ms=183860.0 eval=0 prior=0
[inst] req=4513792 hits=1472889 fwd=11878 rows=3040564 fwd_ms=184190.2 eval=0 prior=0
[inst] req=4521984 hits=1475590 fwd=11899 rows=3045940 fwd_ms=184506.0 eval=0 prior=0
[inst] req=4530176 hits=1478227 fwd=11921 rows=3051572 fwd_ms=184835.6 eval=0 prior=0
[inst] req=4538368 hits=1480925 fwd=11942 rows=3056948 fwd_ms=185150.7 eval=0 prior=0
[inst] req=4546560 hits=1483575 fwd=11964 rows=3062580 fwd_ms=185480.4 eval=0 prior=0
[inst] req=4554752 hits=1486152 fwd=11986 rows=3068212 fwd_ms=185812.2 eval=0 prior=0
[inst] req=4562944 hits=1488863 fwd=12007 rows=3073588 fwd_ms=186127.1 eval=0 prior=0
[inst] req=4571136 hits=1491661 fwd=12028 rows=3078964 fwd_ms=186442.1 eval=0 prior=0
[inst] req=4579328 hits=1494523 fwd=12049 rows=3084340 fwd_ms=186756.7 eval=0 prior=0
[inst] req=4587520 hits=1497268 fwd=12071 rows=3089972 fwd_ms=187087.1 eval=0 prior=0
[inst] req=4595712 hits=1500102 fwd=12092 rows=3095348 fwd_ms=187403.2 eval=0 prior=0
[inst] req=4603904 hits=1502703 fwd=12113 rows=3100724 fwd_ms=187717.7 eval=0 prior=0
[inst] req=4612096 hits=1505396 fwd=12135 rows=3106356 fwd_ms=188047.8 eval=0 prior=0
[inst] req=4620288 hits=1508064 fwd=12156 rows=3111732 fwd_ms=188362.5 eval=0 prior=0
[inst] req=4628480 hits=1510748 fwd=12178 rows=3117364 fwd_ms=188696.5 eval=0 prior=0
[inst] req=4636672 hits=1513504 fwd=12199 rows=3122740 fwd_ms=189017.7 eval=0 prior=0
[inst] req=4644864 hits=1516190 fwd=12221 rows=3128372 fwd_ms=189362.8 eval=0 prior=0
[inst] req=4653056 hits=1518802 fwd=12242 rows=3133748 fwd_ms=189699.5 eval=0 prior=0
[inst] req=4661248 hits=1521521 fwd=12264 rows=3139380 fwd_ms=190109.6 eval=0 prior=0
[inst] req=4669440 hits=1524243 fwd=12285 rows=3144756 fwd_ms=190501.0 eval=0 prior=0
[inst] req=4677632 hits=1527151 fwd=12306 rows=3150132 fwd_ms=190888.5 eval=0 prior=0
[inst] req=4685824 hits=1529879 fwd=12327 rows=3155508 fwd_ms=191266.3 eval=0 prior=0
[inst] req=4694016 hits=1532580 fwd=12349 rows=3161140 fwd_ms=191596.3 eval=0 prior=0
[inst] req=4702208 hits=1535255 fwd=12370 rows=3166516 fwd_ms=191912.7 eval=0 prior=0
[inst] req=4710400 hits=1538018 fwd=12391 rows=3171892 fwd_ms=192227.9 eval=0 prior=0
[inst] req=4718592 hits=1540679 fwd=12413 rows=3177524 fwd_ms=192558.3 eval=0 prior=0
[inst] req=4726784 hits=1543395 fwd=12434 rows=3182900 fwd_ms=192874.8 eval=0 prior=0
[inst] req=4734976 hits=1546178 fwd=12456 rows=3188532 fwd_ms=193205.1 eval=0 prior=0
[inst] req=4743168 hits=1548816 fwd=12477 rows=3193908 fwd_ms=193519.9 eval=0 prior=0
[inst] req=4751360 hits=1551463 fwd=12499 rows=3199540 fwd_ms=193849.7 eval=0 prior=0
[inst] req=4759552 hits=1554217 fwd=12520 rows=3204916 fwd_ms=194164.6 eval=0 prior=0
[inst] req=4767744 hits=1556985 fwd=12541 rows=3210292 fwd_ms=194479.5 eval=0 prior=0
[inst] req=4775936 hits=1559737 fwd=12563 rows=3215924 fwd_ms=194809.7 eval=0 prior=0
[inst] req=4784128 hits=1562452 fwd=12584 rows=3221300 fwd_ms=195125.3 eval=0 prior=0
[inst] req=4792320 hits=1565129 fwd=12606 rows=3226932 fwd_ms=195455.6 eval=0 prior=0
[inst] req=4800512 hits=1567754 fwd=12627 rows=3232308 fwd_ms=195770.5 eval=0 prior=0
[inst] req=4808704 hits=1570441 fwd=12649 rows=3237940 fwd_ms=196101.0 eval=0 prior=0
[inst] req=4816896 hits=1573051 fwd=12671 rows=3243572 fwd_ms=196432.1 eval=0 prior=0
[inst] req=4825088 hits=1575691 fwd=12692 rows=3248948 fwd_ms=196749.0 eval=0 prior=0
[inst] req=4833280 hits=1578299 fwd=12714 rows=3254580 fwd_ms=197079.9 eval=0 prior=0
[inst] req=4841472 hits=1580897 fwd=12736 rows=3260212 fwd_ms=197410.3 eval=0 prior=0
[inst] req=4849664 hits=1583542 fwd=12758 rows=3265844 fwd_ms=197740.1 eval=0 prior=0
[inst] req=4857856 hits=1586264 fwd=12779 rows=3271220 fwd_ms=198054.9 eval=0 prior=0
[inst] req=4866048 hits=1588957 fwd=12800 rows=3276596 fwd_ms=198369.9 eval=0 prior=0
[inst] req=4874240 hits=1591802 fwd=12821 rows=3281972 fwd_ms=198684.7 eval=0 prior=0
[inst] req=4882432 hits=1594571 fwd=12843 rows=3287604 fwd_ms=199014.5 eval=0 prior=0
[inst] req=4890624 hits=1597256 fwd=12864 rows=3292980 fwd_ms=199329.5 eval=0 prior=0
[inst] req=4898816 hits=1599842 fwd=12886 rows=3298612 fwd_ms=199660.9 eval=0 prior=0
[inst] req=4907008 hits=1602409 fwd=12908 rows=3304244 fwd_ms=199990.9 eval=0 prior=0
[inst] req=4915200 hits=1604965 fwd=12930 rows=3309876 fwd_ms=200320.8 eval=0 prior=0
[inst] req=4923392 hits=1607623 fwd=12952 rows=3315508 fwd_ms=200650.7 eval=0 prior=0
[inst] req=4931584 hits=1610583 fwd=12972 rows=3320628 fwd_ms=200950.8 eval=0 prior=0
[inst] req=4939776 hits=1613388 fwd=12993 rows=3326004 fwd_ms=201265.9 eval=0 prior=0
[inst] req=4947968 hits=1616155 fwd=13014 rows=3331380 fwd_ms=201581.0 eval=0 prior=0
[inst] req=4956160 hits=1618860 fwd=13036 rows=3337012 fwd_ms=201911.3 eval=0 prior=0
[inst] req=4964352 hits=1621700 fwd=13057 rows=3342388 fwd_ms=202226.4 eval=0 prior=0
[inst] req=4972544 hits=1624392 fwd=13078 rows=3347764 fwd_ms=202541.6 eval=0 prior=0
[inst] req=4980736 hits=1627106 fwd=13099 rows=3353140 fwd_ms=202856.4 eval=0 prior=0
[inst] req=4988928 hits=1629843 fwd=13121 rows=3358772 fwd_ms=203186.0 eval=0 prior=0
[inst] req=4997120 hits=1632466 fwd=13142 rows=3364148 fwd_ms=203500.9 eval=0 prior=0
[inst] req=5005312 hits=1635059 fwd=13164 rows=3369780 fwd_ms=203831.0 eval=0 prior=0
[inst] req=5013504 hits=1637722 fwd=13186 rows=3375412 fwd_ms=204161.9 eval=0 prior=0
[inst] req=5021696 hits=1640458 fwd=13207 rows=3380788 fwd_ms=204477.0 eval=0 prior=0
[inst] req=5029888 hits=1643218 fwd=13228 rows=3386164 fwd_ms=204791.9 eval=0 prior=0
[inst] req=5038080 hits=1646142 fwd=13249 rows=3391540 fwd_ms=205106.8 eval=0 prior=0
[inst] req=5046272 hits=1648957 fwd=13270 rows=3396916 fwd_ms=205421.9 eval=0 prior=0
[inst] req=5054464 hits=1651705 fwd=13291 rows=3402292 fwd_ms=205736.8 eval=0 prior=0
[inst] req=5062656 hits=1654385 fwd=13313 rows=3407924 fwd_ms=206066.6 eval=0 prior=0
[inst] req=5070848 hits=1657156 fwd=13334 rows=3413300 fwd_ms=206381.2 eval=0 prior=0
[inst] req=5079040 hits=1659847 fwd=13356 rows=3418932 fwd_ms=206711.2 eval=0 prior=0
[inst] req=5087232 hits=1662420 fwd=13377 rows=3424308 fwd_ms=207026.0 eval=0 prior=0
[inst] req=5095424 hits=1665098 fwd=13399 rows=3429940 fwd_ms=207357.0 eval=0 prior=0
[inst] req=5103616 hits=1667809 fwd=13420 rows=3435316 fwd_ms=207671.9 eval=0 prior=0
[inst] req=5111808 hits=1670744 fwd=13441 rows=3440692 fwd_ms=207987.1 eval=0 prior=0
[inst] req=5120000 hits=1673473 fwd=13462 rows=3446068 fwd_ms=208302.0 eval=0 prior=0
[inst] req=5128192 hits=1676149 fwd=13484 rows=3451700 fwd_ms=208631.8 eval=0 prior=0
[inst] req=5136384 hits=1678887 fwd=13505 rows=3457076 fwd_ms=208946.8 eval=0 prior=0
[inst] req=5144576 hits=1681564 fwd=13527 rows=3462708 fwd_ms=209276.8 eval=0 prior=0
[inst] req=5152768 hits=1684323 fwd=13548 rows=3468084 fwd_ms=209591.6 eval=0 prior=0
[inst] req=5160960 hits=1687203 fwd=13569 rows=3473460 fwd_ms=209906.5 eval=0 prior=0
[inst] req=5169152 hits=1689969 fwd=13590 rows=3478836 fwd_ms=210221.5 eval=0 prior=0
[inst] req=5177344 hits=1692502 fwd=13612 rows=3484468 fwd_ms=210551.5 eval=0 prior=0
[inst] req=5185536 hits=1695161 fwd=13634 rows=3490100 fwd_ms=210881.5 eval=0 prior=0
[inst] req=5193728 hits=1698073 fwd=13654 rows=3495220 fwd_ms=211181.5 eval=0 prior=0
[inst] req=5201920 hits=1700860 fwd=13675 rows=3500596 fwd_ms=211496.5 eval=0 prior=0
[inst] req=5210112 hits=1703458 fwd=13697 rows=3506228 fwd_ms=211826.7 eval=0 prior=0
[inst] req=5218304 hits=1706145 fwd=13719 rows=3511860 fwd_ms=212157.7 eval=0 prior=0
[inst] req=5226496 hits=1708805 fwd=13740 rows=3517236 fwd_ms=212472.8 eval=0 prior=0
[inst] req=5234688 hits=1711681 fwd=13761 rows=3522612 fwd_ms=212787.7 eval=0 prior=0
[inst] req=5242880 hits=1714444 fwd=13782 rows=3527988 fwd_ms=213102.6 eval=0 prior=0
[inst] req=5251072 hits=1717117 fwd=13804 rows=3533620 fwd_ms=213432.5 eval=0 prior=0
[inst] req=5259264 hits=1719974 fwd=13825 rows=3538996 fwd_ms=213747.6 eval=0 prior=0
[inst] req=5267456 hits=1722784 fwd=13846 rows=3544372 fwd_ms=214062.6 eval=0 prior=0
[inst] req=5275648 hits=1725423 fwd=13867 rows=3549748 fwd_ms=214377.4 eval=0 prior=0
[inst] req=5283840 hits=1728124 fwd=13889 rows=3555380 fwd_ms=214707.6 eval=0 prior=0
[inst] req=5292032 hits=1730956 fwd=13910 rows=3560756 fwd_ms=215022.9 eval=0 prior=0
[inst] req=5300224 hits=1733590 fwd=13931 rows=3566132 fwd_ms=215338.0 eval=0 prior=0
[inst] req=5308416 hits=1736201 fwd=13953 rows=3571764 fwd_ms=215669.0 eval=0 prior=0
[inst] req=5316608 hits=1738821 fwd=13975 rows=3577396 fwd_ms=215999.0 eval=0 prior=0
[inst] req=5324800 hits=1741410 fwd=13997 rows=3583028 fwd_ms=216329.0 eval=0 prior=0
[inst] req=5332992 hits=1744116 fwd=14018 rows=3588404 fwd_ms=216644.0 eval=0 prior=0
[inst] req=5341184 hits=1746845 fwd=14040 rows=3594036 fwd_ms=216974.0 eval=0 prior=0
[inst] req=5349376 hits=1749614 fwd=14061 rows=3599412 fwd_ms=217289.1 eval=0 prior=0
[inst] req=5357568 hits=1752310 fwd=14082 rows=3604788 fwd_ms=217604.2 eval=0 prior=0
[inst] req=5365760 hits=1754929 fwd=14104 rows=3610420 fwd_ms=217934.5 eval=0 prior=0
[inst] req=5373952 hits=1757831 fwd=14125 rows=3615796 fwd_ms=218249.7 eval=0 prior=0
[inst] req=5382144 hits=1760671 fwd=14146 rows=3621172 fwd_ms=218564.9 eval=0 prior=0
[inst] req=5390336 hits=1763333 fwd=14167 rows=3626548 fwd_ms=218879.9 eval=0 prior=0
[inst] req=5398528 hits=1765969 fwd=14189 rows=3632180 fwd_ms=219210.1 eval=0 prior=0
[inst] req=5406720 hits=1768645 fwd=14211 rows=3637812 fwd_ms=219540.0 eval=0 prior=0
[inst] req=5414912 hits=1771230 fwd=14232 rows=3643188 fwd_ms=219854.8 eval=0 prior=0
[inst] req=5423104 hits=1774167 fwd=14253 rows=3648564 fwd_ms=220170.3 eval=0 prior=0
[inst] req=5431296 hits=1776880 fwd=14274 rows=3653940 fwd_ms=220485.2 eval=0 prior=0
[inst] req=5439488 hits=1779685 fwd=14295 rows=3659316 fwd_ms=220801.3 eval=0 prior=0
[inst] req=5447680 hits=1782366 fwd=14317 rows=3664948 fwd_ms=221131.3 eval=0 prior=0
[inst] req=5455872 hits=1785009 fwd=14339 rows=3670580 fwd_ms=221461.6 eval=0 prior=0
[inst] req=5464064 hits=1787594 fwd=14361 rows=3676212 fwd_ms=221791.5 eval=0 prior=0
[inst] req=5472256 hits=1790221 fwd=14382 rows=3681588 fwd_ms=222106.1 eval=0 prior=0
[inst] req=5480448 hits=1792923 fwd=14404 rows=3687220 fwd_ms=222436.5 eval=0 prior=0
[inst] req=5488640 hits=1795839 fwd=14424 rows=3692340 fwd_ms=222736.8 eval=0 prior=0
[inst] req=5496832 hits=1798673 fwd=14445 rows=3697716 fwd_ms=223051.8 eval=0 prior=0
[inst] req=5505024 hits=1801270 fwd=14467 rows=3703348 fwd_ms=223382.6 eval=0 prior=0
[inst] req=5513216 hits=1803961 fwd=14489 rows=3708980 fwd_ms=223712.7 eval=0 prior=0
[inst] req=5521408 hits=1806595 fwd=14510 rows=3714356 fwd_ms=224027.6 eval=0 prior=0
[inst] req=5529600 hits=1809428 fwd=14531 rows=3719732 fwd_ms=224343.0 eval=0 prior=0
[inst] req=5537792 hits=1812135 fwd=14553 rows=3725364 fwd_ms=224673.0 eval=0 prior=0
[inst] req=5545984 hits=1814868 fwd=14574 rows=3730740 fwd_ms=224988.2 eval=0 prior=0
[inst] req=5554176 hits=1817594 fwd=14595 rows=3736116 fwd_ms=225303.5 eval=0 prior=0
[inst] req=5562368 hits=1820461 fwd=14616 rows=3741492 fwd_ms=225618.8 eval=0 prior=0
[inst] req=5570560 hits=1823398 fwd=14637 rows=3746868 fwd_ms=225934.6 eval=0 prior=0
[inst] req=5578752 hits=1826134 fwd=14658 rows=3752244 fwd_ms=226250.5 eval=0 prior=0
[inst] req=5586944 hits=1828875 fwd=14679 rows=3757620 fwd_ms=226847.9 eval=0 prior=0
[inst] req=5595136 hits=1831653 fwd=14700 rows=3762996 fwd_ms=228457.1 eval=0 prior=0
[inst] req=5603328 hits=1834668 fwd=14721 rows=3768372 fwd_ms=230239.5 eval=0 prior=0
[inst] req=5611520 hits=1837548 fwd=14741 rows=3773492 fwd_ms=231473.1 eval=0 prior=0
[inst] req=5619712 hits=1840315 fwd=14763 rows=3779124 fwd_ms=231839.3 eval=0 prior=0
[inst] req=5627904 hits=1841000 fwd=14792 rows=3786548 fwd_ms=232303.0 eval=0 prior=0
[inst] req=5636096 hits=1841574 fwd=14822 rows=3794228 fwd_ms=232805.2 eval=0 prior=0
[inst] req=5644288 hits=1842892 fwd=14848 rows=3800884 fwd_ms=233228.1 eval=0 prior=0
[inst] req=5652480 hits=1845044 fwd=14872 rows=3807028 fwd_ms=233620.9 eval=0 prior=0
[inst] req=5660672 hits=1847531 fwd=14894 rows=3812660 fwd_ms=233978.6 eval=0 prior=0
[inst] req=5668864 hits=1850094 fwd=14916 rows=3818292 fwd_ms=234324.0 eval=0 prior=0
[inst] req=5677056 hits=1852633 fwd=14938 rows=3823924 fwd_ms=234681.5 eval=0 prior=0
[inst] req=5685248 hits=1855121 fwd=14961 rows=3829812 fwd_ms=235061.3 eval=0 prior=0
[inst] req=5693440 hits=1857796 fwd=14982 rows=3835188 fwd_ms=235389.4 eval=0 prior=0
[inst] req=5701632 hits=1860593 fwd=15003 rows=3840564 fwd_ms=235719.9 eval=0 prior=0
[inst] req=5709824 hits=1863409 fwd=15024 rows=3845940 fwd_ms=236059.0 eval=0 prior=0
[inst] req=5718016 hits=1865900 fwd=15047 rows=3851828 fwd_ms=236409.9 eval=0 prior=0
[inst] req=5726208 hits=1868379 fwd=15069 rows=3857460 fwd_ms=236758.9 eval=0 prior=0
[inst] req=5734400 hits=1871005 fwd=15091 rows=3863092 fwd_ms=237109.7 eval=0 prior=0
[inst] req=5742592 hits=1873736 fwd=15112 rows=3868468 fwd_ms=237447.9 eval=0 prior=0
[inst] req=5750784 hits=1876613 fwd=15133 rows=3873844 fwd_ms=237795.6 eval=0 prior=0
[inst] req=5758976 hits=1879338 fwd=15154 rows=3879220 fwd_ms=238135.6 eval=0 prior=0
[inst] req=5767168 hits=1881818 fwd=15176 rows=3884852 fwd_ms=238493.2 eval=0 prior=0
[inst] req=5775360 hits=1884403 fwd=15198 rows=3890484 fwd_ms=238849.1 eval=0 prior=0
[inst] req=5783552 hits=1887140 fwd=15220 rows=3896116 fwd_ms=239197.3 eval=0 prior=0
[inst] req=5791744 hits=1889997 fwd=15240 rows=3901236 fwd_ms=239512.1 eval=0 prior=0
[inst] req=5799936 hits=1892794 fwd=15262 rows=3906868 fwd_ms=239865.6 eval=0 prior=0
[inst] req=5808128 hits=1895528 fwd=15283 rows=3912244 fwd_ms=240211.2 eval=0 prior=0
[inst] req=5816320 hits=1898246 fwd=15304 rows=3917620 fwd_ms=240537.0 eval=0 prior=0
[inst] req=5824512 hits=1900945 fwd=15326 rows=3923252 fwd_ms=240888.4 eval=0 prior=0
[inst] req=5832704 hits=1903791 fwd=15347 rows=3928628 fwd_ms=241231.3 eval=0 prior=0
[inst] req=5840896 hits=1906667 fwd=15367 rows=3933748 fwd_ms=241549.4 eval=0 prior=0
[inst] req=5849088 hits=1909285 fwd=15389 rows=3939380 fwd_ms=241907.2 eval=0 prior=0
[inst] req=5857280 hits=1911943 fwd=15411 rows=3945012 fwd_ms=242264.5 eval=0 prior=0
[inst] req=5865472 hits=1914787 fwd=15432 rows=3950388 fwd_ms=242604.9 eval=0 prior=0
[inst] req=5873664 hits=1917702 fwd=15452 rows=3955508 fwd_ms=242930.5 eval=0 prior=0
[inst] req=5881856 hits=1920479 fwd=15473 rows=3960884 fwd_ms=243265.3 eval=0 prior=0
[inst] req=5890048 hits=1923145 fwd=15495 rows=3966516 fwd_ms=243620.9 eval=0 prior=0
[inst] req=5898240 hits=1925798 fwd=15517 rows=3972148 fwd_ms=243972.1 eval=0 prior=0
[inst] req=5906432 hits=1928307 fwd=15539 rows=3977780 fwd_ms=244325.5 eval=0 prior=0
[inst] req=5914624 hits=1930858 fwd=15561 rows=3983412 fwd_ms=244678.9 eval=0 prior=0
[inst] req=5922816 hits=1933736 fwd=15582 rows=3988788 fwd_ms=245010.4 eval=0 prior=0
[inst] req=5931008 hits=1936613 fwd=15602 rows=3993908 fwd_ms=245339.3 eval=0 prior=0
[inst] req=5939200 hits=1939164 fwd=15624 rows=3999540 fwd_ms=245690.0 eval=0 prior=0
[inst] req=5947392 hits=1941650 fwd=15647 rows=4005428 fwd_ms=246065.5 eval=0 prior=0
[inst] req=5955584 hits=1944397 fwd=15668 rows=4010804 fwd_ms=246403.4 eval=0 prior=0
[inst] req=5963776 hits=1947071 fwd=15690 rows=4016436 fwd_ms=246760.8 eval=0 prior=0
[inst] req=5971968 hits=1949942 fwd=15710 rows=4021556 fwd_ms=247082.5 eval=0 prior=0
[inst] req=5980160 hits=1952644 fwd=15732 rows=4027188 fwd_ms=247442.4 eval=0 prior=0
[inst] req=5988352 hits=1955173 fwd=15754 rows=4032820 fwd_ms=247788.5 eval=0 prior=0
[inst] req=5996544 hits=1957878 fwd=15775 rows=4038196 fwd_ms=248119.9 eval=0 prior=0
[inst] req=6004736 hits=1960562 fwd=15797 rows=4043828 fwd_ms=248475.5 eval=0 prior=0
[inst] req=6012928 hits=1963463 fwd=15818 rows=4049204 fwd_ms=248815.7 eval=0 prior=0
[inst] req=6021120 hits=1966181 fwd=15839 rows=4054580 fwd_ms=249140.9 eval=0 prior=0
[inst] req=6029312 hits=1968753 fwd=15861 rows=4060212 fwd_ms=249483.4 eval=0 prior=0
[inst] req=6037504 hits=1971427 fwd=15882 rows=4065588 fwd_ms=249814.9 eval=0 prior=0
[inst] req=6045696 hits=1974067 fwd=15904 rows=4071220 fwd_ms=250174.7 eval=0 prior=0
[inst] req=6053888 hits=1976742 fwd=15926 rows=4076852 fwd_ms=250525.2 eval=0 prior=0
[inst] req=6062080 hits=1979605 fwd=15946 rows=4081972 fwd_ms=250846.2 eval=0 prior=0
[inst] req=6070272 hits=1982471 fwd=15967 rows=4087348 fwd_ms=251179.8 eval=0 prior=0
[inst] req=6078464 hits=1984948 fwd=15990 rows=4093236 fwd_ms=251544.8 eval=0 prior=0
[inst] req=6086656 hits=1987407 fwd=16012 rows=4098868 fwd_ms=251902.8 eval=0 prior=0
[inst] req=6094848 hits=1990098 fwd=16033 rows=4104244 fwd_ms=252235.7 eval=0 prior=0
[inst] req=6103040 hits=1992984 fwd=16054 rows=4109620 fwd_ms=252574.0 eval=0 prior=0
[inst] req=6111232 hits=1995606 fwd=16076 rows=4115252 fwd_ms=252929.4 eval=0 prior=0
[inst] req=6119424 hits=1998325 fwd=16097 rows=4120628 fwd_ms=253260.8 eval=0 prior=0
[inst] req=6127616 hits=2000864 fwd=16119 rows=4126260 fwd_ms=253594.4 eval=0 prior=0
[inst] req=6135808 hits=2003535 fwd=16141 rows=4131892 fwd_ms=253935.7 eval=0 prior=0
[inst] req=6144000 hits=2006367 fwd=16162 rows=4137268 fwd_ms=254257.0 eval=0 prior=0
[inst] req=6152192 hits=2009007 fwd=16184 rows=4142900 fwd_ms=254607.5 eval=0 prior=0
[inst] req=6160384 hits=2011756 fwd=16205 rows=4148276 fwd_ms=254930.9 eval=0 prior=0
[inst] req=6168576 hits=2014437 fwd=16226 rows=4153652 fwd_ms=255261.9 eval=0 prior=0
[inst] req=6176768 hits=2017069 fwd=16248 rows=4159284 fwd_ms=255614.8 eval=0 prior=0
[inst] req=6184960 hits=2019730 fwd=16270 rows=4164916 fwd_ms=255958.3 eval=0 prior=0
[inst] req=6193152 hits=2022409 fwd=16291 rows=4170292 fwd_ms=256281.4 eval=0 prior=0
[inst] req=6201344 hits=2025078 fwd=16313 rows=4175924 fwd_ms=256625.0 eval=0 prior=0
[inst] req=6209536 hits=2027715 fwd=16335 rows=4181556 fwd_ms=256968.5 eval=0 prior=0
[inst] req=6217728 hits=2030339 fwd=16356 rows=4186932 fwd_ms=257299.8 eval=0 prior=0
[inst] req=6225920 hits=2033050 fwd=16378 rows=4192564 fwd_ms=257650.4 eval=0 prior=0
[inst] req=6234112 hits=2035832 fwd=16399 rows=4197940 fwd_ms=257983.3 eval=0 prior=0
[inst] req=6242304 hits=2038476 fwd=16420 rows=4203316 fwd_ms=258311.7 eval=0 prior=0
[inst] req=6250496 hits=2041122 fwd=16442 rows=4208948 fwd_ms=258643.3 eval=0 prior=0
[inst] req=6258688 hits=2043714 fwd=16464 rows=4214580 fwd_ms=258989.3 eval=0 prior=0
[inst] req=6266880 hits=2046275 fwd=16486 rows=4220212 fwd_ms=259327.9 eval=0 prior=0
[inst] req=6275072 hits=2048897 fwd=16508 rows=4225844 fwd_ms=259666.4 eval=0 prior=0
[inst] req=6283264 hits=2051617 fwd=16529 rows=4231220 fwd_ms=259990.1 eval=0 prior=0
[inst] req=6291456 hits=2054414 fwd=16550 rows=4236596 fwd_ms=260311.5 eval=0 prior=0
[inst] req=6299648 hits=2057156 fwd=16572 rows=4242228 fwd_ms=260650.5 eval=0 prior=0
[inst] req=6307840 hits=2059840 fwd=16593 rows=4247604 fwd_ms=261005.5 eval=0 prior=0
[inst] req=6316032 hits=2062624 fwd=16614 rows=4252980 fwd_ms=261338.5 eval=0 prior=0
[inst] req=6324224 hits=2065315 fwd=16636 rows=4258612 fwd_ms=261677.3 eval=0 prior=0
[inst] req=6332416 hits=2067995 fwd=16657 rows=4263988 fwd_ms=262007.7 eval=0 prior=0
[inst] req=6340608 hits=2070677 fwd=16679 rows=4269620 fwd_ms=262353.2 eval=0 prior=0
[inst] req=6348800 hits=2073272 fwd=16701 rows=4275252 fwd_ms=262689.0 eval=0 prior=0
[inst] req=6356992 hits=2075894 fwd=16722 rows=4280628 fwd_ms=263007.8 eval=0 prior=0
[inst] req=6365184 hits=2078531 fwd=16744 rows=4286260 fwd_ms=263339.5 eval=0 prior=0
[inst] req=6373376 hits=2081210 fwd=16766 rows=4291892 fwd_ms=263676.1 eval=0 prior=0
[inst] req=6381568 hits=2083911 fwd=16787 rows=4297268 fwd_ms=264011.7 eval=0 prior=0
[inst] req=6389760 hits=2086514 fwd=16809 rows=4302900 fwd_ms=264355.0 eval=0 prior=0
[inst] req=6397952 hits=2089333 fwd=16830 rows=4308276 fwd_ms=264688.6 eval=0 prior=0
[inst] req=6406144 hits=2092019 fwd=16851 rows=4313652 fwd_ms=265004.6 eval=0 prior=0
[inst] req=6414336 hits=2094745 fwd=16873 rows=4319284 fwd_ms=265335.2 eval=0 prior=0
[inst] req=6422528 hits=2097527 fwd=16894 rows=4324660 fwd_ms=265651.6 eval=0 prior=0
[inst] req=6430720 hits=2100257 fwd=16915 rows=4330036 fwd_ms=265967.5 eval=0 prior=0
[inst] req=6438912 hits=2102813 fwd=16937 rows=4335668 fwd_ms=266298.6 eval=0 prior=0
[inst] req=6447104 hits=2105493 fwd=16959 rows=4341300 fwd_ms=266632.0 eval=0 prior=0
[inst] req=6455296 hits=2108119 fwd=16980 rows=4346676 fwd_ms=266960.9 eval=0 prior=0
[inst] req=6463488 hits=2110943 fwd=17001 rows=4352052 fwd_ms=267289.7 eval=0 prior=0
[inst] req=6471680 hits=2113772 fwd=17022 rows=4357428 fwd_ms=267630.1 eval=0 prior=0
[inst] req=6479872 hits=2116437 fwd=17044 rows=4363060 fwd_ms=267976.0 eval=0 prior=0
[inst] req=6488064 hits=2119095 fwd=17066 rows=4368692 fwd_ms=268308.1 eval=0 prior=0
[inst] req=6496256 hits=2121807 fwd=17087 rows=4374068 fwd_ms=268624.4 eval=0 prior=0
[inst] req=6504448 hits=2124607 fwd=17108 rows=4379444 fwd_ms=268940.6 eval=0 prior=0
[inst] req=6512640 hits=2127378 fwd=17129 rows=4384820 fwd_ms=269257.0 eval=0 prior=0
[inst] req=6520832 hits=2129994 fwd=17151 rows=4390452 fwd_ms=269588.8 eval=0 prior=0
[inst] req=6529024 hits=2132721 fwd=17172 rows=4395828 fwd_ms=269905.0 eval=0 prior=0
[inst] req=6537216 hits=2135321 fwd=17194 rows=4401460 fwd_ms=270248.6 eval=0 prior=0
[inst] req=6545408 hits=2137996 fwd=17216 rows=4407092 fwd_ms=270609.2 eval=0 prior=0
[inst] req=6553600 hits=2140687 fwd=17237 rows=4412468 fwd_ms=270926.1 eval=0 prior=0
[inst] req=6561792 hits=2143312 fwd=17259 rows=4418100 fwd_ms=271257.3 eval=0 prior=0
[inst] req=6569984 hits=2146064 fwd=17280 rows=4423476 fwd_ms=271573.7 eval=0 prior=0
[inst] req=6578176 hits=2148920 fwd=17301 rows=4428852 fwd_ms=271893.0 eval=0 prior=0
[inst] req=6586368 hits=2151639 fwd=17322 rows=4434228 fwd_ms=272224.0 eval=0 prior=0
[inst] req=6594560 hits=2154419 fwd=17344 rows=4439860 fwd_ms=272571.6 eval=0 prior=0
[inst] req=6602752 hits=2157134 fwd=17365 rows=4445236 fwd_ms=272897.4 eval=0 prior=0
[inst] req=6610944 hits=2159748 fwd=17387 rows=4450868 fwd_ms=273238.3 eval=0 prior=0
[inst] req=6619136 hits=2162368 fwd=17409 rows=4456500 fwd_ms=273584.5 eval=0 prior=0
[inst] req=6627328 hits=2165024 fwd=17430 rows=4461876 fwd_ms=273910.2 eval=0 prior=0
[inst] req=6635520 hits=2167724 fwd=17452 rows=4467508 fwd_ms=274253.5 eval=0 prior=0
[inst] req=6643712 hits=2170513 fwd=17473 rows=4472884 fwd_ms=274570.2 eval=0 prior=0
[inst] req=6651904 hits=2173129 fwd=17495 rows=4478516 fwd_ms=274906.5 eval=0 prior=0
[inst] req=6660096 hits=2175780 fwd=17516 rows=4483892 fwd_ms=275242.3 eval=0 prior=0
[inst] req=6668288 hits=2178505 fwd=17538 rows=4489524 fwd_ms=275590.3 eval=0 prior=0
[inst] req=6676480 hits=2181130 fwd=17559 rows=4494900 fwd_ms=275918.8 eval=0 prior=0
[inst] req=6684672 hits=2183961 fwd=17580 rows=4500276 fwd_ms=276238.3 eval=0 prior=0
[inst] req=6692864 hits=2186712 fwd=17601 rows=4505652 fwd_ms=276567.2 eval=0 prior=0
[inst] req=6701056 hits=2189336 fwd=17623 rows=4511284 fwd_ms=276899.3 eval=0 prior=0
[inst] req=6709248 hits=2192138 fwd=17644 rows=4516660 fwd_ms=277215.9 eval=0 prior=0
[inst] req=6717440 hits=2194892 fwd=17665 rows=4522036 fwd_ms=277543.8 eval=0 prior=0
[inst] req=6725632 hits=2197614 fwd=17687 rows=4527668 fwd_ms=277889.1 eval=0 prior=0
[inst] req=6733824 hits=2200397 fwd=17708 rows=4533044 fwd_ms=278237.9 eval=0 prior=0
[inst] req=6742016 hits=2203298 fwd=17729 rows=4538420 fwd_ms=278555.3 eval=0 prior=0
[inst] req=6750208 hits=2206190 fwd=17749 rows=4543540 fwd_ms=278859.5 eval=0 prior=0
[inst] req=6758400 hits=2209046 fwd=17770 rows=4548916 fwd_ms=279180.7 eval=0 prior=0
[inst] req=6766592 hits=2211716 fwd=17792 rows=4554548 fwd_ms=279512.8 eval=0 prior=0
[inst] req=6774784 hits=2214382 fwd=17813 rows=4559924 fwd_ms=279841.9 eval=0 prior=0
[inst] req=6782976 hits=2216985 fwd=17835 rows=4565556 fwd_ms=280179.3 eval=0 prior=0
[inst] req=6791168 hits=2219615 fwd=17857 rows=4571188 fwd_ms=280511.3 eval=0 prior=0
[inst] req=6799360 hits=2222275 fwd=17879 rows=4576820 fwd_ms=280843.4 eval=0 prior=0
[inst] req=6807552 hits=2224906 fwd=17900 rows=4582196 fwd_ms=281171.9 eval=0 prior=0
[inst] req=6815744 hits=2227615 fwd=17922 rows=4587828 fwd_ms=281513.4 eval=0 prior=0
[inst] req=6823936 hits=2230241 fwd=17943 rows=4593204 fwd_ms=281830.4 eval=0 prior=0
[inst] req=6832128 hits=2233065 fwd=17964 rows=4598580 fwd_ms=282147.4 eval=0 prior=0
[inst] req=6840320 hits=2235762 fwd=17986 rows=4604212 fwd_ms=282479.3 eval=0 prior=0
[inst] req=6848512 hits=2238422 fwd=18007 rows=4609588 fwd_ms=282796.0 eval=0 prior=0
[inst] req=6856704 hits=2241042 fwd=18029 rows=4615220 fwd_ms=283127.8 eval=0 prior=0
[inst] req=6864896 hits=2243600 fwd=18051 rows=4620852 fwd_ms=283459.4 eval=0 prior=0
[inst] req=6873088 hits=2246364 fwd=18072 rows=4626228 fwd_ms=283776.9 eval=0 prior=0
[inst] req=6881280 hits=2248983 fwd=18094 rows=4631860 fwd_ms=284108.9 eval=0 prior=0
[inst] req=6889472 hits=2251591 fwd=18116 rows=4637492 fwd_ms=284441.0 eval=0 prior=0
[inst] req=6897664 hits=2254292 fwd=18137 rows=4642868 fwd_ms=284758.0 eval=0 prior=0
[inst] req=6905856 hits=2257084 fwd=18159 rows=4648500 fwd_ms=285089.6 eval=0 prior=0
[inst] req=6914048 hits=2259749 fwd=18180 rows=4653876 fwd_ms=285405.6 eval=0 prior=0
[inst] req=6922240 hits=2262425 fwd=18202 rows=4659508 fwd_ms=285736.7 eval=0 prior=0
[inst] req=6930432 hits=2265050 fwd=18223 rows=4664884 fwd_ms=286053.2 eval=0 prior=0
[inst] req=6938624 hits=2267648 fwd=18245 rows=4670516 fwd_ms=286385.2 eval=0 prior=0
[inst] req=6946816 hits=2270311 fwd=18267 rows=4676148 fwd_ms=286717.6 eval=0 prior=0
[inst] req=6955008 hits=2273069 fwd=18288 rows=4681524 fwd_ms=287034.8 eval=0 prior=0
[inst] req=6963200 hits=2275753 fwd=18310 rows=4687156 fwd_ms=287366.6 eval=0 prior=0
[inst] req=6971392 hits=2278392 fwd=18331 rows=4692532 fwd_ms=287682.5 eval=0 prior=0
[inst] req=6979584 hits=2281169 fwd=18352 rows=4697908 fwd_ms=287999.4 eval=0 prior=0
[inst] req=6987776 hits=2283938 fwd=18374 rows=4703540 fwd_ms=288332.1 eval=0 prior=0
[inst] req=6995968 hits=2286723 fwd=18395 rows=4708916 fwd_ms=288650.8 eval=0 prior=0
[inst] req=7004160 hits=2289381 fwd=18416 rows=4714292 fwd_ms=288968.1 eval=0 prior=0
[inst] req=7012352 hits=2291967 fwd=18438 rows=4719924 fwd_ms=289300.2 eval=0 prior=0
[inst] req=7020544 hits=2294606 fwd=18460 rows=4725556 fwd_ms=289631.9 eval=0 prior=0
[inst] req=7028736 hits=2297410 fwd=18481 rows=4730932 fwd_ms=289949.0 eval=0 prior=0
[inst] req=7036928 hits=2300205 fwd=18502 rows=4736308 fwd_ms=290265.7 eval=0 prior=0
[inst] req=7045120 hits=2302968 fwd=18523 rows=4741684 fwd_ms=290582.5 eval=0 prior=0
[inst] req=7053312 hits=2305607 fwd=18545 rows=4747316 fwd_ms=290913.8 eval=0 prior=0
[inst] req=7061504 hits=2308283 fwd=18567 rows=4752948 fwd_ms=291245.4 eval=0 prior=0
[inst] req=7069696 hits=2310932 fwd=18588 rows=4758324 fwd_ms=291562.6 eval=0 prior=0
[inst] req=7077888 hits=2313697 fwd=18609 rows=4763700 fwd_ms=291879.8 eval=0 prior=0
[inst] req=7086080 hits=2316432 fwd=18631 rows=4769332 fwd_ms=292211.9 eval=0 prior=0
[inst] req=7094272 hits=2319073 fwd=18652 rows=4774708 fwd_ms=292529.1 eval=0 prior=0
[inst] req=7102464 hits=2321590 fwd=18675 rows=4780596 fwd_ms=292876.9 eval=0 prior=0
[inst] req=7110656 hits=2324272 fwd=18696 rows=4785972 fwd_ms=293193.8 eval=0 prior=0
[inst] req=7118848 hits=2326980 fwd=18718 rows=4791604 fwd_ms=293525.4 eval=0 prior=0
[inst] req=7127040 hits=2329670 fwd=18739 rows=4796980 fwd_ms=293842.7 eval=0 prior=0
[inst] req=7135232 hits=2332520 fwd=18760 rows=4802356 fwd_ms=294159.5 eval=0 prior=0
[inst] req=7143424 hits=2335217 fwd=18781 rows=4807732 fwd_ms=294476.9 eval=0 prior=0
[inst] req=7151616 hits=2337892 fwd=18803 rows=4813364 fwd_ms=294808.6 eval=0 prior=0
[inst] req=7159808 hits=2340735 fwd=18824 rows=4818740 fwd_ms=295124.2 eval=0 prior=0
[inst] req=7168000 hits=2343524 fwd=18845 rows=4824116 fwd_ms=295439.4 eval=0 prior=0
[inst] req=7176192 hits=2346385 fwd=18866 rows=4829492 fwd_ms=295754.3 eval=0 prior=0
[inst] req=7184384 hits=2349099 fwd=18887 rows=4834868 fwd_ms=296071.2 eval=0 prior=0
[inst] req=7192576 hits=2351778 fwd=18909 rows=4840500 fwd_ms=296403.1 eval=0 prior=0
[inst] req=7200768 hits=2354520 fwd=18930 rows=4845876 fwd_ms=296720.0 eval=0 prior=0
[inst] req=7208960 hits=2357196 fwd=18951 rows=4851252 fwd_ms=297036.5 eval=0 prior=0
[inst] req=7217152 hits=2360035 fwd=18972 rows=4856628 fwd_ms=297353.5 eval=0 prior=0
[inst] req=7225344 hits=2363046 fwd=18993 rows=4862004 fwd_ms=297670.6 eval=0 prior=0
[inst] req=7233536 hits=2365840 fwd=19014 rows=4867380 fwd_ms=297987.5 eval=0 prior=0
[inst] req=7241728 hits=2368430 fwd=19036 rows=4873012 fwd_ms=298319.2 eval=0 prior=0
[inst] req=7249920 hits=2371094 fwd=19057 rows=4878388 fwd_ms=298636.1 eval=0 prior=0
[inst] req=7258112 hits=2373748 fwd=19079 rows=4884020 fwd_ms=298968.3 eval=0 prior=0
[inst] req=7266304 hits=2376511 fwd=19100 rows=4889396 fwd_ms=299285.3 eval=0 prior=0
[inst] req=7274496 hits=2379343 fwd=19121 rows=4894772 fwd_ms=299602.5 eval=0 prior=0
[inst] req=7282688 hits=2382168 fwd=19142 rows=4900148 fwd_ms=299919.5 eval=0 prior=0
[inst] req=7290880 hits=2384914 fwd=19163 rows=4905524 fwd_ms=300236.5 eval=0 prior=0
[inst] req=7299072 hits=2387656 fwd=19185 rows=4911156 fwd_ms=300568.6 eval=0 prior=0
[inst] req=7307264 hits=2390436 fwd=19206 rows=4916532 fwd_ms=300885.6 eval=0 prior=0
[inst] req=7315456 hits=2393204 fwd=19227 rows=4921908 fwd_ms=301202.2 eval=0 prior=0
[inst] req=7323648 hits=2395810 fwd=19249 rows=4927540 fwd_ms=301533.7 eval=0 prior=0
[inst] req=7331840 hits=2398463 fwd=19270 rows=4932916 fwd_ms=301850.3 eval=0 prior=0
[inst] req=7340032 hits=2401125 fwd=19292 rows=4938548 fwd_ms=302182.0 eval=0 prior=0
[inst] req=7348224 hits=2403806 fwd=19313 rows=4943924 fwd_ms=302498.6 eval=0 prior=0
[inst] req=7356416 hits=2406508 fwd=19335 rows=4949556 fwd_ms=302830.8 eval=0 prior=0
[inst] req=7364608 hits=2409210 fwd=19356 rows=4954932 fwd_ms=303146.7 eval=0 prior=0
[inst] req=7372800 hits=2411901 fwd=19378 rows=4960564 fwd_ms=303479.0 eval=0 prior=0
[inst] req=7380992 hits=2414779 fwd=19399 rows=4965940 fwd_ms=303796.0 eval=0 prior=0
[inst] req=7389184 hits=2417444 fwd=19420 rows=4971316 fwd_ms=304112.3 eval=0 prior=0
[inst] req=7397376 hits=2420233 fwd=19441 rows=4976692 fwd_ms=304428.9 eval=0 prior=0
[inst] req=7405568 hits=2422982 fwd=19463 rows=4982324 fwd_ms=304760.8 eval=0 prior=0
[inst] req=7413760 hits=2425595 fwd=19484 rows=4987700 fwd_ms=305078.1 eval=0 prior=0
[inst] req=7421952 hits=2428257 fwd=19506 rows=4993332 fwd_ms=305409.5 eval=0 prior=0
[inst] req=7430144 hits=2430893 fwd=19528 rows=4998964 fwd_ms=305741.2 eval=0 prior=0
[inst] req=7438336 hits=2433556 fwd=19549 rows=5004340 fwd_ms=306057.8 eval=0 prior=0
[inst] req=7446528 hits=2436185 fwd=19571 rows=5009972 fwd_ms=306389.3 eval=0 prior=0
[inst] req=7454720 hits=2438836 fwd=19593 rows=5015604 fwd_ms=306719.6 eval=0 prior=0
[inst] req=7462912 hits=2441514 fwd=19614 rows=5020980 fwd_ms=307036.2 eval=0 prior=0
[inst] req=7471104 hits=2444193 fwd=19636 rows=5026612 fwd_ms=307368.0 eval=0 prior=0
[inst] req=7479296 hits=2447029 fwd=19657 rows=5031988 fwd_ms=307684.7 eval=0 prior=0
[inst] req=7487488 hits=2449689 fwd=19678 rows=5037364 fwd_ms=308000.4 eval=0 prior=0
[inst] req=7495680 hits=2452322 fwd=19700 rows=5042996 fwd_ms=308332.1 eval=0 prior=0
[inst] req=7503872 hits=2455036 fwd=19721 rows=5048372 fwd_ms=308649.4 eval=0 prior=0
[inst] req=7512064 hits=2457642 fwd=19743 rows=5054004 fwd_ms=308981.7 eval=0 prior=0
[inst] req=7520256 hits=2460279 fwd=19765 rows=5059636 fwd_ms=309313.9 eval=0 prior=0
[inst] req=7528448 hits=2463109 fwd=19786 rows=5065012 fwd_ms=309631.6 eval=0 prior=0
[inst] req=7536640 hits=2465832 fwd=19807 rows=5070388 fwd_ms=309948.1 eval=0 prior=0
[inst] req=7544832 hits=2468627 fwd=19828 rows=5075764 fwd_ms=310264.0 eval=0 prior=0
[inst] req=7553024 hits=2471273 fwd=19850 rows=5081396 fwd_ms=310595.5 eval=0 prior=0
[inst] req=7561216 hits=2473950 fwd=19871 rows=5086772 fwd_ms=310912.1 eval=0 prior=0
[inst] req=7569408 hits=2476651 fwd=19893 rows=5092404 fwd_ms=311244.3 eval=0 prior=0
[inst] req=7577600 hits=2479308 fwd=19914 rows=5097780 fwd_ms=311561.0 eval=0 prior=0
[inst] req=7585792 hits=2481976 fwd=19936 rows=5103412 fwd_ms=311893.6 eval=0 prior=0
[inst] req=7593984 hits=2484713 fwd=19957 rows=5108788 fwd_ms=312209.4 eval=0 prior=0
[inst] req=7602176 hits=2487415 fwd=19979 rows=5114420 fwd_ms=312540.2 eval=0 prior=0
[inst] req=7610368 hits=2490201 fwd=20000 rows=5119796 fwd_ms=312857.3 eval=0 prior=0
[inst] req=7618560 hits=2492989 fwd=20021 rows=5125172 fwd_ms=313174.0 eval=0 prior=0
[inst] req=7626752 hits=2495695 fwd=20042 rows=5130548 fwd_ms=313490.9 eval=0 prior=0
[inst] req=7634944 hits=2498356 fwd=20064 rows=5136180 fwd_ms=313823.0 eval=0 prior=0
[inst] req=7643136 hits=2500973 fwd=20086 rows=5141812 fwd_ms=314154.9 eval=0 prior=0
[inst] req=7651328 hits=2503615 fwd=20108 rows=5147444 fwd_ms=314486.8 eval=0 prior=0
[inst] req=7659520 hits=2506308 fwd=20129 rows=5152820 fwd_ms=314803.6 eval=0 prior=0
[inst] req=7667712 hits=2509195 fwd=20150 rows=5158196 fwd_ms=315121.0 eval=0 prior=0
[inst] req=7675904 hits=2511908 fwd=20171 rows=5163572 fwd_ms=315438.2 eval=0 prior=0
[inst] req=7684096 hits=2514474 fwd=20193 rows=5169204 fwd_ms=315770.6 eval=0 prior=0
[inst] req=7692288 hits=2517117 fwd=20215 rows=5174836 fwd_ms=316103.0 eval=0 prior=0
[inst] req=7700480 hits=2520038 fwd=20235 rows=5179956 fwd_ms=316404.9 eval=0 prior=0
[inst] req=7708672 hits=2522884 fwd=20256 rows=5185332 fwd_ms=316721.8 eval=0 prior=0
[inst] req=7716864 hits=2525542 fwd=20278 rows=5190964 fwd_ms=317053.9 eval=0 prior=0
[inst] req=7725056 hits=2528194 fwd=20300 rows=5196596 fwd_ms=317385.0 eval=0 prior=0
[inst] req=7733248 hits=2530819 fwd=20321 rows=5201972 fwd_ms=317702.1 eval=0 prior=0
[inst] req=7741440 hits=2533568 fwd=20343 rows=5207604 fwd_ms=318034.1 eval=0 prior=0
[inst] req=7749632 hits=2536401 fwd=20363 rows=5212724 fwd_ms=318335.1 eval=0 prior=0
[inst] req=7757824 hits=2539137 fwd=20385 rows=5218356 fwd_ms=318667.4 eval=0 prior=0
[inst] req=7766016 hits=2541815 fwd=20406 rows=5223732 fwd_ms=318984.2 eval=0 prior=0
[inst] req=7774208 hits=2544519 fwd=20428 rows=5229364 fwd_ms=319316.2 eval=0 prior=0
[inst] req=7782400 hits=2547173 fwd=20449 rows=5234740 fwd_ms=319632.5 eval=0 prior=0
[inst] req=7790592 hits=2549948 fwd=20471 rows=5240372 fwd_ms=319965.3 eval=0 prior=0
[inst] req=7798784 hits=2552830 fwd=20491 rows=5245492 fwd_ms=320267.0 eval=0 prior=0
[inst] req=7806976 hits=2555376 fwd=20513 rows=5251124 fwd_ms=320599.1 eval=0 prior=0
[inst] req=7815168 hits=2558079 fwd=20535 rows=5256756 fwd_ms=320931.2 eval=0 prior=0
[inst] req=7823360 hits=2560736 fwd=20556 rows=5262132 fwd_ms=321246.9 eval=0 prior=0
[inst] req=7831552 hits=2563559 fwd=20577 rows=5267508 fwd_ms=321562.9 eval=0 prior=0
[inst] req=7839744 hits=2566170 fwd=20599 rows=5273140 fwd_ms=321893.5 eval=0 prior=0
[inst] req=7847936 hits=2568919 fwd=20620 rows=5278516 fwd_ms=322209.3 eval=0 prior=0
[inst] req=7856128 hits=2571652 fwd=20642 rows=5284148 fwd_ms=322539.9 eval=0 prior=0
[inst] req=7864320 hits=2574293 fwd=20663 rows=5289524 fwd_ms=322855.0 eval=0 prior=0
[inst] req=7872512 hits=2576916 fwd=20685 rows=5295156 fwd_ms=323185.4 eval=0 prior=0
[inst] req=7880704 hits=2579527 fwd=20707 rows=5300788 fwd_ms=323517.0 eval=0 prior=0
[inst] req=7888896 hits=2582342 fwd=20728 rows=5306164 fwd_ms=323834.2 eval=0 prior=0
[inst] req=7897088 hits=2585111 fwd=20749 rows=5311540 fwd_ms=324151.0 eval=0 prior=0
[inst] req=7905280 hits=2587967 fwd=20770 rows=5316916 fwd_ms=324467.7 eval=0 prior=0
[inst] req=7913472 hits=2590730 fwd=20791 rows=5322292 fwd_ms=324784.3 eval=0 prior=0
[inst] req=7921664 hits=2593396 fwd=20813 rows=5327924 fwd_ms=325116.3 eval=0 prior=0
[inst] req=7929856 hits=2596008 fwd=20835 rows=5333556 fwd_ms=325447.2 eval=0 prior=0
[inst] req=7938048 hits=2598633 fwd=20856 rows=5338932 fwd_ms=325763.8 eval=0 prior=0
[inst] req=7946240 hits=2601311 fwd=20878 rows=5344564 fwd_ms=326094.2 eval=0 prior=0
[inst] req=7954432 hits=2604154 fwd=20899 rows=5349940 fwd_ms=326409.8 eval=0 prior=0
[inst] req=7962624 hits=2607136 fwd=20919 rows=5355060 fwd_ms=326710.4 eval=0 prior=0
[inst] req=7970816 hits=2609800 fwd=20941 rows=5360692 fwd_ms=327040.9 eval=0 prior=0
[inst] req=7979008 hits=2612595 fwd=20962 rows=5366068 fwd_ms=327356.3 eval=0 prior=0
[inst] req=7987200 hits=2615391 fwd=20983 rows=5371444 fwd_ms=327671.7 eval=0 prior=0
[inst] req=7995392 hits=2618069 fwd=21004 rows=5376820 fwd_ms=327986.9 eval=0 prior=0
[inst] req=8003584 hits=2620734 fwd=21026 rows=5382452 fwd_ms=328317.6 eval=0 prior=0
[inst] req=8011776 hits=2623348 fwd=21048 rows=5388084 fwd_ms=328648.5 eval=0 prior=0
[inst] req=8019968 hits=2625991 fwd=21070 rows=5393716 fwd_ms=328979.2 eval=0 prior=0
[inst] req=8028160 hits=2628633 fwd=21091 rows=5399092 fwd_ms=329295.0 eval=0 prior=0
[inst] req=8036352 hits=2631399 fwd=21112 rows=5404468 fwd_ms=329610.7 eval=0 prior=0
[inst] req=8044544 hits=2634039 fwd=21134 rows=5410100 fwd_ms=329941.4 eval=0 prior=0
[inst] req=8052736 hits=2636680 fwd=21156 rows=5415732 fwd_ms=330272.1 eval=0 prior=0
[inst] req=8060928 hits=2639480 fwd=21177 rows=5421108 fwd_ms=330588.0 eval=0 prior=0
[inst] req=8069120 hits=2642342 fwd=21198 rows=5426484 fwd_ms=330904.1 eval=0 prior=0
[inst] req=8077312 hits=2645059 fwd=21219 rows=5431860 fwd_ms=331219.8 eval=0 prior=0
[inst] req=8085504 hits=2647798 fwd=21240 rows=5437236 fwd_ms=331535.5 eval=0 prior=0
[inst] req=8093696 hits=2650427 fwd=21262 rows=5442868 fwd_ms=331866.1 eval=0 prior=0
[inst] req=8101888 hits=2653199 fwd=21283 rows=5448244 fwd_ms=332182.0 eval=0 prior=0
[inst] req=8110080 hits=2656000 fwd=21304 rows=5453620 fwd_ms=332497.8 eval=0 prior=0
[inst] req=8118272 hits=2658729 fwd=21326 rows=5459252 fwd_ms=332828.5 eval=0 prior=0
[inst] req=8126464 hits=2661456 fwd=21347 rows=5464628 fwd_ms=333144.4 eval=0 prior=0
[inst] req=8134656 hits=2664170 fwd=21368 rows=5470004 fwd_ms=333460.2 eval=0 prior=0
[inst] req=8142848 hits=2666841 fwd=21390 rows=5475636 fwd_ms=333791.0 eval=0 prior=0
[inst] req=8151040 hits=2669572 fwd=21411 rows=5481012 fwd_ms=334106.7 eval=0 prior=0
[inst] req=8159232 hits=2672324 fwd=21433 rows=5486644 fwd_ms=334437.7 eval=0 prior=0
[inst] req=8167424 hits=2675152 fwd=21453 rows=5491764 fwd_ms=334738.7 eval=0 prior=0
[inst] req=8175616 hits=2677869 fwd=21475 rows=5497396 fwd_ms=335069.6 eval=0 prior=0
[inst] req=8183808 hits=2680616 fwd=21496 rows=5502772 fwd_ms=335385.4 eval=0 prior=0
[inst] req=8192000 hits=2683434 fwd=21517 rows=5508148 fwd_ms=335700.9 eval=0 prior=0
[inst] req=8200192 hits=2686143 fwd=21539 rows=5513780 fwd_ms=336031.6 eval=0 prior=0
[inst] req=8208384 hits=2688729 fwd=21560 rows=5519156 fwd_ms=336347.5 eval=0 prior=0
[inst] req=8216576 hits=2691409 fwd=21582 rows=5524788 fwd_ms=336678.5 eval=0 prior=0
[inst] req=8224768 hits=2694214 fwd=21603 rows=5530164 fwd_ms=336994.9 eval=0 prior=0
[inst] req=8232960 hits=2696933 fwd=21624 rows=5535540 fwd_ms=337311.1 eval=0 prior=0
[inst] req=8241152 hits=2699613 fwd=21646 rows=5541172 fwd_ms=337642.0 eval=0 prior=0
[inst] req=8249344 hits=2702355 fwd=21667 rows=5546548 fwd_ms=337957.9 eval=0 prior=0
[inst] req=8257536 hits=2705065 fwd=21689 rows=5552180 fwd_ms=338288.8 eval=0 prior=0
[inst] req=8265728 hits=2707781 fwd=21710 rows=5557556 fwd_ms=338604.6 eval=0 prior=0
[inst] req=8273920 hits=2710494 fwd=21731 rows=5562932 fwd_ms=338920.9 eval=0 prior=0
[inst] req=8282112 hits=2713173 fwd=21753 rows=5568564 fwd_ms=339251.7 eval=0 prior=0
[inst] req=8290304 hits=2716180 fwd=21773 rows=5573684 fwd_ms=339552.3 eval=0 prior=0
[inst] req=8298496 hits=2719074 fwd=21794 rows=5579060 fwd_ms=339868.4 eval=0 prior=0
[inst] req=8306688 hits=2721886 fwd=21815 rows=5584436 fwd_ms=340184.2 eval=0 prior=0
[inst] req=8314880 hits=2724633 fwd=21836 rows=5589812 fwd_ms=340500.0 eval=0 prior=0
[inst] req=8323072 hits=2727350 fwd=21858 rows=5595444 fwd_ms=340831.0 eval=0 prior=0
[inst] req=8331264 hits=2729999 fwd=21879 rows=5600820 fwd_ms=341146.4 eval=0 prior=0
[inst] req=8339456 hits=2732678 fwd=21901 rows=5606452 fwd_ms=341479.7 eval=0 prior=0
[inst] req=8347648 hits=2735472 fwd=21922 rows=5611828 fwd_ms=341795.6 eval=0 prior=0
[inst] req=8355840 hits=2738350 fwd=21943 rows=5617204 fwd_ms=342111.4 eval=0 prior=0
[inst] req=8364032 hits=2741057 fwd=21964 rows=5622580 fwd_ms=342427.2 eval=0 prior=0
[inst] req=8372224 hits=2743970 fwd=21985 rows=5627956 fwd_ms=342743.0 eval=0 prior=0
[inst] req=8380416 hits=2746662 fwd=22006 rows=5633332 fwd_ms=343059.1 eval=0 prior=0
[inst] req=8388608 hits=2749420 fwd=22027 rows=5638708 fwd_ms=343374.9 eval=0 prior=0
[inst] req=8396800 hits=2752300 fwd=22048 rows=5644084 fwd_ms=343690.7 eval=0 prior=0
[inst] req=8404992 hits=2755043 fwd=22069 rows=5649460 fwd_ms=344007.6 eval=0 prior=0
[inst] req=8413184 hits=2757771 fwd=22091 rows=5655092 fwd_ms=344339.1 eval=0 prior=0
[inst] req=8421376 hits=2760385 fwd=22113 rows=5660724 fwd_ms=344670.3 eval=0 prior=0
[inst] req=8429568 hits=2763097 fwd=22134 rows=5666100 fwd_ms=344986.5 eval=0 prior=0
[inst] req=8437760 hits=2766074 fwd=22154 rows=5671220 fwd_ms=345287.5 eval=0 prior=0
[inst] req=8445952 hits=2768855 fwd=22175 rows=5676596 fwd_ms=345603.6 eval=0 prior=0
[inst] req=8454144 hits=2771516 fwd=22197 rows=5682228 fwd_ms=345934.6 eval=0 prior=0
[inst] req=8462336 hits=2774249 fwd=22218 rows=5687604 fwd_ms=346250.4 eval=0 prior=0
[inst] req=8470528 hits=2777090 fwd=22239 rows=5692980 fwd_ms=346566.5 eval=0 prior=0
[inst] req=8478720 hits=2779976 fwd=22260 rows=5698356 fwd_ms=346882.5 eval=0 prior=0
[inst] req=8486912 hits=2782741 fwd=22281 rows=5703732 fwd_ms=347198.4 eval=0 prior=0
[inst] req=8495104 hits=2785333 fwd=22303 rows=5709364 fwd_ms=347529.4 eval=0 prior=0
[inst] req=8503296 hits=2788119 fwd=22324 rows=5714740 fwd_ms=347845.5 eval=0 prior=0
[inst] req=8511488 hits=2790843 fwd=22346 rows=5720372 fwd_ms=348176.3 eval=0 prior=0
[inst] req=8519680 hits=2793733 fwd=22366 rows=5725492 fwd_ms=348477.4 eval=0 prior=0
[inst] req=8527872 hits=2796483 fwd=22388 rows=5731124 fwd_ms=348808.3 eval=0 prior=0
[inst] req=8536064 hits=2799230 fwd=22409 rows=5736500 fwd_ms=349124.2 eval=0 prior=0
[inst] req=8544256 hits=2801944 fwd=22430 rows=5741876 fwd_ms=349440.0 eval=0 prior=0
[inst] req=8552448 hits=2804655 fwd=22452 rows=5747508 fwd_ms=349770.9 eval=0 prior=0
[inst] req=8560640 hits=2807493 fwd=22473 rows=5752884 fwd_ms=350086.8 eval=0 prior=0
[inst] req=8568832 hits=2810264 fwd=22494 rows=5758260 fwd_ms=350402.9 eval=0 prior=0
[inst] req=8577024 hits=2813034 fwd=22515 rows=5763636 fwd_ms=350719.0 eval=0 prior=0
[inst] req=8585216 hits=2816012 fwd=22535 rows=5768756 fwd_ms=351020.0 eval=0 prior=0
[inst] req=8593408 hits=2818735 fwd=22557 rows=5774388 fwd_ms=351352.2 eval=0 prior=0
[inst] req=8601600 hits=2821508 fwd=22578 rows=5779764 fwd_ms=351668.2 eval=0 prior=0
[inst] req=8609792 hits=2824416 fwd=22598 rows=5784884 fwd_ms=351969.3 eval=0 prior=0
[inst] req=8617984 hits=2827111 fwd=22620 rows=5790516 fwd_ms=352300.1 eval=0 prior=0
[inst] req=8626176 hits=2829916 fwd=22641 rows=5795892 fwd_ms=352615.8 eval=0 prior=0
[inst] req=8634368 hits=2832593 fwd=22662 rows=5801268 fwd_ms=352931.7 eval=0 prior=0
[inst] req=8642560 hits=2835194 fwd=22684 rows=5806900 fwd_ms=353262.9 eval=0 prior=0
[inst] req=8650752 hits=2837977 fwd=22705 rows=5812276 fwd_ms=353578.8 eval=0 prior=0
[inst] req=8658944 hits=2840605 fwd=22727 rows=5817908 fwd_ms=353909.6 eval=0 prior=0
[inst] req=8667136 hits=2843514 fwd=22748 rows=5823284 fwd_ms=354225.5 eval=0 prior=0
[inst] req=8675328 hits=2846405 fwd=22769 rows=5828660 fwd_ms=354541.2 eval=0 prior=0
[inst] req=8683520 hits=2849203 fwd=22790 rows=5834036 fwd_ms=354857.0 eval=0 prior=0
[inst] req=8691712 hits=2851929 fwd=22811 rows=5839412 fwd_ms=355172.9 eval=0 prior=0
[inst] req=8699904 hits=2854816 fwd=22832 rows=5844788 fwd_ms=355488.6 eval=0 prior=0
[inst] req=8708096 hits=2857493 fwd=22853 rows=5850164 fwd_ms=355804.6 eval=0 prior=0
[inst] req=8716288 hits=2860415 fwd=22874 rows=5855540 fwd_ms=356121.0 eval=0 prior=0
[inst] req=8724480 hits=2863091 fwd=22895 rows=5860916 fwd_ms=356437.2 eval=0 prior=0
[inst] req=8732672 hits=2865826 fwd=22917 rows=5866548 fwd_ms=356768.3 eval=0 prior=0
[inst] req=8740864 hits=2868545 fwd=22938 rows=5871924 fwd_ms=357084.2 eval=0 prior=0
[inst] req=8749056 hits=2871729 fwd=22958 rows=5877044 fwd_ms=357385.4 eval=0 prior=0
[inst] req=8757248 hits=2874465 fwd=22979 rows=5882420 fwd_ms=357701.6 eval=0 prior=0
[inst] req=8765440 hits=2877065 fwd=23001 rows=5888052 fwd_ms=358032.5 eval=0 prior=0
[inst] req=8773632 hits=2879699 fwd=23022 rows=5893428 fwd_ms=358348.3 eval=0 prior=0
[inst] req=8781824 hits=2882488 fwd=23044 rows=5899060 fwd_ms=358679.3 eval=0 prior=0
[inst] req=8790016 hits=2885196 fwd=23065 rows=5904436 fwd_ms=358995.1 eval=0 prior=0
[inst] req=8798208 hits=2888039 fwd=23086 rows=5909812 fwd_ms=359310.8 eval=0 prior=0
[inst] req=8806400 hits=2890801 fwd=23107 rows=5915188 fwd_ms=359626.7 eval=0 prior=0
[inst] req=8814592 hits=2893458 fwd=23129 rows=5920820 fwd_ms=359957.3 eval=0 prior=0
[inst] req=8822784 hits=2896156 fwd=23150 rows=5926196 fwd_ms=360273.0 eval=0 prior=0
[inst] req=8830976 hits=2898885 fwd=23172 rows=5931828 fwd_ms=360603.9 eval=0 prior=0
[inst] req=8839168 hits=2901632 fwd=23193 rows=5937204 fwd_ms=360919.9 eval=0 prior=0
[inst] req=8847360 hits=2904337 fwd=23214 rows=5942580 fwd_ms=361237.1 eval=0 prior=0
[inst] req=8855552 hits=2907184 fwd=23235 rows=5947956 fwd_ms=361552.9 eval=0 prior=0
[inst] req=8863744 hits=2910033 fwd=23256 rows=5953332 fwd_ms=361868.7 eval=0 prior=0
[inst] req=8871936 hits=2912896 fwd=23277 rows=5958708 fwd_ms=362184.9 eval=0 prior=0
[inst] req=8880128 hits=2915700 fwd=23298 rows=5964084 fwd_ms=362501.5 eval=0 prior=0
[inst] req=8888320 hits=2918372 fwd=23319 rows=5969460 fwd_ms=362817.7 eval=0 prior=0
[inst] req=8896512 hits=2921049 fwd=23341 rows=5975092 fwd_ms=363149.2 eval=0 prior=0
[inst] req=8904704 hits=2923783 fwd=23362 rows=5980468 fwd_ms=363466.9 eval=0 prior=0
[inst] req=8912896 hits=2926492 fwd=23384 rows=5986100 fwd_ms=363798.5 eval=0 prior=0
[inst] req=8921088 hits=2929260 fwd=23405 rows=5991476 fwd_ms=364114.7 eval=0 prior=0
[inst] req=8929280 hits=2931968 fwd=23426 rows=5996852 fwd_ms=364430.6 eval=0 prior=0
[inst] req=8937472 hits=2934912 fwd=23447 rows=6002228 fwd_ms=365541.8 eval=0 prior=0
[inst] req=8945664 hits=2937596 fwd=23468 rows=6007604 fwd_ms=367433.5 eval=0 prior=0
[inst] req=8953856 hits=2940350 fwd=23490 rows=6013236 fwd_ms=368699.3 eval=0 prior=0
[inst] req=8962048 hits=2942980 fwd=23511 rows=6018612 fwd_ms=370206.3 eval=0 prior=0
[inst] req=8970240 hits=2945804 fwd=23532 rows=6023988 fwd_ms=371782.4 eval=0 prior=0
[inst] req=8978432 hits=2948462 fwd=23554 rows=6029620 fwd_ms=373951.8 eval=0 prior=0
[inst] req=8986624 hits=2951174 fwd=23575 rows=6034996 fwd_ms=374275.4 eval=0 prior=0
[inst] req=8994816 hits=2954029 fwd=23596 rows=6040372 fwd_ms=374599.7 eval=0 prior=0
[inst] req=9003008 hits=2954888 fwd=23625 rows=6047796 fwd_ms=375053.8 eval=0 prior=0
[inst] req=9011200 hits=2955495 fwd=23654 rows=6055220 fwd_ms=375489.9 eval=0 prior=0
[inst] req=9019392 hits=2956798 fwd=23681 rows=6062132 fwd_ms=375896.0 eval=0 prior=0
[inst] req=9027584 hits=2958743 fwd=23706 rows=6068532 fwd_ms=376272.5 eval=0 prior=0
[inst] req=9035776 hits=2961074 fwd=23729 rows=6074420 fwd_ms=376618.8 eval=0 prior=0
[inst] req=9043968 hits=2963691 fwd=23750 rows=6079796 fwd_ms=376935.5 eval=0 prior=0
[inst] req=9052160 hits=2966365 fwd=23772 rows=6085428 fwd_ms=377266.4 eval=0 prior=0
[inst] req=9060352 hits=2969038 fwd=23793 rows=6090804 fwd_ms=377582.7 eval=0 prior=0
[inst] req=9068544 hits=2971659 fwd=23815 rows=6096436 fwd_ms=377914.4 eval=0 prior=0
[inst] req=9076736 hits=2974186 fwd=23837 rows=6102068 fwd_ms=378245.0 eval=0 prior=0
[inst] req=9084928 hits=2977094 fwd=23858 rows=6107444 fwd_ms=378560.7 eval=0 prior=0
[inst] req=9093120 hits=2979797 fwd=23879 rows=6112820 fwd_ms=378876.4 eval=0 prior=0
[inst] req=9101312 hits=2982457 fwd=23901 rows=6118452 fwd_ms=379207.1 eval=0 prior=0
[inst] req=9109504 hits=2985224 fwd=23922 rows=6123828 fwd_ms=379523.8 eval=0 prior=0
[inst] req=9117696 hits=2987927 fwd=23944 rows=6129460 fwd_ms=379856.0 eval=0 prior=0
[inst] req=9125888 hits=2990863 fwd=23964 rows=6134580 fwd_ms=380158.4 eval=0 prior=0
[inst] req=9134080 hits=2993674 fwd=23985 rows=6139956 fwd_ms=380475.8 eval=0 prior=0
[inst] req=9142272 hits=2996196 fwd=24007 rows=6145588 fwd_ms=380807.6 eval=0 prior=0
[inst] req=9150464 hits=2998739 fwd=24029 rows=6151220 fwd_ms=381140.0 eval=0 prior=0
[inst] req=9158656 hits=3001377 fwd=24051 rows=6156852 fwd_ms=381473.1 eval=0 prior=0
[inst] req=9166848 hits=3004029 fwd=24073 rows=6162484 fwd_ms=381805.1 eval=0 prior=0
[inst] req=9175040 hits=3006771 fwd=24094 rows=6167860 fwd_ms=382122.5 eval=0 prior=0
[inst] req=9183232 hits=3009542 fwd=24115 rows=6173236 fwd_ms=382438.5 eval=0 prior=0
[inst] req=9191424 hits=3012114 fwd=24137 rows=6178868 fwd_ms=382769.0 eval=0 prior=0
[inst] req=9199616 hits=3014773 fwd=24159 rows=6184500 fwd_ms=383100.7 eval=0 prior=0
[inst] req=9207808 hits=3017528 fwd=24180 rows=6189876 fwd_ms=383417.7 eval=0 prior=0
[inst] req=9216000 hits=3020399 fwd=24201 rows=6195252 fwd_ms=383734.8 eval=0 prior=0
[inst] req=9224192 hits=3023006 fwd=24223 rows=6200884 fwd_ms=384066.5 eval=0 prior=0
[inst] req=9232384 hits=3025590 fwd=24245 rows=6206516 fwd_ms=384398.0 eval=0 prior=0
[inst] req=9240576 hits=3028257 fwd=24266 rows=6211892 fwd_ms=384717.7 eval=0 prior=0
[inst] req=9248768 hits=3031095 fwd=24287 rows=6217268 fwd_ms=385034.4 eval=0 prior=0
[inst] req=9256960 hits=3033959 fwd=24308 rows=6222644 fwd_ms=385351.3 eval=0 prior=0
[inst] req=9265152 hits=3036775 fwd=24329 rows=6228020 fwd_ms=385667.8 eval=0 prior=0
[inst] req=9273344 hits=3039411 fwd=24351 rows=6233652 fwd_ms=385999.1 eval=0 prior=0
[inst] req=9281536 hits=3042050 fwd=24372 rows=6239028 fwd_ms=386316.0 eval=0 prior=0
[inst] req=9289728 hits=3044667 fwd=24394 rows=6244660 fwd_ms=386647.7 eval=0 prior=0
[inst] req=9297920 hits=3047399 fwd=24415 rows=6250036 fwd_ms=386965.0 eval=0 prior=0
[inst] req=9306112 hits=3050136 fwd=24437 rows=6255668 fwd_ms=387297.0 eval=0 prior=0
[inst] req=9314304 hits=3052832 fwd=24458 rows=6261044 fwd_ms=387613.6 eval=0 prior=0
[inst] req=9322496 hits=3055422 fwd=24480 rows=6266676 fwd_ms=387945.7 eval=0 prior=0
[inst] req=9330688 hits=3058162 fwd=24501 rows=6272052 fwd_ms=388262.4 eval=0 prior=0
[inst] req=9338880 hits=3060869 fwd=24523 rows=6277684 fwd_ms=388594.5 eval=0 prior=0
[inst] req=9347072 hits=3063678 fwd=24544 rows=6283060 fwd_ms=388910.9 eval=0 prior=0
[inst] req=9355264 hits=3066428 fwd=24565 rows=6288436 fwd_ms=389228.0 eval=0 prior=0
[inst] req=9363456 hits=3069029 fwd=24587 rows=6294068 fwd_ms=389559.3 eval=0 prior=0
[inst] req=9371648 hits=3071753 fwd=24608 rows=6299444 fwd_ms=389875.1 eval=0 prior=0
[inst] req=9379840 hits=3074474 fwd=24630 rows=6305076 fwd_ms=390206.5 eval=0 prior=0
[inst] req=9388032 hits=3077322 fwd=24651 rows=6310452 fwd_ms=390522.3 eval=0 prior=0
[inst] req=9396224 hits=3079981 fwd=24672 rows=6315828 fwd_ms=390838.7 eval=0 prior=0
[inst] req=9404416 hits=3082672 fwd=24694 rows=6321460 fwd_ms=391170.4 eval=0 prior=0
[inst] req=9412608 hits=3085369 fwd=24715 rows=6326836 fwd_ms=391486.4 eval=0 prior=0
[inst] req=9420800 hits=3088132 fwd=24736 rows=6332212 fwd_ms=391803.0 eval=0 prior=0
[inst] req=9428992 hits=3090897 fwd=24757 rows=6337588 fwd_ms=392118.4 eval=0 prior=0
[inst] req=9437184 hits=3093647 fwd=24779 rows=6343220 fwd_ms=392450.8 eval=0 prior=0
[inst] req=9445376 hits=3096456 fwd=24800 rows=6348596 fwd_ms=392767.8 eval=0 prior=0
[inst] req=9453568 hits=3099192 fwd=24821 rows=6353972 fwd_ms=393084.3 eval=0 prior=0
[inst] req=9461760 hits=3101817 fwd=24843 rows=6359604 fwd_ms=393415.4 eval=0 prior=0
[inst] req=9469952 hits=3104599 fwd=24864 rows=6364980 fwd_ms=393732.4 eval=0 prior=0
[inst] req=9478144 hits=3107423 fwd=24885 rows=6370356 fwd_ms=394049.4 eval=0 prior=0
[inst] req=9486336 hits=3110133 fwd=24906 rows=6375732 fwd_ms=394366.4 eval=0 prior=0
[inst] req=9494528 hits=3112808 fwd=24928 rows=6381364 fwd_ms=394698.5 eval=0 prior=0
[inst] req=9502720 hits=3115440 fwd=24950 rows=6386996 fwd_ms=395030.6 eval=0 prior=0
[inst] req=9510912 hits=3118210 fwd=24971 rows=6392372 fwd_ms=395347.9 eval=0 prior=0
[inst] req=9519104 hits=3121033 fwd=24992 rows=6397748 fwd_ms=395665.2 eval=0 prior=0
[inst] req=9527296 hits=3123890 fwd=25013 rows=6403124 fwd_ms=395982.3 eval=0 prior=0
[inst] req=9535488 hits=3126671 fwd=25034 rows=6408500 fwd_ms=396299.1 eval=0 prior=0
[inst] req=9543680 hits=3129334 fwd=25055 rows=6413876 fwd_ms=396616.2 eval=0 prior=0
[inst] req=9551872 hits=3131900 fwd=25077 rows=6419508 fwd_ms=396948.5 eval=0 prior=0
[inst] req=9560064 hits=3134694 fwd=25098 rows=6424884 fwd_ms=397265.6 eval=0 prior=0
[inst] req=9568256 hits=3137575 fwd=25119 rows=6430260 fwd_ms=397582.6 eval=0 prior=0
[inst] req=9576448 hits=3140314 fwd=25140 rows=6435636 fwd_ms=397899.7 eval=0 prior=0
[inst] req=9584640 hits=3143052 fwd=25162 rows=6441268 fwd_ms=398232.1 eval=0 prior=0
[inst] req=9592832 hits=3145817 fwd=25183 rows=6446644 fwd_ms=398548.5 eval=0 prior=0
[inst] req=9601024 hits=3148620 fwd=25204 rows=6452020 fwd_ms=398865.6 eval=0 prior=0
[inst] req=9609216 hits=3151378 fwd=25225 rows=6457396 fwd_ms=399182.8 eval=0 prior=0
[inst] req=9617408 hits=3154037 fwd=25247 rows=6463028 fwd_ms=399515.0 eval=0 prior=0
[inst] req=9625600 hits=3156725 fwd=25268 rows=6468404 fwd_ms=399832.0 eval=0 prior=0
[inst] req=9633792 hits=3159493 fwd=25290 rows=6474036 fwd_ms=400164.9 eval=0 prior=0
[inst] req=9641984 hits=3162194 fwd=25311 rows=6479412 fwd_ms=400482.0 eval=0 prior=0
[inst] req=9650176 hits=3164956 fwd=25332 rows=6484788 fwd_ms=400799.2 eval=0 prior=0
[inst] req=9658368 hits=3167724 fwd=25353 rows=6490164 fwd_ms=401116.5 eval=0 prior=0
[inst] req=9666560 hits=3170539 fwd=25374 rows=6495540 fwd_ms=401433.5 eval=0 prior=0
[inst] req=9674752 hits=3173362 fwd=25395 rows=6500916 fwd_ms=401750.6 eval=0 prior=0
[inst] req=9682944 hits=3176040 fwd=25417 rows=6506548 fwd_ms=402082.9 eval=0 prior=0
[inst] req=9691136 hits=3178634 fwd=25439 rows=6512180 fwd_ms=402414.9 eval=0 prior=0
[inst] req=9699328 hits=3181369 fwd=25460 rows=6517556 fwd_ms=402732.1 eval=0 prior=0
[inst] req=9707520 hits=3184228 fwd=25481 rows=6522932 fwd_ms=403049.4 eval=0 prior=0
[inst] req=9715712 hits=3187022 fwd=25502 rows=6528308 fwd_ms=403366.3 eval=0 prior=0
[inst] req=9723904 hits=3189713 fwd=25523 rows=6533684 fwd_ms=403683.7 eval=0 prior=0
[inst] req=9732096 hits=3192490 fwd=25545 rows=6539316 fwd_ms=404015.8 eval=0 prior=0
[inst] req=9740288 hits=3195231 fwd=25566 rows=6544692 fwd_ms=404332.9 eval=0 prior=0
[inst] req=9748480 hits=3198047 fwd=25587 rows=6550068 fwd_ms=404650.1 eval=0 prior=0
[inst] req=9756672 hits=3200827 fwd=25608 rows=6555444 fwd_ms=404967.3 eval=0 prior=0
[inst] req=9764864 hits=3203472 fwd=25630 rows=6561076 fwd_ms=405299.3 eval=0 prior=0
[inst] req=9773056 hits=3206079 fwd=25652 rows=6566708 fwd_ms=405629.8 eval=0 prior=0
[inst] req=9781248 hits=3208961 fwd=25672 rows=6571828 fwd_ms=405931.5 eval=0 prior=0
[inst] req=9789440 hits=3211802 fwd=25693 rows=6577204 fwd_ms=406248.4 eval=0 prior=0
[inst] req=9797632 hits=3214430 fwd=25715 rows=6582836 fwd_ms=406580.6 eval=0 prior=0
[inst] req=9805824 hits=3217111 fwd=25736 rows=6588212 fwd_ms=406897.0 eval=0 prior=0
[inst] req=9814016 hits=3219916 fwd=25757 rows=6593588 fwd_ms=407214.0 eval=0 prior=0
[inst] req=9822208 hits=3222645 fwd=25779 rows=6599220 fwd_ms=407546.2 eval=0 prior=0
[inst] req=9830400 hits=3225466 fwd=25800 rows=6604596 fwd_ms=407863.6 eval=0 prior=0
[inst] req=9838592 hits=3228171 fwd=25821 rows=6609972 fwd_ms=408180.5 eval=0 prior=0
[inst] req=9846784 hits=3230968 fwd=25842 rows=6615348 fwd_ms=408497.7 eval=0 prior=0
[inst] req=9854976 hits=3233792 fwd=25863 rows=6620724 fwd_ms=408815.0 eval=0 prior=0
[inst] req=9863168 hits=3236323 fwd=25885 rows=6626356 fwd_ms=409147.0 eval=0 prior=0
[inst] req=9871360 hits=3239098 fwd=25907 rows=6631988 fwd_ms=409479.0 eval=0 prior=0
[inst] req=9879552 hits=3241804 fwd=25928 rows=6637364 fwd_ms=409796.1 eval=0 prior=0
[inst] req=9887744 hits=3244510 fwd=25949 rows=6642740 fwd_ms=410113.4 eval=0 prior=0
[inst] req=9895936 hits=3247272 fwd=25971 rows=6648372 fwd_ms=410445.6 eval=0 prior=0
[inst] req=9904128 hits=3249993 fwd=25992 rows=6653748 fwd_ms=410763.0 eval=0 prior=0
[inst] req=9912320 hits=3252764 fwd=26013 rows=6659124 fwd_ms=411080.0 eval=0 prior=0
[inst] req=9920512 hits=3255760 fwd=26033 rows=6664244 fwd_ms=411382.0 eval=0 prior=0
[inst] req=9928704 hits=3258617 fwd=26054 rows=6669620 fwd_ms=411698.9 eval=0 prior=0
[inst] req=9936896 hits=3261573 fwd=26075 rows=6674996 fwd_ms=412016.1 eval=0 prior=0
[inst] req=9945088 hits=3264237 fwd=26096 rows=6680372 fwd_ms=412332.9 eval=0 prior=0
[inst] req=9953280 hits=3266804 fwd=26118 rows=6686004 fwd_ms=412663.8 eval=0 prior=0
[inst] req=9961472 hits=3269561 fwd=26140 rows=6691636 fwd_ms=412994.0 eval=0 prior=0
[inst] req=9969664 hits=3272362 fwd=26161 rows=6697012 fwd_ms=413309.7 eval=0 prior=0
[inst] req=9977856 hits=3275137 fwd=26182 rows=6702388 fwd_ms=413625.4 eval=0 prior=0
[inst] req=9986048 hits=3277861 fwd=26203 rows=6707764 fwd_ms=413940.9 eval=0 prior=0
[inst] req=9994240 hits=3280631 fwd=26224 rows=6713140 fwd_ms=414256.5 eval=0 prior=0
[inst] req=10002432 hits=3283291 fwd=26246 rows=6718772 fwd_ms=414587.4 eval=0 prior=0
[inst] req=10010624 hits=3286168 fwd=26267 rows=6724148 fwd_ms=414903.0 eval=0 prior=0
[inst] req=10018816 hits=3289026 fwd=26288 rows=6729524 fwd_ms=415218.7 eval=0 prior=0
[inst] req=10027008 hits=3291673 fwd=26309 rows=6734900 fwd_ms=415534.0 eval=0 prior=0
[inst] req=10035200 hits=3294298 fwd=26331 rows=6740532 fwd_ms=415864.6 eval=0 prior=0
[inst] req=10043392 hits=3296940 fwd=26353 rows=6746164 fwd_ms=416194.9 eval=0 prior=0
[inst] req=10051584 hits=3299773 fwd=26374 rows=6751540 fwd_ms=416510.3 eval=0 prior=0
[inst] req=10059776 hits=3302716 fwd=26394 rows=6756660 fwd_ms=416810.8 eval=0 prior=0
[inst] req=10067968 hits=3305538 fwd=26415 rows=6762036 fwd_ms=417126.3 eval=0 prior=0
[inst] req=10076160 hits=3308207 fwd=26437 rows=6767668 fwd_ms=417457.0 eval=0 prior=0
[inst] req=10084352 hits=3310812 fwd=26458 rows=6773044 fwd_ms=417772.8 eval=0 prior=0
[inst] req=10092544 hits=3313466 fwd=26480 rows=6778676 fwd_ms=418103.7 eval=0 prior=0
[inst] req=10100736 hits=3316280 fwd=26501 rows=6784052 fwd_ms=418419.5 eval=0 prior=0
[inst] req=10108928 hits=3319143 fwd=26522 rows=6789428 fwd_ms=418735.2 eval=0 prior=0
[inst] req=10117120 hits=3321884 fwd=26543 rows=6794804 fwd_ms=419051.1 eval=0 prior=0
[inst] req=10125312 hits=3324748 fwd=26564 rows=6800180 fwd_ms=419366.9 eval=0 prior=0
[inst] req=10133504 hits=3327353 fwd=26586 rows=6805812 fwd_ms=419697.7 eval=0 prior=0
[inst] req=10141696 hits=3330195 fwd=26607 rows=6811188 fwd_ms=420013.5 eval=0 prior=0
[inst] req=10149888 hits=3332883 fwd=26628 rows=6816564 fwd_ms=420329.3 eval=0 prior=0
[inst] req=10158080 hits=3335501 fwd=26650 rows=6822196 fwd_ms=420660.3 eval=0 prior=0
[inst] req=10166272 hits=3338118 fwd=26672 rows=6827828 fwd_ms=420991.1 eval=0 prior=0
[inst] req=10174464 hits=3340855 fwd=26693 rows=6833204 fwd_ms=421306.8 eval=0 prior=0
[inst] req=10182656 hits=3343519 fwd=26715 rows=6838836 fwd_ms=421637.2 eval=0 prior=0
[inst] req=10190848 hits=3346393 fwd=26735 rows=6843956 fwd_ms=421937.5 eval=0 prior=0
[inst] req=10199040 hits=3349219 fwd=26756 rows=6849332 fwd_ms=422252.9 eval=0 prior=0
[inst] req=10207232 hits=3351928 fwd=26778 rows=6854964 fwd_ms=422583.2 eval=0 prior=0
[inst] req=10215424 hits=3354610 fwd=26799 rows=6860340 fwd_ms=422898.7 eval=0 prior=0
[inst] req=10223616 hits=3357416 fwd=26820 rows=6865716 fwd_ms=423214.3 eval=0 prior=0
[inst] req=10231808 hits=3360177 fwd=26842 rows=6871348 fwd_ms=423544.7 eval=0 prior=0
[inst] req=10240000 hits=3362863 fwd=26863 rows=6876724 fwd_ms=423860.2 eval=0 prior=0
[inst] req=10248192 hits=3365641 fwd=26884 rows=6882100 fwd_ms=424175.9 eval=0 prior=0
[inst] req=10256384 hits=3368303 fwd=26906 rows=6887732 fwd_ms=424506.6 eval=0 prior=0
[inst] req=10264576 hits=3371127 fwd=26927 rows=6893108 fwd_ms=424822.2 eval=0 prior=0
[inst] req=10272768 hits=3374001 fwd=26948 rows=6898484 fwd_ms=425138.1 eval=0 prior=0
[inst] req=10280960 hits=3376840 fwd=26969 rows=6903860 fwd_ms=425453.5 eval=0 prior=0
[inst] req=10289152 hits=3379716 fwd=26989 rows=6908980 fwd_ms=425754.5 eval=0 prior=0
[inst] req=10297344 hits=3382482 fwd=27010 rows=6914356 fwd_ms=426069.9 eval=0 prior=0
[inst] req=10305536 hits=3385289 fwd=27032 rows=6919988 fwd_ms=426400.1 eval=0 prior=0
[inst] req=10313728 hits=3388158 fwd=27052 rows=6925108 fwd_ms=426700.4 eval=0 prior=0
[inst] req=10321920 hits=3391003 fwd=27073 rows=6930484 fwd_ms=427016.3 eval=0 prior=0
[inst] req=10330112 hits=3393754 fwd=27094 rows=6935860 fwd_ms=427332.0 eval=0 prior=0
[inst] req=10338304 hits=3396631 fwd=27115 rows=6941236 fwd_ms=427647.7 eval=0 prior=0
[inst] req=10346496 hits=3399336 fwd=27137 rows=6946868 fwd_ms=427978.6 eval=0 prior=0
[inst] req=10354688 hits=3402470 fwd=27156 rows=6951732 fwd_ms=428264.4 eval=0 prior=0
[inst] req=10362880 hits=3405208 fwd=27178 rows=6957364 fwd_ms=428594.7 eval=0 prior=0
[inst] req=10371072 hits=3408025 fwd=27199 rows=6962740 fwd_ms=428910.5 eval=0 prior=0
[inst] req=10379264 hits=3410741 fwd=27220 rows=6968116 fwd_ms=429226.1 eval=0 prior=0
[inst] req=10387456 hits=3413541 fwd=27241 rows=6973492 fwd_ms=429541.9 eval=0 prior=0
[inst] req=10395648 hits=3416227 fwd=27263 rows=6979124 fwd_ms=429872.7 eval=0 prior=0
[inst] req=10403840 hits=3418989 fwd=27284 rows=6984500 fwd_ms=430188.5 eval=0 prior=0
[inst] req=10412032 hits=3421740 fwd=27305 rows=6989876 fwd_ms=430504.6 eval=0 prior=0
[inst] req=10420224 hits=3424435 fwd=27327 rows=6995508 fwd_ms=430835.6 eval=0 prior=0
[inst] req=10428416 hits=3427126 fwd=27348 rows=7000884 fwd_ms=431151.4 eval=0 prior=0
[inst] req=10436608 hits=3430092 fwd=27368 rows=7006004 fwd_ms=431452.2 eval=0 prior=0
[inst] req=10444800 hits=3432803 fwd=27390 rows=7011636 fwd_ms=431782.7 eval=0 prior=0
[inst] req=10452992 hits=3435600 fwd=27411 rows=7017012 fwd_ms=432098.5 eval=0 prior=0
[inst] req=10461184 hits=3438316 fwd=27432 rows=7022388 fwd_ms=432414.2 eval=0 prior=0
[inst] req=10469376 hits=3440972 fwd=27454 rows=7028020 fwd_ms=432744.8 eval=0 prior=0
[inst] req=10477568 hits=3443880 fwd=27475 rows=7033396 fwd_ms=433060.8 eval=0 prior=0
[inst] req=10485760 hits=3446721 fwd=27496 rows=7038772 fwd_ms=433376.3 eval=0 prior=0
[inst] req=10493952 hits=3449593 fwd=27516 rows=7043892 fwd_ms=433677.4 eval=0 prior=0
[inst] req=10502144 hits=3452334 fwd=27538 rows=7049524 fwd_ms=434008.5 eval=0 prior=0
[inst] req=10510336 hits=3455042 fwd=27559 rows=7054900 fwd_ms=434324.7 eval=0 prior=0
[inst] req=10518528 hits=3457852 fwd=27580 rows=7060276 fwd_ms=434641.0 eval=0 prior=0
[inst] req=10526720 hits=3460479 fwd=27602 rows=7065908 fwd_ms=434972.4 eval=0 prior=0
[inst] req=10534912 hits=3463171 fwd=27623 rows=7071284 fwd_ms=435288.6 eval=0 prior=0
[inst] req=10543104 hits=3465779 fwd=27645 rows=7076916 fwd_ms=435619.5 eval=0 prior=0
[inst] req=10551296 hits=3468523 fwd=27666 rows=7082292 fwd_ms=435935.4 eval=0 prior=0
[inst] req=10559488 hits=3471262 fwd=27688 rows=7087924 fwd_ms=436266.1 eval=0 prior=0
[inst] req=10567680 hits=3474166 fwd=27708 rows=7093044 fwd_ms=436566.9 eval=0 prior=0
[inst] req=10575872 hits=3476961 fwd=27729 rows=7098420 fwd_ms=436882.7 eval=0 prior=0
[inst] req=10584064 hits=3479664 fwd=27751 rows=7104052 fwd_ms=437213.6 eval=0 prior=0
[inst] req=10592256 hits=3482326 fwd=27772 rows=7109428 fwd_ms=437529.2 eval=0 prior=0
[inst] req=10600448 hits=3485105 fwd=27794 rows=7115060 fwd_ms=437860.0 eval=0 prior=0
[inst] req=10608640 hits=3487948 fwd=27814 rows=7120180 fwd_ms=438160.3 eval=0 prior=0
[inst] req=10616832 hits=3490702 fwd=27836 rows=7125812 fwd_ms=438491.0 eval=0 prior=0
[inst] req=10625024 hits=3493629 fwd=27856 rows=7130932 fwd_ms=438791.7 eval=0 prior=0
[inst] req=10633216 hits=3496545 fwd=27877 rows=7136308 fwd_ms=439107.4 eval=0 prior=0
[inst] req=10641408 hits=3499234 fwd=27898 rows=7141684 fwd_ms=439423.1 eval=0 prior=0
[inst] req=10649600 hits=3501985 fwd=27920 rows=7147316 fwd_ms=439753.8 eval=0 prior=0
[inst] req=10657792 hits=3504758 fwd=27941 rows=7152692 fwd_ms=440069.3 eval=0 prior=0
[inst] req=10665984 hits=3507491 fwd=27962 rows=7158068 fwd_ms=440385.0 eval=0 prior=0
[inst] req=10674176 hits=3510409 fwd=27983 rows=7163444 fwd_ms=440701.0 eval=0 prior=0
[inst] req=10682368 hits=3513233 fwd=28004 rows=7168820 fwd_ms=441016.3 eval=0 prior=0
[inst] req=10690560 hits=3516041 fwd=28025 rows=7174196 fwd_ms=441331.7 eval=0 prior=0
[inst] req=10698752 hits=3518898 fwd=28046 rows=7179572 fwd_ms=441647.1 eval=0 prior=0
[inst] req=10706944 hits=3521730 fwd=28067 rows=7184948 fwd_ms=441962.4 eval=0 prior=0
[inst] req=10715136 hits=3524391 fwd=28088 rows=7190324 fwd_ms=442278.0 eval=0 prior=0
[inst] req=10723328 hits=3527215 fwd=28109 rows=7195700 fwd_ms=442593.7 eval=0 prior=0
[inst] req=10731520 hits=3529906 fwd=28131 rows=7201332 fwd_ms=442923.6 eval=0 prior=0
[inst] req=10739712 hits=3532796 fwd=28151 rows=7206452 fwd_ms=443224.5 eval=0 prior=0
[inst] req=10747904 hits=3535690 fwd=28172 rows=7211828 fwd_ms=443540.5 eval=0 prior=0
[inst] req=10756096 hits=3538368 fwd=28194 rows=7217460 fwd_ms=443871.2 eval=0 prior=0
[inst] req=10764288 hits=3541214 fwd=28214 rows=7222580 fwd_ms=444172.3 eval=0 prior=0
[inst] req=10772480 hits=3543916 fwd=28236 rows=7228212 fwd_ms=444502.5 eval=0 prior=0
[inst] req=10780672 hits=3546935 fwd=28256 rows=7233332 fwd_ms=444802.9 eval=0 prior=0
[inst] req=10788864 hits=3549771 fwd=28277 rows=7238708 fwd_ms=445118.5 eval=0 prior=0
[inst] req=10797056 hits=3552519 fwd=28298 rows=7244084 fwd_ms=445433.8 eval=0 prior=0
[inst] req=10805248 hits=3555226 fwd=28320 rows=7249716 fwd_ms=445764.1 eval=0 prior=0
[inst] req=10813440 hits=3557920 fwd=28341 rows=7255092 fwd_ms=446079.0 eval=0 prior=0
[inst] req=10821632 hits=3560726 fwd=28362 rows=7260468 fwd_ms=446394.5 eval=0 prior=0
[inst] req=10829824 hits=3563558 fwd=28383 rows=7265844 fwd_ms=446709.9 eval=0 prior=0
[inst] req=10838016 hits=3566285 fwd=28404 rows=7271220 fwd_ms=447025.5 eval=0 prior=0
[inst] req=10846208 hits=3569084 fwd=28426 rows=7276852 fwd_ms=447355.8 eval=0 prior=0
[inst] req=10854400 hits=3571944 fwd=28446 rows=7281972 fwd_ms=447656.3 eval=0 prior=0
[inst] req=10862592 hits=3574655 fwd=28468 rows=7287604 fwd_ms=447986.6 eval=0 prior=0
[inst] req=10870784 hits=3577514 fwd=28489 rows=7292980 fwd_ms=448302.0 eval=0 prior=0
[inst] req=10878976 hits=3580155 fwd=28510 rows=7298356 fwd_ms=448617.7 eval=0 prior=0
[inst] req=10887168 hits=3582857 fwd=28532 rows=7303988 fwd_ms=448948.4 eval=0 prior=0
[inst] req=10895360 hits=3585670 fwd=28553 rows=7309364 fwd_ms=449263.7 eval=0 prior=0
[inst] req=10903552 hits=3588448 fwd=28574 rows=7314740 fwd_ms=449579.5 eval=0 prior=0
[inst] req=10911744 hits=3591207 fwd=28595 rows=7320116 fwd_ms=449895.5 eval=0 prior=0
[inst] req=10919936 hits=3593916 fwd=28617 rows=7325748 fwd_ms=450226.2 eval=0 prior=0
[inst] req=10928128 hits=3596587 fwd=28638 rows=7331124 fwd_ms=450542.2 eval=0 prior=0
[inst] req=10936320 hits=3599374 fwd=28659 rows=7336500 fwd_ms=450858.0 eval=0 prior=0
[inst] req=10944512 hits=3602207 fwd=28680 rows=7341876 fwd_ms=451174.0 eval=0 prior=0
[inst] req=10952704 hits=3604998 fwd=28701 rows=7347252 fwd_ms=451489.9 eval=0 prior=0
[inst] req=10960896 hits=3607530 fwd=28723 rows=7352884 fwd_ms=451820.8 eval=0 prior=0
[inst] req=10969088 hits=3610325 fwd=28744 rows=7358260 fwd_ms=452136.7 eval=0 prior=0
[inst] req=10977280 hits=3613090 fwd=28766 rows=7363892 fwd_ms=452467.5 eval=0 prior=0
[inst] req=10985472 hits=3615909 fwd=28787 rows=7369268 fwd_ms=452783.6 eval=0 prior=0
[inst] req=10993664 hits=3618695 fwd=28808 rows=7374644 fwd_ms=453099.5 eval=0 prior=0
[inst] req=11001856 hits=3621453 fwd=28829 rows=7380020 fwd_ms=453415.3 eval=0 prior=0
[inst] req=11010048 hits=3624140 fwd=28850 rows=7385396 fwd_ms=453731.1 eval=0 prior=0
[inst] req=11018240 hits=3626972 fwd=28871 rows=7390772 fwd_ms=454046.7 eval=0 prior=0
[inst] req=11026432 hits=3629698 fwd=28893 rows=7396404 fwd_ms=454377.8 eval=0 prior=0
[inst] req=11034624 hits=3632522 fwd=28914 rows=7401780 fwd_ms=454693.7 eval=0 prior=0
[inst] req=11042816 hits=3635209 fwd=28935 rows=7407156 fwd_ms=455010.2 eval=0 prior=0
[inst] req=11051008 hits=3638046 fwd=28956 rows=7412532 fwd_ms=455325.9 eval=0 prior=0
[inst] req=11059200 hits=3640756 fwd=28978 rows=7418164 fwd_ms=455657.0 eval=0 prior=0
[inst] req=11067392 hits=3643583 fwd=28999 rows=7423540 fwd_ms=455973.9 eval=0 prior=0
[inst] req=11075584 hits=3646410 fwd=29020 rows=7428916 fwd_ms=456289.8 eval=0 prior=0
[inst] req=11083776 hits=3649191 fwd=29041 rows=7434292 fwd_ms=456605.5 eval=0 prior=0
[inst] req=11091968 hits=3651814 fwd=29062 rows=7439668 fwd_ms=456921.3 eval=0 prior=0
[inst] req=11100160 hits=3654593 fwd=29084 rows=7445300 fwd_ms=457252.1 eval=0 prior=0
[inst] req=11108352 hits=3657309 fwd=29105 rows=7450676 fwd_ms=457568.1 eval=0 prior=0
[inst] req=11116544 hits=3660208 fwd=29126 rows=7456052 fwd_ms=457883.9 eval=0 prior=0
[inst] req=11124736 hits=3663093 fwd=29146 rows=7461172 fwd_ms=458184.9 eval=0 prior=0
[inst] req=11132928 hits=3666053 fwd=29167 rows=7466548 fwd_ms=458500.7 eval=0 prior=0
[inst] req=11141120 hits=3668854 fwd=29188 rows=7471924 fwd_ms=458816.5 eval=0 prior=0
[inst] req=11149312 hits=3671792 fwd=29208 rows=7477044 fwd_ms=459117.2 eval=0 prior=0
[inst] req=11157504 hits=3674542 fwd=29230 rows=7482676 fwd_ms=459448.1 eval=0 prior=0
[inst] req=11165696 hits=3677280 fwd=29251 rows=7488052 fwd_ms=459764.3 eval=0 prior=0
[inst] req=11173888 hits=3680058 fwd=29272 rows=7493428 fwd_ms=460079.7 eval=0 prior=0
[inst] req=11182080 hits=3682751 fwd=29294 rows=7499060 fwd_ms=460410.8 eval=0 prior=0
[inst] req=11190272 hits=3685643 fwd=29314 rows=7504180 fwd_ms=460711.6 eval=0 prior=0
[inst] req=11198464 hits=3688466 fwd=29335 rows=7509556 fwd_ms=461027.6 eval=0 prior=0
[inst] req=11206656 hits=3691224 fwd=29356 rows=7514932 fwd_ms=461343.3 eval=0 prior=0
[inst] req=11214848 hits=3694048 fwd=29377 rows=7520308 fwd_ms=461659.1 eval=0 prior=0
[inst] req=11223040 hits=3696939 fwd=29398 rows=7525684 fwd_ms=461974.8 eval=0 prior=0
[inst] req=11231232 hits=3699704 fwd=29419 rows=7531060 fwd_ms=462290.4 eval=0 prior=0
[inst] req=11239424 hits=3702435 fwd=29441 rows=7536692 fwd_ms=462621.2 eval=0 prior=0
[inst] req=11247616 hits=3705126 fwd=29462 rows=7542068 fwd_ms=462937.0 eval=0 prior=0
[inst] req=11255808 hits=3707960 fwd=29483 rows=7547444 fwd_ms=463252.9 eval=0 prior=0
[inst] req=11264000 hits=3710703 fwd=29504 rows=7552820 fwd_ms=463568.7 eval=0 prior=0
[inst] req=11272192 hits=3713493 fwd=29525 rows=7558196 fwd_ms=463884.7 eval=0 prior=0
[inst] req=11280384 hits=3716283 fwd=29547 rows=7563828 fwd_ms=464215.6 eval=0 prior=0
[inst] req=11288576 hits=3719212 fwd=29567 rows=7568948 fwd_ms=464516.3 eval=0 prior=0
[inst] req=11296768 hits=3721945 fwd=29588 rows=7574324 fwd_ms=464831.8 eval=0 prior=0
[inst] req=11304960 hits=3724762 fwd=29609 rows=7579700 fwd_ms=465147.1 eval=0 prior=0
[inst] req=11313152 hits=3727604 fwd=29630 rows=7585076 fwd_ms=465462.7 eval=0 prior=0
[inst] req=11321344 hits=3730274 fwd=29652 rows=7590708 fwd_ms=465793.5 eval=0 prior=0
[inst] req=11329536 hits=3732993 fwd=29673 rows=7596084 fwd_ms=466109.5 eval=0 prior=0
[inst] req=11337728 hits=3735657 fwd=29695 rows=7601716 fwd_ms=466440.4 eval=0 prior=0
[inst] req=11345920 hits=3738331 fwd=29716 rows=7607092 fwd_ms=466756.3 eval=0 prior=0
[inst] req=11354112 hits=3741099 fwd=29738 rows=7612724 fwd_ms=467087.1 eval=0 prior=0
[inst] req=11362304 hits=3743986 fwd=29758 rows=7617844 fwd_ms=467389.5 eval=0 prior=0
[inst] req=11370496 hits=3746846 fwd=29779 rows=7623220 fwd_ms=467705.4 eval=0 prior=0
[inst] req=11378688 hits=3749739 fwd=29800 rows=7628596 fwd_ms=468021.3 eval=0 prior=0
[inst] req=11386880 hits=3752522 fwd=29821 rows=7633972 fwd_ms=468337.4 eval=0 prior=0
[inst] req=11395072 hits=3755382 fwd=29842 rows=7639348 fwd_ms=468653.2 eval=0 prior=0
[inst] req=11403264 hits=3758047 fwd=29863 rows=7644724 fwd_ms=468969.0 eval=0 prior=0
[inst] req=11411456 hits=3760754 fwd=29885 rows=7650356 fwd_ms=469299.9 eval=0 prior=0
[inst] req=11419648 hits=3763322 fwd=29907 rows=7655988 fwd_ms=469630.9 eval=0 prior=0
[inst] req=11427840 hits=3766058 fwd=29928 rows=7661364 fwd_ms=469946.9 eval=0 prior=0
[inst] req=11436032 hits=3768893 fwd=29949 rows=7666740 fwd_ms=470263.1 eval=0 prior=0
[inst] req=11444224 hits=3771705 fwd=29970 rows=7672116 fwd_ms=470579.1 eval=0 prior=0
[inst] req=11452416 hits=3774621 fwd=29991 rows=7677492 fwd_ms=470894.9 eval=0 prior=0
[inst] req=11460608 hits=3777370 fwd=30012 rows=7682868 fwd_ms=471210.7 eval=0 prior=0
[inst] req=11468800 hits=3780132 fwd=30033 rows=7688244 fwd_ms=471526.4 eval=0 prior=0
[inst] req=11476992 hits=3782926 fwd=30054 rows=7693620 fwd_ms=471842.4 eval=0 prior=0
[inst] req=11485184 hits=3785694 fwd=30075 rows=7698996 fwd_ms=472158.5 eval=0 prior=0
[inst] req=11493376 hits=3788372 fwd=30097 rows=7704628 fwd_ms=472489.5 eval=0 prior=0
[inst] req=11501568 hits=3791004 fwd=30119 rows=7710260 fwd_ms=472820.2 eval=0 prior=0
[inst] req=11509760 hits=3793779 fwd=30140 rows=7715636 fwd_ms=473136.2 eval=0 prior=0
[inst] req=11517952 hits=3796618 fwd=30161 rows=7721012 fwd_ms=473452.0 eval=0 prior=0
[inst] req=11526144 hits=3799558 fwd=30181 rows=7726132 fwd_ms=473752.9 eval=0 prior=0
[inst] req=11534336 hits=3802324 fwd=30202 rows=7731508 fwd_ms=474068.9 eval=0 prior=0
[inst] req=11542528 hits=3805134 fwd=30223 rows=7736884 fwd_ms=474384.8 eval=0 prior=0
[inst] req=11550720 hits=3808197 fwd=30244 rows=7742260 fwd_ms=474700.7 eval=0 prior=0
[inst] req=11558912 hits=3810953 fwd=30265 rows=7747636 fwd_ms=475016.3 eval=0 prior=0
[inst] req=11567104 hits=3813486 fwd=30287 rows=7753268 fwd_ms=475347.2 eval=0 prior=0
[inst] req=11575296 hits=3816235 fwd=30308 rows=7758644 fwd_ms=475663.1 eval=0 prior=0
[inst] req=11583488 hits=3818960 fwd=30329 rows=7764020 fwd_ms=475978.8 eval=0 prior=0
[inst] req=11591680 hits=3821878 fwd=30350 rows=7769396 fwd_ms=476294.6 eval=0 prior=0
[inst] req=11599872 hits=3824581 fwd=30372 rows=7775028 fwd_ms=476625.3 eval=0 prior=0
[inst] req=11608064 hits=3827428 fwd=30392 rows=7780148 fwd_ms=476926.1 eval=0 prior=0
[inst] req=11616256 hits=3830238 fwd=30413 rows=7785524 fwd_ms=477241.9 eval=0 prior=0
[inst] req=11624448 hits=3832946 fwd=30435 rows=7791156 fwd_ms=477572.8 eval=0 prior=0
[inst] req=11632640 hits=3835692 fwd=30456 rows=7796532 fwd_ms=477888.5 eval=0 prior=0
[inst] req=11640832 hits=3838494 fwd=30477 rows=7801908 fwd_ms=478204.4 eval=0 prior=0
[inst] req=11649024 hits=3841355 fwd=30498 rows=7807284 fwd_ms=478520.4 eval=0 prior=0
[inst] req=11657216 hits=3844059 fwd=30519 rows=7812660 fwd_ms=478836.3 eval=0 prior=0
[inst] req=11665408 hits=3846804 fwd=30541 rows=7818292 fwd_ms=479167.0 eval=0 prior=0
[inst] req=11673600 hits=3849578 fwd=30562 rows=7823668 fwd_ms=479482.7 eval=0 prior=0
[inst] req=11681792 hits=3852475 fwd=30583 rows=7829044 fwd_ms=479798.5 eval=0 prior=0
[inst] req=11689984 hits=3855370 fwd=30603 rows=7834164 fwd_ms=480099.3 eval=0 prior=0
[inst] req=11698176 hits=3858203 fwd=30624 rows=7839540 fwd_ms=480415.4 eval=0 prior=0
[inst] req=11706368 hits=3860943 fwd=30645 rows=7844916 fwd_ms=480731.4 eval=0 prior=0
[inst] req=11714560 hits=3863600 fwd=30667 rows=7850548 fwd_ms=481062.3 eval=0 prior=0
[inst] req=11722752 hits=3866303 fwd=30689 rows=7856180 fwd_ms=481393.2 eval=0 prior=0
[inst] req=11730944 hits=3869114 fwd=30710 rows=7861556 fwd_ms=481708.8 eval=0 prior=0
[inst] req=11739136 hits=3871999 fwd=30730 rows=7866676 fwd_ms=482009.6 eval=0 prior=0
[inst] req=11747328 hits=3874731 fwd=30752 rows=7872308 fwd_ms=482340.5 eval=0 prior=0
[inst] req=11755520 hits=3877464 fwd=30773 rows=7877684 fwd_ms=482656.6 eval=0 prior=0
[inst] req=11763712 hits=3880225 fwd=30794 rows=7883060 fwd_ms=482973.1 eval=0 prior=0
[inst] req=11771904 hits=3883215 fwd=30814 rows=7888180 fwd_ms=483274.6 eval=0 prior=0
[inst] req=11780096 hits=3886006 fwd=30836 rows=7893812 fwd_ms=483605.9 eval=0 prior=0
[inst] req=11788288 hits=3888744 fwd=30857 rows=7899188 fwd_ms=483922.0 eval=0 prior=0
[inst] req=11796480 hits=3891418 fwd=30878 rows=7904564 fwd_ms=484238.1 eval=0 prior=0
[inst] req=11804672 hits=3894247 fwd=30899 rows=7909940 fwd_ms=484554.2 eval=0 prior=0
[inst] req=11812864 hits=3897064 fwd=30920 rows=7915316 fwd_ms=484870.5 eval=0 prior=0
[inst] req=11821056 hits=3899820 fwd=30942 rows=7920948 fwd_ms=485202.1 eval=0 prior=0
[inst] req=11829248 hits=3902532 fwd=30963 rows=7926324 fwd_ms=485518.3 eval=0 prior=0
[inst] req=11837440 hits=3905203 fwd=30985 rows=7931956 fwd_ms=485849.5 eval=0 prior=0
[inst] req=11845632 hits=3907938 fwd=31006 rows=7937332 fwd_ms=486165.5 eval=0 prior=0
[inst] req=11853824 hits=3910894 fwd=31026 rows=7942452 fwd_ms=486466.7 eval=0 prior=0
[inst] req=11862016 hits=3913791 fwd=31047 rows=7947828 fwd_ms=486783.0 eval=0 prior=0
[inst] req=11870208 hits=3916574 fwd=31068 rows=7953204 fwd_ms=487099.8 eval=0 prior=0
[inst] req=11878400 hits=3919423 fwd=31089 rows=7958580 fwd_ms=487415.9 eval=0 prior=0
[inst] req=11886592 hits=3922242 fwd=31110 rows=7963956 fwd_ms=487731.9 eval=0 prior=0
[inst] req=11894784 hits=3924965 fwd=31131 rows=7969332 fwd_ms=488047.9 eval=0 prior=0
[inst] req=11902976 hits=3927649 fwd=31153 rows=7974964 fwd_ms=488379.0 eval=0 prior=0
[inst] req=11911168 hits=3930570 fwd=31174 rows=7980340 fwd_ms=488695.2 eval=0 prior=0
[inst] req=11919360 hits=3933324 fwd=31195 rows=7985716 fwd_ms=489011.2 eval=0 prior=0
[inst] req=11927552 hits=3936203 fwd=31216 rows=7991092 fwd_ms=489327.3 eval=0 prior=0
[inst] req=11935744 hits=3938796 fwd=31237 rows=7996468 fwd_ms=489643.8 eval=0 prior=0
[inst] req=11943936 hits=3941631 fwd=31258 rows=8001844 fwd_ms=489960.1 eval=0 prior=0
[inst] req=11952128 hits=3944546 fwd=31279 rows=8007220 fwd_ms=490276.3 eval=0 prior=0
[inst] req=11960320 hits=3947582 fwd=31299 rows=8012340 fwd_ms=490577.5 eval=0 prior=0
[inst] req=11968512 hits=3950378 fwd=31320 rows=8017716 fwd_ms=490893.5 eval=0 prior=0
[inst] req=11976704 hits=3953141 fwd=31341 rows=8023092 fwd_ms=491209.6 eval=0 prior=0
[inst] req=11984896 hits=3955825 fwd=31363 rows=8028724 fwd_ms=491540.9 eval=0 prior=0
[inst] req=11993088 hits=3958612 fwd=31384 rows=8034100 fwd_ms=491857.1 eval=0 prior=0
[inst] req=12001280 hits=3961394 fwd=31405 rows=8039476 fwd_ms=492172.8 eval=0 prior=0
[inst] req=12009472 hits=3964083 fwd=31427 rows=8045108 fwd_ms=492503.8 eval=0 prior=0
[inst] req=12017664 hits=3966917 fwd=31448 rows=8050484 fwd_ms=492820.1 eval=0 prior=0
[inst] req=12025856 hits=3969763 fwd=31468 rows=8055604 fwd_ms=493121.3 eval=0 prior=0
[inst] req=12034048 hits=3972748 fwd=31489 rows=8060980 fwd_ms=493437.6 eval=0 prior=0
[inst] req=12042240 hits=3975613 fwd=31510 rows=8066356 fwd_ms=493753.7 eval=0 prior=0
[inst] req=12050432 hits=3978474 fwd=31530 rows=8071476 fwd_ms=494055.9 eval=0 prior=0
[inst] req=12058624 hits=3981287 fwd=31551 rows=8076852 fwd_ms=494372.2 eval=0 prior=0
[inst] req=12066816 hits=3984198 fwd=31572 rows=8082228 fwd_ms=494688.4 eval=0 prior=0
[inst] req=12075008 hits=3986922 fwd=31593 rows=8087604 fwd_ms=495004.3 eval=0 prior=0
[inst] req=12083200 hits=3989777 fwd=31614 rows=8092980 fwd_ms=495320.1 eval=0 prior=0
[inst] req=12091392 hits=3992543 fwd=31635 rows=8098356 fwd_ms=495636.3 eval=0 prior=0
[inst] req=12099584 hits=3995442 fwd=31656 rows=8103732 fwd_ms=495952.8 eval=0 prior=0
[inst] req=12107776 hits=3998222 fwd=31677 rows=8109108 fwd_ms=496269.2 eval=0 prior=0
[inst] req=12115968 hits=4001048 fwd=31698 rows=8114484 fwd_ms=496585.4 eval=0 prior=0
[inst] req=12124160 hits=4003839 fwd=31719 rows=8119860 fwd_ms=496901.9 eval=0 prior=0
[inst] req=12132352 hits=4006567 fwd=31741 rows=8125492 fwd_ms=497233.0 eval=0 prior=0
[inst] req=12140544 hits=4009423 fwd=31761 rows=8130612 fwd_ms=497534.0 eval=0 prior=0
[inst] req=12148736 hits=4012233 fwd=31783 rows=8136244 fwd_ms=497865.2 eval=0 prior=0
[inst] req=12156928 hits=4014969 fwd=31804 rows=8141620 fwd_ms=498181.2 eval=0 prior=0
[inst] req=12165120 hits=4017709 fwd=31825 rows=8146996 fwd_ms=498497.3 eval=0 prior=0
[inst] req=12173312 hits=4020450 fwd=31846 rows=8152372 fwd_ms=498813.4 eval=0 prior=0
[inst] req=12181504 hits=4023277 fwd=31867 rows=8157748 fwd_ms=499129.7 eval=0 prior=0
[inst] req=12189696 hits=4026153 fwd=31888 rows=8163124 fwd_ms=499445.7 eval=0 prior=0
[inst] req=12197888 hits=4028963 fwd=31909 rows=8168500 fwd_ms=499762.0 eval=0 prior=0
[inst] req=12206080 hits=4031716 fwd=31930 rows=8173876 fwd_ms=500078.3 eval=0 prior=0
[inst] req=12214272 hits=4034278 fwd=31952 rows=8179508 fwd_ms=500409.5 eval=0 prior=0
[inst] req=12222464 hits=4037276 fwd=31973 rows=8184884 fwd_ms=500725.6 eval=0 prior=0
[inst] req=12230656 hits=4040252 fwd=31993 rows=8190004 fwd_ms=501027.4 eval=0 prior=0
[inst] req=12238848 hits=4043223 fwd=32013 rows=8195124 fwd_ms=501330.5 eval=0 prior=0
[inst] req=12247040 hits=4045993 fwd=32035 rows=8200756 fwd_ms=501662.5 eval=0 prior=0
[inst] req=12255232 hits=4048601 fwd=32056 rows=8206132 fwd_ms=501979.4 eval=0 prior=0
[inst] req=12263424 hits=4051437 fwd=32077 rows=8211508 fwd_ms=502296.6 eval=0 prior=0
[inst] req=12271616 hits=4054291 fwd=32098 rows=8216884 fwd_ms=502613.5 eval=0 prior=0
[inst] req=12279808 hits=4057083 fwd=32119 rows=8222260 fwd_ms=502930.4 eval=0 prior=0
[inst] req=12288000 hits=4059837 fwd=32141 rows=8227892 fwd_ms=503262.4 eval=0 prior=0
[inst] req=12296192 hits=4062520 fwd=32162 rows=8233268 fwd_ms=503579.2 eval=0 prior=0
[inst] req=12304384 hits=4065444 fwd=32183 rows=8238644 fwd_ms=503895.3 eval=0 prior=0
[inst] req=12312576 hits=4068327 fwd=32203 rows=8243764 fwd_ms=504196.4 eval=0 prior=0
[inst] req=12320768 hits=4071229 fwd=32224 rows=8249140 fwd_ms=504512.9 eval=0 prior=0
[inst] req=12328960 hits=4074033 fwd=32245 rows=8254516 fwd_ms=504829.1 eval=0 prior=0
[inst] req=12337152 hits=4076794 fwd=32266 rows=8259892 fwd_ms=505145.4 eval=0 prior=0
[inst] req=12345344 hits=4079626 fwd=32287 rows=8265268 fwd_ms=506408.6 eval=0 prior=0
[inst] req=12353536 hits=4082403 fwd=32308 rows=8270644 fwd_ms=508312.8 eval=0 prior=0
[inst] req=12361728 hits=4085312 fwd=32329 rows=8276020 fwd_ms=510063.9 eval=0 prior=0
[inst] req=12369920 hits=4088122 fwd=32350 rows=8281396 fwd_ms=511492.4 eval=0 prior=0
[inst] req=12378112 hits=4091078 fwd=32371 rows=8286772 fwd_ms=513200.7 eval=0 prior=0
[inst] req=12386304 hits=4093952 fwd=32391 rows=8291892 fwd_ms=515209.0 eval=0 prior=0
[inst] req=12394496 hits=4096916 fwd=32412 rows=8297268 fwd_ms=516522.0 eval=0 prior=0
[inst] req=12402688 hits=4099874 fwd=32432 rows=8302388 fwd_ms=517748.1 eval=0 prior=0
[inst] req=12410880 hits=4102745 fwd=32453 rows=8307764 fwd_ms=519451.3 eval=0 prior=0
[inst] req=12419072 hits=4105542 fwd=32474 rows=8313140 fwd_ms=519776.4 eval=0 prior=0
[inst] req=12427264 hits=4108518 fwd=32494 rows=8318260 fwd_ms=520086.2 eval=0 prior=0
[inst] req=12435456 hits=4109682 fwd=32522 rows=8325428 fwd_ms=520527.5 eval=0 prior=0
[inst] req=12443648 hits=4110599 fwd=32550 rows=8332596 fwd_ms=520948.9 eval=0 prior=0
[inst] req=12451840 hits=4112164 fwd=32576 rows=8339252 fwd_ms=521340.5 eval=0 prior=0
[inst] req=12460032 hits=4114318 fwd=32600 rows=8345396 fwd_ms=521702.0 eval=0 prior=0
[inst] req=12468224 hits=4116929 fwd=32622 rows=8351028 fwd_ms=522033.4 eval=0 prior=0
[inst] req=12476416 hits=4119773 fwd=32642 rows=8356148 fwd_ms=522334.9 eval=0 prior=0
[inst] req=12484608 hits=4122827 fwd=32663 rows=8361524 fwd_ms=522651.5 eval=0 prior=0
[inst] req=12492800 hits=4125590 fwd=32684 rows=8366900 fwd_ms=522967.8 eval=0 prior=0
[inst] req=12500992 hits=4128485 fwd=32704 rows=8372020 fwd_ms=523269.2 eval=0 prior=0
[inst] req=12509184 hits=4131213 fwd=32726 rows=8377652 fwd_ms=523601.0 eval=0 prior=0
[inst] req=12517376 hits=4134084 fwd=32747 rows=8383028 fwd_ms=523917.8 eval=0 prior=0
[inst] req=12525568 hits=4136960 fwd=32767 rows=8388148 fwd_ms=524220.8 eval=0 prior=0
[inst] req=12533760 hits=4139889 fwd=32788 rows=8393524 fwd_ms=524537.2 eval=0 prior=0
[inst] req=12541952 hits=4142703 fwd=32809 rows=8398900 fwd_ms=524853.7 eval=0 prior=0
[inst] req=12550144 hits=4145527 fwd=32830 rows=8404276 fwd_ms=525170.3 eval=0 prior=0
[inst] req=12558336 hits=4148527 fwd=32850 rows=8409396 fwd_ms=525471.4 eval=0 prior=0
[inst] req=12566528 hits=4151576 fwd=32870 rows=8414516 fwd_ms=525772.6 eval=0 prior=0
[inst] req=12574720 hits=4154458 fwd=32891 rows=8419892 fwd_ms=526089.1 eval=0 prior=0
[inst] req=12582912 hits=4157140 fwd=32912 rows=8425268 fwd_ms=526405.2 eval=0 prior=0
[inst] req=12591104 hits=4159823 fwd=32934 rows=8430900 fwd_ms=526736.3 eval=0 prior=0
[inst] req=12599296 hits=4162722 fwd=32955 rows=8436276 fwd_ms=527052.5 eval=0 prior=0
[inst] req=12607488 hits=4165657 fwd=32975 rows=8441396 fwd_ms=527353.5 eval=0 prior=0
[inst] req=12615680 hits=4168649 fwd=32996 rows=8446772 fwd_ms=527669.3 eval=0 prior=0
[inst] req=12623872 hits=4171512 fwd=33016 rows=8451892 fwd_ms=527970.1 eval=0 prior=0
[inst] req=12632064 hits=4174510 fwd=33037 rows=8457268 fwd_ms=528287.3 eval=0 prior=0
[inst] req=12640256 hits=4177335 fwd=33058 rows=8462644 fwd_ms=528604.6 eval=0 prior=0
[inst] req=12648448 hits=4180313 fwd=33078 rows=8467764 fwd_ms=528907.3 eval=0 prior=0
[inst] req=12656640 hits=4183230 fwd=33099 rows=8473140 fwd_ms=529224.9 eval=0 prior=0
[inst] req=12664832 hits=4186129 fwd=33119 rows=8478260 fwd_ms=529527.1 eval=0 prior=0
[inst] req=12673024 hits=4188813 fwd=33141 rows=8483892 fwd_ms=529859.4 eval=0 prior=0
[inst] req=12681216 hits=4191758 fwd=33161 rows=8489012 fwd_ms=530161.5 eval=0 prior=0
[inst] req=12689408 hits=4194619 fwd=33182 rows=8494388 fwd_ms=530478.6 eval=0 prior=0
[inst] req=12697600 hits=4197586 fwd=33202 rows=8499508 fwd_ms=530781.0 eval=0 prior=0
[inst] req=12705792 hits=4200542 fwd=33223 rows=8504884 fwd_ms=531098.9 eval=0 prior=0
[inst] req=12713984 hits=4203437 fwd=33244 rows=8510260 fwd_ms=531416.2 eval=0 prior=0
[inst] req=12722176 hits=4206279 fwd=33265 rows=8515636 fwd_ms=531733.5 eval=0 prior=0
[inst] req=12730368 hits=4209212 fwd=33285 rows=8520756 fwd_ms=532035.9 eval=0 prior=0
[inst] req=12738560 hits=4212114 fwd=33306 rows=8526132 fwd_ms=532353.2 eval=0 prior=0
[inst] req=12746752 hits=4214934 fwd=33327 rows=8531508 fwd_ms=532670.3 eval=0 prior=0
[inst] req=12754944 hits=4217799 fwd=33348 rows=8536884 fwd_ms=532987.4 eval=0 prior=0
[inst] req=12763136 hits=4220663 fwd=33368 rows=8542004 fwd_ms=533289.8 eval=0 prior=0
[inst] req=12771328 hits=4223580 fwd=33389 rows=8547380 fwd_ms=533607.1 eval=0 prior=0
[inst] req=12779520 hits=4226485 fwd=33410 rows=8552756 fwd_ms=533925.7 eval=0 prior=0
[inst] req=12787712 hits=4229350 fwd=33430 rows=8557876 fwd_ms=534227.6 eval=0 prior=0
[inst] req=12795904 hits=4232171 fwd=33451 rows=8563252 fwd_ms=534544.7 eval=0 prior=0
[inst] req=12804096 hits=4234999 fwd=33472 rows=8568628 fwd_ms=534861.8 eval=0 prior=0
[inst] req=12812288 hits=4237951 fwd=33493 rows=8574004 fwd_ms=535178.9 eval=0 prior=0
[inst] req=12820480 hits=4240788 fwd=33514 rows=8579380 fwd_ms=535496.1 eval=0 prior=0
[inst] req=12828672 hits=4243907 fwd=33534 rows=8584500 fwd_ms=535798.4 eval=0 prior=0
[inst] req=12836864 hits=4246784 fwd=33554 rows=8589620 fwd_ms=536099.6 eval=0 prior=0
[inst] req=12845056 hits=4249753 fwd=33575 rows=8594996 fwd_ms=536415.8 eval=0 prior=0
[inst] req=12853248 hits=4252591 fwd=33596 rows=8600372 fwd_ms=536731.4 eval=0 prior=0
[inst] req=12861440 hits=4255435 fwd=33617 rows=8605748 fwd_ms=537047.9 eval=0 prior=0
[inst] req=12869632 hits=4258280 fwd=33637 rows=8610868 fwd_ms=537350.4 eval=0 prior=0
[inst] req=12877824 hits=4261281 fwd=33658 rows=8616244 fwd_ms=537667.7 eval=0 prior=0
[inst] req=12886016 hits=4264260 fwd=33678 rows=8621364 fwd_ms=537970.0 eval=0 prior=0
[inst] req=12894208 hits=4267240 fwd=33698 rows=8626484 fwd_ms=538272.3 eval=0 prior=0
[inst] req=12902400 hits=4270132 fwd=33719 rows=8631860 fwd_ms=538589.7 eval=0 prior=0
[inst] req=12910592 hits=4273134 fwd=33739 rows=8636980 fwd_ms=538890.3 eval=0 prior=0
[inst] req=12918784 hits=4275967 fwd=33760 rows=8642356 fwd_ms=539207.7 eval=0 prior=0
[inst] req=12926976 hits=4278800 fwd=33781 rows=8647732 fwd_ms=539525.2 eval=0 prior=0
[inst] req=12935168 hits=4281823 fwd=33801 rows=8652852 fwd_ms=539827.3 eval=0 prior=0
[inst] req=12943360 hits=4284574 fwd=33823 rows=8658484 fwd_ms=540159.2 eval=0 prior=0
[inst] req=12951552 hits=4287611 fwd=33843 rows=8663604 fwd_ms=540460.2 eval=0 prior=0
[inst] req=12959744 hits=4290548 fwd=33863 rows=8668724 fwd_ms=540761.1 eval=0 prior=0
[inst] req=12967936 hits=4293348 fwd=33884 rows=8674100 fwd_ms=541077.1 eval=0 prior=0
[inst] req=12976128 hits=4296279 fwd=33905 rows=8679476 fwd_ms=541393.1 eval=0 prior=0
[inst] req=12984320 hits=4299106 fwd=33926 rows=8684852 fwd_ms=541709.4 eval=0 prior=0
[inst] req=12992512 hits=4302074 fwd=33946 rows=8689972 fwd_ms=542010.5 eval=0 prior=0
[inst] req=13000704 hits=4304981 fwd=33967 rows=8695348 fwd_ms=542326.5 eval=0 prior=0
[inst] req=13008896 hits=4307822 fwd=33988 rows=8700724 fwd_ms=542642.8 eval=0 prior=0
[inst] req=13017088 hits=4310738 fwd=34008 rows=8705844 fwd_ms=542944.8 eval=0 prior=0
[inst] req=13025280 hits=4313621 fwd=34029 rows=8711220 fwd_ms=543261.7 eval=0 prior=0
[inst] req=13033472 hits=4316588 fwd=34050 rows=8716596 fwd_ms=543580.1 eval=0 prior=0
[inst] req=13041664 hits=4319609 fwd=34070 rows=8721716 fwd_ms=543883.3 eval=0 prior=0
[inst] req=13049856 hits=4322625 fwd=34090 rows=8726836 fwd_ms=544186.4 eval=0 prior=0
[inst] req=13058048 hits=4325481 fwd=34111 rows=8732212 fwd_ms=544503.7 eval=0 prior=0
[inst] req=13066240 hits=4328396 fwd=34131 rows=8737332 fwd_ms=544804.9 eval=0 prior=0
[inst] req=13074432 hits=4331384 fwd=34152 rows=8742708 fwd_ms=545121.3 eval=0 prior=0
[inst] req=13082624 hits=4334427 fwd=34172 rows=8747828 fwd_ms=545422.7 eval=0 prior=0
[inst] req=13090816 hits=4337347 fwd=34193 rows=8753204 fwd_ms=545738.9 eval=0 prior=0
[inst] req=13099008 hits=4340250 fwd=34213 rows=8758324 fwd_ms=546040.3 eval=0 prior=0
[inst] req=13107200 hits=4343092 fwd=34234 rows=8763700 fwd_ms=546356.9 eval=0 prior=0
[inst] req=13115392 hits=4346125 fwd=34254 rows=8768820 fwd_ms=546658.3 eval=0 prior=0
[inst] req=13123584 hits=4349110 fwd=34275 rows=8774196 fwd_ms=546974.5 eval=0 prior=0
[inst] req=13131776 hits=4352082 fwd=34295 rows=8779316 fwd_ms=547275.7 eval=0 prior=0
[inst] req=13139968 hits=4354960 fwd=34316 rows=8784692 fwd_ms=547591.9 eval=0 prior=0
[inst] req=13148160 hits=4357828 fwd=34337 rows=8790068 fwd_ms=547908.0 eval=0 prior=0
[inst] req=13156352 hits=4360800 fwd=34357 rows=8795188 fwd_ms=548209.0 eval=0 prior=0
[inst] req=13164544 hits=4363838 fwd=34377 rows=8800308 fwd_ms=548510.1 eval=0 prior=0
[inst] req=13172736 hits=4366741 fwd=34398 rows=8805684 fwd_ms=548826.5 eval=0 prior=0
[inst] req=13180928 hits=4369687 fwd=34418 rows=8810804 fwd_ms=549127.6 eval=0 prior=0
[inst] req=13189120 hits=4372493 fwd=34439 rows=8816180 fwd_ms=549443.4 eval=0 prior=0
[inst] req=13197312 hits=4375542 fwd=34459 rows=8821300 fwd_ms=549744.3 eval=0 prior=0
[inst] req=13205504 hits=4378572 fwd=34479 rows=8826420 fwd_ms=550045.5 eval=0 prior=0
[inst] req=13213696 hits=4381387 fwd=34501 rows=8832052 fwd_ms=550376.3 eval=0 prior=0
[inst] req=13221888 hits=4384173 fwd=34522 rows=8837428 fwd_ms=550692.2 eval=0 prior=0
[inst] req=13230080 hits=4387034 fwd=34542 rows=8842548 fwd_ms=550992.8 eval=0 prior=0
[inst] req=13238272 hits=4390086 fwd=34563 rows=8847924 fwd_ms=551308.7 eval=0 prior=0
[inst] req=13246464 hits=4393137 fwd=34583 rows=8853044 fwd_ms=551609.3 eval=0 prior=0
[inst] req=13254656 hits=4396121 fwd=34603 rows=8858164 fwd_ms=551910.0 eval=0 prior=0
[inst] req=13262848 hits=4398921 fwd=34624 rows=8863540 fwd_ms=552225.8 eval=0 prior=0
[inst] req=13271040 hits=4401775 fwd=34645 rows=8868916 fwd_ms=552541.8 eval=0 prior=0
[inst] req=13279232 hits=4404817 fwd=34665 rows=8874036 fwd_ms=552842.9 eval=0 prior=0
[inst] req=13287424 hits=4407777 fwd=34685 rows=8879156 fwd_ms=553144.1 eval=0 prior=0
[inst] req=13295616 hits=4410622 fwd=34706 rows=8884532 fwd_ms=553460.1 eval=0 prior=0
[inst] req=13303808 hits=4413468 fwd=34727 rows=8889908 fwd_ms=553776.1 eval=0 prior=0
[inst] req=13312000 hits=4416248 fwd=34748 rows=8895284 fwd_ms=554091.9 eval=0 prior=0
[inst] req=13320192 hits=4419299 fwd=34768 rows=8900404 fwd_ms=554392.9 eval=0 prior=0
[inst] req=13328384 hits=4422223 fwd=34789 rows=8905780 fwd_ms=554709.2 eval=0 prior=0
[inst] req=13336576 hits=4425318 fwd=34809 rows=8910900 fwd_ms=555010.1 eval=0 prior=0
[inst] req=13344768 hits=4428238 fwd=34829 rows=8916020 fwd_ms=555310.9 eval=0 prior=0
[inst] req=13352960 hits=4431049 fwd=34851 rows=8921652 fwd_ms=555641.8 eval=0 prior=0
[inst] req=13361152 hits=4433925 fwd=34871 rows=8926772 fwd_ms=555942.9 eval=0 prior=0
[inst] req=13369344 hits=4436661 fwd=34893 rows=8932404 fwd_ms=556274.1 eval=0 prior=0
[inst] req=13377536 hits=4439446 fwd=34914 rows=8937780 fwd_ms=556590.2 eval=0 prior=0
[inst] req=13385728 hits=4442243 fwd=34935 rows=8943156 fwd_ms=556906.3 eval=0 prior=0
[inst] req=13393920 hits=4445314 fwd=34955 rows=8948276 fwd_ms=557207.3 eval=0 prior=0
[inst] req=13402112 hits=4448248 fwd=34975 rows=8953396 fwd_ms=557508.3 eval=0 prior=0
[inst] req=13410304 hits=4451113 fwd=34996 rows=8958772 fwd_ms=557824.5 eval=0 prior=0
[inst] req=13418496 hits=4454057 fwd=35017 rows=8964148 fwd_ms=558140.6 eval=0 prior=0
[inst] req=13426688 hits=4456977 fwd=35037 rows=8969268 fwd_ms=558441.5 eval=0 prior=0
[inst] req=13434880 hits=4459938 fwd=35058 rows=8974644 fwd_ms=558757.8 eval=0 prior=0
[inst] req=13443072 hits=4462713 fwd=35079 rows=8980020 fwd_ms=559073.8 eval=0 prior=0
[inst] req=13451264 hits=4465648 fwd=35099 rows=8985140 fwd_ms=559375.1 eval=0 prior=0
[inst] req=13459456 hits=4468439 fwd=35120 rows=8990516 fwd_ms=559691.3 eval=0 prior=0
[inst] req=13467648 hits=4471324 fwd=35141 rows=8995892 fwd_ms=560007.9 eval=0 prior=0
[inst] req=13475840 hits=4474459 fwd=35161 rows=9001012 fwd_ms=560309.5 eval=0 prior=0
[inst] req=13484032 hits=4477439 fwd=35181 rows=9006132 fwd_ms=560611.7 eval=0 prior=0
[inst] req=13492224 hits=4480352 fwd=35202 rows=9011508 fwd_ms=560928.4 eval=0 prior=0
[inst] req=13500416 hits=4483282 fwd=35222 rows=9016628 fwd_ms=561229.6 eval=0 prior=0
[inst] req=13508608 hits=4486152 fwd=35243 rows=9022004 fwd_ms=561546.1 eval=0 prior=0
[inst] req=13516800 hits=4489210 fwd=35263 rows=9027124 fwd_ms=561847.6 eval=0 prior=0
[inst] req=13524992 hits=4492004 fwd=35284 rows=9032500 fwd_ms=562164.1 eval=0 prior=0
[inst] req=13533184 hits=4494734 fwd=35306 rows=9038132 fwd_ms=562495.9 eval=0 prior=0
[inst] req=13541376 hits=4497531 fwd=35327 rows=9043508 fwd_ms=562812.4 eval=0 prior=0
[inst] req=13549568 hits=4500490 fwd=35347 rows=9048628 fwd_ms=563113.7 eval=0 prior=0
[inst] req=13557760 hits=4503567 fwd=35367 rows=9053748 fwd_ms=563415.0 eval=0 prior=0
[inst] req=13565952 hits=4506495 fwd=35388 rows=9059124 fwd_ms=563732.2 eval=0 prior=0
[inst] req=13574144 hits=4509489 fwd=35408 rows=9064244 fwd_ms=564033.5 eval=0 prior=0
[inst] req=13582336 hits=4512454 fwd=35429 rows=9069620 fwd_ms=564350.0 eval=0 prior=0
[inst] req=13590528 hits=4515303 fwd=35449 rows=9074740 fwd_ms=564651.4 eval=0 prior=0
[inst] req=13598720 hits=4518196 fwd=35470 rows=9080116 fwd_ms=564967.7 eval=0 prior=0
[inst] req=13606912 hits=4521027 fwd=35491 rows=9085492 fwd_ms=565284.1 eval=0 prior=0
[inst] req=13615104 hits=4523832 fwd=35512 rows=9090868 fwd_ms=565600.6 eval=0 prior=0
[inst] req=13623296 hits=4526888 fwd=35532 rows=9095988 fwd_ms=565902.2 eval=0 prior=0
[inst] req=13631488 hits=4529887 fwd=35552 rows=9101108 fwd_ms=566203.9 eval=0 prior=0
[inst] req=13639680 hits=4532753 fwd=35573 rows=9106484 fwd_ms=566520.4 eval=0 prior=0
[inst] req=13647872 hits=4535789 fwd=35593 rows=9111604 fwd_ms=566821.7 eval=0 prior=0
[inst] req=13656064 hits=4538823 fwd=35614 rows=9116980 fwd_ms=567138.0 eval=0 prior=0
[inst] req=13664256 hits=4541656 fwd=35634 rows=9122100 fwd_ms=567439.2 eval=0 prior=0
[inst] req=13672448 hits=4544573 fwd=35655 rows=9127476 fwd_ms=567755.6 eval=0 prior=0
[inst] req=13680640 hits=4547533 fwd=35675 rows=9132596 fwd_ms=568056.7 eval=0 prior=0
[inst] req=13688832 hits=4550575 fwd=35696 rows=9137972 fwd_ms=568373.0 eval=0 prior=0
[inst] req=13697024 hits=4553414 fwd=35717 rows=9143348 fwd_ms=568689.3 eval=0 prior=0
[inst] req=13705216 hits=4556579 fwd=35736 rows=9148212 fwd_ms=568975.8 eval=0 prior=0
[inst] req=13713408 hits=4559631 fwd=35756 rows=9153332 fwd_ms=569277.3 eval=0 prior=0
[inst] req=13721600 hits=4562600 fwd=35777 rows=9158708 fwd_ms=569593.8 eval=0 prior=0
[inst] req=13729792 hits=4565559 fwd=35797 rows=9163828 fwd_ms=569896.4 eval=0 prior=0
[inst] req=13737984 hits=4568480 fwd=35818 rows=9169204 fwd_ms=570212.7 eval=0 prior=0
[inst] req=13746176 hits=4571265 fwd=35839 rows=9174580 fwd_ms=570529.1 eval=0 prior=0
[inst] req=13754368 hits=4574099 fwd=35860 rows=9179956 fwd_ms=570845.4 eval=0 prior=0
[inst] req=13762560 hits=4576996 fwd=35880 rows=9185076 fwd_ms=571146.7 eval=0 prior=0
[inst] req=13770752 hits=4579823 fwd=35901 rows=9190452 fwd_ms=571464.2 eval=0 prior=0
[inst] req=13778944 hits=4582594 fwd=35923 rows=9196084 fwd_ms=571795.7 eval=0 prior=0
[inst] req=13787136 hits=4585444 fwd=35943 rows=9201204 fwd_ms=572097.1 eval=0 prior=0
[inst] req=13795328 hits=4588359 fwd=35964 rows=9206580 fwd_ms=572413.4 eval=0 prior=0
[inst] req=13803520 hits=4591317 fwd=35984 rows=9211700 fwd_ms=572714.7 eval=0 prior=0
[inst] req=13811712 hits=4594451 fwd=36004 rows=9216820 fwd_ms=573016.0 eval=0 prior=0
[inst] req=13819904 hits=4597326 fwd=36025 rows=9222196 fwd_ms=573332.6 eval=0 prior=0
[inst] req=13828096 hits=4600117 fwd=36046 rows=9227572 fwd_ms=573649.0 eval=0 prior=0
[inst] req=13836288 hits=4603039 fwd=36067 rows=9232948 fwd_ms=573965.4 eval=0 prior=0
[inst] req=13844480 hits=4606003 fwd=36087 rows=9238068 fwd_ms=574266.7 eval=0 prior=0
[inst] req=13852672 hits=4608887 fwd=36108 rows=9243444 fwd_ms=574583.2 eval=0 prior=0
[inst] req=13860864 hits=4611722 fwd=36129 rows=9248820 fwd_ms=574899.9 eval=0 prior=0
[inst] req=13869056 hits=4614724 fwd=36149 rows=9253940 fwd_ms=575202.6 eval=0 prior=0
[inst] req=13877248 hits=4617726 fwd=36169 rows=9259060 fwd_ms=575504.5 eval=0 prior=0
[inst] req=13885440 hits=4620766 fwd=36189 rows=9264180 fwd_ms=575806.1 eval=0 prior=0
[inst] req=13893632 hits=4623660 fwd=36210 rows=9269556 fwd_ms=576122.6 eval=0 prior=0
[inst] req=13901824 hits=4626471 fwd=36231 rows=9274932 fwd_ms=576440.1 eval=0 prior=0
[inst] req=13910016 hits=4629373 fwd=36252 rows=9280308 fwd_ms=576758.2 eval=0 prior=0
[inst] req=13918208 hits=4632426 fwd=36272 rows=9285428 fwd_ms=577059.7 eval=0 prior=0
[inst] req=13926400 hits=4635322 fwd=36293 rows=9290804 fwd_ms=577376.4 eval=0 prior=0
[inst] req=13934592 hits=4638186 fwd=36313 rows=9295924 fwd_ms=577677.7 eval=0 prior=0
[inst] req=13942784 hits=4641013 fwd=36334 rows=9301300 fwd_ms=577994.5 eval=0 prior=0
[inst] req=13950976 hits=4643796 fwd=36355 rows=9306676 fwd_ms=578311.2 eval=0 prior=0
[inst] req=13959168 hits=4646672 fwd=36376 rows=9312052 fwd_ms=578627.4 eval=0 prior=0
[inst] req=13967360 hits=4649684 fwd=36396 rows=9317172 fwd_ms=578928.7 eval=0 prior=0
[inst] req=13975552 hits=4652635 fwd=36417 rows=9322548 fwd_ms=579245.4 eval=0 prior=0
[inst] req=13983744 hits=4655806 fwd=36437 rows=9327668 fwd_ms=579546.9 eval=0 prior=0
[inst] req=13991936 hits=4658907 fwd=36456 rows=9332532 fwd_ms=579833.7 eval=0 prior=0
[inst] req=14000128 hits=4661976 fwd=36476 rows=9337652 fwd_ms=580135.5 eval=0 prior=0
[inst] req=14008320 hits=4664943 fwd=36497 rows=9343028 fwd_ms=580452.2 eval=0 prior=0
[inst] req=14016512 hits=4667941 fwd=36517 rows=9348148 fwd_ms=580754.2 eval=0 prior=0
[inst] req=14024704 hits=4670795 fwd=36538 rows=9353524 fwd_ms=581071.1 eval=0 prior=0
[inst] req=14032896 hits=4673703 fwd=36559 rows=9358900 fwd_ms=581387.6 eval=0 prior=0
[inst] req=14041088 hits=4676779 fwd=36579 rows=9364020 fwd_ms=581689.3 eval=0 prior=0
[inst] req=14049280 hits=4679758 fwd=36599 rows=9369140 fwd_ms=581990.6 eval=0 prior=0
[inst] req=14057472 hits=4682836 fwd=36619 rows=9374260 fwd_ms=582292.2 eval=0 prior=0
[inst] req=14065664 hits=4685655 fwd=36640 rows=9379636 fwd_ms=582608.8 eval=0 prior=0
[inst] req=14073856 hits=4688578 fwd=36661 rows=9385012 fwd_ms=582927.2 eval=0 prior=0
[inst] req=14082048 hits=4691585 fwd=36681 rows=9390132 fwd_ms=583230.6 eval=0 prior=0
[inst] req=14090240 hits=4694499 fwd=36701 rows=9395252 fwd_ms=583532.5 eval=0 prior=0
[inst] req=14098432 hits=4697459 fwd=36722 rows=9400628 fwd_ms=583848.8 eval=0 prior=0
[inst] req=14106624 hits=4700415 fwd=36742 rows=9405748 fwd_ms=584150.1 eval=0 prior=0
[inst] req=14114816 hits=4703225 fwd=36763 rows=9411124 fwd_ms=584466.5 eval=0 prior=0
[inst] req=14123008 hits=4706185 fwd=36784 rows=9416500 fwd_ms=584783.0 eval=0 prior=0
[inst] req=14131200 hits=4709154 fwd=36804 rows=9421620 fwd_ms=585084.2 eval=0 prior=0
[inst] req=14139392 hits=4712031 fwd=36825 rows=9426996 fwd_ms=585400.7 eval=0 prior=0
[inst] req=14147584 hits=4714910 fwd=36846 rows=9432372 fwd_ms=585716.9 eval=0 prior=0
[inst] req=14155776 hits=4717976 fwd=36866 rows=9437492 fwd_ms=586018.0 eval=0 prior=0
[inst] req=14163968 hits=4720798 fwd=36887 rows=9442868 fwd_ms=586334.3 eval=0 prior=0
[inst] req=14172160 hits=4723868 fwd=36907 rows=9447988 fwd_ms=586635.7 eval=0 prior=0
[inst] req=14180352 hits=4726742 fwd=36927 rows=9453108 fwd_ms=586937.0 eval=0 prior=0
[inst] req=14188544 hits=4729589 fwd=36948 rows=9458484 fwd_ms=587253.1 eval=0 prior=0
[inst] req=14196736 hits=4732636 fwd=36968 rows=9463604 fwd_ms=587554.2 eval=0 prior=0
[inst] req=14204928 hits=4735574 fwd=36989 rows=9468980 fwd_ms=587870.6 eval=0 prior=0
[inst] req=14213120 hits=4738582 fwd=37009 rows=9474100 fwd_ms=588171.9 eval=0 prior=0
[inst] req=14221312 hits=4741587 fwd=37029 rows=9479220 fwd_ms=588473.4 eval=0 prior=0
[inst] req=14229504 hits=4744614 fwd=37050 rows=9484596 fwd_ms=588789.8 eval=0 prior=0
[inst] req=14237696 hits=4747505 fwd=37070 rows=9489716 fwd_ms=589091.2 eval=0 prior=0
[inst] req=14245888 hits=4750422 fwd=37091 rows=9495092 fwd_ms=589407.4 eval=0 prior=0
[inst] req=14254080 hits=4753489 fwd=37111 rows=9500212 fwd_ms=589708.8 eval=0 prior=0
[inst] req=14262272 hits=4756511 fwd=37131 rows=9505332 fwd_ms=590010.1 eval=0 prior=0
[inst] req=14270464 hits=4759418 fwd=37152 rows=9510708 fwd_ms=590326.4 eval=0 prior=0
[inst] req=14278656 hits=4762292 fwd=37173 rows=9516084 fwd_ms=590642.9 eval=0 prior=0
[inst] req=14286848 hits=4765164 fwd=37193 rows=9521204 fwd_ms=590944.3 eval=0 prior=0
[inst] req=14295040 hits=4768014 fwd=37214 rows=9526580 fwd_ms=591260.8 eval=0 prior=0
[inst] req=14303232 hits=4770828 fwd=37235 rows=9531956 fwd_ms=591577.1 eval=0 prior=0
[inst] req=14311424 hits=4773751 fwd=37256 rows=9537332 fwd_ms=591893.3 eval=0 prior=0
[inst] req=14319616 hits=4776802 fwd=37276 rows=9542452 fwd_ms=592195.2 eval=0 prior=0
[inst] req=14327808 hits=4779938 fwd=37296 rows=9547572 fwd_ms=592496.7 eval=0 prior=0
[inst] req=14336000 hits=4782907 fwd=37316 rows=9552692 fwd_ms=592798.1 eval=0 prior=0
[inst] req=14344192 hits=4785938 fwd=37336 rows=9557812 fwd_ms=593099.6 eval=0 prior=0
[inst] req=14352384 hits=4788778 fwd=37357 rows=9563188 fwd_ms=593416.0 eval=0 prior=0
[inst] req=14360576 hits=4791634 fwd=37378 rows=9568564 fwd_ms=593732.5 eval=0 prior=0
[inst] req=14368768 hits=4794611 fwd=37398 rows=9573684 fwd_ms=594034.2 eval=0 prior=0
[inst] req=14376960 hits=4797703 fwd=37418 rows=9578804 fwd_ms=594335.8 eval=0 prior=0
[inst] req=14385152 hits=4800660 fwd=37439 rows=9584180 fwd_ms=594652.2 eval=0 prior=0
[inst] req=14393344 hits=4803571 fwd=37459 rows=9589300 fwd_ms=594953.8 eval=0 prior=0
[inst] req=14401536 hits=4806648 fwd=37479 rows=9594420 fwd_ms=595255.3 eval=0 prior=0
[inst] req=14409728 hits=4809453 fwd=37500 rows=9599796 fwd_ms=595571.9 eval=0 prior=0
[inst] req=14417920 hits=4812655 fwd=37520 rows=9604916 fwd_ms=595873.3 eval=0 prior=0
[inst] req=14426112 hits=4815576 fwd=37540 rows=9610036 fwd_ms=596174.9 eval=0 prior=0
[inst] req=14434304 hits=4818462 fwd=37561 rows=9615412 fwd_ms=596491.5 eval=0 prior=0
[inst] req=14442496 hits=4821398 fwd=37582 rows=9620788 fwd_ms=596808.2 eval=0 prior=0
[inst] req=14450688 hits=4824355 fwd=37602 rows=9625908 fwd_ms=597109.7 eval=0 prior=0
[inst] req=14458880 hits=4827316 fwd=37623 rows=9631284 fwd_ms=597426.0 eval=0 prior=0
[inst] req=14467072 hits=4830131 fwd=37644 rows=9636660 fwd_ms=597742.4 eval=0 prior=0
[inst] req=14475264 hits=4833075 fwd=37664 rows=9641780 fwd_ms=598043.7 eval=0 prior=0
[inst] req=14483456 hits=4836106 fwd=37684 rows=9646900 fwd_ms=598345.2 eval=0 prior=0
[inst] req=14491648 hits=4839124 fwd=37704 rows=9652020 fwd_ms=598647.0 eval=0 prior=0
[inst] req=14499840 hits=4842002 fwd=37725 rows=9657396 fwd_ms=598964.0 eval=0 prior=0
[inst] req=14508032 hits=4844812 fwd=37746 rows=9662772 fwd_ms=599280.6 eval=0 prior=0
[inst] req=14516224 hits=4847758 fwd=37767 rows=9668148 fwd_ms=599597.0 eval=0 prior=0
[inst] req=14524416 hits=4850803 fwd=37787 rows=9673268 fwd_ms=599898.3 eval=0 prior=0
[inst] req=14532608 hits=4853776 fwd=37807 rows=9678388 fwd_ms=600199.6 eval=0 prior=0
[inst] req=14540800 hits=4856795 fwd=37827 rows=9683508 fwd_ms=600501.2 eval=0 prior=0
[inst] req=14548992 hits=4859734 fwd=37848 rows=9688884 fwd_ms=600817.7 eval=0 prior=0
[inst] req=14557184 hits=4862735 fwd=37868 rows=9694004 fwd_ms=601119.0 eval=0 prior=0
[inst] req=14565376 hits=4865716 fwd=37889 rows=9699380 fwd_ms=601435.5 eval=0 prior=0
[inst] req=14573568 hits=4868650 fwd=37909 rows=9704500 fwd_ms=601736.9 eval=0 prior=0
[inst] req=14581760 hits=4871509 fwd=37930 rows=9709876 fwd_ms=602053.4 eval=0 prior=0
[inst] req=14589952 hits=4874562 fwd=37950 rows=9714996 fwd_ms=602354.6 eval=0 prior=0
[inst] req=14598144 hits=4877585 fwd=37970 rows=9720116 fwd_ms=602656.2 eval=0 prior=0
[inst] req=14606336 hits=4880591 fwd=37990 rows=9725236 fwd_ms=602957.4 eval=0 prior=0
[inst] req=14614528 hits=4883499 fwd=38011 rows=9730612 fwd_ms=603273.5 eval=0 prior=0
[inst] req=14622720 hits=4886410 fwd=38032 rows=9735988 fwd_ms=603590.0 eval=0 prior=0
[inst] req=14630912 hits=4889405 fwd=38052 rows=9741108 fwd_ms=603891.2 eval=0 prior=0
[inst] req=14639104 hits=4892410 fwd=38072 rows=9746228 fwd_ms=604192.4 eval=0 prior=0
[inst] req=14647296 hits=4895268 fwd=38093 rows=9751604 fwd_ms=604508.7 eval=0 prior=0
[inst] req=14655488 hits=4898011 fwd=38114 rows=9756980 fwd_ms=604825.0 eval=0 prior=0
[inst] req=14663680 hits=4900957 fwd=38135 rows=9762356 fwd_ms=605141.0 eval=0 prior=0
[inst] req=14671872 hits=4904126 fwd=38155 rows=9767476 fwd_ms=605442.5 eval=0 prior=0
[inst] req=14680064 hits=4907183 fwd=38175 rows=9772596 fwd_ms=605743.9 eval=0 prior=0
[inst] req=14688256 hits=4910200 fwd=38195 rows=9777716 fwd_ms=606045.0 eval=0 prior=0
[inst] req=14696448 hits=4913144 fwd=38215 rows=9782836 fwd_ms=606346.0 eval=0 prior=0
[inst] req=14704640 hits=4916023 fwd=38236 rows=9788212 fwd_ms=606662.0 eval=0 prior=0
[inst] req=14712832 hits=4919153 fwd=38256 rows=9793332 fwd_ms=606963.0 eval=0 prior=0
[inst] req=14721024 hits=4921987 fwd=38277 rows=9798708 fwd_ms=607279.1 eval=0 prior=0
[inst] req=14729216 hits=4924986 fwd=38297 rows=9803828 fwd_ms=607580.7 eval=0 prior=0
[inst] req=14737408 hits=4928020 fwd=38317 rows=9808948 fwd_ms=607882.0 eval=0 prior=0
[inst] req=14745600 hits=4930913 fwd=38338 rows=9814324 fwd_ms=608198.2 eval=0 prior=0
[inst] req=14753792 hits=4934006 fwd=38358 rows=9819444 fwd_ms=608499.5 eval=0 prior=0
[inst] req=14761984 hits=4936979 fwd=38378 rows=9824564 fwd_ms=608800.6 eval=0 prior=0
[inst] req=14770176 hits=4939883 fwd=38399 rows=9829940 fwd_ms=609116.8 eval=0 prior=0
[inst] req=14778368 hits=4942875 fwd=38419 rows=9835060 fwd_ms=609418.0 eval=0 prior=0
[inst] req=14786560 hits=4946029 fwd=38439 rows=9840180 fwd_ms=609719.1 eval=0 prior=0
[inst] req=14794752 hits=4949060 fwd=38459 rows=9845300 fwd_ms=610020.4 eval=0 prior=0
[inst] req=14802944 hits=4951916 fwd=38480 rows=9850676 fwd_ms=610336.4 eval=0 prior=0
[inst] req=14811136 hits=4954784 fwd=38501 rows=9856052 fwd_ms=610652.5 eval=0 prior=0
[inst] req=14819328 hits=4957837 fwd=38521 rows=9861172 fwd_ms=610954.2 eval=0 prior=0
[inst] req=14827520 hits=4961046 fwd=38540 rows=9866036 fwd_ms=611240.1 eval=0 prior=0
[inst] req=14835712 hits=4963958 fwd=38561 rows=9871412 fwd_ms=611555.9 eval=0 prior=0
[inst] req=14843904 hits=4966882 fwd=38581 rows=9876532 fwd_ms=611856.9 eval=0 prior=0
[inst] req=14852096 hits=4969713 fwd=38602 rows=9881908 fwd_ms=612172.7 eval=0 prior=0
[inst] req=14860288 hits=4972550 fwd=38623 rows=9887284 fwd_ms=612488.6 eval=0 prior=0
[inst] req=14868480 hits=4975534 fwd=38644 rows=9892660 fwd_ms=612804.5 eval=0 prior=0
[inst] req=14876672 hits=4978533 fwd=38664 rows=9897780 fwd_ms=613105.5 eval=0 prior=0
[inst] req=14884864 hits=4981412 fwd=38685 rows=9903156 fwd_ms=613421.6 eval=0 prior=0
[inst] req=14893056 hits=4984427 fwd=38705 rows=9908276 fwd_ms=613722.8 eval=0 prior=0
[inst] req=14901248 hits=4987472 fwd=38725 rows=9913396 fwd_ms=614023.9 eval=0 prior=0
[inst] req=14909440 hits=4990555 fwd=38745 rows=9918516 fwd_ms=614326.0 eval=0 prior=0
[inst] req=14917632 hits=4993520 fwd=38765 rows=9923636 fwd_ms=614628.7 eval=0 prior=0
[inst] req=14925824 hits=4996468 fwd=38786 rows=9929012 fwd_ms=614944.8 eval=0 prior=0
[inst] req=14934016 hits=4999281 fwd=38807 rows=9934388 fwd_ms=615261.0 eval=0 prior=0
[inst] req=14942208 hits=5002218 fwd=38827 rows=9939508 fwd_ms=615562.0 eval=0 prior=0
[inst] req=14950400 hits=5005145 fwd=38848 rows=9944884 fwd_ms=615878.1 eval=0 prior=0
[inst] req=14958592 hits=5008064 fwd=38869 rows=9950260 fwd_ms=616194.1 eval=0 prior=0
[inst] req=14966784 hits=5011176 fwd=38888 rows=9955124 fwd_ms=616480.6 eval=0 prior=0
[inst] req=14974976 hits=5014127 fwd=38909 rows=9960500 fwd_ms=616796.6 eval=0 prior=0
[inst] req=14983168 hits=5017196 fwd=38929 rows=9965620 fwd_ms=617098.0 eval=0 prior=0
[inst] req=14991360 hits=5020195 fwd=38949 rows=9970740 fwd_ms=617398.8 eval=0 prior=0
[inst] req=14999552 hits=5023173 fwd=38970 rows=9976116 fwd_ms=617714.7 eval=0 prior=0
[inst] req=15007744 hits=5026018 fwd=38990 rows=9981236 fwd_ms=618015.8 eval=0 prior=0
[inst] req=15015936 hits=5028836 fwd=39011 rows=9986612 fwd_ms=618331.8 eval=0 prior=0
[inst] req=15024128 hits=5031897 fwd=39031 rows=9991732 fwd_ms=618632.9 eval=0 prior=0
[inst] req=15032320 hits=5034730 fwd=39052 rows=9997108 fwd_ms=618948.9 eval=0 prior=0
[inst] req=15040512 hits=5037786 fwd=39072 rows=10002228 fwd_ms=619249.9 eval=0 prior=0
[inst] req=15048704 hits=5040788 fwd=39093 rows=10007604 fwd_ms=619566.9 eval=0 prior=0
[inst] req=15056896 hits=5043675 fwd=39113 rows=10012724 fwd_ms=619868.4 eval=0 prior=0
[inst] req=15065088 hits=5046504 fwd=39134 rows=10018100 fwd_ms=620185.2 eval=0 prior=0
[inst] req=15073280 hits=5049390 fwd=39155 rows=10023476 fwd_ms=620501.9 eval=0 prior=0
[inst] req=15081472 hits=5052382 fwd=39175 rows=10028596 fwd_ms=620803.3 eval=0 prior=0
[inst] req=15089664 hits=5055248 fwd=39196 rows=10033972 fwd_ms=621119.9 eval=0 prior=0
[inst] req=15097856 hits=5058194 fwd=39217 rows=10039348 fwd_ms=621436.7 eval=0 prior=0
[inst] req=15106048 hits=5061198 fwd=39237 rows=10044468 fwd_ms=621738.2 eval=0 prior=0
[inst] req=15114240 hits=5064144 fwd=39257 rows=10049588 fwd_ms=622039.4 eval=0 prior=0
[inst] req=15122432 hits=5067062 fwd=39278 rows=10054964 fwd_ms=622355.6 eval=0 prior=0
[inst] req=15130624 hits=5070006 fwd=39299 rows=10060340 fwd_ms=622671.8 eval=0 prior=0
[inst] req=15138816 hits=5072957 fwd=39319 rows=10065460 fwd_ms=622973.2 eval=0 prior=0
[inst] req=15147008 hits=5075799 fwd=39340 rows=10070836 fwd_ms=623289.5 eval=0 prior=0
[inst] req=15155200 hits=5078700 fwd=39361 rows=10076212 fwd_ms=623605.6 eval=0 prior=0
[inst] req=15163392 hits=5081710 fwd=39381 rows=10081332 fwd_ms=624796.0 eval=0 prior=0
[inst] req=15171584 hits=5084582 fwd=39402 rows=10086708 fwd_ms=627125.2 eval=0 prior=0
[inst] req=15179776 hits=5087718 fwd=39421 rows=10091572 fwd_ms=628875.3 eval=0 prior=0
[inst] req=15187968 hits=5090786 fwd=39441 rows=10096692 fwd_ms=630504.8 eval=0 prior=0
[inst] req=15196160 hits=5093827 fwd=39462 rows=10102068 fwd_ms=631874.7 eval=0 prior=0
[inst] req=15204352 hits=5096749 fwd=39482 rows=10107188 fwd_ms=633052.8 eval=0 prior=0
[inst] req=15212544 hits=5099715 fwd=39503 rows=10112564 fwd_ms=634571.7 eval=0 prior=0
[inst] req=15220736 hits=5103109 fwd=39521 rows=10117172 fwd_ms=636493.4 eval=0 prior=0
[inst] req=15228928 hits=5106753 fwd=39539 rows=10121780 fwd_ms=637861.7 eval=0 prior=0
[inst] req=15237120 hits=5110259 fwd=39557 rows=10126388 fwd_ms=638139.6 eval=0 prior=0
[inst] req=15245312 hits=5113921 fwd=39575 rows=10130996 fwd_ms=638416.8 eval=0 prior=0
[inst] req=15253504 hits=5115839 fwd=39600 rows=10137396 fwd_ms=638813.7 eval=0 prior=0
[inst] req=15261696 hits=5117136 fwd=39626 rows=10144052 fwd_ms=639205.1 eval=0 prior=0
[inst] req=15269888 hits=5119110 fwd=39651 rows=10150452 fwd_ms=639581.4 eval=0 prior=0
[inst] req=15278080 hits=5121761 fwd=39672 rows=10155828 fwd_ms=639897.7 eval=0 prior=0
[inst] req=15286272 hits=5124937 fwd=39692 rows=10160948 fwd_ms=640198.9 eval=0 prior=0
[inst] req=15294464 hits=5128204 fwd=39711 rows=10165812 fwd_ms=640485.0 eval=0 prior=0
[inst] req=15302656 hits=5131752 fwd=39729 rows=10170420 fwd_ms=640756.3 eval=0 prior=0
[inst] req=15310848 hits=5135269 fwd=39748 rows=10175284 fwd_ms=641042.6 eval=0 prior=0
[inst] req=15319040 hits=5138719 fwd=39766 rows=10179892 fwd_ms=641314.1 eval=0 prior=0
[inst] req=15327232 hits=5141890 fwd=39786 rows=10185012 fwd_ms=641615.7 eval=0 prior=0
[inst] req=15335424 hits=5144994 fwd=39806 rows=10190132 fwd_ms=641916.8 eval=0 prior=0
[inst] req=15343616 hits=5148115 fwd=39825 rows=10194996 fwd_ms=642202.9 eval=0 prior=0
[inst] req=15351808 hits=5151407 fwd=39845 rows=10200116 fwd_ms=642505.2 eval=0 prior=0
[inst] req=15360000 hits=5154862 fwd=39863 rows=10204724 fwd_ms=642776.1 eval=0 prior=0
[inst] req=15368192 hits=5158344 fwd=39882 rows=10209588 fwd_ms=643062.2 eval=0 prior=0
[inst] req=15376384 hits=5161794 fwd=39900 rows=10214196 fwd_ms=643333.0 eval=0 prior=0
[inst] req=15384576 hits=5165311 fwd=39918 rows=10218804 fwd_ms=643604.1 eval=0 prior=0
[inst] req=15392768 hits=5168873 fwd=39936 rows=10223412 fwd_ms=643875.3 eval=0 prior=0
[inst] req=15400960 hits=5172215 fwd=39955 rows=10228276 fwd_ms=644161.2 eval=0 prior=0
[inst] req=15409152 hits=5175601 fwd=39974 rows=10233140 fwd_ms=644447.2 eval=0 prior=0
[inst] req=15417344 hits=5178796 fwd=39994 rows=10238260 fwd_ms=644748.2 eval=0 prior=0
[inst] req=15425536 hits=5181986 fwd=40013 rows=10243124 fwd_ms=645034.0 eval=0 prior=0
[inst] req=15433728 hits=5185355 fwd=40032 rows=10247988 fwd_ms=645319.8 eval=0 prior=0
[inst] req=15441920 hits=5188941 fwd=40050 rows=10252596 fwd_ms=645590.6 eval=0 prior=0
[inst] req=15450112 hits=5192389 fwd=40069 rows=10257460 fwd_ms=645876.2 eval=0 prior=0
[inst] req=15458304 hits=5195861 fwd=40087 rows=10262068 fwd_ms=646146.8 eval=0 prior=0
[inst] req=15466496 hits=5199333 fwd=40105 rows=10266676 fwd_ms=646417.9 eval=0 prior=0
[inst] req=15474688 hits=5202828 fwd=40124 rows=10271540 fwd_ms=646705.1 eval=0 prior=0
[inst] req=15482880 hits=5206458 fwd=40142 rows=10276148 fwd_ms=646977.6 eval=0 prior=0
[inst] req=15491072 hits=5210006 fwd=40160 rows=10280756 fwd_ms=647250.0 eval=0 prior=0
[inst] req=15499264 hits=5213437 fwd=40178 rows=10285364 fwd_ms=647521.8 eval=0 prior=0
[inst] req=15507456 hits=5216723 fwd=40197 rows=10290228 fwd_ms=647809.0 eval=0 prior=0
[inst] req=15515648 hits=5219931 fwd=40217 rows=10295348 fwd_ms=648111.5 eval=0 prior=0
[inst] req=15523840 hits=5223308 fwd=40236 rows=10300212 fwd_ms=648398.6 eval=0 prior=0
[inst] req=15532032 hits=5226992 fwd=40253 rows=10304564 fwd_ms=648655.7 eval=0 prior=0
[inst] req=15540224 hits=5230351 fwd=40272 rows=10309428 fwd_ms=648942.7 eval=0 prior=0
[inst] req=15548416 hits=5233856 fwd=40291 rows=10314292 fwd_ms=649229.9 eval=0 prior=0
[inst] req=15556608 hits=5237494 fwd=40308 rows=10318644 fwd_ms=649487.0 eval=0 prior=0
[inst] req=15564800 hits=5240991 fwd=40327 rows=10323508 fwd_ms=649774.2 eval=0 prior=0
[inst] req=15572992 hits=5244428 fwd=40345 rows=10328116 fwd_ms=650046.4 eval=0 prior=0
[inst] req=15581184 hits=5247707 fwd=40364 rows=10332980 fwd_ms=650333.6 eval=0 prior=0
[inst] req=15589376 hits=5251054 fwd=40383 rows=10337844 fwd_ms=650620.7 eval=0 prior=0
[inst] req=15597568 hits=5254469 fwd=40402 rows=10342708 fwd_ms=650907.7 eval=0 prior=0
[inst] req=15605760 hits=5257724 fwd=40421 rows=10347572 fwd_ms=651194.7 eval=0 prior=0
[inst] req=15613952 hits=5261195 fwd=40440 rows=10352436 fwd_ms=651481.9 eval=0 prior=0
[inst] req=15622144 hits=5264914 fwd=40457 rows=10356788 fwd_ms=651739.0 eval=0 prior=0
[inst] req=15630336 hits=5268414 fwd=40476 rows=10361652 fwd_ms=652026.0 eval=0 prior=0
[inst] req=15638528 hits=5271917 fwd=40494 rows=10366260 fwd_ms=652297.9 eval=0 prior=0
[inst] req=15646720 hits=5275363 fwd=40512 rows=10370868 fwd_ms=652569.7 eval=0 prior=0
[inst] req=15654912 hits=5278806 fwd=40531 rows=10375732 fwd_ms=652856.6 eval=0 prior=0
[inst] req=15663104 hits=5282197 fwd=40550 rows=10380596 fwd_ms=653144.2 eval=0 prior=0
[inst] req=15671296 hits=5285584 fwd=40568 rows=10385204 fwd_ms=653416.0 eval=0 prior=0
[inst] req=15679488 hits=5288910 fwd=40587 rows=10390068 fwd_ms=653702.9 eval=0 prior=0
[inst] req=15687680 hits=5292350 fwd=40606 rows=10394932 fwd_ms=653989.9 eval=0 prior=0
[inst] req=15695872 hits=5295890 fwd=40624 rows=10399540 fwd_ms=654262.1 eval=0 prior=0
[inst] req=15704064 hits=5299272 fwd=40643 rows=10404404 fwd_ms=654548.6 eval=0 prior=0
[inst] req=15712256 hits=5302805 fwd=40661 rows=10409012 fwd_ms=654820.9 eval=0 prior=0
[inst] req=15720448 hits=5306303 fwd=40680 rows=10413876 fwd_ms=655107.9 eval=0 prior=0
[inst] req=15728640 hits=5309852 fwd=40698 rows=10418484 fwd_ms=655379.9 eval=0 prior=0
[inst] req=15736832 hits=5313302 fwd=40716 rows=10423092 fwd_ms=655652.0 eval=0 prior=0
[inst] req=15745024 hits=5316750 fwd=40735 rows=10427956 fwd_ms=655939.1 eval=0 prior=0
[inst] req=15753216 hits=5320104 fwd=40754 rows=10432820 fwd_ms=656225.4 eval=0 prior=0
[inst] req=15761408 hits=5323479 fwd=40772 rows=10437428 fwd_ms=656497.5 eval=0 prior=0
[inst] req=15769600 hits=5326863 fwd=40791 rows=10442292 fwd_ms=656785.3 eval=0 prior=0
[inst] req=15777792 hits=5330387 fwd=40809 rows=10446900 fwd_ms=657057.1 eval=0 prior=0
[inst] req=15785984 hits=5334007 fwd=40827 rows=10451508 fwd_ms=657328.5 eval=0 prior=0
[inst] req=15794176 hits=5337578 fwd=40845 rows=10456116 fwd_ms=657601.1 eval=0 prior=0
[inst] req=15802368 hits=5341390 fwd=40862 rows=10460468 fwd_ms=657859.0 eval=0 prior=0
[inst] req=15810560 hits=5344998 fwd=40880 rows=10465076 fwd_ms=658131.4 eval=0 prior=0
[inst] req=15818752 hits=5348506 fwd=40899 rows=10469940 fwd_ms=658417.7 eval=0 prior=0
[inst] req=15826944 hits=5352022 fwd=40917 rows=10474548 fwd_ms=658689.7 eval=0 prior=0
[inst] req=15835136 hits=5355496 fwd=40935 rows=10479156 fwd_ms=658960.6 eval=0 prior=0
[inst] req=15843328 hits=5358693 fwd=40955 rows=10484276 fwd_ms=659262.5 eval=0 prior=0
[inst] req=15851520 hits=5361992 fwd=40974 rows=10489140 fwd_ms=659548.7 eval=0 prior=0
[inst] req=15859712 hits=5365285 fwd=40993 rows=10494004 fwd_ms=659835.8 eval=0 prior=0
[inst] req=15867904 hits=5368713 fwd=41012 rows=10498868 fwd_ms=660122.8 eval=0 prior=0
[inst] req=15876096 hits=5372356 fwd=41030 rows=10503476 fwd_ms=660395.0 eval=0 prior=0
[inst] req=15884288 hits=5376108 fwd=41047 rows=10507828 fwd_ms=660651.3 eval=0 prior=0
[inst] req=15892480 hits=5379659 fwd=41065 rows=10512436 fwd_ms=660922.2 eval=0 prior=0
[inst] req=15900672 hits=5383199 fwd=41083 rows=10517044 fwd_ms=661193.3 eval=0 prior=0
[inst] req=15908864 hits=5386697 fwd=41102 rows=10521908 fwd_ms=661479.3 eval=0 prior=0
[inst] req=15917056 hits=5389990 fwd=41121 rows=10526772 fwd_ms=661765.5 eval=0 prior=0
[inst] req=15925248 hits=5393193 fwd=41140 rows=10531636 fwd_ms=662051.4 eval=0 prior=0
[inst] req=15933440 hits=5396563 fwd=41159 rows=10536500 fwd_ms=662337.1 eval=0 prior=0
[inst] req=15941632 hits=5400027 fwd=41177 rows=10541108 fwd_ms=662608.3 eval=0 prior=0
[inst] req=15949824 hits=5403598 fwd=41195 rows=10545716 fwd_ms=662879.5 eval=0 prior=0
[inst] req=15958016 hits=5407387 fwd=41213 rows=10550324 fwd_ms=663150.7 eval=0 prior=0
[inst] req=15966208 hits=5411168 fwd=41230 rows=10554676 fwd_ms=663406.9 eval=0 prior=0
[inst] req=15974400 hits=5414789 fwd=41248 rows=10559284 fwd_ms=663678.2 eval=0 prior=0
[inst] req=15982592 hits=5418223 fwd=41266 rows=10563892 fwd_ms=663949.3 eval=0 prior=0
[inst] req=15990784 hits=5421613 fwd=41285 rows=10568756 fwd_ms=664235.4 eval=0 prior=0
[inst] req=15998976 hits=5425051 fwd=41304 rows=10573620 fwd_ms=664521.5 eval=0 prior=0
[inst] req=16007168 hits=5428475 fwd=41322 rows=10578228 fwd_ms=664792.7 eval=0 prior=0
[inst] req=16015360 hits=5431748 fwd=41342 rows=10583348 fwd_ms=665094.2 eval=0 prior=0
[inst] req=16023552 hits=5435029 fwd=41361 rows=10588212 fwd_ms=665380.2 eval=0 prior=0
[inst] req=16031744 hits=5438258 fwd=41380 rows=10593076 fwd_ms=665666.1 eval=0 prior=0
[inst] req=16039936 hits=5441665 fwd=41399 rows=10597940 fwd_ms=665953.3 eval=0 prior=0
[inst] req=16048128 hits=5445259 fwd=41417 rows=10602548 fwd_ms=666224.5 eval=0 prior=0
[inst] req=16056320 hits=5448978 fwd=41434 rows=10606900 fwd_ms=666480.5 eval=0 prior=0
[inst] req=16064512 hits=5452308 fwd=41453 rows=10611764 fwd_ms=666766.8 eval=0 prior=0
[inst] req=16072704 hits=5455650 fwd=41472 rows=10616628 fwd_ms=667053.0 eval=0 prior=0
[inst] req=16080896 hits=5458979 fwd=41491 rows=10621492 fwd_ms=667339.1 eval=0 prior=0
[inst] req=16089088 hits=5462363 fwd=41510 rows=10626356 fwd_ms=667625.0 eval=0 prior=0
[inst] req=16097280 hits=5465899 fwd=41528 rows=10630964 fwd_ms=667895.9 eval=0 prior=0
[inst] req=16105472 hits=5469177 fwd=41547 rows=10635828 fwd_ms=668181.7 eval=0 prior=0
[inst] req=16113664 hits=5472568 fwd=41566 rows=10640692 fwd_ms=668467.8 eval=0 prior=0
[inst] req=16121856 hits=5475928 fwd=41585 rows=10645556 fwd_ms=668754.3 eval=0 prior=0
[inst] req=16130048 hits=5479447 fwd=41603 rows=10650164 fwd_ms=669025.7 eval=0 prior=0
[inst] req=16138240 hits=5482749 fwd=41622 rows=10655028 fwd_ms=669312.3 eval=0 prior=0
[inst] req=16146432 hits=5486140 fwd=41641 rows=10659892 fwd_ms=669599.1 eval=0 prior=0
[inst] req=16154624 hits=5489785 fwd=41659 rows=10664500 fwd_ms=669870.8 eval=0 prior=0
[inst] req=16162816 hits=5493222 fwd=41677 rows=10669108 fwd_ms=670142.4 eval=0 prior=0
[inst] req=16171008 hits=5496782 fwd=41695 rows=10673716 fwd_ms=670414.2 eval=0 prior=0
[inst] req=16179200 hits=5500171 fwd=41714 rows=10678580 fwd_ms=670703.7 eval=0 prior=0
[inst] req=16187392 hits=5503400 fwd=41734 rows=10683700 fwd_ms=671005.5 eval=0 prior=0
[inst] req=16195584 hits=5506707 fwd=41753 rows=10688564 fwd_ms=671291.9 eval=0 prior=0
[inst] req=16203776 hits=5509986 fwd=41772 rows=10693428 fwd_ms=671578.2 eval=0 prior=0
[inst] req=16211968 hits=5513386 fwd=41791 rows=10698292 fwd_ms=671864.4 eval=0 prior=0
[inst] req=16220160 hits=5517085 fwd=41808 rows=10702644 fwd_ms=672120.5 eval=0 prior=0
[inst] req=16228352 hits=5520733 fwd=41826 rows=10707252 fwd_ms=672391.6 eval=0 prior=0
[inst] req=16236544 hits=5524200 fwd=41844 rows=10711860 fwd_ms=672662.6 eval=0 prior=0
[inst] req=16244736 hits=5527549 fwd=41863 rows=10716724 fwd_ms=673304.6 eval=0 prior=0
[inst] req=16252928 hits=5530688 fwd=41883 rows=10721844 fwd_ms=674667.6 eval=0 prior=0
[inst] req=16261120 hits=5534216 fwd=41901 rows=10726452 fwd_ms=675834.6 eval=0 prior=0
[inst] req=16269312 hits=5537925 fwd=41919 rows=10731060 fwd_ms=677177.2 eval=0 prior=0
[inst] req=16277504 hits=5541699 fwd=41936 rows=10735412 fwd_ms=678895.4 eval=0 prior=0
[inst] req=16285696 hits=5545333 fwd=41954 rows=10740020 fwd_ms=680614.0 eval=0 prior=0
[inst] req=16293888 hits=5548943 fwd=41972 rows=10744628 fwd_ms=682148.5 eval=0 prior=0
[inst] req=16302080 hits=5552285 fwd=41991 rows=10749492 fwd_ms=683200.7 eval=0 prior=0
[inst] req=16310272 hits=5555410 fwd=42010 rows=10754356 fwd_ms=684717.9 eval=0 prior=0
[inst] req=16318464 hits=5558827 fwd=42029 rows=10759220 fwd_ms=685890.7 eval=0 prior=0
[inst] req=16326656 hits=5562156 fwd=42048 rows=10764084 fwd_ms=687045.7 eval=0 prior=0
[inst] req=16334848 hits=5565662 fwd=42066 rows=10768692 fwd_ms=687448.4 eval=0 prior=0
[inst] req=16343040 hits=5569371 fwd=42084 rows=10773300 fwd_ms=687726.0 eval=0 prior=0
[inst] req=16351232 hits=5572868 fwd=42102 rows=10777908 fwd_ms=688013.4 eval=0 prior=0
[inst] req=16359424 hits=5573769 fwd=42131 rows=10785332 fwd_ms=688456.6 eval=0 prior=0
[inst] req=16367616 hits=5575250 fwd=42157 rows=10791988 fwd_ms=688848.4 eval=0 prior=0
[inst] req=16375808 hits=5577674 fwd=42180 rows=10797876 fwd_ms=689195.1 eval=0 prior=0
[inst] req=16384000 hits=5580432 fwd=42201 rows=10803252 fwd_ms=689511.8 eval=0 prior=0
[inst] req=16392192 hits=5583796 fwd=42220 rows=10808116 fwd_ms=689798.3 eval=0 prior=0
[inst] req=16400384 hits=5587963 fwd=42235 rows=10811956 fwd_ms=690024.8 eval=0 prior=0
[inst] req=16408576 hits=5591777 fwd=42252 rows=10816308 fwd_ms=690281.5 eval=0 prior=0
[inst] req=16416768 hits=5595518 fwd=42270 rows=10820916 fwd_ms=690553.2 eval=0 prior=0
[inst] req=16424960 hits=5599004 fwd=42288 rows=10825524 fwd_ms=690824.9 eval=0 prior=0
[inst] req=16433152 hits=5602683 fwd=42306 rows=10830132 fwd_ms=691096.8 eval=0 prior=0
[inst] req=16441344 hits=5605946 fwd=42325 rows=10834996 fwd_ms=691383.5 eval=0 prior=0
[inst] req=16449536 hits=5609421 fwd=42343 rows=10839604 fwd_ms=691655.1 eval=0 prior=0
[inst] req=16457728 hits=5613343 fwd=42360 rows=10843956 fwd_ms=691912.7 eval=0 prior=0
[inst] req=16465920 hits=5617311 fwd=42377 rows=10848308 fwd_ms=692169.4 eval=0 prior=0
[inst] req=16474112 hits=5621070 fwd=42394 rows=10852660 fwd_ms=692425.9 eval=0 prior=0
[inst] req=16482304 hits=5625011 fwd=42411 rows=10857012 fwd_ms=692684.4 eval=0 prior=0
[inst] req=16490496 hits=5628926 fwd=42427 rows=10861108 fwd_ms=692926.4 eval=0 prior=0
[inst] req=16498688 hits=5632862 fwd=42444 rows=10865460 fwd_ms=693182.8 eval=0 prior=0
[inst] req=16506880 hits=5636575 fwd=42461 rows=10869812 fwd_ms=693439.2 eval=0 prior=0
[inst] req=16515072 hits=5640193 fwd=42479 rows=10874420 fwd_ms=693710.7 eval=0 prior=0
[inst] req=16523264 hits=5643740 fwd=42497 rows=10879028 fwd_ms=693982.3 eval=0 prior=0
[inst] req=16531456 hits=5647334 fwd=42515 rows=10883636 fwd_ms=694253.8 eval=0 prior=0
[inst] req=16539648 hits=5651151 fwd=42532 rows=10887988 fwd_ms=694510.1 eval=0 prior=0
[inst] req=16547840 hits=5655110 fwd=42549 rows=10892340 fwd_ms=694766.7 eval=0 prior=0
[inst] req=16556032 hits=5658980 fwd=42566 rows=10896692 fwd_ms=695023.0 eval=0 prior=0
[inst] req=16564224 hits=5662745 fwd=42583 rows=10901044 fwd_ms=695279.4 eval=0 prior=0
[inst] req=16572416 hits=5666597 fwd=42600 rows=10905396 fwd_ms=695537.3 eval=0 prior=0
[inst] req=16580608 hits=5670307 fwd=42618 rows=10910004 fwd_ms=695810.5 eval=0 prior=0
[inst] req=16588800 hits=5674457 fwd=42633 rows=10913844 fwd_ms=696037.8 eval=0 prior=0
[inst] req=16596992 hits=5678337 fwd=42650 rows=10918196 fwd_ms=696296.0 eval=0 prior=0
[inst] req=16605184 hits=5682243 fwd=42667 rows=10922548 fwd_ms=696553.8 eval=0 prior=0
[inst] req=16613376 hits=5686097 fwd=42684 rows=10926900 fwd_ms=696811.5 eval=0 prior=0
[inst] req=16621568 hits=5689875 fwd=42701 rows=10931252 fwd_ms=697069.2 eval=0 prior=0
[inst] req=16629760 hits=5693482 fwd=42719 rows=10935860 fwd_ms=697341.7 eval=0 prior=0
[inst] req=16637952 hits=5697424 fwd=42736 rows=10940212 fwd_ms=697599.3 eval=0 prior=0
[inst] req=16646144 hits=5701353 fwd=42752 rows=10944308 fwd_ms=697841.8 eval=0 prior=0
[inst] req=16654336 hits=5705171 fwd=42769 rows=10948660 fwd_ms=698099.3 eval=0 prior=0
[inst] req=16662528 hits=5709054 fwd=42786 rows=10953012 fwd_ms=698356.8 eval=0 prior=0
[inst] req=16670720 hits=5713181 fwd=42802 rows=10957108 fwd_ms=698599.3 eval=0 prior=0
[inst] req=16678912 hits=5717079 fwd=42819 rows=10961460 fwd_ms=698856.7 eval=0 prior=0
[inst] req=16687104 hits=5720748 fwd=42837 rows=10966068 fwd_ms=699131.4 eval=0 prior=0
[inst] req=16695296 hits=5724395 fwd=42854 rows=10970420 fwd_ms=699388.9 eval=0 prior=0
[inst] req=16703488 hits=5728245 fwd=42871 rows=10974772 fwd_ms=699646.8 eval=0 prior=0
[inst] req=16711680 hits=5731897 fwd=42889 rows=10979380 fwd_ms=699919.4 eval=0 prior=0
[inst] req=16719872 hits=5735898 fwd=42905 rows=10983476 fwd_ms=700162.0 eval=0 prior=0
[inst] req=16728064 hits=5739838 fwd=42922 rows=10987828 fwd_ms=700419.8 eval=0 prior=0
[inst] req=16736256 hits=5743677 fwd=42939 rows=10992180 fwd_ms=700677.6 eval=0 prior=0
[inst] req=16744448 hits=5747524 fwd=42956 rows=10996532 fwd_ms=700935.1 eval=0 prior=0
[inst] req=16752640 hits=5751163 fwd=42974 rows=11001140 fwd_ms=701207.6 eval=0 prior=0
[inst] req=16760832 hits=5754847 fwd=42991 rows=11005492 fwd_ms=701464.6 eval=0 prior=0
[inst] req=16769024 hits=5758738 fwd=43008 rows=11009844 fwd_ms=701722.5 eval=0 prior=0
[inst] req=16777216 hits=5762519 fwd=43025 rows=11014196 fwd_ms=701980.2 eval=0 prior=0
[inst] req=16785408 hits=5766422 fwd=43042 rows=11018548 fwd_ms=702237.8 eval=0 prior=0
[inst] req=16793600 hits=5770097 fwd=43060 rows=11023156 fwd_ms=702511.0 eval=0 prior=0
[inst] req=16801792 hits=5773829 fwd=43077 rows=11027508 fwd_ms=702768.8 eval=0 prior=0
[inst] req=16809984 hits=5777577 fwd=43095 rows=11032116 fwd_ms=703041.1 eval=0 prior=0
[inst] req=16818176 hits=5781240 fwd=43112 rows=11036468 fwd_ms=703298.1 eval=0 prior=0
[inst] req=16826368 hits=5784785 fwd=43130 rows=11041076 fwd_ms=703570.4 eval=0 prior=0
[inst] req=16834560 hits=5788604 fwd=43148 rows=11045684 fwd_ms=703843.2 eval=0 prior=0
[inst] req=16842752 hits=5792469 fwd=43164 rows=11049780 fwd_ms=704085.5 eval=0 prior=0
[inst] req=16850944 hits=5796265 fwd=43182 rows=11054388 fwd_ms=704359.4 eval=0 prior=0
[inst] req=16859136 hits=5800321 fwd=43198 rows=11058484 fwd_ms=704601.4 eval=0 prior=0
[inst] req=16867328 hits=5804256 fwd=43214 rows=11062580 fwd_ms=704844.4 eval=0 prior=0
[inst] req=16875520 hits=5808031 fwd=43232 rows=11067188 fwd_ms=705117.3 eval=0 prior=0
[inst] req=16883712 hits=5811872 fwd=43249 rows=11071540 fwd_ms=705374.4 eval=0 prior=0
[inst] req=16891904 hits=5815639 fwd=43266 rows=11075892 fwd_ms=705632.1 eval=0 prior=0
[inst] req=16900096 hits=5819593 fwd=43283 rows=11080244 fwd_ms=705890.5 eval=0 prior=0
[inst] req=16908288 hits=5823158 fwd=43301 rows=11084852 fwd_ms=706163.2 eval=0 prior=0
[inst] req=16916480 hits=5826899 fwd=43318 rows=11089204 fwd_ms=706421.1 eval=0 prior=0
[inst] req=16924672 hits=5830617 fwd=43335 rows=11093556 fwd_ms=706679.0 eval=0 prior=0
[inst] req=16932864 hits=5834221 fwd=43353 rows=11098164 fwd_ms=706950.9 eval=0 prior=0
[inst] req=16941056 hits=5838030 fwd=43370 rows=11102516 fwd_ms=707208.1 eval=0 prior=0
[inst] req=16949248 hits=5841652 fwd=43388 rows=11107124 fwd_ms=707479.1 eval=0 prior=0
[inst] req=16957440 hits=5845387 fwd=43406 rows=11111732 fwd_ms=707750.0 eval=0 prior=0
[inst] req=16965632 hits=5849349 fwd=43422 rows=11115828 fwd_ms=707991.1 eval=0 prior=0
[inst] req=16973824 hits=5853249 fwd=43439 rows=11120180 fwd_ms=708247.2 eval=0 prior=0
[inst] req=16982016 hits=5857034 fwd=43456 rows=11124532 fwd_ms=708504.2 eval=0 prior=0
[inst] req=16990208 hits=5860879 fwd=43473 rows=11128884 fwd_ms=708761.7 eval=0 prior=0
[inst] req=16998400 hits=5864348 fwd=43492 rows=11133748 fwd_ms=709049.2 eval=0 prior=0
[inst] req=17006592 hits=5868088 fwd=43509 rows=11138100 fwd_ms=709305.2 eval=0 prior=0
[inst] req=17014784 hits=5871880 fwd=43526 rows=11142452 fwd_ms=709561.4 eval=0 prior=0
[inst] req=17022976 hits=5875760 fwd=43543 rows=11146804 fwd_ms=709817.8 eval=0 prior=0
[inst] req=17031168 hits=5879769 fwd=43559 rows=11150900 fwd_ms=710058.9 eval=0 prior=0
[inst] req=17039360 hits=5883591 fwd=43577 rows=11155508 fwd_ms=710330.1 eval=0 prior=0
[inst] req=17047552 hits=5887702 fwd=43592 rows=11159348 fwd_ms=710556.5 eval=0 prior=0
[inst] req=17055744 hits=5891500 fwd=43610 rows=11163956 fwd_ms=710827.6 eval=0 prior=0
[inst] req=17063936 hits=5895462 fwd=43626 rows=11168052 fwd_ms=711069.5 eval=0 prior=0
[inst] req=17072128 hits=5899168 fwd=43644 rows=11172660 fwd_ms=711342.5 eval=0 prior=0
[inst] req=17080320 hits=5902961 fwd=43661 rows=11177012 fwd_ms=711600.7 eval=0 prior=0
[inst] req=17088512 hits=5906824 fwd=43678 rows=11181364 fwd_ms=711858.3 eval=0 prior=0
[inst] req=17096704 hits=5910620 fwd=43695 rows=11185716 fwd_ms=712115.2 eval=0 prior=0
[inst] req=17104896 hits=5914379 fwd=43712 rows=11190068 fwd_ms=712372.4 eval=0 prior=0
[inst] req=17113088 hits=5918315 fwd=43729 rows=11194420 fwd_ms=712629.9 eval=0 prior=0
[inst] req=17121280 hits=5922042 fwd=43746 rows=11198772 fwd_ms=712886.2 eval=0 prior=0
[inst] req=17129472 hits=5925946 fwd=43763 rows=11203124 fwd_ms=713142.3 eval=0 prior=0
[inst] req=17137664 hits=5929950 fwd=43779 rows=11207220 fwd_ms=713383.3 eval=0 prior=0
[inst] req=17145856 hits=5933606 fwd=43797 rows=11211828 fwd_ms=713654.4 eval=0 prior=0
[inst] req=17154048 hits=5937472 fwd=43814 rows=11216180 fwd_ms=713910.3 eval=0 prior=0
[inst] req=17162240 hits=5941057 fwd=43832 rows=11220788 fwd_ms=714181.5 eval=0 prior=0
[inst] req=17170432 hits=5944759 fwd=43850 rows=11225396 fwd_ms=714452.7 eval=0 prior=0
[inst] req=17178624 hits=5948599 fwd=43867 rows=11229748 fwd_ms=714709.3 eval=0 prior=0
[inst] req=17186816 hits=5952265 fwd=43884 rows=11234100 fwd_ms=714965.5 eval=0 prior=0
[inst] req=17195008 hits=5956120 fwd=43901 rows=11238452 fwd_ms=715221.4 eval=0 prior=0
[inst] req=17203200 hits=5959886 fwd=43918 rows=11242804 fwd_ms=715477.3 eval=0 prior=0
[inst] req=17211392 hits=5963769 fwd=43935 rows=11247156 fwd_ms=715733.5 eval=0 prior=0
[inst] req=17219584 hits=5967478 fwd=43953 rows=11251764 fwd_ms=716004.8 eval=0 prior=0
[inst] req=17227776 hits=5971248 fwd=43970 rows=11256116 fwd_ms=716261.1 eval=0 prior=0
[inst] req=17235968 hits=5975188 fwd=43987 rows=11260468 fwd_ms=716517.4 eval=0 prior=0
[inst] req=17244160 hits=5979069 fwd=44004 rows=11264820 fwd_ms=716773.6 eval=0 prior=0
[inst] req=17252352 hits=5982734 fwd=44021 rows=11269172 fwd_ms=717029.8 eval=0 prior=0
[inst] req=17260544 hits=5986866 fwd=44037 rows=11273268 fwd_ms=717271.3 eval=0 prior=0
[inst] req=17268736 hits=5990534 fwd=44055 rows=11277876 fwd_ms=717542.5 eval=0 prior=0
[inst] req=17276928 hits=5994490 fwd=44071 rows=11281972 fwd_ms=717784.8 eval=0 prior=0
[inst] req=17285120 hits=5998326 fwd=44088 rows=11286324 fwd_ms=718042.3 eval=0 prior=0
[inst] req=17293312 hits=6002124 fwd=44105 rows=11290676 fwd_ms=718299.7 eval=0 prior=0
[inst] req=17301504 hits=6006085 fwd=44122 rows=11295028 fwd_ms=718557.3 eval=0 prior=0
[inst] req=17309696 hits=6009728 fwd=44140 rows=11299636 fwd_ms=718829.0 eval=0 prior=0
[inst] req=17317888 hits=6013472 fwd=44157 rows=11303988 fwd_ms=719086.7 eval=0 prior=0
[inst] req=17326080 hits=6017233 fwd=44174 rows=11308340 fwd_ms=719343.8 eval=0 prior=0
[inst] req=17334272 hits=6020973 fwd=44192 rows=11312948 fwd_ms=719616.4 eval=0 prior=0
[inst] req=17342464 hits=6024713 fwd=44209 rows=11317300 fwd_ms=719873.9 eval=0 prior=0
[inst] req=17350656 hits=6028495 fwd=44226 rows=11321652 fwd_ms=720131.3 eval=0 prior=0
[inst] req=17358848 hits=6032528 fwd=44243 rows=11326004 fwd_ms=720389.0 eval=0 prior=0
[inst] req=17367040 hits=6036477 fwd=44259 rows=11330100 fwd_ms=720631.1 eval=0 prior=0
[inst] req=17375232 hits=6040442 fwd=44276 rows=11334452 fwd_ms=720889.2 eval=0 prior=0
[inst] req=17383424 hits=6044404 fwd=44292 rows=11338548 fwd_ms=721131.3 eval=0 prior=0
[inst] req=17391616 hits=6048263 fwd=44309 rows=11342900 fwd_ms=721388.7 eval=0 prior=0
[inst] req=17399808 hits=6051937 fwd=44327 rows=11347508 fwd_ms=721661.5 eval=0 prior=0
[inst] req=17408000 hits=6055729 fwd=44344 rows=11351860 fwd_ms=721919.8 eval=0 prior=0
[inst] req=17416192 hits=6059372 fwd=44362 rows=11356468 fwd_ms=722193.3 eval=0 prior=0
[inst] req=17424384 hits=6063385 fwd=44378 rows=11360564 fwd_ms=722436.1 eval=0 prior=0
[inst] req=17432576 hits=6067348 fwd=44395 rows=11364916 fwd_ms=722694.3 eval=0 prior=0
[inst] req=17440768 hits=6070956 fwd=44413 rows=11369524 fwd_ms=722967.4 eval=0 prior=0
[inst] req=17448960 hits=6074833 fwd=44429 rows=11373620 fwd_ms=723210.4 eval=0 prior=0
[inst] req=17457152 hits=6078700 fwd=44446 rows=11377972 fwd_ms=723468.7 eval=0 prior=0
[inst] req=17465344 hits=6082696 fwd=44463 rows=11382324 fwd_ms=723726.8 eval=0 prior=0
[inst] req=17473536 hits=6086475 fwd=44480 rows=11386676 fwd_ms=723985.0 eval=0 prior=0
[inst] req=17481728 hits=6090117 fwd=44498 rows=11391284 fwd_ms=724258.3 eval=0 prior=0
[inst] req=17489920 hits=6093803 fwd=44515 rows=11395636 fwd_ms=724515.1 eval=0 prior=0
[inst] req=17498112 hits=6097677 fwd=44532 rows=11399988 fwd_ms=724773.2 eval=0 prior=0
[inst] req=17506304 hits=6101678 fwd=44549 rows=11404340 fwd_ms=725029.4 eval=0 prior=0
[inst] req=17514496 hits=6105325 fwd=44566 rows=11408692 fwd_ms=725286.6 eval=0 prior=0
[inst] req=17522688 hits=6109116 fwd=44584 rows=11413300 fwd_ms=725558.8 eval=0 prior=0
[inst] req=17530880 hits=6112773 fwd=44601 rows=11417652 fwd_ms=725995.9 eval=0 prior=0
[inst] req=17539072 hits=6116600 fwd=44618 rows=11422004 fwd_ms=727016.2 eval=0 prior=0
[inst] req=17547264 hits=6120384 fwd=44636 rows=11426612 fwd_ms=728498.7 eval=0 prior=0
[inst] req=17555456 hits=6124008 fwd=44653 rows=11430964 fwd_ms=730409.7 eval=0 prior=0
[inst] req=17563648 hits=6127749 fwd=44671 rows=11435572 fwd_ms=731641.6 eval=0 prior=0
[inst] req=17571840 hits=6131505 fwd=44688 rows=11439924 fwd_ms=732911.8 eval=0 prior=0
[inst] req=17580032 hits=6134935 fwd=44707 rows=11444788 fwd_ms=734459.8 eval=0 prior=0
[inst] req=17588224 hits=6138502 fwd=44725 rows=11449396 fwd_ms=736377.4 eval=0 prior=0
[inst] req=17596416 hits=6142109 fwd=44743 rows=11454004 fwd_ms=738286.6 eval=0 prior=0
[inst] req=17604608 hits=6145549 fwd=44761 rows=11458612 fwd_ms=739819.7 eval=0 prior=0
[inst] req=17612800 hits=6149051 fwd=44780 rows=11463476 fwd_ms=740114.9 eval=0 prior=0
[inst] req=17620992 hits=6152761 fwd=44797 rows=11467828 fwd_ms=740379.1 eval=0 prior=0
[inst] req=17629184 hits=6154539 fwd=44822 rows=11474228 fwd_ms=740774.7 eval=0 prior=0
[inst] req=17637376 hits=6155727 fwd=44849 rows=11481140 fwd_ms=741181.8 eval=0 prior=0
[inst] req=17645568 hits=6157726 fwd=44874 rows=11487540 fwd_ms=741559.2 eval=0 prior=0
[inst] req=17653760 hits=6160494 fwd=44895 rows=11492916 fwd_ms=741875.9 eval=0 prior=0
[inst] req=17661952 hits=6163701 fwd=44914 rows=11497780 fwd_ms=742162.4 eval=0 prior=0
[inst] req=17670144 hits=6167282 fwd=44932 rows=11502388 fwd_ms=742434.0 eval=0 prior=0
[inst] req=17678336 hits=6170998 fwd=44950 rows=11506996 fwd_ms=742705.6 eval=0 prior=0
[inst] req=17686528 hits=6174324 fwd=44969 rows=11511860 fwd_ms=742992.1 eval=0 prior=0
[inst] req=17694720 hits=6177780 fwd=44987 rows=11516468 fwd_ms=743264.2 eval=0 prior=0
[inst] req=17702912 hits=6181258 fwd=45006 rows=11521332 fwd_ms=743550.4 eval=0 prior=0
[inst] req=17711104 hits=6184522 fwd=45025 rows=11526196 fwd_ms=743836.5 eval=0 prior=0
[inst] req=17719296 hits=6187604 fwd=45045 rows=11531316 fwd_ms=744138.0 eval=0 prior=0
[inst] req=17727488 hits=6191171 fwd=45063 rows=11535924 fwd_ms=744409.4 eval=0 prior=0
[inst] req=17735680 hits=6194656 fwd=45081 rows=11540532 fwd_ms=744681.0 eval=0 prior=0
[inst] req=17743872 hits=6197969 fwd=45100 rows=11545396 fwd_ms=744967.6 eval=0 prior=0
[inst] req=17752064 hits=6201664 fwd=45118 rows=11550004 fwd_ms=745239.2 eval=0 prior=0
[inst] req=17760256 hits=6205267 fwd=45136 rows=11554612 fwd_ms=745510.4 eval=0 prior=0
[inst] req=17768448 hits=6208733 fwd=45154 rows=11559220 fwd_ms=745781.7 eval=0 prior=0
[inst] req=17776640 hits=6212224 fwd=45173 rows=11564084 fwd_ms=746068.1 eval=0 prior=0
[inst] req=17784832 hits=6215828 fwd=45191 rows=11568692 fwd_ms=746339.7 eval=0 prior=0
[inst] req=17793024 hits=6219175 fwd=45210 rows=11573556 fwd_ms=746625.7 eval=0 prior=0
[inst] req=17801216 hits=6222399 fwd=45229 rows=11578420 fwd_ms=746911.8 eval=0 prior=0
[inst] req=17809408 hits=6225694 fwd=45248 rows=11583284 fwd_ms=747198.0 eval=0 prior=0
[inst] req=17817600 hits=6229215 fwd=45266 rows=11587892 fwd_ms=747470.5 eval=0 prior=0
[inst] req=17825792 hits=6232692 fwd=45285 rows=11592756 fwd_ms=747758.7 eval=0 prior=0
[inst] req=17833984 hits=6236119 fwd=45303 rows=11597364 fwd_ms=748031.4 eval=0 prior=0
[inst] req=17842176 hits=6239641 fwd=45322 rows=11602228 fwd_ms=748319.3 eval=0 prior=0
[inst] req=17850368 hits=6243260 fwd=45340 rows=11606836 fwd_ms=748592.1 eval=0 prior=0
[inst] req=17858560 hits=6246756 fwd=45358 rows=11611444 fwd_ms=748864.7 eval=0 prior=0
[inst] req=17866752 hits=6250248 fwd=45376 rows=11616052 fwd_ms=749137.4 eval=0 prior=0
[inst] req=17874944 hits=6253781 fwd=45394 rows=11620660 fwd_ms=749410.2 eval=0 prior=0
[inst] req=17883136 hits=6257476 fwd=45412 rows=11625268 fwd_ms=749683.3 eval=0 prior=0
[inst] req=17891328 hits=6260819 fwd=45431 rows=11630132 fwd_ms=749971.0 eval=0 prior=0
[inst] req=17899520 hits=6264144 fwd=45450 rows=11634996 fwd_ms=750259.0 eval=0 prior=0
[inst] req=17907712 hits=6267651 fwd=45468 rows=11639604 fwd_ms=750531.8 eval=0 prior=0
[inst] req=17915904 hits=6271083 fwd=45487 rows=11644468 fwd_ms=750819.2 eval=0 prior=0
[inst] req=17924096 hits=6274593 fwd=45505 rows=11649076 fwd_ms=751091.5 eval=0 prior=0
[inst] req=17932288 hits=6278391 fwd=45522 rows=11653428 fwd_ms=751348.6 eval=0 prior=0
[inst] req=17940480 hits=6281968 fwd=45540 rows=11658036 fwd_ms=751620.9 eval=0 prior=0
[inst] req=17948672 hits=6285550 fwd=45558 rows=11662644 fwd_ms=751893.7 eval=0 prior=0
[inst] req=17956864 hits=6289026 fwd=45577 rows=11667508 fwd_ms=752181.9 eval=0 prior=0
[inst] req=17965056 hits=6292628 fwd=45595 rows=11672116 fwd_ms=752454.5 eval=0 prior=0
[inst] req=17973248 hits=6296041 fwd=45613 rows=11676724 fwd_ms=752726.8 eval=0 prior=0
[inst] req=17981440 hits=6299529 fwd=45632 rows=11681588 fwd_ms=753014.1 eval=0 prior=0
[inst] req=17989632 hits=6302884 fwd=45651 rows=11686452 fwd_ms=753301.6 eval=0 prior=0
[inst] req=17997824 hits=6306260 fwd=45669 rows=11691060 fwd_ms=753573.6 eval=0 prior=0
[inst] req=18006016 hits=6309705 fwd=45688 rows=11695924 fwd_ms=753861.1 eval=0 prior=0
[inst] req=18014208 hits=6313141 fwd=45707 rows=11700788 fwd_ms=754148.6 eval=0 prior=0
[inst] req=18022400 hits=6316606 fwd=45725 rows=11705396 fwd_ms=754420.8 eval=0 prior=0
[inst] req=18030592 hits=6320162 fwd=45743 rows=11710004 fwd_ms=754693.3 eval=0 prior=0
[inst] req=18038784 hits=6323638 fwd=45762 rows=11714868 fwd_ms=754980.7 eval=0 prior=0
[inst] req=18046976 hits=6327211 fwd=45780 rows=11719476 fwd_ms=755253.3 eval=0 prior=0
[inst] req=18055168 hits=6330648 fwd=45798 rows=11724084 fwd_ms=755527.4 eval=0 prior=0
[inst] req=18063360 hits=6333908 fwd=45817 rows=11728948 fwd_ms=755814.6 eval=0 prior=0
[inst] req=18071552 hits=6337337 fwd=45836 rows=11733812 fwd_ms=756102.1 eval=0 prior=0
[inst] req=18079744 hits=6340778 fwd=45855 rows=11738676 fwd_ms=756389.7 eval=0 prior=0
[inst] req=18087936 hits=6344410 fwd=45872 rows=11743028 fwd_ms=756647.3 eval=0 prior=0
[inst] req=18096128 hits=6347983 fwd=45890 rows=11747636 fwd_ms=756919.6 eval=0 prior=0
[inst] req=18104320 hits=6351394 fwd=45909 rows=11752500 fwd_ms=757206.3 eval=0 prior=0
[inst] req=18112512 hits=6354785 fwd=45928 rows=11757364 fwd_ms=757493.5 eval=0 prior=0
[inst] req=18120704 hits=6358361 fwd=45946 rows=11761972 fwd_ms=757765.8 eval=0 prior=0
[inst] req=18128896 hits=6362000 fwd=45964 rows=11766580 fwd_ms=758038.2 eval=0 prior=0
[inst] req=18137088 hits=6365388 fwd=45982 rows=11771188 fwd_ms=758310.4 eval=0 prior=0
[inst] req=18145280 hits=6368763 fwd=46001 rows=11776052 fwd_ms=758597.4 eval=0 prior=0
[inst] req=18153472 hits=6372171 fwd=46020 rows=11780916 fwd_ms=758883.0 eval=0 prior=0
[inst] req=18161664 hits=6375619 fwd=46039 rows=11785780 fwd_ms=759168.7 eval=0 prior=0
[inst] req=18169856 hits=6379068 fwd=46057 rows=11790388 fwd_ms=759439.5 eval=0 prior=0
[inst] req=18178048 hits=6382415 fwd=46076 rows=11795252 fwd_ms=759725.3 eval=0 prior=0
[inst] req=18186240 hits=6385909 fwd=46094 rows=11799860 fwd_ms=759996.2 eval=0 prior=0
[inst] req=18194432 hits=6389310 fwd=46113 rows=11804724 fwd_ms=760281.9 eval=0 prior=0
[inst] req=18202624 hits=6392675 fwd=46132 rows=11809588 fwd_ms=760567.6 eval=0 prior=0
[inst] req=18210816 hits=6396096 fwd=46151 rows=11814452 fwd_ms=760853.5 eval=0 prior=0
[inst] req=18219008 hits=6399382 fwd=46170 rows=11819316 fwd_ms=761140.7 eval=0 prior=0
[inst] req=18227200 hits=6402743 fwd=46189 rows=11824180 fwd_ms=761428.0 eval=0 prior=0
[inst] req=18235392 hits=6406066 fwd=46208 rows=11829044 fwd_ms=761714.4 eval=0 prior=0
[inst] req=18243584 hits=6409566 fwd=46226 rows=11833652 fwd_ms=761985.4 eval=0 prior=0
[inst] req=18251776 hits=6413016 fwd=46244 rows=11838260 fwd_ms=762256.4 eval=0 prior=0
[inst] req=18259968 hits=6416397 fwd=46263 rows=11843124 fwd_ms=762542.5 eval=0 prior=0
[inst] req=18268160 hits=6419788 fwd=46282 rows=11847988 fwd_ms=762828.2 eval=0 prior=0
[inst] req=18276352 hits=6423422 fwd=46300 rows=11852596 fwd_ms=763099.3 eval=0 prior=0
[inst] req=18284544 hits=6426993 fwd=46318 rows=11857204 fwd_ms=763371.5 eval=0 prior=0
[inst] req=18292736 hits=6430474 fwd=46336 rows=11861812 fwd_ms=763642.5 eval=0 prior=0
[inst] req=18300928 hits=6434014 fwd=46354 rows=11866420 fwd_ms=763913.1 eval=0 prior=0
[inst] req=18309120 hits=6437435 fwd=46373 rows=11871284 fwd_ms=764198.8 eval=0 prior=0
[inst] req=18317312 hits=6441004 fwd=46391 rows=11875892 fwd_ms=764469.8 eval=0 prior=0
[inst] req=18325504 hits=6444345 fwd=46410 rows=11880756 fwd_ms=764755.4 eval=0 prior=0
[inst] req=18333696 hits=6447608 fwd=46429 rows=11885620 fwd_ms=765042.4 eval=0 prior=0
[inst] req=18341888 hits=6451125 fwd=46448 rows=11890484 fwd_ms=765328.4 eval=0 prior=0
[inst] req=18350080 hits=6454549 fwd=46466 rows=11895092 fwd_ms=765599.2 eval=0 prior=0
[inst] req=18358272 hits=6458169 fwd=46484 rows=11899700 fwd_ms=765870.5 eval=0 prior=0
[inst] req=18366464 hits=6461675 fwd=46502 rows=11904308 fwd_ms=766142.0 eval=0 prior=0
[inst] req=18374656 hits=6465080 fwd=46521 rows=11909172 fwd_ms=766428.2 eval=0 prior=0
[inst] req=18382848 hits=6468591 fwd=46539 rows=11913780 fwd_ms=766699.4 eval=0 prior=0
[inst] req=18391040 hits=6471938 fwd=46558 rows=11918644 fwd_ms=766985.3 eval=0 prior=0
[inst] req=18399232 hits=6475582 fwd=46576 rows=11923252 fwd_ms=767256.5 eval=0 prior=0
[inst] req=18407424 hits=6478945 fwd=46595 rows=11928116 fwd_ms=767542.7 eval=0 prior=0
[inst] req=18415616 hits=6482319 fwd=46614 rows=11932980 fwd_ms=767828.7 eval=0 prior=0
[inst] req=18423808 hits=6485611 fwd=46633 rows=11937844 fwd_ms=768114.7 eval=0 prior=0
[inst] req=18432000 hits=6489156 fwd=46651 rows=11942452 fwd_ms=768385.9 eval=0 prior=0
[inst] req=18440192 hits=6492643 fwd=46669 rows=11947060 fwd_ms=768656.8 eval=0 prior=0
[inst] req=18448384 hits=6496149 fwd=46688 rows=11951924 fwd_ms=768943.1 eval=0 prior=0
[inst] req=18456576 hits=6499451 fwd=46707 rows=11956788 fwd_ms=769229.2 eval=0 prior=0
[inst] req=18464768 hits=6502990 fwd=46725 rows=11961396 fwd_ms=769500.2 eval=0 prior=0
[inst] req=18472960 hits=6506345 fwd=46744 rows=11966260 fwd_ms=769786.4 eval=0 prior=0
[inst] req=18481152 hits=6509760 fwd=46763 rows=11971124 fwd_ms=770072.2 eval=0 prior=0
[inst] req=18489344 hits=6513308 fwd=46781 rows=11975732 fwd_ms=770343.2 eval=0 prior=0
[inst] req=18497536 hits=6516766 fwd=46799 rows=11980340 fwd_ms=770614.2 eval=0 prior=0
[inst] req=18505728 hits=6520454 fwd=46817 rows=11984948 fwd_ms=770885.3 eval=0 prior=0
[inst] req=18513920 hits=6523858 fwd=46835 rows=11989556 fwd_ms=771156.3 eval=0 prior=0
[inst] req=18522112 hits=6527446 fwd=46853 rows=11994164 fwd_ms=771427.0 eval=0 prior=0
[inst] req=18530304 hits=6530945 fwd=46872 rows=11999028 fwd_ms=771713.1 eval=0 prior=0
[inst] req=18538496 hits=6534358 fwd=46890 rows=12003636 fwd_ms=771984.3 eval=0 prior=0
[inst] req=18546688 hits=6537767 fwd=46909 rows=12008500 fwd_ms=772270.4 eval=0 prior=0
[inst] req=18554880 hits=6541252 fwd=46928 rows=12013364 fwd_ms=772556.2 eval=0 prior=0
[inst] req=18563072 hits=6544645 fwd=46946 rows=12017972 fwd_ms=772827.2 eval=0 prior=0
[inst] req=18571264 hits=6548092 fwd=46965 rows=12022836 fwd_ms=773113.2 eval=0 prior=0
[inst] req=18579456 hits=6551636 fwd=46983 rows=12027444 fwd_ms=773384.2 eval=0 prior=0
[inst] req=18587648 hits=6555183 fwd=47001 rows=12032052 fwd_ms=773656.9 eval=0 prior=0
[inst] req=18595840 hits=6558515 fwd=47020 rows=12036916 fwd_ms=773943.0 eval=0 prior=0
[inst] req=18604032 hits=6561920 fwd=47039 rows=12041780 fwd_ms=774229.2 eval=0 prior=0
[inst] req=18612224 hits=6565179 fwd=47058 rows=12046644 fwd_ms=774515.3 eval=0 prior=0
[inst] req=18620416 hits=6568645 fwd=47077 rows=12051508 fwd_ms=774801.2 eval=0 prior=0
[inst] req=18628608 hits=6572127 fwd=47095 rows=12056116 fwd_ms=775072.5 eval=0 prior=0
[inst] req=18636800 hits=6575364 fwd=47114 rows=12060980 fwd_ms=775358.6 eval=0 prior=0
[inst] req=18644992 hits=6578710 fwd=47133 rows=12065844 fwd_ms=775645.0 eval=0 prior=0
[inst] req=18653184 hits=6582018 fwd=47152 rows=12070708 fwd_ms=775931.4 eval=0 prior=0
[inst] req=18661376 hits=6585613 fwd=47170 rows=12075316 fwd_ms=776202.8 eval=0 prior=0
[inst] req=18669568 hits=6589271 fwd=47188 rows=12079924 fwd_ms=776473.9 eval=0 prior=0
[inst] req=18677760 hits=6592665 fwd=47207 rows=12084788 fwd_ms=776760.1 eval=0 prior=0
[inst] req=18685952 hits=6595993 fwd=47226 rows=12089652 fwd_ms=777046.0 eval=0 prior=0
[inst] req=18694144 hits=6599445 fwd=47244 rows=12094260 fwd_ms=777317.2 eval=0 prior=0
[inst] req=18702336 hits=6602809 fwd=47263 rows=12099124 fwd_ms=777603.3 eval=0 prior=0
[inst] req=18710528 hits=6606295 fwd=47281 rows=12103732 fwd_ms=777874.7 eval=0 prior=0
[inst] req=18718720 hits=6609733 fwd=47300 rows=12108596 fwd_ms=778160.8 eval=0 prior=0
[inst] req=18726912 hits=6613156 fwd=47319 rows=12113460 fwd_ms=778447.1 eval=0 prior=0
[inst] req=18735104 hits=6616549 fwd=47337 rows=12118068 fwd_ms=778718.1 eval=0 prior=0
[inst] req=18743296 hits=6620114 fwd=47355 rows=12122676 fwd_ms=778989.3 eval=0 prior=0
[inst] req=18751488 hits=6623706 fwd=47373 rows=12127284 fwd_ms=779260.3 eval=0 prior=0
[inst] req=18759680 hits=6627087 fwd=47392 rows=12132148 fwd_ms=779546.4 eval=0 prior=0
[inst] req=18767872 hits=6630277 fwd=47412 rows=12137268 fwd_ms=779847.6 eval=0 prior=0
[inst] req=18776064 hits=6633727 fwd=47430 rows=12141876 fwd_ms=780118.7 eval=0 prior=0
[inst] req=18784256 hits=6637225 fwd=47449 rows=12146740 fwd_ms=780405.0 eval=0 prior=0
[inst] req=18792448 hits=6640752 fwd=47467 rows=12151348 fwd_ms=780676.0 eval=0 prior=0
[inst] req=18800640 hits=6644198 fwd=47485 rows=12155956 fwd_ms=780947.8 eval=0 prior=0
[inst] req=18808832 hits=6647823 fwd=47503 rows=12160564 fwd_ms=781219.6 eval=0 prior=0
[inst] req=18817024 hits=6651151 fwd=47522 rows=12165428 fwd_ms=781506.4 eval=0 prior=0
[inst] req=18825216 hits=6654544 fwd=47541 rows=12170292 fwd_ms=781793.6 eval=0 prior=0
[inst] req=18833408 hits=6657975 fwd=47560 rows=12175156 fwd_ms=782080.5 eval=0 prior=0
[inst] req=18841600 hits=6661448 fwd=47578 rows=12179764 fwd_ms=782352.6 eval=0 prior=0
[inst] req=18849792 hits=6664656 fwd=47597 rows=12184628 fwd_ms=782639.5 eval=0 prior=0
[inst] req=18857984 hits=6668105 fwd=47616 rows=12189492 fwd_ms=782926.7 eval=0 prior=0
[inst] req=18866176 hits=6671621 fwd=47634 rows=12194100 fwd_ms=783198.8 eval=0 prior=0
[inst] req=18874368 hits=6674871 fwd=47654 rows=12199220 fwd_ms=783500.3 eval=0 prior=0
[inst] req=18882560 hits=6678233 fwd=47672 rows=12203828 fwd_ms=783771.6 eval=0 prior=0
[inst] req=18890752 hits=6681726 fwd=47691 rows=12208692 fwd_ms=784057.8 eval=0 prior=0
[inst] req=18898944 hits=6685262 fwd=47709 rows=12213300 fwd_ms=784329.2 eval=0 prior=0
[inst] req=18907136 hits=6688743 fwd=47727 rows=12217908 fwd_ms=784600.7 eval=0 prior=0
[inst] req=18915328 hits=6692205 fwd=47746 rows=12222772 fwd_ms=784887.7 eval=0 prior=0
[inst] req=18923520 hits=6695544 fwd=47765 rows=12227636 fwd_ms=786065.4 eval=0 prior=0
[inst] req=18931712 hits=6698866 fwd=47784 rows=12232500 fwd_ms=787293.7 eval=0 prior=0
[inst] req=18939904 hits=6702647 fwd=47801 rows=12236852 fwd_ms=788756.3 eval=0 prior=0
[inst] req=18948096 hits=6706424 fwd=47818 rows=12241204 fwd_ms=790153.4 eval=0 prior=0
[inst] req=18956288 hits=6709811 fwd=47837 rows=12246068 fwd_ms=791366.4 eval=0 prior=0
[inst] req=18964480 hits=6713177 fwd=47856 rows=12250932 fwd_ms=792602.2 eval=0 prior=0
[inst] req=18972672 hits=6716767 fwd=47874 rows=12255540 fwd_ms=794517.8 eval=0 prior=0
[inst] req=18980864 hits=6720362 fwd=47892 rows=12260148 fwd_ms=796440.6 eval=0 prior=0
[inst] req=18989056 hits=6723567 fwd=47911 rows=12265012 fwd_ms=798375.5 eval=0 prior=0
[inst] req=18997248 hits=6726508 fwd=47932 rows=12270388 fwd_ms=799245.8 eval=0 prior=0
[inst] req=19005440 hits=6729505 fwd=47952 rows=12275508 fwd_ms=799555.7 eval=0 prior=0
[inst] req=19013632 hits=6731222 fwd=47977 rows=12281908 fwd_ms=799956.0 eval=0 prior=0
[inst] req=19021824 hits=6731837 fwd=48007 rows=12289588 fwd_ms=800408.6 eval=0 prior=0
[inst] req=19030016 hits=6733077 fwd=48034 rows=12296500 fwd_ms=800815.6 eval=0 prior=0
[inst] req=19038208 hits=6734864 fwd=48059 rows=12302900 fwd_ms=801192.8 eval=0 prior=0
[inst] req=19046400 hits=6737342 fwd=48082 rows=12308788 fwd_ms=801539.9 eval=0 prior=0
[inst] req=19054592 hits=6740355 fwd=48102 rows=12313908 fwd_ms=801842.1 eval=0 prior=0
[inst] req=19062784 hits=6743223 fwd=48123 rows=12319284 fwd_ms=802158.9 eval=0 prior=0
[inst] req=19070976 hits=6745939 fwd=48144 rows=12324660 fwd_ms=802475.6 eval=0 prior=0
[inst] req=19079168 hits=6748672 fwd=48165 rows=12330036 fwd_ms=802792.4 eval=0 prior=0
[inst] req=19087360 hits=6751304 fwd=48187 rows=12335668 fwd_ms=803124.1 eval=0 prior=0
[inst] req=19095552 hits=6753982 fwd=48209 rows=12341300 fwd_ms=803456.0 eval=0 prior=0
[inst] req=19103744 hits=6756899 fwd=48229 rows=12346420 fwd_ms=803757.9 eval=0 prior=0
[inst] req=19111936 hits=6759614 fwd=48251 rows=12352052 fwd_ms=804090.0 eval=0 prior=0
[inst] req=19120128 hits=6762339 fwd=48272 rows=12357428 fwd_ms=804406.9 eval=0 prior=0
[inst] req=19128320 hits=6765098 fwd=48293 rows=12362804 fwd_ms=804724.1 eval=0 prior=0
[inst] req=19136512 hits=6768031 fwd=48314 rows=12368180 fwd_ms=805040.8 eval=0 prior=0
[inst] req=19144704 hits=6771106 fwd=48334 rows=12373300 fwd_ms=805342.4 eval=0 prior=0
[inst] req=19152896 hits=6773922 fwd=48355 rows=12378676 fwd_ms=805659.2 eval=0 prior=0
[inst] req=19161088 hits=6776569 fwd=48376 rows=12384052 fwd_ms=805976.1 eval=0 prior=0
[inst] req=19169280 hits=6779195 fwd=48398 rows=12389684 fwd_ms=806307.4 eval=0 prior=0
[inst] req=19177472 hits=6782045 fwd=48419 rows=12395060 fwd_ms=806623.6 eval=0 prior=0
[inst] req=19185664 hits=6784921 fwd=48440 rows=12400436 fwd_ms=806939.7 eval=0 prior=0
[inst] req=19193856 hits=6787739 fwd=48461 rows=12405812 fwd_ms=807256.0 eval=0 prior=0
[inst] req=19202048 hits=6790488 fwd=48482 rows=12411188 fwd_ms=807572.3 eval=0 prior=0
[inst] req=19210240 hits=6793502 fwd=48502 rows=12416308 fwd_ms=807873.6 eval=0 prior=0
[inst] req=19218432 hits=6796597 fwd=48522 rows=12421428 fwd_ms=808177.3 eval=0 prior=0
[inst] req=19226624 hits=6799459 fwd=48543 rows=12426804 fwd_ms=808495.4 eval=0 prior=0
[inst] req=19234816 hits=6802340 fwd=48564 rows=12432180 fwd_ms=808813.4 eval=0 prior=0
[inst] req=19243008 hits=6805217 fwd=48584 rows=12437300 fwd_ms=809116.5 eval=0 prior=0
[inst] req=19251200 hits=6807896 fwd=48606 rows=12442932 fwd_ms=809449.6 eval=0 prior=0
[inst] req=19259392 hits=6810941 fwd=48626 rows=12448052 fwd_ms=809752.5 eval=0 prior=0
[inst] req=19267584 hits=6813630 fwd=48648 rows=12453684 fwd_ms=810086.2 eval=0 prior=0
[inst] req=19275776 hits=6816283 fwd=48669 rows=12459060 fwd_ms=810404.1 eval=0 prior=0
[inst] req=19283968 hits=6819334 fwd=48689 rows=12464180 fwd_ms=810706.9 eval=0 prior=0
[inst] req=19292160 hits=6822241 fwd=48710 rows=12469556 fwd_ms=811024.8 eval=0 prior=0
[inst] req=19300352 hits=6825120 fwd=48731 rows=12474932 fwd_ms=811342.8 eval=0 prior=0
[inst] req=19308544 hits=6827962 fwd=48752 rows=12480308 fwd_ms=811660.6 eval=0 prior=0
[inst] req=19316736 hits=6830681 fwd=48773 rows=12485684 fwd_ms=811978.4 eval=0 prior=0
[inst] req=19324928 hits=6833540 fwd=48794 rows=12491060 fwd_ms=812296.0 eval=0 prior=0
[inst] req=19333120 hits=6836274 fwd=48815 rows=12496436 fwd_ms=812613.7 eval=0 prior=0
[inst] req=19341312 hits=6839196 fwd=48836 rows=12501812 fwd_ms=812931.6 eval=0 prior=0
[inst] req=19349504 hits=6842028 fwd=48857 rows=12507188 fwd_ms=813250.8 eval=0 prior=0
[inst] req=19357696 hits=6844875 fwd=48878 rows=12512564 fwd_ms=813568.7 eval=0 prior=0
[inst] req=19365888 hits=6847904 fwd=48898 rows=12517684 fwd_ms=813871.1 eval=0 prior=0
[inst] req=19374080 hits=6850768 fwd=48918 rows=12522804 fwd_ms=814173.4 eval=0 prior=0
[inst] req=19382272 hits=6853644 fwd=48939 rows=12528180 fwd_ms=814490.9 eval=0 prior=0
[inst] req=19390464 hits=6856401 fwd=48960 rows=12533556 fwd_ms=814809.4 eval=0 prior=0
[inst] req=19398656 hits=6859295 fwd=48981 rows=12538932 fwd_ms=815126.8 eval=0 prior=0
[inst] req=19406848 hits=6862206 fwd=49002 rows=12544308 fwd_ms=815443.7 eval=0 prior=0
[inst] req=19415040 hits=6864896 fwd=49023 rows=12549684 fwd_ms=815761.9 eval=0 prior=0
[inst] req=19423232 hits=6867903 fwd=49044 rows=12555060 fwd_ms=816079.5 eval=0 prior=0
[inst] req=19431424 hits=6870828 fwd=49064 rows=12560180 fwd_ms=816381.3 eval=0 prior=0
[inst] req=19439616 hits=6873617 fwd=49085 rows=12565556 fwd_ms=816698.0 eval=0 prior=0
[inst] req=19447808 hits=6876488 fwd=49106 rows=12570932 fwd_ms=817015.6 eval=0 prior=0
[inst] req=19456000 hits=6879297 fwd=49127 rows=12576308 fwd_ms=817333.4 eval=0 prior=0
[inst] req=19464192 hits=6882205 fwd=49148 rows=12581684 fwd_ms=817651.4 eval=0 prior=0
[inst] req=19472384 hits=6885047 fwd=49169 rows=12587060 fwd_ms=817969.4 eval=0 prior=0
[inst] req=19480576 hits=6888010 fwd=49189 rows=12592180 fwd_ms=818270.5 eval=0 prior=0
[inst] req=19488768 hits=6890996 fwd=49209 rows=12597300 fwd_ms=818571.4 eval=0 prior=0
[inst] req=19496960 hits=6893825 fwd=49230 rows=12602676 fwd_ms=818887.3 eval=0 prior=0
[inst] req=19505152 hits=6896763 fwd=49251 rows=12608052 fwd_ms=819203.7 eval=0 prior=0
[inst] req=19513344 hits=6899647 fwd=49272 rows=12613428 fwd_ms=819519.7 eval=0 prior=0
[inst] req=19521536 hits=6902507 fwd=49292 rows=12618548 fwd_ms=819820.9 eval=0 prior=0
[inst] req=19529728 hits=6905437 fwd=49313 rows=12623924 fwd_ms=820138.9 eval=0 prior=0
[inst] req=19537920 hits=6908292 fwd=49334 rows=12629300 fwd_ms=820456.6 eval=0 prior=0
[inst] req=19546112 hits=6911170 fwd=49355 rows=12634676 fwd_ms=820774.3 eval=0 prior=0
[inst] req=19554304 hits=6913858 fwd=49376 rows=12640052 fwd_ms=821091.0 eval=0 prior=0
[inst] req=19562496 hits=6916823 fwd=49396 rows=12645172 fwd_ms=821392.3 eval=0 prior=0
[inst] req=19570688 hits=6919658 fwd=49417 rows=12650548 fwd_ms=821708.4 eval=0 prior=0
[inst] req=19578880 hits=6922504 fwd=49438 rows=12655924 fwd_ms=822025.1 eval=0 prior=0
[inst] req=19587072 hits=6925300 fwd=49459 rows=12661300 fwd_ms=822341.2 eval=0 prior=0
[inst] req=19595264 hits=6928214 fwd=49480 rows=12666676 fwd_ms=822657.6 eval=0 prior=0
[inst] req=19603456 hits=6931092 fwd=49501 rows=12672052 fwd_ms=822974.0 eval=0 prior=0
[inst] req=19611648 hits=6933799 fwd=49522 rows=12677428 fwd_ms=823290.2 eval=0 prior=0
[inst] req=19619840 hits=6936658 fwd=49543 rows=12682804 fwd_ms=823606.2 eval=0 prior=0
[inst] req=19628032 hits=6939419 fwd=49564 rows=12688180 fwd_ms=823922.3 eval=0 prior=0
[inst] req=19636224 hits=6942326 fwd=49585 rows=12693556 fwd_ms=824238.4 eval=0 prior=0
[inst] req=19644416 hits=6945218 fwd=49606 rows=12698932 fwd_ms=824554.7 eval=0 prior=0
[inst] req=19652608 hits=6948162 fwd=49626 rows=12704052 fwd_ms=824855.7 eval=0 prior=0
[inst] req=19660800 hits=6950927 fwd=49647 rows=12709428 fwd_ms=825172.2 eval=0 prior=0
[inst] req=19668992 hits=6953867 fwd=49668 rows=12714804 fwd_ms=825489.1 eval=0 prior=0
[inst] req=19677184 hits=6956850 fwd=49688 rows=12719924 fwd_ms=825790.8 eval=0 prior=0
[inst] req=19685376 hits=6959652 fwd=49709 rows=12725300 fwd_ms=826107.2 eval=0 prior=0
[inst] req=19693568 hits=6962472 fwd=49730 rows=12730676 fwd_ms=826423.5 eval=0 prior=0
[inst] req=19701760 hits=6965267 fwd=49751 rows=12736052 fwd_ms=826739.6 eval=0 prior=0
[inst] req=19709952 hits=6968127 fwd=49772 rows=12741428 fwd_ms=827055.7 eval=0 prior=0
[inst] req=19718144 hits=6970964 fwd=49793 rows=12746804 fwd_ms=827371.8 eval=0 prior=0
[inst] req=19726336 hits=6974066 fwd=49813 rows=12751924 fwd_ms=827672.9 eval=0 prior=0
[inst] req=19734528 hits=6976791 fwd=49834 rows=12757300 fwd_ms=827989.3 eval=0 prior=0
[inst] req=19742720 hits=6979836 fwd=49854 rows=12762420 fwd_ms=828290.6 eval=0 prior=0
[inst] req=19750912 hits=6982798 fwd=49875 rows=12767796 fwd_ms=828606.8 eval=0 prior=0
[inst] req=19759104 hits=6985828 fwd=49895 rows=12772916 fwd_ms=828908.4 eval=0 prior=0
[inst] req=19767296 hits=6988818 fwd=49915 rows=12778036 fwd_ms=829209.5 eval=0 prior=0
[inst] req=19775488 hits=6991657 fwd=49936 rows=12783412 fwd_ms=829525.9 eval=0 prior=0
[inst] req=19783680 hits=6994715 fwd=49956 rows=12788532 fwd_ms=829827.7 eval=0 prior=0
[inst] req=19791872 hits=6997632 fwd=49977 rows=12793908 fwd_ms=830144.2 eval=0 prior=0
[inst] req=19800064 hits=7000440 fwd=49998 rows=12799284 fwd_ms=830460.6 eval=0 prior=0
[inst] req=19808256 hits=7003117 fwd=50019 rows=12804660 fwd_ms=830776.9 eval=0 prior=0
[inst] req=19816448 hits=7005887 fwd=50041 rows=12810292 fwd_ms=831108.4 eval=0 prior=0
[inst] req=19824640 hits=7008685 fwd=50062 rows=12815668 fwd_ms=831424.8 eval=0 prior=0
[inst] req=19832832 hits=7011584 fwd=50082 rows=12820788 fwd_ms=831728.3 eval=0 prior=0
[inst] req=19841024 hits=7014412 fwd=50103 rows=12826164 fwd_ms=832045.7 eval=0 prior=0
[inst] req=19849216 hits=7017287 fwd=50124 rows=12831540 fwd_ms=832363.5 eval=0 prior=0
[inst] req=19857408 hits=7019973 fwd=50146 rows=12837172 fwd_ms=832696.5 eval=0 prior=0
[inst] req=19865600 hits=7022708 fwd=50167 rows=12842548 fwd_ms=833013.3 eval=0 prior=0
[inst] req=19873792 hits=7025463 fwd=50188 rows=12847924 fwd_ms=833331.2 eval=0 prior=0
[inst] req=19881984 hits=7028107 fwd=50210 rows=12853556 fwd_ms=833664.2 eval=0 prior=0
[inst] req=19890176 hits=7031092 fwd=50230 rows=12858676 fwd_ms=833967.1 eval=0 prior=0
[inst] req=19898368 hits=7033911 fwd=50251 rows=12864052 fwd_ms=834285.0 eval=0 prior=0
[inst] req=19906560 hits=7036731 fwd=50272 rows=12869428 fwd_ms=834602.5 eval=0 prior=0
[inst] req=19914752 hits=7039635 fwd=50293 rows=12874804 fwd_ms=834919.6 eval=0 prior=0
[inst] req=19922944 hits=7042474 fwd=50314 rows=12880180 fwd_ms=835236.2 eval=0 prior=0
[inst] req=19931136 hits=7045456 fwd=50334 rows=12885300 fwd_ms=835537.4 eval=0 prior=0
[inst] req=19939328 hits=7048246 fwd=50355 rows=12890676 fwd_ms=835853.3 eval=0 prior=0
[inst] req=19947520 hits=7051076 fwd=50376 rows=12896052 fwd_ms=836169.1 eval=0 prior=0
[inst] req=19955712 hits=7053959 fwd=50397 rows=12901428 fwd_ms=836486.0 eval=0 prior=0
[inst] req=19963904 hits=7056956 fwd=50417 rows=12906548 fwd_ms=836788.0 eval=0 prior=0
[inst] req=19972096 hits=7059949 fwd=50437 rows=12911668 fwd_ms=837090.7 eval=0 prior=0
[inst] req=19980288 hits=7062717 fwd=50459 rows=12917300 fwd_ms=837423.8 eval=0 prior=0
[inst] req=19988480 hits=7065521 fwd=50480 rows=12922676 fwd_ms=837741.5 eval=0 prior=0
[inst] req=19996672 hits=7068572 fwd=50500 rows=12927796 fwd_ms=838044.0 eval=0 prior=0
[inst] req=20004864 hits=7071672 fwd=50520 rows=12932916 fwd_ms=838345.4 eval=0 prior=0
[inst] req=20013056 hits=7074727 fwd=50540 rows=12938036 fwd_ms=838646.5 eval=0 prior=0
[inst] req=20021248 hits=7077424 fwd=50561 rows=12943412 fwd_ms=838963.6 eval=0 prior=0
[inst] req=20029440 hits=7080276 fwd=50582 rows=12948788 fwd_ms=839280.1 eval=0 prior=0
[inst] req=20037632 hits=7083002 fwd=50603 rows=12954164 fwd_ms=839596.2 eval=0 prior=0
[inst] req=20045824 hits=7085903 fwd=50624 rows=12959540 fwd_ms=839912.3 eval=0 prior=0
[inst] req=20054016 hits=7088977 fwd=50644 rows=12964660 fwd_ms=840213.5 eval=0 prior=0
[inst] req=20062208 hits=7091932 fwd=50664 rows=12969780 fwd_ms=840514.8 eval=0 prior=0
[inst] req=20070400 hits=7094754 fwd=50685 rows=12975156 fwd_ms=840830.8 eval=0 prior=0
[inst] req=20078592 hits=7097817 fwd=50705 rows=12980276 fwd_ms=841132.5 eval=0 prior=0
[inst] req=20086784 hits=7100743 fwd=50726 rows=12985652 fwd_ms=841448.5 eval=0 prior=0
[inst] req=20094976 hits=7103690 fwd=50747 rows=12991028 fwd_ms=841764.7 eval=0 prior=0
[inst] req=20103168 hits=7106666 fwd=50767 rows=12996148 fwd_ms=842065.9 eval=0 prior=0
[inst] req=20111360 hits=7109640 fwd=50787 rows=13001268 fwd_ms=842367.2 eval=0 prior=0
[inst] req=20119552 hits=7112664 fwd=50807 rows=13006388 fwd_ms=842668.7 eval=0 prior=0
[inst] req=20127744 hits=7115481 fwd=50828 rows=13011764 fwd_ms=842985.3 eval=0 prior=0
[inst] req=20135936 hits=7118330 fwd=50849 rows=13017140 fwd_ms=843302.2 eval=0 prior=0
[inst] req=20144128 hits=7121154 fwd=50870 rows=13022516 fwd_ms=843618.3 eval=0 prior=0
[inst] req=20152320 hits=7123966 fwd=50891 rows=13027892 fwd_ms=843934.5 eval=0 prior=0
[inst] req=20160512 hits=7126861 fwd=50912 rows=13033268 fwd_ms=844250.5 eval=0 prior=0
[inst] req=20168704 hits=7130030 fwd=50932 rows=13038388 fwd_ms=844552.0 eval=0 prior=0
[inst] req=20176896 hits=7132967 fwd=50952 rows=13043508 fwd_ms=844853.5 eval=0 prior=0
[inst] req=20185088 hits=7135870 fwd=50973 rows=13048884 fwd_ms=845169.7 eval=0 prior=0
[inst] req=20193280 hits=7138640 fwd=50994 rows=13054260 fwd_ms=845486.3 eval=0 prior=0
[inst] req=20201472 hits=7141550 fwd=51015 rows=13059636 fwd_ms=845802.8 eval=0 prior=0
[inst] req=20209664 hits=7144287 fwd=51036 rows=13065012 fwd_ms=846119.0 eval=0 prior=0
[inst] req=20217856 hits=7147148 fwd=51057 rows=13070388 fwd_ms=846435.5 eval=0 prior=0
[inst] req=20226048 hits=7150054 fwd=51077 rows=13075508 fwd_ms=846736.8 eval=0 prior=0
[inst] req=20234240 hits=7152999 fwd=51098 rows=13080884 fwd_ms=847053.2 eval=0 prior=0
[inst] req=20242432 hits=7155777 fwd=51119 rows=13086260 fwd_ms=847369.5 eval=0 prior=0
[inst] req=20250624 hits=7158697 fwd=51140 rows=13091636 fwd_ms=847685.6 eval=0 prior=0
[inst] req=20258816 hits=7161505 fwd=51161 rows=13097012 fwd_ms=848002.0 eval=0 prior=0
[inst] req=20267008 hits=7164308 fwd=51182 rows=13102388 fwd_ms=848318.3 eval=0 prior=0
[inst] req=20275200 hits=7167167 fwd=51203 rows=13107764 fwd_ms=848634.6 eval=0 prior=0
[inst] req=20283392 hits=7169941 fwd=51224 rows=13113140 fwd_ms=848950.7 eval=0 prior=0
[inst] req=20291584 hits=7172818 fwd=51244 rows=13118260 fwd_ms=849251.8 eval=0 prior=0
[inst] req=20299776 hits=7175712 fwd=51265 rows=13123636 fwd_ms=849568.0 eval=0 prior=0
[inst] req=20307968 hits=7178534 fwd=51286 rows=13129012 fwd_ms=849884.6 eval=0 prior=0
[inst] req=20316160 hits=7181299 fwd=51307 rows=13134388 fwd_ms=850200.9 eval=0 prior=0
[inst] req=20324352 hits=7184261 fwd=51328 rows=13139764 fwd_ms=850517.4 eval=0 prior=0
[inst] req=20332544 hits=7187307 fwd=51348 rows=13144884 fwd_ms=850819.0 eval=0 prior=0
[inst] req=20340736 hits=7190200 fwd=51369 rows=13150260 fwd_ms=851136.9 eval=0 prior=0
[inst] req=20348928 hits=7193150 fwd=51389 rows=13155380 fwd_ms=851438.6 eval=0 prior=0
[inst] req=20357120 hits=7195951 fwd=51410 rows=13160756 fwd_ms=851755.1 eval=0 prior=0
[inst] req=20365312 hits=7198835 fwd=51431 rows=13166132 fwd_ms=852071.5 eval=0 prior=0
[inst] req=20373504 hits=7201697 fwd=51452 rows=13171508 fwd_ms=852387.9 eval=0 prior=0
[inst] req=20381696 hits=7204864 fwd=51471 rows=13176372 fwd_ms=852674.4 eval=0 prior=0
[inst] req=20389888 hits=7207946 fwd=51491 rows=13181492 fwd_ms=852976.0 eval=0 prior=0
[inst] req=20398080 hits=7210718 fwd=51512 rows=13186868 fwd_ms=853292.6 eval=0 prior=0
[inst] req=20406272 hits=7213484 fwd=51534 rows=13192500 fwd_ms=853624.1 eval=0 prior=0
[inst] req=20414464 hits=7216510 fwd=51554 rows=13197620 fwd_ms=853926.0 eval=0 prior=0
[inst] req=20422656 hits=7219431 fwd=51574 rows=13202740 fwd_ms=854228.1 eval=0 prior=0
[inst] req=20430848 hits=7222219 fwd=51596 rows=13208372 fwd_ms=854560.5 eval=0 prior=0
[inst] req=20439040 hits=7224926 fwd=51617 rows=13213748 fwd_ms=854880.0 eval=0 prior=0
[inst] req=20447232 hits=7228108 fwd=51636 rows=13218612 fwd_ms=855167.2 eval=0 prior=0
[inst] req=20455424 hits=7230954 fwd=51657 rows=13223988 fwd_ms=855484.6 eval=0 prior=0
[inst] req=20463616 hits=7233762 fwd=51678 rows=13229364 fwd_ms=855802.0 eval=0 prior=0
[inst] req=20471808 hits=7236559 fwd=51699 rows=13234740 fwd_ms=856119.1 eval=0 prior=0
[inst] req=20480000 hits=7239267 fwd=51721 rows=13240372 fwd_ms=856451.0 eval=0 prior=0
[inst] req=20488192 hits=7242092 fwd=51742 rows=13245748 fwd_ms=856767.5 eval=0 prior=0
[inst] req=20496384 hits=7245143 fwd=51762 rows=13250868 fwd_ms=857069.1 eval=0 prior=0
[inst] req=20504576 hits=7248105 fwd=51782 rows=13255988 fwd_ms=857370.5 eval=0 prior=0
[inst] req=20512768 hits=7251291 fwd=51802 rows=13261108 fwd_ms=857672.4 eval=0 prior=0
[inst] req=20520960 hits=7254191 fwd=51823 rows=13266484 fwd_ms=857989.7 eval=0 prior=0
[inst] req=20529152 hits=7256827 fwd=51844 rows=13271860 fwd_ms=859247.9 eval=0 prior=0
[inst] req=20537344 hits=7259501 fwd=51866 rows=13277492 fwd_ms=861337.6 eval=0 prior=0
[inst] req=20545536 hits=7262319 fwd=51887 rows=13282868 fwd_ms=862731.2 eval=0 prior=0
[inst] req=20553728 hits=7265377 fwd=51907 rows=13287988 fwd_ms=864866.2 eval=0 prior=0
[inst] req=20561920 hits=7268682 fwd=51926 rows=13292852 fwd_ms=866993.9 eval=0 prior=0
[inst] req=20570112 hits=7271947 fwd=51945 rows=13297716 fwd_ms=868926.8 eval=0 prior=0
[inst] req=20578304 hits=7275295 fwd=51964 rows=13302580 fwd_ms=870649.1 eval=0 prior=0
[inst] req=20586496 hits=7278543 fwd=51983 rows=13307444 fwd_ms=872025.5 eval=0 prior=0
[inst] req=20594688 hits=7281938 fwd=52002 rows=13312308 fwd_ms=872318.5 eval=0 prior=0
[inst] req=20602880 hits=7285587 fwd=52020 rows=13316916 fwd_ms=872596.8 eval=0 prior=0
[inst] req=20611072 hits=7287381 fwd=52045 rows=13323316 fwd_ms=872993.5 eval=0 prior=0
[inst] req=20619264 hits=7288676 fwd=52072 rows=13330228 fwd_ms=873400.3 eval=0 prior=0
[inst] req=20627456 hits=7290801 fwd=52096 rows=13336372 fwd_ms=873761.9 eval=0 prior=0
[inst] req=20635648 hits=7293555 fwd=52117 rows=13341748 fwd_ms=874078.6 eval=0 prior=0
[inst] req=20643840 hits=7296712 fwd=52137 rows=13346868 fwd_ms=874380.3 eval=0 prior=0
[inst] req=20652032 hits=7300300 fwd=52154 rows=13351220 fwd_ms=874636.7 eval=0 prior=0
[inst] req=20660224 hits=7304208 fwd=52171 rows=13355572 fwd_ms=874893.0 eval=0 prior=0
[inst] req=20668416 hits=7308248 fwd=52187 rows=13359668 fwd_ms=875135.2 eval=0 prior=0
[inst] req=20676608 hits=7311786 fwd=52206 rows=13364532 fwd_ms=875422.1 eval=0 prior=0
[inst] req=20684800 hits=7315420 fwd=52223 rows=13368884 fwd_ms=875678.8 eval=0 prior=0
[inst] req=20692992 hits=7318744 fwd=52242 rows=13373748 fwd_ms=875965.5 eval=0 prior=0
[inst] req=20701184 hits=7322253 fwd=52261 rows=13378612 fwd_ms=876251.9 eval=0 prior=0
[inst] req=20709376 hits=7326162 fwd=52277 rows=13382708 fwd_ms=876493.0 eval=0 prior=0
[inst] req=20717568 hits=7330023 fwd=52294 rows=13387060 fwd_ms=876749.5 eval=0 prior=0
[inst] req=20725760 hits=7333773 fwd=52312 rows=13391668 fwd_ms=877020.8 eval=0 prior=0
[inst] req=20733952 hits=7337691 fwd=52328 rows=13395764 fwd_ms=877262.2 eval=0 prior=0
[inst] req=20742144 hits=7341401 fwd=52346 rows=13400372 fwd_ms=877534.1 eval=0 prior=0
[inst] req=20750336 hits=7345135 fwd=52363 rows=13404724 fwd_ms=877790.5 eval=0 prior=0
[inst] req=20758528 hits=7348908 fwd=52381 rows=13409332 fwd_ms=878062.2 eval=0 prior=0
[inst] req=20766720 hits=7352552 fwd=52398 rows=13413684 fwd_ms=878318.7 eval=0 prior=0
[inst] req=20774912 hits=7356205 fwd=52416 rows=13418292 fwd_ms=878590.0 eval=0 prior=0
[inst] req=20783104 hits=7359763 fwd=52434 rows=13422900 fwd_ms=878861.3 eval=0 prior=0
[inst] req=20791296 hits=7363437 fwd=52452 rows=13427508 fwd_ms=879134.6 eval=0 prior=0
[inst] req=20799488 hits=7367234 fwd=52469 rows=13431860 fwd_ms=879392.2 eval=0 prior=0
[inst] req=20807680 hits=7371022 fwd=52486 rows=13436212 fwd_ms=879649.9 eval=0 prior=0
[inst] req=20815872 hits=7374979 fwd=52503 rows=13440564 fwd_ms=879907.5 eval=0 prior=0
[inst] req=20824064 hits=7378743 fwd=52520 rows=13444916 fwd_ms=880166.6 eval=0 prior=0
[inst] req=20832256 hits=7382388 fwd=52538 rows=13449524 fwd_ms=880439.4 eval=0 prior=0
[inst] req=20840448 hits=7386094 fwd=52555 rows=13453876 fwd_ms=880696.9 eval=0 prior=0
[inst] req=20848640 hits=7390156 fwd=52571 rows=13457972 fwd_ms=880939.0 eval=0 prior=0
[inst] req=20856832 hits=7394023 fwd=52588 rows=13462324 fwd_ms=881195.9 eval=0 prior=0
[inst] req=20865024 hits=7397755 fwd=52606 rows=13466932 fwd_ms=881468.9 eval=0 prior=0
[inst] req=20873216 hits=7401517 fwd=52623 rows=13471284 fwd_ms=881726.6 eval=0 prior=0
[inst] req=20881408 hits=7405102 fwd=52641 rows=13475892 fwd_ms=881999.2 eval=0 prior=0
[inst] req=20889600 hits=7408885 fwd=52658 rows=13480244 fwd_ms=882256.2 eval=0 prior=0
[inst] req=20897792 hits=7412962 fwd=52674 rows=13484340 fwd_ms=882498.4 eval=0 prior=0
[inst] req=20905984 hits=7416806 fwd=52691 rows=13488692 fwd_ms=882755.7 eval=0 prior=0
[inst] req=20914176 hits=7420427 fwd=52709 rows=13493300 fwd_ms=883028.3 eval=0 prior=0
[inst] req=20922368 hits=7424213 fwd=52726 rows=13497652 fwd_ms=883285.7 eval=0 prior=0
[inst] req=20930560 hits=7428042 fwd=52744 rows=13502260 fwd_ms=883558.3 eval=0 prior=0
[inst] req=20938752 hits=7431818 fwd=52761 rows=13506612 fwd_ms=883815.7 eval=0 prior=0
[inst] req=20946944 hits=7435630 fwd=52778 rows=13510964 fwd_ms=884073.3 eval=0 prior=0
[inst] req=20955136 hits=7439477 fwd=52795 rows=13515316 fwd_ms=884330.6 eval=0 prior=0
[inst] req=20963328 hits=7443456 fwd=52811 rows=13519412 fwd_ms=884572.8 eval=0 prior=0
[inst] req=20971520 hits=7447141 fwd=52829 rows=13524020 fwd_ms=884846.4 eval=0 prior=0
[inst] req=20979712 hits=7450867 fwd=52846 rows=13528372 fwd_ms=885103.7 eval=0 prior=0
[inst] req=20987904 hits=7454748 fwd=52863 rows=13532724 fwd_ms=885361.2 eval=0 prior=0
[inst] req=20996096 hits=7458530 fwd=52880 rows=13537076 fwd_ms=885618.0 eval=0 prior=0
[inst] req=21004288 hits=7462369 fwd=52897 rows=13541428 fwd_ms=885875.9 eval=0 prior=0
[inst] req=21012480 hits=7465948 fwd=52915 rows=13546036 fwd_ms=886148.1 eval=0 prior=0
[inst] req=21020672 hits=7469834 fwd=52932 rows=13550388 fwd_ms=886406.2 eval=0 prior=0
[inst] req=21028864 hits=7473513 fwd=52950 rows=13554996 fwd_ms=886678.1 eval=0 prior=0
[inst] req=21037056 hits=7477144 fwd=52968 rows=13559604 fwd_ms=886950.0 eval=0 prior=0
[inst] req=21045248 hits=7480813 fwd=52985 rows=13563956 fwd_ms=887207.0 eval=0 prior=0
[inst] req=21053440 hits=7484577 fwd=53003 rows=13568564 fwd_ms=887478.8 eval=0 prior=0
[inst] req=21061632 hits=7488371 fwd=53020 rows=13572916 fwd_ms=887737.4 eval=0 prior=0
[inst] req=21069824 hits=7492267 fwd=53037 rows=13577268 fwd_ms=887994.4 eval=0 prior=0
[inst] req=21078016 hits=7496046 fwd=53054 rows=13581620 fwd_ms=888251.4 eval=0 prior=0
[inst] req=21086208 hits=7499865 fwd=53071 rows=13585972 fwd_ms=888508.7 eval=0 prior=0
[inst] req=21094400 hits=7503806 fwd=53088 rows=13590324 fwd_ms=888766.0 eval=0 prior=0
[inst] req=21102592 hits=7507252 fwd=53106 rows=13594932 fwd_ms=889038.3 eval=0 prior=0
[inst] req=21110784 hits=7511132 fwd=53123 rows=13599284 fwd_ms=889295.8 eval=0 prior=0
[inst] req=21118976 hits=7514740 fwd=53141 rows=13603892 fwd_ms=889568.2 eval=0 prior=0
[inst] req=21127168 hits=7518501 fwd=53158 rows=13608244 fwd_ms=889826.2 eval=0 prior=0
[inst] req=21135360 hits=7522192 fwd=53176 rows=13612852 fwd_ms=890098.0 eval=0 prior=0
[inst] req=21143552 hits=7526115 fwd=53192 rows=13616948 fwd_ms=890340.0 eval=0 prior=0
[inst] req=21151744 hits=7529955 fwd=53209 rows=13621300 fwd_ms=890597.4 eval=0 prior=0
[inst] req=21159936 hits=7533710 fwd=53227 rows=13625908 fwd_ms=890869.8 eval=0 prior=0
[inst] req=21168128 hits=7537647 fwd=53243 rows=13630004 fwd_ms=891111.1 eval=0 prior=0
[inst] req=21176320 hits=7541276 fwd=53261 rows=13634612 fwd_ms=891382.1 eval=0 prior=0
[inst] req=21184512 hits=7545090 fwd=53278 rows=13638964 fwd_ms=891637.9 eval=0 prior=0
[inst] req=21192704 hits=7548970 fwd=53295 rows=13643316 fwd_ms=891893.6 eval=0 prior=0
[inst] req=21200896 hits=7552709 fwd=53313 rows=13647924 fwd_ms=892164.3 eval=0 prior=0
[inst] req=21209088 hits=7556560 fwd=53329 rows=13652020 fwd_ms=892405.2 eval=0 prior=0
[inst] req=21217280 hits=7560146 fwd=53347 rows=13656628 fwd_ms=892676.1 eval=0 prior=0
[inst] req=21225472 hits=7564200 fwd=53364 rows=13660980 fwd_ms=892932.2 eval=0 prior=0
[inst] req=21233664 hits=7567891 fwd=53381 rows=13665332 fwd_ms=893188.2 eval=0 prior=0
[inst] req=21241856 hits=7571394 fwd=53400 rows=13670196 fwd_ms=893474.7 eval=0 prior=0
[inst] req=21250048 hits=7575277 fwd=53416 rows=13674292 fwd_ms=893715.7 eval=0 prior=0
[inst] req=21258240 hits=7579260 fwd=53433 rows=13678644 fwd_ms=893971.9 eval=0 prior=0
[inst] req=21266432 hits=7583036 fwd=53450 rows=13682996 fwd_ms=894228.4 eval=0 prior=0
[inst] req=21274624 hits=7586603 fwd=53468 rows=13687604 fwd_ms=894499.6 eval=0 prior=0
[inst] req=21282816 hits=7590108 fwd=53486 rows=13692212 fwd_ms=894770.7 eval=0 prior=0
[inst] req=21291008 hits=7594111 fwd=53503 rows=13696564 fwd_ms=895027.0 eval=0 prior=0
[inst] req=21299200 hits=7597815 fwd=53520 rows=13700916 fwd_ms=895283.6 eval=0 prior=0
[inst] req=21307392 hits=7601672 fwd=53537 rows=13705268 fwd_ms=895540.0 eval=0 prior=0
[inst] req=21315584 hits=7605688 fwd=53554 rows=13709620 fwd_ms=895796.2 eval=0 prior=0
[inst] req=21323776 hits=7609393 fwd=53571 rows=13713972 fwd_ms=896052.9 eval=0 prior=0
[inst] req=21331968 hits=7613062 fwd=53589 rows=13718580 fwd_ms=896324.0 eval=0 prior=0
[inst] req=21340160 hits=7616998 fwd=53605 rows=13722676 fwd_ms=896565.4 eval=0 prior=0
[inst] req=21348352 hits=7620940 fwd=53622 rows=13727028 fwd_ms=896822.2 eval=0 prior=0
[inst] req=21356544 hits=7624670 fwd=53639 rows=13731380 fwd_ms=897078.6 eval=0 prior=0
[inst] req=21364736 hits=7628560 fwd=53656 rows=13735732 fwd_ms=897335.0 eval=0 prior=0
[inst] req=21372928 hits=7632334 fwd=53673 rows=13740084 fwd_ms=897591.0 eval=0 prior=0
[inst] req=21381120 hits=7636242 fwd=53690 rows=13744436 fwd_ms=897846.8 eval=0 prior=0
[inst] req=21389312 hits=7640057 fwd=53707 rows=13748788 fwd_ms=898102.8 eval=0 prior=0
[inst] req=21397504 hits=7643868 fwd=53724 rows=13753140 fwd_ms=898358.8 eval=0 prior=0
[inst] req=21405696 hits=7647597 fwd=53742 rows=13757748 fwd_ms=898629.9 eval=0 prior=0
[inst] req=21413888 hits=7651437 fwd=53759 rows=13762100 fwd_ms=898885.9 eval=0 prior=0
[inst] req=21422080 hits=7655197 fwd=53776 rows=13766452 fwd_ms=899141.9 eval=0 prior=0
[inst] req=21430272 hits=7659099 fwd=53793 rows=13770804 fwd_ms=899398.1 eval=0 prior=0
[inst] req=21438464 hits=7662624 fwd=53811 rows=13775412 fwd_ms=899669.3 eval=0 prior=0
[inst] req=21446656 hits=7666478 fwd=53828 rows=13779764 fwd_ms=899925.4 eval=0 prior=0
[inst] req=21454848 hits=7670528 fwd=53844 rows=13783860 fwd_ms=900166.5 eval=0 prior=0
[inst] req=21463040 hits=7674496 fwd=53861 rows=13788212 fwd_ms=900422.5 eval=0 prior=0
[inst] req=21471232 hits=7678119 fwd=53879 rows=13792820 fwd_ms=900693.5 eval=0 prior=0
[inst] req=21479424 hits=7681814 fwd=53896 rows=13797172 fwd_ms=900949.4 eval=0 prior=0
[inst] req=21487616 hits=7685665 fwd=53913 rows=13801524 fwd_ms=901205.5 eval=0 prior=0
[inst] req=21495808 hits=7689552 fwd=53930 rows=13805876 fwd_ms=901461.5 eval=0 prior=0
[inst] req=21504000 hits=7693249 fwd=53948 rows=13810484 fwd_ms=901732.4 eval=0 prior=0
[inst] req=21512192 hits=7696855 fwd=53965 rows=13814836 fwd_ms=901988.5 eval=0 prior=0
[inst] req=21520384 hits=7700710 fwd=53982 rows=13819188 fwd_ms=902244.6 eval=0 prior=0
[inst] req=21528576 hits=7704463 fwd=54000 rows=13823796 fwd_ms=902516.0 eval=0 prior=0
[inst] req=21536768 hits=7708242 fwd=54017 rows=13828148 fwd_ms=902773.4 eval=0 prior=0
[inst] req=21544960 hits=7712200 fwd=54034 rows=13832500 fwd_ms=903030.8 eval=0 prior=0
[inst] req=21553152 hits=7716064 fwd=54050 rows=13836596 fwd_ms=903271.8 eval=0 prior=0
[inst] req=21561344 hits=7719788 fwd=54068 rows=13841204 fwd_ms=903542.9 eval=0 prior=0
[inst] req=21569536 hits=7723680 fwd=54085 rows=13845556 fwd_ms=903799.2 eval=0 prior=0
[inst] req=21577728 hits=7727757 fwd=54101 rows=13849652 fwd_ms=904041.0 eval=0 prior=0
[inst] req=21585920 hits=7731599 fwd=54118 rows=13854004 fwd_ms=904298.6 eval=0 prior=0
[inst] req=21594112 hits=7735354 fwd=54135 rows=13858356 fwd_ms=904556.2 eval=0 prior=0
[inst] req=21602304 hits=7739146 fwd=54152 rows=13862708 fwd_ms=904813.7 eval=0 prior=0
[inst] req=21610496 hits=7742877 fwd=54170 rows=13867316 fwd_ms=905086.4 eval=0 prior=0
[inst] req=21618688 hits=7746780 fwd=54186 rows=13871412 fwd_ms=905327.9 eval=0 prior=0
[inst] req=21626880 hits=7750657 fwd=54203 rows=13875764 fwd_ms=905585.9 eval=0 prior=0
[inst] req=21635072 hits=7754488 fwd=54220 rows=13880116 fwd_ms=905843.0 eval=0 prior=0
[inst] req=21643264 hits=7758330 fwd=54237 rows=13884468 fwd_ms=906101.8 eval=0 prior=0
[inst] req=21651456 hits=7762304 fwd=54254 rows=13888820 fwd_ms=906359.6 eval=0 prior=0
[inst] req=21659648 hits=7766114 fwd=54271 rows=13893172 fwd_ms=906615.8 eval=0 prior=0
[inst] req=21667840 hits=7769804 fwd=54288 rows=13897524 fwd_ms=906873.9 eval=0 prior=0
[inst] req=21676032 hits=7773841 fwd=54305 rows=13901876 fwd_ms=907131.0 eval=0 prior=0
[inst] req=21684224 hits=7777758 fwd=54321 rows=13905972 fwd_ms=907372.7 eval=0 prior=0
[inst] req=21692416 hits=7781459 fwd=54339 rows=13910580 fwd_ms=907644.4 eval=0 prior=0
[inst] req=21700608 hits=7785217 fwd=54356 rows=13914932 fwd_ms=907901.2 eval=0 prior=0
[inst] req=21708800 hits=7788934 fwd=54374 rows=13919540 fwd_ms=908173.2 eval=0 prior=0
[inst] req=21716992 hits=7792543 fwd=54392 rows=13924148 fwd_ms=908445.4 eval=0 prior=0
[inst] req=21725184 hits=7796283 fwd=54409 rows=13928500 fwd_ms=908703.1 eval=0 prior=0
[inst] req=21733376 hits=7800292 fwd=54425 rows=13932596 fwd_ms=908944.7 eval=0 prior=0
[inst] req=21741568 hits=7803740 fwd=54444 rows=13937460 fwd_ms=909231.4 eval=0 prior=0
[inst] req=21749760 hits=7807717 fwd=54460 rows=13941556 fwd_ms=909472.4 eval=0 prior=0
[inst] req=21757952 hits=7811669 fwd=54477 rows=13945908 fwd_ms=909728.9 eval=0 prior=0
[inst] req=21766144 hits=7815303 fwd=54495 rows=13950516 fwd_ms=910000.4 eval=0 prior=0
[inst] req=21774336 hits=7819156 fwd=54512 rows=13954868 fwd_ms=910257.4 eval=0 prior=0
[inst] req=21782528 hits=7823042 fwd=54529 rows=13959220 fwd_ms=910515.4 eval=0 prior=0
[inst] req=21790720 hits=7826702 fwd=54546 rows=13963572 fwd_ms=910772.6 eval=0 prior=0
[inst] req=21798912 hits=7830574 fwd=54563 rows=13967924 fwd_ms=911213.2 eval=0 prior=0
[inst] req=21807104 hits=7834444 fwd=54580 rows=13972276 fwd_ms=912746.0 eval=0 prior=0
[inst] req=21815296 hits=7838375 fwd=54597 rows=13976628 fwd_ms=913953.7 eval=0 prior=0
[inst] req=21823488 hits=7842377 fwd=54613 rows=13980724 fwd_ms=915409.2 eval=0 prior=0
[inst] req=21831680 hits=7846044 fwd=54631 rows=13985332 fwd_ms=916953.9 eval=0 prior=0
[inst] req=21839872 hits=7849732 fwd=54648 rows=13989684 fwd_ms=918278.8 eval=0 prior=0
[inst] req=21848064 hits=7853581 fwd=54665 rows=13994036 fwd_ms=920177.6 eval=0 prior=0
[inst] req=21856256 hits=7857270 fwd=54683 rows=13998644 fwd_ms=921400.0 eval=0 prior=0
[inst] req=21864448 hits=7860974 fwd=54700 rows=14002996 fwd_ms=922492.5 eval=0 prior=0
[inst] req=21872640 hits=7864613 fwd=54718 rows=14007604 fwd_ms=924406.2 eval=0 prior=0
[inst] req=21880832 hits=7868244 fwd=54736 rows=14012212 fwd_ms=925230.3 eval=0 prior=0
[inst] req=21889024 hits=7871983 fwd=54753 rows=14016564 fwd_ms=925493.0 eval=0 prior=0
[inst] req=21897216 hits=7875613 fwd=54771 rows=14021172 fwd_ms=925774.7 eval=0 prior=0
[inst] req=21905408 hits=7876682 fwd=54799 rows=14028340 fwd_ms=926214.4 eval=0 prior=0
[inst] req=21913600 hits=7877900 fwd=54826 rows=14035252 fwd_ms=926621.3 eval=0 prior=0
[inst] req=21921792 hits=7879917 fwd=54850 rows=14041396 fwd_ms=926983.1 eval=0 prior=0
[inst] req=21929984 hits=7882535 fwd=54872 rows=14047028 fwd_ms=927314.7 eval=0 prior=0
[inst] req=21938176 hits=7885373 fwd=54893 rows=14052404 fwd_ms=927631.4 eval=0 prior=0
[inst] req=21946368 hits=7888702 fwd=54912 rows=14057268 fwd_ms=927918.0 eval=0 prior=0
[inst] req=21954560 hits=7891786 fwd=54932 rows=14062388 fwd_ms=928219.5 eval=0 prior=0
[inst] req=21962752 hits=7895126 fwd=54951 rows=14067252 fwd_ms=928505.8 eval=0 prior=0
[inst] req=21970944 hits=7898193 fwd=54971 rows=14072372 fwd_ms=928807.5 eval=0 prior=0
[inst] req=21979136 hits=7901086 fwd=54992 rows=14077748 fwd_ms=929124.2 eval=0 prior=0
[inst] req=21987328 hits=7904162 fwd=55012 rows=14082868 fwd_ms=929426.1 eval=0 prior=0
[inst] req=21995520 hits=7907366 fwd=55031 rows=14087732 fwd_ms=929714.1 eval=0 prior=0
[inst] req=22003712 hits=7910949 fwd=55049 rows=14092340 fwd_ms=929987.2 eval=0 prior=0
[inst] req=22011904 hits=7914399 fwd=55068 rows=14097204 fwd_ms=930274.2 eval=0 prior=0
[inst] req=22020096 hits=7917626 fwd=55087 rows=14102068 fwd_ms=930561.2 eval=0 prior=0
[inst] req=22028288 hits=7920660 fwd=55107 rows=14107188 fwd_ms=930862.8 eval=0 prior=0
[inst] req=22036480 hits=7924116 fwd=55126 rows=14112052 fwd_ms=931149.5 eval=0 prior=0
[inst] req=22044672 hits=7927365 fwd=55145 rows=14116916 fwd_ms=931435.8 eval=0 prior=0
[inst] req=22052864 hits=7930644 fwd=55164 rows=14121780 fwd_ms=931722.0 eval=0 prior=0
[inst] req=22061056 hits=7933826 fwd=55184 rows=14126900 fwd_ms=932024.0 eval=0 prior=0
[inst] req=22069248 hits=7936840 fwd=55204 rows=14132020 fwd_ms=932327.1 eval=0 prior=0
[inst] req=22077440 hits=7940388 fwd=55222 rows=14136628 fwd_ms=932599.8 eval=0 prior=0
[inst] req=22085632 hits=7943644 fwd=55241 rows=14141492 fwd_ms=932887.5 eval=0 prior=0
[inst] req=22093824 hits=7946909 fwd=55261 rows=14146612 fwd_ms=933190.6 eval=0 prior=0
[inst] req=22102016 hits=7950246 fwd=55280 rows=14151476 fwd_ms=933478.5 eval=0 prior=0
[inst] req=22110208 hits=7953656 fwd=55298 rows=14156084 fwd_ms=933751.3 eval=0 prior=0
[inst] req=22118400 hits=7957083 fwd=55317 rows=14160948 fwd_ms=934038.9 eval=0 prior=0
[inst] req=22126592 hits=7960390 fwd=55336 rows=14165812 fwd_ms=934326.2 eval=0 prior=0
[inst] req=22134784 hits=7963490 fwd=55356 rows=14170932 fwd_ms=934629.0 eval=0 prior=0
[inst] req=22142976 hits=7966641 fwd=55376 rows=14176052 fwd_ms=934931.8 eval=0 prior=0
[inst] req=22151168 hits=7969878 fwd=55395 rows=14180916 fwd_ms=935219.7 eval=0 prior=0
[inst] req=22159360 hits=7973026 fwd=55415 rows=14186036 fwd_ms=935522.5 eval=0 prior=0
[inst] req=22167552 hits=7976477 fwd=55433 rows=14190644 fwd_ms=935795.1 eval=0 prior=0
[inst] req=22175744 hits=7979760 fwd=55452 rows=14195508 fwd_ms=936082.6 eval=0 prior=0
[inst] req=22183936 hits=7983158 fwd=55471 rows=14200372 fwd_ms=936370.2 eval=0 prior=0
[inst] req=22192128 hits=7986408 fwd=55490 rows=14205236 fwd_ms=936657.9 eval=0 prior=0
[inst] req=22200320 hits=7989682 fwd=55510 rows=14210356 fwd_ms=936960.4 eval=0 prior=0
[inst] req=22208512 hits=7992682 fwd=55530 rows=14215476 fwd_ms=937263.1 eval=0 prior=0
[inst] req=22216704 hits=7995740 fwd=55550 rows=14220596 fwd_ms=937565.6 eval=0 prior=0
[inst] req=22224896 hits=7999145 fwd=55569 rows=14225460 fwd_ms=937854.1 eval=0 prior=0
[inst] req=22233088 hits=8002600 fwd=55587 rows=14230068 fwd_ms=938126.4 eval=0 prior=0
[inst] req=22241280 hits=8006059 fwd=55606 rows=14234932 fwd_ms=938414.8 eval=0 prior=0
[inst] req=22249472 hits=8009465 fwd=55624 rows=14239540 fwd_ms=938687.2 eval=0 prior=0
[inst] req=22257664 hits=8012916 fwd=55643 rows=14244404 fwd_ms=938974.7 eval=0 prior=0
[inst] req=22265856 hits=8016120 fwd=55662 rows=14249268 fwd_ms=939263.5 eval=0 prior=0
[inst] req=22274048 hits=8019360 fwd=55682 rows=14254388 fwd_ms=939566.0 eval=0 prior=0
[inst] req=22282240 hits=8022578 fwd=55701 rows=14259252 fwd_ms=939853.2 eval=0 prior=0
[inst] req=22290432 hits=8025859 fwd=55720 rows=14264116 fwd_ms=940140.5 eval=0 prior=0
[inst] req=22298624 hits=8029103 fwd=55740 rows=14269236 fwd_ms=940443.0 eval=0 prior=0
[inst] req=22306816 hits=8032428 fwd=55759 rows=14274100 fwd_ms=940730.5 eval=0 prior=0
[inst] req=22315008 hits=8035823 fwd=55777 rows=14278708 fwd_ms=941002.9 eval=0 prior=0
[inst] req=22323200 hits=8039141 fwd=55796 rows=14283572 fwd_ms=941290.2 eval=0 prior=0
[inst] req=22331392 hits=8042329 fwd=55816 rows=14288692 fwd_ms=941592.8 eval=0 prior=0
[inst] req=22339584 hits=8045439 fwd=55836 rows=14293812 fwd_ms=941895.3 eval=0 prior=0
[inst] req=22347776 hits=8048640 fwd=55855 rows=14298676 fwd_ms=942182.9 eval=0 prior=0
[inst] req=22355968 hits=8051969 fwd=55874 rows=14303540 fwd_ms=942470.6 eval=0 prior=0
[inst] req=22364160 hits=8055533 fwd=55892 rows=14308148 fwd_ms=942742.9 eval=0 prior=0
[inst] req=22372352 hits=8058946 fwd=55911 rows=14313012 fwd_ms=943030.9 eval=0 prior=0
[inst] req=22380544 hits=8062169 fwd=55930 rows=14317876 fwd_ms=943318.1 eval=0 prior=0
[inst] req=22388736 hits=8065330 fwd=55950 rows=14322996 fwd_ms=943620.6 eval=0 prior=0
[inst] req=22396928 hits=8068487 fwd=55970 rows=14328116 fwd_ms=943923.3 eval=0 prior=0
[inst] req=22405120 hits=8071778 fwd=55989 rows=14332980 fwd_ms=944210.8 eval=0 prior=0
[inst] req=22413312 hits=8074854 fwd=56009 rows=14338100 fwd_ms=944512.8 eval=0 prior=0
[inst] req=22421504 hits=8078167 fwd=56028 rows=14342964 fwd_ms=944798.6 eval=0 prior=0
[inst] req=22429696 hits=8081362 fwd=56047 rows=14347828 fwd_ms=945084.5 eval=0 prior=0
[inst] req=22437888 hits=8084713 fwd=56066 rows=14352692 fwd_ms=945370.5 eval=0 prior=0
[inst] req=22446080 hits=8088194 fwd=56085 rows=14357556 fwd_ms=945656.5 eval=0 prior=0
[inst] req=22454272 hits=8091339 fwd=56105 rows=14362676 fwd_ms=945958.5 eval=0 prior=0
[inst] req=22462464 hits=8094488 fwd=56124 rows=14367540 fwd_ms=946244.4 eval=0 prior=0
[inst] req=22470656 hits=8097812 fwd=56143 rows=14372404 fwd_ms=946530.4 eval=0 prior=0
[inst] req=22478848 hits=8101092 fwd=56162 rows=14377268 fwd_ms=946816.7 eval=0 prior=0
[inst] req=22487040 hits=8104633 fwd=56181 rows=14382132 fwd_ms=947102.8 eval=0 prior=0
[inst] req=22495232 hits=8107980 fwd=56199 rows=14386740 fwd_ms=947374.0 eval=0 prior=0
[inst] req=22503424 hits=8111282 fwd=56219 rows=14391860 fwd_ms=947675.3 eval=0 prior=0
[inst] req=22511616 hits=8114691 fwd=56237 rows=14396468 fwd_ms=947946.3 eval=0 prior=0
[inst] req=22519808 hits=8117835 fwd=56257 rows=14401588 fwd_ms=948247.7 eval=0 prior=0
[inst] req=22528000 hits=8121012 fwd=56277 rows=14406708 fwd_ms=948548.9 eval=0 prior=0
[inst] req=22536192 hits=8124316 fwd=56296 rows=14411572 fwd_ms=948835.3 eval=0 prior=0
[inst] req=22544384 hits=8127539 fwd=56315 rows=14416436 fwd_ms=949121.4 eval=0 prior=0
[inst] req=22552576 hits=8130676 fwd=56335 rows=14421556 fwd_ms=949422.4 eval=0 prior=0
[inst] req=22560768 hits=8134072 fwd=56354 rows=14426420 fwd_ms=949708.6 eval=0 prior=0
[inst] req=22568960 hits=8137319 fwd=56373 rows=14431284 fwd_ms=949994.5 eval=0 prior=0
[inst] req=22577152 hits=8140634 fwd=56392 rows=14436148 fwd_ms=950280.4 eval=0 prior=0
[inst] req=22585344 hits=8143870 fwd=56411 rows=14441012 fwd_ms=950566.5 eval=0 prior=0
[inst] req=22593536 hits=8147004 fwd=56431 rows=14446132 fwd_ms=950867.4 eval=0 prior=0
[inst] req=22601728 hits=8150348 fwd=56450 rows=14450996 fwd_ms=951153.5 eval=0 prior=0
[inst] req=22609920 hits=8153548 fwd=56469 rows=14455860 fwd_ms=951439.5 eval=0 prior=0
[inst] req=22618112 hits=8156938 fwd=56488 rows=14460724 fwd_ms=951725.7 eval=0 prior=0
[inst] req=22626304 hits=8160291 fwd=56507 rows=14465588 fwd_ms=952012.1 eval=0 prior=0
[inst] req=22634496 hits=8163612 fwd=56526 rows=14470452 fwd_ms=952298.0 eval=0 prior=0
[inst] req=22642688 hits=8167081 fwd=56545 rows=14475316 fwd_ms=952584.0 eval=0 prior=0
[inst] req=22650880 hits=8170266 fwd=56564 rows=14480180 fwd_ms=952869.9 eval=0 prior=0
[inst] req=22659072 hits=8173523 fwd=56583 rows=14485044 fwd_ms=953155.9 eval=0 prior=0
[inst] req=22667264 hits=8176600 fwd=56603 rows=14490164 fwd_ms=953456.8 eval=0 prior=0
[inst] req=22675456 hits=8180013 fwd=56622 rows=14495028 fwd_ms=953742.7 eval=0 prior=0
[inst] req=22683648 hits=8183210 fwd=56642 rows=14500148 fwd_ms=954044.7 eval=0 prior=0
[inst] req=22691840 hits=8186551 fwd=56661 rows=14505012 fwd_ms=954332.3 eval=0 prior=0
[inst] req=22700032 hits=8189773 fwd=56680 rows=14509876 fwd_ms=954619.3 eval=0 prior=0
[inst] req=22708224 hits=8193024 fwd=56699 rows=14514740 fwd_ms=954907.4 eval=0 prior=0
[inst] req=22716416 hits=8196095 fwd=56719 rows=14519860 fwd_ms=955210.2 eval=0 prior=0
[inst] req=22724608 hits=8199340 fwd=56739 rows=14524980 fwd_ms=955513.0 eval=0 prior=0
[inst] req=22732800 hits=8202729 fwd=56757 rows=14529588 fwd_ms=955785.6 eval=0 prior=0
[inst] req=22740992 hits=8206123 fwd=56776 rows=14534452 fwd_ms=956073.2 eval=0 prior=0
[inst] req=22749184 hits=8209571 fwd=56795 rows=14539316 fwd_ms=956360.9 eval=0 prior=0
[inst] req=22757376 hits=8212897 fwd=56814 rows=14544180 fwd_ms=956647.4 eval=0 prior=0
[inst] req=22765568 hits=8216130 fwd=56833 rows=14549044 fwd_ms=956933.4 eval=0 prior=0
[inst] req=22773760 hits=8219509 fwd=56852 rows=14553908 fwd_ms=957219.4 eval=0 prior=0
[inst] req=22781952 hits=8222743 fwd=56871 rows=14558772 fwd_ms=957505.5 eval=0 prior=0
[inst] req=22790144 hits=8225847 fwd=56891 rows=14563892 fwd_ms=957806.5 eval=0 prior=0
[inst] req=22798336 hits=8229335 fwd=56909 rows=14568500 fwd_ms=958077.9 eval=0 prior=0
[inst] req=22806528 hits=8232585 fwd=56929 rows=14573620 fwd_ms=958379.0 eval=0 prior=0
[inst] req=22814720 hits=8235853 fwd=56948 rows=14578484 fwd_ms=958664.9 eval=0 prior=0
[inst] req=22822912 hits=8239411 fwd=56966 rows=14583092 fwd_ms=958935.9 eval=0 prior=0
[inst] req=22831104 hits=8242686 fwd=56985 rows=14587956 fwd_ms=959221.9 eval=0 prior=0
[inst] req=22839296 hits=8246021 fwd=57004 rows=14592820 fwd_ms=959507.8 eval=0 prior=0
[inst] req=22847488 hits=8249467 fwd=57023 rows=14597684 fwd_ms=959793.7 eval=0 prior=0
[inst] req=22855680 hits=8252754 fwd=57042 rows=14602548 fwd_ms=960079.8 eval=0 prior=0
[inst] req=22863872 hits=8255909 fwd=57062 rows=14607668 fwd_ms=960381.2 eval=0 prior=0
[inst] req=22872064 hits=8259084 fwd=57081 rows=14612532 fwd_ms=960667.1 eval=0 prior=0
[inst] req=22880256 hits=8262316 fwd=57101 rows=14617652 fwd_ms=960968.0 eval=0 prior=0
[inst] req=22888448 hits=8265886 fwd=57119 rows=14622260 fwd_ms=961239.1 eval=0 prior=0
[inst] req=22896640 hits=8269242 fwd=57138 rows=14627124 fwd_ms=961525.1 eval=0 prior=0
[inst] req=22904832 hits=8272515 fwd=57157 rows=14631988 fwd_ms=961811.1 eval=0 prior=0
[inst] req=22913024 hits=8275734 fwd=57176 rows=14636852 fwd_ms=962097.0 eval=0 prior=0
[inst] req=22921216 hits=8279147 fwd=57195 rows=14641716 fwd_ms=962383.1 eval=0 prior=0
[inst] req=22929408 hits=8282414 fwd=57214 rows=14646580 fwd_ms=962669.2 eval=0 prior=0
[inst] req=22937600 hits=8285548 fwd=57234 rows=14651700 fwd_ms=962970.3 eval=0 prior=0
[inst] req=22945792 hits=8288791 fwd=57253 rows=14656564 fwd_ms=963256.2 eval=0 prior=0
[inst] req=22953984 hits=8292084 fwd=57272 rows=14661428 fwd_ms=963541.9 eval=0 prior=0
[inst] req=22962176 hits=8295363 fwd=57292 rows=14666548 fwd_ms=963844.2 eval=0 prior=0
[inst] req=22970368 hits=8298652 fwd=57311 rows=14671412 fwd_ms=964129.9 eval=0 prior=0
[inst] req=22978560 hits=8301945 fwd=57330 rows=14676276 fwd_ms=964415.8 eval=0 prior=0
[inst] req=22986752 hits=8305042 fwd=57350 rows=14681396 fwd_ms=964716.9 eval=0 prior=0
[inst] req=22994944 hits=8308247 fwd=57369 rows=14686260 fwd_ms=965002.6 eval=0 prior=0
[inst] req=23003136 hits=8311558 fwd=57388 rows=14691124 fwd_ms=965288.2 eval=0 prior=0
[inst] req=23011328 hits=8314913 fwd=57407 rows=14695988 fwd_ms=965574.0 eval=0 prior=0
[inst] req=23019520 hits=8318265 fwd=57426 rows=14700852 fwd_ms=965859.8 eval=0 prior=0
[inst] req=23027712 hits=8321418 fwd=57446 rows=14705972 fwd_ms=966160.7 eval=0 prior=0
[inst] req=23035904 hits=8324541 fwd=57466 rows=14711092 fwd_ms=966461.5 eval=0 prior=0
[inst] req=23044096 hits=8327869 fwd=57485 rows=14715956 fwd_ms=966747.4 eval=0 prior=0
[inst] req=23052288 hits=8331269 fwd=57503 rows=14720564 fwd_ms=967018.3 eval=0 prior=0
[inst] req=23060480 hits=8334615 fwd=57522 rows=14725428 fwd_ms=967304.2 eval=0 prior=0
[inst] req=23068672 hits=8337914 fwd=57541 rows=14730292 fwd_ms=967590.0 eval=0 prior=0
[inst] req=23076864 hits=8341259 fwd=57560 rows=14735156 fwd_ms=967875.9 eval=0 prior=0
[inst] req=23085056 hits=8344496 fwd=57580 rows=14740276 fwd_ms=968176.8 eval=0 prior=0
[inst] req=23093248 hits=8347928 fwd=57598 rows=14744884 fwd_ms=968447.8 eval=0 prior=0
[inst] req=23101440 hits=8351182 fwd=57617 rows=14749748 fwd_ms=968733.7 eval=0 prior=0
[inst] req=23109632 hits=8354444 fwd=57637 rows=14754868 fwd_ms=969034.5 eval=0 prior=0
[inst] req=23117824 hits=8357709 fwd=57656 rows=14759732 fwd_ms=969320.2 eval=0 prior=0
[inst] req=23126016 hits=8360965 fwd=57675 rows=14764596 fwd_ms=969606.2 eval=0 prior=0
[inst] req=23134208 hits=8364338 fwd=57694 rows=14769460 fwd_ms=969892.1 eval=0 prior=0
[inst] req=23142400 hits=8367603 fwd=57713 rows=14774324 fwd_ms=970178.0 eval=0 prior=0
[inst] req=23150592 hits=8370821 fwd=57733 rows=14779444 fwd_ms=970479.4 eval=0 prior=0
[inst] req=23158784 hits=8374111 fwd=57752 rows=14784308 fwd_ms=970765.4 eval=0 prior=0
[inst] req=23166976 hits=8377453 fwd=57771 rows=14789172 fwd_ms=971051.6 eval=0 prior=0
[inst] req=23175168 hits=8380821 fwd=57790 rows=14794036 fwd_ms=971337.5 eval=0 prior=0
[inst] req=23183360 hits=8384089 fwd=57809 rows=14798900 fwd_ms=971623.6 eval=0 prior=0
[inst] req=23191552 hits=8387319 fwd=57828 rows=14803764 fwd_ms=971909.8 eval=0 prior=0
[inst] req=23199744 hits=8390553 fwd=57848 rows=14808884 fwd_ms=972211.3 eval=0 prior=0
[inst] req=23207936 hits=8393804 fwd=57867 rows=14813748 fwd_ms=972497.6 eval=0 prior=0
[inst] req=23216128 hits=8397127 fwd=57886 rows=14818612 fwd_ms=972783.7 eval=0 prior=0
[inst] req=23224320 hits=8400293 fwd=57906 rows=14823732 fwd_ms=973084.7 eval=0 prior=0
[inst] req=23232512 hits=8403522 fwd=57925 rows=14828596 fwd_ms=973370.9 eval=0 prior=0
[inst] req=23240704 hits=8406615 fwd=57945 rows=14833716 fwd_ms=973672.1 eval=0 prior=0
[inst] req=23248896 hits=8410223 fwd=57963 rows=14838324 fwd_ms=973943.2 eval=0 prior=0
[inst] req=23257088 hits=8413666 fwd=57981 rows=14842932 fwd_ms=974214.4 eval=0 prior=0
[inst] req=23265280 hits=8416802 fwd=58001 rows=14848052 fwd_ms=974515.4 eval=0 prior=0
[inst] req=23273472 hits=8420047 fwd=58020 rows=14852916 fwd_ms=974801.5 eval=0 prior=0
[inst] req=23281664 hits=8423532 fwd=58039 rows=14857780 fwd_ms=975087.7 eval=0 prior=0
[inst] req=23289856 hits=8426792 fwd=58058 rows=14862644 fwd_ms=975374.0 eval=0 prior=0
[inst] req=23298048 hits=8430192 fwd=58077 rows=14867508 fwd_ms=975660.2 eval=0 prior=0
[inst] req=23306240 hits=8433493 fwd=58096 rows=14872372 fwd_ms=975946.3 eval=0 prior=0
[inst] req=23314432 hits=8436741 fwd=58115 rows=14877236 fwd_ms=976232.5 eval=0 prior=0
[inst] req=23322624 hits=8439926 fwd=58135 rows=14882356 fwd_ms=976533.7 eval=0 prior=0
[inst] req=23330816 hits=8443355 fwd=58153 rows=14886964 fwd_ms=976804.9 eval=0 prior=0
[inst] req=23339008 hits=8446801 fwd=58172 rows=14891828 fwd_ms=977091.3 eval=0 prior=0
[inst] req=23347200 hits=8450131 fwd=58191 rows=14896692 fwd_ms=977377.7 eval=0 prior=0
[inst] req=23355392 hits=8453528 fwd=58210 rows=14901556 fwd_ms=977663.8 eval=0 prior=0
[inst] req=23363584 hits=8456698 fwd=58229 rows=14906420 fwd_ms=977949.8 eval=0 prior=0
[inst] req=23371776 hits=8460220 fwd=58248 rows=14911284 fwd_ms=978235.9 eval=0 prior=0
[inst] req=23379968 hits=8463477 fwd=58267 rows=14916148 fwd_ms=978522.3 eval=0 prior=0
[inst] req=23388160 hits=8466935 fwd=58285 rows=14920756 fwd_ms=978793.7 eval=0 prior=0
[inst] req=23396352 hits=8470448 fwd=58304 rows=14925620 fwd_ms=979079.9 eval=0 prior=0
[inst] req=23404544 hits=8473761 fwd=58323 rows=14930484 fwd_ms=979366.2 eval=0 prior=0
[inst] req=23412736 hits=8477023 fwd=58342 rows=14935348 fwd_ms=979652.5 eval=0 prior=0
[inst] req=23420928 hits=8480367 fwd=58361 rows=14940212 fwd_ms=979938.7 eval=0 prior=0
[inst] req=23429120 hits=8483953 fwd=58379 rows=14944820 fwd_ms=980209.9 eval=0 prior=0
[inst] req=23437312 hits=8487225 fwd=58398 rows=14949684 fwd_ms=980496.0 eval=0 prior=0
[inst] req=23445504 hits=8490372 fwd=58418 rows=14954804 fwd_ms=980797.2 eval=0 prior=0
[inst] req=23453696 hits=8493534 fwd=58437 rows=14959668 fwd_ms=981083.5 eval=0 prior=0
[inst] req=23461888 hits=8496872 fwd=58456 rows=14964532 fwd_ms=981369.8 eval=0 prior=0
[inst] req=23470080 hits=8500189 fwd=58475 rows=14969396 fwd_ms=981655.9 eval=0 prior=0
[inst] req=23478272 hits=8503465 fwd=58495 rows=14974516 fwd_ms=981957.2 eval=0 prior=0
[inst] req=23486464 hits=8506872 fwd=58513 rows=14979124 fwd_ms=982230.3 eval=0 prior=0
[inst] req=23494656 hits=8510156 fwd=58532 rows=14983988 fwd_ms=982516.6 eval=0 prior=0
[inst] req=23502848 hits=8513547 fwd=58551 rows=14988852 fwd_ms=982802.8 eval=0 prior=0
[inst] req=23511040 hits=8517007 fwd=58570 rows=14993716 fwd_ms=983089.3 eval=0 prior=0
[inst] req=23519232 hits=8520374 fwd=58589 rows=14998580 fwd_ms=983375.6 eval=0 prior=0
[inst] req=23527424 hits=8523538 fwd=58608 rows=15003444 fwd_ms=983661.9 eval=0 prior=0
[inst] req=23535616 hits=8526939 fwd=58627 rows=15008308 fwd_ms=983948.0 eval=0 prior=0
[inst] req=23543808 hits=8530176 fwd=58646 rows=15013172 fwd_ms=984234.1 eval=0 prior=0
[inst] req=23552000 hits=8533569 fwd=58665 rows=15018036 fwd_ms=984520.3 eval=0 prior=0
[inst] req=23560192 hits=8537065 fwd=58683 rows=15022644 fwd_ms=984791.5 eval=0 prior=0
[inst] req=23568384 hits=8540630 fwd=58701 rows=15027252 fwd_ms=985062.5 eval=0 prior=0
[inst] req=23576576 hits=8544151 fwd=58720 rows=15032116 fwd_ms=985348.8 eval=0 prior=0
[inst] req=23584768 hits=8547344 fwd=58739 rows=15036980 fwd_ms=985635.0 eval=0 prior=0
[inst] req=23592960 hits=8550677 fwd=58758 rows=15041844 fwd_ms=985921.3 eval=0 prior=0
[inst] req=23601152 hits=8554162 fwd=58777 rows=15046708 fwd_ms=986207.8 eval=0 prior=0
[inst] req=23609344 hits=8557388 fwd=58796 rows=15051572 fwd_ms=986493.7 eval=0 prior=0
[inst] req=23617536 hits=8560628 fwd=58815 rows=15056436 fwd_ms=986780.2 eval=0 prior=0
[inst] req=23625728 hits=8563966 fwd=58834 rows=15061300 fwd_ms=987066.3 eval=0 prior=0
[inst] req=23633920 hits=8567474 fwd=58853 rows=15066164 fwd_ms=987352.5 eval=0 prior=0
[inst] req=23642112 hits=8570986 fwd=58871 rows=15070772 fwd_ms=987623.8 eval=0 prior=0
[inst] req=23650304 hits=8574313 fwd=58890 rows=15075636 fwd_ms=987910.0 eval=0 prior=0
[inst] req=23658496 hits=8577522 fwd=58909 rows=15080500 fwd_ms=988196.2 eval=0 prior=0
[inst] req=23666688 hits=8580833 fwd=58928 rows=15085364 fwd_ms=988482.2 eval=0 prior=0
[inst] req=23674880 hits=8584018 fwd=58948 rows=15090484 fwd_ms=988783.3 eval=0 prior=0
[inst] req=23683072 hits=8587164 fwd=58968 rows=15095604 fwd_ms=989084.4 eval=0 prior=0
[inst] req=23691264 hits=8590402 fwd=58987 rows=15100468 fwd_ms=989370.7 eval=0 prior=0
[inst] req=23699456 hits=8593643 fwd=59006 rows=15105332 fwd_ms=989656.9 eval=0 prior=0
[inst] req=23707648 hits=8597022 fwd=59025 rows=15110196 fwd_ms=989942.9 eval=0 prior=0
[inst] req=23715840 hits=8600280 fwd=59044 rows=15115060 fwd_ms=990229.0 eval=0 prior=0
[inst] req=23724032 hits=8603623 fwd=59063 rows=15119924 fwd_ms=990515.3 eval=0 prior=0
[inst] req=23732224 hits=8607126 fwd=59082 rows=15124788 fwd_ms=990801.6 eval=0 prior=0
[inst] req=23740416 hits=8610774 fwd=59099 rows=15129140 fwd_ms=991057.6 eval=0 prior=0
[inst] req=23748608 hits=8614167 fwd=59118 rows=15134004 fwd_ms=991343.6 eval=0 prior=0
[inst] req=23756800 hits=8617435 fwd=59137 rows=15138868 fwd_ms=991629.8 eval=0 prior=0
[inst] req=23764992 hits=8620802 fwd=59156 rows=15143732 fwd_ms=991915.9 eval=0 prior=0
[inst] req=23773184 hits=8623979 fwd=59176 rows=15148852 fwd_ms=992217.1 eval=0 prior=0
[inst] req=23781376 hits=8627333 fwd=59195 rows=15153716 fwd_ms=992503.2 eval=0 prior=0
[inst] req=23789568 hits=8630795 fwd=59213 rows=15158324 fwd_ms=992774.7 eval=0 prior=0
[inst] req=23797760 hits=8634167 fwd=59232 rows=15163188 fwd_ms=993061.0 eval=0 prior=0
[inst] req=23805952 hits=8637542 fwd=59251 rows=15168052 fwd_ms=993347.0 eval=0 prior=0
[inst] req=23814144 hits=8640869 fwd=59270 rows=15172916 fwd_ms=993633.2 eval=0 prior=0
[inst] req=23822336 hits=8644365 fwd=59288 rows=15177524 fwd_ms=993904.2 eval=0 prior=0
[inst] req=23830528 hits=8647700 fwd=59307 rows=15182388 fwd_ms=994190.3 eval=0 prior=0
[inst] req=23838720 hits=8650903 fwd=59327 rows=15187508 fwd_ms=994491.5 eval=0 prior=0
[inst] req=23846912 hits=8654203 fwd=59346 rows=15192372 fwd_ms=994777.5 eval=0 prior=0
[inst] req=23855104 hits=8657408 fwd=59365 rows=15197236 fwd_ms=995063.4 eval=0 prior=0
[inst] req=23863296 hits=8660801 fwd=59384 rows=15202100 fwd_ms=995349.3 eval=0 prior=0
[inst] req=23871488 hits=8664263 fwd=59403 rows=15206964 fwd_ms=995635.4 eval=0 prior=0
[inst] req=23879680 hits=8667613 fwd=59421 rows=15211572 fwd_ms=995906.6 eval=0 prior=0
[inst] req=23887872 hits=8670892 fwd=59441 rows=15216692 fwd_ms=996207.5 eval=0 prior=0
[inst] req=23896064 hits=8674281 fwd=59459 rows=15221300 fwd_ms=996478.4 eval=0 prior=0
[inst] req=23904256 hits=8677423 fwd=59479 rows=15226420 fwd_ms=996779.1 eval=0 prior=0
[inst] req=23912448 hits=8680836 fwd=59498 rows=15231284 fwd_ms=997065.1 eval=0 prior=0
[inst] req=23920640 hits=8684384 fwd=59516 rows=15235892 fwd_ms=997336.6 eval=0 prior=0
[inst] req=23928832 hits=8687840 fwd=59534 rows=15240500 fwd_ms=997607.5 eval=0 prior=0
[inst] req=23937024 hits=8691097 fwd=59554 rows=15245620 fwd_ms=997908.2 eval=0 prior=0
[inst] req=23945216 hits=8694363 fwd=59573 rows=15250484 fwd_ms=998194.1 eval=0 prior=0
[inst] req=23953408 hits=8697621 fwd=59592 rows=15255348 fwd_ms=998479.9 eval=0 prior=0
[inst] req=23961600 hits=8700835 fwd=59612 rows=15260468 fwd_ms=998780.6 eval=0 prior=0
[inst] req=23969792 hits=8704103 fwd=59631 rows=15265332 fwd_ms=999066.2 eval=0 prior=0
[inst] req=23977984 hits=8707612 fwd=59649 rows=15269940 fwd_ms=999337.1 eval=0 prior=0
[inst] req=23986176 hits=8710955 fwd=59668 rows=15274804 fwd_ms=999622.9 eval=0 prior=0
[inst] req=23994368 hits=8714427 fwd=59687 rows=15279668 fwd_ms=999908.8 eval=0 prior=0
[inst] req=24002560 hits=8718085 fwd=59704 rows=15284020 fwd_ms=1000164.7 eval=0 prior=0
[inst] req=24010752 hits=8721305 fwd=59724 rows=15289140 fwd_ms=1000465.7 eval=0 prior=0
[inst] req=24018944 hits=8724726 fwd=59742 rows=15293748 fwd_ms=1000736.6 eval=0 prior=0
[inst] req=24027136 hits=8727943 fwd=59762 rows=15298868 fwd_ms=1001037.6 eval=0 prior=0
[inst] req=24035328 hits=8731119 fwd=59781 rows=15303732 fwd_ms=1001323.4 eval=0 prior=0
[inst] req=24043520 hits=8734402 fwd=59801 rows=15308852 fwd_ms=1001624.4 eval=0 prior=0
[inst] req=24051712 hits=8737712 fwd=59820 rows=15313716 fwd_ms=1001910.5 eval=0 prior=0
[inst] req=24059904 hits=8741172 fwd=59838 rows=15318324 fwd_ms=1002181.4 eval=0 prior=0
[inst] req=24068096 hits=8744536 fwd=59857 rows=15323188 fwd_ms=1002467.4 eval=0 prior=0
