Logging directory: /home/ubuntu/rl/reinfors-benchmarks/runs/v1_grid/os_a32/cycle2/throughput
Creating model: /home/ubuntu/rl/reinfors-benchmarks/runs/v1_grid/os_a32/cycle2/throughput/vpnet.pb
Playing game: chess
Loading model from step 0
[W TensorCompare.cpp:530] Warning: where received a uint8 condition tensor. This behavior is deprecated and will be removed in a future version of PyTorch. Use a boolean condition instead. (function operator())
[inst] req=8192 hits=2450 fwd=179 rows=5728 fwd_ms=731.7 eval=0 prior=0
[inst] req=16384 hits=4902 fwd=358 rows=11456 fwd_ms=1209.0 eval=0 prior=0
[inst] req=24576 hits=7279 fwd=540 rows=17280 fwd_ms=1696.0 eval=0 prior=0
[inst] req=32768 hits=9804 fwd=717 rows=22944 fwd_ms=2169.1 eval=0 prior=0
[inst] req=40960 hits=12479 fwd=890 rows=28480 fwd_ms=2631.6 eval=0 prior=0
[inst] req=49152 hits=15178 fwd=1061 rows=33944 fwd_ms=3121.6 eval=0 prior=0
[inst] req=57344 hits=17793 fwd=1236 rows=39544 fwd_ms=3587.4 eval=0 prior=0
[inst] req=65536 hits=20559 fwd=1405 rows=44952 fwd_ms=4037.1 eval=0 prior=0
[inst] req=73728 hits=23173 fwd=1580 rows=50552 fwd_ms=4504.8 eval=0 prior=0
[inst] req=81920 hits=25718 fwd=1756 rows=56184 fwd_ms=4976.6 eval=0 prior=0
[inst] req=90112 hits=28298 fwd=1933 rows=61811 fwd_ms=5470.9 eval=0 prior=0
[inst] req=98304 hits=30854 fwd=2109 rows=67443 fwd_ms=5940.5 eval=0 prior=0
[inst] req=106496 hits=33335 fwd=2287 rows=73139 fwd_ms=6418.3 eval=0 prior=0
[inst] req=114688 hits=35734 fwd=2468 rows=78931 fwd_ms=6904.8 eval=0 prior=0
[inst] req=122880 hits=38242 fwd=2646 rows=84626 fwd_ms=7382.5 eval=0 prior=0
[inst] req=131072 hits=40741 fwd=2824 rows=90321 fwd_ms=7858.1 eval=0 prior=0
[inst] req=139264 hits=43177 fwd=3004 rows=96081 fwd_ms=8343.9 eval=0 prior=0
[inst] req=147456 hits=45645 fwd=3183 rows=101809 fwd_ms=8823.8 eval=0 prior=0
[inst] req=155648 hits=48200 fwd=3359 rows=107439 fwd_ms=9293.9 eval=0 prior=0
[inst] req=163840 hits=50665 fwd=3538 rows=113167 fwd_ms=9773.3 eval=0 prior=0
[inst] req=172032 hits=53196 fwd=3716 rows=118829 fwd_ms=10269.1 eval=0 prior=0
[inst] req=180224 hits=55588 fwd=3897 rows=124621 fwd_ms=10755.0 eval=0 prior=0
[inst] req=188416 hits=58122 fwd=4074 rows=130284 fwd_ms=11229.4 eval=0 prior=0
[inst] req=196608 hits=60501 fwd=4255 rows=136076 fwd_ms=11714.5 eval=0 prior=0
[inst] req=204800 hits=62997 fwd=4433 rows=141771 fwd_ms=12191.8 eval=0 prior=0
[inst] req=212992 hits=65489 fwd=4612 rows=147499 fwd_ms=12672.1 eval=0 prior=0
[inst] req=221184 hits=67996 fwd=4789 rows=153163 fwd_ms=13147.3 eval=0 prior=0
[inst] req=229376 hits=70576 fwd=4965 rows=158794 fwd_ms=13619.1 eval=0 prior=0
[inst] req=237568 hits=73219 fwd=5138 rows=164328 fwd_ms=14082.4 eval=0 prior=0
[inst] req=245760 hits=75787 fwd=5314 rows=169958 fwd_ms=14554.0 eval=0 prior=0
[inst] req=253952 hits=78224 fwd=5494 rows=175718 fwd_ms=15036.2 eval=0 prior=0
[inst] req=262144 hits=80743 fwd=5671 rows=181382 fwd_ms=15511.8 eval=0 prior=0
[inst] req=270336 hits=83259 fwd=5848 rows=187046 fwd_ms=15986.4 eval=0 prior=0
[inst] req=278528 hits=85790 fwd=6025 rows=192710 fwd_ms=16459.5 eval=0 prior=0
[inst] req=286720 hits=88320 fwd=6202 rows=198374 fwd_ms=16932.5 eval=0 prior=0
[inst] req=294912 hits=90848 fwd=6379 rows=204038 fwd_ms=17408.6 eval=0 prior=0
[inst] req=303104 hits=93547 fwd=6551 rows=209540 fwd_ms=17871.9 eval=0 prior=0
[inst] req=311296 hits=96140 fwd=6726 rows=215140 fwd_ms=18341.8 eval=0 prior=0
[inst] req=319488 hits=98795 fwd=6899 rows=220676 fwd_ms=18806.8 eval=0 prior=0
[inst] req=327680 hits=101450 fwd=7072 rows=226212 fwd_ms=19271.2 eval=0 prior=0
[inst] req=335872 hits=104284 fwd=7240 rows=231587 fwd_ms=19723.1 eval=0 prior=0
[inst] req=344064 hits=106959 fwd=7413 rows=237076 fwd_ms=20207.8 eval=0 prior=0
[inst] req=352256 hits=109598 fwd=7587 rows=242644 fwd_ms=20678.8 eval=0 prior=0
[inst] req=360448 hits=112410 fwd=7755 rows=248017 fwd_ms=21141.9 eval=0 prior=0
[inst] req=368640 hits=114967 fwd=7931 rows=253649 fwd_ms=21614.7 eval=0 prior=0
[inst] req=376832 hits=117593 fwd=8105 rows=259217 fwd_ms=22079.0 eval=0 prior=0
[inst] req=385024 hits=120386 fwd=8274 rows=264623 fwd_ms=22538.6 eval=0 prior=0
[inst] req=393216 hits=123169 fwd=8443 rows=270030 fwd_ms=23004.2 eval=0 prior=0
[inst] req=401408 hits=125897 fwd=8614 rows=275502 fwd_ms=23462.7 eval=0 prior=0
[inst] req=409600 hits=128611 fwd=8785 rows=280974 fwd_ms=23921.0 eval=0 prior=0
[inst] req=417792 hits=131619 fwd=8947 rows=286155 fwd_ms=24354.0 eval=0 prior=0
[inst] req=425984 hits=134299 fwd=9119 rows=291659 fwd_ms=24815.5 eval=0 prior=0
[inst] req=434176 hits=136988 fwd=9291 rows=297163 fwd_ms=25277.6 eval=0 prior=0
[inst] req=442368 hits=139897 fwd=9456 rows=302440 fwd_ms=25720.4 eval=0 prior=0
[inst] req=450560 hits=142690 fwd=9625 rows=307847 fwd_ms=26177.1 eval=0 prior=0
[inst] req=458752 hits=145449 fwd=9795 rows=313285 fwd_ms=26636.0 eval=0 prior=0
[inst] req=466944 hits=148146 fwd=9967 rows=318786 fwd_ms=27100.8 eval=0 prior=0
[inst] req=475136 hits=150745 fwd=10142 rows=324386 fwd_ms=27576.8 eval=0 prior=0
[inst] req=483328 hits=153310 fwd=10317 rows=329986 fwd_ms=28047.2 eval=0 prior=0
[inst] req=491520 hits=155995 fwd=10490 rows=335522 fwd_ms=28511.3 eval=0 prior=0
[inst] req=499712 hits=158603 fwd=10664 rows=341090 fwd_ms=28977.7 eval=0 prior=0
[inst] req=507904 hits=161429 fwd=10832 rows=346464 fwd_ms=29431.5 eval=0 prior=0
[inst] req=516096 hits=164197 fwd=11001 rows=351871 fwd_ms=29889.0 eval=0 prior=0
[inst] req=524288 hits=166859 fwd=11174 rows=357407 fwd_ms=30354.9 eval=0 prior=0
[inst] req=532480 hits=169487 fwd=11348 rows=362975 fwd_ms=30823.3 eval=0 prior=0
[inst] req=540672 hits=172362 fwd=11514 rows=368284 fwd_ms=31269.1 eval=0 prior=0
[inst] req=548864 hits=175106 fwd=11685 rows=373756 fwd_ms=31730.4 eval=0 prior=0
[inst] req=557056 hits=177729 fwd=11859 rows=379324 fwd_ms=32202.1 eval=0 prior=0
[inst] req=565248 hits=180526 fwd=12027 rows=384700 fwd_ms=32659.3 eval=0 prior=0
[inst] req=573440 hits=183226 fwd=12199 rows=390204 fwd_ms=33128.8 eval=0 prior=0
[inst] req=581632 hits=185945 fwd=12370 rows=395676 fwd_ms=33590.4 eval=0 prior=0
[inst] req=589824 hits=188617 fwd=12542 rows=401180 fwd_ms=34051.3 eval=0 prior=0
[inst] req=598016 hits=191222 fwd=12717 rows=406780 fwd_ms=34526.3 eval=0 prior=0
[inst] req=606208 hits=193751 fwd=12894 rows=412444 fwd_ms=35001.4 eval=0 prior=0
[inst] req=614400 hits=196328 fwd=13069 rows=418044 fwd_ms=35469.2 eval=0 prior=0
[inst] req=622592 hits=199284 fwd=13233 rows=423290 fwd_ms=35908.2 eval=0 prior=0
[inst] req=630784 hits=202022 fwd=13403 rows=428730 fwd_ms=36367.4 eval=0 prior=0
[inst] req=638976 hits=204684 fwd=13576 rows=434266 fwd_ms=36834.1 eval=0 prior=0
[inst] req=647168 hits=207385 fwd=13748 rows=439770 fwd_ms=37295.7 eval=0 prior=0
[inst] req=655360 hits=210159 fwd=13917 rows=445177 fwd_ms=37749.2 eval=0 prior=0
[inst] req=663552 hits=212809 fwd=14090 rows=450713 fwd_ms=38212.9 eval=0 prior=0
[inst] req=671744 hits=215471 fwd=14263 rows=456249 fwd_ms=38676.1 eval=0 prior=0
[inst] req=679936 hits=218263 fwd=14432 rows=461657 fwd_ms=39128.2 eval=0 prior=0
[inst] req=688128 hits=221036 fwd=14601 rows=467065 fwd_ms=39579.5 eval=0 prior=0
[inst] req=696320 hits=223698 fwd=14774 rows=472601 fwd_ms=40041.4 eval=0 prior=0
[inst] req=704512 hits=226575 fwd=14940 rows=477911 fwd_ms=40484.6 eval=0 prior=0
[inst] req=712704 hits=229471 fwd=15106 rows=483221 fwd_ms=40927.8 eval=0 prior=0
[inst] req=720896 hits=232260 fwd=15275 rows=488629 fwd_ms=41380.2 eval=0 prior=0
[inst] req=729088 hits=234878 fwd=15449 rows=494197 fwd_ms=41846.3 eval=0 prior=0
[inst] req=737280 hits=237736 fwd=15616 rows=499540 fwd_ms=42293.6 eval=0 prior=0
[inst] req=745472 hits=240472 fwd=15786 rows=504980 fwd_ms=42748.3 eval=0 prior=0
[inst] req=753664 hits=243191 fwd=15957 rows=510452 fwd_ms=43205.6 eval=0 prior=0
[inst] req=761856 hits=245990 fwd=16126 rows=515860 fwd_ms=43666.4 eval=0 prior=0
[inst] req=770048 hits=248856 fwd=16292 rows=521172 fwd_ms=44124.0 eval=0 prior=0
[inst] req=778240 hits=251645 fwd=16461 rows=526580 fwd_ms=44587.3 eval=0 prior=0
[inst] req=786432 hits=254417 fwd=16630 rows=531988 fwd_ms=45048.2 eval=0 prior=0
[inst] req=794624 hits=257169 fwd=16800 rows=537428 fwd_ms=45515.5 eval=0 prior=0
[inst] req=802816 hits=260093 fwd=16965 rows=542708 fwd_ms=45962.3 eval=0 prior=0
[inst] req=811008 hits=262878 fwd=17134 rows=548116 fwd_ms=46418.4 eval=0 prior=0
[inst] req=819200 hits=265621 fwd=17304 rows=553556 fwd_ms=46877.8 eval=0 prior=0
[inst] req=827392 hits=268282 fwd=17477 rows=559092 fwd_ms=47346.2 eval=0 prior=0
[inst] req=835584 hits=271229 fwd=17641 rows=564336 fwd_ms=47809.7 eval=0 prior=0
[inst] req=843776 hits=274099 fwd=17807 rows=569647 fwd_ms=48257.2 eval=0 prior=0
[inst] req=851968 hits=276856 fwd=17977 rows=575087 fwd_ms=48713.3 eval=0 prior=0
[inst] req=860160 hits=279612 fwd=18147 rows=580527 fwd_ms=49171.5 eval=0 prior=0
[inst] req=868352 hits=282404 fwd=18316 rows=585935 fwd_ms=49623.7 eval=0 prior=0
[inst] req=876544 hits=285303 fwd=18481 rows=591214 fwd_ms=50064.9 eval=0 prior=0
[inst] req=884736 hits=288090 fwd=18650 rows=596622 fwd_ms=50519.1 eval=0 prior=0
[inst] req=892928 hits=290776 fwd=18822 rows=602126 fwd_ms=50988.7 eval=0 prior=0
[inst] req=901120 hits=293516 fwd=18993 rows=607598 fwd_ms=51450.1 eval=0 prior=0
[inst] req=909312 hits=296382 fwd=19159 rows=612909 fwd_ms=51900.9 eval=0 prior=0
[inst] req=917504 hits=299291 fwd=19324 rows=618188 fwd_ms=52343.2 eval=0 prior=0
[inst] req=925696 hits=302172 fwd=19490 rows=623499 fwd_ms=52791.6 eval=0 prior=0
[inst] req=933888 hits=305038 fwd=19657 rows=628843 fwd_ms=53243.1 eval=0 prior=0
[inst] req=942080 hits=308037 fwd=19819 rows=634026 fwd_ms=53678.1 eval=0 prior=0
[inst] req=950272 hits=310809 fwd=19988 rows=639434 fwd_ms=54130.0 eval=0 prior=0
[inst] req=958464 hits=313800 fwd=20151 rows=644649 fwd_ms=54565.9 eval=0 prior=0
[inst] req=966656 hits=316799 fwd=20313 rows=649833 fwd_ms=54999.7 eval=0 prior=0
[inst] req=974848 hits=319783 fwd=20476 rows=655047 fwd_ms=55436.0 eval=0 prior=0
[inst] req=983040 hits=322703 fwd=20641 rows=660327 fwd_ms=55877.1 eval=0 prior=0
[inst] req=991232 hits=325617 fwd=20806 rows=665607 fwd_ms=56318.2 eval=0 prior=0
[inst] req=999424 hits=328664 fwd=20967 rows=670758 fwd_ms=56749.0 eval=0 prior=0
[inst] req=1007616 hits=331745 fwd=21126 rows=675846 fwd_ms=57173.7 eval=0 prior=0
[inst] req=1015808 hits=334787 fwd=21287 rows=680996 fwd_ms=57603.8 eval=0 prior=0
[inst] req=1024000 hits=337702 fwd=21452 rows=686276 fwd_ms=58045.1 eval=0 prior=0
[inst] req=1032192 hits=340660 fwd=21616 rows=691523 fwd_ms=58483.2 eval=0 prior=0
[inst] req=1040384 hits=343458 fwd=21784 rows=696898 fwd_ms=58932.1 eval=0 prior=0
[inst] req=1048576 hits=346236 fwd=21954 rows=702338 fwd_ms=59386.7 eval=0 prior=0
[inst] req=1056768 hits=349125 fwd=22119 rows=707617 fwd_ms=59827.6 eval=0 prior=0
[inst] req=1064960 hits=351938 fwd=22287 rows=712992 fwd_ms=60276.5 eval=0 prior=0
[inst] req=1073152 hits=354709 fwd=22457 rows=718432 fwd_ms=60730.5 eval=0 prior=0
[inst] req=1081344 hits=357459 fwd=22627 rows=723872 fwd_ms=61184.5 eval=0 prior=0
[inst] req=1089536 hits=360249 fwd=22796 rows=729280 fwd_ms=61636.1 eval=0 prior=0
[inst] req=1097728 hits=363207 fwd=22959 rows=734496 fwd_ms=62071.7 eval=0 prior=0
[inst] req=1105920 hits=366029 fwd=23127 rows=739872 fwd_ms=62520.9 eval=0 prior=0
[inst] req=1114112 hits=368905 fwd=23293 rows=745182 fwd_ms=62965.0 eval=0 prior=0
[inst] req=1122304 hits=371664 fwd=23463 rows=750622 fwd_ms=63419.6 eval=0 prior=0
[inst] req=1130496 hits=374477 fwd=23631 rows=755998 fwd_ms=63868.8 eval=0 prior=0
[inst] req=1138688 hits=377245 fwd=23801 rows=761438 fwd_ms=64322.8 eval=0 prior=0
[inst] req=1146880 hits=380098 fwd=23968 rows=766775 fwd_ms=64770.4 eval=0 prior=0
[inst] req=1155072 hits=382919 fwd=24136 rows=772150 fwd_ms=65219.5 eval=0 prior=0
[inst] req=1163264 hits=385639 fwd=24307 rows=777622 fwd_ms=65677.2 eval=0 prior=0
[inst] req=1171456 hits=388435 fwd=24475 rows=782996 fwd_ms=66127.1 eval=0 prior=0
[inst] req=1179648 hits=391226 fwd=24644 rows=788402 fwd_ms=66579.9 eval=0 prior=0
[inst] req=1187840 hits=394036 fwd=24812 rows=793776 fwd_ms=67030.3 eval=0 prior=0
[inst] req=1196032 hits=396794 fwd=24982 rows=799214 fwd_ms=67486.2 eval=0 prior=0
[inst] req=1204224 hits=399452 fwd=25155 rows=804750 fwd_ms=67949.2 eval=0 prior=0
[inst] req=1212416 hits=402213 fwd=25325 rows=810190 fwd_ms=68404.2 eval=0 prior=0
[inst] req=1220608 hits=405183 fwd=25488 rows=815405 fwd_ms=68840.1 eval=0 prior=0
[inst] req=1228800 hits=407960 fwd=25657 rows=820812 fwd_ms=69291.7 eval=0 prior=0
[inst] req=1236992 hits=410665 fwd=25829 rows=826316 fwd_ms=69751.9 eval=0 prior=0
[inst] req=1245184 hits=413338 fwd=26001 rows=831820 fwd_ms=70212.1 eval=0 prior=0
[inst] req=1253376 hits=416126 fwd=26170 rows=837228 fwd_ms=70664.2 eval=0 prior=0
[inst] req=1261568 hits=418785 fwd=26343 rows=842764 fwd_ms=71127.1 eval=0 prior=0
[inst] req=1269760 hits=421486 fwd=26515 rows=848268 fwd_ms=71587.1 eval=0 prior=0
[inst] req=1277952 hits=424172 fwd=26687 rows=853772 fwd_ms=72047.1 eval=0 prior=0
[inst] req=1286144 hits=426872 fwd=26858 rows=859244 fwd_ms=72504.4 eval=0 prior=0
[inst] req=1294336 hits=429535 fwd=27031 rows=864780 fwd_ms=72967.7 eval=0 prior=0
[inst] req=1302528 hits=432214 fwd=27203 rows=870284 fwd_ms=73427.6 eval=0 prior=0
[inst] req=1310720 hits=434924 fwd=27375 rows=875788 fwd_ms=73887.8 eval=0 prior=0
[inst] req=1318912 hits=437813 fwd=27540 rows=881067 fwd_ms=74329.6 eval=0 prior=0
[inst] req=1327104 hits=440621 fwd=27709 rows=886473 fwd_ms=74781.4 eval=0 prior=0
[inst] req=1335296 hits=443623 fwd=27871 rows=891655 fwd_ms=75215.4 eval=0 prior=0
[inst] req=1343488 hits=446358 fwd=28042 rows=897127 fwd_ms=75672.8 eval=0 prior=0
[inst] req=1351680 hits=449009 fwd=28215 rows=902663 fwd_ms=76135.5 eval=0 prior=0
[inst] req=1359872 hits=451889 fwd=28381 rows=907974 fwd_ms=76579.7 eval=0 prior=0
[inst] req=1368064 hits=454615 fwd=28552 rows=913446 fwd_ms=77037.2 eval=0 prior=0
[inst] req=1376256 hits=457349 fwd=28722 rows=918886 fwd_ms=77492.4 eval=0 prior=0
[inst] req=1384448 hits=460322 fwd=28885 rows=924098 fwd_ms=77927.9 eval=0 prior=0
[inst] req=1392640 hits=462987 fwd=29058 rows=929634 fwd_ms=78390.9 eval=0 prior=0
[inst] req=1400832 hits=465833 fwd=29225 rows=934977 fwd_ms=78837.3 eval=0 prior=0
[inst] req=1409024 hits=468600 fwd=29395 rows=940417 fwd_ms=79291.2 eval=0 prior=0
[inst] req=1417216 hits=471543 fwd=29559 rows=945661 fwd_ms=79729.6 eval=0 prior=0
[inst] req=1425408 hits=474608 fwd=29719 rows=950779 fwd_ms=80157.6 eval=0 prior=0
[inst] req=1433600 hits=477272 fwd=29892 rows=956315 fwd_ms=80620.1 eval=0 prior=0
[inst] req=1441792 hits=480112 fwd=30059 rows=961657 fwd_ms=81066.7 eval=0 prior=0
[inst] req=1449984 hits=482851 fwd=30230 rows=967129 fwd_ms=81523.8 eval=0 prior=0
[inst] req=1458176 hits=485673 fwd=30397 rows=972473 fwd_ms=81971.3 eval=0 prior=0
[inst] req=1466368 hits=488376 fwd=30569 rows=977977 fwd_ms=82432.3 eval=0 prior=0
[inst] req=1474560 hits=491074 fwd=30741 rows=983481 fwd_ms=82891.9 eval=0 prior=0
[inst] req=1482752 hits=493868 fwd=30909 rows=988853 fwd_ms=83341.0 eval=0 prior=0
[inst] req=1490944 hits=496591 fwd=31080 rows=994325 fwd_ms=83798.0 eval=0 prior=0
[inst] req=1499136 hits=499369 fwd=31250 rows=999765 fwd_ms=84252.4 eval=0 prior=0
[inst] req=1507328 hits=502120 fwd=31420 rows=1005205 fwd_ms=84706.8 eval=0 prior=0
[inst] req=1515520 hits=504992 fwd=31586 rows=1010516 fwd_ms=85150.7 eval=0 prior=0
[inst] req=1523712 hits=507752 fwd=31756 rows=1015956 fwd_ms=85609.0 eval=0 prior=0
[inst] req=1531904 hits=510440 fwd=31928 rows=1021460 fwd_ms=86072.4 eval=0 prior=0
[inst] req=1540096 hits=513179 fwd=32098 rows=1026900 fwd_ms=86526.8 eval=0 prior=0
[inst] req=1548288 hits=516001 fwd=32266 rows=1032276 fwd_ms=86975.5 eval=0 prior=0
[inst] req=1556480 hits=518813 fwd=32434 rows=1037652 fwd_ms=87424.9 eval=0 prior=0
[inst] req=1564672 hits=521554 fwd=32604 rows=1043092 fwd_ms=87879.7 eval=0 prior=0
[inst] req=1572864 hits=524223 fwd=32777 rows=1048628 fwd_ms=88342.8 eval=0 prior=0
[inst] req=1581056 hits=526867 fwd=32950 rows=1054164 fwd_ms=88805.9 eval=0 prior=0
[inst] req=1589248 hits=529623 fwd=33120 rows=1059604 fwd_ms=89260.5 eval=0 prior=0
[inst] req=1597440 hits=532375 fwd=33290 rows=1065044 fwd_ms=89715.7 eval=0 prior=0
[inst] req=1605632 hits=535180 fwd=33459 rows=1070450 fwd_ms=90168.6 eval=0 prior=0
[inst] req=1613824 hits=537872 fwd=33630 rows=1075922 fwd_ms=90626.7 eval=0 prior=0
[inst] req=1622016 hits=540606 fwd=33801 rows=1081394 fwd_ms=91084.2 eval=0 prior=0
[inst] req=1630208 hits=543297 fwd=33973 rows=1086898 fwd_ms=91544.9 eval=0 prior=0
[inst] req=1638400 hits=546246 fwd=34137 rows=1092145 fwd_ms=91983.6 eval=0 prior=0
[inst] req=1646592 hits=549047 fwd=34305 rows=1097513 fwd_ms=92454.3 eval=0 prior=0
[inst] req=1654784 hits=552042 fwd=34468 rows=1102728 fwd_ms=92892.4 eval=0 prior=0
[inst] req=1662976 hits=554754 fwd=34639 rows=1108200 fwd_ms=93352.4 eval=0 prior=0
[inst] req=1671168 hits=557626 fwd=34806 rows=1113538 fwd_ms=93799.4 eval=0 prior=0
[inst] req=1679360 hits=560360 fwd=34976 rows=1118978 fwd_ms=94254.2 eval=0 prior=0
[inst] req=1687552 hits=563225 fwd=35143 rows=1124321 fwd_ms=94700.9 eval=0 prior=0
[inst] req=1695744 hits=566004 fwd=35312 rows=1129729 fwd_ms=95153.5 eval=0 prior=0
[inst] req=1703936 hits=568878 fwd=35478 rows=1135040 fwd_ms=95597.8 eval=0 prior=0
[inst] req=1712128 hits=571666 fwd=35647 rows=1140447 fwd_ms=96052.3 eval=0 prior=0
[inst] req=1720320 hits=574595 fwd=35811 rows=1145695 fwd_ms=96493.4 eval=0 prior=0
[inst] req=1728512 hits=577430 fwd=35979 rows=1151071 fwd_ms=96943.6 eval=0 prior=0
[inst] req=1736704 hits=580290 fwd=36145 rows=1156383 fwd_ms=97387.7 eval=0 prior=0
[inst] req=1744896 hits=583087 fwd=36314 rows=1161791 fwd_ms=97839.4 eval=0 prior=0
[inst] req=1753088 hits=586088 fwd=36476 rows=1166972 fwd_ms=98273.6 eval=0 prior=0
[inst] req=1761280 hits=588916 fwd=36644 rows=1172347 fwd_ms=98722.7 eval=0 prior=0
[inst] req=1769472 hits=591699 fwd=36813 rows=1177755 fwd_ms=99174.5 eval=0 prior=0
[inst] req=1777664 hits=594391 fwd=36985 rows=1183259 fwd_ms=99634.5 eval=0 prior=0
[inst] req=1785856 hits=597327 fwd=37149 rows=1188505 fwd_ms=100073.2 eval=0 prior=0
[inst] req=1794048 hits=600207 fwd=37315 rows=1193816 fwd_ms=100517.5 eval=0 prior=0
[inst] req=1802240 hits=602993 fwd=37484 rows=1199224 fwd_ms=100969.2 eval=0 prior=0
[inst] req=1810432 hits=605733 fwd=37655 rows=1204696 fwd_ms=101426.5 eval=0 prior=0
[inst] req=1818624 hits=608678 fwd=37819 rows=1209942 fwd_ms=101865.0 eval=0 prior=0
[inst] req=1826816 hits=611740 fwd=37979 rows=1215061 fwd_ms=102293.0 eval=0 prior=0
[inst] req=1835008 hits=614562 fwd=38147 rows=1220437 fwd_ms=102743.4 eval=0 prior=0
[inst] req=1843200 hits=617277 fwd=38318 rows=1225909 fwd_ms=103200.6 eval=0 prior=0
[inst] req=1851392 hits=620199 fwd=38483 rows=1231188 fwd_ms=103642.0 eval=0 prior=0
[inst] req=1859584 hits=623022 fwd=38650 rows=1236532 fwd_ms=104088.7 eval=0 prior=0
[inst] req=1867776 hits=625883 fwd=38817 rows=1241875 fwd_ms=104535.4 eval=0 prior=0
[inst] req=1875968 hits=628746 fwd=38984 rows=1247219 fwd_ms=104982.4 eval=0 prior=0
[inst] req=1884160 hits=631495 fwd=39154 rows=1252659 fwd_ms=105437.1 eval=0 prior=0
[inst] req=1892352 hits=634417 fwd=39319 rows=1257933 fwd_ms=105897.3 eval=0 prior=0
[inst] req=1900544 hits=637206 fwd=39487 rows=1263309 fwd_ms=106348.3 eval=0 prior=0
[inst] req=1908736 hits=640290 fwd=39647 rows=1268424 fwd_ms=106779.0 eval=0 prior=0
[inst] req=1916928 hits=643039 fwd=39817 rows=1273864 fwd_ms=107233.8 eval=0 prior=0
[inst] req=1925120 hits=645874 fwd=39985 rows=1279238 fwd_ms=107683.4 eval=0 prior=0
[inst] req=1933312 hits=648515 fwd=40158 rows=1284774 fwd_ms=108146.8 eval=0 prior=0
[inst] req=1941504 hits=651309 fwd=40327 rows=1290180 fwd_ms=108598.7 eval=0 prior=0
[inst] req=1949696 hits=654035 fwd=40498 rows=1295651 fwd_ms=109055.9 eval=0 prior=0
[inst] req=1957888 hits=656925 fwd=40664 rows=1300960 fwd_ms=109500.2 eval=0 prior=0
[inst] req=1966080 hits=659519 fwd=40839 rows=1306560 fwd_ms=109969.4 eval=0 prior=0
[inst] req=1974272 hits=662149 fwd=41012 rows=1312096 fwd_ms=110432.5 eval=0 prior=0
[inst] req=1982464 hits=664800 fwd=41185 rows=1317632 fwd_ms=110895.6 eval=0 prior=0
[inst] req=1990656 hits=667619 fwd=41353 rows=1323007 fwd_ms=111344.8 eval=0 prior=0
[inst] req=1998848 hits=670290 fwd=41526 rows=1328543 fwd_ms=111808.6 eval=0 prior=0
[inst] req=2007040 hits=673051 fwd=41696 rows=1333983 fwd_ms=112264.2 eval=0 prior=0
[inst] req=2015232 hits=675754 fwd=41867 rows=1339455 fwd_ms=112722.5 eval=0 prior=0
[inst] req=2023424 hits=678689 fwd=42032 rows=1344734 fwd_ms=113164.1 eval=0 prior=0
[inst] req=2031616 hits=681402 fwd=42203 rows=1350206 fwd_ms=113623.1 eval=0 prior=0
[inst] req=2039808 hits=684063 fwd=42376 rows=1355742 fwd_ms=114087.0 eval=0 prior=0
[inst] req=2048000 hits=686703 fwd=42549 rows=1361278 fwd_ms=114550.8 eval=0 prior=0
[inst] req=2056192 hits=689489 fwd=42718 rows=1366685 fwd_ms=115003.3 eval=0 prior=0
[inst] req=2064384 hits=692080 fwd=42893 rows=1372285 fwd_ms=115472.0 eval=0 prior=0
[inst] req=2072576 hits=694859 fwd=43062 rows=1377692 fwd_ms=115925.4 eval=0 prior=0
[inst] req=2080768 hits=697636 fwd=43231 rows=1383100 fwd_ms=116378.6 eval=0 prior=0
[inst] req=2088960 hits=700525 fwd=43397 rows=1388411 fwd_ms=116823.0 eval=0 prior=0
[inst] req=2097152 hits=703206 fwd=43569 rows=1393914 fwd_ms=117283.8 eval=0 prior=0
[inst] req=2105344 hits=706023 fwd=43737 rows=1399289 fwd_ms=117734.2 eval=0 prior=0
[inst] req=2113536 hits=708796 fwd=43907 rows=1404729 fwd_ms=118189.5 eval=0 prior=0
[inst] req=2121728 hits=711470 fwd=44079 rows=1410233 fwd_ms=118650.6 eval=0 prior=0
[inst] req=2129920 hits=714386 fwd=44244 rows=1415511 fwd_ms=119092.7 eval=0 prior=0
[inst] req=2138112 hits=717244 fwd=44411 rows=1420848 fwd_ms=119540.2 eval=0 prior=0
[inst] req=2146304 hits=719904 fwd=44584 rows=1426382 fwd_ms=120003.7 eval=0 prior=0
[inst] req=2154496 hits=722559 fwd=44759 rows=1431932 fwd_ms=123028.6 eval=0 prior=0
[inst] req=2162688 hits=724728 fwd=44953 rows=1437950 fwd_ms=125194.3 eval=0 prior=0
[inst] req=2170880 hits=727307 fwd=45128 rows=1443550 fwd_ms=125663.2 eval=0 prior=0
[inst] req=2179072 hits=729969 fwd=45301 rows=1449086 fwd_ms=126126.8 eval=0 prior=0
[inst] req=2187264 hits=732645 fwd=45473 rows=1454590 fwd_ms=126588.0 eval=0 prior=0
[inst] req=2195456 hits=735279 fwd=45647 rows=1460158 fwd_ms=127055.0 eval=0 prior=0
[inst] req=2203648 hits=737960 fwd=45819 rows=1465662 fwd_ms=127516.2 eval=0 prior=0
[inst] req=2211840 hits=740630 fwd=45992 rows=1471198 fwd_ms=127979.9 eval=0 prior=0
[inst] req=2220032 hits=743386 fwd=46162 rows=1476638 fwd_ms=128435.3 eval=0 prior=0
[inst] req=2228224 hits=746213 fwd=46329 rows=1481982 fwd_ms=128882.5 eval=0 prior=0
[inst] req=2236416 hits=748893 fwd=46502 rows=1487518 fwd_ms=129346.4 eval=0 prior=0
[inst] req=2244608 hits=751623 fwd=46672 rows=1492958 fwd_ms=129802.2 eval=0 prior=0
[inst] req=2252800 hits=754335 fwd=46844 rows=1498447 fwd_ms=130263.6 eval=0 prior=0
[inst] req=2260992 hits=757019 fwd=47016 rows=1503951 fwd_ms=130724.8 eval=0 prior=0
[inst] req=2269184 hits=759788 fwd=47186 rows=1509391 fwd_ms=131180.0 eval=0 prior=0
[inst] req=2277376 hits=762540 fwd=47356 rows=1514830 fwd_ms=131635.7 eval=0 prior=0
[inst] req=2285568 hits=765278 fwd=47526 rows=1520270 fwd_ms=132091.5 eval=0 prior=0
[inst] req=2293760 hits=768119 fwd=47693 rows=1525614 fwd_ms=132539.2 eval=0 prior=0
[inst] req=2301952 hits=770962 fwd=47860 rows=1530958 fwd_ms=132987.1 eval=0 prior=0
[inst] req=2310144 hits=773697 fwd=48031 rows=1536430 fwd_ms=133445.7 eval=0 prior=0
[inst] req=2318336 hits=776535 fwd=48198 rows=1541773 fwd_ms=133893.8 eval=0 prior=0
[inst] req=2326528 hits=779228 fwd=48370 rows=1547277 fwd_ms=134354.8 eval=0 prior=0
[inst] req=2334720 hits=782030 fwd=48540 rows=1552684 fwd_ms=134809.8 eval=0 prior=0
[inst] req=2342912 hits=784691 fwd=48713 rows=1558220 fwd_ms=135273.9 eval=0 prior=0
[inst] req=2351104 hits=787450 fwd=48882 rows=1563628 fwd_ms=135727.0 eval=0 prior=0
[inst] req=2359296 hits=790137 fwd=49054 rows=1569132 fwd_ms=136188.7 eval=0 prior=0
[inst] req=2367488 hits=792890 fwd=49224 rows=1574572 fwd_ms=136644.4 eval=0 prior=0
[inst] req=2375680 hits=795629 fwd=49395 rows=1580044 fwd_ms=137103.5 eval=0 prior=0
[inst] req=2383872 hits=798400 fwd=49564 rows=1585452 fwd_ms=137556.1 eval=0 prior=0
[inst] req=2392064 hits=801124 fwd=49735 rows=1590924 fwd_ms=138014.4 eval=0 prior=0
[inst] req=2400256 hits=803876 fwd=49905 rows=1596364 fwd_ms=138469.7 eval=0 prior=0
[inst] req=2408448 hits=806558 fwd=50077 rows=1601868 fwd_ms=138930.1 eval=0 prior=0
[inst] req=2416640 hits=809337 fwd=50246 rows=1607276 fwd_ms=139382.2 eval=0 prior=0
[inst] req=2424832 hits=812108 fwd=50416 rows=1612716 fwd_ms=139837.5 eval=0 prior=0
[inst] req=2433024 hits=814867 fwd=50586 rows=1618156 fwd_ms=140297.0 eval=0 prior=0
[inst] req=2441216 hits=817663 fwd=50754 rows=1623531 fwd_ms=140763.6 eval=0 prior=0
[inst] req=2449408 hits=820502 fwd=50921 rows=1628874 fwd_ms=141215.8 eval=0 prior=0
[inst] req=2457600 hits=823225 fwd=51092 rows=1634346 fwd_ms=141686.9 eval=0 prior=0
[inst] req=2465792 hits=826088 fwd=51259 rows=1639690 fwd_ms=142144.2 eval=0 prior=0
[inst] req=2473984 hits=828770 fwd=51431 rows=1645194 fwd_ms=142612.3 eval=0 prior=0
[inst] req=2482176 hits=831483 fwd=51602 rows=1650666 fwd_ms=143081.6 eval=0 prior=0
[inst] req=2490368 hits=834281 fwd=51771 rows=1656074 fwd_ms=143543.0 eval=0 prior=0
[inst] req=2498560 hits=837123 fwd=51938 rows=1661416 fwd_ms=143994.2 eval=0 prior=0
[inst] req=2506752 hits=839759 fwd=52113 rows=1666976 fwd_ms=144482.7 eval=0 prior=0
[inst] req=2514944 hits=842407 fwd=52286 rows=1672512 fwd_ms=144951.4 eval=0 prior=0
[inst] req=2523136 hits=845170 fwd=52456 rows=1677952 fwd_ms=145414.5 eval=0 prior=0
[inst] req=2531328 hits=847923 fwd=52626 rows=1683390 fwd_ms=145880.5 eval=0 prior=0
[inst] req=2539520 hits=850727 fwd=52794 rows=1688765 fwd_ms=146337.4 eval=0 prior=0
[inst] req=2547712 hits=853539 fwd=52962 rows=1694141 fwd_ms=146798.8 eval=0 prior=0
[inst] req=2555904 hits=856248 fwd=53134 rows=1699643 fwd_ms=147268.3 eval=0 prior=0
[inst] req=2564096 hits=858995 fwd=53304 rows=1705083 fwd_ms=147726.6 eval=0 prior=0
[inst] req=2572288 hits=861861 fwd=53470 rows=1710395 fwd_ms=148171.9 eval=0 prior=0
[inst] req=2580480 hits=864552 fwd=53642 rows=1715899 fwd_ms=148633.1 eval=0 prior=0
[inst] req=2588672 hits=867305 fwd=53813 rows=1721366 fwd_ms=149094.7 eval=0 prior=0
[inst] req=2596864 hits=870172 fwd=53979 rows=1726676 fwd_ms=149541.3 eval=0 prior=0
[inst] req=2605056 hits=872881 fwd=54150 rows=1732148 fwd_ms=150002.0 eval=0 prior=0
[inst] req=2613248 hits=875700 fwd=54318 rows=1737522 fwd_ms=150456.8 eval=0 prior=0
[inst] req=2621440 hits=878623 fwd=54483 rows=1742799 fwd_ms=150904.5 eval=0 prior=0
[inst] req=2629632 hits=881330 fwd=54654 rows=1748271 fwd_ms=151370.0 eval=0 prior=0
[inst] req=2637824 hits=884022 fwd=54826 rows=1753775 fwd_ms=151832.9 eval=0 prior=0
[inst] req=2646016 hits=886765 fwd=54997 rows=1759227 fwd_ms=152310.5 eval=0 prior=0
[inst] req=2654208 hits=889475 fwd=55169 rows=1764731 fwd_ms=152772.3 eval=0 prior=0
[inst] req=2662400 hits=892108 fwd=55342 rows=1770267 fwd_ms=153237.5 eval=0 prior=0
[inst] req=2670592 hits=894843 fwd=55513 rows=1775739 fwd_ms=153697.2 eval=0 prior=0
[inst] req=2678784 hits=897577 fwd=55683 rows=1781178 fwd_ms=154153.9 eval=0 prior=0
[inst] req=2686976 hits=900271 fwd=55855 rows=1786682 fwd_ms=154615.6 eval=0 prior=0
[inst] req=2695168 hits=903002 fwd=56026 rows=1792153 fwd_ms=155074.6 eval=0 prior=0
[inst] req=2703360 hits=905681 fwd=56198 rows=1797657 fwd_ms=155536.5 eval=0 prior=0
[inst] req=2711552 hits=908414 fwd=56369 rows=1803129 fwd_ms=155996.0 eval=0 prior=0
[inst] req=2719744 hits=911098 fwd=56541 rows=1808633 fwd_ms=156457.9 eval=0 prior=0
[inst] req=2727936 hits=913814 fwd=56712 rows=1814105 fwd_ms=156917.8 eval=0 prior=0
[inst] req=2736128 hits=916667 fwd=56879 rows=1819449 fwd_ms=157366.4 eval=0 prior=0
[inst] req=2744320 hits=919384 fwd=57050 rows=1824921 fwd_ms=157824.6 eval=0 prior=0
[inst] req=2752512 hits=922096 fwd=57221 rows=1830393 fwd_ms=158282.8 eval=0 prior=0
[inst] req=2760704 hits=924738 fwd=57395 rows=1835961 fwd_ms=158748.9 eval=0 prior=0
[inst] req=2768896 hits=927438 fwd=57566 rows=1841433 fwd_ms=159207.6 eval=0 prior=0
[inst] req=2777088 hits=930382 fwd=57730 rows=1846679 fwd_ms=159647.6 eval=0 prior=0
[inst] req=2785280 hits=933012 fwd=57904 rows=1852247 fwd_ms=160114.4 eval=0 prior=0
[inst] req=2793472 hits=935776 fwd=58074 rows=1857687 fwd_ms=160570.5 eval=0 prior=0
[inst] req=2801664 hits=938582 fwd=58242 rows=1863062 fwd_ms=161021.2 eval=0 prior=0
[inst] req=2809856 hits=941369 fwd=58411 rows=1868469 fwd_ms=161474.4 eval=0 prior=0
[inst] req=2818048 hits=944125 fwd=58581 rows=1873907 fwd_ms=161930.5 eval=0 prior=0
[inst] req=2826240 hits=946757 fwd=58755 rows=1879475 fwd_ms=162396.9 eval=0 prior=0
[inst] req=2834432 hits=949634 fwd=58921 rows=1884786 fwd_ms=162842.3 eval=0 prior=0
[inst] req=2842624 hits=952615 fwd=59084 rows=1889991 fwd_ms=163279.8 eval=0 prior=0
[inst] req=2850816 hits=955450 fwd=59251 rows=1895334 fwd_ms=163727.7 eval=0 prior=0
[inst] req=2859008 hits=958292 fwd=59419 rows=1900709 fwd_ms=164179.2 eval=0 prior=0
[inst] req=2867200 hits=961002 fwd=59590 rows=1906180 fwd_ms=164638.6 eval=0 prior=0
[inst] req=2875392 hits=963599 fwd=59765 rows=1911780 fwd_ms=165108.9 eval=0 prior=0
[inst] req=2883584 hits=966352 fwd=59935 rows=1917220 fwd_ms=165565.0 eval=0 prior=0
[inst] req=2891776 hits=969027 fwd=60107 rows=1922723 fwd_ms=166026.7 eval=0 prior=0
[inst] req=2899968 hits=971909 fwd=60273 rows=1928034 fwd_ms=166472.1 eval=0 prior=0
[inst] req=2908160 hits=974659 fwd=60443 rows=1933473 fwd_ms=166927.9 eval=0 prior=0
[inst] req=2916352 hits=977351 fwd=60615 rows=1938977 fwd_ms=167389.0 eval=0 prior=0
[inst] req=2924544 hits=980132 fwd=60784 rows=1944384 fwd_ms=167842.5 eval=0 prior=0
[inst] req=2932736 hits=982789 fwd=60957 rows=1949920 fwd_ms=168306.5 eval=0 prior=0
[inst] req=2940928 hits=985440 fwd=61131 rows=1955487 fwd_ms=168772.8 eval=0 prior=0
[inst] req=2949120 hits=988250 fwd=61299 rows=1960861 fwd_ms=169223.5 eval=0 prior=0
[inst] req=2957312 hits=990942 fwd=61471 rows=1966365 fwd_ms=169684.4 eval=0 prior=0
[inst] req=2965504 hits=993704 fwd=61640 rows=1971773 fwd_ms=170137.5 eval=0 prior=0
[inst] req=2973696 hits=996415 fwd=61812 rows=1977277 fwd_ms=170597.9 eval=0 prior=0
[inst] req=2981888 hits=999203 fwd=61980 rows=1982653 fwd_ms=171048.1 eval=0 prior=0
[inst] req=2990080 hits=1002027 fwd=62148 rows=1988028 fwd_ms=171499.1 eval=0 prior=0
[inst] req=2998272 hits=1004824 fwd=62317 rows=1993434 fwd_ms=171952.2 eval=0 prior=0
[inst] req=3006464 hits=1007587 fwd=62487 rows=1998873 fwd_ms=172408.2 eval=0 prior=0
[inst] req=3014656 hits=1010216 fwd=62660 rows=2004409 fwd_ms=172872.1 eval=0 prior=0
[inst] req=3022848 hits=1012957 fwd=62831 rows=2009881 fwd_ms=173330.5 eval=0 prior=0
[inst] req=3031040 hits=1015892 fwd=62995 rows=2015129 fwd_ms=173770.5 eval=0 prior=0
[inst] req=3039232 hits=1018580 fwd=63167 rows=2020633 fwd_ms=174231.6 eval=0 prior=0
[inst] req=3047424 hits=1021375 fwd=63336 rows=2026041 fwd_ms=174684.3 eval=0 prior=0
[inst] req=3055616 hits=1024188 fwd=63504 rows=2031417 fwd_ms=175135.1 eval=0 prior=0
[inst] req=3063808 hits=1027053 fwd=63670 rows=2036727 fwd_ms=175580.4 eval=0 prior=0
[inst] req=3072000 hits=1029799 fwd=63841 rows=2042198 fwd_ms=176039.5 eval=0 prior=0
[inst] req=3080192 hits=1032623 fwd=64008 rows=2047541 fwd_ms=176487.7 eval=0 prior=0
[inst] req=3088384 hits=1035341 fwd=64179 rows=2053013 fwd_ms=176945.6 eval=0 prior=0
[inst] req=3096576 hits=1038231 fwd=64345 rows=2058324 fwd_ms=177390.7 eval=0 prior=0
[inst] req=3104768 hits=1041167 fwd=64510 rows=2063600 fwd_ms=177834.1 eval=0 prior=0
[inst] req=3112960 hits=1044051 fwd=64675 rows=2068879 fwd_ms=178276.8 eval=0 prior=0
[inst] req=3121152 hits=1046779 fwd=64846 rows=2074351 fwd_ms=178736.2 eval=0 prior=0
[inst] req=3129344 hits=1049563 fwd=65015 rows=2079758 fwd_ms=179190.1 eval=0 prior=0
[inst] req=3137536 hits=1052486 fwd=65180 rows=2085036 fwd_ms=179633.5 eval=0 prior=0
[inst] req=3145728 hits=1055150 fwd=65353 rows=2090572 fwd_ms=180098.0 eval=0 prior=0
[inst] req=3153920 hits=1057821 fwd=65525 rows=2096076 fwd_ms=180561.1 eval=0 prior=0
[inst] req=3162112 hits=1060647 fwd=65693 rows=2101451 fwd_ms=181013.3 eval=0 prior=0
[inst] req=3170304 hits=1063600 fwd=65857 rows=2106697 fwd_ms=181454.5 eval=0 prior=0
[inst] req=3178496 hits=1066504 fwd=66022 rows=2111976 fwd_ms=181898.8 eval=0 prior=0
[inst] req=3186688 hits=1069299 fwd=66191 rows=2117383 fwd_ms=182353.5 eval=0 prior=0
[inst] req=3194880 hits=1072002 fwd=66362 rows=2122855 fwd_ms=182813.4 eval=0 prior=0
[inst] req=3203072 hits=1074692 fwd=66534 rows=2128359 fwd_ms=183275.8 eval=0 prior=0
[inst] req=3211264 hits=1077426 fwd=66705 rows=2133831 fwd_ms=183735.0 eval=0 prior=0
[inst] req=3219456 hits=1080073 fwd=66878 rows=2139367 fwd_ms=184200.7 eval=0 prior=0
[inst] req=3227648 hits=1082755 fwd=67050 rows=2144871 fwd_ms=184663.9 eval=0 prior=0
[inst] req=3235840 hits=1085372 fwd=67224 rows=2150438 fwd_ms=185131.9 eval=0 prior=0
[inst] req=3244032 hits=1088037 fwd=67397 rows=2155973 fwd_ms=185596.2 eval=0 prior=0
[inst] req=3252224 hits=1090621 fwd=67572 rows=2161573 fwd_ms=186065.7 eval=0 prior=0
[inst] req=3260416 hits=1093181 fwd=67748 rows=2167205 fwd_ms=186538.4 eval=0 prior=0
[inst] req=3268608 hits=1095907 fwd=67919 rows=2172676 fwd_ms=186998.6 eval=0 prior=0
[inst] req=3276800 hits=1098584 fwd=68092 rows=2178211 fwd_ms=187464.4 eval=0 prior=0
[inst] req=3284992 hits=1101164 fwd=68267 rows=2183811 fwd_ms=187934.8 eval=0 prior=0
[inst] req=3293184 hits=1103838 fwd=68439 rows=2189315 fwd_ms=188399.0 eval=0 prior=0
[inst] req=3301376 hits=1106709 fwd=68606 rows=2194658 fwd_ms=188848.7 eval=0 prior=0
[inst] req=3309568 hits=1109379 fwd=68778 rows=2200162 fwd_ms=189311.8 eval=0 prior=0
[inst] req=3317760 hits=1112110 fwd=68949 rows=2205633 fwd_ms=189771.9 eval=0 prior=0
[inst] req=3325952 hits=1114825 fwd=69120 rows=2211104 fwd_ms=190232.7 eval=0 prior=0
[inst] req=3334144 hits=1117571 fwd=69290 rows=2216543 fwd_ms=190690.6 eval=0 prior=0
[inst] req=3342336 hits=1120267 fwd=69462 rows=2222047 fwd_ms=191153.1 eval=0 prior=0
[inst] req=3350528 hits=1122924 fwd=69635 rows=2227583 fwd_ms=191617.3 eval=0 prior=0
[inst] req=3358720 hits=1125604 fwd=69807 rows=2233087 fwd_ms=192078.3 eval=0 prior=0
[inst] req=3366912 hits=1128243 fwd=69981 rows=2238655 fwd_ms=192545.2 eval=0 prior=0
[inst] req=3375104 hits=1130920 fwd=70153 rows=2244159 fwd_ms=193006.5 eval=0 prior=0
[inst] req=3383296 hits=1133597 fwd=70326 rows=2249695 fwd_ms=193470.2 eval=0 prior=0
[inst] req=3391488 hits=1136385 fwd=70495 rows=2255102 fwd_ms=193923.6 eval=0 prior=0
[inst] req=3399680 hits=1139003 fwd=70669 rows=2260670 fwd_ms=194391.0 eval=0 prior=0
[inst] req=3407872 hits=1141753 fwd=70839 rows=2266110 fwd_ms=194847.3 eval=0 prior=0
[inst] req=3416064 hits=1144687 fwd=71003 rows=2271357 fwd_ms=195288.1 eval=0 prior=0
[inst] req=3424256 hits=1147535 fwd=71170 rows=2276699 fwd_ms=195736.4 eval=0 prior=0
[inst] req=3432448 hits=1150332 fwd=71339 rows=2282106 fwd_ms=196190.2 eval=0 prior=0
[inst] req=3440640 hits=1152975 fwd=71512 rows=2287642 fwd_ms=196654.4 eval=0 prior=0
[inst] req=3448832 hits=1155694 fwd=71683 rows=2293112 fwd_ms=197113.3 eval=0 prior=0
[inst] req=3457024 hits=1158638 fwd=71847 rows=2298358 fwd_ms=197553.2 eval=0 prior=0
[inst] req=3465216 hits=1161461 fwd=72015 rows=2303725 fwd_ms=198004.0 eval=0 prior=0
[inst] req=3473408 hits=1164386 fwd=72180 rows=2309004 fwd_ms=198446.6 eval=0 prior=0
[inst] req=3481600 hits=1167180 fwd=72349 rows=2314412 fwd_ms=198899.7 eval=0 prior=0
[inst] req=3489792 hits=1169956 fwd=72518 rows=2319820 fwd_ms=199353.0 eval=0 prior=0
[inst] req=3497984 hits=1172631 fwd=72690 rows=2325324 fwd_ms=199814.6 eval=0 prior=0
[inst] req=3506176 hits=1175500 fwd=72857 rows=2330668 fwd_ms=200262.5 eval=0 prior=0
[inst] req=3514368 hits=1178366 fwd=73023 rows=2335980 fwd_ms=200707.8 eval=0 prior=0
[inst] req=3522560 hits=1181110 fwd=73193 rows=2341420 fwd_ms=201164.4 eval=0 prior=0
[inst] req=3530752 hits=1183893 fwd=73362 rows=2346828 fwd_ms=201617.4 eval=0 prior=0
[inst] req=3538944 hits=1186691 fwd=73531 rows=2352235 fwd_ms=202070.6 eval=0 prior=0
[inst] req=3547136 hits=1189370 fwd=73703 rows=2357739 fwd_ms=202532.3 eval=0 prior=0
[inst] req=3555328 hits=1192057 fwd=73875 rows=2363243 fwd_ms=202993.7 eval=0 prior=0
[inst] req=3563520 hits=1194839 fwd=74044 rows=2368651 fwd_ms=203447.8 eval=0 prior=0
[inst] req=3571712 hits=1197625 fwd=74213 rows=2374058 fwd_ms=203902.3 eval=0 prior=0
[inst] req=3579904 hits=1200488 fwd=74380 rows=2379401 fwd_ms=204350.2 eval=0 prior=0
[inst] req=3588096 hits=1203312 fwd=74548 rows=2384777 fwd_ms=204801.8 eval=0 prior=0
[inst] req=3596288 hits=1206014 fwd=74719 rows=2390249 fwd_ms=205260.4 eval=0 prior=0
[inst] req=3604480 hits=1208761 fwd=74889 rows=2395689 fwd_ms=205715.9 eval=0 prior=0
[inst] req=3612672 hits=1211624 fwd=75056 rows=2401033 fwd_ms=206164.1 eval=0 prior=0
[inst] req=3620864 hits=1214468 fwd=75223 rows=2406376 fwd_ms=206612.3 eval=0 prior=0
[inst] req=3629056 hits=1217275 fwd=75391 rows=2411752 fwd_ms=207063.1 eval=0 prior=0
[inst] req=3637248 hits=1220015 fwd=75562 rows=2417224 fwd_ms=207521.9 eval=0 prior=0
[inst] req=3645440 hits=1222875 fwd=75729 rows=2422561 fwd_ms=207970.3 eval=0 prior=0
[inst] req=3653632 hits=1225843 fwd=75892 rows=2427772 fwd_ms=208407.7 eval=0 prior=0
[inst] req=3661824 hits=1228593 fwd=76062 rows=2433212 fwd_ms=208863.8 eval=0 prior=0
[inst] req=3670016 hits=1231384 fwd=76231 rows=2438618 fwd_ms=209317.8 eval=0 prior=0
[inst] req=3678208 hits=1234103 fwd=76402 rows=2444090 fwd_ms=209776.9 eval=0 prior=0
[inst] req=3686400 hits=1236862 fwd=76572 rows=2449530 fwd_ms=210233.0 eval=0 prior=0
[inst] req=3694592 hits=1239698 fwd=76739 rows=2454873 fwd_ms=210680.9 eval=0 prior=0
[inst] req=3702784 hits=1242452 fwd=76909 rows=2460313 fwd_ms=211136.9 eval=0 prior=0
[inst] req=3710976 hits=1245228 fwd=77078 rows=2465720 fwd_ms=211590.5 eval=0 prior=0
[inst] req=3719168 hits=1248174 fwd=77242 rows=2470966 fwd_ms=212031.3 eval=0 prior=0
[inst] req=3727360 hits=1250946 fwd=77412 rows=2476406 fwd_ms=212487.8 eval=0 prior=0
[inst] req=3735552 hits=1253795 fwd=77579 rows=2481749 fwd_ms=212935.6 eval=0 prior=0
[inst] req=3743744 hits=1256695 fwd=77744 rows=2487028 fwd_ms=213378.4 eval=0 prior=0
[inst] req=3751936 hits=1259434 fwd=77915 rows=2492500 fwd_ms=213837.2 eval=0 prior=0
[inst] req=3760128 hits=1262159 fwd=78085 rows=2497940 fwd_ms=214293.3 eval=0 prior=0
[inst] req=3768320 hits=1265030 fwd=78252 rows=2503283 fwd_ms=214741.6 eval=0 prior=0
[inst] req=3776512 hits=1267959 fwd=78416 rows=2508530 fwd_ms=215181.6 eval=0 prior=0
[inst] req=3784704 hits=1270822 fwd=78583 rows=2513874 fwd_ms=215630.2 eval=0 prior=0
[inst] req=3792896 hits=1273583 fwd=78752 rows=2519281 fwd_ms=216083.8 eval=0 prior=0
[inst] req=3801088 hits=1276273 fwd=78924 rows=2524785 fwd_ms=216545.8 eval=0 prior=0
[inst] req=3809280 hits=1279144 fwd=79091 rows=2530128 fwd_ms=216994.4 eval=0 prior=0
[inst] req=3817472 hits=1281909 fwd=79260 rows=2535535 fwd_ms=217448.7 eval=0 prior=0
[inst] req=3825664 hits=1284607 fwd=79432 rows=2541039 fwd_ms=217911.9 eval=0 prior=0
[inst] req=3833856 hits=1287427 fwd=79600 rows=2546414 fwd_ms=218363.5 eval=0 prior=0
[inst] req=3842048 hits=1290206 fwd=79769 rows=2551821 fwd_ms=218817.5 eval=0 prior=0
[inst] req=3850240 hits=1292840 fwd=79943 rows=2557389 fwd_ms=219285.0 eval=0 prior=0
[inst] req=3858432 hits=1295560 fwd=80114 rows=2562861 fwd_ms=219744.3 eval=0 prior=0
[inst] req=3866624 hits=1298289 fwd=80285 rows=2568332 fwd_ms=220203.2 eval=0 prior=0
[inst] req=3874816 hits=1301021 fwd=80455 rows=2573772 fwd_ms=220660.0 eval=0 prior=0
[inst] req=3883008 hits=1303712 fwd=80627 rows=2579276 fwd_ms=221121.9 eval=0 prior=0
[inst] req=3891200 hits=1306395 fwd=80799 rows=2584780 fwd_ms=221584.0 eval=0 prior=0
[inst] req=3899392 hits=1309125 fwd=80970 rows=2590252 fwd_ms=222043.2 eval=0 prior=0
[inst] req=3907584 hits=1311831 fwd=81141 rows=2595724 fwd_ms=222502.4 eval=0 prior=0
[inst] req=3915776 hits=1314637 fwd=81310 rows=2601132 fwd_ms=222956.5 eval=0 prior=0
[inst] req=3923968 hits=1317440 fwd=81478 rows=2606508 fwd_ms=223407.9 eval=0 prior=0
[inst] req=3932160 hits=1320272 fwd=81646 rows=2611884 fwd_ms=223858.8 eval=0 prior=0
[inst] req=3940352 hits=1323130 fwd=81812 rows=2617196 fwd_ms=224304.9 eval=0 prior=0
[inst] req=3948544 hits=1325987 fwd=81979 rows=2622540 fwd_ms=224753.4 eval=0 prior=0
[inst] req=3956736 hits=1328662 fwd=82151 rows=2628043 fwd_ms=225215.2 eval=0 prior=0
[inst] req=3964928 hits=1331387 fwd=82322 rows=2633515 fwd_ms=225674.5 eval=0 prior=0
[inst] req=3973120 hits=1334172 fwd=82491 rows=2638923 fwd_ms=226128.5 eval=0 prior=0
[inst] req=3981312 hits=1337087 fwd=82656 rows=2644202 fwd_ms=226572.0 eval=0 prior=0
[inst] req=3989504 hits=1340078 fwd=82819 rows=2649405 fwd_ms=227010.8 eval=0 prior=0
[inst] req=3997696 hits=1343130 fwd=82980 rows=2654538 fwd_ms=227443.0 eval=0 prior=0
[inst] req=4005888 hits=1345834 fwd=83152 rows=2660042 fwd_ms=227904.5 eval=0 prior=0
[inst] req=4014080 hits=1348456 fwd=83326 rows=2665610 fwd_ms=228371.7 eval=0 prior=0
[inst] req=4022272 hits=1351197 fwd=83496 rows=2671050 fwd_ms=228828.9 eval=0 prior=0
[inst] req=4030464 hits=1353916 fwd=83667 rows=2676517 fwd_ms=229288.3 eval=0 prior=0
[inst] req=4038656 hits=1356748 fwd=83836 rows=2681891 fwd_ms=235376.3 eval=0 prior=0
[inst] req=4046848 hits=1359643 fwd=84003 rows=2687198 fwd_ms=238214.8 eval=0 prior=0
[inst] req=4055040 hits=1362127 fwd=84187 rows=2692904 fwd_ms=238814.3 eval=0 prior=0
[inst] req=4063232 hits=1364950 fwd=84355 rows=2698280 fwd_ms=239264.9 eval=0 prior=0
[inst] req=4071424 hits=1367742 fwd=84523 rows=2703656 fwd_ms=239716.3 eval=0 prior=0
[inst] req=4079616 hits=1370677 fwd=84688 rows=2708936 fwd_ms=240160.0 eval=0 prior=0
[inst] req=4087808 hits=1373319 fwd=84861 rows=2714471 fwd_ms=240624.4 eval=0 prior=0
[inst] req=4096000 hits=1376041 fwd=85032 rows=2719943 fwd_ms=241083.8 eval=0 prior=0
[inst] req=4104192 hits=1378778 fwd=85202 rows=2725383 fwd_ms=241540.7 eval=0 prior=0
[inst] req=4112384 hits=1381612 fwd=85370 rows=2730759 fwd_ms=241992.0 eval=0 prior=0
[inst] req=4120576 hits=1384415 fwd=85538 rows=2736135 fwd_ms=242443.3 eval=0 prior=0
[inst] req=4128768 hits=1387162 fwd=85708 rows=2741575 fwd_ms=242899.6 eval=0 prior=0
[inst] req=4136960 hits=1389937 fwd=85878 rows=2746991 fwd_ms=243355.8 eval=0 prior=0
[inst] req=4145152 hits=1392689 fwd=86048 rows=2752431 fwd_ms=243812.0 eval=0 prior=0
[inst] req=4153344 hits=1395511 fwd=86216 rows=2757807 fwd_ms=244262.8 eval=0 prior=0
[inst] req=4161536 hits=1398348 fwd=86384 rows=2763182 fwd_ms=244713.7 eval=0 prior=0
[inst] req=4169728 hits=1401227 fwd=86550 rows=2768487 fwd_ms=245159.2 eval=0 prior=0
[inst] req=4177920 hits=1403933 fwd=86721 rows=2773959 fwd_ms=245617.5 eval=0 prior=0
[inst] req=4186112 hits=1406629 fwd=86893 rows=2779463 fwd_ms=246078.8 eval=0 prior=0
[inst] req=4194304 hits=1409354 fwd=87064 rows=2784935 fwd_ms=246537.3 eval=0 prior=0
[inst] req=4202496 hits=1412175 fwd=87232 rows=2790311 fwd_ms=246988.4 eval=0 prior=0
[inst] req=4210688 hits=1415097 fwd=87396 rows=2795559 fwd_ms=247428.3 eval=0 prior=0
[inst] req=4218880 hits=1417852 fwd=87566 rows=2800999 fwd_ms=247884.0 eval=0 prior=0
[inst] req=4227072 hits=1420726 fwd=87733 rows=2806315 fwd_ms=248331.7 eval=0 prior=0
[inst] req=4235264 hits=1423403 fwd=87906 rows=2811851 fwd_ms=248795.4 eval=0 prior=0
[inst] req=4243456 hits=1426160 fwd=88076 rows=2817291 fwd_ms=249251.9 eval=0 prior=0
[inst] req=4251648 hits=1428885 fwd=88246 rows=2822731 fwd_ms=249708.9 eval=0 prior=0
[inst] req=4259840 hits=1431685 fwd=88415 rows=2828139 fwd_ms=250162.8 eval=0 prior=0
[inst] req=4268032 hits=1434428 fwd=88585 rows=2833579 fwd_ms=250618.7 eval=0 prior=0
[inst] req=4276224 hits=1437516 fwd=88745 rows=2838697 fwd_ms=251048.5 eval=0 prior=0
[inst] req=4284416 hits=1440332 fwd=88913 rows=2844072 fwd_ms=251498.5 eval=0 prior=0
[inst] req=4292608 hits=1443150 fwd=89081 rows=2849448 fwd_ms=251948.7 eval=0 prior=0
[inst] req=4300800 hits=1445946 fwd=89249 rows=2854823 fwd_ms=252399.8 eval=0 prior=0
[inst] req=4308992 hits=1448836 fwd=89415 rows=2860134 fwd_ms=252844.8 eval=0 prior=0
[inst] req=4317184 hits=1451536 fwd=89587 rows=2865638 fwd_ms=253306.2 eval=0 prior=0
[inst] req=4325376 hits=1454271 fwd=89757 rows=2871078 fwd_ms=253761.6 eval=0 prior=0
[inst] req=4333568 hits=1457116 fwd=89924 rows=2876422 fwd_ms=254209.3 eval=0 prior=0
[inst] req=4341760 hits=1459970 fwd=90091 rows=2881765 fwd_ms=254656.4 eval=0 prior=0
[inst] req=4349952 hits=1462858 fwd=90257 rows=2887076 fwd_ms=255101.6 eval=0 prior=0
[inst] req=4358144 hits=1465671 fwd=90425 rows=2892452 fwd_ms=255551.4 eval=0 prior=0
[inst] req=4366336 hits=1468492 fwd=90593 rows=2897827 fwd_ms=256001.3 eval=0 prior=0
[inst] req=4374528 hits=1471371 fwd=90759 rows=2903138 fwd_ms=256446.4 eval=0 prior=0
[inst] req=4382720 hits=1474099 fwd=90930 rows=2908610 fwd_ms=256903.6 eval=0 prior=0
[inst] req=4390912 hits=1477022 fwd=91095 rows=2913888 fwd_ms=257345.4 eval=0 prior=0
[inst] req=4399104 hits=1479930 fwd=91261 rows=2919143 fwd_ms=257789.3 eval=0 prior=0
[inst] req=4407296 hits=1482693 fwd=91431 rows=2924583 fwd_ms=258244.1 eval=0 prior=0
[inst] req=4415488 hits=1485476 fwd=91600 rows=2929991 fwd_ms=258696.6 eval=0 prior=0
[inst] req=4423680 hits=1488379 fwd=91765 rows=2935270 fwd_ms=259138.2 eval=0 prior=0
[inst] req=4431872 hits=1491142 fwd=91935 rows=2940710 fwd_ms=259593.5 eval=0 prior=0
[inst] req=4440064 hits=1493823 fwd=92107 rows=2946214 fwd_ms=260054.6 eval=0 prior=0
[inst] req=4448256 hits=1496534 fwd=92279 rows=2951718 fwd_ms=260515.0 eval=0 prior=0
[inst] req=4456448 hits=1499204 fwd=92451 rows=2957222 fwd_ms=260976.0 eval=0 prior=0
[inst] req=4464640 hits=1502192 fwd=92614 rows=2962436 fwd_ms=261413.0 eval=0 prior=0
[inst] req=4472832 hits=1504962 fwd=92783 rows=2967844 fwd_ms=261865.9 eval=0 prior=0
[inst] req=4481024 hits=1507762 fwd=92952 rows=2973252 fwd_ms=262319.1 eval=0 prior=0
[inst] req=4489216 hits=1510447 fwd=93124 rows=2978755 fwd_ms=262780.0 eval=0 prior=0
[inst] req=4497408 hits=1513199 fwd=93294 rows=2984195 fwd_ms=263235.9 eval=0 prior=0
[inst] req=4505600 hits=1516048 fwd=93461 rows=2989539 fwd_ms=263684.3 eval=0 prior=0
[inst] req=4513792 hits=1518741 fwd=93633 rows=2995042 fwd_ms=264146.9 eval=0 prior=0
[inst] req=4521984 hits=1521380 fwd=93806 rows=3000578 fwd_ms=264610.5 eval=0 prior=0
[inst] req=4530176 hits=1524102 fwd=93977 rows=3006050 fwd_ms=265068.8 eval=0 prior=0
[inst] req=4538368 hits=1526759 fwd=94150 rows=3011586 fwd_ms=265532.6 eval=0 prior=0
[inst] req=4546560 hits=1529483 fwd=94321 rows=3017058 fwd_ms=265992.0 eval=0 prior=0
[inst] req=4554752 hits=1532254 fwd=94490 rows=3022466 fwd_ms=266444.9 eval=0 prior=0
[inst] req=4562944 hits=1534972 fwd=94662 rows=3027970 fwd_ms=266905.6 eval=0 prior=0
[inst] req=4571136 hits=1537868 fwd=94827 rows=3033248 fwd_ms=267348.5 eval=0 prior=0
[inst] req=4579328 hits=1540542 fwd=95000 rows=3038784 fwd_ms=267812.2 eval=0 prior=0
[inst] req=4587520 hits=1543321 fwd=95169 rows=3044192 fwd_ms=268265.8 eval=0 prior=0
[inst] req=4595712 hits=1546066 fwd=95339 rows=3049632 fwd_ms=268721.6 eval=0 prior=0
[inst] req=4603904 hits=1548821 fwd=95509 rows=3055072 fwd_ms=269177.3 eval=0 prior=0
[inst] req=4612096 hits=1551670 fwd=95676 rows=3060412 fwd_ms=269625.6 eval=0 prior=0
[inst] req=4620288 hits=1554430 fwd=95846 rows=3065852 fwd_ms=270081.4 eval=0 prior=0
[inst] req=4628480 hits=1557087 fwd=96019 rows=3071388 fwd_ms=270545.3 eval=0 prior=0
[inst] req=4636672 hits=1559809 fwd=96190 rows=3076860 fwd_ms=271004.0 eval=0 prior=0
[inst] req=4644864 hits=1562557 fwd=96360 rows=3082299 fwd_ms=271459.7 eval=0 prior=0
[inst] req=4653056 hits=1565316 fwd=96530 rows=3087739 fwd_ms=271915.3 eval=0 prior=0
[inst] req=4661248 hits=1568060 fwd=96700 rows=3093179 fwd_ms=272370.9 eval=0 prior=0
[inst] req=4669440 hits=1570990 fwd=96864 rows=3098426 fwd_ms=272811.0 eval=0 prior=0
[inst] req=4677632 hits=1573872 fwd=97031 rows=3103759 fwd_ms=273259.0 eval=0 prior=0
[inst] req=4685824 hits=1576597 fwd=97201 rows=3109199 fwd_ms=273714.7 eval=0 prior=0
[inst] req=4694016 hits=1579371 fwd=97371 rows=3114639 fwd_ms=274170.6 eval=0 prior=0
[inst] req=4702208 hits=1582334 fwd=97534 rows=3119854 fwd_ms=274607.3 eval=0 prior=0
[inst] req=4710400 hits=1585056 fwd=97705 rows=3125326 fwd_ms=275065.4 eval=0 prior=0
[inst] req=4718592 hits=1588097 fwd=97866 rows=3130475 fwd_ms=275497.2 eval=0 prior=0
[inst] req=4726784 hits=1590791 fwd=98038 rows=3135979 fwd_ms=275958.4 eval=0 prior=0
[inst] req=4734976 hits=1593555 fwd=98208 rows=3141419 fwd_ms=276414.6 eval=0 prior=0
[inst] req=4743168 hits=1596439 fwd=98373 rows=3146698 fwd_ms=276857.0 eval=0 prior=0
[inst] req=4751360 hits=1599210 fwd=98543 rows=3152138 fwd_ms=277312.8 eval=0 prior=0
[inst] req=4759552 hits=1602091 fwd=98709 rows=3157449 fwd_ms=277760.2 eval=0 prior=0
[inst] req=4767744 hits=1604866 fwd=98878 rows=3162857 fwd_ms=278213.5 eval=0 prior=0
[inst] req=4775936 hits=1607821 fwd=99042 rows=3168104 fwd_ms=278654.3 eval=0 prior=0
[inst] req=4784128 hits=1610680 fwd=99209 rows=3173446 fwd_ms=279101.9 eval=0 prior=0
[inst] req=4792320 hits=1613536 fwd=99375 rows=3178758 fwd_ms=279546.6 eval=0 prior=0
[inst] req=4800512 hits=1616385 fwd=99542 rows=3184102 fwd_ms=279994.0 eval=0 prior=0
[inst] req=4808704 hits=1619164 fwd=99711 rows=3189510 fwd_ms=280447.0 eval=0 prior=0
[inst] req=4816896 hits=1622025 fwd=99878 rows=3194854 fwd_ms=280894.3 eval=0 prior=0
[inst] req=4825088 hits=1624793 fwd=100048 rows=3200294 fwd_ms=281349.4 eval=0 prior=0
[inst] req=4833280 hits=1627637 fwd=100215 rows=3205638 fwd_ms=281796.5 eval=0 prior=0
[inst] req=4841472 hits=1630724 fwd=100374 rows=3210724 fwd_ms=282223.1 eval=0 prior=0
[inst] req=4849664 hits=1633485 fwd=100544 rows=3216164 fwd_ms=282678.5 eval=0 prior=0
[inst] req=4857856 hits=1636265 fwd=100713 rows=3221572 fwd_ms=283131.6 eval=0 prior=0
[inst] req=4866048 hits=1639202 fwd=100877 rows=3226819 fwd_ms=283571.0 eval=0 prior=0
[inst] req=4874240 hits=1642142 fwd=101042 rows=3232096 fwd_ms=284013.2 eval=0 prior=0
[inst] req=4882432 hits=1644790 fwd=101215 rows=3237632 fwd_ms=284477.5 eval=0 prior=0
[inst] req=4890624 hits=1647559 fwd=101384 rows=3243040 fwd_ms=284931.5 eval=0 prior=0
[inst] req=4898816 hits=1650411 fwd=101551 rows=3248384 fwd_ms=285379.4 eval=0 prior=0
[inst] req=4907008 hits=1653187 fwd=101720 rows=3253791 fwd_ms=285833.0 eval=0 prior=0
[inst] req=4915200 hits=1655944 fwd=101890 rows=3259231 fwd_ms=286289.4 eval=0 prior=0
[inst] req=4923392 hits=1658787 fwd=102057 rows=3264574 fwd_ms=286737.7 eval=0 prior=0
[inst] req=4931584 hits=1661614 fwd=102225 rows=3269950 fwd_ms=287188.6 eval=0 prior=0
[inst] req=4939776 hits=1664413 fwd=102394 rows=3275358 fwd_ms=287641.8 eval=0 prior=0
[inst] req=4947968 hits=1667190 fwd=102563 rows=3280766 fwd_ms=288094.8 eval=0 prior=0
[inst] req=4956160 hits=1670212 fwd=102724 rows=3285918 fwd_ms=288526.7 eval=0 prior=0
[inst] req=4964352 hits=1673053 fwd=102892 rows=3291293 fwd_ms=288977.3 eval=0 prior=0
[inst] req=4972544 hits=1675807 fwd=103062 rows=3296732 fwd_ms=289433.3 eval=0 prior=0
[inst] req=4980736 hits=1678790 fwd=103224 rows=3301915 fwd_ms=289868.2 eval=0 prior=0
[inst] req=4988928 hits=1681555 fwd=103394 rows=3307355 fwd_ms=290323.9 eval=0 prior=0
[inst] req=4997120 hits=1684517 fwd=103558 rows=3312602 fwd_ms=290763.7 eval=0 prior=0
[inst] req=5005312 hits=1687403 fwd=103723 rows=3317882 fwd_ms=291206.3 eval=0 prior=0
[inst] req=5013504 hits=1690300 fwd=103889 rows=3323193 fwd_ms=291651.8 eval=0 prior=0
[inst] req=5021696 hits=1692994 fwd=104061 rows=3328697 fwd_ms=292113.7 eval=0 prior=0
[inst] req=5029888 hits=1695739 fwd=104231 rows=3334137 fwd_ms=292570.8 eval=0 prior=0
[inst] req=5038080 hits=1698765 fwd=104392 rows=3339287 fwd_ms=293003.5 eval=0 prior=0
[inst] req=5046272 hits=1701624 fwd=104559 rows=3344631 fwd_ms=293452.1 eval=0 prior=0
[inst] req=5054464 hits=1704427 fwd=104727 rows=3350007 fwd_ms=293902.6 eval=0 prior=0
[inst] req=5062656 hits=1707158 fwd=104898 rows=3355479 fwd_ms=294361.4 eval=0 prior=0
[inst] req=5070848 hits=1709955 fwd=105067 rows=3360885 fwd_ms=294814.9 eval=0 prior=0
[inst] req=5079040 hits=1712798 fwd=105234 rows=3366229 fwd_ms=295263.6 eval=0 prior=0
[inst] req=5087232 hits=1715646 fwd=105401 rows=3371573 fwd_ms=295711.5 eval=0 prior=0
[inst] req=5095424 hits=1718622 fwd=105564 rows=3376788 fwd_ms=296149.4 eval=0 prior=0
[inst] req=5103616 hits=1721495 fwd=105730 rows=3382094 fwd_ms=296595.3 eval=0 prior=0
[inst] req=5111808 hits=1724311 fwd=105898 rows=3387468 fwd_ms=297046.6 eval=0 prior=0
[inst] req=5120000 hits=1727097 fwd=106067 rows=3392871 fwd_ms=297500.7 eval=0 prior=0
[inst] req=5128192 hits=1729789 fwd=106239 rows=3398375 fwd_ms=297962.8 eval=0 prior=0
[inst] req=5136384 hits=1732512 fwd=106410 rows=3403847 fwd_ms=298422.1 eval=0 prior=0
[inst] req=5144576 hits=1735289 fwd=106579 rows=3409255 fwd_ms=298876.4 eval=0 prior=0
[inst] req=5152768 hits=1738024 fwd=106750 rows=3414727 fwd_ms=299335.7 eval=0 prior=0
[inst] req=5160960 hits=1740853 fwd=106918 rows=3420103 fwd_ms=299787.4 eval=0 prior=0
[inst] req=5169152 hits=1743869 fwd=107079 rows=3425254 fwd_ms=300220.0 eval=0 prior=0
[inst] req=5177344 hits=1746704 fwd=107247 rows=3430630 fwd_ms=300671.6 eval=0 prior=0
[inst] req=5185536 hits=1749392 fwd=107419 rows=3436134 fwd_ms=301133.9 eval=0 prior=0
[inst] req=5193728 hits=1752135 fwd=107589 rows=3441574 fwd_ms=301591.6 eval=0 prior=0
[inst] req=5201920 hits=1755033 fwd=107755 rows=3446886 fwd_ms=302038.3 eval=0 prior=0
[inst] req=5210112 hits=1757838 fwd=107923 rows=3452261 fwd_ms=302490.1 eval=0 prior=0
[inst] req=5218304 hits=1760597 fwd=108093 rows=3457701 fwd_ms=302946.7 eval=0 prior=0
[inst] req=5226496 hits=1763483 fwd=108259 rows=3463012 fwd_ms=303392.5 eval=0 prior=0
[inst] req=5234688 hits=1766271 fwd=108427 rows=3468388 fwd_ms=303843.7 eval=0 prior=0
[inst] req=5242880 hits=1769000 fwd=108598 rows=3473860 fwd_ms=304303.1 eval=0 prior=0
[inst] req=5251072 hits=1771747 fwd=108768 rows=3479300 fwd_ms=304759.4 eval=0 prior=0
[inst] req=5259264 hits=1774679 fwd=108933 rows=3484579 fwd_ms=305202.6 eval=0 prior=0
[inst] req=5267456 hits=1777446 fwd=109102 rows=3489987 fwd_ms=305656.2 eval=0 prior=0
[inst] req=5275648 hits=1780291 fwd=109269 rows=3495331 fwd_ms=306104.3 eval=0 prior=0
[inst] req=5283840 hits=1783114 fwd=109437 rows=3500707 fwd_ms=306555.1 eval=0 prior=0
[inst] req=5292032 hits=1786044 fwd=109602 rows=3505984 fwd_ms=306997.8 eval=0 prior=0
[inst] req=5300224 hits=1788822 fwd=109771 rows=3511392 fwd_ms=307451.5 eval=0 prior=0
[inst] req=5308416 hits=1791627 fwd=109939 rows=3516768 fwd_ms=307903.7 eval=0 prior=0
[inst] req=5316608 hits=1794355 fwd=110110 rows=3522240 fwd_ms=308363.5 eval=0 prior=0
[inst] req=5324800 hits=1797184 fwd=110277 rows=3527584 fwd_ms=308812.2 eval=0 prior=0
[inst] req=5332992 hits=1800057 fwd=110444 rows=3532928 fwd_ms=309260.2 eval=0 prior=0
[inst] req=5341184 hits=1802823 fwd=110613 rows=3538336 fwd_ms=309714.0 eval=0 prior=0
[inst] req=5349376 hits=1805651 fwd=110781 rows=3543712 fwd_ms=310165.8 eval=0 prior=0
[inst] req=5357568 hits=1808526 fwd=110947 rows=3549024 fwd_ms=310612.4 eval=0 prior=0
[inst] req=5365760 hits=1811618 fwd=111106 rows=3554110 fwd_ms=311039.7 eval=0 prior=0
[inst] req=5373952 hits=1814453 fwd=111274 rows=3559486 fwd_ms=311491.0 eval=0 prior=0
[inst] req=5382144 hits=1817187 fwd=111444 rows=3564926 fwd_ms=311947.4 eval=0 prior=0
[inst] req=5390336 hits=1820034 fwd=111611 rows=3570270 fwd_ms=312396.0 eval=0 prior=0
[inst] req=5398528 hits=1822931 fwd=111777 rows=3575581 fwd_ms=312841.9 eval=0 prior=0
[inst] req=5406720 hits=1825903 fwd=111940 rows=3580796 fwd_ms=313279.5 eval=0 prior=0
[inst] req=5414912 hits=1828883 fwd=112103 rows=3586012 fwd_ms=313717.0 eval=0 prior=0
[inst] req=5423104 hits=1831661 fwd=112272 rows=3591420 fwd_ms=314170.7 eval=0 prior=0
[inst] req=5431296 hits=1834541 fwd=112438 rows=3596732 fwd_ms=314616.7 eval=0 prior=0
[inst] req=5439488 hits=1837427 fwd=112604 rows=3602043 fwd_ms=315062.9 eval=0 prior=0
[inst] req=5447680 hits=1840197 fwd=112773 rows=3607451 fwd_ms=315516.5 eval=0 prior=0
[inst] req=5455872 hits=1843202 fwd=112936 rows=3612666 fwd_ms=315953.9 eval=0 prior=0
[inst] req=5464064 hits=1846121 fwd=113100 rows=3617911 fwd_ms=316393.8 eval=0 prior=0
[inst] req=5472256 hits=1849013 fwd=113266 rows=3623222 fwd_ms=316839.9 eval=0 prior=0
[inst] req=5480448 hits=1851963 fwd=113430 rows=3628468 fwd_ms=317280.0 eval=0 prior=0
[inst] req=5488640 hits=1854841 fwd=113596 rows=3633780 fwd_ms=317725.1 eval=0 prior=0
[inst] req=5496832 hits=1857699 fwd=113763 rows=3639123 fwd_ms=318173.1 eval=0 prior=0
[inst] req=5505024 hits=1860621 fwd=113928 rows=3644402 fwd_ms=318615.7 eval=0 prior=0
[inst] req=5513216 hits=1863473 fwd=114094 rows=3649714 fwd_ms=319061.3 eval=0 prior=0
[inst] req=5521408 hits=1866458 fwd=114257 rows=3654930 fwd_ms=319499.0 eval=0 prior=0
[inst] req=5529600 hits=1869399 fwd=114421 rows=3660178 fwd_ms=319939.0 eval=0 prior=0
[inst] req=5537792 hits=1872246 fwd=114588 rows=3665522 fwd_ms=320386.6 eval=0 prior=0
[inst] req=5545984 hits=1875130 fwd=114754 rows=3670834 fwd_ms=320831.8 eval=0 prior=0
[inst] req=5554176 hits=1878061 fwd=114919 rows=3676112 fwd_ms=321274.7 eval=0 prior=0
[inst] req=5562368 hits=1880729 fwd=115091 rows=3681616 fwd_ms=321736.5 eval=0 prior=0
[inst] req=5570560 hits=1883455 fwd=115262 rows=3687088 fwd_ms=322195.2 eval=0 prior=0
[inst] req=5578752 hits=1886373 fwd=115427 rows=3692366 fwd_ms=322638.5 eval=0 prior=0
[inst] req=5586944 hits=1889186 fwd=115595 rows=3697742 fwd_ms=323089.0 eval=0 prior=0
[inst] req=5595136 hits=1891859 fwd=115767 rows=3703245 fwd_ms=323550.4 eval=0 prior=0
[inst] req=5603328 hits=1894626 fwd=115937 rows=3708684 fwd_ms=324006.5 eval=0 prior=0
[inst] req=5611520 hits=1897412 fwd=116106 rows=3714089 fwd_ms=324459.7 eval=0 prior=0
[inst] req=5619712 hits=1900097 fwd=116278 rows=3719593 fwd_ms=324921.0 eval=0 prior=0
[inst] req=5627904 hits=1902912 fwd=116446 rows=3724969 fwd_ms=325371.7 eval=0 prior=0
[inst] req=5636096 hits=1905667 fwd=116616 rows=3730408 fwd_ms=325827.9 eval=0 prior=0
[inst] req=5644288 hits=1908636 fwd=116779 rows=3735622 fwd_ms=326266.0 eval=0 prior=0
[inst] req=5652480 hits=1911397 fwd=116949 rows=3741061 fwd_ms=326722.6 eval=0 prior=0
[inst] req=5660672 hits=1914262 fwd=117116 rows=3746405 fwd_ms=327170.9 eval=0 prior=0
[inst] req=5668864 hits=1917138 fwd=117282 rows=3751716 fwd_ms=327615.8 eval=0 prior=0
[inst] req=5677056 hits=1919831 fwd=117454 rows=3757220 fwd_ms=328077.1 eval=0 prior=0
[inst] req=5685248 hits=1922693 fwd=117620 rows=3762528 fwd_ms=328523.6 eval=0 prior=0
[inst] req=5693440 hits=1925470 fwd=117790 rows=3767967 fwd_ms=328980.6 eval=0 prior=0
[inst] req=5701632 hits=1928238 fwd=117959 rows=3773370 fwd_ms=329434.9 eval=0 prior=0
[inst] req=5709824 hits=1930998 fwd=118129 rows=3778803 fwd_ms=329891.5 eval=0 prior=0
[inst] req=5718016 hits=1933788 fwd=118298 rows=3784203 fwd_ms=330345.4 eval=0 prior=0
[inst] req=5726208 hits=1936401 fwd=118473 rows=3789803 fwd_ms=330815.5 eval=0 prior=0
[inst] req=5734400 hits=1939299 fwd=118638 rows=3795076 fwd_ms=331259.4 eval=0 prior=0
[inst] req=5742592 hits=1942270 fwd=118801 rows=3800290 fwd_ms=331697.3 eval=0 prior=0
[inst] req=5750784 hits=1945038 fwd=118971 rows=3805730 fwd_ms=332154.0 eval=0 prior=0
[inst] req=5758976 hits=1947820 fwd=119140 rows=3811136 fwd_ms=332608.4 eval=0 prior=0
[inst] req=5767168 hits=1950564 fwd=119310 rows=3816573 fwd_ms=334750.6 eval=0 prior=0
[inst] req=5775360 hits=1953316 fwd=119481 rows=3822014 fwd_ms=341990.2 eval=0 prior=0
[inst] req=5783552 hits=1956166 fwd=119649 rows=3827354 fwd_ms=345976.2 eval=0 prior=0
[inst] req=5791744 hits=1958745 fwd=119832 rows=3832977 fwd_ms=346530.4 eval=0 prior=0
[inst] req=5799936 hits=1961723 fwd=119995 rows=3838193 fwd_ms=346968.4 eval=0 prior=0
[inst] req=5808128 hits=1964669 fwd=120159 rows=3843441 fwd_ms=347409.4 eval=0 prior=0
[inst] req=5816320 hits=1967567 fwd=120324 rows=3848721 fwd_ms=347853.3 eval=0 prior=0
[inst] req=5824512 hits=1970602 fwd=120486 rows=3853904 fwd_ms=348289.0 eval=0 prior=0
[inst] req=5832704 hits=1973527 fwd=120650 rows=3859152 fwd_ms=348729.8 eval=0 prior=0
[inst] req=5840896 hits=1976422 fwd=120816 rows=3864464 fwd_ms=349175.3 eval=0 prior=0
[inst] req=5849088 hits=1979294 fwd=120982 rows=3869776 fwd_ms=349621.5 eval=0 prior=0
[inst] req=5857280 hits=1982296 fwd=121144 rows=3874960 fwd_ms=350058.3 eval=0 prior=0
[inst] req=5865472 hits=1985163 fwd=121311 rows=3880304 fwd_ms=350507.6 eval=0 prior=0
[inst] req=5873664 hits=1987980 fwd=121479 rows=3885680 fwd_ms=350958.9 eval=0 prior=0
[inst] req=5881856 hits=1991055 fwd=121639 rows=3890787 fwd_ms=351405.9 eval=0 prior=0
[inst] req=5890048 hits=1994163 fwd=121798 rows=3895874 fwd_ms=351832.9 eval=0 prior=0
[inst] req=5898240 hits=1997105 fwd=121962 rows=3901122 fwd_ms=352274.2 eval=0 prior=0
[inst] req=5906432 hits=2000107 fwd=122124 rows=3906305 fwd_ms=352709.1 eval=0 prior=0
[inst] req=5914624 hits=2003119 fwd=122286 rows=3911489 fwd_ms=353143.8 eval=0 prior=0
[inst] req=5922816 hits=2006074 fwd=122450 rows=3916737 fwd_ms=353583.6 eval=0 prior=0
[inst] req=5931008 hits=2009099 fwd=122611 rows=3921889 fwd_ms=354015.4 eval=0 prior=0
[inst] req=5939200 hits=2012144 fwd=122772 rows=3927041 fwd_ms=354447.5 eval=0 prior=0
[inst] req=5947392 hits=2015277 fwd=122930 rows=3932096 fwd_ms=354871.2 eval=0 prior=0
[inst] req=5955584 hits=2018182 fwd=123095 rows=3937376 fwd_ms=355313.8 eval=0 prior=0
[inst] req=5963776 hits=2021123 fwd=123259 rows=3942624 fwd_ms=355753.7 eval=0 prior=0
[inst] req=5971968 hits=2024297 fwd=123417 rows=3947655 fwd_ms=356177.7 eval=0 prior=0
[inst] req=5980160 hits=2027348 fwd=123578 rows=3952807 fwd_ms=356609.3 eval=0 prior=0
[inst] req=5988352 hits=2030374 fwd=123739 rows=3957959 fwd_ms=357041.3 eval=0 prior=0
[inst] req=5996544 hits=2033252 fwd=123905 rows=3963271 fwd_ms=357486.7 eval=0 prior=0
[inst] req=6004736 hits=2036236 fwd=124068 rows=3968487 fwd_ms=357924.1 eval=0 prior=0
[inst] req=6012928 hits=2039206 fwd=124231 rows=3973703 fwd_ms=358361.9 eval=0 prior=0
[inst] req=6021120 hits=2042316 fwd=124390 rows=3978789 fwd_ms=358789.4 eval=0 prior=0
[inst] req=6029312 hits=2045308 fwd=124552 rows=3983972 fwd_ms=359224.8 eval=0 prior=0
[inst] req=6037504 hits=2048264 fwd=124716 rows=3989219 fwd_ms=359665.6 eval=0 prior=0
[inst] req=6045696 hits=2051108 fwd=124883 rows=3994563 fwd_ms=360114.0 eval=0 prior=0
[inst] req=6053888 hits=2054194 fwd=125043 rows=3999683 fwd_ms=360543.6 eval=0 prior=0
[inst] req=6062080 hits=2057207 fwd=125205 rows=4004865 fwd_ms=360978.9 eval=0 prior=0
[inst] req=6070272 hits=2060185 fwd=125368 rows=4010081 fwd_ms=361416.9 eval=0 prior=0
[inst] req=6078464 hits=2063323 fwd=125526 rows=4015133 fwd_ms=361841.4 eval=0 prior=0
[inst] req=6086656 hits=2066347 fwd=125687 rows=4020285 fwd_ms=362273.9 eval=0 prior=0
[inst] req=6094848 hits=2069510 fwd=125844 rows=4025308 fwd_ms=362695.3 eval=0 prior=0
[inst] req=6103040 hits=2072511 fwd=126007 rows=4030523 fwd_ms=363133.0 eval=0 prior=0
[inst] req=6111232 hits=2075520 fwd=126169 rows=4035707 fwd_ms=363567.8 eval=0 prior=0
[inst] req=6119424 hits=2078499 fwd=126332 rows=4040923 fwd_ms=364005.1 eval=0 prior=0
[inst] req=6127616 hits=2081521 fwd=126493 rows=4046074 fwd_ms=364437.4 eval=0 prior=0
[inst] req=6135808 hits=2084393 fwd=126659 rows=4051386 fwd_ms=364882.6 eval=0 prior=0
[inst] req=6144000 hits=2087365 fwd=126823 rows=4056634 fwd_ms=365322.4 eval=0 prior=0
[inst] req=6152192 hits=2090369 fwd=126987 rows=4061815 fwd_ms=365761.2 eval=0 prior=0
[inst] req=6160384 hits=2093320 fwd=127151 rows=4067063 fwd_ms=366200.9 eval=0 prior=0
[inst] req=6168576 hits=2096213 fwd=127316 rows=4072343 fwd_ms=366643.1 eval=0 prior=0
[inst] req=6176768 hits=2099213 fwd=127478 rows=4077526 fwd_ms=367077.5 eval=0 prior=0
[inst] req=6184960 hits=2102290 fwd=127638 rows=4082645 fwd_ms=367506.0 eval=0 prior=0
[inst] req=6193152 hits=2105135 fwd=127805 rows=4087989 fwd_ms=367953.3 eval=0 prior=0
[inst] req=6201344 hits=2108137 fwd=127968 rows=4093205 fwd_ms=368389.8 eval=0 prior=0
[inst] req=6209536 hits=2111026 fwd=128133 rows=4098485 fwd_ms=368832.2 eval=0 prior=0
[inst] req=6217728 hits=2114053 fwd=128295 rows=4103668 fwd_ms=369266.9 eval=0 prior=0
[inst] req=6225920 hits=2117078 fwd=128456 rows=4108819 fwd_ms=369698.4 eval=0 prior=0
[inst] req=6234112 hits=2119966 fwd=128622 rows=4114131 fwd_ms=370143.6 eval=0 prior=0
[inst] req=6242304 hits=2123024 fwd=128782 rows=4119250 fwd_ms=370572.7 eval=0 prior=0
[inst] req=6250496 hits=2125975 fwd=128946 rows=4124498 fwd_ms=371012.5 eval=0 prior=0
[inst] req=6258688 hits=2128874 fwd=129112 rows=4129810 fwd_ms=371458.2 eval=0 prior=0
[inst] req=6266880 hits=2131830 fwd=129275 rows=4135026 fwd_ms=371895.6 eval=0 prior=0
[inst] req=6275072 hits=2134800 fwd=129438 rows=4140242 fwd_ms=372333.5 eval=0 prior=0
[inst] req=6283264 hits=2137700 fwd=129605 rows=4145558 fwd_ms=372800.4 eval=0 prior=0
[inst] req=6291456 hits=2140582 fwd=129771 rows=4150870 fwd_ms=373246.1 eval=0 prior=0
[inst] req=6299648 hits=2143435 fwd=129937 rows=4156182 fwd_ms=373691.3 eval=0 prior=0
[inst] req=6307840 hits=2146343 fwd=130103 rows=4161493 fwd_ms=374136.6 eval=0 prior=0
[inst] req=6316032 hits=2149321 fwd=130266 rows=4166709 fwd_ms=374573.8 eval=0 prior=0
[inst] req=6324224 hits=2152264 fwd=130430 rows=4171957 fwd_ms=375013.6 eval=0 prior=0
[inst] req=6332416 hits=2155186 fwd=130594 rows=4177205 fwd_ms=375453.2 eval=0 prior=0
[inst] req=6340608 hits=2158233 fwd=130755 rows=4182356 fwd_ms=375884.9 eval=0 prior=0
[inst] req=6348800 hits=2161250 fwd=130917 rows=4187540 fwd_ms=376319.5 eval=0 prior=0
[inst] req=6356992 hits=2164216 fwd=131080 rows=4192756 fwd_ms=376756.4 eval=0 prior=0
[inst] req=6365184 hits=2167214 fwd=131242 rows=4197940 fwd_ms=377190.7 eval=0 prior=0
[inst] req=6373376 hits=2170220 fwd=131404 rows=4203124 fwd_ms=377624.8 eval=0 prior=0
[inst] req=6381568 hits=2173359 fwd=131562 rows=4208179 fwd_ms=378048.7 eval=0 prior=0
[inst] req=6389760 hits=2176358 fwd=131725 rows=4213395 fwd_ms=378485.9 eval=0 prior=0
[inst] req=6397952 hits=2179389 fwd=131886 rows=4218547 fwd_ms=378917.9 eval=0 prior=0
[inst] req=6406144 hits=2182602 fwd=132042 rows=4223539 fwd_ms=379336.1 eval=0 prior=0
[inst] req=6414336 hits=2185592 fwd=132204 rows=4228723 fwd_ms=379770.3 eval=0 prior=0
[inst] req=6422528 hits=2188703 fwd=132363 rows=4233811 fwd_ms=380196.2 eval=0 prior=0
[inst] req=6430720 hits=2191750 fwd=132524 rows=4238963 fwd_ms=380627.6 eval=0 prior=0
[inst] req=6438912 hits=2194773 fwd=132685 rows=4244115 fwd_ms=381059.4 eval=0 prior=0
[inst] req=6447104 hits=2197970 fwd=132841 rows=4249106 fwd_ms=381478.5 eval=0 prior=0
[inst] req=6455296 hits=2201062 fwd=133001 rows=4254226 fwd_ms=381907.6 eval=0 prior=0
[inst] req=6463488 hits=2204404 fwd=133152 rows=4259056 fwd_ms=382312.9 eval=0 prior=0
[inst] req=6471680 hits=2207582 fwd=133309 rows=4264079 fwd_ms=382733.4 eval=0 prior=0
[inst] req=6479872 hits=2210667 fwd=133469 rows=4269199 fwd_ms=383162.3 eval=0 prior=0
[inst] req=6488064 hits=2213830 fwd=133626 rows=4274222 fwd_ms=383583.4 eval=0 prior=0
[inst] req=6496256 hits=2216979 fwd=133783 rows=4279246 fwd_ms=384004.1 eval=0 prior=0
[inst] req=6504448 hits=2220120 fwd=133941 rows=4284302 fwd_ms=384427.6 eval=0 prior=0
[inst] req=6512640 hits=2223172 fwd=134102 rows=4289454 fwd_ms=384860.0 eval=0 prior=0
[inst] req=6520832 hits=2226225 fwd=134263 rows=4294606 fwd_ms=385292.5 eval=0 prior=0
[inst] req=6529024 hits=2229332 fwd=134421 rows=4299662 fwd_ms=385716.4 eval=0 prior=0
[inst] req=6537216 hits=2232557 fwd=134577 rows=4304652 fwd_ms=386134.9 eval=0 prior=0
[inst] req=6545408 hits=2235672 fwd=134735 rows=4309708 fwd_ms=386558.6 eval=0 prior=0
[inst] req=6553600 hits=2238778 fwd=134894 rows=4314796 fwd_ms=386985.5 eval=0 prior=0
[inst] req=6561792 hits=2241988 fwd=135050 rows=4319787 fwd_ms=387405.0 eval=0 prior=0
[inst] req=6569984 hits=2245120 fwd=135208 rows=4324843 fwd_ms=387829.2 eval=0 prior=0
[inst] req=6578176 hits=2248435 fwd=135361 rows=4329734 fwd_ms=388239.5 eval=0 prior=0
[inst] req=6586368 hits=2251501 fwd=135521 rows=4334854 fwd_ms=388668.6 eval=0 prior=0
[inst] req=6594560 hits=2254603 fwd=135680 rows=4339942 fwd_ms=389095.1 eval=0 prior=0
[inst] req=6602752 hits=2257944 fwd=135832 rows=4344805 fwd_ms=389502.8 eval=0 prior=0
[inst] req=6610944 hits=2261232 fwd=135985 rows=4349700 fwd_ms=389913.0 eval=0 prior=0
[inst] req=6619136 hits=2264436 fwd=136141 rows=4354691 fwd_ms=390331.5 eval=0 prior=0
[inst] req=6627328 hits=2267643 fwd=136297 rows=4359683 fwd_ms=390750.0 eval=0 prior=0
[inst] req=6635520 hits=2270901 fwd=136451 rows=4364610 fwd_ms=391163.3 eval=0 prior=0
[inst] req=6643712 hits=2274130 fwd=136606 rows=4369569 fwd_ms=391579.0 eval=0 prior=0
[inst] req=6651904 hits=2277307 fwd=136763 rows=4374592 fwd_ms=392000.5 eval=0 prior=0
[inst] req=6660096 hits=2280304 fwd=136925 rows=4379776 fwd_ms=392435.2 eval=0 prior=0
[inst] req=6668288 hits=2283286 fwd=137088 rows=4384992 fwd_ms=392872.6 eval=0 prior=0
[inst] req=6676480 hits=2286500 fwd=137243 rows=4389951 fwd_ms=393288.7 eval=0 prior=0
[inst] req=6684672 hits=2289635 fwd=137401 rows=4395007 fwd_ms=393713.0 eval=0 prior=0
[inst] req=6692864 hits=2292725 fwd=137561 rows=4400127 fwd_ms=394142.6 eval=0 prior=0
[inst] req=6701056 hits=2295907 fwd=137717 rows=4405119 fwd_ms=394562.3 eval=0 prior=0
[inst] req=6709248 hits=2299067 fwd=137875 rows=4410175 fwd_ms=394987.0 eval=0 prior=0
[inst] req=6717440 hits=2302273 fwd=138031 rows=4415166 fwd_ms=395406.1 eval=0 prior=0
[inst] req=6725632 hits=2305387 fwd=138189 rows=4420222 fwd_ms=395830.5 eval=0 prior=0
[inst] req=6733824 hits=2308588 fwd=138345 rows=4425214 fwd_ms=396249.2 eval=0 prior=0
[inst] req=6742016 hits=2311682 fwd=138504 rows=4430302 fwd_ms=396676.1 eval=0 prior=0
[inst] req=6750208 hits=2314799 fwd=138663 rows=4435389 fwd_ms=397103.0 eval=0 prior=0
[inst] req=6758400 hits=2317888 fwd=138823 rows=4440509 fwd_ms=397532.5 eval=0 prior=0
[inst] req=6766592 hits=2320923 fwd=138984 rows=4445661 fwd_ms=397964.6 eval=0 prior=0
[inst] req=6774784 hits=2324057 fwd=139142 rows=4450716 fwd_ms=398388.9 eval=0 prior=0
[inst] req=6782976 hits=2327008 fwd=139306 rows=4455964 fwd_ms=398829.0 eval=0 prior=0
[inst] req=6791168 hits=2330062 fwd=139466 rows=4461084 fwd_ms=399258.7 eval=0 prior=0
[inst] req=6799360 hits=2333090 fwd=139628 rows=4466268 fwd_ms=399694.1 eval=0 prior=0
[inst] req=6807552 hits=2336295 fwd=139783 rows=4471226 fwd_ms=400110.4 eval=0 prior=0
[inst] req=6815744 hits=2339451 fwd=139941 rows=4476282 fwd_ms=400534.7 eval=0 prior=0
[inst] req=6823936 hits=2342769 fwd=140093 rows=4481145 fwd_ms=400943.4 eval=0 prior=0
[inst] req=6832128 hits=2345947 fwd=140250 rows=4486165 fwd_ms=401365.4 eval=0 prior=0
[inst] req=6840320 hits=2348993 fwd=140411 rows=4491317 fwd_ms=401797.6 eval=0 prior=0
[inst] req=6848512 hits=2352107 fwd=140569 rows=4496373 fwd_ms=402221.5 eval=0 prior=0
[inst] req=6856704 hits=2355378 fwd=140723 rows=4501297 fwd_ms=402635.0 eval=0 prior=0
[inst] req=6864896 hits=2358577 fwd=140879 rows=4506288 fwd_ms=403053.8 eval=0 prior=0
[inst] req=6873088 hits=2361590 fwd=141041 rows=4511472 fwd_ms=403488.5 eval=0 prior=0
[inst] req=6881280 hits=2364639 fwd=141202 rows=4516624 fwd_ms=403920.8 eval=0 prior=0
[inst] req=6889472 hits=2367726 fwd=141362 rows=4521744 fwd_ms=404350.2 eval=0 prior=0
[inst] req=6897664 hits=2370781 fwd=141522 rows=4526864 fwd_ms=404779.6 eval=0 prior=0
[inst] req=6905856 hits=2373883 fwd=141681 rows=4531951 fwd_ms=405206.6 eval=0 prior=0
[inst] req=6914048 hits=2377015 fwd=141839 rows=4537007 fwd_ms=405630.7 eval=0 prior=0
[inst] req=6922240 hits=2380050 fwd=142000 rows=4542159 fwd_ms=406062.9 eval=0 prior=0
[inst] req=6930432 hits=2382986 fwd=142165 rows=4547439 fwd_ms=406505.7 eval=0 prior=0
[inst] req=6938624 hits=2386219 fwd=142320 rows=4552398 fwd_ms=406921.5 eval=0 prior=0
[inst] req=6946816 hits=2389509 fwd=142473 rows=4557293 fwd_ms=407332.5 eval=0 prior=0
[inst] req=6955008 hits=2392709 fwd=142629 rows=4562284 fwd_ms=407751.1 eval=0 prior=0
[inst] req=6963200 hits=2395724 fwd=142791 rows=4567468 fwd_ms=408186.0 eval=0 prior=0
[inst] req=6971392 hits=2398774 fwd=142951 rows=4572588 fwd_ms=408615.4 eval=0 prior=0
[inst] req=6979584 hits=2402035 fwd=143106 rows=4577546 fwd_ms=409032.1 eval=0 prior=0
[inst] req=6987776 hits=2404985 fwd=143269 rows=4582762 fwd_ms=409470.1 eval=0 prior=0
[inst] req=6995968 hits=2408040 fwd=143430 rows=4587914 fwd_ms=409902.9 eval=0 prior=0
[inst] req=7004160 hits=2411050 fwd=143592 rows=4593098 fwd_ms=410338.0 eval=0 prior=0
[inst] req=7012352 hits=2414050 fwd=143754 rows=4598282 fwd_ms=410772.7 eval=0 prior=0
[inst] req=7020544 hits=2417257 fwd=143910 rows=4603273 fwd_ms=411191.6 eval=0 prior=0
[inst] req=7028736 hits=2420281 fwd=144071 rows=4608425 fwd_ms=411623.5 eval=0 prior=0
[inst] req=7036928 hits=2423312 fwd=144233 rows=4613609 fwd_ms=412059.4 eval=0 prior=0
[inst] req=7045120 hits=2426451 fwd=144391 rows=4618663 fwd_ms=412485.0 eval=0 prior=0
[inst] req=7053312 hits=2429574 fwd=144549 rows=4623719 fwd_ms=412910.7 eval=0 prior=0
[inst] req=7061504 hits=2432655 fwd=144709 rows=4628839 fwd_ms=413340.9 eval=0 prior=0
[inst] req=7069696 hits=2435682 fwd=144870 rows=4633991 fwd_ms=413773.3 eval=0 prior=0
[inst] req=7077888 hits=2438728 fwd=145031 rows=4639143 fwd_ms=414205.2 eval=0 prior=0
[inst] req=7086080 hits=2441889 fwd=145188 rows=4644166 fwd_ms=414626.6 eval=0 prior=0
[inst] req=7094272 hits=2445034 fwd=145346 rows=4649220 fwd_ms=415051.0 eval=0 prior=0
[inst] req=7102464 hits=2448125 fwd=145505 rows=4654308 fwd_ms=415478.0 eval=0 prior=0
[inst] req=7110656 hits=2451136 fwd=145667 rows=4659492 fwd_ms=415912.6 eval=0 prior=0
[inst] req=7118848 hits=2454185 fwd=145828 rows=4664644 fwd_ms=416344.3 eval=0 prior=0
[inst] req=7127040 hits=2457251 fwd=145988 rows=4669764 fwd_ms=416773.5 eval=0 prior=0
[inst] req=7135232 hits=2460373 fwd=146147 rows=4674851 fwd_ms=417200.4 eval=0 prior=0
[inst] req=7143424 hits=2463414 fwd=146308 rows=4680003 fwd_ms=417632.3 eval=0 prior=0
[inst] req=7151616 hits=2466513 fwd=146467 rows=4685091 fwd_ms=418058.7 eval=0 prior=0
[inst] req=7159808 hits=2469688 fwd=146624 rows=4690114 fwd_ms=418480.8 eval=0 prior=0
[inst] req=7168000 hits=2472678 fwd=146786 rows=4695298 fwd_ms=418915.9 eval=0 prior=0
[inst] req=7176192 hits=2475811 fwd=146944 rows=4700353 fwd_ms=419340.3 eval=0 prior=0
[inst] req=7184384 hits=2478835 fwd=147106 rows=4705537 fwd_ms=419775.4 eval=0 prior=0
[inst] req=7192576 hits=2481817 fwd=147269 rows=4710753 fwd_ms=420212.6 eval=0 prior=0
[inst] req=7200768 hits=2484948 fwd=147427 rows=4715809 fwd_ms=420636.3 eval=0 prior=0
[inst] req=7208960 hits=2488062 fwd=147586 rows=4720897 fwd_ms=421062.9 eval=0 prior=0
[inst] req=7217152 hits=2491155 fwd=147745 rows=4725984 fwd_ms=421489.8 eval=0 prior=0
[inst] req=7225344 hits=2494265 fwd=147904 rows=4731072 fwd_ms=421916.3 eval=0 prior=0
[inst] req=7233536 hits=2497346 fwd=148063 rows=4736160 fwd_ms=422343.1 eval=0 prior=0
[inst] req=7241728 hits=2500512 fwd=148220 rows=4741184 fwd_ms=422764.4 eval=0 prior=0
[inst] req=7249920 hits=2503624 fwd=148379 rows=4746272 fwd_ms=423191.5 eval=0 prior=0
[inst] req=7258112 hits=2506706 fwd=148539 rows=4751392 fwd_ms=423620.8 eval=0 prior=0
[inst] req=7266304 hits=2509993 fwd=148692 rows=4756287 fwd_ms=424031.5 eval=0 prior=0
[inst] req=7274496 hits=2513281 fwd=148846 rows=4761212 fwd_ms=424445.3 eval=0 prior=0
[inst] req=7282688 hits=2516475 fwd=149002 rows=4766204 fwd_ms=424864.6 eval=0 prior=0
[inst] req=7290880 hits=2519573 fwd=149161 rows=4771292 fwd_ms=425291.4 eval=0 prior=0
[inst] req=7299072 hits=2522642 fwd=149321 rows=4776412 fwd_ms=425720.5 eval=0 prior=0
[inst] req=7307264 hits=2525700 fwd=149481 rows=4781532 fwd_ms=426149.3 eval=0 prior=0
[inst] req=7315456 hits=2528812 fwd=149640 rows=4786620 fwd_ms=426575.8 eval=0 prior=0
[inst] req=7323648 hits=2532047 fwd=149795 rows=4791579 fwd_ms=426992.0 eval=0 prior=0
[inst] req=7331840 hits=2535426 fwd=149946 rows=4796408 fwd_ms=427397.5 eval=0 prior=0
[inst] req=7340032 hits=2538450 fwd=150107 rows=4801560 fwd_ms=427829.6 eval=0 prior=0
[inst] req=7348224 hits=2541598 fwd=150265 rows=4806616 fwd_ms=428253.6 eval=0 prior=0
[inst] req=7356416 hits=2544706 fwd=150424 rows=4811703 fwd_ms=428680.3 eval=0 prior=0
[inst] req=7364608 hits=2547758 fwd=150584 rows=4816823 fwd_ms=429109.7 eval=0 prior=0
[inst] req=7372800 hits=2550823 fwd=150745 rows=4821975 fwd_ms=429542.0 eval=0 prior=0
[inst] req=7380992 hits=2553996 fwd=150901 rows=4826966 fwd_ms=429960.9 eval=0 prior=0
[inst] req=7389184 hits=2557149 fwd=151059 rows=4832021 fwd_ms=430384.8 eval=0 prior=0
[inst] req=7397376 hits=2560207 fwd=151219 rows=4837141 fwd_ms=430814.3 eval=0 prior=0
[inst] req=7405568 hits=2563322 fwd=151378 rows=4842228 fwd_ms=431240.9 eval=0 prior=0
[inst] req=7413760 hits=2566430 fwd=151537 rows=4847316 fwd_ms=431667.9 eval=0 prior=0
[inst] req=7421952 hits=2569533 fwd=151696 rows=4852404 fwd_ms=432094.9 eval=0 prior=0
[inst] req=7430144 hits=2572535 fwd=151858 rows=4857588 fwd_ms=432529.6 eval=0 prior=0
[inst] req=7438336 hits=2575723 fwd=152015 rows=4862610 fwd_ms=432950.4 eval=0 prior=0
[inst] req=7446528 hits=2578761 fwd=152176 rows=4867762 fwd_ms=433382.3 eval=0 prior=0
[inst] req=7454720 hits=2581788 fwd=152337 rows=4872914 fwd_ms=433814.7 eval=0 prior=0
[inst] req=7462912 hits=2584962 fwd=152494 rows=4877937 fwd_ms=434236.2 eval=0 prior=0
[inst] req=7471104 hits=2588087 fwd=152652 rows=4882993 fwd_ms=434660.5 eval=0 prior=0
[inst] req=7479296 hits=2591060 fwd=152815 rows=4888209 fwd_ms=435097.7 eval=0 prior=0
[inst] req=7487488 hits=2594069 fwd=152977 rows=4893393 fwd_ms=435532.4 eval=0 prior=0
[inst] req=7495680 hits=2597143 fwd=153137 rows=4898513 fwd_ms=435962.0 eval=0 prior=0
[inst] req=7503872 hits=2600121 fwd=153300 rows=4903729 fwd_ms=436400.4 eval=0 prior=0
[inst] req=7512064 hits=2603097 fwd=153463 rows=4908945 fwd_ms=436837.9 eval=0 prior=0
[inst] req=7520256 hits=2606105 fwd=153625 rows=4914129 fwd_ms=437272.7 eval=0 prior=0
[inst] req=7528448 hits=2609108 fwd=153787 rows=4919313 fwd_ms=437707.8 eval=0 prior=0
[inst] req=7536640 hits=2612172 fwd=153948 rows=4924465 fwd_ms=438140.2 eval=0 prior=0
[inst] req=7544832 hits=2615345 fwd=154104 rows=4929457 fwd_ms=438558.7 eval=0 prior=0
[inst] req=7553024 hits=2618453 fwd=154263 rows=4934545 fwd_ms=438985.8 eval=0 prior=0
[inst] req=7561216 hits=2621798 fwd=154415 rows=4939405 fwd_ms=439394.5 eval=0 prior=0
[inst] req=7569408 hits=2624885 fwd=154574 rows=4944493 fwd_ms=439822.1 eval=0 prior=0
[inst] req=7577600 hits=2628049 fwd=154732 rows=4949548 fwd_ms=440246.4 eval=0 prior=0
[inst] req=7585792 hits=2631485 fwd=154880 rows=4954281 fwd_ms=440643.9 eval=0 prior=0
[inst] req=7593984 hits=2634510 fwd=155042 rows=4959465 fwd_ms=441078.5 eval=0 prior=0
[inst] req=7602176 hits=2637584 fwd=155202 rows=4964585 fwd_ms=441508.1 eval=0 prior=0
[inst] req=7610368 hits=2640627 fwd=155363 rows=4969737 fwd_ms=441939.7 eval=0 prior=0
[inst] req=7618560 hits=2643653 fwd=155524 rows=4974889 fwd_ms=442371.5 eval=0 prior=0
[inst] req=7626752 hits=2646783 fwd=155682 rows=4979944 fwd_ms=442795.7 eval=0 prior=0
[inst] req=7634944 hits=2649801 fwd=155844 rows=4985128 fwd_ms=443229.9 eval=0 prior=0
[inst] req=7643136 hits=2652770 fwd=156007 rows=4990344 fwd_ms=443667.1 eval=0 prior=0
[inst] req=7651328 hits=2655691 fwd=156172 rows=4995624 fwd_ms=444109.9 eval=0 prior=0
[inst] req=7659520 hits=2658754 fwd=156332 rows=5000742 fwd_ms=444539.9 eval=0 prior=0
[inst] req=7667712 hits=2661707 fwd=156496 rows=5005990 fwd_ms=444979.6 eval=0 prior=0
[inst] req=7675904 hits=2664839 fwd=156655 rows=5011059 fwd_ms=445406.3 eval=0 prior=0
[inst] req=7684096 hits=2667661 fwd=156822 rows=5016403 fwd_ms=445855.1 eval=0 prior=0
[inst] req=7692288 hits=2670510 fwd=156989 rows=5021747 fwd_ms=446304.3 eval=0 prior=0
[inst] req=7700480 hits=2673420 fwd=157155 rows=5027055 fwd_ms=446750.2 eval=0 prior=0
[inst] req=7708672 hits=2676395 fwd=157318 rows=5032255 fwd_ms=447188.4 eval=0 prior=0
[inst] req=7716864 hits=2679512 fwd=157477 rows=5037338 fwd_ms=447615.9 eval=0 prior=0
[inst] req=7725056 hits=2682608 fwd=157637 rows=5042438 fwd_ms=448045.4 eval=0 prior=0
[inst] req=7733248 hits=2686074 fwd=157785 rows=5047163 fwd_ms=448442.8 eval=0 prior=0
[inst] req=7741440 hits=2689029 fwd=157948 rows=5052379 fwd_ms=450001.3 eval=0 prior=0
[inst] req=7749632 hits=2691715 fwd=158121 rows=5057899 fwd_ms=457389.2 eval=0 prior=0
[inst] req=7757824 hits=2694615 fwd=158287 rows=5063181 fwd_ms=461792.3 eval=0 prior=0
[inst] req=7766016 hits=2696876 fwd=158482 rows=5069123 fwd_ms=462372.0 eval=0 prior=0
[inst] req=7774208 hits=2699561 fwd=158654 rows=5074627 fwd_ms=462833.3 eval=0 prior=0
[inst] req=7782400 hits=2702259 fwd=158826 rows=5080131 fwd_ms=463294.1 eval=0 prior=0
[inst] req=7790592 hits=2705109 fwd=158993 rows=5085475 fwd_ms=463741.7 eval=0 prior=0
[inst] req=7798784 hits=2707854 fwd=159163 rows=5090915 fwd_ms=464197.1 eval=0 prior=0
[inst] req=7806976 hits=2710672 fwd=159331 rows=5096291 fwd_ms=464647.1 eval=0 prior=0
[inst] req=7815168 hits=2713572 fwd=159496 rows=5101571 fwd_ms=465089.1 eval=0 prior=0
[inst] req=7823360 hits=2716294 fwd=159667 rows=5107043 fwd_ms=465546.7 eval=0 prior=0
[inst] req=7831552 hits=2719136 fwd=159834 rows=5112386 fwd_ms=465993.9 eval=0 prior=0
[inst] req=7839744 hits=2721994 fwd=160001 rows=5117730 fwd_ms=466440.8 eval=0 prior=0
[inst] req=7847936 hits=2724765 fwd=160171 rows=5123157 fwd_ms=466896.3 eval=0 prior=0
[inst] req=7856128 hits=2727474 fwd=160342 rows=5128629 fwd_ms=467356.3 eval=0 prior=0
[inst] req=7864320 hits=2730291 fwd=160510 rows=5134005 fwd_ms=467806.6 eval=0 prior=0
[inst] req=7872512 hits=2733237 fwd=160674 rows=5139250 fwd_ms=468246.2 eval=0 prior=0
[inst] req=7880704 hits=2735939 fwd=160846 rows=5144754 fwd_ms=468706.9 eval=0 prior=0
[inst] req=7888896 hits=2738687 fwd=161016 rows=5150194 fwd_ms=469161.8 eval=0 prior=0
[inst] req=7897088 hits=2741466 fwd=161185 rows=5155602 fwd_ms=469614.0 eval=0 prior=0
[inst] req=7905280 hits=2744210 fwd=161355 rows=5161042 fwd_ms=470069.4 eval=0 prior=0
[inst] req=7913472 hits=2747024 fwd=161523 rows=5166417 fwd_ms=470519.3 eval=0 prior=0
[inst] req=7921664 hits=2749732 fwd=161695 rows=5171921 fwd_ms=470979.9 eval=0 prior=0
[inst] req=7929856 hits=2752442 fwd=161866 rows=5177393 fwd_ms=471437.6 eval=0 prior=0
[inst] req=7938048 hits=2755092 fwd=162040 rows=5182925 fwd_ms=471902.2 eval=0 prior=0
[inst] req=7946240 hits=2757923 fwd=162208 rows=5188301 fwd_ms=472351.6 eval=0 prior=0
[inst] req=7954432 hits=2760675 fwd=162378 rows=5193739 fwd_ms=472806.5 eval=0 prior=0
[inst] req=7962624 hits=2763535 fwd=162545 rows=5199081 fwd_ms=473253.7 eval=0 prior=0
[inst] req=7970816 hits=2766255 fwd=162716 rows=5204553 fwd_ms=473711.3 eval=0 prior=0
[inst] req=7979008 hits=2768881 fwd=162890 rows=5210121 fwd_ms=474176.8 eval=0 prior=0
[inst] req=7987200 hits=2771654 fwd=163059 rows=5215529 fwd_ms=474629.4 eval=0 prior=0
[inst] req=7995392 hits=2774392 fwd=163229 rows=5220969 fwd_ms=475083.6 eval=0 prior=0
[inst] req=8003584 hits=2777248 fwd=163396 rows=5226312 fwd_ms=475530.4 eval=0 prior=0
[inst] req=8011776 hits=2780002 fwd=163566 rows=5231752 fwd_ms=475985.3 eval=0 prior=0
[inst] req=8019968 hits=2782690 fwd=163738 rows=5237256 fwd_ms=476445.4 eval=0 prior=0
[inst] req=8028160 hits=2785379 fwd=163910 rows=5242760 fwd_ms=476905.7 eval=0 prior=0
[inst] req=8036352 hits=2788054 fwd=164083 rows=5248296 fwd_ms=477368.2 eval=0 prior=0
[inst] req=8044544 hits=2790805 fwd=164253 rows=5253736 fwd_ms=477823.0 eval=0 prior=0
[inst] req=8052736 hits=2793712 fwd=164418 rows=5259015 fwd_ms=478264.1 eval=0 prior=0
[inst] req=8060928 hits=2796391 fwd=164590 rows=5264519 fwd_ms=478724.1 eval=0 prior=0
[inst] req=8069120 hits=2799191 fwd=164759 rows=5269927 fwd_ms=479175.6 eval=0 prior=0
[inst] req=8077312 hits=2801938 fwd=164929 rows=5275366 fwd_ms=479630.1 eval=0 prior=0
[inst] req=8085504 hits=2804655 fwd=165100 rows=5280838 fwd_ms=480087.3 eval=0 prior=0
[inst] req=8093696 hits=2807511 fwd=165267 rows=5286178 fwd_ms=480533.7 eval=0 prior=0
[inst] req=8101888 hits=2810378 fwd=165433 rows=5291489 fwd_ms=480977.5 eval=0 prior=0
[inst] req=8110080 hits=2813336 fwd=165599 rows=5296738 fwd_ms=481420.3 eval=0 prior=0
[inst] req=8118272 hits=2816108 fwd=165768 rows=5302146 fwd_ms=481871.7 eval=0 prior=0
[inst] req=8126464 hits=2818917 fwd=165936 rows=5307521 fwd_ms=482320.6 eval=0 prior=0
[inst] req=8134656 hits=2821732 fwd=166104 rows=5312897 fwd_ms=482769.6 eval=0 prior=0
[inst] req=8142848 hits=2824670 fwd=166269 rows=5318175 fwd_ms=483210.4 eval=0 prior=0
[inst] req=8151040 hits=2827370 fwd=166440 rows=5323647 fwd_ms=483667.2 eval=0 prior=0
[inst] req=8159232 hits=2830173 fwd=166609 rows=5329055 fwd_ms=484118.5 eval=0 prior=0
[inst] req=8167424 hits=2832931 fwd=166778 rows=5334463 fwd_ms=484570.1 eval=0 prior=0
[inst] req=8175616 hits=2835699 fwd=166948 rows=5339903 fwd_ms=485024.8 eval=0 prior=0
[inst] req=8183808 hits=2838694 fwd=167110 rows=5345086 fwd_ms=485458.1 eval=0 prior=0
[inst] req=8192000 hits=2841573 fwd=167276 rows=5350397 fwd_ms=485901.9 eval=0 prior=0
[inst] req=8200192 hits=2844559 fwd=167439 rows=5355607 fwd_ms=486338.7 eval=0 prior=0
[inst] req=8208384 hits=2847353 fwd=167608 rows=5361015 fwd_ms=486791.4 eval=0 prior=0
[inst] req=8216576 hits=2850171 fwd=167776 rows=5366391 fwd_ms=487241.2 eval=0 prior=0
[inst] req=8224768 hits=2852850 fwd=167948 rows=5371895 fwd_ms=487701.4 eval=0 prior=0
[inst] req=8232960 hits=2855618 fwd=168118 rows=5377335 fwd_ms=488156.0 eval=0 prior=0
[inst] req=8241152 hits=2858594 fwd=168281 rows=5382547 fwd_ms=488592.3 eval=0 prior=0
[inst] req=8249344 hits=2861439 fwd=168448 rows=5387891 fwd_ms=489039.3 eval=0 prior=0
[inst] req=8257536 hits=2864248 fwd=168616 rows=5393264 fwd_ms=489488.7 eval=0 prior=0
[inst] req=8265728 hits=2867173 fwd=168781 rows=5398533 fwd_ms=489930.8 eval=0 prior=0
[inst] req=8273920 hits=2869973 fwd=168950 rows=5403941 fwd_ms=490383.0 eval=0 prior=0
[inst] req=8282112 hits=2872762 fwd=169119 rows=5409349 fwd_ms=490835.2 eval=0 prior=0
[inst] req=8290304 hits=2875422 fwd=169291 rows=5414853 fwd_ms=491295.8 eval=0 prior=0
[inst] req=8298496 hits=2878226 fwd=169460 rows=5420261 fwd_ms=491748.2 eval=0 prior=0
[inst] req=8306688 hits=2881090 fwd=169626 rows=5425573 fwd_ms=492192.6 eval=0 prior=0
[inst] req=8314880 hits=2883985 fwd=169792 rows=5430884 fwd_ms=492637.2 eval=0 prior=0
[inst] req=8323072 hits=2886855 fwd=169958 rows=5436195 fwd_ms=493081.4 eval=0 prior=0
[inst] req=8331264 hits=2889590 fwd=170129 rows=5441667 fwd_ms=493539.3 eval=0 prior=0
[inst] req=8339456 hits=2892378 fwd=170298 rows=5447075 fwd_ms=493991.5 eval=0 prior=0
[inst] req=8347648 hits=2895277 fwd=170463 rows=5452355 fwd_ms=494432.9 eval=0 prior=0
[inst] req=8355840 hits=2898364 fwd=170623 rows=5457474 fwd_ms=494861.3 eval=0 prior=0
[inst] req=8364032 hits=2901282 fwd=170787 rows=5462722 fwd_ms=495300.8 eval=0 prior=0
[inst] req=8372224 hits=2904114 fwd=170955 rows=5468098 fwd_ms=495749.7 eval=0 prior=0
[inst] req=8380416 hits=2907030 fwd=171120 rows=5473378 fwd_ms=496191.2 eval=0 prior=0
[inst] req=8388608 hits=2909855 fwd=171287 rows=5478722 fwd_ms=496638.0 eval=0 prior=0
[inst] req=8396800 hits=2912779 fwd=171452 rows=5484002 fwd_ms=497079.4 eval=0 prior=0
[inst] req=8404992 hits=2915936 fwd=171610 rows=5489053 fwd_ms=497502.0 eval=0 prior=0
[inst] req=8413184 hits=2918845 fwd=171775 rows=5494333 fwd_ms=497943.3 eval=0 prior=0
[inst] req=8421376 hits=2921801 fwd=171938 rows=5499548 fwd_ms=498379.0 eval=0 prior=0
[inst] req=8429568 hits=2924714 fwd=172103 rows=5504826 fwd_ms=498820.2 eval=0 prior=0
[inst] req=8437760 hits=2927570 fwd=172270 rows=5510170 fwd_ms=499267.5 eval=0 prior=0
[inst] req=8445952 hits=2930519 fwd=172434 rows=5515417 fwd_ms=499706.3 eval=0 prior=0
[inst] req=8454144 hits=2933407 fwd=172600 rows=5520729 fwd_ms=500150.5 eval=0 prior=0
[inst] req=8462336 hits=2936452 fwd=172761 rows=5525880 fwd_ms=500581.5 eval=0 prior=0
[inst] req=8470528 hits=2939419 fwd=172924 rows=5531096 fwd_ms=501017.4 eval=0 prior=0
[inst] req=8478720 hits=2942326 fwd=173089 rows=5536376 fwd_ms=501459.0 eval=0 prior=0
[inst] req=8486912 hits=2945318 fwd=173252 rows=5541592 fwd_ms=501895.6 eval=0 prior=0
[inst] req=8495104 hits=2948174 fwd=173418 rows=5546903 fwd_ms=502339.9 eval=0 prior=0
[inst] req=8503296 hits=2951429 fwd=173573 rows=5551861 fwd_ms=502755.2 eval=0 prior=0
[inst] req=8511488 hits=2954292 fwd=173739 rows=5557173 fwd_ms=503199.7 eval=0 prior=0
[inst] req=8519680 hits=2957391 fwd=173898 rows=5562260 fwd_ms=503625.0 eval=0 prior=0
[inst] req=8527872 hits=2960290 fwd=174064 rows=5567571 fwd_ms=504069.1 eval=0 prior=0
[inst] req=8536064 hits=2963267 fwd=174227 rows=5572785 fwd_ms=504506.0 eval=0 prior=0
[inst] req=8544256 hits=2966348 fwd=174387 rows=5577904 fwd_ms=504934.5 eval=0 prior=0
[inst] req=8552448 hits=2969369 fwd=174548 rows=5583054 fwd_ms=505365.9 eval=0 prior=0
[inst] req=8560640 hits=2972098 fwd=174719 rows=5588526 fwd_ms=505823.4 eval=0 prior=0
[inst] req=8568832 hits=2974873 fwd=174888 rows=5593934 fwd_ms=506276.0 eval=0 prior=0
[inst] req=8577024 hits=2977606 fwd=175059 rows=5599406 fwd_ms=506733.5 eval=0 prior=0
[inst] req=8585216 hits=2980351 fwd=175229 rows=5604846 fwd_ms=507188.4 eval=0 prior=0
[inst] req=8593408 hits=2983197 fwd=175396 rows=5610190 fwd_ms=507635.5 eval=0 prior=0
[inst] req=8601600 hits=2985956 fwd=175566 rows=5615630 fwd_ms=508090.6 eval=0 prior=0
[inst] req=8609792 hits=2988930 fwd=175729 rows=5620844 fwd_ms=508527.2 eval=0 prior=0
[inst] req=8617984 hits=2991639 fwd=175900 rows=5626316 fwd_ms=508985.5 eval=0 prior=0
[inst] req=8626176 hits=2994529 fwd=176066 rows=5631624 fwd_ms=509430.3 eval=0 prior=0
[inst] req=8634368 hits=2997320 fwd=176235 rows=5637031 fwd_ms=509882.5 eval=0 prior=0
[inst] req=8642560 hits=3000137 fwd=176403 rows=5642407 fwd_ms=510332.1 eval=0 prior=0
[inst] req=8650752 hits=3002826 fwd=176575 rows=5647911 fwd_ms=510792.8 eval=0 prior=0
[inst] req=8658944 hits=3005714 fwd=176741 rows=5653222 fwd_ms=511237.4 eval=0 prior=0
[inst] req=8667136 hits=3008548 fwd=176908 rows=5658565 fwd_ms=511684.8 eval=0 prior=0
[inst] req=8675328 hits=3011416 fwd=177075 rows=5663908 fwd_ms=512131.9 eval=0 prior=0
[inst] req=8683520 hits=3014235 fwd=177243 rows=5669283 fwd_ms=512581.9 eval=0 prior=0
[inst] req=8691712 hits=3017057 fwd=177410 rows=5674627 fwd_ms=513028.8 eval=0 prior=0
[inst] req=8699904 hits=3019857 fwd=177579 rows=5680035 fwd_ms=513481.9 eval=0 prior=0
[inst] req=8708096 hits=3022667 fwd=177747 rows=5685410 fwd_ms=513932.0 eval=0 prior=0
[inst] req=8716288 hits=3025307 fwd=177921 rows=5690978 fwd_ms=514398.6 eval=0 prior=0
[inst] req=8724480 hits=3028051 fwd=178091 rows=5696417 fwd_ms=514854.0 eval=0 prior=0
[inst] req=8732672 hits=3030758 fwd=178262 rows=5701889 fwd_ms=515311.8 eval=0 prior=0
[inst] req=8740864 hits=3033564 fwd=178431 rows=5707296 fwd_ms=515764.5 eval=0 prior=0
[inst] req=8749056 hits=3036203 fwd=178604 rows=5712832 fwd_ms=516227.8 eval=0 prior=0
[inst] req=8757248 hits=3038865 fwd=178777 rows=5718368 fwd_ms=516690.9 eval=0 prior=0
[inst] req=8765440 hits=3041581 fwd=178948 rows=5723840 fwd_ms=517149.2 eval=0 prior=0
[inst] req=8773632 hits=3044272 fwd=179120 rows=5729344 fwd_ms=517610.5 eval=0 prior=0
[inst] req=8781824 hits=3046915 fwd=179293 rows=5734880 fwd_ms=518074.3 eval=0 prior=0
[inst] req=8790016 hits=3049593 fwd=179466 rows=5740416 fwd_ms=518538.0 eval=0 prior=0
[inst] req=8798208 hits=3052369 fwd=179635 rows=5745823 fwd_ms=518991.0 eval=0 prior=0
[inst] req=8806400 hits=3055042 fwd=179807 rows=5751327 fwd_ms=519452.0 eval=0 prior=0
[inst] req=8814592 hits=3057858 fwd=179975 rows=5756702 fwd_ms=519902.0 eval=0 prior=0
[inst] req=8822784 hits=3060526 fwd=180148 rows=5762238 fwd_ms=520365.4 eval=0 prior=0
[inst] req=8830976 hits=3063329 fwd=180317 rows=5767643 fwd_ms=520818.7 eval=0 prior=0
[inst] req=8839168 hits=3066170 fwd=180484 rows=5772986 fwd_ms=521266.3 eval=0 prior=0
[inst] req=8847360 hits=3069032 fwd=180650 rows=5778296 fwd_ms=521711.3 eval=0 prior=0
[inst] req=8855552 hits=3071693 fwd=180823 rows=5783832 fwd_ms=522174.6 eval=0 prior=0
[inst] req=8863744 hits=3074451 fwd=180993 rows=5789272 fwd_ms=522630.0 eval=0 prior=0
[inst] req=8871936 hits=3077262 fwd=181161 rows=5794648 fwd_ms=523080.0 eval=0 prior=0
[inst] req=8880128 hits=3079994 fwd=181332 rows=5800120 fwd_ms=523538.2 eval=0 prior=0
[inst] req=8888320 hits=3082839 fwd=181499 rows=5805463 fwd_ms=523985.3 eval=0 prior=0
[inst] req=8896512 hits=3085772 fwd=181663 rows=5810710 fwd_ms=524424.8 eval=0 prior=0
[inst] req=8904704 hits=3088593 fwd=181831 rows=5816086 fwd_ms=524874.7 eval=0 prior=0
[inst] req=8912896 hits=3091399 fwd=182000 rows=5821494 fwd_ms=525327.3 eval=0 prior=0
[inst] req=8921088 hits=3094153 fwd=182170 rows=5826933 fwd_ms=525782.5 eval=0 prior=0
[inst] req=8929280 hits=3096927 fwd=182339 rows=5832341 fwd_ms=526235.0 eval=0 prior=0
[inst] req=8937472 hits=3099715 fwd=182508 rows=5837749 fwd_ms=526687.8 eval=0 prior=0
[inst] req=8945664 hits=3102512 fwd=182676 rows=5843124 fwd_ms=527138.1 eval=0 prior=0
[inst] req=8953856 hits=3105408 fwd=182842 rows=5848435 fwd_ms=527583.5 eval=0 prior=0
[inst] req=8962048 hits=3108269 fwd=183008 rows=5853747 fwd_ms=528028.2 eval=0 prior=0
[inst] req=8970240 hits=3111296 fwd=183170 rows=5858928 fwd_ms=528461.7 eval=0 prior=0
[inst] req=8978432 hits=3114219 fwd=183335 rows=5864207 fwd_ms=528903.7 eval=0 prior=0
[inst] req=8986624 hits=3117049 fwd=183502 rows=5869551 fwd_ms=529350.7 eval=0 prior=0
[inst] req=8994816 hits=3119953 fwd=183667 rows=5874831 fwd_ms=529792.9 eval=0 prior=0
[inst] req=9003008 hits=3122881 fwd=183832 rows=5880110 fwd_ms=530234.9 eval=0 prior=0
[inst] req=9011200 hits=3125797 fwd=183997 rows=5885388 fwd_ms=530677.1 eval=0 prior=0
[inst] req=9019392 hits=3128620 fwd=184165 rows=5890764 fwd_ms=531127.7 eval=0 prior=0
[inst] req=9027584 hits=3131517 fwd=184330 rows=5896044 fwd_ms=531569.7 eval=0 prior=0
[inst] req=9035776 hits=3134335 fwd=184498 rows=5901420 fwd_ms=532019.8 eval=0 prior=0
[inst] req=9043968 hits=3137186 fwd=184665 rows=5906764 fwd_ms=532467.3 eval=0 prior=0
[inst] req=9052160 hits=3140034 fwd=184832 rows=5912108 fwd_ms=532913.9 eval=0 prior=0
[inst] req=9060352 hits=3142789 fwd=185002 rows=5917548 fwd_ms=533368.8 eval=0 prior=0
[inst] req=9068544 hits=3145672 fwd=185168 rows=5922860 fwd_ms=533813.2 eval=0 prior=0
[inst] req=9076736 hits=3148725 fwd=185328 rows=5927979 fwd_ms=534242.3 eval=0 prior=0
[inst] req=9084928 hits=3151774 fwd=185489 rows=5933129 fwd_ms=534673.6 eval=0 prior=0
[inst] req=9093120 hits=3154666 fwd=185655 rows=5938439 fwd_ms=535118.0 eval=0 prior=0
[inst] req=9101312 hits=3157504 fwd=185822 rows=5943780 fwd_ms=535565.0 eval=0 prior=0
[inst] req=9109504 hits=3160458 fwd=185986 rows=5949026 fwd_ms=536004.2 eval=0 prior=0
[inst] req=9117696 hits=3163305 fwd=186153 rows=5954370 fwd_ms=536451.4 eval=0 prior=0
[inst] req=9125888 hits=3166181 fwd=186319 rows=5959682 fwd_ms=536895.8 eval=0 prior=0
[inst] req=9134080 hits=3169099 fwd=186484 rows=5964961 fwd_ms=537337.3 eval=0 prior=0
[inst] req=9142272 hits=3171928 fwd=186652 rows=5970337 fwd_ms=537786.8 eval=0 prior=0
[inst] req=9150464 hits=3174695 fwd=186821 rows=5975745 fwd_ms=538238.8 eval=0 prior=0
[inst] req=9158656 hits=3177654 fwd=186985 rows=5980992 fwd_ms=538678.7 eval=0 prior=0
[inst] req=9166848 hits=3180500 fwd=187152 rows=5986335 fwd_ms=539127.6 eval=0 prior=0
[inst] req=9175040 hits=3183323 fwd=187320 rows=5991710 fwd_ms=539577.5 eval=0 prior=0
[inst] req=9183232 hits=3186209 fwd=187486 rows=5997021 fwd_ms=540021.8 eval=0 prior=0
[inst] req=9191424 hits=3189020 fwd=187654 rows=6002397 fwd_ms=540471.4 eval=0 prior=0
[inst] req=9199616 hits=3191936 fwd=187819 rows=6007674 fwd_ms=540912.7 eval=0 prior=0
[inst] req=9207808 hits=3194662 fwd=187989 rows=6013114 fwd_ms=541367.9 eval=0 prior=0
[inst] req=9216000 hits=3197463 fwd=188158 rows=6018522 fwd_ms=541820.0 eval=0 prior=0
[inst] req=9224192 hits=3200362 fwd=188323 rows=6023801 fwd_ms=542261.7 eval=0 prior=0
[inst] req=9232384 hits=3203199 fwd=188491 rows=6029177 fwd_ms=542711.2 eval=0 prior=0
[inst] req=9240576 hits=3206016 fwd=188659 rows=6034553 fwd_ms=543160.6 eval=0 prior=0
[inst] req=9248768 hits=3208873 fwd=188825 rows=6039864 fwd_ms=543604.5 eval=0 prior=0
[inst] req=9256960 hits=3211699 fwd=188993 rows=6045240 fwd_ms=544054.2 eval=0 prior=0
[inst] req=9265152 hits=3214718 fwd=189155 rows=6050424 fwd_ms=544488.9 eval=0 prior=0
[inst] req=9273344 hits=3217567 fwd=189322 rows=6055768 fwd_ms=544937.2 eval=0 prior=0
[inst] req=9281536 hits=3220409 fwd=189489 rows=6061112 fwd_ms=545384.8 eval=0 prior=0
[inst] req=9289728 hits=3223383 fwd=189652 rows=6066328 fwd_ms=545822.0 eval=0 prior=0
[inst] req=9297920 hits=3226188 fwd=189820 rows=6071704 fwd_ms=546272.0 eval=0 prior=0
[inst] req=9306112 hits=3229062 fwd=189987 rows=6077048 fwd_ms=546719.8 eval=0 prior=0
[inst] req=9314304 hits=3231938 fwd=190153 rows=6082360 fwd_ms=547164.2 eval=0 prior=0
[inst] req=9322496 hits=3234706 fwd=190322 rows=6087768 fwd_ms=547616.3 eval=0 prior=0
[inst] req=9330688 hits=3237683 fwd=190485 rows=6092982 fwd_ms=548052.8 eval=0 prior=0
[inst] req=9338880 hits=3240486 fwd=190654 rows=6098390 fwd_ms=548505.5 eval=0 prior=0
[inst] req=9347072 hits=3243283 fwd=190822 rows=6103766 fwd_ms=548956.0 eval=0 prior=0
[inst] req=9355264 hits=3246101 fwd=190990 rows=6109142 fwd_ms=549405.9 eval=0 prior=0
[inst] req=9363456 hits=3248838 fwd=191161 rows=6114614 fwd_ms=549864.0 eval=0 prior=0
[inst] req=9371648 hits=3251640 fwd=191329 rows=6119990 fwd_ms=550313.5 eval=0 prior=0
[inst] req=9379840 hits=3254711 fwd=191489 rows=6125106 fwd_ms=550741.5 eval=0 prior=0
[inst] req=9388032 hits=3257421 fwd=191661 rows=6130610 fwd_ms=551201.7 eval=0 prior=0
[inst] req=9396224 hits=3260416 fwd=191823 rows=6135793 fwd_ms=551635.4 eval=0 prior=0
[inst] req=9404416 hits=3263296 fwd=191989 rows=6141105 fwd_ms=552079.8 eval=0 prior=0
[inst] req=9412608 hits=3266311 fwd=192151 rows=6146287 fwd_ms=552513.9 eval=0 prior=0
[inst] req=9420800 hits=3269198 fwd=192317 rows=6151599 fwd_ms=552957.9 eval=0 prior=0
[inst] req=9428992 hits=3272171 fwd=192480 rows=6156814 fwd_ms=553394.3 eval=0 prior=0
[inst] req=9437184 hits=3274947 fwd=192649 rows=6162222 fwd_ms=553846.1 eval=0 prior=0
[inst] req=9445376 hits=3277823 fwd=192815 rows=6167534 fwd_ms=554290.7 eval=0 prior=0
[inst] req=9453568 hits=3280551 fwd=192986 rows=6173006 fwd_ms=554748.3 eval=0 prior=0
[inst] req=9461760 hits=3283414 fwd=193152 rows=6178318 fwd_ms=555192.7 eval=0 prior=0
[inst] req=9469952 hits=3286362 fwd=193316 rows=6183566 fwd_ms=555631.9 eval=0 prior=0
[inst] req=9478144 hits=3289360 fwd=193479 rows=6188781 fwd_ms=556068.4 eval=0 prior=0
[inst] req=9486336 hits=3292324 fwd=193642 rows=6193996 fwd_ms=556505.1 eval=0 prior=0
[inst] req=9494528 hits=3295406 fwd=193802 rows=6199108 fwd_ms=556933.9 eval=0 prior=0
[inst] req=9502720 hits=3298208 fwd=193970 rows=6204484 fwd_ms=557385.4 eval=0 prior=0
[inst] req=9510912 hits=3301046 fwd=194138 rows=6209846 fwd_ms=557836.6 eval=0 prior=0
[inst] req=9519104 hits=3303829 fwd=194307 rows=6215254 fwd_ms=558290.6 eval=0 prior=0
[inst] req=9527296 hits=3306713 fwd=194473 rows=6220556 fwd_ms=558736.0 eval=0 prior=0
[inst] req=9535488 hits=3309512 fwd=194642 rows=6225964 fwd_ms=559189.7 eval=0 prior=0
[inst] req=9543680 hits=3312266 fwd=194812 rows=6231393 fwd_ms=559645.7 eval=0 prior=0
[inst] req=9551872 hits=3314996 fwd=194983 rows=6236863 fwd_ms=560104.7 eval=0 prior=0
[inst] req=9560064 hits=3317886 fwd=195149 rows=6242175 fwd_ms=560550.4 eval=0 prior=0
[inst] req=9568256 hits=3320781 fwd=195314 rows=6247452 fwd_ms=560993.4 eval=0 prior=0
[inst] req=9576448 hits=3323536 fwd=195484 rows=6252892 fwd_ms=562203.0 eval=0 prior=0
[inst] req=9584640 hits=3326628 fwd=195644 rows=6258006 fwd_ms=569577.6 eval=0 prior=0
[inst] req=9592832 hits=3329747 fwd=195803 rows=6263059 fwd_ms=574317.6 eval=0 prior=0
[inst] req=9601024 hits=3332013 fwd=195997 rows=6268984 fwd_ms=574870.9 eval=0 prior=0
[inst] req=9609216 hits=3334750 fwd=196168 rows=6274456 fwd_ms=575330.7 eval=0 prior=0
[inst] req=9617408 hits=3337509 fwd=196338 rows=6279896 fwd_ms=575787.4 eval=0 prior=0
[inst] req=9625600 hits=3340356 fwd=196505 rows=6285240 fwd_ms=576236.5 eval=0 prior=0
[inst] req=9633792 hits=3343056 fwd=196676 rows=6290712 fwd_ms=576695.7 eval=0 prior=0
[inst] req=9641984 hits=3345852 fwd=196845 rows=6296120 fwd_ms=577149.9 eval=0 prior=0
[inst] req=9650176 hits=3348662 fwd=197013 rows=6301496 fwd_ms=577601.6 eval=0 prior=0
[inst] req=9658368 hits=3351391 fwd=197184 rows=6306967 fwd_ms=578060.7 eval=0 prior=0
[inst] req=9666560 hits=3354160 fwd=197353 rows=6312375 fwd_ms=578514.1 eval=0 prior=0
[inst] req=9674752 hits=3356982 fwd=197521 rows=6317751 fwd_ms=578964.9 eval=0 prior=0
[inst] req=9682944 hits=3359887 fwd=197686 rows=6323031 fwd_ms=579406.7 eval=0 prior=0
[inst] req=9691136 hits=3362797 fwd=197851 rows=6328310 fwd_ms=579849.4 eval=0 prior=0
[inst] req=9699328 hits=3365564 fwd=198021 rows=6333750 fwd_ms=580305.0 eval=0 prior=0
[inst] req=9707520 hits=3368528 fwd=198184 rows=6338964 fwd_ms=580742.0 eval=0 prior=0
[inst] req=9715712 hits=3371451 fwd=198349 rows=6344242 fwd_ms=581184.0 eval=0 prior=0
[inst] req=9723904 hits=3374245 fwd=198518 rows=6349650 fwd_ms=581636.5 eval=0 prior=0
[inst] req=9732096 hits=3377073 fwd=198685 rows=6354994 fwd_ms=582083.4 eval=0 prior=0
[inst] req=9740288 hits=3379831 fwd=198855 rows=6360434 fwd_ms=582538.1 eval=0 prior=0
[inst] req=9748480 hits=3382807 fwd=199018 rows=6365649 fwd_ms=582974.7 eval=0 prior=0
[inst] req=9756672 hits=3385662 fwd=199185 rows=6370993 fwd_ms=583420.8 eval=0 prior=0
[inst] req=9764864 hits=3388505 fwd=199352 rows=6376337 fwd_ms=583867.4 eval=0 prior=0
[inst] req=9773056 hits=3391379 fwd=199519 rows=6381652 fwd_ms=584314.1 eval=0 prior=0
[inst] req=9781248 hits=3394177 fwd=199688 rows=6387060 fwd_ms=584766.3 eval=0 prior=0
[inst] req=9789440 hits=3396939 fwd=199858 rows=6392500 fwd_ms=585220.4 eval=0 prior=0
[inst] req=9797632 hits=3399673 fwd=200028 rows=6397940 fwd_ms=585674.6 eval=0 prior=0
[inst] req=9805824 hits=3402638 fwd=200191 rows=6403154 fwd_ms=586110.4 eval=0 prior=0
[inst] req=9814016 hits=3405523 fwd=200357 rows=6408466 fwd_ms=586553.9 eval=0 prior=0
[inst] req=9822208 hits=3408387 fwd=200524 rows=6413810 fwd_ms=587000.6 eval=0 prior=0
[inst] req=9830400 hits=3411543 fwd=200681 rows=6418831 fwd_ms=587420.1 eval=0 prior=0
[inst] req=9838592 hits=3414694 fwd=200839 rows=6423886 fwd_ms=587843.0 eval=0 prior=0
[inst] req=9846784 hits=3417747 fwd=200999 rows=6429006 fwd_ms=588270.7 eval=0 prior=0
[inst] req=9854976 hits=3420600 fwd=201166 rows=6434350 fwd_ms=588717.4 eval=0 prior=0
[inst] req=9863168 hits=3423624 fwd=201328 rows=6439533 fwd_ms=589150.6 eval=0 prior=0
[inst] req=9871360 hits=3426662 fwd=201489 rows=6444685 fwd_ms=589580.9 eval=0 prior=0
[inst] req=9879552 hits=3429633 fwd=201652 rows=6449900 fwd_ms=590017.1 eval=0 prior=0
[inst] req=9887744 hits=3432459 fwd=201820 rows=6455275 fwd_ms=590466.3 eval=0 prior=0
[inst] req=9895936 hits=3435454 fwd=201982 rows=6460459 fwd_ms=590900.1 eval=0 prior=0
[inst] req=9904128 hits=3438210 fwd=202152 rows=6465899 fwd_ms=591354.6 eval=0 prior=0
[inst] req=9912320 hits=3440973 fwd=202322 rows=6471339 fwd_ms=591809.2 eval=0 prior=0
[inst] req=9920512 hits=3443904 fwd=202486 rows=6476586 fwd_ms=592247.2 eval=0 prior=0
[inst] req=9928704 hits=3446792 fwd=202652 rows=6481897 fwd_ms=592691.4 eval=0 prior=0
[inst] req=9936896 hits=3449849 fwd=202812 rows=6487015 fwd_ms=593119.1 eval=0 prior=0
[inst] req=9945088 hits=3452923 fwd=202973 rows=6492159 fwd_ms=593549.8 eval=0 prior=0
[inst] req=9953280 hits=3455658 fwd=203143 rows=6497595 fwd_ms=594004.7 eval=0 prior=0
[inst] req=9961472 hits=3458386 fwd=203314 rows=6503067 fwd_ms=594461.8 eval=0 prior=0
[inst] req=9969664 hits=3461104 fwd=203485 rows=6508539 fwd_ms=594919.2 eval=0 prior=0
[inst] req=9977856 hits=3463825 fwd=203656 rows=6514011 fwd_ms=595375.6 eval=0 prior=0
[inst] req=9986048 hits=3466536 fwd=203827 rows=6519483 fwd_ms=595832.3 eval=0 prior=0
[inst] req=9994240 hits=3469256 fwd=203998 rows=6524954 fwd_ms=596288.7 eval=0 prior=0
[inst] req=10002432 hits=3471955 fwd=204170 rows=6530458 fwd_ms=596748.0 eval=0 prior=0
[inst] req=10010624 hits=3474630 fwd=204342 rows=6535962 fwd_ms=597208.1 eval=0 prior=0
[inst] req=10018816 hits=3477578 fwd=204506 rows=6541208 fwd_ms=597647.0 eval=0 prior=0
[inst] req=10027008 hits=3480429 fwd=204673 rows=6546551 fwd_ms=598094.1 eval=0 prior=0
[inst] req=10035200 hits=3483106 fwd=204846 rows=6552087 fwd_ms=598556.8 eval=0 prior=0
[inst] req=10043392 hits=3485814 fwd=205017 rows=6557559 fwd_ms=599014.7 eval=0 prior=0
[inst] req=10051584 hits=3488594 fwd=205186 rows=6562967 fwd_ms=599467.1 eval=0 prior=0
[inst] req=10059776 hits=3491483 fwd=205352 rows=6568275 fwd_ms=599912.2 eval=0 prior=0
[inst] req=10067968 hits=3494161 fwd=205524 rows=6573779 fwd_ms=600372.4 eval=0 prior=0
[inst] req=10076160 hits=3496911 fwd=205694 rows=6579218 fwd_ms=600827.3 eval=0 prior=0
[inst] req=10084352 hits=3499828 fwd=205859 rows=6584497 fwd_ms=601269.5 eval=0 prior=0
[inst] req=10092544 hits=3502802 fwd=206022 rows=6589712 fwd_ms=601706.5 eval=0 prior=0
[inst] req=10100736 hits=3505586 fwd=206191 rows=6595120 fwd_ms=602159.6 eval=0 prior=0
[inst] req=10108928 hits=3508352 fwd=206361 rows=6600560 fwd_ms=602615.3 eval=0 prior=0
[inst] req=10117120 hits=3511002 fwd=206534 rows=6606094 fwd_ms=603079.0 eval=0 prior=0
[inst] req=10125312 hits=3513865 fwd=206701 rows=6611437 fwd_ms=603526.8 eval=0 prior=0
[inst] req=10133504 hits=3516691 fwd=206868 rows=6616781 fwd_ms=603974.0 eval=0 prior=0
[inst] req=10141696 hits=3519672 fwd=207031 rows=6621995 fwd_ms=604410.9 eval=0 prior=0
[inst] req=10149888 hits=3522525 fwd=207198 rows=6627338 fwd_ms=604858.8 eval=0 prior=0
[inst] req=10158080 hits=3525154 fwd=207372 rows=6632906 fwd_ms=605324.9 eval=0 prior=0
[inst] req=10166272 hits=3527997 fwd=207539 rows=6638250 fwd_ms=605772.2 eval=0 prior=0
[inst] req=10174464 hits=3530801 fwd=207708 rows=6643658 fwd_ms=606224.7 eval=0 prior=0
[inst] req=10182656 hits=3533629 fwd=207875 rows=6649001 fwd_ms=606671.7 eval=0 prior=0
[inst] req=10190848 hits=3536373 fwd=208046 rows=6654464 fwd_ms=607129.5 eval=0 prior=0
[inst] req=10199040 hits=3539203 fwd=208213 rows=6659807 fwd_ms=607577.6 eval=0 prior=0
[inst] req=10207232 hits=3541931 fwd=208384 rows=6665279 fwd_ms=608035.7 eval=0 prior=0
[inst] req=10215424 hits=3544616 fwd=208556 rows=6670783 fwd_ms=608496.7 eval=0 prior=0
[inst] req=10223616 hits=3547328 fwd=208728 rows=6676287 fwd_ms=608958.1 eval=0 prior=0
[inst] req=10231808 hits=3550054 fwd=208898 rows=6681727 fwd_ms=609415.6 eval=0 prior=0
[inst] req=10240000 hits=3552766 fwd=209070 rows=6687231 fwd_ms=609877.8 eval=0 prior=0
[inst] req=10248192 hits=3555518 fwd=209240 rows=6692671 fwd_ms=610333.3 eval=0 prior=0
[inst] req=10256384 hits=3558235 fwd=209411 rows=6698143 fwd_ms=610792.8 eval=0 prior=0
[inst] req=10264576 hits=3560985 fwd=209581 rows=6703583 fwd_ms=611249.2 eval=0 prior=0
[inst] req=10272768 hits=3564073 fwd=209740 rows=6708669 fwd_ms=611676.8 eval=0 prior=0
[inst] req=10280960 hits=3566853 fwd=209909 rows=6714076 fwd_ms=612129.9 eval=0 prior=0
[inst] req=10289152 hits=3569804 fwd=210073 rows=6719323 fwd_ms=612570.8 eval=0 prior=0
[inst] req=10297344 hits=3572520 fwd=210244 rows=6724795 fwd_ms=613029.5 eval=0 prior=0
[inst] req=10305536 hits=3575245 fwd=210415 rows=6730267 fwd_ms=613487.9 eval=0 prior=0
[inst] req=10313728 hits=3577934 fwd=210587 rows=6735771 fwd_ms=613949.2 eval=0 prior=0
[inst] req=10321920 hits=3580730 fwd=210756 rows=6741178 fwd_ms=614402.5 eval=0 prior=0
[inst] req=10330112 hits=3583468 fwd=210926 rows=6746618 fwd_ms=614859.1 eval=0 prior=0
[inst] req=10338304 hits=3586147 fwd=211099 rows=6752154 fwd_ms=615323.2 eval=0 prior=0
[inst] req=10346496 hits=3589001 fwd=211265 rows=6757465 fwd_ms=615768.2 eval=0 prior=0
[inst] req=10354688 hits=3591743 fwd=211436 rows=6762937 fwd_ms=616226.1 eval=0 prior=0
[inst] req=10362880 hits=3594449 fwd=211607 rows=6768409 fwd_ms=616684.7 eval=0 prior=0
[inst] req=10371072 hits=3597377 fwd=211772 rows=6773687 fwd_ms=617127.0 eval=0 prior=0
[inst] req=10379264 hits=3600169 fwd=211941 rows=6779091 fwd_ms=617580.1 eval=0 prior=0
[inst] req=10387456 hits=3602961 fwd=212109 rows=6784466 fwd_ms=618029.8 eval=0 prior=0
[inst] req=10395648 hits=3605732 fwd=212279 rows=6789906 fwd_ms=618485.1 eval=0 prior=0
[inst] req=10403840 hits=3608387 fwd=212452 rows=6795442 fwd_ms=618948.5 eval=0 prior=0
[inst] req=10412032 hits=3611124 fwd=212622 rows=6800882 fwd_ms=619403.9 eval=0 prior=0
[inst] req=10420224 hits=3613968 fwd=212789 rows=6806225 fwd_ms=619851.8 eval=0 prior=0
[inst] req=10428416 hits=3616760 fwd=212958 rows=6811633 fwd_ms=620304.8 eval=0 prior=0
[inst] req=10436608 hits=3619524 fwd=213128 rows=6817073 fwd_ms=620760.0 eval=0 prior=0
[inst] req=10444800 hits=3622266 fwd=213298 rows=6822513 fwd_ms=621215.1 eval=0 prior=0
[inst] req=10452992 hits=3625021 fwd=213468 rows=6827952 fwd_ms=621670.8 eval=0 prior=0
[inst] req=10461184 hits=3627848 fwd=213636 rows=6833327 fwd_ms=622121.0 eval=0 prior=0
[inst] req=10469376 hits=3630596 fwd=213806 rows=6838767 fwd_ms=622575.9 eval=0 prior=0
[inst] req=10477568 hits=3633291 fwd=213978 rows=6844271 fwd_ms=623036.4 eval=0 prior=0
[inst] req=10485760 hits=3636028 fwd=214148 rows=6849711 fwd_ms=623491.7 eval=0 prior=0
[inst] req=10493952 hits=3638717 fwd=214320 rows=6855214 fwd_ms=623952.2 eval=0 prior=0
[inst] req=10502144 hits=3641565 fwd=214487 rows=6860558 fwd_ms=624399.2 eval=0 prior=0
[inst] req=10510336 hits=3644295 fwd=214658 rows=6866030 fwd_ms=624857.8 eval=0 prior=0
[inst] req=10518528 hits=3646996 fwd=214829 rows=6871502 fwd_ms=625315.5 eval=0 prior=0
[inst] req=10526720 hits=3649808 fwd=214998 rows=6876909 fwd_ms=625768.3 eval=0 prior=0
[inst] req=10534912 hits=3652736 fwd=215162 rows=6882154 fwd_ms=626207.6 eval=0 prior=0
[inst] req=10543104 hits=3655485 fwd=215332 rows=6887594 fwd_ms=626662.5 eval=0 prior=0
[inst] req=10551296 hits=3658259 fwd=215502 rows=6893034 fwd_ms=627118.1 eval=0 prior=0
[inst] req=10559488 hits=3661001 fwd=215672 rows=6898474 fwd_ms=627574.1 eval=0 prior=0
[inst] req=10567680 hits=3663751 fwd=215842 rows=6903914 fwd_ms=628029.9 eval=0 prior=0
[inst] req=10575872 hits=3666477 fwd=216013 rows=6909386 fwd_ms=628488.6 eval=0 prior=0
[inst] req=10584064 hits=3669339 fwd=216179 rows=6914697 fwd_ms=628933.4 eval=0 prior=0
[inst] req=10592256 hits=3672122 fwd=216348 rows=6920102 fwd_ms=629386.5 eval=0 prior=0
[inst] req=10600448 hits=3674924 fwd=216517 rows=6925510 fwd_ms=629839.5 eval=0 prior=0
[inst] req=10608640 hits=3677674 fwd=216687 rows=6930949 fwd_ms=630295.1 eval=0 prior=0
[inst] req=10616832 hits=3680525 fwd=216854 rows=6936292 fwd_ms=630742.5 eval=0 prior=0
[inst] req=10625024 hits=3683217 fwd=217026 rows=6941795 fwd_ms=631203.4 eval=0 prior=0
[inst] req=10633216 hits=3685914 fwd=217198 rows=6947299 fwd_ms=631664.1 eval=0 prior=0
[inst] req=10641408 hits=3688635 fwd=217369 rows=6952771 fwd_ms=632122.3 eval=0 prior=0
[inst] req=10649600 hits=3691479 fwd=217536 rows=6958114 fwd_ms=632570.1 eval=0 prior=0
[inst] req=10657792 hits=3694195 fwd=217707 rows=6963586 fwd_ms=633029.0 eval=0 prior=0
[inst] req=10665984 hits=3696844 fwd=217880 rows=6969122 fwd_ms=633492.4 eval=0 prior=0
[inst] req=10674176 hits=3699561 fwd=218051 rows=6974594 fwd_ms=633951.0 eval=0 prior=0
[inst] req=10682368 hits=3702372 fwd=218219 rows=6979970 fwd_ms=634402.6 eval=0 prior=0
[inst] req=10690560 hits=3705186 fwd=218387 rows=6985345 fwd_ms=634853.5 eval=0 prior=0
[inst] req=10698752 hits=3707958 fwd=218557 rows=6990785 fwd_ms=635309.3 eval=0 prior=0
[inst] req=10706944 hits=3710621 fwd=218730 rows=6996321 fwd_ms=635773.0 eval=0 prior=0
[inst] req=10715136 hits=3713376 fwd=218900 rows=7001760 fwd_ms=636229.5 eval=0 prior=0
[inst] req=10723328 hits=3716014 fwd=219073 rows=7007296 fwd_ms=636694.2 eval=0 prior=0
[inst] req=10731520 hits=3718800 fwd=219242 rows=7012703 fwd_ms=637147.8 eval=0 prior=0
[inst] req=10739712 hits=3721605 fwd=219410 rows=7018078 fwd_ms=637598.4 eval=0 prior=0
[inst] req=10747904 hits=3724361 fwd=219580 rows=7023518 fwd_ms=638054.8 eval=0 prior=0
[inst] req=10756096 hits=3727121 fwd=219750 rows=7028958 fwd_ms=638511.5 eval=0 prior=0
[inst] req=10764288 hits=3729822 fwd=219922 rows=7034462 fwd_ms=638973.8 eval=0 prior=0
[inst] req=10772480 hits=3732477 fwd=220095 rows=7039998 fwd_ms=639439.1 eval=0 prior=0
[inst] req=10780672 hits=3735225 fwd=220265 rows=7045437 fwd_ms=639896.8 eval=0 prior=0
[inst] req=10788864 hits=3737912 fwd=220437 rows=7050941 fwd_ms=640360.0 eval=0 prior=0
[inst] req=10797056 hits=3740777 fwd=220603 rows=7056252 fwd_ms=640806.3 eval=0 prior=0
[inst] req=10805248 hits=3743572 fwd=220772 rows=7061660 fwd_ms=641261.0 eval=0 prior=0
[inst] req=10813440 hits=3746265 fwd=220944 rows=7067164 fwd_ms=641723.4 eval=0 prior=0
[inst] req=10821632 hits=3749018 fwd=221114 rows=7072604 fwd_ms=642180.0 eval=0 prior=0
[inst] req=10829824 hits=3751713 fwd=221286 rows=7078108 fwd_ms=642641.3 eval=0 prior=0
[inst] req=10838016 hits=3754502 fwd=221454 rows=7083484 fwd_ms=643092.6 eval=0 prior=0
[inst] req=10846208 hits=3757418 fwd=221619 rows=7088763 fwd_ms=643535.8 eval=0 prior=0
[inst] req=10854400 hits=3760253 fwd=221787 rows=7094138 fwd_ms=643987.2 eval=0 prior=0
[inst] req=10862592 hits=3762964 fwd=221958 rows=7099610 fwd_ms=644445.9 eval=0 prior=0
[inst] req=10870784 hits=3765636 fwd=222131 rows=7105146 fwd_ms=644910.5 eval=0 prior=0
[inst] req=10878976 hits=3768399 fwd=222300 rows=7110554 fwd_ms=645363.9 eval=0 prior=0
[inst] req=10887168 hits=3771135 fwd=222471 rows=7116026 fwd_ms=645822.6 eval=0 prior=0
[inst] req=10895360 hits=3773906 fwd=222640 rows=7121434 fwd_ms=646276.0 eval=0 prior=0
[inst] req=10903552 hits=3776687 fwd=222809 rows=7126842 fwd_ms=646729.3 eval=0 prior=0
[inst] req=10911744 hits=3779504 fwd=222977 rows=7132218 fwd_ms=647179.5 eval=0 prior=0
[inst] req=10919936 hits=3782510 fwd=223139 rows=7137399 fwd_ms=647614.3 eval=0 prior=0
[inst] req=10928128 hits=3785384 fwd=223306 rows=7142741 fwd_ms=648061.9 eval=0 prior=0
[inst] req=10936320 hits=3788279 fwd=223471 rows=7148020 fwd_ms=648504.3 eval=0 prior=0
[inst] req=10944512 hits=3790983 fwd=223643 rows=7153524 fwd_ms=648965.3 eval=0 prior=0
[inst] req=10952704 hits=3793805 fwd=223810 rows=7158867 fwd_ms=649412.6 eval=0 prior=0
[inst] req=10960896 hits=3796707 fwd=223976 rows=7164178 fwd_ms=649857.8 eval=0 prior=0
[inst] req=10969088 hits=3799504 fwd=224144 rows=7169554 fwd_ms=650308.6 eval=0 prior=0
[inst] req=10977280 hits=3802245 fwd=224315 rows=7175025 fwd_ms=650767.5 eval=0 prior=0
[inst] req=10985472 hits=3804992 fwd=224485 rows=7180465 fwd_ms=651223.1 eval=0 prior=0
[inst] req=10993664 hits=3807636 fwd=224658 rows=7186001 fwd_ms=651686.6 eval=0 prior=0
[inst] req=11001856 hits=3810438 fwd=224827 rows=7191408 fwd_ms=652139.3 eval=0 prior=0
[inst] req=11010048 hits=3813168 fwd=224997 rows=7196848 fwd_ms=652594.7 eval=0 prior=0
[inst] req=11018240 hits=3816121 fwd=225162 rows=7202116 fwd_ms=653036.6 eval=0 prior=0
[inst] req=11026432 hits=3818872 fwd=225332 rows=7207556 fwd_ms=653492.2 eval=0 prior=0
[inst] req=11034624 hits=3821539 fwd=225504 rows=7213060 fwd_ms=653953.2 eval=0 prior=0
[inst] req=11042816 hits=3824287 fwd=225674 rows=7218500 fwd_ms=654408.0 eval=0 prior=0
[inst] req=11051008 hits=3827122 fwd=225842 rows=7223876 fwd_ms=654857.5 eval=0 prior=0
[inst] req=11059200 hits=3829948 fwd=226009 rows=7229220 fwd_ms=655305.2 eval=0 prior=0
[inst] req=11067392 hits=3832914 fwd=226173 rows=7234467 fwd_ms=655746.0 eval=0 prior=0
[inst] req=11075584 hits=3835713 fwd=226341 rows=7239843 fwd_ms=656198.1 eval=0 prior=0
[inst] req=11083776 hits=3838416 fwd=226513 rows=7245347 fwd_ms=656661.4 eval=0 prior=0
[inst] req=11091968 hits=3841324 fwd=226678 rows=7250626 fwd_ms=657104.6 eval=0 prior=0
[inst] req=11100160 hits=3844160 fwd=226845 rows=7255970 fwd_ms=657552.3 eval=0 prior=0
[inst] req=11108352 hits=3846906 fwd=227016 rows=7261442 fwd_ms=658010.1 eval=0 prior=0
[inst] req=11116544 hits=3849776 fwd=227182 rows=7266748 fwd_ms=658454.2 eval=0 prior=0
[inst] req=11124736 hits=3852535 fwd=227352 rows=7272188 fwd_ms=658909.3 eval=0 prior=0
[inst] req=11132928 hits=3855273 fwd=227522 rows=7277627 fwd_ms=659364.4 eval=0 prior=0
[inst] req=11141120 hits=3858022 fwd=227692 rows=7283067 fwd_ms=659820.0 eval=0 prior=0
[inst] req=11149312 hits=3860739 fwd=227864 rows=7288571 fwd_ms=660280.6 eval=0 prior=0
[inst] req=11157504 hits=3863598 fwd=228030 rows=7293882 fwd_ms=660725.2 eval=0 prior=0
[inst] req=11165696 hits=3866334 fwd=228201 rows=7299353 fwd_ms=661183.0 eval=0 prior=0
[inst] req=11173888 hits=3869161 fwd=228368 rows=7304697 fwd_ms=661630.1 eval=0 prior=0
[inst] req=11182080 hits=3872122 fwd=228532 rows=7309944 fwd_ms=662070.0 eval=0 prior=0
[inst] req=11190272 hits=3874962 fwd=228699 rows=7315287 fwd_ms=662518.1 eval=0 prior=0
[inst] req=11198464 hits=3877819 fwd=228866 rows=7320630 fwd_ms=662967.4 eval=0 prior=0
[inst] req=11206656 hits=3880758 fwd=229030 rows=7325876 fwd_ms=663408.1 eval=0 prior=0
[inst] req=11214848 hits=3883542 fwd=229199 rows=7331283 fwd_ms=663861.5 eval=0 prior=0
[inst] req=11223040 hits=3886330 fwd=229368 rows=7336691 fwd_ms=664314.8 eval=0 prior=0
[inst] req=11231232 hits=3888981 fwd=229541 rows=7342227 fwd_ms=664778.7 eval=0 prior=0
[inst] req=11239424 hits=3891848 fwd=229708 rows=7347569 fwd_ms=665226.8 eval=0 prior=0
[inst] req=11247616 hits=3894632 fwd=229877 rows=7352976 fwd_ms=665680.0 eval=0 prior=0
[inst] req=11255808 hits=3897367 fwd=230047 rows=7358416 fwd_ms=666135.5 eval=0 prior=0
[inst] req=11264000 hits=3900051 fwd=230219 rows=7363920 fwd_ms=666597.3 eval=0 prior=0
[inst] req=11272192 hits=3902862 fwd=230388 rows=7369328 fwd_ms=667051.0 eval=0 prior=0
[inst] req=11280384 hits=3905627 fwd=230557 rows=7374736 fwd_ms=667504.1 eval=0 prior=0
[inst] req=11288576 hits=3908696 fwd=230717 rows=7379853 fwd_ms=667935.4 eval=0 prior=0
[inst] req=11296768 hits=3911410 fwd=230889 rows=7385357 fwd_ms=668397.5 eval=0 prior=0
[inst] req=11304960 hits=3914176 fwd=231058 rows=7390765 fwd_ms=668851.8 eval=0 prior=0
[inst] req=11313152 hits=3917089 fwd=231223 rows=7396034 fwd_ms=669295.1 eval=0 prior=0
[inst] req=11321344 hits=3919999 fwd=231389 rows=7401337 fwd_ms=669740.8 eval=0 prior=0
[inst] req=11329536 hits=3922892 fwd=231555 rows=7406639 fwd_ms=670187.0 eval=0 prior=0
[inst] req=11337728 hits=3925749 fwd=231722 rows=7411970 fwd_ms=670634.9 eval=0 prior=0
[inst] req=11345920 hits=3928591 fwd=231889 rows=7417311 fwd_ms=671083.4 eval=0 prior=0
[inst] req=11354112 hits=3931161 fwd=232065 rows=7422943 fwd_ms=671557.0 eval=0 prior=0
[inst] req=11362304 hits=3933834 fwd=232237 rows=7428447 fwd_ms=672019.2 eval=0 prior=0
[inst] req=11370496 hits=3936656 fwd=232405 rows=7433811 fwd_ms=677007.4 eval=0 prior=0
[inst] req=11378688 hits=3939232 fwd=232581 rows=7439440 fwd_ms=684984.0 eval=0 prior=0
[inst] req=11386880 hits=3941962 fwd=232758 rows=7444893 fwd_ms=685533.0 eval=0 prior=0
[inst] req=11395072 hits=3944530 fwd=232934 rows=7450525 fwd_ms=686005.4 eval=0 prior=0
[inst] req=11403264 hits=3947198 fwd=233107 rows=7456061 fwd_ms=686470.0 eval=0 prior=0
[inst] req=11411456 hits=3949980 fwd=233276 rows=7461465 fwd_ms=686924.3 eval=0 prior=0
[inst] req=11419648 hits=3952585 fwd=233450 rows=7467033 fwd_ms=687391.4 eval=0 prior=0
[inst] req=11427840 hits=3955290 fwd=233622 rows=7472536 fwd_ms=687853.8 eval=0 prior=0
[inst] req=11436032 hits=3957903 fwd=233796 rows=7478104 fwd_ms=688320.8 eval=0 prior=0
[inst] req=11444224 hits=3960634 fwd=233967 rows=7483576 fwd_ms=688779.5 eval=0 prior=0
[inst] req=11452416 hits=3963319 fwd=234139 rows=7489080 fwd_ms=689241.1 eval=0 prior=0
[inst] req=11460608 hits=3966023 fwd=234311 rows=7494584 fwd_ms=689703.1 eval=0 prior=0
[inst] req=11468800 hits=3968780 fwd=234480 rows=7499992 fwd_ms=690156.9 eval=0 prior=0
[inst] req=11476992 hits=3971540 fwd=234650 rows=7505432 fwd_ms=690614.4 eval=0 prior=0
[inst] req=11485184 hits=3974275 fwd=234821 rows=7510904 fwd_ms=691073.9 eval=0 prior=0
[inst] req=11493376 hits=3976911 fwd=234994 rows=7516440 fwd_ms=691538.5 eval=0 prior=0
[inst] req=11501568 hits=3979967 fwd=235155 rows=7521590 fwd_ms=691971.2 eval=0 prior=0
[inst] req=11509760 hits=3982738 fwd=235324 rows=7526998 fwd_ms=692425.0 eval=0 prior=0
[inst] req=11517952 hits=3985495 fwd=235494 rows=7532437 fwd_ms=692881.4 eval=0 prior=0
[inst] req=11526144 hits=3988163 fwd=235667 rows=7537973 fwd_ms=693346.0 eval=0 prior=0
[inst] req=11534336 hits=3990828 fwd=235839 rows=7543477 fwd_ms=693807.6 eval=0 prior=0
[inst] req=11542528 hits=3993635 fwd=236008 rows=7548884 fwd_ms=694261.3 eval=0 prior=0
[inst] req=11550720 hits=3996457 fwd=236176 rows=7554260 fwd_ms=694711.8 eval=0 prior=0
[inst] req=11558912 hits=3999186 fwd=236346 rows=7559697 fwd_ms=695168.2 eval=0 prior=0
[inst] req=11567104 hits=4001999 fwd=236515 rows=7565104 fwd_ms=695622.4 eval=0 prior=0
[inst] req=11575296 hits=4004756 fwd=236684 rows=7570512 fwd_ms=696075.8 eval=0 prior=0
[inst] req=11583488 hits=4007525 fwd=236854 rows=7575952 fwd_ms=696532.4 eval=0 prior=0
[inst] req=11591680 hits=4010304 fwd=237023 rows=7581360 fwd_ms=696985.9 eval=0 prior=0
[inst] req=11599872 hits=4013080 fwd=237192 rows=7586768 fwd_ms=697439.5 eval=0 prior=0
[inst] req=11608064 hits=4015884 fwd=237361 rows=7592176 fwd_ms=697893.0 eval=0 prior=0
[inst] req=11616256 hits=4018632 fwd=237531 rows=7597616 fwd_ms=698349.3 eval=0 prior=0
[inst] req=11624448 hits=4021464 fwd=237698 rows=7602958 fwd_ms=698798.0 eval=0 prior=0
[inst] req=11632640 hits=4024206 fwd=237869 rows=7608430 fwd_ms=699257.1 eval=0 prior=0
[inst] req=11640832 hits=4027001 fwd=238037 rows=7613806 fwd_ms=699708.0 eval=0 prior=0
[inst] req=11649024 hits=4029832 fwd=238205 rows=7619181 fwd_ms=700158.7 eval=0 prior=0
[inst] req=11657216 hits=4032549 fwd=238376 rows=7624653 fwd_ms=700617.9 eval=0 prior=0
[inst] req=11665408 hits=4035287 fwd=238546 rows=7630093 fwd_ms=701074.1 eval=0 prior=0
[inst] req=11673600 hits=4038198 fwd=238711 rows=7635371 fwd_ms=701517.2 eval=0 prior=0
[inst] req=11681792 hits=4041019 fwd=238879 rows=7640745 fwd_ms=701968.0 eval=0 prior=0
[inst] req=11689984 hits=4043732 fwd=239051 rows=7646249 fwd_ms=702429.5 eval=0 prior=0
[inst] req=11698176 hits=4046479 fwd=239221 rows=7651689 fwd_ms=702885.6 eval=0 prior=0
[inst] req=11706368 hits=4049187 fwd=239392 rows=7657161 fwd_ms=703343.9 eval=0 prior=0
[inst] req=11714560 hits=4051987 fwd=239561 rows=7662569 fwd_ms=703797.4 eval=0 prior=0
[inst] req=11722752 hits=4054803 fwd=239729 rows=7667945 fwd_ms=704248.1 eval=0 prior=0
[inst] req=11730944 hits=4057526 fwd=239901 rows=7673405 fwd_ms=704708.7 eval=0 prior=0
[inst] req=11739136 hits=4060165 fwd=240076 rows=7678968 fwd_ms=705176.7 eval=0 prior=0
[inst] req=11747328 hits=4062880 fwd=240247 rows=7684440 fwd_ms=705635.6 eval=0 prior=0
[inst] req=11755520 hits=4065764 fwd=240413 rows=7689751 fwd_ms=706081.2 eval=0 prior=0
[inst] req=11763712 hits=4068430 fwd=240585 rows=7695255 fwd_ms=706542.2 eval=0 prior=0
[inst] req=11771904 hits=4071296 fwd=240752 rows=7700598 fwd_ms=706989.5 eval=0 prior=0
[inst] req=11780096 hits=4074034 fwd=240922 rows=7706038 fwd_ms=707446.0 eval=0 prior=0
[inst] req=11788288 hits=4076778 fwd=241092 rows=7711478 fwd_ms=707902.1 eval=0 prior=0
[inst] req=11796480 hits=4079587 fwd=241261 rows=7716886 fwd_ms=708356.2 eval=0 prior=0
[inst] req=11804672 hits=4082315 fwd=241431 rows=7722326 fwd_ms=708812.8 eval=0 prior=0
[inst] req=11812864 hits=4085195 fwd=241597 rows=7727637 fwd_ms=709258.4 eval=0 prior=0
[inst] req=11821056 hits=4087920 fwd=241768 rows=7733109 fwd_ms=709717.5 eval=0 prior=0
[inst] req=11829248 hits=4090670 fwd=241938 rows=7738549 fwd_ms=710174.1 eval=0 prior=0
[inst] req=11837440 hits=4093488 fwd=242106 rows=7743924 fwd_ms=710624.8 eval=0 prior=0
[inst] req=11845632 hits=4096275 fwd=242275 rows=7749332 fwd_ms=711078.5 eval=0 prior=0
[inst] req=11853824 hits=4099041 fwd=242445 rows=7754772 fwd_ms=711535.3 eval=0 prior=0
[inst] req=11862016 hits=4101834 fwd=242614 rows=7760179 fwd_ms=711989.6 eval=0 prior=0
[inst] req=11870208 hits=4104635 fwd=242782 rows=7765545 fwd_ms=712442.0 eval=0 prior=0
[inst] req=11878400 hits=4107330 fwd=242954 rows=7771049 fwd_ms=712904.8 eval=0 prior=0
[inst] req=11886592 hits=4110293 fwd=243118 rows=7776296 fwd_ms=713345.1 eval=0 prior=0
[inst] req=11894784 hits=4113248 fwd=243281 rows=7781511 fwd_ms=713781.7 eval=0 prior=0
[inst] req=11902976 hits=4116129 fwd=243447 rows=7786821 fwd_ms=714227.9 eval=0 prior=0
[inst] req=11911168 hits=4118773 fwd=243621 rows=7792389 fwd_ms=714695.4 eval=0 prior=0
[inst] req=11919360 hits=4121470 fwd=243792 rows=7797861 fwd_ms=715154.2 eval=0 prior=0
[inst] req=11927552 hits=4124467 fwd=243955 rows=7803075 fwd_ms=715591.6 eval=0 prior=0
[inst] req=11935744 hits=4127535 fwd=244115 rows=7808192 fwd_ms=716021.1 eval=0 prior=0
[inst] req=11943936 hits=4130411 fwd=244281 rows=7813503 fwd_ms=716466.5 eval=0 prior=0
[inst] req=11952128 hits=4133246 fwd=244449 rows=7818878 fwd_ms=716918.1 eval=0 prior=0
[inst] req=11960320 hits=4135929 fwd=244621 rows=7824382 fwd_ms=717379.7 eval=0 prior=0
[inst] req=11968512 hits=4138792 fwd=244787 rows=7829690 fwd_ms=717826.0 eval=0 prior=0
[inst] req=11976704 hits=4141491 fwd=244959 rows=7835194 fwd_ms=718287.6 eval=0 prior=0
[inst] req=11984896 hits=4144243 fwd=245129 rows=7840634 fwd_ms=718743.4 eval=0 prior=0
[inst] req=11993088 hits=4147002 fwd=245299 rows=7846074 fwd_ms=719199.1 eval=0 prior=0
[inst] req=12001280 hits=4149788 fwd=245468 rows=7851482 fwd_ms=719653.3 eval=0 prior=0
[inst] req=12009472 hits=4152626 fwd=245635 rows=7856826 fwd_ms=720102.1 eval=0 prior=0
[inst] req=12017664 hits=4155425 fwd=245804 rows=7862234 fwd_ms=720555.9 eval=0 prior=0
[inst] req=12025856 hits=4158253 fwd=245971 rows=7867578 fwd_ms=721004.0 eval=0 prior=0
[inst] req=12034048 hits=4161005 fwd=246141 rows=7873018 fwd_ms=721460.0 eval=0 prior=0
[inst] req=12042240 hits=4163841 fwd=246309 rows=7878394 fwd_ms=721911.3 eval=0 prior=0
[inst] req=12050432 hits=4166788 fwd=246473 rows=7883640 fwd_ms=722352.0 eval=0 prior=0
[inst] req=12058624 hits=4169590 fwd=246641 rows=7889016 fwd_ms=722802.8 eval=0 prior=0
[inst] req=12066816 hits=4172371 fwd=246810 rows=7894424 fwd_ms=723256.5 eval=0 prior=0
[inst] req=12075008 hits=4175102 fwd=246981 rows=7899896 fwd_ms=723715.5 eval=0 prior=0
[inst] req=12083200 hits=4177980 fwd=247147 rows=7905207 fwd_ms=724161.0 eval=0 prior=0
[inst] req=12091392 hits=4180691 fwd=247318 rows=7910679 fwd_ms=724619.7 eval=0 prior=0
[inst] req=12099584 hits=4183484 fwd=247487 rows=7916086 fwd_ms=725073.5 eval=0 prior=0
[inst] req=12107776 hits=4186478 fwd=247649 rows=7921268 fwd_ms=725508.8 eval=0 prior=0
[inst] req=12115968 hits=4189244 fwd=247819 rows=7926708 fwd_ms=725965.1 eval=0 prior=0
[inst] req=12124160 hits=4191947 fwd=247991 rows=7932212 fwd_ms=726426.7 eval=0 prior=0
[inst] req=12132352 hits=4194709 fwd=248160 rows=7937620 fwd_ms=726880.3 eval=0 prior=0
[inst] req=12140544 hits=4197567 fwd=248327 rows=7942964 fwd_ms=727329.4 eval=0 prior=0
[inst] req=12148736 hits=4200269 fwd=248498 rows=7948436 fwd_ms=727788.2 eval=0 prior=0
[inst] req=12156928 hits=4203390 fwd=248657 rows=7953520 fwd_ms=728215.3 eval=0 prior=0
[inst] req=12165120 hits=4206247 fwd=248824 rows=7958864 fwd_ms=728663.4 eval=0 prior=0
[inst] req=12173312 hits=4209020 fwd=248993 rows=7964272 fwd_ms=729117.0 eval=0 prior=0
[inst] req=12181504 hits=4211964 fwd=249157 rows=7969518 fwd_ms=729557.4 eval=0 prior=0
[inst] req=12189696 hits=4214663 fwd=249329 rows=7975022 fwd_ms=730019.0 eval=0 prior=0
[inst] req=12197888 hits=4217439 fwd=249498 rows=7980430 fwd_ms=730472.5 eval=0 prior=0
[inst] req=12206080 hits=4220396 fwd=249662 rows=7985678 fwd_ms=730913.1 eval=0 prior=0
[inst] req=12214272 hits=4223406 fwd=249824 rows=7990859 fwd_ms=731347.6 eval=0 prior=0
[inst] req=12222464 hits=4226174 fwd=249993 rows=7996267 fwd_ms=731801.1 eval=0 prior=0
[inst] req=12230656 hits=4229046 fwd=250159 rows=8001578 fwd_ms=732247.3 eval=0 prior=0
[inst] req=12238848 hits=4231888 fwd=250327 rows=8006953 fwd_ms=732698.3 eval=0 prior=0
[inst] req=12247040 hits=4234770 fwd=250493 rows=8012265 fwd_ms=733143.4 eval=0 prior=0
[inst] req=12255232 hits=4237528 fwd=250662 rows=8017672 fwd_ms=733596.4 eval=0 prior=0
[inst] req=12263424 hits=4240233 fwd=250834 rows=8023176 fwd_ms=734057.8 eval=0 prior=0
[inst] req=12271616 hits=4242983 fwd=251004 rows=8028614 fwd_ms=734514.1 eval=0 prior=0
[inst] req=12279808 hits=4245711 fwd=251175 rows=8034086 fwd_ms=734973.3 eval=0 prior=0
[inst] req=12288000 hits=4248442 fwd=251345 rows=8039526 fwd_ms=735429.8 eval=0 prior=0
[inst] req=12296192 hits=4251393 fwd=251509 rows=8044770 fwd_ms=735870.2 eval=0 prior=0
[inst] req=12304384 hits=4254149 fwd=251679 rows=8050209 fwd_ms=736326.2 eval=0 prior=0
[inst] req=12312576 hits=4256893 fwd=251850 rows=8055681 fwd_ms=736784.8 eval=0 prior=0
[inst] req=12320768 hits=4259622 fwd=252020 rows=8061121 fwd_ms=737240.7 eval=0 prior=0
[inst] req=12328960 hits=4262392 fwd=252190 rows=8066561 fwd_ms=737697.2 eval=0 prior=0
[inst] req=12337152 hits=4265132 fwd=252360 rows=8072001 fwd_ms=738154.3 eval=0 prior=0
[inst] req=12345344 hits=4267829 fwd=252532 rows=8077505 fwd_ms=738615.8 eval=0 prior=0
[inst] req=12353536 hits=4270569 fwd=252702 rows=8082945 fwd_ms=739072.5 eval=0 prior=0
[inst] req=12361728 hits=4273138 fwd=252878 rows=8088577 fwd_ms=739544.9 eval=0 prior=0
[inst] req=12369920 hits=4276051 fwd=253043 rows=8093855 fwd_ms=739988.2 eval=0 prior=0
[inst] req=12378112 hits=4278758 fwd=253214 rows=8099327 fwd_ms=740447.1 eval=0 prior=0
[inst] req=12386304 hits=4281351 fwd=253389 rows=8104927 fwd_ms=740917.1 eval=0 prior=0
[inst] req=12394496 hits=4284013 fwd=253562 rows=8110463 fwd_ms=741381.4 eval=0 prior=0
[inst] req=12402688 hits=4286598 fwd=253737 rows=8116063 fwd_ms=741851.3 eval=0 prior=0
[inst] req=12410880 hits=4289483 fwd=253903 rows=8121373 fwd_ms=742296.9 eval=0 prior=0
[inst] req=12419072 hits=4292343 fwd=254070 rows=8126716 fwd_ms=742745.8 eval=0 prior=0
[inst] req=12427264 hits=4295026 fwd=254242 rows=8132220 fwd_ms=743207.5 eval=0 prior=0
[inst] req=12435456 hits=4297755 fwd=254413 rows=8137692 fwd_ms=743666.7 eval=0 prior=0
[inst] req=12443648 hits=4300594 fwd=254580 rows=8143034 fwd_ms=744115.3 eval=0 prior=0
[inst] req=12451840 hits=4303298 fwd=254752 rows=8148538 fwd_ms=744577.3 eval=0 prior=0
[inst] req=12460032 hits=4306051 fwd=254922 rows=8153978 fwd_ms=745033.6 eval=0 prior=0
[inst] req=12468224 hits=4308745 fwd=255093 rows=8159450 fwd_ms=745493.1 eval=0 prior=0
[inst] req=12476416 hits=4311504 fwd=255263 rows=8164890 fwd_ms=745949.9 eval=0 prior=0
[inst] req=12484608 hits=4314314 fwd=255431 rows=8170262 fwd_ms=746401.1 eval=0 prior=0
[inst] req=12492800 hits=4317003 fwd=255603 rows=8175766 fwd_ms=746863.2 eval=0 prior=0
[inst] req=12500992 hits=4319662 fwd=255776 rows=8181302 fwd_ms=747327.9 eval=0 prior=0
[inst] req=12509184 hits=4322467 fwd=255945 rows=8186710 fwd_ms=747781.6 eval=0 prior=0
[inst] req=12517376 hits=4325318 fwd=256112 rows=8192054 fwd_ms=748230.4 eval=0 prior=0
[inst] req=12525568 hits=4328180 fwd=256278 rows=8197365 fwd_ms=748676.5 eval=0 prior=0
[inst] req=12533760 hits=4330956 fwd=256447 rows=8202773 fwd_ms=749130.5 eval=0 prior=0
[inst] req=12541952 hits=4333785 fwd=256615 rows=8208148 fwd_ms=749582.7 eval=0 prior=0
[inst] req=12550144 hits=4336566 fwd=256784 rows=8213556 fwd_ms=750036.9 eval=0 prior=0
[inst] req=12558336 hits=4339352 fwd=256953 rows=8218964 fwd_ms=750490.9 eval=0 prior=0
[inst] req=12566528 hits=4342330 fwd=257116 rows=8224178 fwd_ms=750929.3 eval=0 prior=0
[inst] req=12574720 hits=4345200 fwd=257282 rows=8229490 fwd_ms=751375.1 eval=0 prior=0
[inst] req=12582912 hits=4347982 fwd=257451 rows=8234898 fwd_ms=751828.9 eval=0 prior=0
[inst] req=12591104 hits=4350970 fwd=257614 rows=8240113 fwd_ms=752266.7 eval=0 prior=0
[inst] req=12599296 hits=4353786 fwd=257782 rows=8245487 fwd_ms=752717.9 eval=0 prior=0
[inst] req=12607488 hits=4356617 fwd=257950 rows=8250863 fwd_ms=753169.2 eval=0 prior=0
[inst] req=12615680 hits=4359500 fwd=258116 rows=8256175 fwd_ms=753614.8 eval=0 prior=0
[inst] req=12623872 hits=4362410 fwd=258281 rows=8261454 fwd_ms=754057.9 eval=0 prior=0
[inst] req=12632064 hits=4365227 fwd=258449 rows=8266830 fwd_ms=754508.5 eval=0 prior=0
[inst] req=12640256 hits=4367997 fwd=258618 rows=8272238 fwd_ms=754962.6 eval=0 prior=0
[inst] req=12648448 hits=4370774 fwd=258787 rows=8277646 fwd_ms=755417.0 eval=0 prior=0
[inst] req=12656640 hits=4373523 fwd=258957 rows=8283086 fwd_ms=755873.1 eval=0 prior=0
[inst] req=12664832 hits=4376393 fwd=259124 rows=8288429 fwd_ms=756321.3 eval=0 prior=0
[inst] req=12673024 hits=4379316 fwd=259288 rows=8293677 fwd_ms=756762.0 eval=0 prior=0
[inst] req=12681216 hits=4382289 fwd=259452 rows=8298924 fwd_ms=757202.5 eval=0 prior=0
[inst] req=12689408 hits=4385123 fwd=259619 rows=8304268 fwd_ms=757651.6 eval=0 prior=0
[inst] req=12697600 hits=4387948 fwd=259787 rows=8309644 fwd_ms=758102.9 eval=0 prior=0
[inst] req=12705792 hits=4391066 fwd=259945 rows=8314697 fwd_ms=758527.5 eval=0 prior=0
[inst] req=12713984 hits=4393818 fwd=260115 rows=8320136 fwd_ms=758984.4 eval=0 prior=0
[inst] req=12722176 hits=4396540 fwd=260286 rows=8325608 fwd_ms=759444.7 eval=0 prior=0
[inst] req=12730368 hits=4399256 fwd=260457 rows=8331080 fwd_ms=759904.3 eval=0 prior=0
[inst] req=12738560 hits=4401990 fwd=260628 rows=8336552 fwd_ms=760363.3 eval=0 prior=0
[inst] req=12746752 hits=4404703 fwd=260799 rows=8342024 fwd_ms=760823.5 eval=0 prior=0
[inst] req=12754944 hits=4407643 fwd=260963 rows=8347269 fwd_ms=761263.9 eval=0 prior=0
[inst] req=12763136 hits=4410560 fwd=261128 rows=8352549 fwd_ms=761706.9 eval=0 prior=0
[inst] req=12771328 hits=4413382 fwd=261296 rows=8357925 fwd_ms=762157.5 eval=0 prior=0
[inst] req=12779520 hits=4416154 fwd=261466 rows=8363365 fwd_ms=762614.1 eval=0 prior=0
[inst] req=12787712 hits=4419134 fwd=261628 rows=8368548 fwd_ms=763049.4 eval=0 prior=0
[inst] req=12795904 hits=4422039 fwd=261794 rows=8373859 fwd_ms=763495.1 eval=0 prior=0
[inst] req=12804096 hits=4425064 fwd=261955 rows=8379004 fwd_ms=763927.6 eval=0 prior=0
[inst] req=12812288 hits=4427907 fwd=262123 rows=8384379 fwd_ms=764378.1 eval=0 prior=0
[inst] req=12820480 hits=4430700 fwd=262291 rows=8389755 fwd_ms=764828.9 eval=0 prior=0
[inst] req=12828672 hits=4433592 fwd=262457 rows=8395067 fwd_ms=765274.0 eval=0 prior=0
[inst] req=12836864 hits=4436515 fwd=262622 rows=8400347 fwd_ms=765716.9 eval=0 prior=0
[inst] req=12845056 hits=4439312 fwd=262790 rows=8405723 fwd_ms=766167.9 eval=0 prior=0
[inst] req=12853248 hits=4442142 fwd=262958 rows=8411098 fwd_ms=766618.9 eval=0 prior=0
[inst] req=12861440 hits=4444962 fwd=263126 rows=8416474 fwd_ms=767069.7 eval=0 prior=0
[inst] req=12869632 hits=4447909 fwd=263290 rows=8421722 fwd_ms=767510.1 eval=0 prior=0
[inst] req=12877824 hits=4450963 fwd=263450 rows=8426839 fwd_ms=767939.8 eval=0 prior=0
[inst] req=12886016 hits=4454056 fwd=263610 rows=8431957 fwd_ms=768369.4 eval=0 prior=0
[inst] req=12894208 hits=4456823 fwd=263779 rows=8437365 fwd_ms=768823.4 eval=0 prior=0
[inst] req=12902400 hits=4459687 fwd=263946 rows=8442708 fwd_ms=769271.8 eval=0 prior=0
[inst] req=12910592 hits=4462600 fwd=264111 rows=8447988 fwd_ms=769714.8 eval=0 prior=0
[inst] req=12918784 hits=4465473 fwd=264277 rows=8453298 fwd_ms=770161.3 eval=0 prior=0
[inst] req=12926976 hits=4468213 fwd=264447 rows=8458738 fwd_ms=770617.7 eval=0 prior=0
[inst] req=12935168 hits=4471075 fwd=264614 rows=8464082 fwd_ms=771065.8 eval=0 prior=0
[inst] req=12943360 hits=4473963 fwd=264780 rows=8469393 fwd_ms=771511.6 eval=0 prior=0
[inst] req=12951552 hits=4476746 fwd=264949 rows=8474801 fwd_ms=771967.0 eval=0 prior=0
[inst] req=12959744 hits=4479793 fwd=265109 rows=8479919 fwd_ms=772396.7 eval=0 prior=0
[inst] req=12967936 hits=4482837 fwd=265270 rows=8485068 fwd_ms=772829.4 eval=0 prior=0
[inst] req=12976128 hits=4485544 fwd=265442 rows=8490572 fwd_ms=773292.7 eval=0 prior=0
[inst] req=12984320 hits=4488321 fwd=265611 rows=8495979 fwd_ms=773747.1 eval=0 prior=0
[inst] req=12992512 hits=4491084 fwd=265781 rows=8501419 fwd_ms=774204.3 eval=0 prior=0
[inst] req=13000704 hits=4493871 fwd=265950 rows=8506827 fwd_ms=774658.0 eval=0 prior=0
[inst] req=13008896 hits=4496605 fwd=266120 rows=8512267 fwd_ms=775114.5 eval=0 prior=0
[inst] req=13017088 hits=4499346 fwd=266291 rows=8517739 fwd_ms=775573.8 eval=0 prior=0
[inst] req=13025280 hits=4502148 fwd=266459 rows=8523115 fwd_ms=776025.0 eval=0 prior=0
[inst] req=13033472 hits=4504938 fwd=266628 rows=8528523 fwd_ms=776478.8 eval=0 prior=0
[inst] req=13041664 hits=4507732 fwd=266797 rows=8533931 fwd_ms=776932.8 eval=0 prior=0
[inst] req=13049856 hits=4510495 fwd=266966 rows=8539339 fwd_ms=777386.4 eval=0 prior=0
[inst] req=13058048 hits=4513185 fwd=267138 rows=8544843 fwd_ms=777848.4 eval=0 prior=0
[inst] req=13066240 hits=4515907 fwd=267309 rows=8550315 fwd_ms=778307.3 eval=0 prior=0
[inst] req=13074432 hits=4518649 fwd=267479 rows=8555755 fwd_ms=778763.5 eval=0 prior=0
[inst] req=13082624 hits=4521426 fwd=267649 rows=8561195 fwd_ms=779220.6 eval=0 prior=0
[inst] req=13090816 hits=4524331 fwd=267814 rows=8566474 fwd_ms=779664.2 eval=0 prior=0
[inst] req=13099008 hits=4527045 fwd=267985 rows=8571946 fwd_ms=780123.3 eval=0 prior=0
[inst] req=13107200 hits=4529855 fwd=268153 rows=8577322 fwd_ms=780574.8 eval=0 prior=0
[inst] req=13115392 hits=4532773 fwd=268318 rows=8582595 fwd_ms=781017.8 eval=0 prior=0
[inst] req=13123584 hits=4535661 fwd=268484 rows=8587907 fwd_ms=781464.2 eval=0 prior=0
[inst] req=13131776 hits=4538473 fwd=268652 rows=8593283 fwd_ms=781915.8 eval=0 prior=0
[inst] req=13139968 hits=4541325 fwd=268819 rows=8598625 fwd_ms=782365.5 eval=0 prior=0
[inst] req=13148160 hits=4544214 fwd=268985 rows=8603937 fwd_ms=782811.7 eval=0 prior=0
[inst] req=13156352 hits=4547159 fwd=269149 rows=8609184 fwd_ms=783252.4 eval=0 prior=0
[inst] req=13164544 hits=4550141 fwd=269312 rows=8614397 fwd_ms=783690.1 eval=0 prior=0
[inst] req=13172736 hits=4553187 fwd=269473 rows=8619546 fwd_ms=785628.5 eval=0 prior=0
[inst] req=13180928 hits=4556456 fwd=269627 rows=8624457 fwd_ms=792773.1 eval=0 prior=0
[inst] req=13189120 hits=4560445 fwd=269760 rows=8628670 fwd_ms=796874.7 eval=0 prior=0
[inst] req=13197312 hits=4562989 fwd=269946 rows=8634295 fwd_ms=797414.1 eval=0 prior=0
[inst] req=13205504 hits=4565834 fwd=270113 rows=8639639 fwd_ms=797863.2 eval=0 prior=0
[inst] req=13213696 hits=4568543 fwd=270285 rows=8645143 fwd_ms=798325.8 eval=0 prior=0
[inst] req=13221888 hits=4571455 fwd=270450 rows=8650422 fwd_ms=798770.3 eval=0 prior=0
[inst] req=13230080 hits=4574229 fwd=270619 rows=8655829 fwd_ms=799225.5 eval=0 prior=0
[inst] req=13238272 hits=4576888 fwd=270792 rows=8661365 fwd_ms=799691.1 eval=0 prior=0
[inst] req=13246464 hits=4579571 fwd=270964 rows=8666869 fwd_ms=800153.5 eval=0 prior=0
[inst] req=13254656 hits=4582234 fwd=271137 rows=8672405 fwd_ms=800618.6 eval=0 prior=0
[inst] req=13262848 hits=4585051 fwd=271305 rows=8677781 fwd_ms=801070.4 eval=0 prior=0
[inst] req=13271040 hits=4587820 fwd=271474 rows=8683189 fwd_ms=801524.7 eval=0 prior=0
[inst] req=13279232 hits=4590594 fwd=271644 rows=8688629 fwd_ms=801981.1 eval=0 prior=0
[inst] req=13287424 hits=4593414 fwd=271812 rows=8694005 fwd_ms=802431.7 eval=0 prior=0
[inst] req=13295616 hits=4596259 fwd=271979 rows=8699349 fwd_ms=802880.0 eval=0 prior=0
[inst] req=13303808 hits=4598999 fwd=272149 rows=8704789 fwd_ms=803335.6 eval=0 prior=0
[inst] req=13312000 hits=4601752 fwd=272319 rows=8710229 fwd_ms=803791.5 eval=0 prior=0
[inst] req=13320192 hits=4604657 fwd=272484 rows=8715508 fwd_ms=804234.4 eval=0 prior=0
[inst] req=13328384 hits=4607496 fwd=272652 rows=8720884 fwd_ms=804684.7 eval=0 prior=0
[inst] req=13336576 hits=4610445 fwd=272816 rows=8726130 fwd_ms=805124.6 eval=0 prior=0
[inst] req=13344768 hits=4613340 fwd=272981 rows=8731410 fwd_ms=805566.7 eval=0 prior=0
[inst] req=13352960 hits=4616137 fwd=273150 rows=8736818 fwd_ms=806020.2 eval=0 prior=0
[inst] req=13361152 hits=4619057 fwd=273314 rows=8742065 fwd_ms=806460.0 eval=0 prior=0
[inst] req=13369344 hits=4621771 fwd=273486 rows=8747569 fwd_ms=806921.5 eval=0 prior=0
[inst] req=13377536 hits=4624559 fwd=273655 rows=8752972 fwd_ms=807374.7 eval=0 prior=0
[inst] req=13385728 hits=4627266 fwd=273826 rows=8758444 fwd_ms=807833.2 eval=0 prior=0
[inst] req=13393920 hits=4629979 fwd=273997 rows=8763916 fwd_ms=808291.3 eval=0 prior=0
[inst] req=13402112 hits=4632794 fwd=274165 rows=8769292 fwd_ms=808741.4 eval=0 prior=0
[inst] req=13410304 hits=4635741 fwd=274329 rows=8774539 fwd_ms=809180.4 eval=0 prior=0
[inst] req=13418496 hits=4638639 fwd=274495 rows=8779848 fwd_ms=809624.5 eval=0 prior=0
[inst] req=13426688 hits=4641550 fwd=274660 rows=8785125 fwd_ms=810066.5 eval=0 prior=0
[inst] req=13434880 hits=4644369 fwd=274828 rows=8790496 fwd_ms=810515.8 eval=0 prior=0
[inst] req=13443072 hits=4647086 fwd=274999 rows=8795968 fwd_ms=810973.1 eval=0 prior=0
[inst] req=13451264 hits=4649927 fwd=275166 rows=8801312 fwd_ms=811419.7 eval=0 prior=0
[inst] req=13459456 hits=4652749 fwd=275334 rows=8806687 fwd_ms=811869.1 eval=0 prior=0
[inst] req=13467648 hits=4655495 fwd=275504 rows=8812127 fwd_ms=812323.4 eval=0 prior=0
[inst] req=13475840 hits=4658223 fwd=275675 rows=8817599 fwd_ms=812780.8 eval=0 prior=0
[inst] req=13484032 hits=4660970 fwd=275845 rows=8823039 fwd_ms=813235.4 eval=0 prior=0
[inst] req=13492224 hits=4663960 fwd=276008 rows=8828254 fwd_ms=813671.4 eval=0 prior=0
[inst] req=13500416 hits=4666664 fwd=276179 rows=8833726 fwd_ms=814129.2 eval=0 prior=0
[inst] req=13508608 hits=4669503 fwd=276347 rows=8839101 fwd_ms=814578.8 eval=0 prior=0
[inst] req=13516800 hits=4672373 fwd=276513 rows=8844412 fwd_ms=815022.9 eval=0 prior=0
[inst] req=13524992 hits=4675202 fwd=276681 rows=8849788 fwd_ms=815472.4 eval=0 prior=0
[inst] req=13533184 hits=4677900 fwd=276852 rows=8855260 fwd_ms=815929.4 eval=0 prior=0
[inst] req=13541376 hits=4680791 fwd=277018 rows=8860569 fwd_ms=816373.7 eval=0 prior=0
[inst] req=13549568 hits=4683712 fwd=277185 rows=8865831 fwd_ms=816818.7 eval=0 prior=0
[inst] req=13557760 hits=4686499 fwd=277354 rows=8871239 fwd_ms=817270.8 eval=0 prior=0
[inst] req=13565952 hits=4689178 fwd=277526 rows=8876743 fwd_ms=817730.3 eval=0 prior=0
[inst] req=13574144 hits=4692089 fwd=277691 rows=8882023 fwd_ms=818171.9 eval=0 prior=0
[inst] req=13582336 hits=4694898 fwd=277860 rows=8887430 fwd_ms=818623.5 eval=0 prior=0
[inst] req=13590528 hits=4697650 fwd=278030 rows=8892870 fwd_ms=819078.0 eval=0 prior=0
[inst] req=13598720 hits=4700584 fwd=278194 rows=8898118 fwd_ms=819516.5 eval=0 prior=0
[inst] req=13606912 hits=4703451 fwd=278360 rows=8903430 fwd_ms=819960.0 eval=0 prior=0
[inst] req=13615104 hits=4706321 fwd=278527 rows=8908772 fwd_ms=820406.8 eval=0 prior=0
[inst] req=13623296 hits=4709126 fwd=278695 rows=8914148 fwd_ms=820856.3 eval=0 prior=0
[inst] req=13631488 hits=4711880 fwd=278865 rows=8919588 fwd_ms=821311.5 eval=0 prior=0
[inst] req=13639680 hits=4714627 fwd=279035 rows=8925028 fwd_ms=821766.7 eval=0 prior=0
[inst] req=13647872 hits=4717598 fwd=279198 rows=8930242 fwd_ms=822204.3 eval=0 prior=0
[inst] req=13656064 hits=4720489 fwd=279364 rows=8935552 fwd_ms=822649.7 eval=0 prior=0
[inst] req=13664256 hits=4723265 fwd=279533 rows=8940960 fwd_ms=823102.3 eval=0 prior=0
[inst] req=13672448 hits=4726102 fwd=279701 rows=8946336 fwd_ms=823552.1 eval=0 prior=0
[inst] req=13680640 hits=4729160 fwd=279861 rows=8951455 fwd_ms=823980.1 eval=0 prior=0
[inst] req=13688832 hits=4731975 fwd=280029 rows=8956830 fwd_ms=824429.4 eval=0 prior=0
[inst] req=13697024 hits=4734733 fwd=280199 rows=8962270 fwd_ms=824883.8 eval=0 prior=0
[inst] req=13705216 hits=4737558 fwd=280367 rows=8967644 fwd_ms=825333.3 eval=0 prior=0
[inst] req=13713408 hits=4740614 fwd=280527 rows=8972762 fwd_ms=825762.7 eval=0 prior=0
[inst] req=13721600 hits=4743349 fwd=280698 rows=8978233 fwd_ms=826220.5 eval=0 prior=0
[inst] req=13729792 hits=4746085 fwd=280869 rows=8983704 fwd_ms=826678.5 eval=0 prior=0
[inst] req=13737984 hits=4748748 fwd=281041 rows=8989208 fwd_ms=827139.0 eval=0 prior=0
[inst] req=13746176 hits=4751515 fwd=281211 rows=8994648 fwd_ms=827594.6 eval=0 prior=0
[inst] req=13754368 hits=4754212 fwd=281383 rows=9000152 fwd_ms=828056.1 eval=0 prior=0
[inst] req=13762560 hits=4757213 fwd=281545 rows=9005332 fwd_ms=828490.6 eval=0 prior=0
[inst] req=13770752 hits=4759888 fwd=281717 rows=9010836 fwd_ms=828951.7 eval=0 prior=0
[inst] req=13778944 hits=4762543 fwd=281890 rows=9016372 fwd_ms=829414.9 eval=0 prior=0
[inst] req=13787136 hits=4765422 fwd=282056 rows=9021684 fwd_ms=829859.9 eval=0 prior=0
[inst] req=13795328 hits=4768168 fwd=282227 rows=9027156 fwd_ms=830318.2 eval=0 prior=0
[inst] req=13803520 hits=4770991 fwd=282394 rows=9032500 fwd_ms=830765.5 eval=0 prior=0
[inst] req=13811712 hits=4773726 fwd=282565 rows=9037972 fwd_ms=831223.7 eval=0 prior=0
[inst] req=13819904 hits=4776556 fwd=282732 rows=9043316 fwd_ms=831671.1 eval=0 prior=0
[inst] req=13828096 hits=4779207 fwd=282906 rows=9048883 fwd_ms=832137.1 eval=0 prior=0
[inst] req=13836288 hits=4781961 fwd=283076 rows=9054323 fwd_ms=832592.6 eval=0 prior=0
[inst] req=13844480 hits=4784680 fwd=283247 rows=9059795 fwd_ms=833051.3 eval=0 prior=0
[inst] req=13852672 hits=4787581 fwd=283412 rows=9065075 fwd_ms=833494.5 eval=0 prior=0
[inst] req=13860864 hits=4790325 fwd=283582 rows=9070515 fwd_ms=833950.4 eval=0 prior=0
[inst] req=13869056 hits=4793109 fwd=283751 rows=9075923 fwd_ms=834403.3 eval=0 prior=0
[inst] req=13877248 hits=4795825 fwd=283922 rows=9081395 fwd_ms=834861.7 eval=0 prior=0
[inst] req=13885440 hits=4798701 fwd=284088 rows=9086707 fwd_ms=835306.9 eval=0 prior=0
[inst] req=13893632 hits=4801642 fwd=284253 rows=9091980 fwd_ms=835748.8 eval=0 prior=0
[inst] req=13901824 hits=4804471 fwd=284420 rows=9097324 fwd_ms=836196.2 eval=0 prior=0
[inst] req=13910016 hits=4807428 fwd=284584 rows=9102569 fwd_ms=836635.9 eval=0 prior=0
[inst] req=13918208 hits=4810268 fwd=284751 rows=9107912 fwd_ms=837083.6 eval=0 prior=0
[inst] req=13926400 hits=4813034 fwd=284921 rows=9113352 fwd_ms=837539.5 eval=0 prior=0
[inst] req=13934592 hits=4815762 fwd=285092 rows=9118824 fwd_ms=837998.0 eval=0 prior=0
[inst] req=13942784 hits=4818711 fwd=285256 rows=9124072 fwd_ms=838437.5 eval=0 prior=0
[inst] req=13950976 hits=4821596 fwd=285421 rows=9129352 fwd_ms=838880.0 eval=0 prior=0
[inst] req=13959168 hits=4824493 fwd=285587 rows=9134664 fwd_ms=839325.0 eval=0 prior=0
[inst] req=13967360 hits=4827384 fwd=285752 rows=9139944 fwd_ms=839767.3 eval=0 prior=0
[inst] req=13975552 hits=4830165 fwd=285922 rows=9145384 fwd_ms=840222.7 eval=0 prior=0
[inst] req=13983744 hits=4833036 fwd=286088 rows=9150690 fwd_ms=840668.7 eval=0 prior=0
[inst] req=13991936 hits=4835865 fwd=286256 rows=9156066 fwd_ms=841119.3 eval=0 prior=0
[inst] req=14000128 hits=4838804 fwd=286420 rows=9161313 fwd_ms=841558.7 eval=0 prior=0
[inst] req=14008320 hits=4841607 fwd=286588 rows=9166689 fwd_ms=842008.7 eval=0 prior=0
[inst] req=14016512 hits=4844439 fwd=286756 rows=9172065 fwd_ms=842458.4 eval=0 prior=0
[inst] req=14024704 hits=4847433 fwd=286918 rows=9177248 fwd_ms=842891.8 eval=0 prior=0
[inst] req=14032896 hits=4850329 fwd=287084 rows=9182560 fwd_ms=843336.4 eval=0 prior=0
[inst] req=14041088 hits=4853071 fwd=287254 rows=9188000 fwd_ms=843791.4 eval=0 prior=0
[inst] req=14049280 hits=4855975 fwd=287419 rows=9193280 fwd_ms=844233.5 eval=0 prior=0
[inst] req=14057472 hits=4858863 fwd=287585 rows=9198592 fwd_ms=844678.0 eval=0 prior=0
[inst] req=14065664 hits=4861664 fwd=287753 rows=9203968 fwd_ms=845128.1 eval=0 prior=0
[inst] req=14073856 hits=4864490 fwd=287921 rows=9209343 fwd_ms=845578.4 eval=0 prior=0
[inst] req=14082048 hits=4867251 fwd=288091 rows=9214782 fwd_ms=846033.6 eval=0 prior=0
[inst] req=14090240 hits=4870007 fwd=288261 rows=9220222 fwd_ms=846489.1 eval=0 prior=0
[inst] req=14098432 hits=4872967 fwd=288424 rows=9225436 fwd_ms=846925.9 eval=0 prior=0
[inst] req=14106624 hits=4875753 fwd=288593 rows=9230844 fwd_ms=847378.7 eval=0 prior=0
[inst] req=14114816 hits=4878554 fwd=288762 rows=9236252 fwd_ms=847831.7 eval=0 prior=0
[inst] req=14123008 hits=4881287 fwd=288932 rows=9241692 fwd_ms=848287.1 eval=0 prior=0
[inst] req=14131200 hits=4884071 fwd=289101 rows=9247100 fwd_ms=848740.3 eval=0 prior=0
[inst] req=14139392 hits=4886892 fwd=289269 rows=9252476 fwd_ms=849190.9 eval=0 prior=0
[inst] req=14147584 hits=4889658 fwd=289439 rows=9257916 fwd_ms=849646.5 eval=0 prior=0
[inst] req=14155776 hits=4892525 fwd=289605 rows=9263228 fwd_ms=850092.1 eval=0 prior=0
[inst] req=14163968 hits=4895330 fwd=289774 rows=9268635 fwd_ms=850545.0 eval=0 prior=0
[inst] req=14172160 hits=4898205 fwd=289940 rows=9273947 fwd_ms=850989.9 eval=0 prior=0
[inst] req=14180352 hits=4901033 fwd=290107 rows=9279291 fwd_ms=851437.0 eval=0 prior=0
[inst] req=14188544 hits=4903708 fwd=290280 rows=9284827 fwd_ms=851900.3 eval=0 prior=0
[inst] req=14196736 hits=4906623 fwd=290445 rows=9290106 fwd_ms=852343.5 eval=0 prior=0
[inst] req=14204928 hits=4909503 fwd=290611 rows=9295417 fwd_ms=852789.6 eval=0 prior=0
[inst] req=14213120 hits=4912343 fwd=290778 rows=9300761 fwd_ms=853237.4 eval=0 prior=0
[inst] req=14221312 hits=4915223 fwd=290944 rows=9306073 fwd_ms=853683.0 eval=0 prior=0
[inst] req=14229504 hits=4918162 fwd=291108 rows=9311321 fwd_ms=854123.3 eval=0 prior=0
[inst] req=14237696 hits=4920919 fwd=291278 rows=9316761 fwd_ms=854579.1 eval=0 prior=0
[inst] req=14245888 hits=4923689 fwd=291447 rows=9322169 fwd_ms=855032.2 eval=0 prior=0
[inst] req=14254080 hits=4926479 fwd=291616 rows=9327577 fwd_ms=855484.6 eval=0 prior=0
[inst] req=14262272 hits=4929354 fwd=291782 rows=9332889 fwd_ms=855928.4 eval=0 prior=0
[inst] req=14270464 hits=4932261 fwd=291948 rows=9338201 fwd_ms=856372.4 eval=0 prior=0
[inst] req=14278656 hits=4935147 fwd=292113 rows=9343480 fwd_ms=856814.3 eval=0 prior=0
[inst] req=14286848 hits=4938025 fwd=292279 rows=9348791 fwd_ms=857258.9 eval=0 prior=0
[inst] req=14295040 hits=4940885 fwd=292446 rows=9354132 fwd_ms=857706.0 eval=0 prior=0
[inst] req=14303232 hits=4943854 fwd=292609 rows=9359347 fwd_ms=858141.8 eval=0 prior=0
[inst] req=14311424 hits=4946730 fwd=292776 rows=9364691 fwd_ms=858588.2 eval=0 prior=0
[inst] req=14319616 hits=4949664 fwd=292940 rows=9369938 fwd_ms=859027.0 eval=0 prior=0
[inst] req=14327808 hits=4952477 fwd=293108 rows=9375314 fwd_ms=859476.4 eval=0 prior=0
[inst] req=14336000 hits=4955310 fwd=293275 rows=9380658 fwd_ms=859922.9 eval=0 prior=0
[inst] req=14344192 hits=4958140 fwd=293443 rows=9386034 fwd_ms=860372.5 eval=0 prior=0
[inst] req=14352384 hits=4961066 fwd=293608 rows=9391314 fwd_ms=860814.4 eval=0 prior=0
[inst] req=14360576 hits=4963923 fwd=293774 rows=9396626 fwd_ms=861259.5 eval=0 prior=0
[inst] req=14368768 hits=4966864 fwd=293938 rows=9401873 fwd_ms=861699.5 eval=0 prior=0
[inst] req=14376960 hits=4969817 fwd=294102 rows=9407120 fwd_ms=862139.7 eval=0 prior=0
[inst] req=14385152 hits=4972716 fwd=294268 rows=9412432 fwd_ms=862585.2 eval=0 prior=0
[inst] req=14393344 hits=4975662 fwd=294432 rows=9417680 fwd_ms=863025.0 eval=0 prior=0
[inst] req=14401536 hits=4978501 fwd=294599 rows=9423024 fwd_ms=863472.2 eval=0 prior=0
[inst] req=14409728 hits=4981293 fwd=294768 rows=9428432 fwd_ms=863924.8 eval=0 prior=0
[inst] req=14417920 hits=4984146 fwd=294934 rows=9433744 fwd_ms=864369.4 eval=0 prior=0
[inst] req=14426112 hits=4987044 fwd=295100 rows=9439056 fwd_ms=864814.4 eval=0 prior=0
[inst] req=14434304 hits=4989954 fwd=295265 rows=9444336 fwd_ms=865257.0 eval=0 prior=0
[inst] req=14442496 hits=4992903 fwd=295429 rows=9449583 fwd_ms=865696.5 eval=0 prior=0
[inst] req=14450688 hits=4995817 fwd=295594 rows=9454863 fwd_ms=866138.6 eval=0 prior=0
[inst] req=14458880 hits=4998834 fwd=295755 rows=9460015 fwd_ms=866569.8 eval=0 prior=0
[inst] req=14467072 hits=5001882 fwd=295916 rows=9465166 fwd_ms=867001.1 eval=0 prior=0
[inst] req=14475264 hits=5004723 fwd=296083 rows=9470510 fwd_ms=867448.5 eval=0 prior=0
[inst] req=14483456 hits=5007811 fwd=296243 rows=9475629 fwd_ms=867877.6 eval=0 prior=0
[inst] req=14491648 hits=5010716 fwd=296408 rows=9480909 fwd_ms=868319.5 eval=0 prior=0
[inst] req=14499840 hits=5013797 fwd=296568 rows=9486028 fwd_ms=868748.0 eval=0 prior=0
[inst] req=14508032 hits=5016641 fwd=296735 rows=9491372 fwd_ms=869195.2 eval=0 prior=0
[inst] req=14516224 hits=5019703 fwd=296895 rows=9496492 fwd_ms=869624.1 eval=0 prior=0
[inst] req=14524416 hits=5022679 fwd=297058 rows=9501707 fwd_ms=870061.1 eval=0 prior=0
[inst] req=14532608 hits=5025613 fwd=297223 rows=9506987 fwd_ms=870503.0 eval=0 prior=0
[inst] req=14540800 hits=5028438 fwd=297390 rows=9512331 fwd_ms=870950.9 eval=0 prior=0
[inst] req=14548992 hits=5031293 fwd=297557 rows=9517675 fwd_ms=871398.4 eval=0 prior=0
[inst] req=14557184 hits=5034378 fwd=297717 rows=9522794 fwd_ms=871827.2 eval=0 prior=0
[inst] req=14565376 hits=5037265 fwd=297883 rows=9528106 fwd_ms=872272.2 eval=0 prior=0
[inst] req=14573568 hits=5040189 fwd=298047 rows=9533354 fwd_ms=872711.4 eval=0 prior=0
[inst] req=14581760 hits=5043096 fwd=298212 rows=9538634 fwd_ms=873153.7 eval=0 prior=0
[inst] req=14589952 hits=5045940 fwd=298380 rows=9544010 fwd_ms=873604.0 eval=0 prior=0
[inst] req=14598144 hits=5048661 fwd=298551 rows=9549482 fwd_ms=874061.7 eval=0 prior=0
[inst] req=14606336 hits=5051711 fwd=298711 rows=9554601 fwd_ms=874490.1 eval=0 prior=0
[inst] req=14614528 hits=5054567 fwd=298878 rows=9559945 fwd_ms=874937.5 eval=0 prior=0
[inst] req=14622720 hits=5057404 fwd=299045 rows=9565289 fwd_ms=875385.1 eval=0 prior=0
[inst] req=14630912 hits=5060398 fwd=299208 rows=9570505 fwd_ms=875821.2 eval=0 prior=0
[inst] req=14639104 hits=5063538 fwd=299366 rows=9575559 fwd_ms=876245.4 eval=0 prior=0
[inst] req=14647296 hits=5066504 fwd=299529 rows=9580775 fwd_ms=876682.6 eval=0 prior=0
[inst] req=14655488 hits=5069425 fwd=299694 rows=9586055 fwd_ms=877125.8 eval=0 prior=0
[inst] req=14663680 hits=5072446 fwd=299855 rows=9591206 fwd_ms=877557.5 eval=0 prior=0
[inst] req=14671872 hits=5075298 fwd=300022 rows=9596549 fwd_ms=878005.2 eval=0 prior=0
[inst] req=14680064 hits=5078188 fwd=300188 rows=9601860 fwd_ms=878450.1 eval=0 prior=0
[inst] req=14688256 hits=5081000 fwd=300356 rows=9607235 fwd_ms=878900.0 eval=0 prior=0
[inst] req=14696448 hits=5083801 fwd=300525 rows=9612643 fwd_ms=879352.5 eval=0 prior=0
[inst] req=14704640 hits=5086683 fwd=300691 rows=9617955 fwd_ms=879797.8 eval=0 prior=0
[inst] req=14712832 hits=5089536 fwd=300857 rows=9623267 fwd_ms=880243.1 eval=0 prior=0
[inst] req=14721024 hits=5092395 fwd=301024 rows=9628610 fwd_ms=880691.0 eval=0 prior=0
[inst] req=14729216 hits=5095186 fwd=301193 rows=9634018 fwd_ms=881143.7 eval=0 prior=0
[inst] req=14737408 hits=5097971 fwd=301362 rows=9639426 fwd_ms=881595.8 eval=0 prior=0
[inst] req=14745600 hits=5101075 fwd=301521 rows=9644510 fwd_ms=882021.3 eval=0 prior=0
[inst] req=14753792 hits=5103938 fwd=301687 rows=9649822 fwd_ms=882465.6 eval=0 prior=0
[inst] req=14761984 hits=5106882 fwd=301852 rows=9655101 fwd_ms=882908.4 eval=0 prior=0
[inst] req=14770176 hits=5109624 fwd=302022 rows=9660541 fwd_ms=883365.0 eval=0 prior=0
[inst] req=14778368 hits=5112369 fwd=302192 rows=9665981 fwd_ms=883820.7 eval=0 prior=0
[inst] req=14786560 hits=5115162 fwd=302361 rows=9671389 fwd_ms=884273.4 eval=0 prior=0
[inst] req=14794752 hits=5118040 fwd=302527 rows=9676700 fwd_ms=884719.1 eval=0 prior=0
[inst] req=14802944 hits=5120933 fwd=302693 rows=9682008 fwd_ms=885164.9 eval=0 prior=0
[inst] req=14811136 hits=5123641 fwd=302864 rows=9687480 fwd_ms=885623.2 eval=0 prior=0
[inst] req=14819328 hits=5126376 fwd=303035 rows=9692951 fwd_ms=886081.5 eval=0 prior=0
[inst] req=14827520 hits=5129206 fwd=303202 rows=9698294 fwd_ms=886530.3 eval=0 prior=0
[inst] req=14835712 hits=5132027 fwd=303370 rows=9703659 fwd_ms=886981.5 eval=0 prior=0
[inst] req=14843904 hits=5134750 fwd=303541 rows=9709131 fwd_ms=887440.5 eval=0 prior=0
[inst] req=14852096 hits=5137557 fwd=303710 rows=9714538 fwd_ms=887893.9 eval=0 prior=0
[inst] req=14860288 hits=5140438 fwd=303876 rows=9719840 fwd_ms=888339.4 eval=0 prior=0
[inst] req=14868480 hits=5143443 fwd=304038 rows=9725015 fwd_ms=888773.7 eval=0 prior=0
[inst] req=14876672 hits=5146347 fwd=304204 rows=9730323 fwd_ms=889219.3 eval=0 prior=0
[inst] req=14884864 hits=5149024 fwd=304376 rows=9735827 fwd_ms=889680.6 eval=0 prior=0
[inst] req=14893056 hits=5151928 fwd=304541 rows=9741103 fwd_ms=890122.7 eval=0 prior=0
[inst] req=14901248 hits=5154868 fwd=304705 rows=9746348 fwd_ms=890562.4 eval=0 prior=0
[inst] req=14909440 hits=5157458 fwd=304881 rows=9751957 fwd_ms=893848.1 eval=0 prior=0
[inst] req=14917632 hits=5160327 fwd=305048 rows=9757293 fwd_ms=901806.6 eval=0 prior=0
[inst] req=14925824 hits=5163845 fwd=305195 rows=9761947 fwd_ms=903881.9 eval=0 prior=0
[inst] req=14934016 hits=5166489 fwd=305379 rows=9767520 fwd_ms=904384.9 eval=0 prior=0
[inst] req=14942208 hits=5169594 fwd=305538 rows=9772608 fwd_ms=904812.5 eval=0 prior=0
[inst] req=14950400 hits=5172694 fwd=305697 rows=9777695 fwd_ms=905239.8 eval=0 prior=0
[inst] req=14958592 hits=5175767 fwd=305857 rows=9782815 fwd_ms=905670.0 eval=0 prior=0
[inst] req=14966784 hits=5179023 fwd=306011 rows=9787743 fwd_ms=906085.1 eval=0 prior=0
[inst] req=14974976 hits=5182309 fwd=306164 rows=9792639 fwd_ms=906497.5 eval=0 prior=0
[inst] req=14983168 hits=5185758 fwd=306313 rows=9797405 fwd_ms=906898.5 eval=0 prior=0
[inst] req=14991360 hits=5188880 fwd=306471 rows=9802461 fwd_ms=907323.4 eval=0 prior=0
[inst] req=14999552 hits=5191992 fwd=306630 rows=9807549 fwd_ms=907750.9 eval=0 prior=0
[inst] req=15007744 hits=5195115 fwd=306788 rows=9812605 fwd_ms=908175.6 eval=0 prior=0
[inst] req=15015936 hits=5198212 fwd=306947 rows=9817692 fwd_ms=908602.1 eval=0 prior=0
[inst] req=15024128 hits=5201318 fwd=307106 rows=9822780 fwd_ms=909029.5 eval=0 prior=0
[inst] req=15032320 hits=5204364 fwd=307267 rows=9827931 fwd_ms=909463.1 eval=0 prior=0
[inst] req=15040512 hits=5207379 fwd=307429 rows=9833115 fwd_ms=909897.3 eval=0 prior=0
[inst] req=15048704 hits=5210432 fwd=307590 rows=9838267 fwd_ms=910328.2 eval=0 prior=0
[inst] req=15056896 hits=5213649 fwd=307745 rows=9843226 fwd_ms=910743.6 eval=0 prior=0
[inst] req=15065088 hits=5216746 fwd=307904 rows=9848314 fwd_ms=911169.4 eval=0 prior=0
[inst] req=15073280 hits=5219860 fwd=308063 rows=9853400 fwd_ms=911595.2 eval=0 prior=0
[inst] req=15081472 hits=5223242 fwd=308214 rows=9858222 fwd_ms=912000.2 eval=0 prior=0
[inst] req=15089664 hits=5226328 fwd=308373 rows=9863309 fwd_ms=912428.7 eval=0 prior=0
[inst] req=15097856 hits=5229332 fwd=308535 rows=9868493 fwd_ms=912865.2 eval=0 prior=0
[inst] req=15106048 hits=5232366 fwd=308697 rows=9873677 fwd_ms=913301.3 eval=0 prior=0
[inst] req=15114240 hits=5235552 fwd=308853 rows=9878660 fwd_ms=913722.1 eval=0 prior=0
[inst] req=15122432 hits=5238560 fwd=309015 rows=9883844 fwd_ms=914158.8 eval=0 prior=0
[inst] req=15130624 hits=5241661 fwd=309174 rows=9888932 fwd_ms=914584.3 eval=0 prior=0
[inst] req=15138816 hits=5244746 fwd=309334 rows=9894052 fwd_ms=915011.7 eval=0 prior=0
[inst] req=15147008 hits=5247895 fwd=309492 rows=9899108 fwd_ms=915434.0 eval=0 prior=0
[inst] req=15155200 hits=5250853 fwd=309655 rows=9904324 fwd_ms=915869.3 eval=0 prior=0
[inst] req=15163392 hits=5254323 fwd=309803 rows=9909052 fwd_ms=916265.3 eval=0 prior=0
[inst] req=15171584 hits=5257466 fwd=309961 rows=9914107 fwd_ms=916688.6 eval=0 prior=0
[inst] req=15179776 hits=5260589 fwd=310119 rows=9919163 fwd_ms=917111.0 eval=0 prior=0
[inst] req=15187968 hits=5263583 fwd=310282 rows=9924379 fwd_ms=917547.0 eval=0 prior=0
[inst] req=15196160 hits=5266674 fwd=310441 rows=9929467 fwd_ms=917971.8 eval=0 prior=0
[inst] req=15204352 hits=5269833 fwd=310598 rows=9934491 fwd_ms=918392.2 eval=0 prior=0
[inst] req=15212544 hits=5273033 fwd=310754 rows=9939481 fwd_ms=918809.5 eval=0 prior=0
[inst] req=15220736 hits=5276101 fwd=310915 rows=9944633 fwd_ms=919240.1 eval=0 prior=0
[inst] req=15228928 hits=5279256 fwd=311072 rows=9949657 fwd_ms=919660.0 eval=0 prior=0
[inst] req=15237120 hits=5282258 fwd=311234 rows=9954841 fwd_ms=920093.6 eval=0 prior=0
[inst] req=15245312 hits=5285260 fwd=311396 rows=9960024 fwd_ms=920527.0 eval=0 prior=0
[inst] req=15253504 hits=5288355 fwd=311556 rows=9965144 fwd_ms=920955.3 eval=0 prior=0
[inst] req=15261696 hits=5291549 fwd=311712 rows=9970133 fwd_ms=921372.8 eval=0 prior=0
[inst] req=15269888 hits=5294577 fwd=311873 rows=9975284 fwd_ms=921802.8 eval=0 prior=0
[inst] req=15278080 hits=5297672 fwd=312033 rows=9980403 fwd_ms=922230.7 eval=0 prior=0
[inst] req=15286272 hits=5300859 fwd=312189 rows=9985395 fwd_ms=922647.9 eval=0 prior=0
[inst] req=15294464 hits=5303972 fwd=312348 rows=9990483 fwd_ms=923072.8 eval=0 prior=0
[inst] req=15302656 hits=5307232 fwd=312504 rows=9995392 fwd_ms=923487.7 eval=0 prior=0
[inst] req=15310848 hits=5310403 fwd=312661 rows=10000416 fwd_ms=923907.0 eval=0 prior=0
[inst] req=15319040 hits=5313464 fwd=312822 rows=10005568 fwd_ms=924337.3 eval=0 prior=0
[inst] req=15327232 hits=5316590 fwd=312980 rows=10010624 fwd_ms=924759.4 eval=0 prior=0
[inst] req=15335424 hits=5319831 fwd=313135 rows=10015583 fwd_ms=925172.8 eval=0 prior=0
[inst] req=15343616 hits=5322729 fwd=313300 rows=10020863 fwd_ms=925613.0 eval=0 prior=0
[inst] req=15351808 hits=5325647 fwd=313465 rows=10026143 fwd_ms=926053.6 eval=0 prior=0
[inst] req=15360000 hits=5328758 fwd=313624 rows=10031230 fwd_ms=926478.8 eval=0 prior=0
[inst] req=15368192 hits=5331706 fwd=313788 rows=10036478 fwd_ms=926917.4 eval=0 prior=0
[inst] req=15376384 hits=5334603 fwd=313953 rows=10041758 fwd_ms=927358.0 eval=0 prior=0
[inst] req=15384576 hits=5337561 fwd=314117 rows=10047006 fwd_ms=927796.5 eval=0 prior=0
[inst] req=15392768 hits=5340686 fwd=314275 rows=10052062 fwd_ms=928220.0 eval=0 prior=0
[inst] req=15400960 hits=5343982 fwd=314428 rows=10056956 fwd_ms=928629.7 eval=0 prior=0
[inst] req=15409152 hits=5346978 fwd=314591 rows=10062172 fwd_ms=929065.4 eval=0 prior=0
[inst] req=15417344 hits=5350095 fwd=314749 rows=10067226 fwd_ms=929488.0 eval=0 prior=0
[inst] req=15425536 hits=5353226 fwd=314907 rows=10072281 fwd_ms=929910.7 eval=0 prior=0
[inst] req=15433728 hits=5356548 fwd=315060 rows=10077176 fwd_ms=930320.0 eval=0 prior=0
[inst] req=15441920 hits=5359587 fwd=315221 rows=10082328 fwd_ms=930751.9 eval=0 prior=0
[inst] req=15450112 hits=5362566 fwd=315384 rows=10087544 fwd_ms=931187.4 eval=0 prior=0
[inst] req=15458304 hits=5365686 fwd=315542 rows=10092600 fwd_ms=931609.8 eval=0 prior=0
[inst] req=15466496 hits=5368955 fwd=315696 rows=10097528 fwd_ms=932021.6 eval=0 prior=0
[inst] req=15474688 hits=5372050 fwd=315855 rows=10102616 fwd_ms=932447.3 eval=0 prior=0
[inst] req=15482880 hits=5375290 fwd=316010 rows=10107574 fwd_ms=932861.5 eval=0 prior=0
[inst] req=15491072 hits=5378279 fwd=316173 rows=10112790 fwd_ms=933297.1 eval=0 prior=0
[inst] req=15499264 hits=5381374 fwd=316332 rows=10117878 fwd_ms=933722.0 eval=0 prior=0
[inst] req=15507456 hits=5384673 fwd=316485 rows=10122772 fwd_ms=934132.4 eval=0 prior=0
[inst] req=15515648 hits=5387749 fwd=316645 rows=10127892 fwd_ms=934560.4 eval=0 prior=0
[inst] req=15523840 hits=5390917 fwd=316802 rows=10132916 fwd_ms=934980.2 eval=0 prior=0
[inst] req=15532032 hits=5393910 fwd=316964 rows=10138100 fwd_ms=935413.7 eval=0 prior=0
[inst] req=15540224 hits=5397380 fwd=317112 rows=10142833 fwd_ms=935809.5 eval=0 prior=0
[inst] req=15548416 hits=5400609 fwd=317267 rows=10147792 fwd_ms=936223.7 eval=0 prior=0
[inst] req=15556608 hits=5403846 fwd=317422 rows=10152749 fwd_ms=936638.4 eval=0 prior=0
[inst] req=15564800 hits=5407052 fwd=317578 rows=10157740 fwd_ms=937055.5 eval=0 prior=0
[inst] req=15572992 hits=5410144 fwd=317737 rows=10162827 fwd_ms=937480.4 eval=0 prior=0
[inst] req=15581184 hits=5413506 fwd=317888 rows=10167656 fwd_ms=937884.3 eval=0 prior=0
[inst] req=15589376 hits=5417111 fwd=318032 rows=10172257 fwd_ms=938269.3 eval=0 prior=0
[inst] req=15597568 hits=5420292 fwd=318188 rows=10177248 fwd_ms=938686.0 eval=0 prior=0
[inst] req=15605760 hits=5423674 fwd=318339 rows=10182079 fwd_ms=939090.7 eval=0 prior=0
[inst] req=15613952 hits=5427065 fwd=318489 rows=10186877 fwd_ms=939492.7 eval=0 prior=0
[inst] req=15622144 hits=5430342 fwd=318642 rows=10191771 fwd_ms=939901.6 eval=0 prior=0
[inst] req=15630336 hits=5433518 fwd=318799 rows=10196795 fwd_ms=940322.0 eval=0 prior=0
[inst] req=15638528 hits=5436550 fwd=318960 rows=10201947 fwd_ms=940752.2 eval=0 prior=0
[inst] req=15646720 hits=5439726 fwd=319117 rows=10206971 fwd_ms=941172.0 eval=0 prior=0
[inst] req=15654912 hits=5442902 fwd=319274 rows=10211995 fwd_ms=941592.1 eval=0 prior=0
[inst] req=15663104 hits=5446121 fwd=319429 rows=10216955 fwd_ms=942006.4 eval=0 prior=0
[inst] req=15671296 hits=5449471 fwd=319581 rows=10221817 fwd_ms=942412.8 eval=0 prior=0
[inst] req=15679488 hits=5452580 fwd=319740 rows=10226905 fwd_ms=942837.8 eval=0 prior=0
[inst] req=15687680 hits=5455693 fwd=319898 rows=10231961 fwd_ms=943260.5 eval=0 prior=0
[inst] req=15695872 hits=5459158 fwd=320046 rows=10236693 fwd_ms=943656.7 eval=0 prior=0
[inst] req=15704064 hits=5462460 fwd=320199 rows=10241587 fwd_ms=944066.3 eval=0 prior=0
[inst] req=15712256 hits=5465433 fwd=320362 rows=10246802 fwd_ms=944502.7 eval=0 prior=0
[inst] req=15720448 hits=5468777 fwd=320514 rows=10251665 fwd_ms=944909.9 eval=0 prior=0
[inst] req=15728640 hits=5471843 fwd=320674 rows=10256785 fwd_ms=945338.9 eval=0 prior=0
[inst] req=15736832 hits=5475042 fwd=320830 rows=10261770 fwd_ms=945757.1 eval=0 prior=0
[inst] req=15745024 hits=5478156 fwd=320989 rows=10266857 fwd_ms=946183.8 eval=0 prior=0
[inst] req=15753216 hits=5481575 fwd=321138 rows=10271622 fwd_ms=946582.9 eval=0 prior=0
[inst] req=15761408 hits=5484783 fwd=321294 rows=10276609 fwd_ms=947000.9 eval=0 prior=0
[inst] req=15769600 hits=5487923 fwd=321452 rows=10281665 fwd_ms=947424.4 eval=0 prior=0
[inst] req=15777792 hits=5491180 fwd=321606 rows=10286590 fwd_ms=947837.4 eval=0 prior=0
[inst] req=15785984 hits=5494531 fwd=321758 rows=10291451 fwd_ms=948244.6 eval=0 prior=0
[inst] req=15794176 hits=5497934 fwd=321907 rows=10296214 fwd_ms=948643.5 eval=0 prior=0
[inst] req=15802368 hits=5501233 fwd=322060 rows=10301109 fwd_ms=949053.0 eval=0 prior=0
[inst] req=15810560 hits=5504390 fwd=322218 rows=10306165 fwd_ms=949475.7 eval=0 prior=0
[inst] req=15818752 hits=5507634 fwd=322372 rows=10311093 fwd_ms=949887.8 eval=0 prior=0
[inst] req=15826944 hits=5511058 fwd=322521 rows=10315859 fwd_ms=950286.5 eval=0 prior=0
[inst] req=15835136 hits=5514389 fwd=322673 rows=10320723 fwd_ms=950693.2 eval=0 prior=0
[inst] req=15843328 hits=5517672 fwd=322827 rows=10325649 fwd_ms=951105.2 eval=0 prior=0
[inst] req=15851520 hits=5520918 fwd=322981 rows=10330576 fwd_ms=951517.6 eval=0 prior=0
[inst] req=15859712 hits=5524274 fwd=323132 rows=10335406 fwd_ms=951921.9 eval=0 prior=0
[inst] req=15867904 hits=5527470 fwd=323289 rows=10340430 fwd_ms=952342.2 eval=0 prior=0
[inst] req=15876096 hits=5530852 fwd=323439 rows=10345229 fwd_ms=952743.6 eval=0 prior=0
[inst] req=15884288 hits=5534093 fwd=323594 rows=10350188 fwd_ms=953158.8 eval=0 prior=0
[inst] req=15892480 hits=5537521 fwd=323743 rows=10354955 fwd_ms=953558.3 eval=0 prior=0
[inst] req=15900672 hits=5540645 fwd=323901 rows=10360010 fwd_ms=953981.6 eval=0 prior=0
[inst] req=15908864 hits=5544048 fwd=324051 rows=10364808 fwd_ms=954382.8 eval=0 prior=0
[inst] req=15917056 hits=5547675 fwd=324194 rows=10369376 fwd_ms=954765.2 eval=0 prior=0
[inst] req=15925248 hits=5550796 fwd=324352 rows=10374432 fwd_ms=955187.7 eval=0 prior=0
[inst] req=15933440 hits=5554163 fwd=324503 rows=10379262 fwd_ms=955591.8 eval=0 prior=0
[inst] req=15941632 hits=5557354 fwd=324659 rows=10384254 fwd_ms=956009.0 eval=0 prior=0
[inst] req=15949824 hits=5560506 fwd=324817 rows=10389310 fwd_ms=956431.7 eval=0 prior=0
[inst] req=15958016 hits=5563908 fwd=324966 rows=10394077 fwd_ms=956830.6 eval=0 prior=0
[inst] req=15966208 hits=5567237 fwd=325119 rows=10398970 fwd_ms=957239.6 eval=0 prior=0
[inst] req=15974400 hits=5570339 fwd=325278 rows=10404057 fwd_ms=957665.8 eval=0 prior=0
[inst] req=15982592 hits=5573704 fwd=325428 rows=10408856 fwd_ms=958068.3 eval=0 prior=0
[inst] req=15990784 hits=5577030 fwd=325581 rows=10413752 fwd_ms=958478.2 eval=0 prior=0
[inst] req=15998976 hits=5580375 fwd=325732 rows=10418583 fwd_ms=958883.1 eval=0 prior=0
[inst] req=16007168 hits=5583673 fwd=325885 rows=10423479 fwd_ms=959293.6 eval=0 prior=0
[inst] req=16015360 hits=5587032 fwd=326036 rows=10428310 fwd_ms=959697.7 eval=0 prior=0
[inst] req=16023552 hits=5590352 fwd=326188 rows=10433174 fwd_ms=960104.3 eval=0 prior=0
[inst] req=16031744 hits=5593644 fwd=326341 rows=10438070 fwd_ms=960513.4 eval=0 prior=0
[inst] req=16039936 hits=5596810 fwd=326498 rows=10443094 fwd_ms=960933.4 eval=0 prior=0
[inst] req=16048128 hits=5599895 fwd=326658 rows=10448214 fwd_ms=961361.1 eval=0 prior=0
[inst] req=16056320 hits=5603088 fwd=326814 rows=10453206 fwd_ms=961778.3 eval=0 prior=0
[inst] req=16064512 hits=5606520 fwd=326963 rows=10457972 fwd_ms=962179.1 eval=0 prior=0
[inst] req=16072704 hits=5609702 fwd=327120 rows=10462996 fwd_ms=962601.0 eval=0 prior=0
[inst] req=16080896 hits=5612991 fwd=327273 rows=10467889 fwd_ms=963010.2 eval=0 prior=0
[inst] req=16089088 hits=5616167 fwd=327430 rows=10472912 fwd_ms=963430.5 eval=0 prior=0
[inst] req=16097280 hits=5619330 fwd=327587 rows=10477936 fwd_ms=963851.9 eval=0 prior=0
[inst] req=16105472 hits=5622715 fwd=327737 rows=10482735 fwd_ms=964253.4 eval=0 prior=0
[inst] req=16113664 hits=5625979 fwd=327891 rows=10487663 fwd_ms=964666.8 eval=0 prior=0
[inst] req=16121856 hits=5629239 fwd=328045 rows=10492591 fwd_ms=965079.0 eval=0 prior=0
[inst] req=16130048 hits=5632566 fwd=328197 rows=10497454 fwd_ms=965487.0 eval=0 prior=0
[inst] req=16138240 hits=5635967 fwd=328347 rows=10502251 fwd_ms=965889.0 eval=0 prior=0
[inst] req=16146432 hits=5639051 fwd=328507 rows=10507371 fwd_ms=966316.9 eval=0 prior=0
[inst] req=16154624 hits=5642298 fwd=328661 rows=10512297 fwd_ms=966728.7 eval=0 prior=0
[inst] req=16162816 hits=5645571 fwd=328815 rows=10517225 fwd_ms=967140.9 eval=0 prior=0
[inst] req=16171008 hits=5648803 fwd=328970 rows=10522185 fwd_ms=967555.8 eval=0 prior=0
[inst] req=16179200 hits=5652247 fwd=329119 rows=10526952 fwd_ms=967954.5 eval=0 prior=0
[inst] req=16187392 hits=5655410 fwd=329276 rows=10531976 fwd_ms=968374.4 eval=0 prior=0
[inst] req=16195584 hits=5658791 fwd=329426 rows=10536774 fwd_ms=968776.3 eval=0 prior=0
[inst] req=16203776 hits=5662033 fwd=329581 rows=10541733 fwd_ms=969191.2 eval=0 prior=0
[inst] req=16211968 hits=5665242 fwd=329737 rows=10546724 fwd_ms=969608.6 eval=0 prior=0
[inst] req=16220160 hits=5668572 fwd=329888 rows=10551556 fwd_ms=970012.6 eval=0 prior=0
[inst] req=16228352 hits=5671616 fwd=330049 rows=10556708 fwd_ms=970442.9 eval=0 prior=0
[inst] req=16236544 hits=5674702 fwd=330209 rows=10561828 fwd_ms=970870.7 eval=0 prior=0
[inst] req=16244736 hits=5678026 fwd=330361 rows=10566692 fwd_ms=971277.0 eval=0 prior=0
[inst] req=16252928 hits=5681253 fwd=330516 rows=10571652 fwd_ms=971691.4 eval=0 prior=0
[inst] req=16261120 hits=5684420 fwd=330673 rows=10576676 fwd_ms=972111.0 eval=0 prior=0
[inst] req=16269312 hits=5687946 fwd=330819 rows=10581345 fwd_ms=972501.5 eval=0 prior=0
[inst] req=16277504 hits=5690986 fwd=330980 rows=10586497 fwd_ms=972932.3 eval=0 prior=0
[inst] req=16285696 hits=5694290 fwd=331133 rows=10591389 fwd_ms=973341.7 eval=0 prior=0
[inst] req=16293888 hits=5697395 fwd=331292 rows=10596477 fwd_ms=973767.5 eval=0 prior=0
[inst] req=16302080 hits=5700626 fwd=331447 rows=10601437 fwd_ms=974181.7 eval=0 prior=0
[inst] req=16310272 hits=5703869 fwd=331602 rows=10606396 fwd_ms=974596.4 eval=0 prior=0
[inst] req=16318464 hits=5707064 fwd=331758 rows=10611377 fwd_ms=975013.7 eval=0 prior=0
[inst] req=16326656 hits=5710066 fwd=331920 rows=10616561 fwd_ms=975447.0 eval=0 prior=0
[inst] req=16334848 hits=5713187 fwd=332079 rows=10621649 fwd_ms=975872.4 eval=0 prior=0
[inst] req=16343040 hits=5716551 fwd=332230 rows=10626480 fwd_ms=976276.4 eval=0 prior=0
[inst] req=16351232 hits=5719826 fwd=332383 rows=10631374 fwd_ms=976685.8 eval=0 prior=0
[inst] req=16359424 hits=5723028 fwd=332539 rows=10636365 fwd_ms=977103.2 eval=0 prior=0
[inst] req=16367616 hits=5726009 fwd=332702 rows=10641579 fwd_ms=977539.1 eval=0 prior=0
[inst] req=16375808 hits=5729296 fwd=332856 rows=10646507 fwd_ms=977950.7 eval=0 prior=0
[inst] req=16384000 hits=5732342 fwd=333016 rows=10651627 fwd_ms=978378.2 eval=0 prior=0
[inst] req=16392192 hits=5735387 fwd=333177 rows=10656779 fwd_ms=978809.0 eval=0 prior=0
[inst] req=16400384 hits=5738583 fwd=333333 rows=10661771 fwd_ms=979226.5 eval=0 prior=0
[inst] req=16408576 hits=5741654 fwd=333493 rows=10666891 fwd_ms=979654.9 eval=0 prior=0
[inst] req=16416768 hits=5744834 fwd=333650 rows=10671913 fwd_ms=980075.9 eval=0 prior=0
[inst] req=16424960 hits=5747944 fwd=333809 rows=10677001 fwd_ms=980502.0 eval=0 prior=0
[inst] req=16433152 hits=5750939 fwd=333971 rows=10682185 fwd_ms=980935.7 eval=0 prior=0
[inst] req=16441344 hits=5754140 fwd=334127 rows=10687177 fwd_ms=981352.8 eval=0 prior=0
[inst] req=16449536 hits=5757088 fwd=334291 rows=10692425 fwd_ms=981791.1 eval=0 prior=0
[inst] req=16457728 hits=5760067 fwd=334454 rows=10697641 fwd_ms=982227.0 eval=0 prior=0
[inst] req=16465920 hits=5763208 fwd=334612 rows=10702696 fwd_ms=982649.6 eval=0 prior=0
[inst] req=16474112 hits=5766200 fwd=334774 rows=10707880 fwd_ms=983083.0 eval=0 prior=0
[inst] req=16482304 hits=5769283 fwd=334934 rows=10713000 fwd_ms=983510.8 eval=0 prior=0
[inst] req=16490496 hits=5772298 fwd=335096 rows=10718184 fwd_ms=983944.3 eval=0 prior=0
[inst] req=16498688 hits=5775310 fwd=335258 rows=10723368 fwd_ms=984378.4 eval=0 prior=0
[inst] req=16506880 hits=5778361 fwd=335418 rows=10728488 fwd_ms=984806.6 eval=0 prior=0
[inst] req=16515072 hits=5781213 fwd=335585 rows=10733832 fwd_ms=985252.7 eval=0 prior=0
[inst] req=16523264 hits=5784634 fwd=335735 rows=10738627 fwd_ms=985654.2 eval=0 prior=0
[inst] req=16531456 hits=5787649 fwd=335896 rows=10743778 fwd_ms=986084.3 eval=0 prior=0
[inst] req=16539648 hits=5790706 fwd=336057 rows=10748929 fwd_ms=986514.8 eval=0 prior=0
[inst] req=16547840 hits=5793946 fwd=336212 rows=10753887 fwd_ms=986929.6 eval=0 prior=0
[inst] req=16556032 hits=5797066 fwd=336370 rows=10758942 fwd_ms=987351.8 eval=0 prior=0
[inst] req=16564224 hits=5800087 fwd=336532 rows=10764126 fwd_ms=987785.9 eval=0 prior=0
[inst] req=16572416 hits=5803273 fwd=336688 rows=10769118 fwd_ms=988203.5 eval=0 prior=0
[inst] req=16580608 hits=5806382 fwd=336847 rows=10774205 fwd_ms=988628.4 eval=0 prior=0
[inst] req=16588800 hits=5809555 fwd=337004 rows=10779228 fwd_ms=989048.3 eval=0 prior=0
[inst] req=16596992 hits=5812633 fwd=337164 rows=10784348 fwd_ms=989476.2 eval=0 prior=0
[inst] req=16605184 hits=5815686 fwd=337324 rows=10789468 fwd_ms=989903.7 eval=0 prior=0
[inst] req=16613376 hits=5818726 fwd=337485 rows=10794620 fwd_ms=990334.3 eval=0 prior=0
[inst] req=16621568 hits=5821996 fwd=337639 rows=10799541 fwd_ms=990747.4 eval=0 prior=0
[inst] req=16629760 hits=5825179 fwd=337796 rows=10804560 fwd_ms=991167.7 eval=0 prior=0
[inst] req=16637952 hits=5828409 fwd=337952 rows=10809527 fwd_ms=991585.3 eval=0 prior=0
[inst] req=16646144 hits=5831524 fwd=338111 rows=10814614 fwd_ms=992011.0 eval=0 prior=0
[inst] req=16654336 hits=5834649 fwd=338269 rows=10819669 fwd_ms=992434.7 eval=0 prior=0
[inst] req=16662528 hits=5837675 fwd=338431 rows=10824852 fwd_ms=992869.4 eval=0 prior=0
[inst] req=16670720 hits=5840749 fwd=338591 rows=10829956 fwd_ms=993298.1 eval=0 prior=0
[inst] req=16678912 hits=5843983 fwd=338746 rows=10834916 fwd_ms=993712.6 eval=0 prior=0
[inst] req=16687104 hits=5846972 fwd=338909 rows=10840130 fwd_ms=994148.4 eval=0 prior=0
[inst] req=16695296 hits=5850136 fwd=339066 rows=10845151 fwd_ms=994568.3 eval=0 prior=0
[inst] req=16703488 hits=5853158 fwd=339227 rows=10850301 fwd_ms=994999.8 eval=0 prior=0
[inst] req=16711680 hits=5856486 fwd=339380 rows=10855162 fwd_ms=1001414.3 eval=0 prior=0
[inst] req=16719872 hits=5860084 fwd=339525 rows=10859758 fwd_ms=1007802.5 eval=0 prior=0
[inst] req=16728064 hits=5863775 fwd=339666 rows=10864259 fwd_ms=1008210.5 eval=0 prior=0
[inst] req=16736256 hits=5866813 fwd=339840 rows=10869432 fwd_ms=1008682.7 eval=0 prior=0
[inst] req=16744448 hits=5870249 fwd=339988 rows=10874168 fwd_ms=1009080.5 eval=0 prior=0
[inst] req=16752640 hits=5873802 fwd=340133 rows=10878808 fwd_ms=1009470.3 eval=0 prior=0
[inst] req=16760832 hits=5877295 fwd=340280 rows=10883512 fwd_ms=1009865.7 eval=0 prior=0
[inst] req=16769024 hits=5881033 fwd=340419 rows=10887960 fwd_ms=1010240.0 eval=0 prior=0
[inst] req=16777216 hits=5884864 fwd=340556 rows=10892343 fwd_ms=1010609.3 eval=0 prior=0
[inst] req=16785408 hits=5888501 fwd=340698 rows=10896882 fwd_ms=1010992.3 eval=0 prior=0
[inst] req=16793600 hits=5892221 fwd=340838 rows=10901362 fwd_ms=1011369.3 eval=0 prior=0
[inst] req=16801792 hits=5895765 fwd=340983 rows=10906002 fwd_ms=1011759.9 eval=0 prior=0
[inst] req=16809984 hits=5899406 fwd=341125 rows=10910546 fwd_ms=1012142.3 eval=0 prior=0
[inst] req=16818176 hits=5903154 fwd=341264 rows=10914991 fwd_ms=1012516.4 eval=0 prior=0
[inst] req=16826368 hits=5906634 fwd=341412 rows=10919726 fwd_ms=1012915.0 eval=0 prior=0
[inst] req=16834560 hits=5910161 fwd=341558 rows=10924397 fwd_ms=1013307.7 eval=0 prior=0
[inst] req=16842752 hits=5913725 fwd=341702 rows=10929004 fwd_ms=1013695.2 eval=0 prior=0
[inst] req=16850944 hits=5917300 fwd=341847 rows=10933643 fwd_ms=1014085.2 eval=0 prior=0
[inst] req=16859136 hits=5920598 fwd=341999 rows=10938506 fwd_ms=1014493.6 eval=0 prior=0
[inst] req=16867328 hits=5924008 fwd=342149 rows=10943305 fwd_ms=1014896.5 eval=0 prior=0
[inst] req=16875520 hits=5927378 fwd=342300 rows=10948137 fwd_ms=1015302.7 eval=0 prior=0
[inst] req=16883712 hits=5930818 fwd=342448 rows=10952872 fwd_ms=1015700.5 eval=0 prior=0
[inst] req=16891904 hits=5934265 fwd=342596 rows=10957607 fwd_ms=1016098.4 eval=0 prior=0
[inst] req=16900096 hits=5937683 fwd=342746 rows=10962407 fwd_ms=1016501.5 eval=0 prior=0
[inst] req=16908288 hits=5941251 fwd=342890 rows=10967015 fwd_ms=1016888.5 eval=0 prior=0
[inst] req=16916480 hits=5944587 fwd=343042 rows=10971879 fwd_ms=1017296.9 eval=0 prior=0
[inst] req=16924672 hits=5948156 fwd=343186 rows=10976487 fwd_ms=1017683.7 eval=0 prior=0
[inst] req=16932864 hits=5951579 fwd=343335 rows=10981254 fwd_ms=1018083.9 eval=0 prior=0
[inst] req=16941056 hits=5955014 fwd=343484 rows=10986021 fwd_ms=1018484.1 eval=0 prior=0
[inst] req=16949248 hits=5958577 fwd=343629 rows=10990661 fwd_ms=1018873.7 eval=0 prior=0
[inst] req=16957440 hits=5961972 fwd=343779 rows=10995461 fwd_ms=1019276.7 eval=0 prior=0
[inst] req=16965632 hits=5965507 fwd=343924 rows=11000100 fwd_ms=1019666.2 eval=0 prior=0
[inst] req=16973824 hits=5968884 fwd=344075 rows=11004931 fwd_ms=1020071.1 eval=0 prior=0
[inst] req=16982016 hits=5972249 fwd=344226 rows=11009763 fwd_ms=1020476.4 eval=0 prior=0
[inst] req=16990208 hits=5975807 fwd=344370 rows=11014370 fwd_ms=1020862.6 eval=0 prior=0
[inst] req=16998400 hits=5979330 fwd=344516 rows=11019042 fwd_ms=1021254.6 eval=0 prior=0
[inst] req=17006592 hits=5982905 fwd=344661 rows=11023682 fwd_ms=1021643.4 eval=0 prior=0
[inst] req=17014784 hits=5986524 fwd=344804 rows=11028257 fwd_ms=1022027.3 eval=0 prior=0
[inst] req=17022976 hits=5989996 fwd=344951 rows=11032959 fwd_ms=1022422.1 eval=0 prior=0
[inst] req=17031168 hits=5993544 fwd=345096 rows=11037599 fwd_ms=1022811.1 eval=0 prior=0
[inst] req=17039360 hits=5997084 fwd=345242 rows=11042271 fwd_ms=1023203.3 eval=0 prior=0
[inst] req=17047552 hits=6000637 fwd=345387 rows=11046911 fwd_ms=1023592.5 eval=0 prior=0
[inst] req=17055744 hits=6004421 fwd=345524 rows=11051292 fwd_ms=1023960.6 eval=0 prior=0
[inst] req=17063936 hits=6007976 fwd=345669 rows=11055930 fwd_ms=1024350.3 eval=0 prior=0
[inst] req=17072128 hits=6011434 fwd=345817 rows=11060663 fwd_ms=1024748.4 eval=0 prior=0
[inst] req=17080320 hits=6015042 fwd=345961 rows=11065270 fwd_ms=1025134.9 eval=0 prior=0
[inst] req=17088512 hits=6018792 fwd=346100 rows=11069716 fwd_ms=1025507.9 eval=0 prior=0
[inst] req=17096704 hits=6022507 fwd=346240 rows=11074194 fwd_ms=1025885.5 eval=0 prior=0
[inst] req=17104896 hits=6025993 fwd=346387 rows=11078898 fwd_ms=1026292.2 eval=0 prior=0
[inst] req=17113088 hits=6029802 fwd=346524 rows=11083281 fwd_ms=1026667.9 eval=0 prior=0
[inst] req=17121280 hits=6033481 fwd=346665 rows=11087793 fwd_ms=1027060.0 eval=0 prior=0
[inst] req=17129472 hits=6037298 fwd=346801 rows=11092145 fwd_ms=1027438.6 eval=0 prior=0
[inst] req=17137664 hits=6040916 fwd=346945 rows=11096734 fwd_ms=1027830.6 eval=0 prior=0
[inst] req=17145856 hits=6044810 fwd=347079 rows=11101020 fwd_ms=1028194.6 eval=0 prior=0
[inst] req=17154048 hits=6048514 fwd=347220 rows=11105529 fwd_ms=1028582.0 eval=0 prior=0
[inst] req=17162240 hits=6052262 fwd=347359 rows=11109976 fwd_ms=1028958.8 eval=0 prior=0
[inst] req=17170432 hits=6055844 fwd=347503 rows=11114582 fwd_ms=1029353.0 eval=0 prior=0
[inst] req=17178624 hits=6059525 fwd=347644 rows=11119093 fwd_ms=1029735.0 eval=0 prior=0
[inst] req=17186816 hits=6063056 fwd=347789 rows=11123732 fwd_ms=1030130.8 eval=0 prior=0
[inst] req=17195008 hits=6066637 fwd=347934 rows=11128362 fwd_ms=1030521.8 eval=0 prior=0
[inst] req=17203200 hits=6070132 fwd=348081 rows=11133066 fwd_ms=1030917.9 eval=0 prior=0
[inst] req=17211392 hits=6073751 fwd=348223 rows=11137610 fwd_ms=1031299.5 eval=0 prior=0
[inst] req=17219584 hits=6077392 fwd=348366 rows=11142185 fwd_ms=1031684.9 eval=0 prior=0
[inst] req=17227776 hits=6081254 fwd=348501 rows=11146503 fwd_ms=1032049.0 eval=0 prior=0
[inst] req=17235968 hits=6084913 fwd=348643 rows=11151047 fwd_ms=1032431.1 eval=0 prior=0
[inst] req=17244160 hits=6088581 fwd=348784 rows=11155558 fwd_ms=1032810.8 eval=0 prior=0
[inst] req=17252352 hits=6092472 fwd=348919 rows=11159875 fwd_ms=1033174.3 eval=0 prior=0
[inst] req=17260544 hits=6095925 fwd=349067 rows=11164610 fwd_ms=1033572.5 eval=0 prior=0
[inst] req=17268736 hits=6099447 fwd=349213 rows=11169282 fwd_ms=1033965.1 eval=0 prior=0
[inst] req=17276928 hits=6102949 fwd=349359 rows=11173954 fwd_ms=1034357.9 eval=0 prior=0
[inst] req=17285120 hits=6106525 fwd=349504 rows=11178594 fwd_ms=1034748.0 eval=0 prior=0
[inst] req=17293312 hits=6110147 fwd=349646 rows=11183137 fwd_ms=1035130.4 eval=0 prior=0
[inst] req=17301504 hits=6113606 fwd=349794 rows=11187871 fwd_ms=1035528.9 eval=0 prior=0
[inst] req=17309696 hits=6117324 fwd=349934 rows=11192350 fwd_ms=1035905.8 eval=0 prior=0
[inst] req=17317888 hits=6120885 fwd=350079 rows=11196985 fwd_ms=1036295.6 eval=0 prior=0
[inst] req=17326080 hits=6124489 fwd=350222 rows=11201561 fwd_ms=1036680.2 eval=0 prior=0
[inst] req=17334272 hits=6128105 fwd=350365 rows=11206135 fwd_ms=1037065.1 eval=0 prior=0
[inst] req=17342464 hits=6131661 fwd=350510 rows=11210775 fwd_ms=1037454.9 eval=0 prior=0
[inst] req=17350656 hits=6135407 fwd=350649 rows=11215221 fwd_ms=1037828.9 eval=0 prior=0
[inst] req=17358848 hits=6138909 fwd=350796 rows=11219919 fwd_ms=1038223.7 eval=0 prior=0
[inst] req=17367040 hits=6142449 fwd=350942 rows=11224588 fwd_ms=1038615.9 eval=0 prior=0
[inst] req=17375232 hits=6146046 fwd=351085 rows=11229164 fwd_ms=1039000.6 eval=0 prior=0
[inst] req=17383424 hits=6149766 fwd=351225 rows=11233642 fwd_ms=1039377.3 eval=0 prior=0
[inst] req=17391616 hits=6153450 fwd=351366 rows=11238154 fwd_ms=1039756.2 eval=0 prior=0
[inst] req=17399808 hits=6157149 fwd=351506 rows=11242633 fwd_ms=1040132.7 eval=0 prior=0
[inst] req=17408000 hits=6160646 fwd=351653 rows=11247337 fwd_ms=1040528.2 eval=0 prior=0
[inst] req=17416192 hits=6164359 fwd=351793 rows=11251815 fwd_ms=1040904.8 eval=0 prior=0
[inst] req=17424384 hits=6167842 fwd=351940 rows=11256519 fwd_ms=1041299.9 eval=0 prior=0
[inst] req=17432576 hits=6171442 fwd=352084 rows=11261127 fwd_ms=1041687.2 eval=0 prior=0
[inst] req=17440768 hits=6175072 fwd=352226 rows=11265671 fwd_ms=1042069.0 eval=0 prior=0
[inst] req=17448960 hits=6178689 fwd=352369 rows=11270247 fwd_ms=1042453.3 eval=0 prior=0
[inst] req=17457152 hits=6182560 fwd=352504 rows=11274567 fwd_ms=1042816.2 eval=0 prior=0
[inst] req=17465344 hits=6186319 fwd=352643 rows=11279013 fwd_ms=1043189.4 eval=0 prior=0
[inst] req=17473536 hits=6189898 fwd=352787 rows=11283618 fwd_ms=1043576.3 eval=0 prior=0
[inst] req=17481728 hits=6193592 fwd=352928 rows=11288127 fwd_ms=1043955.4 eval=0 prior=0
[inst] req=17489920 hits=6197038 fwd=353076 rows=11292862 fwd_ms=1044353.1 eval=0 prior=0
[inst] req=17498112 hits=6200527 fwd=353223 rows=11297566 fwd_ms=1044748.2 eval=0 prior=0
[inst] req=17506304 hits=6204224 fwd=353364 rows=11302077 fwd_ms=1045126.9 eval=0 prior=0
[inst] req=17514496 hits=6207840 fwd=353507 rows=11306653 fwd_ms=1045511.1 eval=0 prior=0
[inst] req=17522688 hits=6211283 fwd=353655 rows=11311389 fwd_ms=1045909.0 eval=0 prior=0
[inst] req=17530880 hits=6215025 fwd=353794 rows=11315837 fwd_ms=1046282.5 eval=0 prior=0
[inst] req=17539072 hits=6218586 fwd=353939 rows=11320477 fwd_ms=1046672.1 eval=0 prior=0
[inst] req=17547264 hits=6222122 fwd=354084 rows=11325114 fwd_ms=1047062.9 eval=0 prior=0
[inst] req=17555456 hits=6225737 fwd=354227 rows=11329689 fwd_ms=1047448.0 eval=0 prior=0
[inst] req=17563648 hits=6229564 fwd=354364 rows=11334072 fwd_ms=1047817.5 eval=0 prior=0
[inst] req=17571840 hits=6233176 fwd=354507 rows=11338647 fwd_ms=1048202.6 eval=0 prior=0
[inst] req=17580032 hits=6236469 fwd=354660 rows=11343542 fwd_ms=1048613.4 eval=0 prior=0
[inst] req=17588224 hits=6240184 fwd=354800 rows=11348020 fwd_ms=1048989.8 eval=0 prior=0
[inst] req=17596416 hits=6243478 fwd=354953 rows=11352916 fwd_ms=1049400.9 eval=0 prior=0
[inst] req=17604608 hits=6246843 fwd=355104 rows=11357748 fwd_ms=1049807.4 eval=0 prior=0
[inst] req=17612800 hits=6250445 fwd=355247 rows=11362323 fwd_ms=1050191.7 eval=0 prior=0
[inst] req=17620992 hits=6253976 fwd=355393 rows=11366994 fwd_ms=1050583.9 eval=0 prior=0
[inst] req=17629184 hits=6257526 fwd=355538 rows=11371633 fwd_ms=1050973.9 eval=0 prior=0
[inst] req=17637376 hits=6261262 fwd=355678 rows=11376113 fwd_ms=1051350.5 eval=0 prior=0
[inst] req=17645568 hits=6264932 fwd=355819 rows=11380624 fwd_ms=1051730.5 eval=0 prior=0
[inst] req=17653760 hits=6268527 fwd=355963 rows=11385232 fwd_ms=1052118.7 eval=0 prior=0
[inst] req=17661952 hits=6272443 fwd=356096 rows=11389486 fwd_ms=1052477.4 eval=0 prior=0
[inst] req=17670144 hits=6276121 fwd=356237 rows=11393997 fwd_ms=1052856.5 eval=0 prior=0
[inst] req=17678336 hits=6279700 fwd=356381 rows=11398604 fwd_ms=1053243.1 eval=0 prior=0
[inst] req=17686528 hits=6283248 fwd=356527 rows=11403276 fwd_ms=1053635.9 eval=0 prior=0
[inst] req=17694720 hits=6286877 fwd=356669 rows=11407818 fwd_ms=1054018.4 eval=0 prior=0
[inst] req=17702912 hits=6290232 fwd=356820 rows=11412650 fwd_ms=1054425.8 eval=0 prior=0
[inst] req=17711104 hits=6293789 fwd=356965 rows=11417290 fwd_ms=1054817.0 eval=0 prior=0
[inst] req=17719296 hits=6297401 fwd=357108 rows=11421865 fwd_ms=1055202.1 eval=0 prior=0
[inst] req=17727488 hits=6300906 fwd=357255 rows=11426569 fwd_ms=1055597.7 eval=0 prior=0
[inst] req=17735680 hits=6304482 fwd=357399 rows=11431176 fwd_ms=1055985.6 eval=0 prior=0
[inst] req=17743872 hits=6308195 fwd=357539 rows=11435656 fwd_ms=1056362.3 eval=0 prior=0
[inst] req=17752064 hits=6311943 fwd=357678 rows=11440103 fwd_ms=1056736.3 eval=0 prior=0
[inst] req=17760256 hits=6315584 fwd=357820 rows=11444647 fwd_ms=1057117.8 eval=0 prior=0
[inst] req=17768448 hits=6319407 fwd=357957 rows=11449029 fwd_ms=1057485.7 eval=0 prior=0
[inst] req=17776640 hits=6322935 fwd=358103 rows=11453701 fwd_ms=1057877.9 eval=0 prior=0
[inst] req=17784832 hits=6326632 fwd=358243 rows=11458179 fwd_ms=1058254.1 eval=0 prior=0
[inst] req=17793024 hits=6330390 fwd=358382 rows=11462626 fwd_ms=1058628.0 eval=0 prior=0
[inst] req=17801216 hits=6334075 fwd=358523 rows=11467138 fwd_ms=1059007.4 eval=0 prior=0
[inst] req=17809408 hits=6337621 fwd=358668 rows=11471777 fwd_ms=1059396.9 eval=0 prior=0
[inst] req=17817600 hits=6341503 fwd=358803 rows=11476096 fwd_ms=1059760.2 eval=0 prior=0
[inst] req=17825792 hits=6345316 fwd=358939 rows=11480447 fwd_ms=1060125.9 eval=0 prior=0
[inst] req=17833984 hits=6349155 fwd=359075 rows=11484798 fwd_ms=1060491.5 eval=0 prior=0
[inst] req=17842176 hits=6353102 fwd=359208 rows=11489052 fwd_ms=1060849.0 eval=0 prior=0
[inst] req=17850368 hits=6357017 fwd=359342 rows=11493333 fwd_ms=1061209.1 eval=0 prior=0
[inst] req=17858560 hits=6360881 fwd=359477 rows=11497650 fwd_ms=1061572.0 eval=0 prior=0
[inst] req=17866752 hits=6364614 fwd=359617 rows=11502129 fwd_ms=1061948.4 eval=0 prior=0
[inst] req=17874944 hits=6368286 fwd=359758 rows=11506637 fwd_ms=1062327.4 eval=0 prior=0
[inst] req=17883136 hits=6372122 fwd=359894 rows=11510984 fwd_ms=1062693.4 eval=0 prior=0
[inst] req=17891328 hits=6375713 fwd=360038 rows=11515589 fwd_ms=1063082.3 eval=0 prior=0
[inst] req=17899520 hits=6379366 fwd=360180 rows=11520131 fwd_ms=1063464.5 eval=0 prior=0
[inst] req=17907712 hits=6383087 fwd=360320 rows=11524611 fwd_ms=1063840.9 eval=0 prior=0
[inst] req=17915904 hits=6386813 fwd=360459 rows=11529059 fwd_ms=1064214.8 eval=0 prior=0
[inst] req=17924096 hits=6390527 fwd=360599 rows=11533538 fwd_ms=1064591.5 eval=0 prior=0
[inst] req=17932288 hits=6394531 fwd=360730 rows=11537727 fwd_ms=1064944.4 eval=0 prior=0
[inst] req=17940480 hits=6398265 fwd=360870 rows=11542206 fwd_ms=1065321.1 eval=0 prior=0
[inst] req=17948672 hits=6401943 fwd=361011 rows=11546717 fwd_ms=1065699.7 eval=0 prior=0
[inst] req=17956864 hits=6405495 fwd=361156 rows=11551357 fwd_ms=1066089.4 eval=0 prior=0
[inst] req=17965056 hits=6409348 fwd=361291 rows=11555676 fwd_ms=1066452.4 eval=0 prior=0
[inst] req=17973248 hits=6413090 fwd=361431 rows=11560155 fwd_ms=1066828.4 eval=0 prior=0
[inst] req=17981440 hits=6416839 fwd=361569 rows=11564570 fwd_ms=1067199.7 eval=0 prior=0
[inst] req=17989632 hits=6420546 fwd=361710 rows=11569080 fwd_ms=1067580.2 eval=0 prior=0
[inst] req=17997824 hits=6424347 fwd=361847 rows=11573461 fwd_ms=1067950.0 eval=0 prior=0
[inst] req=18006016 hits=6427949 fwd=361990 rows=11578035 fwd_ms=1068335.4 eval=0 prior=0
[inst] req=18014208 hits=6431783 fwd=362127 rows=11582419 fwd_ms=1068704.1 eval=0 prior=0
[inst] req=18022400 hits=6435408 fwd=362269 rows=11586960 fwd_ms=1069086.5 eval=0 prior=0
[inst] req=18030592 hits=6438975 fwd=362414 rows=11591600 fwd_ms=1069477.1 eval=0 prior=0
[inst] req=18038784 hits=6442728 fwd=362553 rows=11596046 fwd_ms=1069851.7 eval=0 prior=0
[inst] req=18046976 hits=6446448 fwd=362693 rows=11600523 fwd_ms=1070228.9 eval=0 prior=0
[inst] req=18055168 hits=6449870 fwd=362842 rows=11605290 fwd_ms=1070629.9 eval=0 prior=0
[inst] req=18063360 hits=6453288 fwd=362991 rows=11610057 fwd_ms=1071031.1 eval=0 prior=0
[inst] req=18071552 hits=6456839 fwd=363136 rows=11614697 fwd_ms=1071421.4 eval=0 prior=0
[inst] req=18079744 hits=6460477 fwd=363278 rows=11619237 fwd_ms=1071803.8 eval=0 prior=0
[inst] req=18087936 hits=6464071 fwd=363422 rows=11623843 fwd_ms=1072191.2 eval=0 prior=0
[inst] req=18096128 hits=6467432 fwd=363573 rows=11628673 fwd_ms=1072597.7 eval=0 prior=0
[inst] req=18104320 hits=6471007 fwd=363718 rows=11633312 fwd_ms=1072988.1 eval=0 prior=0
[inst] req=18112512 hits=6474658 fwd=363859 rows=11637823 fwd_ms=1073367.9 eval=0 prior=0
[inst] req=18120704 hits=6478391 fwd=363999 rows=11642301 fwd_ms=1073744.7 eval=0 prior=0
[inst] req=18128896 hits=6482027 fwd=364142 rows=11646868 fwd_ms=1074129.4 eval=0 prior=0
[inst] req=18137088 hits=6485564 fwd=364287 rows=11651507 fwd_ms=1074519.9 eval=0 prior=0
[inst] req=18145280 hits=6489037 fwd=364434 rows=11656211 fwd_ms=1074915.1 eval=0 prior=0
[inst] req=18153472 hits=6492658 fwd=364577 rows=11660786 fwd_ms=1075300.0 eval=0 prior=0
[inst] req=18161664 hits=6496361 fwd=364718 rows=11665297 fwd_ms=1075679.3 eval=0 prior=0
[inst] req=18169856 hits=6499874 fwd=364864 rows=11669969 fwd_ms=1076072.0 eval=0 prior=0
[inst] req=18178048 hits=6503367 fwd=365011 rows=11674672 fwd_ms=1076468.0 eval=0 prior=0
[inst] req=18186240 hits=6506957 fwd=365155 rows=11679278 fwd_ms=1076856.2 eval=0 prior=0
[inst] req=18194432 hits=6510668 fwd=365295 rows=11683756 fwd_ms=1077232.8 eval=0 prior=0
[inst] req=18202624 hits=6514319 fwd=365437 rows=11688300 fwd_ms=1077615.0 eval=0 prior=0
[inst] req=18210816 hits=6517945 fwd=365579 rows=11692844 fwd_ms=1077996.9 eval=0 prior=0
[inst] req=18219008 hits=6521420 fwd=365727 rows=11697580 fwd_ms=1078394.9 eval=0 prior=0
[inst] req=18227200 hits=6525091 fwd=365868 rows=11702091 fwd_ms=1078774.4 eval=0 prior=0
[inst] req=18235392 hits=6528682 fwd=366012 rows=11706699 fwd_ms=1079161.9 eval=0 prior=0
