Logging directory: /home/ubuntu/rl/reinfors-benchmarks/runs/v1_grid_ext/os_a1024/cycle1/throughput
Creating model: /home/ubuntu/rl/reinfors-benchmarks/runs/v1_grid_ext/os_a1024/cycle1/throughput/vpnet.pb
Playing game: chess
Loading model from step 0
[W TensorCompare.cpp:530] Warning: where received a uint8 condition tensor. This behavior is deprecated and will be removed in a future version of PyTorch. Use a boolean condition instead. (function operator())
[inst] req=8192 hits=2483 fwd=7 rows=5695 fwd_ms=645.1 eval=0 prior=0
[inst] req=16384 hits=3521 fwd=13 rows=11839 fwd_ms=1010.6 eval=0 prior=0
[inst] req=24576 hits=3521 fwd=21 rows=20031 fwd_ms=1498.7 eval=0 prior=0
[inst] req=32768 hits=7105 fwd=26 rows=25151 fwd_ms=1772.9 eval=0 prior=0
[inst] req=40960 hits=10689 fwd=30 rows=29247 fwd_ms=2016.1 eval=0 prior=0
[inst] req=49152 hits=13761 fwd=35 rows=34367 fwd_ms=2290.8 eval=0 prior=0
[inst] req=57344 hits=17345 fwd=40 rows=39487 fwd_ms=2624.7 eval=0 prior=0
[inst] req=65536 hits=20417 fwd=45 rows=44607 fwd_ms=2958.2 eval=0 prior=0
[inst] req=73728 hits=22977 fwd=50 rows=49727 fwd_ms=3292.0 eval=0 prior=0
[inst] req=81920 hits=22980 fwd=58 rows=57916 fwd_ms=3817.1 eval=0 prior=0
[inst] req=90112 hits=25028 fwd=64 rows=64060 fwd_ms=4209.0 eval=0 prior=0
[inst] req=98304 hits=26610 fwd=71 rows=71216 fwd_ms=4672.9 eval=0 prior=0
[inst] req=106496 hits=29457 fwd=76 rows=76336 fwd_ms=5004.6 eval=0 prior=0
[inst] req=114688 hits=30303 fwd=83 rows=83504 fwd_ms=5473.9 eval=0 prior=0
[inst] req=122880 hits=33776 fwd=88 rows=88591 fwd_ms=5805.5 eval=0 prior=0
[inst] req=131072 hits=37248 fwd=93 rows=93711 fwd_ms=6081.5 eval=0 prior=0
[inst] req=139264 hits=40266 fwd=98 rows=98827 fwd_ms=6358.0 eval=0 prior=0
[inst] req=147456 hits=44044 fwd=102 rows=102923 fwd_ms=6579.0 eval=0 prior=0
[inst] req=155648 hits=47139 fwd=107 rows=108043 fwd_ms=6855.4 eval=0 prior=0
[inst] req=163840 hits=48554 fwd=114 rows=115211 fwd_ms=7242.3 eval=0 prior=0
[inst] req=172032 hits=49136 fwd=121 rows=122379 fwd_ms=7629.4 eval=0 prior=0
[inst] req=180224 hits=51805 fwd=126 rows=127499 fwd_ms=7905.8 eval=0 prior=0
[inst] req=188416 hits=54414 fwd=132 rows=133643 fwd_ms=8237.4 eval=0 prior=0
[inst] req=196608 hits=58117 fwd=136 rows=137739 fwd_ms=8459.2 eval=0 prior=0
[inst] req=204800 hits=61899 fwd=141 rows=142859 fwd_ms=8735.7 eval=0 prior=0
[inst] req=212992 hits=65712 fwd=145 rows=146955 fwd_ms=8956.9 eval=0 prior=0
[inst] req=221184 hits=69714 fwd=149 rows=151051 fwd_ms=9178.1 eval=0 prior=0
[inst] req=229376 hits=74279 fwd=152 rows=154123 fwd_ms=9344.0 eval=0 prior=0
[inst] req=237568 hits=78898 fwd=156 rows=158219 fwd_ms=9565.5 eval=0 prior=0
[inst] req=245760 hits=83477 fwd=159 rows=161291 fwd_ms=9732.0 eval=0 prior=0
[inst] req=253952 hits=87554 fwd=163 rows=165387 fwd_ms=9953.9 eval=0 prior=0
[inst] req=262144 hits=90889 fwd=168 rows=170507 fwd_ms=10236.4 eval=0 prior=0
[inst] req=270336 hits=93810 fwd=173 rows=175627 fwd_ms=10518.7 eval=0 prior=0
[inst] req=278528 hits=96709 fwd=179 rows=181771 fwd_ms=10856.2 eval=0 prior=0
[inst] req=286720 hits=99659 fwd=184 rows=186891 fwd_ms=11138.1 eval=0 prior=0
[inst] req=294912 hits=102563 fwd=189 rows=192011 fwd_ms=11422.7 eval=0 prior=0
[inst] req=303104 hits=105732 fwd=194 rows=197131 fwd_ms=11707.4 eval=0 prior=0
[inst] req=311296 hits=108990 fwd=199 rows=202251 fwd_ms=11989.7 eval=0 prior=0
[inst] req=319488 hits=112408 fwd=203 rows=206347 fwd_ms=12221.4 eval=0 prior=0
[inst] req=327680 hits=115850 fwd=208 rows=211467 fwd_ms=12506.3 eval=0 prior=0
[inst] req=335872 hits=118996 fwd=213 rows=216587 fwd_ms=12792.0 eval=0 prior=0
[inst] req=344064 hits=121758 fwd=218 rows=221707 fwd_ms=13079.8 eval=0 prior=0
[inst] req=352256 hits=124230 fwd=224 rows=227851 fwd_ms=13426.3 eval=0 prior=0
[inst] req=360448 hits=126586 fwd=229 rows=232971 fwd_ms=13707.5 eval=0 prior=0
[inst] req=368640 hits=128948 fwd=235 rows=239115 fwd_ms=14050.9 eval=0 prior=0
[inst] req=376832 hits=131234 fwd=241 rows=245259 fwd_ms=14389.1 eval=0 prior=0
[inst] req=385024 hits=133428 fwd=247 rows=251403 fwd_ms=14746.3 eval=0 prior=0
[inst] req=393216 hits=135803 fwd=252 rows=256523 fwd_ms=15028.4 eval=0 prior=0
[inst] req=401408 hits=138467 fwd=258 rows=262667 fwd_ms=15368.4 eval=0 prior=0
[inst] req=409600 hits=141528 fwd=263 rows=267689 fwd_ms=15654.3 eval=0 prior=0
[inst] req=417792 hits=144598 fwd=268 rows=272809 fwd_ms=15935.2 eval=0 prior=0
[inst] req=425984 hits=147548 fwd=273 rows=277929 fwd_ms=16216.0 eval=0 prior=0
[inst] req=434176 hits=150313 fwd=278 rows=283049 fwd_ms=16504.6 eval=0 prior=0
[inst] req=442368 hits=153013 fwd=284 rows=289193 fwd_ms=16850.9 eval=0 prior=0
[inst] req=450560 hits=155731 fwd=289 rows=294313 fwd_ms=17139.4 eval=0 prior=0
[inst] req=458752 hits=157993 fwd=295 rows=300457 fwd_ms=17485.4 eval=0 prior=0
[inst] req=466944 hits=160070 fwd=301 rows=306601 fwd_ms=17826.1 eval=0 prior=0
[inst] req=475136 hits=162140 fwd=307 rows=312745 fwd_ms=18169.2 eval=0 prior=0
[inst] req=483328 hits=164584 fwd=312 rows=317865 fwd_ms=18452.0 eval=0 prior=0
[inst] req=491520 hits=167162 fwd=318 rows=324009 fwd_ms=18800.4 eval=0 prior=0
[inst] req=499712 hits=169991 fwd=323 rows=329129 fwd_ms=19090.9 eval=0 prior=0
[inst] req=507904 hits=172918 fwd=328 rows=334249 fwd_ms=19378.4 eval=0 prior=0
[inst] req=516096 hits=175733 fwd=333 rows=339369 fwd_ms=19668.5 eval=0 prior=0
[inst] req=524288 hits=178484 fwd=339 rows=345513 fwd_ms=20011.7 eval=0 prior=0
[inst] req=532480 hits=180945 fwd=344 rows=350633 fwd_ms=20289.7 eval=0 prior=0
[inst] req=540672 hits=183264 fwd=350 rows=356777 fwd_ms=20633.3 eval=0 prior=0
[inst] req=548864 hits=185503 fwd=356 rows=362921 fwd_ms=20973.9 eval=0 prior=0
[inst] req=557056 hits=187850 fwd=362 rows=369065 fwd_ms=21317.2 eval=0 prior=0
[inst] req=565248 hits=189922 fwd=368 rows=375209 fwd_ms=21656.0 eval=0 prior=0
[inst] req=573440 hits=192056 fwd=374 rows=381353 fwd_ms=21997.3 eval=0 prior=0
[inst] req=581632 hits=194429 fwd=379 rows=386473 fwd_ms=22280.7 eval=0 prior=0
[inst] req=589824 hits=197214 fwd=384 rows=391593 fwd_ms=22561.8 eval=0 prior=0
[inst] req=598016 hits=200112 fwd=390 rows=397737 fwd_ms=22903.0 eval=0 prior=0
[inst] req=606208 hits=203056 fwd=395 rows=402857 fwd_ms=23181.2 eval=0 prior=0
[inst] req=614400 hits=205908 fwd=400 rows=407977 fwd_ms=23491.0 eval=0 prior=0
[inst] req=622592 hits=208627 fwd=405 rows=413097 fwd_ms=23825.4 eval=0 prior=0
[inst] req=630784 hits=211107 fwd=411 rows=419241 fwd_ms=24167.6 eval=0 prior=0
[inst] req=638976 hits=213397 fwd=417 rows=425385 fwd_ms=24535.1 eval=0 prior=0
[inst] req=647168 hits=215412 fwd=423 rows=431529 fwd_ms=24937.5 eval=0 prior=0
[inst] req=655360 hits=217330 fwd=429 rows=437673 fwd_ms=25308.6 eval=0 prior=0
[inst] req=663552 hits=219368 fwd=435 rows=443817 fwd_ms=25655.9 eval=0 prior=0
[inst] req=671744 hits=221781 fwd=441 rows=449961 fwd_ms=25994.2 eval=0 prior=0
[inst] req=679936 hits=224443 fwd=446 rows=455081 fwd_ms=26272.6 eval=0 prior=0
[inst] req=688128 hits=227264 fwd=451 rows=460201 fwd_ms=26550.5 eval=0 prior=0
[inst] req=696320 hits=230239 fwd=456 rows=465321 fwd_ms=26829.0 eval=0 prior=0
[inst] req=704512 hits=233018 fwd=462 rows=471465 fwd_ms=27162.8 eval=0 prior=0
[inst] req=712704 hits=235688 fwd=467 rows=476585 fwd_ms=27448.2 eval=0 prior=0
[inst] req=720896 hits=237987 fwd=473 rows=482729 fwd_ms=27794.7 eval=0 prior=0
[inst] req=729088 hits=240073 fwd=479 rows=488873 fwd_ms=28140.8 eval=0 prior=0
[inst] req=737280 hits=241962 fwd=485 rows=495017 fwd_ms=28481.9 eval=0 prior=0
[inst] req=745472 hits=243871 fwd=491 rows=501161 fwd_ms=28830.3 eval=0 prior=0
[inst] req=753664 hits=245986 fwd=497 rows=507305 fwd_ms=29174.7 eval=0 prior=0
[inst] req=761856 hits=248456 fwd=502 rows=512411 fwd_ms=29468.2 eval=0 prior=0
[inst] req=770048 hits=251207 fwd=508 rows=518555 fwd_ms=29814.5 eval=0 prior=0
[inst] req=778240 hits=254088 fwd=513 rows=523675 fwd_ms=30105.2 eval=0 prior=0
[inst] req=786432 hits=257022 fwd=518 rows=528795 fwd_ms=30396.0 eval=0 prior=0
[inst] req=794624 hits=259859 fwd=523 rows=533915 fwd_ms=30684.6 eval=0 prior=0
[inst] req=802816 hits=262543 fwd=529 rows=540059 fwd_ms=31026.8 eval=0 prior=0
[inst] req=811008 hits=264913 fwd=534 rows=545179 fwd_ms=31315.3 eval=0 prior=0
[inst] req=819200 hits=267035 fwd=540 rows=551323 fwd_ms=31662.1 eval=0 prior=0
[inst] req=827392 hits=268988 fwd=546 rows=557467 fwd_ms=32009.0 eval=0 prior=0
[inst] req=835584 hits=270935 fwd=553 rows=564635 fwd_ms=32413.7 eval=0 prior=0
[inst] req=843776 hits=273083 fwd=558 rows=569755 fwd_ms=32702.3 eval=0 prior=0
[inst] req=851968 hits=275452 fwd=564 rows=575899 fwd_ms=33049.5 eval=0 prior=0
[inst] req=860160 hits=278119 fwd=569 rows=581019 fwd_ms=33338.0 eval=0 prior=0
[inst] req=868352 hits=280968 fwd=575 rows=587163 fwd_ms=33687.0 eval=0 prior=0
[inst] req=876544 hits=283803 fwd=580 rows=592283 fwd_ms=33970.6 eval=0 prior=0
[inst] req=884736 hits=286520 fwd=585 rows=597403 fwd_ms=34254.2 eval=0 prior=0
[inst] req=892928 hits=289177 fwd=591 rows=603547 fwd_ms=34598.4 eval=0 prior=0
[inst] req=901120 hits=291442 fwd=596 rows=608667 fwd_ms=34889.6 eval=0 prior=0
[inst] req=909312 hits=293418 fwd=603 rows=615835 fwd_ms=35289.5 eval=0 prior=0
[inst] req=917504 hits=295443 fwd=609 rows=621979 fwd_ms=35639.1 eval=0 prior=0
[inst] req=925696 hits=297308 fwd=615 rows=628123 fwd_ms=35981.4 eval=0 prior=0
[inst] req=933888 hits=299427 fwd=621 rows=634267 fwd_ms=36328.4 eval=0 prior=0
[inst] req=942080 hits=301910 fwd=626 rows=639387 fwd_ms=36614.3 eval=0 prior=0
[inst] req=950272 hits=304666 fwd=632 rows=645531 fwd_ms=36961.3 eval=0 prior=0
[inst] req=958464 hits=307604 fwd=637 rows=650651 fwd_ms=37252.1 eval=0 prior=0
[inst] req=966656 hits=310587 fwd=642 rows=655771 fwd_ms=37543.0 eval=0 prior=0
[inst] req=974848 hits=313673 fwd=647 rows=660891 fwd_ms=37831.3 eval=0 prior=0
[inst] req=983040 hits=316761 fwd=652 rows=666011 fwd_ms=38119.8 eval=0 prior=0
[inst] req=991232 hits=319692 fwd=657 rows=671131 fwd_ms=38406.1 eval=0 prior=0
[inst] req=999424 hits=322495 fwd=662 rows=676251 fwd_ms=38697.1 eval=0 prior=0
[inst] req=1007616 hits=325013 fwd=668 rows=682395 fwd_ms=39045.9 eval=0 prior=0
[inst] req=1015808 hits=327391 fwd=673 rows=687515 fwd_ms=39334.2 eval=0 prior=0
[inst] req=1024000 hits=329860 fwd=679 rows=693659 fwd_ms=39676.7 eval=0 prior=0
[inst] req=1032192 hits=332496 fwd=684 rows=698779 fwd_ms=39966.0 eval=0 prior=0
[inst] req=1040384 hits=335245 fwd=690 rows=704923 fwd_ms=40312.5 eval=0 prior=0
[inst] req=1048576 hits=338102 fwd=695 rows=710043 fwd_ms=40600.8 eval=0 prior=0
[inst] req=1056768 hits=341070 fwd=700 rows=715163 fwd_ms=40886.8 eval=0 prior=0
[inst] req=1064960 hits=344021 fwd=705 rows=720283 fwd_ms=41172.8 eval=0 prior=0
[inst] req=1073152 hits=346926 fwd=710 rows=725403 fwd_ms=41461.0 eval=0 prior=0
[inst] req=1081344 hits=349692 fwd=716 rows=731547 fwd_ms=41807.8 eval=0 prior=0
[inst] req=1089536 hits=352307 fwd=721 rows=736667 fwd_ms=42096.3 eval=0 prior=0
[inst] req=1097728 hits=354880 fwd=727 rows=742811 fwd_ms=42445.3 eval=0 prior=0
[inst] req=1105920 hits=357254 fwd=732 rows=747931 fwd_ms=42736.1 eval=0 prior=0
[inst] req=1114112 hits=359649 fwd=738 rows=754075 fwd_ms=43085.5 eval=0 prior=0
[inst] req=1122304 hits=362208 fwd=743 rows=759195 fwd_ms=43374.8 eval=0 prior=0
[inst] req=1130496 hits=364996 fwd=749 rows=765339 fwd_ms=43719.4 eval=0 prior=0
[inst] req=1138688 hits=367981 fwd=754 rows=770459 fwd_ms=44010.4 eval=0 prior=0
[inst] req=1146880 hits=370965 fwd=759 rows=775579 fwd_ms=44301.6 eval=0 prior=0
[inst] req=1155072 hits=373930 fwd=764 rows=780699 fwd_ms=44590.7 eval=0 prior=0
[inst] req=1163264 hits=376849 fwd=769 rows=785819 fwd_ms=44879.8 eval=0 prior=0
[inst] req=1171456 hits=379745 fwd=774 rows=790939 fwd_ms=45168.6 eval=0 prior=0
[inst] req=1179648 hits=382364 fwd=780 rows=797083 fwd_ms=45513.2 eval=0 prior=0
[inst] req=1187840 hits=384730 fwd=785 rows=802203 fwd_ms=45799.5 eval=0 prior=0
[inst] req=1196032 hits=387036 fwd=791 rows=808347 fwd_ms=46146.8 eval=0 prior=0
[inst] req=1204224 hits=389526 fwd=797 rows=814491 fwd_ms=46493.4 eval=0 prior=0
[inst] req=1212416 hits=392110 fwd=802 rows=819611 fwd_ms=46782.4 eval=0 prior=0
[inst] req=1220608 hits=394878 fwd=807 rows=824731 fwd_ms=47070.7 eval=0 prior=0
[inst] req=1228800 hits=397813 fwd=813 rows=830875 fwd_ms=47415.6 eval=0 prior=0
[inst] req=1236992 hits=400710 fwd=818 rows=835995 fwd_ms=47704.0 eval=0 prior=0
[inst] req=1245184 hits=403621 fwd=823 rows=841115 fwd_ms=47992.7 eval=0 prior=0
[inst] req=1253376 hits=406460 fwd=828 rows=846235 fwd_ms=48276.3 eval=0 prior=0
[inst] req=1261568 hits=409194 fwd=833 rows=851355 fwd_ms=48565.0 eval=0 prior=0
[inst] req=1269760 hits=411773 fwd=839 rows=857499 fwd_ms=48909.2 eval=0 prior=0
[inst] req=1277952 hits=414217 fwd=845 rows=863643 fwd_ms=49251.3 eval=0 prior=0
[inst] req=1286144 hits=416813 fwd=850 rows=868763 fwd_ms=49540.4 eval=0 prior=0
[inst] req=1294336 hits=419311 fwd=856 rows=874907 fwd_ms=49882.4 eval=0 prior=0
[inst] req=1302528 hits=421964 fwd=861 rows=880027 fwd_ms=50171.4 eval=0 prior=0
[inst] req=1310720 hits=424830 fwd=866 rows=885147 fwd_ms=50457.4 eval=0 prior=0
[inst] req=1318912 hits=427765 fwd=871 rows=890267 fwd_ms=50743.5 eval=0 prior=0
[inst] req=1327104 hits=430745 fwd=876 rows=895387 fwd_ms=51031.9 eval=0 prior=0
[inst] req=1335296 hits=433689 fwd=882 rows=901531 fwd_ms=51376.4 eval=0 prior=0
[inst] req=1343488 hits=436622 fwd=887 rows=906651 fwd_ms=51665.1 eval=0 prior=0
[inst] req=1351680 hits=439306 fwd=892 rows=911771 fwd_ms=51951.8 eval=0 prior=0
[inst] req=1359872 hits=441773 fwd=898 rows=917915 fwd_ms=52296.1 eval=0 prior=0
[inst] req=1368064 hits=444214 fwd=903 rows=923035 fwd_ms=52585.3 eval=0 prior=0
[inst] req=1376256 hits=446623 fwd=909 rows=929179 fwd_ms=52932.0 eval=0 prior=0
[inst] req=1384448 hits=449174 fwd=914 rows=934299 fwd_ms=53223.0 eval=0 prior=0
[inst] req=1392640 hits=451775 fwd=920 rows=940443 fwd_ms=53562.6 eval=0 prior=0
[inst] req=1400832 hits=454535 fwd=925 rows=945563 fwd_ms=53846.4 eval=0 prior=0
[inst] req=1409024 hits=457419 fwd=930 rows=950683 fwd_ms=54132.8 eval=0 prior=0
[inst] req=1417216 hits=460443 fwd=935 rows=955803 fwd_ms=54421.4 eval=0 prior=0
[inst] req=1425408 hits=463314 fwd=941 rows=961947 fwd_ms=54760.8 eval=0 prior=0
[inst] req=1433600 hits=466055 fwd=946 rows=967067 fwd_ms=55049.8 eval=0 prior=0
[inst] req=1441792 hits=468645 fwd=951 rows=972187 fwd_ms=55340.8 eval=0 prior=0
[inst] req=1449984 hits=471143 fwd=957 rows=978331 fwd_ms=55681.3 eval=0 prior=0
[inst] req=1458176 hits=473538 fwd=963 rows=984475 fwd_ms=56019.7 eval=0 prior=0
[inst] req=1466368 hits=476032 fwd=968 rows=989595 fwd_ms=56308.0 eval=0 prior=0
[inst] req=1474560 hits=478584 fwd=974 rows=995739 fwd_ms=56656.9 eval=0 prior=0
[inst] req=1482752 hits=481223 fwd=979 rows=1000859 fwd_ms=56945.3 eval=0 prior=0
[inst] req=1490944 hits=483988 fwd=984 rows=1005979 fwd_ms=57235.9 eval=0 prior=0
[inst] req=1499136 hits=486996 fwd=990 rows=1012123 fwd_ms=57575.1 eval=0 prior=0
[inst] req=1507328 hits=489875 fwd=995 rows=1017243 fwd_ms=57865.6 eval=0 prior=0
[inst] req=1515520 hits=492718 fwd=1000 rows=1022363 fwd_ms=58154.6 eval=0 prior=0
[inst] req=1523712 hits=495370 fwd=1005 rows=1027483 fwd_ms=58443.3 eval=0 prior=0
[inst] req=1531904 hits=497892 fwd=1011 rows=1033627 fwd_ms=58780.6 eval=0 prior=0
[inst] req=1540096 hits=500294 fwd=1017 rows=1039771 fwd_ms=59125.2 eval=0 prior=0
[inst] req=1548288 hits=502666 fwd=1022 rows=1044891 fwd_ms=59406.3 eval=0 prior=0
[inst] req=1556480 hits=505063 fwd=1028 rows=1051035 fwd_ms=59755.6 eval=0 prior=0
[inst] req=1564672 hits=507571 fwd=1033 rows=1056155 fwd_ms=60039.8 eval=0 prior=0
[inst] req=1572864 hits=510166 fwd=1039 rows=1062299 fwd_ms=60381.7 eval=0 prior=0
[inst] req=1581056 hits=512867 fwd=1044 rows=1067419 fwd_ms=60667.4 eval=0 prior=0
[inst] req=1589248 hits=515678 fwd=1050 rows=1073563 fwd_ms=61009.2 eval=0 prior=0
[inst] req=1597440 hits=518533 fwd=1055 rows=1078683 fwd_ms=61293.2 eval=0 prior=0
[inst] req=1605632 hits=521228 fwd=1060 rows=1083803 fwd_ms=61582.4 eval=0 prior=0
[inst] req=1613824 hits=523745 fwd=1066 rows=1089947 fwd_ms=61924.0 eval=0 prior=0
[inst] req=1622016 hits=526188 fwd=1071 rows=1095067 fwd_ms=62212.5 eval=0 prior=0
[inst] req=1630208 hits=528546 fwd=1077 rows=1101211 fwd_ms=62562.0 eval=0 prior=0
[inst] req=1638400 hits=530869 fwd=1083 rows=1107355 fwd_ms=62906.6 eval=0 prior=0
[inst] req=1646592 hits=533292 fwd=1088 rows=1112475 fwd_ms=63193.0 eval=0 prior=0
[inst] req=1654784 hits=535919 fwd=1094 rows=1118619 fwd_ms=63530.7 eval=0 prior=0
[inst] req=1662976 hits=538655 fwd=1099 rows=1123739 fwd_ms=63817.5 eval=0 prior=0
[inst] req=1671168 hits=541483 fwd=1104 rows=1128859 fwd_ms=64103.9 eval=0 prior=0
[inst] req=1679360 hits=544385 fwd=1109 rows=1133979 fwd_ms=64395.4 eval=0 prior=0
[inst] req=1687552 hits=547198 fwd=1115 rows=1140123 fwd_ms=64742.1 eval=0 prior=0
[inst] req=1695744 hits=549958 fwd=1120 rows=1145243 fwd_ms=65030.7 eval=0 prior=0
[inst] req=1703936 hits=552540 fwd=1126 rows=1151387 fwd_ms=65377.7 eval=0 prior=0
[inst] req=1712128 hits=554967 fwd=1131 rows=1156507 fwd_ms=65666.4 eval=0 prior=0
[inst] req=1720320 hits=557321 fwd=1137 rows=1162651 fwd_ms=66013.4 eval=0 prior=0
[inst] req=1728512 hits=559656 fwd=1143 rows=1168795 fwd_ms=66358.3 eval=0 prior=0
[inst] req=1736704 hits=562100 fwd=1148 rows=1173915 fwd_ms=66646.8 eval=0 prior=0
[inst] req=1744896 hits=564705 fwd=1154 rows=1180059 fwd_ms=66991.5 eval=0 prior=0
[inst] req=1753088 hits=567409 fwd=1159 rows=1185179 fwd_ms=67282.6 eval=0 prior=0
[inst] req=1761280 hits=570273 fwd=1164 rows=1190299 fwd_ms=67571.3 eval=0 prior=0
[inst] req=1769472 hits=573144 fwd=1169 rows=1195419 fwd_ms=67857.7 eval=0 prior=0
[inst] req=1777664 hits=575921 fwd=1175 rows=1201563 fwd_ms=68202.4 eval=0 prior=0
[inst] req=1785856 hits=578502 fwd=1180 rows=1206683 fwd_ms=68484.0 eval=0 prior=0
[inst] req=1794048 hits=580921 fwd=1186 rows=1212827 fwd_ms=68829.1 eval=0 prior=0
[inst] req=1802240 hits=583269 fwd=1191 rows=1217947 fwd_ms=69117.7 eval=0 prior=0
[inst] req=1810432 hits=585650 fwd=1197 rows=1224091 fwd_ms=69459.8 eval=0 prior=0
[inst] req=1818624 hits=588055 fwd=1203 rows=1230235 fwd_ms=69802.0 eval=0 prior=0
[inst] req=1826816 hits=590641 fwd=1208 rows=1235355 fwd_ms=70091.1 eval=0 prior=0
[inst] req=1835008 hits=593370 fwd=1214 rows=1241499 fwd_ms=70433.4 eval=0 prior=0
[inst] req=1843200 hits=596212 fwd=1219 rows=1246619 fwd_ms=70720.2 eval=0 prior=0
[inst] req=1851392 hits=599098 fwd=1224 rows=1251739 fwd_ms=71009.8 eval=0 prior=0
[inst] req=1859584 hits=601897 fwd=1229 rows=1256859 fwd_ms=71296.3 eval=0 prior=0
[inst] req=1867776 hits=604676 fwd=1235 rows=1263003 fwd_ms=71646.3 eval=0 prior=0
[inst] req=1875968 hits=607319 fwd=1240 rows=1268123 fwd_ms=71932.8 eval=0 prior=0
[inst] req=1884160 hits=609729 fwd=1246 rows=1274267 fwd_ms=72275.1 eval=0 prior=0
[inst] req=1892352 hits=612075 fwd=1251 rows=1279387 fwd_ms=72557.1 eval=0 prior=0
[inst] req=1900544 hits=614511 fwd=1257 rows=1285531 fwd_ms=72904.4 eval=0 prior=0
[inst] req=1908736 hits=616960 fwd=1263 rows=1291675 fwd_ms=73249.4 eval=0 prior=0
[inst] req=1916928 hits=619504 fwd=1268 rows=1296795 fwd_ms=73535.9 eval=0 prior=0
[inst] req=1925120 hits=622307 fwd=1273 rows=1301915 fwd_ms=73824.8 eval=0 prior=0
[inst] req=1933312 hits=625060 fwd=1279 rows=1308059 fwd_ms=74172.0 eval=0 prior=0
[inst] req=1941504 hits=627876 fwd=1284 rows=1313179 fwd_ms=74458.9 eval=0 prior=0
[inst] req=1949696 hits=630593 fwd=1289 rows=1318299 fwd_ms=74747.8 eval=0 prior=0
[inst] req=1957888 hits=633189 fwd=1295 rows=1324443 fwd_ms=75088.4 eval=0 prior=0
[inst] req=1966080 hits=635699 fwd=1300 rows=1329563 fwd_ms=75371.3 eval=0 prior=0
[inst] req=1974272 hits=638082 fwd=1306 rows=1335707 fwd_ms=75707.6 eval=0 prior=0
[inst] req=1982464 hits=640423 fwd=1312 rows=1341851 fwd_ms=76044.0 eval=0 prior=0
[inst] req=1990656 hits=642888 fwd=1317 rows=1346971 fwd_ms=76324.2 eval=0 prior=0
[inst] req=1998848 hits=645384 fwd=1323 rows=1353115 fwd_ms=76660.5 eval=0 prior=0
[inst] req=2007040 hits=648038 fwd=1328 rows=1358235 fwd_ms=76940.6 eval=0 prior=0
[inst] req=2015232 hits=650761 fwd=1334 rows=1364379 fwd_ms=77277.0 eval=0 prior=0
[inst] req=2023424 hits=653671 fwd=1339 rows=1369499 fwd_ms=77557.4 eval=0 prior=0
[inst] req=2031616 hits=656440 fwd=1344 rows=1374619 fwd_ms=77837.6 eval=0 prior=0
[inst] req=2039808 hits=659172 fwd=1349 rows=1379739 fwd_ms=78117.9 eval=0 prior=0
[inst] req=2048000 hits=661797 fwd=1355 rows=1385883 fwd_ms=78454.0 eval=0 prior=0
[inst] req=2056192 hits=664348 fwd=1360 rows=1391003 fwd_ms=78734.2 eval=0 prior=0
[inst] req=2064384 hits=666802 fwd=1366 rows=1397147 fwd_ms=79070.2 eval=0 prior=0
[inst] req=2072576 hits=669328 fwd=1371 rows=1402267 fwd_ms=79350.2 eval=0 prior=0
[inst] req=2080768 hits=671772 fwd=1377 rows=1408411 fwd_ms=79686.3 eval=0 prior=0
[inst] req=2088960 hits=674400 fwd=1383 rows=1414555 fwd_ms=80022.4 eval=0 prior=0
[inst] req=2097152 hits=677112 fwd=1388 rows=1419675 fwd_ms=80302.7 eval=0 prior=0
[inst] req=2105344 hits=679980 fwd=1393 rows=1424795 fwd_ms=80582.7 eval=0 prior=0
[inst] req=2113536 hits=682781 fwd=1398 rows=1429915 fwd_ms=80862.9 eval=0 prior=0
[inst] req=2121728 hits=685591 fwd=1404 rows=1436059 fwd_ms=81199.1 eval=0 prior=0
[inst] req=2129920 hits=688176 fwd=1409 rows=1441179 fwd_ms=81479.4 eval=0 prior=0
[inst] req=2138112 hits=690806 fwd=1414 rows=1446299 fwd_ms=81759.5 eval=0 prior=0
[inst] req=2146304 hits=693268 fwd=1420 rows=1452443 fwd_ms=82095.3 eval=0 prior=0
[inst] req=2154496 hits=695660 fwd=1426 rows=1458587 fwd_ms=82430.5 eval=0 prior=0
[inst] req=2162688 hits=698158 fwd=1431 rows=1463707 fwd_ms=82709.9 eval=0 prior=0
[inst] req=2170880 hits=700710 fwd=1437 rows=1469851 fwd_ms=83048.1 eval=0 prior=0
[inst] req=2179072 hits=703317 fwd=1442 rows=1474971 fwd_ms=83339.6 eval=0 prior=0
[inst] req=2187264 hits=706008 fwd=1448 rows=1481115 fwd_ms=83687.3 eval=0 prior=0
[inst] req=2195456 hits=708754 fwd=1453 rows=1486235 fwd_ms=83972.1 eval=0 prior=0
[inst] req=2203648 hits=711572 fwd=1458 rows=1491355 fwd_ms=84261.2 eval=0 prior=0
[inst] req=2211840 hits=714328 fwd=1464 rows=1497499 fwd_ms=84601.2 eval=0 prior=0
[inst] req=2220032 hits=716978 fwd=1469 rows=1502619 fwd_ms=84892.8 eval=0 prior=0
[inst] req=2228224 hits=719542 fwd=1474 rows=1507739 fwd_ms=85177.8 eval=0 prior=0
[inst] req=2236416 hits=721917 fwd=1480 rows=1513883 fwd_ms=85513.6 eval=0 prior=0
[inst] req=2244608 hits=724289 fwd=1486 rows=1520027 fwd_ms=85858.4 eval=0 prior=0
[inst] req=2252800 hits=726678 fwd=1491 rows=1525147 fwd_ms=86145.3 eval=0 prior=0
[inst] req=2260992 hits=729114 fwd=1497 rows=1531291 fwd_ms=86483.0 eval=0 prior=0
[inst] req=2269184 hits=731737 fwd=1503 rows=1537435 fwd_ms=86825.1 eval=0 prior=0
[inst] req=2277376 hits=734440 fwd=1508 rows=1542555 fwd_ms=87109.3 eval=0 prior=0
[inst] req=2285568 hits=737161 fwd=1513 rows=1547675 fwd_ms=87393.4 eval=0 prior=0
[inst] req=2293760 hits=739910 fwd=1519 rows=1553819 fwd_ms=87737.8 eval=0 prior=0
[inst] req=2301952 hits=742594 fwd=1524 rows=1558939 fwd_ms=88024.1 eval=0 prior=0
[inst] req=2310144 hits=745089 fwd=1529 rows=1564059 fwd_ms=88308.0 eval=0 prior=0
[inst] req=2318336 hits=747540 fwd=1535 rows=1570203 fwd_ms=88652.6 eval=0 prior=0
[inst] req=2326528 hits=749996 fwd=1541 rows=1576347 fwd_ms=88992.9 eval=0 prior=0
[inst] req=2334720 hits=752415 fwd=1546 rows=1581467 fwd_ms=89281.7 eval=0 prior=0
[inst] req=2342912 hits=754886 fwd=1552 rows=1587611 fwd_ms=89628.8 eval=0 prior=0
[inst] req=2351104 hits=757418 fwd=1557 rows=1592731 fwd_ms=89917.5 eval=0 prior=0
[inst] req=2359296 hits=760139 fwd=1563 rows=1598875 fwd_ms=90263.0 eval=0 prior=0
[inst] req=2367488 hits=762883 fwd=1568 rows=1603995 fwd_ms=90543.6 eval=0 prior=0
[inst] req=2375680 hits=765620 fwd=1573 rows=1609115 fwd_ms=90830.0 eval=0 prior=0
[inst] req=2383872 hits=768397 fwd=1579 rows=1615259 fwd_ms=91177.2 eval=0 prior=0
[inst] req=2392064 hits=771050 fwd=1584 rows=1620379 fwd_ms=91461.3 eval=0 prior=0
[inst] req=2400256 hits=773591 fwd=1590 rows=1626523 fwd_ms=91806.2 eval=0 prior=0
[inst] req=2408448 hits=776023 fwd=1595 rows=1631643 fwd_ms=92093.4 eval=0 prior=0
[inst] req=2416640 hits=778372 fwd=1601 rows=1637787 fwd_ms=92438.0 eval=0 prior=0
[inst] req=2424832 hits=780799 fwd=1607 rows=1643931 fwd_ms=92782.7 eval=0 prior=0
[inst] req=2433024 hits=783320 fwd=1612 rows=1649051 fwd_ms=93072.2 eval=0 prior=0
[inst] req=2441216 hits=785960 fwd=1618 rows=1655195 fwd_ms=93417.9 eval=0 prior=0
[inst] req=2449408 hits=788615 fwd=1623 rows=1660315 fwd_ms=93704.3 eval=0 prior=0
[inst] req=2457600 hits=791300 fwd=1628 rows=1665435 fwd_ms=93991.3 eval=0 prior=0
[inst] req=2465792 hits=793973 fwd=1634 rows=1671579 fwd_ms=94338.6 eval=0 prior=0
[inst] req=2473984 hits=796671 fwd=1639 rows=1676699 fwd_ms=94625.9 eval=0 prior=0
[inst] req=2482176 hits=799219 fwd=1645 rows=1682843 fwd_ms=94962.7 eval=0 prior=0
[inst] req=2490368 hits=801663 fwd=1650 rows=1687963 fwd_ms=95243.3 eval=0 prior=0
[inst] req=2498560 hits=804015 fwd=1656 rows=1694107 fwd_ms=95580.0 eval=0 prior=0
[inst] req=2506752 hits=806389 fwd=1662 rows=1700251 fwd_ms=95916.7 eval=0 prior=0
[inst] req=2514944 hits=808773 fwd=1667 rows=1705371 fwd_ms=96197.1 eval=0 prior=0
[inst] req=2523136 hits=811445 fwd=1673 rows=1711515 fwd_ms=96533.0 eval=0 prior=0
[inst] req=2531328 hits=814120 fwd=1678 rows=1716635 fwd_ms=96813.4 eval=0 prior=0
[inst] req=2539520 hits=816829 fwd=1683 rows=1721755 fwd_ms=97093.4 eval=0 prior=0
[inst] req=2547712 hits=819465 fwd=1689 rows=1727899 fwd_ms=97430.0 eval=0 prior=0
[inst] req=2555904 hits=822197 fwd=1694 rows=1733019 fwd_ms=97709.8 eval=0 prior=0
[inst] req=2564096 hits=824833 fwd=1700 rows=1739163 fwd_ms=98047.6 eval=0 prior=0
[inst] req=2572288 hits=827333 fwd=1705 rows=1744283 fwd_ms=98327.9 eval=0 prior=0
[inst] req=2580480 hits=829822 fwd=1711 rows=1750427 fwd_ms=98664.3 eval=0 prior=0
[inst] req=2588672 hits=832292 fwd=1716 rows=1755547 fwd_ms=98944.5 eval=0 prior=0
[inst] req=2596864 hits=834763 fwd=1722 rows=1761691 fwd_ms=99280.8 eval=0 prior=0
[inst] req=2605056 hits=837281 fwd=1727 rows=1766811 fwd_ms=99563.6 eval=0 prior=0
[inst] req=2613248 hits=839857 fwd=1733 rows=1772955 fwd_ms=99900.0 eval=0 prior=0
[inst] req=2621440 hits=842538 fwd=1738 rows=1778075 fwd_ms=100180.3 eval=0 prior=0
[inst] req=2629632 hits=845250 fwd=1744 rows=1784219 fwd_ms=100516.8 eval=0 prior=0
[inst] req=2637824 hits=847975 fwd=1749 rows=1789339 fwd_ms=100797.2 eval=0 prior=0
[inst] req=2646016 hits=850647 fwd=1754 rows=1794459 fwd_ms=101077.7 eval=0 prior=0
[inst] req=2654208 hits=853186 fwd=1760 rows=1800603 fwd_ms=101414.3 eval=0 prior=0
[inst] req=2662400 hits=855596 fwd=1766 rows=1806747 fwd_ms=101751.0 eval=0 prior=0
[inst] req=2670592 hits=858000 fwd=1771 rows=1811867 fwd_ms=102031.4 eval=0 prior=0
[inst] req=2678784 hits=860407 fwd=1777 rows=1818011 fwd_ms=102367.8 eval=0 prior=0
[inst] req=2686976 hits=862931 fwd=1782 rows=1823131 fwd_ms=102648.0 eval=0 prior=0
[inst] req=2695168 hits=865588 fwd=1788 rows=1829275 fwd_ms=102984.3 eval=0 prior=0
[inst] req=2703360 hits=868211 fwd=1793 rows=1834395 fwd_ms=103264.7 eval=0 prior=0
[inst] req=2711552 hits=871013 fwd=1798 rows=1839515 fwd_ms=103544.9 eval=0 prior=0
[inst] req=2719744 hits=873715 fwd=1804 rows=1845659 fwd_ms=103881.2 eval=0 prior=0
[inst] req=2727936 hits=876386 fwd=1809 rows=1850779 fwd_ms=104161.6 eval=0 prior=0
[inst] req=2736128 hits=879006 fwd=1815 rows=1856923 fwd_ms=104498.1 eval=0 prior=0
[inst] req=2744320 hits=881551 fwd=1820 rows=1862043 fwd_ms=104778.4 eval=0 prior=0
[inst] req=2752512 hits=884074 fwd=1826 rows=1868187 fwd_ms=105114.7 eval=0 prior=0
[inst] req=2760704 hits=886537 fwd=1831 rows=1873307 fwd_ms=105395.0 eval=0 prior=0
[inst] req=2768896 hits=888953 fwd=1837 rows=1879451 fwd_ms=105731.3 eval=0 prior=0
[inst] req=2777088 hits=891368 fwd=1843 rows=1885595 fwd_ms=106067.6 eval=0 prior=0
[inst] req=2785280 hits=894012 fwd=1848 rows=1890715 fwd_ms=106348.0 eval=0 prior=0
[inst] req=2793472 hits=896639 fwd=1853 rows=1895834 fwd_ms=106635.6 eval=0 prior=0
[inst] req=2801664 hits=899282 fwd=1859 rows=1901978 fwd_ms=106972.1 eval=0 prior=0
[inst] req=2809856 hits=902014 fwd=1864 rows=1907098 fwd_ms=107252.4 eval=0 prior=0
[inst] req=2818048 hits=904689 fwd=1870 rows=1913242 fwd_ms=107589.0 eval=0 prior=0
[inst] req=2826240 hits=907220 fwd=1875 rows=1918362 fwd_ms=107869.5 eval=0 prior=0
[inst] req=2834432 hits=909827 fwd=1881 rows=1924506 fwd_ms=108206.1 eval=0 prior=0
[inst] req=2842624 hits=912353 fwd=1886 rows=1929626 fwd_ms=108486.4 eval=0 prior=0
[inst] req=2850816 hits=914852 fwd=1892 rows=1935770 fwd_ms=108823.1 eval=0 prior=0
[inst] req=2859008 hits=917426 fwd=1897 rows=1940890 fwd_ms=109103.5 eval=0 prior=0
[inst] req=2867200 hits=920029 fwd=1903 rows=1947034 fwd_ms=109440.0 eval=0 prior=0
[inst] req=2875392 hits=922690 fwd=1908 rows=1952154 fwd_ms=109720.5 eval=0 prior=0
[inst] req=2883584 hits=925332 fwd=1913 rows=1957274 fwd_ms=110001.0 eval=0 prior=0
[inst] req=2891776 hits=927968 fwd=1919 rows=1963418 fwd_ms=110337.5 eval=0 prior=0
[inst] req=2899968 hits=930640 fwd=1924 rows=1968538 fwd_ms=110617.9 eval=0 prior=0
[inst] req=2908160 hits=933281 fwd=1930 rows=1974682 fwd_ms=110954.3 eval=0 prior=0
[inst] req=2916352 hits=936024 fwd=1935 rows=1979802 fwd_ms=111234.8 eval=0 prior=0
[inst] req=2924544 hits=938630 fwd=1940 rows=1984922 fwd_ms=111515.2 eval=0 prior=0
[inst] req=2932736 hits=941051 fwd=1946 rows=1991066 fwd_ms=111851.4 eval=0 prior=0
[inst] req=2940928 hits=943524 fwd=1952 rows=1997210 fwd_ms=112187.7 eval=0 prior=0
[inst] req=2949120 hits=945972 fwd=1957 rows=2002330 fwd_ms=112467.9 eval=0 prior=0
[inst] req=2957312 hits=948489 fwd=1963 rows=2008474 fwd_ms=112804.3 eval=0 prior=0
[inst] req=2965504 hits=951078 fwd=1968 rows=2013594 fwd_ms=113103.8 eval=0 prior=0
[inst] req=2973696 hits=953605 fwd=1974 rows=2019738 fwd_ms=113478.3 eval=0 prior=0
[inst] req=2981888 hits=956319 fwd=1979 rows=2024858 fwd_ms=113768.1 eval=0 prior=0
[inst] req=2990080 hits=959010 fwd=1985 rows=2031002 fwd_ms=114123.8 eval=0 prior=0
[inst] req=2998272 hits=961714 fwd=1990 rows=2036122 fwd_ms=114404.1 eval=0 prior=0
[inst] req=3006464 hits=964216 fwd=1995 rows=2041242 fwd_ms=114684.6 eval=0 prior=0
[inst] req=3014656 hits=966726 fwd=2001 rows=2047386 fwd_ms=115021.4 eval=0 prior=0
[inst] req=3022848 hits=969210 fwd=2007 rows=2053530 fwd_ms=115370.9 eval=0 prior=0
[inst] req=3031040 hits=971725 fwd=2012 rows=2058650 fwd_ms=115673.4 eval=0 prior=0
[inst] req=3039232 hits=974229 fwd=2018 rows=2064794 fwd_ms=116019.2 eval=0 prior=0
[inst] req=3047424 hits=976796 fwd=2023 rows=2069914 fwd_ms=116299.6 eval=0 prior=0
[inst] req=3055616 hits=979374 fwd=2029 rows=2076058 fwd_ms=116636.2 eval=0 prior=0
[inst] req=3063808 hits=982058 fwd=2034 rows=2081178 fwd_ms=116916.8 eval=0 prior=0
[inst] req=3072000 hits=984724 fwd=2039 rows=2086298 fwd_ms=117197.4 eval=0 prior=0
[inst] req=3080192 hits=987340 fwd=2045 rows=2092442 fwd_ms=117534.1 eval=0 prior=0
[inst] req=3088384 hits=989944 fwd=2050 rows=2097562 fwd_ms=117814.6 eval=0 prior=0
[inst] req=3096576 hits=992612 fwd=2056 rows=2103706 fwd_ms=118151.1 eval=0 prior=0
[inst] req=3104768 hits=995153 fwd=2061 rows=2108826 fwd_ms=118431.4 eval=0 prior=0
[inst] req=3112960 hits=997594 fwd=2067 rows=2114970 fwd_ms=118768.0 eval=0 prior=0
[inst] req=3121152 hits=1000117 fwd=2072 rows=2120090 fwd_ms=119048.5 eval=0 prior=0
[inst] req=3129344 hits=1002719 fwd=2078 rows=2126234 fwd_ms=119385.2 eval=0 prior=0
[inst] req=3137536 hits=1005313 fwd=2083 rows=2131354 fwd_ms=119665.8 eval=0 prior=0
[inst] req=3145728 hits=1007930 fwd=2089 rows=2137498 fwd_ms=120003.0 eval=0 prior=0
[inst] req=3153920 hits=1010525 fwd=2094 rows=2142618 fwd_ms=120283.6 eval=0 prior=0
[inst] req=3162112 hits=1013160 fwd=2100 rows=2148762 fwd_ms=120620.3 eval=0 prior=0
[inst] req=3170304 hits=1015702 fwd=2105 rows=2153882 fwd_ms=120900.8 eval=0 prior=0
[inst] req=3178496 hits=1018149 fwd=2111 rows=2160026 fwd_ms=121237.1 eval=0 prior=0
[inst] req=3186688 hits=1020613 fwd=2116 rows=2165146 fwd_ms=121517.6 eval=0 prior=0
[inst] req=3194880 hits=1023115 fwd=2122 rows=2171290 fwd_ms=121854.2 eval=0 prior=0
[inst] req=3203072 hits=1025576 fwd=2128 rows=2177434 fwd_ms=122190.6 eval=0 prior=0
[inst] req=3211264 hits=1028092 fwd=2133 rows=2182554 fwd_ms=122470.9 eval=0 prior=0
[inst] req=3219456 hits=1030815 fwd=2138 rows=2187674 fwd_ms=122751.4 eval=0 prior=0
[inst] req=3227648 hits=1033570 fwd=2144 rows=2193818 fwd_ms=123087.9 eval=0 prior=0
[inst] req=3235840 hits=1036224 fwd=2149 rows=2198938 fwd_ms=123368.4 eval=0 prior=0
[inst] req=3244032 hits=1038897 fwd=2155 rows=2205082 fwd_ms=123705.0 eval=0 prior=0
[inst] req=3252224 hits=1041675 fwd=2160 rows=2210202 fwd_ms=123985.7 eval=0 prior=0
[inst] req=3260416 hits=1044268 fwd=2165 rows=2215322 fwd_ms=124266.2 eval=0 prior=0
[inst] req=3268608 hits=1046823 fwd=2171 rows=2221466 fwd_ms=124602.5 eval=0 prior=0
[inst] req=3276800 hits=1049311 fwd=2176 rows=2226586 fwd_ms=124882.8 eval=0 prior=0
[inst] req=3284992 hits=1051756 fwd=2182 rows=2232730 fwd_ms=125219.2 eval=0 prior=0
[inst] req=3293184 hits=1054225 fwd=2188 rows=2238874 fwd_ms=125555.7 eval=0 prior=0
[inst] req=3301376 hits=1056779 fwd=2193 rows=2243994 fwd_ms=125836.1 eval=0 prior=0
[inst] req=3309568 hits=1059439 fwd=2198 rows=2249114 fwd_ms=126116.5 eval=0 prior=0
[inst] req=3317760 hits=1061978 fwd=2204 rows=2255258 fwd_ms=126453.0 eval=0 prior=0
[inst] req=3325952 hits=1064678 fwd=2209 rows=2260378 fwd_ms=126733.6 eval=0 prior=0
[inst] req=3334144 hits=1067199 fwd=2215 rows=2266522 fwd_ms=127089.4 eval=0 prior=0
[inst] req=3342336 hits=1069811 fwd=2220 rows=2271642 fwd_ms=127379.4 eval=0 prior=0
[inst] req=3350528 hits=1072319 fwd=2226 rows=2277786 fwd_ms=127763.8 eval=0 prior=0
[inst] req=3358720 hits=1074793 fwd=2231 rows=2282906 fwd_ms=128085.0 eval=0 prior=0
[inst] req=3366912 hits=1077257 fwd=2237 rows=2289050 fwd_ms=128459.5 eval=0 prior=0
[inst] req=3375104 hits=1079724 fwd=2243 rows=2295194 fwd_ms=128853.2 eval=0 prior=0
[inst] req=3383296 hits=1082304 fwd=2248 rows=2300314 fwd_ms=129181.5 eval=0 prior=0
[inst] req=3391488 hits=1084869 fwd=2254 rows=2306458 fwd_ms=129556.3 eval=0 prior=0
[inst] req=3399680 hits=1087465 fwd=2259 rows=2311578 fwd_ms=129849.3 eval=0 prior=0
[inst] req=3407872 hits=1090047 fwd=2265 rows=2317722 fwd_ms=130195.0 eval=0 prior=0
[inst] req=3416064 hits=1092484 fwd=2270 rows=2322842 fwd_ms=130475.4 eval=0 prior=0
[inst] req=3424256 hits=1095103 fwd=2276 rows=2328986 fwd_ms=130811.9 eval=0 prior=0
[inst] req=3432448 hits=1097525 fwd=2281 rows=2334106 fwd_ms=131130.3 eval=0 prior=0
[inst] req=3440640 hits=1100019 fwd=2287 rows=2340250 fwd_ms=131504.6 eval=0 prior=0
[inst] req=3448832 hits=1102515 fwd=2292 rows=2345370 fwd_ms=131832.6 eval=0 prior=0
[inst] req=3457024 hits=1104970 fwd=2298 rows=2351514 fwd_ms=132216.9 eval=0 prior=0
[inst] req=3465216 hits=1107431 fwd=2304 rows=2357658 fwd_ms=132581.8 eval=0 prior=0
[inst] req=3473408 hits=1109963 fwd=2309 rows=2362778 fwd_ms=132881.2 eval=0 prior=0
[inst] req=3481600 hits=1112461 fwd=2315 rows=2368922 fwd_ms=133217.5 eval=0 prior=0
[inst] req=3489792 hits=1115105 fwd=2320 rows=2374042 fwd_ms=133526.4 eval=0 prior=0
[inst] req=3497984 hits=1117853 fwd=2325 rows=2379162 fwd_ms=133806.6 eval=0 prior=0
[inst] req=3506176 hits=1120466 fwd=2331 rows=2385306 fwd_ms=134142.9 eval=0 prior=0
[inst] req=3514368 hits=1123051 fwd=2336 rows=2390426 fwd_ms=134423.4 eval=0 prior=0
[inst] req=3522560 hits=1125501 fwd=2342 rows=2396570 fwd_ms=134759.8 eval=0 prior=0
[inst] req=3530752 hits=1127928 fwd=2348 rows=2402714 fwd_ms=135096.0 eval=0 prior=0
[inst] req=3538944 hits=1130362 fwd=2353 rows=2407834 fwd_ms=135376.2 eval=0 prior=0
[inst] req=3547136 hits=1132871 fwd=2359 rows=2413978 fwd_ms=135712.7 eval=0 prior=0
[inst] req=3555328 hits=1135396 fwd=2364 rows=2419098 fwd_ms=135993.1 eval=0 prior=0
[inst] req=3563520 hits=1137976 fwd=2370 rows=2425242 fwd_ms=136329.5 eval=0 prior=0
[inst] req=3571712 hits=1140547 fwd=2375 rows=2430362 fwd_ms=136609.7 eval=0 prior=0
[inst] req=3579904 hits=1143093 fwd=2381 rows=2436506 fwd_ms=136946.0 eval=0 prior=0
[inst] req=3588096 hits=1145637 fwd=2386 rows=2441626 fwd_ms=137226.1 eval=0 prior=0
[inst] req=3596288 hits=1148165 fwd=2392 rows=2447770 fwd_ms=137562.3 eval=0 prior=0
[inst] req=3604480 hits=1150697 fwd=2397 rows=2452890 fwd_ms=137842.6 eval=0 prior=0
[inst] req=3612672 hits=1153153 fwd=2403 rows=2459034 fwd_ms=138178.9 eval=0 prior=0
[inst] req=3620864 hits=1155579 fwd=2409 rows=2465178 fwd_ms=138515.3 eval=0 prior=0
[inst] req=3629056 hits=1158048 fwd=2414 rows=2470298 fwd_ms=138795.6 eval=0 prior=0
[inst] req=3637248 hits=1160525 fwd=2420 rows=2476442 fwd_ms=139131.9 eval=0 prior=0
[inst] req=3645440 hits=1162963 fwd=2425 rows=2481562 fwd_ms=139412.1 eval=0 prior=0
[inst] req=3653632 hits=1165409 fwd=2431 rows=2487706 fwd_ms=139748.5 eval=0 prior=0
[inst] req=3661824 hits=1167895 fwd=2437 rows=2493850 fwd_ms=140084.9 eval=0 prior=0
[inst] req=3670016 hits=1170409 fwd=2442 rows=2498970 fwd_ms=140365.1 eval=0 prior=0
[inst] req=3678208 hits=1172976 fwd=2448 rows=2505114 fwd_ms=140701.4 eval=0 prior=0
[inst] req=3686400 hits=1175545 fwd=2453 rows=2510234 fwd_ms=140981.6 eval=0 prior=0
[inst] req=3694592 hits=1178053 fwd=2459 rows=2516378 fwd_ms=141317.9 eval=0 prior=0
[inst] req=3702784 hits=1180561 fwd=2464 rows=2521498 fwd_ms=141598.2 eval=0 prior=0
[inst] req=3710976 hits=1183117 fwd=2470 rows=2527642 fwd_ms=141934.7 eval=0 prior=0
[inst] req=3719168 hits=1185692 fwd=2475 rows=2532762 fwd_ms=142215.0 eval=0 prior=0
[inst] req=3727360 hits=1188175 fwd=2481 rows=2538906 fwd_ms=142551.2 eval=0 prior=0
[inst] req=3735552 hits=1190761 fwd=2486 rows=2544026 fwd_ms=142831.6 eval=0 prior=0
[inst] req=3743744 hits=1193273 fwd=2492 rows=2550170 fwd_ms=143168.0 eval=0 prior=0
[inst] req=3751936 hits=1195816 fwd=2497 rows=2555290 fwd_ms=143448.1 eval=0 prior=0
[inst] req=3760128 hits=1198316 fwd=2503 rows=2561434 fwd_ms=143784.4 eval=0 prior=0
[inst] req=3768320 hits=1200953 fwd=2508 rows=2566554 fwd_ms=144065.0 eval=0 prior=0
[inst] req=3776512 hits=1203608 fwd=2514 rows=2572698 fwd_ms=144401.3 eval=0 prior=0
[inst] req=3784704 hits=1206181 fwd=2519 rows=2577818 fwd_ms=144681.7 eval=0 prior=0
[inst] req=3792896 hits=1208670 fwd=2525 rows=2583962 fwd_ms=145018.0 eval=0 prior=0
[inst] req=3801088 hits=1211151 fwd=2530 rows=2589082 fwd_ms=145298.2 eval=0 prior=0
[inst] req=3809280 hits=1213677 fwd=2536 rows=2595226 fwd_ms=145634.5 eval=0 prior=0
[inst] req=3817472 hits=1216182 fwd=2541 rows=2600346 fwd_ms=145914.8 eval=0 prior=0
[inst] req=3825664 hits=1218809 fwd=2547 rows=2606490 fwd_ms=146251.3 eval=0 prior=0
[inst] req=3833856 hits=1221292 fwd=2552 rows=2611610 fwd_ms=146531.5 eval=0 prior=0
[inst] req=3842048 hits=1223728 fwd=2558 rows=2617754 fwd_ms=146867.8 eval=0 prior=0
[inst] req=3850240 hits=1226201 fwd=2564 rows=2623898 fwd_ms=147204.2 eval=0 prior=0
[inst] req=3858432 hits=1228695 fwd=2569 rows=2629018 fwd_ms=147484.6 eval=0 prior=0
[inst] req=3866624 hits=1231188 fwd=2575 rows=2635162 fwd_ms=147820.9 eval=0 prior=0
[inst] req=3874816 hits=1233712 fwd=2580 rows=2640282 fwd_ms=148101.1 eval=0 prior=0
[inst] req=3883008 hits=1236209 fwd=2586 rows=2646426 fwd_ms=148437.5 eval=0 prior=0
[inst] req=3891200 hits=1238717 fwd=2591 rows=2651546 fwd_ms=148717.6 eval=0 prior=0
[inst] req=3899392 hits=1241176 fwd=2597 rows=2657690 fwd_ms=149054.0 eval=0 prior=0
[inst] req=3907584 hits=1243690 fwd=2603 rows=2663834 fwd_ms=149390.3 eval=0 prior=0
[inst] req=3915776 hits=1246241 fwd=2608 rows=2668954 fwd_ms=149670.5 eval=0 prior=0
[inst] req=3923968 hits=1248779 fwd=2614 rows=2675098 fwd_ms=150006.9 eval=0 prior=0
[inst] req=3932160 hits=1251247 fwd=2619 rows=2680218 fwd_ms=150287.4 eval=0 prior=0
[inst] req=3940352 hits=1253886 fwd=2625 rows=2686362 fwd_ms=150624.3 eval=0 prior=0
[inst] req=3948544 hits=1256383 fwd=2630 rows=2691482 fwd_ms=150904.8 eval=0 prior=0
[inst] req=3956736 hits=1258847 fwd=2636 rows=2697626 fwd_ms=151241.5 eval=0 prior=0
[inst] req=3964928 hits=1261375 fwd=2641 rows=2702746 fwd_ms=151521.9 eval=0 prior=0
[inst] req=3973120 hits=1263800 fwd=2647 rows=2708890 fwd_ms=151858.3 eval=0 prior=0
[inst] req=3981312 hits=1266162 fwd=2653 rows=2715034 fwd_ms=152195.0 eval=0 prior=0
[inst] req=3989504 hits=1268600 fwd=2658 rows=2720154 fwd_ms=152475.4 eval=0 prior=0
[inst] req=3997696 hits=1271077 fwd=2664 rows=2726298 fwd_ms=152811.9 eval=0 prior=0
[inst] req=4005888 hits=1273603 fwd=2669 rows=2731418 fwd_ms=153092.4 eval=0 prior=0
[inst] req=4014080 hits=1276107 fwd=2675 rows=2737562 fwd_ms=153428.9 eval=0 prior=0
[inst] req=4022272 hits=1278616 fwd=2680 rows=2742682 fwd_ms=153709.3 eval=0 prior=0
[inst] req=4030464 hits=1281054 fwd=2686 rows=2748826 fwd_ms=154045.9 eval=0 prior=0
[inst] req=4038656 hits=1283629 fwd=2692 rows=2754970 fwd_ms=154382.4 eval=0 prior=0
[inst] req=4046848 hits=1286126 fwd=2697 rows=2760090 fwd_ms=154662.7 eval=0 prior=0
[inst] req=4055040 hits=1288665 fwd=2703 rows=2766234 fwd_ms=154999.3 eval=0 prior=0
[inst] req=4063232 hits=1291221 fwd=2708 rows=2771354 fwd_ms=155279.8 eval=0 prior=0
[inst] req=4071424 hits=1293930 fwd=2713 rows=2776474 fwd_ms=155560.5 eval=0 prior=0
[inst] req=4079616 hits=1296436 fwd=2719 rows=2782618 fwd_ms=155896.9 eval=0 prior=0
[inst] req=4087808 hits=1299064 fwd=2724 rows=2787738 fwd_ms=156177.2 eval=0 prior=0
[inst] req=4096000 hits=1301704 fwd=2730 rows=2793882 fwd_ms=156513.8 eval=0 prior=0
[inst] req=4104192 hits=1304204 fwd=2735 rows=2799002 fwd_ms=156794.3 eval=0 prior=0
[inst] req=4112384 hits=1306811 fwd=2741 rows=2805146 fwd_ms=157130.9 eval=0 prior=0
[inst] req=4120576 hits=1309547 fwd=2746 rows=2810266 fwd_ms=157411.5 eval=0 prior=0
[inst] req=4128768 hits=1312108 fwd=2752 rows=2816410 fwd_ms=157748.1 eval=0 prior=0
[inst] req=4136960 hits=1314617 fwd=2757 rows=2821530 fwd_ms=158028.6 eval=0 prior=0
[inst] req=4145152 hits=1317131 fwd=2763 rows=2827674 fwd_ms=158365.1 eval=0 prior=0
[inst] req=4153344 hits=1319548 fwd=2768 rows=2832794 fwd_ms=158645.6 eval=0 prior=0
[inst] req=4161536 hits=1322063 fwd=2774 rows=2838938 fwd_ms=158982.0 eval=0 prior=0
[inst] req=4169728 hits=1324564 fwd=2780 rows=2845082 fwd_ms=159318.7 eval=0 prior=0
[inst] req=4177920 hits=1327057 fwd=2785 rows=2850202 fwd_ms=159599.4 eval=0 prior=0
[inst] req=4186112 hits=1329637 fwd=2791 rows=2856346 fwd_ms=159935.9 eval=0 prior=0
[inst] req=4194304 hits=1332290 fwd=2796 rows=2861466 fwd_ms=160216.5 eval=0 prior=0
[inst] req=4202496 hits=1334780 fwd=2802 rows=2867610 fwd_ms=160553.2 eval=0 prior=0
[inst] req=4210688 hits=1337303 fwd=2807 rows=2872730 fwd_ms=160833.9 eval=0 prior=0
[inst] req=4218880 hits=1339754 fwd=2813 rows=2878874 fwd_ms=161170.7 eval=0 prior=0
[inst] req=4227072 hits=1342231 fwd=2818 rows=2883994 fwd_ms=161451.4 eval=0 prior=0
[inst] req=4235264 hits=1344715 fwd=2824 rows=2890138 fwd_ms=161787.9 eval=0 prior=0
[inst] req=4243456 hits=1347166 fwd=2830 rows=2896282 fwd_ms=162124.4 eval=0 prior=0
[inst] req=4251648 hits=1349720 fwd=2835 rows=2901402 fwd_ms=162404.8 eval=0 prior=0
[inst] req=4259840 hits=1352224 fwd=2841 rows=2907546 fwd_ms=162741.2 eval=0 prior=0
[inst] req=4268032 hits=1354753 fwd=2846 rows=2912666 fwd_ms=163021.5 eval=0 prior=0
[inst] req=4276224 hits=1357245 fwd=2852 rows=2918810 fwd_ms=163358.0 eval=0 prior=0
[inst] req=4284416 hits=1359828 fwd=2857 rows=2923930 fwd_ms=163638.4 eval=0 prior=0
[inst] req=4292608 hits=1362381 fwd=2863 rows=2930074 fwd_ms=163975.2 eval=0 prior=0
[inst] req=4300800 hits=1364891 fwd=2868 rows=2935194 fwd_ms=164255.7 eval=0 prior=0
[inst] req=4308992 hits=1367359 fwd=2874 rows=2941338 fwd_ms=164592.3 eval=0 prior=0
[inst] req=4317184 hits=1369874 fwd=2879 rows=2946458 fwd_ms=164873.0 eval=0 prior=0
[inst] req=4325376 hits=1372340 fwd=2885 rows=2952602 fwd_ms=165209.7 eval=0 prior=0
[inst] req=4333568 hits=1374814 fwd=2891 rows=2958746 fwd_ms=165546.1 eval=0 prior=0
[inst] req=4341760 hits=1377239 fwd=2896 rows=2963866 fwd_ms=165826.6 eval=0 prior=0
[inst] req=4349952 hits=1379858 fwd=2902 rows=2970010 fwd_ms=166163.2 eval=0 prior=0
[inst] req=4358144 hits=1382429 fwd=2907 rows=2975130 fwd_ms=166443.6 eval=0 prior=0
[inst] req=4366336 hits=1385027 fwd=2913 rows=2981274 fwd_ms=166780.1 eval=0 prior=0
[inst] req=4374528 hits=1387593 fwd=2918 rows=2986394 fwd_ms=167060.6 eval=0 prior=0
[inst] req=4382720 hits=1390188 fwd=2923 rows=2991514 fwd_ms=167341.1 eval=0 prior=0
[inst] req=4390912 hits=1392687 fwd=2929 rows=2997658 fwd_ms=167677.9 eval=0 prior=0
[inst] req=4399104 hits=1395219 fwd=2935 rows=3003802 fwd_ms=168014.7 eval=0 prior=0
[inst] req=4407296 hits=1397633 fwd=2940 rows=3008922 fwd_ms=168295.7 eval=0 prior=0
[inst] req=4415488 hits=1400152 fwd=2946 rows=3015066 fwd_ms=168632.6 eval=0 prior=0
[inst] req=4423680 hits=1402790 fwd=2951 rows=3020186 fwd_ms=168913.5 eval=0 prior=0
[inst] req=4431872 hits=1405303 fwd=2957 rows=3026330 fwd_ms=169250.1 eval=0 prior=0
[inst] req=4440064 hits=1407845 fwd=2962 rows=3031450 fwd_ms=169530.7 eval=0 prior=0
[inst] req=4448256 hits=1410448 fwd=2968 rows=3037594 fwd_ms=169867.6 eval=0 prior=0
[inst] req=4456448 hits=1413052 fwd=2973 rows=3042714 fwd_ms=170148.3 eval=0 prior=0
[inst] req=4464640 hits=1415617 fwd=2979 rows=3048858 fwd_ms=170485.0 eval=0 prior=0
[inst] req=4472832 hits=1418255 fwd=2984 rows=3053978 fwd_ms=170765.7 eval=0 prior=0
[inst] req=4481024 hits=1420832 fwd=2990 rows=3060122 fwd_ms=171102.5 eval=0 prior=0
[inst] req=4489216 hits=1423301 fwd=2995 rows=3065242 fwd_ms=171383.1 eval=0 prior=0
[inst] req=4497408 hits=1425776 fwd=3001 rows=3071386 fwd_ms=171719.9 eval=0 prior=0
[inst] req=4505600 hits=1428175 fwd=3006 rows=3076506 fwd_ms=172000.4 eval=0 prior=0
[inst] req=4513792 hits=1430645 fwd=3012 rows=3082650 fwd_ms=172337.1 eval=0 prior=0
[inst] req=4521984 hits=1433214 fwd=3017 rows=3087770 fwd_ms=172618.0 eval=0 prior=0
[inst] req=4530176 hits=1435749 fwd=3023 rows=3093914 fwd_ms=172955.2 eval=0 prior=0
[inst] req=4538368 hits=1438390 fwd=3028 rows=3099034 fwd_ms=173235.7 eval=0 prior=0
[inst] req=4546560 hits=1440963 fwd=3034 rows=3105178 fwd_ms=173572.6 eval=0 prior=0
[inst] req=4554752 hits=1443521 fwd=3039 rows=3110298 fwd_ms=173853.2 eval=0 prior=0
[inst] req=4562944 hits=1446046 fwd=3045 rows=3116442 fwd_ms=174190.0 eval=0 prior=0
[inst] req=4571136 hits=1448541 fwd=3051 rows=3122586 fwd_ms=174526.7 eval=0 prior=0
[inst] req=4579328 hits=1451088 fwd=3056 rows=3127706 fwd_ms=174807.2 eval=0 prior=0
[inst] req=4587520 hits=1453532 fwd=3062 rows=3133850 fwd_ms=175143.7 eval=0 prior=0
[inst] req=4595712 hits=1456089 fwd=3067 rows=3138970 fwd_ms=175424.2 eval=0 prior=0
[inst] req=4603904 hits=1458576 fwd=3073 rows=3145114 fwd_ms=175760.7 eval=0 prior=0
[inst] req=4612096 hits=1461345 fwd=3078 rows=3150234 fwd_ms=176041.3 eval=0 prior=0
[inst] req=4620288 hits=1464122 fwd=3083 rows=3155354 fwd_ms=176321.6 eval=0 prior=0
[inst] req=4628480 hits=1466722 fwd=3089 rows=3161498 fwd_ms=176658.2 eval=0 prior=0
[inst] req=4636672 hits=1469290 fwd=3094 rows=3166618 fwd_ms=176938.7 eval=0 prior=0
[inst] req=4644864 hits=1471851 fwd=3100 rows=3172762 fwd_ms=177275.4 eval=0 prior=0
[inst] req=4653056 hits=1474368 fwd=3105 rows=3177882 fwd_ms=177555.9 eval=0 prior=0
[inst] req=4661248 hits=1476776 fwd=3111 rows=3184026 fwd_ms=177892.3 eval=0 prior=0
[inst] req=4669440 hits=1479240 fwd=3117 rows=3190170 fwd_ms=178229.0 eval=0 prior=0
[inst] req=4677632 hits=1481658 fwd=3122 rows=3195290 fwd_ms=178509.4 eval=0 prior=0
[inst] req=4685824 hits=1484127 fwd=3128 rows=3201434 fwd_ms=178846.1 eval=0 prior=0
[inst] req=4694016 hits=1486560 fwd=3133 rows=3206554 fwd_ms=179126.4 eval=0 prior=0
[inst] req=4702208 hits=1489152 fwd=3139 rows=3212698 fwd_ms=179462.9 eval=0 prior=0
[inst] req=4710400 hits=1491622 fwd=3144 rows=3217818 fwd_ms=179743.4 eval=0 prior=0
[inst] req=4718592 hits=1494198 fwd=3150 rows=3223962 fwd_ms=180080.0 eval=0 prior=0
[inst] req=4726784 hits=1496822 fwd=3155 rows=3229082 fwd_ms=180360.5 eval=0 prior=0
[inst] req=4734976 hits=1499410 fwd=3161 rows=3235226 fwd_ms=180697.2 eval=0 prior=0
[inst] req=4743168 hits=1501886 fwd=3166 rows=3240346 fwd_ms=180977.5 eval=0 prior=0
[inst] req=4751360 hits=1504390 fwd=3172 rows=3246490 fwd_ms=181313.9 eval=0 prior=0
[inst] req=4759552 hits=1506840 fwd=3178 rows=3252634 fwd_ms=181650.1 eval=0 prior=0
[inst] req=4767744 hits=1509326 fwd=3183 rows=3257753 fwd_ms=181930.4 eval=0 prior=0
[inst] req=4775936 hits=1511920 fwd=3189 rows=3263897 fwd_ms=182266.9 eval=0 prior=0
[inst] req=4784128 hits=1514475 fwd=3194 rows=3269017 fwd_ms=182547.2 eval=0 prior=0
[inst] req=4792320 hits=1517159 fwd=3199 rows=3274137 fwd_ms=182827.7 eval=0 prior=0
[inst] req=4800512 hits=1519714 fwd=3205 rows=3280281 fwd_ms=183164.2 eval=0 prior=0
[inst] req=4808704 hits=1522271 fwd=3211 rows=3286425 fwd_ms=183500.7 eval=0 prior=0
[inst] req=4816896 hits=1524861 fwd=3216 rows=3291545 fwd_ms=183781.4 eval=0 prior=0
[inst] req=4825088 hits=1527331 fwd=3222 rows=3297689 fwd_ms=184118.1 eval=0 prior=0
[inst] req=4833280 hits=1529878 fwd=3227 rows=3302809 fwd_ms=184398.7 eval=0 prior=0
[inst] req=4841472 hits=1532591 fwd=3232 rows=3307929 fwd_ms=184679.3 eval=0 prior=0
[inst] req=4849664 hits=1535075 fwd=3238 rows=3314073 fwd_ms=185016.0 eval=0 prior=0
[inst] req=4857856 hits=1537707 fwd=3243 rows=3319193 fwd_ms=185296.5 eval=0 prior=0
[inst] req=4866048 hits=1540279 fwd=3249 rows=3325337 fwd_ms=185633.2 eval=0 prior=0
[inst] req=4874240 hits=1542906 fwd=3254 rows=3330457 fwd_ms=185913.5 eval=0 prior=0
[inst] req=4882432 hits=1545403 fwd=3260 rows=3336601 fwd_ms=186250.2 eval=0 prior=0
[inst] req=4890624 hits=1548022 fwd=3265 rows=3341721 fwd_ms=186530.7 eval=0 prior=0
[inst] req=4898816 hits=1550638 fwd=3271 rows=3347865 fwd_ms=186867.3 eval=0 prior=0
[inst] req=4907008 hits=1553259 fwd=3276 rows=3352985 fwd_ms=187147.8 eval=0 prior=0
[inst] req=4915200 hits=1555721 fwd=3282 rows=3359129 fwd_ms=187484.2 eval=0 prior=0
[inst] req=4923392 hits=1558212 fwd=3287 rows=3364249 fwd_ms=187764.7 eval=0 prior=0
[inst] req=4931584 hits=1560733 fwd=3293 rows=3370393 fwd_ms=188101.3 eval=0 prior=0
[inst] req=4939776 hits=1563206 fwd=3299 rows=3376537 fwd_ms=188437.8 eval=0 prior=0
[inst] req=4947968 hits=1565810 fwd=3304 rows=3381657 fwd_ms=188718.2 eval=0 prior=0
[inst] req=4956160 hits=1568369 fwd=3309 rows=3386777 fwd_ms=188998.7 eval=0 prior=0
[inst] req=4964352 hits=1570856 fwd=3315 rows=3392921 fwd_ms=189335.2 eval=0 prior=0
[inst] req=4972544 hits=1573349 fwd=3321 rows=3399065 fwd_ms=189671.8 eval=0 prior=0
[inst] req=4980736 hits=1576092 fwd=3326 rows=3404185 fwd_ms=189952.4 eval=0 prior=0
[inst] req=4988928 hits=1578661 fwd=3331 rows=3409305 fwd_ms=190233.1 eval=0 prior=0
[inst] req=4997120 hits=1581110 fwd=3337 rows=3415449 fwd_ms=190569.8 eval=0 prior=0
[inst] req=5005312 hits=1583748 fwd=3342 rows=3420569 fwd_ms=190850.2 eval=0 prior=0
[inst] req=5013504 hits=1586361 fwd=3348 rows=3426713 fwd_ms=191186.7 eval=0 prior=0
[inst] req=5021696 hits=1588825 fwd=3354 rows=3432857 fwd_ms=191523.2 eval=0 prior=0
[inst] req=5029888 hits=1591205 fwd=3359 rows=3437977 fwd_ms=191803.7 eval=0 prior=0
[inst] req=5038080 hits=1593665 fwd=3365 rows=3444121 fwd_ms=192140.4 eval=0 prior=0
[inst] req=5046272 hits=1596142 fwd=3370 rows=3449241 fwd_ms=192420.9 eval=0 prior=0
[inst] req=5054464 hits=1598632 fwd=3376 rows=3455385 fwd_ms=192757.7 eval=0 prior=0
[inst] req=5062656 hits=1601291 fwd=3381 rows=3460505 fwd_ms=193038.4 eval=0 prior=0
[inst] req=5070848 hits=1604012 fwd=3387 rows=3466649 fwd_ms=193375.1 eval=0 prior=0
[inst] req=5079040 hits=1606570 fwd=3392 rows=3471769 fwd_ms=193655.5 eval=0 prior=0
[inst] req=5087232 hits=1609101 fwd=3398 rows=3477913 fwd_ms=193992.0 eval=0 prior=0
[inst] req=5095424 hits=1611610 fwd=3403 rows=3483033 fwd_ms=194272.5 eval=0 prior=0
[inst] req=5103616 hits=1614227 fwd=3409 rows=3489177 fwd_ms=194609.2 eval=0 prior=0
[inst] req=5111808 hits=1616782 fwd=3414 rows=3494297 fwd_ms=194889.8 eval=0 prior=0
[inst] req=5120000 hits=1619255 fwd=3420 rows=3500441 fwd_ms=195226.4 eval=0 prior=0
[inst] req=5128192 hits=1621804 fwd=3425 rows=3505561 fwd_ms=195506.8 eval=0 prior=0
[inst] req=5136384 hits=1624325 fwd=3431 rows=3511704 fwd_ms=195843.1 eval=0 prior=0
[inst] req=5144576 hits=1626940 fwd=3436 rows=3516824 fwd_ms=196123.4 eval=0 prior=0
[inst] req=5152768 hits=1629503 fwd=3442 rows=3522968 fwd_ms=196460.1 eval=0 prior=0
[inst] req=5160960 hits=1632015 fwd=3447 rows=3528088 fwd_ms=196740.5 eval=0 prior=0
[inst] req=5169152 hits=1634466 fwd=3453 rows=3534232 fwd_ms=197076.9 eval=0 prior=0
[inst] req=5177344 hits=1636908 fwd=3459 rows=3540376 fwd_ms=197413.4 eval=0 prior=0
[inst] req=5185536 hits=1639422 fwd=3464 rows=3545496 fwd_ms=197693.9 eval=0 prior=0
[inst] req=5193728 hits=1641993 fwd=3470 rows=3551640 fwd_ms=198030.4 eval=0 prior=0
[inst] req=5201920 hits=1644466 fwd=3475 rows=3556760 fwd_ms=198310.6 eval=0 prior=0
[inst] req=5210112 hits=1646958 fwd=3481 rows=3562904 fwd_ms=198647.3 eval=0 prior=0
[inst] req=5218304 hits=1649445 fwd=3486 rows=3568024 fwd_ms=198927.5 eval=0 prior=0
[inst] req=5226496 hits=1652009 fwd=3492 rows=3574168 fwd_ms=199264.0 eval=0 prior=0
[inst] req=5234688 hits=1654743 fwd=3497 rows=3579288 fwd_ms=199544.6 eval=0 prior=0
[inst] req=5242880 hits=1657226 fwd=3503 rows=3585432 fwd_ms=199881.0 eval=0 prior=0
[inst] req=5251072 hits=1659817 fwd=3508 rows=3590552 fwd_ms=200161.6 eval=0 prior=0
[inst] req=5259264 hits=1662354 fwd=3514 rows=3596696 fwd_ms=200498.2 eval=0 prior=0
[inst] req=5267456 hits=1664827 fwd=3519 rows=3601816 fwd_ms=200778.6 eval=0 prior=0
[inst] req=5275648 hits=1667356 fwd=3525 rows=3607960 fwd_ms=201114.9 eval=0 prior=0
[inst] req=5283840 hits=1669835 fwd=3530 rows=3613080 fwd_ms=201395.3 eval=0 prior=0
[inst] req=5292032 hits=1672449 fwd=3536 rows=3619224 fwd_ms=201731.6 eval=0 prior=0
[inst] req=5300224 hits=1674940 fwd=3541 rows=3624344 fwd_ms=202011.9 eval=0 prior=0
[inst] req=5308416 hits=1677581 fwd=3547 rows=3630488 fwd_ms=202348.4 eval=0 prior=0
[inst] req=5316608 hits=1680300 fwd=3552 rows=3635608 fwd_ms=202628.9 eval=0 prior=0
[inst] req=5324800 hits=1682983 fwd=3558 rows=3641752 fwd_ms=202965.4 eval=0 prior=0
[inst] req=5332992 hits=1685721 fwd=3563 rows=3646872 fwd_ms=203245.7 eval=0 prior=0
[inst] req=5341184 hits=1688276 fwd=3568 rows=3651992 fwd_ms=203526.0 eval=0 prior=0
[inst] req=5349376 hits=1690835 fwd=3574 rows=3658136 fwd_ms=203862.5 eval=0 prior=0
[inst] req=5357568 hits=1693336 fwd=3579 rows=3663256 fwd_ms=204143.0 eval=0 prior=0
[inst] req=5365760 hits=1695779 fwd=3585 rows=3669400 fwd_ms=204479.7 eval=0 prior=0
[inst] req=5373952 hits=1698182 fwd=3591 rows=3675544 fwd_ms=204816.2 eval=0 prior=0
[inst] req=5382144 hits=1700801 fwd=3596 rows=3680664 fwd_ms=205096.8 eval=0 prior=0
[inst] req=5390336 hits=1703316 fwd=3602 rows=3686808 fwd_ms=205433.4 eval=0 prior=0
[inst] req=5398528 hits=1705923 fwd=3607 rows=3691928 fwd_ms=205713.9 eval=0 prior=0
[inst] req=5406720 hits=1708543 fwd=3613 rows=3698072 fwd_ms=206050.2 eval=0 prior=0
[inst] req=5414912 hits=1711054 fwd=3618 rows=3703192 fwd_ms=206330.6 eval=0 prior=0
[inst] req=5423104 hits=1713634 fwd=3624 rows=3709336 fwd_ms=206667.3 eval=0 prior=0
[inst] req=5431296 hits=1716126 fwd=3629 rows=3714456 fwd_ms=206947.5 eval=0 prior=0
[inst] req=5439488 hits=1718793 fwd=3635 rows=3720600 fwd_ms=207284.1 eval=0 prior=0
[inst] req=5447680 hits=1721244 fwd=3640 rows=3725720 fwd_ms=207564.5 eval=0 prior=0
[inst] req=5455872 hits=1723699 fwd=3646 rows=3731864 fwd_ms=207901.0 eval=0 prior=0
[inst] req=5464064 hits=1726285 fwd=3651 rows=3736984 fwd_ms=208181.5 eval=0 prior=0
[inst] req=5472256 hits=1728749 fwd=3657 rows=3743128 fwd_ms=208518.2 eval=0 prior=0
[inst] req=5480448 hits=1731286 fwd=3662 rows=3748248 fwd_ms=208798.7 eval=0 prior=0
[inst] req=5488640 hits=1733792 fwd=3668 rows=3754392 fwd_ms=209135.2 eval=0 prior=0
[inst] req=5496832 hits=1736376 fwd=3673 rows=3759512 fwd_ms=209415.6 eval=0 prior=0
[inst] req=5505024 hits=1739085 fwd=3679 rows=3765656 fwd_ms=209752.2 eval=0 prior=0
[inst] req=5513216 hits=1741730 fwd=3684 rows=3770776 fwd_ms=210032.8 eval=0 prior=0
[inst] req=5521408 hits=1744304 fwd=3690 rows=3776920 fwd_ms=210369.3 eval=0 prior=0
[inst] req=5529600 hits=1746741 fwd=3695 rows=3782040 fwd_ms=210649.9 eval=0 prior=0
[inst] req=5537792 hits=1749173 fwd=3701 rows=3788184 fwd_ms=210986.4 eval=0 prior=0
[inst] req=5545984 hits=1751648 fwd=3707 rows=3794328 fwd_ms=211322.9 eval=0 prior=0
[inst] req=5554176 hits=1754219 fwd=3712 rows=3799448 fwd_ms=211603.3 eval=0 prior=0
[inst] req=5562368 hits=1756728 fwd=3718 rows=3805592 fwd_ms=211939.8 eval=0 prior=0
[inst] req=5570560 hits=1759255 fwd=3723 rows=3810712 fwd_ms=212220.3 eval=0 prior=0
[inst] req=5578752 hits=1761883 fwd=3729 rows=3816856 fwd_ms=212556.7 eval=0 prior=0
[inst] req=5586944 hits=1764424 fwd=3734 rows=3821976 fwd_ms=212837.1 eval=0 prior=0
[inst] req=5595136 hits=1767035 fwd=3739 rows=3827096 fwd_ms=213134.7 eval=0 prior=0
[inst] req=5603328 hits=1769713 fwd=3745 rows=3833240 fwd_ms=213470.5 eval=0 prior=0
[inst] req=5611520 hits=1772204 fwd=3750 rows=3838360 fwd_ms=213748.4 eval=0 prior=0
[inst] req=5619712 hits=1774660 fwd=3756 rows=3844504 fwd_ms=214082.0 eval=0 prior=0
[inst] req=5627904 hits=1777268 fwd=3761 rows=3849624 fwd_ms=214359.8 eval=0 prior=0
[inst] req=5636096 hits=1779796 fwd=3767 rows=3855768 fwd_ms=214693.4 eval=0 prior=0
[inst] req=5644288 hits=1782382 fwd=3772 rows=3860888 fwd_ms=214971.4 eval=0 prior=0
[inst] req=5652480 hits=1785125 fwd=3778 rows=3867032 fwd_ms=215305.2 eval=0 prior=0
[inst] req=5660672 hits=1787748 fwd=3783 rows=3872152 fwd_ms=215583.1 eval=0 prior=0
[inst] req=5668864 hits=1790307 fwd=3789 rows=3878296 fwd_ms=215916.9 eval=0 prior=0
[inst] req=5677056 hits=1792875 fwd=3794 rows=3883416 fwd_ms=216195.1 eval=0 prior=0
[inst] req=5685248 hits=1795410 fwd=3800 rows=3889560 fwd_ms=216528.8 eval=0 prior=0
[inst] req=5693440 hits=1798064 fwd=3805 rows=3894680 fwd_ms=216806.6 eval=0 prior=0
[inst] req=5701632 hits=1800659 fwd=3811 rows=3900824 fwd_ms=217140.3 eval=0 prior=0
[inst] req=5709824 hits=1803101 fwd=3816 rows=3905944 fwd_ms=217418.3 eval=0 prior=0
[inst] req=5718016 hits=1805684 fwd=3822 rows=3912088 fwd_ms=217751.7 eval=0 prior=0
[inst] req=5726208 hits=1808218 fwd=3827 rows=3917208 fwd_ms=218029.5 eval=0 prior=0
[inst] req=5734400 hits=1810713 fwd=3833 rows=3923352 fwd_ms=218362.9 eval=0 prior=0
[inst] req=5742592 hits=1813260 fwd=3838 rows=3928472 fwd_ms=218640.9 eval=0 prior=0
[inst] req=5750784 hits=1815897 fwd=3844 rows=3934616 fwd_ms=218974.4 eval=0 prior=0
[inst] req=5758976 hits=1818585 fwd=3849 rows=3939736 fwd_ms=219252.5 eval=0 prior=0
[inst] req=5767168 hits=1821344 fwd=3854 rows=3944856 fwd_ms=219530.6 eval=0 prior=0
[inst] req=5775360 hits=1823928 fwd=3860 rows=3951000 fwd_ms=219864.0 eval=0 prior=0
[inst] req=5783552 hits=1826440 fwd=3865 rows=3956120 fwd_ms=220142.0 eval=0 prior=0
[inst] req=5791744 hits=1828882 fwd=3871 rows=3962264 fwd_ms=220475.6 eval=0 prior=0
[inst] req=5799936 hits=1831431 fwd=3877 rows=3968408 fwd_ms=220809.1 eval=0 prior=0
[inst] req=5808128 hits=1833886 fwd=3882 rows=3973528 fwd_ms=221087.0 eval=0 prior=0
[inst] req=5816320 hits=1836520 fwd=3888 rows=3979672 fwd_ms=221420.4 eval=0 prior=0
[inst] req=5824512 hits=1838986 fwd=3893 rows=3984792 fwd_ms=221698.4 eval=0 prior=0
[inst] req=5832704 hits=1841627 fwd=3899 rows=3990936 fwd_ms=222031.8 eval=0 prior=0
[inst] req=5840896 hits=1844203 fwd=3904 rows=3996056 fwd_ms=222309.8 eval=0 prior=0
[inst] req=5849088 hits=1846796 fwd=3910 rows=4002200 fwd_ms=222643.5 eval=0 prior=0
[inst] req=5857280 hits=1849325 fwd=3915 rows=4007320 fwd_ms=222921.4 eval=0 prior=0
[inst] req=5865472 hits=1851861 fwd=3921 rows=4013464 fwd_ms=223255.1 eval=0 prior=0
[inst] req=5873664 hits=1854325 fwd=3926 rows=4018584 fwd_ms=223533.2 eval=0 prior=0
[inst] req=5881856 hits=1856902 fwd=3932 rows=4024728 fwd_ms=223866.8 eval=0 prior=0
[inst] req=5890048 hits=1859361 fwd=3937 rows=4029848 fwd_ms=224144.7 eval=0 prior=0
[inst] req=5898240 hits=1861805 fwd=3943 rows=4035992 fwd_ms=224478.2 eval=0 prior=0
[inst] req=5906432 hits=1864312 fwd=3948 rows=4041112 fwd_ms=224756.2 eval=0 prior=0
[inst] req=5914624 hits=1866828 fwd=3954 rows=4047256 fwd_ms=225089.6 eval=0 prior=0
[inst] req=5922816 hits=1869369 fwd=3960 rows=4053400 fwd_ms=225423.0 eval=0 prior=0
[inst] req=5931008 hits=1872075 fwd=3965 rows=4058520 fwd_ms=225701.0 eval=0 prior=0
[inst] req=5939200 hits=1874849 fwd=3970 rows=4063640 fwd_ms=225981.3 eval=0 prior=0
[inst] req=5947392 hits=1877506 fwd=3976 rows=4069784 fwd_ms=226314.8 eval=0 prior=0
[inst] req=5955584 hits=1880055 fwd=3981 rows=4074904 fwd_ms=226592.8 eval=0 prior=0
[inst] req=5963776 hits=1882493 fwd=3987 rows=4081048 fwd_ms=226926.1 eval=0 prior=0
[inst] req=5971968 hits=1885013 fwd=3992 rows=4086168 fwd_ms=227204.0 eval=0 prior=0
[inst] req=5980160 hits=1887473 fwd=3998 rows=4092312 fwd_ms=227537.6 eval=0 prior=0
[inst] req=5988352 hits=1889944 fwd=4003 rows=4097432 fwd_ms=227815.6 eval=0 prior=0
[inst] req=5996544 hits=1892435 fwd=4009 rows=4103576 fwd_ms=228149.1 eval=0 prior=0
[inst] req=6004736 hits=1894963 fwd=4015 rows=4109720 fwd_ms=228482.7 eval=0 prior=0
[inst] req=6012928 hits=1897509 fwd=4020 rows=4114835 fwd_ms=228772.8 eval=0 prior=0
[inst] req=6021120 hits=1900061 fwd=4026 rows=4120979 fwd_ms=229112.0 eval=0 prior=0
[inst] req=6029312 hits=1902654 fwd=4031 rows=4126099 fwd_ms=229390.1 eval=0 prior=0
[inst] req=6037504 hits=1905203 fwd=4037 rows=4132243 fwd_ms=229723.8 eval=0 prior=0
[inst] req=6045696 hits=1907653 fwd=4042 rows=4137363 fwd_ms=230002.0 eval=0 prior=0
[inst] req=6053888 hits=1910195 fwd=4048 rows=4143507 fwd_ms=230335.6 eval=0 prior=0
[inst] req=6062080 hits=1912863 fwd=4053 rows=4148627 fwd_ms=230613.8 eval=0 prior=0
[inst] req=6070272 hits=1915479 fwd=4059 rows=4154771 fwd_ms=230947.6 eval=0 prior=0
[inst] req=6078464 hits=1918073 fwd=4064 rows=4159891 fwd_ms=231225.8 eval=0 prior=0
[inst] req=6086656 hits=1920655 fwd=4069 rows=4165011 fwd_ms=231504.0 eval=0 prior=0
[inst] req=6094848 hits=1923279 fwd=4075 rows=4171155 fwd_ms=231838.1 eval=0 prior=0
[inst] req=6103040 hits=1925856 fwd=4080 rows=4176275 fwd_ms=232116.4 eval=0 prior=0
[inst] req=6111232 hits=1928702 fwd=4086 rows=4182419 fwd_ms=232450.2 eval=0 prior=0
[inst] req=6119424 hits=1931320 fwd=4091 rows=4187539 fwd_ms=232728.3 eval=0 prior=0
[inst] req=6127616 hits=1933880 fwd=4097 rows=4193683 fwd_ms=233062.0 eval=0 prior=0
[inst] req=6135808 hits=1936486 fwd=4102 rows=4198803 fwd_ms=233340.3 eval=0 prior=0
[inst] req=6144000 hits=1938999 fwd=4108 rows=4204947 fwd_ms=233674.0 eval=0 prior=0
[inst] req=6152192 hits=1941615 fwd=4113 rows=4210067 fwd_ms=233952.2 eval=0 prior=0
[inst] req=6160384 hits=1944345 fwd=4118 rows=4215187 fwd_ms=234230.4 eval=0 prior=0
[inst] req=6168576 hits=1946938 fwd=4124 rows=4221331 fwd_ms=234564.2 eval=0 prior=0
[inst] req=6176768 hits=1949594 fwd=4129 rows=4226451 fwd_ms=234842.5 eval=0 prior=0
[inst] req=6184960 hits=1952090 fwd=4135 rows=4232595 fwd_ms=235176.4 eval=0 prior=0
[inst] req=6193152 hits=1954725 fwd=4140 rows=4237715 fwd_ms=235454.6 eval=0 prior=0
[inst] req=6201344 hits=1957349 fwd=4146 rows=4243859 fwd_ms=235788.5 eval=0 prior=0
[inst] req=6209536 hits=1959877 fwd=4151 rows=4248979 fwd_ms=236066.8 eval=0 prior=0
[inst] req=6217728 hits=1962438 fwd=4157 rows=4255123 fwd_ms=236402.7 eval=0 prior=0
[inst] req=6225920 hits=1965206 fwd=4162 rows=4260243 fwd_ms=236683.2 eval=0 prior=0
[inst] req=6234112 hits=1967909 fwd=4167 rows=4265363 fwd_ms=236963.6 eval=0 prior=0
[inst] req=6242304 hits=1970459 fwd=4173 rows=4271507 fwd_ms=237300.3 eval=0 prior=0
[inst] req=6250496 hits=1973279 fwd=4178 rows=4276627 fwd_ms=237580.6 eval=0 prior=0
[inst] req=6258688 hits=1975920 fwd=4183 rows=4281747 fwd_ms=237860.9 eval=0 prior=0
[inst] req=6266880 hits=1978433 fwd=4189 rows=4287891 fwd_ms=238197.5 eval=0 prior=0
[inst] req=6275072 hits=1981143 fwd=4194 rows=4293011 fwd_ms=238477.9 eval=0 prior=0
[inst] req=6283264 hits=1983797 fwd=4200 rows=4299155 fwd_ms=238814.3 eval=0 prior=0
[inst] req=6291456 hits=1986345 fwd=4205 rows=4304275 fwd_ms=239094.6 eval=0 prior=0
[inst] req=6299648 hits=1988861 fwd=4211 rows=4310419 fwd_ms=239431.0 eval=0 prior=0
[inst] req=6307840 hits=1991333 fwd=4216 rows=4315539 fwd_ms=239711.4 eval=0 prior=0
[inst] req=6316032 hits=1994007 fwd=4222 rows=4321683 fwd_ms=240047.8 eval=0 prior=0
[inst] req=6324224 hits=1996657 fwd=4227 rows=4326803 fwd_ms=240328.3 eval=0 prior=0
[inst] req=6332416 hits=1999168 fwd=4233 rows=4332947 fwd_ms=240664.8 eval=0 prior=0
[inst] req=6340608 hits=2001685 fwd=4238 rows=4338067 fwd_ms=240945.3 eval=0 prior=0
[inst] req=6348800 hits=2004319 fwd=4244 rows=4344211 fwd_ms=241281.7 eval=0 prior=0
[inst] req=6356992 hits=2006914 fwd=4249 rows=4349331 fwd_ms=241562.1 eval=0 prior=0
[inst] req=6365184 hits=2009572 fwd=4255 rows=4355475 fwd_ms=241898.6 eval=0 prior=0
[inst] req=6373376 hits=2012122 fwd=4260 rows=4360595 fwd_ms=242179.1 eval=0 prior=0
[inst] req=6381568 hits=2015092 fwd=4265 rows=4365715 fwd_ms=242459.4 eval=0 prior=0
[inst] req=6389760 hits=2017787 fwd=4271 rows=4371859 fwd_ms=242795.7 eval=0 prior=0
[inst] req=6397952 hits=2020233 fwd=4276 rows=4376979 fwd_ms=243074.2 eval=0 prior=0
[inst] req=6406144 hits=2022959 fwd=4282 rows=4383123 fwd_ms=243408.1 eval=0 prior=0
[inst] req=6414336 hits=2025456 fwd=4287 rows=4388243 fwd_ms=243686.6 eval=0 prior=0
[inst] req=6422528 hits=2028149 fwd=4292 rows=4393363 fwd_ms=243964.8 eval=0 prior=0
[inst] req=6430720 hits=2030748 fwd=4298 rows=4399507 fwd_ms=244299.4 eval=0 prior=0
[inst] req=6438912 hits=2033395 fwd=4303 rows=4404627 fwd_ms=244577.8 eval=0 prior=0
[inst] req=6447104 hits=2035935 fwd=4309 rows=4410771 fwd_ms=244911.9 eval=0 prior=0
[inst] req=6455296 hits=2038478 fwd=4314 rows=4415891 fwd_ms=245190.3 eval=0 prior=0
[inst] req=6463488 hits=2041094 fwd=4320 rows=4422035 fwd_ms=245524.3 eval=0 prior=0
[inst] req=6471680 hits=2043595 fwd=4325 rows=4427155 fwd_ms=245802.5 eval=0 prior=0
[inst] req=6479872 hits=2046125 fwd=4331 rows=4433299 fwd_ms=246136.4 eval=0 prior=0
[inst] req=6488064 hits=2048757 fwd=4336 rows=4438419 fwd_ms=246415.6 eval=0 prior=0
[inst] req=6496256 hits=2051398 fwd=4342 rows=4444563 fwd_ms=246751.0 eval=0 prior=0
[inst] req=6504448 hits=2053975 fwd=4347 rows=4449683 fwd_ms=247030.8 eval=0 prior=0
[inst] req=6512640 hits=2056618 fwd=4353 rows=4455827 fwd_ms=247366.1 eval=0 prior=0
[inst] req=6520832 hits=2059287 fwd=4358 rows=4460947 fwd_ms=247645.4 eval=0 prior=0
[inst] req=6529024 hits=2061881 fwd=4364 rows=4467091 fwd_ms=247980.7 eval=0 prior=0
[inst] req=6537216 hits=2064509 fwd=4369 rows=4472211 fwd_ms=248259.9 eval=0 prior=0
[inst] req=6545408 hits=2067069 fwd=4374 rows=4477331 fwd_ms=248538.2 eval=0 prior=0
[inst] req=6553600 hits=2069591 fwd=4380 rows=4483475 fwd_ms=248872.6 eval=0 prior=0
[inst] req=6561792 hits=2072160 fwd=4386 rows=4489619 fwd_ms=249206.9 eval=0 prior=0
[inst] req=6569984 hits=2074751 fwd=4391 rows=4494739 fwd_ms=249485.5 eval=0 prior=0
[inst] req=6578176 hits=2077224 fwd=4397 rows=4500883 fwd_ms=249819.8 eval=0 prior=0
[inst] req=6586368 hits=2079816 fwd=4402 rows=4506003 fwd_ms=250098.4 eval=0 prior=0
[inst] req=6594560 hits=2082496 fwd=4407 rows=4511123 fwd_ms=250377.1 eval=0 prior=0
[inst] req=6602752 hits=2085080 fwd=4413 rows=4517267 fwd_ms=250711.5 eval=0 prior=0
[inst] req=6610944 hits=2087663 fwd=4418 rows=4522387 fwd_ms=250990.2 eval=0 prior=0
[inst] req=6619136 hits=2090175 fwd=4424 rows=4528531 fwd_ms=251324.6 eval=0 prior=0
[inst] req=6627328 hits=2092789 fwd=4429 rows=4533651 fwd_ms=251603.2 eval=0 prior=0
[inst] req=6635520 hits=2095338 fwd=4435 rows=4539795 fwd_ms=251937.6 eval=0 prior=0
[inst] req=6643712 hits=2097897 fwd=4440 rows=4544915 fwd_ms=252216.2 eval=0 prior=0
[inst] req=6651904 hits=2100525 fwd=4446 rows=4551059 fwd_ms=252550.5 eval=0 prior=0
[inst] req=6660096 hits=2103067 fwd=4451 rows=4556179 fwd_ms=252829.2 eval=0 prior=0
[inst] req=6668288 hits=2105737 fwd=4457 rows=4562323 fwd_ms=253163.5 eval=0 prior=0
[inst] req=6676480 hits=2108371 fwd=4462 rows=4567443 fwd_ms=253442.2 eval=0 prior=0
[inst] req=6684672 hits=2110849 fwd=4468 rows=4573587 fwd_ms=253776.4 eval=0 prior=0
[inst] req=6692864 hits=2113564 fwd=4473 rows=4578707 fwd_ms=254054.8 eval=0 prior=0
[inst] req=6701056 hits=2116022 fwd=4479 rows=4584851 fwd_ms=254389.2 eval=0 prior=0
[inst] req=6709248 hits=2118622 fwd=4484 rows=4589971 fwd_ms=254667.9 eval=0 prior=0
[inst] req=6717440 hits=2121182 fwd=4490 rows=4596115 fwd_ms=255002.4 eval=0 prior=0
[inst] req=6725632 hits=2123755 fwd=4495 rows=4601235 fwd_ms=255281.1 eval=0 prior=0
[inst] req=6733824 hits=2126409 fwd=4501 rows=4607379 fwd_ms=255615.4 eval=0 prior=0
[inst] req=6742016 hits=2128991 fwd=4506 rows=4612499 fwd_ms=255894.0 eval=0 prior=0
[inst] req=6750208 hits=2131520 fwd=4512 rows=4618643 fwd_ms=256228.4 eval=0 prior=0
[inst] req=6758400 hits=2134018 fwd=4517 rows=4623763 fwd_ms=256507.1 eval=0 prior=0
[inst] req=6766592 hits=2136607 fwd=4523 rows=4629907 fwd_ms=256841.6 eval=0 prior=0
[inst] req=6774784 hits=2139242 fwd=4528 rows=4635027 fwd_ms=257120.3 eval=0 prior=0
[inst] req=6782976 hits=2141777 fwd=4534 rows=4641171 fwd_ms=257454.6 eval=0 prior=0
[inst] req=6791168 hits=2144438 fwd=4539 rows=4646291 fwd_ms=257733.2 eval=0 prior=0
[inst] req=6799360 hits=2146965 fwd=4544 rows=4651411 fwd_ms=258011.7 eval=0 prior=0
[inst] req=6807552 hits=2149475 fwd=4550 rows=4657555 fwd_ms=258345.9 eval=0 prior=0
[inst] req=6815744 hits=2151999 fwd=4556 rows=4663699 fwd_ms=258681.3 eval=0 prior=0
[inst] req=6823936 hits=2154605 fwd=4561 rows=4668819 fwd_ms=258960.9 eval=0 prior=0
[inst] req=6832128 hits=2157143 fwd=4567 rows=4674963 fwd_ms=259296.5 eval=0 prior=0
[inst] req=6840320 hits=2159729 fwd=4572 rows=4680083 fwd_ms=259576.1 eval=0 prior=0
[inst] req=6848512 hits=2162416 fwd=4577 rows=4685203 fwd_ms=259855.7 eval=0 prior=0
[inst] req=6856704 hits=2165034 fwd=4583 rows=4691347 fwd_ms=260191.0 eval=0 prior=0
[inst] req=6864896 hits=2167690 fwd=4588 rows=4696467 fwd_ms=260470.6 eval=0 prior=0
[inst] req=6873088 hits=2170421 fwd=4594 rows=4702611 fwd_ms=260805.8 eval=0 prior=0
[inst] req=6881280 hits=2172997 fwd=4599 rows=4707731 fwd_ms=261085.2 eval=0 prior=0
[inst] req=6889472 hits=2175493 fwd=4605 rows=4713875 fwd_ms=261420.7 eval=0 prior=0
[inst] req=6897664 hits=2177979 fwd=4610 rows=4718995 fwd_ms=261700.4 eval=0 prior=0
[inst] req=6905856 hits=2180452 fwd=4616 rows=4725139 fwd_ms=262036.0 eval=0 prior=0
[inst] req=6914048 hits=2183095 fwd=4621 rows=4730259 fwd_ms=262315.7 eval=0 prior=0
[inst] req=6922240 hits=2185825 fwd=4627 rows=4736403 fwd_ms=262651.3 eval=0 prior=0
[inst] req=6930432 hits=2188329 fwd=4632 rows=4741523 fwd_ms=262931.0 eval=0 prior=0
[inst] req=6938624 hits=2190901 fwd=4638 rows=4747667 fwd_ms=263266.6 eval=0 prior=0
[inst] req=6946816 hits=2193385 fwd=4643 rows=4752787 fwd_ms=263546.5 eval=0 prior=0
[inst] req=6955008 hits=2195896 fwd=4649 rows=4758931 fwd_ms=263882.3 eval=0 prior=0
[inst] req=6963200 hits=2198762 fwd=4654 rows=4764051 fwd_ms=264162.1 eval=0 prior=0
[inst] req=6971392 hits=2201423 fwd=4659 rows=4769171 fwd_ms=264441.9 eval=0 prior=0
[inst] req=6979584 hits=2203912 fwd=4665 rows=4775315 fwd_ms=264777.4 eval=0 prior=0
[inst] req=6987776 hits=2206411 fwd=4670 rows=4780435 fwd_ms=265056.7 eval=0 prior=0
[inst] req=6995968 hits=2209053 fwd=4676 rows=4786578 fwd_ms=265392.4 eval=0 prior=0
[inst] req=7004160 hits=2211593 fwd=4681 rows=4791698 fwd_ms=265672.1 eval=0 prior=0
[inst] req=7012352 hits=2214072 fwd=4687 rows=4797842 fwd_ms=266007.5 eval=0 prior=0
[inst] req=7020544 hits=2216796 fwd=4692 rows=4802962 fwd_ms=266287.0 eval=0 prior=0
[inst] req=7028736 hits=2219359 fwd=4698 rows=4809106 fwd_ms=266622.4 eval=0 prior=0
[inst] req=7036928 hits=2221903 fwd=4703 rows=4814226 fwd_ms=266901.9 eval=0 prior=0
[inst] req=7045120 hits=2224450 fwd=4709 rows=4820370 fwd_ms=267237.4 eval=0 prior=0
[inst] req=7053312 hits=2227014 fwd=4714 rows=4825490 fwd_ms=267516.9 eval=0 prior=0
[inst] req=7061504 hits=2229534 fwd=4720 rows=4831634 fwd_ms=267852.3 eval=0 prior=0
[inst] req=7069696 hits=2232200 fwd=4725 rows=4836754 fwd_ms=268131.8 eval=0 prior=0
[inst] req=7077888 hits=2234818 fwd=4731 rows=4842898 fwd_ms=268467.3 eval=0 prior=0
[inst] req=7086080 hits=2237309 fwd=4736 rows=4848018 fwd_ms=268746.9 eval=0 prior=0
[inst] req=7094272 hits=2239984 fwd=4742 rows=4854162 fwd_ms=269082.3 eval=0 prior=0
[inst] req=7102464 hits=2242581 fwd=4747 rows=4859282 fwd_ms=269361.9 eval=0 prior=0
[inst] req=7110656 hits=2245128 fwd=4753 rows=4865426 fwd_ms=269697.5 eval=0 prior=0
[inst] req=7118848 hits=2247587 fwd=4758 rows=4870546 fwd_ms=269977.0 eval=0 prior=0
[inst] req=7127040 hits=2250113 fwd=4764 rows=4876690 fwd_ms=270312.5 eval=0 prior=0
[inst] req=7135232 hits=2252822 fwd=4769 rows=4881810 fwd_ms=270591.9 eval=0 prior=0
[inst] req=7143424 hits=2255368 fwd=4775 rows=4887954 fwd_ms=270927.1 eval=0 prior=0
[inst] req=7151616 hits=2257827 fwd=4780 rows=4893074 fwd_ms=271206.3 eval=0 prior=0
[inst] req=7159808 hits=2260323 fwd=4786 rows=4899218 fwd_ms=271541.7 eval=0 prior=0
[inst] req=7168000 hits=2262941 fwd=4791 rows=4904338 fwd_ms=271821.2 eval=0 prior=0
[inst] req=7176192 hits=2265569 fwd=4797 rows=4910482 fwd_ms=272156.8 eval=0 prior=0
[inst] req=7184384 hits=2268142 fwd=4802 rows=4915602 fwd_ms=272436.4 eval=0 prior=0
[inst] req=7192576 hits=2270644 fwd=4808 rows=4921746 fwd_ms=272771.9 eval=0 prior=0
[inst] req=7200768 hits=2273064 fwd=4813 rows=4926866 fwd_ms=273051.5 eval=0 prior=0
[inst] req=7208960 hits=2275672 fwd=4819 rows=4933010 fwd_ms=273387.0 eval=0 prior=0
[inst] req=7217152 hits=2278375 fwd=4824 rows=4938130 fwd_ms=273666.5 eval=0 prior=0
[inst] req=7225344 hits=2280917 fwd=4830 rows=4944274 fwd_ms=274002.1 eval=0 prior=0
[inst] req=7233536 hits=2283469 fwd=4835 rows=4949394 fwd_ms=274293.6 eval=0 prior=0
[inst] req=7241728 hits=2286053 fwd=4841 rows=4955538 fwd_ms=274629.1 eval=0 prior=0
[inst] req=7249920 hits=2288787 fwd=4846 rows=4960658 fwd_ms=274908.6 eval=0 prior=0
[inst] req=7258112 hits=2291420 fwd=4851 rows=4965778 fwd_ms=275188.2 eval=0 prior=0
[inst] req=7266304 hits=2293959 fwd=4857 rows=4971922 fwd_ms=275523.8 eval=0 prior=0
[inst] req=7274496 hits=2296504 fwd=4862 rows=4977042 fwd_ms=275803.2 eval=0 prior=0
[inst] req=7282688 hits=2299188 fwd=4868 rows=4983186 fwd_ms=276138.7 eval=0 prior=0
[inst] req=7290880 hits=2301698 fwd=4873 rows=4988306 fwd_ms=276418.1 eval=0 prior=0
[inst] req=7299072 hits=2304239 fwd=4879 rows=4994450 fwd_ms=276753.5 eval=0 prior=0
[inst] req=7307264 hits=2306776 fwd=4884 rows=4999570 fwd_ms=277032.8 eval=0 prior=0
[inst] req=7315456 hits=2309267 fwd=4890 rows=5005714 fwd_ms=277368.2 eval=0 prior=0
[inst] req=7323648 hits=2312056 fwd=4895 rows=5010834 fwd_ms=277647.9 eval=0 prior=0
[inst] req=7331840 hits=2314655 fwd=4901 rows=5016978 fwd_ms=277983.4 eval=0 prior=0
[inst] req=7340032 hits=2317281 fwd=4906 rows=5022098 fwd_ms=278263.0 eval=0 prior=0
[inst] req=7348224 hits=2320020 fwd=4911 rows=5027218 fwd_ms=278542.6 eval=0 prior=0
[inst] req=7356416 hits=2322655 fwd=4917 rows=5033362 fwd_ms=278878.2 eval=0 prior=0
[inst] req=7364608 hits=2325191 fwd=4922 rows=5038482 fwd_ms=279157.7 eval=0 prior=0
[inst] req=7372800 hits=2327861 fwd=4928 rows=5044626 fwd_ms=279493.2 eval=0 prior=0
[inst] req=7380992 hits=2330393 fwd=4933 rows=5049746 fwd_ms=279772.8 eval=0 prior=0
[inst] req=7389184 hits=2333030 fwd=4939 rows=5055890 fwd_ms=280108.2 eval=0 prior=0
[inst] req=7397376 hits=2335586 fwd=4944 rows=5061010 fwd_ms=280387.7 eval=0 prior=0
[inst] req=7405568 hits=2338154 fwd=4950 rows=5067154 fwd_ms=280723.3 eval=0 prior=0
[inst] req=7413760 hits=2340660 fwd=4955 rows=5072274 fwd_ms=281003.1 eval=0 prior=0
[inst] req=7421952 hits=2343262 fwd=4961 rows=5078418 fwd_ms=281338.8 eval=0 prior=0
[inst] req=7430144 hits=2345985 fwd=4966 rows=5083538 fwd_ms=281618.6 eval=0 prior=0
[inst] req=7438336 hits=2348629 fwd=4972 rows=5089682 fwd_ms=281954.3 eval=0 prior=0
[inst] req=7446528 hits=2351152 fwd=4977 rows=5094802 fwd_ms=282234.1 eval=0 prior=0
[inst] req=7454720 hits=2353863 fwd=4982 rows=5099922 fwd_ms=282513.9 eval=0 prior=0
[inst] req=7462912 hits=2356530 fwd=4988 rows=5106066 fwd_ms=282849.4 eval=0 prior=0
[inst] req=7471104 hits=2359190 fwd=4993 rows=5111186 fwd_ms=283128.9 eval=0 prior=0
[inst] req=7479296 hits=2361750 fwd=4999 rows=5117330 fwd_ms=283464.6 eval=0 prior=0
[inst] req=7487488 hits=2364246 fwd=5004 rows=5122450 fwd_ms=283744.4 eval=0 prior=0
[inst] req=7495680 hits=2366976 fwd=5010 rows=5128594 fwd_ms=284080.0 eval=0 prior=0
[inst] req=7503872 hits=2369658 fwd=5015 rows=5133714 fwd_ms=284359.6 eval=0 prior=0
[inst] req=7512064 hits=2372303 fwd=5020 rows=5138834 fwd_ms=284639.2 eval=0 prior=0
[inst] req=7520256 hits=2375073 fwd=5026 rows=5144978 fwd_ms=284974.8 eval=0 prior=0
[inst] req=7528448 hits=2377718 fwd=5031 rows=5150098 fwd_ms=285254.4 eval=0 prior=0
[inst] req=7536640 hits=2380420 fwd=5036 rows=5155218 fwd_ms=285533.9 eval=0 prior=0
[inst] req=7544832 hits=2383086 fwd=5042 rows=5161362 fwd_ms=285869.3 eval=0 prior=0
[inst] req=7553024 hits=2385739 fwd=5047 rows=5166482 fwd_ms=286148.9 eval=0 prior=0
[inst] req=7561216 hits=2388355 fwd=5053 rows=5172626 fwd_ms=286484.3 eval=0 prior=0
[inst] req=7569408 hits=2391047 fwd=5058 rows=5177746 fwd_ms=286763.9 eval=0 prior=0
[inst] req=7577600 hits=2393586 fwd=5064 rows=5183890 fwd_ms=287099.4 eval=0 prior=0
[inst] req=7585792 hits=2396116 fwd=5069 rows=5189010 fwd_ms=287378.9 eval=0 prior=0
[inst] req=7593984 hits=2398660 fwd=5075 rows=5195154 fwd_ms=287714.3 eval=0 prior=0
[inst] req=7602176 hits=2401386 fwd=5080 rows=5200274 fwd_ms=287993.7 eval=0 prior=0
[inst] req=7610368 hits=2403972 fwd=5085 rows=5205394 fwd_ms=288273.4 eval=0 prior=0
[inst] req=7618560 hits=2406499 fwd=5091 rows=5211538 fwd_ms=288608.7 eval=0 prior=0
[inst] req=7626752 hits=2409055 fwd=5097 rows=5217682 fwd_ms=288944.3 eval=0 prior=0
[inst] req=7634944 hits=2411660 fwd=5102 rows=5222802 fwd_ms=289224.0 eval=0 prior=0
[inst] req=7643136 hits=2414390 fwd=5107 rows=5227922 fwd_ms=289503.5 eval=0 prior=0
[inst] req=7651328 hits=2416998 fwd=5113 rows=5234066 fwd_ms=289839.0 eval=0 prior=0
[inst] req=7659520 hits=2419470 fwd=5118 rows=5239186 fwd_ms=290118.6 eval=0 prior=0
[inst] req=7667712 hits=2421935 fwd=5124 rows=5245330 fwd_ms=290454.2 eval=0 prior=0
[inst] req=7675904 hits=2424663 fwd=5129 rows=5250450 fwd_ms=290733.6 eval=0 prior=0
[inst] req=7684096 hits=2427329 fwd=5135 rows=5256594 fwd_ms=291069.0 eval=0 prior=0
[inst] req=7692288 hits=2429962 fwd=5140 rows=5261714 fwd_ms=291348.4 eval=0 prior=0
[inst] req=7700480 hits=2432526 fwd=5146 rows=5267858 fwd_ms=291683.7 eval=0 prior=0
[inst] req=7708672 hits=2435075 fwd=5151 rows=5272978 fwd_ms=291963.2 eval=0 prior=0
[inst] req=7716864 hits=2437677 fwd=5157 rows=5279122 fwd_ms=292298.6 eval=0 prior=0
[inst] req=7725056 hits=2440146 fwd=5162 rows=5284242 fwd_ms=292578.0 eval=0 prior=0
[inst] req=7733248 hits=2442665 fwd=5168 rows=5290386 fwd_ms=292913.6 eval=0 prior=0
[inst] req=7741440 hits=2445306 fwd=5173 rows=5295506 fwd_ms=293193.2 eval=0 prior=0
[inst] req=7749632 hits=2447844 fwd=5179 rows=5301650 fwd_ms=293528.6 eval=0 prior=0
[inst] req=7757824 hits=2450449 fwd=5184 rows=5306770 fwd_ms=293808.0 eval=0 prior=0
[inst] req=7766016 hits=2453031 fwd=5190 rows=5312914 fwd_ms=294143.3 eval=0 prior=0
[inst] req=7774208 hits=2455656 fwd=5195 rows=5318034 fwd_ms=294422.7 eval=0 prior=0
[inst] req=7782400 hits=2458222 fwd=5200 rows=5323154 fwd_ms=294702.3 eval=0 prior=0
[inst] req=7790592 hits=2460753 fwd=5206 rows=5329298 fwd_ms=295037.7 eval=0 prior=0
[inst] req=7798784 hits=2463325 fwd=5212 rows=5335442 fwd_ms=295373.1 eval=0 prior=0
[inst] req=7806976 hits=2465807 fwd=5217 rows=5340562 fwd_ms=295652.6 eval=0 prior=0
[inst] req=7815168 hits=2468510 fwd=5222 rows=5345682 fwd_ms=295932.0 eval=0 prior=0
[inst] req=7823360 hits=2471304 fwd=5228 rows=5351826 fwd_ms=296267.4 eval=0 prior=0
[inst] req=7831552 hits=2474019 fwd=5233 rows=5356946 fwd_ms=296547.1 eval=0 prior=0
[inst] req=7839744 hits=2476637 fwd=5239 rows=5363090 fwd_ms=296882.6 eval=0 prior=0
[inst] req=7847936 hits=2479198 fwd=5244 rows=5368210 fwd_ms=297162.0 eval=0 prior=0
[inst] req=7856128 hits=2481811 fwd=5249 rows=5373330 fwd_ms=297441.5 eval=0 prior=0
[inst] req=7864320 hits=2484425 fwd=5255 rows=5379474 fwd_ms=297776.8 eval=0 prior=0
[inst] req=7872512 hits=2486999 fwd=5260 rows=5384594 fwd_ms=298056.3 eval=0 prior=0
[inst] req=7880704 hits=2489651 fwd=5266 rows=5390738 fwd_ms=298391.7 eval=0 prior=0
[inst] req=7888896 hits=2492205 fwd=5271 rows=5395858 fwd_ms=298671.3 eval=0 prior=0
[inst] req=7897088 hits=2494825 fwd=5277 rows=5402002 fwd_ms=299006.6 eval=0 prior=0
[inst] req=7905280 hits=2497465 fwd=5282 rows=5407122 fwd_ms=299286.3 eval=0 prior=0
[inst] req=7913472 hits=2500158 fwd=5288 rows=5413266 fwd_ms=299621.9 eval=0 prior=0
[inst] req=7921664 hits=2502783 fwd=5293 rows=5418386 fwd_ms=299901.7 eval=0 prior=0
[inst] req=7929856 hits=2505294 fwd=5299 rows=5424530 fwd_ms=300237.1 eval=0 prior=0
[inst] req=7938048 hits=2507891 fwd=5304 rows=5429650 fwd_ms=300516.6 eval=0 prior=0
[inst] req=7946240 hits=2510417 fwd=5310 rows=5435794 fwd_ms=300852.3 eval=0 prior=0
[inst] req=7954432 hits=2512886 fwd=5315 rows=5440914 fwd_ms=301131.8 eval=0 prior=0
[inst] req=7962624 hits=2515438 fwd=5321 rows=5447058 fwd_ms=301467.4 eval=0 prior=0
[inst] req=7970816 hits=2518075 fwd=5326 rows=5452178 fwd_ms=301747.1 eval=0 prior=0
[inst] req=7979008 hits=2520677 fwd=5332 rows=5458322 fwd_ms=302082.6 eval=0 prior=0
[inst] req=7987200 hits=2523189 fwd=5337 rows=5463442 fwd_ms=302362.2 eval=0 prior=0
[inst] req=7995392 hits=2525730 fwd=5343 rows=5469586 fwd_ms=302697.7 eval=0 prior=0
[inst] req=8003584 hits=2528257 fwd=5348 rows=5474706 fwd_ms=302977.3 eval=0 prior=0
[inst] req=8011776 hits=2530763 fwd=5354 rows=5480850 fwd_ms=303312.8 eval=0 prior=0
[inst] req=8019968 hits=2533433 fwd=5359 rows=5485970 fwd_ms=303592.5 eval=0 prior=0
[inst] req=8028160 hits=2536076 fwd=5364 rows=5491090 fwd_ms=303872.1 eval=0 prior=0
[inst] req=8036352 hits=2538680 fwd=5370 rows=5497234 fwd_ms=304207.8 eval=0 prior=0
[inst] req=8044544 hits=2541422 fwd=5375 rows=5502354 fwd_ms=304488.3 eval=0 prior=0
[inst] req=8052736 hits=2544163 fwd=5381 rows=5508498 fwd_ms=304888.6 eval=0 prior=0
[inst] req=8060928 hits=2546864 fwd=5386 rows=5513600 fwd_ms=305466.9 eval=0 prior=0
[inst] req=8069120 hits=2549501 fwd=5391 rows=5518720 fwd_ms=306143.2 eval=0 prior=0
[inst] req=8077312 hits=2552005 fwd=5397 rows=5524862 fwd_ms=307101.3 eval=0 prior=0
[inst] req=8085504 hits=2554622 fwd=5402 rows=5529982 fwd_ms=307742.7 eval=0 prior=0
[inst] req=8093696 hits=2557327 fwd=5408 rows=5536126 fwd_ms=308523.1 eval=0 prior=0
[inst] req=8101888 hits=2559849 fwd=5413 rows=5541246 fwd_ms=309162.7 eval=0 prior=0
[inst] req=8110080 hits=2562384 fwd=5419 rows=5547390 fwd_ms=309951.8 eval=0 prior=0
[inst] req=8118272 hits=2565029 fwd=5424 rows=5552510 fwd_ms=310588.2 eval=0 prior=0
[inst] req=8126464 hits=2567622 fwd=5430 rows=5558654 fwd_ms=311038.5 eval=0 prior=0
[inst] req=8134656 hits=2570221 fwd=5435 rows=5563774 fwd_ms=311319.9 eval=0 prior=0
[inst] req=8142848 hits=2572536 fwd=5441 rows=5569917 fwd_ms=311665.4 eval=0 prior=0
[inst] req=8151040 hits=2572699 fwd=5449 rows=5578109 fwd_ms=312110.9 eval=0 prior=0
[inst] req=8159232 hits=2573019 fwd=5456 rows=5585277 fwd_ms=312500.8 eval=0 prior=0
[inst] req=8167424 hits=2573490 fwd=5464 rows=5593469 fwd_ms=312946.0 eval=0 prior=0
[inst] req=8175616 hits=2574159 fwd=5471 rows=5600637 fwd_ms=313335.6 eval=0 prior=0
[inst] req=8183808 hits=2575178 fwd=5478 rows=5607805 fwd_ms=313724.9 eval=0 prior=0
[inst] req=8192000 hits=2576695 fwd=5485 rows=5614973 fwd_ms=314114.3 eval=0 prior=0
[inst] req=8200192 hits=2578607 fwd=5491 rows=5621117 fwd_ms=314448.2 eval=0 prior=0
[inst] req=8208384 hits=2580879 fwd=5497 rows=5627261 fwd_ms=314793.7 eval=0 prior=0
[inst] req=8216576 hits=2583358 fwd=5502 rows=5632381 fwd_ms=315100.6 eval=0 prior=0
[inst] req=8224768 hits=2585788 fwd=5508 rows=5638525 fwd_ms=315433.8 eval=0 prior=0
[inst] req=8232960 hits=2588248 fwd=5514 rows=5644669 fwd_ms=315767.0 eval=0 prior=0
[inst] req=8241152 hits=2590726 fwd=5519 rows=5649789 fwd_ms=316044.8 eval=0 prior=0
[inst] req=8249344 hits=2593229 fwd=5525 rows=5655933 fwd_ms=316397.7 eval=0 prior=0
[inst] req=8257536 hits=2595762 fwd=5530 rows=5661053 fwd_ms=316675.6 eval=0 prior=0
[inst] req=8265728 hits=2598189 fwd=5536 rows=5667197 fwd_ms=317018.3 eval=0 prior=0
[inst] req=8273920 hits=2600731 fwd=5541 rows=5672317 fwd_ms=317296.1 eval=0 prior=0
[inst] req=8282112 hits=2603327 fwd=5547 rows=5678461 fwd_ms=317629.4 eval=0 prior=0
[inst] req=8290304 hits=2605989 fwd=5552 rows=5683581 fwd_ms=317907.2 eval=0 prior=0
[inst] req=8298496 hits=2608710 fwd=5558 rows=5689725 fwd_ms=318240.5 eval=0 prior=0
[inst] req=8306688 hits=2611468 fwd=5563 rows=5694845 fwd_ms=318518.3 eval=0 prior=0
[inst] req=8314880 hits=2614068 fwd=5568 rows=5699965 fwd_ms=318819.0 eval=0 prior=0
[inst] req=8323072 hits=2616594 fwd=5574 rows=5706109 fwd_ms=319194.5 eval=0 prior=0
[inst] req=8331264 hits=2619099 fwd=5579 rows=5711229 fwd_ms=319472.0 eval=0 prior=0
[inst] req=8339456 hits=2621461 fwd=5585 rows=5717373 fwd_ms=319805.0 eval=0 prior=0
[inst] req=8347648 hits=2624021 fwd=5591 rows=5723517 fwd_ms=320167.2 eval=0 prior=0
[inst] req=8355840 hits=2626638 fwd=5596 rows=5728637 fwd_ms=320444.8 eval=0 prior=0
[inst] req=8364032 hits=2629379 fwd=5601 rows=5733757 fwd_ms=320722.2 eval=0 prior=0
[inst] req=8372224 hits=2632080 fwd=5607 rows=5739901 fwd_ms=321064.8 eval=0 prior=0
[inst] req=8380416 hits=2634766 fwd=5612 rows=5745021 fwd_ms=321376.9 eval=0 prior=0
[inst] req=8388608 hits=2637611 fwd=5617 rows=5750141 fwd_ms=321712.0 eval=0 prior=0
[inst] req=8396800 hits=2640408 fwd=5623 rows=5756285 fwd_ms=322112.5 eval=0 prior=0
[inst] req=8404992 hits=2643064 fwd=5628 rows=5761405 fwd_ms=322399.4 eval=0 prior=0
[inst] req=8413184 hits=2645609 fwd=5634 rows=5767549 fwd_ms=322741.7 eval=0 prior=0
[inst] req=8421376 hits=2648171 fwd=5639 rows=5772669 fwd_ms=323030.6 eval=0 prior=0
[inst] req=8429568 hits=2650648 fwd=5645 rows=5778813 fwd_ms=323429.0 eval=0 prior=0
[inst] req=8437760 hits=2653216 fwd=5650 rows=5783933 fwd_ms=323716.0 eval=0 prior=0
[inst] req=8445952 hits=2655815 fwd=5656 rows=5790077 fwd_ms=324048.9 eval=0 prior=0
[inst] req=8454144 hits=2658387 fwd=5661 rows=5795197 fwd_ms=324326.2 eval=0 prior=0
[inst] req=8462336 hits=2661114 fwd=5666 rows=5800317 fwd_ms=324603.6 eval=0 prior=0
[inst] req=8470528 hits=2663856 fwd=5672 rows=5806461 fwd_ms=324936.5 eval=0 prior=0
[inst] req=8478720 hits=2666687 fwd=5677 rows=5811581 fwd_ms=325213.9 eval=0 prior=0
[inst] req=8486912 hits=2669397 fwd=5682 rows=5816701 fwd_ms=325548.8 eval=0 prior=0
[inst] req=8495104 hits=2671900 fwd=5688 rows=5822845 fwd_ms=325950.2 eval=0 prior=0
[inst] req=8503296 hits=2674456 fwd=5693 rows=5827965 fwd_ms=326258.4 eval=0 prior=0
[inst] req=8511488 hits=2676902 fwd=5699 rows=5834109 fwd_ms=326591.3 eval=0 prior=0
[inst] req=8519680 hits=2679379 fwd=5705 rows=5840253 fwd_ms=326924.4 eval=0 prior=0
[inst] req=8527872 hits=2682033 fwd=5710 rows=5845373 fwd_ms=327211.4 eval=0 prior=0
[inst] req=8536064 hits=2684608 fwd=5715 rows=5850493 fwd_ms=327489.2 eval=0 prior=0
[inst] req=8544256 hits=2687218 fwd=5721 rows=5856637 fwd_ms=327874.3 eval=0 prior=0
[inst] req=8552448 hits=2689922 fwd=5726 rows=5861757 fwd_ms=328151.9 eval=0 prior=0
[inst] req=8560640 hits=2692730 fwd=5732 rows=5867901 fwd_ms=328552.8 eval=0 prior=0
[inst] req=8568832 hits=2695435 fwd=5737 rows=5873021 fwd_ms=328849.4 eval=0 prior=0
[inst] req=8577024 hits=2698073 fwd=5742 rows=5878141 fwd_ms=329150.2 eval=0 prior=0
[inst] req=8585216 hits=2700609 fwd=5748 rows=5884285 fwd_ms=329502.9 eval=0 prior=0
[inst] req=8593408 hits=2703017 fwd=5753 rows=5889405 fwd_ms=329780.6 eval=0 prior=0
[inst] req=8601600 hits=2705574 fwd=5759 rows=5895549 fwd_ms=330113.7 eval=0 prior=0
[inst] req=8609792 hits=2708247 fwd=5764 rows=5900669 fwd_ms=330400.8 eval=0 prior=0
[inst] req=8617984 hits=2710865 fwd=5770 rows=5906813 fwd_ms=330734.0 eval=0 prior=0
[inst] req=8626176 hits=2713472 fwd=5775 rows=5911933 fwd_ms=331013.0 eval=0 prior=0
[inst] req=8634368 hits=2716179 fwd=5781 rows=5918077 fwd_ms=331347.7 eval=0 prior=0
[inst] req=8642560 hits=2718851 fwd=5786 rows=5923197 fwd_ms=331627.2 eval=0 prior=0
[inst] req=8650752 hits=2721469 fwd=5791 rows=5928317 fwd_ms=331905.7 eval=0 prior=0
[inst] req=8658944 hits=2724137 fwd=5797 rows=5934461 fwd_ms=332239.1 eval=0 prior=0
[inst] req=8667136 hits=2726728 fwd=5802 rows=5939581 fwd_ms=332516.9 eval=0 prior=0
[inst] req=8675328 hits=2729323 fwd=5808 rows=5945725 fwd_ms=332906.6 eval=0 prior=0
[inst] req=8683520 hits=2731834 fwd=5813 rows=5950845 fwd_ms=333203.1 eval=0 prior=0
[inst] req=8691712 hits=2734272 fwd=5819 rows=5956989 fwd_ms=333605.4 eval=0 prior=0
[inst] req=8699904 hits=2736817 fwd=5824 rows=5962109 fwd_ms=333883.2 eval=0 prior=0
[inst] req=8708096 hits=2739599 fwd=5830 rows=5968253 fwd_ms=334216.5 eval=0 prior=0
[inst] req=8716288 hits=2742323 fwd=5835 rows=5973373 fwd_ms=334494.3 eval=0 prior=0
[inst] req=8724480 hits=2745125 fwd=5840 rows=5978493 fwd_ms=334817.9 eval=0 prior=0
[inst] req=8732672 hits=2747832 fwd=5846 rows=5984637 fwd_ms=335191.0 eval=0 prior=0
[inst] req=8740864 hits=2750609 fwd=5851 rows=5989757 fwd_ms=335468.7 eval=0 prior=0
[inst] req=8749056 hits=2753384 fwd=5856 rows=5994877 fwd_ms=335765.9 eval=0 prior=0
[inst] req=8757248 hits=2756105 fwd=5862 rows=6001021 fwd_ms=336108.8 eval=0 prior=0
[inst] req=8765440 hits=2758868 fwd=5867 rows=6006141 fwd_ms=336386.9 eval=0 prior=0
[inst] req=8773632 hits=2761514 fwd=5872 rows=6011261 fwd_ms=336664.6 eval=0 prior=0
[inst] req=8781824 hits=2763973 fwd=5878 rows=6017404 fwd_ms=336998.1 eval=0 prior=0
[inst] req=8790016 hits=2766522 fwd=5883 rows=6022524 fwd_ms=337300.0 eval=0 prior=0
[inst] req=8798208 hits=2769148 fwd=5889 rows=6028668 fwd_ms=337686.6 eval=0 prior=0
[inst] req=8806400 hits=2771726 fwd=5894 rows=6033788 fwd_ms=337965.4 eval=0 prior=0
[inst] req=8814592 hits=2774508 fwd=5900 rows=6039932 fwd_ms=338299.8 eval=0 prior=0
[inst] req=8822784 hits=2777252 fwd=5905 rows=6045052 fwd_ms=338578.7 eval=0 prior=0
[inst] req=8830976 hits=2779925 fwd=5910 rows=6050172 fwd_ms=338857.4 eval=0 prior=0
[inst] req=8839168 hits=2782537 fwd=5916 rows=6056316 fwd_ms=339192.0 eval=0 prior=0
[inst] req=8847360 hits=2785159 fwd=5921 rows=6061436 fwd_ms=339499.8 eval=0 prior=0
[inst] req=8855552 hits=2787892 fwd=5927 rows=6067580 fwd_ms=339834.3 eval=0 prior=0
[inst] req=8863744 hits=2790529 fwd=5932 rows=6072700 fwd_ms=340112.9 eval=0 prior=0
[inst] req=8871936 hits=2793059 fwd=5938 rows=6078844 fwd_ms=340447.1 eval=0 prior=0
[inst] req=8880128 hits=2795632 fwd=5943 rows=6083964 fwd_ms=340780.8 eval=0 prior=0
[inst] req=8888320 hits=2798287 fwd=5948 rows=6089084 fwd_ms=341117.1 eval=0 prior=0
[inst] req=8896512 hits=2800921 fwd=5954 rows=6095228 fwd_ms=341503.1 eval=0 prior=0
[inst] req=8904704 hits=2803566 fwd=5959 rows=6100348 fwd_ms=341827.7 eval=0 prior=0
[inst] req=8912896 hits=2806348 fwd=5965 rows=6106492 fwd_ms=342163.6 eval=0 prior=0
[inst] req=8921088 hits=2809159 fwd=5970 rows=6111612 fwd_ms=342464.5 eval=0 prior=0
[inst] req=8929280 hits=2811799 fwd=5975 rows=6116732 fwd_ms=342752.6 eval=0 prior=0
[inst] req=8937472 hits=2814426 fwd=5981 rows=6122876 fwd_ms=343086.9 eval=0 prior=0
[inst] req=8945664 hits=2817045 fwd=5986 rows=6127996 fwd_ms=343374.9 eval=0 prior=0
[inst] req=8953856 hits=2819672 fwd=5992 rows=6134140 fwd_ms=343709.2 eval=0 prior=0
[inst] req=8962048 hits=2822146 fwd=5997 rows=6139260 fwd_ms=343987.8 eval=0 prior=0
[inst] req=8970240 hits=2824735 fwd=6003 rows=6145404 fwd_ms=344322.2 eval=0 prior=0
[inst] req=8978432 hits=2827194 fwd=6008 rows=6150524 fwd_ms=344612.6 eval=0 prior=0
[inst] req=8986624 hits=2829871 fwd=6014 rows=6156668 fwd_ms=344987.5 eval=0 prior=0
[inst] req=8994816 hits=2832632 fwd=6019 rows=6161788 fwd_ms=345324.2 eval=0 prior=0
[inst] req=9003008 hits=2835307 fwd=6024 rows=6166908 fwd_ms=345660.4 eval=0 prior=0
[inst] req=9011200 hits=2838008 fwd=6030 rows=6173052 fwd_ms=346063.6 eval=0 prior=0
[inst] req=9019392 hits=2840617 fwd=6035 rows=6178172 fwd_ms=346365.1 eval=0 prior=0
[inst] req=9027584 hits=2843230 fwd=6041 rows=6184316 fwd_ms=346757.2 eval=0 prior=0
[inst] req=9035776 hits=2845833 fwd=6046 rows=6189436 fwd_ms=347066.7 eval=0 prior=0
[inst] req=9043968 hits=2848435 fwd=6051 rows=6194556 fwd_ms=347345.4 eval=0 prior=0
[inst] req=9052160 hits=2851053 fwd=6057 rows=6200700 fwd_ms=347719.9 eval=0 prior=0
[inst] req=9060352 hits=2853625 fwd=6062 rows=6205820 fwd_ms=348027.5 eval=0 prior=0
[inst] req=9068544 hits=2856320 fwd=6068 rows=6211964 fwd_ms=348362.8 eval=0 prior=0
[inst] req=9076736 hits=2859123 fwd=6073 rows=6217084 fwd_ms=348650.8 eval=0 prior=0
[inst] req=9084928 hits=2861803 fwd=6078 rows=6222204 fwd_ms=348941.3 eval=0 prior=0
[inst] req=9093120 hits=2864476 fwd=6084 rows=6228348 fwd_ms=349344.4 eval=0 prior=0
[inst] req=9101312 hits=2867284 fwd=6089 rows=6233468 fwd_ms=349663.5 eval=0 prior=0
[inst] req=9109504 hits=2869832 fwd=6095 rows=6239612 fwd_ms=350055.4 eval=0 prior=0
[inst] req=9117696 hits=2872300 fwd=6100 rows=6244732 fwd_ms=350355.7 eval=0 prior=0
[inst] req=9125888 hits=2874870 fwd=6106 rows=6250876 fwd_ms=350713.9 eval=0 prior=0
[inst] req=9134080 hits=2877378 fwd=6111 rows=6255996 fwd_ms=351050.0 eval=0 prior=0
[inst] req=9142272 hits=2879991 fwd=6117 rows=6262140 fwd_ms=351394.4 eval=0 prior=0
[inst] req=9150464 hits=2882696 fwd=6122 rows=6267260 fwd_ms=351673.1 eval=0 prior=0
[inst] req=9158656 hits=2885576 fwd=6127 rows=6272380 fwd_ms=351951.9 eval=0 prior=0
[inst] req=9166848 hits=2888324 fwd=6132 rows=6277500 fwd_ms=352230.6 eval=0 prior=0
[inst] req=9175040 hits=2891028 fwd=6138 rows=6283644 fwd_ms=352564.9 eval=0 prior=0
[inst] req=9183232 hits=2893904 fwd=6143 rows=6288764 fwd_ms=352843.7 eval=0 prior=0
[inst] req=9191424 hits=2896570 fwd=6148 rows=6293884 fwd_ms=353122.4 eval=0 prior=0
[inst] req=9199616 hits=2899147 fwd=6154 rows=6300028 fwd_ms=353456.9 eval=0 prior=0
[inst] req=9207808 hits=2901804 fwd=6159 rows=6305148 fwd_ms=353735.6 eval=0 prior=0
[inst] req=9216000 hits=2904436 fwd=6165 rows=6311292 fwd_ms=354070.1 eval=0 prior=0
[inst] req=9224192 hits=2907003 fwd=6170 rows=6316412 fwd_ms=354348.8 eval=0 prior=0
[inst] req=9232384 hits=2909596 fwd=6176 rows=6322556 fwd_ms=354683.2 eval=0 prior=0
[inst] req=9240576 hits=2912263 fwd=6181 rows=6327676 fwd_ms=354961.7 eval=0 prior=0
[inst] req=9248768 hits=2914923 fwd=6187 rows=6333820 fwd_ms=355296.1 eval=0 prior=0
[inst] req=9256960 hits=2917648 fwd=6192 rows=6338940 fwd_ms=355574.7 eval=0 prior=0
[inst] req=9265152 hits=2920402 fwd=6197 rows=6344060 fwd_ms=355853.5 eval=0 prior=0
[inst] req=9273344 hits=2922995 fwd=6203 rows=6350204 fwd_ms=356197.3 eval=0 prior=0
[inst] req=9281536 hits=2925545 fwd=6208 rows=6355324 fwd_ms=356485.7 eval=0 prior=0
[inst] req=9289728 hits=2928227 fwd=6214 rows=6361468 fwd_ms=356851.1 eval=0 prior=0
[inst] req=9297920 hits=2930948 fwd=6219 rows=6366588 fwd_ms=357158.9 eval=0 prior=0
[inst] req=9306112 hits=2933609 fwd=6224 rows=6371708 fwd_ms=357447.1 eval=0 prior=0
[inst] req=9314304 hits=2936294 fwd=6230 rows=6377852 fwd_ms=357781.7 eval=0 prior=0
[inst] req=9322496 hits=2939057 fwd=6235 rows=6382972 fwd_ms=358060.4 eval=0 prior=0
[inst] req=9330688 hits=2941735 fwd=6240 rows=6388092 fwd_ms=358339.7 eval=0 prior=0
[inst] req=9338880 hits=2944339 fwd=6246 rows=6394236 fwd_ms=358706.1 eval=0 prior=0
[inst] req=9347072 hits=2946965 fwd=6251 rows=6399356 fwd_ms=358994.5 eval=0 prior=0
[inst] req=9355264 hits=2949591 fwd=6257 rows=6405500 fwd_ms=359329.9 eval=0 prior=0
[inst] req=9363456 hits=2952229 fwd=6262 rows=6410620 fwd_ms=359618.1 eval=0 prior=0
[inst] req=9371648 hits=2954862 fwd=6268 rows=6416764 fwd_ms=359981.9 eval=0 prior=0
[inst] req=9379840 hits=2957368 fwd=6273 rows=6421884 fwd_ms=360260.7 eval=0 prior=0
[inst] req=9388032 hits=2960033 fwd=6278 rows=6427004 fwd_ms=360539.6 eval=0 prior=0
[inst] req=9396224 hits=2962625 fwd=6284 rows=6433148 fwd_ms=360874.3 eval=0 prior=0
[inst] req=9404416 hits=2965196 fwd=6289 rows=6438268 fwd_ms=361153.2 eval=0 prior=0
[inst] req=9412608 hits=2968040 fwd=6295 rows=6444412 fwd_ms=361487.9 eval=0 prior=0
[inst] req=9420800 hits=2970728 fwd=6300 rows=6449532 fwd_ms=361767.4 eval=0 prior=0
[inst] req=9428992 hits=2973351 fwd=6305 rows=6454652 fwd_ms=362046.7 eval=0 prior=0
[inst] req=9437184 hits=2975940 fwd=6311 rows=6460796 fwd_ms=362381.0 eval=0 prior=0
[inst] req=9445376 hits=2978891 fwd=6316 rows=6465916 fwd_ms=362659.7 eval=0 prior=0
[inst] req=9453568 hits=2981605 fwd=6321 rows=6471036 fwd_ms=362939.0 eval=0 prior=0
[inst] req=9461760 hits=2984246 fwd=6327 rows=6477180 fwd_ms=363274.6 eval=0 prior=0
[inst] req=9469952 hits=2986968 fwd=6332 rows=6482300 fwd_ms=363554.4 eval=0 prior=0
[inst] req=9478144 hits=2989621 fwd=6338 rows=6488444 fwd_ms=363888.8 eval=0 prior=0
[inst] req=9486336 hits=2992422 fwd=6343 rows=6493564 fwd_ms=364167.9 eval=0 prior=0
[inst] req=9494528 hits=2995288 fwd=6348 rows=6498684 fwd_ms=364447.7 eval=0 prior=0
[inst] req=9502720 hits=2997957 fwd=6353 rows=6503804 fwd_ms=364727.7 eval=0 prior=0
[inst] req=9510912 hits=3000644 fwd=6359 rows=6509948 fwd_ms=365062.6 eval=0 prior=0
[inst] req=9519104 hits=3003339 fwd=6364 rows=6515068 fwd_ms=365341.4 eval=0 prior=0
[inst] req=9527296 hits=3006061 fwd=6370 rows=6521212 fwd_ms=365674.8 eval=0 prior=0
[inst] req=9535488 hits=3008755 fwd=6375 rows=6526332 fwd_ms=365952.8 eval=0 prior=0
[inst] req=9543680 hits=3011409 fwd=6380 rows=6531452 fwd_ms=366230.6 eval=0 prior=0
[inst] req=9551872 hits=3014030 fwd=6386 rows=6537596 fwd_ms=366564.9 eval=0 prior=0
[inst] req=9560064 hits=3016598 fwd=6391 rows=6542716 fwd_ms=366843.2 eval=0 prior=0
[inst] req=9568256 hits=3019091 fwd=6397 rows=6548860 fwd_ms=367176.1 eval=0 prior=0
[inst] req=9576448 hits=3021717 fwd=6402 rows=6553980 fwd_ms=367454.9 eval=0 prior=0
[inst] req=9584640 hits=3024401 fwd=6408 rows=6560124 fwd_ms=367788.8 eval=0 prior=0
[inst] req=9592832 hits=3027234 fwd=6413 rows=6565244 fwd_ms=368066.9 eval=0 prior=0
[inst] req=9601024 hits=3029845 fwd=6418 rows=6570364 fwd_ms=368345.0 eval=0 prior=0
[inst] req=9609216 hits=3032455 fwd=6424 rows=6576508 fwd_ms=368679.4 eval=0 prior=0
[inst] req=9617408 hits=3035216 fwd=6429 rows=6581628 fwd_ms=368958.0 eval=0 prior=0
[inst] req=9625600 hits=3037912 fwd=6434 rows=6586748 fwd_ms=369235.8 eval=0 prior=0
[inst] req=9633792 hits=3040557 fwd=6440 rows=6592892 fwd_ms=369568.9 eval=0 prior=0
[inst] req=9641984 hits=3043251 fwd=6445 rows=6598012 fwd_ms=369846.5 eval=0 prior=0
[inst] req=9650176 hits=3045851 fwd=6451 rows=6604156 fwd_ms=370180.0 eval=0 prior=0
[inst] req=9658368 hits=3048577 fwd=6456 rows=6609276 fwd_ms=370458.5 eval=0 prior=0
[inst] req=9666560 hits=3051168 fwd=6461 rows=6614396 fwd_ms=370736.1 eval=0 prior=0
[inst] req=9674752 hits=3053787 fwd=6467 rows=6620540 fwd_ms=371115.7 eval=0 prior=0
[inst] req=9682944 hits=3056521 fwd=6472 rows=6625660 fwd_ms=371425.3 eval=0 prior=0
[inst] req=9691136 hits=3059207 fwd=6478 rows=6631804 fwd_ms=371759.5 eval=0 prior=0
[inst] req=9699328 hits=3061901 fwd=6483 rows=6636924 fwd_ms=372037.9 eval=0 prior=0
[inst] req=9707520 hits=3064565 fwd=6488 rows=6642044 fwd_ms=372316.0 eval=0 prior=0
[inst] req=9715712 hits=3067113 fwd=6494 rows=6648188 fwd_ms=372649.7 eval=0 prior=0
[inst] req=9723904 hits=3069655 fwd=6499 rows=6653308 fwd_ms=372927.6 eval=0 prior=0
[inst] req=9732096 hits=3072314 fwd=6505 rows=6659452 fwd_ms=373260.9 eval=0 prior=0
[inst] req=9740288 hits=3075062 fwd=6510 rows=6664572 fwd_ms=373538.8 eval=0 prior=0
[inst] req=9748480 hits=3077671 fwd=6516 rows=6670716 fwd_ms=373871.9 eval=0 prior=0
[inst] req=9756672 hits=3080229 fwd=6521 rows=6675836 fwd_ms=374149.6 eval=0 prior=0
[inst] req=9764864 hits=3082851 fwd=6527 rows=6681980 fwd_ms=374482.6 eval=0 prior=0
[inst] req=9773056 hits=3085518 fwd=6532 rows=6687099 fwd_ms=374760.3 eval=0 prior=0
[inst] req=9781248 hits=3088143 fwd=6537 rows=6692219 fwd_ms=375037.9 eval=0 prior=0
[inst] req=9789440 hits=3090779 fwd=6543 rows=6698363 fwd_ms=375371.1 eval=0 prior=0
[inst] req=9797632 hits=3093385 fwd=6548 rows=6703483 fwd_ms=375648.9 eval=0 prior=0
[inst] req=9805824 hits=3095970 fwd=6554 rows=6709627 fwd_ms=375982.0 eval=0 prior=0
[inst] req=9814016 hits=3098550 fwd=6559 rows=6714747 fwd_ms=376260.2 eval=0 prior=0
[inst] req=9822208 hits=3101175 fwd=6565 rows=6720891 fwd_ms=376593.3 eval=0 prior=0
[inst] req=9830400 hits=3103756 fwd=6570 rows=6726011 fwd_ms=376871.0 eval=0 prior=0
[inst] req=9838592 hits=3106459 fwd=6575 rows=6731131 fwd_ms=377148.7 eval=0 prior=0
[inst] req=9846784 hits=3109142 fwd=6581 rows=6737275 fwd_ms=377511.4 eval=0 prior=0
[inst] req=9854976 hits=3111856 fwd=6586 rows=6742395 fwd_ms=377789.8 eval=0 prior=0
[inst] req=9863168 hits=3114554 fwd=6592 rows=6748539 fwd_ms=378122.9 eval=0 prior=0
[inst] req=9871360 hits=3117204 fwd=6597 rows=6753659 fwd_ms=378400.6 eval=0 prior=0
[inst] req=9879552 hits=3119943 fwd=6602 rows=6758779 fwd_ms=378678.4 eval=0 prior=0
[inst] req=9887744 hits=3122618 fwd=6608 rows=6764923 fwd_ms=379011.6 eval=0 prior=0
[inst] req=9895936 hits=3125171 fwd=6613 rows=6770043 fwd_ms=379289.2 eval=0 prior=0
[inst] req=9904128 hits=3127786 fwd=6619 rows=6776187 fwd_ms=379622.4 eval=0 prior=0
[inst] req=9912320 hits=3130470 fwd=6624 rows=6781307 fwd_ms=379900.2 eval=0 prior=0
[inst] req=9920512 hits=3133005 fwd=6630 rows=6787451 fwd_ms=380233.5 eval=0 prior=0
[inst] req=9928704 hits=3135618 fwd=6635 rows=6792571 fwd_ms=380511.1 eval=0 prior=0
[inst] req=9936896 hits=3138323 fwd=6640 rows=6797691 fwd_ms=380788.7 eval=0 prior=0
[inst] req=9945088 hits=3140919 fwd=6646 rows=6803835 fwd_ms=381121.8 eval=0 prior=0
[inst] req=9953280 hits=3143471 fwd=6651 rows=6808955 fwd_ms=381399.4 eval=0 prior=0
[inst] req=9961472 hits=3146073 fwd=6657 rows=6815099 fwd_ms=381732.6 eval=0 prior=0
[inst] req=9969664 hits=3148674 fwd=6662 rows=6820219 fwd_ms=382010.9 eval=0 prior=0
[inst] req=9977856 hits=3151310 fwd=6668 rows=6826363 fwd_ms=382344.1 eval=0 prior=0
[inst] req=9986048 hits=3153912 fwd=6673 rows=6831483 fwd_ms=382621.9 eval=0 prior=0
[inst] req=9994240 hits=3156520 fwd=6679 rows=6837627 fwd_ms=382956.2 eval=0 prior=0
[inst] req=10002432 hits=3159188 fwd=6684 rows=6842747 fwd_ms=383234.8 eval=0 prior=0
[inst] req=10010624 hits=3161921 fwd=6689 rows=6847867 fwd_ms=383512.5 eval=0 prior=0
[inst] req=10018816 hits=3164544 fwd=6695 rows=6854011 fwd_ms=383845.6 eval=0 prior=0
[inst] req=10027008 hits=3167184 fwd=6700 rows=6859131 fwd_ms=384124.0 eval=0 prior=0
[inst] req=10035200 hits=3169991 fwd=6705 rows=6864251 fwd_ms=384401.6 eval=0 prior=0
[inst] req=10043392 hits=3172558 fwd=6711 rows=6870395 fwd_ms=384734.6 eval=0 prior=0
[inst] req=10051584 hits=3175231 fwd=6716 rows=6875515 fwd_ms=385012.3 eval=0 prior=0
[inst] req=10059776 hits=3177836 fwd=6722 rows=6881659 fwd_ms=385345.5 eval=0 prior=0
[inst] req=10067968 hits=3180426 fwd=6727 rows=6886779 fwd_ms=385623.2 eval=0 prior=0
[inst] req=10076160 hits=3182994 fwd=6733 rows=6892923 fwd_ms=385956.4 eval=0 prior=0
[inst] req=10084352 hits=3185489 fwd=6738 rows=6898043 fwd_ms=386234.1 eval=0 prior=0
[inst] req=10092544 hits=3188112 fwd=6744 rows=6904187 fwd_ms=386568.3 eval=0 prior=0
[inst] req=10100736 hits=3190809 fwd=6749 rows=6909307 fwd_ms=386846.1 eval=0 prior=0
[inst] req=10108928 hits=3193403 fwd=6755 rows=6915451 fwd_ms=387179.3 eval=0 prior=0
[inst] req=10117120 hits=3195979 fwd=6760 rows=6920571 fwd_ms=387457.4 eval=0 prior=0
[inst] req=10125312 hits=3198601 fwd=6765 rows=6925691 fwd_ms=387735.7 eval=0 prior=0
[inst] req=10133504 hits=3201255 fwd=6771 rows=6931835 fwd_ms=388069.2 eval=0 prior=0
[inst] req=10141696 hits=3203870 fwd=6776 rows=6936955 fwd_ms=388348.3 eval=0 prior=0
[inst] req=10149888 hits=3206482 fwd=6782 rows=6943099 fwd_ms=388683.0 eval=0 prior=0
[inst] req=10158080 hits=3209068 fwd=6787 rows=6948219 fwd_ms=388961.7 eval=0 prior=0
[inst] req=10166272 hits=3211615 fwd=6793 rows=6954363 fwd_ms=389296.2 eval=0 prior=0
[inst] req=10174464 hits=3214149 fwd=6798 rows=6959483 fwd_ms=389575.0 eval=0 prior=0
[inst] req=10182656 hits=3216771 fwd=6804 rows=6965627 fwd_ms=389909.4 eval=0 prior=0
[inst] req=10190848 hits=3219410 fwd=6809 rows=6970747 fwd_ms=390188.1 eval=0 prior=0
[inst] req=10199040 hits=3222059 fwd=6815 rows=6976891 fwd_ms=390521.4 eval=0 prior=0
[inst] req=10207232 hits=3224695 fwd=6820 rows=6982011 fwd_ms=390799.1 eval=0 prior=0
[inst] req=10215424 hits=3227357 fwd=6825 rows=6987131 fwd_ms=391077.0 eval=0 prior=0
[inst] req=10223616 hits=3229910 fwd=6831 rows=6993275 fwd_ms=391410.5 eval=0 prior=0
[inst] req=10231808 hits=3232560 fwd=6836 rows=6998395 fwd_ms=391688.4 eval=0 prior=0
[inst] req=10240000 hits=3235288 fwd=6842 rows=7004539 fwd_ms=392021.7 eval=0 prior=0
[inst] req=10248192 hits=3237867 fwd=6847 rows=7009659 fwd_ms=392299.4 eval=0 prior=0
[inst] req=10256384 hits=3240418 fwd=6853 rows=7015803 fwd_ms=392632.6 eval=0 prior=0
[inst] req=10264576 hits=3242956 fwd=6858 rows=7020923 fwd_ms=392910.3 eval=0 prior=0
[inst] req=10272768 hits=3245656 fwd=6864 rows=7027067 fwd_ms=393244.4 eval=0 prior=0
[inst] req=10280960 hits=3248227 fwd=6869 rows=7032187 fwd_ms=393522.9 eval=0 prior=0
[inst] req=10289152 hits=3250807 fwd=6875 rows=7038331 fwd_ms=393856.2 eval=0 prior=0
[inst] req=10297344 hits=3253426 fwd=6880 rows=7043451 fwd_ms=394133.8 eval=0 prior=0
[inst] req=10305536 hits=3256009 fwd=6885 rows=7048571 fwd_ms=394411.5 eval=0 prior=0
[inst] req=10313728 hits=3258638 fwd=6891 rows=7054715 fwd_ms=394744.8 eval=0 prior=0
[inst] req=10321920 hits=3261210 fwd=6896 rows=7059835 fwd_ms=395022.5 eval=0 prior=0
[inst] req=10330112 hits=3263803 fwd=6902 rows=7065979 fwd_ms=395355.8 eval=0 prior=0
[inst] req=10338304 hits=3266379 fwd=6907 rows=7071099 fwd_ms=395633.5 eval=0 prior=0
[inst] req=10346496 hits=3269057 fwd=6913 rows=7077243 fwd_ms=395966.6 eval=0 prior=0
[inst] req=10354688 hits=3271624 fwd=6918 rows=7082363 fwd_ms=396244.4 eval=0 prior=0
[inst] req=10362880 hits=3274341 fwd=6924 rows=7088507 fwd_ms=396577.4 eval=0 prior=0
[inst] req=10371072 hits=3276972 fwd=6929 rows=7093627 fwd_ms=396855.1 eval=0 prior=0
[inst] req=10379264 hits=3279556 fwd=6934 rows=7098747 fwd_ms=397132.6 eval=0 prior=0
[inst] req=10387456 hits=3282299 fwd=6940 rows=7104891 fwd_ms=397465.5 eval=0 prior=0
[inst] req=10395648 hits=3285064 fwd=6945 rows=7110011 fwd_ms=397743.2 eval=0 prior=0
[inst] req=10403840 hits=3287660 fwd=6951 rows=7116155 fwd_ms=398076.4 eval=0 prior=0
[inst] req=10412032 hits=3290290 fwd=6956 rows=7121275 fwd_ms=398353.8 eval=0 prior=0
[inst] req=10420224 hits=3292856 fwd=6961 rows=7126395 fwd_ms=398631.4 eval=0 prior=0
[inst] req=10428416 hits=3295453 fwd=6967 rows=7132539 fwd_ms=398964.5 eval=0 prior=0
[inst] req=10436608 hits=3298095 fwd=6972 rows=7137659 fwd_ms=399242.2 eval=0 prior=0
[inst] req=10444800 hits=3300738 fwd=6978 rows=7143803 fwd_ms=399577.7 eval=0 prior=0
[inst] req=10452992 hits=3303278 fwd=6983 rows=7148923 fwd_ms=399857.7 eval=0 prior=0
[inst] req=10461184 hits=3306046 fwd=6989 rows=7155067 fwd_ms=400193.3 eval=0 prior=0
[inst] req=10469376 hits=3308580 fwd=6994 rows=7160187 fwd_ms=400473.4 eval=0 prior=0
[inst] req=10477568 hits=3311143 fwd=7000 rows=7166331 fwd_ms=400809.4 eval=0 prior=0
[inst] req=10485760 hits=3313865 fwd=7005 rows=7171451 fwd_ms=401089.7 eval=0 prior=0
[inst] req=10493952 hits=3316603 fwd=7010 rows=7176571 fwd_ms=401369.6 eval=0 prior=0
[inst] req=10502144 hits=3319310 fwd=7016 rows=7182715 fwd_ms=401705.7 eval=0 prior=0
[inst] req=10510336 hits=3322028 fwd=7021 rows=7187835 fwd_ms=401985.7 eval=0 prior=0
[inst] req=10518528 hits=3324665 fwd=7026 rows=7192955 fwd_ms=402265.4 eval=0 prior=0
[inst] req=10526720 hits=3327301 fwd=7032 rows=7199099 fwd_ms=402599.7 eval=0 prior=0
[inst] req=10534912 hits=3329899 fwd=7037 rows=7204219 fwd_ms=402878.4 eval=0 prior=0
[inst] req=10543104 hits=3332523 fwd=7043 rows=7210363 fwd_ms=403212.9 eval=0 prior=0
[inst] req=10551296 hits=3335116 fwd=7048 rows=7215483 fwd_ms=403491.7 eval=0 prior=0
[inst] req=10559488 hits=3337962 fwd=7053 rows=7220603 fwd_ms=403770.5 eval=0 prior=0
[inst] req=10567680 hits=3340778 fwd=7059 rows=7226747 fwd_ms=404105.2 eval=0 prior=0
[inst] req=10575872 hits=3343407 fwd=7064 rows=7231867 fwd_ms=404385.1 eval=0 prior=0
[inst] req=10584064 hits=3346023 fwd=7070 rows=7238011 fwd_ms=404721.0 eval=0 prior=0
[inst] req=10592256 hits=3348705 fwd=7075 rows=7243131 fwd_ms=405000.2 eval=0 prior=0
[inst] req=10600448 hits=3351406 fwd=7080 rows=7248251 fwd_ms=405279.0 eval=0 prior=0
[inst] req=10608640 hits=3353965 fwd=7086 rows=7254395 fwd_ms=405613.4 eval=0 prior=0
[inst] req=10616832 hits=3356496 fwd=7091 rows=7259515 fwd_ms=405892.3 eval=0 prior=0
[inst] req=10625024 hits=3359071 fwd=7097 rows=7265659 fwd_ms=406227.9 eval=0 prior=0
[inst] req=10633216 hits=3361653 fwd=7102 rows=7270779 fwd_ms=406507.8 eval=0 prior=0
[inst] req=10641408 hits=3364323 fwd=7108 rows=7276923 fwd_ms=406843.8 eval=0 prior=0
[inst] req=10649600 hits=3366930 fwd=7113 rows=7282043 fwd_ms=407122.9 eval=0 prior=0
[inst] req=10657792 hits=3369662 fwd=7118 rows=7287163 fwd_ms=407401.8 eval=0 prior=0
[inst] req=10665984 hits=3372512 fwd=7124 rows=7293307 fwd_ms=407736.7 eval=0 prior=0
[inst] req=10674176 hits=3375272 fwd=7129 rows=7298427 fwd_ms=408015.9 eval=0 prior=0
[inst] req=10682368 hits=3377997 fwd=7134 rows=7303547 fwd_ms=408295.0 eval=0 prior=0
[inst] req=10690560 hits=3380660 fwd=7140 rows=7309691 fwd_ms=408629.9 eval=0 prior=0
[inst] req=10698752 hits=3383468 fwd=7145 rows=7314811 fwd_ms=408908.7 eval=0 prior=0
[inst] req=10706944 hits=3386170 fwd=7150 rows=7319931 fwd_ms=409187.3 eval=0 prior=0
[inst] req=10715136 hits=3388946 fwd=7156 rows=7326075 fwd_ms=409521.9 eval=0 prior=0
[inst] req=10723328 hits=3391651 fwd=7161 rows=7331195 fwd_ms=409800.8 eval=0 prior=0
[inst] req=10731520 hits=3394189 fwd=7166 rows=7336315 fwd_ms=410079.4 eval=0 prior=0
[inst] req=10739712 hits=3396829 fwd=7172 rows=7342459 fwd_ms=410413.7 eval=0 prior=0
[inst] req=10747904 hits=3399538 fwd=7177 rows=7347579 fwd_ms=410693.0 eval=0 prior=0
[inst] req=10756096 hits=3402245 fwd=7183 rows=7353723 fwd_ms=411027.8 eval=0 prior=0
[inst] req=10764288 hits=3404941 fwd=7188 rows=7358843 fwd_ms=411307.7 eval=0 prior=0
[inst] req=10772480 hits=3407614 fwd=7193 rows=7363963 fwd_ms=411587.3 eval=0 prior=0
[inst] req=10780672 hits=3410312 fwd=7199 rows=7370107 fwd_ms=411923.1 eval=0 prior=0
[inst] req=10788864 hits=3412833 fwd=7204 rows=7375227 fwd_ms=412202.7 eval=0 prior=0
[inst] req=10797056 hits=3415427 fwd=7210 rows=7381371 fwd_ms=412537.0 eval=0 prior=0
[inst] req=10805248 hits=3417953 fwd=7215 rows=7386491 fwd_ms=412815.9 eval=0 prior=0
[inst] req=10813440 hits=3420589 fwd=7221 rows=7392635 fwd_ms=413150.3 eval=0 prior=0
[inst] req=10821632 hits=3423256 fwd=7226 rows=7397755 fwd_ms=413429.2 eval=0 prior=0
[inst] req=10829824 hits=3425894 fwd=7232 rows=7403899 fwd_ms=413763.6 eval=0 prior=0
[inst] req=10838016 hits=3428650 fwd=7237 rows=7408899 fwd_ms=414046.3 eval=0 prior=0
[inst] req=10846208 hits=3431316 fwd=7242 rows=7414019 fwd_ms=414323.6 eval=0 prior=0
[inst] req=10854400 hits=3434058 fwd=7248 rows=7420163 fwd_ms=414656.5 eval=0 prior=0
[inst] req=10862592 hits=3436853 fwd=7253 rows=7425283 fwd_ms=414933.8 eval=0 prior=0
[inst] req=10870784 hits=3439567 fwd=7258 rows=7430403 fwd_ms=415211.2 eval=0 prior=0
[inst] req=10878976 hits=3442243 fwd=7264 rows=7436547 fwd_ms=415545.5 eval=0 prior=0
[inst] req=10887168 hits=3444819 fwd=7269 rows=7441667 fwd_ms=415824.0 eval=0 prior=0
[inst] req=10895360 hits=3447436 fwd=7275 rows=7447811 fwd_ms=416158.3 eval=0 prior=0
[inst] req=10903552 hits=3450149 fwd=7280 rows=7452931 fwd_ms=416436.9 eval=0 prior=0
[inst] req=10911744 hits=3453019 fwd=7285 rows=7458051 fwd_ms=416715.1 eval=0 prior=0
[inst] req=10919936 hits=3455619 fwd=7291 rows=7464195 fwd_ms=417048.5 eval=0 prior=0
[inst] req=10928128 hits=3458261 fwd=7296 rows=7469315 fwd_ms=417327.0 eval=0 prior=0
[inst] req=10936320 hits=3460995 fwd=7301 rows=7474435 fwd_ms=417605.7 eval=0 prior=0
[inst] req=10944512 hits=3463627 fwd=7307 rows=7480579 fwd_ms=417939.9 eval=0 prior=0
[inst] req=10952704 hits=3466214 fwd=7312 rows=7485699 fwd_ms=418217.8 eval=0 prior=0
[inst] req=10960896 hits=3468940 fwd=7318 rows=7491843 fwd_ms=418550.8 eval=0 prior=0
[inst] req=10969088 hits=3471576 fwd=7323 rows=7496963 fwd_ms=418828.3 eval=0 prior=0
[inst] req=10977280 hits=3474162 fwd=7329 rows=7503107 fwd_ms=419161.7 eval=0 prior=0
[inst] req=10985472 hits=3476742 fwd=7334 rows=7508227 fwd_ms=419440.5 eval=0 prior=0
[inst] req=10993664 hits=3479481 fwd=7339 rows=7513347 fwd_ms=419718.2 eval=0 prior=0
[inst] req=11001856 hits=3482290 fwd=7345 rows=7519491 fwd_ms=420052.2 eval=0 prior=0
[inst] req=11010048 hits=3485074 fwd=7350 rows=7524611 fwd_ms=420330.3 eval=0 prior=0
[inst] req=11018240 hits=3487892 fwd=7355 rows=7529731 fwd_ms=420607.8 eval=0 prior=0
[inst] req=11026432 hits=3490569 fwd=7360 rows=7534851 fwd_ms=420885.2 eval=0 prior=0
[inst] req=11034624 hits=3493232 fwd=7366 rows=7540995 fwd_ms=421218.8 eval=0 prior=0
[inst] req=11042816 hits=3495872 fwd=7371 rows=7546115 fwd_ms=421497.3 eval=0 prior=0
[inst] req=11051008 hits=3498594 fwd=7377 rows=7552259 fwd_ms=421831.8 eval=0 prior=0
[inst] req=11059200 hits=3501168 fwd=7382 rows=7557379 fwd_ms=422109.2 eval=0 prior=0
[inst] req=11067392 hits=3503855 fwd=7388 rows=7563523 fwd_ms=422442.0 eval=0 prior=0
[inst] req=11075584 hits=3506490 fwd=7393 rows=7568643 fwd_ms=422719.3 eval=0 prior=0
[inst] req=11083776 hits=3509131 fwd=7398 rows=7573763 fwd_ms=422997.4 eval=0 prior=0
[inst] req=11091968 hits=3511781 fwd=7404 rows=7579907 fwd_ms=423331.7 eval=0 prior=0
[inst] req=11100160 hits=3514431 fwd=7409 rows=7585027 fwd_ms=423610.4 eval=0 prior=0
[inst] req=11108352 hits=3517158 fwd=7415 rows=7591171 fwd_ms=423944.7 eval=0 prior=0
[inst] req=11116544 hits=3519933 fwd=7420 rows=7596291 fwd_ms=424223.2 eval=0 prior=0
[inst] req=11124736 hits=3522570 fwd=7425 rows=7601411 fwd_ms=424501.9 eval=0 prior=0
[inst] req=11132928 hits=3525193 fwd=7431 rows=7607555 fwd_ms=424836.4 eval=0 prior=0
[inst] req=11141120 hits=3527838 fwd=7436 rows=7612675 fwd_ms=425115.1 eval=0 prior=0
[inst] req=11149312 hits=3530354 fwd=7442 rows=7618819 fwd_ms=425449.5 eval=0 prior=0
[inst] req=11157504 hits=3532999 fwd=7447 rows=7623939 fwd_ms=425726.9 eval=0 prior=0
[inst] req=11165696 hits=3535806 fwd=7452 rows=7629059 fwd_ms=426004.5 eval=0 prior=0
[inst] req=11173888 hits=3538519 fwd=7458 rows=7635203 fwd_ms=426339.0 eval=0 prior=0
[inst] req=11182080 hits=3541140 fwd=7463 rows=7640323 fwd_ms=426616.9 eval=0 prior=0
[inst] req=11190272 hits=3543836 fwd=7468 rows=7645443 fwd_ms=426894.3 eval=0 prior=0
[inst] req=11198464 hits=3546533 fwd=7474 rows=7651587 fwd_ms=427227.1 eval=0 prior=0
[inst] req=11206656 hits=3549183 fwd=7479 rows=7656707 fwd_ms=427504.4 eval=0 prior=0
[inst] req=11214848 hits=3551890 fwd=7485 rows=7662851 fwd_ms=427837.2 eval=0 prior=0
[inst] req=11223040 hits=3554540 fwd=7490 rows=7667971 fwd_ms=428114.4 eval=0 prior=0
[inst] req=11231232 hits=3557198 fwd=7495 rows=7673091 fwd_ms=428391.7 eval=0 prior=0
[inst] req=11239424 hits=3559846 fwd=7501 rows=7679235 fwd_ms=428724.5 eval=0 prior=0
[inst] req=11247616 hits=3562562 fwd=7506 rows=7684355 fwd_ms=429001.9 eval=0 prior=0
[inst] req=11255808 hits=3565324 fwd=7511 rows=7689475 fwd_ms=429279.3 eval=0 prior=0
[inst] req=11264000 hits=3567897 fwd=7517 rows=7695619 fwd_ms=429612.3 eval=0 prior=0
[inst] req=11272192 hits=3570504 fwd=7522 rows=7700739 fwd_ms=429889.6 eval=0 prior=0
[inst] req=11280384 hits=3573238 fwd=7528 rows=7706883 fwd_ms=430222.7 eval=0 prior=0
[inst] req=11288576 hits=3575893 fwd=7533 rows=7712003 fwd_ms=430500.3 eval=0 prior=0
[inst] req=11296768 hits=3578572 fwd=7539 rows=7718147 fwd_ms=430833.1 eval=0 prior=0
[inst] req=11304960 hits=3581219 fwd=7544 rows=7723267 fwd_ms=431110.5 eval=0 prior=0
[inst] req=11313152 hits=3583827 fwd=7549 rows=7728387 fwd_ms=431387.9 eval=0 prior=0
[inst] req=11321344 hits=3586353 fwd=7555 rows=7734531 fwd_ms=431720.8 eval=0 prior=0
[inst] req=11329536 hits=3588891 fwd=7560 rows=7739651 fwd_ms=431998.1 eval=0 prior=0
[inst] req=11337728 hits=3591414 fwd=7566 rows=7745795 fwd_ms=432331.1 eval=0 prior=0
[inst] req=11345920 hits=3594069 fwd=7571 rows=7750915 fwd_ms=432608.5 eval=0 prior=0
[inst] req=11354112 hits=3596684 fwd=7577 rows=7757059 fwd_ms=432941.4 eval=0 prior=0
[inst] req=11362304 hits=3599359 fwd=7582 rows=7762179 fwd_ms=433218.9 eval=0 prior=0
[inst] req=11370496 hits=3602102 fwd=7588 rows=7768323 fwd_ms=433551.8 eval=0 prior=0
[inst] req=11378688 hits=3604901 fwd=7593 rows=7773443 fwd_ms=433829.5 eval=0 prior=0
[inst] req=11386880 hits=3607566 fwd=7598 rows=7778563 fwd_ms=434107.0 eval=0 prior=0
[inst] req=11395072 hits=3610230 fwd=7604 rows=7784707 fwd_ms=434440.0 eval=0 prior=0
[inst] req=11403264 hits=3612764 fwd=7609 rows=7789827 fwd_ms=434717.4 eval=0 prior=0
[inst] req=11411456 hits=3615450 fwd=7615 rows=7795970 fwd_ms=435050.3 eval=0 prior=0
[inst] req=11419648 hits=3618043 fwd=7620 rows=7801090 fwd_ms=435327.5 eval=0 prior=0
[inst] req=11427840 hits=3620755 fwd=7625 rows=7806210 fwd_ms=435605.2 eval=0 prior=0
[inst] req=11436032 hits=3623418 fwd=7631 rows=7812354 fwd_ms=435938.5 eval=0 prior=0
[inst] req=11444224 hits=3626065 fwd=7636 rows=7817433 fwd_ms=436224.6 eval=0 prior=0
[inst] req=11452416 hits=3628652 fwd=7642 rows=7823577 fwd_ms=436558.0 eval=0 prior=0
[inst] req=11460608 hits=3631316 fwd=7647 rows=7828697 fwd_ms=436836.3 eval=0 prior=0
[inst] req=11468800 hits=3633961 fwd=7652 rows=7833817 fwd_ms=437114.4 eval=0 prior=0
[inst] req=11476992 hits=3636678 fwd=7658 rows=7839961 fwd_ms=437448.3 eval=0 prior=0
[inst] req=11485184 hits=3639355 fwd=7663 rows=7845081 fwd_ms=437727.2 eval=0 prior=0
[inst] req=11493376 hits=3642040 fwd=7669 rows=7851225 fwd_ms=438061.8 eval=0 prior=0
[inst] req=11501568 hits=3644881 fwd=7674 rows=7856345 fwd_ms=438539.4 eval=0 prior=0
[inst] req=11509760 hits=3647463 fwd=7679 rows=7861465 fwd_ms=439268.4 eval=0 prior=0
[inst] req=11517952 hits=3650051 fwd=7685 rows=7867609 fwd_ms=440114.7 eval=0 prior=0
[inst] req=11526144 hits=3652742 fwd=7690 rows=7872729 fwd_ms=440736.9 eval=0 prior=0
[inst] req=11534336 hits=3655411 fwd=7696 rows=7878873 fwd_ms=441521.0 eval=0 prior=0
[inst] req=11542528 hits=3658168 fwd=7701 rows=7883993 fwd_ms=442191.1 eval=0 prior=0
[inst] req=11550720 hits=3660837 fwd=7706 rows=7889113 fwd_ms=442884.2 eval=0 prior=0
[inst] req=11558912 hits=3663395 fwd=7712 rows=7895257 fwd_ms=443624.2 eval=0 prior=0
[inst] req=11567104 hits=3666099 fwd=7717 rows=7900377 fwd_ms=444327.1 eval=0 prior=0
[inst] req=11575296 hits=3668585 fwd=7723 rows=7906521 fwd_ms=445187.7 eval=0 prior=0
[inst] req=11583488 hits=3671279 fwd=7728 rows=7911641 fwd_ms=445794.5 eval=0 prior=0
[inst] req=11591680 hits=3673924 fwd=7733 rows=7916761 fwd_ms=446406.9 eval=0 prior=0
[inst] req=11599872 hits=3676531 fwd=7739 rows=7922905 fwd_ms=447208.4 eval=0 prior=0
[inst] req=11608064 hits=3679187 fwd=7744 rows=7928025 fwd_ms=447800.5 eval=0 prior=0
[inst] req=11616256 hits=3681857 fwd=7750 rows=7934169 fwd_ms=448617.9 eval=0 prior=0
[inst] req=11624448 hits=3684485 fwd=7755 rows=7939289 fwd_ms=449284.8 eval=0 prior=0
[inst] req=11632640 hits=3687138 fwd=7761 rows=7945433 fwd_ms=450086.9 eval=0 prior=0
[inst] req=11640832 hits=3689946 fwd=7766 rows=7950553 fwd_ms=450368.8 eval=0 prior=0
[inst] req=11649024 hits=3692682 fwd=7771 rows=7955673 fwd_ms=450649.8 eval=0 prior=0
[inst] req=11657216 hits=3695314 fwd=7777 rows=7961817 fwd_ms=450988.1 eval=0 prior=0
[inst] req=11665408 hits=3696454 fwd=7783 rows=7967961 fwd_ms=451330.7 eval=0 prior=0
[inst] req=11673600 hits=3696689 fwd=7791 rows=7976153 fwd_ms=451776.5 eval=0 prior=0
[inst] req=11681792 hits=3697105 fwd=7799 rows=7984345 fwd_ms=452222.3 eval=0 prior=0
[inst] req=11689984 hits=3697771 fwd=7806 rows=7991513 fwd_ms=452612.2 eval=0 prior=0
[inst] req=11698176 hits=3698829 fwd=7813 rows=7998681 fwd_ms=453002.1 eval=0 prior=0
[inst] req=11706368 hits=3700280 fwd=7820 rows=8005849 fwd_ms=453392.0 eval=0 prior=0
[inst] req=11714560 hits=3702139 fwd=7826 rows=8011993 fwd_ms=453726.2 eval=0 prior=0
[inst] req=11722752 hits=3704389 fwd=7832 rows=8018137 fwd_ms=454060.6 eval=0 prior=0
[inst] req=11730944 hits=3706770 fwd=7837 rows=8023257 fwd_ms=454339.2 eval=0 prior=0
[inst] req=11739136 hits=3709409 fwd=7843 rows=8029401 fwd_ms=454673.6 eval=0 prior=0
[inst] req=11747328 hits=3711903 fwd=7848 rows=8034521 fwd_ms=454952.1 eval=0 prior=0
[inst] req=11755520 hits=3714554 fwd=7854 rows=8040665 fwd_ms=455286.3 eval=0 prior=0
[inst] req=11763712 hits=3716981 fwd=7859 rows=8045785 fwd_ms=455565.0 eval=0 prior=0
[inst] req=11771904 hits=3719468 fwd=7865 rows=8051929 fwd_ms=455899.4 eval=0 prior=0
[inst] req=11780096 hits=3721952 fwd=7871 rows=8058073 fwd_ms=456233.9 eval=0 prior=0
[inst] req=11788288 hits=3724504 fwd=7876 rows=8063193 fwd_ms=456512.6 eval=0 prior=0
[inst] req=11796480 hits=3727048 fwd=7882 rows=8069337 fwd_ms=456847.2 eval=0 prior=0
[inst] req=11804672 hits=3729695 fwd=7887 rows=8074457 fwd_ms=457126.0 eval=0 prior=0
[inst] req=11812864 hits=3732292 fwd=7892 rows=8079577 fwd_ms=457404.7 eval=0 prior=0
[inst] req=11821056 hits=3735115 fwd=7898 rows=8085721 fwd_ms=457739.0 eval=0 prior=0
[inst] req=11829248 hits=3738105 fwd=7903 rows=8090841 fwd_ms=458017.5 eval=0 prior=0
[inst] req=11837440 hits=3740801 fwd=7908 rows=8095961 fwd_ms=458296.3 eval=0 prior=0
[inst] req=11845632 hits=3743439 fwd=7914 rows=8102105 fwd_ms=458630.8 eval=0 prior=0
[inst] req=11853824 hits=3745980 fwd=7919 rows=8107225 fwd_ms=458909.2 eval=0 prior=0
[inst] req=11862016 hits=3748525 fwd=7925 rows=8113369 fwd_ms=459243.6 eval=0 prior=0
[inst] req=11870208 hits=3751076 fwd=7930 rows=8118489 fwd_ms=459522.4 eval=0 prior=0
[inst] req=11878400 hits=3753805 fwd=7935 rows=8123609 fwd_ms=459800.9 eval=0 prior=0
[inst] req=11886592 hits=3756472 fwd=7941 rows=8129753 fwd_ms=460135.2 eval=0 prior=0
[inst] req=11894784 hits=3759177 fwd=7946 rows=8134873 fwd_ms=460414.0 eval=0 prior=0
[inst] req=11902976 hits=3761892 fwd=7952 rows=8141017 fwd_ms=460748.7 eval=0 prior=0
[inst] req=11911168 hits=3764853 fwd=7957 rows=8146137 fwd_ms=461027.3 eval=0 prior=0
[inst] req=11919360 hits=3767673 fwd=7962 rows=8151257 fwd_ms=461306.2 eval=0 prior=0
[inst] req=11927552 hits=3770460 fwd=7967 rows=8156377 fwd_ms=461584.9 eval=0 prior=0
[inst] req=11935744 hits=3773078 fwd=7973 rows=8162521 fwd_ms=461919.4 eval=0 prior=0
[inst] req=11943936 hits=3775490 fwd=7978 rows=8167641 fwd_ms=462198.1 eval=0 prior=0
[inst] req=11952128 hits=3778000 fwd=7984 rows=8173785 fwd_ms=462532.6 eval=0 prior=0
[inst] req=11960320 hits=3780523 fwd=7989 rows=8178905 fwd_ms=462811.3 eval=0 prior=0
[inst] req=11968512 hits=3783165 fwd=7995 rows=8185049 fwd_ms=463145.4 eval=0 prior=0
[inst] req=11976704 hits=3785800 fwd=8000 rows=8190169 fwd_ms=463423.9 eval=0 prior=0
[inst] req=11984896 hits=3788674 fwd=8005 rows=8195289 fwd_ms=463702.6 eval=0 prior=0
[inst] req=11993088 hits=3791429 fwd=8011 rows=8201433 fwd_ms=464037.0 eval=0 prior=0
[inst] req=12001280 hits=3794332 fwd=8016 rows=8206553 fwd_ms=464315.3 eval=0 prior=0
[inst] req=12009472 hits=3797303 fwd=8021 rows=8211673 fwd_ms=464594.0 eval=0 prior=0
[inst] req=12017664 hits=3799994 fwd=8026 rows=8216793 fwd_ms=464872.7 eval=0 prior=0
[inst] req=12025856 hits=3802522 fwd=8032 rows=8222937 fwd_ms=465207.0 eval=0 prior=0
[inst] req=12034048 hits=3805209 fwd=8037 rows=8228057 fwd_ms=465485.2 eval=0 prior=0
[inst] req=12042240 hits=3807699 fwd=8043 rows=8234201 fwd_ms=465819.4 eval=0 prior=0
[inst] req=12050432 hits=3810257 fwd=8048 rows=8239321 fwd_ms=466098.1 eval=0 prior=0
[inst] req=12058624 hits=3812985 fwd=8054 rows=8245465 fwd_ms=466432.4 eval=0 prior=0
[inst] req=12066816 hits=3815636 fwd=8059 rows=8250585 fwd_ms=466711.3 eval=0 prior=0
[inst] req=12075008 hits=3818333 fwd=8064 rows=8255705 fwd_ms=466990.2 eval=0 prior=0
[inst] req=12083200 hits=3821141 fwd=8070 rows=8261849 fwd_ms=467324.9 eval=0 prior=0
[inst] req=12091392 hits=3823961 fwd=8075 rows=8266969 fwd_ms=467603.8 eval=0 prior=0
[inst] req=12099584 hits=3826629 fwd=8080 rows=8272089 fwd_ms=467882.8 eval=0 prior=0
[inst] req=12107776 hits=3829326 fwd=8086 rows=8278233 fwd_ms=468217.6 eval=0 prior=0
[inst] req=12115968 hits=3831815 fwd=8091 rows=8283353 fwd_ms=468498.0 eval=0 prior=0
[inst] req=12124160 hits=3834283 fwd=8097 rows=8289497 fwd_ms=468834.5 eval=0 prior=0
[inst] req=12132352 hits=3836930 fwd=8102 rows=8294617 fwd_ms=469114.5 eval=0 prior=0
[inst] req=12140544 hits=3839548 fwd=8108 rows=8300761 fwd_ms=469450.9 eval=0 prior=0
[inst] req=12148736 hits=3842248 fwd=8113 rows=8305881 fwd_ms=469731.3 eval=0 prior=0
[inst] req=12156928 hits=3844926 fwd=8118 rows=8311001 fwd_ms=470011.7 eval=0 prior=0
[inst] req=12165120 hits=3847708 fwd=8124 rows=8317145 fwd_ms=470348.1 eval=0 prior=0
[inst] req=12173312 hits=3850502 fwd=8129 rows=8322265 fwd_ms=470628.2 eval=0 prior=0
[inst] req=12181504 hits=3853344 fwd=8134 rows=8327385 fwd_ms=470908.3 eval=0 prior=0
[inst] req=12189696 hits=3855971 fwd=8140 rows=8333529 fwd_ms=471244.6 eval=0 prior=0
[inst] req=12197888 hits=3858583 fwd=8145 rows=8338649 fwd_ms=471524.9 eval=0 prior=0
[inst] req=12206080 hits=3861102 fwd=8151 rows=8344793 fwd_ms=471861.2 eval=0 prior=0
[inst] req=12214272 hits=3863598 fwd=8156 rows=8349913 fwd_ms=472141.3 eval=0 prior=0
[inst] req=12222464 hits=3866195 fwd=8162 rows=8356057 fwd_ms=472477.7 eval=0 prior=0
[inst] req=12230656 hits=3868823 fwd=8167 rows=8361177 fwd_ms=472757.9 eval=0 prior=0
[inst] req=12238848 hits=3871487 fwd=8173 rows=8367321 fwd_ms=473093.1 eval=0 prior=0
[inst] req=12247040 hits=3874264 fwd=8178 rows=8372441 fwd_ms=473371.8 eval=0 prior=0
[inst] req=12255232 hits=3877011 fwd=8183 rows=8377561 fwd_ms=473650.6 eval=0 prior=0
[inst] req=12263424 hits=3879881 fwd=8188 rows=8382681 fwd_ms=473929.5 eval=0 prior=0
[inst] req=12271616 hits=3882598 fwd=8194 rows=8388825 fwd_ms=474263.8 eval=0 prior=0
[inst] req=12279808 hits=3885206 fwd=8199 rows=8393945 fwd_ms=474542.5 eval=0 prior=0
[inst] req=12288000 hits=3887755 fwd=8205 rows=8400089 fwd_ms=474876.9 eval=0 prior=0
[inst] req=12296192 hits=3890319 fwd=8210 rows=8405209 fwd_ms=475155.5 eval=0 prior=0
[inst] req=12304384 hits=3893132 fwd=8215 rows=8410329 fwd_ms=475434.3 eval=0 prior=0
[inst] req=12312576 hits=3895823 fwd=8221 rows=8416473 fwd_ms=475768.1 eval=0 prior=0
[inst] req=12320768 hits=3898476 fwd=8226 rows=8421593 fwd_ms=476045.8 eval=0 prior=0
[inst] req=12328960 hits=3901230 fwd=8231 rows=8426713 fwd_ms=476323.7 eval=0 prior=0
[inst] req=12337152 hits=3903919 fwd=8237 rows=8432857 fwd_ms=476656.9 eval=0 prior=0
[inst] req=12345344 hits=3906663 fwd=8242 rows=8437976 fwd_ms=476934.7 eval=0 prior=0
[inst] req=12353536 hits=3909340 fwd=8248 rows=8444120 fwd_ms=477267.8 eval=0 prior=0
[inst] req=12361728 hits=3912093 fwd=8253 rows=8449240 fwd_ms=477545.3 eval=0 prior=0
[inst] req=12369920 hits=3914712 fwd=8258 rows=8454360 fwd_ms=477822.9 eval=0 prior=0
[inst] req=12378112 hits=3917298 fwd=8264 rows=8460504 fwd_ms=478156.0 eval=0 prior=0
[inst] req=12386304 hits=3919979 fwd=8269 rows=8465624 fwd_ms=478433.7 eval=0 prior=0
[inst] req=12394496 hits=3922490 fwd=8275 rows=8471768 fwd_ms=478766.9 eval=0 prior=0
[inst] req=12402688 hits=3925005 fwd=8280 rows=8476888 fwd_ms=479044.5 eval=0 prior=0
[inst] req=12410880 hits=3927699 fwd=8286 rows=8483032 fwd_ms=479377.6 eval=0 prior=0
[inst] req=12419072 hits=3930601 fwd=8291 rows=8488152 fwd_ms=479655.1 eval=0 prior=0
[inst] req=12427264 hits=3933419 fwd=8296 rows=8493272 fwd_ms=479933.8 eval=0 prior=0
[inst] req=12435456 hits=3936066 fwd=8301 rows=8498392 fwd_ms=480213.0 eval=0 prior=0
[inst] req=12443648 hits=3938799 fwd=8307 rows=8504536 fwd_ms=480547.9 eval=0 prior=0
[inst] req=12451840 hits=3941475 fwd=8312 rows=8509656 fwd_ms=480826.9 eval=0 prior=0
[inst] req=12460032 hits=3944163 fwd=8318 rows=8515800 fwd_ms=481161.9 eval=0 prior=0
[inst] req=12468224 hits=3946855 fwd=8323 rows=8520920 fwd_ms=481441.0 eval=0 prior=0
[inst] req=12476416 hits=3949545 fwd=8328 rows=8526040 fwd_ms=481719.4 eval=0 prior=0
[inst] req=12484608 hits=3952296 fwd=8334 rows=8532184 fwd_ms=482052.6 eval=0 prior=0
[inst] req=12492800 hits=3954961 fwd=8339 rows=8537304 fwd_ms=482330.5 eval=0 prior=0
[inst] req=12500992 hits=3957721 fwd=8344 rows=8542424 fwd_ms=482608.4 eval=0 prior=0
[inst] req=12509184 hits=3960492 fwd=8350 rows=8548568 fwd_ms=482941.8 eval=0 prior=0
[inst] req=12517376 hits=3963258 fwd=8355 rows=8553688 fwd_ms=483219.6 eval=0 prior=0
[inst] req=12525568 hits=3966086 fwd=8360 rows=8558808 fwd_ms=483497.3 eval=0 prior=0
[inst] req=12533760 hits=3968761 fwd=8366 rows=8564952 fwd_ms=483830.7 eval=0 prior=0
[inst] req=12541952 hits=3971415 fwd=8371 rows=8570072 fwd_ms=484108.2 eval=0 prior=0
[inst] req=12550144 hits=3974033 fwd=8376 rows=8575192 fwd_ms=484385.9 eval=0 prior=0
[inst] req=12558336 hits=3976574 fwd=8382 rows=8581336 fwd_ms=484719.2 eval=0 prior=0
[inst] req=12566528 hits=3979211 fwd=8387 rows=8586456 fwd_ms=484997.0 eval=0 prior=0
[inst] req=12574720 hits=3981912 fwd=8393 rows=8592600 fwd_ms=485330.3 eval=0 prior=0
[inst] req=12582912 hits=3984683 fwd=8398 rows=8597720 fwd_ms=485608.0 eval=0 prior=0
[inst] req=12591104 hits=3987473 fwd=8403 rows=8602840 fwd_ms=485885.7 eval=0 prior=0
[inst] req=12599296 hits=3990121 fwd=8409 rows=8608984 fwd_ms=486218.8 eval=0 prior=0
[inst] req=12607488 hits=3992790 fwd=8414 rows=8614104 fwd_ms=486496.5 eval=0 prior=0
[inst] req=12615680 hits=3995472 fwd=8419 rows=8619224 fwd_ms=486774.2 eval=0 prior=0
[inst] req=12623872 hits=3998255 fwd=8425 rows=8625368 fwd_ms=487107.4 eval=0 prior=0
[inst] req=12632064 hits=4000942 fwd=8430 rows=8630488 fwd_ms=487385.1 eval=0 prior=0
[inst] req=12640256 hits=4003673 fwd=8435 rows=8635608 fwd_ms=487662.8 eval=0 prior=0
[inst] req=12648448 hits=4006317 fwd=8441 rows=8641752 fwd_ms=487996.1 eval=0 prior=0
[inst] req=12656640 hits=4009026 fwd=8446 rows=8646872 fwd_ms=488273.8 eval=0 prior=0
[inst] req=12664832 hits=4011552 fwd=8452 rows=8653016 fwd_ms=488607.0 eval=0 prior=0
[inst] req=12673024 hits=4014186 fwd=8457 rows=8658136 fwd_ms=488884.7 eval=0 prior=0
[inst] req=12681216 hits=4016903 fwd=8463 rows=8664280 fwd_ms=489218.0 eval=0 prior=0
[inst] req=12689408 hits=4019651 fwd=8468 rows=8669400 fwd_ms=489495.8 eval=0 prior=0
[inst] req=12697600 hits=4022370 fwd=8473 rows=8674520 fwd_ms=489773.5 eval=0 prior=0
[inst] req=12705792 hits=4025046 fwd=8479 rows=8680664 fwd_ms=490106.9 eval=0 prior=0
[inst] req=12713984 hits=4027764 fwd=8484 rows=8685784 fwd_ms=490384.6 eval=0 prior=0
[inst] req=12722176 hits=4030468 fwd=8489 rows=8690904 fwd_ms=490662.5 eval=0 prior=0
[inst] req=12730368 hits=4033112 fwd=8495 rows=8697048 fwd_ms=490996.7 eval=0 prior=0
[inst] req=12738560 hits=4035842 fwd=8500 rows=8702168 fwd_ms=491274.9 eval=0 prior=0
[inst] req=12746752 hits=4038532 fwd=8505 rows=8707288 fwd_ms=491553.8 eval=0 prior=0
[inst] req=12754944 hits=4041230 fwd=8511 rows=8713432 fwd_ms=491888.4 eval=0 prior=0
[inst] req=12763136 hits=4043854 fwd=8516 rows=8718552 fwd_ms=492167.3 eval=0 prior=0
[inst] req=12771328 hits=4046550 fwd=8522 rows=8724696 fwd_ms=492501.9 eval=0 prior=0
[inst] req=12779520 hits=4049331 fwd=8527 rows=8729816 fwd_ms=492780.6 eval=0 prior=0
[inst] req=12787712 hits=4052034 fwd=8532 rows=8734936 fwd_ms=493059.5 eval=0 prior=0
[inst] req=12795904 hits=4054824 fwd=8537 rows=8740056 fwd_ms=493338.3 eval=0 prior=0
[inst] req=12804096 hits=4057598 fwd=8543 rows=8746200 fwd_ms=493672.9 eval=0 prior=0
[inst] req=12812288 hits=4060188 fwd=8548 rows=8751320 fwd_ms=493951.9 eval=0 prior=0
[inst] req=12820480 hits=4062924 fwd=8554 rows=8757464 fwd_ms=494286.4 eval=0 prior=0
[inst] req=12828672 hits=4065605 fwd=8559 rows=8762584 fwd_ms=494565.0 eval=0 prior=0
[inst] req=12836864 hits=4068250 fwd=8564 rows=8767704 fwd_ms=494843.6 eval=0 prior=0
[inst] req=12845056 hits=4070979 fwd=8570 rows=8773848 fwd_ms=495177.6 eval=0 prior=0
[inst] req=12853248 hits=4073646 fwd=8575 rows=8778968 fwd_ms=495456.2 eval=0 prior=0
[inst] req=12861440 hits=4076273 fwd=8581 rows=8785112 fwd_ms=495790.6 eval=0 prior=0
[inst] req=12869632 hits=4079031 fwd=8586 rows=8790232 fwd_ms=496069.4 eval=0 prior=0
[inst] req=12877824 hits=4081923 fwd=8591 rows=8795352 fwd_ms=496347.9 eval=0 prior=0
[inst] req=12886016 hits=4084613 fwd=8596 rows=8800472 fwd_ms=496626.3 eval=0 prior=0
[inst] req=12894208 hits=4087303 fwd=8602 rows=8806616 fwd_ms=496960.6 eval=0 prior=0
[inst] req=12902400 hits=4089956 fwd=8607 rows=8811736 fwd_ms=497239.3 eval=0 prior=0
[inst] req=12910592 hits=4092670 fwd=8613 rows=8817880 fwd_ms=497573.8 eval=0 prior=0
[inst] req=12918784 hits=4095367 fwd=8618 rows=8823000 fwd_ms=497852.5 eval=0 prior=0
[inst] req=12926976 hits=4098125 fwd=8623 rows=8828120 fwd_ms=498131.1 eval=0 prior=0
[inst] req=12935168 hits=4100835 fwd=8629 rows=8834264 fwd_ms=498465.5 eval=0 prior=0
[inst] req=12943360 hits=4103475 fwd=8634 rows=8839384 fwd_ms=498744.3 eval=0 prior=0
[inst] req=12951552 hits=4106104 fwd=8639 rows=8844504 fwd_ms=499022.8 eval=0 prior=0
[inst] req=12959744 hits=4108748 fwd=8645 rows=8850648 fwd_ms=499357.3 eval=0 prior=0
[inst] req=12967936 hits=4111478 fwd=8650 rows=8855768 fwd_ms=499636.1 eval=0 prior=0
[inst] req=12976128 hits=4114200 fwd=8656 rows=8861912 fwd_ms=499970.5 eval=0 prior=0
[inst] req=12984320 hits=4116905 fwd=8661 rows=8867032 fwd_ms=500249.3 eval=0 prior=0
[inst] req=12992512 hits=4119445 fwd=8666 rows=8872152 fwd_ms=500527.9 eval=0 prior=0
[inst] req=13000704 hits=4122100 fwd=8672 rows=8878296 fwd_ms=500862.3 eval=0 prior=0
[inst] req=13008896 hits=4124675 fwd=8677 rows=8883416 fwd_ms=501140.7 eval=0 prior=0
[inst] req=13017088 hits=4127297 fwd=8683 rows=8889560 fwd_ms=501475.2 eval=0 prior=0
[inst] req=13025280 hits=4130211 fwd=8688 rows=8894680 fwd_ms=501753.8 eval=0 prior=0
[inst] req=13033472 hits=4132845 fwd=8693 rows=8899800 fwd_ms=502032.4 eval=0 prior=0
[inst] req=13041664 hits=4135577 fwd=8699 rows=8905944 fwd_ms=502367.1 eval=0 prior=0
[inst] req=13049856 hits=4138275 fwd=8704 rows=8911064 fwd_ms=502645.7 eval=0 prior=0
[inst] req=13058048 hits=4141096 fwd=8709 rows=8916184 fwd_ms=502924.3 eval=0 prior=0
[inst] req=13066240 hits=4143924 fwd=8714 rows=8921304 fwd_ms=503203.0 eval=0 prior=0
[inst] req=13074432 hits=4146702 fwd=8720 rows=8927448 fwd_ms=503537.5 eval=0 prior=0
[inst] req=13082624 hits=4149472 fwd=8725 rows=8932568 fwd_ms=503816.5 eval=0 prior=0
[inst] req=13090816 hits=4152079 fwd=8731 rows=8938712 fwd_ms=504151.4 eval=0 prior=0
[inst] req=13099008 hits=4154664 fwd=8736 rows=8943832 fwd_ms=504430.3 eval=0 prior=0
[inst] req=13107200 hits=4157218 fwd=8742 rows=8949976 fwd_ms=504765.0 eval=0 prior=0
[inst] req=13115392 hits=4159792 fwd=8747 rows=8955096 fwd_ms=505043.8 eval=0 prior=0
[inst] req=13123584 hits=4162518 fwd=8752 rows=8960216 fwd_ms=505322.2 eval=0 prior=0
[inst] req=13131776 hits=4165281 fwd=8758 rows=8966360 fwd_ms=505656.7 eval=0 prior=0
[inst] req=13139968 hits=4168009 fwd=8763 rows=8971480 fwd_ms=505935.5 eval=0 prior=0
[inst] req=13148160 hits=4170671 fwd=8768 rows=8976600 fwd_ms=506214.2 eval=0 prior=0
[inst] req=13156352 hits=4173530 fwd=8774 rows=8982744 fwd_ms=506548.9 eval=0 prior=0
[inst] req=13164544 hits=4176180 fwd=8779 rows=8987862 fwd_ms=506827.7 eval=0 prior=0
[inst] req=13172736 hits=4178842 fwd=8784 rows=8992982 fwd_ms=507106.4 eval=0 prior=0
[inst] req=13180928 hits=4181573 fwd=8790 rows=8999126 fwd_ms=507441.0 eval=0 prior=0
[inst] req=13189120 hits=4184354 fwd=8795 rows=9004246 fwd_ms=507719.6 eval=0 prior=0
[inst] req=13197312 hits=4187111 fwd=8800 rows=9009366 fwd_ms=507998.3 eval=0 prior=0
[inst] req=13205504 hits=4189793 fwd=8806 rows=9015510 fwd_ms=508332.7 eval=0 prior=0
[inst] req=13213696 hits=4192460 fwd=8811 rows=9020630 fwd_ms=508611.5 eval=0 prior=0
[inst] req=13221888 hits=4195146 fwd=8816 rows=9025750 fwd_ms=508890.3 eval=0 prior=0
[inst] req=13230080 hits=4197969 fwd=8822 rows=9031894 fwd_ms=509224.7 eval=0 prior=0
[inst] req=13238272 hits=4200709 fwd=8827 rows=9037014 fwd_ms=509503.6 eval=0 prior=0
[inst] req=13246464 hits=4203514 fwd=8832 rows=9042134 fwd_ms=509782.4 eval=0 prior=0
[inst] req=13254656 hits=4206138 fwd=8838 rows=9048278 fwd_ms=510116.8 eval=0 prior=0
[inst] req=13262848 hits=4208772 fwd=8843 rows=9053398 fwd_ms=510395.6 eval=0 prior=0
[inst] req=13271040 hits=4211300 fwd=8849 rows=9059542 fwd_ms=510730.0 eval=0 prior=0
[inst] req=13279232 hits=4214008 fwd=8854 rows=9064662 fwd_ms=511008.8 eval=0 prior=0
[inst] req=13287424 hits=4216722 fwd=8859 rows=9069782 fwd_ms=511287.5 eval=0 prior=0
[inst] req=13295616 hits=4219355 fwd=8865 rows=9075926 fwd_ms=511622.1 eval=0 prior=0
[inst] req=13303808 hits=4222066 fwd=8870 rows=9081046 fwd_ms=511900.9 eval=0 prior=0
[inst] req=13312000 hits=4224877 fwd=8875 rows=9086166 fwd_ms=512179.6 eval=0 prior=0
[inst] req=13320192 hits=4227567 fwd=8881 rows=9092310 fwd_ms=512514.0 eval=0 prior=0
[inst] req=13328384 hits=4230223 fwd=8886 rows=9097430 fwd_ms=512792.7 eval=0 prior=0
[inst] req=13336576 hits=4233002 fwd=8891 rows=9102550 fwd_ms=513071.3 eval=0 prior=0
[inst] req=13344768 hits=4235658 fwd=8897 rows=9108694 fwd_ms=513405.5 eval=0 prior=0
[inst] req=13352960 hits=4238339 fwd=8902 rows=9113814 fwd_ms=513684.2 eval=0 prior=0
[inst] req=13361152 hits=4241017 fwd=8908 rows=9119958 fwd_ms=514018.7 eval=0 prior=0
[inst] req=13369344 hits=4243746 fwd=8913 rows=9125078 fwd_ms=514297.5 eval=0 prior=0
[inst] req=13377536 hits=4246324 fwd=8918 rows=9130198 fwd_ms=514576.1 eval=0 prior=0
[inst] req=13385728 hits=4249165 fwd=8924 rows=9136342 fwd_ms=514910.5 eval=0 prior=0
[inst] req=13393920 hits=4251889 fwd=8929 rows=9141462 fwd_ms=515189.3 eval=0 prior=0
[inst] req=13402112 hits=4254658 fwd=8934 rows=9146582 fwd_ms=515468.1 eval=0 prior=0
[inst] req=13410304 hits=4257261 fwd=8940 rows=9152726 fwd_ms=515802.7 eval=0 prior=0
[inst] req=13418496 hits=4259988 fwd=8945 rows=9157845 fwd_ms=516081.7 eval=0 prior=0
[inst] req=13426688 hits=4262672 fwd=8951 rows=9163989 fwd_ms=516416.3 eval=0 prior=0
[inst] req=13434880 hits=4265281 fwd=8956 rows=9169109 fwd_ms=516695.0 eval=0 prior=0
[inst] req=13443072 hits=4267924 fwd=8961 rows=9174229 fwd_ms=516973.8 eval=0 prior=0
[inst] req=13451264 hits=4270598 fwd=8967 rows=9180373 fwd_ms=517308.0 eval=0 prior=0
[inst] req=13459456 hits=4273303 fwd=8972 rows=9185493 fwd_ms=517586.9 eval=0 prior=0
[inst] req=13467648 hits=4275897 fwd=8978 rows=9191637 fwd_ms=517921.5 eval=0 prior=0
[inst] req=13475840 hits=4278581 fwd=8983 rows=9196757 fwd_ms=518200.3 eval=0 prior=0
[inst] req=13484032 hits=4281293 fwd=8988 rows=9201877 fwd_ms=518479.2 eval=0 prior=0
[inst] req=13492224 hits=4284023 fwd=8994 rows=9208021 fwd_ms=518813.7 eval=0 prior=0
[inst] req=13500416 hits=4286810 fwd=8999 rows=9213141 fwd_ms=519092.3 eval=0 prior=0
[inst] req=13508608 hits=4289532 fwd=9004 rows=9218261 fwd_ms=519371.0 eval=0 prior=0
[inst] req=13516800 hits=4292322 fwd=9010 rows=9224405 fwd_ms=519705.5 eval=0 prior=0
[inst] req=13524992 hits=4295044 fwd=9015 rows=9229525 fwd_ms=519984.1 eval=0 prior=0
[inst] req=13533184 hits=4297734 fwd=9020 rows=9234645 fwd_ms=520262.7 eval=0 prior=0
[inst] req=13541376 hits=4300450 fwd=9026 rows=9240789 fwd_ms=520596.9 eval=0 prior=0
[inst] req=13549568 hits=4303152 fwd=9031 rows=9245909 fwd_ms=520875.6 eval=0 prior=0
[inst] req=13557760 hits=4305904 fwd=9036 rows=9251029 fwd_ms=521154.3 eval=0 prior=0
[inst] req=13565952 hits=4308593 fwd=9042 rows=9257173 fwd_ms=521488.7 eval=0 prior=0
[inst] req=13574144 hits=4311143 fwd=9047 rows=9262293 fwd_ms=521767.6 eval=0 prior=0
[inst] req=13582336 hits=4313707 fwd=9053 rows=9268437 fwd_ms=522102.1 eval=0 prior=0
[inst] req=13590528 hits=4316272 fwd=9058 rows=9273557 fwd_ms=522380.8 eval=0 prior=0
[inst] req=13598720 hits=4319080 fwd=9063 rows=9278677 fwd_ms=522659.4 eval=0 prior=0
[inst] req=13606912 hits=4321804 fwd=9069 rows=9284821 fwd_ms=522993.7 eval=0 prior=0
[inst] req=13615104 hits=4324433 fwd=9074 rows=9289941 fwd_ms=523272.4 eval=0 prior=0
[inst] req=13623296 hits=4327205 fwd=9080 rows=9296085 fwd_ms=523606.8 eval=0 prior=0
[inst] req=13631488 hits=4329826 fwd=9085 rows=9301205 fwd_ms=523885.4 eval=0 prior=0
[inst] req=13639680 hits=4332526 fwd=9090 rows=9306325 fwd_ms=524164.2 eval=0 prior=0
[inst] req=13647872 hits=4335224 fwd=9096 rows=9312469 fwd_ms=524498.6 eval=0 prior=0
[inst] req=13656064 hits=4337976 fwd=9101 rows=9317589 fwd_ms=524777.2 eval=0 prior=0
[inst] req=13664256 hits=4340787 fwd=9106 rows=9322709 fwd_ms=525055.8 eval=0 prior=0
[inst] req=13672448 hits=4343571 fwd=9112 rows=9328853 fwd_ms=525390.4 eval=0 prior=0
[inst] req=13680640 hits=4346217 fwd=9117 rows=9333973 fwd_ms=525669.2 eval=0 prior=0
[inst] req=13688832 hits=4348881 fwd=9122 rows=9339093 fwd_ms=525948.0 eval=0 prior=0
[inst] req=13697024 hits=4351605 fwd=9128 rows=9345237 fwd_ms=526282.6 eval=0 prior=0
[inst] req=13705216 hits=4354278 fwd=9133 rows=9350357 fwd_ms=526561.5 eval=0 prior=0
[inst] req=13713408 hits=4356976 fwd=9138 rows=9355477 fwd_ms=526840.3 eval=0 prior=0
[inst] req=13721600 hits=4359678 fwd=9144 rows=9361621 fwd_ms=527174.9 eval=0 prior=0
[inst] req=13729792 hits=4362332 fwd=9149 rows=9366741 fwd_ms=527453.7 eval=0 prior=0
[inst] req=13737984 hits=4365065 fwd=9155 rows=9372885 fwd_ms=527788.2 eval=0 prior=0
[inst] req=13746176 hits=4367701 fwd=9160 rows=9378005 fwd_ms=528067.0 eval=0 prior=0
[inst] req=13754368 hits=4370418 fwd=9165 rows=9383125 fwd_ms=528345.8 eval=0 prior=0
[inst] req=13762560 hits=4373157 fwd=9171 rows=9389269 fwd_ms=528680.1 eval=0 prior=0
[inst] req=13770752 hits=4375822 fwd=9176 rows=9394389 fwd_ms=528958.8 eval=0 prior=0
[inst] req=13778944 hits=4378462 fwd=9181 rows=9399509 fwd_ms=529237.5 eval=0 prior=0
[inst] req=13787136 hits=4381238 fwd=9187 rows=9405653 fwd_ms=529572.1 eval=0 prior=0
[inst] req=13795328 hits=4383962 fwd=9192 rows=9410773 fwd_ms=529850.7 eval=0 prior=0
[inst] req=13803520 hits=4386585 fwd=9198 rows=9416917 fwd_ms=530185.1 eval=0 prior=0
[inst] req=13811712 hits=4389212 fwd=9203 rows=9422036 fwd_ms=530463.8 eval=0 prior=0
[inst] req=13819904 hits=4391867 fwd=9208 rows=9427156 fwd_ms=530741.5 eval=0 prior=0
[inst] req=13828096 hits=4394631 fwd=9214 rows=9433300 fwd_ms=531075.0 eval=0 prior=0
[inst] req=13836288 hits=4397239 fwd=9219 rows=9438420 fwd_ms=531352.7 eval=0 prior=0
[inst] req=13844480 hits=4399955 fwd=9224 rows=9443540 fwd_ms=531630.3 eval=0 prior=0
[inst] req=13852672 hits=4402593 fwd=9230 rows=9449684 fwd_ms=531963.7 eval=0 prior=0
[inst] req=13860864 hits=4405455 fwd=9235 rows=9454804 fwd_ms=532241.5 eval=0 prior=0
[inst] req=13869056 hits=4408126 fwd=9240 rows=9459924 fwd_ms=532519.1 eval=0 prior=0
[inst] req=13877248 hits=4410916 fwd=9246 rows=9466068 fwd_ms=532852.4 eval=0 prior=0
[inst] req=13885440 hits=4413493 fwd=9251 rows=9471188 fwd_ms=533130.1 eval=0 prior=0
[inst] req=13893632 hits=4416035 fwd=9257 rows=9477332 fwd_ms=533463.4 eval=0 prior=0
[inst] req=13901824 hits=4418629 fwd=9262 rows=9482452 fwd_ms=533741.0 eval=0 prior=0
[inst] req=13910016 hits=4421321 fwd=9268 rows=9488596 fwd_ms=534074.3 eval=0 prior=0
[inst] req=13918208 hits=4423955 fwd=9273 rows=9493716 fwd_ms=534352.1 eval=0 prior=0
[inst] req=13926400 hits=4426643 fwd=9278 rows=9498836 fwd_ms=534629.8 eval=0 prior=0
[inst] req=13934592 hits=4429297 fwd=9284 rows=9504980 fwd_ms=534963.1 eval=0 prior=0
[inst] req=13942784 hits=4432052 fwd=9289 rows=9510100 fwd_ms=535240.8 eval=0 prior=0
[inst] req=13950976 hits=4434760 fwd=9294 rows=9515220 fwd_ms=535518.5 eval=0 prior=0
[inst] req=13959168 hits=4437524 fwd=9300 rows=9521364 fwd_ms=535851.7 eval=0 prior=0
[inst] req=13967360 hits=4440249 fwd=9305 rows=9526484 fwd_ms=536129.4 eval=0 prior=0
[inst] req=13975552 hits=4443045 fwd=9310 rows=9531604 fwd_ms=536407.1 eval=0 prior=0
[inst] req=13983744 hits=4445899 fwd=9316 rows=9537748 fwd_ms=536740.6 eval=0 prior=0
[inst] req=13991936 hits=4448523 fwd=9321 rows=9542868 fwd_ms=537018.3 eval=0 prior=0
[inst] req=14000128 hits=4451275 fwd=9326 rows=9547988 fwd_ms=537296.2 eval=0 prior=0
[inst] req=14008320 hits=4454177 fwd=9332 rows=9554132 fwd_ms=537629.6 eval=0 prior=0
[inst] req=14016512 hits=4456924 fwd=9337 rows=9559252 fwd_ms=537907.4 eval=0 prior=0
[inst] req=14024704 hits=4459591 fwd=9342 rows=9564372 fwd_ms=538185.3 eval=0 prior=0
[inst] req=14032896 hits=4462275 fwd=9348 rows=9570516 fwd_ms=538518.5 eval=0 prior=0
[inst] req=14041088 hits=4465195 fwd=9353 rows=9575635 fwd_ms=538796.5 eval=0 prior=0
[inst] req=14049280 hits=4467889 fwd=9358 rows=9580755 fwd_ms=539074.4 eval=0 prior=0
[inst] req=14057472 hits=4470611 fwd=9363 rows=9585875 fwd_ms=539352.2 eval=0 prior=0
[inst] req=14065664 hits=4473191 fwd=9369 rows=9592019 fwd_ms=539685.7 eval=0 prior=0
[inst] req=14073856 hits=4475824 fwd=9374 rows=9597139 fwd_ms=539963.6 eval=0 prior=0
[inst] req=14082048 hits=4478390 fwd=9380 rows=9603283 fwd_ms=540297.0 eval=0 prior=0
[inst] req=14090240 hits=4481091 fwd=9385 rows=9608403 fwd_ms=540574.8 eval=0 prior=0
[inst] req=14098432 hits=4483735 fwd=9391 rows=9614547 fwd_ms=540908.1 eval=0 prior=0
[inst] req=14106624 hits=4486383 fwd=9396 rows=9619667 fwd_ms=541185.8 eval=0 prior=0
[inst] req=14114816 hits=4489102 fwd=9401 rows=9624787 fwd_ms=541463.6 eval=0 prior=0
[inst] req=14123008 hits=4491792 fwd=9407 rows=9630931 fwd_ms=541797.0 eval=0 prior=0
[inst] req=14131200 hits=4494331 fwd=9412 rows=9636051 fwd_ms=542075.0 eval=0 prior=0
[inst] req=14139392 hits=4497053 fwd=9418 rows=9642195 fwd_ms=542408.4 eval=0 prior=0
[inst] req=14147584 hits=4499861 fwd=9423 rows=9647310 fwd_ms=542686.8 eval=0 prior=0
[inst] req=14155776 hits=4502561 fwd=9428 rows=9652430 fwd_ms=542964.9 eval=0 prior=0
[inst] req=14163968 hits=4505398 fwd=9433 rows=9657550 fwd_ms=543242.9 eval=0 prior=0
[inst] req=14172160 hits=4508131 fwd=9439 rows=9663694 fwd_ms=543576.5 eval=0 prior=0
[inst] req=14180352 hits=4510840 fwd=9444 rows=9668814 fwd_ms=543854.6 eval=0 prior=0
[inst] req=14188544 hits=4513478 fwd=9450 rows=9674958 fwd_ms=544188.3 eval=0 prior=0
[inst] req=14196736 hits=4516176 fwd=9455 rows=9680075 fwd_ms=544466.5 eval=0 prior=0
[inst] req=14204928 hits=4518852 fwd=9460 rows=9685195 fwd_ms=544744.6 eval=0 prior=0
[inst] req=14213120 hits=4521588 fwd=9466 rows=9691339 fwd_ms=545078.4 eval=0 prior=0
[inst] req=14221312 hits=4524413 fwd=9471 rows=9696459 fwd_ms=545356.2 eval=0 prior=0
[inst] req=14229504 hits=4527107 fwd=9476 rows=9701579 fwd_ms=545634.0 eval=0 prior=0
[inst] req=14237696 hits=4529973 fwd=9481 rows=9706699 fwd_ms=545911.9 eval=0 prior=0
[inst] req=14245888 hits=4532609 fwd=9487 rows=9712698 fwd_ms=546247.8 eval=0 prior=0
[inst] req=14254080 hits=4535235 fwd=9493 rows=9718842 fwd_ms=546581.3 eval=0 prior=0
[inst] req=14262272 hits=4537839 fwd=9498 rows=9723962 fwd_ms=547017.9 eval=0 prior=0
[inst] req=14270464 hits=4540386 fwd=9503 rows=9729082 fwd_ms=547695.3 eval=0 prior=0
[inst] req=14278656 hits=4542922 fwd=9509 rows=9735226 fwd_ms=548477.5 eval=0 prior=0
[inst] req=14286848 hits=4545595 fwd=9514 rows=9740346 fwd_ms=549083.3 eval=0 prior=0
[inst] req=14295040 hits=4548158 fwd=9520 rows=9746490 fwd_ms=549774.8 eval=0 prior=0
[inst] req=14303232 hits=4551019 fwd=9525 rows=9751610 fwd_ms=550459.0 eval=0 prior=0
[inst] req=14311424 hits=4553680 fwd=9530 rows=9756730 fwd_ms=551097.6 eval=0 prior=0
[inst] req=14319616 hits=4556433 fwd=9536 rows=9762874 fwd_ms=551851.6 eval=0 prior=0
[inst] req=14327808 hits=4559002 fwd=9541 rows=9767994 fwd_ms=552489.7 eval=0 prior=0
[inst] req=14336000 hits=4561749 fwd=9547 rows=9774138 fwd_ms=553325.4 eval=0 prior=0
[inst] req=14344192 hits=4564426 fwd=9552 rows=9779258 fwd_ms=553919.7 eval=0 prior=0
[inst] req=14352384 hits=4567009 fwd=9557 rows=9784378 fwd_ms=554585.9 eval=0 prior=0
[inst] req=14360576 hits=4569726 fwd=9563 rows=9790522 fwd_ms=555368.1 eval=0 prior=0
[inst] req=14368768 hits=4572355 fwd=9568 rows=9795642 fwd_ms=555988.3 eval=0 prior=0
[inst] req=14376960 hits=4574972 fwd=9574 rows=9801786 fwd_ms=556881.8 eval=0 prior=0
[inst] req=14385152 hits=4577655 fwd=9579 rows=9806904 fwd_ms=557476.4 eval=0 prior=0
[inst] req=14393344 hits=4580358 fwd=9584 rows=9812024 fwd_ms=558208.2 eval=0 prior=0
[inst] req=14401536 hits=4583008 fwd=9590 rows=9818168 fwd_ms=558936.7 eval=0 prior=0
[inst] req=14409728 hits=4585795 fwd=9595 rows=9823288 fwd_ms=559608.9 eval=0 prior=0
[inst] req=14417920 hits=4588545 fwd=9600 rows=9828407 fwd_ms=560261.5 eval=0 prior=0
[inst] req=14426112 hits=4591403 fwd=9606 rows=9834551 fwd_ms=561071.1 eval=0 prior=0
[inst] req=14434304 hits=4594271 fwd=9611 rows=9839671 fwd_ms=561644.5 eval=0 prior=0
[inst] req=14442496 hits=4597035 fwd=9616 rows=9844791 fwd_ms=562360.3 eval=0 prior=0
[inst] req=14450688 hits=4599775 fwd=9621 rows=9849911 fwd_ms=563006.8 eval=0 prior=0
[inst] req=14458880 hits=4602465 fwd=9627 rows=9856055 fwd_ms=563788.2 eval=0 prior=0
[inst] req=14467072 hits=4605217 fwd=9632 rows=9861175 fwd_ms=564389.0 eval=0 prior=0
[inst] req=14475264 hits=4608059 fwd=9637 rows=9866295 fwd_ms=564982.4 eval=0 prior=0
[inst] req=14483456 hits=4610909 fwd=9643 rows=9872439 fwd_ms=565320.4 eval=0 prior=0
[inst] req=14491648 hits=4613686 fwd=9648 rows=9877559 fwd_ms=565601.9 eval=0 prior=0
[inst] req=14499840 hits=4616391 fwd=9653 rows=9882679 fwd_ms=565883.7 eval=0 prior=0
[inst] req=14508032 hits=4617749 fwd=9660 rows=9889847 fwd_ms=566284.4 eval=0 prior=0
[inst] req=14516224 hits=4618153 fwd=9668 rows=9898039 fwd_ms=566730.8 eval=0 prior=0
[inst] req=14524416 hits=4618790 fwd=9675 rows=9905207 fwd_ms=567121.4 eval=0 prior=0
[inst] req=14532608 hits=4619705 fwd=9682 rows=9912375 fwd_ms=567512.0 eval=0 prior=0
[inst] req=14540800 hits=4620887 fwd=9689 rows=9919543 fwd_ms=567902.6 eval=0 prior=0
[inst] req=14548992 hits=4622524 fwd=9695 rows=9925687 fwd_ms=568237.3 eval=0 prior=0
[inst] req=14557184 hits=4624456 fwd=9701 rows=9931831 fwd_ms=568572.2 eval=0 prior=0
[inst] req=14565376 hits=4626664 fwd=9707 rows=9937975 fwd_ms=568906.9 eval=0 prior=0
[inst] req=14573568 hits=4629124 fwd=9713 rows=9944119 fwd_ms=569241.8 eval=0 prior=0
[inst] req=14581760 hits=4631774 fwd=9718 rows=9949239 fwd_ms=569520.6 eval=0 prior=0
[inst] req=14589952 hits=4634454 fwd=9724 rows=9955383 fwd_ms=569855.4 eval=0 prior=0
[inst] req=14598144 hits=4637116 fwd=9729 rows=9960503 fwd_ms=570134.4 eval=0 prior=0
[inst] req=14606336 hits=4639769 fwd=9734 rows=9965623 fwd_ms=570413.2 eval=0 prior=0
[inst] req=14614528 hits=4642377 fwd=9740 rows=9971767 fwd_ms=570748.0 eval=0 prior=0
[inst] req=14622720 hits=4645079 fwd=9745 rows=9976887 fwd_ms=571026.7 eval=0 prior=0
[inst] req=14630912 hits=4647814 fwd=9751 rows=9983031 fwd_ms=571361.5 eval=0 prior=0
[inst] req=14639104 hits=4650587 fwd=9756 rows=9988151 fwd_ms=571640.7 eval=0 prior=0
[inst] req=14647296 hits=4653342 fwd=9761 rows=9993271 fwd_ms=571919.7 eval=0 prior=0
[inst] req=14655488 hits=4656134 fwd=9766 rows=9998391 fwd_ms=572198.7 eval=0 prior=0
[inst] req=14663680 hits=4658924 fwd=9772 rows=10004535 fwd_ms=572533.6 eval=0 prior=0
[inst] req=14671872 hits=4661778 fwd=9777 rows=10009655 fwd_ms=572812.7 eval=0 prior=0
[inst] req=14680064 hits=4664595 fwd=9782 rows=10014775 fwd_ms=573091.6 eval=0 prior=0
[inst] req=14688256 hits=4667264 fwd=9788 rows=10020919 fwd_ms=573426.1 eval=0 prior=0
[inst] req=14696448 hits=4669976 fwd=9793 rows=10026039 fwd_ms=573705.0 eval=0 prior=0
[inst] req=14704640 hits=4672622 fwd=9798 rows=10031159 fwd_ms=573983.7 eval=0 prior=0
[inst] req=14712832 hits=4675256 fwd=9804 rows=10037303 fwd_ms=574318.1 eval=0 prior=0
[inst] req=14721024 hits=4677957 fwd=9809 rows=10042423 fwd_ms=574596.7 eval=0 prior=0
[inst] req=14729216 hits=4680753 fwd=9814 rows=10047543 fwd_ms=574875.6 eval=0 prior=0
[inst] req=14737408 hits=4683592 fwd=9820 rows=10053687 fwd_ms=575210.1 eval=0 prior=0
[inst] req=14745600 hits=4686525 fwd=9825 rows=10058807 fwd_ms=575488.8 eval=0 prior=0
[inst] req=14753792 hits=4689611 fwd=9830 rows=10063927 fwd_ms=575767.6 eval=0 prior=0
[inst] req=14761984 hits=4692499 fwd=9835 rows=10069047 fwd_ms=576046.4 eval=0 prior=0
[inst] req=14770176 hits=4695328 fwd=9840 rows=10074167 fwd_ms=576325.1 eval=0 prior=0
[inst] req=14778368 hits=4698173 fwd=9845 rows=10079287 fwd_ms=576603.7 eval=0 prior=0
[inst] req=14786560 hits=4700918 fwd=9851 rows=10085431 fwd_ms=576938.1 eval=0 prior=0
[inst] req=14794752 hits=4703650 fwd=9856 rows=10090551 fwd_ms=577216.7 eval=0 prior=0
[inst] req=14802944 hits=4706321 fwd=9861 rows=10095671 fwd_ms=577495.4 eval=0 prior=0
[inst] req=14811136 hits=4709115 fwd=9867 rows=10101815 fwd_ms=577829.8 eval=0 prior=0
[inst] req=14819328 hits=4711861 fwd=9872 rows=10106935 fwd_ms=578108.5 eval=0 prior=0
[inst] req=14827520 hits=4714623 fwd=9877 rows=10112055 fwd_ms=578386.9 eval=0 prior=0
[inst] req=14835712 hits=4717444 fwd=9883 rows=10118199 fwd_ms=578721.2 eval=0 prior=0
[inst] req=14843904 hits=4720336 fwd=9888 rows=10123319 fwd_ms=578999.7 eval=0 prior=0
[inst] req=14852096 hits=4723204 fwd=9893 rows=10128439 fwd_ms=579278.3 eval=0 prior=0
[inst] req=14860288 hits=4726070 fwd=9898 rows=10133559 fwd_ms=579556.8 eval=0 prior=0
[inst] req=14868480 hits=4728858 fwd=9903 rows=10138679 fwd_ms=579835.3 eval=0 prior=0
[inst] req=14876672 hits=4731504 fwd=9909 rows=10144823 fwd_ms=580169.2 eval=0 prior=0
[inst] req=14884864 hits=4734235 fwd=9914 rows=10149943 fwd_ms=580447.8 eval=0 prior=0
[inst] req=14893056 hits=4736890 fwd=9920 rows=10156087 fwd_ms=580782.0 eval=0 prior=0
[inst] req=14901248 hits=4739567 fwd=9925 rows=10161207 fwd_ms=581060.8 eval=0 prior=0
[inst] req=14909440 hits=4742320 fwd=9930 rows=10166327 fwd_ms=581339.7 eval=0 prior=0
[inst] req=14917632 hits=4745209 fwd=9935 rows=10171447 fwd_ms=581618.6 eval=0 prior=0
[inst] req=14925824 hits=4748197 fwd=9941 rows=10177591 fwd_ms=581953.4 eval=0 prior=0
[inst] req=14934016 hits=4751152 fwd=9946 rows=10182711 fwd_ms=582232.3 eval=0 prior=0
[inst] req=14942208 hits=4754096 fwd=9951 rows=10187831 fwd_ms=582511.1 eval=0 prior=0
[inst] req=14950400 hits=4757047 fwd=9956 rows=10192951 fwd_ms=582789.9 eval=0 prior=0
[inst] req=14958592 hits=4759909 fwd=9961 rows=10198071 fwd_ms=583068.8 eval=0 prior=0
[inst] req=14966784 hits=4762716 fwd=9966 rows=10203191 fwd_ms=583347.7 eval=0 prior=0
[inst] req=14974976 hits=4765448 fwd=9972 rows=10209335 fwd_ms=583682.3 eval=0 prior=0
[inst] req=14983168 hits=4768093 fwd=9977 rows=10214455 fwd_ms=583961.1 eval=0 prior=0
[inst] req=14991360 hits=4770829 fwd=9982 rows=10219575 fwd_ms=584240.0 eval=0 prior=0
[inst] req=14999552 hits=4773549 fwd=9988 rows=10225719 fwd_ms=584574.5 eval=0 prior=0
[inst] req=15007744 hits=4776431 fwd=9993 rows=10230839 fwd_ms=584853.2 eval=0 prior=0
[inst] req=15015936 hits=4779292 fwd=9998 rows=10235959 fwd_ms=585131.9 eval=0 prior=0
[inst] req=15024128 hits=4782077 fwd=10003 rows=10241079 fwd_ms=585410.6 eval=0 prior=0
[inst] req=15032320 hits=4785038 fwd=10009 rows=10247223 fwd_ms=585745.1 eval=0 prior=0
[inst] req=15040512 hits=4787856 fwd=10014 rows=10252343 fwd_ms=586023.8 eval=0 prior=0
[inst] req=15048704 hits=4790748 fwd=10019 rows=10257463 fwd_ms=586302.6 eval=0 prior=0
[inst] req=15056896 hits=4793536 fwd=10024 rows=10262583 fwd_ms=586581.1 eval=0 prior=0
[inst] req=15065088 hits=4796392 fwd=10029 rows=10267703 fwd_ms=586859.8 eval=0 prior=0
[inst] req=15073280 hits=4799129 fwd=10035 rows=10273847 fwd_ms=587194.3 eval=0 prior=0
[inst] req=15081472 hits=4801885 fwd=10040 rows=10278967 fwd_ms=587472.8 eval=0 prior=0
[inst] req=15089664 hits=4804759 fwd=10045 rows=10284087 fwd_ms=587751.7 eval=0 prior=0
[inst] req=15097856 hits=4807556 fwd=10051 rows=10290231 fwd_ms=588086.3 eval=0 prior=0
[inst] req=15106048 hits=4810426 fwd=10056 rows=10295351 fwd_ms=588365.1 eval=0 prior=0
[inst] req=15114240 hits=4813333 fwd=10061 rows=10300471 fwd_ms=588643.9 eval=0 prior=0
[inst] req=15122432 hits=4816213 fwd=10066 rows=10305591 fwd_ms=588922.8 eval=0 prior=0
[inst] req=15130624 hits=4819077 fwd=10071 rows=10310711 fwd_ms=589201.6 eval=0 prior=0
[inst] req=15138816 hits=4821870 fwd=10077 rows=10316855 fwd_ms=589536.2 eval=0 prior=0
[inst] req=15147008 hits=4824691 fwd=10082 rows=10321975 fwd_ms=589815.1 eval=0 prior=0
[inst] req=15155200 hits=4827477 fwd=10087 rows=10327095 fwd_ms=590093.7 eval=0 prior=0
[inst] req=15163392 hits=4830222 fwd=10092 rows=10332215 fwd_ms=590372.5 eval=0 prior=0
[inst] req=15171584 hits=4833025 fwd=10098 rows=10338359 fwd_ms=590707.2 eval=0 prior=0
[inst] req=15179776 hits=4835707 fwd=10103 rows=10343479 fwd_ms=590986.2 eval=0 prior=0
[inst] req=15187968 hits=4838611 fwd=10108 rows=10348599 fwd_ms=591264.9 eval=0 prior=0
[inst] req=15196160 hits=4841409 fwd=10114 rows=10354743 fwd_ms=591599.7 eval=0 prior=0
[inst] req=15204352 hits=4844432 fwd=10119 rows=10359863 fwd_ms=591878.8 eval=0 prior=0
[inst] req=15212544 hits=4847336 fwd=10124 rows=10364983 fwd_ms=592157.8 eval=0 prior=0
[inst] req=15220736 hits=4850111 fwd=10129 rows=10370103 fwd_ms=592436.8 eval=0 prior=0
[inst] req=15228928 hits=4852920 fwd=10134 rows=10375223 fwd_ms=592715.8 eval=0 prior=0
[inst] req=15237120 hits=4855714 fwd=10140 rows=10381367 fwd_ms=593050.6 eval=0 prior=0
[inst] req=15245312 hits=4858483 fwd=10145 rows=10386487 fwd_ms=593329.5 eval=0 prior=0
[inst] req=15253504 hits=4861299 fwd=10150 rows=10391607 fwd_ms=593608.4 eval=0 prior=0
[inst] req=15261696 hits=4864067 fwd=10155 rows=10396727 fwd_ms=593887.0 eval=0 prior=0
[inst] req=15269888 hits=4866934 fwd=10161 rows=10402871 fwd_ms=594221.5 eval=0 prior=0
[inst] req=15278080 hits=4869865 fwd=10166 rows=10407991 fwd_ms=594500.4 eval=0 prior=0
[inst] req=15286272 hits=4872725 fwd=10171 rows=10413111 fwd_ms=594779.4 eval=0 prior=0
[inst] req=15294464 hits=4875649 fwd=10176 rows=10418231 fwd_ms=595058.3 eval=0 prior=0
[inst] req=15302656 hits=4878463 fwd=10181 rows=10423351 fwd_ms=595337.2 eval=0 prior=0
[inst] req=15310848 hits=4881219 fwd=10187 rows=10429495 fwd_ms=595671.8 eval=0 prior=0
[inst] req=15319040 hits=4883992 fwd=10192 rows=10434615 fwd_ms=595950.6 eval=0 prior=0
[inst] req=15327232 hits=4886807 fwd=10197 rows=10439735 fwd_ms=596229.5 eval=0 prior=0
[inst] req=15335424 hits=4889489 fwd=10203 rows=10445879 fwd_ms=596564.3 eval=0 prior=0
[inst] req=15343616 hits=4892308 fwd=10208 rows=10450999 fwd_ms=596843.2 eval=0 prior=0
[inst] req=15351808 hits=4895087 fwd=10213 rows=10456119 fwd_ms=597122.0 eval=0 prior=0
[inst] req=15360000 hits=4898050 fwd=10218 rows=10461239 fwd_ms=597401.0 eval=0 prior=0
[inst] req=15368192 hits=4901002 fwd=10223 rows=10466359 fwd_ms=597679.9 eval=0 prior=0
[inst] req=15376384 hits=4903905 fwd=10228 rows=10471479 fwd_ms=597958.8 eval=0 prior=0
[inst] req=15384576 hits=4906738 fwd=10234 rows=10477623 fwd_ms=598293.4 eval=0 prior=0
[inst] req=15392768 hits=4909708 fwd=10239 rows=10482743 fwd_ms=598572.4 eval=0 prior=0
[inst] req=15400960 hits=4912493 fwd=10244 rows=10487863 fwd_ms=598851.1 eval=0 prior=0
[inst] req=15409152 hits=4915273 fwd=10249 rows=10492983 fwd_ms=599130.0 eval=0 prior=0
[inst] req=15417344 hits=4918005 fwd=10255 rows=10499127 fwd_ms=599464.8 eval=0 prior=0
[inst] req=15425536 hits=4920710 fwd=10260 rows=10504247 fwd_ms=599743.8 eval=0 prior=0
[inst] req=15433728 hits=4923501 fwd=10265 rows=10509367 fwd_ms=600022.9 eval=0 prior=0
[inst] req=15441920 hits=4926244 fwd=10271 rows=10515511 fwd_ms=600357.8 eval=0 prior=0
[inst] req=15450112 hits=4929162 fwd=10276 rows=10520631 fwd_ms=600636.9 eval=0 prior=0
[inst] req=15458304 hits=4931989 fwd=10281 rows=10525751 fwd_ms=600916.1 eval=0 prior=0
[inst] req=15466496 hits=4934858 fwd=10286 rows=10530871 fwd_ms=601195.1 eval=0 prior=0
[inst] req=15474688 hits=4937794 fwd=10291 rows=10535991 fwd_ms=601474.1 eval=0 prior=0
[inst] req=15482880 hits=4940745 fwd=10296 rows=10541111 fwd_ms=601753.1 eval=0 prior=0
[inst] req=15491072 hits=4943550 fwd=10302 rows=10547255 fwd_ms=602087.9 eval=0 prior=0
[inst] req=15499264 hits=4946377 fwd=10307 rows=10552375 fwd_ms=602366.9 eval=0 prior=0
[inst] req=15507456 hits=4949226 fwd=10312 rows=10557495 fwd_ms=602645.8 eval=0 prior=0
[inst] req=15515648 hits=4952057 fwd=10317 rows=10562615 fwd_ms=602924.8 eval=0 prior=0
[inst] req=15523840 hits=4954921 fwd=10323 rows=10568759 fwd_ms=603259.7 eval=0 prior=0
[inst] req=15532032 hits=4957611 fwd=10328 rows=10573879 fwd_ms=603538.6 eval=0 prior=0
[inst] req=15540224 hits=4960455 fwd=10333 rows=10578999 fwd_ms=603817.5 eval=0 prior=0
[inst] req=15548416 hits=4963231 fwd=10339 rows=10585143 fwd_ms=604152.2 eval=0 prior=0
[inst] req=15556608 hits=4966093 fwd=10344 rows=10590263 fwd_ms=604431.0 eval=0 prior=0
[inst] req=15564800 hits=4968879 fwd=10349 rows=10595383 fwd_ms=604710.1 eval=0 prior=0
[inst] req=15572992 hits=4971659 fwd=10354 rows=10600503 fwd_ms=604988.9 eval=0 prior=0
[inst] req=15581184 hits=4974412 fwd=10360 rows=10606647 fwd_ms=605323.6 eval=0 prior=0
[inst] req=15589376 hits=4977169 fwd=10365 rows=10611767 fwd_ms=605602.7 eval=0 prior=0
[inst] req=15597568 hits=4979983 fwd=10370 rows=10616887 fwd_ms=605881.7 eval=0 prior=0
[inst] req=15605760 hits=4982764 fwd=10375 rows=10622007 fwd_ms=606160.6 eval=0 prior=0
[inst] req=15613952 hits=4985457 fwd=10381 rows=10628151 fwd_ms=606495.5 eval=0 prior=0
[inst] req=15622144 hits=4988226 fwd=10386 rows=10633271 fwd_ms=606774.4 eval=0 prior=0
[inst] req=15630336 hits=4991054 fwd=10391 rows=10638391 fwd_ms=607053.4 eval=0 prior=0
[inst] req=15638528 hits=4993937 fwd=10397 rows=10644535 fwd_ms=607388.1 eval=0 prior=0
[inst] req=15646720 hits=4996745 fwd=10402 rows=10649655 fwd_ms=607666.9 eval=0 prior=0
[inst] req=15654912 hits=4999659 fwd=10407 rows=10654775 fwd_ms=607945.8 eval=0 prior=0
[inst] req=15663104 hits=5002511 fwd=10412 rows=10659895 fwd_ms=608224.8 eval=0 prior=0
[inst] req=15671296 hits=5005371 fwd=10417 rows=10665015 fwd_ms=608503.6 eval=0 prior=0
[inst] req=15679488 hits=5008175 fwd=10423 rows=10671159 fwd_ms=608838.2 eval=0 prior=0
[inst] req=15687680 hits=5010921 fwd=10428 rows=10676279 fwd_ms=609117.0 eval=0 prior=0
[inst] req=15695872 hits=5013677 fwd=10433 rows=10681399 fwd_ms=609395.9 eval=0 prior=0
[inst] req=15704064 hits=5016462 fwd=10439 rows=10687543 fwd_ms=609730.5 eval=0 prior=0
[inst] req=15712256 hits=5019190 fwd=10444 rows=10692663 fwd_ms=610009.4 eval=0 prior=0
[inst] req=15720448 hits=5021879 fwd=10449 rows=10697783 fwd_ms=610288.2 eval=0 prior=0
[inst] req=15728640 hits=5024747 fwd=10454 rows=10702903 fwd_ms=610567.1 eval=0 prior=0
[inst] req=15736832 hits=5027528 fwd=10460 rows=10709047 fwd_ms=610901.7 eval=0 prior=0
[inst] req=15745024 hits=5030352 fwd=10465 rows=10714167 fwd_ms=611180.6 eval=0 prior=0
[inst] req=15753216 hits=5033243 fwd=10470 rows=10719287 fwd_ms=611459.5 eval=0 prior=0
[inst] req=15761408 hits=5036006 fwd=10475 rows=10724407 fwd_ms=611738.3 eval=0 prior=0
[inst] req=15769600 hits=5038784 fwd=10481 rows=10730551 fwd_ms=612072.7 eval=0 prior=0
[inst] req=15777792 hits=5041557 fwd=10486 rows=10735671 fwd_ms=612351.4 eval=0 prior=0
[inst] req=15785984 hits=5044483 fwd=10491 rows=10740791 fwd_ms=612630.2 eval=0 prior=0
[inst] req=15794176 hits=5047306 fwd=10496 rows=10745911 fwd_ms=612908.8 eval=0 prior=0
[inst] req=15802368 hits=5050087 fwd=10502 rows=10752055 fwd_ms=613243.2 eval=0 prior=0
[inst] req=15810560 hits=5053171 fwd=10507 rows=10757175 fwd_ms=613521.9 eval=0 prior=0
[inst] req=15818752 hits=5055951 fwd=10512 rows=10762295 fwd_ms=613800.8 eval=0 prior=0
[inst] req=15826944 hits=5058728 fwd=10517 rows=10767415 fwd_ms=614079.6 eval=0 prior=0
[inst] req=15835136 hits=5061721 fwd=10522 rows=10772535 fwd_ms=614358.3 eval=0 prior=0
[inst] req=15843328 hits=5064582 fwd=10528 rows=10778679 fwd_ms=614692.7 eval=0 prior=0
[inst] req=15851520 hits=5067467 fwd=10533 rows=10783799 fwd_ms=614971.2 eval=0 prior=0
[inst] req=15859712 hits=5070361 fwd=10538 rows=10788919 fwd_ms=615249.9 eval=0 prior=0
[inst] req=15867904 hits=5073118 fwd=10543 rows=10794039 fwd_ms=615528.5 eval=0 prior=0
[inst] req=15876096 hits=5075932 fwd=10548 rows=10799159 fwd_ms=615807.2 eval=0 prior=0
[inst] req=15884288 hits=5078826 fwd=10554 rows=10805303 fwd_ms=616141.6 eval=0 prior=0
[inst] req=15892480 hits=5081601 fwd=10559 rows=10810423 fwd_ms=616420.2 eval=0 prior=0
[inst] req=15900672 hits=5084406 fwd=10564 rows=10815543 fwd_ms=616698.9 eval=0 prior=0
[inst] req=15908864 hits=5087269 fwd=10569 rows=10820663 fwd_ms=616977.6 eval=0 prior=0
[inst] req=15917056 hits=5090152 fwd=10575 rows=10826807 fwd_ms=617311.9 eval=0 prior=0
[inst] req=15925248 hits=5092955 fwd=10580 rows=10831927 fwd_ms=617590.6 eval=0 prior=0
[inst] req=15933440 hits=5095915 fwd=10585 rows=10837047 fwd_ms=617869.5 eval=0 prior=0
[inst] req=15941632 hits=5098887 fwd=10590 rows=10842167 fwd_ms=618148.1 eval=0 prior=0
[inst] req=15949824 hits=5101782 fwd=10595 rows=10847287 fwd_ms=618426.8 eval=0 prior=0
[inst] req=15958016 hits=5104655 fwd=10600 rows=10852407 fwd_ms=618705.4 eval=0 prior=0
[inst] req=15966208 hits=5107385 fwd=10606 rows=10858551 fwd_ms=619040.2 eval=0 prior=0
[inst] req=15974400 hits=5110224 fwd=10611 rows=10863671 fwd_ms=619319.0 eval=0 prior=0
[inst] req=15982592 hits=5112963 fwd=10616 rows=10868791 fwd_ms=619597.8 eval=0 prior=0
[inst] req=15990784 hits=5115815 fwd=10622 rows=10874935 fwd_ms=619932.5 eval=0 prior=0
[inst] req=15998976 hits=5118552 fwd=10627 rows=10880055 fwd_ms=620211.4 eval=0 prior=0
[inst] req=16007168 hits=5121472 fwd=10632 rows=10885175 fwd_ms=620490.2 eval=0 prior=0
[inst] req=16015360 hits=5124253 fwd=10637 rows=10890295 fwd_ms=620769.0 eval=0 prior=0
[inst] req=16023552 hits=5127058 fwd=10643 rows=10896439 fwd_ms=621103.7 eval=0 prior=0
[inst] req=16031744 hits=5129925 fwd=10648 rows=10901559 fwd_ms=621382.6 eval=0 prior=0
[inst] req=16039936 hits=5132692 fwd=10653 rows=10906679 fwd_ms=621661.5 eval=0 prior=0
[inst] req=16048128 hits=5135575 fwd=10658 rows=10911799 fwd_ms=621940.2 eval=0 prior=0
[inst] req=16056320 hits=5138309 fwd=10664 rows=10917943 fwd_ms=622274.8 eval=0 prior=0
[inst] req=16064512 hits=5141093 fwd=10669 rows=10923063 fwd_ms=622553.8 eval=0 prior=0
[inst] req=16072704 hits=5143885 fwd=10674 rows=10928183 fwd_ms=622832.6 eval=0 prior=0
[inst] req=16080896 hits=5146754 fwd=10679 rows=10933303 fwd_ms=623111.6 eval=0 prior=0
[inst] req=16089088 hits=5149566 fwd=10685 rows=10939447 fwd_ms=623446.0 eval=0 prior=0
[inst] req=16097280 hits=5152388 fwd=10690 rows=10944567 fwd_ms=623724.8 eval=0 prior=0
[inst] req=16105472 hits=5155148 fwd=10695 rows=10949687 fwd_ms=624003.6 eval=0 prior=0
[inst] req=16113664 hits=5158133 fwd=10700 rows=10954806 fwd_ms=624282.5 eval=0 prior=0
[inst] req=16121856 hits=5160972 fwd=10705 rows=10959926 fwd_ms=624561.1 eval=0 prior=0
[inst] req=16130048 hits=5163965 fwd=10711 rows=10966070 fwd_ms=624895.9 eval=0 prior=0
[inst] req=16138240 hits=5166906 fwd=10716 rows=10971190 fwd_ms=625175.0 eval=0 prior=0
[inst] req=16146432 hits=5169764 fwd=10721 rows=10976310 fwd_ms=625454.0 eval=0 prior=0
[inst] req=16154624 hits=5172599 fwd=10726 rows=10981430 fwd_ms=625732.9 eval=0 prior=0
[inst] req=16162816 hits=5175441 fwd=10731 rows=10986550 fwd_ms=626011.7 eval=0 prior=0
[inst] req=16171008 hits=5178286 fwd=10737 rows=10992694 fwd_ms=626346.4 eval=0 prior=0
[inst] req=16179200 hits=5181226 fwd=10742 rows=10997814 fwd_ms=626625.1 eval=0 prior=0
[inst] req=16187392 hits=5184041 fwd=10747 rows=11002934 fwd_ms=626903.9 eval=0 prior=0
[inst] req=16195584 hits=5186791 fwd=10752 rows=11008054 fwd_ms=627182.7 eval=0 prior=0
[inst] req=16203776 hits=5189665 fwd=10757 rows=11013174 fwd_ms=627461.5 eval=0 prior=0
[inst] req=16211968 hits=5192562 fwd=10763 rows=11019318 fwd_ms=627796.2 eval=0 prior=0
[inst] req=16220160 hits=5195417 fwd=10768 rows=11024438 fwd_ms=628075.0 eval=0 prior=0
[inst] req=16228352 hits=5198092 fwd=10773 rows=11029558 fwd_ms=628353.8 eval=0 prior=0
[inst] req=16236544 hits=5200853 fwd=10778 rows=11034678 fwd_ms=628632.7 eval=0 prior=0
[inst] req=16244736 hits=5203715 fwd=10784 rows=11040822 fwd_ms=628967.3 eval=0 prior=0
[inst] req=16252928 hits=5206461 fwd=10789 rows=11045942 fwd_ms=629245.9 eval=0 prior=0
[inst] req=16261120 hits=5209227 fwd=10794 rows=11051062 fwd_ms=629524.6 eval=0 prior=0
[inst] req=16269312 hits=5212091 fwd=10800 rows=11057206 fwd_ms=629859.0 eval=0 prior=0
[inst] req=16277504 hits=5214787 fwd=10805 rows=11062326 fwd_ms=630137.7 eval=0 prior=0
[inst] req=16285696 hits=5217534 fwd=10810 rows=11067446 fwd_ms=630416.3 eval=0 prior=0
[inst] req=16293888 hits=5220466 fwd=10815 rows=11072566 fwd_ms=630695.2 eval=0 prior=0
[inst] req=16302080 hits=5223441 fwd=10820 rows=11077686 fwd_ms=630974.1 eval=0 prior=0
[inst] req=16310272 hits=5226200 fwd=10826 rows=11083830 fwd_ms=631308.7 eval=0 prior=0
[inst] req=16318464 hits=5229210 fwd=10831 rows=11088950 fwd_ms=631587.5 eval=0 prior=0
[inst] req=16326656 hits=5232092 fwd=10836 rows=11094070 fwd_ms=631866.4 eval=0 prior=0
[inst] req=16334848 hits=5234900 fwd=10841 rows=11099190 fwd_ms=632145.0 eval=0 prior=0
[inst] req=16343040 hits=5237811 fwd=10846 rows=11104310 fwd_ms=632423.8 eval=0 prior=0
[inst] req=16351232 hits=5240606 fwd=10852 rows=11110454 fwd_ms=632758.2 eval=0 prior=0
[inst] req=16359424 hits=5243359 fwd=10857 rows=11115574 fwd_ms=633036.8 eval=0 prior=0
[inst] req=16367616 hits=5246208 fwd=10862 rows=11120694 fwd_ms=633315.7 eval=0 prior=0
[inst] req=16375808 hits=5248958 fwd=10868 rows=11126838 fwd_ms=633650.3 eval=0 prior=0
[inst] req=16384000 hits=5251760 fwd=10873 rows=11131958 fwd_ms=633929.1 eval=0 prior=0
[inst] req=16392192 hits=5254534 fwd=10878 rows=11137078 fwd_ms=634207.8 eval=0 prior=0
[inst] req=16400384 hits=5257353 fwd=10883 rows=11142198 fwd_ms=634486.6 eval=0 prior=0
[inst] req=16408576 hits=5260101 fwd=10889 rows=11148342 fwd_ms=634821.0 eval=0 prior=0
[inst] req=16416768 hits=5262992 fwd=10894 rows=11153462 fwd_ms=635100.0 eval=0 prior=0
[inst] req=16424960 hits=5265813 fwd=10899 rows=11158582 fwd_ms=635378.7 eval=0 prior=0
[inst] req=16433152 hits=5268616 fwd=10904 rows=11163702 fwd_ms=635657.3 eval=0 prior=0
[inst] req=16441344 hits=5271334 fwd=10910 rows=11169846 fwd_ms=635991.7 eval=0 prior=0
[inst] req=16449536 hits=5274109 fwd=10915 rows=11174966 fwd_ms=636270.5 eval=0 prior=0
[inst] req=16457728 hits=5276964 fwd=10920 rows=11180086 fwd_ms=636549.2 eval=0 prior=0
[inst] req=16465920 hits=5279765 fwd=10925 rows=11185206 fwd_ms=636827.8 eval=0 prior=0
[inst] req=16474112 hits=5282575 fwd=10931 rows=11191350 fwd_ms=637162.2 eval=0 prior=0
[inst] req=16482304 hits=5285490 fwd=10936 rows=11196470 fwd_ms=637440.9 eval=0 prior=0
[inst] req=16490496 hits=5288508 fwd=10941 rows=11201590 fwd_ms=637719.5 eval=0 prior=0
[inst] req=16498688 hits=5291396 fwd=10946 rows=11206710 fwd_ms=637998.3 eval=0 prior=0
[inst] req=16506880 hits=5294240 fwd=10951 rows=11211830 fwd_ms=638276.9 eval=0 prior=0
[inst] req=16515072 hits=5297038 fwd=10957 rows=11217974 fwd_ms=638611.4 eval=0 prior=0
[inst] req=16523264 hits=5300003 fwd=10962 rows=11223094 fwd_ms=638890.1 eval=0 prior=0
[inst] req=16531456 hits=5302802 fwd=10967 rows=11228214 fwd_ms=639169.0 eval=0 prior=0
[inst] req=16539648 hits=5305595 fwd=10972 rows=11233334 fwd_ms=639447.8 eval=0 prior=0
[inst] req=16547840 hits=5308379 fwd=10977 rows=11238454 fwd_ms=639726.5 eval=0 prior=0
[inst] req=16556032 hits=5311288 fwd=10983 rows=11244598 fwd_ms=640061.1 eval=0 prior=0
[inst] req=16564224 hits=5314112 fwd=10988 rows=11249718 fwd_ms=640339.9 eval=0 prior=0
[inst] req=16572416 hits=5316898 fwd=10993 rows=11254838 fwd_ms=640618.7 eval=0 prior=0
[inst] req=16580608 hits=5319780 fwd=10998 rows=11259958 fwd_ms=640897.4 eval=0 prior=0
[inst] req=16588800 hits=5322643 fwd=11004 rows=11266102 fwd_ms=641231.9 eval=0 prior=0
[inst] req=16596992 hits=5325391 fwd=11009 rows=11271222 fwd_ms=641510.8 eval=0 prior=0
[inst] req=16605184 hits=5328193 fwd=11014 rows=11276342 fwd_ms=641789.6 eval=0 prior=0
[inst] req=16613376 hits=5330994 fwd=11019 rows=11281462 fwd_ms=642068.4 eval=0 prior=0
[inst] req=16621568 hits=5333875 fwd=11025 rows=11287606 fwd_ms=642402.8 eval=0 prior=0
[inst] req=16629760 hits=5336705 fwd=11030 rows=11292726 fwd_ms=642681.7 eval=0 prior=0
[inst] req=16637952 hits=5339592 fwd=11035 rows=11297846 fwd_ms=642960.6 eval=0 prior=0
[inst] req=16646144 hits=5342433 fwd=11040 rows=11302966 fwd_ms=643239.4 eval=0 prior=0
[inst] req=16654336 hits=5345184 fwd=11046 rows=11309110 fwd_ms=643574.0 eval=0 prior=0
[inst] req=16662528 hits=5348008 fwd=11051 rows=11314230 fwd_ms=643852.8 eval=0 prior=0
[inst] req=16670720 hits=5350863 fwd=11056 rows=11319350 fwd_ms=644131.6 eval=0 prior=0
[inst] req=16678912 hits=5353670 fwd=11061 rows=11324470 fwd_ms=644410.5 eval=0 prior=0
[inst] req=16687104 hits=5356567 fwd=11066 rows=11329590 fwd_ms=644689.2 eval=0 prior=0
[inst] req=16695296 hits=5359432 fwd=11072 rows=11335734 fwd_ms=645023.9 eval=0 prior=0
[inst] req=16703488 hits=5362208 fwd=11077 rows=11340854 fwd_ms=645302.6 eval=0 prior=0
[inst] req=16711680 hits=5365061 fwd=11082 rows=11345974 fwd_ms=645581.4 eval=0 prior=0
[inst] req=16719872 hits=5367920 fwd=11087 rows=11351094 fwd_ms=645860.4 eval=0 prior=0
[inst] req=16728064 hits=5370741 fwd=11093 rows=11357238 fwd_ms=646195.3 eval=0 prior=0
[inst] req=16736256 hits=5373486 fwd=11098 rows=11362358 fwd_ms=646474.3 eval=0 prior=0
[inst] req=16744448 hits=5376237 fwd=11103 rows=11367478 fwd_ms=646753.2 eval=0 prior=0
[inst] req=16752640 hits=5379002 fwd=11109 rows=11373622 fwd_ms=647088.0 eval=0 prior=0
[inst] req=16760832 hits=5381764 fwd=11114 rows=11378742 fwd_ms=647367.0 eval=0 prior=0
[inst] req=16769024 hits=5384512 fwd=11119 rows=11383862 fwd_ms=647646.2 eval=0 prior=0
[inst] req=16777216 hits=5387354 fwd=11124 rows=11388982 fwd_ms=647925.3 eval=0 prior=0
[inst] req=16785408 hits=5390284 fwd=11129 rows=11394102 fwd_ms=648204.4 eval=0 prior=0
[inst] req=16793600 hits=5393181 fwd=11135 rows=11400246 fwd_ms=648538.8 eval=0 prior=0
[inst] req=16801792 hits=5396005 fwd=11140 rows=11405366 fwd_ms=648817.6 eval=0 prior=0
[inst] req=16809984 hits=5398874 fwd=11145 rows=11410486 fwd_ms=649096.5 eval=0 prior=0
[inst] req=16818176 hits=5401718 fwd=11150 rows=11415606 fwd_ms=649375.4 eval=0 prior=0
[inst] req=16826368 hits=5404599 fwd=11156 rows=11421750 fwd_ms=649709.7 eval=0 prior=0
[inst] req=16834560 hits=5407373 fwd=11161 rows=11426870 fwd_ms=649988.5 eval=0 prior=0
[inst] req=16842752 hits=5410302 fwd=11166 rows=11431990 fwd_ms=650267.5 eval=0 prior=0
[inst] req=16850944 hits=5413097 fwd=11171 rows=11437110 fwd_ms=650546.3 eval=0 prior=0
[inst] req=16859136 hits=5415908 fwd=11176 rows=11442230 fwd_ms=650825.0 eval=0 prior=0
[inst] req=16867328 hits=5418789 fwd=11182 rows=11448374 fwd_ms=651159.7 eval=0 prior=0
[inst] req=16875520 hits=5421606 fwd=11187 rows=11453494 fwd_ms=651438.5 eval=0 prior=0
[inst] req=16883712 hits=5424443 fwd=11192 rows=11458614 fwd_ms=651717.3 eval=0 prior=0
[inst] req=16891904 hits=5427249 fwd=11197 rows=11463734 fwd_ms=651996.1 eval=0 prior=0
[inst] req=16900096 hits=5430038 fwd=11203 rows=11469878 fwd_ms=652330.7 eval=0 prior=0
[inst] req=16908288 hits=5432779 fwd=11208 rows=11474998 fwd_ms=652609.5 eval=0 prior=0
[inst] req=16916480 hits=5435581 fwd=11213 rows=11480118 fwd_ms=652888.1 eval=0 prior=0
[inst] req=16924672 hits=5438434 fwd=11218 rows=11485238 fwd_ms=653166.7 eval=0 prior=0
[inst] req=16932864 hits=5441168 fwd=11224 rows=11491382 fwd_ms=653501.3 eval=0 prior=0
[inst] req=16941056 hits=5444027 fwd=11229 rows=11496502 fwd_ms=653780.0 eval=0 prior=0
[inst] req=16949248 hits=5446858 fwd=11234 rows=11501622 fwd_ms=654058.8 eval=0 prior=0
[inst] req=16957440 hits=5449723 fwd=11239 rows=11506742 fwd_ms=654337.6 eval=0 prior=0
[inst] req=16965632 hits=5452521 fwd=11245 rows=11512886 fwd_ms=654672.1 eval=0 prior=0
[inst] req=16973824 hits=5455364 fwd=11250 rows=11518006 fwd_ms=654950.7 eval=0 prior=0
[inst] req=16982016 hits=5458212 fwd=11255 rows=11523126 fwd_ms=655229.5 eval=0 prior=0
[inst] req=16990208 hits=5461046 fwd=11260 rows=11528246 fwd_ms=655508.3 eval=0 prior=0
[inst] req=16998400 hits=5463926 fwd=11266 rows=11534390 fwd_ms=655843.0 eval=0 prior=0
[inst] req=17006592 hits=5466735 fwd=11271 rows=11539510 fwd_ms=656121.6 eval=0 prior=0
[inst] req=17014784 hits=5469560 fwd=11276 rows=11544630 fwd_ms=656400.3 eval=0 prior=0
[inst] req=17022976 hits=5472451 fwd=11281 rows=11549750 fwd_ms=656679.2 eval=0 prior=0
[inst] req=17031168 hits=5475220 fwd=11287 rows=11555894 fwd_ms=657013.8 eval=0 prior=0
[inst] req=17039360 hits=5477988 fwd=11292 rows=11561014 fwd_ms=657292.5 eval=0 prior=0
[inst] req=17047552 hits=5480879 fwd=11297 rows=11566134 fwd_ms=657571.3 eval=0 prior=0
[inst] req=17055744 hits=5483761 fwd=11302 rows=11571254 fwd_ms=657850.0 eval=0 prior=0
[inst] req=17063936 hits=5486450 fwd=11308 rows=11577398 fwd_ms=658184.6 eval=0 prior=0
[inst] req=17072128 hits=5489212 fwd=11313 rows=11582518 fwd_ms=658463.4 eval=0 prior=0
[inst] req=17080320 hits=5492045 fwd=11318 rows=11587638 fwd_ms=658742.1 eval=0 prior=0
[inst] req=17088512 hits=5494948 fwd=11323 rows=11592758 fwd_ms=659020.9 eval=0 prior=0
[inst] req=17096704 hits=5497944 fwd=11328 rows=11597878 fwd_ms=659299.7 eval=0 prior=0
[inst] req=17104896 hits=5500916 fwd=11333 rows=11602998 fwd_ms=659578.6 eval=0 prior=0
[inst] req=17113088 hits=5503698 fwd=11339 rows=11609142 fwd_ms=659913.3 eval=0 prior=0
[inst] req=17121280 hits=5506482 fwd=11344 rows=11614262 fwd_ms=660192.1 eval=0 prior=0
[inst] req=17129472 hits=5509252 fwd=11349 rows=11619382 fwd_ms=660471.1 eval=0 prior=0
[inst] req=17137664 hits=5512118 fwd=11355 rows=11625526 fwd_ms=660805.7 eval=0 prior=0
[inst] req=17145856 hits=5514930 fwd=11360 rows=11630646 fwd_ms=661084.7 eval=0 prior=0
[inst] req=17154048 hits=5517811 fwd=11365 rows=11635766 fwd_ms=661363.5 eval=0 prior=0
[inst] req=17162240 hits=5520626 fwd=11370 rows=11640886 fwd_ms=661642.3 eval=0 prior=0
[inst] req=17170432 hits=5523406 fwd=11375 rows=11646006 fwd_ms=661921.2 eval=0 prior=0
[inst] req=17178624 hits=5526234 fwd=11381 rows=11652150 fwd_ms=662255.8 eval=0 prior=0
[inst] req=17186816 hits=5529039 fwd=11386 rows=11657270 fwd_ms=662534.9 eval=0 prior=0
[inst] req=17195008 hits=5531892 fwd=11391 rows=11662390 fwd_ms=662813.8 eval=0 prior=0
[inst] req=17203200 hits=5534726 fwd=11396 rows=11667510 fwd_ms=663092.6 eval=0 prior=0
[inst] req=17211392 hits=5537575 fwd=11402 rows=11673654 fwd_ms=663427.2 eval=0 prior=0
[inst] req=17219584 hits=5540412 fwd=11407 rows=11678774 fwd_ms=663706.1 eval=0 prior=0
[inst] req=17227776 hits=5543268 fwd=11412 rows=11683894 fwd_ms=663985.1 eval=0 prior=0
[inst] req=17235968 hits=5546031 fwd=11417 rows=11689014 fwd_ms=664264.0 eval=0 prior=0
[inst] req=17244160 hits=5548787 fwd=11423 rows=11695158 fwd_ms=664598.6 eval=0 prior=0
[inst] req=17252352 hits=5551637 fwd=11428 rows=11700278 fwd_ms=664877.6 eval=0 prior=0
[inst] req=17260544 hits=5554398 fwd=11433 rows=11705398 fwd_ms=665156.6 eval=0 prior=0
[inst] req=17268736 hits=5557425 fwd=11438 rows=11710518 fwd_ms=665435.5 eval=0 prior=0
[inst] req=17276928 hits=5560317 fwd=11443 rows=11715638 fwd_ms=665714.5 eval=0 prior=0
[inst] req=17285120 hits=5563122 fwd=11449 rows=11721782 fwd_ms=666049.0 eval=0 prior=0
[inst] req=17293312 hits=5565919 fwd=11454 rows=11726902 fwd_ms=666327.8 eval=0 prior=0
[inst] req=17301504 hits=5568816 fwd=11459 rows=11732022 fwd_ms=666606.5 eval=0 prior=0
[inst] req=17309696 hits=5571623 fwd=11464 rows=11737142 fwd_ms=666885.3 eval=0 prior=0
[inst] req=17317888 hits=5574459 fwd=11470 rows=11743286 fwd_ms=667219.9 eval=0 prior=0
[inst] req=17326080 hits=5577260 fwd=11475 rows=11748406 fwd_ms=667498.8 eval=0 prior=0
[inst] req=17334272 hits=5580070 fwd=11480 rows=11753526 fwd_ms=667777.7 eval=0 prior=0
[inst] req=17342464 hits=5582849 fwd=11485 rows=11758646 fwd_ms=668056.5 eval=0 prior=0
[inst] req=17350656 hits=5585628 fwd=11491 rows=11764790 fwd_ms=668391.1 eval=0 prior=0
[inst] req=17358848 hits=5588398 fwd=11496 rows=11769910 fwd_ms=668670.1 eval=0 prior=0
[inst] req=17367040 hits=5591105 fwd=11501 rows=11775030 fwd_ms=668949.1 eval=0 prior=0
[inst] req=17375232 hits=5593849 fwd=11507 rows=11781174 fwd_ms=669283.8 eval=0 prior=0
[inst] req=17383424 hits=5596662 fwd=11512 rows=11786294 fwd_ms=669562.6 eval=0 prior=0
[inst] req=17391616 hits=5599466 fwd=11517 rows=11791414 fwd_ms=669841.3 eval=0 prior=0
[inst] req=17399808 hits=5602253 fwd=11522 rows=11796534 fwd_ms=670120.2 eval=0 prior=0
[inst] req=17408000 hits=5605058 fwd=11528 rows=11802678 fwd_ms=670454.8 eval=0 prior=0
[inst] req=17416192 hits=5607901 fwd=11533 rows=11807798 fwd_ms=670733.9 eval=0 prior=0
[inst] req=17424384 hits=5610670 fwd=11538 rows=11812918 fwd_ms=671012.8 eval=0 prior=0
[inst] req=17432576 hits=5613559 fwd=11543 rows=11818038 fwd_ms=671291.6 eval=0 prior=0
[inst] req=17440768 hits=5616420 fwd=11549 rows=11824182 fwd_ms=671626.3 eval=0 prior=0
[inst] req=17448960 hits=5619136 fwd=11554 rows=11829302 fwd_ms=671905.2 eval=0 prior=0
[inst] req=17457152 hits=5621935 fwd=11559 rows=11834422 fwd_ms=672183.9 eval=0 prior=0
[inst] req=17465344 hits=5624824 fwd=11564 rows=11839542 fwd_ms=672462.7 eval=0 prior=0
[inst] req=17473536 hits=5627739 fwd=11570 rows=11845686 fwd_ms=672797.2 eval=0 prior=0
[inst] req=17481728 hits=5630653 fwd=11575 rows=11850806 fwd_ms=673076.2 eval=0 prior=0
[inst] req=17489920 hits=5633509 fwd=11580 rows=11855926 fwd_ms=673355.1 eval=0 prior=0
[inst] req=17498112 hits=5636239 fwd=11585 rows=11861046 fwd_ms=673633.9 eval=0 prior=0
[inst] req=17506304 hits=5638984 fwd=11591 rows=11867190 fwd_ms=673968.7 eval=0 prior=0
[inst] req=17514496 hits=5641853 fwd=11596 rows=11872310 fwd_ms=674247.7 eval=0 prior=0
[inst] req=17522688 hits=5644580 fwd=11601 rows=11877430 fwd_ms=674526.7 eval=0 prior=0
[inst] req=17530880 hits=5647432 fwd=11606 rows=11882550 fwd_ms=674805.5 eval=0 prior=0
[inst] req=17539072 hits=5650206 fwd=11612 rows=11888694 fwd_ms=675140.3 eval=0 prior=0
[inst] req=17547264 hits=5653003 fwd=11617 rows=11893814 fwd_ms=675419.2 eval=0 prior=0
[inst] req=17555456 hits=5655858 fwd=11622 rows=11898934 fwd_ms=675698.2 eval=0 prior=0
[inst] req=17563648 hits=5658709 fwd=11627 rows=11904054 fwd_ms=675977.2 eval=0 prior=0
[inst] req=17571840 hits=5661543 fwd=11633 rows=11910198 fwd_ms=676311.9 eval=0 prior=0
[inst] req=17580032 hits=5664325 fwd=11638 rows=11915318 fwd_ms=676590.7 eval=0 prior=0
[inst] req=17588224 hits=5667106 fwd=11643 rows=11920438 fwd_ms=676869.7 eval=0 prior=0
[inst] req=17596416 hits=5669903 fwd=11648 rows=11925558 fwd_ms=677148.9 eval=0 prior=0
[inst] req=17604608 hits=5672714 fwd=11654 rows=11931702 fwd_ms=677483.8 eval=0 prior=0
[inst] req=17612800 hits=5675537 fwd=11659 rows=11936822 fwd_ms=677763.0 eval=0 prior=0
[inst] req=17620992 hits=5678420 fwd=11664 rows=11941942 fwd_ms=678042.2 eval=0 prior=0
[inst] req=17629184 hits=5681266 fwd=11669 rows=11947062 fwd_ms=678321.5 eval=0 prior=0
[inst] req=17637376 hits=5684137 fwd=11675 rows=11953206 fwd_ms=678656.5 eval=0 prior=0
[inst] req=17645568 hits=5686850 fwd=11680 rows=11958326 fwd_ms=678935.7 eval=0 prior=0
[inst] req=17653760 hits=5689823 fwd=11685 rows=11963446 fwd_ms=679215.0 eval=0 prior=0
[inst] req=17661952 hits=5692633 fwd=11690 rows=11968566 fwd_ms=679494.0 eval=0 prior=0
[inst] req=17670144 hits=5695502 fwd=11695 rows=11973686 fwd_ms=679772.9 eval=0 prior=0
[inst] req=17678336 hits=5698523 fwd=11700 rows=11978806 fwd_ms=680052.0 eval=0 prior=0
[inst] req=17686528 hits=5701439 fwd=11706 rows=11984950 fwd_ms=680386.8 eval=0 prior=0
[inst] req=17694720 hits=5704344 fwd=11711 rows=11990070 fwd_ms=680665.6 eval=0 prior=0
[inst] req=17702912 hits=5707188 fwd=11716 rows=11995190 fwd_ms=680944.6 eval=0 prior=0
[inst] req=17711104 hits=5710019 fwd=11721 rows=12000310 fwd_ms=681423.1 eval=0 prior=0
[inst] req=17719296 hits=5712822 fwd=11727 rows=12006454 fwd_ms=682211.2 eval=0 prior=0
[inst] req=17727488 hits=5715670 fwd=11732 rows=12011574 fwd_ms=682972.4 eval=0 prior=0
[inst] req=17735680 hits=5718469 fwd=11737 rows=12016694 fwd_ms=683640.2 eval=0 prior=0
[inst] req=17743872 hits=5721274 fwd=11742 rows=12021814 fwd_ms=684261.7 eval=0 prior=0
[inst] req=17752064 hits=5724066 fwd=11748 rows=12027958 fwd_ms=685065.8 eval=0 prior=0
[inst] req=17760256 hits=5726569 fwd=11753 rows=12033078 fwd_ms=685639.6 eval=0 prior=0
[inst] req=17768448 hits=5729444 fwd=11758 rows=12038198 fwd_ms=686302.7 eval=0 prior=0
[inst] req=17776640 hits=5732344 fwd=11764 rows=12044198 fwd_ms=687093.2 eval=0 prior=0
[inst] req=17784832 hits=5735120 fwd=11769 rows=12049318 fwd_ms=687888.3 eval=0 prior=0
[inst] req=17793024 hits=5737813 fwd=11774 rows=12054438 fwd_ms=688506.1 eval=0 prior=0
[inst] req=17801216 hits=5740556 fwd=11780 rows=12060582 fwd_ms=689347.4 eval=0 prior=0
[inst] req=17809408 hits=5743185 fwd=11785 rows=12065702 fwd_ms=689994.5 eval=0 prior=0
[inst] req=17817600 hits=5745574 fwd=11791 rows=12071846 fwd_ms=690763.7 eval=0 prior=0
[inst] req=17825792 hits=5748348 fwd=11796 rows=12076966 fwd_ms=691398.6 eval=0 prior=0
[inst] req=17833984 hits=5751332 fwd=11801 rows=12082086 fwd_ms=692111.4 eval=0 prior=0
[inst] req=17842176 hits=5754440 fwd=11806 rows=12087206 fwd_ms=692879.3 eval=0 prior=0
[inst] req=17850368 hits=5757816 fwd=11811 rows=12092326 fwd_ms=693539.0 eval=0 prior=0
[inst] req=17858560 hits=5761030 fwd=11816 rows=12097446 fwd_ms=694145.4 eval=0 prior=0
[inst] req=17866752 hits=5764381 fwd=11820 rows=12101542 fwd_ms=694632.7 eval=0 prior=0
[inst] req=17874944 hits=5767920 fwd=11825 rows=12106662 fwd_ms=695256.3 eval=0 prior=0
[inst] req=17883136 hits=5771343 fwd=11830 rows=12111782 fwd_ms=695956.4 eval=0 prior=0
[inst] req=17891328 hits=5774719 fwd=11834 rows=12115878 fwd_ms=696514.7 eval=0 prior=0
[inst] req=17899520 hits=5778132 fwd=11839 rows=12120995 fwd_ms=697187.9 eval=0 prior=0
[inst] req=17907712 hits=5781684 fwd=11843 rows=12125091 fwd_ms=697751.2 eval=0 prior=0
[inst] req=17915904 hits=5785478 fwd=11848 rows=12130211 fwd_ms=698480.0 eval=0 prior=0
[inst] req=17924096 hits=5788982 fwd=11852 rows=12134307 fwd_ms=699048.1 eval=0 prior=0
[inst] req=17932288 hits=5792122 fwd=11857 rows=12139427 fwd_ms=699328.7 eval=0 prior=0
[inst] req=17940480 hits=5795155 fwd=11862 rows=12144547 fwd_ms=699609.6 eval=0 prior=0
[inst] req=17948672 hits=5798287 fwd=11867 rows=12149667 fwd_ms=699893.0 eval=0 prior=0
[inst] req=17956864 hits=5799361 fwd=11874 rows=12156835 fwd_ms=700292.5 eval=0 prior=0
[inst] req=17965056 hits=5799755 fwd=11882 rows=12165027 fwd_ms=700738.4 eval=0 prior=0
[inst] req=17973248 hits=5800398 fwd=11889 rows=12172195 fwd_ms=701128.5 eval=0 prior=0
[inst] req=17981440 hits=5801437 fwd=11896 rows=12179363 fwd_ms=701517.9 eval=0 prior=0
[inst] req=17989632 hits=5802891 fwd=11903 rows=12186531 fwd_ms=701906.4 eval=0 prior=0
[inst] req=17997824 hits=5804667 fwd=11909 rows=12192675 fwd_ms=702239.3 eval=0 prior=0
[inst] req=18006016 hits=5806746 fwd=11915 rows=12198819 fwd_ms=702572.2 eval=0 prior=0
[inst] req=18014208 hits=5809058 fwd=11921 rows=12204963 fwd_ms=702905.1 eval=0 prior=0
[inst] req=18022400 hits=5811511 fwd=11926 rows=12210083 fwd_ms=703182.6 eval=0 prior=0
[inst] req=18030592 hits=5814041 fwd=11932 rows=12216227 fwd_ms=703515.5 eval=0 prior=0
[inst] req=18038784 hits=5816616 fwd=11937 rows=12221347 fwd_ms=703793.2 eval=0 prior=0
[inst] req=18046976 hits=5819327 fwd=11943 rows=12227491 fwd_ms=704126.9 eval=0 prior=0
[inst] req=18055168 hits=5822000 fwd=11948 rows=12232611 fwd_ms=704404.9 eval=0 prior=0
[inst] req=18063360 hits=5824645 fwd=11953 rows=12237731 fwd_ms=704682.9 eval=0 prior=0
[inst] req=18071552 hits=5827314 fwd=11959 rows=12243875 fwd_ms=705016.1 eval=0 prior=0
[inst] req=18079744 hits=5830043 fwd=11964 rows=12248995 fwd_ms=705294.0 eval=0 prior=0
[inst] req=18087936 hits=5832717 fwd=11970 rows=12255139 fwd_ms=705627.5 eval=0 prior=0
[inst] req=18096128 hits=5835446 fwd=11975 rows=12260259 fwd_ms=705904.8 eval=0 prior=0
[inst] req=18104320 hits=5838222 fwd=11980 rows=12265379 fwd_ms=706182.5 eval=0 prior=0
[inst] req=18112512 hits=5840974 fwd=11986 rows=12271523 fwd_ms=706515.8 eval=0 prior=0
[inst] req=18120704 hits=5843908 fwd=11991 rows=12276643 fwd_ms=706793.5 eval=0 prior=0
[inst] req=18128896 hits=5846727 fwd=11996 rows=12281763 fwd_ms=707071.3 eval=0 prior=0
[inst] req=18137088 hits=5849592 fwd=12001 rows=12286883 fwd_ms=707348.5 eval=0 prior=0
[inst] req=18145280 hits=5852445 fwd=12006 rows=12292003 fwd_ms=707625.9 eval=0 prior=0
[inst] req=18153472 hits=5855198 fwd=12012 rows=12298147 fwd_ms=707959.3 eval=0 prior=0
[inst] req=18161664 hits=5857996 fwd=12017 rows=12303267 fwd_ms=708237.0 eval=0 prior=0
[inst] req=18169856 hits=5860707 fwd=12022 rows=12308387 fwd_ms=708514.8 eval=0 prior=0
[inst] req=18178048 hits=5863575 fwd=12027 rows=12313507 fwd_ms=708792.6 eval=0 prior=0
[inst] req=18186240 hits=5866395 fwd=12033 rows=12319651 fwd_ms=709125.4 eval=0 prior=0
[inst] req=18194432 hits=5869269 fwd=12038 rows=12324771 fwd_ms=709403.1 eval=0 prior=0
[inst] req=18202624 hits=5872067 fwd=12043 rows=12329891 fwd_ms=709680.9 eval=0 prior=0
[inst] req=18210816 hits=5874999 fwd=12048 rows=12335011 fwd_ms=709958.9 eval=0 prior=0
[inst] req=18219008 hits=5877754 fwd=12054 rows=12341155 fwd_ms=710291.8 eval=0 prior=0
[inst] req=18227200 hits=5880413 fwd=12059 rows=12346275 fwd_ms=710569.1 eval=0 prior=0
[inst] req=18235392 hits=5883087 fwd=12064 rows=12351395 fwd_ms=710846.5 eval=0 prior=0
[inst] req=18243584 hits=5885644 fwd=12070 rows=12357539 fwd_ms=711179.5 eval=0 prior=0
[inst] req=18251776 hits=5888215 fwd=12075 rows=12362659 fwd_ms=711456.7 eval=0 prior=0
[inst] req=18259968 hits=5890905 fwd=12081 rows=12368803 fwd_ms=711789.9 eval=0 prior=0
[inst] req=18268160 hits=5893660 fwd=12086 rows=12373923 fwd_ms=712067.5 eval=0 prior=0
[inst] req=18276352 hits=5896451 fwd=12091 rows=12379043 fwd_ms=712344.7 eval=0 prior=0
[inst] req=18284544 hits=5899311 fwd=12097 rows=12385187 fwd_ms=712677.6 eval=0 prior=0
[inst] req=18292736 hits=5902411 fwd=12102 rows=12390307 fwd_ms=712955.1 eval=0 prior=0
[inst] req=18300928 hits=5905419 fwd=12107 rows=12395427 fwd_ms=713232.3 eval=0 prior=0
[inst] req=18309120 hits=5908378 fwd=12112 rows=12400547 fwd_ms=713509.8 eval=0 prior=0
[inst] req=18317312 hits=5911145 fwd=12117 rows=12405667 fwd_ms=713787.2 eval=0 prior=0
[inst] req=18325504 hits=5913924 fwd=12122 rows=12410787 fwd_ms=714064.4 eval=0 prior=0
[inst] req=18333696 hits=5916791 fwd=12127 rows=12415907 fwd_ms=714341.9 eval=0 prior=0
[inst] req=18341888 hits=5919533 fwd=12133 rows=12422051 fwd_ms=714674.7 eval=0 prior=0
[inst] req=18350080 hits=5922295 fwd=12138 rows=12427171 fwd_ms=714952.1 eval=0 prior=0
[inst] req=18358272 hits=5925150 fwd=12143 rows=12432291 fwd_ms=715229.4 eval=0 prior=0
[inst] req=18366464 hits=5928037 fwd=12148 rows=12437411 fwd_ms=715506.9 eval=0 prior=0
[inst] req=18374656 hits=5930923 fwd=12154 rows=12443555 fwd_ms=715839.9 eval=0 prior=0
[inst] req=18382848 hits=5933785 fwd=12159 rows=12448675 fwd_ms=716117.8 eval=0 prior=0
[inst] req=18391040 hits=5936612 fwd=12164 rows=12453795 fwd_ms=716395.6 eval=0 prior=0
[inst] req=18399232 hits=5939456 fwd=12169 rows=12458915 fwd_ms=716673.2 eval=0 prior=0
[inst] req=18407424 hits=5942283 fwd=12175 rows=12465059 fwd_ms=717006.5 eval=0 prior=0
[inst] req=18415616 hits=5944891 fwd=12180 rows=12470179 fwd_ms=717284.0 eval=0 prior=0
[inst] req=18423808 hits=5947482 fwd=12186 rows=12476323 fwd_ms=717617.3 eval=0 prior=0
[inst] req=18432000 hits=5950196 fwd=12191 rows=12481443 fwd_ms=717894.8 eval=0 prior=0
[inst] req=18440192 hits=5952894 fwd=12196 rows=12486563 fwd_ms=718172.5 eval=0 prior=0
[inst] req=18448384 hits=5955685 fwd=12201 rows=12491683 fwd_ms=718450.4 eval=0 prior=0
[inst] req=18456576 hits=5958488 fwd=12207 rows=12497827 fwd_ms=718783.8 eval=0 prior=0
[inst] req=18464768 hits=5961430 fwd=12212 rows=12502947 fwd_ms=719061.1 eval=0 prior=0
[inst] req=18472960 hits=5964228 fwd=12217 rows=12508067 fwd_ms=719338.8 eval=0 prior=0
[inst] req=18481152 hits=5967157 fwd=12222 rows=12513187 fwd_ms=719616.6 eval=0 prior=0
[inst] req=18489344 hits=5970035 fwd=12227 rows=12518307 fwd_ms=719894.4 eval=0 prior=0
[inst] req=18497536 hits=5972757 fwd=12233 rows=12524451 fwd_ms=720227.2 eval=0 prior=0
[inst] req=18505728 hits=5975568 fwd=12238 rows=12529571 fwd_ms=720504.8 eval=0 prior=0
[inst] req=18513920 hits=5978303 fwd=12243 rows=12534691 fwd_ms=720782.5 eval=0 prior=0
[inst] req=18522112 hits=5981079 fwd=12249 rows=12540835 fwd_ms=721115.9 eval=0 prior=0
[inst] req=18530304 hits=5983835 fwd=12254 rows=12545955 fwd_ms=721393.7 eval=0 prior=0
[inst] req=18538496 hits=5986583 fwd=12259 rows=12551075 fwd_ms=721671.2 eval=0 prior=0
[inst] req=18546688 hits=5989402 fwd=12265 rows=12557219 fwd_ms=722004.2 eval=0 prior=0
[inst] req=18554880 hits=5992244 fwd=12270 rows=12562339 fwd_ms=722281.7 eval=0 prior=0
[inst] req=18563072 hits=5995012 fwd=12275 rows=12567459 fwd_ms=722559.5 eval=0 prior=0
[inst] req=18571264 hits=5998018 fwd=12280 rows=12572578 fwd_ms=722837.8 eval=0 prior=0
[inst] req=18579456 hits=6000824 fwd=12285 rows=12577698 fwd_ms=723115.9 eval=0 prior=0
[inst] req=18587648 hits=6003666 fwd=12291 rows=12583842 fwd_ms=723448.9 eval=0 prior=0
[inst] req=18595840 hits=6006506 fwd=12296 rows=12588962 fwd_ms=723726.1 eval=0 prior=0
[inst] req=18604032 hits=6009247 fwd=12301 rows=12594082 fwd_ms=724003.8 eval=0 prior=0
[inst] req=18612224 hits=6011996 fwd=12307 rows=12600226 fwd_ms=724336.5 eval=0 prior=0
[inst] req=18620416 hits=6014872 fwd=12312 rows=12605346 fwd_ms=724614.3 eval=0 prior=0
[inst] req=18628608 hits=6017614 fwd=12317 rows=12610466 fwd_ms=724891.8 eval=0 prior=0
[inst] req=18636800 hits=6020454 fwd=12322 rows=12615586 fwd_ms=725169.6 eval=0 prior=0
[inst] req=18644992 hits=6023277 fwd=12327 rows=12620706 fwd_ms=725447.5 eval=0 prior=0
[inst] req=18653184 hits=6026130 fwd=12333 rows=12626850 fwd_ms=725780.8 eval=0 prior=0
[inst] req=18661376 hits=6028981 fwd=12338 rows=12631970 fwd_ms=726058.7 eval=0 prior=0
[inst] req=18669568 hits=6031813 fwd=12343 rows=12637090 fwd_ms=726336.4 eval=0 prior=0
[inst] req=18677760 hits=6034650 fwd=12348 rows=12642210 fwd_ms=726614.1 eval=0 prior=0
[inst] req=18685952 hits=6037330 fwd=12354 rows=12648354 fwd_ms=726947.3 eval=0 prior=0
[inst] req=18694144 hits=6040082 fwd=12359 rows=12653474 fwd_ms=727225.3 eval=0 prior=0
[inst] req=18702336 hits=6042866 fwd=12364 rows=12658594 fwd_ms=727503.1 eval=0 prior=0
[inst] req=18710528 hits=6045662 fwd=12370 rows=12664738 fwd_ms=727836.4 eval=0 prior=0
[inst] req=18718720 hits=6048472 fwd=12375 rows=12669858 fwd_ms=728113.7 eval=0 prior=0
[inst] req=18726912 hits=6051300 fwd=12380 rows=12674978 fwd_ms=728391.1 eval=0 prior=0
[inst] req=18735104 hits=6054276 fwd=12385 rows=12680098 fwd_ms=728669.0 eval=0 prior=0
[inst] req=18743296 hits=6057248 fwd=12390 rows=12685218 fwd_ms=728946.1 eval=0 prior=0
[inst] req=18751488 hits=6060198 fwd=12395 rows=12690338 fwd_ms=729223.5 eval=0 prior=0
[inst] req=18759680 hits=6063145 fwd=12401 rows=12696482 fwd_ms=729556.5 eval=0 prior=0
[inst] req=18767872 hits=6065966 fwd=12406 rows=12701602 fwd_ms=729834.3 eval=0 prior=0
[inst] req=18776064 hits=6068684 fwd=12411 rows=12706722 fwd_ms=730112.0 eval=0 prior=0
[inst] req=18784256 hits=6071439 fwd=12416 rows=12711842 fwd_ms=730389.3 eval=0 prior=0
[inst] req=18792448 hits=6074124 fwd=12422 rows=12717986 fwd_ms=730722.7 eval=0 prior=0
[inst] req=18800640 hits=6076831 fwd=12427 rows=12723106 fwd_ms=731000.0 eval=0 prior=0
[inst] req=18808832 hits=6079626 fwd=12432 rows=12728226 fwd_ms=731278.1 eval=0 prior=0
[inst] req=18817024 hits=6082568 fwd=12438 rows=12734370 fwd_ms=731611.2 eval=0 prior=0
[inst] req=18825216 hits=6085326 fwd=12443 rows=12739490 fwd_ms=731888.9 eval=0 prior=0
[inst] req=18833408 hits=6088330 fwd=12448 rows=12744610 fwd_ms=732166.6 eval=0 prior=0
[inst] req=18841600 hits=6091111 fwd=12453 rows=12749730 fwd_ms=732444.5 eval=0 prior=0
[inst] req=18849792 hits=6093860 fwd=12459 rows=12755874 fwd_ms=732777.8 eval=0 prior=0
[inst] req=18857984 hits=6096763 fwd=12464 rows=12760994 fwd_ms=733055.7 eval=0 prior=0
[inst] req=18866176 hits=6099508 fwd=12469 rows=12766114 fwd_ms=733333.1 eval=0 prior=0
[inst] req=18874368 hits=6102183 fwd=12474 rows=12771234 fwd_ms=733610.6 eval=0 prior=0
[inst] req=18882560 hits=6105026 fwd=12480 rows=12777378 fwd_ms=733943.7 eval=0 prior=0
[inst] req=18890752 hits=6107785 fwd=12485 rows=12782498 fwd_ms=734221.5 eval=0 prior=0
[inst] req=18898944 hits=6110608 fwd=12490 rows=12787618 fwd_ms=734499.7 eval=0 prior=0
[inst] req=18907136 hits=6113495 fwd=12495 rows=12792738 fwd_ms=734777.3 eval=0 prior=0
[inst] req=18915328 hits=6116354 fwd=12501 rows=12798882 fwd_ms=735110.6 eval=0 prior=0
[inst] req=18923520 hits=6119215 fwd=12506 rows=12804002 fwd_ms=735388.3 eval=0 prior=0
[inst] req=18931712 hits=6122080 fwd=12511 rows=12809122 fwd_ms=735666.1 eval=0 prior=0
[inst] req=18939904 hits=6124852 fwd=12516 rows=12814242 fwd_ms=735944.1 eval=0 prior=0
[inst] req=18948096 hits=6127730 fwd=12521 rows=12819362 fwd_ms=736221.6 eval=0 prior=0
[inst] req=18956288 hits=6130711 fwd=12527 rows=12825506 fwd_ms=736554.6 eval=0 prior=0
[inst] req=18964480 hits=6133728 fwd=12532 rows=12830626 fwd_ms=736832.2 eval=0 prior=0
[inst] req=18972672 hits=6136739 fwd=12537 rows=12835746 fwd_ms=737110.3 eval=0 prior=0
[inst] req=18980864 hits=6139645 fwd=12542 rows=12840866 fwd_ms=737388.2 eval=0 prior=0
[inst] req=18989056 hits=6142472 fwd=12547 rows=12845986 fwd_ms=737665.7 eval=0 prior=0
[inst] req=18997248 hits=6145216 fwd=12552 rows=12851106 fwd_ms=737943.5 eval=0 prior=0
[inst] req=19005440 hits=6148190 fwd=12557 rows=12856226 fwd_ms=738221.3 eval=0 prior=0
[inst] req=19013632 hits=6151203 fwd=12563 rows=12862369 fwd_ms=738554.7 eval=0 prior=0
[inst] req=19021824 hits=6153982 fwd=12568 rows=12867489 fwd_ms=738832.3 eval=0 prior=0
[inst] req=19030016 hits=6156791 fwd=12573 rows=12872609 fwd_ms=739110.0 eval=0 prior=0
[inst] req=19038208 hits=6159637 fwd=12578 rows=12877729 fwd_ms=739387.8 eval=0 prior=0
[inst] req=19046400 hits=6162471 fwd=12584 rows=12883873 fwd_ms=739721.2 eval=0 prior=0
[inst] req=19054592 hits=6165365 fwd=12589 rows=12888993 fwd_ms=739998.9 eval=0 prior=0
[inst] req=19062784 hits=6168048 fwd=12594 rows=12894113 fwd_ms=740276.3 eval=0 prior=0
[inst] req=19070976 hits=6170856 fwd=12599 rows=12899233 fwd_ms=740553.9 eval=0 prior=0
[inst] req=19079168 hits=6173654 fwd=12605 rows=12905377 fwd_ms=740886.6 eval=0 prior=0
[inst] req=19087360 hits=6176506 fwd=12610 rows=12910497 fwd_ms=741164.6 eval=0 prior=0
[inst] req=19095552 hits=6179334 fwd=12615 rows=12915617 fwd_ms=741442.2 eval=0 prior=0
[inst] req=19103744 hits=6182193 fwd=12620 rows=12920737 fwd_ms=741720.1 eval=0 prior=0
[inst] req=19111936 hits=6184938 fwd=12626 rows=12926881 fwd_ms=742052.8 eval=0 prior=0
[inst] req=19120128 hits=6187695 fwd=12631 rows=12932001 fwd_ms=742330.3 eval=0 prior=0
[inst] req=19128320 hits=6190486 fwd=12636 rows=12937121 fwd_ms=742607.9 eval=0 prior=0
[inst] req=19136512 hits=6193297 fwd=12641 rows=12942241 fwd_ms=742886.0 eval=0 prior=0
[inst] req=19144704 hits=6196039 fwd=12647 rows=12948385 fwd_ms=743218.9 eval=0 prior=0
[inst] req=19152896 hits=6198836 fwd=12652 rows=12953505 fwd_ms=743497.0 eval=0 prior=0
[inst] req=19161088 hits=6201682 fwd=12657 rows=12958625 fwd_ms=743774.9 eval=0 prior=0
[inst] req=19169280 hits=6204347 fwd=12663 rows=12964769 fwd_ms=744108.4 eval=0 prior=0
[inst] req=19177472 hits=6207126 fwd=12668 rows=12969889 fwd_ms=744386.4 eval=0 prior=0
[inst] req=19185664 hits=6210010 fwd=12673 rows=12975009 fwd_ms=744664.3 eval=0 prior=0
[inst] req=19193856 hits=6212804 fwd=12678 rows=12980129 fwd_ms=744941.9 eval=0 prior=0
[inst] req=19202048 hits=6215638 fwd=12684 rows=12986273 fwd_ms=745275.1 eval=0 prior=0
[inst] req=19210240 hits=6218762 fwd=12689 rows=12991393 fwd_ms=745553.2 eval=0 prior=0
[inst] req=19218432 hits=6221603 fwd=12694 rows=12996513 fwd_ms=745830.6 eval=0 prior=0
[inst] req=19226624 hits=6224323 fwd=12699 rows=13001633 fwd_ms=746107.8 eval=0 prior=0
[inst] req=19234816 hits=6227189 fwd=12704 rows=13006753 fwd_ms=746385.4 eval=0 prior=0
[inst] req=19243008 hits=6229953 fwd=12710 rows=13012897 fwd_ms=746718.8 eval=0 prior=0
[inst] req=19251200 hits=6232656 fwd=12715 rows=13018017 fwd_ms=746996.8 eval=0 prior=0
[inst] req=19259392 hits=6235351 fwd=12720 rows=13023137 fwd_ms=747274.5 eval=0 prior=0
[inst] req=19267584 hits=6238198 fwd=12726 rows=13029281 fwd_ms=747607.5 eval=0 prior=0
[inst] req=19275776 hits=6241071 fwd=12731 rows=13034401 fwd_ms=747884.9 eval=0 prior=0
[inst] req=19283968 hits=6243917 fwd=12736 rows=13039521 fwd_ms=748162.4 eval=0 prior=0
[inst] req=19292160 hits=6246751 fwd=12741 rows=13044641 fwd_ms=748439.8 eval=0 prior=0
[inst] req=19300352 hits=6249771 fwd=12746 rows=13049761 fwd_ms=748717.6 eval=0 prior=0
[inst] req=19308544 hits=6252522 fwd=12752 rows=13055905 fwd_ms=749050.5 eval=0 prior=0
[inst] req=19316736 hits=6255380 fwd=12757 rows=13061025 fwd_ms=749328.0 eval=0 prior=0
[inst] req=19324928 hits=6258155 fwd=12762 rows=13066145 fwd_ms=749605.3 eval=0 prior=0
[inst] req=19333120 hits=6260982 fwd=12767 rows=13071265 fwd_ms=749882.9 eval=0 prior=0
[inst] req=19341312 hits=6263724 fwd=12773 rows=13077409 fwd_ms=750216.3 eval=0 prior=0
[inst] req=19349504 hits=6266540 fwd=12778 rows=13082529 fwd_ms=750494.1 eval=0 prior=0
[inst] req=19357696 hits=6269408 fwd=12783 rows=13087649 fwd_ms=750772.1 eval=0 prior=0
[inst] req=19365888 hits=6272096 fwd=12788 rows=13092769 fwd_ms=751049.8 eval=0 prior=0
[inst] req=19374080 hits=6274825 fwd=12794 rows=13098913 fwd_ms=751382.7 eval=0 prior=0
[inst] req=19382272 hits=6277649 fwd=12799 rows=13104033 fwd_ms=751660.3 eval=0 prior=0
[inst] req=19390464 hits=6280539 fwd=12804 rows=13109153 fwd_ms=751937.8 eval=0 prior=0
[inst] req=19398656 hits=6283342 fwd=12810 rows=13115297 fwd_ms=752270.6 eval=0 prior=0
[inst] req=19406848 hits=6286283 fwd=12815 rows=13120417 fwd_ms=752548.1 eval=0 prior=0
[inst] req=19415040 hits=6289071 fwd=12820 rows=13125537 fwd_ms=752826.0 eval=0 prior=0
[inst] req=19423232 hits=6291686 fwd=12825 rows=13130657 fwd_ms=753104.0 eval=0 prior=0
[inst] req=19431424 hits=6294408 fwd=12831 rows=13136801 fwd_ms=753437.1 eval=0 prior=0
[inst] req=19439616 hits=6297230 fwd=12836 rows=13141921 fwd_ms=753714.7 eval=0 prior=0
[inst] req=19447808 hits=6300017 fwd=12841 rows=13147041 fwd_ms=753992.4 eval=0 prior=0
[inst] req=19456000 hits=6302874 fwd=12846 rows=13152161 fwd_ms=754269.8 eval=0 prior=0
[inst] req=19464192 hits=6305598 fwd=12852 rows=13158305 fwd_ms=754602.9 eval=0 prior=0
[inst] req=19472384 hits=6308622 fwd=12857 rows=13163425 fwd_ms=754880.5 eval=0 prior=0
[inst] req=19480576 hits=6311505 fwd=12862 rows=13168545 fwd_ms=755158.4 eval=0 prior=0
[inst] req=19488768 hits=6314300 fwd=12867 rows=13173665 fwd_ms=755436.2 eval=0 prior=0
[inst] req=19496960 hits=6317198 fwd=12872 rows=13178785 fwd_ms=755713.4 eval=0 prior=0
[inst] req=19505152 hits=6319989 fwd=12878 rows=13184929 fwd_ms=756046.8 eval=0 prior=0
[inst] req=19513344 hits=6322784 fwd=12883 rows=13190049 fwd_ms=756324.6 eval=0 prior=0
[inst] req=19521536 hits=6325583 fwd=12888 rows=13195169 fwd_ms=756602.4 eval=0 prior=0
[inst] req=19529728 hits=6328313 fwd=12894 rows=13201313 fwd_ms=756935.9 eval=0 prior=0
[inst] req=19537920 hits=6330954 fwd=12899 rows=13206433 fwd_ms=757213.6 eval=0 prior=0
[inst] req=19546112 hits=6333817 fwd=12904 rows=13211553 fwd_ms=757491.2 eval=0 prior=0
[inst] req=19554304 hits=6336599 fwd=12910 rows=13217697 fwd_ms=757824.5 eval=0 prior=0
[inst] req=19562496 hits=6339456 fwd=12915 rows=13222817 fwd_ms=758102.0 eval=0 prior=0
[inst] req=19570688 hits=6342221 fwd=12920 rows=13227937 fwd_ms=758379.7 eval=0 prior=0
[inst] req=19578880 hits=6345011 fwd=12925 rows=13233057 fwd_ms=758657.3 eval=0 prior=0
[inst] req=19587072 hits=6347764 fwd=12931 rows=13239201 fwd_ms=758990.0 eval=0 prior=0
[inst] req=19595264 hits=6350546 fwd=12936 rows=13244321 fwd_ms=759267.5 eval=0 prior=0
[inst] req=19603456 hits=6353464 fwd=12941 rows=13249441 fwd_ms=759545.1 eval=0 prior=0
[inst] req=19611648 hits=6356342 fwd=12946 rows=13254561 fwd_ms=759823.0 eval=0 prior=0
[inst] req=19619840 hits=6359159 fwd=12951 rows=13259681 fwd_ms=760100.5 eval=0 prior=0
[inst] req=19628032 hits=6362046 fwd=12957 rows=13265825 fwd_ms=760433.2 eval=0 prior=0
[inst] req=19636224 hits=6364791 fwd=12962 rows=13270945 fwd_ms=760710.4 eval=0 prior=0
[inst] req=19644416 hits=6367622 fwd=12967 rows=13276065 fwd_ms=760987.7 eval=0 prior=0
[inst] req=19652608 hits=6370572 fwd=12972 rows=13281185 fwd_ms=761265.0 eval=0 prior=0
[inst] req=19660800 hits=6373417 fwd=12978 rows=13287329 fwd_ms=761597.5 eval=0 prior=0
[inst] req=19668992 hits=6376199 fwd=12983 rows=13292449 fwd_ms=761874.9 eval=0 prior=0
[inst] req=19677184 hits=6378943 fwd=12988 rows=13297569 fwd_ms=762152.1 eval=0 prior=0
[inst] req=19685376 hits=6381738 fwd=12993 rows=13302689 fwd_ms=762429.4 eval=0 prior=0
[inst] req=19693568 hits=6384408 fwd=12999 rows=13308833 fwd_ms=762762.2 eval=0 prior=0
[inst] req=19701760 hits=6387147 fwd=13004 rows=13313953 fwd_ms=763039.6 eval=0 prior=0
[inst] req=19709952 hits=6389910 fwd=13009 rows=13319073 fwd_ms=763317.0 eval=0 prior=0
[inst] req=19718144 hits=6392669 fwd=13015 rows=13325217 fwd_ms=763649.6 eval=0 prior=0
[inst] req=19726336 hits=6395482 fwd=13020 rows=13330337 fwd_ms=763927.0 eval=0 prior=0
[inst] req=19734528 hits=6398320 fwd=13025 rows=13335457 fwd_ms=764204.3 eval=0 prior=0
[inst] req=19742720 hits=6401084 fwd=13031 rows=13341601 fwd_ms=764537.2 eval=0 prior=0
[inst] req=19750912 hits=6403837 fwd=13036 rows=13346721 fwd_ms=764814.7 eval=0 prior=0
[inst] req=19759104 hits=6406607 fwd=13041 rows=13351841 fwd_ms=765092.0 eval=0 prior=0
[inst] req=19767296 hits=6409399 fwd=13046 rows=13356961 fwd_ms=765369.4 eval=0 prior=0
[inst] req=19775488 hits=6412148 fwd=13052 rows=13363105 fwd_ms=765702.4 eval=0 prior=0
[inst] req=19783680 hits=6414894 fwd=13057 rows=13368225 fwd_ms=765979.7 eval=0 prior=0
[inst] req=19791872 hits=6417672 fwd=13062 rows=13373345 fwd_ms=766256.9 eval=0 prior=0
[inst] req=19800064 hits=6420498 fwd=13068 rows=13379489 fwd_ms=766589.7 eval=0 prior=0
[inst] req=19808256 hits=6423349 fwd=13073 rows=13384609 fwd_ms=766867.0 eval=0 prior=0
[inst] req=19816448 hits=6426097 fwd=13078 rows=13389729 fwd_ms=767144.4 eval=0 prior=0
[inst] req=19824640 hits=6428881 fwd=13083 rows=13394849 fwd_ms=767421.9 eval=0 prior=0
[inst] req=19832832 hits=6431934 fwd=13088 rows=13399969 fwd_ms=767699.4 eval=0 prior=0
[inst] req=19841024 hits=6434986 fwd=13093 rows=13405089 fwd_ms=767976.7 eval=0 prior=0
[inst] req=19849216 hits=6437816 fwd=13099 rows=13411233 fwd_ms=768309.7 eval=0 prior=0
[inst] req=19857408 hits=6440616 fwd=13104 rows=13416353 fwd_ms=768587.0 eval=0 prior=0
[inst] req=19865600 hits=6443468 fwd=13109 rows=13421473 fwd_ms=768864.4 eval=0 prior=0
[inst] req=19873792 hits=6446241 fwd=13114 rows=13426593 fwd_ms=769141.7 eval=0 prior=0
[inst] req=19881984 hits=6449054 fwd=13120 rows=13432737 fwd_ms=769474.4 eval=0 prior=0
[inst] req=19890176 hits=6451795 fwd=13125 rows=13437857 fwd_ms=769752.0 eval=0 prior=0
[inst] req=19898368 hits=6454557 fwd=13130 rows=13442977 fwd_ms=770029.5 eval=0 prior=0
[inst] req=19906560 hits=6457244 fwd=13136 rows=13449121 fwd_ms=770362.6 eval=0 prior=0
[inst] req=19914752 hits=6460025 fwd=13141 rows=13454241 fwd_ms=770639.9 eval=0 prior=0
[inst] req=19922944 hits=6462900 fwd=13146 rows=13459361 fwd_ms=770917.2 eval=0 prior=0
[inst] req=19931136 hits=6465718 fwd=13151 rows=13464481 fwd_ms=771194.7 eval=0 prior=0
[inst] req=19939328 hits=6468592 fwd=13157 rows=13470625 fwd_ms=771527.7 eval=0 prior=0
[inst] req=19947520 hits=6471585 fwd=13162 rows=13475745 fwd_ms=771805.2 eval=0 prior=0
[inst] req=19955712 hits=6474521 fwd=13167 rows=13480865 fwd_ms=772082.5 eval=0 prior=0
[inst] req=19963904 hits=6477352 fwd=13172 rows=13485985 fwd_ms=772359.9 eval=0 prior=0
[inst] req=19972096 hits=6480140 fwd=13177 rows=13491105 fwd_ms=772637.4 eval=0 prior=0
[inst] req=19980288 hits=6482947 fwd=13183 rows=13497249 fwd_ms=772970.3 eval=0 prior=0
[inst] req=19988480 hits=6485715 fwd=13188 rows=13502369 fwd_ms=773247.8 eval=0 prior=0
[inst] req=19996672 hits=6488425 fwd=13193 rows=13507489 fwd_ms=773525.2 eval=0 prior=0
[inst] req=20004864 hits=6491168 fwd=13199 rows=13513633 fwd_ms=773857.8 eval=0 prior=0
[inst] req=20013056 hits=6493988 fwd=13204 rows=13518753 fwd_ms=774134.9 eval=0 prior=0
[inst] req=20021248 hits=6496730 fwd=13209 rows=13523873 fwd_ms=774412.0 eval=0 prior=0
[inst] req=20029440 hits=6499636 fwd=13214 rows=13528993 fwd_ms=774689.4 eval=0 prior=0
[inst] req=20037632 hits=6502411 fwd=13220 rows=13535137 fwd_ms=775022.3 eval=0 prior=0
[inst] req=20045824 hits=6505297 fwd=13225 rows=13540257 fwd_ms=775299.8 eval=0 prior=0
[inst] req=20054016 hits=6508015 fwd=13230 rows=13545377 fwd_ms=775577.0 eval=0 prior=0
[inst] req=20062208 hits=6510846 fwd=13235 rows=13550497 fwd_ms=775854.2 eval=0 prior=0
[inst] req=20070400 hits=6513665 fwd=13241 rows=13556641 fwd_ms=776186.9 eval=0 prior=0
[inst] req=20078592 hits=6516469 fwd=13246 rows=13561761 fwd_ms=776464.4 eval=0 prior=0
[inst] req=20086784 hits=6519310 fwd=13251 rows=13566881 fwd_ms=776741.8 eval=0 prior=0
[inst] req=20094976 hits=6522116 fwd=13256 rows=13572001 fwd_ms=777019.1 eval=0 prior=0
[inst] req=20103168 hits=6525083 fwd=13261 rows=13577121 fwd_ms=777296.7 eval=0 prior=0
[inst] req=20111360 hits=6528061 fwd=13267 rows=13583265 fwd_ms=777629.6 eval=0 prior=0
[inst] req=20119552 hits=6530944 fwd=13272 rows=13588385 fwd_ms=777907.0 eval=0 prior=0
[inst] req=20127744 hits=6533794 fwd=13277 rows=13593505 fwd_ms=778184.4 eval=0 prior=0
[inst] req=20135936 hits=6536650 fwd=13282 rows=13598625 fwd_ms=778461.8 eval=0 prior=0
[inst] req=20144128 hits=6539586 fwd=13287 rows=13603745 fwd_ms=778739.2 eval=0 prior=0
[inst] req=20152320 hits=6542449 fwd=13292 rows=13608865 fwd_ms=779016.6 eval=0 prior=0
[inst] req=20160512 hits=6545207 fwd=13298 rows=13615009 fwd_ms=779349.4 eval=0 prior=0
[inst] req=20168704 hits=6547943 fwd=13303 rows=13620129 fwd_ms=779626.9 eval=0 prior=0
[inst] req=20176896 hits=6550607 fwd=13309 rows=13626273 fwd_ms=779959.9 eval=0 prior=0
[inst] req=20185088 hits=6553285 fwd=13314 rows=13631393 fwd_ms=780237.1 eval=0 prior=0
[inst] req=20193280 hits=6556045 fwd=13319 rows=13636513 fwd_ms=780514.4 eval=0 prior=0
[inst] req=20201472 hits=6558814 fwd=13325 rows=13642657 fwd_ms=780847.3 eval=0 prior=0
[inst] req=20209664 hits=6561598 fwd=13330 rows=13647777 fwd_ms=781124.7 eval=0 prior=0
[inst] req=20217856 hits=6564323 fwd=13335 rows=13652897 fwd_ms=781402.0 eval=0 prior=0
[inst] req=20226048 hits=6567140 fwd=13340 rows=13658017 fwd_ms=781679.4 eval=0 prior=0
[inst] req=20234240 hits=6569908 fwd=13346 rows=13664161 fwd_ms=782012.1 eval=0 prior=0
[inst] req=20242432 hits=6572759 fwd=13351 rows=13669281 fwd_ms=782289.4 eval=0 prior=0
[inst] req=20250624 hits=6575490 fwd=13356 rows=13674401 fwd_ms=782566.8 eval=0 prior=0
[inst] req=20258816 hits=6578429 fwd=13361 rows=13679521 fwd_ms=782844.3 eval=0 prior=0
[inst] req=20267008 hits=6581399 fwd=13366 rows=13684641 fwd_ms=783121.8 eval=0 prior=0
[inst] req=20275200 hits=6584318 fwd=13372 rows=13690785 fwd_ms=783454.8 eval=0 prior=0
[inst] req=20283392 hits=6587073 fwd=13377 rows=13695905 fwd_ms=783732.1 eval=0 prior=0
[inst] req=20291584 hits=6589962 fwd=13382 rows=13701025 fwd_ms=784009.6 eval=0 prior=0
[inst] req=20299776 hits=6592692 fwd=13387 rows=13706145 fwd_ms=784287.0 eval=0 prior=0
[inst] req=20307968 hits=6595516 fwd=13393 rows=13712287 fwd_ms=784620.0 eval=0 prior=0
[inst] req=20316160 hits=6598427 fwd=13398 rows=13717407 fwd_ms=784897.4 eval=0 prior=0
[inst] req=20324352 hits=6601167 fwd=13403 rows=13722527 fwd_ms=785174.9 eval=0 prior=0
[inst] req=20332544 hits=6603953 fwd=13408 rows=13727647 fwd_ms=785452.3 eval=0 prior=0
[inst] req=20340736 hits=6606814 fwd=13414 rows=13733791 fwd_ms=785785.3 eval=0 prior=0
[inst] req=20348928 hits=6609465 fwd=13419 rows=13738911 fwd_ms=786062.7 eval=0 prior=0
[inst] req=20357120 hits=6612308 fwd=13424 rows=13744031 fwd_ms=786340.3 eval=0 prior=0
[inst] req=20365312 hits=6615047 fwd=13430 rows=13750175 fwd_ms=786673.3 eval=0 prior=0
[inst] req=20373504 hits=6617899 fwd=13435 rows=13755295 fwd_ms=786950.8 eval=0 prior=0
[inst] req=20381696 hits=6620652 fwd=13440 rows=13760415 fwd_ms=787228.2 eval=0 prior=0
[inst] req=20389888 hits=6623550 fwd=13445 rows=13765535 fwd_ms=787505.5 eval=0 prior=0
[inst] req=20398080 hits=6626388 fwd=13451 rows=13771679 fwd_ms=787838.2 eval=0 prior=0
[inst] req=20406272 hits=6629202 fwd=13456 rows=13776799 fwd_ms=788115.5 eval=0 prior=0
[inst] req=20414464 hits=6631970 fwd=13461 rows=13781919 fwd_ms=788392.8 eval=0 prior=0
[inst] req=20422656 hits=6634795 fwd=13466 rows=13787039 fwd_ms=788670.2 eval=0 prior=0
[inst] req=20430848 hits=6637569 fwd=13472 rows=13793183 fwd_ms=789002.9 eval=0 prior=0
[inst] req=20439040 hits=6640583 fwd=13477 rows=13798303 fwd_ms=789280.4 eval=0 prior=0
[inst] req=20447232 hits=6643396 fwd=13482 rows=13803423 fwd_ms=789557.9 eval=0 prior=0
[inst] req=20455424 hits=6646151 fwd=13487 rows=13808543 fwd_ms=789835.1 eval=0 prior=0
[inst] req=20463616 hits=6648995 fwd=13492 rows=13813663 fwd_ms=790112.4 eval=0 prior=0
[inst] req=20471808 hits=6651796 fwd=13498 rows=13819807 fwd_ms=790445.6 eval=0 prior=0
[inst] req=20480000 hits=6654631 fwd=13503 rows=13824927 fwd_ms=790723.3 eval=0 prior=0
[inst] req=20488192 hits=6657506 fwd=13508 rows=13830047 fwd_ms=791001.0 eval=0 prior=0
[inst] req=20496384 hits=6660439 fwd=13513 rows=13835167 fwd_ms=791278.8 eval=0 prior=0
[inst] req=20504576 hits=6663403 fwd=13518 rows=13840287 fwd_ms=791556.5 eval=0 prior=0
[inst] req=20512768 hits=6666190 fwd=13524 rows=13846431 fwd_ms=791889.6 eval=0 prior=0
[inst] req=20520960 hits=6668978 fwd=13529 rows=13851551 fwd_ms=792167.2 eval=0 prior=0
[inst] req=20529152 hits=6671800 fwd=13534 rows=13856671 fwd_ms=792445.0 eval=0 prior=0
[inst] req=20537344 hits=6674651 fwd=13539 rows=13861791 fwd_ms=792722.9 eval=0 prior=0
[inst] req=20545536 hits=6677345 fwd=13545 rows=13867935 fwd_ms=793055.9 eval=0 prior=0
[inst] req=20553728 hits=6680164 fwd=13550 rows=13873055 fwd_ms=793333.5 eval=0 prior=0
[inst] req=20561920 hits=6683012 fwd=13555 rows=13878175 fwd_ms=793611.2 eval=0 prior=0
[inst] req=20570112 hits=6685993 fwd=13560 rows=13883295 fwd_ms=793888.7 eval=0 prior=0
[inst] req=20578304 hits=6688817 fwd=13566 rows=13889439 fwd_ms=794221.7 eval=0 prior=0
[inst] req=20586496 hits=6691591 fwd=13571 rows=13894559 fwd_ms=794499.1 eval=0 prior=0
[inst] req=20594688 hits=6694589 fwd=13576 rows=13899679 fwd_ms=794776.6 eval=0 prior=0
[inst] req=20602880 hits=6697546 fwd=13581 rows=13904799 fwd_ms=795054.0 eval=0 prior=0
[inst] req=20611072 hits=6700441 fwd=13586 rows=13909919 fwd_ms=795331.3 eval=0 prior=0
[inst] req=20619264 hits=6703205 fwd=13591 rows=13915039 fwd_ms=795656.2 eval=0 prior=0
[inst] req=20627456 hits=6706023 fwd=13597 rows=13921183 fwd_ms=796426.6 eval=0 prior=0
[inst] req=20635648 hits=6708559 fwd=13602 rows=13926303 fwd_ms=797051.6 eval=0 prior=0
[inst] req=20643840 hits=6711131 fwd=13608 rows=13932447 fwd_ms=797868.2 eval=0 prior=0
[inst] req=20652032 hits=6713787 fwd=13613 rows=13937567 fwd_ms=798480.0 eval=0 prior=0
[inst] req=20660224 hits=6716636 fwd=13618 rows=13942687 fwd_ms=799140.8 eval=0 prior=0
[inst] req=20668416 hits=6719292 fwd=13624 rows=13948831 fwd_ms=799904.9 eval=0 prior=0
[inst] req=20676608 hits=6722010 fwd=13629 rows=13953951 fwd_ms=800563.9 eval=0 prior=0
[inst] req=20684800 hits=6725027 fwd=13634 rows=13959071 fwd_ms=801281.1 eval=0 prior=0
[inst] req=20692992 hits=6728083 fwd=13639 rows=13964191 fwd_ms=801961.7 eval=0 prior=0
[inst] req=20701184 hits=6730962 fwd=13644 rows=13969311 fwd_ms=802560.3 eval=0 prior=0
[inst] req=20709376 hits=6734336 fwd=13649 rows=13974431 fwd_ms=803278.6 eval=0 prior=0
[inst] req=20717568 hits=6737703 fwd=13654 rows=13979551 fwd_ms=803931.4 eval=0 prior=0
[inst] req=20725760 hits=6741317 fwd=13658 rows=13983647 fwd_ms=804463.0 eval=0 prior=0
[inst] req=20733952 hits=6744957 fwd=13663 rows=13988767 fwd_ms=805170.1 eval=0 prior=0
[inst] req=20742144 hits=6748353 fwd=13667 rows=13992863 fwd_ms=805708.5 eval=0 prior=0
[inst] req=20750336 hits=6752024 fwd=13672 rows=13997983 fwd_ms=806374.7 eval=0 prior=0
[inst] req=20758528 hits=6755558 fwd=13676 rows=14002079 fwd_ms=806878.2 eval=0 prior=0
[inst] req=20766720 hits=6759085 fwd=13681 rows=14007199 fwd_ms=807468.9 eval=0 prior=0
[inst] req=20774912 hits=6763100 fwd=13685 rows=14011295 fwd_ms=807979.5 eval=0 prior=0
[inst] req=20783104 hits=6766515 fwd=13690 rows=14016406 fwd_ms=808822.6 eval=0 prior=0
[inst] req=20791296 hits=6769931 fwd=13694 rows=14020502 fwd_ms=809255.6 eval=0 prior=0
[inst] req=20799488 hits=6773033 fwd=13699 rows=14025622 fwd_ms=809978.3 eval=0 prior=0
[inst] req=20807680 hits=6776303 fwd=13704 rows=14030742 fwd_ms=810729.8 eval=0 prior=0
[inst] req=20815872 hits=6779939 fwd=13709 rows=14035862 fwd_ms=811344.1 eval=0 prior=0
[inst] req=20824064 hits=6783290 fwd=13713 rows=14039958 fwd_ms=811792.8 eval=0 prior=0
[inst] req=20832256 hits=6786800 fwd=13718 rows=14045078 fwd_ms=812484.8 eval=0 prior=0
[inst] req=20840448 hits=6790159 fwd=13723 rows=14050198 fwd_ms=813136.0 eval=0 prior=0
[inst] req=20848640 hits=6793606 fwd=13727 rows=14054294 fwd_ms=813618.8 eval=0 prior=0
[inst] req=20856832 hits=6796899 fwd=13732 rows=14059414 fwd_ms=813898.9 eval=0 prior=0
[inst] req=20865024 hits=6800167 fwd=13737 rows=14064534 fwd_ms=814179.1 eval=0 prior=0
[inst] req=20873216 hits=6803417 fwd=13742 rows=14069654 fwd_ms=814460.7 eval=0 prior=0
[inst] req=20881408 hits=6805860 fwd=13747 rows=14074774 fwd_ms=814752.2 eval=0 prior=0
[inst] req=20889600 hits=6806526 fwd=13755 rows=14082966 fwd_ms=815197.1 eval=0 prior=0
[inst] req=20897792 hits=6807620 fwd=13762 rows=14090134 fwd_ms=815586.6 eval=0 prior=0
[inst] req=20905984 hits=6809018 fwd=13768 rows=14096278 fwd_ms=815920.3 eval=0 prior=0
[inst] req=20914176 hits=6810678 fwd=13775 rows=14103446 fwd_ms=816309.7 eval=0 prior=0
[inst] req=20922368 hits=6812553 fwd=13781 rows=14109590 fwd_ms=816643.5 eval=0 prior=0
[inst] req=20930560 hits=6814707 fwd=13787 rows=14115734 fwd_ms=816977.3 eval=0 prior=0
[inst] req=20938752 hits=6817003 fwd=13792 rows=14120854 fwd_ms=817255.4 eval=0 prior=0
[inst] req=20946944 hits=6819423 fwd=13798 rows=14126998 fwd_ms=817589.4 eval=0 prior=0
[inst] req=20955136 hits=6821875 fwd=13804 rows=14133142 fwd_ms=817923.1 eval=0 prior=0
[inst] req=20963328 hits=6824618 fwd=13809 rows=14138262 fwd_ms=818201.4 eval=0 prior=0
[inst] req=20971520 hits=6827718 fwd=13814 rows=14143382 fwd_ms=818479.6 eval=0 prior=0
[inst] req=20979712 hits=6831024 fwd=13819 rows=14148502 fwd_ms=818757.9 eval=0 prior=0
[inst] req=20987904 hits=6834439 fwd=13823 rows=14152598 fwd_ms=818980.5 eval=0 prior=0
[inst] req=20996096 hits=6837536 fwd=13828 rows=14157718 fwd_ms=819258.7 eval=0 prior=0
[inst] req=21004288 hits=6840532 fwd=13833 rows=14162838 fwd_ms=819536.7 eval=0 prior=0
[inst] req=21012480 hits=6843413 fwd=13839 rows=14168982 fwd_ms=819870.4 eval=0 prior=0
[inst] req=21020672 hits=6846180 fwd=13844 rows=14174102 fwd_ms=820148.4 eval=0 prior=0
[inst] req=21028864 hits=6849096 fwd=13849 rows=14179222 fwd_ms=820426.5 eval=0 prior=0
[inst] req=21037056 hits=6852020 fwd=13854 rows=14184342 fwd_ms=820704.7 eval=0 prior=0
[inst] req=21045248 hits=6854930 fwd=13859 rows=14189462 fwd_ms=820982.8 eval=0 prior=0
[inst] req=21053440 hits=6857944 fwd=13864 rows=14194582 fwd_ms=821260.9 eval=0 prior=0
[inst] req=21061632 hits=6861100 fwd=13869 rows=14199702 fwd_ms=821539.1 eval=0 prior=0
[inst] req=21069824 hits=6864321 fwd=13874 rows=14204822 fwd_ms=821817.2 eval=0 prior=0
[inst] req=21078016 hits=6867498 fwd=13879 rows=14209942 fwd_ms=822095.4 eval=0 prior=0
[inst] req=21086208 hits=6870560 fwd=13884 rows=14215062 fwd_ms=822373.4 eval=0 prior=0
[inst] req=21094400 hits=6873636 fwd=13889 rows=14220182 fwd_ms=822651.4 eval=0 prior=0
[inst] req=21102592 hits=6876603 fwd=13894 rows=14225302 fwd_ms=822929.5 eval=0 prior=0
[inst] req=21110784 hits=6879401 fwd=13899 rows=14230422 fwd_ms=823207.4 eval=0 prior=0
[inst] req=21118976 hits=6882344 fwd=13905 rows=14236566 fwd_ms=823540.8 eval=0 prior=0
[inst] req=21127168 hits=6885363 fwd=13910 rows=14241686 fwd_ms=823818.9 eval=0 prior=0
[inst] req=21135360 hits=6888442 fwd=13915 rows=14246806 fwd_ms=824096.8 eval=0 prior=0
[inst] req=21143552 hits=6891709 fwd=13919 rows=14250902 fwd_ms=824319.1 eval=0 prior=0
[inst] req=21151744 hits=6894820 fwd=13924 rows=14256022 fwd_ms=824596.3 eval=0 prior=0
[inst] req=21159936 hits=6897959 fwd=13929 rows=14261142 fwd_ms=824873.8 eval=0 prior=0
[inst] req=21168128 hits=6901000 fwd=13934 rows=14266262 fwd_ms=825151.5 eval=0 prior=0
[inst] req=21176320 hits=6904072 fwd=13939 rows=14271382 fwd_ms=825429.3 eval=0 prior=0
[inst] req=21184512 hits=6907087 fwd=13944 rows=14276502 fwd_ms=825706.9 eval=0 prior=0
[inst] req=21192704 hits=6910044 fwd=13950 rows=14282646 fwd_ms=826040.3 eval=0 prior=0
[inst] req=21200896 hits=6912953 fwd=13955 rows=14287766 fwd_ms=826317.9 eval=0 prior=0
[inst] req=21209088 hits=6915912 fwd=13960 rows=14292886 fwd_ms=826595.9 eval=0 prior=0
[inst] req=21217280 hits=6918895 fwd=13965 rows=14298005 fwd_ms=826873.8 eval=0 prior=0
[inst] req=21225472 hits=6922007 fwd=13970 rows=14303125 fwd_ms=827151.5 eval=0 prior=0
[inst] req=21233664 hits=6925199 fwd=13975 rows=14308245 fwd_ms=827429.3 eval=0 prior=0
[inst] req=21241856 hits=6928299 fwd=13980 rows=14313365 fwd_ms=827706.8 eval=0 prior=0
[inst] req=21250048 hits=6931191 fwd=13985 rows=14318485 fwd_ms=827983.9 eval=0 prior=0
[inst] req=21258240 hits=6934249 fwd=13990 rows=14323605 fwd_ms=828261.6 eval=0 prior=0
[inst] req=21266432 hits=6937158 fwd=13995 rows=14328725 fwd_ms=828539.0 eval=0 prior=0
[inst] req=21274624 hits=6940129 fwd=14000 rows=14333845 fwd_ms=828816.7 eval=0 prior=0
[inst] req=21282816 hits=6943084 fwd=14005 rows=14338965 fwd_ms=829094.5 eval=0 prior=0
[inst] req=21291008 hits=6946038 fwd=14010 rows=14344085 fwd_ms=829372.4 eval=0 prior=0
[inst] req=21299200 hits=6949092 fwd=14015 rows=14349205 fwd_ms=829650.3 eval=0 prior=0
[inst] req=21307392 hits=6952112 fwd=14020 rows=14354325 fwd_ms=829928.4 eval=0 prior=0
[inst] req=21315584 hits=6955104 fwd=14026 rows=14360469 fwd_ms=830262.0 eval=0 prior=0
[inst] req=21323776 hits=6958187 fwd=14030 rows=14364565 fwd_ms=830484.4 eval=0 prior=0
[inst] req=21331968 hits=6961298 fwd=14035 rows=14369685 fwd_ms=830762.5 eval=0 prior=0
[inst] req=21340160 hits=6964294 fwd=14041 rows=14375829 fwd_ms=831096.3 eval=0 prior=0
[inst] req=21348352 hits=6967310 fwd=14046 rows=14380949 fwd_ms=831374.3 eval=0 prior=0
[inst] req=21356544 hits=6970297 fwd=14051 rows=14386069 fwd_ms=831652.4 eval=0 prior=0
[inst] req=21364736 hits=6973448 fwd=14056 rows=14391189 fwd_ms=831930.6 eval=0 prior=0
[inst] req=21372928 hits=6976528 fwd=14061 rows=14396309 fwd_ms=832208.7 eval=0 prior=0
[inst] req=21381120 hits=6979687 fwd=14066 rows=14401429 fwd_ms=832486.8 eval=0 prior=0
[inst] req=21389312 hits=6982669 fwd=14071 rows=14406549 fwd_ms=832764.9 eval=0 prior=0
[inst] req=21397504 hits=6985711 fwd=14076 rows=14411669 fwd_ms=833043.1 eval=0 prior=0
[inst] req=21405696 hits=6988748 fwd=14081 rows=14416789 fwd_ms=833321.1 eval=0 prior=0
[inst] req=21413888 hits=6991818 fwd=14086 rows=14421909 fwd_ms=833599.1 eval=0 prior=0
[inst] req=21422080 hits=6994754 fwd=14091 rows=14427029 fwd_ms=833877.2 eval=0 prior=0
[inst] req=21430272 hits=6997753 fwd=14096 rows=14432149 fwd_ms=834155.3 eval=0 prior=0
[inst] req=21438464 hits=7000712 fwd=14101 rows=14437269 fwd_ms=834433.4 eval=0 prior=0
[inst] req=21446656 hits=7003672 fwd=14106 rows=14442389 fwd_ms=834711.5 eval=0 prior=0
[inst] req=21454848 hits=7006672 fwd=14111 rows=14447509 fwd_ms=834989.8 eval=0 prior=0
[inst] req=21463040 hits=7009698 fwd=14116 rows=14452629 fwd_ms=835267.9 eval=0 prior=0
[inst] req=21471232 hits=7012754 fwd=14121 rows=14457749 fwd_ms=835545.9 eval=0 prior=0
[inst] req=21479424 hits=7015866 fwd=14126 rows=14462869 fwd_ms=835823.9 eval=0 prior=0
[inst] req=21487616 hits=7018942 fwd=14131 rows=14467989 fwd_ms=836102.1 eval=0 prior=0
[inst] req=21495808 hits=7022068 fwd=14136 rows=14473109 fwd_ms=836380.2 eval=0 prior=0
[inst] req=21504000 hits=7025188 fwd=14141 rows=14478229 fwd_ms=836658.2 eval=0 prior=0
[inst] req=21512192 hits=7028176 fwd=14146 rows=14483349 fwd_ms=836936.4 eval=0 prior=0
[inst] req=21520384 hits=7031292 fwd=14151 rows=14488469 fwd_ms=837214.6 eval=0 prior=0
[inst] req=21528576 hits=7034432 fwd=14156 rows=14493589 fwd_ms=837492.8 eval=0 prior=0
[inst] req=21536768 hits=7037449 fwd=14161 rows=14498709 fwd_ms=837770.9 eval=0 prior=0
[inst] req=21544960 hits=7040530 fwd=14166 rows=14503828 fwd_ms=838048.7 eval=0 prior=0
[inst] req=21553152 hits=7043571 fwd=14171 rows=14508948 fwd_ms=838325.4 eval=0 prior=0
[inst] req=21561344 hits=7046629 fwd=14176 rows=14514068 fwd_ms=838602.3 eval=0 prior=0
[inst] req=21569536 hits=7049679 fwd=14181 rows=14519188 fwd_ms=838879.3 eval=0 prior=0
[inst] req=21577728 hits=7052753 fwd=14186 rows=14524308 fwd_ms=839156.4 eval=0 prior=0
[inst] req=21585920 hits=7055736 fwd=14191 rows=14529428 fwd_ms=839433.6 eval=0 prior=0
[inst] req=21594112 hits=7058786 fwd=14196 rows=14534548 fwd_ms=839710.6 eval=0 prior=0
[inst] req=21602304 hits=7061832 fwd=14201 rows=14539668 fwd_ms=839987.7 eval=0 prior=0
[inst] req=21610496 hits=7064823 fwd=14206 rows=14544788 fwd_ms=840265.0 eval=0 prior=0
[inst] req=21618688 hits=7067888 fwd=14211 rows=14549908 fwd_ms=840541.9 eval=0 prior=0
[inst] req=21626880 hits=7070834 fwd=14216 rows=14555028 fwd_ms=840818.9 eval=0 prior=0
[inst] req=21635072 hits=7073939 fwd=14221 rows=14560148 fwd_ms=841095.8 eval=0 prior=0
[inst] req=21643264 hits=7076995 fwd=14226 rows=14565268 fwd_ms=841372.8 eval=0 prior=0
[inst] req=21651456 hits=7080077 fwd=14231 rows=14570388 fwd_ms=841649.7 eval=0 prior=0
[inst] req=21659648 hits=7083286 fwd=14236 rows=14575508 fwd_ms=841926.8 eval=0 prior=0
[inst] req=21667840 hits=7086375 fwd=14241 rows=14580628 fwd_ms=842203.9 eval=0 prior=0
[inst] req=21676032 hits=7089441 fwd=14246 rows=14585748 fwd_ms=842480.8 eval=0 prior=0
[inst] req=21684224 hits=7092537 fwd=14251 rows=14590868 fwd_ms=842757.9 eval=0 prior=0
[inst] req=21692416 hits=7095665 fwd=14256 rows=14595988 fwd_ms=843034.9 eval=0 prior=0
[inst] req=21700608 hits=7098756 fwd=14261 rows=14601108 fwd_ms=843311.8 eval=0 prior=0
[inst] req=21708800 hits=7101628 fwd=14266 rows=14606228 fwd_ms=843588.8 eval=0 prior=0
[inst] req=21716992 hits=7104765 fwd=14271 rows=14611348 fwd_ms=843865.8 eval=0 prior=0
[inst] req=21725184 hits=7107973 fwd=14276 rows=14616468 fwd_ms=844142.7 eval=0 prior=0
[inst] req=21733376 hits=7111222 fwd=14281 rows=14621588 fwd_ms=844419.7 eval=0 prior=0
[inst] req=21741568 hits=7114316 fwd=14286 rows=14626708 fwd_ms=844696.6 eval=0 prior=0
[inst] req=21749760 hits=7117409 fwd=14291 rows=14631828 fwd_ms=844973.7 eval=0 prior=0
[inst] req=21757952 hits=7120528 fwd=14296 rows=14636948 fwd_ms=845250.5 eval=0 prior=0
[inst] req=21766144 hits=7123571 fwd=14301 rows=14642068 fwd_ms=845527.4 eval=0 prior=0
[inst] req=21774336 hits=7126661 fwd=14306 rows=14647188 fwd_ms=845804.4 eval=0 prior=0
[inst] req=21782528 hits=7129705 fwd=14311 rows=14652308 fwd_ms=846081.4 eval=0 prior=0
[inst] req=21790720 hits=7132670 fwd=14316 rows=14657428 fwd_ms=846358.4 eval=0 prior=0
[inst] req=21798912 hits=7135917 fwd=14321 rows=14662548 fwd_ms=846635.3 eval=0 prior=0
[inst] req=21807104 hits=7139050 fwd=14326 rows=14667668 fwd_ms=846912.2 eval=0 prior=0
[inst] req=21815296 hits=7142358 fwd=14331 rows=14672788 fwd_ms=847189.3 eval=0 prior=0
[inst] req=21823488 hits=7145481 fwd=14336 rows=14677908 fwd_ms=847466.3 eval=0 prior=0
[inst] req=21831680 hits=7148529 fwd=14341 rows=14683028 fwd_ms=847743.4 eval=0 prior=0
[inst] req=21839872 hits=7151539 fwd=14346 rows=14688148 fwd_ms=848020.5 eval=0 prior=0
[inst] req=21848064 hits=7154405 fwd=14351 rows=14693268 fwd_ms=848297.4 eval=0 prior=0
[inst] req=21856256 hits=7157558 fwd=14356 rows=14698388 fwd_ms=848574.9 eval=0 prior=0
[inst] req=21864448 hits=7160561 fwd=14361 rows=14703508 fwd_ms=848852.0 eval=0 prior=0
[inst] req=21872640 hits=7163788 fwd=14366 rows=14708628 fwd_ms=849129.3 eval=0 prior=0
[inst] req=21880832 hits=7166884 fwd=14371 rows=14713748 fwd_ms=849406.1 eval=0 prior=0
[inst] req=21889024 hits=7169898 fwd=14376 rows=14718868 fwd_ms=849683.2 eval=0 prior=0
[inst] req=21897216 hits=7173032 fwd=14381 rows=14723988 fwd_ms=849960.2 eval=0 prior=0
[inst] req=21905408 hits=7176080 fwd=14386 rows=14729108 fwd_ms=850237.0 eval=0 prior=0
[inst] req=21913600 hits=7179302 fwd=14391 rows=14734228 fwd_ms=850514.0 eval=0 prior=0
[inst] req=21921792 hits=7182363 fwd=14396 rows=14739348 fwd_ms=850791.3 eval=0 prior=0
[inst] req=21929984 hits=7185497 fwd=14401 rows=14744468 fwd_ms=851068.2 eval=0 prior=0
[inst] req=21938176 hits=7188630 fwd=14405 rows=14748564 fwd_ms=851289.8 eval=0 prior=0
[inst] req=21946368 hits=7191661 fwd=14410 rows=14753684 fwd_ms=851566.8 eval=0 prior=0
[inst] req=21954560 hits=7194670 fwd=14416 rows=14759828 fwd_ms=851899.4 eval=0 prior=0
[inst] req=21962752 hits=7197772 fwd=14421 rows=14764948 fwd_ms=852176.5 eval=0 prior=0
[inst] req=21970944 hits=7201029 fwd=14425 rows=14769044 fwd_ms=852398.2 eval=0 prior=0
[inst] req=21979136 hits=7204195 fwd=14430 rows=14774164 fwd_ms=852675.4 eval=0 prior=0
[inst] req=21987328 hits=7207228 fwd=14435 rows=14779284 fwd_ms=852952.3 eval=0 prior=0
[inst] req=21995520 hits=7210281 fwd=14440 rows=14784404 fwd_ms=853229.2 eval=0 prior=0
[inst] req=22003712 hits=7213484 fwd=14445 rows=14789524 fwd_ms=853506.0 eval=0 prior=0
[inst] req=22011904 hits=7216713 fwd=14450 rows=14794644 fwd_ms=853783.0 eval=0 prior=0
[inst] req=22020096 hits=7219767 fwd=14455 rows=14799764 fwd_ms=854060.2 eval=0 prior=0
[inst] req=22028288 hits=7222892 fwd=14460 rows=14804884 fwd_ms=854337.1 eval=0 prior=0
[inst] req=22036480 hits=7225898 fwd=14465 rows=14810004 fwd_ms=854614.0 eval=0 prior=0
[inst] req=22044672 hits=7228900 fwd=14470 rows=14815124 fwd_ms=854890.9 eval=0 prior=0
[inst] req=22052864 hits=7231880 fwd=14475 rows=14820244 fwd_ms=855168.0 eval=0 prior=0
[inst] req=22061056 hits=7234878 fwd=14480 rows=14825364 fwd_ms=855444.7 eval=0 prior=0
[inst] req=22069248 hits=7238239 fwd=14485 rows=14830484 fwd_ms=855721.7 eval=0 prior=0
[inst] req=22077440 hits=7241438 fwd=14490 rows=14835604 fwd_ms=855998.6 eval=0 prior=0
[inst] req=22085632 hits=7244510 fwd=14495 rows=14840724 fwd_ms=856275.5 eval=0 prior=0
[inst] req=22093824 hits=7247456 fwd=14500 rows=14845844 fwd_ms=856552.5 eval=0 prior=0
[inst] req=22102016 hits=7250532 fwd=14505 rows=14850964 fwd_ms=856829.4 eval=0 prior=0
[inst] req=22110208 hits=7253671 fwd=14510 rows=14856084 fwd_ms=857106.5 eval=0 prior=0
[inst] req=22118400 hits=7256706 fwd=14515 rows=14861204 fwd_ms=857383.5 eval=0 prior=0
[inst] req=22126592 hits=7259687 fwd=14520 rows=14866324 fwd_ms=857660.4 eval=0 prior=0
[inst] req=22134784 hits=7262717 fwd=14525 rows=14871444 fwd_ms=857937.3 eval=0 prior=0
[inst] req=22142976 hits=7265856 fwd=14530 rows=14876564 fwd_ms=858214.2 eval=0 prior=0
[inst] req=22151168 hits=7269104 fwd=14535 rows=14881684 fwd_ms=858491.1 eval=0 prior=0
[inst] req=22159360 hits=7272290 fwd=14540 rows=14886804 fwd_ms=858768.3 eval=0 prior=0
[inst] req=22167552 hits=7275433 fwd=14545 rows=14891924 fwd_ms=859045.2 eval=0 prior=0
[inst] req=22175744 hits=7278456 fwd=14550 rows=14897044 fwd_ms=859322.0 eval=0 prior=0
[inst] req=22183936 hits=7281680 fwd=14555 rows=14902164 fwd_ms=859598.9 eval=0 prior=0
[inst] req=22192128 hits=7284685 fwd=14560 rows=14907284 fwd_ms=859875.9 eval=0 prior=0
[inst] req=22200320 hits=7287747 fwd=14565 rows=14912404 fwd_ms=860153.1 eval=0 prior=0
[inst] req=22208512 hits=7290718 fwd=14570 rows=14917524 fwd_ms=860430.0 eval=0 prior=0
[inst] req=22216704 hits=7293910 fwd=14575 rows=14922644 fwd_ms=860707.0 eval=0 prior=0
[inst] req=22224896 hits=7297101 fwd=14580 rows=14927764 fwd_ms=860983.9 eval=0 prior=0
[inst] req=22233088 hits=7300169 fwd=14585 rows=14932884 fwd_ms=861260.9 eval=0 prior=0
[inst] req=22241280 hits=7303405 fwd=14589 rows=14936980 fwd_ms=861482.4 eval=0 prior=0
[inst] req=22249472 hits=7306502 fwd=14594 rows=14942100 fwd_ms=861759.3 eval=0 prior=0
[inst] req=22257664 hits=7309547 fwd=14599 rows=14947220 fwd_ms=862036.1 eval=0 prior=0
[inst] req=22265856 hits=7312591 fwd=14604 rows=14952340 fwd_ms=862313.1 eval=0 prior=0
[inst] req=22274048 hits=7315612 fwd=14609 rows=14957460 fwd_ms=862590.0 eval=0 prior=0
[inst] req=22282240 hits=7318756 fwd=14614 rows=14962580 fwd_ms=862866.8 eval=0 prior=0
[inst] req=22290432 hits=7321876 fwd=14619 rows=14967700 fwd_ms=863143.7 eval=0 prior=0
[inst] req=22298624 hits=7324971 fwd=14624 rows=14972820 fwd_ms=863420.7 eval=0 prior=0
[inst] req=22306816 hits=7328154 fwd=14629 rows=14977940 fwd_ms=863697.6 eval=0 prior=0
[inst] req=22315008 hits=7331345 fwd=14634 rows=14983060 fwd_ms=863974.6 eval=0 prior=0
[inst] req=22323200 hits=7334496 fwd=14639 rows=14988180 fwd_ms=864251.5 eval=0 prior=0
[inst] req=22331392 hits=7337680 fwd=14644 rows=14993300 fwd_ms=864528.4 eval=0 prior=0
[inst] req=22339584 hits=7340764 fwd=14649 rows=14998420 fwd_ms=864805.2 eval=0 prior=0
[inst] req=22347776 hits=7344079 fwd=14654 rows=15003540 fwd_ms=865082.1 eval=0 prior=0
[inst] req=22355968 hits=7347138 fwd=14659 rows=15008660 fwd_ms=865358.9 eval=0 prior=0
[inst] req=22364160 hits=7350134 fwd=14664 rows=15013780 fwd_ms=865635.7 eval=0 prior=0
[inst] req=22372352 hits=7353089 fwd=14669 rows=15018900 fwd_ms=865912.6 eval=0 prior=0
[inst] req=22380544 hits=7356213 fwd=14674 rows=15024020 fwd_ms=866189.4 eval=0 prior=0
[inst] req=22388736 hits=7359341 fwd=14679 rows=15029140 fwd_ms=866466.2 eval=0 prior=0
[inst] req=22396928 hits=7362583 fwd=14684 rows=15034260 fwd_ms=866742.9 eval=0 prior=0
[inst] req=22405120 hits=7365620 fwd=14689 rows=15039380 fwd_ms=867019.8 eval=0 prior=0
[inst] req=22413312 hits=7368685 fwd=14694 rows=15044500 fwd_ms=867296.6 eval=0 prior=0
[inst] req=22421504 hits=7371696 fwd=14699 rows=15049620 fwd_ms=867573.4 eval=0 prior=0
[inst] req=22429696 hits=7374838 fwd=14704 rows=15054740 fwd_ms=867850.3 eval=0 prior=0
[inst] req=22437888 hits=7377947 fwd=14709 rows=15059860 fwd_ms=868127.3 eval=0 prior=0
[inst] req=22446080 hits=7381092 fwd=14714 rows=15064980 fwd_ms=868404.3 eval=0 prior=0
[inst] req=22454272 hits=7384100 fwd=14719 rows=15070100 fwd_ms=868681.2 eval=0 prior=0
[inst] req=22462464 hits=7387040 fwd=14724 rows=15075220 fwd_ms=868958.1 eval=0 prior=0
[inst] req=22470656 hits=7390099 fwd=14729 rows=15080340 fwd_ms=869235.0 eval=0 prior=0
[inst] req=22478848 hits=7393278 fwd=14734 rows=15085460 fwd_ms=869511.8 eval=0 prior=0
[inst] req=22487040 hits=7396341 fwd=14739 rows=15090580 fwd_ms=869788.6 eval=0 prior=0
[inst] req=22495232 hits=7399439 fwd=14744 rows=15095700 fwd_ms=870065.6 eval=0 prior=0
[inst] req=22503424 hits=7402616 fwd=14748 rows=15099796 fwd_ms=870287.0 eval=0 prior=0
[inst] req=22511616 hits=7405849 fwd=14753 rows=15104916 fwd_ms=870563.8 eval=0 prior=0
[inst] req=22519808 hits=7408889 fwd=14758 rows=15110036 fwd_ms=870840.6 eval=0 prior=0
[inst] req=22528000 hits=7412062 fwd=14763 rows=15115156 fwd_ms=871117.4 eval=0 prior=0
[inst] req=22536192 hits=7415016 fwd=14768 rows=15120276 fwd_ms=871394.3 eval=0 prior=0
[inst] req=22544384 hits=7418160 fwd=14773 rows=15125396 fwd_ms=871671.2 eval=0 prior=0
[inst] req=22552576 hits=7421358 fwd=14778 rows=15130516 fwd_ms=871948.1 eval=0 prior=0
[inst] req=22560768 hits=7424512 fwd=14783 rows=15135636 fwd_ms=872224.9 eval=0 prior=0
[inst] req=22568960 hits=7427530 fwd=14788 rows=15140756 fwd_ms=872501.8 eval=0 prior=0
[inst] req=22577152 hits=7430598 fwd=14793 rows=15145876 fwd_ms=872778.6 eval=0 prior=0
[inst] req=22585344 hits=7433784 fwd=14798 rows=15150996 fwd_ms=873055.5 eval=0 prior=0
[inst] req=22593536 hits=7436894 fwd=14803 rows=15156116 fwd_ms=873332.4 eval=0 prior=0
[inst] req=22601728 hits=7439969 fwd=14808 rows=15161236 fwd_ms=873609.2 eval=0 prior=0
[inst] req=22609920 hits=7443269 fwd=14813 rows=15166356 fwd_ms=873886.1 eval=0 prior=0
[inst] req=22618112 hits=7446323 fwd=14818 rows=15171476 fwd_ms=874162.9 eval=0 prior=0
[inst] req=22626304 hits=7449485 fwd=14823 rows=15176596 fwd_ms=874439.8 eval=0 prior=0
[inst] req=22634496 hits=7452417 fwd=14828 rows=15181716 fwd_ms=874716.5 eval=0 prior=0
[inst] req=22642688 hits=7455534 fwd=14833 rows=15186836 fwd_ms=874993.2 eval=0 prior=0
[inst] req=22650880 hits=7458648 fwd=14838 rows=15191955 fwd_ms=875270.3 eval=0 prior=0
[inst] req=22659072 hits=7461926 fwd=14843 rows=15197075 fwd_ms=875547.2 eval=0 prior=0
[inst] req=22667264 hits=7464984 fwd=14848 rows=15202195 fwd_ms=875824.1 eval=0 prior=0
[inst] req=22675456 hits=7468142 fwd=14852 rows=15206291 fwd_ms=876045.5 eval=0 prior=0
[inst] req=22683648 hits=7471440 fwd=14857 rows=15211411 fwd_ms=876322.2 eval=0 prior=0
[inst] req=22691840 hits=7474550 fwd=14862 rows=15216531 fwd_ms=876599.1 eval=0 prior=0
[inst] req=22700032 hits=7477744 fwd=14867 rows=15221651 fwd_ms=876875.8 eval=0 prior=0
[inst] req=22708224 hits=7480956 fwd=14872 rows=15226771 fwd_ms=877152.6 eval=0 prior=0
[inst] req=22716416 hits=7484020 fwd=14877 rows=15231891 fwd_ms=877429.3 eval=0 prior=0
[inst] req=22724608 hits=7487047 fwd=14882 rows=15237011 fwd_ms=877706.2 eval=0 prior=0
[inst] req=22732800 hits=7490141 fwd=14887 rows=15242131 fwd_ms=877982.8 eval=0 prior=0
[inst] req=22740992 hits=7493138 fwd=14892 rows=15247251 fwd_ms=878259.5 eval=0 prior=0
[inst] req=22749184 hits=7496325 fwd=14897 rows=15252371 fwd_ms=878536.3 eval=0 prior=0
[inst] req=22757376 hits=7499540 fwd=14902 rows=15257491 fwd_ms=878813.0 eval=0 prior=0
[inst] req=22765568 hits=7502668 fwd=14907 rows=15262611 fwd_ms=879089.8 eval=0 prior=0
[inst] req=22773760 hits=7505752 fwd=14912 rows=15267731 fwd_ms=879366.7 eval=0 prior=0
[inst] req=22781952 hits=7508976 fwd=14917 rows=15272851 fwd_ms=879643.4 eval=0 prior=0
[inst] req=22790144 hits=7511958 fwd=14922 rows=15277971 fwd_ms=879920.3 eval=0 prior=0
[inst] req=22798336 hits=7515231 fwd=14927 rows=15283091 fwd_ms=880197.2 eval=0 prior=0
[inst] req=22806528 hits=7518318 fwd=14931 rows=15287187 fwd_ms=880418.7 eval=0 prior=0
[inst] req=22814720 hits=7521334 fwd=14937 rows=15293331 fwd_ms=880750.9 eval=0 prior=0
[inst] req=22822912 hits=7524465 fwd=14941 rows=15297427 fwd_ms=880972.4 eval=0 prior=0
[inst] req=22831104 hits=7527517 fwd=14947 rows=15303571 fwd_ms=881304.5 eval=0 prior=0
[inst] req=22839296 hits=7530856 fwd=14951 rows=15307667 fwd_ms=881525.9 eval=0 prior=0
[inst] req=22847488 hits=7534070 fwd=14956 rows=15312787 fwd_ms=881802.8 eval=0 prior=0
[inst] req=22855680 hits=7537229 fwd=14961 rows=15317907 fwd_ms=882079.6 eval=0 prior=0
[inst] req=22863872 hits=7540352 fwd=14966 rows=15323027 fwd_ms=882356.5 eval=0 prior=0
[inst] req=22872064 hits=7543385 fwd=14971 rows=15328147 fwd_ms=882633.2 eval=0 prior=0
[inst] req=22880256 hits=7546689 fwd=14976 rows=15333267 fwd_ms=882910.1 eval=0 prior=0
[inst] req=22888448 hits=7549841 fwd=14981 rows=15338387 fwd_ms=883187.0 eval=0 prior=0
[inst] req=22896640 hits=7553072 fwd=14986 rows=15343507 fwd_ms=883463.9 eval=0 prior=0
[inst] req=22904832 hits=7556301 fwd=14990 rows=15347603 fwd_ms=883685.4 eval=0 prior=0
[inst] req=22913024 hits=7559291 fwd=14995 rows=15352723 fwd_ms=883962.2 eval=0 prior=0
[inst] req=22921216 hits=7562320 fwd=15001 rows=15358867 fwd_ms=884294.6 eval=0 prior=0
[inst] req=22929408 hits=7565667 fwd=15005 rows=15362963 fwd_ms=884516.1 eval=0 prior=0
[inst] req=22937600 hits=7568827 fwd=15010 rows=15368083 fwd_ms=884793.0 eval=0 prior=0
[inst] req=22945792 hits=7572112 fwd=15015 rows=15373203 fwd_ms=885069.9 eval=0 prior=0
[inst] req=22953984 hits=7575092 fwd=15020 rows=15378323 fwd_ms=885346.9 eval=0 prior=0
[inst] req=22962176 hits=7578058 fwd=15025 rows=15383443 fwd_ms=885624.2 eval=0 prior=0
[inst] req=22970368 hits=7581119 fwd=15030 rows=15388563 fwd_ms=885901.0 eval=0 prior=0
[inst] req=22978560 hits=7584154 fwd=15035 rows=15393683 fwd_ms=886178.1 eval=0 prior=0
[inst] req=22986752 hits=7587338 fwd=15040 rows=15398803 fwd_ms=886455.1 eval=0 prior=0
[inst] req=22994944 hits=7590568 fwd=15045 rows=15403923 fwd_ms=886732.2 eval=0 prior=0
[inst] req=23003136 hits=7593934 fwd=15050 rows=15409043 fwd_ms=887009.0 eval=0 prior=0
[inst] req=23011328 hits=7597122 fwd=15055 rows=15414163 fwd_ms=887285.7 eval=0 prior=0
[inst] req=23019520 hits=7600221 fwd=15060 rows=15419283 fwd_ms=887562.7 eval=0 prior=0
[inst] req=23027712 hits=7603271 fwd=15065 rows=15424403 fwd_ms=887839.6 eval=0 prior=0
[inst] req=23035904 hits=7606406 fwd=15069 rows=15428499 fwd_ms=888060.9 eval=0 prior=0
[inst] req=23044096 hits=7609565 fwd=15074 rows=15433619 fwd_ms=888337.7 eval=0 prior=0
[inst] req=23052288 hits=7612750 fwd=15079 rows=15438739 fwd_ms=888614.5 eval=0 prior=0
[inst] req=23060480 hits=7615798 fwd=15084 rows=15443859 fwd_ms=888891.3 eval=0 prior=0
[inst] req=23068672 hits=7618918 fwd=15089 rows=15448979 fwd_ms=889168.1 eval=0 prior=0
[inst] req=23076864 hits=7622120 fwd=15094 rows=15454099 fwd_ms=889444.8 eval=0 prior=0
[inst] req=23085056 hits=7625368 fwd=15099 rows=15459219 fwd_ms=889721.7 eval=0 prior=0
[inst] req=23093248 hits=7628616 fwd=15104 rows=15464339 fwd_ms=889998.5 eval=0 prior=0
[inst] req=23101440 hits=7631745 fwd=15109 rows=15469459 fwd_ms=890275.2 eval=0 prior=0
[inst] req=23109632 hits=7634745 fwd=15114 rows=15474579 fwd_ms=890552.0 eval=0 prior=0
[inst] req=23117824 hits=7638024 fwd=15119 rows=15479699 fwd_ms=890828.9 eval=0 prior=0
[inst] req=23126016 hits=7641198 fwd=15123 rows=15483795 fwd_ms=891050.4 eval=0 prior=0
[inst] req=23134208 hits=7644228 fwd=15129 rows=15489939 fwd_ms=891382.5 eval=0 prior=0
[inst] req=23142400 hits=7647309 fwd=15134 rows=15495059 fwd_ms=891659.2 eval=0 prior=0
[inst] req=23150592 hits=7650562 fwd=15138 rows=15499155 fwd_ms=891880.7 eval=0 prior=0
[inst] req=23158784 hits=7653904 fwd=15143 rows=15504275 fwd_ms=892157.5 eval=0 prior=0
[inst] req=23166976 hits=7657170 fwd=15148 rows=15509395 fwd_ms=892434.3 eval=0 prior=0
[inst] req=23175168 hits=7660415 fwd=15153 rows=15514515 fwd_ms=892711.3 eval=0 prior=0
[inst] req=23183360 hits=7663631 fwd=15158 rows=15519635 fwd_ms=892988.1 eval=0 prior=0
[inst] req=23191552 hits=7666771 fwd=15163 rows=15524755 fwd_ms=893265.1 eval=0 prior=0
[inst] req=23199744 hits=7669815 fwd=15168 rows=15529875 fwd_ms=893541.9 eval=0 prior=0
[inst] req=23207936 hits=7672926 fwd=15173 rows=15534995 fwd_ms=893818.7 eval=0 prior=0
[inst] req=23216128 hits=7676061 fwd=15177 rows=15539091 fwd_ms=894040.1 eval=0 prior=0
[inst] req=23224320 hits=7679165 fwd=15182 rows=15544211 fwd_ms=894317.1 eval=0 prior=0
[inst] req=23232512 hits=7682386 fwd=15187 rows=15549331 fwd_ms=894593.8 eval=0 prior=0
[inst] req=23240704 hits=7685553 fwd=15192 rows=15554451 fwd_ms=894870.5 eval=0 prior=0
[inst] req=23248896 hits=7688841 fwd=15197 rows=15559571 fwd_ms=895147.3 eval=0 prior=0
[inst] req=23257088 hits=7692098 fwd=15202 rows=15564691 fwd_ms=895423.9 eval=0 prior=0
[inst] req=23265280 hits=7695146 fwd=15207 rows=15569811 fwd_ms=895700.7 eval=0 prior=0
[inst] req=23273472 hits=7698309 fwd=15212 rows=15574931 fwd_ms=895977.4 eval=0 prior=0
[inst] req=23281664 hits=7701567 fwd=15217 rows=15580051 fwd_ms=896254.2 eval=0 prior=0
[inst] req=23289856 hits=7704649 fwd=15222 rows=15585171 fwd_ms=896530.9 eval=0 prior=0
[inst] req=23298048 hits=7707725 fwd=15227 rows=15590291 fwd_ms=896807.6 eval=0 prior=0
[inst] req=23306240 hits=7710857 fwd=15231 rows=15594387 fwd_ms=897029.1 eval=0 prior=0
[inst] req=23314432 hits=7714114 fwd=15236 rows=15599507 fwd_ms=897305.8 eval=0 prior=0
[inst] req=23322624 hits=7717439 fwd=15241 rows=15604627 fwd_ms=897582.5 eval=0 prior=0
[inst] req=23330816 hits=7720687 fwd=15246 rows=15609747 fwd_ms=897859.4 eval=0 prior=0
[inst] req=23339008 hits=7724011 fwd=15251 rows=15614867 fwd_ms=898136.3 eval=0 prior=0
[inst] req=23347200 hits=7727187 fwd=15256 rows=15619979 fwd_ms=898413.0 eval=0 prior=0
[inst] req=23355392 hits=7730269 fwd=15261 rows=15625099 fwd_ms=898689.9 eval=0 prior=0
[inst] req=23363584 hits=7733286 fwd=15266 rows=15630219 fwd_ms=898967.0 eval=0 prior=0
[inst] req=23371776 hits=7736364 fwd=15271 rows=15635339 fwd_ms=899243.8 eval=0 prior=0
[inst] req=23379968 hits=7739481 fwd=15276 rows=15640459 fwd_ms=899520.8 eval=0 prior=0
[inst] req=23388160 hits=7742814 fwd=15280 rows=15644555 fwd_ms=899742.4 eval=0 prior=0
[inst] req=23396352 hits=7745990 fwd=15285 rows=15649675 fwd_ms=900019.2 eval=0 prior=0
[inst] req=23404544 hits=7749266 fwd=15290 rows=15654795 fwd_ms=900296.0 eval=0 prior=0
[inst] req=23412736 hits=7752556 fwd=15295 rows=15659915 fwd_ms=900573.0 eval=0 prior=0
[inst] req=23420928 hits=7755794 fwd=15300 rows=15665035 fwd_ms=900849.7 eval=0 prior=0
[inst] req=23429120 hits=7758930 fwd=15305 rows=15670155 fwd_ms=901126.5 eval=0 prior=0
[inst] req=23437312 hits=7762083 fwd=15309 rows=15674251 fwd_ms=901348.0 eval=0 prior=0
[inst] req=23445504 hits=7765277 fwd=15314 rows=15679371 fwd_ms=901624.8 eval=0 prior=0
[inst] req=23453696 hits=7768446 fwd=15319 rows=15684491 fwd_ms=901901.7 eval=0 prior=0
[inst] req=23461888 hits=7771737 fwd=15324 rows=15689610 fwd_ms=902178.7 eval=0 prior=0
[inst] req=23470080 hits=7774926 fwd=15329 rows=15694730 fwd_ms=902455.6 eval=0 prior=0
[inst] req=23478272 hits=7778197 fwd=15334 rows=15699850 fwd_ms=902732.3 eval=0 prior=0
[inst] req=23486464 hits=7781525 fwd=15338 rows=15703946 fwd_ms=902953.9 eval=0 prior=0
[inst] req=23494656 hits=7784752 fwd=15343 rows=15709066 fwd_ms=903230.7 eval=0 prior=0
[inst] req=23502848 hits=7787937 fwd=15348 rows=15714186 fwd_ms=903507.4 eval=0 prior=0
[inst] req=23511040 hits=7791054 fwd=15353 rows=15719306 fwd_ms=903784.4 eval=0 prior=0
[inst] req=23519232 hits=7794163 fwd=15358 rows=15724426 fwd_ms=904061.3 eval=0 prior=0
[inst] req=23527424 hits=7797369 fwd=15363 rows=15729546 fwd_ms=904338.1 eval=0 prior=0
[inst] req=23535616 hits=7800625 fwd=15368 rows=15734666 fwd_ms=904615.1 eval=0 prior=0
[inst] req=23543808 hits=7803704 fwd=15373 rows=15739786 fwd_ms=904891.8 eval=0 prior=0
[inst] req=23552000 hits=7806831 fwd=15378 rows=15744906 fwd_ms=905168.7 eval=0 prior=0
[inst] req=23560192 hits=7809962 fwd=15383 rows=15750026 fwd_ms=905445.5 eval=0 prior=0
[inst] req=23568384 hits=7813229 fwd=15388 rows=15755146 fwd_ms=905722.3 eval=0 prior=0
[inst] req=23576576 hits=7816430 fwd=15392 rows=15759242 fwd_ms=905943.7 eval=0 prior=0
[inst] req=23584768 hits=7819450 fwd=15397 rows=15764362 fwd_ms=906220.6 eval=0 prior=0
[inst] req=23592960 hits=7822663 fwd=15402 rows=15769482 fwd_ms=906497.4 eval=0 prior=0
[inst] req=23601152 hits=7825977 fwd=15407 rows=15774594 fwd_ms=906774.2 eval=0 prior=0
[inst] req=23609344 hits=7829254 fwd=15412 rows=15779714 fwd_ms=907051.0 eval=0 prior=0
[inst] req=23617536 hits=7832454 fwd=15417 rows=15784834 fwd_ms=907327.7 eval=0 prior=0
[inst] req=23625728 hits=7835622 fwd=15422 rows=15789954 fwd_ms=907604.6 eval=0 prior=0
[inst] req=23633920 hits=7838699 fwd=15427 rows=15795074 fwd_ms=907881.6 eval=0 prior=0
[inst] req=23642112 hits=7841911 fwd=15432 rows=15800194 fwd_ms=908158.4 eval=0 prior=0
[inst] req=23650304 hits=7845082 fwd=15436 rows=15804290 fwd_ms=908379.8 eval=0 prior=0
[inst] req=23658496 hits=7848386 fwd=15441 rows=15809410 fwd_ms=908656.6 eval=0 prior=0
[inst] req=23666688 hits=7851623 fwd=15446 rows=15814530 fwd_ms=908933.3 eval=0 prior=0
[inst] req=23674880 hits=7854753 fwd=15451 rows=15819650 fwd_ms=909210.2 eval=0 prior=0
[inst] req=23683072 hits=7857888 fwd=15456 rows=15824770 fwd_ms=909486.8 eval=0 prior=0
[inst] req=23691264 hits=7860836 fwd=15461 rows=15829890 fwd_ms=909763.6 eval=0 prior=0
[inst] req=23699456 hits=7864090 fwd=15466 rows=15835010 fwd_ms=910040.5 eval=0 prior=0
[inst] req=23707648 hits=7867132 fwd=15471 rows=15840129 fwd_ms=910317.3 eval=0 prior=0
[inst] req=23715840 hits=7870385 fwd=15476 rows=15845249 fwd_ms=910594.1 eval=0 prior=0
[inst] req=23724032 hits=7873568 fwd=15481 rows=15850369 fwd_ms=910870.9 eval=0 prior=0
[inst] req=23732224 hits=7876744 fwd=15485 rows=15854465 fwd_ms=911092.5 eval=0 prior=0
[inst] req=23740416 hits=7880036 fwd=15490 rows=15859585 fwd_ms=911369.6 eval=0 prior=0
[inst] req=23748608 hits=7883437 fwd=15495 rows=15864705 fwd_ms=911646.4 eval=0 prior=0
[inst] req=23756800 hits=7886648 fwd=15500 rows=15869825 fwd_ms=911923.3 eval=0 prior=0
[inst] req=23764992 hits=7889956 fwd=15505 rows=15874945 fwd_ms=912200.1 eval=0 prior=0
[inst] req=23773184 hits=7893279 fwd=15509 rows=15879041 fwd_ms=912421.7 eval=0 prior=0
[inst] req=23781376 hits=7896394 fwd=15514 rows=15884161 fwd_ms=912698.7 eval=0 prior=0
[inst] req=23789568 hits=7899522 fwd=15519 rows=15889281 fwd_ms=912975.6 eval=0 prior=0
[inst] req=23797760 hits=7902663 fwd=15524 rows=15894401 fwd_ms=913252.6 eval=0 prior=0
[inst] req=23805952 hits=7906011 fwd=15529 rows=15899521 fwd_ms=913529.6 eval=0 prior=0
[inst] req=23814144 hits=7909211 fwd=15534 rows=15904641 fwd_ms=913806.7 eval=0 prior=0
[inst] req=23822336 hits=7912511 fwd=15539 rows=15909761 fwd_ms=914083.9 eval=0 prior=0
[inst] req=23830528 hits=7915736 fwd=15543 rows=15913857 fwd_ms=914305.6 eval=0 prior=0
[inst] req=23838720 hits=7918834 fwd=15548 rows=15918977 fwd_ms=914582.7 eval=0 prior=0
[inst] req=23846912 hits=7921988 fwd=15553 rows=15924097 fwd_ms=914860.0 eval=0 prior=0
[inst] req=23855104 hits=7925162 fwd=15558 rows=15929217 fwd_ms=915137.1 eval=0 prior=0
[inst] req=23863296 hits=7928420 fwd=15563 rows=15934337 fwd_ms=915414.1 eval=0 prior=0
[inst] req=23871488 hits=7931745 fwd=15568 rows=15939457 fwd_ms=915691.3 eval=0 prior=0
[inst] req=23879680 hits=7934977 fwd=15573 rows=15944577 fwd_ms=915968.4 eval=0 prior=0
[inst] req=23887872 hits=7938345 fwd=15577 rows=15948673 fwd_ms=916190.1 eval=0 prior=0
[inst] req=23896064 hits=7941705 fwd=15582 rows=15953793 fwd_ms=916467.4 eval=0 prior=0
[inst] req=23904256 hits=7945007 fwd=15587 rows=15958913 fwd_ms=916744.5 eval=0 prior=0
[inst] req=23912448 hits=7948147 fwd=15592 rows=15964033 fwd_ms=917021.6 eval=0 prior=0
[inst] req=23920640 hits=7951369 fwd=15597 rows=15969153 fwd_ms=917298.6 eval=0 prior=0
[inst] req=23928832 hits=7954395 fwd=15602 rows=15974273 fwd_ms=917575.6 eval=0 prior=0
[inst] req=23937024 hits=7957497 fwd=15607 rows=15979393 fwd_ms=917852.7 eval=0 prior=0
[inst] req=23945216 hits=7960610 fwd=15612 rows=15984513 fwd_ms=918130.5 eval=0 prior=0
[inst] req=23953408 hits=7963674 fwd=15617 rows=15989633 fwd_ms=918767.4 eval=0 prior=0
[inst] req=23961600 hits=7966815 fwd=15622 rows=15994753 fwd_ms=919348.7 eval=0 prior=0
[inst] req=23969792 hits=7970053 fwd=15626 rows=15998849 fwd_ms=919859.4 eval=0 prior=0
[inst] req=23977984 hits=7973192 fwd=15631 rows=16003969 fwd_ms=920481.4 eval=0 prior=0
[inst] req=23986176 hits=7976409 fwd=15636 rows=16009089 fwd_ms=921205.6 eval=0 prior=0
[inst] req=23994368 hits=7979735 fwd=15641 rows=16014209 fwd_ms=921824.1 eval=0 prior=0
[inst] req=24002560 hits=7982786 fwd=15646 rows=16019329 fwd_ms=922601.9 eval=0 prior=0
[inst] req=24010752 hits=7986014 fwd=15651 rows=16024449 fwd_ms=923216.3 eval=0 prior=0
[inst] req=24018944 hits=7989229 fwd=15656 rows=16029569 fwd_ms=923857.2 eval=0 prior=0
[inst] req=24027136 hits=7992489 fwd=15660 rows=16033665 fwd_ms=924355.3 eval=0 prior=0
[inst] req=24035328 hits=7995887 fwd=15665 rows=16038785 fwd_ms=925117.6 eval=0 prior=0
[inst] req=24043520 hits=7999503 fwd=15670 rows=16043905 fwd_ms=925704.2 eval=0 prior=0
[inst] req=24051712 hits=8002696 fwd=15674 rows=16048001 fwd_ms=926239.3 eval=0 prior=0
[inst] req=24059904 hits=8005995 fwd=15679 rows=16053121 fwd_ms=926946.2 eval=0 prior=0
[inst] req=24068096 hits=8009478 fwd=15684 rows=16058241 fwd_ms=927660.3 eval=0 prior=0
[inst] req=24076288 hits=8012852 fwd=15689 rows=16063361 fwd_ms=928391.6 eval=0 prior=0
[inst] req=24084480 hits=8016094 fwd=15693 rows=16067457 fwd_ms=928894.4 eval=0 prior=0
[inst] req=24092672 hits=8019441 fwd=15698 rows=16072577 fwd_ms=929531.1 eval=0 prior=0
[inst] req=24100864 hits=8022985 fwd=15703 rows=16077697 fwd_ms=930122.9 eval=0 prior=0
[inst] req=24109056 hits=8026719 fwd=15707 rows=16081793 fwd_ms=930640.0 eval=0 prior=0
[inst] req=24117248 hits=8030491 fwd=15711 rows=16085889 fwd_ms=931077.1 eval=0 prior=0
[inst] req=24125440 hits=8034672 fwd=15715 rows=16089985 fwd_ms=931563.2 eval=0 prior=0
[inst] req=24133632 hits=8038713 fwd=15719 rows=16094080 fwd_ms=932088.1 eval=0 prior=0
[inst] req=24141824 hits=8042660 fwd=15723 rows=16098176 fwd_ms=932607.0 eval=0 prior=0
[inst] req=24150016 hits=8046521 fwd=15728 rows=16103295 fwd_ms=933233.2 eval=0 prior=0
[inst] req=24158208 hits=8050628 fwd=15732 rows=16107391 fwd_ms=933788.6 eval=0 prior=0
[inst] req=24166400 hits=8054444 fwd=15736 rows=16111487 fwd_ms=934262.6 eval=0 prior=0
[inst] req=24174592 hits=8058227 fwd=15740 rows=16115583 fwd_ms=934797.2 eval=0 prior=0
[inst] req=24182784 hits=8062133 fwd=15744 rows=16119679 fwd_ms=935325.4 eval=0 prior=0
[inst] req=24190976 hits=8065964 fwd=15749 rows=16124799 fwd_ms=935934.7 eval=0 prior=0
[inst] req=24199168 hits=8070347 fwd=15752 rows=16127871 fwd_ms=936103.0 eval=0 prior=0
[inst] req=24207360 hits=8074515 fwd=15756 rows=16131967 fwd_ms=936327.6 eval=0 prior=0
[inst] req=24215552 hits=8078645 fwd=15760 rows=16136063 fwd_ms=936551.7 eval=0 prior=0
[inst] req=24223744 hits=8082494 fwd=15765 rows=16141183 fwd_ms=936833.2 eval=0 prior=0
[inst] req=24231936 hits=8085052 fwd=15770 rows=16146303 fwd_ms=937122.2 eval=0 prior=0
[inst] req=24240128 hits=8086035 fwd=15777 rows=16153471 fwd_ms=937512.3 eval=0 prior=0
[inst] req=24248320 hits=8087276 fwd=15784 rows=16160639 fwd_ms=937902.3 eval=0 prior=0
[inst] req=24256512 hits=8088937 fwd=15790 rows=16166783 fwd_ms=938236.5 eval=0 prior=0
[inst] req=24264704 hits=8091047 fwd=15796 rows=16172927 fwd_ms=938570.7 eval=0 prior=0
[inst] req=24272896 hits=8093607 fwd=15802 rows=16179071 fwd_ms=938905.0 eval=0 prior=0
[inst] req=24281088 hits=8096482 fwd=15807 rows=16184191 fwd_ms=939183.7 eval=0 prior=0
[inst] req=24289280 hits=8099796 fwd=15812 rows=16189311 fwd_ms=939462.4 eval=0 prior=0
[inst] req=24297472 hits=8103118 fwd=15816 rows=16193407 fwd_ms=939685.2 eval=0 prior=0
[inst] req=24305664 hits=8106708 fwd=15821 rows=16198527 fwd_ms=939963.6 eval=0 prior=0
[inst] req=24313856 hits=8110245 fwd=15825 rows=16202623 fwd_ms=940186.6 eval=0 prior=0
[inst] req=24322048 hits=8114310 fwd=15829 rows=16206719 fwd_ms=940409.5 eval=0 prior=0
[inst] req=24330240 hits=8118590 fwd=15833 rows=16210815 fwd_ms=940632.4 eval=0 prior=0
[inst] req=24338432 hits=8123012 fwd=15837 rows=16214911 fwd_ms=940855.4 eval=0 prior=0
[inst] req=24346624 hits=8127288 fwd=15841 rows=16219007 fwd_ms=941078.2 eval=0 prior=0
[inst] req=24354816 hits=8131124 fwd=15845 rows=16223103 fwd_ms=941301.2 eval=0 prior=0
[inst] req=24363008 hits=8134974 fwd=15849 rows=16227199 fwd_ms=941524.2 eval=0 prior=0
[inst] req=24371200 hits=8138692 fwd=15854 rows=16232319 fwd_ms=941802.8 eval=0 prior=0
[inst] req=24379392 hits=8142349 fwd=15858 rows=16236415 fwd_ms=942025.7 eval=0 prior=0
[inst] req=24387584 hits=8145927 fwd=15863 rows=16241535 fwd_ms=942304.5 eval=0 prior=0
[inst] req=24395776 hits=8149407 fwd=15867 rows=16245631 fwd_ms=942527.3 eval=0 prior=0
[inst] req=24403968 hits=8152673 fwd=15872 rows=16250751 fwd_ms=942805.8 eval=0 prior=0
[inst] req=24412160 hits=8156321 fwd=15876 rows=16254847 fwd_ms=943028.6 eval=0 prior=0
[inst] req=24420352 hits=8159937 fwd=15881 rows=16259967 fwd_ms=943307.2 eval=0 prior=0
[inst] req=24428544 hits=8163782 fwd=15885 rows=16264063 fwd_ms=943530.0 eval=0 prior=0
[inst] req=24436736 hits=8167737 fwd=15889 rows=16268159 fwd_ms=943752.8 eval=0 prior=0
[inst] req=24444928 hits=8171945 fwd=15893 rows=16272255 fwd_ms=943975.7 eval=0 prior=0
[inst] req=24453120 hits=8176110 fwd=15897 rows=16276351 fwd_ms=944198.5 eval=0 prior=0
[inst] req=24461312 hits=8180498 fwd=15901 rows=16280447 fwd_ms=944421.4 eval=0 prior=0
[inst] req=24469504 hits=8184722 fwd=15905 rows=16284543 fwd_ms=944644.3 eval=0 prior=0
[inst] req=24477696 hits=8189319 fwd=15908 rows=16287615 fwd_ms=944811.5 eval=0 prior=0
[inst] req=24485888 hits=8193859 fwd=15912 rows=16291711 fwd_ms=945034.2 eval=0 prior=0
[inst] req=24494080 hits=8198052 fwd=15916 rows=16295807 fwd_ms=945257.1 eval=0 prior=0
[inst] req=24502272 hits=8202308 fwd=15920 rows=16299903 fwd_ms=945479.8 eval=0 prior=0
[inst] req=24510464 hits=8206536 fwd=15923 rows=16302975 fwd_ms=945646.9 eval=0 prior=0
[inst] req=24518656 hits=8210386 fwd=15928 rows=16308095 fwd_ms=945925.4 eval=0 prior=0
[inst] req=24526848 hits=8214261 fwd=15932 rows=16312191 fwd_ms=946148.0 eval=0 prior=0
[inst] req=24535040 hits=8218472 fwd=15936 rows=16316287 fwd_ms=946370.8 eval=0 prior=0
[inst] req=24543232 hits=8222352 fwd=15940 rows=16320383 fwd_ms=946593.5 eval=0 prior=0
[inst] req=24551424 hits=8226092 fwd=15944 rows=16324479 fwd_ms=946816.3 eval=0 prior=0
[inst] req=24559616 hits=8229607 fwd=15949 rows=16329599 fwd_ms=947094.8 eval=0 prior=0
[inst] req=24567808 hits=8233200 fwd=15953 rows=16333695 fwd_ms=947317.6 eval=0 prior=0
[inst] req=24576000 hits=8236800 fwd=15958 rows=16338815 fwd_ms=947595.9 eval=0 prior=0
[inst] req=24584192 hits=8240531 fwd=15962 rows=16342911 fwd_ms=947818.5 eval=0 prior=0
[inst] req=24592384 hits=8244488 fwd=15966 rows=16347007 fwd_ms=948041.2 eval=0 prior=0
[inst] req=24600576 hits=8248553 fwd=15970 rows=16351103 fwd_ms=948263.8 eval=0 prior=0
[inst] req=24608768 hits=8252551 fwd=15974 rows=16355199 fwd_ms=948486.4 eval=0 prior=0
[inst] req=24616960 hits=8256552 fwd=15979 rows=16360319 fwd_ms=948764.8 eval=0 prior=0
[inst] req=24625152 hits=8260637 fwd=15983 rows=16364415 fwd_ms=948987.3 eval=0 prior=0
[inst] req=24633344 hits=8264532 fwd=15987 rows=16368511 fwd_ms=949210.1 eval=0 prior=0
[inst] req=24641536 hits=8268444 fwd=15991 rows=16372607 fwd_ms=949432.6 eval=0 prior=0
[inst] req=24649728 hits=8272669 fwd=15995 rows=16376703 fwd_ms=949654.5 eval=0 prior=0
[inst] req=24657920 hits=8276974 fwd=15999 rows=16380798 fwd_ms=949875.9 eval=0 prior=0
[inst] req=24666112 hits=8281325 fwd=16002 rows=16383870 fwd_ms=950042.2 eval=0 prior=0
[inst] req=24674304 hits=8285762 fwd=16006 rows=16387965 fwd_ms=950263.8 eval=0 prior=0
[inst] req=24682496 hits=8289687 fwd=16010 rows=16392061 fwd_ms=950485.3 eval=0 prior=0
[inst] req=24690688 hits=8293812 fwd=16014 rows=16396157 fwd_ms=950706.9 eval=0 prior=0
[inst] req=24698880 hits=8297630 fwd=16018 rows=16400253 fwd_ms=950928.6 eval=0 prior=0
[inst] req=24707072 hits=8301763 fwd=16022 rows=16404349 fwd_ms=951150.1 eval=0 prior=0
[inst] req=24715264 hits=8305503 fwd=16027 rows=16409469 fwd_ms=951427.1 eval=0 prior=0
[inst] req=24723456 hits=8309442 fwd=16031 rows=16413565 fwd_ms=951648.8 eval=0 prior=0
[inst] req=24731648 hits=8313146 fwd=16035 rows=16417661 fwd_ms=951870.4 eval=0 prior=0
[inst] req=24739840 hits=8317307 fwd=16039 rows=16421757 fwd_ms=952092.2 eval=0 prior=0
[inst] req=24748032 hits=8321180 fwd=16043 rows=16425853 fwd_ms=952313.9 eval=0 prior=0
[inst] req=24756224 hits=8325043 fwd=16048 rows=16430973 fwd_ms=952591.1 eval=0 prior=0
[inst] req=24764416 hits=8328875 fwd=16052 rows=16435069 fwd_ms=952812.9 eval=0 prior=0
[inst] req=24772608 hits=8333207 fwd=16056 rows=16439165 fwd_ms=953034.8 eval=0 prior=0
[inst] req=24780800 hits=8337364 fwd=16060 rows=16443261 fwd_ms=953256.6 eval=0 prior=0
[inst] req=24788992 hits=8341303 fwd=16064 rows=16447357 fwd_ms=953478.3 eval=0 prior=0
[inst] req=24797184 hits=8345224 fwd=16068 rows=16451453 fwd_ms=953700.2 eval=0 prior=0
[inst] req=24805376 hits=8349342 fwd=16072 rows=16455549 fwd_ms=953922.1 eval=0 prior=0
[inst] req=24813568 hits=8353576 fwd=16076 rows=16459645 fwd_ms=954144.0 eval=0 prior=0
[inst] req=24821760 hits=8357679 fwd=16080 rows=16463741 fwd_ms=954366.0 eval=0 prior=0
[inst] req=24829952 hits=8361696 fwd=16084 rows=16467837 fwd_ms=954587.9 eval=0 prior=0
[inst] req=24838144 hits=8365557 fwd=16088 rows=16471933 fwd_ms=954809.7 eval=0 prior=0
[inst] req=24846336 hits=8369633 fwd=16092 rows=16476029 fwd_ms=955031.6 eval=0 prior=0
[inst] req=24854528 hits=8373680 fwd=16096 rows=16480125 fwd_ms=955253.4 eval=0 prior=0
[inst] req=24862720 hits=8377627 fwd=16100 rows=16484221 fwd_ms=955475.2 eval=0 prior=0
[inst] req=24870912 hits=8381629 fwd=16104 rows=16488317 fwd_ms=955697.1 eval=0 prior=0
[inst] req=24879104 hits=8385738 fwd=16108 rows=16492413 fwd_ms=955919.0 eval=0 prior=0
[inst] req=24887296 hits=8389661 fwd=16113 rows=16497533 fwd_ms=956196.3 eval=0 prior=0
[inst] req=24895488 hits=8393921 fwd=16116 rows=16500605 fwd_ms=956362.7 eval=0 prior=0
[inst] req=24903680 hits=8398112 fwd=16120 rows=16504701 fwd_ms=956584.6 eval=0 prior=0
[inst] req=24911872 hits=8402076 fwd=16124 rows=16508797 fwd_ms=956806.5 eval=0 prior=0
[inst] req=24920064 hits=8405864 fwd=16129 rows=16513917 fwd_ms=957083.7 eval=0 prior=0
[inst] req=24928256 hits=8409777 fwd=16133 rows=16518013 fwd_ms=957305.4 eval=0 prior=0
[inst] req=24936448 hits=8413852 fwd=16137 rows=16522109 fwd_ms=957527.3 eval=0 prior=0
[inst] req=24944640 hits=8417882 fwd=16141 rows=16526205 fwd_ms=957749.2 eval=0 prior=0
[inst] req=24952832 hits=8421764 fwd=16145 rows=16530301 fwd_ms=957971.1 eval=0 prior=0
[inst] req=24961024 hits=8425726 fwd=16149 rows=16534397 fwd_ms=958193.0 eval=0 prior=0
[inst] req=24969216 hits=8429551 fwd=16154 rows=16539517 fwd_ms=958470.3 eval=0 prior=0
[inst] req=24977408 hits=8433437 fwd=16158 rows=16543613 fwd_ms=958692.1 eval=0 prior=0
[inst] req=24985600 hits=8437469 fwd=16162 rows=16547709 fwd_ms=958914.0 eval=0 prior=0
[inst] req=24993792 hits=8441550 fwd=16166 rows=16551805 fwd_ms=959135.8 eval=0 prior=0
[inst] req=25001984 hits=8445824 fwd=16170 rows=16555901 fwd_ms=959357.6 eval=0 prior=0
[inst] req=25010176 hits=8450125 fwd=16174 rows=16559997 fwd_ms=959579.7 eval=0 prior=0
[inst] req=25018368 hits=8454268 fwd=16178 rows=16564093 fwd_ms=959801.8 eval=0 prior=0
[inst] req=25026560 hits=8458288 fwd=16182 rows=16568189 fwd_ms=960023.7 eval=0 prior=0
[inst] req=25034752 hits=8462398 fwd=16186 rows=16572285 fwd_ms=960245.7 eval=0 prior=0
[inst] req=25042944 hits=8466539 fwd=16190 rows=16576381 fwd_ms=960467.5 eval=0 prior=0
[inst] req=25051136 hits=8470519 fwd=16194 rows=16580477 fwd_ms=960689.4 eval=0 prior=0
[inst] req=25059328 hits=8474647 fwd=16198 rows=16584573 fwd_ms=960911.4 eval=0 prior=0
[inst] req=25067520 hits=8478714 fwd=16202 rows=16588669 fwd_ms=961133.2 eval=0 prior=0
[inst] req=25075712 hits=8483072 fwd=16205 rows=16591741 fwd_ms=961299.7 eval=0 prior=0
[inst] req=25083904 hits=8487184 fwd=16209 rows=16595837 fwd_ms=961521.5 eval=0 prior=0
[inst] req=25092096 hits=8491371 fwd=16213 rows=16599933 fwd_ms=961743.4 eval=0 prior=0
[inst] req=25100288 hits=8495401 fwd=16217 rows=16604029 fwd_ms=961965.4 eval=0 prior=0
[inst] req=25108480 hits=8499334 fwd=16221 rows=16608125 fwd_ms=962187.3 eval=0 prior=0
[inst] req=25116672 hits=8503232 fwd=16226 rows=16613245 fwd_ms=962464.7 eval=0 prior=0
[inst] req=25124864 hits=8507194 fwd=16230 rows=16617341 fwd_ms=962686.7 eval=0 prior=0
[inst] req=25133056 hits=8511176 fwd=16234 rows=16621437 fwd_ms=962908.6 eval=0 prior=0
[inst] req=25141248 hits=8515306 fwd=16238 rows=16625533 fwd_ms=963130.6 eval=0 prior=0
[inst] req=25149440 hits=8519501 fwd=16242 rows=16629629 fwd_ms=963352.5 eval=0 prior=0
[inst] req=25157632 hits=8523430 fwd=16246 rows=16633725 fwd_ms=963574.4 eval=0 prior=0
[inst] req=25165824 hits=8527806 fwd=16250 rows=16637821 fwd_ms=963796.3 eval=0 prior=0
[inst] req=25174016 hits=8531734 fwd=16254 rows=16641917 fwd_ms=964018.2 eval=0 prior=0
[inst] req=25182208 hits=8535771 fwd=16258 rows=16646013 fwd_ms=964240.1 eval=0 prior=0
[inst] req=25190400 hits=8539675 fwd=16262 rows=16650109 fwd_ms=964462.2 eval=0 prior=0
[inst] req=25198592 hits=8543645 fwd=16266 rows=16654205 fwd_ms=964684.1 eval=0 prior=0
[inst] req=25206784 hits=8547557 fwd=16270 rows=16658301 fwd_ms=964906.0 eval=0 prior=0
[inst] req=25214976 hits=8551581 fwd=16274 rows=16662397 fwd_ms=965127.9 eval=0 prior=0
[inst] req=25223168 hits=8555501 fwd=16279 rows=16667517 fwd_ms=965405.4 eval=0 prior=0
[inst] req=25231360 hits=8559579 fwd=16283 rows=16671613 fwd_ms=965627.2 eval=0 prior=0
[inst] req=25239552 hits=8563846 fwd=16286 rows=16674685 fwd_ms=965793.7 eval=0 prior=0
[inst] req=25247744 hits=8568004 fwd=16290 rows=16678781 fwd_ms=966015.6 eval=0 prior=0
[inst] req=25255936 hits=8571915 fwd=16295 rows=16683901 fwd_ms=966293.1 eval=0 prior=0
[inst] req=25264128 hits=8575915 fwd=16299 rows=16687997 fwd_ms=966515.0 eval=0 prior=0
[inst] req=25272320 hits=8580095 fwd=16303 rows=16692093 fwd_ms=966737.0 eval=0 prior=0
[inst] req=25280512 hits=8584100 fwd=16307 rows=16696189 fwd_ms=966958.9 eval=0 prior=0
[inst] req=25288704 hits=8588111 fwd=16311 rows=16700285 fwd_ms=967180.8 eval=0 prior=0
[inst] req=25296896 hits=8592088 fwd=16315 rows=16704381 fwd_ms=967402.9 eval=0 prior=0
[inst] req=25305088 hits=8596293 fwd=16319 rows=16708477 fwd_ms=967625.3 eval=0 prior=0
[inst] req=25313280 hits=8600134 fwd=16323 rows=16712573 fwd_ms=967847.4 eval=0 prior=0
[inst] req=25321472 hits=8603940 fwd=16327 rows=16716669 fwd_ms=968069.5 eval=0 prior=0
[inst] req=25329664 hits=8607894 fwd=16331 rows=16720765 fwd_ms=968291.7 eval=0 prior=0
[inst] req=25337856 hits=8612017 fwd=16335 rows=16724859 fwd_ms=968513.8 eval=0 prior=0
[inst] req=25346048 hits=8615970 fwd=16340 rows=16729978 fwd_ms=968791.3 eval=0 prior=0
[inst] req=25354240 hits=8620194 fwd=16343 rows=16733049 fwd_ms=968957.8 eval=0 prior=0
[inst] req=25362432 hits=8624245 fwd=16348 rows=16738169 fwd_ms=969235.4 eval=0 prior=0
[inst] req=25370624 hits=8628509 fwd=16351 rows=16741241 fwd_ms=969402.1 eval=0 prior=0
[inst] req=25378816 hits=8632483 fwd=16355 rows=16745337 fwd_ms=969624.3 eval=0 prior=0
[inst] req=25387008 hits=8636636 fwd=16359 rows=16749405 fwd_ms=969855.5 eval=0 prior=0
[inst] req=25395200 hits=8640912 fwd=16363 rows=16753501 fwd_ms=970077.6 eval=0 prior=0
[inst] req=25403392 hits=8644988 fwd=16367 rows=16757597 fwd_ms=970299.7 eval=0 prior=0
[inst] req=25411584 hits=8648868 fwd=16371 rows=16761693 fwd_ms=970521.9 eval=0 prior=0
[inst] req=25419776 hits=8652969 fwd=16375 rows=16765789 fwd_ms=970744.0 eval=0 prior=0
[inst] req=25427968 hits=8656800 fwd=16380 rows=16770909 fwd_ms=971021.7 eval=0 prior=0
[inst] req=25436160 hits=8660885 fwd=16384 rows=16775005 fwd_ms=971243.9 eval=0 prior=0
[inst] req=25444352 hits=8664731 fwd=16388 rows=16779101 fwd_ms=971517.1 eval=0 prior=0
[inst] req=25452544 hits=8668816 fwd=16392 rows=16783197 fwd_ms=972026.1 eval=0 prior=0
[inst] req=25460736 hits=8672978 fwd=16396 rows=16787293 fwd_ms=972554.1 eval=0 prior=0
[inst] req=25468928 hits=8677084 fwd=16400 rows=16791389 fwd_ms=973093.2 eval=0 prior=0
[inst] req=25477120 hits=8681312 fwd=16404 rows=16795484 fwd_ms=973652.2 eval=0 prior=0
[inst] req=25485312 hits=8685438 fwd=16408 rows=16799580 fwd_ms=974208.7 eval=0 prior=0
[inst] req=25493504 hits=8689523 fwd=16412 rows=16803675 fwd_ms=974755.4 eval=0 prior=0
[inst] req=25501696 hits=8693397 fwd=16416 rows=16807771 fwd_ms=975346.5 eval=0 prior=0
[inst] req=25509888 hits=8697334 fwd=16420 rows=16811867 fwd_ms=975898.9 eval=0 prior=0
[inst] req=25518080 hits=8701380 fwd=16424 rows=16815963 fwd_ms=976494.8 eval=0 prior=0
[inst] req=25526272 hits=8705435 fwd=16428 rows=16820059 fwd_ms=976994.4 eval=0 prior=0
[inst] req=25534464 hits=8709585 fwd=16432 rows=16824146 fwd_ms=977456.7 eval=0 prior=0
[inst] req=25542656 hits=8713588 fwd=16436 rows=16828242 fwd_ms=977955.8 eval=0 prior=0
[inst] req=25550848 hits=8717528 fwd=16440 rows=16832338 fwd_ms=978491.9 eval=0 prior=0
[inst] req=25559040 hits=8721697 fwd=16444 rows=16836434 fwd_ms=979045.3 eval=0 prior=0
[inst] req=25567232 hits=8725588 fwd=16449 rows=16841554 fwd_ms=979642.0 eval=0 prior=0
[inst] req=25575424 hits=8729579 fwd=16453 rows=16845650 fwd_ms=980199.5 eval=0 prior=0
[inst] req=25583616 hits=8733539 fwd=16457 rows=16849746 fwd_ms=980739.2 eval=0 prior=0
[inst] req=25591808 hits=8737307 fwd=16461 rows=16853842 fwd_ms=981271.1 eval=0 prior=0
[inst] req=25600000 hits=8741050 fwd=16465 rows=16857938 fwd_ms=981804.6 eval=0 prior=0
[inst] req=25608192 hits=8744559 fwd=16470 rows=16863058 fwd_ms=982392.8 eval=0 prior=0
