Logging directory: /home/ubuntu/rl/reinfors-benchmarks/runs/v1_grid/os_a128/cycle1/throughput
Creating model: /home/ubuntu/rl/reinfors-benchmarks/runs/v1_grid/os_a128/cycle1/throughput/vpnet.pb
Playing game: chess
Loading model from step 0
[W TensorCompare.cpp:530] Warning: where received a uint8 condition tensor. This behavior is deprecated and will be removed in a future version of PyTorch. Use a boolean condition instead. (function operator())
[inst] req=8192 hits=2380 fwd=45 rows=5684 fwd_ms=691.1 eval=0 prior=0
[inst] req=16384 hits=4561 fwd=92 rows=11700 fwd_ms=1149.8 eval=0 prior=0
[inst] req=24576 hits=7026 fwd=137 rows=17460 fwd_ms=1589.6 eval=0 prior=0
[inst] req=32768 hits=10048 fwd=178 rows=22708 fwd_ms=1991.2 eval=0 prior=0
[inst] req=40960 hits=12657 fwd=221 rows=28212 fwd_ms=2415.7 eval=0 prior=0
[inst] req=49152 hits=14881 fwd=268 rows=34228 fwd_ms=2877.4 eval=0 prior=0
[inst] req=57344 hits=17482 fwd=312 rows=39860 fwd_ms=3309.5 eval=0 prior=0
[inst] req=65536 hits=20039 fwd=356 rows=45492 fwd_ms=3742.0 eval=0 prior=0
[inst] req=73728 hits=22265 fwd=402 rows=51380 fwd_ms=4196.0 eval=0 prior=0
[inst] req=81920 hits=24658 fwd=447 rows=57140 fwd_ms=4638.4 eval=0 prior=0
[inst] req=90112 hits=27468 fwd=490 rows=62643 fwd_ms=5074.8 eval=0 prior=0
[inst] req=98304 hits=29848 fwd=535 rows=68403 fwd_ms=5518.3 eval=0 prior=0
[inst] req=106496 hits=32120 fwd=581 rows=74291 fwd_ms=5972.5 eval=0 prior=0
[inst] req=114688 hits=34596 fwd=626 rows=80051 fwd_ms=6415.7 eval=0 prior=0
[inst] req=122880 hits=37327 fwd=668 rows=85427 fwd_ms=6831.3 eval=0 prior=0
[inst] req=131072 hits=39922 fwd=712 rows=91059 fwd_ms=7262.7 eval=0 prior=0
[inst] req=139264 hits=42688 fwd=755 rows=96562 fwd_ms=7684.7 eval=0 prior=0
[inst] req=147456 hits=45460 fwd=797 rows=101938 fwd_ms=8096.5 eval=0 prior=0
[inst] req=155648 hits=48211 fwd=839 rows=107314 fwd_ms=8508.5 eval=0 prior=0
[inst] req=163840 hits=50747 fwd=884 rows=113074 fwd_ms=8949.8 eval=0 prior=0
[inst] req=172032 hits=53434 fwd=927 rows=118578 fwd_ms=9371.7 eval=0 prior=0
[inst] req=180224 hits=56284 fwd=968 rows=123826 fwd_ms=9774.5 eval=0 prior=0
[inst] req=188416 hits=58902 fwd=1012 rows=129457 fwd_ms=10207.7 eval=0 prior=0
[inst] req=196608 hits=61404 fwd=1056 rows=135077 fwd_ms=10649.2 eval=0 prior=0
[inst] req=204800 hits=63929 fwd=1101 rows=140837 fwd_ms=11106.1 eval=0 prior=0
[inst] req=212992 hits=66606 fwd=1144 rows=146341 fwd_ms=11594.7 eval=0 prior=0
[inst] req=221184 hits=69264 fwd=1187 rows=151845 fwd_ms=12090.4 eval=0 prior=0
[inst] req=229376 hits=71875 fwd=1231 rows=157463 fwd_ms=12550.2 eval=0 prior=0
[inst] req=237568 hits=74393 fwd=1275 rows=163094 fwd_ms=12984.0 eval=0 prior=0
[inst] req=245760 hits=77239 fwd=1317 rows=168469 fwd_ms=13416.4 eval=0 prior=0
[inst] req=253952 hits=79862 fwd=1360 rows=173973 fwd_ms=13839.7 eval=0 prior=0
[inst] req=262144 hits=82401 fwd=1405 rows=179733 fwd_ms=14281.6 eval=0 prior=0
[inst] req=270336 hits=85064 fwd=1448 rows=185237 fwd_ms=14704.1 eval=0 prior=0
[inst] req=278528 hits=87871 fwd=1490 rows=190612 fwd_ms=15117.0 eval=0 prior=0
[inst] req=286720 hits=90588 fwd=1533 rows=196114 fwd_ms=15547.1 eval=0 prior=0
[inst] req=294912 hits=93209 fwd=1576 rows=201618 fwd_ms=15969.1 eval=0 prior=0
[inst] req=303104 hits=95682 fwd=1621 rows=207378 fwd_ms=16410.6 eval=0 prior=0
[inst] req=311296 hits=98378 fwd=1664 rows=212882 fwd_ms=16832.5 eval=0 prior=0
[inst] req=319488 hits=100866 fwd=1708 rows=218514 fwd_ms=17264.6 eval=0 prior=0
[inst] req=327680 hits=103366 fwd=1753 rows=224274 fwd_ms=17707.9 eval=0 prior=0
[inst] req=335872 hits=106024 fwd=1796 rows=229777 fwd_ms=18132.6 eval=0 prior=0
[inst] req=344064 hits=108738 fwd=1839 rows=235273 fwd_ms=18567.6 eval=0 prior=0
[inst] req=352256 hits=111534 fwd=1881 rows=240648 fwd_ms=18983.1 eval=0 prior=0
[inst] req=360448 hits=114061 fwd=1926 rows=246281 fwd_ms=19462.2 eval=0 prior=0
[inst] req=368640 hits=116622 fwd=1970 rows=251895 fwd_ms=19897.6 eval=0 prior=0
[inst] req=376832 hits=119269 fwd=2014 rows=257527 fwd_ms=20329.8 eval=0 prior=0
[inst] req=385024 hits=121810 fwd=2058 rows=263159 fwd_ms=20763.5 eval=0 prior=0
[inst] req=393216 hits=124404 fwd=2102 rows=268789 fwd_ms=21236.4 eval=0 prior=0
[inst] req=401408 hits=126954 fwd=2146 rows=274421 fwd_ms=21669.5 eval=0 prior=0
[inst] req=409600 hits=129472 fwd=2190 rows=280051 fwd_ms=22106.8 eval=0 prior=0
[inst] req=417792 hits=132005 fwd=2234 rows=285683 fwd_ms=22544.8 eval=0 prior=0
[inst] req=425984 hits=134428 fwd=2279 rows=291443 fwd_ms=22992.0 eval=0 prior=0
[inst] req=434176 hits=137063 fwd=2323 rows=297070 fwd_ms=23435.4 eval=0 prior=0
[inst] req=442368 hits=139593 fwd=2367 rows=302701 fwd_ms=23871.2 eval=0 prior=0
[inst] req=450560 hits=142085 fwd=2412 rows=308461 fwd_ms=24324.5 eval=0 prior=0
[inst] req=458752 hits=144627 fwd=2456 rows=314091 fwd_ms=24790.6 eval=0 prior=0
[inst] req=466944 hits=147197 fwd=2500 rows=319723 fwd_ms=25289.8 eval=0 prior=0
[inst] req=475136 hits=149665 fwd=2545 rows=325470 fwd_ms=25806.8 eval=0 prior=0
[inst] req=483328 hits=152182 fwd=2589 rows=331101 fwd_ms=26305.6 eval=0 prior=0
[inst] req=491520 hits=154728 fwd=2633 rows=336731 fwd_ms=26804.7 eval=0 prior=0
[inst] req=499712 hits=157246 fwd=2677 rows=342361 fwd_ms=27259.7 eval=0 prior=0
[inst] req=507904 hits=159753 fwd=2722 rows=348121 fwd_ms=27773.8 eval=0 prior=0
[inst] req=516096 hits=162212 fwd=2767 rows=353878 fwd_ms=28300.7 eval=0 prior=0
[inst] req=524288 hits=164732 fwd=2811 rows=359485 fwd_ms=28804.4 eval=0 prior=0
[inst] req=532480 hits=167195 fwd=2856 rows=365245 fwd_ms=29301.8 eval=0 prior=0
[inst] req=540672 hits=169635 fwd=2901 rows=371004 fwd_ms=29755.3 eval=0 prior=0
[inst] req=548864 hits=172422 fwd=2943 rows=376378 fwd_ms=30196.0 eval=0 prior=0
[inst] req=557056 hits=174890 fwd=2988 rows=382133 fwd_ms=30699.1 eval=0 prior=0
[inst] req=565248 hits=177439 fwd=3032 rows=387764 fwd_ms=31198.3 eval=0 prior=0
[inst] req=573440 hits=179901 fwd=3077 rows=393523 fwd_ms=31709.3 eval=0 prior=0
[inst] req=581632 hits=182464 fwd=3121 rows=399155 fwd_ms=32210.7 eval=0 prior=0
[inst] req=589824 hits=184976 fwd=3165 rows=404787 fwd_ms=32712.4 eval=0 prior=0
[inst] req=598016 hits=187520 fwd=3209 rows=410419 fwd_ms=33206.7 eval=0 prior=0
[inst] req=606208 hits=190109 fwd=3253 rows=416048 fwd_ms=33705.6 eval=0 prior=0
[inst] req=614400 hits=192652 fwd=3297 rows=421679 fwd_ms=34206.4 eval=0 prior=0
[inst] req=622592 hits=195101 fwd=3342 rows=427438 fwd_ms=34718.5 eval=0 prior=0
[inst] req=630784 hits=197764 fwd=3385 rows=432941 fwd_ms=35207.9 eval=0 prior=0
[inst] req=638976 hits=200173 fwd=3430 rows=438701 fwd_ms=35721.3 eval=0 prior=0
[inst] req=647168 hits=202788 fwd=3474 rows=444332 fwd_ms=36221.7 eval=0 prior=0
[inst] req=655360 hits=205317 fwd=3518 rows=449964 fwd_ms=36723.8 eval=0 prior=0
[inst] req=663552 hits=207889 fwd=3562 rows=455588 fwd_ms=37218.0 eval=0 prior=0
[inst] req=671744 hits=210405 fwd=3606 rows=461220 fwd_ms=37720.5 eval=0 prior=0
[inst] req=679936 hits=212985 fwd=3650 rows=466852 fwd_ms=38222.7 eval=0 prior=0
[inst] req=688128 hits=215392 fwd=3695 rows=472612 fwd_ms=38736.4 eval=0 prior=0
[inst] req=696320 hits=218102 fwd=3738 rows=478113 fwd_ms=39225.6 eval=0 prior=0
[inst] req=704512 hits=220607 fwd=3783 rows=483866 fwd_ms=39736.2 eval=0 prior=0
[inst] req=712704 hits=223220 fwd=3826 rows=489362 fwd_ms=40172.7 eval=0 prior=0
[inst] req=720896 hits=225770 fwd=3871 rows=495122 fwd_ms=40620.2 eval=0 prior=0
[inst] req=729088 hits=228494 fwd=3913 rows=500497 fwd_ms=41037.8 eval=0 prior=0
[inst] req=737280 hits=231139 fwd=3957 rows=506129 fwd_ms=41516.7 eval=0 prior=0
[inst] req=745472 hits=233623 fwd=4001 rows=511761 fwd_ms=41988.5 eval=0 prior=0
[inst] req=753664 hits=236300 fwd=4044 rows=517264 fwd_ms=42457.4 eval=0 prior=0
[inst] req=761856 hits=238804 fwd=4089 rows=523023 fwd_ms=42928.1 eval=0 prior=0
[inst] req=770048 hits=241387 fwd=4133 rows=528644 fwd_ms=43371.1 eval=0 prior=0
[inst] req=778240 hits=243913 fwd=4177 rows=534276 fwd_ms=43804.8 eval=0 prior=0
[inst] req=786432 hits=246490 fwd=4221 rows=539908 fwd_ms=44239.2 eval=0 prior=0
[inst] req=794624 hits=249122 fwd=4264 rows=545411 fwd_ms=44663.2 eval=0 prior=0
[inst] req=802816 hits=251674 fwd=4308 rows=551042 fwd_ms=45097.4 eval=0 prior=0
[inst] req=811008 hits=254222 fwd=4352 rows=556673 fwd_ms=45531.2 eval=0 prior=0
[inst] req=819200 hits=256850 fwd=4396 rows=562304 fwd_ms=45965.3 eval=0 prior=0
[inst] req=827392 hits=259394 fwd=4440 rows=567936 fwd_ms=46399.7 eval=0 prior=0
[inst] req=835584 hits=261959 fwd=4484 rows=573568 fwd_ms=46833.8 eval=0 prior=0
[inst] req=843776 hits=264653 fwd=4527 rows=579070 fwd_ms=47257.5 eval=0 prior=0
[inst] req=851968 hits=267223 fwd=4571 rows=584702 fwd_ms=47690.7 eval=0 prior=0
[inst] req=860160 hits=269732 fwd=4615 rows=590334 fwd_ms=48124.5 eval=0 prior=0
[inst] req=868352 hits=272502 fwd=4658 rows=595834 fwd_ms=48549.2 eval=0 prior=0
[inst] req=876544 hits=275047 fwd=4702 rows=601465 fwd_ms=48984.0 eval=0 prior=0
[inst] req=884736 hits=277639 fwd=4746 rows=607090 fwd_ms=49418.7 eval=0 prior=0
[inst] req=892928 hits=280164 fwd=4790 rows=612721 fwd_ms=49853.4 eval=0 prior=0
[inst] req=901120 hits=282732 fwd=4834 rows=618353 fwd_ms=50288.1 eval=0 prior=0
[inst] req=909312 hits=285617 fwd=4875 rows=623595 fwd_ms=50693.3 eval=0 prior=0
[inst] req=917504 hits=288337 fwd=4918 rows=629095 fwd_ms=51118.2 eval=0 prior=0
[inst] req=925696 hits=290915 fwd=4962 rows=634723 fwd_ms=51553.1 eval=0 prior=0
[inst] req=933888 hits=293509 fwd=5006 rows=640276 fwd_ms=51997.7 eval=0 prior=0
[inst] req=942080 hits=296034 fwd=5051 rows=646032 fwd_ms=52442.7 eval=0 prior=0
[inst] req=950272 hits=298681 fwd=5094 rows=651478 fwd_ms=52885.2 eval=0 prior=0
[inst] req=958464 hits=301346 fwd=5138 rows=657106 fwd_ms=53320.0 eval=0 prior=0
[inst] req=966656 hits=304005 fwd=5181 rows=662608 fwd_ms=53745.1 eval=0 prior=0
[inst] req=974848 hits=306587 fwd=5225 rows=668233 fwd_ms=54179.8 eval=0 prior=0
[inst] req=983040 hits=309163 fwd=5269 rows=673865 fwd_ms=54614.7 eval=0 prior=0
[inst] req=991232 hits=311728 fwd=5313 rows=679496 fwd_ms=55049.5 eval=0 prior=0
[inst] req=999424 hits=314329 fwd=5356 rows=684998 fwd_ms=55474.5 eval=0 prior=0
[inst] req=1007616 hits=316858 fwd=5401 rows=690753 fwd_ms=55919.3 eval=0 prior=0
[inst] req=1015808 hits=319520 fwd=5444 rows=696256 fwd_ms=56344.2 eval=0 prior=0
[inst] req=1024000 hits=322075 fwd=5488 rows=701888 fwd_ms=56778.9 eval=0 prior=0
[inst] req=1032192 hits=324694 fwd=5531 rows=707391 fwd_ms=57203.8 eval=0 prior=0
[inst] req=1040384 hits=327718 fwd=5572 rows=712630 fwd_ms=57608.9 eval=0 prior=0
[inst] req=1048576 hits=330486 fwd=5614 rows=718005 fwd_ms=58023.9 eval=0 prior=0
[inst] req=1056768 hits=333054 fwd=5658 rows=723637 fwd_ms=58458.2 eval=0 prior=0
[inst] req=1064960 hits=335737 fwd=5701 rows=729138 fwd_ms=58882.8 eval=0 prior=0
[inst] req=1073152 hits=338451 fwd=5744 rows=734641 fwd_ms=59307.7 eval=0 prior=0
[inst] req=1081344 hits=341063 fwd=5788 rows=740273 fwd_ms=59742.3 eval=0 prior=0
[inst] req=1089536 hits=343653 fwd=5831 rows=745777 fwd_ms=60166.9 eval=0 prior=0
[inst] req=1097728 hits=346222 fwd=5875 rows=751409 fwd_ms=60601.5 eval=0 prior=0
[inst] req=1105920 hits=348860 fwd=5919 rows=757032 fwd_ms=61035.7 eval=0 prior=0
[inst] req=1114112 hits=351415 fwd=5963 rows=762663 fwd_ms=61470.3 eval=0 prior=0
[inst] req=1122304 hits=354153 fwd=6005 rows=768038 fwd_ms=61885.2 eval=0 prior=0
[inst] req=1130496 hits=356743 fwd=6049 rows=773670 fwd_ms=62320.0 eval=0 prior=0
[inst] req=1138688 hits=359319 fwd=6093 rows=779302 fwd_ms=62754.9 eval=0 prior=0
[inst] req=1146880 hits=361905 fwd=6137 rows=784934 fwd_ms=63189.7 eval=0 prior=0
[inst] req=1155072 hits=364557 fwd=6180 rows=790410 fwd_ms=63613.1 eval=0 prior=0
[inst] req=1163264 hits=367053 fwd=6225 rows=796170 fwd_ms=64058.0 eval=0 prior=0
[inst] req=1171456 hits=369684 fwd=6268 rows=801673 fwd_ms=64482.9 eval=0 prior=0
[inst] req=1179648 hits=372476 fwd=6311 rows=807162 fwd_ms=64907.7 eval=0 prior=0
[inst] req=1187840 hits=375017 fwd=6355 rows=812772 fwd_ms=65351.7 eval=0 prior=0
[inst] req=1196032 hits=377586 fwd=6399 rows=818404 fwd_ms=65786.7 eval=0 prior=0
[inst] req=1204224 hits=380371 fwd=6441 rows=823767 fwd_ms=66201.6 eval=0 prior=0
[inst] req=1212416 hits=383017 fwd=6484 rows=829271 fwd_ms=66626.9 eval=0 prior=0
[inst] req=1220608 hits=385743 fwd=6527 rows=834773 fwd_ms=67052.3 eval=0 prior=0
[inst] req=1228800 hits=388359 fwd=6571 rows=840405 fwd_ms=67487.2 eval=0 prior=0
[inst] req=1236992 hits=391236 fwd=6612 rows=845647 fwd_ms=67892.8 eval=0 prior=0
[inst] req=1245184 hits=393863 fwd=6656 rows=851272 fwd_ms=68327.6 eval=0 prior=0
[inst] req=1253376 hits=396519 fwd=6699 rows=856776 fwd_ms=68752.8 eval=0 prior=0
[inst] req=1261568 hits=399113 fwd=6743 rows=862401 fwd_ms=69187.9 eval=0 prior=0
[inst] req=1269760 hits=401819 fwd=6786 rows=867904 fwd_ms=69613.3 eval=0 prior=0
[inst] req=1277952 hits=404399 fwd=6830 rows=873536 fwd_ms=70048.2 eval=0 prior=0
[inst] req=1286144 hits=406970 fwd=6874 rows=879162 fwd_ms=70482.9 eval=0 prior=0
[inst] req=1294336 hits=409525 fwd=6918 rows=884794 fwd_ms=70917.8 eval=0 prior=0
[inst] req=1302528 hits=412311 fwd=6960 rows=890163 fwd_ms=71333.1 eval=0 prior=0
[inst] req=1310720 hits=414955 fwd=7003 rows=895660 fwd_ms=71758.0 eval=0 prior=0
[inst] req=1318912 hits=417597 fwd=7047 rows=901284 fwd_ms=72205.2 eval=0 prior=0
[inst] req=1327104 hits=420286 fwd=7090 rows=906787 fwd_ms=72630.7 eval=0 prior=0
[inst] req=1335296 hits=422966 fwd=7133 rows=912290 fwd_ms=73056.3 eval=0 prior=0
[inst] req=1343488 hits=425722 fwd=7175 rows=917660 fwd_ms=73472.0 eval=0 prior=0
[inst] req=1351680 hits=428538 fwd=7217 rows=923033 fwd_ms=73887.5 eval=0 prior=0
[inst] req=1359872 hits=431225 fwd=7261 rows=928584 fwd_ms=74334.5 eval=0 prior=0
[inst] req=1368064 hits=433962 fwd=7304 rows=934088 fwd_ms=74759.8 eval=0 prior=0
[inst] req=1376256 hits=436841 fwd=7345 rows=939322 fwd_ms=75165.2 eval=0 prior=0
[inst] req=1384448 hits=439701 fwd=7387 rows=944696 fwd_ms=75580.9 eval=0 prior=0
[inst] req=1392640 hits=442440 fwd=7430 rows=950198 fwd_ms=76006.4 eval=0 prior=0
[inst] req=1400832 hits=445143 fwd=7473 rows=955685 fwd_ms=76441.0 eval=0 prior=0
[inst] req=1409024 hits=447774 fwd=7516 rows=961189 fwd_ms=76866.2 eval=0 prior=0
[inst] req=1417216 hits=450555 fwd=7558 rows=966564 fwd_ms=77286.9 eval=0 prior=0
[inst] req=1425408 hits=453469 fwd=7599 rows=971811 fwd_ms=77695.3 eval=0 prior=0
[inst] req=1433600 hits=456189 fwd=7642 rows=977306 fwd_ms=78124.8 eval=0 prior=0
[inst] req=1441792 hits=458790 fwd=7686 rows=982932 fwd_ms=78562.8 eval=0 prior=0
[inst] req=1449984 hits=461643 fwd=7728 rows=988306 fwd_ms=78980.9 eval=0 prior=0
[inst] req=1458176 hits=464408 fwd=7770 rows=993679 fwd_ms=79398.8 eval=0 prior=0
[inst] req=1466368 hits=467102 fwd=7813 rows=999181 fwd_ms=79827.1 eval=0 prior=0
[inst] req=1474560 hits=469746 fwd=7857 rows=1004796 fwd_ms=80278.8 eval=0 prior=0
[inst] req=1482752 hits=472328 fwd=7900 rows=1010300 fwd_ms=80720.4 eval=0 prior=0
[inst] req=1490944 hits=474987 fwd=7945 rows=1015890 fwd_ms=81209.4 eval=0 prior=0
[inst] req=1499136 hits=477884 fwd=7986 rows=1021131 fwd_ms=81635.9 eval=0 prior=0
[inst] req=1507328 hits=480727 fwd=8028 rows=1026506 fwd_ms=82063.0 eval=0 prior=0
[inst] req=1515520 hits=483315 fwd=8072 rows=1032137 fwd_ms=82521.9 eval=0 prior=0
[inst] req=1523712 hits=485958 fwd=8115 rows=1037638 fwd_ms=82962.3 eval=0 prior=0
[inst] req=1531904 hits=488651 fwd=8158 rows=1043142 fwd_ms=83399.3 eval=0 prior=0
[inst] req=1540096 hits=491415 fwd=8201 rows=1048646 fwd_ms=83842.3 eval=0 prior=0
[inst] req=1548288 hits=494081 fwd=8244 rows=1054147 fwd_ms=84275.6 eval=0 prior=0
[inst] req=1556480 hits=496793 fwd=8287 rows=1059645 fwd_ms=84701.3 eval=0 prior=0
[inst] req=1564672 hits=499641 fwd=8329 rows=1065007 fwd_ms=85116.9 eval=0 prior=0
[inst] req=1572864 hits=502346 fwd=8372 rows=1070509 fwd_ms=85542.6 eval=0 prior=0
[inst] req=1581056 hits=505075 fwd=8415 rows=1075925 fwd_ms=85980.0 eval=0 prior=0
[inst] req=1589248 hits=507709 fwd=8458 rows=1081427 fwd_ms=86405.6 eval=0 prior=0
[inst] req=1597440 hits=510237 fwd=8503 rows=1087186 fwd_ms=86851.0 eval=0 prior=0
[inst] req=1605632 hits=512895 fwd=8546 rows=1092684 fwd_ms=87276.6 eval=0 prior=0
[inst] req=1613824 hits=515628 fwd=8589 rows=1098185 fwd_ms=87702.3 eval=0 prior=0
[inst] req=1622016 hits=518200 fwd=8632 rows=1103689 fwd_ms=88127.7 eval=0 prior=0
[inst] req=1630208 hits=521023 fwd=8674 rows=1109062 fwd_ms=88543.3 eval=0 prior=0
[inst] req=1638400 hits=523721 fwd=8717 rows=1114565 fwd_ms=88969.3 eval=0 prior=0
[inst] req=1646592 hits=526340 fwd=8761 rows=1120196 fwd_ms=89405.1 eval=0 prior=0
[inst] req=1654784 hits=529072 fwd=8804 rows=1125694 fwd_ms=89830.8 eval=0 prior=0
[inst] req=1662976 hits=531678 fwd=8847 rows=1131181 fwd_ms=90255.2 eval=0 prior=0
[inst] req=1671168 hits=534729 fwd=8888 rows=1136400 fwd_ms=90670.8 eval=0 prior=0
[inst] req=1679360 hits=537263 fwd=8932 rows=1142024 fwd_ms=91106.7 eval=0 prior=0
[inst] req=1687552 hits=540057 fwd=8974 rows=1147399 fwd_ms=91522.7 eval=0 prior=0
[inst] req=1695744 hits=542656 fwd=9018 rows=1153030 fwd_ms=91957.9 eval=0 prior=0
[inst] req=1703936 hits=545347 fwd=9061 rows=1158534 fwd_ms=92383.5 eval=0 prior=0
[inst] req=1712128 hits=547893 fwd=9106 rows=1164182 fwd_ms=92838.4 eval=0 prior=0
[inst] req=1720320 hits=550579 fwd=9149 rows=1169686 fwd_ms=93263.8 eval=0 prior=0
[inst] req=1728512 hits=553432 fwd=9191 rows=1175057 fwd_ms=93679.3 eval=0 prior=0
[inst] req=1736704 hits=556203 fwd=9233 rows=1180428 fwd_ms=94095.1 eval=0 prior=0
[inst] req=1744896 hits=558929 fwd=9276 rows=1185924 fwd_ms=94520.6 eval=0 prior=0
[inst] req=1753088 hits=561713 fwd=9318 rows=1191300 fwd_ms=94936.4 eval=0 prior=0
[inst] req=1761280 hits=564331 fwd=9362 rows=1196932 fwd_ms=95371.7 eval=0 prior=0
[inst] req=1769472 hits=566971 fwd=9405 rows=1202434 fwd_ms=95797.1 eval=0 prior=0
[inst] req=1777664 hits=569563 fwd=9449 rows=1208062 fwd_ms=96232.5 eval=0 prior=0
[inst] req=1785856 hits=572193 fwd=9492 rows=1213565 fwd_ms=96658.1 eval=0 prior=0
[inst] req=1794048 hits=574879 fwd=9536 rows=1219105 fwd_ms=97104.2 eval=0 prior=0
[inst] req=1802240 hits=577609 fwd=9579 rows=1224605 fwd_ms=97529.6 eval=0 prior=0
[inst] req=1810432 hits=580442 fwd=9621 rows=1229980 fwd_ms=97945.0 eval=0 prior=0
[inst] req=1818624 hits=583076 fwd=9664 rows=1235484 fwd_ms=98370.1 eval=0 prior=0
[inst] req=1826816 hits=585752 fwd=9707 rows=1240987 fwd_ms=98795.2 eval=0 prior=0
[inst] req=1835008 hits=588380 fwd=9751 rows=1246604 fwd_ms=99229.9 eval=0 prior=0
[inst] req=1843200 hits=591015 fwd=9794 rows=1252108 fwd_ms=99655.0 eval=0 prior=0
[inst] req=1851392 hits=593746 fwd=9837 rows=1257607 fwd_ms=100079.7 eval=0 prior=0
[inst] req=1859584 hits=596366 fwd=9880 rows=1263100 fwd_ms=100504.5 eval=0 prior=0
[inst] req=1867776 hits=599013 fwd=9924 rows=1268729 fwd_ms=100939.0 eval=0 prior=0
[inst] req=1875968 hits=601757 fwd=9966 rows=1274103 fwd_ms=101354.7 eval=0 prior=0
[inst] req=1884160 hits=604436 fwd=10009 rows=1279600 fwd_ms=101779.7 eval=0 prior=0
[inst] req=1892352 hits=607064 fwd=10053 rows=1285215 fwd_ms=102213.3 eval=0 prior=0
[inst] req=1900544 hits=609718 fwd=10096 rows=1290708 fwd_ms=102637.6 eval=0 prior=0
[inst] req=1908736 hits=612303 fwd=10140 rows=1296339 fwd_ms=103072.4 eval=0 prior=0
[inst] req=1916928 hits=614965 fwd=10183 rows=1301843 fwd_ms=103497.4 eval=0 prior=0
[inst] req=1925120 hits=617580 fwd=10227 rows=1307474 fwd_ms=103932.6 eval=0 prior=0
[inst] req=1933312 hits=620269 fwd=10270 rows=1312975 fwd_ms=104358.6 eval=0 prior=0
[inst] req=1941504 hits=622977 fwd=10313 rows=1318467 fwd_ms=104783.4 eval=0 prior=0
[inst] req=1949696 hits=625865 fwd=10355 rows=1323720 fwd_ms=105218.6 eval=0 prior=0
[inst] req=1957888 hits=628507 fwd=10399 rows=1329333 fwd_ms=105652.0 eval=0 prior=0
[inst] req=1966080 hits=631192 fwd=10442 rows=1334824 fwd_ms=106077.2 eval=0 prior=0
[inst] req=1974272 hits=633955 fwd=10485 rows=1340312 fwd_ms=106515.0 eval=0 prior=0
[inst] req=1982464 hits=636638 fwd=10528 rows=1345808 fwd_ms=106943.3 eval=0 prior=0
[inst] req=1990656 hits=639278 fwd=10571 rows=1351311 fwd_ms=107371.4 eval=0 prior=0
[inst] req=1998848 hits=642030 fwd=10614 rows=1356810 fwd_ms=107800.0 eval=0 prior=0
[inst] req=2007040 hits=644751 fwd=10656 rows=1362165 fwd_ms=108217.3 eval=0 prior=0
[inst] req=2015232 hits=647481 fwd=10699 rows=1367668 fwd_ms=108647.0 eval=0 prior=0
[inst] req=2023424 hits=650233 fwd=10742 rows=1373168 fwd_ms=109106.3 eval=0 prior=0
[inst] req=2031616 hits=652953 fwd=10784 rows=1378542 fwd_ms=109522.5 eval=0 prior=0
[inst] req=2039808 hits=655512 fwd=10828 rows=1384172 fwd_ms=109957.8 eval=0 prior=0
[inst] req=2048000 hits=658266 fwd=10871 rows=1389675 fwd_ms=110384.5 eval=0 prior=0
[inst] req=2056192 hits=661025 fwd=10913 rows=1395048 fwd_ms=110800.2 eval=0 prior=0
[inst] req=2064384 hits=663643 fwd=10957 rows=1400666 fwd_ms=111238.2 eval=0 prior=0
[inst] req=2072576 hits=666357 fwd=11000 rows=1406170 fwd_ms=111663.7 eval=0 prior=0
[inst] req=2080768 hits=669076 fwd=11043 rows=1411638 fwd_ms=112095.0 eval=0 prior=0
[inst] req=2088960 hits=671735 fwd=11086 rows=1417142 fwd_ms=112520.6 eval=0 prior=0
[inst] req=2097152 hits=674339 fwd=11130 rows=1422774 fwd_ms=112955.9 eval=0 prior=0
[inst] req=2105344 hits=677099 fwd=11172 rows=1428132 fwd_ms=113370.4 eval=0 prior=0
[inst] req=2113536 hits=679735 fwd=11216 rows=1433764 fwd_ms=113805.9 eval=0 prior=0
[inst] req=2121728 hits=682460 fwd=11259 rows=1439260 fwd_ms=114231.4 eval=0 prior=0
[inst] req=2129920 hits=685153 fwd=11302 rows=1444752 fwd_ms=114656.6 eval=0 prior=0
[inst] req=2138112 hits=687887 fwd=11344 rows=1450127 fwd_ms=115072.4 eval=0 prior=0
[inst] req=2146304 hits=690506 fwd=11388 rows=1455759 fwd_ms=115507.5 eval=0 prior=0
[inst] req=2154496 hits=693369 fwd=11429 rows=1461006 fwd_ms=115913.5 eval=0 prior=0
[inst] req=2162688 hits=696118 fwd=11472 rows=1466489 fwd_ms=116337.9 eval=0 prior=0
[inst] req=2170880 hits=698753 fwd=11516 rows=1472105 fwd_ms=116774.0 eval=0 prior=0
[inst] req=2179072 hits=701386 fwd=11559 rows=1477609 fwd_ms=117199.2 eval=0 prior=0
[inst] req=2187264 hits=704228 fwd=11601 rows=1482977 fwd_ms=117615.2 eval=0 prior=0
[inst] req=2195456 hits=706766 fwd=11645 rows=1488591 fwd_ms=118050.8 eval=0 prior=0
[inst] req=2203648 hits=709572 fwd=11687 rows=1493966 fwd_ms=118466.9 eval=0 prior=0
[inst] req=2211840 hits=712314 fwd=11730 rows=1499470 fwd_ms=118892.8 eval=0 prior=0
[inst] req=2220032 hits=714947 fwd=11773 rows=1504973 fwd_ms=119318.2 eval=0 prior=0
[inst] req=2228224 hits=717729 fwd=11816 rows=1510470 fwd_ms=119744.2 eval=0 prior=0
[inst] req=2236416 hits=720505 fwd=11858 rows=1515840 fwd_ms=120161.4 eval=0 prior=0
[inst] req=2244608 hits=723201 fwd=11901 rows=1521344 fwd_ms=120587.3 eval=0 prior=0
[inst] req=2252800 hits=725726 fwd=11945 rows=1526973 fwd_ms=121023.1 eval=0 prior=0
[inst] req=2260992 hits=728465 fwd=11988 rows=1532469 fwd_ms=121449.0 eval=0 prior=0
[inst] req=2269184 hits=731183 fwd=12031 rows=1537874 fwd_ms=121883.7 eval=0 prior=0
[inst] req=2277376 hits=733836 fwd=12075 rows=1543505 fwd_ms=122319.2 eval=0 prior=0
[inst] req=2285568 hits=736519 fwd=12118 rows=1549009 fwd_ms=122745.0 eval=0 prior=0
[inst] req=2293760 hits=739174 fwd=12162 rows=1554579 fwd_ms=123187.8 eval=0 prior=0
[inst] req=2301952 hits=741929 fwd=12204 rows=1559953 fwd_ms=123604.3 eval=0 prior=0
[inst] req=2310144 hits=744530 fwd=12248 rows=1565576 fwd_ms=124040.1 eval=0 prior=0
[inst] req=2318336 hits=747386 fwd=12290 rows=1570927 fwd_ms=124462.3 eval=0 prior=0
[inst] req=2326528 hits=750059 fwd=12333 rows=1576428 fwd_ms=124888.0 eval=0 prior=0
[inst] req=2334720 hits=752671 fwd=12376 rows=1581932 fwd_ms=125313.8 eval=0 prior=0
[inst] req=2342912 hits=755371 fwd=12420 rows=1587535 fwd_ms=125755.4 eval=0 prior=0
[inst] req=2351104 hits=758051 fwd=12463 rows=1593033 fwd_ms=126181.4 eval=0 prior=0
[inst] req=2359296 hits=760822 fwd=12505 rows=1598387 fwd_ms=126596.1 eval=0 prior=0
[inst] req=2367488 hits=763501 fwd=12548 rows=1603891 fwd_ms=127021.9 eval=0 prior=0
[inst] req=2375680 hits=766214 fwd=12591 rows=1609381 fwd_ms=127447.6 eval=0 prior=0
[inst] req=2383872 hits=768915 fwd=12634 rows=1614872 fwd_ms=127873.3 eval=0 prior=0
[inst] req=2392064 hits=771656 fwd=12677 rows=1620376 fwd_ms=128299.5 eval=0 prior=0
[inst] req=2400256 hits=774419 fwd=12719 rows=1625744 fwd_ms=128715.4 eval=0 prior=0
[inst] req=2408448 hits=777223 fwd=12761 rows=1631113 fwd_ms=129131.5 eval=0 prior=0
[inst] req=2416640 hits=779926 fwd=12804 rows=1636604 fwd_ms=129557.0 eval=0 prior=0
[inst] req=2424832 hits=782699 fwd=12847 rows=1642108 fwd_ms=129982.8 eval=0 prior=0
[inst] req=2433024 hits=785458 fwd=12889 rows=1647484 fwd_ms=130399.2 eval=0 prior=0
[inst] req=2441216 hits=788132 fwd=12932 rows=1652987 fwd_ms=130825.3 eval=0 prior=0
[inst] req=2449408 hits=790878 fwd=12975 rows=1658485 fwd_ms=131251.3 eval=0 prior=0
[inst] req=2457600 hits=793658 fwd=13017 rows=1663861 fwd_ms=131667.6 eval=0 prior=0
[inst] req=2465792 hits=796314 fwd=13060 rows=1669365 fwd_ms=132093.9 eval=0 prior=0
[inst] req=2473984 hits=798915 fwd=13104 rows=1674997 fwd_ms=132530.0 eval=0 prior=0
[inst] req=2482176 hits=801776 fwd=13146 rows=1680351 fwd_ms=132944.9 eval=0 prior=0
[inst] req=2490368 hits=804458 fwd=13189 rows=1685842 fwd_ms=133372.5 eval=0 prior=0
[inst] req=2498560 hits=807250 fwd=13232 rows=1691224 fwd_ms=133804.4 eval=0 prior=0
[inst] req=2506752 hits=809875 fwd=13276 rows=1696801 fwd_ms=134246.6 eval=0 prior=0
[inst] req=2514944 hits=812589 fwd=13319 rows=1702304 fwd_ms=134672.8 eval=0 prior=0
[inst] req=2523136 hits=815426 fwd=13361 rows=1707670 fwd_ms=135090.0 eval=0 prior=0
[inst] req=2531328 hits=818233 fwd=13403 rows=1713028 fwd_ms=135505.7 eval=0 prior=0
[inst] req=2539520 hits=820998 fwd=13445 rows=1718402 fwd_ms=135921.7 eval=0 prior=0
[inst] req=2547712 hits=823624 fwd=13489 rows=1724029 fwd_ms=136358.2 eval=0 prior=0
[inst] req=2555904 hits=826396 fwd=13531 rows=1729404 fwd_ms=136775.5 eval=0 prior=0
[inst] req=2564096 hits=829075 fwd=13574 rows=1734895 fwd_ms=137201.4 eval=0 prior=0
[inst] req=2572288 hits=831746 fwd=13618 rows=1740527 fwd_ms=137638.0 eval=0 prior=0
[inst] req=2580480 hits=834421 fwd=13661 rows=1746028 fwd_ms=138063.8 eval=0 prior=0
[inst] req=2588672 hits=837065 fwd=13704 rows=1751529 fwd_ms=138489.9 eval=0 prior=0
[inst] req=2596864 hits=839799 fwd=13747 rows=1757025 fwd_ms=138915.6 eval=0 prior=0
[inst] req=2605056 hits=842428 fwd=13790 rows=1762528 fwd_ms=139342.0 eval=0 prior=0
[inst] req=2613248 hits=845243 fwd=13832 rows=1767902 fwd_ms=139758.3 eval=0 prior=0
[inst] req=2621440 hits=848065 fwd=13874 rows=1773249 fwd_ms=140181.2 eval=0 prior=0
[inst] req=2629632 hits=850842 fwd=13917 rows=1778750 fwd_ms=140607.4 eval=0 prior=0
[inst] req=2637824 hits=853707 fwd=13958 rows=1783997 fwd_ms=141013.8 eval=0 prior=0
[inst] req=2646016 hits=856356 fwd=14002 rows=1789628 fwd_ms=141449.8 eval=0 prior=0
[inst] req=2654208 hits=859087 fwd=14045 rows=1795074 fwd_ms=141882.5 eval=0 prior=0
[inst] req=2662400 hits=861997 fwd=14086 rows=1800298 fwd_ms=142288.5 eval=0 prior=0
[inst] req=2670592 hits=864824 fwd=14128 rows=1805655 fwd_ms=142704.6 eval=0 prior=0
[inst] req=2678784 hits=867657 fwd=14170 rows=1811014 fwd_ms=143120.6 eval=0 prior=0
[inst] req=2686976 hits=870420 fwd=14213 rows=1816470 fwd_ms=143553.3 eval=0 prior=0
[inst] req=2695168 hits=873169 fwd=14256 rows=1821960 fwd_ms=143979.4 eval=0 prior=0
[inst] req=2703360 hits=875956 fwd=14298 rows=1827322 fwd_ms=144396.0 eval=0 prior=0
[inst] req=2711552 hits=878789 fwd=14340 rows=1832671 fwd_ms=144818.7 eval=0 prior=0
[inst] req=2719744 hits=881592 fwd=14382 rows=1838047 fwd_ms=145235.1 eval=0 prior=0
[inst] req=2727936 hits=884326 fwd=14425 rows=1843550 fwd_ms=145661.2 eval=0 prior=0
[inst] req=2736128 hits=887097 fwd=14467 rows=1848917 fwd_ms=146077.2 eval=0 prior=0
[inst] req=2744320 hits=889907 fwd=14509 rows=1854292 fwd_ms=146493.8 eval=0 prior=0
[inst] req=2752512 hits=892538 fwd=14553 rows=1859923 fwd_ms=146930.1 eval=0 prior=0
[inst] req=2760704 hits=895360 fwd=14595 rows=1865296 fwd_ms=147346.6 eval=0 prior=0
[inst] req=2768896 hits=897954 fwd=14639 rows=1870926 fwd_ms=147782.8 eval=0 prior=0
[inst] req=2777088 hits=900780 fwd=14681 rows=1876299 fwd_ms=148200.2 eval=0 prior=0
[inst] req=2785280 hits=903670 fwd=14722 rows=1881544 fwd_ms=148607.0 eval=0 prior=0
[inst] req=2793472 hits=906330 fwd=14765 rows=1887048 fwd_ms=149035.0 eval=0 prior=0
[inst] req=2801664 hits=909091 fwd=14808 rows=1892550 fwd_ms=149462.8 eval=0 prior=0
[inst] req=2809856 hits=911834 fwd=14850 rows=1897923 fwd_ms=149879.1 eval=0 prior=0
[inst] req=2818048 hits=914565 fwd=14893 rows=1903427 fwd_ms=150305.2 eval=0 prior=0
[inst] req=2826240 hits=917368 fwd=14935 rows=1908799 fwd_ms=150722.9 eval=0 prior=0
[inst] req=2834432 hits=920103 fwd=14978 rows=1914302 fwd_ms=151152.0 eval=0 prior=0
[inst] req=2842624 hits=922861 fwd=15020 rows=1919667 fwd_ms=151568.5 eval=0 prior=0
[inst] req=2850816 hits=925843 fwd=15061 rows=1924900 fwd_ms=151974.3 eval=0 prior=0
[inst] req=2859008 hits=928493 fwd=15104 rows=1930396 fwd_ms=152400.4 eval=0 prior=0
[inst] req=2867200 hits=931249 fwd=15147 rows=1935894 fwd_ms=152826.3 eval=0 prior=0
[inst] req=2875392 hits=934059 fwd=15189 rows=1941268 fwd_ms=153243.0 eval=0 prior=0
[inst] req=2883584 hits=936852 fwd=15231 rows=1946642 fwd_ms=153659.4 eval=0 prior=0
[inst] req=2891776 hits=939727 fwd=15273 rows=1952017 fwd_ms=154075.8 eval=0 prior=0
[inst] req=2899968 hits=942718 fwd=15313 rows=1957122 fwd_ms=154472.1 eval=0 prior=0
[inst] req=2908160 hits=945522 fwd=15356 rows=1962626 fwd_ms=154898.8 eval=0 prior=0
[inst] req=2916352 hits=948395 fwd=15397 rows=1967869 fwd_ms=155306.1 eval=0 prior=0
[inst] req=2924544 hits=951043 fwd=15440 rows=1973373 fwd_ms=155733.1 eval=0 prior=0
[inst] req=2932736 hits=954002 fwd=15481 rows=1978620 fwd_ms=156140.8 eval=0 prior=0
[inst] req=2940928 hits=956637 fwd=15525 rows=1984252 fwd_ms=156576.8 eval=0 prior=0
[inst] req=2949120 hits=959499 fwd=15566 rows=1989499 fwd_ms=156984.0 eval=0 prior=0
[inst] req=2957312 hits=962243 fwd=15609 rows=1995003 fwd_ms=157410.1 eval=0 prior=0
[inst] req=2965504 hits=964958 fwd=15652 rows=2000505 fwd_ms=157836.0 eval=0 prior=0
[inst] req=2973696 hits=967749 fwd=15694 rows=2005881 fwd_ms=158252.4 eval=0 prior=0
[inst] req=2981888 hits=970582 fwd=15736 rows=2011231 fwd_ms=158672.0 eval=0 prior=0
[inst] req=2990080 hits=973363 fwd=15778 rows=2016606 fwd_ms=159091.0 eval=0 prior=0
[inst] req=2998272 hits=976228 fwd=15820 rows=2021976 fwd_ms=159510.3 eval=0 prior=0
[inst] req=3006464 hits=978969 fwd=15863 rows=2027466 fwd_ms=159939.3 eval=0 prior=0
[inst] req=3014656 hits=982040 fwd=15903 rows=2032583 fwd_ms=160339.8 eval=0 prior=0
[inst] req=3022848 hits=984747 fwd=15946 rows=2038078 fwd_ms=160769.7 eval=0 prior=0
[inst] req=3031040 hits=987588 fwd=15988 rows=2043444 fwd_ms=161189.7 eval=0 prior=0
[inst] req=3039232 hits=990433 fwd=16029 rows=2048687 fwd_ms=161600.9 eval=0 prior=0
[inst] req=3047424 hits=993135 fwd=16072 rows=2054189 fwd_ms=162031.5 eval=0 prior=0
[inst] req=3055616 hits=995998 fwd=16114 rows=2059563 fwd_ms=162451.1 eval=0 prior=0
[inst] req=3063808 hits=999040 fwd=16154 rows=2064673 fwd_ms=162851.0 eval=0 prior=0
[inst] req=3072000 hits=1001850 fwd=16196 rows=2070038 fwd_ms=163269.8 eval=0 prior=0
[inst] req=3080192 hits=1004526 fwd=16239 rows=2075542 fwd_ms=163699.0 eval=0 prior=0
[inst] req=3088384 hits=1007292 fwd=16282 rows=2081034 fwd_ms=164128.2 eval=0 prior=0
[inst] req=3096576 hits=1010194 fwd=16323 rows=2086275 fwd_ms=164538.0 eval=0 prior=0
[inst] req=3104768 hits=1012890 fwd=16366 rows=2091778 fwd_ms=164967.4 eval=0 prior=0
[inst] req=3112960 hits=1015709 fwd=16408 rows=2097153 fwd_ms=165386.9 eval=0 prior=0
[inst] req=3121152 hits=1018431 fwd=16451 rows=2102617 fwd_ms=165824.1 eval=0 prior=0
[inst] req=3129344 hits=1021361 fwd=16492 rows=2107865 fwd_ms=166233.7 eval=0 prior=0
[inst] req=3137536 hits=1024148 fwd=16535 rows=2113362 fwd_ms=166662.9 eval=0 prior=0
[inst] req=3145728 hits=1027007 fwd=16576 rows=2118608 fwd_ms=167072.6 eval=0 prior=0
[inst] req=3153920 hits=1029805 fwd=16619 rows=2124017 fwd_ms=167511.2 eval=0 prior=0
[inst] req=3162112 hits=1032594 fwd=16661 rows=2129391 fwd_ms=167930.5 eval=0 prior=0
[inst] req=3170304 hits=1035477 fwd=16703 rows=2134739 fwd_ms=168357.2 eval=0 prior=0
[inst] req=3178496 hits=1038253 fwd=16746 rows=2140218 fwd_ms=168786.4 eval=0 prior=0
[inst] req=3186688 hits=1041247 fwd=16786 rows=2145323 fwd_ms=169185.6 eval=0 prior=0
[inst] req=3194880 hits=1043879 fwd=16830 rows=2150923 fwd_ms=169622.4 eval=0 prior=0
[inst] req=3203072 hits=1046803 fwd=16871 rows=2156163 fwd_ms=170029.0 eval=0 prior=0
[inst] req=3211264 hits=1049687 fwd=16913 rows=2161535 fwd_ms=170445.9 eval=0 prior=0
[inst] req=3219456 hits=1052340 fwd=16957 rows=2167098 fwd_ms=170889.0 eval=0 prior=0
[inst] req=3227648 hits=1055162 fwd=16999 rows=2172469 fwd_ms=171305.6 eval=0 prior=0
[inst] req=3235840 hits=1058140 fwd=17039 rows=2177582 fwd_ms=171702.0 eval=0 prior=0
[inst] req=3244032 hits=1061045 fwd=17081 rows=2182941 fwd_ms=172117.4 eval=0 prior=0
[inst] req=3252224 hits=1064065 fwd=17121 rows=2188059 fwd_ms=172514.6 eval=0 prior=0
[inst] req=3260416 hits=1067038 fwd=17163 rows=2193348 fwd_ms=172925.3 eval=0 prior=0
[inst] req=3268608 hits=1069928 fwd=17204 rows=2198595 fwd_ms=173331.6 eval=0 prior=0
[inst] req=3276800 hits=1072838 fwd=17246 rows=2203960 fwd_ms=173748.2 eval=0 prior=0
[inst] req=3284992 hits=1075772 fwd=17287 rows=2209206 fwd_ms=174154.7 eval=0 prior=0
[inst] req=3293184 hits=1078567 fwd=17329 rows=2214582 fwd_ms=174571.5 eval=0 prior=0
[inst] req=3301376 hits=1081313 fwd=17371 rows=2219957 fwd_ms=174987.8 eval=0 prior=0
[inst] req=3309568 hits=1084119 fwd=17413 rows=2225333 fwd_ms=175404.5 eval=0 prior=0
[inst] req=3317760 hits=1086838 fwd=17456 rows=2230837 fwd_ms=175831.0 eval=0 prior=0
[inst] req=3325952 hits=1089545 fwd=17499 rows=2236321 fwd_ms=176256.9 eval=0 prior=0
[inst] req=3334144 hits=1092275 fwd=17542 rows=2241816 fwd_ms=176683.2 eval=0 prior=0
[inst] req=3342336 hits=1095224 fwd=17583 rows=2247063 fwd_ms=177090.0 eval=0 prior=0
[inst] req=3350528 hits=1097895 fwd=17626 rows=2252552 fwd_ms=177515.8 eval=0 prior=0
[inst] req=3358720 hits=1100746 fwd=17668 rows=2257926 fwd_ms=177932.1 eval=0 prior=0
[inst] req=3366912 hits=1103461 fwd=17711 rows=2263424 fwd_ms=178358.4 eval=0 prior=0
[inst] req=3375104 hits=1106303 fwd=17753 rows=2268794 fwd_ms=178775.1 eval=0 prior=0
[inst] req=3383296 hits=1108981 fwd=17796 rows=2274297 fwd_ms=179201.4 eval=0 prior=0
[inst] req=3391488 hits=1111740 fwd=17838 rows=2279671 fwd_ms=179617.9 eval=0 prior=0
[inst] req=3399680 hits=1114573 fwd=17880 rows=2285026 fwd_ms=180033.1 eval=0 prior=0
[inst] req=3407872 hits=1117399 fwd=17922 rows=2290394 fwd_ms=180450.0 eval=0 prior=0
[inst] req=3416064 hits=1120373 fwd=17964 rows=2295689 fwd_ms=180874.9 eval=0 prior=0
[inst] req=3424256 hits=1123115 fwd=18006 rows=2301064 fwd_ms=181291.6 eval=0 prior=0
[inst] req=3432448 hits=1126013 fwd=18048 rows=2306431 fwd_ms=181708.1 eval=0 prior=0
[inst] req=3440640 hits=1128869 fwd=18089 rows=2311679 fwd_ms=182115.0 eval=0 prior=0
[inst] req=3448832 hits=1131634 fwd=18132 rows=2317158 fwd_ms=182540.1 eval=0 prior=0
[inst] req=3457024 hits=1134492 fwd=18174 rows=2322525 fwd_ms=182956.5 eval=0 prior=0
[inst] req=3465216 hits=1137118 fwd=18217 rows=2328021 fwd_ms=183382.5 eval=0 prior=0
[inst] req=3473408 hits=1139999 fwd=18259 rows=2333384 fwd_ms=183798.8 eval=0 prior=0
[inst] req=3481600 hits=1143003 fwd=18299 rows=2338502 fwd_ms=184195.9 eval=0 prior=0
[inst] req=3489792 hits=1146035 fwd=18340 rows=2343744 fwd_ms=184602.7 eval=0 prior=0
[inst] req=3497984 hits=1148934 fwd=18381 rows=2348982 fwd_ms=185009.0 eval=0 prior=0
[inst] req=3506176 hits=1151593 fwd=18424 rows=2354486 fwd_ms=185435.3 eval=0 prior=0
[inst] req=3514368 hits=1154428 fwd=18466 rows=2359862 fwd_ms=185851.5 eval=0 prior=0
[inst] req=3522560 hits=1157262 fwd=18508 rows=2365226 fwd_ms=186267.7 eval=0 prior=0
[inst] req=3530752 hits=1160153 fwd=18549 rows=2370471 fwd_ms=186673.9 eval=0 prior=0
[inst] req=3538944 hits=1162952 fwd=18592 rows=2375964 fwd_ms=187100.4 eval=0 prior=0
[inst] req=3547136 hits=1165807 fwd=18633 rows=2381207 fwd_ms=187507.0 eval=0 prior=0
[inst] req=3555328 hits=1168541 fwd=18676 rows=2386706 fwd_ms=187933.4 eval=0 prior=0
[inst] req=3563520 hits=1171483 fwd=18717 rows=2391952 fwd_ms=188340.3 eval=0 prior=0
[inst] req=3571712 hits=1174247 fwd=18760 rows=2397455 fwd_ms=188767.1 eval=0 prior=0
[inst] req=3579904 hits=1177139 fwd=18801 rows=2402691 fwd_ms=189173.6 eval=0 prior=0
[inst] req=3588096 hits=1179899 fwd=18844 rows=2408170 fwd_ms=189598.5 eval=0 prior=0
[inst] req=3596288 hits=1182668 fwd=18886 rows=2413539 fwd_ms=190015.1 eval=0 prior=0
[inst] req=3604480 hits=1185471 fwd=18928 rows=2418895 fwd_ms=190431.4 eval=0 prior=0
[inst] req=3612672 hits=1188446 fwd=18970 rows=2424161 fwd_ms=190861.3 eval=0 prior=0
[inst] req=3620864 hits=1191233 fwd=19012 rows=2429534 fwd_ms=191278.2 eval=0 prior=0
[inst] req=3629056 hits=1194104 fwd=19054 rows=2434902 fwd_ms=191694.8 eval=0 prior=0
[inst] req=3637248 hits=1196791 fwd=19097 rows=2440404 fwd_ms=192121.6 eval=0 prior=0
[inst] req=3645440 hits=1199741 fwd=19138 rows=2445643 fwd_ms=192528.4 eval=0 prior=0
[inst] req=3653632 hits=1202500 fwd=19180 rows=2451008 fwd_ms=192945.0 eval=0 prior=0
[inst] req=3661824 hits=1205256 fwd=19223 rows=2456508 fwd_ms=193371.6 eval=0 prior=0
[inst] req=3670016 hits=1208095 fwd=19265 rows=2461884 fwd_ms=193788.4 eval=0 prior=0
[inst] req=3678208 hits=1210975 fwd=19306 rows=2467127 fwd_ms=194195.2 eval=0 prior=0
[inst] req=3686400 hits=1213801 fwd=19348 rows=2472487 fwd_ms=194611.6 eval=0 prior=0
[inst] req=3694592 hits=1216654 fwd=19390 rows=2477862 fwd_ms=195028.5 eval=0 prior=0
[inst] req=3702784 hits=1219575 fwd=19432 rows=2483195 fwd_ms=195451.3 eval=0 prior=0
[inst] req=3710976 hits=1222586 fwd=19473 rows=2488354 fwd_ms=195860.7 eval=0 prior=0
[inst] req=3719168 hits=1225436 fwd=19515 rows=2493688 fwd_ms=197256.9 eval=0 prior=0
[inst] req=3727360 hits=1228274 fwd=19557 rows=2499047 fwd_ms=199923.2 eval=0 prior=0
[inst] req=3735552 hits=1231078 fwd=19599 rows=2504378 fwd_ms=201027.1 eval=0 prior=0
[inst] req=3743744 hits=1232942 fwd=19650 rows=2510713 fwd_ms=201545.0 eval=0 prior=0
[inst] req=3751936 hits=1235105 fwd=19697 rows=2516729 fwd_ms=202015.2 eval=0 prior=0
[inst] req=3760128 hits=1237962 fwd=19739 rows=2522103 fwd_ms=202438.1 eval=0 prior=0
[inst] req=3768320 hits=1240708 fwd=19782 rows=2527605 fwd_ms=202889.2 eval=0 prior=0
[inst] req=3776512 hits=1243559 fwd=19823 rows=2532852 fwd_ms=203320.0 eval=0 prior=0
[inst] req=3784704 hits=1246399 fwd=19866 rows=2538293 fwd_ms=203755.0 eval=0 prior=0
[inst] req=3792896 hits=1249227 fwd=19908 rows=2543665 fwd_ms=204196.8 eval=0 prior=0
[inst] req=3801088 hits=1252030 fwd=19950 rows=2549033 fwd_ms=204650.4 eval=0 prior=0
[inst] req=3809280 hits=1254773 fwd=19992 rows=2554408 fwd_ms=205101.6 eval=0 prior=0
[inst] req=3817472 hits=1257671 fwd=20034 rows=2559773 fwd_ms=205553.9 eval=0 prior=0
[inst] req=3825664 hits=1260465 fwd=20076 rows=2565140 fwd_ms=206004.8 eval=0 prior=0
[inst] req=3833856 hits=1263247 fwd=20118 rows=2570515 fwd_ms=206444.0 eval=0 prior=0
[inst] req=3842048 hits=1265911 fwd=20161 rows=2576018 fwd_ms=206886.5 eval=0 prior=0
[inst] req=3850240 hits=1268612 fwd=20204 rows=2581521 fwd_ms=207324.5 eval=0 prior=0
[inst] req=3858432 hits=1271432 fwd=20246 rows=2586880 fwd_ms=207771.1 eval=0 prior=0
[inst] req=3866624 hits=1274236 fwd=20290 rows=2592364 fwd_ms=208251.4 eval=0 prior=0
[inst] req=3874816 hits=1277155 fwd=20331 rows=2597609 fwd_ms=208692.9 eval=0 prior=0
[inst] req=3883008 hits=1279807 fwd=20374 rows=2603110 fwd_ms=209161.9 eval=0 prior=0
[inst] req=3891200 hits=1282858 fwd=20414 rows=2608228 fwd_ms=209598.3 eval=0 prior=0
[inst] req=3899392 hits=1285633 fwd=20457 rows=2613727 fwd_ms=210056.4 eval=0 prior=0
[inst] req=3907584 hits=1288487 fwd=20499 rows=2619096 fwd_ms=210494.9 eval=0 prior=0
[inst] req=3915776 hits=1291343 fwd=20541 rows=2624412 fwd_ms=210938.2 eval=0 prior=0
[inst] req=3923968 hits=1294066 fwd=20583 rows=2629779 fwd_ms=211385.4 eval=0 prior=0
[inst] req=3932160 hits=1296796 fwd=20627 rows=2635269 fwd_ms=211852.7 eval=0 prior=0
[inst] req=3940352 hits=1299622 fwd=20669 rows=2640641 fwd_ms=212301.0 eval=0 prior=0
[inst] req=3948544 hits=1302397 fwd=20712 rows=2646141 fwd_ms=212764.3 eval=0 prior=0
[inst] req=3956736 hits=1305362 fwd=20752 rows=2651252 fwd_ms=213181.2 eval=0 prior=0
[inst] req=3964928 hits=1308069 fwd=20795 rows=2656756 fwd_ms=213641.5 eval=0 prior=0
[inst] req=3973120 hits=1310815 fwd=20839 rows=2662303 fwd_ms=214119.7 eval=0 prior=0
[inst] req=3981312 hits=1313581 fwd=20881 rows=2667674 fwd_ms=214562.0 eval=0 prior=0
[inst] req=3989504 hits=1316419 fwd=20923 rows=2673049 fwd_ms=215002.7 eval=0 prior=0
[inst] req=3997696 hits=1319185 fwd=20965 rows=2678422 fwd_ms=215442.4 eval=0 prior=0
[inst] req=4005888 hits=1322001 fwd=21007 rows=2683798 fwd_ms=215886.8 eval=0 prior=0
[inst] req=4014080 hits=1324814 fwd=21050 rows=2689170 fwd_ms=216349.3 eval=0 prior=0
[inst] req=4022272 hits=1327619 fwd=21093 rows=2694612 fwd_ms=216796.4 eval=0 prior=0
[inst] req=4030464 hits=1330471 fwd=21135 rows=2699958 fwd_ms=217236.7 eval=0 prior=0
[inst] req=4038656 hits=1333242 fwd=21178 rows=2705409 fwd_ms=217700.9 eval=0 prior=0
[inst] req=4046848 hits=1336155 fwd=21219 rows=2710656 fwd_ms=218144.2 eval=0 prior=0
[inst] req=4055040 hits=1338886 fwd=21261 rows=2716027 fwd_ms=218591.2 eval=0 prior=0
[inst] req=4063232 hits=1341750 fwd=21304 rows=2721380 fwd_ms=219040.8 eval=0 prior=0
[inst] req=4071424 hits=1344514 fwd=21347 rows=2726880 fwd_ms=219492.0 eval=0 prior=0
[inst] req=4079616 hits=1347163 fwd=21390 rows=2732384 fwd_ms=219949.1 eval=0 prior=0
[inst] req=4087808 hits=1350172 fwd=21431 rows=2737577 fwd_ms=220382.8 eval=0 prior=0
[inst] req=4096000 hits=1352857 fwd=21474 rows=2743079 fwd_ms=220837.5 eval=0 prior=0
[inst] req=4104192 hits=1355740 fwd=21515 rows=2748324 fwd_ms=221268.0 eval=0 prior=0
[inst] req=4112384 hits=1358634 fwd=21557 rows=2753697 fwd_ms=221707.4 eval=0 prior=0
[inst] req=4120576 hits=1361478 fwd=21599 rows=2759073 fwd_ms=222161.5 eval=0 prior=0
[inst] req=4128768 hits=1364259 fwd=21641 rows=2764449 fwd_ms=222612.8 eval=0 prior=0
[inst] req=4136960 hits=1367139 fwd=21682 rows=2769694 fwd_ms=223058.0 eval=0 prior=0
[inst] req=4145152 hits=1369929 fwd=21725 rows=2775195 fwd_ms=223510.5 eval=0 prior=0
[inst] req=4153344 hits=1372710 fwd=21768 rows=2780612 fwd_ms=223940.9 eval=0 prior=0
[inst] req=4161536 hits=1375445 fwd=21810 rows=2785988 fwd_ms=224373.8 eval=0 prior=0
[inst] req=4169728 hits=1378153 fwd=21853 rows=2791492 fwd_ms=224811.8 eval=0 prior=0
[inst] req=4177920 hits=1380991 fwd=21895 rows=2796852 fwd_ms=225243.0 eval=0 prior=0
[inst] req=4186112 hits=1383724 fwd=21938 rows=2802333 fwd_ms=225686.2 eval=0 prior=0
[inst] req=4194304 hits=1386622 fwd=21979 rows=2807574 fwd_ms=226103.1 eval=0 prior=0
[inst] req=4202496 hits=1389551 fwd=22021 rows=2812882 fwd_ms=226519.9 eval=0 prior=0
[inst] req=4210688 hits=1392521 fwd=22062 rows=2818124 fwd_ms=226931.8 eval=0 prior=0
[inst] req=4218880 hits=1395410 fwd=22104 rows=2823463 fwd_ms=227351.9 eval=0 prior=0
[inst] req=4227072 hits=1398219 fwd=22146 rows=2828839 fwd_ms=227774.4 eval=0 prior=0
[inst] req=4235264 hits=1401229 fwd=22186 rows=2833947 fwd_ms=228175.7 eval=0 prior=0
[inst] req=4243456 hits=1404068 fwd=22228 rows=2839317 fwd_ms=228595.6 eval=0 prior=0
[inst] req=4251648 hits=1406866 fwd=22270 rows=2844686 fwd_ms=229016.5 eval=0 prior=0
[inst] req=4259840 hits=1409726 fwd=22312 rows=2850058 fwd_ms=229436.7 eval=0 prior=0
[inst] req=4268032 hits=1412469 fwd=22355 rows=2855535 fwd_ms=229865.1 eval=0 prior=0
[inst] req=4276224 hits=1415360 fwd=22397 rows=2860852 fwd_ms=230282.4 eval=0 prior=0
[inst] req=4284416 hits=1418162 fwd=22439 rows=2866225 fwd_ms=230703.2 eval=0 prior=0
[inst] req=4292608 hits=1420934 fwd=22481 rows=2871597 fwd_ms=231123.9 eval=0 prior=0
[inst] req=4300800 hits=1423759 fwd=22523 rows=2876961 fwd_ms=231544.2 eval=0 prior=0
[inst] req=4308992 hits=1426575 fwd=22565 rows=2882334 fwd_ms=231966.2 eval=0 prior=0
[inst] req=4317184 hits=1429677 fwd=22605 rows=2887446 fwd_ms=232378.3 eval=0 prior=0
[inst] req=4325376 hits=1432390 fwd=22648 rows=2892943 fwd_ms=232828.5 eval=0 prior=0
[inst] req=4333568 hits=1435123 fwd=22690 rows=2898319 fwd_ms=233258.5 eval=0 prior=0
[inst] req=4341760 hits=1438059 fwd=22732 rows=2903678 fwd_ms=233689.7 eval=0 prior=0
[inst] req=4349952 hits=1440892 fwd=22774 rows=2909032 fwd_ms=234107.0 eval=0 prior=0
[inst] req=4358144 hits=1443713 fwd=22816 rows=2914303 fwd_ms=234533.4 eval=0 prior=0
[inst] req=4366336 hits=1446445 fwd=22859 rows=2919800 fwd_ms=234963.1 eval=0 prior=0
[inst] req=4374528 hits=1449197 fwd=22902 rows=2925302 fwd_ms=235392.4 eval=0 prior=0
[inst] req=4382720 hits=1451894 fwd=22945 rows=2930795 fwd_ms=235821.1 eval=0 prior=0
[inst] req=4390912 hits=1454636 fwd=22987 rows=2936171 fwd_ms=236239.9 eval=0 prior=0
[inst] req=4399104 hits=1457474 fwd=23029 rows=2941524 fwd_ms=236657.6 eval=0 prior=0
[inst] req=4407296 hits=1460289 fwd=23071 rows=2946895 fwd_ms=237076.7 eval=0 prior=0
[inst] req=4415488 hits=1462943 fwd=23115 rows=2952510 fwd_ms=237527.5 eval=0 prior=0
[inst] req=4423680 hits=1465830 fwd=23156 rows=2957751 fwd_ms=237958.9 eval=0 prior=0
[inst] req=4431872 hits=1468785 fwd=23197 rows=2962975 fwd_ms=238373.2 eval=0 prior=0
[inst] req=4440064 hits=1471672 fwd=23239 rows=2968319 fwd_ms=238794.2 eval=0 prior=0
[inst] req=4448256 hits=1474606 fwd=23280 rows=2973565 fwd_ms=239216.5 eval=0 prior=0
[inst] req=4456448 hits=1477644 fwd=23321 rows=2978793 fwd_ms=239635.2 eval=0 prior=0
[inst] req=4464640 hits=1480346 fwd=23364 rows=2984289 fwd_ms=240080.3 eval=0 prior=0
[inst] req=4472832 hits=1483138 fwd=23406 rows=2989654 fwd_ms=240521.9 eval=0 prior=0
[inst] req=4481024 hits=1485936 fwd=23449 rows=2995042 fwd_ms=240957.1 eval=0 prior=0
[inst] req=4489216 hits=1488892 fwd=23491 rows=3000301 fwd_ms=241388.1 eval=0 prior=0
[inst] req=4497408 hits=1491716 fwd=23533 rows=3005674 fwd_ms=241818.7 eval=0 prior=0
[inst] req=4505600 hits=1494523 fwd=23575 rows=3011039 fwd_ms=242254.0 eval=0 prior=0
[inst] req=4513792 hits=1497450 fwd=23616 rows=3016285 fwd_ms=242676.9 eval=0 prior=0
[inst] req=4521984 hits=1500186 fwd=23659 rows=3021789 fwd_ms=243126.0 eval=0 prior=0
[inst] req=4530176 hits=1503114 fwd=23700 rows=3027010 fwd_ms=243533.2 eval=0 prior=0
[inst] req=4538368 hits=1505981 fwd=23742 rows=3032386 fwd_ms=243952.3 eval=0 prior=0
[inst] req=4546560 hits=1508625 fwd=23785 rows=3037887 fwd_ms=244381.3 eval=0 prior=0
[inst] req=4554752 hits=1511482 fwd=23827 rows=3043263 fwd_ms=244800.8 eval=0 prior=0
[inst] req=4562944 hits=1514315 fwd=23868 rows=3048508 fwd_ms=245210.4 eval=0 prior=0
[inst] req=4571136 hits=1517047 fwd=23911 rows=3054010 fwd_ms=245640.5 eval=0 prior=0
[inst] req=4579328 hits=1520003 fwd=23952 rows=3059255 fwd_ms=246051.1 eval=0 prior=0
[inst] req=4587520 hits=1522730 fwd=23995 rows=3064759 fwd_ms=246481.7 eval=0 prior=0
[inst] req=4595712 hits=1525800 fwd=24035 rows=3069877 fwd_ms=246882.2 eval=0 prior=0
[inst] req=4603904 hits=1528369 fwd=24079 rows=3075509 fwd_ms=247322.5 eval=0 prior=0
[inst] req=4612096 hits=1531287 fwd=24120 rows=3080754 fwd_ms=247732.6 eval=0 prior=0
[inst] req=4620288 hits=1533933 fwd=24164 rows=3086337 fwd_ms=248170.1 eval=0 prior=0
[inst] req=4628480 hits=1536697 fwd=24206 rows=3091713 fwd_ms=248590.6 eval=0 prior=0
[inst] req=4636672 hits=1539299 fwd=24250 rows=3097340 fwd_ms=249031.5 eval=0 prior=0
[inst] req=4644864 hits=1542086 fwd=24292 rows=3102706 fwd_ms=249451.7 eval=0 prior=0
[inst] req=4653056 hits=1544805 fwd=24335 rows=3108202 fwd_ms=249881.7 eval=0 prior=0
[inst] req=4661248 hits=1547457 fwd=24378 rows=3113705 fwd_ms=250312.3 eval=0 prior=0
[inst] req=4669440 hits=1550132 fwd=24422 rows=3119233 fwd_ms=250745.6 eval=0 prior=0
[inst] req=4677632 hits=1553031 fwd=24463 rows=3124480 fwd_ms=251156.4 eval=0 prior=0
[inst] req=4685824 hits=1555779 fwd=24506 rows=3129982 fwd_ms=251586.7 eval=0 prior=0
[inst] req=4694016 hits=1558442 fwd=24549 rows=3135486 fwd_ms=252017.2 eval=0 prior=0
[inst] req=4702208 hits=1561330 fwd=24591 rows=3140862 fwd_ms=252438.8 eval=0 prior=0
[inst] req=4710400 hits=1564143 fwd=24633 rows=3146220 fwd_ms=252859.5 eval=0 prior=0
[inst] req=4718592 hits=1566832 fwd=24676 rows=3151710 fwd_ms=253289.7 eval=0 prior=0
[inst] req=4726784 hits=1569430 fwd=24720 rows=3157336 fwd_ms=253730.1 eval=0 prior=0
[inst] req=4734976 hits=1572303 fwd=24761 rows=3162573 fwd_ms=254140.5 eval=0 prior=0
[inst] req=4743168 hits=1575128 fwd=24804 rows=3168023 fwd_ms=254567.2 eval=0 prior=0
[inst] req=4751360 hits=1577767 fwd=24847 rows=3173514 fwd_ms=254997.3 eval=0 prior=0
[inst] req=4759552 hits=1580379 fwd=24891 rows=3179137 fwd_ms=255437.1 eval=0 prior=0
[inst] req=4767744 hits=1583179 fwd=24933 rows=3184479 fwd_ms=255855.4 eval=0 prior=0
[inst] req=4775936 hits=1585960 fwd=24976 rows=3189892 fwd_ms=256280.2 eval=0 prior=0
[inst] req=4784128 hits=1588760 fwd=25018 rows=3195262 fwd_ms=256700.1 eval=0 prior=0
[inst] req=4792320 hits=1591482 fwd=25061 rows=3200766 fwd_ms=257130.0 eval=0 prior=0
[inst] req=4800512 hits=1594297 fwd=25103 rows=3206139 fwd_ms=257549.9 eval=0 prior=0
[inst] req=4808704 hits=1597136 fwd=25145 rows=3211514 fwd_ms=257970.4 eval=0 prior=0
[inst] req=4816896 hits=1600155 fwd=25185 rows=3216631 fwd_ms=258369.0 eval=0 prior=0
[inst] req=4825088 hits=1602961 fwd=25228 rows=3222126 fwd_ms=258798.4 eval=0 prior=0
[inst] req=4833280 hits=1605627 fwd=25271 rows=3227626 fwd_ms=259228.5 eval=0 prior=0
[inst] req=4841472 hits=1608455 fwd=25313 rows=3232999 fwd_ms=259648.1 eval=0 prior=0
[inst] req=4849664 hits=1611115 fwd=25356 rows=3238489 fwd_ms=260076.9 eval=0 prior=0
[inst] req=4857856 hits=1613903 fwd=25398 rows=3243846 fwd_ms=260494.4 eval=0 prior=0
[inst] req=4866048 hits=1616699 fwd=25441 rows=3249347 fwd_ms=260923.4 eval=0 prior=0
[inst] req=4874240 hits=1619442 fwd=25483 rows=3254717 fwd_ms=261342.6 eval=0 prior=0
[inst] req=4882432 hits=1622204 fwd=25526 rows=3260219 fwd_ms=261772.5 eval=0 prior=0
[inst] req=4890624 hits=1625004 fwd=25568 rows=3265559 fwd_ms=262189.7 eval=0 prior=0
[inst] req=4898816 hits=1627923 fwd=25609 rows=3270797 fwd_ms=262600.3 eval=0 prior=0
[inst] req=4907008 hits=1630719 fwd=25652 rows=3276251 fwd_ms=263039.5 eval=0 prior=0
[inst] req=4915200 hits=1633448 fwd=25694 rows=3281627 fwd_ms=263459.1 eval=0 prior=0
[inst] req=4923392 hits=1636193 fwd=25737 rows=3287117 fwd_ms=263888.7 eval=0 prior=0
[inst] req=4931584 hits=1638972 fwd=25780 rows=3292595 fwd_ms=264317.2 eval=0 prior=0
[inst] req=4939776 hits=1641698 fwd=25822 rows=3297962 fwd_ms=264736.5 eval=0 prior=0
[inst] req=4947968 hits=1644509 fwd=25864 rows=3303332 fwd_ms=265155.8 eval=0 prior=0
[inst] req=4956160 hits=1647170 fwd=25908 rows=3308963 fwd_ms=265594.9 eval=0 prior=0
[inst] req=4964352 hits=1650113 fwd=25949 rows=3314202 fwd_ms=266004.7 eval=0 prior=0
[inst] req=4972544 hits=1652787 fwd=25992 rows=3319705 fwd_ms=266434.0 eval=0 prior=0
[inst] req=4980736 hits=1655828 fwd=26032 rows=3324823 fwd_ms=266834.3 eval=0 prior=0
[inst] req=4988928 hits=1658795 fwd=26074 rows=3330101 fwd_ms=267248.1 eval=0 prior=0
[inst] req=4997120 hits=1661619 fwd=26116 rows=3335465 fwd_ms=267667.7 eval=0 prior=0
[inst] req=5005312 hits=1664358 fwd=26158 rows=3340840 fwd_ms=268088.1 eval=0 prior=0
[inst] req=5013504 hits=1666979 fwd=26202 rows=3346471 fwd_ms=268528.8 eval=0 prior=0
[inst] req=5021696 hits=1669803 fwd=26244 rows=3351847 fwd_ms=268947.7 eval=0 prior=0
[inst] req=5029888 hits=1672540 fwd=26287 rows=3357343 fwd_ms=269377.2 eval=0 prior=0
[inst] req=5038080 hits=1675301 fwd=26329 rows=3362717 fwd_ms=269797.7 eval=0 prior=0
[inst] req=5046272 hits=1677990 fwd=26372 rows=3368221 fwd_ms=270227.5 eval=0 prior=0
[inst] req=5054464 hits=1680824 fwd=26414 rows=3373595 fwd_ms=270647.9 eval=0 prior=0
[inst] req=5062656 hits=1683498 fwd=26457 rows=3379089 fwd_ms=271078.4 eval=0 prior=0
[inst] req=5070848 hits=1686359 fwd=26499 rows=3384419 fwd_ms=271496.6 eval=0 prior=0
[inst] req=5079040 hits=1689002 fwd=26542 rows=3389921 fwd_ms=271927.1 eval=0 prior=0
[inst] req=5087232 hits=1691939 fwd=26584 rows=3395275 fwd_ms=272346.2 eval=0 prior=0
[inst] req=5095424 hits=1694674 fwd=26626 rows=3400648 fwd_ms=272767.7 eval=0 prior=0
[inst] req=5103616 hits=1697499 fwd=26669 rows=3406017 fwd_ms=273190.7 eval=0 prior=0
[inst] req=5111808 hits=1700239 fwd=26712 rows=3411505 fwd_ms=273622.9 eval=0 prior=0
[inst] req=5120000 hits=1702928 fwd=26756 rows=3417026 fwd_ms=274076.1 eval=0 prior=0
[inst] req=5128192 hits=1705764 fwd=26798 rows=3422336 fwd_ms=274494.3 eval=0 prior=0
[inst] req=5136384 hits=1708423 fwd=26842 rows=3427945 fwd_ms=274934.0 eval=0 prior=0
[inst] req=5144576 hits=1711505 fwd=26882 rows=3432962 fwd_ms=275354.5 eval=0 prior=0
[inst] req=5152768 hits=1714145 fwd=26926 rows=3438510 fwd_ms=278026.8 eval=0 prior=0
[inst] req=5160960 hits=1717004 fwd=26969 rows=3443909 fwd_ms=280647.8 eval=0 prior=0
[inst] req=5169152 hits=1719930 fwd=27010 rows=3449101 fwd_ms=283443.0 eval=0 prior=0
[inst] req=5177344 hits=1722705 fwd=27053 rows=3454551 fwd_ms=284735.3 eval=0 prior=0
[inst] req=5185536 hits=1725762 fwd=27093 rows=3459648 fwd_ms=285146.0 eval=0 prior=0
[inst] req=5193728 hits=1726985 fwd=27149 rows=3466626 fwd_ms=285705.9 eval=0 prior=0
[inst] req=5201920 hits=1729645 fwd=27193 rows=3472251 fwd_ms=286143.9 eval=0 prior=0
[inst] req=5210112 hits=1732418 fwd=27235 rows=3477626 fwd_ms=286562.1 eval=0 prior=0
[inst] req=5218304 hits=1735476 fwd=27275 rows=3482738 fwd_ms=286960.4 eval=0 prior=0
[inst] req=5226496 hits=1738239 fwd=27318 rows=3488241 fwd_ms=287388.2 eval=0 prior=0
[inst] req=5234688 hits=1741027 fwd=27360 rows=3493614 fwd_ms=287806.4 eval=0 prior=0
[inst] req=5242880 hits=1743895 fwd=27401 rows=3498862 fwd_ms=288214.3 eval=0 prior=0
[inst] req=5251072 hits=1746865 fwd=27443 rows=3504146 fwd_ms=288626.0 eval=0 prior=0
[inst] req=5259264 hits=1749810 fwd=27484 rows=3509393 fwd_ms=289033.8 eval=0 prior=0
[inst] req=5267456 hits=1752631 fwd=27526 rows=3514765 fwd_ms=289451.8 eval=0 prior=0
[inst] req=5275648 hits=1755664 fwd=27566 rows=3519878 fwd_ms=289850.3 eval=0 prior=0
[inst] req=5283840 hits=1758514 fwd=27608 rows=3525251 fwd_ms=290268.0 eval=0 prior=0
[inst] req=5292032 hits=1761459 fwd=27649 rows=3530492 fwd_ms=290675.2 eval=0 prior=0
[inst] req=5300224 hits=1764316 fwd=27691 rows=3535865 fwd_ms=291092.2 eval=0 prior=0
[inst] req=5308416 hits=1767081 fwd=27733 rows=3541234 fwd_ms=291509.4 eval=0 prior=0
[inst] req=5316608 hits=1770048 fwd=27774 rows=3546468 fwd_ms=291916.7 eval=0 prior=0
[inst] req=5324800 hits=1772836 fwd=27816 rows=3551843 fwd_ms=292334.1 eval=0 prior=0
[inst] req=5332992 hits=1775764 fwd=27858 rows=3557203 fwd_ms=292751.4 eval=0 prior=0
[inst] req=5341184 hits=1778593 fwd=27900 rows=3562577 fwd_ms=293168.5 eval=0 prior=0
[inst] req=5349376 hits=1781297 fwd=27942 rows=3567951 fwd_ms=293585.6 eval=0 prior=0
[inst] req=5357568 hits=1784106 fwd=27985 rows=3573450 fwd_ms=294012.0 eval=0 prior=0
[inst] req=5365760 hits=1786857 fwd=28027 rows=3578824 fwd_ms=294428.8 eval=0 prior=0
[inst] req=5373952 hits=1789807 fwd=28068 rows=3584069 fwd_ms=294835.7 eval=0 prior=0
[inst] req=5382144 hits=1792756 fwd=28109 rows=3589317 fwd_ms=295245.7 eval=0 prior=0
[inst] req=5390336 hits=1795599 fwd=28151 rows=3594691 fwd_ms=295665.3 eval=0 prior=0
[inst] req=5398528 hits=1798460 fwd=28193 rows=3599979 fwd_ms=296078.5 eval=0 prior=0
[inst] req=5406720 hits=1801208 fwd=28237 rows=3605477 fwd_ms=296516.7 eval=0 prior=0
[inst] req=5414912 hits=1804098 fwd=28278 rows=3610717 fwd_ms=296926.6 eval=0 prior=0
[inst] req=5423104 hits=1806901 fwd=28320 rows=3616089 fwd_ms=297346.8 eval=0 prior=0
[inst] req=5431296 hits=1809730 fwd=28362 rows=3621458 fwd_ms=297766.0 eval=0 prior=0
[inst] req=5439488 hits=1812608 fwd=28404 rows=3626832 fwd_ms=298185.9 eval=0 prior=0
[inst] req=5447680 hits=1815488 fwd=28445 rows=3632072 fwd_ms=298595.8 eval=0 prior=0
[inst] req=5455872 hits=1818441 fwd=28486 rows=3637320 fwd_ms=299006.0 eval=0 prior=0
[inst] req=5464064 hits=1821106 fwd=28530 rows=3642952 fwd_ms=299445.7 eval=0 prior=0
[inst] req=5472256 hits=1824113 fwd=28570 rows=3648071 fwd_ms=299845.5 eval=0 prior=0
[inst] req=5480448 hits=1826852 fwd=28613 rows=3653575 fwd_ms=300275.2 eval=0 prior=0
[inst] req=5488640 hits=1829924 fwd=28653 rows=3658679 fwd_ms=300672.7 eval=0 prior=0
[inst] req=5496832 hits=1832809 fwd=28694 rows=3663926 fwd_ms=301082.6 eval=0 prior=0
[inst] req=5505024 hits=1835567 fwd=28737 rows=3669430 fwd_ms=301512.6 eval=0 prior=0
[inst] req=5513216 hits=1838411 fwd=28778 rows=3674678 fwd_ms=301922.4 eval=0 prior=0
[inst] req=5521408 hits=1841235 fwd=28820 rows=3680052 fwd_ms=302342.1 eval=0 prior=0
[inst] req=5529600 hits=1844154 fwd=28862 rows=3685417 fwd_ms=302761.8 eval=0 prior=0
[inst] req=5537792 hits=1846882 fwd=28905 rows=3690883 fwd_ms=303190.4 eval=0 prior=0
[inst] req=5545984 hits=1849674 fwd=28947 rows=3696248 fwd_ms=303610.2 eval=0 prior=0
[inst] req=5554176 hits=1852688 fwd=28987 rows=3701360 fwd_ms=304009.6 eval=0 prior=0
[inst] req=5562368 hits=1855529 fwd=29029 rows=3706731 fwd_ms=304429.3 eval=0 prior=0
[inst] req=5570560 hits=1858565 fwd=29070 rows=3711973 fwd_ms=304839.1 eval=0 prior=0
[inst] req=5578752 hits=1861302 fwd=29112 rows=3717349 fwd_ms=305259.2 eval=0 prior=0
[inst] req=5586944 hits=1864291 fwd=29153 rows=3722590 fwd_ms=305669.4 eval=0 prior=0
[inst] req=5595136 hits=1867231 fwd=29194 rows=3727837 fwd_ms=306079.8 eval=0 prior=0
[inst] req=5603328 hits=1870121 fwd=29235 rows=3733080 fwd_ms=306488.3 eval=0 prior=0
[inst] req=5611520 hits=1873082 fwd=29276 rows=3738318 fwd_ms=306895.5 eval=0 prior=0
[inst] req=5619712 hits=1875691 fwd=29320 rows=3743927 fwd_ms=307331.2 eval=0 prior=0
[inst] req=5627904 hits=1878656 fwd=29361 rows=3749159 fwd_ms=307737.4 eval=0 prior=0
[inst] req=5636096 hits=1881619 fwd=29402 rows=3754403 fwd_ms=308144.3 eval=0 prior=0
[inst] req=5644288 hits=1884479 fwd=29444 rows=3759778 fwd_ms=308561.3 eval=0 prior=0
[inst] req=5652480 hits=1887366 fwd=29485 rows=3765020 fwd_ms=308968.6 eval=0 prior=0
[inst] req=5660672 hits=1890205 fwd=29527 rows=3770393 fwd_ms=309385.8 eval=0 prior=0
[inst] req=5668864 hits=1893114 fwd=29568 rows=3775624 fwd_ms=309792.7 eval=0 prior=0
[inst] req=5677056 hits=1896133 fwd=29609 rows=3780861 fwd_ms=310199.9 eval=0 prior=0
[inst] req=5685248 hits=1899078 fwd=29650 rows=3786096 fwd_ms=310607.2 eval=0 prior=0
[inst] req=5693440 hits=1902031 fwd=29691 rows=3791314 fwd_ms=311013.7 eval=0 prior=0
[inst] req=5701632 hits=1904851 fwd=29733 rows=3796671 fwd_ms=311431.0 eval=0 prior=0
[inst] req=5709824 hits=1907869 fwd=29775 rows=3801952 fwd_ms=311854.8 eval=0 prior=0
[inst] req=5718016 hits=1910559 fwd=29818 rows=3807454 fwd_ms=312281.6 eval=0 prior=0
[inst] req=5726208 hits=1913503 fwd=29859 rows=3812683 fwd_ms=312687.2 eval=0 prior=0
[inst] req=5734400 hits=1916263 fwd=29901 rows=3818039 fwd_ms=313104.0 eval=0 prior=0
[inst] req=5742592 hits=1919052 fwd=29943 rows=3823415 fwd_ms=313520.9 eval=0 prior=0
[inst] req=5750784 hits=1922012 fwd=29984 rows=3828654 fwd_ms=313928.2 eval=0 prior=0
[inst] req=5758976 hits=1924758 fwd=30027 rows=3834150 fwd_ms=314355.5 eval=0 prior=0
[inst] req=5767168 hits=1927523 fwd=30069 rows=3839524 fwd_ms=314772.9 eval=0 prior=0
[inst] req=5775360 hits=1930532 fwd=30110 rows=3844749 fwd_ms=315179.1 eval=0 prior=0
[inst] req=5783552 hits=1933649 fwd=30150 rows=3849860 fwd_ms=315576.5 eval=0 prior=0
[inst] req=5791744 hits=1936404 fwd=30192 rows=3855227 fwd_ms=315994.0 eval=0 prior=0
[inst] req=5799936 hits=1939231 fwd=30235 rows=3860698 fwd_ms=316419.6 eval=0 prior=0
[inst] req=5808128 hits=1942169 fwd=30276 rows=3865935 fwd_ms=316827.1 eval=0 prior=0
[inst] req=5816320 hits=1944994 fwd=30318 rows=3871310 fwd_ms=317244.4 eval=0 prior=0
[inst] req=5824512 hits=1947869 fwd=30359 rows=3876557 fwd_ms=317652.4 eval=0 prior=0
[inst] req=5832704 hits=1950567 fwd=30402 rows=3882054 fwd_ms=318080.2 eval=0 prior=0
[inst] req=5840896 hits=1953389 fwd=30444 rows=3887425 fwd_ms=318498.0 eval=0 prior=0
[inst] req=5849088 hits=1956329 fwd=30485 rows=3892658 fwd_ms=318905.6 eval=0 prior=0
[inst] req=5857280 hits=1959090 fwd=30528 rows=3898129 fwd_ms=319331.3 eval=0 prior=0
[inst] req=5865472 hits=1961955 fwd=30570 rows=3903501 fwd_ms=319750.7 eval=0 prior=0
[inst] req=5873664 hits=1964828 fwd=30611 rows=3908746 fwd_ms=320158.6 eval=0 prior=0
[inst] req=5881856 hits=1967788 fwd=30652 rows=3913994 fwd_ms=320566.0 eval=0 prior=0
[inst] req=5890048 hits=1970571 fwd=30694 rows=3919351 fwd_ms=320981.9 eval=0 prior=0
[inst] req=5898240 hits=1973528 fwd=30736 rows=3924627 fwd_ms=321409.1 eval=0 prior=0
[inst] req=5906432 hits=1976362 fwd=30779 rows=3930026 fwd_ms=321829.1 eval=0 prior=0
[inst] req=5914624 hits=1979190 fwd=30821 rows=3935374 fwd_ms=322245.1 eval=0 prior=0
[inst] req=5922816 hits=1982015 fwd=30863 rows=3940745 fwd_ms=322662.3 eval=0 prior=0
[inst] req=5931008 hits=1984823 fwd=30905 rows=3946116 fwd_ms=323079.2 eval=0 prior=0
[inst] req=5939200 hits=1987634 fwd=30947 rows=3951470 fwd_ms=323494.9 eval=0 prior=0
[inst] req=5947392 hits=1990570 fwd=30988 rows=3956709 fwd_ms=323902.4 eval=0 prior=0
[inst] req=5955584 hits=1993470 fwd=31030 rows=3962079 fwd_ms=324319.3 eval=0 prior=0
[inst] req=5963776 hits=1996393 fwd=31071 rows=3967322 fwd_ms=324726.8 eval=0 prior=0
[inst] req=5971968 hits=1999480 fwd=31111 rows=3972430 fwd_ms=325124.1 eval=0 prior=0
[inst] req=5980160 hits=2002262 fwd=31154 rows=3977869 fwd_ms=325547.3 eval=0 prior=0
[inst] req=5988352 hits=2005463 fwd=31193 rows=3982846 fwd_ms=325936.0 eval=0 prior=0
[inst] req=5996544 hits=2008309 fwd=31235 rows=3988222 fwd_ms=326354.9 eval=0 prior=0
[inst] req=6004736 hits=2011037 fwd=31277 rows=3993598 fwd_ms=326773.2 eval=0 prior=0
[inst] req=6012928 hits=2013908 fwd=31319 rows=3998973 fwd_ms=327191.3 eval=0 prior=0
[inst] req=6021120 hits=2016696 fwd=31361 rows=4004348 fwd_ms=327608.9 eval=0 prior=0
[inst] req=6029312 hits=2019423 fwd=31404 rows=4009844 fwd_ms=328035.9 eval=0 prior=0
[inst] req=6037504 hits=2022317 fwd=31445 rows=4015087 fwd_ms=328443.0 eval=0 prior=0
[inst] req=6045696 hits=2025132 fwd=31488 rows=4020499 fwd_ms=328864.3 eval=0 prior=0
[inst] req=6053888 hits=2027963 fwd=31530 rows=4025865 fwd_ms=329281.3 eval=0 prior=0
[inst] req=6062080 hits=2030962 fwd=31571 rows=4031106 fwd_ms=329689.7 eval=0 prior=0
[inst] req=6070272 hits=2033943 fwd=31612 rows=4036273 fwd_ms=330108.9 eval=0 prior=0
[inst] req=6078464 hits=2036717 fwd=31654 rows=4041628 fwd_ms=330526.3 eval=0 prior=0
[inst] req=6086656 hits=2039538 fwd=31697 rows=4047058 fwd_ms=330948.6 eval=0 prior=0
[inst] req=6094848 hits=2042423 fwd=31738 rows=4052298 fwd_ms=331355.6 eval=0 prior=0
[inst] req=6103040 hits=2045181 fwd=31782 rows=4057815 fwd_ms=331802.7 eval=0 prior=0
[inst] req=6111232 hits=2048078 fwd=31823 rows=4063063 fwd_ms=332209.9 eval=0 prior=0
[inst] req=6119424 hits=2050835 fwd=31866 rows=4068550 fwd_ms=332635.6 eval=0 prior=0
[inst] req=6127616 hits=2053743 fwd=31907 rows=4073774 fwd_ms=333042.3 eval=0 prior=0
[inst] req=6135808 hits=2056474 fwd=31950 rows=4079278 fwd_ms=333469.1 eval=0 prior=0
[inst] req=6144000 hits=2059389 fwd=31991 rows=4084512 fwd_ms=333876.1 eval=0 prior=0
[inst] req=6152192 hits=2062242 fwd=32033 rows=4089876 fwd_ms=334292.7 eval=0 prior=0
[inst] req=6160384 hits=2065022 fwd=32077 rows=4095318 fwd_ms=334715.4 eval=0 prior=0
[inst] req=6168576 hits=2068048 fwd=32117 rows=4100424 fwd_ms=335112.9 eval=0 prior=0
[inst] req=6176768 hits=2070974 fwd=32158 rows=4105668 fwd_ms=335520.3 eval=0 prior=0
[inst] req=6184960 hits=2073792 fwd=32200 rows=4111042 fwd_ms=335937.6 eval=0 prior=0
[inst] req=6193152 hits=2076484 fwd=32243 rows=4116540 fwd_ms=336364.9 eval=0 prior=0
[inst] req=6201344 hits=2079408 fwd=32285 rows=4121915 fwd_ms=336783.0 eval=0 prior=0
[inst] req=6209536 hits=2082130 fwd=32327 rows=4127283 fwd_ms=337200.3 eval=0 prior=0
[inst] req=6217728 hits=2085012 fwd=32369 rows=4132648 fwd_ms=337617.6 eval=0 prior=0
[inst] req=6225920 hits=2088038 fwd=32409 rows=4137759 fwd_ms=338015.0 eval=0 prior=0
[inst] req=6234112 hits=2091042 fwd=32450 rows=4143001 fwd_ms=338423.1 eval=0 prior=0
[inst] req=6242304 hits=2093719 fwd=32493 rows=4148497 fwd_ms=338850.4 eval=0 prior=0
[inst] req=6250496 hits=2096748 fwd=32534 rows=4153729 fwd_ms=339257.6 eval=0 prior=0
[inst] req=6258688 hits=2099493 fwd=32577 rows=4159192 fwd_ms=339683.2 eval=0 prior=0
[inst] req=6266880 hits=2102260 fwd=32620 rows=4164608 fwd_ms=340104.4 eval=0 prior=0
[inst] req=6275072 hits=2105146 fwd=32661 rows=4169856 fwd_ms=340512.4 eval=0 prior=0
[inst] req=6283264 hits=2108093 fwd=32702 rows=4175098 fwd_ms=340920.2 eval=0 prior=0
[inst] req=6291456 hits=2110949 fwd=32744 rows=4180470 fwd_ms=341337.5 eval=0 prior=0
[inst] req=6299648 hits=2113656 fwd=32787 rows=4185974 fwd_ms=341765.0 eval=0 prior=0
[inst] req=6307840 hits=2116643 fwd=32827 rows=4191070 fwd_ms=342161.2 eval=0 prior=0
[inst] req=6316032 hits=2119466 fwd=32869 rows=4196444 fwd_ms=342579.1 eval=0 prior=0
[inst] req=6324224 hits=2122280 fwd=32911 rows=4201818 fwd_ms=342996.9 eval=0 prior=0
[inst] req=6332416 hits=2125044 fwd=32954 rows=4207320 fwd_ms=343424.0 eval=0 prior=0
[inst] req=6340608 hits=2127826 fwd=32996 rows=4212694 fwd_ms=343841.2 eval=0 prior=0
[inst] req=6348800 hits=2130452 fwd=33040 rows=4218317 fwd_ms=344278.1 eval=0 prior=0
[inst] req=6356992 hits=2133224 fwd=33082 rows=4223685 fwd_ms=344695.1 eval=0 prior=0
[inst] req=6365184 hits=2135996 fwd=33124 rows=4229060 fwd_ms=345112.3 eval=0 prior=0
[inst] req=6373376 hits=2138656 fwd=33168 rows=4234692 fwd_ms=345549.4 eval=0 prior=0
[inst] req=6381568 hits=2141496 fwd=33210 rows=4240066 fwd_ms=345966.9 eval=0 prior=0
[inst] req=6389760 hits=2144360 fwd=33251 rows=4245304 fwd_ms=346374.0 eval=0 prior=0
[inst] req=6397952 hits=2147172 fwd=33293 rows=4250678 fwd_ms=346791.7 eval=0 prior=0
[inst] req=6406144 hits=2150043 fwd=33335 rows=4256054 fwd_ms=347209.6 eval=0 prior=0
[inst] req=6414336 hits=2152836 fwd=33377 rows=4261422 fwd_ms=347627.0 eval=0 prior=0
[inst] req=6422528 hits=2155958 fwd=33417 rows=4266534 fwd_ms=348024.9 eval=0 prior=0
[inst] req=6430720 hits=2158633 fwd=33461 rows=4272074 fwd_ms=348455.2 eval=0 prior=0
[inst] req=6438912 hits=2161401 fwd=33503 rows=4277444 fwd_ms=348872.2 eval=0 prior=0
[inst] req=6447104 hits=2164144 fwd=33546 rows=4282943 fwd_ms=349298.8 eval=0 prior=0
[inst] req=6455296 hits=2166980 fwd=33588 rows=4288306 fwd_ms=349715.5 eval=0 prior=0
[inst] req=6463488 hits=2169871 fwd=33629 rows=4293553 fwd_ms=350123.1 eval=0 prior=0
[inst] req=6471680 hits=2172585 fwd=33672 rows=4299055 fwd_ms=350550.5 eval=0 prior=0
[inst] req=6479872 hits=2175374 fwd=33714 rows=4304428 fwd_ms=350968.6 eval=0 prior=0
[inst] req=6488064 hits=2178111 fwd=33757 rows=4309913 fwd_ms=351394.6 eval=0 prior=0
[inst] req=6496256 hits=2180842 fwd=33800 rows=4315407 fwd_ms=351821.3 eval=0 prior=0
[inst] req=6504448 hits=2183558 fwd=33842 rows=4320781 fwd_ms=352238.6 eval=0 prior=0
[inst] req=6512640 hits=2186396 fwd=33884 rows=4326132 fwd_ms=352654.6 eval=0 prior=0
[inst] req=6520832 hits=2189292 fwd=33926 rows=4331498 fwd_ms=353071.7 eval=0 prior=0
[inst] req=6529024 hits=2192033 fwd=33968 rows=4336864 fwd_ms=353489.1 eval=0 prior=0
[inst] req=6537216 hits=2194809 fwd=34011 rows=4342363 fwd_ms=353916.4 eval=0 prior=0
[inst] req=6545408 hits=2197538 fwd=34054 rows=4347864 fwd_ms=354344.1 eval=0 prior=0
[inst] req=6553600 hits=2200437 fwd=34095 rows=4353106 fwd_ms=354751.8 eval=0 prior=0
[inst] req=6561792 hits=2203291 fwd=34137 rows=4358481 fwd_ms=355169.4 eval=0 prior=0
[inst] req=6569984 hits=2206095 fwd=34179 rows=4363857 fwd_ms=355586.8 eval=0 prior=0
[inst] req=6578176 hits=2208931 fwd=34221 rows=4369233 fwd_ms=356004.3 eval=0 prior=0
[inst] req=6586368 hits=2211888 fwd=34262 rows=4374471 fwd_ms=356411.5 eval=0 prior=0
[inst] req=6594560 hits=2214748 fwd=34303 rows=4379714 fwd_ms=356818.7 eval=0 prior=0
[inst] req=6602752 hits=2217472 fwd=34346 rows=4385210 fwd_ms=357245.3 eval=0 prior=0
[inst] req=6610944 hits=2220205 fwd=34389 rows=4390689 fwd_ms=357670.6 eval=0 prior=0
[inst] req=6619136 hits=2222924 fwd=34432 rows=4396186 fwd_ms=358097.8 eval=0 prior=0
[inst] req=6627328 hits=2225796 fwd=34473 rows=4401424 fwd_ms=358505.3 eval=0 prior=0
[inst] req=6635520 hits=2228658 fwd=34515 rows=4406787 fwd_ms=358922.4 eval=0 prior=0
[inst] req=6643712 hits=2231490 fwd=34557 rows=4412160 fwd_ms=359339.4 eval=0 prior=0
[inst] req=6651904 hits=2234247 fwd=34600 rows=4417652 fwd_ms=359766.7 eval=0 prior=0
[inst] req=6660096 hits=2236991 fwd=34642 rows=4423021 fwd_ms=360183.7 eval=0 prior=0
[inst] req=6668288 hits=2239955 fwd=34683 rows=4428268 fwd_ms=360591.3 eval=0 prior=0
[inst] req=6676480 hits=2242619 fwd=34726 rows=4433762 fwd_ms=361018.9 eval=0 prior=0
[inst] req=6684672 hits=2245470 fwd=34768 rows=4439128 fwd_ms=361435.9 eval=0 prior=0
[inst] req=6692864 hits=2248172 fwd=34811 rows=4444627 fwd_ms=361863.2 eval=0 prior=0
[inst] req=6701056 hits=2250897 fwd=34854 rows=4450128 fwd_ms=362290.8 eval=0 prior=0
[inst] req=6709248 hits=2253825 fwd=34895 rows=4455376 fwd_ms=362698.5 eval=0 prior=0
[inst] req=6717440 hits=2256500 fwd=34939 rows=4460917 fwd_ms=363146.3 eval=0 prior=0
[inst] req=6725632 hits=2259383 fwd=34980 rows=4466163 fwd_ms=363553.6 eval=0 prior=0
[inst] req=6733824 hits=2262160 fwd=35023 rows=4471660 fwd_ms=363980.7 eval=0 prior=0
[inst] req=6742016 hits=2265007 fwd=35064 rows=4476904 fwd_ms=364388.4 eval=0 prior=0
[inst] req=6750208 hits=2268053 fwd=35105 rows=4482136 fwd_ms=364795.3 eval=0 prior=0
[inst] req=6758400 hits=2270982 fwd=35146 rows=4487368 fwd_ms=365202.1 eval=0 prior=0
[inst] req=6766592 hits=2273898 fwd=35187 rows=4492611 fwd_ms=365609.7 eval=0 prior=0
[inst] req=6774784 hits=2276758 fwd=35229 rows=4497982 fwd_ms=366026.4 eval=0 prior=0
[inst] req=6782976 hits=2279629 fwd=35270 rows=4503224 fwd_ms=366433.6 eval=0 prior=0
[inst] req=6791168 hits=2282491 fwd=35312 rows=4508600 fwd_ms=366850.4 eval=0 prior=0
[inst] req=6799360 hits=2285197 fwd=35355 rows=4514104 fwd_ms=367277.1 eval=0 prior=0
[inst] req=6807552 hits=2288045 fwd=35397 rows=4519477 fwd_ms=367694.1 eval=0 prior=0
[inst] req=6815744 hits=2290938 fwd=35438 rows=4524725 fwd_ms=368101.3 eval=0 prior=0
[inst] req=6823936 hits=2293730 fwd=35480 rows=4530098 fwd_ms=368518.8 eval=0 prior=0
[inst] req=6832128 hits=2296666 fwd=35521 rows=4535339 fwd_ms=368925.7 eval=0 prior=0
[inst] req=6840320 hits=2299509 fwd=35563 rows=4540715 fwd_ms=369342.7 eval=0 prior=0
[inst] req=6848512 hits=2302325 fwd=35605 rows=4546084 fwd_ms=369759.7 eval=0 prior=0
[inst] req=6856704 hits=2305148 fwd=35647 rows=4551440 fwd_ms=370175.3 eval=0 prior=0
[inst] req=6864896 hits=2307850 fwd=35690 rows=4556944 fwd_ms=370602.8 eval=0 prior=0
[inst] req=6873088 hits=2310669 fwd=35732 rows=4562313 fwd_ms=371020.8 eval=0 prior=0
[inst] req=6881280 hits=2313598 fwd=35774 rows=4567592 fwd_ms=371432.2 eval=0 prior=0
[inst] req=6889472 hits=2316279 fwd=35817 rows=4573091 fwd_ms=371859.0 eval=0 prior=0
[inst] req=6897664 hits=2319126 fwd=35859 rows=4578466 fwd_ms=372275.9 eval=0 prior=0
[inst] req=6905856 hits=2321774 fwd=35902 rows=4583965 fwd_ms=372703.1 eval=0 prior=0
[inst] req=6914048 hits=2324640 fwd=35944 rows=4589335 fwd_ms=373119.9 eval=0 prior=0
[inst] req=6922240 hits=2327339 fwd=35987 rows=4594835 fwd_ms=373546.8 eval=0 prior=0
[inst] req=6930432 hits=2330188 fwd=36029 rows=4600206 fwd_ms=373964.0 eval=0 prior=0
[inst] req=6938624 hits=2333211 fwd=36070 rows=4605371 fwd_ms=374367.2 eval=0 prior=0
[inst] req=6946816 hits=2336061 fwd=36112 rows=4610743 fwd_ms=374785.8 eval=0 prior=0
[inst] req=6955008 hits=2338848 fwd=36154 rows=4616101 fwd_ms=375203.4 eval=0 prior=0
[inst] req=6963200 hits=2341613 fwd=36197 rows=4621496 fwd_ms=375624.9 eval=0 prior=0
[inst] req=6971392 hits=2344538 fwd=36238 rows=4626732 fwd_ms=376033.5 eval=0 prior=0
[inst] req=6979584 hits=2347096 fwd=36283 rows=4632482 fwd_ms=376481.8 eval=0 prior=0
[inst] req=6987776 hits=2350057 fwd=36323 rows=4637593 fwd_ms=376879.8 eval=0 prior=0
[inst] req=6995968 hits=2352820 fwd=36366 rows=4643094 fwd_ms=377307.3 eval=0 prior=0
[inst] req=7004160 hits=2355443 fwd=36409 rows=4648592 fwd_ms=377734.5 eval=0 prior=0
[inst] req=7012352 hits=2358432 fwd=36450 rows=4653838 fwd_ms=378142.0 eval=0 prior=0
[inst] req=7020544 hits=2361231 fwd=36492 rows=4659213 fwd_ms=378559.5 eval=0 prior=0
[inst] req=7028736 hits=2363952 fwd=36535 rows=4664706 fwd_ms=381009.3 eval=0 prior=0
[inst] req=7036928 hits=2366670 fwd=36579 rows=4670225 fwd_ms=383741.2 eval=0 prior=0
[inst] req=7045120 hits=2369379 fwd=36622 rows=4675667 fwd_ms=386347.0 eval=0 prior=0
[inst] req=7053312 hits=2372319 fwd=36664 rows=4680984 fwd_ms=389031.5 eval=0 prior=0
[inst] req=7061504 hits=2375276 fwd=36705 rows=4686105 fwd_ms=391633.7 eval=0 prior=0
[inst] req=7069696 hits=2378150 fwd=36747 rows=4691423 fwd_ms=392790.1 eval=0 prior=0
[inst] req=7077888 hits=2381064 fwd=36789 rows=4696721 fwd_ms=393228.5 eval=0 prior=0
[inst] req=7086080 hits=2382292 fwd=36845 rows=4703745 fwd_ms=393786.2 eval=0 prior=0
[inst] req=7094272 hits=2384949 fwd=36888 rows=4709249 fwd_ms=394214.3 eval=0 prior=0
[inst] req=7102464 hits=2387828 fwd=36930 rows=4714542 fwd_ms=394626.8 eval=0 prior=0
[inst] req=7110656 hits=2390588 fwd=36973 rows=4720046 fwd_ms=395054.9 eval=0 prior=0
[inst] req=7118848 hits=2393380 fwd=37015 rows=4725415 fwd_ms=395473.2 eval=0 prior=0
[inst] req=7127040 hits=2396128 fwd=37057 rows=4730791 fwd_ms=395892.2 eval=0 prior=0
[inst] req=7135232 hits=2398994 fwd=37099 rows=4736167 fwd_ms=396310.6 eval=0 prior=0
[inst] req=7143424 hits=2401682 fwd=37142 rows=4741669 fwd_ms=396738.3 eval=0 prior=0
[inst] req=7151616 hits=2404468 fwd=37184 rows=4747045 fwd_ms=397155.9 eval=0 prior=0
[inst] req=7159808 hits=2407333 fwd=37226 rows=4752418 fwd_ms=397574.0 eval=0 prior=0
[inst] req=7168000 hits=2410176 fwd=37268 rows=4757794 fwd_ms=397991.9 eval=0 prior=0
[inst] req=7176192 hits=2413168 fwd=37308 rows=4762901 fwd_ms=398389.6 eval=0 prior=0
[inst] req=7184384 hits=2415949 fwd=37351 rows=4768392 fwd_ms=398817.2 eval=0 prior=0
[inst] req=7192576 hits=2418846 fwd=37392 rows=4773640 fwd_ms=399224.6 eval=0 prior=0
[inst] req=7200768 hits=2421690 fwd=37435 rows=4779050 fwd_ms=399645.0 eval=0 prior=0
[inst] req=7208960 hits=2424489 fwd=37477 rows=4784426 fwd_ms=400062.1 eval=0 prior=0
[inst] req=7217152 hits=2427353 fwd=37519 rows=4789793 fwd_ms=400487.6 eval=0 prior=0
[inst] req=7225344 hits=2430145 fwd=37561 rows=4795161 fwd_ms=400952.9 eval=0 prior=0
[inst] req=7233536 hits=2433170 fwd=37601 rows=4800274 fwd_ms=401386.1 eval=0 prior=0
[inst] req=7241728 hits=2436129 fwd=37642 rows=4805501 fwd_ms=401824.8 eval=0 prior=0
[inst] req=7249920 hits=2438916 fwd=37685 rows=4810912 fwd_ms=402282.3 eval=0 prior=0
[inst] req=7258112 hits=2441960 fwd=37725 rows=4816027 fwd_ms=402711.6 eval=0 prior=0
[inst] req=7266304 hits=2444770 fwd=37768 rows=4821526 fwd_ms=403178.6 eval=0 prior=0
[inst] req=7274496 hits=2447666 fwd=37809 rows=4826772 fwd_ms=403613.5 eval=0 prior=0
[inst] req=7282688 hits=2450425 fwd=37851 rows=4832148 fwd_ms=404058.3 eval=0 prior=0
[inst] req=7290880 hits=2453297 fwd=37893 rows=4837524 fwd_ms=404506.9 eval=0 prior=0
[inst] req=7299072 hits=2456219 fwd=37934 rows=4842770 fwd_ms=404921.9 eval=0 prior=0
[inst] req=7307264 hits=2458926 fwd=37977 rows=4848271 fwd_ms=405381.4 eval=0 prior=0
[inst] req=7315456 hits=2461776 fwd=38019 rows=4853644 fwd_ms=405826.3 eval=0 prior=0
[inst] req=7323648 hits=2464553 fwd=38061 rows=4859019 fwd_ms=406283.4 eval=0 prior=0
[inst] req=7331840 hits=2467386 fwd=38103 rows=4864384 fwd_ms=406734.4 eval=0 prior=0
[inst] req=7340032 hits=2470213 fwd=38145 rows=4869760 fwd_ms=407169.3 eval=0 prior=0
[inst] req=7348224 hits=2472880 fwd=38188 rows=4875259 fwd_ms=407619.0 eval=0 prior=0
[inst] req=7356416 hits=2475768 fwd=38230 rows=4880628 fwd_ms=408058.8 eval=0 prior=0
[inst] req=7364608 hits=2478680 fwd=38271 rows=4885869 fwd_ms=408487.8 eval=0 prior=0
[inst] req=7372800 hits=2481729 fwd=38311 rows=4890987 fwd_ms=408909.9 eval=0 prior=0
[inst] req=7380992 hits=2484513 fwd=38354 rows=4896447 fwd_ms=409358.2 eval=0 prior=0
[inst] req=7389184 hits=2487392 fwd=38395 rows=4901691 fwd_ms=409789.3 eval=0 prior=0
[inst] req=7397376 hits=2490322 fwd=38436 rows=4906937 fwd_ms=410226.8 eval=0 prior=0
[inst] req=7405568 hits=2493204 fwd=38478 rows=4912305 fwd_ms=410679.8 eval=0 prior=0
[inst] req=7413760 hits=2496078 fwd=38520 rows=4917678 fwd_ms=411123.3 eval=0 prior=0
[inst] req=7421952 hits=2498999 fwd=38561 rows=4922925 fwd_ms=411560.0 eval=0 prior=0
[inst] req=7430144 hits=2501837 fwd=38603 rows=4928224 fwd_ms=412001.6 eval=0 prior=0
[inst] req=7438336 hits=2504787 fwd=38644 rows=4933458 fwd_ms=412432.3 eval=0 prior=0
[inst] req=7446528 hits=2507459 fwd=38687 rows=4938961 fwd_ms=412893.0 eval=0 prior=0
[inst] req=7454720 hits=2510520 fwd=38727 rows=4944078 fwd_ms=413321.6 eval=0 prior=0
[inst] req=7462912 hits=2513402 fwd=38769 rows=4949434 fwd_ms=413773.0 eval=0 prior=0
[inst] req=7471104 hits=2516408 fwd=38810 rows=4954669 fwd_ms=414204.6 eval=0 prior=0
[inst] req=7479296 hits=2519244 fwd=38852 rows=4960040 fwd_ms=414640.0 eval=0 prior=0
[inst] req=7487488 hits=2522085 fwd=38893 rows=4965281 fwd_ms=415062.6 eval=0 prior=0
[inst] req=7495680 hits=2524992 fwd=38935 rows=4970649 fwd_ms=415483.5 eval=0 prior=0
[inst] req=7503872 hits=2527900 fwd=38976 rows=4975889 fwd_ms=415894.6 eval=0 prior=0
[inst] req=7512064 hits=2530809 fwd=39018 rows=4981254 fwd_ms=416312.7 eval=0 prior=0
[inst] req=7520256 hits=2533598 fwd=39060 rows=4986630 fwd_ms=416732.4 eval=0 prior=0
[inst] req=7528448 hits=2536648 fwd=39100 rows=4991748 fwd_ms=417131.3 eval=0 prior=0
[inst] req=7536640 hits=2539355 fwd=39143 rows=4997241 fwd_ms=417560.7 eval=0 prior=0
[inst] req=7544832 hits=2542235 fwd=39184 rows=5002487 fwd_ms=417967.6 eval=0 prior=0
[inst] req=7553024 hits=2545064 fwd=39226 rows=5007861 fwd_ms=418384.8 eval=0 prior=0
[inst] req=7561216 hits=2547924 fwd=39268 rows=5013236 fwd_ms=418802.4 eval=0 prior=0
[inst] req=7569408 hits=2550654 fwd=39311 rows=5018733 fwd_ms=419229.3 eval=0 prior=0
[inst] req=7577600 hits=2553631 fwd=39352 rows=5023961 fwd_ms=419636.6 eval=0 prior=0
[inst] req=7585792 hits=2556591 fwd=39392 rows=5029080 fwd_ms=420034.3 eval=0 prior=0
[inst] req=7593984 hits=2559381 fwd=39435 rows=5034582 fwd_ms=420462.3 eval=0 prior=0
[inst] req=7602176 hits=2562336 fwd=39476 rows=5039816 fwd_ms=420870.3 eval=0 prior=0
[inst] req=7610368 hits=2565203 fwd=39517 rows=5045052 fwd_ms=421277.6 eval=0 prior=0
[inst] req=7618560 hits=2568165 fwd=39558 rows=5050269 fwd_ms=421683.7 eval=0 prior=0
[inst] req=7626752 hits=2571053 fwd=39600 rows=5055625 fwd_ms=422100.1 eval=0 prior=0
[inst] req=7634944 hits=2573944 fwd=39642 rows=5060936 fwd_ms=422514.5 eval=0 prior=0
[inst] req=7643136 hits=2576804 fwd=39684 rows=5066311 fwd_ms=422932.2 eval=0 prior=0
[inst] req=7651328 hits=2579881 fwd=39724 rows=5071428 fwd_ms=423330.3 eval=0 prior=0
[inst] req=7659520 hits=2582664 fwd=39766 rows=5076803 fwd_ms=423747.8 eval=0 prior=0
[inst] req=7667712 hits=2585543 fwd=39808 rows=5082166 fwd_ms=424165.1 eval=0 prior=0
[inst] req=7675904 hits=2588482 fwd=39849 rows=5087368 fwd_ms=424578.1 eval=0 prior=0
[inst] req=7684096 hits=2591418 fwd=39890 rows=5092610 fwd_ms=424985.4 eval=0 prior=0
[inst] req=7692288 hits=2594203 fwd=39932 rows=5097964 fwd_ms=425402.5 eval=0 prior=0
[inst] req=7700480 hits=2597114 fwd=39974 rows=5103337 fwd_ms=425819.9 eval=0 prior=0
[inst] req=7708672 hits=2600062 fwd=40015 rows=5108582 fwd_ms=426227.6 eval=0 prior=0
[inst] req=7716864 hits=2603086 fwd=40055 rows=5113680 fwd_ms=426623.8 eval=0 prior=0
[inst] req=7725056 hits=2605998 fwd=40097 rows=5119047 fwd_ms=427041.2 eval=0 prior=0
[inst] req=7733248 hits=2608842 fwd=40138 rows=5124288 fwd_ms=427449.0 eval=0 prior=0
[inst] req=7741440 hits=2611802 fwd=40179 rows=5129525 fwd_ms=427856.4 eval=0 prior=0
[inst] req=7749632 hits=2614577 fwd=40222 rows=5135026 fwd_ms=428284.0 eval=0 prior=0
[inst] req=7757824 hits=2617292 fwd=40265 rows=5140523 fwd_ms=428711.4 eval=0 prior=0
[inst] req=7766016 hits=2620226 fwd=40306 rows=5145743 fwd_ms=429117.3 eval=0 prior=0
[inst] req=7774208 hits=2623090 fwd=40348 rows=5151107 fwd_ms=429535.2 eval=0 prior=0
[inst] req=7782400 hits=2626330 fwd=40386 rows=5155954 fwd_ms=429913.2 eval=0 prior=0
[inst] req=7790592 hits=2629107 fwd=40429 rows=5161453 fwd_ms=430340.9 eval=0 prior=0
[inst] req=7798784 hits=2632009 fwd=40470 rows=5166684 fwd_ms=430748.4 eval=0 prior=0
[inst] req=7806976 hits=2634860 fwd=40512 rows=5172059 fwd_ms=431166.0 eval=0 prior=0
[inst] req=7815168 hits=2637664 fwd=40554 rows=5177433 fwd_ms=431583.5 eval=0 prior=0
[inst] req=7823360 hits=2640511 fwd=40596 rows=5182768 fwd_ms=431999.2 eval=0 prior=0
[inst] req=7831552 hits=2643496 fwd=40637 rows=5187929 fwd_ms=432415.8 eval=0 prior=0
[inst] req=7839744 hits=2646365 fwd=40679 rows=5193296 fwd_ms=432833.8 eval=0 prior=0
[inst] req=7847936 hits=2649335 fwd=40720 rows=5198537 fwd_ms=433241.7 eval=0 prior=0
[inst] req=7856128 hits=2652120 fwd=40763 rows=5203937 fwd_ms=433662.2 eval=0 prior=0
[inst] req=7864320 hits=2654984 fwd=40805 rows=5209304 fwd_ms=434079.9 eval=0 prior=0
[inst] req=7872512 hits=2657968 fwd=40845 rows=5214422 fwd_ms=434477.9 eval=0 prior=0
[inst] req=7880704 hits=2660786 fwd=40888 rows=5219839 fwd_ms=434899.5 eval=0 prior=0
[inst] req=7888896 hits=2663678 fwd=40930 rows=5225196 fwd_ms=435317.1 eval=0 prior=0
[inst] req=7897088 hits=2666663 fwd=40970 rows=5230303 fwd_ms=435715.1 eval=0 prior=0
[inst] req=7905280 hits=2669460 fwd=41013 rows=5235805 fwd_ms=436143.3 eval=0 prior=0
[inst] req=7913472 hits=2672335 fwd=41054 rows=5241050 fwd_ms=436551.3 eval=0 prior=0
[inst] req=7921664 hits=2675271 fwd=41095 rows=5246289 fwd_ms=436959.2 eval=0 prior=0
[inst] req=7929856 hits=2678159 fwd=41137 rows=5251653 fwd_ms=437377.0 eval=0 prior=0
[inst] req=7938048 hits=2681119 fwd=41178 rows=5256883 fwd_ms=437783.8 eval=0 prior=0
[inst] req=7946240 hits=2684050 fwd=41219 rows=5262131 fwd_ms=438192.1 eval=0 prior=0
[inst] req=7954432 hits=2686843 fwd=41261 rows=5267504 fwd_ms=438610.1 eval=0 prior=0
[inst] req=7962624 hits=2689765 fwd=41302 rows=5272740 fwd_ms=439017.9 eval=0 prior=0
[inst] req=7970816 hits=2692607 fwd=41344 rows=5278116 fwd_ms=439436.7 eval=0 prior=0
[inst] req=7979008 hits=2695364 fwd=41387 rows=5283613 fwd_ms=439864.5 eval=0 prior=0
[inst] req=7987200 hits=2698208 fwd=41429 rows=5288989 fwd_ms=440282.7 eval=0 prior=0
[inst] req=7995392 hits=2701092 fwd=41470 rows=5294237 fwd_ms=440691.1 eval=0 prior=0
[inst] req=8003584 hits=2703973 fwd=41511 rows=5299484 fwd_ms=441099.4 eval=0 prior=0
[inst] req=8011776 hits=2706919 fwd=41553 rows=5304801 fwd_ms=441513.9 eval=0 prior=0
[inst] req=8019968 hits=2709778 fwd=41595 rows=5310109 fwd_ms=441941.5 eval=0 prior=0
[inst] req=8028160 hits=2712678 fwd=41637 rows=5315472 fwd_ms=442359.4 eval=0 prior=0
[inst] req=8036352 hits=2715425 fwd=41679 rows=5320846 fwd_ms=442777.3 eval=0 prior=0
[inst] req=8044544 hits=2718495 fwd=41719 rows=5325936 fwd_ms=443174.1 eval=0 prior=0
[inst] req=8052736 hits=2721372 fwd=41761 rows=5331300 fwd_ms=443591.8 eval=0 prior=0
[inst] req=8060928 hits=2724324 fwd=41802 rows=5336543 fwd_ms=443999.9 eval=0 prior=0
[inst] req=8069120 hits=2727092 fwd=41845 rows=5341956 fwd_ms=444421.6 eval=0 prior=0
[inst] req=8077312 hits=2730220 fwd=41885 rows=5347074 fwd_ms=444819.8 eval=0 prior=0
[inst] req=8085504 hits=2733148 fwd=41926 rows=5352317 fwd_ms=445227.7 eval=0 prior=0
[inst] req=8093696 hits=2736226 fwd=41966 rows=5357417 fwd_ms=445624.2 eval=0 prior=0
[inst] req=8101888 hits=2739070 fwd=42008 rows=5362789 fwd_ms=446041.9 eval=0 prior=0
[inst] req=8110080 hits=2742036 fwd=42049 rows=5368025 fwd_ms=446450.0 eval=0 prior=0
[inst] req=8118272 hits=2745063 fwd=42089 rows=5373123 fwd_ms=446847.7 eval=0 prior=0
[inst] req=8126464 hits=2747873 fwd=42132 rows=5378531 fwd_ms=447269.0 eval=0 prior=0
[inst] req=8134656 hits=2750767 fwd=42174 rows=5383812 fwd_ms=447680.0 eval=0 prior=0
[inst] req=8142848 hits=2753615 fwd=42217 rows=5389213 fwd_ms=448100.6 eval=0 prior=0
[inst] req=8151040 hits=2756653 fwd=42257 rows=5394332 fwd_ms=448499.0 eval=0 prior=0
[inst] req=8159232 hits=2759283 fwd=42300 rows=5399833 fwd_ms=448926.9 eval=0 prior=0
[inst] req=8167424 hits=2762105 fwd=42343 rows=5405233 fwd_ms=449363.8 eval=0 prior=0
[inst] req=8175616 hits=2765028 fwd=42384 rows=5410471 fwd_ms=449772.0 eval=0 prior=0
[inst] req=8183808 hits=2767945 fwd=42426 rows=5415844 fwd_ms=450190.5 eval=0 prior=0
[inst] req=8192000 hits=2770858 fwd=42467 rows=5421086 fwd_ms=450598.7 eval=0 prior=0
[inst] req=8200192 hits=2773711 fwd=42509 rows=5426368 fwd_ms=451010.0 eval=0 prior=0
[inst] req=8208384 hits=2776604 fwd=42551 rows=5431736 fwd_ms=451428.6 eval=0 prior=0
[inst] req=8216576 hits=2779549 fwd=42592 rows=5436976 fwd_ms=451836.7 eval=0 prior=0
[inst] req=8224768 hits=2782438 fwd=42633 rows=5442207 fwd_ms=452243.9 eval=0 prior=0
[inst] req=8232960 hits=2785221 fwd=42676 rows=5447647 fwd_ms=452678.9 eval=0 prior=0
[inst] req=8241152 hits=2788113 fwd=42718 rows=5453014 fwd_ms=453096.5 eval=0 prior=0
[inst] req=8249344 hits=2790942 fwd=42760 rows=5458382 fwd_ms=453514.8 eval=0 prior=0
[inst] req=8257536 hits=2793861 fwd=42801 rows=5463603 fwd_ms=453921.6 eval=0 prior=0
[inst] req=8265728 hits=2796689 fwd=42843 rows=5468978 fwd_ms=454339.6 eval=0 prior=0
[inst] req=8273920 hits=2799454 fwd=42886 rows=5474365 fwd_ms=454759.8 eval=0 prior=0
[inst] req=8282112 hits=2802226 fwd=42929 rows=5479868 fwd_ms=455188.2 eval=0 prior=0
[inst] req=8290304 hits=2805182 fwd=42970 rows=5485090 fwd_ms=455595.0 eval=0 prior=0
[inst] req=8298496 hits=2807996 fwd=43012 rows=5490461 fwd_ms=456013.7 eval=0 prior=0
[inst] req=8306688 hits=2810967 fwd=43053 rows=5495700 fwd_ms=456421.5 eval=0 prior=0
[inst] req=8314880 hits=2813768 fwd=43095 rows=5501070 fwd_ms=456839.1 eval=0 prior=0
[inst] req=8323072 hits=2816599 fwd=43137 rows=5506363 fwd_ms=457251.1 eval=0 prior=0
[inst] req=8331264 hits=2819434 fwd=43179 rows=5511730 fwd_ms=457668.6 eval=0 prior=0
[inst] req=8339456 hits=2822328 fwd=43221 rows=5517104 fwd_ms=458087.0 eval=0 prior=0
[inst] req=8347648 hits=2825203 fwd=43262 rows=5522349 fwd_ms=458495.0 eval=0 prior=0
[inst] req=8355840 hits=2828054 fwd=43304 rows=5527718 fwd_ms=458913.6 eval=0 prior=0
[inst] req=8364032 hits=2830999 fwd=43345 rows=5532964 fwd_ms=459321.8 eval=0 prior=0
[inst] req=8372224 hits=2833757 fwd=43388 rows=5538454 fwd_ms=459749.3 eval=0 prior=0
[inst] req=8380416 hits=2836690 fwd=43429 rows=5543692 fwd_ms=460157.4 eval=0 prior=0
[inst] req=8388608 hits=2839448 fwd=43471 rows=5549046 fwd_ms=460574.1 eval=0 prior=0
[inst] req=8396800 hits=2842496 fwd=43512 rows=5554203 fwd_ms=460975.7 eval=0 prior=0
[inst] req=8404992 hits=2845312 fwd=43554 rows=5559579 fwd_ms=461393.5 eval=0 prior=0
[inst] req=8413184 hits=2848244 fwd=43596 rows=5564869 fwd_ms=461806.0 eval=0 prior=0
[inst] req=8421376 hits=2851132 fwd=43637 rows=5570117 fwd_ms=462214.6 eval=0 prior=0
[inst] req=8429568 hits=2853867 fwd=43680 rows=5575619 fwd_ms=462642.6 eval=0 prior=0
[inst] req=8437760 hits=2856961 fwd=43720 rows=5580705 fwd_ms=463040.2 eval=0 prior=0
[inst] req=8445952 hits=2859763 fwd=43762 rows=5586069 fwd_ms=463457.8 eval=0 prior=0
[inst] req=8454144 hits=2862900 fwd=43802 rows=5591188 fwd_ms=463856.4 eval=0 prior=0
[inst] req=8462336 hits=2865731 fwd=43844 rows=5596564 fwd_ms=464274.5 eval=0 prior=0
[inst] req=8470528 hits=2868675 fwd=43885 rows=5601796 fwd_ms=464682.4 eval=0 prior=0
[inst] req=8478720 hits=2871646 fwd=43926 rows=5607040 fwd_ms=465090.7 eval=0 prior=0
[inst] req=8486912 hits=2874480 fwd=43968 rows=5612402 fwd_ms=465509.0 eval=0 prior=0
[inst] req=8495104 hits=2877274 fwd=44010 rows=5617763 fwd_ms=465927.8 eval=0 prior=0
[inst] req=8503296 hits=2880186 fwd=44051 rows=5623002 fwd_ms=466336.7 eval=0 prior=0
[inst] req=8511488 hits=2882971 fwd=44094 rows=5628482 fwd_ms=466763.6 eval=0 prior=0
[inst] req=8519680 hits=2885844 fwd=44135 rows=5633730 fwd_ms=467172.1 eval=0 prior=0
[inst] req=8527872 hits=2888768 fwd=44177 rows=5639098 fwd_ms=467590.5 eval=0 prior=0
[inst] req=8536064 hits=2891599 fwd=44219 rows=5644366 fwd_ms=468001.6 eval=0 prior=0
[inst] req=8544256 hits=2894542 fwd=44260 rows=5649610 fwd_ms=468410.5 eval=0 prior=0
[inst] req=8552448 hits=2897265 fwd=44304 rows=5655084 fwd_ms=468837.3 eval=0 prior=0
[inst] req=8560640 hits=2900166 fwd=44346 rows=5660432 fwd_ms=469254.1 eval=0 prior=0
[inst] req=8568832 hits=2902845 fwd=44390 rows=5665953 fwd_ms=469700.2 eval=0 prior=0
[inst] req=8577024 hits=2905785 fwd=44431 rows=5671165 fwd_ms=470106.9 eval=0 prior=0
[inst] req=8585216 hits=2908828 fwd=44471 rows=5676282 fwd_ms=470505.8 eval=0 prior=0
[inst] req=8593408 hits=2911689 fwd=44513 rows=5681654 fwd_ms=470924.5 eval=0 prior=0
[inst] req=8601600 hits=2914617 fwd=44554 rows=5686895 fwd_ms=471333.4 eval=0 prior=0
[inst] req=8609792 hits=2917482 fwd=44596 rows=5692256 fwd_ms=471750.7 eval=0 prior=0
[inst] req=8617984 hits=2920271 fwd=44638 rows=5697617 fwd_ms=472168.7 eval=0 prior=0
[inst] req=8626176 hits=2923074 fwd=44680 rows=5702992 fwd_ms=472586.9 eval=0 prior=0
[inst] req=8634368 hits=2925974 fwd=44722 rows=5708342 fwd_ms=473004.0 eval=0 prior=0
[inst] req=8642560 hits=2928715 fwd=44765 rows=5713824 fwd_ms=473431.7 eval=0 prior=0
[inst] req=8650752 hits=2931765 fwd=44805 rows=5718941 fwd_ms=473830.5 eval=0 prior=0
[inst] req=8658944 hits=2934393 fwd=44848 rows=5724429 fwd_ms=474258.5 eval=0 prior=0
[inst] req=8667136 hits=2937259 fwd=44890 rows=5729805 fwd_ms=474676.9 eval=0 prior=0
[inst] req=8675328 hits=2940121 fwd=44932 rows=5735179 fwd_ms=475095.3 eval=0 prior=0
[inst] req=8683520 hits=2942953 fwd=44974 rows=5740445 fwd_ms=475523.2 eval=0 prior=0
[inst] req=8691712 hits=2945745 fwd=45017 rows=5745945 fwd_ms=475951.1 eval=0 prior=0
[inst] req=8699904 hits=2948669 fwd=45058 rows=5751190 fwd_ms=476358.9 eval=0 prior=0
[inst] req=8708096 hits=2951537 fwd=45099 rows=5756437 fwd_ms=476767.1 eval=0 prior=0
[inst] req=8716288 hits=2954427 fwd=45141 rows=5761799 fwd_ms=477184.5 eval=0 prior=0
[inst] req=8724480 hits=2957321 fwd=45182 rows=5767042 fwd_ms=477592.5 eval=0 prior=0
[inst] req=8732672 hits=2960342 fwd=45223 rows=5772287 fwd_ms=478000.5 eval=0 prior=0
[inst] req=8740864 hits=2963157 fwd=45265 rows=5777651 fwd_ms=478418.1 eval=0 prior=0
[inst] req=8749056 hits=2965955 fwd=45307 rows=5783021 fwd_ms=478835.5 eval=0 prior=0
[inst] req=8757248 hits=2968897 fwd=45348 rows=5788266 fwd_ms=479243.4 eval=0 prior=0
[inst] req=8765440 hits=2972038 fwd=45388 rows=5793383 fwd_ms=479641.8 eval=0 prior=0
[inst] req=8773632 hits=2974920 fwd=45429 rows=5798630 fwd_ms=480049.7 eval=0 prior=0
[inst] req=8781824 hits=2977786 fwd=45471 rows=5803931 fwd_ms=480461.9 eval=0 prior=0
[inst] req=8790016 hits=2980698 fwd=45513 rows=5809277 fwd_ms=480877.9 eval=0 prior=0
[inst] req=8798208 hits=2983646 fwd=45554 rows=5814515 fwd_ms=481285.6 eval=0 prior=0
[inst] req=8806400 hits=2986610 fwd=45595 rows=5819759 fwd_ms=481693.4 eval=0 prior=0
[inst] req=8814592 hits=2989461 fwd=45636 rows=5825007 fwd_ms=482100.9 eval=0 prior=0
[inst] req=8822784 hits=2992347 fwd=45678 rows=5830380 fwd_ms=482518.4 eval=0 prior=0
[inst] req=8830976 hits=2995371 fwd=45718 rows=5835498 fwd_ms=482916.3 eval=0 prior=0
[inst] req=8839168 hits=2998240 fwd=45761 rows=5840843 fwd_ms=483348.1 eval=0 prior=0
[inst] req=8847360 hits=3001240 fwd=45802 rows=5846045 fwd_ms=483755.9 eval=0 prior=0
[inst] req=8855552 hits=3004235 fwd=45844 rows=5851292 fwd_ms=484165.0 eval=0 prior=0
[inst] req=8863744 hits=3007026 fwd=45886 rows=5856663 fwd_ms=484583.9 eval=0 prior=0
[inst] req=8871936 hits=3009993 fwd=45927 rows=5861905 fwd_ms=484992.9 eval=0 prior=0
[inst] req=8880128 hits=3012907 fwd=45968 rows=5867138 fwd_ms=485401.7 eval=0 prior=0
[inst] req=8888320 hits=3015779 fwd=46010 rows=5872509 fwd_ms=485821.1 eval=0 prior=0
[inst] req=8896512 hits=3018645 fwd=46052 rows=5877855 fwd_ms=486238.0 eval=0 prior=0
[inst] req=8904704 hits=3021629 fwd=46092 rows=5882961 fwd_ms=486635.8 eval=0 prior=0
[inst] req=8912896 hits=3024580 fwd=46134 rows=5888309 fwd_ms=487052.0 eval=0 prior=0
[inst] req=8921088 hits=3027472 fwd=46175 rows=5893552 fwd_ms=487460.3 eval=0 prior=0
[inst] req=8929280 hits=3030354 fwd=46216 rows=5898800 fwd_ms=488104.8 eval=0 prior=0
[inst] req=8937472 hits=3033157 fwd=46259 rows=5904243 fwd_ms=491111.8 eval=0 prior=0
[inst] req=8945664 hits=3036180 fwd=46300 rows=5909399 fwd_ms=493514.3 eval=0 prior=0
[inst] req=8953856 hits=3038985 fwd=46342 rows=5914759 fwd_ms=496271.2 eval=0 prior=0
[inst] req=8962048 hits=3042130 fwd=46382 rows=5919841 fwd_ms=498717.0 eval=0 prior=0
[inst] req=8970240 hits=3044889 fwd=46425 rows=5925223 fwd_ms=501654.2 eval=0 prior=0
[inst] req=8978432 hits=3048291 fwd=46464 rows=5930060 fwd_ms=502047.5 eval=0 prior=0
[inst] req=8986624 hits=3051369 fwd=46506 rows=5935192 fwd_ms=502479.1 eval=0 prior=0
[inst] req=8994816 hits=3053348 fwd=46555 rows=5941462 fwd_ms=502968.7 eval=0 prior=0
[inst] req=9003008 hits=3056510 fwd=46594 rows=5946440 fwd_ms=503358.1 eval=0 prior=0
[inst] req=9011200 hits=3059370 fwd=46636 rows=5951771 fwd_ms=503775.2 eval=0 prior=0
[inst] req=9019392 hits=3062603 fwd=46675 rows=5956759 fwd_ms=504165.2 eval=0 prior=0
[inst] req=9027584 hits=3065892 fwd=46713 rows=5961618 fwd_ms=504545.1 eval=0 prior=0
[inst] req=9035776 hits=3068799 fwd=46754 rows=5966864 fwd_ms=504954.6 eval=0 prior=0
[inst] req=9043968 hits=3071992 fwd=46793 rows=5971855 fwd_ms=505344.5 eval=0 prior=0
[inst] req=9052160 hits=3074951 fwd=46835 rows=5977170 fwd_ms=505759.8 eval=0 prior=0
[inst] req=9060352 hits=3077851 fwd=46876 rows=5982417 fwd_ms=506168.9 eval=0 prior=0
[inst] req=9068544 hits=3081025 fwd=46916 rows=5987493 fwd_ms=506574.5 eval=0 prior=0
[inst] req=9076736 hits=3083937 fwd=46958 rows=5992781 fwd_ms=506986.8 eval=0 prior=0
[inst] req=9084928 hits=3087112 fwd=46997 rows=5997763 fwd_ms=507375.8 eval=0 prior=0
[inst] req=9093120 hits=3089994 fwd=47039 rows=6003116 fwd_ms=507794.4 eval=0 prior=0
[inst] req=9101312 hits=3092951 fwd=47080 rows=6008308 fwd_ms=508198.9 eval=0 prior=0
[inst] req=9109504 hits=3095982 fwd=47121 rows=6013467 fwd_ms=508601.3 eval=0 prior=0
[inst] req=9117696 hits=3099067 fwd=47161 rows=6018570 fwd_ms=508999.9 eval=0 prior=0
[inst] req=9125888 hits=3102091 fwd=47201 rows=6023690 fwd_ms=509398.4 eval=0 prior=0
[inst] req=9134080 hits=3105100 fwd=47242 rows=6028929 fwd_ms=509806.4 eval=0 prior=0
[inst] req=9142272 hits=3108176 fwd=47282 rows=6034042 fwd_ms=510204.7 eval=0 prior=0
[inst] req=9150464 hits=3111315 fwd=47321 rows=6039022 fwd_ms=510592.9 eval=0 prior=0
[inst] req=9158656 hits=3114328 fwd=47363 rows=6044295 fwd_ms=511003.5 eval=0 prior=0
[inst] req=9166848 hits=3117474 fwd=47402 rows=6049283 fwd_ms=511391.6 eval=0 prior=0
[inst] req=9175040 hits=3120495 fwd=47443 rows=6054501 fwd_ms=511797.7 eval=0 prior=0
[inst] req=9183232 hits=3123841 fwd=47481 rows=6059270 fwd_ms=512168.9 eval=0 prior=0
[inst] req=9191424 hits=3126998 fwd=47521 rows=6064379 fwd_ms=512566.2 eval=0 prior=0
[inst] req=9199616 hits=3129955 fwd=47562 rows=6069611 fwd_ms=512972.4 eval=0 prior=0
[inst] req=9207808 hits=3133109 fwd=47601 rows=6074590 fwd_ms=513359.3 eval=0 prior=0
[inst] req=9216000 hits=3136112 fwd=47642 rows=6079834 fwd_ms=513766.4 eval=0 prior=0
[inst] req=9224192 hits=3139151 fwd=47682 rows=6084915 fwd_ms=514161.3 eval=0 prior=0
[inst] req=9232384 hits=3142342 fwd=47722 rows=6090011 fwd_ms=514557.0 eval=0 prior=0
[inst] req=9240576 hits=3145322 fwd=47763 rows=6095224 fwd_ms=514962.3 eval=0 prior=0
[inst] req=9248768 hits=3148474 fwd=47802 rows=6100210 fwd_ms=515349.8 eval=0 prior=0
[inst] req=9256960 hits=3151628 fwd=47842 rows=6105309 fwd_ms=515746.4 eval=0 prior=0
[inst] req=9265152 hits=3154509 fwd=47883 rows=6110538 fwd_ms=516153.0 eval=0 prior=0
[inst] req=9273344 hits=3157930 fwd=47921 rows=6115357 fwd_ms=516528.1 eval=0 prior=0
[inst] req=9281536 hits=3160993 fwd=47962 rows=6120531 fwd_ms=516929.9 eval=0 prior=0
[inst] req=9289728 hits=3163996 fwd=48002 rows=6125650 fwd_ms=517326.8 eval=0 prior=0
[inst] req=9297920 hits=3167267 fwd=48041 rows=6130528 fwd_ms=517706.7 eval=0 prior=0
[inst] req=9306112 hits=3170132 fwd=48083 rows=6135901 fwd_ms=518123.7 eval=0 prior=0
[inst] req=9314304 hits=3173483 fwd=48122 rows=6140786 fwd_ms=518504.2 eval=0 prior=0
[inst] req=9322496 hits=3176330 fwd=48164 rows=6146153 fwd_ms=518921.3 eval=0 prior=0
[inst] req=9330688 hits=3179509 fwd=48203 rows=6151143 fwd_ms=519308.9 eval=0 prior=0
[inst] req=9338880 hits=3182557 fwd=48243 rows=6156244 fwd_ms=519706.3 eval=0 prior=0
[inst] req=9347072 hits=3185725 fwd=48283 rows=6161338 fwd_ms=520102.7 eval=0 prior=0
[inst] req=9355264 hits=3188759 fwd=48324 rows=6166434 fwd_ms=520500.5 eval=0 prior=0
[inst] req=9363456 hits=3191902 fwd=48364 rows=6171516 fwd_ms=520895.6 eval=0 prior=0
[inst] req=9371648 hits=3194901 fwd=48404 rows=6176624 fwd_ms=521292.0 eval=0 prior=0
[inst] req=9379840 hits=3198040 fwd=48444 rows=6181718 fwd_ms=521687.4 eval=0 prior=0
[inst] req=9388032 hits=3201210 fwd=48483 rows=6186694 fwd_ms=522074.0 eval=0 prior=0
[inst] req=9396224 hits=3204368 fwd=48523 rows=6191795 fwd_ms=522470.2 eval=0 prior=0
[inst] req=9404416 hits=3207396 fwd=48563 rows=6196911 fwd_ms=522867.4 eval=0 prior=0
[inst] req=9412608 hits=3210424 fwd=48604 rows=6202135 fwd_ms=523273.9 eval=0 prior=0
[inst] req=9420800 hits=3213448 fwd=48644 rows=6207248 fwd_ms=523670.8 eval=0 prior=0
[inst] req=9428992 hits=3216445 fwd=48685 rows=6212487 fwd_ms=524078.1 eval=0 prior=0
[inst] req=9437184 hits=3219594 fwd=48725 rows=6217573 fwd_ms=524474.0 eval=0 prior=0
[inst] req=9445376 hits=3222584 fwd=48765 rows=6222675 fwd_ms=524871.5 eval=0 prior=0
[inst] req=9453568 hits=3225805 fwd=48804 rows=6227659 fwd_ms=525259.2 eval=0 prior=0
[inst] req=9461760 hits=3228907 fwd=48844 rows=6232756 fwd_ms=525657.0 eval=0 prior=0
[inst] req=9469952 hits=3231956 fwd=48884 rows=6237871 fwd_ms=526054.8 eval=0 prior=0
[inst] req=9478144 hits=3235072 fwd=48924 rows=6242945 fwd_ms=526451.1 eval=0 prior=0
[inst] req=9486336 hits=3238075 fwd=48965 rows=6248139 fwd_ms=526857.1 eval=0 prior=0
[inst] req=9494528 hits=3241271 fwd=49005 rows=6253241 fwd_ms=527254.9 eval=0 prior=0
[inst] req=9502720 hits=3244639 fwd=49043 rows=6258080 fwd_ms=527632.5 eval=0 prior=0
[inst] req=9510912 hits=3247850 fwd=49082 rows=6263048 fwd_ms=528019.8 eval=0 prior=0
[inst] req=9519104 hits=3250877 fwd=49122 rows=6268146 fwd_ms=528418.2 eval=0 prior=0
[inst] req=9527296 hits=3253929 fwd=49163 rows=6273281 fwd_ms=528819.4 eval=0 prior=0
[inst] req=9535488 hits=3257245 fwd=49202 rows=6278115 fwd_ms=529196.9 eval=0 prior=0
[inst] req=9543680 hits=3260370 fwd=49242 rows=6283223 fwd_ms=529594.5 eval=0 prior=0
[inst] req=9551872 hits=3263408 fwd=49282 rows=6288336 fwd_ms=529992.5 eval=0 prior=0
[inst] req=9560064 hits=3266500 fwd=49322 rows=6293454 fwd_ms=530390.4 eval=0 prior=0
[inst] req=9568256 hits=3269641 fwd=49362 rows=6298572 fwd_ms=530788.8 eval=0 prior=0
[inst] req=9576448 hits=3272752 fwd=49402 rows=6303692 fwd_ms=531186.7 eval=0 prior=0
[inst] req=9584640 hits=3275723 fwd=49443 rows=6308841 fwd_ms=531587.3 eval=0 prior=0
[inst] req=9592832 hits=3278823 fwd=49483 rows=6313956 fwd_ms=531985.7 eval=0 prior=0
[inst] req=9601024 hits=3281885 fwd=49523 rows=6319026 fwd_ms=532381.2 eval=0 prior=0
[inst] req=9609216 hits=3285156 fwd=49562 rows=6324006 fwd_ms=532769.1 eval=0 prior=0
[inst] req=9617408 hits=3288272 fwd=49602 rows=6329123 fwd_ms=533167.0 eval=0 prior=0
[inst] req=9625600 hits=3291353 fwd=49642 rows=6334169 fwd_ms=533559.8 eval=0 prior=0
[inst] req=9633792 hits=3294306 fwd=49683 rows=6339399 fwd_ms=533967.1 eval=0 prior=0
[inst] req=9641984 hits=3297404 fwd=49723 rows=6344509 fwd_ms=534365.1 eval=0 prior=0
[inst] req=9650176 hits=3300506 fwd=49763 rows=6349626 fwd_ms=534763.3 eval=0 prior=0
[inst] req=9658368 hits=3303566 fwd=49803 rows=6354731 fwd_ms=535161.4 eval=0 prior=0
[inst] req=9666560 hits=3306570 fwd=49844 rows=6359936 fwd_ms=535576.1 eval=0 prior=0
[inst] req=9674752 hits=3309728 fwd=49883 rows=6364923 fwd_ms=535964.7 eval=0 prior=0
[inst] req=9682944 hits=3312926 fwd=49922 rows=6369901 fwd_ms=536352.7 eval=0 prior=0
[inst] req=9691136 hits=3316080 fwd=49962 rows=6375002 fwd_ms=536750.8 eval=0 prior=0
[inst] req=9699328 hits=3319211 fwd=50002 rows=6380091 fwd_ms=537147.4 eval=0 prior=0
[inst] req=9707520 hits=3322147 fwd=50043 rows=6385308 fwd_ms=537554.6 eval=0 prior=0
[inst] req=9715712 hits=3325145 fwd=50084 rows=6390529 fwd_ms=537961.1 eval=0 prior=0
[inst] req=9723904 hits=3328053 fwd=50125 rows=6395756 fwd_ms=538368.0 eval=0 prior=0
[inst] req=9732096 hits=3331003 fwd=50166 rows=6400991 fwd_ms=538775.7 eval=0 prior=0
[inst] req=9740288 hits=3333972 fwd=50207 rows=6406228 fwd_ms=539183.9 eval=0 prior=0
[inst] req=9748480 hits=3337124 fwd=50247 rows=6411250 fwd_ms=539576.1 eval=0 prior=0
[inst] req=9756672 hits=3340332 fwd=50286 rows=6416232 fwd_ms=539965.3 eval=0 prior=0
[inst] req=9764864 hits=3343382 fwd=50327 rows=6421358 fwd_ms=540366.7 eval=0 prior=0
[inst] req=9773056 hits=3346458 fwd=50368 rows=6426593 fwd_ms=540775.5 eval=0 prior=0
[inst] req=9781248 hits=3349414 fwd=50409 rows=6431833 fwd_ms=541183.9 eval=0 prior=0
[inst] req=9789440 hits=3352441 fwd=50449 rows=6436923 fwd_ms=541581.9 eval=0 prior=0
[inst] req=9797632 hits=3355547 fwd=50489 rows=6442023 fwd_ms=541980.4 eval=0 prior=0
[inst] req=9805824 hits=3358399 fwd=50531 rows=6447384 fwd_ms=542398.2 eval=0 prior=0
[inst] req=9814016 hits=3361600 fwd=50570 rows=6452363 fwd_ms=542786.8 eval=0 prior=0
[inst] req=9822208 hits=3364608 fwd=50610 rows=6457475 fwd_ms=543185.5 eval=0 prior=0
[inst] req=9830400 hits=3367587 fwd=50651 rows=6462709 fwd_ms=543593.5 eval=0 prior=0
[inst] req=9838592 hits=3370814 fwd=50690 rows=6467699 fwd_ms=543982.3 eval=0 prior=0
[inst] req=9846784 hits=3373748 fwd=50731 rows=6472945 fwd_ms=544390.6 eval=0 prior=0
[inst] req=9854976 hits=3376741 fwd=50773 rows=6478231 fwd_ms=544802.4 eval=0 prior=0
[inst] req=9863168 hits=3380028 fwd=50811 rows=6483082 fwd_ms=545180.3 eval=0 prior=0
[inst] req=9871360 hits=3383247 fwd=50850 rows=6488064 fwd_ms=545568.5 eval=0 prior=0
[inst] req=9879552 hits=3386279 fwd=50890 rows=6493170 fwd_ms=545966.5 eval=0 prior=0
[inst] req=9887744 hits=3389265 fwd=50931 rows=6498409 fwd_ms=546374.5 eval=0 prior=0
[inst] req=9895936 hits=3392348 fwd=50971 rows=6503528 fwd_ms=546772.7 eval=0 prior=0
[inst] req=9904128 hits=3395181 fwd=51013 rows=6508902 fwd_ms=547190.8 eval=0 prior=0
[inst] req=9912320 hits=3398211 fwd=51053 rows=6513993 fwd_ms=547587.2 eval=0 prior=0
[inst] req=9920512 hits=3401198 fwd=51094 rows=6519233 fwd_ms=547995.1 eval=0 prior=0
[inst] req=9928704 hits=3404280 fwd=51134 rows=6524340 fwd_ms=548393.3 eval=0 prior=0
[inst] req=9936896 hits=3407439 fwd=51173 rows=6529329 fwd_ms=548782.4 eval=0 prior=0
[inst] req=9945088 hits=3410379 fwd=51215 rows=6534705 fwd_ms=549200.3 eval=0 prior=0
[inst] req=9953280 hits=3413479 fwd=51254 rows=6539679 fwd_ms=549588.4 eval=0 prior=0
[inst] req=9961472 hits=3416530 fwd=51295 rows=6544922 fwd_ms=549996.5 eval=0 prior=0
[inst] req=9969664 hits=3419422 fwd=51337 rows=6550173 fwd_ms=550423.8 eval=0 prior=0
[inst] req=9977856 hits=3422593 fwd=51377 rows=6555189 fwd_ms=550815.1 eval=0 prior=0
[inst] req=9986048 hits=3425461 fwd=51420 rows=6560579 fwd_ms=551234.7 eval=0 prior=0
[inst] req=9994240 hits=3428497 fwd=51460 rows=6565697 fwd_ms=551633.2 eval=0 prior=0
[inst] req=10002432 hits=3431733 fwd=51499 rows=6570663 fwd_ms=552021.3 eval=0 prior=0
[inst] req=10010624 hits=3434626 fwd=51540 rows=6575892 fwd_ms=552429.2 eval=0 prior=0
[inst] req=10018816 hits=3437892 fwd=51579 rows=6580871 fwd_ms=552817.4 eval=0 prior=0
[inst] req=10027008 hits=3440798 fwd=51620 rows=6586119 fwd_ms=553225.5 eval=0 prior=0
[inst] req=10035200 hits=3444019 fwd=51659 rows=6591108 fwd_ms=553613.6 eval=0 prior=0
[inst] req=10043392 hits=3447182 fwd=51700 rows=6596164 fwd_ms=554007.4 eval=0 prior=0
[inst] req=10051584 hits=3450106 fwd=51741 rows=6601407 fwd_ms=554415.4 eval=0 prior=0
[inst] req=10059776 hits=3453151 fwd=51781 rows=6606526 fwd_ms=554813.2 eval=0 prior=0
[inst] req=10067968 hits=3456221 fwd=51821 rows=6611628 fwd_ms=555210.9 eval=0 prior=0
[inst] req=10076160 hits=3459273 fwd=51862 rows=6616780 fwd_ms=555612.6 eval=0 prior=0
[inst] req=10084352 hits=3462232 fwd=51903 rows=6622012 fwd_ms=556020.3 eval=0 prior=0
[inst] req=10092544 hits=3465173 fwd=51944 rows=6627244 fwd_ms=556427.9 eval=0 prior=0
[inst] req=10100736 hits=3468101 fwd=51986 rows=6632609 fwd_ms=556845.9 eval=0 prior=0
[inst] req=10108928 hits=3471140 fwd=52026 rows=6637712 fwd_ms=557243.7 eval=0 prior=0
[inst] req=10117120 hits=3474144 fwd=52067 rows=6642858 fwd_ms=557644.8 eval=0 prior=0
[inst] req=10125312 hits=3477077 fwd=52109 rows=6648233 fwd_ms=558062.8 eval=0 prior=0
[inst] req=10133504 hits=3480113 fwd=52149 rows=6653311 fwd_ms=558458.3 eval=0 prior=0
[inst] req=10141696 hits=3483244 fwd=52189 rows=6658417 fwd_ms=558856.2 eval=0 prior=0
[inst] req=10149888 hits=3486335 fwd=52230 rows=6663545 fwd_ms=559255.6 eval=0 prior=0
[inst] req=10158080 hits=3489457 fwd=52269 rows=6668511 fwd_ms=559642.5 eval=0 prior=0
[inst] req=10166272 hits=3492424 fwd=52310 rows=6673746 fwd_ms=560050.3 eval=0 prior=0
[inst] req=10174464 hits=3495639 fwd=52349 rows=6678709 fwd_ms=560436.9 eval=0 prior=0
[inst] req=10182656 hits=3498692 fwd=52390 rows=6683928 fwd_ms=560844.4 eval=0 prior=0
[inst] req=10190848 hits=3501640 fwd=52431 rows=6689164 fwd_ms=561252.3 eval=0 prior=0
[inst] req=10199040 hits=3504730 fwd=52471 rows=6694268 fwd_ms=561649.9 eval=0 prior=0
[inst] req=10207232 hits=3507580 fwd=52513 rows=6699638 fwd_ms=562067.6 eval=0 prior=0
[inst] req=10215424 hits=3510784 fwd=52552 rows=6704628 fwd_ms=562455.7 eval=0 prior=0
[inst] req=10223616 hits=3513976 fwd=52591 rows=6709614 fwd_ms=562843.7 eval=0 prior=0
[inst] req=10231808 hits=3517122 fwd=52630 rows=6714586 fwd_ms=563231.8 eval=0 prior=0
[inst] req=10240000 hits=3520370 fwd=52669 rows=6719570 fwd_ms=563621.1 eval=0 prior=0
[inst] req=10248192 hits=3523432 fwd=52709 rows=6724682 fwd_ms=564020.1 eval=0 prior=0
[inst] req=10256384 hits=3526633 fwd=52749 rows=6729702 fwd_ms=564411.6 eval=0 prior=0
[inst] req=10264576 hits=3529674 fwd=52789 rows=6734817 fwd_ms=564810.3 eval=0 prior=0
[inst] req=10272768 hits=3532903 fwd=52828 rows=6739802 fwd_ms=565199.2 eval=0 prior=0
[inst] req=10280960 hits=3535982 fwd=52868 rows=6744873 fwd_ms=565595.2 eval=0 prior=0
[inst] req=10289152 hits=3539013 fwd=52909 rows=6750120 fwd_ms=566003.4 eval=0 prior=0
[inst] req=10297344 hits=3542002 fwd=52950 rows=6755267 fwd_ms=566404.4 eval=0 prior=0
[inst] req=10305536 hits=3544992 fwd=52991 rows=6760512 fwd_ms=566812.6 eval=0 prior=0
[inst] req=10313728 hits=3548109 fwd=53031 rows=6765533 fwd_ms=567203.6 eval=0 prior=0
[inst] req=10321920 hits=3551119 fwd=53072 rows=6770763 fwd_ms=567610.4 eval=0 prior=0
[inst] req=10330112 hits=3554383 fwd=53110 rows=6775617 fwd_ms=567988.3 eval=0 prior=0
[inst] req=10338304 hits=3557586 fwd=53149 rows=6780606 fwd_ms=568376.6 eval=0 prior=0
[inst] req=10346496 hits=3560601 fwd=53190 rows=6785842 fwd_ms=568784.7 eval=0 prior=0
[inst] req=10354688 hits=3563734 fwd=53230 rows=6790950 fwd_ms=569183.7 eval=0 prior=0
[inst] req=10362880 hits=3566838 fwd=53269 rows=6795933 fwd_ms=569573.4 eval=0 prior=0
[inst] req=10371072 hits=3569774 fwd=53310 rows=6801178 fwd_ms=569982.1 eval=0 prior=0
[inst] req=10379264 hits=3573100 fwd=53349 rows=6806063 fwd_ms=570363.5 eval=0 prior=0
[inst] req=10387456 hits=3576237 fwd=53389 rows=6811147 fwd_ms=570761.5 eval=0 prior=0
[inst] req=10395648 hits=3579340 fwd=53429 rows=6816234 fwd_ms=571160.3 eval=0 prior=0
[inst] req=10403840 hits=3582532 fwd=53468 rows=6821222 fwd_ms=571550.2 eval=0 prior=0
[inst] req=10412032 hits=3585605 fwd=53509 rows=6826348 fwd_ms=571951.5 eval=0 prior=0
[inst] req=10420224 hits=3588818 fwd=53548 rows=6831301 fwd_ms=572339.6 eval=0 prior=0
[inst] req=10428416 hits=3591863 fwd=53590 rows=6836534 fwd_ms=572750.1 eval=0 prior=0
[inst] req=10436608 hits=3595044 fwd=53629 rows=6841515 fwd_ms=573139.7 eval=0 prior=0
[inst] req=10444800 hits=3598199 fwd=53668 rows=6846473 fwd_ms=573526.9 eval=0 prior=0
[inst] req=10452992 hits=3601181 fwd=53709 rows=6851698 fwd_ms=573934.0 eval=0 prior=0
[inst] req=10461184 hits=3604364 fwd=53749 rows=6856798 fwd_ms=574332.1 eval=0 prior=0
[inst] req=10469376 hits=3607513 fwd=53788 rows=6861770 fwd_ms=574720.3 eval=0 prior=0
[inst] req=10477568 hits=3610579 fwd=53828 rows=6866873 fwd_ms=575303.8 eval=0 prior=0
[inst] req=10485760 hits=3613586 fwd=53870 rows=6872091 fwd_ms=577871.0 eval=0 prior=0
[inst] req=10493952 hits=3617071 fwd=53907 rows=6876760 fwd_ms=580110.5 eval=0 prior=0
[inst] req=10502144 hits=3620348 fwd=53946 rows=6881743 fwd_ms=582684.6 eval=0 prior=0
[inst] req=10510336 hits=3623587 fwd=53985 rows=6886692 fwd_ms=585056.1 eval=0 prior=0
[inst] req=10518528 hits=3626943 fwd=54023 rows=6891498 fwd_ms=587425.0 eval=0 prior=0
[inst] req=10526720 hits=3630301 fwd=54062 rows=6896377 fwd_ms=589083.5 eval=0 prior=0
[inst] req=10534912 hits=3633130 fwd=54105 rows=6901719 fwd_ms=589517.4 eval=0 prior=0
[inst] req=10543104 hits=3634580 fwd=54159 rows=6908424 fwd_ms=590097.9 eval=0 prior=0
[inst] req=10551296 hits=3637164 fwd=54203 rows=6914054 fwd_ms=590536.2 eval=0 prior=0
[inst] req=10559488 hits=3639854 fwd=54246 rows=6919556 fwd_ms=590964.8 eval=0 prior=0
[inst] req=10567680 hits=3642621 fwd=54289 rows=6925053 fwd_ms=591392.9 eval=0 prior=0
[inst] req=10575872 hits=3645333 fwd=54331 rows=6930427 fwd_ms=591811.6 eval=0 prior=0
[inst] req=10584064 hits=3648189 fwd=54373 rows=6935799 fwd_ms=592230.1 eval=0 prior=0
[inst] req=10592256 hits=3650982 fwd=54415 rows=6941175 fwd_ms=592648.7 eval=0 prior=0
[inst] req=10600448 hits=3653720 fwd=54458 rows=6946678 fwd_ms=593077.5 eval=0 prior=0
[inst] req=10608640 hits=3656535 fwd=54500 rows=6952054 fwd_ms=593496.0 eval=0 prior=0
[inst] req=10616832 hits=3659323 fwd=54542 rows=6957424 fwd_ms=593914.1 eval=0 prior=0
[inst] req=10625024 hits=3662058 fwd=54585 rows=6962928 fwd_ms=594342.2 eval=0 prior=0
[inst] req=10633216 hits=3664751 fwd=54628 rows=6968428 fwd_ms=594770.3 eval=0 prior=0
[inst] req=10641408 hits=3667481 fwd=54670 rows=6973803 fwd_ms=595188.3 eval=0 prior=0
[inst] req=10649600 hits=3670297 fwd=54712 rows=6979178 fwd_ms=595606.8 eval=0 prior=0
[inst] req=10657792 hits=3673108 fwd=54755 rows=6984678 fwd_ms=596035.1 eval=0 prior=0
[inst] req=10665984 hits=3675800 fwd=54798 rows=6990182 fwd_ms=596463.2 eval=0 prior=0
[inst] req=10674176 hits=3678580 fwd=54840 rows=6995558 fwd_ms=596881.9 eval=0 prior=0
[inst] req=10682368 hits=3681342 fwd=54882 rows=7000934 fwd_ms=597300.5 eval=0 prior=0
[inst] req=10690560 hits=3684160 fwd=54924 rows=7006307 fwd_ms=597718.6 eval=0 prior=0
[inst] req=10698752 hits=3686845 fwd=54968 rows=7011895 fwd_ms=598162.1 eval=0 prior=0
[inst] req=10706944 hits=3689706 fwd=55009 rows=7017136 fwd_ms=598570.9 eval=0 prior=0
[inst] req=10715136 hits=3692451 fwd=55052 rows=7022638 fwd_ms=598999.4 eval=0 prior=0
[inst] req=10723328 hits=3695146 fwd=55095 rows=7028129 fwd_ms=599426.6 eval=0 prior=0
[inst] req=10731520 hits=3697932 fwd=55137 rows=7033499 fwd_ms=599844.1 eval=0 prior=0
[inst] req=10739712 hits=3700664 fwd=55180 rows=7039000 fwd_ms=600271.4 eval=0 prior=0
[inst] req=10747904 hits=3703378 fwd=55223 rows=7044503 fwd_ms=600698.5 eval=0 prior=0
[inst] req=10756096 hits=3706197 fwd=55265 rows=7049875 fwd_ms=601115.6 eval=0 prior=0
[inst] req=10764288 hits=3709287 fwd=55305 rows=7054978 fwd_ms=601512.9 eval=0 prior=0
[inst] req=10772480 hits=3712127 fwd=55346 rows=7060226 fwd_ms=601920.1 eval=0 prior=0
[inst] req=10780672 hits=3714862 fwd=55389 rows=7065730 fwd_ms=602347.1 eval=0 prior=0
[inst] req=10788864 hits=3717706 fwd=55431 rows=7071105 fwd_ms=602764.2 eval=0 prior=0
[inst] req=10797056 hits=3720429 fwd=55474 rows=7076609 fwd_ms=603190.8 eval=0 prior=0
[inst] req=10805248 hits=3723269 fwd=55515 rows=7081852 fwd_ms=603597.5 eval=0 prior=0
[inst] req=10813440 hits=3726067 fwd=55558 rows=7087356 fwd_ms=604024.2 eval=0 prior=0
[inst] req=10821632 hits=3729025 fwd=55599 rows=7092603 fwd_ms=604430.8 eval=0 prior=0
[inst] req=10829824 hits=3731824 fwd=55641 rows=7097978 fwd_ms=604847.6 eval=0 prior=0
[inst] req=10838016 hits=3734636 fwd=55683 rows=7103354 fwd_ms=605264.0 eval=0 prior=0
[inst] req=10846208 hits=3737480 fwd=55725 rows=7108725 fwd_ms=605680.4 eval=0 prior=0
[inst] req=10854400 hits=3740249 fwd=55767 rows=7114087 fwd_ms=606096.1 eval=0 prior=0
[inst] req=10862592 hits=3743170 fwd=55809 rows=7119373 fwd_ms=606505.4 eval=0 prior=0
[inst] req=10870784 hits=3745802 fwd=55852 rows=7124877 fwd_ms=606932.0 eval=0 prior=0
[inst] req=10878976 hits=3748712 fwd=55894 rows=7130252 fwd_ms=607348.8 eval=0 prior=0
[inst] req=10887168 hits=3751511 fwd=55936 rows=7135600 fwd_ms=607764.7 eval=0 prior=0
[inst] req=10895360 hits=3754295 fwd=55978 rows=7140972 fwd_ms=608180.6 eval=0 prior=0
[inst] req=10903552 hits=3757048 fwd=56021 rows=7146471 fwd_ms=608606.5 eval=0 prior=0
[inst] req=10911744 hits=3759775 fwd=56063 rows=7151847 fwd_ms=609022.6 eval=0 prior=0
[inst] req=10919936 hits=3762600 fwd=56106 rows=7157269 fwd_ms=609442.8 eval=0 prior=0
[inst] req=10928128 hits=3765493 fwd=56147 rows=7162513 fwd_ms=609848.7 eval=0 prior=0
[inst] req=10936320 hits=3768131 fwd=56191 rows=7168142 fwd_ms=610284.7 eval=0 prior=0
[inst] req=10944512 hits=3771063 fwd=56232 rows=7173361 fwd_ms=610691.4 eval=0 prior=0
[inst] req=10952704 hits=3773804 fwd=56276 rows=7178899 fwd_ms=611121.9 eval=0 prior=0
[inst] req=10960896 hits=3776451 fwd=56319 rows=7184397 fwd_ms=611548.6 eval=0 prior=0
[inst] req=10969088 hits=3779296 fwd=56361 rows=7189743 fwd_ms=611964.7 eval=0 prior=0
[inst] req=10977280 hits=3782074 fwd=56404 rows=7195145 fwd_ms=612385.2 eval=0 prior=0
[inst] req=10985472 hits=3785102 fwd=56444 rows=7200255 fwd_ms=612782.9 eval=0 prior=0
[inst] req=10993664 hits=3787853 fwd=56487 rows=7205724 fwd_ms=613208.2 eval=0 prior=0
[inst] req=11001856 hits=3790767 fwd=56528 rows=7210964 fwd_ms=613615.7 eval=0 prior=0
[inst] req=11010048 hits=3793651 fwd=56570 rows=7216337 fwd_ms=614032.7 eval=0 prior=0
[inst] req=11018240 hits=3796545 fwd=56611 rows=7221584 fwd_ms=614440.2 eval=0 prior=0
[inst] req=11026432 hits=3799299 fwd=56654 rows=7227073 fwd_ms=614866.6 eval=0 prior=0
[inst] req=11034624 hits=3802143 fwd=56696 rows=7232439 fwd_ms=615283.3 eval=0 prior=0
[inst] req=11042816 hits=3804861 fwd=56739 rows=7237943 fwd_ms=615710.2 eval=0 prior=0
[inst] req=11051008 hits=3807691 fwd=56781 rows=7243305 fwd_ms=616126.9 eval=0 prior=0
[inst] req=11059200 hits=3810570 fwd=56822 rows=7248534 fwd_ms=616533.5 eval=0 prior=0
[inst] req=11067392 hits=3813415 fwd=56864 rows=7253864 fwd_ms=616948.6 eval=0 prior=0
[inst] req=11075584 hits=3816159 fwd=56907 rows=7259349 fwd_ms=617375.6 eval=0 prior=0
[inst] req=11083776 hits=3818836 fwd=56950 rows=7264852 fwd_ms=617802.6 eval=0 prior=0
[inst] req=11091968 hits=3821593 fwd=56993 rows=7270351 fwd_ms=618229.9 eval=0 prior=0
[inst] req=11100160 hits=3824486 fwd=57034 rows=7275589 fwd_ms=618637.4 eval=0 prior=0
[inst] req=11108352 hits=3827316 fwd=57076 rows=7280962 fwd_ms=619055.0 eval=0 prior=0
[inst] req=11116544 hits=3829960 fwd=57119 rows=7286458 fwd_ms=619482.4 eval=0 prior=0
[inst] req=11124736 hits=3832911 fwd=57160 rows=7291701 fwd_ms=619889.8 eval=0 prior=0
[inst] req=11132928 hits=3835666 fwd=57203 rows=7297197 fwd_ms=620316.8 eval=0 prior=0
[inst] req=11141120 hits=3838355 fwd=57246 rows=7302697 fwd_ms=620744.1 eval=0 prior=0
[inst] req=11149312 hits=3841162 fwd=57288 rows=7308069 fwd_ms=621161.6 eval=0 prior=0
[inst] req=11157504 hits=3843851 fwd=57331 rows=7313568 fwd_ms=621588.9 eval=0 prior=0
[inst] req=11165696 hits=3846623 fwd=57374 rows=7319064 fwd_ms=622016.6 eval=0 prior=0
[inst] req=11173888 hits=3849373 fwd=57416 rows=7324432 fwd_ms=622434.3 eval=0 prior=0
[inst] req=11182080 hits=3852029 fwd=57459 rows=7329936 fwd_ms=622862.6 eval=0 prior=0
[inst] req=11190272 hits=3854807 fwd=57502 rows=7335386 fwd_ms=623289.4 eval=0 prior=0
[inst] req=11198464 hits=3857696 fwd=57544 rows=7340756 fwd_ms=623707.4 eval=0 prior=0
[inst] req=11206656 hits=3860636 fwd=57585 rows=7345989 fwd_ms=624114.7 eval=0 prior=0
[inst] req=11214848 hits=3863496 fwd=57626 rows=7351232 fwd_ms=624522.1 eval=0 prior=0
[inst] req=11223040 hits=3866296 fwd=57669 rows=7356716 fwd_ms=624949.9 eval=0 prior=0
[inst] req=11231232 hits=3869094 fwd=57711 rows=7362088 fwd_ms=625367.7 eval=0 prior=0
[inst] req=11239424 hits=3871883 fwd=57753 rows=7367443 fwd_ms=625783.8 eval=0 prior=0
[inst] req=11247616 hits=3874611 fwd=57796 rows=7372947 fwd_ms=626211.3 eval=0 prior=0
[inst] req=11255808 hits=3877435 fwd=57839 rows=7378345 fwd_ms=626631.1 eval=0 prior=0
[inst] req=11264000 hits=3880344 fwd=57880 rows=7383589 fwd_ms=627039.0 eval=0 prior=0
[inst] req=11272192 hits=3883239 fwd=57921 rows=7388832 fwd_ms=627446.8 eval=0 prior=0
[inst] req=11280384 hits=3885914 fwd=57965 rows=7394358 fwd_ms=627877.1 eval=0 prior=0
[inst] req=11288576 hits=3888839 fwd=58007 rows=7399725 fwd_ms=628295.2 eval=0 prior=0
[inst] req=11296768 hits=3891611 fwd=58049 rows=7405077 fwd_ms=628711.4 eval=0 prior=0
[inst] req=11304960 hits=3894761 fwd=58089 rows=7410195 fwd_ms=629109.5 eval=0 prior=0
[inst] req=11313152 hits=3897538 fwd=58131 rows=7415571 fwd_ms=629526.7 eval=0 prior=0
[inst] req=11321344 hits=3900439 fwd=58172 rows=7420799 fwd_ms=629932.9 eval=0 prior=0
[inst] req=11329536 hits=3903176 fwd=58215 rows=7426277 fwd_ms=630359.6 eval=0 prior=0
[inst] req=11337728 hits=3906034 fwd=58257 rows=7431652 fwd_ms=630777.3 eval=0 prior=0
[inst] req=11345920 hits=3908874 fwd=58299 rows=7437019 fwd_ms=631194.4 eval=0 prior=0
[inst] req=11354112 hits=3911705 fwd=58341 rows=7442376 fwd_ms=631611.3 eval=0 prior=0
[inst] req=11362304 hits=3914438 fwd=58383 rows=7447751 fwd_ms=632029.4 eval=0 prior=0
[inst] req=11370496 hits=3917382 fwd=58425 rows=7453005 fwd_ms=632439.1 eval=0 prior=0
[inst] req=11378688 hits=3920268 fwd=58467 rows=7458378 fwd_ms=632856.9 eval=0 prior=0
[inst] req=11386880 hits=3923084 fwd=58509 rows=7463746 fwd_ms=633274.0 eval=0 prior=0
[inst] req=11395072 hits=3925938 fwd=58551 rows=7469121 fwd_ms=633691.3 eval=0 prior=0
[inst] req=11403264 hits=3928877 fwd=58592 rows=7474359 fwd_ms=634098.5 eval=0 prior=0
[inst] req=11411456 hits=3931833 fwd=58633 rows=7479606 fwd_ms=634505.6 eval=0 prior=0
[inst] req=11419648 hits=3934582 fwd=58676 rows=7485023 fwd_ms=634926.8 eval=0 prior=0
[inst] req=11427840 hits=3937423 fwd=58718 rows=7490393 fwd_ms=635344.1 eval=0 prior=0
[inst] req=11436032 hits=3940325 fwd=58759 rows=7495596 fwd_ms=635749.2 eval=0 prior=0
[inst] req=11444224 hits=3943133 fwd=58802 rows=7501069 fwd_ms=636175.1 eval=0 prior=0
[inst] req=11452416 hits=3946029 fwd=58843 rows=7506313 fwd_ms=636582.5 eval=0 prior=0
[inst] req=11460608 hits=3948672 fwd=58886 rows=7511813 fwd_ms=637010.8 eval=0 prior=0
[inst] req=11468800 hits=3951588 fwd=58928 rows=7517189 fwd_ms=637430.1 eval=0 prior=0
[inst] req=11476992 hits=3954451 fwd=58969 rows=7522428 fwd_ms=637838.3 eval=0 prior=0
[inst] req=11485184 hits=3957400 fwd=59010 rows=7527666 fwd_ms=638245.7 eval=0 prior=0
[inst] req=11493376 hits=3960115 fwd=59053 rows=7533163 fwd_ms=638673.0 eval=0 prior=0
[inst] req=11501568 hits=3962988 fwd=59095 rows=7538537 fwd_ms=639090.5 eval=0 prior=0
[inst] req=11509760 hits=3965747 fwd=59138 rows=7543947 fwd_ms=639511.0 eval=0 prior=0
[inst] req=11517952 hits=3968509 fwd=59181 rows=7549434 fwd_ms=639938.0 eval=0 prior=0
[inst] req=11526144 hits=3971372 fwd=59222 rows=7554660 fwd_ms=640344.6 eval=0 prior=0
[inst] req=11534336 hits=3974063 fwd=59265 rows=7560162 fwd_ms=640772.1 eval=0 prior=0
[inst] req=11542528 hits=3976968 fwd=59307 rows=7565535 fwd_ms=641189.5 eval=0 prior=0
[inst] req=11550720 hits=3979650 fwd=59350 rows=7571024 fwd_ms=641616.3 eval=0 prior=0
[inst] req=11558912 hits=3982599 fwd=59391 rows=7576267 fwd_ms=642024.0 eval=0 prior=0
[inst] req=11567104 hits=3985570 fwd=59432 rows=7581497 fwd_ms=642430.5 eval=0 prior=0
[inst] req=11575296 hits=3988606 fwd=59472 rows=7586617 fwd_ms=642828.2 eval=0 prior=0
[inst] req=11583488 hits=3991313 fwd=59515 rows=7592118 fwd_ms=643255.7 eval=0 prior=0
[inst] req=11591680 hits=3994088 fwd=59557 rows=7597484 fwd_ms=643672.9 eval=0 prior=0
[inst] req=11599872 hits=3996843 fwd=59600 rows=7602975 fwd_ms=644099.8 eval=0 prior=0
[inst] req=11608064 hits=3999664 fwd=59643 rows=7608399 fwd_ms=644521.6 eval=0 prior=0
[inst] req=11616256 hits=4002663 fwd=59684 rows=7613559 fwd_ms=644923.1 eval=0 prior=0
[inst] req=11624448 hits=4005450 fwd=59726 rows=7618922 fwd_ms=645339.6 eval=0 prior=0
[inst] req=11632640 hits=4008269 fwd=59768 rows=7624289 fwd_ms=645756.4 eval=0 prior=0
[inst] req=11640832 hits=4011148 fwd=59810 rows=7629656 fwd_ms=646173.2 eval=0 prior=0
[inst] req=11649024 hits=4014103 fwd=59851 rows=7634903 fwd_ms=646581.0 eval=0 prior=0
[inst] req=11657216 hits=4016877 fwd=59893 rows=7640251 fwd_ms=646996.5 eval=0 prior=0
[inst] req=11665408 hits=4019638 fwd=59936 rows=7645752 fwd_ms=647424.3 eval=0 prior=0
[inst] req=11673600 hits=4022411 fwd=59978 rows=7651128 fwd_ms=647841.9 eval=0 prior=0
[inst] req=11681792 hits=4025163 fwd=60021 rows=7656622 fwd_ms=648269.3 eval=0 prior=0
[inst] req=11689984 hits=4027953 fwd=60063 rows=7661994 fwd_ms=648687.5 eval=0 prior=0
[inst] req=11698176 hits=4030845 fwd=60104 rows=7667228 fwd_ms=649094.9 eval=0 prior=0
[inst] req=11706368 hits=4033551 fwd=60147 rows=7672720 fwd_ms=649522.4 eval=0 prior=0
[inst] req=11714560 hits=4036571 fwd=60188 rows=7677965 fwd_ms=649931.8 eval=0 prior=0
[inst] req=11722752 hits=4039324 fwd=60230 rows=7683336 fwd_ms=650350.9 eval=0 prior=0
[inst] req=11730944 hits=4042231 fwd=60272 rows=7688712 fwd_ms=650769.9 eval=0 prior=0
[inst] req=11739136 hits=4044932 fwd=60314 rows=7694087 fwd_ms=651187.9 eval=0 prior=0
[inst] req=11747328 hits=4047691 fwd=60357 rows=7699589 fwd_ms=651616.3 eval=0 prior=0
[inst] req=11755520 hits=4050449 fwd=60399 rows=7704964 fwd_ms=652034.2 eval=0 prior=0
[inst] req=11763712 hits=4053242 fwd=60442 rows=7710453 fwd_ms=652461.8 eval=0 prior=0
[inst] req=11771904 hits=4056144 fwd=60483 rows=7715689 fwd_ms=652869.7 eval=0 prior=0
[inst] req=11780096 hits=4058982 fwd=60525 rows=7721065 fwd_ms=653287.5 eval=0 prior=0
[inst] req=11788288 hits=4061836 fwd=60567 rows=7726440 fwd_ms=653705.3 eval=0 prior=0
[inst] req=11796480 hits=4064665 fwd=60609 rows=7731743 fwd_ms=654117.6 eval=0 prior=0
[inst] req=11804672 hits=4067410 fwd=60652 rows=7737240 fwd_ms=654545.1 eval=0 prior=0
[inst] req=11812864 hits=4070320 fwd=60693 rows=7742480 fwd_ms=654952.7 eval=0 prior=0
[inst] req=11821056 hits=4072956 fwd=60736 rows=7747980 fwd_ms=655380.5 eval=0 prior=0
[inst] req=11829248 hits=4075923 fwd=60777 rows=7753205 fwd_ms=655788.2 eval=0 prior=0
[inst] req=11837440 hits=4078690 fwd=60820 rows=7758702 fwd_ms=656216.1 eval=0 prior=0
[inst] req=11845632 hits=4081616 fwd=60861 rows=7763942 fwd_ms=656624.0 eval=0 prior=0
[inst] req=11853824 hits=4084394 fwd=60903 rows=7769318 fwd_ms=657042.0 eval=0 prior=0
[inst] req=11862016 hits=4087145 fwd=60947 rows=7774861 fwd_ms=657472.6 eval=0 prior=0
[inst] req=11870208 hits=4090109 fwd=60987 rows=7779974 fwd_ms=657870.7 eval=0 prior=0
[inst] req=11878400 hits=4093169 fwd=61028 rows=7785217 fwd_ms=658278.7 eval=0 prior=0
[inst] req=11886592 hits=4095967 fwd=61070 rows=7790590 fwd_ms=658696.2 eval=0 prior=0
[inst] req=11894784 hits=4098784 fwd=61112 rows=7795964 fwd_ms=659114.3 eval=0 prior=0
[inst] req=11902976 hits=4101606 fwd=61154 rows=7801329 fwd_ms=659531.9 eval=0 prior=0
[inst] req=11911168 hits=4104316 fwd=61198 rows=7806840 fwd_ms=659980.6 eval=0 prior=0
[inst] req=11919360 hits=4107213 fwd=61239 rows=7812077 fwd_ms=660388.7 eval=0 prior=0
[inst] req=11927552 hits=4110083 fwd=61281 rows=7817346 fwd_ms=660799.9 eval=0 prior=0
[inst] req=11935744 hits=4112954 fwd=61323 rows=7822716 fwd_ms=661217.7 eval=0 prior=0
[inst] req=11943936 hits=4115836 fwd=61365 rows=7828084 fwd_ms=661635.7 eval=0 prior=0
[inst] req=11952128 hits=4118663 fwd=61407 rows=7833427 fwd_ms=662051.8 eval=0 prior=0
[inst] req=11960320 hits=4121689 fwd=61448 rows=7838620 fwd_ms=662457.2 eval=0 prior=0
[inst] req=11968512 hits=4124515 fwd=61490 rows=7843902 fwd_ms=662869.0 eval=0 prior=0
[inst] req=11976704 hits=4127383 fwd=61532 rows=7849274 fwd_ms=663286.8 eval=0 prior=0
[inst] req=11984896 hits=4130232 fwd=61574 rows=7854647 fwd_ms=663704.8 eval=0 prior=0
[inst] req=11993088 hits=4133233 fwd=61614 rows=7859765 fwd_ms=664102.8 eval=0 prior=0
[inst] req=12001280 hits=4136082 fwd=61656 rows=7865135 fwd_ms=664521.2 eval=0 prior=0
[inst] req=12009472 hits=4139003 fwd=61697 rows=7870383 fwd_ms=664930.0 eval=0 prior=0
[inst] req=12017664 hits=4141786 fwd=61739 rows=7875758 fwd_ms=665348.6 eval=0 prior=0
[inst] req=12025856 hits=4144694 fwd=61781 rows=7881133 fwd_ms=665766.8 eval=0 prior=0
[inst] req=12034048 hits=4147505 fwd=61823 rows=7886500 fwd_ms=666184.8 eval=0 prior=0
[inst] req=12042240 hits=4150366 fwd=61865 rows=7891868 fwd_ms=666602.9 eval=0 prior=0
[inst] req=12050432 hits=4153138 fwd=61908 rows=7897274 fwd_ms=667023.9 eval=0 prior=0
[inst] req=12058624 hits=4155945 fwd=61950 rows=7902642 fwd_ms=667441.9 eval=0 prior=0
[inst] req=12066816 hits=4158794 fwd=61992 rows=7908016 fwd_ms=667859.9 eval=0 prior=0
[inst] req=12075008 hits=4161591 fwd=62034 rows=7913389 fwd_ms=668278.0 eval=0 prior=0
[inst] req=12083200 hits=4164437 fwd=62075 rows=7918636 fwd_ms=668686.2 eval=0 prior=0
[inst] req=12091392 hits=4167310 fwd=62118 rows=7924060 fwd_ms=669108.5 eval=0 prior=0
[inst] req=12099584 hits=4170339 fwd=62158 rows=7929179 fwd_ms=669507.2 eval=0 prior=0
[inst] req=12107776 hits=4173313 fwd=62199 rows=7934424 fwd_ms=669915.4 eval=0 prior=0
[inst] req=12115968 hits=4176110 fwd=62241 rows=7939777 fwd_ms=670333.0 eval=0 prior=0
[inst] req=12124160 hits=4178953 fwd=62283 rows=7945149 fwd_ms=670751.1 eval=0 prior=0
[inst] req=12132352 hits=4181784 fwd=62325 rows=7950523 fwd_ms=671169.3 eval=0 prior=0
[inst] req=12140544 hits=4184755 fwd=62366 rows=7955766 fwd_ms=671577.6 eval=0 prior=0
[inst] req=12148736 hits=4187755 fwd=62406 rows=7960864 fwd_ms=671975.4 eval=0 prior=0
[inst] req=12156928 hits=4190532 fwd=62449 rows=7966350 fwd_ms=672402.8 eval=0 prior=0
[inst] req=12165120 hits=4193430 fwd=62490 rows=7971598 fwd_ms=672811.1 eval=0 prior=0
[inst] req=12173312 hits=4196245 fwd=62532 rows=7976973 fwd_ms=673229.8 eval=0 prior=0
[inst] req=12181504 hits=4199017 fwd=62575 rows=7982466 fwd_ms=673659.2 eval=0 prior=0
[inst] req=12189696 hits=4201861 fwd=62617 rows=7987834 fwd_ms=674077.1 eval=0 prior=0
[inst] req=12197888 hits=4204742 fwd=62658 rows=7993081 fwd_ms=674485.0 eval=0 prior=0
[inst] req=12206080 hits=4207617 fwd=62700 rows=7998455 fwd_ms=674902.8 eval=0 prior=0
[inst] req=12214272 hits=4210378 fwd=62742 rows=8003822 fwd_ms=675320.5 eval=0 prior=0
[inst] req=12222464 hits=4213253 fwd=62784 rows=8009198 fwd_ms=675738.6 eval=0 prior=0
[inst] req=12230656 hits=4216113 fwd=62825 rows=8014423 fwd_ms=676145.3 eval=0 prior=0
[inst] req=12238848 hits=4219027 fwd=62867 rows=8019797 fwd_ms=676563.6 eval=0 prior=0
[inst] req=12247040 hits=4221837 fwd=62909 rows=8025168 fwd_ms=676981.7 eval=0 prior=0
[inst] req=12255232 hits=4224707 fwd=62950 rows=8030414 fwd_ms=677390.0 eval=0 prior=0
[inst] req=12263424 hits=4227509 fwd=62992 rows=8035788 fwd_ms=677808.5 eval=0 prior=0
[inst] req=12271616 hits=4230152 fwd=63037 rows=8041455 fwd_ms=678249.6 eval=0 prior=0
[inst] req=12279808 hits=4232959 fwd=63079 rows=8046831 fwd_ms=678668.2 eval=0 prior=0
[inst] req=12288000 hits=4235932 fwd=63119 rows=8051944 fwd_ms=679066.6 eval=0 prior=0
[inst] req=12296192 hits=4238638 fwd=63162 rows=8057447 fwd_ms=679495.0 eval=0 prior=0
[inst] req=12304384 hits=4241611 fwd=63203 rows=8062668 fwd_ms=679902.0 eval=0 prior=0
[inst] req=12312576 hits=4244541 fwd=63244 rows=8067913 fwd_ms=680310.4 eval=0 prior=0
[inst] req=12320768 hits=4247269 fwd=63287 rows=8073417 fwd_ms=680739.2 eval=0 prior=0
[inst] req=12328960 hits=4250182 fwd=63328 rows=8078665 fwd_ms=681149.6 eval=0 prior=0
[inst] req=12337152 hits=4252854 fwd=63372 rows=8084297 fwd_ms=681588.2 eval=0 prior=0
[inst] req=12345344 hits=4255818 fwd=63412 rows=8089409 fwd_ms=681986.7 eval=0 prior=0
[inst] req=12353536 hits=4258712 fwd=63454 rows=8094773 fwd_ms=682405.3 eval=0 prior=0
[inst] req=12361728 hits=4261379 fwd=63497 rows=8100276 fwd_ms=682833.7 eval=0 prior=0
[inst] req=12369920 hits=4264396 fwd=63538 rows=8105518 fwd_ms=683242.3 eval=0 prior=0
[inst] req=12378112 hits=4267118 fwd=63580 rows=8110870 fwd_ms=683660.0 eval=0 prior=0
[inst] req=12386304 hits=4269995 fwd=63622 rows=8116242 fwd_ms=684078.6 eval=0 prior=0
[inst] req=12394496 hits=4273079 fwd=63663 rows=8121380 fwd_ms=684479.9 eval=0 prior=0
[inst] req=12402688 hits=4275950 fwd=63704 rows=8126626 fwd_ms=684889.2 eval=0 prior=0
[inst] req=12410880 hits=4278901 fwd=63745 rows=8131861 fwd_ms=685297.3 eval=0 prior=0
[inst] req=12419072 hits=4281840 fwd=63786 rows=8137105 fwd_ms=685707.5 eval=0 prior=0
[inst] req=12427264 hits=4284668 fwd=63829 rows=8142584 fwd_ms=686137.0 eval=0 prior=0
[inst] req=12435456 hits=4287438 fwd=63871 rows=8147952 fwd_ms=686557.3 eval=0 prior=0
[inst] req=12443648 hits=4290187 fwd=63914 rows=8153424 fwd_ms=686986.0 eval=0 prior=0
[inst] req=12451840 hits=4292980 fwd=63956 rows=8158763 fwd_ms=687404.1 eval=0 prior=0
[inst] req=12460032 hits=4295936 fwd=63997 rows=8163991 fwd_ms=687813.5 eval=0 prior=0
[inst] req=12468224 hits=4298730 fwd=64039 rows=8169367 fwd_ms=688232.8 eval=0 prior=0
[inst] req=12476416 hits=4301754 fwd=64080 rows=8174608 fwd_ms=688643.5 eval=0 prior=0
[inst] req=12484608 hits=4304645 fwd=64122 rows=8179959 fwd_ms=689060.5 eval=0 prior=0
[inst] req=12492800 hits=4307501 fwd=64163 rows=8185207 fwd_ms=689469.2 eval=0 prior=0
[inst] req=12500992 hits=4310379 fwd=64205 rows=8190576 fwd_ms=690444.9 eval=0 prior=0
[inst] req=12509184 hits=4313070 fwd=64249 rows=8196102 fwd_ms=693146.2 eval=0 prior=0
[inst] req=12517376 hits=4316105 fwd=64289 rows=8201154 fwd_ms=695728.0 eval=0 prior=0
[inst] req=12525568 hits=4319552 fwd=64327 rows=8205961 fwd_ms=698108.3 eval=0 prior=0
[inst] req=12533760 hits=4323103 fwd=64364 rows=8210629 fwd_ms=700331.4 eval=0 prior=0
[inst] req=12541952 hits=4326758 fwd=64400 rows=8215140 fwd_ms=702402.4 eval=0 prior=0
[inst] req=12550144 hits=4330289 fwd=64437 rows=8219770 fwd_ms=703857.8 eval=0 prior=0
[inst] req=12558336 hits=4333969 fwd=64473 rows=8224335 fwd_ms=704225.2 eval=0 prior=0
[inst] req=12566528 hits=4336264 fwd=64521 rows=8230155 fwd_ms=704708.1 eval=0 prior=0
[inst] req=12574720 hits=4338959 fwd=64564 rows=8235656 fwd_ms=705137.5 eval=0 prior=0
[inst] req=12582912 hits=4342262 fwd=64603 rows=8240646 fwd_ms=705527.3 eval=0 prior=0
[inst] req=12591104 hits=4345597 fwd=64640 rows=8245380 fwd_ms=705897.2 eval=0 prior=0
[inst] req=12599296 hits=4349118 fwd=64677 rows=8250112 fwd_ms=706267.3 eval=0 prior=0
[inst] req=12607488 hits=4352286 fwd=64716 rows=8255101 fwd_ms=706657.1 eval=0 prior=0
[inst] req=12615680 hits=4355800 fwd=64753 rows=8259837 fwd_ms=707027.0 eval=0 prior=0
[inst] req=12623872 hits=4359250 fwd=64790 rows=8264554 fwd_ms=707396.7 eval=0 prior=0
[inst] req=12632064 hits=4362505 fwd=64829 rows=8269544 fwd_ms=707787.4 eval=0 prior=0
[inst] req=12640256 hits=4365830 fwd=64867 rows=8274315 fwd_ms=708162.6 eval=0 prior=0
[inst] req=12648448 hits=4369220 fwd=64905 rows=8279148 fwd_ms=708543.5 eval=0 prior=0
[inst] req=12656640 hits=4372730 fwd=64943 rows=8283880 fwd_ms=708916.1 eval=0 prior=0
[inst] req=12664832 hits=4376127 fwd=64980 rows=8288602 fwd_ms=709285.9 eval=0 prior=0
[inst] req=12673024 hits=4379519 fwd=65018 rows=8293418 fwd_ms=709663.5 eval=0 prior=0
[inst] req=12681216 hits=4382974 fwd=65055 rows=8298135 fwd_ms=710033.3 eval=0 prior=0
[inst] req=12689408 hits=4386467 fwd=65092 rows=8302849 fwd_ms=710401.8 eval=0 prior=0
[inst] req=12697600 hits=4390043 fwd=65128 rows=8307451 fwd_ms=710762.3 eval=0 prior=0
[inst] req=12705792 hits=4393670 fwd=65165 rows=8312081 fwd_ms=711125.0 eval=0 prior=0
[inst] req=12713984 hits=4397031 fwd=65203 rows=8316931 fwd_ms=711504.8 eval=0 prior=0
[inst] req=12722176 hits=4400497 fwd=65240 rows=8321641 fwd_ms=711874.8 eval=0 prior=0
[inst] req=12730368 hits=4404089 fwd=65276 rows=8326231 fwd_ms=712235.5 eval=0 prior=0
[inst] req=12738560 hits=4407400 fwd=65314 rows=8331077 fwd_ms=712614.7 eval=0 prior=0
[inst] req=12746752 hits=4410887 fwd=65351 rows=8335800 fwd_ms=712984.2 eval=0 prior=0
[inst] req=12754944 hits=4414350 fwd=65388 rows=8340524 fwd_ms=713353.9 eval=0 prior=0
[inst] req=12763136 hits=4417999 fwd=65424 rows=8345014 fwd_ms=713706.0 eval=0 prior=0
[inst] req=12771328 hits=4421295 fwd=65463 rows=8349970 fwd_ms=714094.8 eval=0 prior=0
[inst] req=12779520 hits=4424811 fwd=65500 rows=8354697 fwd_ms=714464.4 eval=0 prior=0
[inst] req=12787712 hits=4428471 fwd=65535 rows=8359160 fwd_ms=714813.3 eval=0 prior=0
[inst] req=12795904 hits=4431887 fwd=65572 rows=8363896 fwd_ms=715182.2 eval=0 prior=0
[inst] req=12804096 hits=4435525 fwd=65608 rows=8368497 fwd_ms=715541.4 eval=0 prior=0
[inst] req=12812288 hits=4438860 fwd=65646 rows=8373348 fwd_ms=715920.1 eval=0 prior=0
[inst] req=12820480 hits=4442330 fwd=65683 rows=8378070 fwd_ms=716288.6 eval=0 prior=0
[inst] req=12828672 hits=4445517 fwd=65723 rows=8383088 fwd_ms=716679.4 eval=0 prior=0
[inst] req=12836864 hits=4449210 fwd=65758 rows=8387567 fwd_ms=717028.1 eval=0 prior=0
[inst] req=12845056 hits=4452431 fwd=65797 rows=8392545 fwd_ms=717416.2 eval=0 prior=0
[inst] req=12853248 hits=4456109 fwd=65833 rows=8397133 fwd_ms=717774.8 eval=0 prior=0
[inst] req=12861440 hits=4459448 fwd=65871 rows=8401972 fwd_ms=718152.8 eval=0 prior=0
[inst] req=12869632 hits=4462821 fwd=65908 rows=8406707 fwd_ms=718521.6 eval=0 prior=0
[inst] req=12877824 hits=4466451 fwd=65944 rows=8411295 fwd_ms=718879.8 eval=0 prior=0
[inst] req=12886016 hits=4469788 fwd=65983 rows=8416150 fwd_ms=719259.0 eval=0 prior=0
[inst] req=12894208 hits=4473429 fwd=66019 rows=8420712 fwd_ms=719615.3 eval=0 prior=0
[inst] req=12902400 hits=4476936 fwd=66056 rows=8425344 fwd_ms=719976.4 eval=0 prior=0
[inst] req=12910592 hits=4480520 fwd=66093 rows=8430057 fwd_ms=720344.1 eval=0 prior=0
[inst] req=12918784 hits=4483896 fwd=66130 rows=8434785 fwd_ms=720712.0 eval=0 prior=0
[inst] req=12926976 hits=4487312 fwd=66168 rows=8439647 fwd_ms=721090.6 eval=0 prior=0
[inst] req=12935168 hits=4490711 fwd=66205 rows=8444379 fwd_ms=721458.4 eval=0 prior=0
[inst] req=12943360 hits=4494169 fwd=66242 rows=8449093 fwd_ms=721825.6 eval=0 prior=0
[inst] req=12951552 hits=4497705 fwd=66279 rows=8453725 fwd_ms=722186.3 eval=0 prior=0
[inst] req=12959744 hits=4501061 fwd=66317 rows=8458569 fwd_ms=722564.8 eval=0 prior=0
[inst] req=12967936 hits=4504577 fwd=66354 rows=8463294 fwd_ms=722932.8 eval=0 prior=0
[inst] req=12976128 hits=4508007 fwd=66391 rows=8468006 fwd_ms=723299.1 eval=0 prior=0
[inst] req=12984320 hits=4511493 fwd=66428 rows=8472723 fwd_ms=723666.4 eval=0 prior=0
[inst] req=12992512 hits=4514923 fwd=66466 rows=8477534 fwd_ms=724040.5 eval=0 prior=0
[inst] req=13000704 hits=4518337 fwd=66504 rows=8482356 fwd_ms=724415.5 eval=0 prior=0
[inst] req=13008896 hits=4521982 fwd=66539 rows=8486819 fwd_ms=724762.6 eval=0 prior=0
[inst] req=13017088 hits=4525231 fwd=66578 rows=8491806 fwd_ms=725149.9 eval=0 prior=0
[inst] req=13025280 hits=4528864 fwd=66614 rows=8496308 fwd_ms=725500.7 eval=0 prior=0
[inst] req=13033472 hits=4532367 fwd=66651 rows=8501030 fwd_ms=725869.2 eval=0 prior=0
[inst] req=13041664 hits=4535905 fwd=66688 rows=8505659 fwd_ms=726246.1 eval=0 prior=0
[inst] req=13049856 hits=4539336 fwd=66726 rows=8510516 fwd_ms=726624.3 eval=0 prior=0
[inst] req=13058048 hits=4542785 fwd=66763 rows=8515220 fwd_ms=726990.6 eval=0 prior=0
[inst] req=13066240 hits=4546236 fwd=66801 rows=8519881 fwd_ms=727354.3 eval=0 prior=0
[inst] req=13074432 hits=4549914 fwd=66837 rows=8524437 fwd_ms=727710.3 eval=0 prior=0
[inst] req=13082624 hits=4553347 fwd=66875 rows=8529276 fwd_ms=728087.0 eval=0 prior=0
[inst] req=13090816 hits=4556734 fwd=66912 rows=8533994 fwd_ms=728455.0 eval=0 prior=0
[inst] req=13099008 hits=4560221 fwd=66949 rows=8538703 fwd_ms=728823.7 eval=0 prior=0
[inst] req=13107200 hits=4563664 fwd=66986 rows=8543420 fwd_ms=729191.7 eval=0 prior=0
[inst] req=13115392 hits=4567001 fwd=67025 rows=8548387 fwd_ms=729579.3 eval=0 prior=0
[inst] req=13123584 hits=4570465 fwd=67061 rows=8552993 fwd_ms=729937.5 eval=0 prior=0
[inst] req=13131776 hits=4573984 fwd=67098 rows=8557706 fwd_ms=730305.9 eval=0 prior=0
[inst] req=13139968 hits=4577370 fwd=67136 rows=8562544 fwd_ms=730683.4 eval=0 prior=0
[inst] req=13148160 hits=4580775 fwd=67173 rows=8567261 fwd_ms=731051.5 eval=0 prior=0
[inst] req=13156352 hits=4584234 fwd=67211 rows=8571990 fwd_ms=731421.1 eval=0 prior=0
[inst] req=13164544 hits=4588112 fwd=67246 rows=8576418 fwd_ms=731768.2 eval=0 prior=0
[inst] req=13172736 hits=4591501 fwd=67283 rows=8581138 fwd_ms=732136.6 eval=0 prior=0
[inst] req=13180928 hits=4595224 fwd=67319 rows=8585658 fwd_ms=732489.5 eval=0 prior=0
[inst] req=13189120 hits=4598810 fwd=67355 rows=8590257 fwd_ms=732847.9 eval=0 prior=0
[inst] req=13197312 hits=4602305 fwd=67392 rows=8594947 fwd_ms=733214.3 eval=0 prior=0
[inst] req=13205504 hits=4605735 fwd=67429 rows=8599673 fwd_ms=733582.6 eval=0 prior=0
[inst] req=13213696 hits=4609302 fwd=67466 rows=8604391 fwd_ms=733950.6 eval=0 prior=0
[inst] req=13221888 hits=4612813 fwd=67502 rows=8608959 fwd_ms=734308.1 eval=0 prior=0
[inst] req=13230080 hits=4616370 fwd=67539 rows=8613640 fwd_ms=734674.0 eval=0 prior=0
[inst] req=13238272 hits=4619842 fwd=67576 rows=8618349 fwd_ms=735041.1 eval=0 prior=0
[inst] req=13246464 hits=4623369 fwd=67613 rows=8623072 fwd_ms=735409.3 eval=0 prior=0
[inst] req=13254656 hits=4626901 fwd=67649 rows=8627676 fwd_ms=735768.0 eval=0 prior=0
[inst] req=13262848 hits=4630483 fwd=67685 rows=8632267 fwd_ms=736126.8 eval=0 prior=0
[inst] req=13271040 hits=4633822 fwd=67723 rows=8637097 fwd_ms=736504.3 eval=0 prior=0
[inst] req=13279232 hits=4637388 fwd=67760 rows=8641818 fwd_ms=736872.6 eval=0 prior=0
[inst] req=13287424 hits=4640657 fwd=67798 rows=8646680 fwd_ms=737251.8 eval=0 prior=0
[inst] req=13295616 hits=4644223 fwd=67834 rows=8651274 fwd_ms=737610.8 eval=0 prior=0
[inst] req=13303808 hits=4647688 fwd=67872 rows=8656076 fwd_ms=737987.8 eval=0 prior=0
[inst] req=13312000 hits=4651213 fwd=67908 rows=8660672 fwd_ms=738347.0 eval=0 prior=0
[inst] req=13320192 hits=4654611 fwd=67946 rows=8665503 fwd_ms=738725.0 eval=0 prior=0
[inst] req=13328384 hits=4658351 fwd=67981 rows=8669937 fwd_ms=739072.2 eval=0 prior=0
[inst] req=13336576 hits=4662094 fwd=68016 rows=8674405 fwd_ms=739421.6 eval=0 prior=0
[inst] req=13344768 hits=4665531 fwd=68053 rows=8679136 fwd_ms=739790.3 eval=0 prior=0
[inst] req=13352960 hits=4668913 fwd=68091 rows=8683945 fwd_ms=740166.8 eval=0 prior=0
[inst] req=13361152 hits=4672282 fwd=68129 rows=8688791 fwd_ms=740544.0 eval=0 prior=0
[inst] req=13369344 hits=4675889 fwd=68165 rows=8693392 fwd_ms=740903.0 eval=0 prior=0
[inst] req=13377536 hits=4679409 fwd=68202 rows=8698075 fwd_ms=741269.0 eval=0 prior=0
[inst] req=13385728 hits=4682988 fwd=68238 rows=8702638 fwd_ms=741626.2 eval=0 prior=0
[inst] req=13393920 hits=4686381 fwd=68276 rows=8707481 fwd_ms=742004.8 eval=0 prior=0
[inst] req=13402112 hits=4689696 fwd=68314 rows=8712343 fwd_ms=742383.5 eval=0 prior=0
[inst] req=13410304 hits=4693223 fwd=68351 rows=8717058 fwd_ms=742751.8 eval=0 prior=0
[inst] req=13418496 hits=4696882 fwd=68386 rows=8721490 fwd_ms=743097.9 eval=0 prior=0
[inst] req=13426688 hits=4700373 fwd=68425 rows=8726291 fwd_ms=743475.0 eval=0 prior=0
[inst] req=13434880 hits=4703972 fwd=68461 rows=8730891 fwd_ms=743834.5 eval=0 prior=0
[inst] req=13443072 hits=4707634 fwd=68496 rows=8735360 fwd_ms=744184.2 eval=0 prior=0
[inst] req=13451264 hits=4711074 fwd=68533 rows=8740085 fwd_ms=744553.1 eval=0 prior=0
[inst] req=13459456 hits=4714875 fwd=68568 rows=8744538 fwd_ms=744900.9 eval=0 prior=0
[inst] req=13467648 hits=4718159 fwd=68606 rows=8749388 fwd_ms=745279.5 eval=0 prior=0
[inst] req=13475840 hits=4721653 fwd=68643 rows=8754115 fwd_ms=745648.7 eval=0 prior=0
[inst] req=13484032 hits=4725233 fwd=68679 rows=8758715 fwd_ms=746007.7 eval=0 prior=0
[inst] req=13492224 hits=4728856 fwd=68715 rows=8763310 fwd_ms=746366.6 eval=0 prior=0
[inst] req=13500416 hits=4732395 fwd=68751 rows=8767906 fwd_ms=746725.4 eval=0 prior=0
[inst] req=13508608 hits=4735867 fwd=68788 rows=8772629 fwd_ms=747094.4 eval=0 prior=0
[inst] req=13516800 hits=4739326 fwd=68825 rows=8777356 fwd_ms=747463.5 eval=0 prior=0
[inst] req=13524992 hits=4742799 fwd=68863 rows=8782138 fwd_ms=747850.7 eval=0 prior=0
[inst] req=13533184 hits=4746448 fwd=68899 rows=8786733 fwd_ms=748209.8 eval=0 prior=0
[inst] req=13541376 hits=4749931 fwd=68935 rows=8791325 fwd_ms=748568.7 eval=0 prior=0
[inst] req=13549568 hits=4753626 fwd=68971 rows=8795907 fwd_ms=748926.7 eval=0 prior=0
[inst] req=13557760 hits=4756934 fwd=69009 rows=8800699 fwd_ms=749302.2 eval=0 prior=0
[inst] req=13565952 hits=4760493 fwd=69046 rows=8805413 fwd_ms=749671.3 eval=0 prior=0
[inst] req=13574144 hits=4764309 fwd=69080 rows=8809731 fwd_ms=750010.1 eval=0 prior=0
[inst] req=13582336 hits=4767925 fwd=69116 rows=8814301 fwd_ms=750367.7 eval=0 prior=0
[inst] req=13590528 hits=4771614 fwd=69152 rows=8818869 fwd_ms=750725.4 eval=0 prior=0
[inst] req=13598720 hits=4775380 fwd=69186 rows=8823213 fwd_ms=751065.0 eval=0 prior=0
[inst] req=13606912 hits=4778833 fwd=69224 rows=8828075 fwd_ms=751444.4 eval=0 prior=0
[inst] req=13615104 hits=4782611 fwd=69258 rows=8832406 fwd_ms=751783.6 eval=0 prior=0
[inst] req=13623296 hits=4786156 fwd=69295 rows=8837134 fwd_ms=752152.7 eval=0 prior=0
[inst] req=13631488 hits=4789716 fwd=69332 rows=8841755 fwd_ms=752514.4 eval=0 prior=0
[inst] req=13639680 hits=4793152 fwd=69369 rows=8846472 fwd_ms=752883.3 eval=0 prior=0
[inst] req=13647872 hits=4796753 fwd=69405 rows=8851078 fwd_ms=753242.7 eval=0 prior=0
[inst] req=13656064 hits=4800267 fwd=69441 rows=8855686 fwd_ms=753602.2 eval=0 prior=0
[inst] req=13664256 hits=4803906 fwd=69477 rows=8860261 fwd_ms=753960.0 eval=0 prior=0
[inst] req=13672448 hits=4807473 fwd=69513 rows=8864854 fwd_ms=754319.2 eval=0 prior=0
[inst] req=13680640 hits=4811187 fwd=69549 rows=8869362 fwd_ms=754672.5 eval=0 prior=0
[inst] req=13688832 hits=4814991 fwd=69585 rows=8873840 fwd_ms=755024.1 eval=0 prior=0
[inst] req=13697024 hits=4818641 fwd=69620 rows=8878274 fwd_ms=755371.6 eval=0 prior=0
[inst] req=13705216 hits=4822598 fwd=69654 rows=8882559 fwd_ms=755707.9 eval=0 prior=0
[inst] req=13713408 hits=4826252 fwd=69690 rows=8887140 fwd_ms=756067.0 eval=0 prior=0
[inst] req=13721600 hits=4829932 fwd=69725 rows=8891612 fwd_ms=756416.3 eval=0 prior=0
[inst] req=13729792 hits=4833415 fwd=69763 rows=8896341 fwd_ms=756787.1 eval=0 prior=0
[inst] req=13737984 hits=4836925 fwd=69800 rows=8900979 fwd_ms=757149.4 eval=0 prior=0
[inst] req=13746176 hits=4840545 fwd=69836 rows=8905566 fwd_ms=757508.6 eval=0 prior=0
[inst] req=13754368 hits=4844117 fwd=69872 rows=8910155 fwd_ms=757868.3 eval=0 prior=0
[inst] req=13762560 hits=4848013 fwd=69907 rows=8914501 fwd_ms=758226.8 eval=0 prior=0
[inst] req=13770752 hits=4851632 fwd=69943 rows=8919094 fwd_ms=758586.2 eval=0 prior=0
[inst] req=13778944 hits=4855118 fwd=69980 rows=8923822 fwd_ms=758957.2 eval=0 prior=0
[inst] req=13787136 hits=4858696 fwd=70016 rows=8928410 fwd_ms=759317.1 eval=0 prior=0
[inst] req=13795328 hits=4862117 fwd=70053 rows=8933122 fwd_ms=759684.8 eval=0 prior=0
[inst] req=13803520 hits=4865539 fwd=70092 rows=8937908 fwd_ms=760059.0 eval=0 prior=0
[inst] req=13811712 hits=4869108 fwd=70128 rows=8942481 fwd_ms=760417.2 eval=0 prior=0
[inst] req=13819904 hits=4872544 fwd=70166 rows=8947337 fwd_ms=760796.7 eval=0 prior=0
[inst] req=13828096 hits=4876176 fwd=70201 rows=8951811 fwd_ms=761146.1 eval=0 prior=0
[inst] req=13836288 hits=4879732 fwd=70238 rows=8956525 fwd_ms=761515.3 eval=0 prior=0
[inst] req=13844480 hits=4883299 fwd=70274 rows=8961110 fwd_ms=761874.1 eval=0 prior=0
[inst] req=13852672 hits=4886779 fwd=70311 rows=8965841 fwd_ms=762243.1 eval=0 prior=0
[inst] req=13860864 hits=4890365 fwd=70347 rows=8970399 fwd_ms=762600.2 eval=0 prior=0
[inst] req=13869056 hits=4893732 fwd=70385 rows=8975249 fwd_ms=762978.5 eval=0 prior=0
[inst] req=13877248 hits=4897200 fwd=70422 rows=8979944 fwd_ms=763346.6 eval=0 prior=0
[inst] req=13885440 hits=4900869 fwd=70459 rows=8984476 fwd_ms=763701.7 eval=0 prior=0
[inst] req=13893632 hits=4904487 fwd=70495 rows=8989073 fwd_ms=764060.5 eval=0 prior=0
[inst] req=13901824 hits=4908241 fwd=70530 rows=8993513 fwd_ms=764408.0 eval=0 prior=0
[inst] req=13910016 hits=4911787 fwd=70566 rows=8998114 fwd_ms=764767.3 eval=0 prior=0
[inst] req=13918208 hits=4915471 fwd=70603 rows=9002639 fwd_ms=765121.4 eval=0 prior=0
[inst] req=13926400 hits=4919107 fwd=70640 rows=9007239 fwd_ms=765480.2 eval=0 prior=0
[inst] req=13934592 hits=4922728 fwd=70676 rows=9011838 fwd_ms=765839.4 eval=0 prior=0
[inst] req=13942784 hits=4926584 fwd=70710 rows=9016150 fwd_ms=766177.7 eval=0 prior=0
[inst] req=13950976 hits=4929909 fwd=70748 rows=9021012 fwd_ms=766556.7 eval=0 prior=0
[inst] req=13959168 hits=4933424 fwd=70785 rows=9025729 fwd_ms=766925.3 eval=0 prior=0
[inst] req=13967360 hits=4937092 fwd=70820 rows=9030193 fwd_ms=767274.6 eval=0 prior=0
[inst] req=13975552 hits=4940660 fwd=70856 rows=9034772 fwd_ms=767632.3 eval=0 prior=0
[inst] req=13983744 hits=4944293 fwd=70892 rows=9039359 fwd_ms=767991.0 eval=0 prior=0
[inst] req=13991936 hits=4947955 fwd=70928 rows=9043963 fwd_ms=768350.3 eval=0 prior=0
[inst] req=14000128 hits=4951369 fwd=70965 rows=9048693 fwd_ms=768719.1 eval=0 prior=0
[inst] req=14008320 hits=4954783 fwd=71002 rows=9053409 fwd_ms=769087.2 eval=0 prior=0
[inst] req=14016512 hits=4958428 fwd=71038 rows=9057988 fwd_ms=769445.4 eval=0 prior=0
[inst] req=14024704 hits=4962035 fwd=71075 rows=9062598 fwd_ms=769805.4 eval=0 prior=0
[inst] req=14032896 hits=4965682 fwd=71111 rows=9067109 fwd_ms=770157.5 eval=0 prior=0
[inst] req=14041088 hits=4969402 fwd=71146 rows=9071569 fwd_ms=770506.2 eval=0 prior=0
[inst] req=14049280 hits=4972909 fwd=71183 rows=9076293 fwd_ms=770875.1 eval=0 prior=0
[inst] req=14057472 hits=4976325 fwd=71221 rows=9081124 fwd_ms=771252.2 eval=0 prior=0
[inst] req=14065664 hits=4979925 fwd=71257 rows=9085713 fwd_ms=771612.7 eval=0 prior=0
[inst] req=14073856 hits=4983413 fwd=71294 rows=9090426 fwd_ms=771982.7 eval=0 prior=0
[inst] req=14082048 hits=4987185 fwd=71330 rows=9094859 fwd_ms=772331.1 eval=0 prior=0
[inst] req=14090240 hits=4990704 fwd=71366 rows=9099451 fwd_ms=772691.2 eval=0 prior=0
[inst] req=14098432 hits=4994281 fwd=71402 rows=9104029 fwd_ms=773051.0 eval=0 prior=0
[inst] req=14106624 hits=4997972 fwd=71438 rows=9108623 fwd_ms=773411.1 eval=0 prior=0
[inst] req=14114816 hits=5001634 fwd=71474 rows=9113167 fwd_ms=773768.2 eval=0 prior=0
[inst] req=14123008 hits=5005186 fwd=71510 rows=9117743 fwd_ms=774126.9 eval=0 prior=0
[inst] req=14131200 hits=5008793 fwd=71546 rows=9122325 fwd_ms=774485.8 eval=0 prior=0
[inst] req=14139392 hits=5012107 fwd=71584 rows=9127181 fwd_ms=774865.1 eval=0 prior=0
[inst] req=14147584 hits=5015760 fwd=71620 rows=9131784 fwd_ms=775224.4 eval=0 prior=0
[inst] req=14155776 hits=5019162 fwd=71657 rows=9136517 fwd_ms=775594.6 eval=0 prior=0
[inst] req=14163968 hits=5022622 fwd=71695 rows=9141264 fwd_ms=777423.5 eval=0 prior=0
[inst] req=14172160 hits=5026301 fwd=71731 rows=9145733 fwd_ms=779587.4 eval=0 prior=0
[inst] req=14180352 hits=5029883 fwd=71769 rows=9150414 fwd_ms=781637.9 eval=0 prior=0
[inst] req=14188544 hits=5033303 fwd=71807 rows=9155226 fwd_ms=784144.3 eval=0 prior=0
[inst] req=14196736 hits=5036744 fwd=71844 rows=9159903 fwd_ms=786342.7 eval=0 prior=0
[inst] req=14204928 hits=5040516 fwd=71879 rows=9164292 fwd_ms=788379.4 eval=0 prior=0
[inst] req=14213120 hits=5044346 fwd=71914 rows=9168661 fwd_ms=789760.0 eval=0 prior=0
[inst] req=14221312 hits=5047977 fwd=71950 rows=9173224 fwd_ms=790131.2 eval=0 prior=0
[inst] req=14229504 hits=5050726 fwd=71995 rows=9178725 fwd_ms=790589.9 eval=0 prior=0
[inst] req=14237696 hits=5053671 fwd=72037 rows=9183949 fwd_ms=790997.4 eval=0 prior=0
[inst] req=14245888 hits=5057391 fwd=72072 rows=9188407 fwd_ms=791345.8 eval=0 prior=0
[inst] req=14254080 hits=5061103 fwd=72107 rows=9192882 fwd_ms=791695.0 eval=0 prior=0
[inst] req=14262272 hits=5065023 fwd=72141 rows=9197185 fwd_ms=792032.1 eval=0 prior=0
[inst] req=14270464 hits=5068680 fwd=72177 rows=9201768 fwd_ms=792389.9 eval=0 prior=0
[inst] req=14278656 hits=5072601 fwd=72210 rows=9205983 fwd_ms=792719.7 eval=0 prior=0
[inst] req=14286848 hits=5076360 fwd=72245 rows=9210444 fwd_ms=793069.0 eval=0 prior=0
[inst] req=14295040 hits=5080160 fwd=72279 rows=9214790 fwd_ms=793408.5 eval=0 prior=0
[inst] req=14303232 hits=5084077 fwd=72313 rows=9219124 fwd_ms=793747.5 eval=0 prior=0
[inst] req=14311424 hits=5087723 fwd=72348 rows=9223601 fwd_ms=794096.8 eval=0 prior=0
[inst] req=14319616 hits=5091676 fwd=72381 rows=9227813 fwd_ms=794426.1 eval=0 prior=0
[inst] req=14327808 hits=5095305 fwd=72417 rows=9232383 fwd_ms=794783.7 eval=0 prior=0
[inst] req=14336000 hits=5099073 fwd=72452 rows=9236836 fwd_ms=795132.8 eval=0 prior=0
[inst] req=14344192 hits=5102944 fwd=72486 rows=9241171 fwd_ms=795472.2 eval=0 prior=0
[inst] req=14352384 hits=5106563 fwd=72522 rows=9245765 fwd_ms=795831.2 eval=0 prior=0
[inst] req=14360576 hits=5110349 fwd=72556 rows=9250112 fwd_ms=796170.7 eval=0 prior=0
[inst] req=14368768 hits=5114187 fwd=72592 rows=9254575 fwd_ms=796519.7 eval=0 prior=0
[inst] req=14376960 hits=5117862 fwd=72627 rows=9259047 fwd_ms=796870.1 eval=0 prior=0
[inst] req=14385152 hits=5121613 fwd=72662 rows=9263481 fwd_ms=797217.4 eval=0 prior=0
[inst] req=14393344 hits=5125227 fwd=72698 rows=9267989 fwd_ms=797569.8 eval=0 prior=0
[inst] req=14401536 hits=5129000 fwd=72733 rows=9272421 fwd_ms=797916.5 eval=0 prior=0
[inst] req=14409728 hits=5132694 fwd=72769 rows=9276979 fwd_ms=798273.1 eval=0 prior=0
[inst] req=14417920 hits=5136545 fwd=72803 rows=9281278 fwd_ms=798609.9 eval=0 prior=0
[inst] req=14426112 hits=5140266 fwd=72838 rows=9285756 fwd_ms=798958.7 eval=0 prior=0
[inst] req=14434304 hits=5144084 fwd=72873 rows=9290203 fwd_ms=799305.5 eval=0 prior=0
[inst] req=14442496 hits=5147775 fwd=72908 rows=9294658 fwd_ms=799654.1 eval=0 prior=0
[inst] req=14450688 hits=5151420 fwd=72944 rows=9299250 fwd_ms=800012.1 eval=0 prior=0
[inst] req=14458880 hits=5155243 fwd=72978 rows=9303568 fwd_ms=800349.3 eval=0 prior=0
[inst] req=14467072 hits=5158943 fwd=73013 rows=9308038 fwd_ms=800697.1 eval=0 prior=0
[inst] req=14475264 hits=5162706 fwd=73048 rows=9312470 fwd_ms=801042.8 eval=0 prior=0
[inst] req=14483456 hits=5166335 fwd=73084 rows=9317068 fwd_ms=801400.4 eval=0 prior=0
[inst] req=14491648 hits=5170143 fwd=73118 rows=9321407 fwd_ms=801737.8 eval=0 prior=0
[inst] req=14499840 hits=5173781 fwd=73154 rows=9325993 fwd_ms=802095.1 eval=0 prior=0
[inst] req=14508032 hits=5177435 fwd=73190 rows=9330595 fwd_ms=802452.9 eval=0 prior=0
[inst] req=14516224 hits=5181346 fwd=73223 rows=9334801 fwd_ms=802779.9 eval=0 prior=0
[inst] req=14524416 hits=5184839 fwd=73260 rows=9339529 fwd_ms=803147.3 eval=0 prior=0
[inst] req=14532608 hits=5188788 fwd=73293 rows=9343711 fwd_ms=803474.1 eval=0 prior=0
[inst] req=14540800 hits=5192515 fwd=73328 rows=9348158 fwd_ms=803820.0 eval=0 prior=0
[inst] req=14548992 hits=5196190 fwd=73364 rows=9352748 fwd_ms=804176.9 eval=0 prior=0
[inst] req=14557184 hits=5199909 fwd=73399 rows=9357203 fwd_ms=804523.4 eval=0 prior=0
[inst] req=14565376 hits=5203549 fwd=73435 rows=9361794 fwd_ms=804879.8 eval=0 prior=0
[inst] req=14573568 hits=5207163 fwd=73471 rows=9366360 fwd_ms=805234.6 eval=0 prior=0
[inst] req=14581760 hits=5210803 fwd=73506 rows=9370839 fwd_ms=805581.9 eval=0 prior=0
[inst] req=14589952 hits=5214445 fwd=73542 rows=9375430 fwd_ms=805938.8 eval=0 prior=0
[inst] req=14598144 hits=5218116 fwd=73578 rows=9380021 fwd_ms=806295.2 eval=0 prior=0
[inst] req=14606336 hits=5222045 fwd=73612 rows=9384269 fwd_ms=806625.4 eval=0 prior=0
[inst] req=14614528 hits=5225666 fwd=73649 rows=9388803 fwd_ms=806978.5 eval=0 prior=0
[inst] req=14622720 hits=5229443 fwd=73684 rows=9393152 fwd_ms=807316.8 eval=0 prior=0
[inst] req=14630912 hits=5233185 fwd=73720 rows=9397723 fwd_ms=807672.6 eval=0 prior=0
[inst] req=14639104 hits=5236955 fwd=73755 rows=9402082 fwd_ms=808013.0 eval=0 prior=0
[inst] req=14647296 hits=5240812 fwd=73789 rows=9406418 fwd_ms=808350.6 eval=0 prior=0
[inst] req=14655488 hits=5244663 fwd=73823 rows=9410761 fwd_ms=808688.1 eval=0 prior=0
[inst] req=14663680 hits=5248446 fwd=73857 rows=9415107 fwd_ms=809025.2 eval=0 prior=0
[inst] req=14671872 hits=5252325 fwd=73891 rows=9419427 fwd_ms=809360.1 eval=0 prior=0
[inst] req=14680064 hits=5255946 fwd=73927 rows=9424016 fwd_ms=809716.3 eval=0 prior=0
[inst] req=14688256 hits=5259845 fwd=73961 rows=9428336 fwd_ms=810051.4 eval=0 prior=0
[inst] req=14696448 hits=5263389 fwd=73997 rows=9432941 fwd_ms=810408.3 eval=0 prior=0
[inst] req=14704640 hits=5267346 fwd=74031 rows=9437247 fwd_ms=810742.9 eval=0 prior=0
[inst] req=14712832 hits=5270963 fwd=74067 rows=9441846 fwd_ms=811099.5 eval=0 prior=0
[inst] req=14721024 hits=5274826 fwd=74101 rows=9446191 fwd_ms=811436.9 eval=0 prior=0
[inst] req=14729216 hits=5278783 fwd=74134 rows=9450354 fwd_ms=811762.3 eval=0 prior=0
[inst] req=14737408 hits=5282495 fwd=74170 rows=9454835 fwd_ms=812111.3 eval=0 prior=0
[inst] req=14745600 hits=5286397 fwd=74204 rows=9459165 fwd_ms=812448.9 eval=0 prior=0
[inst] req=14753792 hits=5290293 fwd=74237 rows=9463381 fwd_ms=812777.1 eval=0 prior=0
[inst] req=14761984 hits=5294112 fwd=74272 rows=9467772 fwd_ms=813132.2 eval=0 prior=0
[inst] req=14770176 hits=5298000 fwd=74306 rows=9472099 fwd_ms=813469.0 eval=0 prior=0
[inst] req=14778368 hits=5301834 fwd=74340 rows=9476444 fwd_ms=813807.4 eval=0 prior=0
[inst] req=14786560 hits=5305699 fwd=74375 rows=9480801 fwd_ms=814147.5 eval=0 prior=0
[inst] req=14794752 hits=5309772 fwd=74407 rows=9484878 fwd_ms=814465.6 eval=0 prior=0
[inst] req=14802944 hits=5313535 fwd=74442 rows=9489308 fwd_ms=814811.3 eval=0 prior=0
[inst] req=14811136 hits=5317443 fwd=74476 rows=9493621 fwd_ms=815147.0 eval=0 prior=0
[inst] req=14819328 hits=5321293 fwd=74510 rows=9497930 fwd_ms=815482.5 eval=0 prior=0
[inst] req=14827520 hits=5325074 fwd=74545 rows=9502405 fwd_ms=815830.7 eval=0 prior=0
[inst] req=14835712 hits=5328655 fwd=74581 rows=9506935 fwd_ms=816184.9 eval=0 prior=0
[inst] req=14843904 hits=5332502 fwd=74616 rows=9511378 fwd_ms=816531.7 eval=0 prior=0
[inst] req=14852096 hits=5336183 fwd=74651 rows=9515856 fwd_ms=816881.0 eval=0 prior=0
[inst] req=14860288 hits=5340144 fwd=74684 rows=9520072 fwd_ms=817209.5 eval=0 prior=0
[inst] req=14868480 hits=5343728 fwd=74721 rows=9524700 fwd_ms=817570.4 eval=0 prior=0
[inst] req=14876672 hits=5347439 fwd=74757 rows=9529153 fwd_ms=817918.2 eval=0 prior=0
[inst] req=14884864 hits=5351075 fwd=74793 rows=9533733 fwd_ms=818275.8 eval=0 prior=0
[inst] req=14893056 hits=5354798 fwd=74828 rows=9538181 fwd_ms=818623.2 eval=0 prior=0
[inst] req=14901248 hits=5358698 fwd=74862 rows=9542499 fwd_ms=818962.0 eval=0 prior=0
[inst] req=14909440 hits=5362413 fwd=74899 rows=9547017 fwd_ms=819314.6 eval=0 prior=0
[inst] req=14917632 hits=5366423 fwd=74932 rows=9551198 fwd_ms=819641.5 eval=0 prior=0
[inst] req=14925824 hits=5370324 fwd=74966 rows=9555497 fwd_ms=819977.9 eval=0 prior=0
[inst] req=14934016 hits=5374160 fwd=75000 rows=9559837 fwd_ms=820316.6 eval=0 prior=0
[inst] req=14942208 hits=5377932 fwd=75035 rows=9564208 fwd_ms=820658.0 eval=0 prior=0
[inst] req=14950400 hits=5381785 fwd=75069 rows=9568516 fwd_ms=820994.9 eval=0 prior=0
[inst] req=14958592 hits=5385572 fwd=75104 rows=9572983 fwd_ms=821343.3 eval=0 prior=0
[inst] req=14966784 hits=5389201 fwd=75140 rows=9577473 fwd_ms=821694.0 eval=0 prior=0
[inst] req=14974976 hits=5392900 fwd=75176 rows=9581995 fwd_ms=822046.1 eval=0 prior=0
[inst] req=14983168 hits=5396734 fwd=75210 rows=9586313 fwd_ms=822384.0 eval=0 prior=0
[inst] req=14991360 hits=5400424 fwd=75246 rows=9590905 fwd_ms=822742.3 eval=0 prior=0
[inst] req=14999552 hits=5404186 fwd=75281 rows=9595360 fwd_ms=823090.3 eval=0 prior=0
[inst] req=15007744 hits=5407913 fwd=75316 rows=9599794 fwd_ms=823437.0 eval=0 prior=0
[inst] req=15015936 hits=5411746 fwd=75350 rows=9604076 fwd_ms=823772.1 eval=0 prior=0
[inst] req=15024128 hits=5415390 fwd=75386 rows=9608674 fwd_ms=824130.8 eval=0 prior=0
[inst] req=15032320 hits=5419091 fwd=75421 rows=9613138 fwd_ms=824478.4 eval=0 prior=0
[inst] req=15040512 hits=5423024 fwd=75455 rows=9617450 fwd_ms=824816.4 eval=0 prior=0
[inst] req=15048704 hits=5426893 fwd=75489 rows=9621786 fwd_ms=825155.1 eval=0 prior=0
[inst] req=15056896 hits=5430555 fwd=75524 rows=9626219 fwd_ms=825501.2 eval=0 prior=0
[inst] req=15065088 hits=5434410 fwd=75559 rows=9630671 fwd_ms=825848.8 eval=0 prior=0
[inst] req=15073280 hits=5438051 fwd=75594 rows=9635111 fwd_ms=826195.8 eval=0 prior=0
[inst] req=15081472 hits=5442081 fwd=75627 rows=9639324 fwd_ms=826525.0 eval=0 prior=0
[inst] req=15089664 hits=5446015 fwd=75660 rows=9643532 fwd_ms=826854.4 eval=0 prior=0
[inst] req=15097856 hits=5449661 fwd=75696 rows=9648123 fwd_ms=827213.6 eval=0 prior=0
[inst] req=15106048 hits=5453394 fwd=75731 rows=9652562 fwd_ms=827561.4 eval=0 prior=0
[inst] req=15114240 hits=5456980 fwd=75767 rows=9657166 fwd_ms=827921.2 eval=0 prior=0
[inst] req=15122432 hits=5460730 fwd=75802 rows=9661581 fwd_ms=828266.7 eval=0 prior=0
[inst] req=15130624 hits=5464521 fwd=75837 rows=9666046 fwd_ms=828615.3 eval=0 prior=0
[inst] req=15138816 hits=5468180 fwd=75872 rows=9670526 fwd_ms=828964.4 eval=0 prior=0
[inst] req=15147008 hits=5471893 fwd=75907 rows=9674995 fwd_ms=829313.2 eval=0 prior=0
[inst] req=15155200 hits=5475692 fwd=75942 rows=9679437 fwd_ms=829661.2 eval=0 prior=0
[inst] req=15163392 hits=5479323 fwd=75978 rows=9684021 fwd_ms=830019.1 eval=0 prior=0
[inst] req=15171584 hits=5482943 fwd=76014 rows=9688615 fwd_ms=830377.1 eval=0 prior=0
[inst] req=15179776 hits=5486463 fwd=76050 rows=9693205 fwd_ms=830735.3 eval=0 prior=0
[inst] req=15187968 hits=5490090 fwd=76086 rows=9697782 fwd_ms=831092.8 eval=0 prior=0
[inst] req=15196160 hits=5493994 fwd=76120 rows=9702105 fwd_ms=831430.1 eval=0 prior=0
[inst] req=15204352 hits=5497911 fwd=76154 rows=9706427 fwd_ms=831767.4 eval=0 prior=0
[inst] req=15212544 hits=5501521 fwd=76190 rows=9711007 fwd_ms=832124.7 eval=0 prior=0
[inst] req=15220736 hits=5505274 fwd=76225 rows=9715450 fwd_ms=832471.3 eval=0 prior=0
[inst] req=15228928 hits=5508827 fwd=76261 rows=9720029 fwd_ms=832829.3 eval=0 prior=0
[inst] req=15237120 hits=5512690 fwd=76296 rows=9724399 fwd_ms=833170.7 eval=0 prior=0
[inst] req=15245312 hits=5516678 fwd=76329 rows=9728577 fwd_ms=833496.4 eval=0 prior=0
[inst] req=15253504 hits=5520312 fwd=76365 rows=9733165 fwd_ms=833854.2 eval=0 prior=0
[inst] req=15261696 hits=5524253 fwd=76398 rows=9737378 fwd_ms=834182.2 eval=0 prior=0
[inst] req=15269888 hits=5528081 fwd=76432 rows=9741725 fwd_ms=834520.9 eval=0 prior=0
[inst] req=15278080 hits=5531720 fwd=76468 rows=9746312 fwd_ms=834877.8 eval=0 prior=0
[inst] req=15286272 hits=5535364 fwd=76503 rows=9750791 fwd_ms=835226.5 eval=0 prior=0
[inst] req=15294464 hits=5539024 fwd=76539 rows=9755360 fwd_ms=835584.2 eval=0 prior=0
[inst] req=15302656 hits=5542683 fwd=76575 rows=9759962 fwd_ms=835942.6 eval=0 prior=0
[inst] req=15310848 hits=5546571 fwd=76608 rows=9764166 fwd_ms=836271.7 eval=0 prior=0
[inst] req=15319040 hits=5550387 fwd=76643 rows=9768612 fwd_ms=836618.5 eval=0 prior=0
[inst] req=15327232 hits=5554037 fwd=76679 rows=9773191 fwd_ms=836976.2 eval=0 prior=0
[inst] req=15335424 hits=5558068 fwd=76712 rows=9777299 fwd_ms=837297.3 eval=0 prior=0
[inst] req=15343616 hits=5561852 fwd=76747 rows=9781731 fwd_ms=837643.8 eval=0 prior=0
[inst] req=15351808 hits=5565587 fwd=76783 rows=9786202 fwd_ms=837994.2 eval=0 prior=0
[inst] req=15360000 hits=5569344 fwd=76817 rows=9790533 fwd_ms=838332.4 eval=0 prior=0
[inst] req=15368192 hits=5572977 fwd=76853 rows=9795107 fwd_ms=838689.4 eval=0 prior=0
[inst] req=15376384 hits=5576909 fwd=76887 rows=9799414 fwd_ms=839026.2 eval=0 prior=0
[inst] req=15384576 hits=5580534 fwd=76924 rows=9804034 fwd_ms=839387.0 eval=0 prior=0
[inst] req=15392768 hits=5584199 fwd=76959 rows=9808498 fwd_ms=839735.3 eval=0 prior=0
[inst] req=15400960 hits=5588087 fwd=76993 rows=9812797 fwd_ms=840071.6 eval=0 prior=0
[inst] req=15409152 hits=5591919 fwd=77028 rows=9817199 fwd_ms=840414.7 eval=0 prior=0
[inst] req=15417344 hits=5595905 fwd=77061 rows=9821389 fwd_ms=840742.5 eval=0 prior=0
[inst] req=15425536 hits=5599642 fwd=77096 rows=9825829 fwd_ms=841089.4 eval=0 prior=0
[inst] req=15433728 hits=5603438 fwd=77131 rows=9830230 fwd_ms=841432.6 eval=0 prior=0
[inst] req=15441920 hits=5607362 fwd=77166 rows=9834473 fwd_ms=841765.0 eval=0 prior=0
[inst] req=15450112 hits=5611067 fwd=77201 rows=9838929 fwd_ms=842113.0 eval=0 prior=0
[inst] req=15458304 hits=5614848 fwd=77236 rows=9843352 fwd_ms=842458.6 eval=0 prior=0
[inst] req=15466496 hits=5618569 fwd=77271 rows=9847807 fwd_ms=842806.6 eval=0 prior=0
[inst] req=15474688 hits=5622379 fwd=77306 rows=9852272 fwd_ms=843156.0 eval=0 prior=0
[inst] req=15482880 hits=5626250 fwd=77340 rows=9856583 fwd_ms=843492.3 eval=0 prior=0
[inst] req=15491072 hits=5629827 fwd=77377 rows=9861244 fwd_ms=843870.0 eval=0 prior=0
[inst] req=15499264 hits=5633855 fwd=77410 rows=9865392 fwd_ms=844195.1 eval=0 prior=0
[inst] req=15507456 hits=5637385 fwd=77446 rows=9869988 fwd_ms=844553.3 eval=0 prior=0
[inst] req=15515648 hits=5641153 fwd=77481 rows=9874425 fwd_ms=844899.9 eval=0 prior=0
[inst] req=15523840 hits=5645003 fwd=77516 rows=9878760 fwd_ms=845240.0 eval=0 prior=0
[inst] req=15532032 hits=5648738 fwd=77551 rows=9883216 fwd_ms=845587.9 eval=0 prior=0
[inst] req=15540224 hits=5652591 fwd=77585 rows=9887545 fwd_ms=845925.0 eval=0 prior=0
[inst] req=15548416 hits=5656294 fwd=77621 rows=9892106 fwd_ms=846281.1 eval=0 prior=0
[inst] req=15556608 hits=5659993 fwd=77656 rows=9896547 fwd_ms=846628.0 eval=0 prior=0
[inst] req=15564800 hits=5663588 fwd=77693 rows=9901144 fwd_ms=846986.7 eval=0 prior=0
[inst] req=15572992 hits=5667291 fwd=77729 rows=9905576 fwd_ms=847333.9 eval=0 prior=0
[inst] req=15581184 hits=5671225 fwd=77763 rows=9909891 fwd_ms=847671.2 eval=0 prior=0
[inst] req=15589376 hits=5674872 fwd=77799 rows=9914396 fwd_ms=848022.5 eval=0 prior=0
[inst] req=15597568 hits=5678689 fwd=77834 rows=9918810 fwd_ms=848368.6 eval=0 prior=0
[inst] req=15605760 hits=5682459 fwd=77869 rows=9923271 fwd_ms=848717.5 eval=0 prior=0
[inst] req=15613952 hits=5686408 fwd=77902 rows=9927460 fwd_ms=849044.7 eval=0 prior=0
[inst] req=15622144 hits=5690172 fwd=77937 rows=9931924 fwd_ms=849392.6 eval=0 prior=0
[inst] req=15630336 hits=5693844 fwd=77972 rows=9936383 fwd_ms=849741.1 eval=0 prior=0
[inst] req=15638528 hits=5697639 fwd=78009 rows=9940792 fwd_ms=850105.0 eval=0 prior=0
[inst] req=15646720 hits=5701195 fwd=78046 rows=9945513 fwd_ms=850473.3 eval=0 prior=0
[inst] req=15654912 hits=5704915 fwd=78081 rows=9949967 fwd_ms=850821.4 eval=0 prior=0
[inst] req=15663104 hits=5708692 fwd=78116 rows=9954367 fwd_ms=851166.6 eval=0 prior=0
[inst] req=15671296 hits=5712595 fwd=78150 rows=9958677 fwd_ms=851503.2 eval=0 prior=0
[inst] req=15679488 hits=5716628 fwd=78183 rows=9962859 fwd_ms=851831.0 eval=0 prior=0
[inst] req=15687680 hits=5720479 fwd=78218 rows=9967106 fwd_ms=852164.4 eval=0 prior=0
[inst] req=15695872 hits=5724340 fwd=78252 rows=9971445 fwd_ms=852503.3 eval=0 prior=0
[inst] req=15704064 hits=5728119 fwd=78287 rows=9975887 fwd_ms=852851.2 eval=0 prior=0
[inst] req=15712256 hits=5731890 fwd=78322 rows=9980348 fwd_ms=853199.4 eval=0 prior=0
[inst] req=15720448 hits=5735579 fwd=78358 rows=9984830 fwd_ms=853549.0 eval=0 prior=0
[inst] req=15728640 hits=5739365 fwd=78392 rows=9989158 fwd_ms=853885.9 eval=0 prior=0
[inst] req=15736832 hits=5743487 fwd=78424 rows=9993225 fwd_ms=854204.2 eval=0 prior=0
[inst] req=15745024 hits=5747187 fwd=78460 rows=9997813 fwd_ms=854562.0 eval=0 prior=0
[inst] req=15753216 hits=5751061 fwd=78494 rows=10002153 fwd_ms=854900.3 eval=0 prior=0
[inst] req=15761408 hits=5754714 fwd=78530 rows=10006663 fwd_ms=855252.2 eval=0 prior=0
[inst] req=15769600 hits=5758451 fwd=78566 rows=10011148 fwd_ms=855603.7 eval=0 prior=0
[inst] req=15777792 hits=5762297 fwd=78599 rows=10015369 fwd_ms=855932.3 eval=0 prior=0
[inst] req=15785984 hits=5766144 fwd=78634 rows=10019714 fwd_ms=856272.5 eval=0 prior=0
[inst] req=15794176 hits=5770048 fwd=78669 rows=10024075 fwd_ms=856612.4 eval=0 prior=0
[inst] req=15802368 hits=5773751 fwd=78704 rows=10028555 fwd_ms=856960.8 eval=0 prior=0
[inst] req=15810560 hits=5777364 fwd=78741 rows=10033147 fwd_ms=857319.7 eval=0 prior=0
[inst] req=15818752 hits=5781270 fwd=78774 rows=10037370 fwd_ms=857648.3 eval=0 prior=0
[inst] req=15826944 hits=5785132 fwd=78808 rows=10041689 fwd_ms=857986.7 eval=0 prior=0
[inst] req=15835136 hits=5788665 fwd=78845 rows=10046401 fwd_ms=858354.0 eval=0 prior=0
[inst] req=15843328 hits=5792648 fwd=78878 rows=10050616 fwd_ms=858682.7 eval=0 prior=0
[inst] req=15851520 hits=5796171 fwd=78915 rows=10055249 fwd_ms=859043.9 eval=0 prior=0
[inst] req=15859712 hits=5799990 fwd=78950 rows=10059624 fwd_ms=859384.7 eval=0 prior=0
[inst] req=15867904 hits=5803710 fwd=78985 rows=10064090 fwd_ms=859733.1 eval=0 prior=0
[inst] req=15876096 hits=5807213 fwd=79023 rows=10068850 fwd_ms=860105.5 eval=0 prior=0
[inst] req=15884288 hits=5810987 fwd=79058 rows=10073300 fwd_ms=860453.3 eval=0 prior=0
[inst] req=15892480 hits=5814703 fwd=79093 rows=10077772 fwd_ms=860802.8 eval=0 prior=0
[inst] req=15900672 hits=5818274 fwd=79129 rows=10082338 fwd_ms=861159.8 eval=0 prior=0
[inst] req=15908864 hits=5822179 fwd=79163 rows=10086673 fwd_ms=861499.2 eval=0 prior=0
[inst] req=15917056 hits=5825726 fwd=79200 rows=10091272 fwd_ms=861876.4 eval=0 prior=0
[inst] req=15925248 hits=5829552 fwd=79234 rows=10095621 fwd_ms=862215.3 eval=0 prior=0
[inst] req=15933440 hits=5833187 fwd=79270 rows=10100207 fwd_ms=862573.7 eval=0 prior=0
[inst] req=15941632 hits=5836841 fwd=79305 rows=10104675 fwd_ms=862922.0 eval=0 prior=0
[inst] req=15949824 hits=5840857 fwd=79338 rows=10108865 fwd_ms=863250.0 eval=0 prior=0
[inst] req=15958016 hits=5844465 fwd=79374 rows=10113450 fwd_ms=863607.9 eval=0 prior=0
[inst] req=15966208 hits=5848170 fwd=79410 rows=10118036 fwd_ms=863966.0 eval=0 prior=0
[inst] req=15974400 hits=5852021 fwd=79444 rows=10122340 fwd_ms=864302.7 eval=0 prior=0
[inst] req=15982592 hits=5855702 fwd=79479 rows=10126779 fwd_ms=864649.2 eval=0 prior=0
[inst] req=15990784 hits=5859502 fwd=79515 rows=10131267 fwd_ms=865012.7 eval=0 prior=0
[inst] req=15998976 hits=5863210 fwd=79550 rows=10135736 fwd_ms=865361.2 eval=0 prior=0
[inst] req=16007168 hits=5866899 fwd=79585 rows=10140199 fwd_ms=865709.5 eval=0 prior=0
[inst] req=16015360 hits=5870685 fwd=79621 rows=10144639 fwd_ms=866068.7 eval=0 prior=0
[inst] req=16023552 hits=5874332 fwd=79657 rows=10149185 fwd_ms=866424.3 eval=0 prior=0
[inst] req=16031744 hits=5877999 fwd=79692 rows=10153617 fwd_ms=866771.9 eval=0 prior=0
[inst] req=16039936 hits=5881792 fwd=79727 rows=10158018 fwd_ms=867116.2 eval=0 prior=0
[inst] req=16048128 hits=5885545 fwd=79762 rows=10162493 fwd_ms=867465.2 eval=0 prior=0
[inst] req=16056320 hits=5889187 fwd=79798 rows=10167096 fwd_ms=867823.9 eval=0 prior=0
[inst] req=16064512 hits=5892950 fwd=79833 rows=10171534 fwd_ms=868170.7 eval=0 prior=0
[inst] req=16072704 hits=5896948 fwd=79866 rows=10175685 fwd_ms=868495.1 eval=0 prior=0
[inst] req=16080896 hits=5900768 fwd=79901 rows=10180056 fwd_ms=868838.3 eval=0 prior=0
[inst] req=16089088 hits=5904495 fwd=79937 rows=10184550 fwd_ms=869191.1 eval=0 prior=0
[inst] req=16097280 hits=5908442 fwd=79970 rows=10188734 fwd_ms=869519.6 eval=0 prior=0
[inst] req=16105472 hits=5912144 fwd=80006 rows=10193301 fwd_ms=869879.1 eval=0 prior=0
[inst] req=16113664 hits=5915838 fwd=80042 rows=10197821 fwd_ms=870235.0 eval=0 prior=0
[inst] req=16121856 hits=5919639 fwd=80076 rows=10202107 fwd_ms=870571.9 eval=0 prior=0
[inst] req=16130048 hits=5923549 fwd=80110 rows=10206388 fwd_ms=870908.6 eval=0 prior=0
[inst] req=16138240 hits=5927455 fwd=80144 rows=10210707 fwd_ms=871247.3 eval=0 prior=0
[inst] req=16146432 hits=5931300 fwd=80178 rows=10215006 fwd_ms=871583.6 eval=0 prior=0
[inst] req=16154624 hits=5935111 fwd=80213 rows=10219401 fwd_ms=871928.4 eval=0 prior=0
[inst] req=16162816 hits=5939026 fwd=80247 rows=10223666 fwd_ms=872263.4 eval=0 prior=0
[inst] req=16171008 hits=5942883 fwd=80282 rows=10228071 fwd_ms=872608.6 eval=0 prior=0
[inst] req=16179200 hits=5946741 fwd=80316 rows=10232382 fwd_ms=873724.9 eval=0 prior=0
[inst] req=16187392 hits=5950522 fwd=80352 rows=10236754 fwd_ms=876018.7 eval=0 prior=0
[inst] req=16195584 hits=5954171 fwd=80389 rows=10241368 fwd_ms=878265.9 eval=0 prior=0
[inst] req=16203776 hits=5958042 fwd=80423 rows=10245622 fwd_ms=880396.1 eval=0 prior=0
[inst] req=16211968 hits=5961706 fwd=80460 rows=10250218 fwd_ms=882578.4 eval=0 prior=0
[inst] req=16220160 hits=5965250 fwd=80497 rows=10254852 fwd_ms=884938.1 eval=0 prior=0
[inst] req=16228352 hits=5968921 fwd=80534 rows=10259388 fwd_ms=886700.1 eval=0 prior=0
[inst] req=16236544 hits=5972624 fwd=80569 rows=10263834 fwd_ms=887059.6 eval=0 prior=0
[inst] req=16244736 hits=5975661 fwd=80612 rows=10269021 fwd_ms=887493.7 eval=0 prior=0
[inst] req=16252928 hits=5978274 fwd=80656 rows=10274651 fwd_ms=887932.9 eval=0 prior=0
[inst] req=16261120 hits=5982018 fwd=80690 rows=10278993 fwd_ms=888272.8 eval=0 prior=0
[inst] req=16269312 hits=5985475 fwd=80727 rows=10283729 fwd_ms=888642.4 eval=0 prior=0
[inst] req=16277504 hits=5989252 fwd=80763 rows=10288163 fwd_ms=888991.9 eval=0 prior=0
[inst] req=16285696 hits=5992858 fwd=80799 rows=10292759 fwd_ms=889351.9 eval=0 prior=0
[inst] req=16293888 hits=5996562 fwd=80835 rows=10297223 fwd_ms=889701.1 eval=0 prior=0
[inst] req=16302080 hits=6000353 fwd=80870 rows=10301667 fwd_ms=890050.1 eval=0 prior=0
[inst] req=16310272 hits=6004162 fwd=80904 rows=10305988 fwd_ms=890388.2 eval=0 prior=0
[inst] req=16318464 hits=6007751 fwd=80941 rows=10310614 fwd_ms=890750.4 eval=0 prior=0
[inst] req=16326656 hits=6011434 fwd=80977 rows=10315220 fwd_ms=891110.0 eval=0 prior=0
[inst] req=16334848 hits=6015059 fwd=81012 rows=10319692 fwd_ms=891459.6 eval=0 prior=0
[inst] req=16343040 hits=6018985 fwd=81046 rows=10323928 fwd_ms=891792.7 eval=0 prior=0
[inst] req=16351232 hits=6022555 fwd=81083 rows=10328661 fwd_ms=892162.7 eval=0 prior=0
[inst] req=16359424 hits=6026259 fwd=81118 rows=10333074 fwd_ms=892510.0 eval=0 prior=0
[inst] req=16367616 hits=6029978 fwd=81154 rows=10337547 fwd_ms=892861.3 eval=0 prior=0
[inst] req=16375808 hits=6033719 fwd=81190 rows=10342075 fwd_ms=893215.6 eval=0 prior=0
[inst] req=16384000 hits=6037323 fwd=81226 rows=10346666 fwd_ms=893574.9 eval=0 prior=0
[inst] req=16392192 hits=6041128 fwd=81261 rows=10351028 fwd_ms=893917.0 eval=0 prior=0
[inst] req=16400384 hits=6044791 fwd=81296 rows=10355485 fwd_ms=894265.1 eval=0 prior=0
[inst] req=16408576 hits=6048376 fwd=81333 rows=10360152 fwd_ms=894641.1 eval=0 prior=0
[inst] req=16416768 hits=6052169 fwd=81367 rows=10364474 fwd_ms=894978.8 eval=0 prior=0
[inst] req=16424960 hits=6055660 fwd=81404 rows=10369185 fwd_ms=895346.6 eval=0 prior=0
[inst] req=16433152 hits=6059206 fwd=81441 rows=10373818 fwd_ms=895708.4 eval=0 prior=0
[inst] req=16441344 hits=6063010 fwd=81476 rows=10378254 fwd_ms=896056.0 eval=0 prior=0
[inst] req=16449536 hits=6066625 fwd=81512 rows=10382840 fwd_ms=896415.2 eval=0 prior=0
[inst] req=16457728 hits=6070343 fwd=81547 rows=10387295 fwd_ms=896764.0 eval=0 prior=0
[inst] req=16465920 hits=6073930 fwd=81583 rows=10391882 fwd_ms=897122.4 eval=0 prior=0
[inst] req=16474112 hits=6077747 fwd=81619 rows=10396343 fwd_ms=897472.8 eval=0 prior=0
[inst] req=16482304 hits=6081275 fwd=81655 rows=10400902 fwd_ms=897829.4 eval=0 prior=0
[inst] req=16490496 hits=6085125 fwd=81690 rows=10405367 fwd_ms=898178.0 eval=0 prior=0
[inst] req=16498688 hits=6088779 fwd=81725 rows=10409824 fwd_ms=898526.2 eval=0 prior=0
[inst] req=16506880 hits=6092437 fwd=81761 rows=10414392 fwd_ms=898882.7 eval=0 prior=0
[inst] req=16515072 hits=6096150 fwd=81796 rows=10418866 fwd_ms=899231.3 eval=0 prior=0
[inst] req=16523264 hits=6099669 fwd=81833 rows=10423584 fwd_ms=899599.4 eval=0 prior=0
[inst] req=16531456 hits=6103292 fwd=81868 rows=10428046 fwd_ms=899947.6 eval=0 prior=0
[inst] req=16539648 hits=6106932 fwd=81904 rows=10432631 fwd_ms=900305.5 eval=0 prior=0
[inst] req=16547840 hits=6110529 fwd=81940 rows=10437231 fwd_ms=900663.4 eval=0 prior=0
[inst] req=16556032 hits=6114061 fwd=81977 rows=10441960 fwd_ms=901031.3 eval=0 prior=0
[inst] req=16564224 hits=6117674 fwd=82013 rows=10446544 fwd_ms=901388.8 eval=0 prior=0
[inst] req=16572416 hits=6121154 fwd=82049 rows=10451145 fwd_ms=901746.7 eval=0 prior=0
[inst] req=16580608 hits=6124912 fwd=82084 rows=10455611 fwd_ms=902094.7 eval=0 prior=0
[inst] req=16588800 hits=6128340 fwd=82122 rows=10460430 fwd_ms=902470.1 eval=0 prior=0
[inst] req=16596992 hits=6131975 fwd=82158 rows=10464999 fwd_ms=902826.7 eval=0 prior=0
[inst] req=16605184 hits=6135463 fwd=82194 rows=10469594 fwd_ms=903184.4 eval=0 prior=0
[inst] req=16613376 hits=6139090 fwd=82230 rows=10474175 fwd_ms=903541.7 eval=0 prior=0
[inst] req=16621568 hits=6142539 fwd=82268 rows=10478919 fwd_ms=903911.7 eval=0 prior=0
[inst] req=16629760 hits=6146223 fwd=82304 rows=10483513 fwd_ms=904268.9 eval=0 prior=0
[inst] req=16637952 hits=6149943 fwd=82339 rows=10487978 fwd_ms=904616.3 eval=0 prior=0
[inst] req=16646144 hits=6153373 fwd=82376 rows=10492704 fwd_ms=904982.8 eval=0 prior=0
[inst] req=16654336 hits=6156938 fwd=82413 rows=10497339 fwd_ms=905343.5 eval=0 prior=0
[inst] req=16662528 hits=6160554 fwd=82449 rows=10501876 fwd_ms=905697.0 eval=0 prior=0
[inst] req=16670720 hits=6164070 fwd=82487 rows=10506619 fwd_ms=906066.6 eval=0 prior=0
[inst] req=16678912 hits=6167594 fwd=82523 rows=10511215 fwd_ms=906423.5 eval=0 prior=0
[inst] req=16687104 hits=6171132 fwd=82560 rows=10515950 fwd_ms=906790.5 eval=0 prior=0
[inst] req=16695296 hits=6174659 fwd=82596 rows=10520542 fwd_ms=907146.3 eval=0 prior=0
[inst] req=16703488 hits=6178380 fwd=82631 rows=10524986 fwd_ms=907492.6 eval=0 prior=0
[inst] req=16711680 hits=6182177 fwd=82666 rows=10529399 fwd_ms=907837.4 eval=0 prior=0
[inst] req=16719872 hits=6185782 fwd=82703 rows=10534050 fwd_ms=908199.3 eval=0 prior=0
[inst] req=16728064 hits=6189525 fwd=82738 rows=10538518 fwd_ms=908547.0 eval=0 prior=0
[inst] req=16736256 hits=6193108 fwd=82774 rows=10543109 fwd_ms=908904.5 eval=0 prior=0
[inst] req=16744448 hits=6196751 fwd=82810 rows=10547686 fwd_ms=909261.3 eval=0 prior=0
[inst] req=16752640 hits=6200646 fwd=82844 rows=10551947 fwd_ms=909595.1 eval=0 prior=0
[inst] req=16760832 hits=6204201 fwd=82880 rows=10556523 fwd_ms=909951.6 eval=0 prior=0
[inst] req=16769024 hits=6207838 fwd=82916 rows=10561119 fwd_ms=910309.6 eval=0 prior=0
[inst] req=16777216 hits=6211460 fwd=82952 rows=10565724 fwd_ms=910667.7 eval=0 prior=0
[inst] req=16785408 hits=6215196 fwd=82987 rows=10570133 fwd_ms=911013.3 eval=0 prior=0
[inst] req=16793600 hits=6218872 fwd=83023 rows=10574727 fwd_ms=911371.1 eval=0 prior=0
[inst] req=16801792 hits=6222507 fwd=83058 rows=10579181 fwd_ms=911717.8 eval=0 prior=0
[inst] req=16809984 hits=6226067 fwd=83095 rows=10583874 fwd_ms=912083.8 eval=0 prior=0
[inst] req=16818176 hits=6229862 fwd=83130 rows=10588309 fwd_ms=912430.0 eval=0 prior=0
[inst] req=16826368 hits=6233486 fwd=83165 rows=10592755 fwd_ms=912777.4 eval=0 prior=0
[inst] req=16834560 hits=6237155 fwd=83201 rows=10597354 fwd_ms=913135.6 eval=0 prior=0
[inst] req=16842752 hits=6240849 fwd=83237 rows=10601867 fwd_ms=913487.0 eval=0 prior=0
[inst] req=16850944 hits=6244348 fwd=83273 rows=10606469 fwd_ms=913845.2 eval=0 prior=0
[inst] req=16859136 hits=6248019 fwd=83309 rows=10611031 fwd_ms=914201.2 eval=0 prior=0
[inst] req=16867328 hits=6251940 fwd=83343 rows=10615372 fwd_ms=914539.7 eval=0 prior=0
[inst] req=16875520 hits=6255430 fwd=83380 rows=10620022 fwd_ms=914903.6 eval=0 prior=0
[inst] req=16883712 hits=6258887 fwd=83417 rows=10624755 fwd_ms=915272.0 eval=0 prior=0
[inst] req=16891904 hits=6262688 fwd=83453 rows=10629209 fwd_ms=915620.4 eval=0 prior=0
[inst] req=16900096 hits=6266081 fwd=83490 rows=10633908 fwd_ms=915987.1 eval=0 prior=0
[inst] req=16908288 hits=6269864 fwd=83526 rows=10638393 fwd_ms=916337.6 eval=0 prior=0
[inst] req=16916480 hits=6273550 fwd=83561 rows=10642849 fwd_ms=916685.9 eval=0 prior=0
[inst] req=16924672 hits=6277178 fwd=83597 rows=10647433 fwd_ms=917043.3 eval=0 prior=0
[inst] req=16932864 hits=6280909 fwd=83632 rows=10651869 fwd_ms=917390.6 eval=0 prior=0
[inst] req=16941056 hits=6284652 fwd=83667 rows=10656338 fwd_ms=917739.6 eval=0 prior=0
[inst] req=16949248 hits=6288217 fwd=83703 rows=10660918 fwd_ms=918098.1 eval=0 prior=0
[inst] req=16957440 hits=6291883 fwd=83739 rows=10665521 fwd_ms=918456.6 eval=0 prior=0
[inst] req=16965632 hits=6295179 fwd=83777 rows=10670355 fwd_ms=918833.3 eval=0 prior=0
[inst] req=16973824 hits=6299166 fwd=83810 rows=10674564 fwd_ms=919162.2 eval=0 prior=0
[inst] req=16982016 hits=6302699 fwd=83847 rows=10679288 fwd_ms=919530.5 eval=0 prior=0
[inst] req=16990208 hits=6306343 fwd=83882 rows=10683763 fwd_ms=919879.4 eval=0 prior=0
[inst] req=16998400 hits=6310100 fwd=83917 rows=10688231 fwd_ms=920228.1 eval=0 prior=0
[inst] req=17006592 hits=6313797 fwd=83954 rows=10692736 fwd_ms=920581.0 eval=0 prior=0
[inst] req=17014784 hits=6317692 fwd=83988 rows=10697076 fwd_ms=920919.7 eval=0 prior=0
[inst] req=17022976 hits=6321127 fwd=84025 rows=10701753 fwd_ms=921285.8 eval=0 prior=0
[inst] req=17031168 hits=6324763 fwd=84062 rows=10706392 fwd_ms=921648.2 eval=0 prior=0
[inst] req=17039360 hits=6328446 fwd=84097 rows=10710820 fwd_ms=921994.7 eval=0 prior=0
[inst] req=17047552 hits=6331906 fwd=84135 rows=10715631 fwd_ms=922371.1 eval=0 prior=0
[inst] req=17055744 hits=6335713 fwd=84169 rows=10719937 fwd_ms=922707.8 eval=0 prior=0
[inst] req=17063936 hits=6339455 fwd=84204 rows=10724377 fwd_ms=923055.8 eval=0 prior=0
[inst] req=17072128 hits=6342859 fwd=84242 rows=10729238 fwd_ms=923434.5 eval=0 prior=0
[inst] req=17080320 hits=6346657 fwd=84276 rows=10733587 fwd_ms=923773.3 eval=0 prior=0
[inst] req=17088512 hits=6350121 fwd=84313 rows=10738305 fwd_ms=924141.3 eval=0 prior=0
[inst] req=17096704 hits=6353943 fwd=84347 rows=10742653 fwd_ms=924480.1 eval=0 prior=0
[inst] req=17104896 hits=6357546 fwd=84384 rows=10747340 fwd_ms=924846.6 eval=0 prior=0
[inst] req=17113088 hits=6361239 fwd=84419 rows=10751817 fwd_ms=925195.6 eval=0 prior=0
[inst] req=17121280 hits=6365094 fwd=84453 rows=10756135 fwd_ms=925532.8 eval=0 prior=0
[inst] req=17129472 hits=6368715 fwd=84489 rows=10760683 fwd_ms=925887.9 eval=0 prior=0
[inst] req=17137664 hits=6372376 fwd=84525 rows=10765267 fwd_ms=926245.9 eval=0 prior=0
[inst] req=17145856 hits=6375995 fwd=84561 rows=10769855 fwd_ms=926604.4 eval=0 prior=0
[inst] req=17154048 hits=6379510 fwd=84597 rows=10774414 fwd_ms=926960.2 eval=0 prior=0
[inst] req=17162240 hits=6383382 fwd=84631 rows=10778739 fwd_ms=927298.4 eval=0 prior=0
[inst] req=17170432 hits=6386924 fwd=84668 rows=10783425 fwd_ms=927662.7 eval=0 prior=0
[inst] req=17178624 hits=6390525 fwd=84704 rows=10788013 fwd_ms=928020.2 eval=0 prior=0
[inst] req=17186816 hits=6394507 fwd=84738 rows=10792200 fwd_ms=928348.9 eval=0 prior=0
[inst] req=17195008 hits=6398027 fwd=84775 rows=10796902 fwd_ms=928717.1 eval=0 prior=0
[inst] req=17203200 hits=6401853 fwd=84810 rows=10801328 fwd_ms=929063.2 eval=0 prior=0
[inst] req=17211392 hits=6405540 fwd=84845 rows=10805778 fwd_ms=929411.7 eval=0 prior=0
[inst] req=17219584 hits=6409224 fwd=84881 rows=10810311 fwd_ms=929766.2 eval=0 prior=0
[inst] req=17227776 hits=6412922 fwd=84916 rows=10814789 fwd_ms=930115.0 eval=0 prior=0
[inst] req=17235968 hits=6416363 fwd=84953 rows=10819521 fwd_ms=930483.8 eval=0 prior=0
[inst] req=17244160 hits=6419918 fwd=84990 rows=10824240 fwd_ms=930851.8 eval=0 prior=0
[inst] req=17252352 hits=6423376 fwd=85027 rows=10828961 fwd_ms=931220.0 eval=0 prior=0
[inst] req=17260544 hits=6426814 fwd=85064 rows=10833655 fwd_ms=931586.9 eval=0 prior=0
[inst] req=17268736 hits=6430653 fwd=85100 rows=10838064 fwd_ms=931931.3 eval=0 prior=0
[inst] req=17276928 hits=6434042 fwd=85137 rows=10842767 fwd_ms=932299.1 eval=0 prior=0
[inst] req=17285120 hits=6437760 fwd=85172 rows=10847232 fwd_ms=932647.6 eval=0 prior=0
[inst] req=17293312 hits=6441174 fwd=85210 rows=10852088 fwd_ms=933026.4 eval=0 prior=0
[inst] req=17301504 hits=6445091 fwd=85243 rows=10856308 fwd_ms=933355.8 eval=0 prior=0
[inst] req=17309696 hits=6448486 fwd=85281 rows=10861146 fwd_ms=933733.0 eval=0 prior=0
[inst] req=17317888 hits=6452182 fwd=85316 rows=10865590 fwd_ms=934081.0 eval=0 prior=0
[inst] req=17326080 hits=6455869 fwd=85352 rows=10870196 fwd_ms=934439.9 eval=0 prior=0
[inst] req=17334272 hits=6459440 fwd=85388 rows=10874793 fwd_ms=934798.1 eval=0 prior=0
[inst] req=17342464 hits=6463079 fwd=85424 rows=10879379 fwd_ms=935156.0 eval=0 prior=0
[inst] req=17350656 hits=6466635 fwd=85461 rows=10883912 fwd_ms=935509.5 eval=0 prior=0
[inst] req=17358848 hits=6470495 fwd=85495 rows=10888263 fwd_ms=935848.2 eval=0 prior=0
[inst] req=17367040 hits=6474111 fwd=85531 rows=10892803 fwd_ms=936202.9 eval=0 prior=0
[inst] req=17375232 hits=6477773 fwd=85567 rows=10897394 fwd_ms=936561.1 eval=0 prior=0
[inst] req=17383424 hits=6481291 fwd=85604 rows=10902106 fwd_ms=936929.1 eval=0 prior=0
[inst] req=17391616 hits=6485255 fwd=85639 rows=10906313 fwd_ms=937278.7 eval=0 prior=0
[inst] req=17399808 hits=6488702 fwd=85677 rows=10910978 fwd_ms=937643.3 eval=0 prior=0
[inst] req=17408000 hits=6492303 fwd=85714 rows=10915651 fwd_ms=938009.9 eval=0 prior=0
[inst] req=17416192 hits=6496021 fwd=85750 rows=10920130 fwd_ms=938360.4 eval=0 prior=0
[inst] req=17424384 hits=6499647 fwd=85786 rows=10924714 fwd_ms=938719.0 eval=0 prior=0
[inst] req=17432576 hits=6503236 fwd=85822 rows=10929291 fwd_ms=939076.7 eval=0 prior=0
[inst] req=17440768 hits=6506765 fwd=85858 rows=10933892 fwd_ms=939435.4 eval=0 prior=0
[inst] req=17448960 hits=6510375 fwd=85894 rows=10938489 fwd_ms=939795.6 eval=0 prior=0
[inst] req=17457152 hits=6514036 fwd=85930 rows=10943053 fwd_ms=940153.6 eval=0 prior=0
[inst] req=17465344 hits=6517710 fwd=85965 rows=10947509 fwd_ms=940503.1 eval=0 prior=0
[inst] req=17473536 hits=6521310 fwd=86002 rows=10952181 fwd_ms=940869.5 eval=0 prior=0
[inst] req=17481728 hits=6524843 fwd=86038 rows=10956758 fwd_ms=941227.8 eval=0 prior=0
[inst] req=17489920 hits=6528563 fwd=86075 rows=10961292 fwd_ms=941585.5 eval=0 prior=0
[inst] req=17498112 hits=6532306 fwd=86110 rows=10965732 fwd_ms=941934.5 eval=0 prior=0
[inst] req=17506304 hits=6535917 fwd=86146 rows=10970327 fwd_ms=942293.6 eval=0 prior=0
[inst] req=17514496 hits=6539469 fwd=86182 rows=10974925 fwd_ms=942652.6 eval=0 prior=0
[inst] req=17522688 hits=6542935 fwd=86220 rows=10979670 fwd_ms=943024.3 eval=0 prior=0
[inst] req=17530880 hits=6546480 fwd=86257 rows=10984378 fwd_ms=943392.8 eval=0 prior=0
[inst] req=17539072 hits=6550047 fwd=86293 rows=10988940 fwd_ms=943752.9 eval=0 prior=0
[inst] req=17547264 hits=6553643 fwd=86330 rows=10993579 fwd_ms=946111.9 eval=0 prior=0
[inst] req=17555456 hits=6557092 fwd=86368 rows=10998360 fwd_ms=948492.5 eval=0 prior=0
[inst] req=17563648 hits=6561054 fwd=86402 rows=11002576 fwd_ms=950677.5 eval=0 prior=0
[inst] req=17571840 hits=6564897 fwd=86437 rows=11006940 fwd_ms=952834.6 eval=0 prior=0
[inst] req=17580032 hits=6568723 fwd=86472 rows=11011256 fwd_ms=954972.6 eval=0 prior=0
[inst] req=17588224 hits=6572351 fwd=86509 rows=11015866 fwd_ms=957285.2 eval=0 prior=0
[inst] req=17596416 hits=6576041 fwd=86544 rows=11020299 fwd_ms=957828.0 eval=0 prior=0
[inst] req=17604608 hits=6579833 fwd=86579 rows=11024740 fwd_ms=958191.9 eval=0 prior=0
[inst] req=17612800 hits=6581600 fwd=86631 rows=11031183 fwd_ms=958712.5 eval=0 prior=0
[inst] req=17620992 hits=6584946 fwd=86669 rows=11036016 fwd_ms=959090.5 eval=0 prior=0
[inst] req=17629184 hits=6588171 fwd=86708 rows=11040974 fwd_ms=959479.6 eval=0 prior=0
[inst] req=17637376 hits=6592014 fwd=86742 rows=11045318 fwd_ms=959819.4 eval=0 prior=0
[inst] req=17645568 hits=6595569 fwd=86778 rows=11049923 fwd_ms=960179.1 eval=0 prior=0
[inst] req=17653760 hits=6599003 fwd=86815 rows=11054646 fwd_ms=960548.7 eval=0 prior=0
[inst] req=17661952 hits=6602720 fwd=86850 rows=11059116 fwd_ms=960898.5 eval=0 prior=0
[inst] req=17670144 hits=6606219 fwd=86888 rows=11063920 fwd_ms=961276.0 eval=0 prior=0
[inst] req=17678336 hits=6609817 fwd=86923 rows=11068394 fwd_ms=961625.8 eval=0 prior=0
[inst] req=17686528 hits=6613460 fwd=86959 rows=11072974 fwd_ms=961985.2 eval=0 prior=0
[inst] req=17694720 hits=6617067 fwd=86995 rows=11077549 fwd_ms=962344.6 eval=0 prior=0
[inst] req=17702912 hits=6620641 fwd=87032 rows=11082249 fwd_ms=962713.9 eval=0 prior=0
[inst] req=17711104 hits=6624306 fwd=87067 rows=11086714 fwd_ms=963063.6 eval=0 prior=0
[inst] req=17719296 hits=6627992 fwd=87102 rows=11091178 fwd_ms=963413.0 eval=0 prior=0
[inst] req=17727488 hits=6631549 fwd=87139 rows=11095888 fwd_ms=963782.1 eval=0 prior=0
[inst] req=17735680 hits=6635129 fwd=87176 rows=11100491 fwd_ms=964142.2 eval=0 prior=0
[inst] req=17743872 hits=6638789 fwd=87211 rows=11104958 fwd_ms=964491.7 eval=0 prior=0
[inst] req=17752064 hits=6642584 fwd=87246 rows=11109427 fwd_ms=964841.1 eval=0 prior=0
[inst] req=17760256 hits=6646182 fwd=87283 rows=11114016 fwd_ms=965199.7 eval=0 prior=0
[inst] req=17768448 hits=6649674 fwd=87320 rows=11118733 fwd_ms=965568.5 eval=0 prior=0
[inst] req=17776640 hits=6653348 fwd=87355 rows=11123198 fwd_ms=965917.3 eval=0 prior=0
[inst] req=17784832 hits=6656852 fwd=87392 rows=11127918 fwd_ms=966285.9 eval=0 prior=0
[inst] req=17793024 hits=6660410 fwd=87428 rows=11132522 fwd_ms=966644.8 eval=0 prior=0
[inst] req=17801216 hits=6663846 fwd=87465 rows=11137247 fwd_ms=967013.4 eval=0 prior=0
[inst] req=17809408 hits=6667460 fwd=87501 rows=11141835 fwd_ms=967372.2 eval=0 prior=0
[inst] req=17817600 hits=6670824 fwd=87539 rows=11146663 fwd_ms=967749.0 eval=0 prior=0
[inst] req=17825792 hits=6674321 fwd=87577 rows=11151459 fwd_ms=968132.7 eval=0 prior=0
[inst] req=17833984 hits=6677826 fwd=87613 rows=11156065 fwd_ms=968491.3 eval=0 prior=0
[inst] req=17842176 hits=6681527 fwd=87649 rows=11160648 fwd_ms=968850.6 eval=0 prior=0
[inst] req=17850368 hits=6685081 fwd=87685 rows=11165240 fwd_ms=969208.7 eval=0 prior=0
[inst] req=17858560 hits=6688731 fwd=87721 rows=11169755 fwd_ms=969560.8 eval=0 prior=0
[inst] req=17866752 hits=6692306 fwd=87757 rows=11174361 fwd_ms=969919.2 eval=0 prior=0
[inst] req=17874944 hits=6695991 fwd=87792 rows=11178830 fwd_ms=970267.2 eval=0 prior=0
[inst] req=17883136 hits=6699674 fwd=87828 rows=11183401 fwd_ms=970624.0 eval=0 prior=0
[inst] req=17891328 hits=6703141 fwd=87865 rows=11188128 fwd_ms=970991.6 eval=0 prior=0
[inst] req=17899520 hits=6706627 fwd=87902 rows=11192821 fwd_ms=971356.7 eval=0 prior=0
[inst] req=17907712 hits=6710139 fwd=87939 rows=11197550 fwd_ms=971724.3 eval=0 prior=0
[inst] req=17915904 hits=6713860 fwd=87974 rows=11202004 fwd_ms=972071.9 eval=0 prior=0
[inst] req=17924096 hits=6717477 fwd=88010 rows=11206611 fwd_ms=972429.7 eval=0 prior=0
[inst] req=17932288 hits=6721050 fwd=88046 rows=11211199 fwd_ms=972786.9 eval=0 prior=0
[inst] req=17940480 hits=6724754 fwd=88081 rows=11215649 fwd_ms=973132.8 eval=0 prior=0
[inst] req=17948672 hits=6728353 fwd=88117 rows=11220255 fwd_ms=973490.3 eval=0 prior=0
[inst] req=17956864 hits=6731948 fwd=88153 rows=11224830 fwd_ms=973846.1 eval=0 prior=0
[inst] req=17965056 hits=6735507 fwd=88189 rows=11229435 fwd_ms=974203.2 eval=0 prior=0
[inst] req=17973248 hits=6738914 fwd=88227 rows=11234296 fwd_ms=974580.3 eval=0 prior=0
[inst] req=17981440 hits=6742432 fwd=88264 rows=11238983 fwd_ms=974946.1 eval=0 prior=0
[inst] req=17989632 hits=6745844 fwd=88301 rows=11243711 fwd_ms=975313.0 eval=0 prior=0
[inst] req=17997824 hits=6749498 fwd=88337 rows=11248284 fwd_ms=975668.6 eval=0 prior=0
[inst] req=18006016 hits=6752913 fwd=88375 rows=11253077 fwd_ms=976041.6 eval=0 prior=0
[inst] req=18014208 hits=6756454 fwd=88411 rows=11257664 fwd_ms=976398.4 eval=0 prior=0
[inst] req=18022400 hits=6759991 fwd=88448 rows=11262388 fwd_ms=976765.0 eval=0 prior=0
[inst] req=18030592 hits=6763527 fwd=88485 rows=11267012 fwd_ms=977124.5 eval=0 prior=0
[inst] req=18038784 hits=6767251 fwd=88520 rows=11271489 fwd_ms=977471.9 eval=0 prior=0
[inst] req=18046976 hits=6770816 fwd=88557 rows=11276147 fwd_ms=977843.6 eval=0 prior=0
[inst] req=18055168 hits=6774491 fwd=88593 rows=11280639 fwd_ms=978192.9 eval=0 prior=0
[inst] req=18063360 hits=6778007 fwd=88630 rows=11285254 fwd_ms=978552.0 eval=0 prior=0
[inst] req=18071552 hits=6781458 fwd=88668 rows=11290007 fwd_ms=978921.4 eval=0 prior=0
[inst] req=18079744 hits=6785115 fwd=88704 rows=11294573 fwd_ms=979277.1 eval=0 prior=0
[inst] req=18087936 hits=6788840 fwd=88739 rows=11298970 fwd_ms=979619.7 eval=0 prior=0
[inst] req=18096128 hits=6792452 fwd=88776 rows=11303658 fwd_ms=979985.7 eval=0 prior=0
[inst] req=18104320 hits=6795956 fwd=88812 rows=11308247 fwd_ms=980343.4 eval=0 prior=0
[inst] req=18112512 hits=6799381 fwd=88850 rows=11313045 fwd_ms=980718.2 eval=0 prior=0
[inst] req=18120704 hits=6803047 fwd=88886 rows=11317649 fwd_ms=981076.9 eval=0 prior=0
[inst] req=18128896 hits=6806643 fwd=88923 rows=11322225 fwd_ms=981435.0 eval=0 prior=0
[inst] req=18137088 hits=6810036 fwd=88961 rows=11327035 fwd_ms=981811.3 eval=0 prior=0
[inst] req=18145280 hits=6813606 fwd=88997 rows=11331609 fwd_ms=982168.6 eval=0 prior=0
[inst] req=18153472 hits=6817101 fwd=89034 rows=11336323 fwd_ms=982536.5 eval=0 prior=0
[inst] req=18161664 hits=6820569 fwd=89071 rows=11341051 fwd_ms=982904.5 eval=0 prior=0
[inst] req=18169856 hits=6824308 fwd=89106 rows=11345509 fwd_ms=983252.5 eval=0 prior=0
[inst] req=18178048 hits=6827800 fwd=89143 rows=11350212 fwd_ms=983618.9 eval=0 prior=0
[inst] req=18186240 hits=6831492 fwd=89178 rows=11354621 fwd_ms=983962.3 eval=0 prior=0
[inst] req=18194432 hits=6834967 fwd=89215 rows=11359353 fwd_ms=984330.3 eval=0 prior=0
[inst] req=18202624 hits=6838407 fwd=89253 rows=11364201 fwd_ms=984707.8 eval=0 prior=0
[inst] req=18210816 hits=6842158 fwd=89288 rows=11368647 fwd_ms=985055.1 eval=0 prior=0
[inst] req=18219008 hits=6845597 fwd=89325 rows=11373353 fwd_ms=985422.4 eval=0 prior=0
[inst] req=18227200 hits=6849132 fwd=89362 rows=11377985 fwd_ms=985783.7 eval=0 prior=0
[inst] req=18235392 hits=6852548 fwd=89400 rows=11382752 fwd_ms=986155.3 eval=0 prior=0
[inst] req=18243584 hits=6855948 fwd=89438 rows=11387564 fwd_ms=986531.1 eval=0 prior=0
[inst] req=18251776 hits=6859419 fwd=89475 rows=11392283 fwd_ms=986899.2 eval=0 prior=0
[inst] req=18259968 hits=6862743 fwd=89513 rows=11397132 fwd_ms=987276.9 eval=0 prior=0
[inst] req=18268160 hits=6866490 fwd=89548 rows=11401612 fwd_ms=987625.4 eval=0 prior=0
[inst] req=18276352 hits=6870167 fwd=89583 rows=11406090 fwd_ms=987974.3 eval=0 prior=0
[inst] req=18284544 hits=6873663 fwd=89620 rows=11410801 fwd_ms=988342.0 eval=0 prior=0
[inst] req=18292736 hits=6877327 fwd=89656 rows=11415396 fwd_ms=988700.3 eval=0 prior=0
[inst] req=18300928 hits=6880885 fwd=89692 rows=11420002 fwd_ms=989059.0 eval=0 prior=0
[inst] req=18309120 hits=6884550 fwd=89728 rows=11424545 fwd_ms=989414.3 eval=0 prior=0
[inst] req=18317312 hits=6887941 fwd=89765 rows=11429266 fwd_ms=989782.4 eval=0 prior=0
[inst] req=18325504 hits=6891469 fwd=89802 rows=11433980 fwd_ms=990150.2 eval=0 prior=0
[inst] req=18333696 hits=6894985 fwd=89839 rows=11438701 fwd_ms=990519.0 eval=0 prior=0
[inst] req=18341888 hits=6898563 fwd=89875 rows=11443298 fwd_ms=990878.4 eval=0 prior=0
[inst] req=18350080 hits=6902002 fwd=89912 rows=11448008 fwd_ms=991246.4 eval=0 prior=0
[inst] req=18358272 hits=6905728 fwd=89948 rows=11452508 fwd_ms=991598.6 eval=0 prior=0
[inst] req=18366464 hits=6909469 fwd=89983 rows=11456966 fwd_ms=991947.3 eval=0 prior=0
[inst] req=18374656 hits=6913050 fwd=90019 rows=11461562 fwd_ms=992306.1 eval=0 prior=0
[inst] req=18382848 hits=6916769 fwd=90054 rows=11466035 fwd_ms=992655.4 eval=0 prior=0
[inst] req=18391040 hits=6920294 fwd=90091 rows=11470676 fwd_ms=993017.3 eval=0 prior=0
[inst] req=18399232 hits=6923926 fwd=90127 rows=11475269 fwd_ms=993375.8 eval=0 prior=0
[inst] req=18407424 hits=6927457 fwd=90164 rows=11479965 fwd_ms=993742.5 eval=0 prior=0
[inst] req=18415616 hits=6930974 fwd=90200 rows=11484547 fwd_ms=994100.5 eval=0 prior=0
[inst] req=18423808 hits=6934420 fwd=90237 rows=11489282 fwd_ms=994469.2 eval=0 prior=0
[inst] req=18432000 hits=6937769 fwd=90275 rows=11494127 fwd_ms=994847.5 eval=0 prior=0
[inst] req=18440192 hits=6941341 fwd=90311 rows=11498733 fwd_ms=995207.1 eval=0 prior=0
[inst] req=18448384 hits=6944772 fwd=90349 rows=11503579 fwd_ms=995585.5 eval=0 prior=0
[inst] req=18456576 hits=6948335 fwd=90385 rows=11508165 fwd_ms=995942.7 eval=0 prior=0
[inst] req=18464768 hits=6951768 fwd=90422 rows=11512878 fwd_ms=996309.7 eval=0 prior=0
[inst] req=18472960 hits=6955297 fwd=90460 rows=11517638 fwd_ms=996681.0 eval=0 prior=0
[inst] req=18481152 hits=6958713 fwd=90497 rows=11522354 fwd_ms=997049.4 eval=0 prior=0
[inst] req=18489344 hits=6962127 fwd=90535 rows=11527162 fwd_ms=997425.7 eval=0 prior=0
[inst] req=18497536 hits=6965607 fwd=90572 rows=11531896 fwd_ms=997795.0 eval=0 prior=0
[inst] req=18505728 hits=6969222 fwd=90608 rows=11536407 fwd_ms=998147.8 eval=0 prior=0
[inst] req=18513920 hits=6972893 fwd=90644 rows=11541005 fwd_ms=998506.5 eval=0 prior=0
[inst] req=18522112 hits=6976464 fwd=90681 rows=11545552 fwd_ms=998861.1 eval=0 prior=0
[inst] req=18530304 hits=6980166 fwd=90717 rows=11550128 fwd_ms=999218.2 eval=0 prior=0
[inst] req=18538496 hits=6983657 fwd=90754 rows=11554833 fwd_ms=999585.2 eval=0 prior=0
[inst] req=18546688 hits=6987449 fwd=90788 rows=11559171 fwd_ms=999924.3 eval=0 prior=0
[inst] req=18554880 hits=6990922 fwd=90826 rows=11563928 fwd_ms=1000295.9 eval=0 prior=0
[inst] req=18563072 hits=6994559 fwd=90861 rows=11568387 fwd_ms=1000644.2 eval=0 prior=0
[inst] req=18571264 hits=6998023 fwd=90898 rows=11573113 fwd_ms=1001012.4 eval=0 prior=0
[inst] req=18579456 hits=7001562 fwd=90935 rows=11577838 fwd_ms=1001381.0 eval=0 prior=0
[inst] req=18587648 hits=7004938 fwd=90973 rows=11582658 fwd_ms=1001758.1 eval=0 prior=0
[inst] req=18595840 hits=7008559 fwd=91010 rows=11587250 fwd_ms=1002116.3 eval=0 prior=0
[inst] req=18604032 hits=7012071 fwd=91046 rows=11591840 fwd_ms=1002474.5 eval=0 prior=0
[inst] req=18612224 hits=7015520 fwd=91084 rows=11596690 fwd_ms=1002853.0 eval=0 prior=0
[inst] req=18620416 hits=7019128 fwd=91119 rows=11601167 fwd_ms=1003201.8 eval=0 prior=0
[inst] req=18628608 hits=7022754 fwd=91155 rows=11605771 fwd_ms=1003560.8 eval=0 prior=0
[inst] req=18636800 hits=7026429 fwd=91191 rows=11610358 fwd_ms=1003919.2 eval=0 prior=0
[inst] req=18644992 hits=7029869 fwd=91228 rows=11615075 fwd_ms=1004287.7 eval=0 prior=0
[inst] req=18653184 hits=7033372 fwd=91265 rows=11619753 fwd_ms=1004652.9 eval=0 prior=0
[inst] req=18661376 hits=7037234 fwd=91299 rows=11624094 fwd_ms=1004991.9 eval=0 prior=0
[inst] req=18669568 hits=7040835 fwd=91336 rows=11628720 fwd_ms=1005352.5 eval=0 prior=0
[inst] req=18677760 hits=7044369 fwd=91372 rows=11633278 fwd_ms=1005709.3 eval=0 prior=0
[inst] req=18685952 hits=7047959 fwd=91409 rows=11637964 fwd_ms=1006075.4 eval=0 prior=0
[inst] req=18694144 hits=7051483 fwd=91445 rows=11642564 fwd_ms=1006434.5 eval=0 prior=0
[inst] req=18702336 hits=7055134 fwd=91481 rows=11647137 fwd_ms=1006791.9 eval=0 prior=0
[inst] req=18710528 hits=7058573 fwd=91519 rows=11651888 fwd_ms=1007163.9 eval=0 prior=0
[inst] req=18718720 hits=7062106 fwd=91556 rows=11656581 fwd_ms=1007531.3 eval=0 prior=0
[inst] req=18726912 hits=7065514 fwd=91593 rows=11661294 fwd_ms=1007898.3 eval=0 prior=0
[inst] req=18735104 hits=7069021 fwd=91630 rows=11666001 fwd_ms=1008266.7 eval=0 prior=0
[inst] req=18743296 hits=7072861 fwd=91664 rows=11670315 fwd_ms=1008604.0 eval=0 prior=0
[inst] req=18751488 hits=7076703 fwd=91698 rows=11674664 fwd_ms=1008943.2 eval=0 prior=0
[inst] req=18759680 hits=7080308 fwd=91735 rows=11679365 fwd_ms=1009310.8 eval=0 prior=0
[inst] req=18767872 hits=7083872 fwd=91771 rows=11683958 fwd_ms=1009669.6 eval=0 prior=0
[inst] req=18776064 hits=7087489 fwd=91807 rows=11688555 fwd_ms=1010028.3 eval=0 prior=0
[inst] req=18784256 hits=7091085 fwd=91843 rows=11693153 fwd_ms=1010387.0 eval=0 prior=0
[inst] req=18792448 hits=7094472 fwd=91880 rows=11697868 fwd_ms=1010755.8 eval=0 prior=0
[inst] req=18800640 hits=7098031 fwd=91917 rows=11702601 fwd_ms=1011124.7 eval=0 prior=0
[inst] req=18808832 hits=7101735 fwd=91952 rows=11707050 fwd_ms=1011471.9 eval=0 prior=0
[inst] req=18817024 hits=7105226 fwd=91989 rows=11711776 fwd_ms=1011840.6 eval=0 prior=0
[inst] req=18825216 hits=7109029 fwd=92024 rows=11716181 fwd_ms=1012185.6 eval=0 prior=0
[inst] req=18833408 hits=7112741 fwd=92059 rows=11720633 fwd_ms=1012533.9 eval=0 prior=0
[inst] req=18841600 hits=7116229 fwd=92096 rows=11725334 fwd_ms=1012902.1 eval=0 prior=0
[inst] req=18849792 hits=7119921 fwd=92131 rows=11729745 fwd_ms=1013247.2 eval=0 prior=0
[inst] req=18857984 hits=7123354 fwd=92169 rows=11734583 fwd_ms=1013624.2 eval=0 prior=0
[inst] req=18866176 hits=7126785 fwd=92206 rows=11739310 fwd_ms=1013992.9 eval=0 prior=0
[inst] req=18874368 hits=7130407 fwd=92243 rows=11743952 fwd_ms=1014356.3 eval=0 prior=0
[inst] req=18882560 hits=7134021 fwd=92279 rows=11748537 fwd_ms=1014713.7 eval=0 prior=0
[inst] req=18890752 hits=7137536 fwd=92315 rows=11753143 fwd_ms=1015073.0 eval=0 prior=0
[inst] req=18898944 hits=7140828 fwd=92353 rows=11758007 fwd_ms=1015451.4 eval=0 prior=0
[inst] req=18907136 hits=7144470 fwd=92389 rows=11762603 fwd_ms=1015810.4 eval=0 prior=0
[inst] req=18915328 hits=7147871 fwd=92427 rows=11767448 fwd_ms=1016188.6 eval=0 prior=0
[inst] req=18923520 hits=7151376 fwd=92463 rows=11772030 fwd_ms=1016545.9 eval=0 prior=0
[inst] req=18931712 hits=7154993 fwd=92499 rows=11776622 fwd_ms=1016904.5 eval=0 prior=0
[inst] req=18939904 hits=7158503 fwd=92536 rows=11781329 fwd_ms=1017271.5 eval=0 prior=0
[inst] req=18948096 hits=7162053 fwd=92572 rows=11785932 fwd_ms=1017631.0 eval=0 prior=0
[inst] req=18956288 hits=7165473 fwd=92610 rows=11790776 fwd_ms=1018009.3 eval=0 prior=0
[inst] req=18964480 hits=7169109 fwd=92646 rows=11795367 fwd_ms=1018368.0 eval=0 prior=0
[inst] req=18972672 hits=7172604 fwd=92682 rows=11799959 fwd_ms=1018726.5 eval=0 prior=0
[inst] req=18980864 hits=7176161 fwd=92719 rows=11804685 fwd_ms=1019094.9 eval=0 prior=0
[inst] req=18989056 hits=7179712 fwd=92755 rows=11809290 fwd_ms=1019453.9 eval=0 prior=0
[inst] req=18997248 hits=7183257 fwd=92791 rows=11813891 fwd_ms=1019813.0 eval=0 prior=0
[inst] req=19005440 hits=7186616 fwd=92830 rows=11818744 fwd_ms=1020192.4 eval=0 prior=0
[inst] req=19013632 hits=7190270 fwd=92866 rows=11823319 fwd_ms=1020550.0 eval=0 prior=0
[inst] req=19021824 hits=7193550 fwd=92905 rows=11828272 fwd_ms=1020936.4 eval=0 prior=0
[inst] req=19030016 hits=7196960 fwd=92942 rows=11833001 fwd_ms=1021304.9 eval=0 prior=0
[inst] req=19038208 hits=7200323 fwd=92980 rows=11837860 fwd_ms=1021683.6 eval=0 prior=0
[inst] req=19046400 hits=7203555 fwd=93019 rows=11842807 fwd_ms=1022069.1 eval=0 prior=0
[inst] req=19054592 hits=7207214 fwd=93054 rows=11847255 fwd_ms=1022416.4 eval=0 prior=0
[inst] req=19062784 hits=7210555 fwd=93092 rows=11852114 fwd_ms=1022794.9 eval=0 prior=0
[inst] req=19070976 hits=7214129 fwd=93129 rows=11856835 fwd_ms=1023163.4 eval=0 prior=0
[inst] req=19079168 hits=7217436 fwd=93167 rows=11861680 fwd_ms=1023541.4 eval=0 prior=0
[inst] req=19087360 hits=7221124 fwd=93202 rows=11866147 fwd_ms=1023890.0 eval=0 prior=0
[inst] req=19095552 hits=7224646 fwd=93239 rows=11870868 fwd_ms=1024258.6 eval=0 prior=0
[inst] req=19103744 hits=7228063 fwd=93276 rows=11875586 fwd_ms=1024627.3 eval=0 prior=0
[inst] req=19111936 hits=7231951 fwd=93310 rows=11879932 fwd_ms=1024967.1 eval=0 prior=0
[inst] req=19120128 hits=7235221 fwd=93349 rows=11884902 fwd_ms=1025355.5 eval=0 prior=0
[inst] req=19128320 hits=7238729 fwd=93385 rows=11889482 fwd_ms=1025712.8 eval=0 prior=0
[inst] req=19136512 hits=7242044 fwd=93423 rows=11894343 fwd_ms=1026091.9 eval=0 prior=0
[inst] req=19144704 hits=7245512 fwd=93461 rows=11899185 fwd_ms=1026470.6 eval=0 prior=0
[inst] req=19152896 hits=7248822 fwd=93499 rows=11904042 fwd_ms=1026849.5 eval=0 prior=0
[inst] req=19161088 hits=7252337 fwd=93535 rows=11908631 fwd_ms=1027207.2 eval=0 prior=0
[inst] req=19169280 hits=7255841 fwd=93572 rows=11913349 fwd_ms=1027575.8 eval=0 prior=0
[inst] req=19177472 hits=7259487 fwd=93608 rows=11917932 fwd_ms=1027934.9 eval=0 prior=0
[inst] req=19185664 hits=7262882 fwd=93645 rows=11922663 fwd_ms=1028303.9 eval=0 prior=0
[inst] req=19193856 hits=7266401 fwd=93682 rows=11927383 fwd_ms=1028673.2 eval=0 prior=0
[inst] req=19202048 hits=7269964 fwd=93718 rows=11931974 fwd_ms=1029033.3 eval=0 prior=0
[inst] req=19210240 hits=7273259 fwd=93757 rows=11936941 fwd_ms=1029421.6 eval=0 prior=0
[inst] req=19218432 hits=7276868 fwd=93793 rows=11941541 fwd_ms=1029781.2 eval=0 prior=0
[inst] req=19226624 hits=7280353 fwd=93830 rows=11946152 fwd_ms=1030142.7 eval=0 prior=0
[inst] req=19234816 hits=7284112 fwd=93865 rows=11950614 fwd_ms=1030492.3 eval=0 prior=0
[inst] req=19243008 hits=7287673 fwd=93901 rows=11955213 fwd_ms=1030852.3 eval=0 prior=0
[inst] req=19251200 hits=7291228 fwd=93938 rows=11959936 fwd_ms=1031221.7 eval=0 prior=0
[inst] req=19259392 hits=7294575 fwd=93976 rows=11964757 fwd_ms=1031600.3 eval=0 prior=0
[inst] req=19267584 hits=7298317 fwd=94011 rows=11969226 fwd_ms=1031949.6 eval=0 prior=0
[inst] req=19275776 hits=7301878 fwd=94047 rows=11973815 fwd_ms=1032308.9 eval=0 prior=0
[inst] req=19283968 hits=7305307 fwd=94084 rows=11978533 fwd_ms=1032677.9 eval=0 prior=0
[inst] req=19292160 hits=7308919 fwd=94120 rows=11983139 fwd_ms=1033037.3 eval=0 prior=0
[inst] req=19300352 hits=7312510 fwd=94156 rows=11987743 fwd_ms=1033396.4 eval=0 prior=0
[inst] req=19308544 hits=7315921 fwd=94194 rows=11992584 fwd_ms=1033774.1 eval=0 prior=0
[inst] req=19316736 hits=7319713 fwd=94228 rows=11996899 fwd_ms=1034111.8 eval=0 prior=0
[inst] req=19324928 hits=7323126 fwd=94266 rows=12001759 fwd_ms=1034491.4 eval=0 prior=0
[inst] req=19333120 hits=7326610 fwd=94303 rows=12006454 fwd_ms=1034858.4 eval=0 prior=0
[inst] req=19341312 hits=7330001 fwd=94341 rows=12011286 fwd_ms=1035236.7 eval=0 prior=0
[inst] req=19349504 hits=7333371 fwd=94378 rows=12016006 fwd_ms=1035606.9 eval=0 prior=0
[inst] req=19357696 hits=7336981 fwd=94415 rows=12020618 fwd_ms=1035983.9 eval=0 prior=0
[inst] req=19365888 hits=7340098 fwd=94455 rows=12025705 fwd_ms=1036383.5 eval=0 prior=0
[inst] req=19374080 hits=7343838 fwd=94490 rows=12030160 fwd_ms=1036733.7 eval=0 prior=0
[inst] req=19382272 hits=7347506 fwd=94526 rows=12034663 fwd_ms=1037087.1 eval=0 prior=0
[inst] req=19390464 hits=7351233 fwd=94563 rows=12039208 fwd_ms=1037445.1 eval=0 prior=0
[inst] req=19398656 hits=7354810 fwd=94599 rows=12043759 fwd_ms=1037803.5 eval=0 prior=0
[inst] req=19406848 hits=7358255 fwd=94637 rows=12048574 fwd_ms=1038181.7 eval=0 prior=0
[inst] req=19415040 hits=7361755 fwd=94674 rows=12053241 fwd_ms=1038549.3 eval=0 prior=0
[inst] req=19423232 hits=7365111 fwd=94712 rows=12058081 fwd_ms=1038928.0 eval=0 prior=0
[inst] req=19431424 hits=7368807 fwd=94747 rows=12062533 fwd_ms=1039277.5 eval=0 prior=0
[inst] req=19439616 hits=7372273 fwd=94784 rows=12067265 fwd_ms=1039647.4 eval=0 prior=0
[inst] req=19447808 hits=7375807 fwd=94821 rows=12071948 fwd_ms=1041462.8 eval=0 prior=0
[inst] req=19456000 hits=7379281 fwd=94858 rows=12076614 fwd_ms=1043829.9 eval=0 prior=0
[inst] req=19464192 hits=7382627 fwd=94897 rows=12081551 fwd_ms=1046093.1 eval=0 prior=0
[inst] req=19472384 hits=7386213 fwd=94933 rows=12086113 fwd_ms=1048260.3 eval=0 prior=0
[inst] req=19480576 hits=7389892 fwd=94969 rows=12090662 fwd_ms=1050239.2 eval=0 prior=0
[inst] req=19488768 hits=7393386 fwd=95006 rows=12095337 fwd_ms=1052613.4 eval=0 prior=0
[inst] req=19496960 hits=7396992 fwd=95043 rows=12099951 fwd_ms=1053831.0 eval=0 prior=0
[inst] req=19505152 hits=7400554 fwd=95080 rows=12104584 fwd_ms=1054208.7 eval=0 prior=0
[inst] req=19513344 hits=7402560 fwd=95130 rows=12110697 fwd_ms=1054710.1 eval=0 prior=0
[inst] req=19521536 hits=7405861 fwd=95169 rows=12115674 fwd_ms=1055099.6 eval=0 prior=0
[inst] req=19529728 hits=7408953 fwd=95208 rows=12120660 fwd_ms=1055489.4 eval=0 prior=0
[inst] req=19537920 hits=7412812 fwd=95242 rows=12125003 fwd_ms=1055829.6 eval=0 prior=0
[inst] req=19546112 hits=7416228 fwd=95280 rows=12129860 fwd_ms=1056209.3 eval=0 prior=0
[inst] req=19554304 hits=7419857 fwd=95315 rows=12134334 fwd_ms=1056559.1 eval=0 prior=0
[inst] req=19562496 hits=7423251 fwd=95353 rows=12139198 fwd_ms=1056939.0 eval=0 prior=0
[inst] req=19570688 hits=7426641 fwd=95390 rows=12143927 fwd_ms=1057308.6 eval=0 prior=0
[inst] req=19578880 hits=7430155 fwd=95427 rows=12148649 fwd_ms=1057678.3 eval=0 prior=0
