Logging directory: /home/ubuntu/rl/reinfors-benchmarks/runs/v1_grid_ext/os_a1024/cycle2/throughput
Creating model: /home/ubuntu/rl/reinfors-benchmarks/runs/v1_grid_ext/os_a1024/cycle2/throughput/vpnet.pb
Playing game: chess
Loading model from step 0
[W TensorCompare.cpp:530] Warning: where received a uint8 condition tensor. This behavior is deprecated and will be removed in a future version of PyTorch. Use a boolean condition instead. (function operator())
[inst] req=8192 hits=2454 fwd=7 rows=5522 fwd_ms=628.7 eval=0 prior=0
[inst] req=16384 hits=3693 fwd=14 rows=12690 fwd_ms=1013.4 eval=0 prior=0
[inst] req=24576 hits=4718 fwd=20 rows=18834 fwd_ms=1342.5 eval=0 prior=0
[inst] req=32768 hits=7278 fwd=26 rows=24978 fwd_ms=1671.8 eval=0 prior=0
[inst] req=40960 hits=10862 fwd=30 rows=29074 fwd_ms=1891.6 eval=0 prior=0
[inst] req=49152 hits=13934 fwd=35 rows=34194 fwd_ms=2166.6 eval=0 prior=0
[inst] req=57344 hits=17518 fwd=40 rows=39314 fwd_ms=2441.5 eval=0 prior=0
[inst] req=65536 hits=19568 fwd=46 rows=45458 fwd_ms=2771.3 eval=0 prior=0
[inst] req=73728 hits=23150 fwd=50 rows=49554 fwd_ms=2991.4 eval=0 prior=0
[inst] req=81920 hits=23150 fwd=58 rows=57746 fwd_ms=3431.3 eval=0 prior=0
[inst] req=90112 hits=25198 fwd=64 rows=63890 fwd_ms=3761.2 eval=0 prior=0
[inst] req=98304 hits=26383 fwd=71 rows=71047 fwd_ms=4165.7 eval=0 prior=0
[inst] req=106496 hits=29090 fwd=77 rows=77191 fwd_ms=4497.0 eval=0 prior=0
[inst] req=114688 hits=30492 fwd=83 rows=83335 fwd_ms=4827.5 eval=0 prior=0
[inst] req=122880 hits=33605 fwd=88 rows=88455 fwd_ms=5102.9 eval=0 prior=0
[inst] req=131072 hits=37571 fwd=92 rows=92551 fwd_ms=5323.2 eval=0 prior=0
[inst] req=139264 hits=40655 fwd=97 rows=97671 fwd_ms=5599.1 eval=0 prior=0
[inst] req=147456 hits=44126 fwd=102 rows=102791 fwd_ms=5875.0 eval=0 prior=0
[inst] req=155648 hits=46866 fwd=107 rows=107911 fwd_ms=6151.1 eval=0 prior=0
[inst] req=163840 hits=49530 fwd=113 rows=114055 fwd_ms=6482.5 eval=0 prior=0
[inst] req=172032 hits=51604 fwd=119 rows=120199 fwd_ms=6814.3 eval=0 prior=0
[inst] req=180224 hits=54149 fwd=124 rows=125319 fwd_ms=7090.8 eval=0 prior=0
[inst] req=188416 hits=56891 fwd=130 rows=131463 fwd_ms=7422.6 eval=0 prior=0
[inst] req=196608 hits=60373 fwd=134 rows=135559 fwd_ms=7643.8 eval=0 prior=0
[inst] req=204800 hits=64096 fwd=139 rows=140678 fwd_ms=7920.6 eval=0 prior=0
[inst] req=212992 hits=67968 fwd=143 rows=144774 fwd_ms=8142.1 eval=0 prior=0
[inst] req=221184 hits=72050 fwd=147 rows=148870 fwd_ms=8364.1 eval=0 prior=0
[inst] req=229376 hits=76395 fwd=151 rows=152966 fwd_ms=8585.8 eval=0 prior=0
[inst] req=237568 hits=80956 fwd=154 rows=156038 fwd_ms=8752.0 eval=0 prior=0
[inst] req=245760 hits=85738 fwd=157 rows=159110 fwd_ms=8918.3 eval=0 prior=0
[inst] req=253952 hits=90263 fwd=161 rows=163206 fwd_ms=9140.2 eval=0 prior=0
[inst] req=262144 hits=94165 fwd=165 rows=167302 fwd_ms=9362.0 eval=0 prior=0
[inst] req=270336 hits=97468 fwd=170 rows=172422 fwd_ms=9639.4 eval=0 prior=0
[inst] req=278528 hits=100356 fwd=175 rows=177542 fwd_ms=9916.9 eval=0 prior=0
[inst] req=286720 hits=103361 fwd=180 rows=182662 fwd_ms=10194.2 eval=0 prior=0
[inst] req=294912 hits=106285 fwd=185 rows=187782 fwd_ms=10471.6 eval=0 prior=0
[inst] req=303104 hits=109312 fwd=190 rows=192901 fwd_ms=10751.7 eval=0 prior=0
[inst] req=311296 hits=112628 fwd=195 rows=198021 fwd_ms=11029.4 eval=0 prior=0
[inst] req=319488 hits=115985 fwd=200 rows=203141 fwd_ms=11307.2 eval=0 prior=0
[inst] req=327680 hits=119396 fwd=205 rows=208261 fwd_ms=11585.0 eval=0 prior=0
[inst] req=335872 hits=122517 fwd=209 rows=212357 fwd_ms=11807.3 eval=0 prior=0
[inst] req=344064 hits=125429 fwd=215 rows=218501 fwd_ms=12154.3 eval=0 prior=0
[inst] req=352256 hits=128106 fwd=220 rows=223621 fwd_ms=12433.8 eval=0 prior=0
[inst] req=360448 hits=130525 fwd=226 rows=229765 fwd_ms=12770.6 eval=0 prior=0
[inst] req=368640 hits=132968 fwd=231 rows=234885 fwd_ms=13050.4 eval=0 prior=0
[inst] req=376832 hits=135391 fwd=237 rows=241029 fwd_ms=13386.4 eval=0 prior=0
[inst] req=385024 hits=137963 fwd=242 rows=246149 fwd_ms=13666.9 eval=0 prior=0
[inst] req=393216 hits=140398 fwd=248 rows=252293 fwd_ms=14000.1 eval=0 prior=0
[inst] req=401408 hits=142975 fwd=253 rows=257413 fwd_ms=14277.8 eval=0 prior=0
[inst] req=409600 hits=145693 fwd=259 rows=263557 fwd_ms=14611.2 eval=0 prior=0
[inst] req=417792 hits=148563 fwd=264 rows=268677 fwd_ms=14889.1 eval=0 prior=0
[inst] req=425984 hits=151447 fwd=269 rows=273797 fwd_ms=15166.9 eval=0 prior=0
[inst] req=434176 hits=154264 fwd=274 rows=278917 fwd_ms=15444.5 eval=0 prior=0
[inst] req=442368 hits=156836 fwd=280 rows=285061 fwd_ms=15776.4 eval=0 prior=0
[inst] req=450560 hits=159220 fwd=286 rows=291205 fwd_ms=16108.2 eval=0 prior=0
[inst] req=458752 hits=161567 fwd=291 rows=296325 fwd_ms=16387.5 eval=0 prior=0
[inst] req=466944 hits=163925 fwd=297 rows=302469 fwd_ms=16720.3 eval=0 prior=0
[inst] req=475136 hits=166347 fwd=303 rows=308613 fwd_ms=17052.9 eval=0 prior=0
[inst] req=483328 hits=168742 fwd=308 rows=313733 fwd_ms=17330.1 eval=0 prior=0
[inst] req=491520 hits=171247 fwd=314 rows=319876 fwd_ms=17698.7 eval=0 prior=0
[inst] req=499712 hits=173904 fwd=319 rows=324996 fwd_ms=18045.9 eval=0 prior=0
[inst] req=507904 hits=176693 fwd=325 rows=331140 fwd_ms=18463.4 eval=0 prior=0
[inst] req=516096 hits=179366 fwd=330 rows=336260 fwd_ms=18811.3 eval=0 prior=0
[inst] req=524288 hits=181947 fwd=335 rows=341380 fwd_ms=19158.9 eval=0 prior=0
[inst] req=532480 hits=184394 fwd=341 rows=347524 fwd_ms=19575.8 eval=0 prior=0
[inst] req=540672 hits=186717 fwd=347 rows=353668 fwd_ms=19975.9 eval=0 prior=0
[inst] req=548864 hits=189015 fwd=353 rows=359812 fwd_ms=20313.0 eval=0 prior=0
[inst] req=557056 hits=191290 fwd=358 rows=364932 fwd_ms=20592.4 eval=0 prior=0
[inst] req=565248 hits=193372 fwd=364 rows=371076 fwd_ms=20934.3 eval=0 prior=0
[inst] req=573440 hits=195546 fwd=370 rows=377220 fwd_ms=21266.6 eval=0 prior=0
[inst] req=581632 hits=197941 fwd=376 rows=383364 fwd_ms=21646.5 eval=0 prior=0
[inst] req=589824 hits=200499 fwd=381 rows=388484 fwd_ms=21982.9 eval=0 prior=0
[inst] req=598016 hits=203218 fwd=387 rows=394628 fwd_ms=22386.3 eval=0 prior=0
[inst] req=606208 hits=206058 fwd=392 rows=399748 fwd_ms=22722.4 eval=0 prior=0
[inst] req=614400 hits=208815 fwd=397 rows=404868 fwd_ms=23058.5 eval=0 prior=0
[inst] req=622592 hits=211384 fwd=403 rows=411012 fwd_ms=23461.9 eval=0 prior=0
[inst] req=630784 hits=213817 fwd=408 rows=416132 fwd_ms=23798.1 eval=0 prior=0
[inst] req=638976 hits=216081 fwd=414 rows=422276 fwd_ms=24201.5 eval=0 prior=0
[inst] req=647168 hits=218196 fwd=420 rows=428420 fwd_ms=24605.1 eval=0 prior=0
[inst] req=655360 hits=220323 fwd=426 rows=434564 fwd_ms=25008.7 eval=0 prior=0
[inst] req=663552 hits=222537 fwd=432 rows=440708 fwd_ms=25412.4 eval=0 prior=0
[inst] req=671744 hits=224946 fwd=437 rows=445828 fwd_ms=25748.6 eval=0 prior=0
[inst] req=679936 hits=227587 fwd=443 rows=451972 fwd_ms=26152.5 eval=0 prior=0
[inst] req=688128 hits=230315 fwd=448 rows=457092 fwd_ms=26489.0 eval=0 prior=0
[inst] req=696320 hits=233005 fwd=454 rows=463236 fwd_ms=26892.8 eval=0 prior=0
[inst] req=704512 hits=235637 fwd=459 rows=468356 fwd_ms=27229.4 eval=0 prior=0
[inst] req=712704 hits=238084 fwd=465 rows=474500 fwd_ms=27633.0 eval=0 prior=0
[inst] req=720896 hits=240424 fwd=470 rows=479620 fwd_ms=27969.5 eval=0 prior=0
[inst] req=729088 hits=242817 fwd=476 rows=485752 fwd_ms=28346.9 eval=0 prior=0
[inst] req=737280 hits=245042 fwd=482 rows=491896 fwd_ms=28680.1 eval=0 prior=0
[inst] req=745472 hits=247119 fwd=488 rows=498040 fwd_ms=29013.3 eval=0 prior=0
[inst] req=753664 hits=249343 fwd=494 rows=504184 fwd_ms=29346.6 eval=0 prior=0
[inst] req=761856 hits=251714 fwd=499 rows=509304 fwd_ms=29636.2 eval=0 prior=0
[inst] req=770048 hits=254302 fwd=505 rows=515448 fwd_ms=29969.6 eval=0 prior=0
[inst] req=778240 hits=256996 fwd=510 rows=520568 fwd_ms=30247.3 eval=0 prior=0
[inst] req=786432 hits=259677 fwd=516 rows=526712 fwd_ms=30580.7 eval=0 prior=0
[inst] req=794624 hits=262302 fwd=521 rows=531832 fwd_ms=30858.8 eval=0 prior=0
[inst] req=802816 hits=264860 fwd=526 rows=536952 fwd_ms=31137.0 eval=0 prior=0
[inst] req=811008 hits=267241 fwd=532 rows=543096 fwd_ms=31470.9 eval=0 prior=0
[inst] req=819200 hits=269371 fwd=538 rows=549240 fwd_ms=31805.2 eval=0 prior=0
[inst] req=827392 hits=271400 fwd=544 rows=555384 fwd_ms=32139.7 eval=0 prior=0
[inst] req=835584 hits=273490 fwd=550 rows=561528 fwd_ms=32474.1 eval=0 prior=0
[inst] req=843776 hits=275764 fwd=556 rows=567672 fwd_ms=32808.7 eval=0 prior=0
[inst] req=851968 hits=278208 fwd=561 rows=572792 fwd_ms=33087.6 eval=0 prior=0
[inst] req=860160 hits=280924 fwd=567 rows=578936 fwd_ms=33434.6 eval=0 prior=0
[inst] req=868352 hits=283623 fwd=572 rows=584056 fwd_ms=33736.5 eval=0 prior=0
[inst] req=876544 hits=286332 fwd=578 rows=590200 fwd_ms=34084.5 eval=0 prior=0
[inst] req=884736 hits=288894 fwd=583 rows=595320 fwd_ms=34409.9 eval=0 prior=0
[inst] req=892928 hits=291344 fwd=589 rows=601464 fwd_ms=34790.0 eval=0 prior=0
[inst] req=901120 hits=293738 fwd=594 rows=606584 fwd_ms=35126.5 eval=0 prior=0
[inst] req=909312 hits=295955 fwd=600 rows=612728 fwd_ms=35483.1 eval=0 prior=0
[inst] req=917504 hits=298059 fwd=606 rows=618872 fwd_ms=35887.3 eval=0 prior=0
[inst] req=925696 hits=300188 fwd=612 rows=625016 fwd_ms=36291.3 eval=0 prior=0
[inst] req=933888 hits=302418 fwd=618 rows=631160 fwd_ms=36695.2 eval=0 prior=0
[inst] req=942080 hits=304885 fwd=623 rows=636280 fwd_ms=37031.6 eval=0 prior=0
[inst] req=950272 hits=307573 fwd=629 rows=642424 fwd_ms=37435.3 eval=0 prior=0
[inst] req=958464 hits=310479 fwd=634 rows=647544 fwd_ms=37771.8 eval=0 prior=0
[inst] req=966656 hits=313394 fwd=639 rows=652664 fwd_ms=38108.3 eval=0 prior=0
[inst] req=974848 hits=316263 fwd=644 rows=657784 fwd_ms=38433.2 eval=0 prior=0
[inst] req=983040 hits=319175 fwd=649 rows=662904 fwd_ms=38770.1 eval=0 prior=0
[inst] req=991232 hits=322011 fwd=655 rows=669048 fwd_ms=39174.0 eval=0 prior=0
[inst] req=999424 hits=324733 fwd=660 rows=674168 fwd_ms=39510.5 eval=0 prior=0
[inst] req=1007616 hits=327324 fwd=665 rows=679288 fwd_ms=39847.2 eval=0 prior=0
[inst] req=1015808 hits=329773 fwd=671 rows=685432 fwd_ms=40251.1 eval=0 prior=0
[inst] req=1024000 hits=332291 fwd=677 rows=691576 fwd_ms=40655.0 eval=0 prior=0
[inst] req=1032192 hits=334867 fwd=682 rows=696696 fwd_ms=40991.6 eval=0 prior=0
[inst] req=1040384 hits=337634 fwd=687 rows=701816 fwd_ms=41328.0 eval=0 prior=0
[inst] req=1048576 hits=340437 fwd=693 rows=707960 fwd_ms=41731.8 eval=0 prior=0
[inst] req=1056768 hits=343323 fwd=698 rows=713080 fwd_ms=42068.2 eval=0 prior=0
[inst] req=1064960 hits=346217 fwd=703 rows=718200 fwd_ms=42405.1 eval=0 prior=0
[inst] req=1073152 hits=349019 fwd=708 rows=723320 fwd_ms=42742.0 eval=0 prior=0
[inst] req=1081344 hits=351704 fwd=714 rows=729447 fwd_ms=43142.3 eval=0 prior=0
[inst] req=1089536 hits=354350 fwd=719 rows=734567 fwd_ms=43480.2 eval=0 prior=0
[inst] req=1097728 hits=356850 fwd=725 rows=740711 fwd_ms=43885.5 eval=0 prior=0
[inst] req=1105920 hits=359310 fwd=730 rows=745831 fwd_ms=44190.3 eval=0 prior=0
[inst] req=1114112 hits=361905 fwd=736 rows=751975 fwd_ms=44525.4 eval=0 prior=0
[inst] req=1122304 hits=364539 fwd=741 rows=757095 fwd_ms=44804.5 eval=0 prior=0
[inst] req=1130496 hits=367280 fwd=746 rows=762215 fwd_ms=45082.6 eval=0 prior=0
[inst] req=1138688 hits=370050 fwd=752 rows=768359 fwd_ms=45416.4 eval=0 prior=0
[inst] req=1146880 hits=372946 fwd=757 rows=773479 fwd_ms=45694.4 eval=0 prior=0
[inst] req=1155072 hits=375820 fwd=762 rows=778599 fwd_ms=45972.7 eval=0 prior=0
[inst] req=1163264 hits=378647 fwd=767 rows=783719 fwd_ms=46251.0 eval=0 prior=0
[inst] req=1171456 hits=381337 fwd=773 rows=789859 fwd_ms=46651.7 eval=0 prior=0
[inst] req=1179648 hits=383980 fwd=778 rows=794979 fwd_ms=47003.4 eval=0 prior=0
[inst] req=1187840 hits=386424 fwd=784 rows=801123 fwd_ms=47424.9 eval=0 prior=0
[inst] req=1196032 hits=388879 fwd=789 rows=806243 fwd_ms=47776.8 eval=0 prior=0
[inst] req=1204224 hits=391491 fwd=795 rows=812387 fwd_ms=48198.9 eval=0 prior=0
[inst] req=1212416 hits=394166 fwd=800 rows=817507 fwd_ms=48550.7 eval=0 prior=0
[inst] req=1220608 hits=397023 fwd=805 rows=822627 fwd_ms=48902.6 eval=0 prior=0
[inst] req=1228800 hits=399913 fwd=811 rows=828771 fwd_ms=49325.1 eval=0 prior=0
[inst] req=1236992 hits=402807 fwd=816 rows=833891 fwd_ms=49676.8 eval=0 prior=0
[inst] req=1245184 hits=405610 fwd=821 rows=839011 fwd_ms=50028.8 eval=0 prior=0
[inst] req=1253376 hits=408328 fwd=826 rows=844131 fwd_ms=50381.2 eval=0 prior=0
[inst] req=1261568 hits=411007 fwd=832 rows=850275 fwd_ms=50803.4 eval=0 prior=0
[inst] req=1269760 hits=413712 fwd=837 rows=855395 fwd_ms=51155.2 eval=0 prior=0
[inst] req=1277952 hits=416179 fwd=843 rows=861539 fwd_ms=51577.1 eval=0 prior=0
[inst] req=1286144 hits=418597 fwd=848 rows=866659 fwd_ms=51928.7 eval=0 prior=0
[inst] req=1294336 hits=421164 fwd=854 rows=872803 fwd_ms=52350.8 eval=0 prior=0
[inst] req=1302528 hits=423817 fwd=859 rows=877923 fwd_ms=52702.5 eval=0 prior=0
[inst] req=1310720 hits=426564 fwd=865 rows=884067 fwd_ms=53124.4 eval=0 prior=0
[inst] req=1318912 hits=429438 fwd=870 rows=889187 fwd_ms=53476.4 eval=0 prior=0
[inst] req=1327104 hits=432368 fwd=875 rows=894307 fwd_ms=53828.5 eval=0 prior=0
[inst] req=1335296 hits=435174 fwd=880 rows=899427 fwd_ms=54180.4 eval=0 prior=0
[inst] req=1343488 hits=437959 fwd=885 rows=904547 fwd_ms=54532.3 eval=0 prior=0
[inst] req=1351680 hits=440559 fwd=891 rows=910691 fwd_ms=54954.5 eval=0 prior=0
[inst] req=1359872 hits=442990 fwd=897 rows=916835 fwd_ms=55376.6 eval=0 prior=0
[inst] req=1368064 hits=445425 fwd=902 rows=921955 fwd_ms=55728.5 eval=0 prior=0
[inst] req=1376256 hits=447904 fwd=908 rows=928099 fwd_ms=56151.0 eval=0 prior=0
[inst] req=1384448 hits=450513 fwd=913 rows=933219 fwd_ms=56503.0 eval=0 prior=0
[inst] req=1392640 hits=453206 fwd=919 rows=939363 fwd_ms=56925.5 eval=0 prior=0
[inst] req=1400832 hits=455999 fwd=924 rows=944483 fwd_ms=57277.6 eval=0 prior=0
[inst] req=1409024 hits=458895 fwd=929 rows=949603 fwd_ms=57629.6 eval=0 prior=0
[inst] req=1417216 hits=461725 fwd=934 rows=954723 fwd_ms=57982.0 eval=0 prior=0
[inst] req=1425408 hits=464437 fwd=940 rows=960867 fwd_ms=58404.8 eval=0 prior=0
[inst] req=1433600 hits=467077 fwd=945 rows=965987 fwd_ms=58757.2 eval=0 prior=0
[inst] req=1441792 hits=469620 fwd=951 rows=972131 fwd_ms=59180.1 eval=0 prior=0
[inst] req=1449984 hits=472041 fwd=956 rows=977251 fwd_ms=59532.2 eval=0 prior=0
[inst] req=1458176 hits=474478 fwd=962 rows=983395 fwd_ms=59954.6 eval=0 prior=0
[inst] req=1466368 hits=476904 fwd=967 rows=988515 fwd_ms=60306.7 eval=0 prior=0
[inst] req=1474560 hits=479542 fwd=973 rows=994659 fwd_ms=60729.0 eval=0 prior=0
[inst] req=1482752 hits=482240 fwd=978 rows=999779 fwd_ms=61081.1 eval=0 prior=0
[inst] req=1490944 hits=485033 fwd=983 rows=1004899 fwd_ms=61433.2 eval=0 prior=0
[inst] req=1499136 hits=487756 fwd=989 rows=1011042 fwd_ms=61852.7 eval=0 prior=0
[inst] req=1507328 hits=490500 fwd=994 rows=1016162 fwd_ms=62204.9 eval=0 prior=0
[inst] req=1515520 hits=493238 fwd=999 rows=1021282 fwd_ms=62556.8 eval=0 prior=0
[inst] req=1523712 hits=495951 fwd=1005 rows=1027426 fwd_ms=62979.0 eval=0 prior=0
[inst] req=1531904 hits=498456 fwd=1010 rows=1032546 fwd_ms=63331.0 eval=0 prior=0
[inst] req=1540096 hits=500915 fwd=1016 rows=1038690 fwd_ms=63753.3 eval=0 prior=0
[inst] req=1548288 hits=503420 fwd=1022 rows=1044834 fwd_ms=64175.7 eval=0 prior=0
[inst] req=1556480 hits=506002 fwd=1027 rows=1049954 fwd_ms=64527.7 eval=0 prior=0
[inst] req=1564672 hits=508677 fwd=1032 rows=1055074 fwd_ms=64880.0 eval=0 prior=0
[inst] req=1572864 hits=511395 fwd=1038 rows=1061218 fwd_ms=65302.5 eval=0 prior=0
[inst] req=1581056 hits=514256 fwd=1043 rows=1066338 fwd_ms=65654.7 eval=0 prior=0
[inst] req=1589248 hits=517023 fwd=1048 rows=1071458 fwd_ms=66006.6 eval=0 prior=0
[inst] req=1597440 hits=519764 fwd=1054 rows=1077602 fwd_ms=66429.0 eval=0 prior=0
[inst] req=1605632 hits=522356 fwd=1059 rows=1082722 fwd_ms=66781.1 eval=0 prior=0
[inst] req=1613824 hits=524841 fwd=1065 rows=1088866 fwd_ms=67203.5 eval=0 prior=0
[inst] req=1622016 hits=527223 fwd=1070 rows=1093986 fwd_ms=67552.9 eval=0 prior=0
[inst] req=1630208 hits=529605 fwd=1076 rows=1100130 fwd_ms=67971.5 eval=0 prior=0
[inst] req=1638400 hits=531983 fwd=1082 rows=1106274 fwd_ms=68390.0 eval=0 prior=0
[inst] req=1646592 hits=534491 fwd=1087 rows=1111394 fwd_ms=68738.8 eval=0 prior=0
[inst] req=1654784 hits=537182 fwd=1093 rows=1117538 fwd_ms=69157.6 eval=0 prior=0
[inst] req=1662976 hits=539877 fwd=1098 rows=1122658 fwd_ms=69506.6 eval=0 prior=0
[inst] req=1671168 hits=542598 fwd=1103 rows=1127778 fwd_ms=69855.5 eval=0 prior=0
[inst] req=1679360 hits=545339 fwd=1109 rows=1133922 fwd_ms=70274.4 eval=0 prior=0
[inst] req=1687552 hits=548007 fwd=1114 rows=1139042 fwd_ms=70623.5 eval=0 prior=0
[inst] req=1695744 hits=550703 fwd=1119 rows=1144162 fwd_ms=70972.7 eval=0 prior=0
[inst] req=1703936 hits=553184 fwd=1125 rows=1150306 fwd_ms=71391.3 eval=0 prior=0
[inst] req=1712128 hits=555573 fwd=1131 rows=1156450 fwd_ms=71810.3 eval=0 prior=0
[inst] req=1720320 hits=558045 fwd=1136 rows=1161570 fwd_ms=72159.8 eval=0 prior=0
[inst] req=1728512 hits=560537 fwd=1142 rows=1167714 fwd_ms=72536.0 eval=0 prior=0
[inst] req=1736704 hits=563070 fwd=1147 rows=1172834 fwd_ms=72813.9 eval=0 prior=0
[inst] req=1744896 hits=565799 fwd=1153 rows=1178978 fwd_ms=73147.5 eval=0 prior=0
[inst] req=1753088 hits=568645 fwd=1158 rows=1184098 fwd_ms=73425.3 eval=0 prior=0
[inst] req=1761280 hits=571407 fwd=1163 rows=1189218 fwd_ms=73703.2 eval=0 prior=0
[inst] req=1769472 hits=574088 fwd=1169 rows=1195362 fwd_ms=74036.8 eval=0 prior=0
[inst] req=1777664 hits=576756 fwd=1174 rows=1200481 fwd_ms=74314.8 eval=0 prior=0
[inst] req=1785856 hits=579472 fwd=1179 rows=1205601 fwd_ms=74610.7 eval=0 prior=0
[inst] req=1794048 hits=581951 fwd=1185 rows=1211745 fwd_ms=74944.8 eval=0 prior=0
[inst] req=1802240 hits=584479 fwd=1190 rows=1216865 fwd_ms=75223.2 eval=0 prior=0
[inst] req=1810432 hits=586956 fwd=1196 rows=1223009 fwd_ms=75557.5 eval=0 prior=0
[inst] req=1818624 hits=589407 fwd=1202 rows=1229153 fwd_ms=75891.8 eval=0 prior=0
[inst] req=1826816 hits=592064 fwd=1207 rows=1234273 fwd_ms=76170.4 eval=0 prior=0
[inst] req=1835008 hits=594802 fwd=1212 rows=1239393 fwd_ms=76449.0 eval=0 prior=0
[inst] req=1843200 hits=597516 fwd=1218 rows=1245537 fwd_ms=76783.9 eval=0 prior=0
[inst] req=1851392 hits=600290 fwd=1223 rows=1250657 fwd_ms=77062.3 eval=0 prior=0
[inst] req=1859584 hits=603073 fwd=1228 rows=1255777 fwd_ms=77340.4 eval=0 prior=0
[inst] req=1867776 hits=605685 fwd=1234 rows=1261921 fwd_ms=77674.0 eval=0 prior=0
[inst] req=1875968 hits=608152 fwd=1239 rows=1267041 fwd_ms=77951.9 eval=0 prior=0
[inst] req=1884160 hits=610528 fwd=1245 rows=1273185 fwd_ms=78288.2 eval=0 prior=0
[inst] req=1892352 hits=612905 fwd=1251 rows=1279329 fwd_ms=78622.0 eval=0 prior=0
[inst] req=1900544 hits=615333 fwd=1256 rows=1284449 fwd_ms=78899.9 eval=0 prior=0
[inst] req=1908736 hits=617966 fwd=1262 rows=1290593 fwd_ms=79233.5 eval=0 prior=0
[inst] req=1916928 hits=620670 fwd=1267 rows=1295713 fwd_ms=79511.6 eval=0 prior=0
[inst] req=1925120 hits=623440 fwd=1272 rows=1300833 fwd_ms=79789.6 eval=0 prior=0
[inst] req=1933312 hits=626302 fwd=1278 rows=1306977 fwd_ms=80123.2 eval=0 prior=0
[inst] req=1941504 hits=629205 fwd=1283 rows=1312097 fwd_ms=80401.2 eval=0 prior=0
[inst] req=1949696 hits=631882 fwd=1288 rows=1317217 fwd_ms=80679.3 eval=0 prior=0
[inst] req=1957888 hits=634503 fwd=1294 rows=1323361 fwd_ms=81012.9 eval=0 prior=0
[inst] req=1966080 hits=636984 fwd=1299 rows=1328481 fwd_ms=81291.0 eval=0 prior=0
[inst] req=1974272 hits=639402 fwd=1305 rows=1334625 fwd_ms=81625.1 eval=0 prior=0
[inst] req=1982464 hits=641815 fwd=1310 rows=1339745 fwd_ms=81905.8 eval=0 prior=0
[inst] req=1990656 hits=644279 fwd=1316 rows=1345889 fwd_ms=82240.5 eval=0 prior=0
[inst] req=1998848 hits=646896 fwd=1321 rows=1351009 fwd_ms=82518.4 eval=0 prior=0
[inst] req=2007040 hits=649584 fwd=1327 rows=1357153 fwd_ms=82852.0 eval=0 prior=0
[inst] req=2015232 hits=652356 fwd=1332 rows=1362273 fwd_ms=83132.9 eval=0 prior=0
[inst] req=2023424 hits=655001 fwd=1338 rows=1368417 fwd_ms=83467.2 eval=0 prior=0
[inst] req=2031616 hits=657675 fwd=1343 rows=1373537 fwd_ms=83745.8 eval=0 prior=0
[inst] req=2039808 hits=660394 fwd=1348 rows=1378657 fwd_ms=84027.6 eval=0 prior=0
[inst] req=2048000 hits=662957 fwd=1354 rows=1384801 fwd_ms=84362.5 eval=0 prior=0
[inst] req=2056192 hits=665437 fwd=1359 rows=1389921 fwd_ms=84641.5 eval=0 prior=0
[inst] req=2064384 hits=667851 fwd=1365 rows=1396065 fwd_ms=84976.2 eval=0 prior=0
[inst] req=2072576 hits=670349 fwd=1371 rows=1402209 fwd_ms=85310.0 eval=0 prior=0
[inst] req=2080768 hits=672885 fwd=1376 rows=1407329 fwd_ms=85588.1 eval=0 prior=0
[inst] req=2088960 hits=675497 fwd=1381 rows=1412449 fwd_ms=85866.1 eval=0 prior=0
[inst] req=2097152 hits=678274 fwd=1387 rows=1418593 fwd_ms=86199.8 eval=0 prior=0
[inst] req=2105344 hits=681137 fwd=1392 rows=1423713 fwd_ms=86477.8 eval=0 prior=0
[inst] req=2113536 hits=683956 fwd=1397 rows=1428833 fwd_ms=86755.9 eval=0 prior=0
[inst] req=2121728 hits=686663 fwd=1403 rows=1434977 fwd_ms=87089.6 eval=0 prior=0
[inst] req=2129920 hits=689337 fwd=1408 rows=1440097 fwd_ms=87367.7 eval=0 prior=0
[inst] req=2138112 hits=691872 fwd=1413 rows=1445217 fwd_ms=87645.7 eval=0 prior=0
[inst] req=2146304 hits=694353 fwd=1419 rows=1451361 fwd_ms=87979.5 eval=0 prior=0
[inst] req=2154496 hits=696897 fwd=1425 rows=1457505 fwd_ms=88313.2 eval=0 prior=0
[inst] req=2162688 hits=699295 fwd=1430 rows=1462625 fwd_ms=88591.2 eval=0 prior=0
[inst] req=2170880 hits=701862 fwd=1436 rows=1468769 fwd_ms=88924.8 eval=0 prior=0
[inst] req=2179072 hits=704473 fwd=1441 rows=1473889 fwd_ms=89202.8 eval=0 prior=0
[inst] req=2187264 hits=707185 fwd=1447 rows=1480033 fwd_ms=89539.3 eval=0 prior=0
[inst] req=2195456 hits=709891 fwd=1452 rows=1485153 fwd_ms=89818.0 eval=0 prior=0
[inst] req=2203648 hits=712703 fwd=1457 rows=1490273 fwd_ms=90099.3 eval=0 prior=0
[inst] req=2211840 hits=715407 fwd=1463 rows=1496417 fwd_ms=90434.4 eval=0 prior=0
[inst] req=2220032 hits=718016 fwd=1468 rows=1501537 fwd_ms=90713.6 eval=0 prior=0
[inst] req=2228224 hits=720560 fwd=1473 rows=1506657 fwd_ms=90992.6 eval=0 prior=0
[inst] req=2236416 hits=722973 fwd=1479 rows=1512801 fwd_ms=91327.6 eval=0 prior=0
[inst] req=2244608 hits=725466 fwd=1485 rows=1518945 fwd_ms=91662.6 eval=0 prior=0
[inst] req=2252800 hits=728034 fwd=1490 rows=1524065 fwd_ms=91941.7 eval=0 prior=0
[inst] req=2260992 hits=730628 fwd=1496 rows=1530209 fwd_ms=92276.5 eval=0 prior=0
[inst] req=2269184 hits=733254 fwd=1501 rows=1535329 fwd_ms=92555.8 eval=0 prior=0
[inst] req=2277376 hits=735947 fwd=1506 rows=1540449 fwd_ms=92835.2 eval=0 prior=0
[inst] req=2285568 hits=738676 fwd=1512 rows=1546593 fwd_ms=93170.2 eval=0 prior=0
[inst] req=2293760 hits=741316 fwd=1517 rows=1551713 fwd_ms=93449.5 eval=0 prior=0
[inst] req=2301952 hits=743906 fwd=1523 rows=1557857 fwd_ms=93784.7 eval=0 prior=0
[inst] req=2310144 hits=746516 fwd=1528 rows=1562977 fwd_ms=94063.6 eval=0 prior=0
[inst] req=2318336 hits=749123 fwd=1534 rows=1569121 fwd_ms=94398.7 eval=0 prior=0
[inst] req=2326528 hits=751643 fwd=1539 rows=1574241 fwd_ms=94677.8 eval=0 prior=0
[inst] req=2334720 hits=754180 fwd=1545 rows=1580385 fwd_ms=95012.6 eval=0 prior=0
[inst] req=2342912 hits=756823 fwd=1550 rows=1585505 fwd_ms=95291.5 eval=0 prior=0
[inst] req=2351104 hits=759486 fwd=1555 rows=1590625 fwd_ms=95574.1 eval=0 prior=0
[inst] req=2359296 hits=762137 fwd=1561 rows=1596769 fwd_ms=95910.0 eval=0 prior=0
[inst] req=2367488 hits=764790 fwd=1566 rows=1601889 fwd_ms=96189.7 eval=0 prior=0
[inst] req=2375680 hits=767312 fwd=1572 rows=1608033 fwd_ms=96525.4 eval=0 prior=0
[inst] req=2383872 hits=769889 fwd=1577 rows=1613153 fwd_ms=96805.3 eval=0 prior=0
[inst] req=2392064 hits=772510 fwd=1583 rows=1619297 fwd_ms=97141.2 eval=0 prior=0
[inst] req=2400256 hits=775019 fwd=1588 rows=1624417 fwd_ms=97420.9 eval=0 prior=0
[inst] req=2408448 hits=777406 fwd=1594 rows=1630561 fwd_ms=97756.8 eval=0 prior=0
[inst] req=2416640 hits=779886 fwd=1600 rows=1636705 fwd_ms=98092.3 eval=0 prior=0
[inst] req=2424832 hits=782407 fwd=1605 rows=1641825 fwd_ms=98372.0 eval=0 prior=0
[inst] req=2433024 hits=784896 fwd=1611 rows=1647969 fwd_ms=98707.6 eval=0 prior=0
[inst] req=2441216 hits=787476 fwd=1616 rows=1653089 fwd_ms=98987.4 eval=0 prior=0
[inst] req=2449408 hits=790247 fwd=1621 rows=1658209 fwd_ms=99267.3 eval=0 prior=0
[inst] req=2457600 hits=792940 fwd=1627 rows=1664353 fwd_ms=99603.0 eval=0 prior=0
[inst] req=2465792 hits=795581 fwd=1632 rows=1669473 fwd_ms=99882.7 eval=0 prior=0
[inst] req=2473984 hits=798145 fwd=1638 rows=1675617 fwd_ms=100218.2 eval=0 prior=0
[inst] req=2482176 hits=800687 fwd=1643 rows=1680737 fwd_ms=100497.9 eval=0 prior=0
[inst] req=2490368 hits=803094 fwd=1649 rows=1686881 fwd_ms=100833.6 eval=0 prior=0
[inst] req=2498560 hits=805689 fwd=1654 rows=1692001 fwd_ms=101113.3 eval=0 prior=0
[inst] req=2506752 hits=808307 fwd=1660 rows=1698145 fwd_ms=101448.8 eval=0 prior=0
[inst] req=2514944 hits=810805 fwd=1665 rows=1703265 fwd_ms=101728.5 eval=0 prior=0
[inst] req=2523136 hits=813372 fwd=1671 rows=1709409 fwd_ms=102064.2 eval=0 prior=0
[inst] req=2531328 hits=815984 fwd=1676 rows=1714529 fwd_ms=102343.9 eval=0 prior=0
[inst] req=2539520 hits=818671 fwd=1682 rows=1720673 fwd_ms=102679.7 eval=0 prior=0
[inst] req=2547712 hits=821363 fwd=1687 rows=1725793 fwd_ms=102959.4 eval=0 prior=0
[inst] req=2555904 hits=824053 fwd=1692 rows=1730913 fwd_ms=103239.3 eval=0 prior=0
[inst] req=2564096 hits=826570 fwd=1698 rows=1737057 fwd_ms=103574.9 eval=0 prior=0
[inst] req=2572288 hits=829029 fwd=1704 rows=1743201 fwd_ms=103910.7 eval=0 prior=0
[inst] req=2580480 hits=831540 fwd=1709 rows=1748321 fwd_ms=104190.6 eval=0 prior=0
[inst] req=2588672 hits=833998 fwd=1715 rows=1754465 fwd_ms=104526.4 eval=0 prior=0
[inst] req=2596864 hits=836420 fwd=1720 rows=1759585 fwd_ms=104806.2 eval=0 prior=0
[inst] req=2605056 hits=838956 fwd=1726 rows=1765729 fwd_ms=105141.9 eval=0 prior=0
[inst] req=2613248 hits=841493 fwd=1731 rows=1770849 fwd_ms=105422.0 eval=0 prior=0
[inst] req=2621440 hits=844134 fwd=1737 rows=1776993 fwd_ms=105758.1 eval=0 prior=0
[inst] req=2629632 hits=846768 fwd=1742 rows=1782113 fwd_ms=106038.1 eval=0 prior=0
[inst] req=2637824 hits=849366 fwd=1748 rows=1788257 fwd_ms=106373.8 eval=0 prior=0
[inst] req=2646016 hits=852045 fwd=1753 rows=1793377 fwd_ms=106653.8 eval=0 prior=0
[inst] req=2654208 hits=854618 fwd=1759 rows=1799521 fwd_ms=106989.9 eval=0 prior=0
[inst] req=2662400 hits=857192 fwd=1764 rows=1804641 fwd_ms=107269.7 eval=0 prior=0
[inst] req=2670592 hits=859700 fwd=1770 rows=1810785 fwd_ms=107605.9 eval=0 prior=0
[inst] req=2678784 hits=862173 fwd=1775 rows=1815905 fwd_ms=107885.7 eval=0 prior=0
[inst] req=2686976 hits=864723 fwd=1781 rows=1822049 fwd_ms=108221.3 eval=0 prior=0
[inst] req=2695168 hits=867339 fwd=1786 rows=1827169 fwd_ms=108501.2 eval=0 prior=0
[inst] req=2703360 hits=870069 fwd=1791 rows=1832289 fwd_ms=108817.8 eval=0 prior=0
[inst] req=2711552 hits=872682 fwd=1797 rows=1838433 fwd_ms=109202.2 eval=0 prior=0
[inst] req=2719744 hits=875264 fwd=1802 rows=1843553 fwd_ms=109501.5 eval=0 prior=0
[inst] req=2727936 hits=877813 fwd=1808 rows=1849697 fwd_ms=109846.6 eval=0 prior=0
[inst] req=2736128 hits=880330 fwd=1813 rows=1854817 fwd_ms=110155.4 eval=0 prior=0
[inst] req=2744320 hits=882964 fwd=1819 rows=1860961 fwd_ms=110490.6 eval=0 prior=0
[inst] req=2752512 hits=885476 fwd=1824 rows=1866081 fwd_ms=110779.8 eval=0 prior=0
[inst] req=2760704 hits=887975 fwd=1830 rows=1872225 fwd_ms=111113.9 eval=0 prior=0
[inst] req=2768896 hits=890488 fwd=1836 rows=1878369 fwd_ms=111477.5 eval=0 prior=0
[inst] req=2777088 hits=893013 fwd=1841 rows=1883489 fwd_ms=111775.4 eval=0 prior=0
[inst] req=2785280 hits=895615 fwd=1847 rows=1889633 fwd_ms=112129.9 eval=0 prior=0
[inst] req=2793472 hits=898249 fwd=1852 rows=1894753 fwd_ms=112457.4 eval=0 prior=0
[inst] req=2801664 hits=900888 fwd=1857 rows=1899873 fwd_ms=112756.7 eval=0 prior=0
[inst] req=2809856 hits=903459 fwd=1863 rows=1906017 fwd_ms=113141.6 eval=0 prior=0
[inst] req=2818048 hits=905979 fwd=1868 rows=1911137 fwd_ms=113470.2 eval=0 prior=0
[inst] req=2826240 hits=908482 fwd=1874 rows=1917281 fwd_ms=113835.7 eval=0 prior=0
[inst] req=2834432 hits=910972 fwd=1880 rows=1923425 fwd_ms=114200.9 eval=0 prior=0
[inst] req=2842624 hits=913459 fwd=1885 rows=1928545 fwd_ms=114490.7 eval=0 prior=0
[inst] req=2850816 hits=915977 fwd=1891 rows=1934689 fwd_ms=114826.7 eval=0 prior=0
[inst] req=2859008 hits=918591 fwd=1896 rows=1939809 fwd_ms=115136.0 eval=0 prior=0
[inst] req=2867200 hits=921277 fwd=1901 rows=1944929 fwd_ms=115454.9 eval=0 prior=0
[inst] req=2875392 hits=923939 fwd=1907 rows=1951073 fwd_ms=115829.2 eval=0 prior=0
[inst] req=2883584 hits=926586 fwd=1912 rows=1956193 fwd_ms=116137.8 eval=0 prior=0
[inst] req=2891776 hits=929198 fwd=1918 rows=1962337 fwd_ms=116531.6 eval=0 prior=0
[inst] req=2899968 hits=931785 fwd=1923 rows=1967457 fwd_ms=116840.9 eval=0 prior=0
[inst] req=2908160 hits=934283 fwd=1929 rows=1973601 fwd_ms=117235.0 eval=0 prior=0
[inst] req=2916352 hits=936899 fwd=1934 rows=1978721 fwd_ms=117563.1 eval=0 prior=0
[inst] req=2924544 hits=939427 fwd=1940 rows=1984865 fwd_ms=117947.1 eval=0 prior=0
[inst] req=2932736 hits=941872 fwd=1945 rows=1989985 fwd_ms=118246.6 eval=0 prior=0
[inst] req=2940928 hits=944381 fwd=1951 rows=1996129 fwd_ms=118611.3 eval=0 prior=0
[inst] req=2949120 hits=946941 fwd=1956 rows=2001249 fwd_ms=118929.3 eval=0 prior=0
[inst] req=2957312 hits=949748 fwd=1962 rows=2007393 fwd_ms=119278.1 eval=0 prior=0
[inst] req=2965504 hits=952382 fwd=1967 rows=2012513 fwd_ms=119586.8 eval=0 prior=0
[inst] req=2973696 hits=954992 fwd=1973 rows=2018657 fwd_ms=119961.5 eval=0 prior=0
[inst] req=2981888 hits=957684 fwd=1978 rows=2023777 fwd_ms=120270.2 eval=0 prior=0
[inst] req=2990080 hits=960258 fwd=1983 rows=2028897 fwd_ms=120569.4 eval=0 prior=0
[inst] req=2998272 hits=962840 fwd=1989 rows=2035041 fwd_ms=120905.5 eval=0 prior=0
[inst] req=3006464 hits=965327 fwd=1994 rows=2040161 fwd_ms=121185.6 eval=0 prior=0
[inst] req=3014656 hits=967891 fwd=2000 rows=2046305 fwd_ms=121531.3 eval=0 prior=0
[inst] req=3022848 hits=970442 fwd=2005 rows=2051425 fwd_ms=121811.5 eval=0 prior=0
[inst] req=3031040 hits=973019 fwd=2011 rows=2057569 fwd_ms=122147.7 eval=0 prior=0
[inst] req=3039232 hits=975652 fwd=2016 rows=2062689 fwd_ms=122466.6 eval=0 prior=0
[inst] req=3047424 hits=978261 fwd=2022 rows=2068833 fwd_ms=122850.8 eval=0 prior=0
[inst] req=3055616 hits=980875 fwd=2027 rows=2073953 fwd_ms=123169.1 eval=0 prior=0
[inst] req=3063808 hits=983472 fwd=2033 rows=2080097 fwd_ms=123552.8 eval=0 prior=0
[inst] req=3072000 hits=986079 fwd=2038 rows=2085217 fwd_ms=123880.9 eval=0 prior=0
[inst] req=3080192 hits=988622 fwd=2044 rows=2091361 fwd_ms=124265.1 eval=0 prior=0
[inst] req=3088384 hits=991172 fwd=2049 rows=2096481 fwd_ms=124583.9 eval=0 prior=0
[inst] req=3096576 hits=993728 fwd=2055 rows=2102625 fwd_ms=124948.8 eval=0 prior=0
[inst] req=3104768 hits=996198 fwd=2060 rows=2107745 fwd_ms=125276.9 eval=0 prior=0
[inst] req=3112960 hits=998753 fwd=2066 rows=2113889 fwd_ms=125622.3 eval=0 prior=0
[inst] req=3121152 hits=1001310 fwd=2071 rows=2119009 fwd_ms=125930.9 eval=0 prior=0
[inst] req=3129344 hits=1003884 fwd=2077 rows=2125153 fwd_ms=126314.6 eval=0 prior=0
[inst] req=3137536 hits=1006480 fwd=2082 rows=2130273 fwd_ms=126642.5 eval=0 prior=0
[inst] req=3145728 hits=1009154 fwd=2088 rows=2136417 fwd_ms=127007.8 eval=0 prior=0
[inst] req=3153920 hits=1011738 fwd=2093 rows=2141537 fwd_ms=127316.7 eval=0 prior=0
[inst] req=3162112 hits=1014197 fwd=2099 rows=2147681 fwd_ms=127672.0 eval=0 prior=0
[inst] req=3170304 hits=1016698 fwd=2104 rows=2152801 fwd_ms=127961.6 eval=0 prior=0
[inst] req=3178496 hits=1019230 fwd=2110 rows=2158945 fwd_ms=128326.8 eval=0 prior=0
[inst] req=3186688 hits=1021709 fwd=2115 rows=2164065 fwd_ms=128616.6 eval=0 prior=0
[inst] req=3194880 hits=1024224 fwd=2121 rows=2170209 fwd_ms=128981.9 eval=0 prior=0
[inst] req=3203072 hits=1026773 fwd=2126 rows=2175329 fwd_ms=129271.6 eval=0 prior=0
[inst] req=3211264 hits=1029349 fwd=2132 rows=2181473 fwd_ms=129656.0 eval=0 prior=0
[inst] req=3219456 hits=1031949 fwd=2137 rows=2186593 fwd_ms=129935.7 eval=0 prior=0
[inst] req=3227648 hits=1034547 fwd=2143 rows=2192737 fwd_ms=130271.6 eval=0 prior=0
[inst] req=3235840 hits=1037238 fwd=2148 rows=2197857 fwd_ms=130571.0 eval=0 prior=0
[inst] req=3244032 hits=1039752 fwd=2154 rows=2204001 fwd_ms=130935.9 eval=0 prior=0
[inst] req=3252224 hits=1042267 fwd=2159 rows=2209121 fwd_ms=131244.6 eval=0 prior=0
[inst] req=3260416 hits=1044715 fwd=2165 rows=2215265 fwd_ms=131599.6 eval=0 prior=0
[inst] req=3268608 hits=1047354 fwd=2170 rows=2220385 fwd_ms=131908.6 eval=0 prior=0
[inst] req=3276800 hits=1049823 fwd=2176 rows=2226529 fwd_ms=132264.3 eval=0 prior=0
[inst] req=3284992 hits=1052353 fwd=2181 rows=2231649 fwd_ms=132544.3 eval=0 prior=0
[inst] req=3293184 hits=1055056 fwd=2187 rows=2237793 fwd_ms=132880.5 eval=0 prior=0
[inst] req=3301376 hits=1057689 fwd=2192 rows=2242913 fwd_ms=133160.5 eval=0 prior=0
[inst] req=3309568 hits=1060316 fwd=2198 rows=2249057 fwd_ms=133506.2 eval=0 prior=0
[inst] req=3317760 hits=1062916 fwd=2203 rows=2254177 fwd_ms=133786.3 eval=0 prior=0
[inst] req=3325952 hits=1065543 fwd=2209 rows=2260321 fwd_ms=134122.2 eval=0 prior=0
[inst] req=3334144 hits=1068041 fwd=2214 rows=2265441 fwd_ms=134402.3 eval=0 prior=0
[inst] req=3342336 hits=1070464 fwd=2220 rows=2271585 fwd_ms=134738.4 eval=0 prior=0
[inst] req=3350528 hits=1072870 fwd=2225 rows=2276705 fwd_ms=135018.3 eval=0 prior=0
[inst] req=3358720 hits=1075320 fwd=2231 rows=2282849 fwd_ms=135354.4 eval=0 prior=0
[inst] req=3366912 hits=1077823 fwd=2237 rows=2288993 fwd_ms=135690.4 eval=0 prior=0
[inst] req=3375104 hits=1080363 fwd=2242 rows=2294113 fwd_ms=135970.4 eval=0 prior=0
[inst] req=3383296 hits=1082880 fwd=2248 rows=2300257 fwd_ms=136306.7 eval=0 prior=0
[inst] req=3391488 hits=1085461 fwd=2253 rows=2305377 fwd_ms=136586.5 eval=0 prior=0
[inst] req=3399680 hits=1088019 fwd=2259 rows=2311521 fwd_ms=136922.6 eval=0 prior=0
[inst] req=3407872 hits=1090764 fwd=2264 rows=2316641 fwd_ms=137202.6 eval=0 prior=0
[inst] req=3416064 hits=1093384 fwd=2269 rows=2321761 fwd_ms=137482.5 eval=0 prior=0
[inst] req=3424256 hits=1096067 fwd=2275 rows=2327905 fwd_ms=137818.6 eval=0 prior=0
[inst] req=3432448 hits=1098530 fwd=2280 rows=2333025 fwd_ms=138098.8 eval=0 prior=0
[inst] req=3440640 hits=1101006 fwd=2286 rows=2339169 fwd_ms=138435.1 eval=0 prior=0
[inst] req=3448832 hits=1103513 fwd=2292 rows=2345313 fwd_ms=138771.2 eval=0 prior=0
[inst] req=3457024 hits=1106082 fwd=2297 rows=2350433 fwd_ms=139051.1 eval=0 prior=0
[inst] req=3465216 hits=1108632 fwd=2303 rows=2356577 fwd_ms=139387.3 eval=0 prior=0
[inst] req=3473408 hits=1111259 fwd=2308 rows=2361697 fwd_ms=139667.4 eval=0 prior=0
[inst] req=3481600 hits=1113832 fwd=2313 rows=2366817 fwd_ms=139947.3 eval=0 prior=0
[inst] req=3489792 hits=1116355 fwd=2319 rows=2372961 fwd_ms=140283.6 eval=0 prior=0
[inst] req=3497984 hits=1118901 fwd=2324 rows=2378081 fwd_ms=140563.7 eval=0 prior=0
[inst] req=3506176 hits=1121629 fwd=2330 rows=2384225 fwd_ms=140899.8 eval=0 prior=0
[inst] req=3514368 hits=1124264 fwd=2335 rows=2389345 fwd_ms=141180.0 eval=0 prior=0
[inst] req=3522560 hits=1126773 fwd=2341 rows=2395489 fwd_ms=141516.3 eval=0 prior=0
[inst] req=3530752 hits=1129286 fwd=2346 rows=2400609 fwd_ms=141796.4 eval=0 prior=0
[inst] req=3538944 hits=1131893 fwd=2352 rows=2406753 fwd_ms=142132.2 eval=0 prior=0
[inst] req=3547136 hits=1134503 fwd=2357 rows=2411873 fwd_ms=142411.9 eval=0 prior=0
[inst] req=3555328 hits=1137018 fwd=2363 rows=2418017 fwd_ms=142747.8 eval=0 prior=0
[inst] req=3563520 hits=1139695 fwd=2368 rows=2423137 fwd_ms=143027.6 eval=0 prior=0
[inst] req=3571712 hits=1142244 fwd=2374 rows=2429281 fwd_ms=143363.3 eval=0 prior=0
[inst] req=3579904 hits=1144862 fwd=2379 rows=2434401 fwd_ms=143643.1 eval=0 prior=0
[inst] req=3588096 hits=1147379 fwd=2385 rows=2440545 fwd_ms=143978.9 eval=0 prior=0
[inst] req=3596288 hits=1149962 fwd=2390 rows=2445665 fwd_ms=144258.7 eval=0 prior=0
[inst] req=3604480 hits=1152453 fwd=2396 rows=2451809 fwd_ms=144594.4 eval=0 prior=0
[inst] req=3612672 hits=1154930 fwd=2401 rows=2456929 fwd_ms=144873.9 eval=0 prior=0
[inst] req=3620864 hits=1157397 fwd=2407 rows=2463073 fwd_ms=145209.6 eval=0 prior=0
[inst] req=3629056 hits=1159954 fwd=2412 rows=2468193 fwd_ms=145489.5 eval=0 prior=0
[inst] req=3637248 hits=1162443 fwd=2418 rows=2474337 fwd_ms=145825.1 eval=0 prior=0
[inst] req=3645440 hits=1164944 fwd=2424 rows=2480481 fwd_ms=146160.6 eval=0 prior=0
[inst] req=3653632 hits=1167531 fwd=2429 rows=2485601 fwd_ms=146440.4 eval=0 prior=0
[inst] req=3661824 hits=1170062 fwd=2435 rows=2491745 fwd_ms=146776.2 eval=0 prior=0
[inst] req=3670016 hits=1172688 fwd=2440 rows=2496865 fwd_ms=147056.0 eval=0 prior=0
[inst] req=3678208 hits=1175242 fwd=2445 rows=2501985 fwd_ms=147335.8 eval=0 prior=0
[inst] req=3686400 hits=1177763 fwd=2451 rows=2508129 fwd_ms=147671.4 eval=0 prior=0
[inst] req=3694592 hits=1180262 fwd=2457 rows=2514273 fwd_ms=148007.0 eval=0 prior=0
[inst] req=3702784 hits=1182763 fwd=2462 rows=2519393 fwd_ms=148286.6 eval=0 prior=0
[inst] req=3710976 hits=1185361 fwd=2468 rows=2525537 fwd_ms=148622.2 eval=0 prior=0
[inst] req=3719168 hits=1187955 fwd=2473 rows=2530657 fwd_ms=148901.9 eval=0 prior=0
[inst] req=3727360 hits=1190534 fwd=2479 rows=2536801 fwd_ms=149237.5 eval=0 prior=0
[inst] req=3735552 hits=1193196 fwd=2484 rows=2541921 fwd_ms=149517.0 eval=0 prior=0
[inst] req=3743744 hits=1195715 fwd=2489 rows=2547041 fwd_ms=149796.8 eval=0 prior=0
[inst] req=3751936 hits=1198253 fwd=2495 rows=2553185 fwd_ms=150132.4 eval=0 prior=0
[inst] req=3760128 hits=1200829 fwd=2500 rows=2558305 fwd_ms=150411.9 eval=0 prior=0
[inst] req=3768320 hits=1203477 fwd=2506 rows=2564449 fwd_ms=150747.6 eval=0 prior=0
[inst] req=3776512 hits=1205916 fwd=2512 rows=2570593 fwd_ms=151083.1 eval=0 prior=0
[inst] req=3784704 hits=1208372 fwd=2517 rows=2575713 fwd_ms=151362.5 eval=0 prior=0
[inst] req=3792896 hits=1210770 fwd=2523 rows=2581857 fwd_ms=151698.1 eval=0 prior=0
[inst] req=3801088 hits=1213391 fwd=2528 rows=2586977 fwd_ms=151977.7 eval=0 prior=0
[inst] req=3809280 hits=1215998 fwd=2534 rows=2593121 fwd_ms=152313.4 eval=0 prior=0
[inst] req=3817472 hits=1218582 fwd=2539 rows=2598241 fwd_ms=152593.0 eval=0 prior=0
[inst] req=3825664 hits=1221190 fwd=2545 rows=2604385 fwd_ms=152928.7 eval=0 prior=0
[inst] req=3833856 hits=1223771 fwd=2550 rows=2609505 fwd_ms=153208.3 eval=0 prior=0
[inst] req=3842048 hits=1226413 fwd=2555 rows=2614625 fwd_ms=153487.9 eval=0 prior=0
[inst] req=3850240 hits=1228943 fwd=2561 rows=2620769 fwd_ms=153823.5 eval=0 prior=0
[inst] req=3858432 hits=1231398 fwd=2567 rows=2626913 fwd_ms=154158.9 eval=0 prior=0
[inst] req=3866624 hits=1233740 fwd=2572 rows=2632033 fwd_ms=154438.7 eval=0 prior=0
[inst] req=3874816 hits=1236314 fwd=2578 rows=2638177 fwd_ms=154774.6 eval=0 prior=0
[inst] req=3883008 hits=1238797 fwd=2583 rows=2643297 fwd_ms=155054.4 eval=0 prior=0
[inst] req=3891200 hits=1241416 fwd=2589 rows=2649441 fwd_ms=155390.3 eval=0 prior=0
[inst] req=3899392 hits=1243914 fwd=2594 rows=2654561 fwd_ms=155670.4 eval=0 prior=0
[inst] req=3907584 hits=1246563 fwd=2600 rows=2660705 fwd_ms=156006.5 eval=0 prior=0
[inst] req=3915776 hits=1249192 fwd=2605 rows=2665825 fwd_ms=156286.6 eval=0 prior=0
[inst] req=3923968 hits=1251906 fwd=2611 rows=2671969 fwd_ms=156622.7 eval=0 prior=0
[inst] req=3932160 hits=1254540 fwd=2616 rows=2677089 fwd_ms=156902.7 eval=0 prior=0
[inst] req=3940352 hits=1257140 fwd=2621 rows=2682209 fwd_ms=157182.5 eval=0 prior=0
[inst] req=3948544 hits=1259665 fwd=2627 rows=2688353 fwd_ms=157518.4 eval=0 prior=0
[inst] req=3956736 hits=1262218 fwd=2633 rows=2694497 fwd_ms=157854.1 eval=0 prior=0
[inst] req=3964928 hits=1264619 fwd=2638 rows=2699617 fwd_ms=158133.8 eval=0 prior=0
[inst] req=3973120 hits=1267092 fwd=2644 rows=2705761 fwd_ms=158469.4 eval=0 prior=0
[inst] req=3981312 hits=1269536 fwd=2649 rows=2710881 fwd_ms=158749.1 eval=0 prior=0
[inst] req=3989504 hits=1272110 fwd=2655 rows=2717025 fwd_ms=159084.7 eval=0 prior=0
[inst] req=3997696 hits=1274624 fwd=2660 rows=2722144 fwd_ms=159364.3 eval=0 prior=0
[inst] req=4005888 hits=1277169 fwd=2666 rows=2728288 fwd_ms=159700.0 eval=0 prior=0
[inst] req=4014080 hits=1279639 fwd=2672 rows=2734432 fwd_ms=160035.1 eval=0 prior=0
[inst] req=4022272 hits=1282132 fwd=2677 rows=2739552 fwd_ms=160313.4 eval=0 prior=0
[inst] req=4030464 hits=1284768 fwd=2682 rows=2744672 fwd_ms=160591.7 eval=0 prior=0
[inst] req=4038656 hits=1287378 fwd=2688 rows=2750816 fwd_ms=160925.8 eval=0 prior=0
[inst] req=4046848 hits=1289943 fwd=2693 rows=2755936 fwd_ms=161204.5 eval=0 prior=0
[inst] req=4055040 hits=1292443 fwd=2699 rows=2762080 fwd_ms=161538.8 eval=0 prior=0
[inst] req=4063232 hits=1294953 fwd=2705 rows=2768224 fwd_ms=161873.1 eval=0 prior=0
[inst] req=4071424 hits=1297479 fwd=2710 rows=2773344 fwd_ms=162151.6 eval=0 prior=0
[inst] req=4079616 hits=1300044 fwd=2716 rows=2779488 fwd_ms=162486.1 eval=0 prior=0
[inst] req=4087808 hits=1302642 fwd=2721 rows=2784608 fwd_ms=162764.8 eval=0 prior=0
[inst] req=4096000 hits=1305151 fwd=2727 rows=2790752 fwd_ms=163099.1 eval=0 prior=0
[inst] req=4104192 hits=1307633 fwd=2732 rows=2795872 fwd_ms=163377.7 eval=0 prior=0
[inst] req=4112384 hits=1310153 fwd=2738 rows=2802016 fwd_ms=163711.9 eval=0 prior=0
[inst] req=4120576 hits=1312711 fwd=2743 rows=2807136 fwd_ms=163990.9 eval=0 prior=0
[inst] req=4128768 hits=1315158 fwd=2749 rows=2813280 fwd_ms=164325.2 eval=0 prior=0
[inst] req=4136960 hits=1317560 fwd=2754 rows=2818400 fwd_ms=164603.8 eval=0 prior=0
[inst] req=4145152 hits=1320126 fwd=2760 rows=2824544 fwd_ms=164938.2 eval=0 prior=0
[inst] req=4153344 hits=1322659 fwd=2765 rows=2829664 fwd_ms=165216.9 eval=0 prior=0
[inst] req=4161536 hits=1325400 fwd=2771 rows=2835808 fwd_ms=165551.4 eval=0 prior=0
[inst] req=4169728 hits=1327958 fwd=2776 rows=2840928 fwd_ms=165830.2 eval=0 prior=0
[inst] req=4177920 hits=1330678 fwd=2782 rows=2847072 fwd_ms=166164.7 eval=0 prior=0
[inst] req=4186112 hits=1333203 fwd=2787 rows=2852192 fwd_ms=166443.4 eval=0 prior=0
[inst] req=4194304 hits=1335836 fwd=2793 rows=2858336 fwd_ms=166777.8 eval=0 prior=0
[inst] req=4202496 hits=1338341 fwd=2798 rows=2863455 fwd_ms=167057.3 eval=0 prior=0
[inst] req=4210688 hits=1340935 fwd=2804 rows=2869599 fwd_ms=167393.4 eval=0 prior=0
[inst] req=4218880 hits=1343387 fwd=2809 rows=2874719 fwd_ms=167673.6 eval=0 prior=0
[inst] req=4227072 hits=1345961 fwd=2815 rows=2880863 fwd_ms=168009.8 eval=0 prior=0
[inst] req=4235264 hits=1348499 fwd=2820 rows=2885983 fwd_ms=168290.0 eval=0 prior=0
[inst] req=4243456 hits=1351093 fwd=2826 rows=2892127 fwd_ms=168626.3 eval=0 prior=0
[inst] req=4251648 hits=1353609 fwd=2831 rows=2897247 fwd_ms=168906.7 eval=0 prior=0
[inst] req=4259840 hits=1356049 fwd=2837 rows=2903391 fwd_ms=169243.0 eval=0 prior=0
[inst] req=4268032 hits=1358546 fwd=2842 rows=2908511 fwd_ms=169523.1 eval=0 prior=0
[inst] req=4276224 hits=1361140 fwd=2848 rows=2914655 fwd_ms=169859.1 eval=0 prior=0
[inst] req=4284416 hits=1363651 fwd=2853 rows=2919774 fwd_ms=170139.2 eval=0 prior=0
[inst] req=4292608 hits=1366321 fwd=2859 rows=2925918 fwd_ms=170475.5 eval=0 prior=0
[inst] req=4300800 hits=1368811 fwd=2864 rows=2931038 fwd_ms=170755.9 eval=0 prior=0
[inst] req=4308992 hits=1371310 fwd=2870 rows=2937182 fwd_ms=171092.2 eval=0 prior=0
[inst] req=4317184 hits=1373845 fwd=2876 rows=2943326 fwd_ms=171428.3 eval=0 prior=0
[inst] req=4325376 hits=1376404 fwd=2881 rows=2948446 fwd_ms=171708.7 eval=0 prior=0
[inst] req=4333568 hits=1379046 fwd=2886 rows=2953566 fwd_ms=171989.0 eval=0 prior=0
[inst] req=4341760 hits=1381700 fwd=2892 rows=2959710 fwd_ms=172325.3 eval=0 prior=0
[inst] req=4349952 hits=1384226 fwd=2897 rows=2964830 fwd_ms=172605.5 eval=0 prior=0
[inst] req=4358144 hits=1386822 fwd=2903 rows=2970974 fwd_ms=172941.6 eval=0 prior=0
[inst] req=4366336 hits=1389305 fwd=2908 rows=2976094 fwd_ms=173221.9 eval=0 prior=0
[inst] req=4374528 hits=1391750 fwd=2914 rows=2982238 fwd_ms=173558.3 eval=0 prior=0
[inst] req=4382720 hits=1394293 fwd=2920 rows=2988382 fwd_ms=173894.5 eval=0 prior=0
[inst] req=4390912 hits=1396838 fwd=2925 rows=2993502 fwd_ms=174174.7 eval=0 prior=0
[inst] req=4399104 hits=1399472 fwd=2930 rows=2998622 fwd_ms=174454.9 eval=0 prior=0
[inst] req=4407296 hits=1401996 fwd=2936 rows=3004766 fwd_ms=174791.0 eval=0 prior=0
[inst] req=4415488 hits=1404624 fwd=2941 rows=3009886 fwd_ms=175071.4 eval=0 prior=0
[inst] req=4423680 hits=1407133 fwd=2947 rows=3016030 fwd_ms=175407.7 eval=0 prior=0
[inst] req=4431872 hits=1409660 fwd=2953 rows=3022174 fwd_ms=175743.9 eval=0 prior=0
[inst] req=4440064 hits=1412255 fwd=2958 rows=3027294 fwd_ms=176024.0 eval=0 prior=0
[inst] req=4448256 hits=1414704 fwd=2964 rows=3033438 fwd_ms=176360.3 eval=0 prior=0
[inst] req=4456448 hits=1417198 fwd=2969 rows=3038558 fwd_ms=176640.6 eval=0 prior=0
[inst] req=4464640 hits=1419785 fwd=2975 rows=3044702 fwd_ms=176977.0 eval=0 prior=0
[inst] req=4472832 hits=1422378 fwd=2980 rows=3049822 fwd_ms=177257.2 eval=0 prior=0
[inst] req=4481024 hits=1425008 fwd=2986 rows=3055966 fwd_ms=177593.3 eval=0 prior=0
[inst] req=4489216 hits=1427560 fwd=2991 rows=3061086 fwd_ms=177873.5 eval=0 prior=0
[inst] req=4497408 hits=1430078 fwd=2997 rows=3067230 fwd_ms=178209.8 eval=0 prior=0
[inst] req=4505600 hits=1432625 fwd=3002 rows=3072350 fwd_ms=178489.8 eval=0 prior=0
[inst] req=4513792 hits=1435253 fwd=3008 rows=3078494 fwd_ms=178826.1 eval=0 prior=0
[inst] req=4521984 hits=1437891 fwd=3013 rows=3083614 fwd_ms=179106.2 eval=0 prior=0
[inst] req=4530176 hits=1440479 fwd=3018 rows=3088734 fwd_ms=179386.6 eval=0 prior=0
[inst] req=4538368 hits=1443071 fwd=3024 rows=3094878 fwd_ms=179723.0 eval=0 prior=0
[inst] req=4546560 hits=1445556 fwd=3029 rows=3099998 fwd_ms=180003.1 eval=0 prior=0
[inst] req=4554752 hits=1448066 fwd=3035 rows=3106142 fwd_ms=180339.4 eval=0 prior=0
[inst] req=4562944 hits=1450693 fwd=3040 rows=3111262 fwd_ms=180619.7 eval=0 prior=0
[inst] req=4571136 hits=1453179 fwd=3046 rows=3117406 fwd_ms=180955.7 eval=0 prior=0
[inst] req=4579328 hits=1455727 fwd=3052 rows=3123550 fwd_ms=181291.9 eval=0 prior=0
[inst] req=4587520 hits=1458276 fwd=3057 rows=3128670 fwd_ms=181580.7 eval=0 prior=0
[inst] req=4595712 hits=1460819 fwd=3063 rows=3134814 fwd_ms=181915.8 eval=0 prior=0
[inst] req=4603904 hits=1463373 fwd=3068 rows=3139934 fwd_ms=182194.9 eval=0 prior=0
[inst] req=4612096 hits=1465907 fwd=3074 rows=3146078 fwd_ms=182532.3 eval=0 prior=0
[inst] req=4620288 hits=1468418 fwd=3079 rows=3151198 fwd_ms=182811.2 eval=0 prior=0
[inst] req=4628480 hits=1470906 fwd=3085 rows=3157342 fwd_ms=183146.3 eval=0 prior=0
[inst] req=4636672 hits=1473504 fwd=3090 rows=3162462 fwd_ms=183425.6 eval=0 prior=0
[inst] req=4644864 hits=1476073 fwd=3096 rows=3168599 fwd_ms=183769.2 eval=0 prior=0
[inst] req=4653056 hits=1478728 fwd=3101 rows=3173719 fwd_ms=184047.7 eval=0 prior=0
[inst] req=4661248 hits=1481287 fwd=3107 rows=3179863 fwd_ms=184381.4 eval=0 prior=0
[inst] req=4669440 hits=1483821 fwd=3112 rows=3184983 fwd_ms=184660.2 eval=0 prior=0
[inst] req=4677632 hits=1486323 fwd=3118 rows=3191127 fwd_ms=184994.0 eval=0 prior=0
[inst] req=4685824 hits=1488870 fwd=3123 rows=3196247 fwd_ms=185272.2 eval=0 prior=0
[inst] req=4694016 hits=1491553 fwd=3129 rows=3202391 fwd_ms=185606.1 eval=0 prior=0
[inst] req=4702208 hits=1494052 fwd=3134 rows=3207511 fwd_ms=185884.3 eval=0 prior=0
[inst] req=4710400 hits=1496602 fwd=3140 rows=3213655 fwd_ms=186218.2 eval=0 prior=0
[inst] req=4718592 hits=1499104 fwd=3145 rows=3218775 fwd_ms=186496.3 eval=0 prior=0
[inst] req=4726784 hits=1501526 fwd=3151 rows=3224919 fwd_ms=186830.2 eval=0 prior=0
[inst] req=4734976 hits=1504079 fwd=3156 rows=3230039 fwd_ms=187108.4 eval=0 prior=0
[inst] req=4743168 hits=1506707 fwd=3162 rows=3236183 fwd_ms=187442.1 eval=0 prior=0
[inst] req=4751360 hits=1509325 fwd=3167 rows=3241303 fwd_ms=187723.6 eval=0 prior=0
[inst] req=4759552 hits=1511824 fwd=3173 rows=3247447 fwd_ms=188060.4 eval=0 prior=0
[inst] req=4767744 hits=1514301 fwd=3178 rows=3252567 fwd_ms=188338.7 eval=0 prior=0
[inst] req=4775936 hits=1516784 fwd=3184 rows=3258711 fwd_ms=188672.7 eval=0 prior=0
[inst] req=4784128 hits=1519247 fwd=3190 rows=3264855 fwd_ms=189006.5 eval=0 prior=0
[inst] req=4792320 hits=1521801 fwd=3195 rows=3269975 fwd_ms=189284.7 eval=0 prior=0
[inst] req=4800512 hits=1524406 fwd=3200 rows=3275095 fwd_ms=189563.0 eval=0 prior=0
[inst] req=4808704 hits=1526998 fwd=3206 rows=3281239 fwd_ms=189896.9 eval=0 prior=0
[inst] req=4816896 hits=1529589 fwd=3211 rows=3286359 fwd_ms=190175.5 eval=0 prior=0
[inst] req=4825088 hits=1532161 fwd=3217 rows=3292503 fwd_ms=190510.4 eval=0 prior=0
[inst] req=4833280 hits=1534641 fwd=3222 rows=3297623 fwd_ms=190789.4 eval=0 prior=0
[inst] req=4841472 hits=1537150 fwd=3228 rows=3303767 fwd_ms=191127.2 eval=0 prior=0
[inst] req=4849664 hits=1539770 fwd=3233 rows=3308887 fwd_ms=191406.3 eval=0 prior=0
[inst] req=4857856 hits=1542382 fwd=3239 rows=3315031 fwd_ms=191741.1 eval=0 prior=0
[inst] req=4866048 hits=1544994 fwd=3244 rows=3320151 fwd_ms=192020.2 eval=0 prior=0
[inst] req=4874240 hits=1547488 fwd=3250 rows=3326295 fwd_ms=192355.0 eval=0 prior=0
[inst] req=4882432 hits=1549991 fwd=3256 rows=3332439 fwd_ms=192690.1 eval=0 prior=0
[inst] req=4890624 hits=1552545 fwd=3261 rows=3337559 fwd_ms=192969.3 eval=0 prior=0
[inst] req=4898816 hits=1555179 fwd=3266 rows=3342679 fwd_ms=193251.0 eval=0 prior=0
[inst] req=4907008 hits=1557727 fwd=3272 rows=3348823 fwd_ms=193585.8 eval=0 prior=0
[inst] req=4915200 hits=1560236 fwd=3277 rows=3353943 fwd_ms=193864.8 eval=0 prior=0
[inst] req=4923392 hits=1562700 fwd=3283 rows=3360087 fwd_ms=194199.6 eval=0 prior=0
[inst] req=4931584 hits=1565246 fwd=3289 rows=3366231 fwd_ms=194534.4 eval=0 prior=0
[inst] req=4939776 hits=1567792 fwd=3294 rows=3371351 fwd_ms=194813.4 eval=0 prior=0
[inst] req=4947968 hits=1570319 fwd=3300 rows=3377495 fwd_ms=195148.3 eval=0 prior=0
[inst] req=4956160 hits=1572794 fwd=3305 rows=3382615 fwd_ms=195427.3 eval=0 prior=0
[inst] req=4964352 hits=1575315 fwd=3311 rows=3388759 fwd_ms=195762.3 eval=0 prior=0
[inst] req=4972544 hits=1578025 fwd=3316 rows=3393879 fwd_ms=196041.3 eval=0 prior=0
[inst] req=4980736 hits=1580603 fwd=3322 rows=3400023 fwd_ms=196376.1 eval=0 prior=0
[inst] req=4988928 hits=1583261 fwd=3327 rows=3405143 fwd_ms=196655.1 eval=0 prior=0
[inst] req=4997120 hits=1585842 fwd=3332 rows=3410263 fwd_ms=196934.1 eval=0 prior=0
[inst] req=5005312 hits=1588336 fwd=3338 rows=3416407 fwd_ms=197268.8 eval=0 prior=0
[inst] req=5013504 hits=1590851 fwd=3344 rows=3422551 fwd_ms=197603.5 eval=0 prior=0
[inst] req=5021696 hits=1593324 fwd=3349 rows=3427671 fwd_ms=197882.4 eval=0 prior=0
[inst] req=5029888 hits=1595907 fwd=3355 rows=3433815 fwd_ms=198217.1 eval=0 prior=0
[inst] req=5038080 hits=1598336 fwd=3360 rows=3438935 fwd_ms=198496.0 eval=0 prior=0
[inst] req=5046272 hits=1600931 fwd=3366 rows=3445079 fwd_ms=198831.0 eval=0 prior=0
[inst] req=5054464 hits=1603632 fwd=3371 rows=3450199 fwd_ms=199109.8 eval=0 prior=0
[inst] req=5062656 hits=1606205 fwd=3377 rows=3456343 fwd_ms=199444.6 eval=0 prior=0
[inst] req=5070848 hits=1608662 fwd=3382 rows=3461463 fwd_ms=199723.8 eval=0 prior=0
[inst] req=5079040 hits=1611195 fwd=3388 rows=3467607 fwd_ms=200061.3 eval=0 prior=0
[inst] req=5087232 hits=1613678 fwd=3393 rows=3472727 fwd_ms=200340.3 eval=0 prior=0
[inst] req=5095424 hits=1616157 fwd=3399 rows=3478871 fwd_ms=200675.1 eval=0 prior=0
[inst] req=5103616 hits=1618674 fwd=3404 rows=3483991 fwd_ms=200954.1 eval=0 prior=0
[inst] req=5111808 hits=1621208 fwd=3410 rows=3490135 fwd_ms=201289.0 eval=0 prior=0
[inst] req=5120000 hits=1623654 fwd=3416 rows=3496279 fwd_ms=201623.7 eval=0 prior=0
[inst] req=5128192 hits=1626178 fwd=3421 rows=3501399 fwd_ms=201902.8 eval=0 prior=0
[inst] req=5136384 hits=1628713 fwd=3427 rows=3507543 fwd_ms=202237.7 eval=0 prior=0
[inst] req=5144576 hits=1631225 fwd=3432 rows=3512663 fwd_ms=202516.8 eval=0 prior=0
[inst] req=5152768 hits=1633900 fwd=3438 rows=3518807 fwd_ms=202851.5 eval=0 prior=0
[inst] req=5160960 hits=1636404 fwd=3443 rows=3523927 fwd_ms=203130.5 eval=0 prior=0
[inst] req=5169152 hits=1638935 fwd=3449 rows=3530071 fwd_ms=203465.9 eval=0 prior=0
[inst] req=5177344 hits=1641467 fwd=3454 rows=3535191 fwd_ms=203745.7 eval=0 prior=0
[inst] req=5185536 hits=1644169 fwd=3460 rows=3541335 fwd_ms=204081.2 eval=0 prior=0
[inst] req=5193728 hits=1646602 fwd=3465 rows=3546455 fwd_ms=204360.7 eval=0 prior=0
[inst] req=5201920 hits=1649189 fwd=3471 rows=3552599 fwd_ms=204695.9 eval=0 prior=0
[inst] req=5210112 hits=1651702 fwd=3476 rows=3557719 fwd_ms=204975.2 eval=0 prior=0
[inst] req=5218304 hits=1654373 fwd=3482 rows=3563863 fwd_ms=205310.3 eval=0 prior=0
[inst] req=5226496 hits=1656884 fwd=3487 rows=3568983 fwd_ms=205589.4 eval=0 prior=0
[inst] req=5234688 hits=1659488 fwd=3493 rows=3575127 fwd_ms=205924.4 eval=0 prior=0
[inst] req=5242880 hits=1662072 fwd=3498 rows=3580247 fwd_ms=206203.7 eval=0 prior=0
[inst] req=5251072 hits=1664671 fwd=3504 rows=3586391 fwd_ms=206538.9 eval=0 prior=0
[inst] req=5259264 hits=1667339 fwd=3509 rows=3591511 fwd_ms=206823.1 eval=0 prior=0
[inst] req=5267456 hits=1669850 fwd=3514 rows=3596631 fwd_ms=207102.2 eval=0 prior=0
[inst] req=5275648 hits=1672466 fwd=3520 rows=3602775 fwd_ms=207437.3 eval=0 prior=0
[inst] req=5283840 hits=1675009 fwd=3525 rows=3607895 fwd_ms=207716.3 eval=0 prior=0
[inst] req=5292032 hits=1677510 fwd=3531 rows=3614039 fwd_ms=208051.4 eval=0 prior=0
[inst] req=5300224 hits=1679990 fwd=3537 rows=3620183 fwd_ms=208386.4 eval=0 prior=0
[inst] req=5308416 hits=1682676 fwd=3542 rows=3625303 fwd_ms=208665.5 eval=0 prior=0
[inst] req=5316608 hits=1685263 fwd=3547 rows=3630423 fwd_ms=208944.7 eval=0 prior=0
[inst] req=5324800 hits=1687852 fwd=3553 rows=3636567 fwd_ms=209279.6 eval=0 prior=0
[inst] req=5332992 hits=1690331 fwd=3558 rows=3641687 fwd_ms=209558.6 eval=0 prior=0
[inst] req=5341184 hits=1693081 fwd=3564 rows=3647831 fwd_ms=209893.5 eval=0 prior=0
[inst] req=5349376 hits=1695671 fwd=3569 rows=3652951 fwd_ms=210172.8 eval=0 prior=0
[inst] req=5357568 hits=1698303 fwd=3575 rows=3659095 fwd_ms=210507.6 eval=0 prior=0
[inst] req=5365760 hits=1700948 fwd=3580 rows=3664215 fwd_ms=210786.8 eval=0 prior=0
[inst] req=5373952 hits=1703471 fwd=3586 rows=3670359 fwd_ms=211121.5 eval=0 prior=0
[inst] req=5382144 hits=1705997 fwd=3591 rows=3675479 fwd_ms=211400.8 eval=0 prior=0
[inst] req=5390336 hits=1708638 fwd=3597 rows=3681623 fwd_ms=211735.9 eval=0 prior=0
[inst] req=5398528 hits=1711210 fwd=3602 rows=3686743 fwd_ms=212015.0 eval=0 prior=0
[inst] req=5406720 hits=1713693 fwd=3608 rows=3692887 fwd_ms=212349.9 eval=0 prior=0
[inst] req=5414912 hits=1716204 fwd=3613 rows=3698007 fwd_ms=212629.0 eval=0 prior=0
[inst] req=5423104 hits=1718954 fwd=3618 rows=3703127 fwd_ms=212908.3 eval=0 prior=0
[inst] req=5431296 hits=1721546 fwd=3624 rows=3709271 fwd_ms=213243.2 eval=0 prior=0
[inst] req=5439488 hits=1724126 fwd=3629 rows=3714391 fwd_ms=213522.4 eval=0 prior=0
[inst] req=5447680 hits=1726584 fwd=3635 rows=3720535 fwd_ms=213857.2 eval=0 prior=0
[inst] req=5455872 hits=1729249 fwd=3640 rows=3725655 fwd_ms=214136.0 eval=0 prior=0
[inst] req=5464064 hits=1731949 fwd=3646 rows=3731799 fwd_ms=214470.9 eval=0 prior=0
[inst] req=5472256 hits=1734714 fwd=3651 rows=3736919 fwd_ms=214749.7 eval=0 prior=0
[inst] req=5480448 hits=1737302 fwd=3657 rows=3743063 fwd_ms=215085.0 eval=0 prior=0
[inst] req=5488640 hits=1739922 fwd=3662 rows=3748183 fwd_ms=215364.2 eval=0 prior=0
[inst] req=5496832 hits=1742510 fwd=3667 rows=3753303 fwd_ms=215643.2 eval=0 prior=0
[inst] req=5505024 hits=1744975 fwd=3673 rows=3759447 fwd_ms=215978.3 eval=0 prior=0
[inst] req=5513216 hits=1747529 fwd=3679 rows=3765591 fwd_ms=216313.2 eval=0 prior=0
[inst] req=5521408 hits=1750019 fwd=3684 rows=3770711 fwd_ms=216592.3 eval=0 prior=0
[inst] req=5529600 hits=1752501 fwd=3690 rows=3776855 fwd_ms=216926.6 eval=0 prior=0
[inst] req=5537792 hits=1754995 fwd=3695 rows=3781975 fwd_ms=217205.7 eval=0 prior=0
[inst] req=5545984 hits=1757650 fwd=3701 rows=3788119 fwd_ms=217540.2 eval=0 prior=0
[inst] req=5554176 hits=1760287 fwd=3706 rows=3793239 fwd_ms=217818.3 eval=0 prior=0
[inst] req=5562368 hits=1762870 fwd=3712 rows=3799383 fwd_ms=218152.0 eval=0 prior=0
[inst] req=5570560 hits=1765606 fwd=3717 rows=3804503 fwd_ms=218430.2 eval=0 prior=0
[inst] req=5578752 hits=1768244 fwd=3722 rows=3809623 fwd_ms=218708.3 eval=0 prior=0
[inst] req=5586944 hits=1770789 fwd=3728 rows=3815767 fwd_ms=219042.0 eval=0 prior=0
[inst] req=5595136 hits=1773277 fwd=3733 rows=3820887 fwd_ms=219320.0 eval=0 prior=0
[inst] req=5603328 hits=1775713 fwd=3739 rows=3827031 fwd_ms=219653.5 eval=0 prior=0
[inst] req=5611520 hits=1778236 fwd=3745 rows=3833175 fwd_ms=219987.1 eval=0 prior=0
[inst] req=5619712 hits=1780780 fwd=3750 rows=3838295 fwd_ms=220265.1 eval=0 prior=0
[inst] req=5627904 hits=1783465 fwd=3755 rows=3843415 fwd_ms=220543.2 eval=0 prior=0
[inst] req=5636096 hits=1786060 fwd=3761 rows=3849559 fwd_ms=220877.0 eval=0 prior=0
[inst] req=5644288 hits=1788546 fwd=3767 rows=3855703 fwd_ms=221210.6 eval=0 prior=0
[inst] req=5652480 hits=1791075 fwd=3772 rows=3860823 fwd_ms=221488.7 eval=0 prior=0
[inst] req=5660672 hits=1793657 fwd=3778 rows=3866967 fwd_ms=221822.3 eval=0 prior=0
[inst] req=5668864 hits=1796189 fwd=3783 rows=3872087 fwd_ms=222100.1 eval=0 prior=0
[inst] req=5677056 hits=1798786 fwd=3789 rows=3878231 fwd_ms=222433.5 eval=0 prior=0
[inst] req=5685248 hits=1801307 fwd=3794 rows=3883351 fwd_ms=222711.3 eval=0 prior=0
[inst] req=5693440 hits=1804066 fwd=3799 rows=3888471 fwd_ms=222989.2 eval=0 prior=0
[inst] req=5701632 hits=1806785 fwd=3805 rows=3894615 fwd_ms=223322.9 eval=0 prior=0
[inst] req=5709824 hits=1809318 fwd=3810 rows=3899735 fwd_ms=223601.2 eval=0 prior=0
[inst] req=5718016 hits=1811959 fwd=3816 rows=3905879 fwd_ms=223934.8 eval=0 prior=0
[inst] req=5726208 hits=1814497 fwd=3821 rows=3910999 fwd_ms=224212.9 eval=0 prior=0
[inst] req=5734400 hits=1817150 fwd=3827 rows=3917143 fwd_ms=224546.4 eval=0 prior=0
[inst] req=5742592 hits=1819630 fwd=3832 rows=3922263 fwd_ms=224824.4 eval=0 prior=0
[inst] req=5750784 hits=1822126 fwd=3838 rows=3928407 fwd_ms=225157.9 eval=0 prior=0
[inst] req=5758976 hits=1824612 fwd=3843 rows=3933527 fwd_ms=225435.8 eval=0 prior=0
[inst] req=5767168 hits=1827263 fwd=3849 rows=3939671 fwd_ms=225769.5 eval=0 prior=0
[inst] req=5775360 hits=1829803 fwd=3854 rows=3944791 fwd_ms=226047.5 eval=0 prior=0
[inst] req=5783552 hits=1832329 fwd=3860 rows=3950935 fwd_ms=226380.9 eval=0 prior=0
[inst] req=5791744 hits=1834831 fwd=3865 rows=3956055 fwd_ms=226658.7 eval=0 prior=0
[inst] req=5799936 hits=1837334 fwd=3871 rows=3962199 fwd_ms=226992.2 eval=0 prior=0
[inst] req=5808128 hits=1840036 fwd=3876 rows=3967319 fwd_ms=227270.3 eval=0 prior=0
[inst] req=5816320 hits=1842600 fwd=3882 rows=3973463 fwd_ms=227603.9 eval=0 prior=0
[inst] req=5824512 hits=1845133 fwd=3887 rows=3978583 fwd_ms=227881.9 eval=0 prior=0
[inst] req=5832704 hits=1847656 fwd=3893 rows=3984727 fwd_ms=228215.4 eval=0 prior=0
[inst] req=5840896 hits=1850136 fwd=3898 rows=3989847 fwd_ms=228493.2 eval=0 prior=0
[inst] req=5849088 hits=1852876 fwd=3904 rows=3995991 fwd_ms=228826.8 eval=0 prior=0
[inst] req=5857280 hits=1855483 fwd=3909 rows=4001111 fwd_ms=229104.8 eval=0 prior=0
[inst] req=5865472 hits=1858033 fwd=3915 rows=4007255 fwd_ms=229438.7 eval=0 prior=0
[inst] req=5873664 hits=1860642 fwd=3920 rows=4012375 fwd_ms=229716.8 eval=0 prior=0
[inst] req=5881856 hits=1863408 fwd=3925 rows=4017495 fwd_ms=229995.6 eval=0 prior=0
[inst] req=5890048 hits=1866181 fwd=3931 rows=4023639 fwd_ms=230330.3 eval=0 prior=0
[inst] req=5898240 hits=1868705 fwd=3936 rows=4028759 fwd_ms=230609.1 eval=0 prior=0
[inst] req=5906432 hits=1871183 fwd=3942 rows=4034903 fwd_ms=230943.9 eval=0 prior=0
[inst] req=5914624 hits=1873805 fwd=3947 rows=4040023 fwd_ms=231222.9 eval=0 prior=0
[inst] req=5922816 hits=1876335 fwd=3953 rows=4046167 fwd_ms=231557.8 eval=0 prior=0
[inst] req=5931008 hits=1878968 fwd=3958 rows=4051287 fwd_ms=231836.8 eval=0 prior=0
[inst] req=5939200 hits=1881493 fwd=3964 rows=4057431 fwd_ms=232171.6 eval=0 prior=0
[inst] req=5947392 hits=1883903 fwd=3969 rows=4062551 fwd_ms=232450.7 eval=0 prior=0
[inst] req=5955584 hits=1886446 fwd=3975 rows=4068695 fwd_ms=232785.6 eval=0 prior=0
[inst] req=5963776 hits=1888961 fwd=3980 rows=4073815 fwd_ms=233064.8 eval=0 prior=0
[inst] req=5971968 hits=1891467 fwd=3986 rows=4079959 fwd_ms=233399.7 eval=0 prior=0
[inst] req=5980160 hits=1894079 fwd=3991 rows=4085079 fwd_ms=233678.9 eval=0 prior=0
[inst] req=5988352 hits=1896705 fwd=3997 rows=4091223 fwd_ms=234013.8 eval=0 prior=0
[inst] req=5996544 hits=1899267 fwd=4002 rows=4096343 fwd_ms=234292.8 eval=0 prior=0
[inst] req=6004736 hits=1901881 fwd=4008 rows=4102487 fwd_ms=234627.9 eval=0 prior=0
[inst] req=6012928 hits=1904408 fwd=4013 rows=4107607 fwd_ms=234907.0 eval=0 prior=0
[inst] req=6021120 hits=1907115 fwd=4019 rows=4113751 fwd_ms=235242.1 eval=0 prior=0
[inst] req=6029312 hits=1909746 fwd=4024 rows=4118871 fwd_ms=235521.4 eval=0 prior=0
[inst] req=6037504 hits=1912411 fwd=4030 rows=4125015 fwd_ms=235856.5 eval=0 prior=0
[inst] req=6045696 hits=1915032 fwd=4035 rows=4130135 fwd_ms=236135.6 eval=0 prior=0
[inst] req=6053888 hits=1917602 fwd=4041 rows=4136243 fwd_ms=236478.2 eval=0 prior=0
[inst] req=6062080 hits=1920094 fwd=4046 rows=4141363 fwd_ms=236757.1 eval=0 prior=0
[inst] req=6070272 hits=1922617 fwd=4052 rows=4147507 fwd_ms=237091.9 eval=0 prior=0
[inst] req=6078464 hits=1925177 fwd=4057 rows=4152627 fwd_ms=237370.9 eval=0 prior=0
[inst] req=6086656 hits=1927789 fwd=4063 rows=4158771 fwd_ms=237705.7 eval=0 prior=0
[inst] req=6094848 hits=1930366 fwd=4068 rows=4163891 fwd_ms=237984.6 eval=0 prior=0
[inst] req=6103040 hits=1932845 fwd=4074 rows=4170035 fwd_ms=238319.4 eval=0 prior=0
[inst] req=6111232 hits=1935478 fwd=4079 rows=4175155 fwd_ms=238598.4 eval=0 prior=0
[inst] req=6119424 hits=1937982 fwd=4085 rows=4181299 fwd_ms=238933.1 eval=0 prior=0
[inst] req=6127616 hits=1940454 fwd=4090 rows=4186419 fwd_ms=239211.9 eval=0 prior=0
[inst] req=6135808 hits=1943060 fwd=4096 rows=4192563 fwd_ms=239546.7 eval=0 prior=0
[inst] req=6144000 hits=1945545 fwd=4101 rows=4197683 fwd_ms=239825.8 eval=0 prior=0
[inst] req=6152192 hits=1948158 fwd=4107 rows=4203827 fwd_ms=240160.6 eval=0 prior=0
[inst] req=6160384 hits=1950706 fwd=4112 rows=4208947 fwd_ms=240439.8 eval=0 prior=0
[inst] req=6168576 hits=1953306 fwd=4118 rows=4215091 fwd_ms=240774.7 eval=0 prior=0
[inst] req=6176768 hits=1955850 fwd=4123 rows=4220211 fwd_ms=241053.5 eval=0 prior=0
[inst] req=6184960 hits=1958359 fwd=4129 rows=4226355 fwd_ms=241388.2 eval=0 prior=0
[inst] req=6193152 hits=1960915 fwd=4134 rows=4231475 fwd_ms=241667.1 eval=0 prior=0
[inst] req=6201344 hits=1963489 fwd=4140 rows=4237619 fwd_ms=242001.9 eval=0 prior=0
[inst] req=6209536 hits=1965992 fwd=4145 rows=4242739 fwd_ms=242281.2 eval=0 prior=0
[inst] req=6217728 hits=1968567 fwd=4151 rows=4248883 fwd_ms=242616.1 eval=0 prior=0
[inst] req=6225920 hits=1971212 fwd=4156 rows=4254003 fwd_ms=242895.1 eval=0 prior=0
[inst] req=6234112 hits=1973782 fwd=4162 rows=4260147 fwd_ms=243230.0 eval=0 prior=0
[inst] req=6242304 hits=1976333 fwd=4167 rows=4265267 fwd_ms=243508.8 eval=0 prior=0
[inst] req=6250496 hits=1978809 fwd=4173 rows=4271411 fwd_ms=243843.6 eval=0 prior=0
[inst] req=6258688 hits=1981287 fwd=4178 rows=4276531 fwd_ms=244122.5 eval=0 prior=0
[inst] req=6266880 hits=1983810 fwd=4184 rows=4282675 fwd_ms=244457.2 eval=0 prior=0
[inst] req=6275072 hits=1986492 fwd=4189 rows=4287795 fwd_ms=244736.0 eval=0 prior=0
[inst] req=6283264 hits=1989132 fwd=4195 rows=4293939 fwd_ms=245070.8 eval=0 prior=0
[inst] req=6291456 hits=1991824 fwd=4200 rows=4299059 fwd_ms=245349.8 eval=0 prior=0
[inst] req=6299648 hits=1994399 fwd=4206 rows=4305202 fwd_ms=245683.6 eval=0 prior=0
[inst] req=6307840 hits=1996955 fwd=4211 rows=4310322 fwd_ms=245961.4 eval=0 prior=0
[inst] req=6316032 hits=1999530 fwd=4217 rows=4316466 fwd_ms=246294.7 eval=0 prior=0
[inst] req=6324224 hits=2002194 fwd=4222 rows=4321586 fwd_ms=246572.5 eval=0 prior=0
[inst] req=6332416 hits=2004792 fwd=4227 rows=4326706 fwd_ms=246850.4 eval=0 prior=0
[inst] req=6340608 hits=2007392 fwd=4233 rows=4332850 fwd_ms=247183.8 eval=0 prior=0
[inst] req=6348800 hits=2009944 fwd=4238 rows=4337970 fwd_ms=247461.6 eval=0 prior=0
[inst] req=6356992 hits=2012438 fwd=4244 rows=4344114 fwd_ms=247795.1 eval=0 prior=0
[inst] req=6365184 hits=2014840 fwd=4250 rows=4350258 fwd_ms=248128.5 eval=0 prior=0
[inst] req=6373376 hits=2017398 fwd=4255 rows=4355378 fwd_ms=248406.3 eval=0 prior=0
[inst] req=6381568 hits=2019945 fwd=4261 rows=4361522 fwd_ms=248739.7 eval=0 prior=0
[inst] req=6389760 hits=2022525 fwd=4266 rows=4366642 fwd_ms=249017.6 eval=0 prior=0
[inst] req=6397952 hits=2025150 fwd=4272 rows=4372786 fwd_ms=249350.9 eval=0 prior=0
[inst] req=6406144 hits=2027849 fwd=4277 rows=4377905 fwd_ms=249628.8 eval=0 prior=0
[inst] req=6414336 hits=2030460 fwd=4282 rows=4383025 fwd_ms=249907.6 eval=0 prior=0
[inst] req=6422528 hits=2033046 fwd=4288 rows=4389169 fwd_ms=250242.0 eval=0 prior=0
[inst] req=6430720 hits=2035566 fwd=4293 rows=4394289 fwd_ms=250520.7 eval=0 prior=0
[inst] req=6438912 hits=2038255 fwd=4299 rows=4400433 fwd_ms=250855.0 eval=0 prior=0
[inst] req=6447104 hits=2040818 fwd=4304 rows=4405553 fwd_ms=251133.8 eval=0 prior=0
[inst] req=6455296 hits=2043349 fwd=4310 rows=4411697 fwd_ms=251468.4 eval=0 prior=0
[inst] req=6463488 hits=2045928 fwd=4315 rows=4416817 fwd_ms=251747.4 eval=0 prior=0
[inst] req=6471680 hits=2048660 fwd=4321 rows=4422961 fwd_ms=252082.1 eval=0 prior=0
[inst] req=6479872 hits=2051326 fwd=4326 rows=4428081 fwd_ms=252360.9 eval=0 prior=0
[inst] req=6488064 hits=2053933 fwd=4331 rows=4433201 fwd_ms=252639.7 eval=0 prior=0
[inst] req=6496256 hits=2056567 fwd=4337 rows=4439345 fwd_ms=252974.1 eval=0 prior=0
[inst] req=6504448 hits=2059111 fwd=4342 rows=4444465 fwd_ms=253252.7 eval=0 prior=0
[inst] req=6512640 hits=2061806 fwd=4348 rows=4450609 fwd_ms=253587.2 eval=0 prior=0
[inst] req=6520832 hits=2064372 fwd=4353 rows=4455729 fwd_ms=253865.8 eval=0 prior=0
[inst] req=6529024 hits=2066819 fwd=4359 rows=4461873 fwd_ms=254200.3 eval=0 prior=0
[inst] req=6537216 hits=2069361 fwd=4364 rows=4466993 fwd_ms=254479.0 eval=0 prior=0
[inst] req=6545408 hits=2071958 fwd=4370 rows=4473137 fwd_ms=254813.4 eval=0 prior=0
[inst] req=6553600 hits=2074575 fwd=4375 rows=4478257 fwd_ms=255091.9 eval=0 prior=0
[inst] req=6561792 hits=2077098 fwd=4381 rows=4484401 fwd_ms=255426.3 eval=0 prior=0
[inst] req=6569984 hits=2079756 fwd=4386 rows=4489521 fwd_ms=255704.8 eval=0 prior=0
[inst] req=6578176 hits=2082275 fwd=4392 rows=4495665 fwd_ms=256039.2 eval=0 prior=0
[inst] req=6586368 hits=2084852 fwd=4397 rows=4500785 fwd_ms=256317.8 eval=0 prior=0
[inst] req=6594560 hits=2087414 fwd=4403 rows=4506929 fwd_ms=256652.2 eval=0 prior=0
[inst] req=6602752 hits=2089893 fwd=4408 rows=4512049 fwd_ms=256930.9 eval=0 prior=0
[inst] req=6610944 hits=2092356 fwd=4414 rows=4518193 fwd_ms=257265.1 eval=0 prior=0
[inst] req=6619136 hits=2094882 fwd=4419 rows=4523313 fwd_ms=257543.8 eval=0 prior=0
[inst] req=6627328 hits=2097429 fwd=4425 rows=4529457 fwd_ms=257878.1 eval=0 prior=0
[inst] req=6635520 hits=2099957 fwd=4430 rows=4534577 fwd_ms=258156.8 eval=0 prior=0
[inst] req=6643712 hits=2102507 fwd=4436 rows=4540721 fwd_ms=258491.1 eval=0 prior=0
[inst] req=6651904 hits=2105036 fwd=4442 rows=4546865 fwd_ms=258825.5 eval=0 prior=0
[inst] req=6660096 hits=2107544 fwd=4447 rows=4551985 fwd_ms=259104.4 eval=0 prior=0
[inst] req=6668288 hits=2110065 fwd=4453 rows=4558129 fwd_ms=259439.4 eval=0 prior=0
[inst] req=6676480 hits=2112616 fwd=4458 rows=4563249 fwd_ms=259718.7 eval=0 prior=0
[inst] req=6684672 hits=2115360 fwd=4463 rows=4568369 fwd_ms=259996.4 eval=0 prior=0
[inst] req=6692864 hits=2117882 fwd=4469 rows=4574513 fwd_ms=260330.0 eval=0 prior=0
[inst] req=6701056 hits=2120346 fwd=4475 rows=4580657 fwd_ms=260663.7 eval=0 prior=0
[inst] req=6709248 hits=2122946 fwd=4480 rows=4585777 fwd_ms=260941.8 eval=0 prior=0
[inst] req=6717440 hits=2125566 fwd=4485 rows=4590897 fwd_ms=261219.7 eval=0 prior=0
[inst] req=6725632 hits=2128171 fwd=4491 rows=4597041 fwd_ms=261553.3 eval=0 prior=0
[inst] req=6733824 hits=2130700 fwd=4496 rows=4602161 fwd_ms=261831.3 eval=0 prior=0
[inst] req=6742016 hits=2133225 fwd=4502 rows=4608305 fwd_ms=262164.9 eval=0 prior=0
[inst] req=6750208 hits=2136096 fwd=4507 rows=4613425 fwd_ms=262442.8 eval=0 prior=0
[inst] req=6758400 hits=2138777 fwd=4513 rows=4619569 fwd_ms=262776.2 eval=0 prior=0
[inst] req=6766592 hits=2141360 fwd=4518 rows=4624689 fwd_ms=263054.2 eval=0 prior=0
[inst] req=6774784 hits=2144014 fwd=4523 rows=4629809 fwd_ms=263332.3 eval=0 prior=0
[inst] req=6782976 hits=2146506 fwd=4529 rows=4635953 fwd_ms=263665.7 eval=0 prior=0
[inst] req=6791168 hits=2149076 fwd=4534 rows=4641073 fwd_ms=263943.5 eval=0 prior=0
[inst] req=6799360 hits=2151660 fwd=4540 rows=4647217 fwd_ms=264277.0 eval=0 prior=0
[inst] req=6807552 hits=2154349 fwd=4545 rows=4652337 fwd_ms=264554.9 eval=0 prior=0
[inst] req=6815744 hits=2157100 fwd=4551 rows=4658481 fwd_ms=264888.3 eval=0 prior=0
[inst] req=6823936 hits=2159655 fwd=4556 rows=4663601 fwd_ms=265166.2 eval=0 prior=0
[inst] req=6832128 hits=2162309 fwd=4562 rows=4669745 fwd_ms=265499.7 eval=0 prior=0
[inst] req=6840320 hits=2164867 fwd=4567 rows=4674865 fwd_ms=265777.7 eval=0 prior=0
[inst] req=6848512 hits=2167481 fwd=4573 rows=4681009 fwd_ms=266111.2 eval=0 prior=0
[inst] req=6856704 hits=2170078 fwd=4578 rows=4686129 fwd_ms=266389.2 eval=0 prior=0
[inst] req=6864896 hits=2172704 fwd=4583 rows=4691249 fwd_ms=266667.2 eval=0 prior=0
[inst] req=6873088 hits=2175249 fwd=4589 rows=4697393 fwd_ms=267000.9 eval=0 prior=0
[inst] req=6881280 hits=2177836 fwd=4594 rows=4702513 fwd_ms=267278.7 eval=0 prior=0
[inst] req=6889472 hits=2180480 fwd=4600 rows=4708657 fwd_ms=267612.0 eval=0 prior=0
[inst] req=6897664 hits=2182929 fwd=4605 rows=4713777 fwd_ms=267889.9 eval=0 prior=0
[inst] req=6905856 hits=2185560 fwd=4611 rows=4719921 fwd_ms=268223.4 eval=0 prior=0
[inst] req=6914048 hits=2188214 fwd=4616 rows=4725041 fwd_ms=268501.5 eval=0 prior=0
[inst] req=6922240 hits=2190839 fwd=4622 rows=4731185 fwd_ms=268834.9 eval=0 prior=0
[inst] req=6930432 hits=2193496 fwd=4627 rows=4736305 fwd_ms=269112.9 eval=0 prior=0
[inst] req=6938624 hits=2196296 fwd=4632 rows=4741425 fwd_ms=269390.8 eval=0 prior=0
[inst] req=6946816 hits=2198868 fwd=4638 rows=4747569 fwd_ms=269724.3 eval=0 prior=0
[inst] req=6955008 hits=2201501 fwd=4643 rows=4752689 fwd_ms=270002.2 eval=0 prior=0
[inst] req=6963200 hits=2204079 fwd=4649 rows=4758833 fwd_ms=270335.8 eval=0 prior=0
[inst] req=6971392 hits=2206617 fwd=4654 rows=4763953 fwd_ms=270613.7 eval=0 prior=0
[inst] req=6979584 hits=2209154 fwd=4660 rows=4770097 fwd_ms=270947.2 eval=0 prior=0
[inst] req=6987776 hits=2211747 fwd=4665 rows=4775217 fwd_ms=271225.1 eval=0 prior=0
[inst] req=6995968 hits=2214215 fwd=4671 rows=4781361 fwd_ms=271558.6 eval=0 prior=0
[inst] req=7004160 hits=2216744 fwd=4676 rows=4786481 fwd_ms=271836.4 eval=0 prior=0
[inst] req=7012352 hits=2219300 fwd=4682 rows=4792625 fwd_ms=272169.9 eval=0 prior=0
[inst] req=7020544 hits=2221902 fwd=4687 rows=4797745 fwd_ms=272448.0 eval=0 prior=0
[inst] req=7028736 hits=2224491 fwd=4693 rows=4803889 fwd_ms=272781.7 eval=0 prior=0
[inst] req=7036928 hits=2227006 fwd=4698 rows=4809009 fwd_ms=273060.2 eval=0 prior=0
[inst] req=7045120 hits=2229972 fwd=4703 rows=4814129 fwd_ms=273339.3 eval=0 prior=0
[inst] req=7053312 hits=2232758 fwd=4709 rows=4820273 fwd_ms=273674.4 eval=0 prior=0
[inst] req=7061504 hits=2235339 fwd=4714 rows=4825393 fwd_ms=273953.5 eval=0 prior=0
[inst] req=7069696 hits=2237964 fwd=4720 rows=4831537 fwd_ms=274288.3 eval=0 prior=0
[inst] req=7077888 hits=2240556 fwd=4725 rows=4836657 fwd_ms=274567.3 eval=0 prior=0
[inst] req=7086080 hits=2243092 fwd=4731 rows=4842801 fwd_ms=274902.0 eval=0 prior=0
[inst] req=7094272 hits=2245685 fwd=4736 rows=4847921 fwd_ms=275181.1 eval=0 prior=0
[inst] req=7102464 hits=2248324 fwd=4742 rows=4854065 fwd_ms=275516.0 eval=0 prior=0
[inst] req=7110656 hits=2250884 fwd=4747 rows=4859185 fwd_ms=275794.9 eval=0 prior=0
[inst] req=7118848 hits=2253469 fwd=4753 rows=4865329 fwd_ms=276129.4 eval=0 prior=0
[inst] req=7127040 hits=2256143 fwd=4758 rows=4870449 fwd_ms=276407.2 eval=0 prior=0
[inst] req=7135232 hits=2258728 fwd=4763 rows=4875569 fwd_ms=276685.1 eval=0 prior=0
[inst] req=7143424 hits=2261373 fwd=4769 rows=4881713 fwd_ms=277018.4 eval=0 prior=0
[inst] req=7151616 hits=2264000 fwd=4774 rows=4886832 fwd_ms=277296.2 eval=0 prior=0
[inst] req=7159808 hits=2266694 fwd=4780 rows=4892976 fwd_ms=277629.6 eval=0 prior=0
[inst] req=7168000 hits=2269212 fwd=4785 rows=4898096 fwd_ms=277907.2 eval=0 prior=0
[inst] req=7176192 hits=2271708 fwd=4791 rows=4904240 fwd_ms=278240.6 eval=0 prior=0
[inst] req=7184384 hits=2274257 fwd=4796 rows=4909360 fwd_ms=278518.5 eval=0 prior=0
[inst] req=7192576 hits=2277095 fwd=4801 rows=4914480 fwd_ms=278796.3 eval=0 prior=0
[inst] req=7200768 hits=2279765 fwd=4807 rows=4920624 fwd_ms=279129.7 eval=0 prior=0
[inst] req=7208960 hits=2282342 fwd=4812 rows=4925744 fwd_ms=279407.4 eval=0 prior=0
[inst] req=7217152 hits=2284919 fwd=4818 rows=4931888 fwd_ms=279740.4 eval=0 prior=0
[inst] req=7225344 hits=2287535 fwd=4823 rows=4937008 fwd_ms=280018.1 eval=0 prior=0
[inst] req=7233536 hits=2290158 fwd=4829 rows=4943152 fwd_ms=280351.4 eval=0 prior=0
[inst] req=7241728 hits=2292793 fwd=4834 rows=4948272 fwd_ms=280629.2 eval=0 prior=0
[inst] req=7249920 hits=2295442 fwd=4840 rows=4954416 fwd_ms=280962.4 eval=0 prior=0
[inst] req=7258112 hits=2298019 fwd=4845 rows=4959536 fwd_ms=281240.0 eval=0 prior=0
[inst] req=7266304 hits=2300678 fwd=4850 rows=4964656 fwd_ms=281517.8 eval=0 prior=0
[inst] req=7274496 hits=2303277 fwd=4856 rows=4970800 fwd_ms=281851.2 eval=0 prior=0
[inst] req=7282688 hits=2305884 fwd=4861 rows=4975920 fwd_ms=282128.9 eval=0 prior=0
[inst] req=7290880 hits=2308509 fwd=4867 rows=4982064 fwd_ms=282462.3 eval=0 prior=0
[inst] req=7299072 hits=2311058 fwd=4872 rows=4987184 fwd_ms=282740.0 eval=0 prior=0
[inst] req=7307264 hits=2313628 fwd=4878 rows=4993328 fwd_ms=283073.4 eval=0 prior=0
[inst] req=7315456 hits=2316221 fwd=4883 rows=4998448 fwd_ms=283351.4 eval=0 prior=0
[inst] req=7323648 hits=2318701 fwd=4889 rows=5004592 fwd_ms=283684.6 eval=0 prior=0
[inst] req=7331840 hits=2321260 fwd=4894 rows=5009712 fwd_ms=283962.3 eval=0 prior=0
[inst] req=7340032 hits=2323736 fwd=4900 rows=5015856 fwd_ms=284295.9 eval=0 prior=0
[inst] req=7348224 hits=2326245 fwd=4905 rows=5020976 fwd_ms=284573.8 eval=0 prior=0
[inst] req=7356416 hits=2328814 fwd=4911 rows=5027120 fwd_ms=284907.3 eval=0 prior=0
[inst] req=7364608 hits=2331365 fwd=4916 rows=5032240 fwd_ms=285185.2 eval=0 prior=0
[inst] req=7372800 hits=2333930 fwd=4922 rows=5038384 fwd_ms=285518.8 eval=0 prior=0
[inst] req=7380992 hits=2336486 fwd=4927 rows=5043504 fwd_ms=285796.7 eval=0 prior=0
[inst] req=7389184 hits=2338974 fwd=4933 rows=5049648 fwd_ms=286130.2 eval=0 prior=0
[inst] req=7397376 hits=2341463 fwd=4939 rows=5055792 fwd_ms=286463.7 eval=0 prior=0
[inst] req=7405568 hits=2343962 fwd=4944 rows=5060912 fwd_ms=286741.6 eval=0 prior=0
[inst] req=7413760 hits=2346431 fwd=4950 rows=5067056 fwd_ms=287075.1 eval=0 prior=0
[inst] req=7421952 hits=2348878 fwd=4955 rows=5072176 fwd_ms=287353.2 eval=0 prior=0
[inst] req=7430144 hits=2351430 fwd=4961 rows=5078320 fwd_ms=287687.5 eval=0 prior=0
[inst] req=7438336 hits=2353944 fwd=4966 rows=5083440 fwd_ms=287965.6 eval=0 prior=0
[inst] req=7446528 hits=2356527 fwd=4972 rows=5089584 fwd_ms=288299.0 eval=0 prior=0
[inst] req=7454720 hits=2359178 fwd=4977 rows=5094704 fwd_ms=288577.0 eval=0 prior=0
[inst] req=7462912 hits=2361817 fwd=4983 rows=5100848 fwd_ms=288910.4 eval=0 prior=0
[inst] req=7471104 hits=2364443 fwd=4988 rows=5105968 fwd_ms=289188.4 eval=0 prior=0
[inst] req=7479296 hits=2367214 fwd=4993 rows=5111088 fwd_ms=289466.4 eval=0 prior=0
[inst] req=7487488 hits=2369817 fwd=4999 rows=5117232 fwd_ms=289800.0 eval=0 prior=0
[inst] req=7495680 hits=2372569 fwd=5004 rows=5122352 fwd_ms=290077.8 eval=0 prior=0
[inst] req=7503872 hits=2375082 fwd=5010 rows=5128496 fwd_ms=290411.2 eval=0 prior=0
[inst] req=7512064 hits=2377571 fwd=5015 rows=5133616 fwd_ms=290689.1 eval=0 prior=0
[inst] req=7520256 hits=2380048 fwd=5021 rows=5139760 fwd_ms=291022.6 eval=0 prior=0
[inst] req=7528448 hits=2382589 fwd=5026 rows=5144880 fwd_ms=291300.5 eval=0 prior=0
[inst] req=7536640 hits=2385150 fwd=5032 rows=5151024 fwd_ms=291634.1 eval=0 prior=0
[inst] req=7544832 hits=2387884 fwd=5037 rows=5156144 fwd_ms=291912.0 eval=0 prior=0
[inst] req=7553024 hits=2390541 fwd=5043 rows=5162288 fwd_ms=292245.4 eval=0 prior=0
[inst] req=7561216 hits=2393024 fwd=5048 rows=5167408 fwd_ms=292524.2 eval=0 prior=0
[inst] req=7569408 hits=2395660 fwd=5054 rows=5173552 fwd_ms=292859.0 eval=0 prior=0
[inst] req=7577600 hits=2398249 fwd=5059 rows=5178672 fwd_ms=293138.0 eval=0 prior=0
[inst] req=7585792 hits=2400886 fwd=5065 rows=5184816 fwd_ms=293472.9 eval=0 prior=0
[inst] req=7593984 hits=2403517 fwd=5070 rows=5189936 fwd_ms=293751.7 eval=0 prior=0
[inst] req=7602176 hits=2406093 fwd=5076 rows=5196080 fwd_ms=294084.9 eval=0 prior=0
[inst] req=7610368 hits=2408688 fwd=5081 rows=5201200 fwd_ms=294362.8 eval=0 prior=0
[inst] req=7618560 hits=2411216 fwd=5086 rows=5206320 fwd_ms=294640.7 eval=0 prior=0
[inst] req=7626752 hits=2413781 fwd=5092 rows=5212464 fwd_ms=294974.2 eval=0 prior=0
[inst] req=7634944 hits=2416334 fwd=5098 rows=5218608 fwd_ms=295310.6 eval=0 prior=0
[inst] req=7643136 hits=2418816 fwd=5103 rows=5223728 fwd_ms=295588.4 eval=0 prior=0
[inst] req=7651328 hits=2421399 fwd=5109 rows=5229872 fwd_ms=295922.9 eval=0 prior=0
[inst] req=7659520 hits=2423934 fwd=5114 rows=5234992 fwd_ms=296200.5 eval=0 prior=0
[inst] req=7667712 hits=2426583 fwd=5119 rows=5240112 fwd_ms=296478.3 eval=0 prior=0
[inst] req=7675904 hits=2429145 fwd=5125 rows=5246256 fwd_ms=296811.5 eval=0 prior=0
[inst] req=7684096 hits=2431689 fwd=5131 rows=5252400 fwd_ms=297144.7 eval=0 prior=0
[inst] req=7692288 hits=2434147 fwd=5136 rows=5257520 fwd_ms=297422.8 eval=0 prior=0
[inst] req=7700480 hits=2436792 fwd=5142 rows=5263664 fwd_ms=297756.8 eval=0 prior=0
[inst] req=7708672 hits=2439334 fwd=5147 rows=5268784 fwd_ms=298035.1 eval=0 prior=0
[inst] req=7716864 hits=2441885 fwd=5153 rows=5274928 fwd_ms=298369.0 eval=0 prior=0
[inst] req=7725056 hits=2444543 fwd=5158 rows=5280048 fwd_ms=298647.3 eval=0 prior=0
[inst] req=7733248 hits=2447138 fwd=5163 rows=5285168 fwd_ms=298925.7 eval=0 prior=0
[inst] req=7741440 hits=2449820 fwd=5169 rows=5291312 fwd_ms=299259.9 eval=0 prior=0
[inst] req=7749632 hits=2452597 fwd=5174 rows=5296432 fwd_ms=299538.6 eval=0 prior=0
[inst] req=7757824 hits=2455270 fwd=5179 rows=5301552 fwd_ms=299817.3 eval=0 prior=0
[inst] req=7766016 hits=2457909 fwd=5185 rows=5307696 fwd_ms=300151.4 eval=0 prior=0
[inst] req=7774208 hits=2460515 fwd=5190 rows=5312816 fwd_ms=300429.6 eval=0 prior=0
[inst] req=7782400 hits=2463012 fwd=5196 rows=5318960 fwd_ms=300763.5 eval=0 prior=0
[inst] req=7790592 hits=2465552 fwd=5201 rows=5324080 fwd_ms=301041.6 eval=0 prior=0
[inst] req=7798784 hits=2468188 fwd=5207 rows=5330224 fwd_ms=301375.5 eval=0 prior=0
[inst] req=7806976 hits=2470726 fwd=5212 rows=5335344 fwd_ms=301653.6 eval=0 prior=0
[inst] req=7815168 hits=2473455 fwd=5218 rows=5341487 fwd_ms=301988.1 eval=0 prior=0
[inst] req=7823360 hits=2475961 fwd=5223 rows=5346607 fwd_ms=302266.7 eval=0 prior=0
[inst] req=7831552 hits=2478645 fwd=5229 rows=5352751 fwd_ms=302601.1 eval=0 prior=0
[inst] req=7839744 hits=2481273 fwd=5234 rows=5357871 fwd_ms=302930.0 eval=0 prior=0
[inst] req=7847936 hits=2483812 fwd=5240 rows=5364015 fwd_ms=303376.6 eval=0 prior=0
[inst] req=7856128 hits=2486575 fwd=5245 rows=5369135 fwd_ms=303869.0 eval=0 prior=0
[inst] req=7864320 hits=2489209 fwd=5250 rows=5374255 fwd_ms=304604.7 eval=0 prior=0
[inst] req=7872512 hits=2491904 fwd=5256 rows=5380399 fwd_ms=305422.3 eval=0 prior=0
[inst] req=7880704 hits=2494436 fwd=5261 rows=5385519 fwd_ms=306057.4 eval=0 prior=0
[inst] req=7888896 hits=2497000 fwd=5267 rows=5391663 fwd_ms=306902.1 eval=0 prior=0
[inst] req=7897088 hits=2499563 fwd=5272 rows=5396695 fwd_ms=307579.7 eval=0 prior=0
[inst] req=7905280 hits=2502126 fwd=5278 rows=5402839 fwd_ms=308362.9 eval=0 prior=0
[inst] req=7913472 hits=2504671 fwd=5283 rows=5407959 fwd_ms=309034.5 eval=0 prior=0
[inst] req=7921664 hits=2507326 fwd=5289 rows=5414103 fwd_ms=309492.2 eval=0 prior=0
[inst] req=7929856 hits=2509840 fwd=5294 rows=5419223 fwd_ms=309774.5 eval=0 prior=0
[inst] req=7938048 hits=2512238 fwd=5300 rows=5425367 fwd_ms=310115.9 eval=0 prior=0
[inst] req=7946240 hits=2512469 fwd=5308 rows=5433559 fwd_ms=310566.7 eval=0 prior=0
[inst] req=7954432 hits=2512770 fwd=5315 rows=5440727 fwd_ms=310957.9 eval=0 prior=0
[inst] req=7962624 hits=2513266 fwd=5323 rows=5448919 fwd_ms=311404.6 eval=0 prior=0
[inst] req=7970816 hits=2513950 fwd=5330 rows=5456087 fwd_ms=311795.7 eval=0 prior=0
[inst] req=7979008 hits=2514970 fwd=5337 rows=5463255 fwd_ms=312186.6 eval=0 prior=0
[inst] req=7987200 hits=2516431 fwd=5344 rows=5470423 fwd_ms=312577.6 eval=0 prior=0
[inst] req=7995392 hits=2518372 fwd=5350 rows=5476567 fwd_ms=312912.6 eval=0 prior=0
[inst] req=8003584 hits=2520645 fwd=5356 rows=5482711 fwd_ms=313247.8 eval=0 prior=0
[inst] req=8011776 hits=2523145 fwd=5361 rows=5487831 fwd_ms=313527.2 eval=0 prior=0
[inst] req=8019968 hits=2525677 fwd=5367 rows=5493975 fwd_ms=313862.0 eval=0 prior=0
[inst] req=8028160 hits=2528039 fwd=5373 rows=5500119 fwd_ms=314196.7 eval=0 prior=0
[inst] req=8036352 hits=2530454 fwd=5378 rows=5505239 fwd_ms=314476.3 eval=0 prior=0
[inst] req=8044544 hits=2532837 fwd=5384 rows=5511383 fwd_ms=314811.3 eval=0 prior=0
[inst] req=8052736 hits=2535255 fwd=5389 rows=5516503 fwd_ms=315090.6 eval=0 prior=0
[inst] req=8060928 hits=2537755 fwd=5395 rows=5522647 fwd_ms=315428.7 eval=0 prior=0
[inst] req=8069120 hits=2540286 fwd=5401 rows=5528791 fwd_ms=315763.3 eval=0 prior=0
[inst] req=8077312 hits=2542950 fwd=5406 rows=5533911 fwd_ms=316042.5 eval=0 prior=0
[inst] req=8085504 hits=2545665 fwd=5411 rows=5539031 fwd_ms=316321.4 eval=0 prior=0
[inst] req=8093696 hits=2548330 fwd=5417 rows=5545175 fwd_ms=316656.3 eval=0 prior=0
[inst] req=8101888 hits=2551073 fwd=5422 rows=5550295 fwd_ms=316935.9 eval=0 prior=0
[inst] req=8110080 hits=2553769 fwd=5427 rows=5555415 fwd_ms=317215.6 eval=0 prior=0
[inst] req=8118272 hits=2556213 fwd=5433 rows=5561559 fwd_ms=317550.8 eval=0 prior=0
[inst] req=8126464 hits=2558775 fwd=5438 rows=5566679 fwd_ms=317830.5 eval=0 prior=0
[inst] req=8134656 hits=2561313 fwd=5444 rows=5572820 fwd_ms=318174.6 eval=0 prior=0
[inst] req=8142848 hits=2563873 fwd=5450 rows=5578964 fwd_ms=318510.1 eval=0 prior=0
[inst] req=8151040 hits=2566385 fwd=5455 rows=5584084 fwd_ms=318789.4 eval=0 prior=0
[inst] req=8159232 hits=2568958 fwd=5461 rows=5590228 fwd_ms=319124.6 eval=0 prior=0
[inst] req=8167424 hits=2571559 fwd=5466 rows=5595348 fwd_ms=319404.0 eval=0 prior=0
[inst] req=8175616 hits=2574517 fwd=5471 rows=5600467 fwd_ms=319683.3 eval=0 prior=0
[inst] req=8183808 hits=2577328 fwd=5476 rows=5605587 fwd_ms=319962.8 eval=0 prior=0
[inst] req=8192000 hits=2580120 fwd=5482 rows=5611731 fwd_ms=320297.6 eval=0 prior=0
[inst] req=8200192 hits=2582605 fwd=5487 rows=5616851 fwd_ms=320576.3 eval=0 prior=0
[inst] req=8208384 hits=2585072 fwd=5493 rows=5622995 fwd_ms=320911.5 eval=0 prior=0
[inst] req=8216576 hits=2587555 fwd=5498 rows=5628115 fwd_ms=321191.3 eval=0 prior=0
[inst] req=8224768 hits=2589932 fwd=5504 rows=5634259 fwd_ms=321527.1 eval=0 prior=0
[inst] req=8232960 hits=2592341 fwd=5510 rows=5640403 fwd_ms=321862.9 eval=0 prior=0
[inst] req=8241152 hits=2594824 fwd=5515 rows=5645523 fwd_ms=322142.7 eval=0 prior=0
[inst] req=8249344 hits=2597398 fwd=5521 rows=5651667 fwd_ms=322478.4 eval=0 prior=0
[inst] req=8257536 hits=2599995 fwd=5526 rows=5656787 fwd_ms=322758.1 eval=0 prior=0
[inst] req=8265728 hits=2602780 fwd=5532 rows=5662931 fwd_ms=323093.5 eval=0 prior=0
[inst] req=8273920 hits=2605554 fwd=5537 rows=5668051 fwd_ms=323373.3 eval=0 prior=0
[inst] req=8282112 hits=2608162 fwd=5542 rows=5673171 fwd_ms=323653.2 eval=0 prior=0
[inst] req=8290304 hits=2610654 fwd=5548 rows=5679315 fwd_ms=323988.6 eval=0 prior=0
[inst] req=8298496 hits=2613115 fwd=5553 rows=5684435 fwd_ms=324268.5 eval=0 prior=0
[inst] req=8306688 hits=2615651 fwd=5559 rows=5690579 fwd_ms=324604.3 eval=0 prior=0
[inst] req=8314880 hits=2618221 fwd=5564 rows=5695699 fwd_ms=324884.3 eval=0 prior=0
[inst] req=8323072 hits=2620644 fwd=5570 rows=5701843 fwd_ms=325220.3 eval=0 prior=0
[inst] req=8331264 hits=2623292 fwd=5575 rows=5706963 fwd_ms=325500.3 eval=0 prior=0
[inst] req=8339456 hits=2625985 fwd=5581 rows=5713107 fwd_ms=325836.1 eval=0 prior=0
[inst] req=8347648 hits=2628658 fwd=5586 rows=5718227 fwd_ms=326116.2 eval=0 prior=0
[inst] req=8355840 hits=2631535 fwd=5591 rows=5723347 fwd_ms=326396.3 eval=0 prior=0
[inst] req=8364032 hits=2634418 fwd=5597 rows=5729491 fwd_ms=326732.0 eval=0 prior=0
[inst] req=8372224 hits=2637074 fwd=5602 rows=5734611 fwd_ms=327012.1 eval=0 prior=0
[inst] req=8380416 hits=2639687 fwd=5607 rows=5739731 fwd_ms=327292.3 eval=0 prior=0
[inst] req=8388608 hits=2642217 fwd=5613 rows=5745875 fwd_ms=327628.4 eval=0 prior=0
[inst] req=8396800 hits=2644715 fwd=5619 rows=5752019 fwd_ms=327964.5 eval=0 prior=0
[inst] req=8404992 hits=2647139 fwd=5624 rows=5757139 fwd_ms=328244.7 eval=0 prior=0
[inst] req=8413184 hits=2649557 fwd=5630 rows=5763283 fwd_ms=328580.8 eval=0 prior=0
[inst] req=8421376 hits=2652201 fwd=5635 rows=5768403 fwd_ms=328861.0 eval=0 prior=0
[inst] req=8429568 hits=2654932 fwd=5641 rows=5774547 fwd_ms=329197.0 eval=0 prior=0
[inst] req=8437760 hits=2657602 fwd=5646 rows=5779667 fwd_ms=329477.2 eval=0 prior=0
[inst] req=8445952 hits=2660445 fwd=5651 rows=5784787 fwd_ms=329757.2 eval=0 prior=0
[inst] req=8454144 hits=2663132 fwd=5657 rows=5790931 fwd_ms=330093.2 eval=0 prior=0
[inst] req=8462336 hits=2665668 fwd=5662 rows=5796051 fwd_ms=330373.2 eval=0 prior=0
[inst] req=8470528 hits=2668344 fwd=5667 rows=5801171 fwd_ms=330653.3 eval=0 prior=0
[inst] req=8478720 hits=2670868 fwd=5673 rows=5807315 fwd_ms=330989.3 eval=0 prior=0
[inst] req=8486912 hits=2673331 fwd=5679 rows=5813459 fwd_ms=331325.5 eval=0 prior=0
[inst] req=8495104 hits=2676023 fwd=5684 rows=5818579 fwd_ms=331605.6 eval=0 prior=0
[inst] req=8503296 hits=2678603 fwd=5689 rows=5823699 fwd_ms=331885.8 eval=0 prior=0
[inst] req=8511488 hits=2681357 fwd=5695 rows=5829843 fwd_ms=332221.8 eval=0 prior=0
[inst] req=8519680 hits=2684062 fwd=5700 rows=5834963 fwd_ms=332501.9 eval=0 prior=0
[inst] req=8527872 hits=2686775 fwd=5705 rows=5840083 fwd_ms=332782.1 eval=0 prior=0
[inst] req=8536064 hits=2689403 fwd=5711 rows=5846227 fwd_ms=333118.1 eval=0 prior=0
[inst] req=8544256 hits=2692183 fwd=5716 rows=5851347 fwd_ms=333398.3 eval=0 prior=0
[inst] req=8552448 hits=2694826 fwd=5722 rows=5857491 fwd_ms=333734.3 eval=0 prior=0
[inst] req=8560640 hits=2697383 fwd=5727 rows=5862611 fwd_ms=334013.8 eval=0 prior=0
[inst] req=8568832 hits=2699960 fwd=5733 rows=5868755 fwd_ms=334349.2 eval=0 prior=0
[inst] req=8577024 hits=2702526 fwd=5738 rows=5873875 fwd_ms=334629.0 eval=0 prior=0
[inst] req=8585216 hits=2705063 fwd=5744 rows=5880019 fwd_ms=334964.5 eval=0 prior=0
[inst] req=8593408 hits=2707540 fwd=5749 rows=5885139 fwd_ms=335243.9 eval=0 prior=0
[inst] req=8601600 hits=2710107 fwd=5755 rows=5891280 fwd_ms=335579.7 eval=0 prior=0
[inst] req=8609792 hits=2712864 fwd=5760 rows=5896400 fwd_ms=335859.4 eval=0 prior=0
[inst] req=8617984 hits=2715578 fwd=5765 rows=5901520 fwd_ms=336138.9 eval=0 prior=0
[inst] req=8626176 hits=2718477 fwd=5771 rows=5907664 fwd_ms=336474.6 eval=0 prior=0
[inst] req=8634368 hits=2721257 fwd=5776 rows=5912784 fwd_ms=336754.3 eval=0 prior=0
[inst] req=8642560 hits=2723867 fwd=5781 rows=5917904 fwd_ms=337033.9 eval=0 prior=0
[inst] req=8650752 hits=2726449 fwd=5787 rows=5924048 fwd_ms=337369.7 eval=0 prior=0
[inst] req=8658944 hits=2729038 fwd=5792 rows=5929168 fwd_ms=337649.3 eval=0 prior=0
[inst] req=8667136 hits=2731690 fwd=5798 rows=5935312 fwd_ms=337984.6 eval=0 prior=0
[inst] req=8675328 hits=2734574 fwd=5803 rows=5940432 fwd_ms=338264.4 eval=0 prior=0
[inst] req=8683520 hits=2737193 fwd=5808 rows=5945552 fwd_ms=338544.0 eval=0 prior=0
[inst] req=8691712 hits=2739818 fwd=5814 rows=5951696 fwd_ms=338879.5 eval=0 prior=0
[inst] req=8699904 hits=2742481 fwd=5819 rows=5956816 fwd_ms=339159.0 eval=0 prior=0
[inst] req=8708096 hits=2745088 fwd=5825 rows=5962960 fwd_ms=339494.2 eval=0 prior=0
[inst] req=8716288 hits=2747659 fwd=5830 rows=5968080 fwd_ms=339773.7 eval=0 prior=0
[inst] req=8724480 hits=2750255 fwd=5836 rows=5974224 fwd_ms=340109.3 eval=0 prior=0
[inst] req=8732672 hits=2752779 fwd=5841 rows=5979344 fwd_ms=340389.0 eval=0 prior=0
[inst] req=8740864 hits=2755331 fwd=5847 rows=5985488 fwd_ms=340724.4 eval=0 prior=0
[inst] req=8749056 hits=2757803 fwd=5852 rows=5990608 fwd_ms=341004.0 eval=0 prior=0
[inst] req=8757248 hits=2760425 fwd=5858 rows=5996752 fwd_ms=341339.5 eval=0 prior=0
[inst] req=8765440 hits=2763100 fwd=5863 rows=6001872 fwd_ms=341619.2 eval=0 prior=0
[inst] req=8773632 hits=2765704 fwd=5868 rows=6006992 fwd_ms=341898.8 eval=0 prior=0
[inst] req=8781824 hits=2768394 fwd=5874 rows=6013136 fwd_ms=342234.3 eval=0 prior=0
[inst] req=8790016 hits=2771238 fwd=5879 rows=6018256 fwd_ms=342513.5 eval=0 prior=0
[inst] req=8798208 hits=2773918 fwd=5884 rows=6023376 fwd_ms=342793.3 eval=0 prior=0
[inst] req=8806400 hits=2776659 fwd=5890 rows=6029520 fwd_ms=343128.9 eval=0 prior=0
[inst] req=8814592 hits=2779321 fwd=5895 rows=6034640 fwd_ms=343408.2 eval=0 prior=0
[inst] req=8822784 hits=2781914 fwd=5901 rows=6040784 fwd_ms=343744.1 eval=0 prior=0
[inst] req=8830976 hits=2784420 fwd=5906 rows=6045904 fwd_ms=344024.1 eval=0 prior=0
[inst] req=8839168 hits=2786980 fwd=5912 rows=6052048 fwd_ms=344360.2 eval=0 prior=0
[inst] req=8847360 hits=2789478 fwd=5917 rows=6057168 fwd_ms=344640.1 eval=0 prior=0
[inst] req=8855552 hits=2792205 fwd=5923 rows=6063312 fwd_ms=344975.8 eval=0 prior=0
[inst] req=8863744 hits=2794922 fwd=5928 rows=6068432 fwd_ms=345255.1 eval=0 prior=0
[inst] req=8871936 hits=2797550 fwd=5933 rows=6073552 fwd_ms=345534.8 eval=0 prior=0
[inst] req=8880128 hits=2800193 fwd=5939 rows=6079696 fwd_ms=345870.2 eval=0 prior=0
[inst] req=8888320 hits=2803030 fwd=5944 rows=6084816 fwd_ms=346149.5 eval=0 prior=0
[inst] req=8896512 hits=2805650 fwd=5949 rows=6089936 fwd_ms=346429.3 eval=0 prior=0
[inst] req=8904704 hits=2808324 fwd=5955 rows=6096080 fwd_ms=346764.8 eval=0 prior=0
[inst] req=8912896 hits=2810999 fwd=5960 rows=6101200 fwd_ms=347044.3 eval=0 prior=0
[inst] req=8921088 hits=2813570 fwd=5966 rows=6107344 fwd_ms=347380.0 eval=0 prior=0
[inst] req=8929280 hits=2816309 fwd=5971 rows=6112464 fwd_ms=347660.3 eval=0 prior=0
[inst] req=8937472 hits=2819035 fwd=5976 rows=6117584 fwd_ms=347940.1 eval=0 prior=0
[inst] req=8945664 hits=2821633 fwd=5982 rows=6123728 fwd_ms=348275.9 eval=0 prior=0
[inst] req=8953856 hits=2824243 fwd=5987 rows=6128848 fwd_ms=348555.7 eval=0 prior=0
[inst] req=8962048 hits=2826937 fwd=5993 rows=6134992 fwd_ms=348891.3 eval=0 prior=0
[inst] req=8970240 hits=2829633 fwd=5998 rows=6140112 fwd_ms=349170.6 eval=0 prior=0
[inst] req=8978432 hits=2832327 fwd=6003 rows=6145232 fwd_ms=349449.6 eval=0 prior=0
[inst] req=8986624 hits=2835050 fwd=6009 rows=6151376 fwd_ms=349784.5 eval=0 prior=0
[inst] req=8994816 hits=2837724 fwd=6014 rows=6156496 fwd_ms=350063.5 eval=0 prior=0
[inst] req=9003008 hits=2840494 fwd=6019 rows=6161616 fwd_ms=350342.6 eval=0 prior=0
[inst] req=9011200 hits=2843207 fwd=6025 rows=6167760 fwd_ms=350677.4 eval=0 prior=0
[inst] req=9019392 hits=2845971 fwd=6030 rows=6172880 fwd_ms=350957.5 eval=0 prior=0
[inst] req=9027584 hits=2848611 fwd=6035 rows=6178000 fwd_ms=351237.4 eval=0 prior=0
[inst] req=9035776 hits=2851287 fwd=6041 rows=6184144 fwd_ms=351573.5 eval=0 prior=0
[inst] req=9043968 hits=2853955 fwd=6046 rows=6189264 fwd_ms=351853.5 eval=0 prior=0
[inst] req=9052160 hits=2856608 fwd=6052 rows=6195408 fwd_ms=352189.3 eval=0 prior=0
[inst] req=9060352 hits=2859229 fwd=6057 rows=6200528 fwd_ms=352469.2 eval=0 prior=0
[inst] req=9068544 hits=2861878 fwd=6062 rows=6205648 fwd_ms=352749.3 eval=0 prior=0
[inst] req=9076736 hits=2864560 fwd=6068 rows=6211792 fwd_ms=353085.2 eval=0 prior=0
[inst] req=9084928 hits=2867290 fwd=6073 rows=6216912 fwd_ms=353365.2 eval=0 prior=0
[inst] req=9093120 hits=2869929 fwd=6079 rows=6223056 fwd_ms=353701.1 eval=0 prior=0
[inst] req=9101312 hits=2872507 fwd=6084 rows=6228176 fwd_ms=353981.1 eval=0 prior=0
[inst] req=9109504 hits=2875037 fwd=6090 rows=6234320 fwd_ms=354316.0 eval=0 prior=0
[inst] req=9117696 hits=2877630 fwd=6095 rows=6239440 fwd_ms=354594.2 eval=0 prior=0
[inst] req=9125888 hits=2880344 fwd=6100 rows=6244560 fwd_ms=354872.5 eval=0 prior=0
[inst] req=9134080 hits=2883022 fwd=6106 rows=6250704 fwd_ms=355206.6 eval=0 prior=0
[inst] req=9142272 hits=2885706 fwd=6111 rows=6255824 fwd_ms=355485.0 eval=0 prior=0
[inst] req=9150464 hits=2888381 fwd=6117 rows=6261968 fwd_ms=355819.0 eval=0 prior=0
[inst] req=9158656 hits=2890990 fwd=6122 rows=6267088 fwd_ms=356097.3 eval=0 prior=0
[inst] req=9166848 hits=2893556 fwd=6128 rows=6273232 fwd_ms=356431.0 eval=0 prior=0
[inst] req=9175040 hits=2896150 fwd=6133 rows=6278352 fwd_ms=356709.2 eval=0 prior=0
[inst] req=9183232 hits=2898742 fwd=6138 rows=6283472 fwd_ms=356987.5 eval=0 prior=0
[inst] req=9191424 hits=2901372 fwd=6144 rows=6289616 fwd_ms=357321.1 eval=0 prior=0
[inst] req=9199616 hits=2903899 fwd=6149 rows=6294736 fwd_ms=357599.2 eval=0 prior=0
[inst] req=9207808 hits=2906392 fwd=6155 rows=6300880 fwd_ms=357932.9 eval=0 prior=0
[inst] req=9216000 hits=2908994 fwd=6160 rows=6306000 fwd_ms=358211.0 eval=0 prior=0
[inst] req=9224192 hits=2911665 fwd=6166 rows=6312144 fwd_ms=358544.7 eval=0 prior=0
[inst] req=9232384 hits=2914335 fwd=6171 rows=6317264 fwd_ms=358822.9 eval=0 prior=0
[inst] req=9240576 hits=2917059 fwd=6177 rows=6323408 fwd_ms=359156.9 eval=0 prior=0
[inst] req=9248768 hits=2919869 fwd=6182 rows=6328528 fwd_ms=359435.0 eval=0 prior=0
[inst] req=9256960 hits=2922508 fwd=6187 rows=6333648 fwd_ms=359713.2 eval=0 prior=0
[inst] req=9265152 hits=2925127 fwd=6193 rows=6339792 fwd_ms=360047.1 eval=0 prior=0
[inst] req=9273344 hits=2927607 fwd=6198 rows=6344912 fwd_ms=360325.3 eval=0 prior=0
[inst] req=9281536 hits=2930143 fwd=6204 rows=6351056 fwd_ms=360659.0 eval=0 prior=0
[inst] req=9289728 hits=2932799 fwd=6209 rows=6356176 fwd_ms=360937.1 eval=0 prior=0
[inst] req=9297920 hits=2935599 fwd=6215 rows=6362320 fwd_ms=361270.9 eval=0 prior=0
[inst] req=9306112 hits=2938344 fwd=6220 rows=6367440 fwd_ms=361549.0 eval=0 prior=0
[inst] req=9314304 hits=2941022 fwd=6225 rows=6372560 fwd_ms=361827.2 eval=0 prior=0
[inst] req=9322496 hits=2943629 fwd=6231 rows=6378704 fwd_ms=362161.1 eval=0 prior=0
[inst] req=9330688 hits=2946165 fwd=6236 rows=6383824 fwd_ms=362439.3 eval=0 prior=0
[inst] req=9338880 hits=2948776 fwd=6242 rows=6389968 fwd_ms=362773.2 eval=0 prior=0
[inst] req=9347072 hits=2951400 fwd=6247 rows=6395088 fwd_ms=363051.5 eval=0 prior=0
[inst] req=9355264 hits=2953998 fwd=6253 rows=6401232 fwd_ms=363392.4 eval=0 prior=0
[inst] req=9363456 hits=2956533 fwd=6258 rows=6406352 fwd_ms=363670.6 eval=0 prior=0
[inst] req=9371648 hits=2959085 fwd=6264 rows=6412496 fwd_ms=364004.4 eval=0 prior=0
[inst] req=9379840 hits=2961674 fwd=6269 rows=6417616 fwd_ms=364282.5 eval=0 prior=0
[inst] req=9388032 hits=2964347 fwd=6274 rows=6422736 fwd_ms=364560.7 eval=0 prior=0
[inst] req=9396224 hits=2966879 fwd=6280 rows=6428880 fwd_ms=364894.4 eval=0 prior=0
[inst] req=9404416 hits=2969548 fwd=6285 rows=6434000 fwd_ms=365172.6 eval=0 prior=0
[inst] req=9412608 hits=2972233 fwd=6291 rows=6440144 fwd_ms=365506.3 eval=0 prior=0
[inst] req=9420800 hits=2975033 fwd=6296 rows=6445264 fwd_ms=365784.7 eval=0 prior=0
[inst] req=9428992 hits=2977648 fwd=6301 rows=6450384 fwd_ms=366062.9 eval=0 prior=0
[inst] req=9437184 hits=2980179 fwd=6307 rows=6456528 fwd_ms=366396.5 eval=0 prior=0
[inst] req=9445376 hits=2982699 fwd=6313 rows=6462672 fwd_ms=366730.3 eval=0 prior=0
[inst] req=9453568 hits=2985394 fwd=6318 rows=6467792 fwd_ms=367008.4 eval=0 prior=0
[inst] req=9461760 hits=2988137 fwd=6323 rows=6472912 fwd_ms=367286.6 eval=0 prior=0
[inst] req=9469952 hits=2990852 fwd=6329 rows=6479056 fwd_ms=367620.5 eval=0 prior=0
[inst] req=9478144 hits=2993475 fwd=6334 rows=6484176 fwd_ms=367898.5 eval=0 prior=0
[inst] req=9486336 hits=2996255 fwd=6339 rows=6489296 fwd_ms=368176.8 eval=0 prior=0
[inst] req=9494528 hits=2998943 fwd=6345 rows=6495440 fwd_ms=368510.8 eval=0 prior=0
[inst] req=9502720 hits=3001646 fwd=6350 rows=6500560 fwd_ms=368789.0 eval=0 prior=0
[inst] req=9510912 hits=3004424 fwd=6355 rows=6505530 fwd_ms=369069.6 eval=0 prior=0
[inst] req=9519104 hits=3007123 fwd=6361 rows=6511674 fwd_ms=369404.2 eval=0 prior=0
[inst] req=9527296 hits=3009683 fwd=6366 rows=6516794 fwd_ms=369682.9 eval=0 prior=0
[inst] req=9535488 hits=3012319 fwd=6372 rows=6522938 fwd_ms=370017.6 eval=0 prior=0
[inst] req=9543680 hits=3015032 fwd=6377 rows=6528058 fwd_ms=370296.5 eval=0 prior=0
[inst] req=9551872 hits=3017615 fwd=6383 rows=6534202 fwd_ms=370631.2 eval=0 prior=0
[inst] req=9560064 hits=3020163 fwd=6388 rows=6539322 fwd_ms=370910.3 eval=0 prior=0
[inst] req=9568256 hits=3022714 fwd=6394 rows=6545466 fwd_ms=371244.8 eval=0 prior=0
[inst] req=9576448 hits=3025280 fwd=6399 rows=6550586 fwd_ms=371523.6 eval=0 prior=0
[inst] req=9584640 hits=3027975 fwd=6404 rows=6555706 fwd_ms=371802.5 eval=0 prior=0
[inst] req=9592832 hits=3030582 fwd=6410 rows=6561850 fwd_ms=372137.1 eval=0 prior=0
[inst] req=9601024 hits=3033248 fwd=6415 rows=6566970 fwd_ms=372415.9 eval=0 prior=0
[inst] req=9609216 hits=3035857 fwd=6421 rows=6573114 fwd_ms=372750.6 eval=0 prior=0
[inst] req=9617408 hits=3038423 fwd=6426 rows=6578234 fwd_ms=373029.4 eval=0 prior=0
[inst] req=9625600 hits=3041053 fwd=6432 rows=6584378 fwd_ms=373364.1 eval=0 prior=0
[inst] req=9633792 hits=3043694 fwd=6437 rows=6589498 fwd_ms=373644.2 eval=0 prior=0
[inst] req=9641984 hits=3046368 fwd=6442 rows=6594618 fwd_ms=373924.3 eval=0 prior=0
[inst] req=9650176 hits=3048979 fwd=6448 rows=6600762 fwd_ms=374260.4 eval=0 prior=0
[inst] req=9658368 hits=3051569 fwd=6453 rows=6605882 fwd_ms=374540.5 eval=0 prior=0
[inst] req=9666560 hits=3054251 fwd=6459 rows=6612026 fwd_ms=374876.5 eval=0 prior=0
[inst] req=9674752 hits=3056914 fwd=6464 rows=6617146 fwd_ms=375156.6 eval=0 prior=0
[inst] req=9682944 hits=3059586 fwd=6470 rows=6623290 fwd_ms=375492.9 eval=0 prior=0
[inst] req=9691136 hits=3062388 fwd=6475 rows=6628410 fwd_ms=375772.9 eval=0 prior=0
[inst] req=9699328 hits=3065091 fwd=6480 rows=6633530 fwd_ms=376052.9 eval=0 prior=0
[inst] req=9707520 hits=3067641 fwd=6486 rows=6639674 fwd_ms=376388.9 eval=0 prior=0
[inst] req=9715712 hits=3070117 fwd=6491 rows=6644794 fwd_ms=376668.8 eval=0 prior=0
[inst] req=9723904 hits=3072653 fwd=6497 rows=6650938 fwd_ms=377004.8 eval=0 prior=0
[inst] req=9732096 hits=3075324 fwd=6502 rows=6656058 fwd_ms=377284.9 eval=0 prior=0
[inst] req=9740288 hits=3078095 fwd=6507 rows=6661178 fwd_ms=377565.0 eval=0 prior=0
[inst] req=9748480 hits=3080812 fwd=6513 rows=6667322 fwd_ms=377901.2 eval=0 prior=0
[inst] req=9756672 hits=3083468 fwd=6518 rows=6672442 fwd_ms=378181.1 eval=0 prior=0
[inst] req=9764864 hits=3086195 fwd=6524 rows=6678586 fwd_ms=378517.2 eval=0 prior=0
[inst] req=9773056 hits=3088850 fwd=6529 rows=6683706 fwd_ms=378797.1 eval=0 prior=0
[inst] req=9781248 hits=3091468 fwd=6534 rows=6688826 fwd_ms=379077.1 eval=0 prior=0
[inst] req=9789440 hits=3094093 fwd=6540 rows=6694970 fwd_ms=379413.1 eval=0 prior=0
[inst] req=9797632 hits=3096737 fwd=6545 rows=6700090 fwd_ms=379693.2 eval=0 prior=0
[inst] req=9805824 hits=3099397 fwd=6551 rows=6706234 fwd_ms=380029.2 eval=0 prior=0
[inst] req=9814016 hits=3102051 fwd=6556 rows=6711354 fwd_ms=380309.1 eval=0 prior=0
[inst] req=9822208 hits=3104742 fwd=6561 rows=6716474 fwd_ms=380589.1 eval=0 prior=0
[inst] req=9830400 hits=3107340 fwd=6567 rows=6722618 fwd_ms=380925.3 eval=0 prior=0
[inst] req=9838592 hits=3110038 fwd=6572 rows=6727737 fwd_ms=381205.5 eval=0 prior=0
[inst] req=9846784 hits=3112684 fwd=6578 rows=6733881 fwd_ms=381541.7 eval=0 prior=0
[inst] req=9854976 hits=3115208 fwd=6583 rows=6739001 fwd_ms=381821.8 eval=0 prior=0
[inst] req=9863168 hits=3117828 fwd=6589 rows=6745145 fwd_ms=382157.8 eval=0 prior=0
[inst] req=9871360 hits=3120442 fwd=6594 rows=6750265 fwd_ms=382437.6 eval=0 prior=0
[inst] req=9879552 hits=3123111 fwd=6600 rows=6756409 fwd_ms=382773.7 eval=0 prior=0
[inst] req=9887744 hits=3125731 fwd=6605 rows=6761529 fwd_ms=383053.7 eval=0 prior=0
[inst] req=9895936 hits=3128566 fwd=6610 rows=6766649 fwd_ms=383333.5 eval=0 prior=0
[inst] req=9904128 hits=3131291 fwd=6616 rows=6772793 fwd_ms=383669.7 eval=0 prior=0
[inst] req=9912320 hits=3133897 fwd=6621 rows=6777913 fwd_ms=383949.7 eval=0 prior=0
[inst] req=9920512 hits=3136619 fwd=6626 rows=6783033 fwd_ms=384229.8 eval=0 prior=0
[inst] req=9928704 hits=3139485 fwd=6632 rows=6789177 fwd_ms=384565.0 eval=0 prior=0
[inst] req=9936896 hits=3142196 fwd=6637 rows=6794297 fwd_ms=384843.8 eval=0 prior=0
[inst] req=9945088 hits=3144966 fwd=6642 rows=6799417 fwd_ms=385122.5 eval=0 prior=0
[inst] req=9953280 hits=3147510 fwd=6648 rows=6805561 fwd_ms=385457.7 eval=0 prior=0
[inst] req=9961472 hits=3150130 fwd=6653 rows=6810681 fwd_ms=385737.2 eval=0 prior=0
[inst] req=9969664 hits=3152763 fwd=6659 rows=6816825 fwd_ms=386072.7 eval=0 prior=0
[inst] req=9977856 hits=3155450 fwd=6664 rows=6821945 fwd_ms=386352.4 eval=0 prior=0
[inst] req=9986048 hits=3158041 fwd=6669 rows=6827065 fwd_ms=386632.4 eval=0 prior=0
[inst] req=9994240 hits=3160656 fwd=6675 rows=6833209 fwd_ms=386968.7 eval=0 prior=0
[inst] req=10002432 hits=3163426 fwd=6680 rows=6838329 fwd_ms=387248.6 eval=0 prior=0
[inst] req=10010624 hits=3166049 fwd=6686 rows=6844473 fwd_ms=387584.5 eval=0 prior=0
[inst] req=10018816 hits=3168598 fwd=6691 rows=6849593 fwd_ms=387864.5 eval=0 prior=0
[inst] req=10027008 hits=3171244 fwd=6697 rows=6855737 fwd_ms=388200.6 eval=0 prior=0
[inst] req=10035200 hits=3173779 fwd=6702 rows=6860857 fwd_ms=388480.6 eval=0 prior=0
[inst] req=10043392 hits=3176505 fwd=6707 rows=6865977 fwd_ms=388760.4 eval=0 prior=0
[inst] req=10051584 hits=3179285 fwd=6713 rows=6872121 fwd_ms=389096.6 eval=0 prior=0
[inst] req=10059776 hits=3181911 fwd=6718 rows=6877241 fwd_ms=389376.6 eval=0 prior=0
[inst] req=10067968 hits=3184529 fwd=6724 rows=6883385 fwd_ms=389712.4 eval=0 prior=0
[inst] req=10076160 hits=3187107 fwd=6729 rows=6888505 fwd_ms=389992.0 eval=0 prior=0
[inst] req=10084352 hits=3189731 fwd=6734 rows=6893625 fwd_ms=390271.3 eval=0 prior=0
[inst] req=10092544 hits=3192529 fwd=6740 rows=6899769 fwd_ms=390606.4 eval=0 prior=0
[inst] req=10100736 hits=3195314 fwd=6745 rows=6904889 fwd_ms=390886.0 eval=0 prior=0
[inst] req=10108928 hits=3197906 fwd=6750 rows=6910009 fwd_ms=391166.0 eval=0 prior=0
[inst] req=10117120 hits=3200595 fwd=6756 rows=6916153 fwd_ms=391501.7 eval=0 prior=0
[inst] req=10125312 hits=3203169 fwd=6761 rows=6921273 fwd_ms=391781.0 eval=0 prior=0
[inst] req=10133504 hits=3205696 fwd=6767 rows=6927417 fwd_ms=392116.3 eval=0 prior=0
[inst] req=10141696 hits=3208371 fwd=6772 rows=6932537 fwd_ms=392395.5 eval=0 prior=0
[inst] req=10149888 hits=3210975 fwd=6778 rows=6938681 fwd_ms=392730.6 eval=0 prior=0
[inst] req=10158080 hits=3213534 fwd=6783 rows=6943801 fwd_ms=393010.2 eval=0 prior=0
[inst] req=10166272 hits=3216095 fwd=6789 rows=6949945 fwd_ms=393345.5 eval=0 prior=0
[inst] req=10174464 hits=3218712 fwd=6794 rows=6955065 fwd_ms=393625.0 eval=0 prior=0
[inst] req=10182656 hits=3221299 fwd=6800 rows=6961209 fwd_ms=393961.1 eval=0 prior=0
[inst] req=10190848 hits=3223998 fwd=6805 rows=6966329 fwd_ms=394240.3 eval=0 prior=0
[inst] req=10199040 hits=3226684 fwd=6810 rows=6971449 fwd_ms=394520.1 eval=0 prior=0
[inst] req=10207232 hits=3229330 fwd=6816 rows=6977593 fwd_ms=394856.3 eval=0 prior=0
[inst] req=10215424 hits=3231978 fwd=6821 rows=6982713 fwd_ms=395136.7 eval=0 prior=0
[inst] req=10223616 hits=3234626 fwd=6827 rows=6988857 fwd_ms=395473.3 eval=0 prior=0
[inst] req=10231808 hits=3237314 fwd=6832 rows=6993977 fwd_ms=395753.7 eval=0 prior=0
[inst] req=10240000 hits=3239901 fwd=6837 rows=6999097 fwd_ms=396033.9 eval=0 prior=0
[inst] req=10248192 hits=3242504 fwd=6843 rows=7005241 fwd_ms=396369.7 eval=0 prior=0
[inst] req=10256384 hits=3245257 fwd=6848 rows=7010361 fwd_ms=396649.8 eval=0 prior=0
[inst] req=10264576 hits=3247945 fwd=6854 rows=7016505 fwd_ms=396985.7 eval=0 prior=0
[inst] req=10272768 hits=3250647 fwd=6859 rows=7021625 fwd_ms=397265.6 eval=0 prior=0
[inst] req=10280960 hits=3253396 fwd=6864 rows=7026745 fwd_ms=397545.6 eval=0 prior=0
[inst] req=10289152 hits=3256067 fwd=6870 rows=7032889 fwd_ms=397881.4 eval=0 prior=0
[inst] req=10297344 hits=3258661 fwd=6875 rows=7038009 fwd_ms=398161.3 eval=0 prior=0
[inst] req=10305536 hits=3261220 fwd=6881 rows=7044153 fwd_ms=398497.4 eval=0 prior=0
[inst] req=10313728 hits=3263888 fwd=6886 rows=7049273 fwd_ms=398777.5 eval=0 prior=0
[inst] req=10321920 hits=3266494 fwd=6892 rows=7055417 fwd_ms=399113.2 eval=0 prior=0
[inst] req=10330112 hits=3269055 fwd=6897 rows=7060537 fwd_ms=399393.0 eval=0 prior=0
[inst] req=10338304 hits=3271651 fwd=6902 rows=7065657 fwd_ms=399673.0 eval=0 prior=0
[inst] req=10346496 hits=3274223 fwd=6908 rows=7071801 fwd_ms=400009.0 eval=0 prior=0
[inst] req=10354688 hits=3277114 fwd=6913 rows=7076921 fwd_ms=400288.9 eval=0 prior=0
[inst] req=10362880 hits=3279774 fwd=6919 rows=7083065 fwd_ms=400625.0 eval=0 prior=0
[inst] req=10371072 hits=3282437 fwd=6924 rows=7088185 fwd_ms=400905.1 eval=0 prior=0
[inst] req=10379264 hits=3285062 fwd=6929 rows=7093305 fwd_ms=401185.3 eval=0 prior=0
[inst] req=10387456 hits=3287681 fwd=6935 rows=7099449 fwd_ms=401521.6 eval=0 prior=0
[inst] req=10395648 hits=3290279 fwd=6940 rows=7104569 fwd_ms=401801.6 eval=0 prior=0
[inst] req=10403840 hits=3292922 fwd=6946 rows=7110713 fwd_ms=402137.6 eval=0 prior=0
[inst] req=10412032 hits=3295566 fwd=6951 rows=7115833 fwd_ms=402417.6 eval=0 prior=0
[inst] req=10420224 hits=3298291 fwd=6956 rows=7120953 fwd_ms=402697.6 eval=0 prior=0
[inst] req=10428416 hits=3300954 fwd=6962 rows=7127097 fwd_ms=403033.6 eval=0 prior=0
[inst] req=10436608 hits=3303574 fwd=6967 rows=7132217 fwd_ms=403313.6 eval=0 prior=0
[inst] req=10444800 hits=3306228 fwd=6973 rows=7138361 fwd_ms=403649.3 eval=0 prior=0
[inst] req=10452992 hits=3309053 fwd=6978 rows=7143481 fwd_ms=403929.2 eval=0 prior=0
[inst] req=10461184 hits=3311717 fwd=6983 rows=7148600 fwd_ms=404210.1 eval=0 prior=0
[inst] req=10469376 hits=3314383 fwd=6989 rows=7154744 fwd_ms=404546.1 eval=0 prior=0
[inst] req=10477568 hits=3316993 fwd=6994 rows=7159864 fwd_ms=404826.2 eval=0 prior=0
[inst] req=10485760 hits=3319707 fwd=7000 rows=7166008 fwd_ms=405162.2 eval=0 prior=0
[inst] req=10493952 hits=3322264 fwd=7005 rows=7171128 fwd_ms=405442.2 eval=0 prior=0
[inst] req=10502144 hits=3324847 fwd=7011 rows=7177272 fwd_ms=405778.1 eval=0 prior=0
[inst] req=10510336 hits=3327323 fwd=7016 rows=7182392 fwd_ms=406058.0 eval=0 prior=0
[inst] req=10518528 hits=3329915 fwd=7022 rows=7188536 fwd_ms=406393.9 eval=0 prior=0
[inst] req=10526720 hits=3332550 fwd=7027 rows=7193656 fwd_ms=406673.9 eval=0 prior=0
[inst] req=10534912 hits=3335248 fwd=7032 rows=7198776 fwd_ms=406954.0 eval=0 prior=0
[inst] req=10543104 hits=3337870 fwd=7038 rows=7204920 fwd_ms=407290.1 eval=0 prior=0
[inst] req=10551296 hits=3340549 fwd=7043 rows=7210040 fwd_ms=407570.2 eval=0 prior=0
[inst] req=10559488 hits=3343147 fwd=7049 rows=7216184 fwd_ms=407906.2 eval=0 prior=0
[inst] req=10567680 hits=3345717 fwd=7054 rows=7221304 fwd_ms=408186.3 eval=0 prior=0
[inst] req=10575872 hits=3348476 fwd=7059 rows=7226424 fwd_ms=408466.3 eval=0 prior=0
[inst] req=10584064 hits=3351144 fwd=7065 rows=7232568 fwd_ms=408802.4 eval=0 prior=0
[inst] req=10592256 hits=3353789 fwd=7070 rows=7237688 fwd_ms=409082.4 eval=0 prior=0
[inst] req=10600448 hits=3356504 fwd=7076 rows=7243832 fwd_ms=409418.2 eval=0 prior=0
[inst] req=10608640 hits=3359123 fwd=7081 rows=7248952 fwd_ms=409698.3 eval=0 prior=0
[inst] req=10616832 hits=3361802 fwd=7086 rows=7254072 fwd_ms=409978.3 eval=0 prior=0
[inst] req=10625024 hits=3364446 fwd=7092 rows=7260216 fwd_ms=410314.3 eval=0 prior=0
[inst] req=10633216 hits=3367018 fwd=7097 rows=7265336 fwd_ms=410594.0 eval=0 prior=0
[inst] req=10641408 hits=3369691 fwd=7103 rows=7271480 fwd_ms=410930.0 eval=0 prior=0
[inst] req=10649600 hits=3372430 fwd=7108 rows=7276600 fwd_ms=411210.2 eval=0 prior=0
[inst] req=10657792 hits=3375083 fwd=7113 rows=7281720 fwd_ms=411490.2 eval=0 prior=0
[inst] req=10665984 hits=3377617 fwd=7119 rows=7287864 fwd_ms=411826.2 eval=0 prior=0
[inst] req=10674176 hits=3380266 fwd=7124 rows=7292984 fwd_ms=412106.5 eval=0 prior=0
[inst] req=10682368 hits=3382937 fwd=7130 rows=7299128 fwd_ms=412442.5 eval=0 prior=0
[inst] req=10690560 hits=3385664 fwd=7135 rows=7304248 fwd_ms=412722.8 eval=0 prior=0
[inst] req=10698752 hits=3388311 fwd=7141 rows=7310392 fwd_ms=413058.8 eval=0 prior=0
[inst] req=10706944 hits=3390984 fwd=7146 rows=7315512 fwd_ms=413338.9 eval=0 prior=0
[inst] req=10715136 hits=3393626 fwd=7151 rows=7320632 fwd_ms=413619.0 eval=0 prior=0
[inst] req=10723328 hits=3396210 fwd=7157 rows=7326776 fwd_ms=413955.2 eval=0 prior=0
[inst] req=10731520 hits=3398849 fwd=7162 rows=7331896 fwd_ms=414235.3 eval=0 prior=0
[inst] req=10739712 hits=3401579 fwd=7168 rows=7338040 fwd_ms=414571.3 eval=0 prior=0
[inst] req=10747904 hits=3404283 fwd=7173 rows=7343160 fwd_ms=414851.2 eval=0 prior=0
[inst] req=10756096 hits=3407087 fwd=7178 rows=7348280 fwd_ms=415131.2 eval=0 prior=0
[inst] req=10764288 hits=3409704 fwd=7184 rows=7354424 fwd_ms=415467.4 eval=0 prior=0
[inst] req=10772480 hits=3412440 fwd=7189 rows=7359544 fwd_ms=415747.5 eval=0 prior=0
[inst] req=10780672 hits=3415190 fwd=7194 rows=7364664 fwd_ms=416027.6 eval=0 prior=0
[inst] req=10788864 hits=3417785 fwd=7200 rows=7370808 fwd_ms=416363.7 eval=0 prior=0
[inst] req=10797056 hits=3420347 fwd=7205 rows=7375928 fwd_ms=416643.7 eval=0 prior=0
[inst] req=10805248 hits=3423036 fwd=7211 rows=7382072 fwd_ms=416979.8 eval=0 prior=0
[inst] req=10813440 hits=3425665 fwd=7216 rows=7387192 fwd_ms=417259.9 eval=0 prior=0
[inst] req=10821632 hits=3428365 fwd=7221 rows=7392312 fwd_ms=417540.0 eval=0 prior=0
[inst] req=10829824 hits=3430888 fwd=7227 rows=7398456 fwd_ms=417875.8 eval=0 prior=0
[inst] req=10838016 hits=3433715 fwd=7232 rows=7403576 fwd_ms=418155.7 eval=0 prior=0
[inst] req=10846208 hits=3436363 fwd=7238 rows=7409720 fwd_ms=418491.6 eval=0 prior=0
[inst] req=10854400 hits=3438952 fwd=7243 rows=7414840 fwd_ms=418771.7 eval=0 prior=0
[inst] req=10862592 hits=3441639 fwd=7248 rows=7419960 fwd_ms=419051.9 eval=0 prior=0
[inst] req=10870784 hits=3444365 fwd=7254 rows=7426104 fwd_ms=419388.0 eval=0 prior=0
[inst] req=10878976 hits=3447142 fwd=7259 rows=7431224 fwd_ms=419668.0 eval=0 prior=0
[inst] req=10887168 hits=3449738 fwd=7265 rows=7437368 fwd_ms=420004.3 eval=0 prior=0
[inst] req=10895360 hits=3452367 fwd=7270 rows=7442488 fwd_ms=420284.7 eval=0 prior=0
[inst] req=10903552 hits=3455012 fwd=7275 rows=7447608 fwd_ms=420565.1 eval=0 prior=0
[inst] req=10911744 hits=3457649 fwd=7281 rows=7453752 fwd_ms=420901.6 eval=0 prior=0
[inst] req=10919936 hits=3460238 fwd=7286 rows=7458872 fwd_ms=421181.9 eval=0 prior=0
[inst] req=10928128 hits=3462812 fwd=7292 rows=7465016 fwd_ms=421518.5 eval=0 prior=0
[inst] req=10936320 hits=3465410 fwd=7297 rows=7470136 fwd_ms=421798.9 eval=0 prior=0
[inst] req=10944512 hits=3468031 fwd=7303 rows=7476280 fwd_ms=422135.5 eval=0 prior=0
[inst] req=10952704 hits=3470570 fwd=7308 rows=7481400 fwd_ms=422416.0 eval=0 prior=0
[inst] req=10960896 hits=3473219 fwd=7314 rows=7487544 fwd_ms=422752.5 eval=0 prior=0
[inst] req=10969088 hits=3475913 fwd=7319 rows=7492664 fwd_ms=423032.9 eval=0 prior=0
[inst] req=10977280 hits=3478474 fwd=7324 rows=7497784 fwd_ms=423313.2 eval=0 prior=0
[inst] req=10985472 hits=3481059 fwd=7330 rows=7503928 fwd_ms=423649.7 eval=0 prior=0
[inst] req=10993664 hits=3483723 fwd=7335 rows=7509048 fwd_ms=423930.0 eval=0 prior=0
[inst] req=11001856 hits=3486343 fwd=7341 rows=7515192 fwd_ms=424266.7 eval=0 prior=0
[inst] req=11010048 hits=3488910 fwd=7346 rows=7520312 fwd_ms=424547.1 eval=0 prior=0
[inst] req=11018240 hits=3491436 fwd=7352 rows=7526456 fwd_ms=424883.4 eval=0 prior=0
[inst] req=11026432 hits=3494115 fwd=7357 rows=7531576 fwd_ms=425163.6 eval=0 prior=0
[inst] req=11034624 hits=3496727 fwd=7363 rows=7537720 fwd_ms=425500.1 eval=0 prior=0
[inst] req=11042816 hits=3499319 fwd=7368 rows=7542840 fwd_ms=425780.4 eval=0 prior=0
[inst] req=11051008 hits=3501871 fwd=7374 rows=7548984 fwd_ms=426116.7 eval=0 prior=0
[inst] req=11059200 hits=3504407 fwd=7379 rows=7554104 fwd_ms=426397.1 eval=0 prior=0
[inst] req=11067392 hits=3506907 fwd=7385 rows=7560248 fwd_ms=426733.5 eval=0 prior=0
[inst] req=11075584 hits=3509506 fwd=7390 rows=7565368 fwd_ms=427014.0 eval=0 prior=0
[inst] req=11083776 hits=3512280 fwd=7395 rows=7570488 fwd_ms=427294.4 eval=0 prior=0
[inst] req=11091968 hits=3514979 fwd=7401 rows=7576632 fwd_ms=427630.8 eval=0 prior=0
[inst] req=11100160 hits=3517705 fwd=7406 rows=7581752 fwd_ms=427911.2 eval=0 prior=0
[inst] req=11108352 hits=3520454 fwd=7412 rows=7587896 fwd_ms=428247.6 eval=0 prior=0
[inst] req=11116544 hits=3523051 fwd=7417 rows=7593016 fwd_ms=428527.9 eval=0 prior=0
[inst] req=11124736 hits=3525658 fwd=7422 rows=7598136 fwd_ms=428808.1 eval=0 prior=0
[inst] req=11132928 hits=3528289 fwd=7428 rows=7604280 fwd_ms=429144.3 eval=0 prior=0
[inst] req=11141120 hits=3531111 fwd=7433 rows=7609400 fwd_ms=429424.4 eval=0 prior=0
[inst] req=11149312 hits=3533683 fwd=7439 rows=7615544 fwd_ms=429760.8 eval=0 prior=0
[inst] req=11157504 hits=3536187 fwd=7444 rows=7620664 fwd_ms=430041.0 eval=0 prior=0
[inst] req=11165696 hits=3538872 fwd=7450 rows=7626808 fwd_ms=430377.6 eval=0 prior=0
[inst] req=11173888 hits=3541507 fwd=7455 rows=7631928 fwd_ms=430658.2 eval=0 prior=0
[inst] req=11182080 hits=3544226 fwd=7460 rows=7637048 fwd_ms=430938.8 eval=0 prior=0
[inst] req=11190272 hits=3546950 fwd=7466 rows=7643192 fwd_ms=431275.6 eval=0 prior=0
[inst] req=11198464 hits=3549787 fwd=7471 rows=7648312 fwd_ms=431556.5 eval=0 prior=0
[inst] req=11206656 hits=3552514 fwd=7476 rows=7653432 fwd_ms=431837.3 eval=0 prior=0
[inst] req=11214848 hits=3555075 fwd=7482 rows=7659576 fwd_ms=432174.2 eval=0 prior=0
[inst] req=11223040 hits=3557599 fwd=7487 rows=7664696 fwd_ms=432455.1 eval=0 prior=0
[inst] req=11231232 hits=3560262 fwd=7493 rows=7670840 fwd_ms=432792.0 eval=0 prior=0
[inst] req=11239424 hits=3562859 fwd=7498 rows=7675960 fwd_ms=433072.5 eval=0 prior=0
[inst] req=11247616 hits=3565545 fwd=7503 rows=7681080 fwd_ms=433531.2 eval=0 prior=0
[inst] req=11255808 hits=3568245 fwd=7509 rows=7687224 fwd_ms=434365.6 eval=0 prior=0
[inst] req=11264000 hits=3570793 fwd=7514 rows=7692344 fwd_ms=435155.3 eval=0 prior=0
[inst] req=11272192 hits=3573334 fwd=7520 rows=7698488 fwd_ms=435867.3 eval=0 prior=0
[inst] req=11280384 hits=3575962 fwd=7525 rows=7703608 fwd_ms=436576.1 eval=0 prior=0
[inst] req=11288576 hits=3578661 fwd=7531 rows=7709752 fwd_ms=437423.3 eval=0 prior=0
[inst] req=11296768 hits=3581247 fwd=7536 rows=7714872 fwd_ms=438028.1 eval=0 prior=0
[inst] req=11304960 hits=3583965 fwd=7541 rows=7719992 fwd_ms=438704.3 eval=0 prior=0
[inst] req=11313152 hits=3586723 fwd=7547 rows=7726136 fwd_ms=439472.9 eval=0 prior=0
[inst] req=11321344 hits=3589282 fwd=7552 rows=7731256 fwd_ms=440095.3 eval=0 prior=0
[inst] req=11329536 hits=3591961 fwd=7558 rows=7737400 fwd_ms=440986.1 eval=0 prior=0
[inst] req=11337728 hits=3594653 fwd=7563 rows=7742520 fwd_ms=441732.4 eval=0 prior=0
[inst] req=11345920 hits=3597283 fwd=7568 rows=7747640 fwd_ms=442422.2 eval=0 prior=0
[inst] req=11354112 hits=3599834 fwd=7574 rows=7753784 fwd_ms=443206.9 eval=0 prior=0
[inst] req=11362304 hits=3602524 fwd=7579 rows=7758904 fwd_ms=443867.4 eval=0 prior=0
[inst] req=11370496 hits=3605191 fwd=7585 rows=7765048 fwd_ms=444578.4 eval=0 prior=0
[inst] req=11378688 hits=3607900 fwd=7590 rows=7770168 fwd_ms=445153.4 eval=0 prior=0
[inst] req=11386880 hits=3610568 fwd=7595 rows=7775288 fwd_ms=445435.6 eval=0 prior=0
[inst] req=11395072 hits=3613360 fwd=7601 rows=7781431 fwd_ms=445774.1 eval=0 prior=0
[inst] req=11403264 hits=3616086 fwd=7606 rows=7786551 fwd_ms=446057.4 eval=0 prior=0
[inst] req=11411456 hits=3616609 fwd=7614 rows=7794743 fwd_ms=446516.6 eval=0 prior=0
[inst] req=11419648 hits=3616952 fwd=7621 rows=7801911 fwd_ms=446908.3 eval=0 prior=0
[inst] req=11427840 hits=3617509 fwd=7629 rows=7810103 fwd_ms=447355.8 eval=0 prior=0
[inst] req=11436032 hits=3618233 fwd=7636 rows=7817271 fwd_ms=447747.4 eval=0 prior=0
[inst] req=11444224 hits=3619252 fwd=7643 rows=7824439 fwd_ms=448139.2 eval=0 prior=0
[inst] req=11452416 hits=3620649 fwd=7650 rows=7831607 fwd_ms=448530.6 eval=0 prior=0
[inst] req=11460608 hits=3622574 fwd=7656 rows=7837751 fwd_ms=448866.3 eval=0 prior=0
[inst] req=11468800 hits=3624698 fwd=7662 rows=7843895 fwd_ms=449202.0 eval=0 prior=0
[inst] req=11476992 hits=3627090 fwd=7667 rows=7849015 fwd_ms=449481.5 eval=0 prior=0
[inst] req=11485184 hits=3629749 fwd=7673 rows=7855159 fwd_ms=449817.2 eval=0 prior=0
[inst] req=11493376 hits=3632198 fwd=7678 rows=7860279 fwd_ms=450096.9 eval=0 prior=0
[inst] req=11501568 hits=3634826 fwd=7684 rows=7866423 fwd_ms=450432.5 eval=0 prior=0
[inst] req=11509760 hits=3637325 fwd=7689 rows=7871543 fwd_ms=450712.1 eval=0 prior=0
[inst] req=11517952 hits=3639758 fwd=7695 rows=7877687 fwd_ms=451047.6 eval=0 prior=0
[inst] req=11526144 hits=3642142 fwd=7701 rows=7883831 fwd_ms=451383.3 eval=0 prior=0
[inst] req=11534336 hits=3644663 fwd=7706 rows=7888951 fwd_ms=451663.2 eval=0 prior=0
[inst] req=11542528 hits=3647282 fwd=7712 rows=7895095 fwd_ms=451998.9 eval=0 prior=0
[inst] req=11550720 hits=3649976 fwd=7717 rows=7900215 fwd_ms=452278.7 eval=0 prior=0
[inst] req=11558912 hits=3652742 fwd=7722 rows=7905335 fwd_ms=452558.4 eval=0 prior=0
[inst] req=11567104 hits=3655751 fwd=7727 rows=7910455 fwd_ms=452838.1 eval=0 prior=0
[inst] req=11575296 hits=3658647 fwd=7733 rows=7916599 fwd_ms=453173.8 eval=0 prior=0
[inst] req=11583488 hits=3661296 fwd=7738 rows=7921719 fwd_ms=453453.4 eval=0 prior=0
[inst] req=11591680 hits=3663827 fwd=7743 rows=7926839 fwd_ms=453733.0 eval=0 prior=0
[inst] req=11599872 hits=3666389 fwd=7749 rows=7932983 fwd_ms=454068.7 eval=0 prior=0
[inst] req=11608064 hits=3669001 fwd=7754 rows=7938103 fwd_ms=454348.5 eval=0 prior=0
[inst] req=11616256 hits=3671538 fwd=7760 rows=7944247 fwd_ms=454684.1 eval=0 prior=0
[inst] req=11624448 hits=3674176 fwd=7765 rows=7949367 fwd_ms=454963.5 eval=0 prior=0
[inst] req=11632640 hits=3676839 fwd=7771 rows=7955511 fwd_ms=455299.0 eval=0 prior=0
[inst] req=11640832 hits=3679516 fwd=7776 rows=7960631 fwd_ms=455578.5 eval=0 prior=0
[inst] req=11649024 hits=3682224 fwd=7782 rows=7966775 fwd_ms=455913.9 eval=0 prior=0
[inst] req=11657216 hits=3685084 fwd=7787 rows=7971895 fwd_ms=456193.4 eval=0 prior=0
[inst] req=11665408 hits=3687849 fwd=7792 rows=7977015 fwd_ms=456472.9 eval=0 prior=0
[inst] req=11673600 hits=3690470 fwd=7797 rows=7982135 fwd_ms=456752.2 eval=0 prior=0
[inst] req=11681792 hits=3693037 fwd=7803 rows=7988279 fwd_ms=457087.4 eval=0 prior=0
[inst] req=11689984 hits=3695839 fwd=7808 rows=7993399 fwd_ms=457367.0 eval=0 prior=0
[inst] req=11698176 hits=3698450 fwd=7814 rows=7999543 fwd_ms=457702.1 eval=0 prior=0
[inst] req=11706368 hits=3700987 fwd=7819 rows=8004663 fwd_ms=457981.4 eval=0 prior=0
[inst] req=11714560 hits=3703660 fwd=7825 rows=8010807 fwd_ms=458316.7 eval=0 prior=0
[inst] req=11722752 hits=3706324 fwd=7830 rows=8015927 fwd_ms=458596.0 eval=0 prior=0
[inst] req=11730944 hits=3708982 fwd=7835 rows=8021047 fwd_ms=458875.3 eval=0 prior=0
[inst] req=11739136 hits=3711664 fwd=7841 rows=8027191 fwd_ms=459210.6 eval=0 prior=0
[inst] req=11747328 hits=3714411 fwd=7846 rows=8032311 fwd_ms=459490.2 eval=0 prior=0
[inst] req=11755520 hits=3717035 fwd=7852 rows=8038455 fwd_ms=459825.4 eval=0 prior=0
[inst] req=11763712 hits=3719600 fwd=7857 rows=8043575 fwd_ms=460104.8 eval=0 prior=0
[inst] req=11771904 hits=3722136 fwd=7863 rows=8049719 fwd_ms=460440.1 eval=0 prior=0
[inst] req=11780096 hits=3724781 fwd=7868 rows=8054839 fwd_ms=460719.6 eval=0 prior=0
[inst] req=11788288 hits=3727528 fwd=7873 rows=8059959 fwd_ms=460999.1 eval=0 prior=0
[inst] req=11796480 hits=3730123 fwd=7879 rows=8066103 fwd_ms=461334.3 eval=0 prior=0
[inst] req=11804672 hits=3732758 fwd=7884 rows=8071223 fwd_ms=461614.2 eval=0 prior=0
[inst] req=11812864 hits=3735535 fwd=7889 rows=8076343 fwd_ms=461894.0 eval=0 prior=0
[inst] req=11821056 hits=3738314 fwd=7895 rows=8082487 fwd_ms=462229.7 eval=0 prior=0
[inst] req=11829248 hits=3741152 fwd=7900 rows=8087607 fwd_ms=462509.7 eval=0 prior=0
[inst] req=11837440 hits=3744028 fwd=7905 rows=8092727 fwd_ms=462789.6 eval=0 prior=0
[inst] req=11845632 hits=3746760 fwd=7911 rows=8098871 fwd_ms=463125.3 eval=0 prior=0
[inst] req=11853824 hits=3749573 fwd=7916 rows=8103991 fwd_ms=463405.3 eval=0 prior=0
[inst] req=11862016 hits=3752228 fwd=7921 rows=8109111 fwd_ms=463685.2 eval=0 prior=0
[inst] req=11870208 hits=3754741 fwd=7927 rows=8115255 fwd_ms=464020.9 eval=0 prior=0
[inst] req=11878400 hits=3757299 fwd=7932 rows=8120375 fwd_ms=464300.8 eval=0 prior=0
[inst] req=11886592 hits=3759919 fwd=7938 rows=8126519 fwd_ms=464636.7 eval=0 prior=0
[inst] req=11894784 hits=3762843 fwd=7943 rows=8131639 fwd_ms=464916.5 eval=0 prior=0
[inst] req=11902976 hits=3765609 fwd=7948 rows=8136759 fwd_ms=465196.5 eval=0 prior=0
[inst] req=11911168 hits=3768465 fwd=7953 rows=8141879 fwd_ms=465476.3 eval=0 prior=0
[inst] req=11919360 hits=3771340 fwd=7958 rows=8146999 fwd_ms=465756.3 eval=0 prior=0
[inst] req=11927552 hits=3774078 fwd=7964 rows=8153143 fwd_ms=466092.0 eval=0 prior=0
[inst] req=11935744 hits=3776891 fwd=7969 rows=8158263 fwd_ms=466371.8 eval=0 prior=0
[inst] req=11943936 hits=3779525 fwd=7975 rows=8164407 fwd_ms=466707.7 eval=0 prior=0
[inst] req=11952128 hits=3782090 fwd=7980 rows=8169527 fwd_ms=466987.5 eval=0 prior=0
[inst] req=11960320 hits=3784662 fwd=7985 rows=8174647 fwd_ms=467267.2 eval=0 prior=0
[inst] req=11968512 hits=3787314 fwd=7991 rows=8180791 fwd_ms=467602.8 eval=0 prior=0
[inst] req=11976704 hits=3789955 fwd=7996 rows=8185911 fwd_ms=467882.6 eval=0 prior=0
[inst] req=11984896 hits=3792619 fwd=8002 rows=8192055 fwd_ms=468218.3 eval=0 prior=0
[inst] req=11993088 hits=3795318 fwd=8007 rows=8197175 fwd_ms=468498.3 eval=0 prior=0
[inst] req=12001280 hits=3798184 fwd=8012 rows=8202295 fwd_ms=468778.2 eval=0 prior=0
[inst] req=12009472 hits=3800961 fwd=8018 rows=8208439 fwd_ms=469114.2 eval=0 prior=0
[inst] req=12017664 hits=3803740 fwd=8023 rows=8213559 fwd_ms=469394.0 eval=0 prior=0
[inst] req=12025856 hits=3806386 fwd=8028 rows=8218679 fwd_ms=469673.9 eval=0 prior=0
[inst] req=12034048 hits=3808974 fwd=8034 rows=8224822 fwd_ms=470009.8 eval=0 prior=0
[inst] req=12042240 hits=3811533 fwd=8039 rows=8229942 fwd_ms=470289.5 eval=0 prior=0
[inst] req=12050432 hits=3814160 fwd=8045 rows=8236086 fwd_ms=470625.2 eval=0 prior=0
[inst] req=12058624 hits=3816728 fwd=8050 rows=8241206 fwd_ms=470905.0 eval=0 prior=0
[inst] req=12066816 hits=3819489 fwd=8055 rows=8246326 fwd_ms=471184.9 eval=0 prior=0
[inst] req=12075008 hits=3822255 fwd=8061 rows=8252470 fwd_ms=471521.0 eval=0 prior=0
[inst] req=12083200 hits=3825018 fwd=8066 rows=8257590 fwd_ms=471801.0 eval=0 prior=0
[inst] req=12091392 hits=3827958 fwd=8071 rows=8262710 fwd_ms=472080.6 eval=0 prior=0
[inst] req=12099584 hits=3830732 fwd=8076 rows=8267830 fwd_ms=472359.3 eval=0 prior=0
[inst] req=12107776 hits=3833488 fwd=8082 rows=8273974 fwd_ms=472693.7 eval=0 prior=0
[inst] req=12115968 hits=3836224 fwd=8087 rows=8279094 fwd_ms=472972.5 eval=0 prior=0
[inst] req=12124160 hits=3838864 fwd=8093 rows=8285238 fwd_ms=473307.1 eval=0 prior=0
[inst] req=12132352 hits=3841735 fwd=8098 rows=8290358 fwd_ms=473585.7 eval=0 prior=0
[inst] req=12140544 hits=3844423 fwd=8103 rows=8295478 fwd_ms=473864.6 eval=0 prior=0
[inst] req=12148736 hits=3847109 fwd=8109 rows=8301622 fwd_ms=474200.1 eval=0 prior=0
[inst] req=12156928 hits=3849739 fwd=8114 rows=8306742 fwd_ms=474479.8 eval=0 prior=0
[inst] req=12165120 hits=3852431 fwd=8119 rows=8311862 fwd_ms=474759.3 eval=0 prior=0
[inst] req=12173312 hits=3855169 fwd=8125 rows=8318006 fwd_ms=475094.5 eval=0 prior=0
[inst] req=12181504 hits=3857918 fwd=8130 rows=8323126 fwd_ms=475374.1 eval=0 prior=0
[inst] req=12189696 hits=3860699 fwd=8135 rows=8328246 fwd_ms=475653.9 eval=0 prior=0
[inst] req=12197888 hits=3863393 fwd=8141 rows=8334390 fwd_ms=475989.0 eval=0 prior=0
[inst] req=12206080 hits=3866030 fwd=8146 rows=8339510 fwd_ms=476268.6 eval=0 prior=0
[inst] req=12214272 hits=3868596 fwd=8152 rows=8345654 fwd_ms=476603.7 eval=0 prior=0
[inst] req=12222464 hits=3871356 fwd=8157 rows=8350774 fwd_ms=476883.5 eval=0 prior=0
[inst] req=12230656 hits=3874033 fwd=8162 rows=8355894 fwd_ms=477162.9 eval=0 prior=0
[inst] req=12238848 hits=3876798 fwd=8168 rows=8362038 fwd_ms=477498.0 eval=0 prior=0
[inst] req=12247040 hits=3879559 fwd=8173 rows=8367158 fwd_ms=477777.5 eval=0 prior=0
[inst] req=12255232 hits=3882327 fwd=8178 rows=8372278 fwd_ms=478056.9 eval=0 prior=0
[inst] req=12263424 hits=3884939 fwd=8184 rows=8378422 fwd_ms=478392.3 eval=0 prior=0
[inst] req=12271616 hits=3887529 fwd=8189 rows=8383542 fwd_ms=478671.7 eval=0 prior=0
[inst] req=12279808 hits=3890139 fwd=8194 rows=8388662 fwd_ms=478951.4 eval=0 prior=0
[inst] req=12288000 hits=3892743 fwd=8200 rows=8394806 fwd_ms=479286.4 eval=0 prior=0
[inst] req=12296192 hits=3895360 fwd=8205 rows=8399926 fwd_ms=479565.6 eval=0 prior=0
[inst] req=12304384 hits=3897958 fwd=8211 rows=8406070 fwd_ms=479900.5 eval=0 prior=0
[inst] req=12312576 hits=3900540 fwd=8216 rows=8411190 fwd_ms=480179.4 eval=0 prior=0
[inst] req=12320768 hits=3903234 fwd=8222 rows=8417334 fwd_ms=480514.2 eval=0 prior=0
[inst] req=12328960 hits=3905848 fwd=8227 rows=8422454 fwd_ms=480793.3 eval=0 prior=0
[inst] req=12337152 hits=3908454 fwd=8233 rows=8428598 fwd_ms=481127.9 eval=0 prior=0
[inst] req=12345344 hits=3911170 fwd=8238 rows=8433718 fwd_ms=481406.8 eval=0 prior=0
[inst] req=12353536 hits=3913849 fwd=8243 rows=8438838 fwd_ms=481685.7 eval=0 prior=0
[inst] req=12361728 hits=3916512 fwd=8249 rows=8444982 fwd_ms=482020.5 eval=0 prior=0
[inst] req=12369920 hits=3919159 fwd=8254 rows=8450102 fwd_ms=482299.3 eval=0 prior=0
[inst] req=12378112 hits=3921851 fwd=8260 rows=8456246 fwd_ms=482634.1 eval=0 prior=0
[inst] req=12386304 hits=3924655 fwd=8265 rows=8461366 fwd_ms=482913.0 eval=0 prior=0
[inst] req=12394496 hits=3927336 fwd=8270 rows=8466486 fwd_ms=483192.0 eval=0 prior=0
[inst] req=12402688 hits=3930108 fwd=8275 rows=8471606 fwd_ms=483470.9 eval=0 prior=0
[inst] req=12410880 hits=3932877 fwd=8281 rows=8477750 fwd_ms=483805.6 eval=0 prior=0
[inst] req=12419072 hits=3935593 fwd=8286 rows=8482870 fwd_ms=484084.4 eval=0 prior=0
[inst] req=12427264 hits=3938288 fwd=8291 rows=8487990 fwd_ms=484363.2 eval=0 prior=0
[inst] req=12435456 hits=3941010 fwd=8297 rows=8494134 fwd_ms=484697.8 eval=0 prior=0
[inst] req=12443648 hits=3943575 fwd=8302 rows=8499254 fwd_ms=484976.8 eval=0 prior=0
[inst] req=12451840 hits=3946172 fwd=8308 rows=8505398 fwd_ms=485311.5 eval=0 prior=0
[inst] req=12460032 hits=3948784 fwd=8313 rows=8510518 fwd_ms=485590.5 eval=0 prior=0
[inst] req=12468224 hits=3951341 fwd=8319 rows=8516662 fwd_ms=485925.2 eval=0 prior=0
[inst] req=12476416 hits=3953834 fwd=8324 rows=8521782 fwd_ms=486204.0 eval=0 prior=0
[inst] req=12484608 hits=3956484 fwd=8330 rows=8527926 fwd_ms=486538.9 eval=0 prior=0
[inst] req=12492800 hits=3959181 fwd=8335 rows=8533046 fwd_ms=486817.8 eval=0 prior=0
[inst] req=12500992 hits=3961764 fwd=8341 rows=8539190 fwd_ms=487152.2 eval=0 prior=0
[inst] req=12509184 hits=3964313 fwd=8346 rows=8544310 fwd_ms=487431.1 eval=0 prior=0
[inst] req=12517376 hits=3967008 fwd=8351 rows=8549430 fwd_ms=487710.0 eval=0 prior=0
[inst] req=12525568 hits=3969738 fwd=8357 rows=8555574 fwd_ms=488044.9 eval=0 prior=0
[inst] req=12533760 hits=3972420 fwd=8362 rows=8560694 fwd_ms=488323.8 eval=0 prior=0
[inst] req=12541952 hits=3975157 fwd=8367 rows=8565814 fwd_ms=488602.8 eval=0 prior=0
[inst] req=12550144 hits=3977963 fwd=8373 rows=8571958 fwd_ms=488937.5 eval=0 prior=0
[inst] req=12558336 hits=3980667 fwd=8378 rows=8577078 fwd_ms=489216.6 eval=0 prior=0
[inst] req=12566528 hits=3983439 fwd=8383 rows=8582198 fwd_ms=489495.5 eval=0 prior=0
[inst] req=12574720 hits=3986154 fwd=8389 rows=8588342 fwd_ms=489830.5 eval=0 prior=0
[inst] req=12582912 hits=3988853 fwd=8394 rows=8593462 fwd_ms=490109.4 eval=0 prior=0
[inst] req=12591104 hits=3991557 fwd=8399 rows=8598582 fwd_ms=490388.3 eval=0 prior=0
[inst] req=12599296 hits=3994207 fwd=8405 rows=8604726 fwd_ms=490723.0 eval=0 prior=0
[inst] req=12607488 hits=3996850 fwd=8410 rows=8609846 fwd_ms=491001.8 eval=0 prior=0
[inst] req=12615680 hits=3999511 fwd=8416 rows=8615990 fwd_ms=491336.4 eval=0 prior=0
[inst] req=12623872 hits=4002103 fwd=8421 rows=8621110 fwd_ms=491615.6 eval=0 prior=0
[inst] req=12632064 hits=4004781 fwd=8427 rows=8627254 fwd_ms=491950.5 eval=0 prior=0
[inst] req=12640256 hits=4007477 fwd=8432 rows=8632374 fwd_ms=492229.4 eval=0 prior=0
[inst] req=12648448 hits=4010117 fwd=8437 rows=8637494 fwd_ms=492508.2 eval=0 prior=0
[inst] req=12656640 hits=4012816 fwd=8443 rows=8643638 fwd_ms=492842.7 eval=0 prior=0
[inst] req=12664832 hits=4015409 fwd=8448 rows=8648758 fwd_ms=493121.4 eval=0 prior=0
[inst] req=12673024 hits=4018053 fwd=8454 rows=8654902 fwd_ms=493456.2 eval=0 prior=0
[inst] req=12681216 hits=4020696 fwd=8459 rows=8660022 fwd_ms=493735.2 eval=0 prior=0
[inst] req=12689408 hits=4023311 fwd=8464 rows=8665142 fwd_ms=494014.1 eval=0 prior=0
[inst] req=12697600 hits=4025960 fwd=8470 rows=8671286 fwd_ms=494349.3 eval=0 prior=0
[inst] req=12705792 hits=4028693 fwd=8475 rows=8676406 fwd_ms=494628.3 eval=0 prior=0
[inst] req=12713984 hits=4031400 fwd=8481 rows=8682550 fwd_ms=494963.2 eval=0 prior=0
[inst] req=12722176 hits=4034045 fwd=8486 rows=8687670 fwd_ms=495241.9 eval=0 prior=0
[inst] req=12730368 hits=4036788 fwd=8491 rows=8692790 fwd_ms=495520.6 eval=0 prior=0
[inst] req=12738560 hits=4039384 fwd=8497 rows=8698934 fwd_ms=495855.1 eval=0 prior=0
[inst] req=12746752 hits=4042111 fwd=8502 rows=8704054 fwd_ms=496134.0 eval=0 prior=0
[inst] req=12754944 hits=4044831 fwd=8507 rows=8709174 fwd_ms=496413.0 eval=0 prior=0
[inst] req=12763136 hits=4047368 fwd=8513 rows=8715318 fwd_ms=496747.5 eval=0 prior=0
[inst] req=12771328 hits=4049996 fwd=8518 rows=8720438 fwd_ms=497026.4 eval=0 prior=0
[inst] req=12779520 hits=4052570 fwd=8524 rows=8726582 fwd_ms=497361.0 eval=0 prior=0
[inst] req=12787712 hits=4055300 fwd=8529 rows=8731702 fwd_ms=497639.8 eval=0 prior=0
[inst] req=12795904 hits=4057999 fwd=8535 rows=8737846 fwd_ms=497974.6 eval=0 prior=0
[inst] req=12804096 hits=4060654 fwd=8540 rows=8742966 fwd_ms=498253.6 eval=0 prior=0
[inst] req=12812288 hits=4063401 fwd=8545 rows=8748086 fwd_ms=498532.4 eval=0 prior=0
[inst] req=12820480 hits=4066100 fwd=8551 rows=8754230 fwd_ms=498867.0 eval=0 prior=0
[inst] req=12828672 hits=4068778 fwd=8556 rows=8759350 fwd_ms=499145.8 eval=0 prior=0
[inst] req=12836864 hits=4071688 fwd=8561 rows=8764469 fwd_ms=499424.6 eval=0 prior=0
[inst] req=12845056 hits=4074363 fwd=8567 rows=8770613 fwd_ms=499759.4 eval=0 prior=0
[inst] req=12853248 hits=4076887 fwd=8572 rows=8775733 fwd_ms=500038.2 eval=0 prior=0
[inst] req=12861440 hits=4079508 fwd=8578 rows=8781877 fwd_ms=500372.7 eval=0 prior=0
[inst] req=12869632 hits=4082003 fwd=8583 rows=8786997 fwd_ms=500651.7 eval=0 prior=0
[inst] req=12877824 hits=4084666 fwd=8589 rows=8793141 fwd_ms=500986.3 eval=0 prior=0
[inst] req=12886016 hits=4087466 fwd=8594 rows=8798261 fwd_ms=501265.0 eval=0 prior=0
[inst] req=12894208 hits=4090148 fwd=8599 rows=8803381 fwd_ms=501543.9 eval=0 prior=0
[inst] req=12902400 hits=4092879 fwd=8604 rows=8808501 fwd_ms=501822.7 eval=0 prior=0
[inst] req=12910592 hits=4095594 fwd=8610 rows=8814645 fwd_ms=502157.6 eval=0 prior=0
[inst] req=12918784 hits=4098294 fwd=8615 rows=8819765 fwd_ms=502436.5 eval=0 prior=0
[inst] req=12926976 hits=4100969 fwd=8621 rows=8825909 fwd_ms=502771.1 eval=0 prior=0
[inst] req=12935168 hits=4103573 fwd=8626 rows=8831029 fwd_ms=503049.9 eval=0 prior=0
[inst] req=12943360 hits=4106385 fwd=8631 rows=8836149 fwd_ms=503328.8 eval=0 prior=0
[inst] req=12951552 hits=4109119 fwd=8637 rows=8842293 fwd_ms=503663.5 eval=0 prior=0
[inst] req=12959744 hits=4111855 fwd=8642 rows=8847413 fwd_ms=503942.4 eval=0 prior=0
[inst] req=12967936 hits=4114473 fwd=8647 rows=8852533 fwd_ms=504222.0 eval=0 prior=0
[inst] req=12976128 hits=4117140 fwd=8653 rows=8858677 fwd_ms=504556.9 eval=0 prior=0
[inst] req=12984320 hits=4119727 fwd=8658 rows=8863797 fwd_ms=504836.6 eval=0 prior=0
[inst] req=12992512 hits=4122487 fwd=8664 rows=8869941 fwd_ms=505172.1 eval=0 prior=0
[inst] req=13000704 hits=4125154 fwd=8669 rows=8875061 fwd_ms=505451.2 eval=0 prior=0
[inst] req=13008896 hits=4127861 fwd=8674 rows=8880181 fwd_ms=505730.3 eval=0 prior=0
[inst] req=13017088 hits=4130443 fwd=8680 rows=8886325 fwd_ms=506065.1 eval=0 prior=0
[inst] req=13025280 hits=4133070 fwd=8685 rows=8891445 fwd_ms=506344.0 eval=0 prior=0
[inst] req=13033472 hits=4135735 fwd=8691 rows=8897589 fwd_ms=506678.6 eval=0 prior=0
[inst] req=13041664 hits=4138317 fwd=8696 rows=8902709 fwd_ms=506957.5 eval=0 prior=0
[inst] req=13049856 hits=4141108 fwd=8701 rows=8907829 fwd_ms=507236.5 eval=0 prior=0
[inst] req=13058048 hits=4143927 fwd=8707 rows=8913973 fwd_ms=507571.3 eval=0 prior=0
[inst] req=13066240 hits=4146668 fwd=8712 rows=8919093 fwd_ms=507850.2 eval=0 prior=0
[inst] req=13074432 hits=4149384 fwd=8717 rows=8924213 fwd_ms=508129.1 eval=0 prior=0
[inst] req=13082624 hits=4152081 fwd=8723 rows=8930357 fwd_ms=508463.7 eval=0 prior=0
[inst] req=13090816 hits=4154666 fwd=8728 rows=8935477 fwd_ms=508742.5 eval=0 prior=0
[inst] req=13099008 hits=4157280 fwd=8734 rows=8941621 fwd_ms=509077.1 eval=0 prior=0
[inst] req=13107200 hits=4159964 fwd=8739 rows=8946741 fwd_ms=509355.9 eval=0 prior=0
[inst] req=13115392 hits=4162697 fwd=8744 rows=8951861 fwd_ms=509634.9 eval=0 prior=0
[inst] req=13123584 hits=4165292 fwd=8750 rows=8958005 fwd_ms=509969.6 eval=0 prior=0
[inst] req=13131776 hits=4167955 fwd=8755 rows=8963125 fwd_ms=510248.4 eval=0 prior=0
[inst] req=13139968 hits=4170646 fwd=8761 rows=8969269 fwd_ms=510597.3 eval=0 prior=0
[inst] req=13148160 hits=4173390 fwd=8766 rows=8974389 fwd_ms=510874.5 eval=0 prior=0
[inst] req=13156352 hits=4176128 fwd=8771 rows=8979509 fwd_ms=511151.7 eval=0 prior=0
[inst] req=13164544 hits=4178919 fwd=8776 rows=8984601 fwd_ms=511439.4 eval=0 prior=0
[inst] req=13172736 hits=4181658 fwd=8782 rows=8990745 fwd_ms=511774.7 eval=0 prior=0
[inst] req=13180928 hits=4184223 fwd=8787 rows=8995865 fwd_ms=512051.6 eval=0 prior=0
[inst] req=13189120 hits=4186826 fwd=8793 rows=9002009 fwd_ms=512383.6 eval=0 prior=0
[inst] req=13197312 hits=4189460 fwd=8798 rows=9007129 fwd_ms=512660.4 eval=0 prior=0
[inst] req=13205504 hits=4192129 fwd=8804 rows=9013273 fwd_ms=512992.5 eval=0 prior=0
[inst] req=13213696 hits=4194909 fwd=8809 rows=9018393 fwd_ms=513269.3 eval=0 prior=0
[inst] req=13221888 hits=4197708 fwd=8814 rows=9023513 fwd_ms=513546.2 eval=0 prior=0
[inst] req=13230080 hits=4200506 fwd=8819 rows=9028633 fwd_ms=513823.1 eval=0 prior=0
[inst] req=13238272 hits=4203181 fwd=8825 rows=9034777 fwd_ms=514155.3 eval=0 prior=0
[inst] req=13246464 hits=4205867 fwd=8830 rows=9039897 fwd_ms=514432.2 eval=0 prior=0
[inst] req=13254656 hits=4208587 fwd=8836 rows=9046041 fwd_ms=514764.4 eval=0 prior=0
[inst] req=13262848 hits=4211161 fwd=8841 rows=9051161 fwd_ms=515041.4 eval=0 prior=0
[inst] req=13271040 hits=4213873 fwd=8846 rows=9056281 fwd_ms=515318.3 eval=0 prior=0
[inst] req=13279232 hits=4216586 fwd=8852 rows=9062425 fwd_ms=515650.3 eval=0 prior=0
[inst] req=13287424 hits=4219382 fwd=8857 rows=9067545 fwd_ms=515927.0 eval=0 prior=0
[inst] req=13295616 hits=4222095 fwd=8862 rows=9072665 fwd_ms=516203.7 eval=0 prior=0
[inst] req=13303808 hits=4224633 fwd=8868 rows=9078809 fwd_ms=516538.6 eval=0 prior=0
[inst] req=13312000 hits=4227233 fwd=8873 rows=9083929 fwd_ms=516815.4 eval=0 prior=0
[inst] req=13320192 hits=4229889 fwd=8879 rows=9090073 fwd_ms=517147.5 eval=0 prior=0
[inst] req=13328384 hits=4232678 fwd=8884 rows=9095193 fwd_ms=517424.4 eval=0 prior=0
[inst] req=13336576 hits=4235409 fwd=8889 rows=9100313 fwd_ms=517701.3 eval=0 prior=0
[inst] req=13344768 hits=4238113 fwd=8895 rows=9106457 fwd_ms=518033.7 eval=0 prior=0
[inst] req=13352960 hits=4240683 fwd=8900 rows=9111577 fwd_ms=518310.6 eval=0 prior=0
[inst] req=13361152 hits=4243254 fwd=8906 rows=9117721 fwd_ms=518642.6 eval=0 prior=0
[inst] req=13369344 hits=4245819 fwd=8911 rows=9122841 fwd_ms=518919.6 eval=0 prior=0
[inst] req=13377536 hits=4248593 fwd=8916 rows=9127961 fwd_ms=519197.9 eval=0 prior=0
[inst] req=13385728 hits=4251184 fwd=8922 rows=9134105 fwd_ms=519531.5 eval=0 prior=0
[inst] req=13393920 hits=4253915 fwd=8927 rows=9139225 fwd_ms=519809.8 eval=0 prior=0
[inst] req=13402112 hits=4256733 fwd=8933 rows=9145369 fwd_ms=520143.6 eval=0 prior=0
[inst] req=13410304 hits=4259410 fwd=8938 rows=9150489 fwd_ms=520421.8 eval=0 prior=0
[inst] req=13418496 hits=4262112 fwd=8943 rows=9155609 fwd_ms=520699.8 eval=0 prior=0
[inst] req=13426688 hits=4264815 fwd=8949 rows=9161753 fwd_ms=521033.3 eval=0 prior=0
[inst] req=13434880 hits=4267726 fwd=8954 rows=9166873 fwd_ms=521311.3 eval=0 prior=0
[inst] req=13443072 hits=4270361 fwd=8959 rows=9171993 fwd_ms=521589.1 eval=0 prior=0
[inst] req=13451264 hits=4273007 fwd=8965 rows=9178137 fwd_ms=521923.0 eval=0 prior=0
[inst] req=13459456 hits=4275570 fwd=8970 rows=9183257 fwd_ms=522201.1 eval=0 prior=0
[inst] req=13467648 hits=4278092 fwd=8976 rows=9189401 fwd_ms=522535.1 eval=0 prior=0
[inst] req=13475840 hits=4280812 fwd=8981 rows=9194521 fwd_ms=522813.4 eval=0 prior=0
[inst] req=13484032 hits=4283455 fwd=8986 rows=9199641 fwd_ms=523091.7 eval=0 prior=0
[inst] req=13492224 hits=4286298 fwd=8992 rows=9205785 fwd_ms=523425.5 eval=0 prior=0
[inst] req=13500416 hits=4289049 fwd=8997 rows=9210905 fwd_ms=523703.6 eval=0 prior=0
[inst] req=13508608 hits=4291705 fwd=9002 rows=9216025 fwd_ms=523981.9 eval=0 prior=0
[inst] req=13516800 hits=4294511 fwd=9008 rows=9222169 fwd_ms=524315.7 eval=0 prior=0
[inst] req=13524992 hits=4297139 fwd=9013 rows=9227289 fwd_ms=524593.7 eval=0 prior=0
[inst] req=13533184 hits=4299793 fwd=9018 rows=9232409 fwd_ms=524871.9 eval=0 prior=0
[inst] req=13541376 hits=4302427 fwd=9024 rows=9238553 fwd_ms=525205.7 eval=0 prior=0
[inst] req=13549568 hits=4305048 fwd=9029 rows=9243673 fwd_ms=525483.9 eval=0 prior=0
[inst] req=13557760 hits=4307770 fwd=9035 rows=9249817 fwd_ms=525817.5 eval=0 prior=0
[inst] req=13565952 hits=4310470 fwd=9040 rows=9254937 fwd_ms=526095.7 eval=0 prior=0
[inst] req=13574144 hits=4313116 fwd=9045 rows=9260057 fwd_ms=526373.8 eval=0 prior=0
[inst] req=13582336 hits=4315859 fwd=9051 rows=9266201 fwd_ms=526707.5 eval=0 prior=0
[inst] req=13590528 hits=4318547 fwd=9056 rows=9271321 fwd_ms=526985.6 eval=0 prior=0
[inst] req=13598720 hits=4321157 fwd=9062 rows=9277465 fwd_ms=527317.8 eval=0 prior=0
[inst] req=13606912 hits=4323774 fwd=9067 rows=9282585 fwd_ms=527594.6 eval=0 prior=0
[inst] req=13615104 hits=4326369 fwd=9073 rows=9288729 fwd_ms=527927.0 eval=0 prior=0
[inst] req=13623296 hits=4329047 fwd=9078 rows=9293849 fwd_ms=528204.0 eval=0 prior=0
[inst] req=13631488 hits=4331743 fwd=9083 rows=9298969 fwd_ms=528480.7 eval=0 prior=0
[inst] req=13639680 hits=4334451 fwd=9089 rows=9305113 fwd_ms=528813.1 eval=0 prior=0
[inst] req=13647872 hits=4337103 fwd=9094 rows=9310233 fwd_ms=529090.1 eval=0 prior=0
[inst] req=13656064 hits=4339760 fwd=9099 rows=9315353 fwd_ms=529367.1 eval=0 prior=0
[inst] req=13664256 hits=4342475 fwd=9105 rows=9321497 fwd_ms=529699.6 eval=0 prior=0
[inst] req=13672448 hits=4345182 fwd=9110 rows=9326617 fwd_ms=529976.7 eval=0 prior=0
[inst] req=13680640 hits=4347847 fwd=9116 rows=9332761 fwd_ms=530309.0 eval=0 prior=0
[inst] req=13688832 hits=4350405 fwd=9121 rows=9337881 fwd_ms=530585.9 eval=0 prior=0
[inst] req=13697024 hits=4353008 fwd=9126 rows=9343001 fwd_ms=530863.0 eval=0 prior=0
[inst] req=13705216 hits=4355559 fwd=9132 rows=9349145 fwd_ms=531195.4 eval=0 prior=0
[inst] req=13713408 hits=4358224 fwd=9137 rows=9354265 fwd_ms=531472.5 eval=0 prior=0
[inst] req=13721600 hits=4360876 fwd=9143 rows=9360409 fwd_ms=531804.9 eval=0 prior=0
[inst] req=13729792 hits=4363511 fwd=9148 rows=9365529 fwd_ms=532082.0 eval=0 prior=0
[inst] req=13737984 hits=4366311 fwd=9153 rows=9370649 fwd_ms=532359.0 eval=0 prior=0
[inst] req=13746176 hits=4368978 fwd=9159 rows=9376793 fwd_ms=532691.3 eval=0 prior=0
[inst] req=13754368 hits=4371786 fwd=9164 rows=9381913 fwd_ms=532968.2 eval=0 prior=0
[inst] req=13762560 hits=4374453 fwd=9170 rows=9388057 fwd_ms=533300.7 eval=0 prior=0
[inst] req=13770752 hits=4377105 fwd=9175 rows=9393177 fwd_ms=533577.8 eval=0 prior=0
[inst] req=13778944 hits=4379745 fwd=9180 rows=9398297 fwd_ms=533854.9 eval=0 prior=0
[inst] req=13787136 hits=4382262 fwd=9186 rows=9404441 fwd_ms=534187.3 eval=0 prior=0
[inst] req=13795328 hits=4384882 fwd=9191 rows=9409561 fwd_ms=534464.4 eval=0 prior=0
[inst] req=13803520 hits=4387413 fwd=9197 rows=9415705 fwd_ms=534796.6 eval=0 prior=0
[inst] req=13811712 hits=4390086 fwd=9202 rows=9420825 fwd_ms=535073.5 eval=0 prior=0
[inst] req=13819904 hits=4392980 fwd=9207 rows=9425945 fwd_ms=535350.5 eval=0 prior=0
[inst] req=13828096 hits=4395885 fwd=9213 rows=9432089 fwd_ms=535682.8 eval=0 prior=0
[inst] req=13836288 hits=4398562 fwd=9218 rows=9437209 fwd_ms=535959.9 eval=0 prior=0
[inst] req=13844480 hits=4401196 fwd=9223 rows=9442329 fwd_ms=536236.8 eval=0 prior=0
[inst] req=13852672 hits=4403827 fwd=9229 rows=9448473 fwd_ms=536569.2 eval=0 prior=0
[inst] req=13860864 hits=4406367 fwd=9234 rows=9453593 fwd_ms=536848.7 eval=0 prior=0
[inst] req=13869056 hits=4409032 fwd=9240 rows=9459737 fwd_ms=537181.7 eval=0 prior=0
[inst] req=13877248 hits=4411714 fwd=9245 rows=9464857 fwd_ms=537458.8 eval=0 prior=0
[inst] req=13885440 hits=4414430 fwd=9251 rows=9471001 fwd_ms=537791.5 eval=0 prior=0
[inst] req=13893632 hits=4417143 fwd=9256 rows=9476121 fwd_ms=538069.2 eval=0 prior=0
[inst] req=13901824 hits=4419815 fwd=9261 rows=9481241 fwd_ms=538349.8 eval=0 prior=0
[inst] req=13910016 hits=4422530 fwd=9267 rows=9487385 fwd_ms=538698.5 eval=0 prior=0
[inst] req=13918208 hits=4425173 fwd=9272 rows=9492505 fwd_ms=539035.1 eval=0 prior=0
[inst] req=13926400 hits=4427734 fwd=9278 rows=9498649 fwd_ms=539416.1 eval=0 prior=0
[inst] req=13934592 hits=4430370 fwd=9283 rows=9503769 fwd_ms=539732.0 eval=0 prior=0
[inst] req=13942784 hits=4433092 fwd=9288 rows=9508889 fwd_ms=540059.7 eval=0 prior=0
[inst] req=13950976 hits=4435993 fwd=9293 rows=9514009 fwd_ms=540387.0 eval=0 prior=0
[inst] req=13959168 hits=4438612 fwd=9299 rows=9520153 fwd_ms=540767.5 eval=0 prior=0
[inst] req=13967360 hits=4441226 fwd=9304 rows=9525273 fwd_ms=541108.8 eval=0 prior=0
[inst] req=13975552 hits=4443882 fwd=9310 rows=9531417 fwd_ms=541503.3 eval=0 prior=0
[inst] req=13983744 hits=4446637 fwd=9315 rows=9536537 fwd_ms=541847.3 eval=0 prior=0
[inst] req=13991936 hits=4449303 fwd=9320 rows=9541657 fwd_ms=542174.3 eval=0 prior=0
[inst] req=14000128 hits=4452024 fwd=9326 rows=9547801 fwd_ms=542580.0 eval=0 prior=0
[inst] req=14008320 hits=4454860 fwd=9331 rows=9552921 fwd_ms=542907.1 eval=0 prior=0
[inst] req=14016512 hits=4457544 fwd=9336 rows=9558041 fwd_ms=543248.6 eval=0 prior=0
[inst] req=14024704 hits=4460511 fwd=9342 rows=9564185 fwd_ms=543642.9 eval=0 prior=0
[inst] req=14032896 hits=4463173 fwd=9347 rows=9569305 fwd_ms=543961.3 eval=0 prior=0
[inst] req=14041088 hits=4465866 fwd=9352 rows=9574425 fwd_ms=544265.6 eval=0 prior=0
[inst] req=14049280 hits=4468556 fwd=9358 rows=9580569 fwd_ms=544637.2 eval=0 prior=0
[inst] req=14057472 hits=4471286 fwd=9363 rows=9585689 fwd_ms=544975.7 eval=0 prior=0
[inst] req=14065664 hits=4474005 fwd=9368 rows=9590809 fwd_ms=545311.8 eval=0 prior=0
[inst] req=14073856 hits=4476827 fwd=9374 rows=9596953 fwd_ms=545715.5 eval=0 prior=0
[inst] req=14082048 hits=4479495 fwd=9379 rows=9602073 fwd_ms=546052.2 eval=0 prior=0
[inst] req=14090240 hits=4482164 fwd=9384 rows=9607193 fwd_ms=546388.5 eval=0 prior=0
[inst] req=14098432 hits=4484843 fwd=9390 rows=9613337 fwd_ms=546792.0 eval=0 prior=0
[inst] req=14106624 hits=4487526 fwd=9395 rows=9618457 fwd_ms=547128.4 eval=0 prior=0
[inst] req=14114816 hits=4490190 fwd=9401 rows=9624596 fwd_ms=547542.1 eval=0 prior=0
[inst] req=14123008 hits=4492904 fwd=9406 rows=9629716 fwd_ms=547878.4 eval=0 prior=0
[inst] req=14131200 hits=4495539 fwd=9411 rows=9634836 fwd_ms=548215.4 eval=0 prior=0
[inst] req=14139392 hits=4498148 fwd=9417 rows=9640980 fwd_ms=548618.9 eval=0 prior=0
[inst] req=14147584 hits=4500862 fwd=9422 rows=9646100 fwd_ms=548955.2 eval=0 prior=0
[inst] req=14155776 hits=4503576 fwd=9427 rows=9651220 fwd_ms=549291.5 eval=0 prior=0
[inst] req=14163968 hits=4506383 fwd=9433 rows=9657364 fwd_ms=549695.1 eval=0 prior=0
[inst] req=14172160 hits=4509035 fwd=9438 rows=9662484 fwd_ms=550091.1 eval=0 prior=0
[inst] req=14180352 hits=4511473 fwd=9444 rows=9668628 fwd_ms=551025.7 eval=0 prior=0
[inst] req=14188544 hits=4514331 fwd=9449 rows=9673748 fwd_ms=551661.1 eval=0 prior=0
[inst] req=14196736 hits=4517121 fwd=9454 rows=9678868 fwd_ms=552412.4 eval=0 prior=0
[inst] req=14204928 hits=4519916 fwd=9459 rows=9683988 fwd_ms=553190.3 eval=0 prior=0
[inst] req=14213120 hits=4522681 fwd=9465 rows=9690132 fwd_ms=553962.9 eval=0 prior=0
[inst] req=14221312 hits=4525473 fwd=9470 rows=9695252 fwd_ms=554757.5 eval=0 prior=0
[inst] req=14229504 hits=4528249 fwd=9476 rows=9701247 fwd_ms=555631.2 eval=0 prior=0
[inst] req=14237696 hits=4531001 fwd=9481 rows=9706367 fwd_ms=556391.2 eval=0 prior=0
[inst] req=14245888 hits=4533880 fwd=9486 rows=9711487 fwd_ms=557069.2 eval=0 prior=0
[inst] req=14254080 hits=4536384 fwd=9492 rows=9717631 fwd_ms=557984.9 eval=0 prior=0
[inst] req=14262272 hits=4538973 fwd=9497 rows=9722751 fwd_ms=558807.9 eval=0 prior=0
[inst] req=14270464 hits=4541582 fwd=9502 rows=9727871 fwd_ms=559495.2 eval=0 prior=0
[inst] req=14278656 hits=4544258 fwd=9508 rows=9734015 fwd_ms=560351.5 eval=0 prior=0
[inst] req=14286848 hits=4546966 fwd=9513 rows=9739135 fwd_ms=561097.5 eval=0 prior=0
[inst] req=14295040 hits=4549485 fwd=9519 rows=9745279 fwd_ms=562013.9 eval=0 prior=0
[inst] req=14303232 hits=4552121 fwd=9524 rows=9750399 fwd_ms=562834.9 eval=0 prior=0
[inst] req=14311424 hits=4554939 fwd=9529 rows=9755519 fwd_ms=563678.3 eval=0 prior=0
[inst] req=14319616 hits=4557424 fwd=9535 rows=9761663 fwd_ms=564579.6 eval=0 prior=0
[inst] req=14327808 hits=4560118 fwd=9540 rows=9766783 fwd_ms=565228.4 eval=0 prior=0
[inst] req=14336000 hits=4563020 fwd=9546 rows=9772927 fwd_ms=566079.9 eval=0 prior=0
[inst] req=14344192 hits=4565955 fwd=9551 rows=9778047 fwd_ms=566736.2 eval=0 prior=0
[inst] req=14352384 hits=4568676 fwd=9556 rows=9783166 fwd_ms=567361.7 eval=0 prior=0
[inst] req=14360576 hits=4571256 fwd=9562 rows=9789310 fwd_ms=568161.4 eval=0 prior=0
[inst] req=14368768 hits=4573966 fwd=9567 rows=9794430 fwd_ms=568778.2 eval=0 prior=0
[inst] req=14376960 hits=4576843 fwd=9572 rows=9799549 fwd_ms=569059.0 eval=0 prior=0
[inst] req=14385152 hits=4579772 fwd=9577 rows=9804669 fwd_ms=569341.1 eval=0 prior=0
[inst] req=14393344 hits=4582833 fwd=9582 rows=9809789 fwd_ms=569622.6 eval=0 prior=0
[inst] req=14401536 hits=4584408 fwd=9589 rows=9816957 fwd_ms=570069.3 eval=0 prior=0
[inst] req=14409728 hits=4584774 fwd=9596 rows=9824125 fwd_ms=570540.8 eval=0 prior=0
[inst] req=14417920 hits=4585369 fwd=9604 rows=9832317 fwd_ms=571079.2 eval=0 prior=0
[inst] req=14426112 hits=4586258 fwd=9611 rows=9839485 fwd_ms=571550.5 eval=0 prior=0
[inst] req=14434304 hits=4587514 fwd=9618 rows=9846653 fwd_ms=572021.4 eval=0 prior=0
[inst] req=14442496 hits=4589121 fwd=9624 rows=9852797 fwd_ms=572425.1 eval=0 prior=0
[inst] req=14450688 hits=4591092 fwd=9630 rows=9858941 fwd_ms=572829.0 eval=0 prior=0
[inst] req=14458880 hits=4593334 fwd=9636 rows=9865085 fwd_ms=573233.0 eval=0 prior=0
[inst] req=14467072 hits=4595701 fwd=9642 rows=9871229 fwd_ms=573636.8 eval=0 prior=0
[inst] req=14475264 hits=4598412 fwd=9647 rows=9876349 fwd_ms=573973.2 eval=0 prior=0
[inst] req=14483456 hits=4601325 fwd=9652 rows=9881469 fwd_ms=574309.7 eval=0 prior=0
[inst] req=14491648 hits=4604078 fwd=9657 rows=9886589 fwd_ms=574646.1 eval=0 prior=0
[inst] req=14499840 hits=4606711 fwd=9663 rows=9892733 fwd_ms=575049.6 eval=0 prior=0
[inst] req=14508032 hits=4609335 fwd=9668 rows=9897853 fwd_ms=575386.0 eval=0 prior=0
[inst] req=14516224 hits=4611951 fwd=9674 rows=9903997 fwd_ms=575789.9 eval=0 prior=0
[inst] req=14524416 hits=4614654 fwd=9679 rows=9909117 fwd_ms=576126.3 eval=0 prior=0
[inst] req=14532608 hits=4617455 fwd=9684 rows=9914237 fwd_ms=576462.8 eval=0 prior=0
[inst] req=14540800 hits=4620230 fwd=9690 rows=9920381 fwd_ms=576867.0 eval=0 prior=0
[inst] req=14548992 hits=4623046 fwd=9695 rows=9925501 fwd_ms=577203.4 eval=0 prior=0
[inst] req=14557184 hits=4625839 fwd=9700 rows=9930621 fwd_ms=577540.1 eval=0 prior=0
[inst] req=14565376 hits=4628823 fwd=9705 rows=9935741 fwd_ms=577876.8 eval=0 prior=0
[inst] req=14573568 hits=4631783 fwd=9710 rows=9940861 fwd_ms=578213.3 eval=0 prior=0
[inst] req=14581760 hits=4634462 fwd=9716 rows=9947005 fwd_ms=578616.9 eval=0 prior=0
[inst] req=14589952 hits=4637020 fwd=9721 rows=9952125 fwd_ms=578953.4 eval=0 prior=0
[inst] req=14598144 hits=4639774 fwd=9727 rows=9958269 fwd_ms=579356.8 eval=0 prior=0
[inst] req=14606336 hits=4642489 fwd=9732 rows=9963389 fwd_ms=579692.9 eval=0 prior=0
[inst] req=14614528 hits=4645360 fwd=9737 rows=9968509 fwd_ms=580029.4 eval=0 prior=0
[inst] req=14622720 hits=4648186 fwd=9742 rows=9973629 fwd_ms=580365.8 eval=0 prior=0
[inst] req=14630912 hits=4651010 fwd=9748 rows=9979773 fwd_ms=580769.3 eval=0 prior=0
[inst] req=14639104 hits=4654010 fwd=9753 rows=9984893 fwd_ms=581106.1 eval=0 prior=0
[inst] req=14647296 hits=4656993 fwd=9758 rows=9990013 fwd_ms=581442.5 eval=0 prior=0
[inst] req=14655488 hits=4659995 fwd=9763 rows=9995133 fwd_ms=581778.7 eval=0 prior=0
[inst] req=14663680 hits=4662847 fwd=9768 rows=10000253 fwd_ms=582114.8 eval=0 prior=0
[inst] req=14671872 hits=4665580 fwd=9773 rows=10005373 fwd_ms=582451.3 eval=0 prior=0
[inst] req=14680064 hits=4668252 fwd=9779 rows=10011517 fwd_ms=582854.5 eval=0 prior=0
[inst] req=14688256 hits=4670851 fwd=9784 rows=10016637 fwd_ms=583191.0 eval=0 prior=0
[inst] req=14696448 hits=4673456 fwd=9790 rows=10022781 fwd_ms=583594.2 eval=0 prior=0
[inst] req=14704640 hits=4676089 fwd=9795 rows=10027901 fwd_ms=583930.3 eval=0 prior=0
[inst] req=14712832 hits=4678911 fwd=9800 rows=10033021 fwd_ms=584266.5 eval=0 prior=0
[inst] req=14721024 hits=4681904 fwd=9805 rows=10038141 fwd_ms=584603.0 eval=0 prior=0
[inst] req=14729216 hits=4684768 fwd=9811 rows=10044285 fwd_ms=585006.8 eval=0 prior=0
[inst] req=14737408 hits=4687819 fwd=9816 rows=10049405 fwd_ms=585343.2 eval=0 prior=0
[inst] req=14745600 hits=4690796 fwd=9821 rows=10054525 fwd_ms=585679.4 eval=0 prior=0
[inst] req=14753792 hits=4693856 fwd=9826 rows=10059645 fwd_ms=586015.6 eval=0 prior=0
[inst] req=14761984 hits=4696583 fwd=9831 rows=10064765 fwd_ms=586351.6 eval=0 prior=0
[inst] req=14770176 hits=4699203 fwd=9837 rows=10070909 fwd_ms=586754.9 eval=0 prior=0
[inst] req=14778368 hits=4701760 fwd=9842 rows=10076029 fwd_ms=587090.9 eval=0 prior=0
[inst] req=14786560 hits=4704457 fwd=9847 rows=10081149 fwd_ms=587427.1 eval=0 prior=0
[inst] req=14794752 hits=4707125 fwd=9853 rows=10087293 fwd_ms=587830.6 eval=0 prior=0
[inst] req=14802944 hits=4709898 fwd=9858 rows=10092413 fwd_ms=588167.4 eval=0 prior=0
[inst] req=14811136 hits=4712821 fwd=9863 rows=10097533 fwd_ms=588503.9 eval=0 prior=0
[inst] req=14819328 hits=4715737 fwd=9868 rows=10102653 fwd_ms=588840.6 eval=0 prior=0
[inst] req=14827520 hits=4718514 fwd=9874 rows=10108797 fwd_ms=589244.6 eval=0 prior=0
[inst] req=14835712 hits=4721360 fwd=9879 rows=10113917 fwd_ms=589581.5 eval=0 prior=0
[inst] req=14843904 hits=4724240 fwd=9884 rows=10119037 fwd_ms=589918.3 eval=0 prior=0
[inst] req=14852096 hits=4727058 fwd=9889 rows=10124157 fwd_ms=590254.8 eval=0 prior=0
[inst] req=14860288 hits=4729737 fwd=9895 rows=10130301 fwd_ms=590658.3 eval=0 prior=0
[inst] req=14868480 hits=4732366 fwd=9900 rows=10135421 fwd_ms=590994.7 eval=0 prior=0
[inst] req=14876672 hits=4735107 fwd=9905 rows=10140541 fwd_ms=591331.2 eval=0 prior=0
[inst] req=14884864 hits=4737937 fwd=9911 rows=10146685 fwd_ms=591734.9 eval=0 prior=0
[inst] req=14893056 hits=4740740 fwd=9916 rows=10151805 fwd_ms=592071.4 eval=0 prior=0
[inst] req=14901248 hits=4743621 fwd=9921 rows=10156925 fwd_ms=592407.7 eval=0 prior=0
[inst] req=14909440 hits=4746541 fwd=9926 rows=10162045 fwd_ms=592744.4 eval=0 prior=0
[inst] req=14917632 hits=4749541 fwd=9931 rows=10167165 fwd_ms=593081.0 eval=0 prior=0
[inst] req=14925824 hits=4752330 fwd=9937 rows=10173309 fwd_ms=593484.8 eval=0 prior=0
[inst] req=14934016 hits=4755196 fwd=9942 rows=10178429 fwd_ms=593821.3 eval=0 prior=0
[inst] req=14942208 hits=4757943 fwd=9947 rows=10183549 fwd_ms=594157.7 eval=0 prior=0
[inst] req=14950400 hits=4760678 fwd=9953 rows=10189693 fwd_ms=594561.6 eval=0 prior=0
[inst] req=14958592 hits=4763312 fwd=9958 rows=10194813 fwd_ms=594897.7 eval=0 prior=0
[inst] req=14966784 hits=4766042 fwd=9963 rows=10199933 fwd_ms=595234.0 eval=0 prior=0
[inst] req=14974976 hits=4768780 fwd=9969 rows=10206077 fwd_ms=595638.1 eval=0 prior=0
[inst] req=14983168 hits=4771564 fwd=9974 rows=10211197 fwd_ms=595974.6 eval=0 prior=0
[inst] req=14991360 hits=4774269 fwd=9979 rows=10216317 fwd_ms=596311.2 eval=0 prior=0
[inst] req=14999552 hits=4777091 fwd=9984 rows=10221437 fwd_ms=596647.7 eval=0 prior=0
[inst] req=15007744 hits=4779899 fwd=9990 rows=10227581 fwd_ms=597051.7 eval=0 prior=0
[inst] req=15015936 hits=4782694 fwd=9995 rows=10232701 fwd_ms=597388.2 eval=0 prior=0
[inst] req=15024128 hits=4785511 fwd=10000 rows=10237821 fwd_ms=597724.6 eval=0 prior=0
[inst] req=15032320 hits=4788351 fwd=10006 rows=10243965 fwd_ms=598128.4 eval=0 prior=0
[inst] req=15040512 hits=4791096 fwd=10011 rows=10249085 fwd_ms=598464.7 eval=0 prior=0
[inst] req=15048704 hits=4793776 fwd=10016 rows=10254205 fwd_ms=598801.5 eval=0 prior=0
[inst] req=15056896 hits=4796522 fwd=10022 rows=10260349 fwd_ms=599205.4 eval=0 prior=0
[inst] req=15065088 hits=4799215 fwd=10027 rows=10265469 fwd_ms=599542.2 eval=0 prior=0
[inst] req=15073280 hits=4801997 fwd=10032 rows=10270589 fwd_ms=599878.8 eval=0 prior=0
[inst] req=15081472 hits=4804866 fwd=10037 rows=10275709 fwd_ms=600215.3 eval=0 prior=0
[inst] req=15089664 hits=4807705 fwd=10043 rows=10281853 fwd_ms=600619.1 eval=0 prior=0
[inst] req=15097856 hits=4810571 fwd=10048 rows=10286973 fwd_ms=600955.7 eval=0 prior=0
[inst] req=15106048 hits=4813470 fwd=10053 rows=10292093 fwd_ms=601292.3 eval=0 prior=0
[inst] req=15114240 hits=4816252 fwd=10058 rows=10297213 fwd_ms=601628.9 eval=0 prior=0
[inst] req=15122432 hits=4818912 fwd=10064 rows=10303357 fwd_ms=602033.2 eval=0 prior=0
[inst] req=15130624 hits=4821641 fwd=10069 rows=10308477 fwd_ms=602369.8 eval=0 prior=0
[inst] req=15138816 hits=4824327 fwd=10074 rows=10313597 fwd_ms=602706.7 eval=0 prior=0
[inst] req=15147008 hits=4827021 fwd=10080 rows=10319741 fwd_ms=603110.5 eval=0 prior=0
[inst] req=15155200 hits=4829768 fwd=10085 rows=10324861 fwd_ms=603447.1 eval=0 prior=0
[inst] req=15163392 hits=4832601 fwd=10090 rows=10329981 fwd_ms=603783.5 eval=0 prior=0
[inst] req=15171584 hits=4835277 fwd=10096 rows=10336125 fwd_ms=604187.3 eval=0 prior=0
[inst] req=15179776 hits=4838120 fwd=10101 rows=10341245 fwd_ms=604523.9 eval=0 prior=0
[inst] req=15187968 hits=4840899 fwd=10106 rows=10346365 fwd_ms=604860.5 eval=0 prior=0
[inst] req=15196160 hits=4843909 fwd=10111 rows=10351485 fwd_ms=605196.9 eval=0 prior=0
[inst] req=15204352 hits=4846729 fwd=10116 rows=10356605 fwd_ms=605533.7 eval=0 prior=0
[inst] req=15212544 hits=4849593 fwd=10122 rows=10362749 fwd_ms=605937.7 eval=0 prior=0
[inst] req=15220736 hits=4852281 fwd=10127 rows=10367869 fwd_ms=606274.2 eval=0 prior=0
[inst] req=15228928 hits=4854946 fwd=10132 rows=10372989 fwd_ms=606610.6 eval=0 prior=0
[inst] req=15237120 hits=4857703 fwd=10138 rows=10379133 fwd_ms=607014.3 eval=0 prior=0
[inst] req=15245312 hits=4860567 fwd=10143 rows=10384253 fwd_ms=607350.7 eval=0 prior=0
[inst] req=15253504 hits=4863546 fwd=10148 rows=10389373 fwd_ms=607687.5 eval=0 prior=0
[inst] req=15261696 hits=4866470 fwd=10153 rows=10394493 fwd_ms=608024.2 eval=0 prior=0
[inst] req=15269888 hits=4869440 fwd=10158 rows=10399613 fwd_ms=608361.0 eval=0 prior=0
[inst] req=15278080 hits=4872402 fwd=10163 rows=10404733 fwd_ms=608697.9 eval=0 prior=0
[inst] req=15286272 hits=4875325 fwd=10169 rows=10410877 fwd_ms=609101.8 eval=0 prior=0
[inst] req=15294464 hits=4878106 fwd=10174 rows=10415997 fwd_ms=609438.4 eval=0 prior=0
[inst] req=15302656 hits=4880820 fwd=10179 rows=10421117 fwd_ms=609775.2 eval=0 prior=0
[inst] req=15310848 hits=4883510 fwd=10185 rows=10427261 fwd_ms=610179.4 eval=0 prior=0
[inst] req=15319040 hits=4886269 fwd=10190 rows=10432381 fwd_ms=610515.9 eval=0 prior=0
[inst] req=15327232 hits=4889111 fwd=10195 rows=10437501 fwd_ms=610852.4 eval=0 prior=0
[inst] req=15335424 hits=4891867 fwd=10200 rows=10442621 fwd_ms=611189.0 eval=0 prior=0
[inst] req=15343616 hits=4894638 fwd=10206 rows=10448765 fwd_ms=611592.7 eval=0 prior=0
[inst] req=15351808 hits=4897511 fwd=10211 rows=10453885 fwd_ms=611929.4 eval=0 prior=0
[inst] req=15360000 hits=4900338 fwd=10216 rows=10459005 fwd_ms=612266.1 eval=0 prior=0
[inst] req=15368192 hits=4903232 fwd=10221 rows=10464125 fwd_ms=612602.4 eval=0 prior=0
[inst] req=15376384 hits=4906239 fwd=10226 rows=10469245 fwd_ms=612939.0 eval=0 prior=0
[inst] req=15384576 hits=4908980 fwd=10232 rows=10475389 fwd_ms=613343.1 eval=0 prior=0
[inst] req=15392768 hits=4911769 fwd=10237 rows=10480509 fwd_ms=613679.6 eval=0 prior=0
[inst] req=15400960 hits=4914470 fwd=10242 rows=10485629 fwd_ms=614016.0 eval=0 prior=0
[inst] req=15409152 hits=4917467 fwd=10247 rows=10490749 fwd_ms=614352.5 eval=0 prior=0
[inst] req=15417344 hits=4920265 fwd=10253 rows=10496893 fwd_ms=614756.1 eval=0 prior=0
[inst] req=15425536 hits=4923004 fwd=10258 rows=10502013 fwd_ms=615092.5 eval=0 prior=0
[inst] req=15433728 hits=4925707 fwd=10263 rows=10507133 fwd_ms=615429.1 eval=0 prior=0
[inst] req=15441920 hits=4928557 fwd=10269 rows=10513277 fwd_ms=615833.3 eval=0 prior=0
[inst] req=15450112 hits=4931329 fwd=10274 rows=10518397 fwd_ms=616170.0 eval=0 prior=0
[inst] req=15458304 hits=4934223 fwd=10279 rows=10523517 fwd_ms=616506.7 eval=0 prior=0
[inst] req=15466496 hits=4937070 fwd=10284 rows=10528637 fwd_ms=616843.2 eval=0 prior=0
[inst] req=15474688 hits=4939999 fwd=10289 rows=10533757 fwd_ms=617179.5 eval=0 prior=0
[inst] req=15482880 hits=4942816 fwd=10295 rows=10539901 fwd_ms=617583.4 eval=0 prior=0
[inst] req=15491072 hits=4945604 fwd=10300 rows=10545021 fwd_ms=617919.4 eval=0 prior=0
[inst] req=15499264 hits=4948271 fwd=10305 rows=10550141 fwd_ms=618255.6 eval=0 prior=0
[inst] req=15507456 hits=4950951 fwd=10311 rows=10556285 fwd_ms=618659.1 eval=0 prior=0
[inst] req=15515648 hits=4953708 fwd=10316 rows=10561405 fwd_ms=618995.1 eval=0 prior=0
[inst] req=15523840 hits=4956386 fwd=10321 rows=10566525 fwd_ms=619331.2 eval=0 prior=0
[inst] req=15532032 hits=4959144 fwd=10327 rows=10572669 fwd_ms=619734.9 eval=0 prior=0
[inst] req=15540224 hits=4961935 fwd=10332 rows=10577789 fwd_ms=620071.2 eval=0 prior=0
[inst] req=15548416 hits=4964717 fwd=10337 rows=10582909 fwd_ms=620407.2 eval=0 prior=0
[inst] req=15556608 hits=4967584 fwd=10342 rows=10588029 fwd_ms=620743.4 eval=0 prior=0
[inst] req=15564800 hits=4970478 fwd=10348 rows=10594173 fwd_ms=621146.9 eval=0 prior=0
[inst] req=15572992 hits=4973333 fwd=10353 rows=10599293 fwd_ms=621483.1 eval=0 prior=0
[inst] req=15581184 hits=4976024 fwd=10358 rows=10604413 fwd_ms=621819.2 eval=0 prior=0
[inst] req=15589376 hits=4978764 fwd=10364 rows=10610557 fwd_ms=622223.3 eval=0 prior=0
[inst] req=15597568 hits=4981447 fwd=10369 rows=10615677 fwd_ms=622559.6 eval=0 prior=0
[inst] req=15605760 hits=4984269 fwd=10374 rows=10620797 fwd_ms=622896.0 eval=0 prior=0
[inst] req=15613952 hits=4987031 fwd=10379 rows=10625917 fwd_ms=623232.3 eval=0 prior=0
[inst] req=15622144 hits=4989808 fwd=10385 rows=10632061 fwd_ms=623636.0 eval=0 prior=0
[inst] req=15630336 hits=4992631 fwd=10390 rows=10637181 fwd_ms=623972.3 eval=0 prior=0
[inst] req=15638528 hits=4995480 fwd=10395 rows=10642301 fwd_ms=624308.3 eval=0 prior=0
[inst] req=15646720 hits=4998413 fwd=10400 rows=10647421 fwd_ms=624644.9 eval=0 prior=0
[inst] req=15654912 hits=5001319 fwd=10406 rows=10653565 fwd_ms=625048.6 eval=0 prior=0
[inst] req=15663104 hits=5004100 fwd=10411 rows=10658685 fwd_ms=625384.9 eval=0 prior=0
[inst] req=15671296 hits=5006884 fwd=10416 rows=10663805 fwd_ms=625721.2 eval=0 prior=0
[inst] req=15679488 hits=5009596 fwd=10421 rows=10668925 fwd_ms=626057.6 eval=0 prior=0
[inst] req=15687680 hits=5012280 fwd=10427 rows=10675069 fwd_ms=626461.6 eval=0 prior=0
[inst] req=15695872 hits=5014995 fwd=10432 rows=10680189 fwd_ms=626797.9 eval=0 prior=0
[inst] req=15704064 hits=5017913 fwd=10437 rows=10685309 fwd_ms=627134.6 eval=0 prior=0
[inst] req=15712256 hits=5020798 fwd=10443 rows=10691453 fwd_ms=627538.6 eval=0 prior=0
[inst] req=15720448 hits=5023568 fwd=10448 rows=10696573 fwd_ms=627874.9 eval=0 prior=0
[inst] req=15728640 hits=5026487 fwd=10453 rows=10701693 fwd_ms=628211.2 eval=0 prior=0
[inst] req=15736832 hits=5029662 fwd=10458 rows=10706813 fwd_ms=628547.6 eval=0 prior=0
[inst] req=15745024 hits=5032450 fwd=10463 rows=10711933 fwd_ms=628883.9 eval=0 prior=0
[inst] req=15753216 hits=5035164 fwd=10468 rows=10717053 fwd_ms=629220.4 eval=0 prior=0
[inst] req=15761408 hits=5037926 fwd=10474 rows=10723197 fwd_ms=629624.0 eval=0 prior=0
[inst] req=15769600 hits=5040614 fwd=10479 rows=10728317 fwd_ms=629960.4 eval=0 prior=0
[inst] req=15777792 hits=5043336 fwd=10484 rows=10733437 fwd_ms=630296.8 eval=0 prior=0
[inst] req=15785984 hits=5046039 fwd=10490 rows=10739581 fwd_ms=630700.4 eval=0 prior=0
[inst] req=15794176 hits=5048804 fwd=10495 rows=10744701 fwd_ms=631036.6 eval=0 prior=0
[inst] req=15802368 hits=5051564 fwd=10500 rows=10749821 fwd_ms=631373.1 eval=0 prior=0
[inst] req=15810560 hits=5054351 fwd=10506 rows=10755965 fwd_ms=631777.0 eval=0 prior=0
[inst] req=15818752 hits=5057224 fwd=10511 rows=10761085 fwd_ms=632113.4 eval=0 prior=0
[inst] req=15826944 hits=5060006 fwd=10516 rows=10766205 fwd_ms=632450.2 eval=0 prior=0
[inst] req=15835136 hits=5062852 fwd=10521 rows=10771325 fwd_ms=632786.7 eval=0 prior=0
[inst] req=15843328 hits=5065639 fwd=10527 rows=10777469 fwd_ms=633190.6 eval=0 prior=0
[inst] req=15851520 hits=5068378 fwd=10532 rows=10782589 fwd_ms=633527.1 eval=0 prior=0
[inst] req=15859712 hits=5071186 fwd=10537 rows=10787709 fwd_ms=633863.5 eval=0 prior=0
[inst] req=15867904 hits=5074054 fwd=10542 rows=10792829 fwd_ms=634200.1 eval=0 prior=0
[inst] req=15876096 hits=5076883 fwd=10548 rows=10798973 fwd_ms=634603.7 eval=0 prior=0
[inst] req=15884288 hits=5079670 fwd=10553 rows=10804093 fwd_ms=634940.0 eval=0 prior=0
[inst] req=15892480 hits=5082602 fwd=10558 rows=10809213 fwd_ms=635276.5 eval=0 prior=0
[inst] req=15900672 hits=5085287 fwd=10564 rows=10815357 fwd_ms=635680.1 eval=0 prior=0
[inst] req=15908864 hits=5088044 fwd=10569 rows=10820477 fwd_ms=636016.8 eval=0 prior=0
[inst] req=15917056 hits=5090932 fwd=10574 rows=10825597 fwd_ms=636353.2 eval=0 prior=0
[inst] req=15925248 hits=5093832 fwd=10579 rows=10830717 fwd_ms=636690.2 eval=0 prior=0
[inst] req=15933440 hits=5096533 fwd=10585 rows=10836861 fwd_ms=637094.3 eval=0 prior=0
[inst] req=15941632 hits=5099376 fwd=10590 rows=10841981 fwd_ms=637430.7 eval=0 prior=0
[inst] req=15949824 hits=5102133 fwd=10595 rows=10847101 fwd_ms=637767.5 eval=0 prior=0
[inst] req=15958016 hits=5104827 fwd=10600 rows=10852221 fwd_ms=638103.2 eval=0 prior=0
[inst] req=15966208 hits=5107635 fwd=10606 rows=10858365 fwd_ms=638507.9 eval=0 prior=0
[inst] req=15974400 hits=5110561 fwd=10611 rows=10863485 fwd_ms=638845.3 eval=0 prior=0
[inst] req=15982592 hits=5113351 fwd=10616 rows=10868605 fwd_ms=639182.7 eval=0 prior=0
[inst] req=15990784 hits=5116126 fwd=10621 rows=10873725 fwd_ms=639519.7 eval=0 prior=0
[inst] req=15998976 hits=5118926 fwd=10627 rows=10879869 fwd_ms=639924.2 eval=0 prior=0
[inst] req=16007168 hits=5121864 fwd=10632 rows=10884989 fwd_ms=640261.5 eval=0 prior=0
[inst] req=16015360 hits=5124665 fwd=10637 rows=10890109 fwd_ms=640598.6 eval=0 prior=0
[inst] req=16023552 hits=5127461 fwd=10642 rows=10895229 fwd_ms=640935.8 eval=0 prior=0
[inst] req=16031744 hits=5130372 fwd=10647 rows=10900348 fwd_ms=641272.8 eval=0 prior=0
[inst] req=16039936 hits=5133217 fwd=10653 rows=10906492 fwd_ms=641677.1 eval=0 prior=0
[inst] req=16048128 hits=5136096 fwd=10658 rows=10911612 fwd_ms=642014.0 eval=0 prior=0
[inst] req=16056320 hits=5138866 fwd=10663 rows=10916732 fwd_ms=642350.7 eval=0 prior=0
[inst] req=16064512 hits=5141762 fwd=10668 rows=10921852 fwd_ms=642687.6 eval=0 prior=0
[inst] req=16072704 hits=5144518 fwd=10674 rows=10927996 fwd_ms=643091.7 eval=0 prior=0
[inst] req=16080896 hits=5147310 fwd=10679 rows=10933116 fwd_ms=643428.8 eval=0 prior=0
[inst] req=16089088 hits=5150038 fwd=10684 rows=10938236 fwd_ms=643765.4 eval=0 prior=0
[inst] req=16097280 hits=5152718 fwd=10690 rows=10944380 fwd_ms=644169.6 eval=0 prior=0
[inst] req=16105472 hits=5155470 fwd=10695 rows=10949500 fwd_ms=644506.5 eval=0 prior=0
[inst] req=16113664 hits=5158305 fwd=10700 rows=10954620 fwd_ms=644843.4 eval=0 prior=0
[inst] req=16121856 hits=5161119 fwd=10705 rows=10959740 fwd_ms=645179.7 eval=0 prior=0
[inst] req=16130048 hits=5164058 fwd=10711 rows=10965884 fwd_ms=645583.6 eval=0 prior=0
[inst] req=16138240 hits=5166930 fwd=10716 rows=10971004 fwd_ms=645920.4 eval=0 prior=0
[inst] req=16146432 hits=5169772 fwd=10721 rows=10976124 fwd_ms=646257.1 eval=0 prior=0
[inst] req=16154624 hits=5172442 fwd=10726 rows=10981244 fwd_ms=646593.6 eval=0 prior=0
[inst] req=16162816 hits=5175083 fwd=10732 rows=10987388 fwd_ms=646997.4 eval=0 prior=0
[inst] req=16171008 hits=5177879 fwd=10737 rows=10992508 fwd_ms=647333.8 eval=0 prior=0
[inst] req=16179200 hits=5180684 fwd=10742 rows=10997628 fwd_ms=647670.2 eval=0 prior=0
[inst] req=16187392 hits=5183338 fwd=10748 rows=11003772 fwd_ms=648073.9 eval=0 prior=0
[inst] req=16195584 hits=5186141 fwd=10753 rows=11008892 fwd_ms=648410.5 eval=0 prior=0
[inst] req=16203776 hits=5189031 fwd=10758 rows=11014012 fwd_ms=648746.8 eval=0 prior=0
[inst] req=16211968 hits=5192126 fwd=10763 rows=11019132 fwd_ms=649083.4 eval=0 prior=0
[inst] req=16220160 hits=5194984 fwd=10768 rows=11024252 fwd_ms=649419.9 eval=0 prior=0
[inst] req=16228352 hits=5197640 fwd=10774 rows=11030396 fwd_ms=649823.4 eval=0 prior=0
[inst] req=16236544 hits=5200314 fwd=10779 rows=11035516 fwd_ms=650159.7 eval=0 prior=0
[inst] req=16244736 hits=5203075 fwd=10785 rows=11041660 fwd_ms=650563.4 eval=0 prior=0
[inst] req=16252928 hits=5205830 fwd=10790 rows=11046780 fwd_ms=650899.8 eval=0 prior=0
[inst] req=16261120 hits=5208621 fwd=10795 rows=11051900 fwd_ms=651236.0 eval=0 prior=0
[inst] req=16269312 hits=5211398 fwd=10800 rows=11057020 fwd_ms=651572.3 eval=0 prior=0
[inst] req=16277504 hits=5214207 fwd=10806 rows=11063164 fwd_ms=651976.1 eval=0 prior=0
[inst] req=16285696 hits=5216996 fwd=10811 rows=11068284 fwd_ms=652312.5 eval=0 prior=0
[inst] req=16293888 hits=5219727 fwd=10816 rows=11073404 fwd_ms=652649.1 eval=0 prior=0
[inst] req=16302080 hits=5222545 fwd=10821 rows=11078524 fwd_ms=652985.8 eval=0 prior=0
[inst] req=16310272 hits=5225240 fwd=10827 rows=11084668 fwd_ms=653389.6 eval=0 prior=0
[inst] req=16318464 hits=5227994 fwd=10832 rows=11089788 fwd_ms=653726.2 eval=0 prior=0
[inst] req=16326656 hits=5230788 fwd=10837 rows=11094908 fwd_ms=654062.9 eval=0 prior=0
[inst] req=16334848 hits=5233583 fwd=10843 rows=11101052 fwd_ms=654466.7 eval=0 prior=0
[inst] req=16343040 hits=5236464 fwd=10848 rows=11106172 fwd_ms=654803.4 eval=0 prior=0
[inst] req=16351232 hits=5239270 fwd=10853 rows=11111292 fwd_ms=655139.8 eval=0 prior=0
[inst] req=16359424 hits=5242237 fwd=10858 rows=11116412 fwd_ms=655476.3 eval=0 prior=0
[inst] req=16367616 hits=5244983 fwd=10864 rows=11122556 fwd_ms=655880.5 eval=0 prior=0
[inst] req=16375808 hits=5247687 fwd=10869 rows=11127676 fwd_ms=656216.9 eval=0 prior=0
[inst] req=16384000 hits=5250459 fwd=10874 rows=11132796 fwd_ms=656553.4 eval=0 prior=0
[inst] req=16392192 hits=5253317 fwd=10879 rows=11137916 fwd_ms=656890.0 eval=0 prior=0
[inst] req=16400384 hits=5255893 fwd=10885 rows=11144060 fwd_ms=657293.8 eval=0 prior=0
[inst] req=16408576 hits=5258623 fwd=10890 rows=11149180 fwd_ms=657630.2 eval=0 prior=0
[inst] req=16416768 hits=5261355 fwd=10896 rows=11155324 fwd_ms=658034.2 eval=0 prior=0
[inst] req=16424960 hits=5264131 fwd=10901 rows=11160444 fwd_ms=658371.1 eval=0 prior=0
[inst] req=16433152 hits=5266919 fwd=10906 rows=11165564 fwd_ms=658707.6 eval=0 prior=0
[inst] req=16441344 hits=5269742 fwd=10911 rows=11170684 fwd_ms=659044.4 eval=0 prior=0
[inst] req=16449536 hits=5272611 fwd=10917 rows=11176828 fwd_ms=659448.5 eval=0 prior=0
[inst] req=16457728 hits=5275548 fwd=10922 rows=11181948 fwd_ms=659785.5 eval=0 prior=0
[inst] req=16465920 hits=5278456 fwd=10927 rows=11187068 fwd_ms=660121.9 eval=0 prior=0
[inst] req=16474112 hits=5281198 fwd=10932 rows=11192188 fwd_ms=660458.7 eval=0 prior=0
[inst] req=16482304 hits=5283969 fwd=10938 rows=11198332 fwd_ms=660863.1 eval=0 prior=0
[inst] req=16490496 hits=5286711 fwd=10943 rows=11203452 fwd_ms=661199.7 eval=0 prior=0
[inst] req=16498688 hits=5289578 fwd=10948 rows=11208572 fwd_ms=661536.6 eval=0 prior=0
[inst] req=16506880 hits=5292453 fwd=10953 rows=11213692 fwd_ms=661873.5 eval=0 prior=0
[inst] req=16515072 hits=5295264 fwd=10958 rows=11218812 fwd_ms=662210.3 eval=0 prior=0
[inst] req=16523264 hits=5298029 fwd=10964 rows=11224956 fwd_ms=662614.3 eval=0 prior=0
[inst] req=16531456 hits=5300988 fwd=10969 rows=11230076 fwd_ms=662951.0 eval=0 prior=0
[inst] req=16539648 hits=5303954 fwd=10974 rows=11235196 fwd_ms=663287.7 eval=0 prior=0
[inst] req=16547840 hits=5306797 fwd=10979 rows=11240316 fwd_ms=663624.3 eval=0 prior=0
[inst] req=16556032 hits=5309663 fwd=10984 rows=11245436 fwd_ms=663961.3 eval=0 prior=0
[inst] req=16564224 hits=5312405 fwd=10990 rows=11251580 fwd_ms=664365.4 eval=0 prior=0
[inst] req=16572416 hits=5315161 fwd=10995 rows=11256700 fwd_ms=664702.0 eval=0 prior=0
[inst] req=16580608 hits=5317851 fwd=11000 rows=11261820 fwd_ms=665038.8 eval=0 prior=0
[inst] req=16588800 hits=5320575 fwd=11006 rows=11267964 fwd_ms=665442.7 eval=0 prior=0
[inst] req=16596992 hits=5323293 fwd=11011 rows=11273084 fwd_ms=665779.6 eval=0 prior=0
[inst] req=16605184 hits=5326140 fwd=11016 rows=11278204 fwd_ms=666116.3 eval=0 prior=0
[inst] req=16613376 hits=5328979 fwd=11022 rows=11284348 fwd_ms=666520.4 eval=0 prior=0
[inst] req=16621568 hits=5331866 fwd=11027 rows=11289468 fwd_ms=666857.1 eval=0 prior=0
[inst] req=16629760 hits=5334642 fwd=11032 rows=11294588 fwd_ms=667194.0 eval=0 prior=0
[inst] req=16637952 hits=5337408 fwd=11037 rows=11299708 fwd_ms=667530.9 eval=0 prior=0
[inst] req=16646144 hits=5340133 fwd=11043 rows=11305852 fwd_ms=667935.0 eval=0 prior=0
[inst] req=16654336 hits=5342852 fwd=11048 rows=11310972 fwd_ms=668271.8 eval=0 prior=0
[inst] req=16662528 hits=5345708 fwd=11053 rows=11316092 fwd_ms=668608.5 eval=0 prior=0
[inst] req=16670720 hits=5348530 fwd=11058 rows=11321212 fwd_ms=668945.3 eval=0 prior=0
[inst] req=16678912 hits=5351341 fwd=11064 rows=11327356 fwd_ms=669349.5 eval=0 prior=0
[inst] req=16687104 hits=5354201 fwd=11069 rows=11332476 fwd_ms=669686.2 eval=0 prior=0
[inst] req=16695296 hits=5357102 fwd=11074 rows=11337596 fwd_ms=670023.0 eval=0 prior=0
[inst] req=16703488 hits=5360050 fwd=11079 rows=11342716 fwd_ms=670359.7 eval=0 prior=0
[inst] req=16711680 hits=5362887 fwd=11084 rows=11347836 fwd_ms=670696.4 eval=0 prior=0
[inst] req=16719872 hits=5365573 fwd=11090 rows=11353980 fwd_ms=671100.7 eval=0 prior=0
[inst] req=16728064 hits=5368384 fwd=11095 rows=11359100 fwd_ms=671437.5 eval=0 prior=0
[inst] req=16736256 hits=5371057 fwd=11100 rows=11364220 fwd_ms=671774.4 eval=0 prior=0
[inst] req=16744448 hits=5373679 fwd=11106 rows=11370364 fwd_ms=672178.5 eval=0 prior=0
[inst] req=16752640 hits=5376573 fwd=11111 rows=11375484 fwd_ms=672515.4 eval=0 prior=0
[inst] req=16760832 hits=5379318 fwd=11116 rows=11380604 fwd_ms=672852.1 eval=0 prior=0
[inst] req=16769024 hits=5382193 fwd=11122 rows=11386748 fwd_ms=673256.4 eval=0 prior=0
[inst] req=16777216 hits=5385031 fwd=11127 rows=11391868 fwd_ms=673593.6 eval=0 prior=0
[inst] req=16785408 hits=5387754 fwd=11132 rows=11396988 fwd_ms=673930.4 eval=0 prior=0
[inst] req=16793600 hits=5390438 fwd=11138 rows=11403132 fwd_ms=674334.9 eval=0 prior=0
[inst] req=16801792 hits=5393276 fwd=11143 rows=11408252 fwd_ms=674671.9 eval=0 prior=0
[inst] req=16809984 hits=5396056 fwd=11148 rows=11413372 fwd_ms=675008.7 eval=0 prior=0
[inst] req=16818176 hits=5398887 fwd=11153 rows=11418492 fwd_ms=675345.9 eval=0 prior=0
[inst] req=16826368 hits=5401730 fwd=11159 rows=11424636 fwd_ms=675750.1 eval=0 prior=0
[inst] req=16834560 hits=5404548 fwd=11164 rows=11429756 fwd_ms=676087.1 eval=0 prior=0
[inst] req=16842752 hits=5407423 fwd=11169 rows=11434876 fwd_ms=676423.9 eval=0 prior=0
[inst] req=16850944 hits=5410371 fwd=11174 rows=11439996 fwd_ms=676760.6 eval=0 prior=0
[inst] req=16859136 hits=5413278 fwd=11179 rows=11445116 fwd_ms=677097.5 eval=0 prior=0
[inst] req=16867328 hits=5416115 fwd=11184 rows=11450236 fwd_ms=677434.3 eval=0 prior=0
[inst] req=16875520 hits=5419094 fwd=11190 rows=11456380 fwd_ms=677838.6 eval=0 prior=0
[inst] req=16883712 hits=5421808 fwd=11195 rows=11461500 fwd_ms=678175.3 eval=0 prior=0
[inst] req=16891904 hits=5424497 fwd=11200 rows=11466620 fwd_ms=678512.2 eval=0 prior=0
[inst] req=16900096 hits=5427191 fwd=11206 rows=11472764 fwd_ms=678916.4 eval=0 prior=0
[inst] req=16908288 hits=5429970 fwd=11211 rows=11477884 fwd_ms=679253.3 eval=0 prior=0
[inst] req=16916480 hits=5432731 fwd=11216 rows=11483004 fwd_ms=679590.1 eval=0 prior=0
[inst] req=16924672 hits=5435491 fwd=11222 rows=11489148 fwd_ms=679994.2 eval=0 prior=0
[inst] req=16932864 hits=5438159 fwd=11227 rows=11494268 fwd_ms=680330.9 eval=0 prior=0
[inst] req=16941056 hits=5440885 fwd=11232 rows=11499388 fwd_ms=680667.5 eval=0 prior=0
[inst] req=16949248 hits=5443736 fwd=11237 rows=11504508 fwd_ms=681004.4 eval=0 prior=0
[inst] req=16957440 hits=5446630 fwd=11243 rows=11510652 fwd_ms=681408.6 eval=0 prior=0
[inst] req=16965632 hits=5449689 fwd=11248 rows=11515772 fwd_ms=681745.6 eval=0 prior=0
[inst] req=16973824 hits=5452466 fwd=11253 rows=11520892 fwd_ms=682082.6 eval=0 prior=0
[inst] req=16982016 hits=5455245 fwd=11258 rows=11526012 fwd_ms=682419.5 eval=0 prior=0
[inst] req=16990208 hits=5458151 fwd=11263 rows=11531132 fwd_ms=682756.3 eval=0 prior=0
[inst] req=16998400 hits=5460927 fwd=11269 rows=11537276 fwd_ms=683160.6 eval=0 prior=0
[inst] req=17006592 hits=5463722 fwd=11274 rows=11542396 fwd_ms=683497.4 eval=0 prior=0
[inst] req=17014784 hits=5466453 fwd=11279 rows=11547516 fwd_ms=683834.0 eval=0 prior=0
[inst] req=17022976 hits=5469172 fwd=11285 rows=11553660 fwd_ms=684238.1 eval=0 prior=0
[inst] req=17031168 hits=5472027 fwd=11290 rows=11558780 fwd_ms=684574.8 eval=0 prior=0
[inst] req=17039360 hits=5474812 fwd=11295 rows=11563900 fwd_ms=684911.7 eval=0 prior=0
[inst] req=17047552 hits=5477556 fwd=11300 rows=11569020 fwd_ms=685248.5 eval=0 prior=0
[inst] req=17055744 hits=5480294 fwd=11306 rows=11575164 fwd_ms=685652.9 eval=0 prior=0
[inst] req=17063936 hits=5483046 fwd=11311 rows=11580284 fwd_ms=685990.1 eval=0 prior=0
[inst] req=17072128 hits=5485758 fwd=11316 rows=11585404 fwd_ms=686327.1 eval=0 prior=0
[inst] req=17080320 hits=5488651 fwd=11322 rows=11591548 fwd_ms=686732.1 eval=0 prior=0
[inst] req=17088512 hits=5491492 fwd=11327 rows=11596668 fwd_ms=687069.4 eval=0 prior=0
[inst] req=17096704 hits=5494242 fwd=11332 rows=11601788 fwd_ms=687407.1 eval=0 prior=0
[inst] req=17104896 hits=5497028 fwd=11337 rows=11606908 fwd_ms=687744.5 eval=0 prior=0
[inst] req=17113088 hits=5499790 fwd=11343 rows=11613052 fwd_ms=688148.8 eval=0 prior=0
[inst] req=17121280 hits=5502571 fwd=11348 rows=11618172 fwd_ms=688485.7 eval=0 prior=0
[inst] req=17129472 hits=5505379 fwd=11353 rows=11623292 fwd_ms=688822.4 eval=0 prior=0
[inst] req=17137664 hits=5508156 fwd=11359 rows=11629436 fwd_ms=689226.6 eval=0 prior=0
[inst] req=17145856 hits=5510997 fwd=11364 rows=11634556 fwd_ms=689563.7 eval=0 prior=0
[inst] req=17154048 hits=5513762 fwd=11369 rows=11639676 fwd_ms=689901.3 eval=0 prior=0
[inst] req=17162240 hits=5516757 fwd=11374 rows=11644796 fwd_ms=690238.6 eval=0 prior=0
[inst] req=17170432 hits=5519715 fwd=11379 rows=11649915 fwd_ms=690575.4 eval=0 prior=0
[inst] req=17178624 hits=5522488 fwd=11385 rows=11656059 fwd_ms=690979.7 eval=0 prior=0
[inst] req=17186816 hits=5525249 fwd=11390 rows=11661179 fwd_ms=691316.6 eval=0 prior=0
[inst] req=17195008 hits=5528184 fwd=11395 rows=11666299 fwd_ms=691653.7 eval=0 prior=0
[inst] req=17203200 hits=5531037 fwd=11400 rows=11671419 fwd_ms=691990.5 eval=0 prior=0
[inst] req=17211392 hits=5533843 fwd=11405 rows=11676539 fwd_ms=692327.4 eval=0 prior=0
[inst] req=17219584 hits=5536620 fwd=11411 rows=11682683 fwd_ms=692731.4 eval=0 prior=0
[inst] req=17227776 hits=5539404 fwd=11416 rows=11687803 fwd_ms=693067.9 eval=0 prior=0
[inst] req=17235968 hits=5542141 fwd=11421 rows=11692923 fwd_ms=693404.4 eval=0 prior=0
[inst] req=17244160 hits=5544908 fwd=11427 rows=11699067 fwd_ms=693809.0 eval=0 prior=0
[inst] req=17252352 hits=5547692 fwd=11432 rows=11704187 fwd_ms=694451.5 eval=0 prior=0
[inst] req=17260544 hits=5550527 fwd=11437 rows=11709303 fwd_ms=695182.8 eval=0 prior=0
[inst] req=17268736 hits=5553355 fwd=11442 rows=11714423 fwd_ms=695884.7 eval=0 prior=0
[inst] req=17276928 hits=5556210 fwd=11448 rows=11720567 fwd_ms=696748.8 eval=0 prior=0
[inst] req=17285120 hits=5558775 fwd=11453 rows=11725687 fwd_ms=697548.8 eval=0 prior=0
[inst] req=17293312 hits=5561602 fwd=11458 rows=11730807 fwd_ms=698224.9 eval=0 prior=0
[inst] req=17301504 hits=5564408 fwd=11464 rows=11736951 fwd_ms=699083.2 eval=0 prior=0
[inst] req=17309696 hits=5567298 fwd=11469 rows=11742071 fwd_ms=699904.0 eval=0 prior=0
[inst] req=17317888 hits=5570200 fwd=11474 rows=11747191 fwd_ms=700693.0 eval=0 prior=0
[inst] req=17326080 hits=5573048 fwd=11479 rows=11752311 fwd_ms=701368.2 eval=0 prior=0
[inst] req=17334272 hits=5575998 fwd=11484 rows=11757431 fwd_ms=702157.6 eval=0 prior=0
[inst] req=17342464 hits=5579011 fwd=11489 rows=11762551 fwd_ms=702790.2 eval=0 prior=0
[inst] req=17350656 hits=5581772 fwd=11495 rows=11768695 fwd_ms=703646.5 eval=0 prior=0
[inst] req=17358848 hits=5584448 fwd=11500 rows=11773815 fwd_ms=704326.7 eval=0 prior=0
[inst] req=17367040 hits=5587098 fwd=11505 rows=11778935 fwd_ms=705067.0 eval=0 prior=0
[inst] req=17375232 hits=5589686 fwd=11511 rows=11785079 fwd_ms=705990.1 eval=0 prior=0
[inst] req=17383424 hits=5592283 fwd=11516 rows=11790199 fwd_ms=706793.6 eval=0 prior=0
[inst] req=17391616 hits=5595142 fwd=11522 rows=11796343 fwd_ms=707640.2 eval=0 prior=0
[inst] req=17399808 hits=5598027 fwd=11527 rows=11801463 fwd_ms=708317.2 eval=0 prior=0
[inst] req=17408000 hits=5600904 fwd=11532 rows=11806583 fwd_ms=709092.1 eval=0 prior=0
[inst] req=17416192 hits=5603773 fwd=11537 rows=11811703 fwd_ms=709830.9 eval=0 prior=0
[inst] req=17424384 hits=5606279 fwd=11543 rows=11817847 fwd_ms=710758.0 eval=0 prior=0
[inst] req=17432576 hits=5609045 fwd=11548 rows=11822967 fwd_ms=711534.4 eval=0 prior=0
[inst] req=17440768 hits=5611369 fwd=11554 rows=11829111 fwd_ms=712378.6 eval=0 prior=0
[inst] req=17448960 hits=5613761 fwd=11559 rows=11834231 fwd_ms=712718.7 eval=0 prior=0
[inst] req=17457152 hits=5616494 fwd=11565 rows=11840375 fwd_ms=713124.7 eval=0 prior=0
[inst] req=17465344 hits=5619594 fwd=11570 rows=11845495 fwd_ms=713465.0 eval=0 prior=0
[inst] req=17473536 hits=5622153 fwd=11575 rows=11850615 fwd_ms=713811.7 eval=0 prior=0
[inst] req=17481728 hits=5622577 fwd=11583 rows=11858807 fwd_ms=714349.2 eval=0 prior=0
[inst] req=17489920 hits=5623429 fwd=11590 rows=11865975 fwd_ms=714819.4 eval=0 prior=0
[inst] req=17498112 hits=5624684 fwd=11597 rows=11873143 fwd_ms=715289.5 eval=0 prior=0
[inst] req=17506304 hits=5626384 fwd=11603 rows=11879287 fwd_ms=715692.7 eval=0 prior=0
[inst] req=17514496 hits=5628481 fwd=11609 rows=11885431 fwd_ms=716096.1 eval=0 prior=0
[inst] req=17522688 hits=5631065 fwd=11615 rows=11891575 fwd_ms=716499.6 eval=0 prior=0
[inst] req=17530880 hits=5633922 fwd=11620 rows=11896695 fwd_ms=716835.6 eval=0 prior=0
[inst] req=17539072 hits=5637004 fwd=11625 rows=11901815 fwd_ms=717171.8 eval=0 prior=0
[inst] req=17547264 hits=5640344 fwd=11629 rows=11905911 fwd_ms=717440.6 eval=0 prior=0
[inst] req=17555456 hits=5644098 fwd=11634 rows=11911031 fwd_ms=717776.4 eval=0 prior=0
[inst] req=17563648 hits=5648790 fwd=11637 rows=11914103 fwd_ms=717978.1 eval=0 prior=0
[inst] req=17571840 hits=5653139 fwd=11641 rows=11918199 fwd_ms=718246.8 eval=0 prior=0
[inst] req=17580032 hits=5656768 fwd=11645 rows=11922295 fwd_ms=718515.4 eval=0 prior=0
[inst] req=17588224 hits=5660265 fwd=11650 rows=11927415 fwd_ms=718851.4 eval=0 prior=0
[inst] req=17596416 hits=5663767 fwd=11655 rows=11932535 fwd_ms=719187.4 eval=0 prior=0
[inst] req=17604608 hits=5667169 fwd=11659 rows=11936631 fwd_ms=719456.3 eval=0 prior=0
[inst] req=17612800 hits=5670640 fwd=11664 rows=11941751 fwd_ms=719792.5 eval=0 prior=0
[inst] req=17620992 hits=5674255 fwd=11668 rows=11945847 fwd_ms=720061.4 eval=0 prior=0
[inst] req=17629184 hits=5678067 fwd=11673 rows=11950967 fwd_ms=720397.3 eval=0 prior=0
[inst] req=17637376 hits=5681795 fwd=11677 rows=11955063 fwd_ms=720666.4 eval=0 prior=0
[inst] req=17645568 hits=5685533 fwd=11681 rows=11959159 fwd_ms=720935.2 eval=0 prior=0
[inst] req=17653760 hits=5689376 fwd=11686 rows=11964279 fwd_ms=721271.3 eval=0 prior=0
[inst] req=17661952 hits=5693297 fwd=11690 rows=11968374 fwd_ms=721540.0 eval=0 prior=0
[inst] req=17670144 hits=5696899 fwd=11694 rows=11972470 fwd_ms=721808.8 eval=0 prior=0
[inst] req=17678336 hits=5701076 fwd=11698 rows=11976566 fwd_ms=722077.6 eval=0 prior=0
[inst] req=17686528 hits=5705564 fwd=11702 rows=11980662 fwd_ms=722346.5 eval=0 prior=0
[inst] req=17694720 hits=5709944 fwd=11706 rows=11984758 fwd_ms=722615.1 eval=0 prior=0
[inst] req=17702912 hits=5714248 fwd=11709 rows=11987830 fwd_ms=722816.7 eval=0 prior=0
[inst] req=17711104 hits=5718373 fwd=11713 rows=11991926 fwd_ms=723085.3 eval=0 prior=0
[inst] req=17719296 hits=5722543 fwd=11717 rows=11996022 fwd_ms=723354.2 eval=0 prior=0
[inst] req=17727488 hits=5726359 fwd=11721 rows=12000118 fwd_ms=723623.1 eval=0 prior=0
[inst] req=17735680 hits=5730254 fwd=11726 rows=12005238 fwd_ms=723959.4 eval=0 prior=0
[inst] req=17743872 hits=5734122 fwd=11730 rows=12009334 fwd_ms=724228.2 eval=0 prior=0
[inst] req=17752064 hits=5738037 fwd=11734 rows=12013430 fwd_ms=724497.2 eval=0 prior=0
[inst] req=17760256 hits=5741781 fwd=11738 rows=12017526 fwd_ms=724766.1 eval=0 prior=0
[inst] req=17768448 hits=5745365 fwd=11743 rows=12022646 fwd_ms=725102.2 eval=0 prior=0
[inst] req=17776640 hits=5748970 fwd=11747 rows=12026742 fwd_ms=725371.1 eval=0 prior=0
[inst] req=17784832 hits=5752489 fwd=11752 rows=12031862 fwd_ms=725707.2 eval=0 prior=0
[inst] req=17793024 hits=5756059 fwd=11756 rows=12035958 fwd_ms=725975.9 eval=0 prior=0
[inst] req=17801216 hits=5759656 fwd=11761 rows=12041078 fwd_ms=726311.8 eval=0 prior=0
[inst] req=17809408 hits=5763158 fwd=11766 rows=12046198 fwd_ms=726647.5 eval=0 prior=0
[inst] req=17817600 hits=5766968 fwd=11770 rows=12050294 fwd_ms=726916.4 eval=0 prior=0
[inst] req=17825792 hits=5770773 fwd=11774 rows=12054390 fwd_ms=727185.1 eval=0 prior=0
[inst] req=17833984 hits=5774656 fwd=11778 rows=12058486 fwd_ms=727453.9 eval=0 prior=0
[inst] req=17842176 hits=5778804 fwd=11782 rows=12062582 fwd_ms=727722.5 eval=0 prior=0
[inst] req=17850368 hits=5782752 fwd=11786 rows=12066678 fwd_ms=727991.3 eval=0 prior=0
[inst] req=17858560 hits=5786762 fwd=11790 rows=12070774 fwd_ms=728259.9 eval=0 prior=0
[inst] req=17866752 hits=5790834 fwd=11795 rows=12075893 fwd_ms=728596.0 eval=0 prior=0
[inst] req=17874944 hits=5795026 fwd=11798 rows=12078965 fwd_ms=728797.5 eval=0 prior=0
[inst] req=17883136 hits=5799098 fwd=11802 rows=12083043 fwd_ms=729073.6 eval=0 prior=0
[inst] req=17891328 hits=5803027 fwd=11807 rows=12088163 fwd_ms=729407.8 eval=0 prior=0
[inst] req=17899520 hits=5806801 fwd=11811 rows=12092259 fwd_ms=729639.7 eval=0 prior=0
[inst] req=17907712 hits=5810499 fwd=11815 rows=12096355 fwd_ms=729861.9 eval=0 prior=0
[inst] req=17915904 hits=5814047 fwd=11820 rows=12101475 fwd_ms=730149.2 eval=0 prior=0
[inst] req=17924096 hits=5817748 fwd=11824 rows=12105571 fwd_ms=730371.4 eval=0 prior=0
[inst] req=17932288 hits=5821310 fwd=11829 rows=12110691 fwd_ms=730649.2 eval=0 prior=0
[inst] req=17940480 hits=5825024 fwd=11833 rows=12114787 fwd_ms=730917.8 eval=0 prior=0
[inst] req=17948672 hits=5828624 fwd=11838 rows=12119907 fwd_ms=731253.4 eval=0 prior=0
[inst] req=17956864 hits=5832280 fwd=11842 rows=12124003 fwd_ms=731522.0 eval=0 prior=0
[inst] req=17965056 hits=5835744 fwd=11847 rows=12129123 fwd_ms=731857.7 eval=0 prior=0
[inst] req=17973248 hits=5839402 fwd=11851 rows=12133219 fwd_ms=732126.2 eval=0 prior=0
[inst] req=17981440 hits=5843340 fwd=11855 rows=12137315 fwd_ms=732394.7 eval=0 prior=0
[inst] req=17989632 hits=5847238 fwd=11859 rows=12141411 fwd_ms=732663.4 eval=0 prior=0
[inst] req=17997824 hits=5851006 fwd=11864 rows=12146531 fwd_ms=732999.0 eval=0 prior=0
[inst] req=18006016 hits=5854716 fwd=11868 rows=12150627 fwd_ms=733267.6 eval=0 prior=0
[inst] req=18014208 hits=5858372 fwd=11873 rows=12155747 fwd_ms=733603.3 eval=0 prior=0
[inst] req=18022400 hits=5862586 fwd=11876 rows=12158819 fwd_ms=733804.8 eval=0 prior=0
[inst] req=18030592 hits=5866506 fwd=11881 rows=12163939 fwd_ms=734140.5 eval=0 prior=0
[inst] req=18038784 hits=5870198 fwd=11885 rows=12168035 fwd_ms=734409.1 eval=0 prior=0
[inst] req=18046976 hits=5874103 fwd=11889 rows=12172131 fwd_ms=734677.7 eval=0 prior=0
[inst] req=18055168 hits=5878104 fwd=11893 rows=12176227 fwd_ms=734946.3 eval=0 prior=0
[inst] req=18063360 hits=5882099 fwd=11897 rows=12180323 fwd_ms=735215.0 eval=0 prior=0
[inst] req=18071552 hits=5885872 fwd=11902 rows=12185443 fwd_ms=735550.9 eval=0 prior=0
[inst] req=18079744 hits=5889644 fwd=11906 rows=12189539 fwd_ms=735819.7 eval=0 prior=0
[inst] req=18087936 hits=5893221 fwd=11911 rows=12194659 fwd_ms=736155.6 eval=0 prior=0
[inst] req=18096128 hits=5896961 fwd=11915 rows=12198755 fwd_ms=736424.6 eval=0 prior=0
[inst] req=18104320 hits=5900595 fwd=11919 rows=12202851 fwd_ms=736693.5 eval=0 prior=0
[inst] req=18112512 hits=5904539 fwd=11924 rows=12207971 fwd_ms=737029.9 eval=0 prior=0
[inst] req=18120704 hits=5908439 fwd=11928 rows=12212067 fwd_ms=737298.7 eval=0 prior=0
[inst] req=18128896 hits=5912415 fwd=11932 rows=12216163 fwd_ms=737567.4 eval=0 prior=0
[inst] req=18137088 hits=5915973 fwd=11936 rows=12220259 fwd_ms=737836.1 eval=0 prior=0
[inst] req=18145280 hits=5919742 fwd=11941 rows=12225379 fwd_ms=738172.0 eval=0 prior=0
[inst] req=18153472 hits=5923623 fwd=11945 rows=12229475 fwd_ms=738440.8 eval=0 prior=0
[inst] req=18161664 hits=5927395 fwd=11949 rows=12233571 fwd_ms=738709.4 eval=0 prior=0
[inst] req=18169856 hits=5931112 fwd=11954 rows=12238691 fwd_ms=739045.5 eval=0 prior=0
[inst] req=18178048 hits=5934810 fwd=11958 rows=12242787 fwd_ms=739314.5 eval=0 prior=0
[inst] req=18186240 hits=5938579 fwd=11962 rows=12246883 fwd_ms=739583.2 eval=0 prior=0
[inst] req=18194432 hits=5942386 fwd=11967 rows=12252003 fwd_ms=739919.3 eval=0 prior=0
[inst] req=18202624 hits=5946126 fwd=11971 rows=12256099 fwd_ms=740188.0 eval=0 prior=0
[inst] req=18210816 hits=5949862 fwd=11975 rows=12260195 fwd_ms=740456.8 eval=0 prior=0
[inst] req=18219008 hits=5953792 fwd=11979 rows=12264291 fwd_ms=740725.5 eval=0 prior=0
[inst] req=18227200 hits=5957850 fwd=11983 rows=12268387 fwd_ms=740994.1 eval=0 prior=0
[inst] req=18235392 hits=5961634 fwd=11988 rows=12273507 fwd_ms=741329.9 eval=0 prior=0
[inst] req=18243584 hits=5965600 fwd=11992 rows=12277602 fwd_ms=741587.1 eval=0 prior=0
[inst] req=18251776 hits=5969467 fwd=11996 rows=12281698 fwd_ms=741856.0 eval=0 prior=0
[inst] req=18259968 hits=5973177 fwd=12000 rows=12285794 fwd_ms=742124.8 eval=0 prior=0
[inst] req=18268160 hits=5976835 fwd=12005 rows=12290914 fwd_ms=742460.9 eval=0 prior=0
[inst] req=18276352 hits=5980526 fwd=12009 rows=12295009 fwd_ms=742718.1 eval=0 prior=0
[inst] req=18284544 hits=5984317 fwd=12014 rows=12300129 fwd_ms=743054.0 eval=0 prior=0
[inst] req=18292736 hits=5988033 fwd=12018 rows=12304225 fwd_ms=743322.9 eval=0 prior=0
[inst] req=18300928 hits=5991608 fwd=12022 rows=12308321 fwd_ms=743591.7 eval=0 prior=0
[inst] req=18309120 hits=5995288 fwd=12027 rows=12313441 fwd_ms=743927.9 eval=0 prior=0
[inst] req=18317312 hits=5999098 fwd=12031 rows=12317537 fwd_ms=744196.9 eval=0 prior=0
[inst] req=18325504 hits=6003073 fwd=12035 rows=12321633 fwd_ms=744465.7 eval=0 prior=0
[inst] req=18333696 hits=6006944 fwd=12039 rows=12325729 fwd_ms=744734.5 eval=0 prior=0
[inst] req=18341888 hits=6010429 fwd=12044 rows=12330849 fwd_ms=745070.5 eval=0 prior=0
[inst] req=18350080 hits=6014321 fwd=12048 rows=12334945 fwd_ms=745339.2 eval=0 prior=0
[inst] req=18358272 hits=6018144 fwd=12053 rows=12340065 fwd_ms=745675.2 eval=0 prior=0
[inst] req=18366464 hits=6022170 fwd=12057 rows=12344161 fwd_ms=745943.9 eval=0 prior=0
[inst] req=18374656 hits=6026058 fwd=12061 rows=12348257 fwd_ms=746213.0 eval=0 prior=0
[inst] req=18382848 hits=6029680 fwd=12065 rows=12352353 fwd_ms=746447.1 eval=0 prior=0
[inst] req=18391040 hits=6033426 fwd=12070 rows=12357473 fwd_ms=746725.4 eval=0 prior=0
[inst] req=18399232 hits=6037264 fwd=12074 rows=12361569 fwd_ms=746948.1 eval=0 prior=0
[inst] req=18407424 hits=6041082 fwd=12078 rows=12365665 fwd_ms=747170.6 eval=0 prior=0
[inst] req=18415616 hits=6044864 fwd=12082 rows=12369761 fwd_ms=747393.2 eval=0 prior=0
[inst] req=18423808 hits=6048515 fwd=12087 rows=12374881 fwd_ms=747671.5 eval=0 prior=0
[inst] req=18432000 hits=6052120 fwd=12091 rows=12378977 fwd_ms=747894.1 eval=0 prior=0
[inst] req=18440192 hits=6055879 fwd=12096 rows=12384097 fwd_ms=748172.2 eval=0 prior=0
[inst] req=18448384 hits=6059655 fwd=12100 rows=12388193 fwd_ms=748394.8 eval=0 prior=0
[inst] req=18456576 hits=6063378 fwd=12104 rows=12392289 fwd_ms=748617.5 eval=0 prior=0
[inst] req=18464768 hits=6067290 fwd=12109 rows=12397409 fwd_ms=748895.7 eval=0 prior=0
[inst] req=18472960 hits=6071131 fwd=12113 rows=12401505 fwd_ms=749118.3 eval=0 prior=0
[inst] req=18481152 hits=6074902 fwd=12117 rows=12405601 fwd_ms=749340.8 eval=0 prior=0
[inst] req=18489344 hits=6078689 fwd=12121 rows=12409697 fwd_ms=749563.4 eval=0 prior=0
[inst] req=18497536 hits=6082653 fwd=12126 rows=12414817 fwd_ms=749841.6 eval=0 prior=0
[inst] req=18505728 hits=6086440 fwd=12130 rows=12418905 fwd_ms=750064.6 eval=0 prior=0
[inst] req=18513920 hits=6090272 fwd=12134 rows=12423001 fwd_ms=750286.9 eval=0 prior=0
[inst] req=18522112 hits=6093997 fwd=12138 rows=12427097 fwd_ms=750508.6 eval=0 prior=0
[inst] req=18530304 hits=6097961 fwd=12143 rows=12432217 fwd_ms=750785.8 eval=0 prior=0
[inst] req=18538496 hits=6101759 fwd=12147 rows=12436313 fwd_ms=751007.5 eval=0 prior=0
[inst] req=18546688 hits=6105516 fwd=12151 rows=12440409 fwd_ms=751229.2 eval=0 prior=0
[inst] req=18554880 hits=6109180 fwd=12156 rows=12445527 fwd_ms=751516.3 eval=0 prior=0
[inst] req=18563072 hits=6112954 fwd=12160 rows=12449623 fwd_ms=751738.1 eval=0 prior=0
[inst] req=18571264 hits=6116630 fwd=12164 rows=12453719 fwd_ms=751959.8 eval=0 prior=0
[inst] req=18579456 hits=6120235 fwd=12169 rows=12458839 fwd_ms=752237.0 eval=0 prior=0
[inst] req=18587648 hits=6124024 fwd=12173 rows=12462935 fwd_ms=752458.8 eval=0 prior=0
[inst] req=18595840 hits=6127918 fwd=12177 rows=12467031 fwd_ms=752680.7 eval=0 prior=0
[inst] req=18604032 hits=6131909 fwd=12181 rows=12471127 fwd_ms=752902.4 eval=0 prior=0
[inst] req=18612224 hits=6135950 fwd=12186 rows=12476246 fwd_ms=753180.6 eval=0 prior=0
[inst] req=18620416 hits=6139692 fwd=12190 rows=12480342 fwd_ms=753403.4 eval=0 prior=0
[inst] req=18628608 hits=6143276 fwd=12194 rows=12484438 fwd_ms=753626.2 eval=0 prior=0
[inst] req=18636800 hits=6147046 fwd=12199 rows=12489558 fwd_ms=753904.8 eval=0 prior=0
[inst] req=18644992 hits=6150679 fwd=12203 rows=12493654 fwd_ms=754127.6 eval=0 prior=0
[inst] req=18653184 hits=6154675 fwd=12207 rows=12497750 fwd_ms=754350.4 eval=0 prior=0
[inst] req=18661376 hits=6158715 fwd=12211 rows=12501846 fwd_ms=754573.3 eval=0 prior=0
[inst] req=18669568 hits=6162531 fwd=12216 rows=12506965 fwd_ms=754852.1 eval=0 prior=0
[inst] req=18677760 hits=6166344 fwd=12220 rows=12511061 fwd_ms=755074.7 eval=0 prior=0
[inst] req=18685952 hits=6170183 fwd=12224 rows=12515157 fwd_ms=755297.6 eval=0 prior=0
[inst] req=18694144 hits=6174139 fwd=12228 rows=12519253 fwd_ms=755520.4 eval=0 prior=0
[inst] req=18702336 hits=6177941 fwd=12233 rows=12524373 fwd_ms=755798.9 eval=0 prior=0
[inst] req=18710528 hits=6181428 fwd=12237 rows=12528469 fwd_ms=756021.8 eval=0 prior=0
[inst] req=18718720 hits=6185213 fwd=12241 rows=12532565 fwd_ms=756244.7 eval=0 prior=0
[inst] req=18726912 hits=6189047 fwd=12246 rows=12537685 fwd_ms=756523.2 eval=0 prior=0
[inst] req=18735104 hits=6192912 fwd=12250 rows=12541781 fwd_ms=756745.9 eval=0 prior=0
[inst] req=18743296 hits=6196526 fwd=12254 rows=12545877 fwd_ms=756968.7 eval=0 prior=0
[inst] req=18751488 hits=6200254 fwd=12259 rows=12550997 fwd_ms=757247.1 eval=0 prior=0
[inst] req=18759680 hits=6204289 fwd=12263 rows=12555093 fwd_ms=757470.0 eval=0 prior=0
[inst] req=18767872 hits=6208225 fwd=12267 rows=12559189 fwd_ms=757692.9 eval=0 prior=0
[inst] req=18776064 hits=6211969 fwd=12271 rows=12563285 fwd_ms=757915.7 eval=0 prior=0
[inst] req=18784256 hits=6215810 fwd=12276 rows=12568405 fwd_ms=758194.1 eval=0 prior=0
[inst] req=18792448 hits=6219516 fwd=12280 rows=12572501 fwd_ms=758416.9 eval=0 prior=0
[inst] req=18800640 hits=6223458 fwd=12284 rows=12576597 fwd_ms=758639.7 eval=0 prior=0
[inst] req=18808832 hits=6227209 fwd=12288 rows=12580693 fwd_ms=758862.6 eval=0 prior=0
[inst] req=18817024 hits=6230917 fwd=12293 rows=12585813 fwd_ms=759141.0 eval=0 prior=0
[inst] req=18825216 hits=6234708 fwd=12297 rows=12589909 fwd_ms=759363.9 eval=0 prior=0
[inst] req=18833408 hits=6238507 fwd=12301 rows=12594005 fwd_ms=759586.8 eval=0 prior=0
[inst] req=18841600 hits=6242476 fwd=12305 rows=12598101 fwd_ms=759809.7 eval=0 prior=0
[inst] req=18849792 hits=6246048 fwd=12310 rows=12603221 fwd_ms=760088.5 eval=0 prior=0
[inst] req=18857984 hits=6249768 fwd=12314 rows=12607317 fwd_ms=760311.3 eval=0 prior=0
[inst] req=18866176 hits=6253552 fwd=12319 rows=12612437 fwd_ms=760589.9 eval=0 prior=0
[inst] req=18874368 hits=6257264 fwd=12323 rows=12616533 fwd_ms=760812.8 eval=0 prior=0
[inst] req=18882560 hits=6261104 fwd=12327 rows=12620629 fwd_ms=761035.5 eval=0 prior=0
[inst] req=18890752 hits=6264887 fwd=12332 rows=12625749 fwd_ms=761314.2 eval=0 prior=0
[inst] req=18898944 hits=6268634 fwd=12336 rows=12629845 fwd_ms=761537.0 eval=0 prior=0
[inst] req=18907136 hits=6272507 fwd=12340 rows=12633940 fwd_ms=761760.2 eval=0 prior=0
[inst] req=18915328 hits=6276499 fwd=12344 rows=12638036 fwd_ms=761982.9 eval=0 prior=0
[inst] req=18923520 hits=6280235 fwd=12349 rows=12643156 fwd_ms=762261.6 eval=0 prior=0
[inst] req=18931712 hits=6284105 fwd=12353 rows=12647252 fwd_ms=762484.5 eval=0 prior=0
[inst] req=18939904 hits=6287759 fwd=12357 rows=12651348 fwd_ms=762707.5 eval=0 prior=0
[inst] req=18948096 hits=6291503 fwd=12362 rows=12656468 fwd_ms=762985.9 eval=0 prior=0
[inst] req=18956288 hits=6295156 fwd=12366 rows=12660564 fwd_ms=763208.8 eval=0 prior=0
[inst] req=18964480 hits=6298956 fwd=12370 rows=12664660 fwd_ms=763431.5 eval=0 prior=0
[inst] req=18972672 hits=6302715 fwd=12375 rows=12669780 fwd_ms=763710.1 eval=0 prior=0
[inst] req=18980864 hits=6306978 fwd=12379 rows=12673876 fwd_ms=763933.0 eval=0 prior=0
[inst] req=18989056 hits=6311005 fwd=12383 rows=12677972 fwd_ms=764155.8 eval=0 prior=0
[inst] req=18997248 hits=6315005 fwd=12387 rows=12682068 fwd_ms=764378.6 eval=0 prior=0
[inst] req=19005440 hits=6318842 fwd=12391 rows=12686164 fwd_ms=764601.3 eval=0 prior=0
[inst] req=19013632 hits=6322428 fwd=12395 rows=12690260 fwd_ms=764824.1 eval=0 prior=0
[inst] req=19021824 hits=6326451 fwd=12399 rows=12694356 fwd_ms=765046.8 eval=0 prior=0
[inst] req=19030016 hits=6330180 fwd=12404 rows=12699476 fwd_ms=765325.4 eval=0 prior=0
[inst] req=19038208 hits=6333856 fwd=12408 rows=12703572 fwd_ms=765548.0 eval=0 prior=0
[inst] req=19046400 hits=6337926 fwd=12412 rows=12707668 fwd_ms=765770.7 eval=0 prior=0
[inst] req=19054592 hits=6342012 fwd=12416 rows=12711764 fwd_ms=765993.4 eval=0 prior=0
[inst] req=19062784 hits=6346052 fwd=12420 rows=12715858 fwd_ms=766216.3 eval=0 prior=0
[inst] req=19070976 hits=6350014 fwd=12424 rows=12719954 fwd_ms=766439.1 eval=0 prior=0
[inst] req=19079168 hits=6354062 fwd=12429 rows=12725074 fwd_ms=766717.6 eval=0 prior=0
[inst] req=19087360 hits=6357729 fwd=12433 rows=12729170 fwd_ms=766940.3 eval=0 prior=0
[inst] req=19095552 hits=6361310 fwd=12437 rows=12733266 fwd_ms=767163.0 eval=0 prior=0
[inst] req=19103744 hits=6365093 fwd=12442 rows=12738386 fwd_ms=767441.4 eval=0 prior=0
[inst] req=19111936 hits=6368987 fwd=12446 rows=12742482 fwd_ms=767664.4 eval=0 prior=0
[inst] req=19120128 hits=6372581 fwd=12450 rows=12746578 fwd_ms=767887.1 eval=0 prior=0
[inst] req=19128320 hits=6376565 fwd=12455 rows=12751698 fwd_ms=768165.5 eval=0 prior=0
[inst] req=19136512 hits=6380548 fwd=12459 rows=12755794 fwd_ms=768388.2 eval=0 prior=0
[inst] req=19144704 hits=6384212 fwd=12463 rows=12759890 fwd_ms=768610.9 eval=0 prior=0
[inst] req=19152896 hits=6388044 fwd=12467 rows=12763986 fwd_ms=768833.6 eval=0 prior=0
[inst] req=19161088 hits=6392105 fwd=12471 rows=12768082 fwd_ms=769056.4 eval=0 prior=0
[inst] req=19169280 hits=6395851 fwd=12476 rows=12773202 fwd_ms=769334.7 eval=0 prior=0
[inst] req=19177472 hits=6399633 fwd=12480 rows=12777298 fwd_ms=769557.6 eval=0 prior=0
[inst] req=19185664 hits=6403526 fwd=12484 rows=12781394 fwd_ms=769780.4 eval=0 prior=0
[inst] req=19193856 hits=6407553 fwd=12488 rows=12785490 fwd_ms=770003.3 eval=0 prior=0
[inst] req=19202048 hits=6411508 fwd=12492 rows=12789586 fwd_ms=770226.1 eval=0 prior=0
[inst] req=19210240 hits=6415354 fwd=12497 rows=12794706 fwd_ms=770504.7 eval=0 prior=0
[inst] req=19218432 hits=6419318 fwd=12501 rows=12798802 fwd_ms=770727.4 eval=0 prior=0
[inst] req=19226624 hits=6423125 fwd=12505 rows=12802898 fwd_ms=770950.3 eval=0 prior=0
[inst] req=19234816 hits=6426951 fwd=12509 rows=12806994 fwd_ms=771172.8 eval=0 prior=0
[inst] req=19243008 hits=6430967 fwd=12513 rows=12811090 fwd_ms=771395.5 eval=0 prior=0
[inst] req=19251200 hits=6434853 fwd=12518 rows=12816210 fwd_ms=771673.9 eval=0 prior=0
[inst] req=19259392 hits=6438407 fwd=12522 rows=12820306 fwd_ms=771896.6 eval=0 prior=0
[inst] req=19267584 hits=6442173 fwd=12526 rows=12824402 fwd_ms=772119.3 eval=0 prior=0
[inst] req=19275776 hits=6446216 fwd=12531 rows=12829522 fwd_ms=772397.6 eval=0 prior=0
[inst] req=19283968 hits=6449867 fwd=12535 rows=12833618 fwd_ms=772620.3 eval=0 prior=0
[inst] req=19292160 hits=6453717 fwd=12539 rows=12837714 fwd_ms=772843.1 eval=0 prior=0
[inst] req=19300352 hits=6457597 fwd=12543 rows=12841810 fwd_ms=773065.8 eval=0 prior=0
[inst] req=19308544 hits=6461287 fwd=12548 rows=12846930 fwd_ms=773344.4 eval=0 prior=0
[inst] req=19316736 hits=6465122 fwd=12552 rows=12851026 fwd_ms=773567.2 eval=0 prior=0
[inst] req=19324928 hits=6469244 fwd=12556 rows=12855122 fwd_ms=773790.0 eval=0 prior=0
[inst] req=19333120 hits=6473144 fwd=12560 rows=12859218 fwd_ms=774012.8 eval=0 prior=0
[inst] req=19341312 hits=6477184 fwd=12564 rows=12863313 fwd_ms=774236.0 eval=0 prior=0
[inst] req=19349504 hits=6481073 fwd=12568 rows=12867409 fwd_ms=774458.8 eval=0 prior=0
[inst] req=19357696 hits=6485013 fwd=12573 rows=12872529 fwd_ms=774737.4 eval=0 prior=0
[inst] req=19365888 hits=6488913 fwd=12577 rows=12876625 fwd_ms=774960.2 eval=0 prior=0
[inst] req=19374080 hits=6492972 fwd=12581 rows=12880721 fwd_ms=775183.0 eval=0 prior=0
[inst] req=19382272 hits=6496912 fwd=12585 rows=12884817 fwd_ms=775405.6 eval=0 prior=0
[inst] req=19390464 hits=6500917 fwd=12589 rows=12888913 fwd_ms=775628.4 eval=0 prior=0
[inst] req=19398656 hits=6504612 fwd=12594 rows=12894033 fwd_ms=775906.7 eval=0 prior=0
[inst] req=19406848 hits=6508229 fwd=12598 rows=12898129 fwd_ms=776129.5 eval=0 prior=0
[inst] req=19415040 hits=6512089 fwd=12602 rows=12902225 fwd_ms=776352.3 eval=0 prior=0
[inst] req=19423232 hits=6515753 fwd=12607 rows=12907345 fwd_ms=776630.6 eval=0 prior=0
[inst] req=19431424 hits=6519711 fwd=12611 rows=12911441 fwd_ms=776853.4 eval=0 prior=0
[inst] req=19439616 hits=6523565 fwd=12615 rows=12915537 fwd_ms=777076.2 eval=0 prior=0
[inst] req=19447808 hits=6527449 fwd=12619 rows=12919633 fwd_ms=777299.0 eval=0 prior=0
[inst] req=19456000 hits=6531474 fwd=12623 rows=12923729 fwd_ms=777521.7 eval=0 prior=0
[inst] req=19464192 hits=6535292 fwd=12628 rows=12928849 fwd_ms=777800.1 eval=0 prior=0
[inst] req=19472384 hits=6538963 fwd=12632 rows=12932945 fwd_ms=778023.1 eval=0 prior=0
[inst] req=19480576 hits=6543011 fwd=12636 rows=12937041 fwd_ms=778245.8 eval=0 prior=0
[inst] req=19488768 hits=6546864 fwd=12640 rows=12941137 fwd_ms=778468.6 eval=0 prior=0
[inst] req=19496960 hits=6550634 fwd=12645 rows=12946257 fwd_ms=778746.9 eval=0 prior=0
[inst] req=19505152 hits=6554550 fwd=12649 rows=12950353 fwd_ms=778969.6 eval=0 prior=0
[inst] req=19513344 hits=6558492 fwd=12653 rows=12954449 fwd_ms=779192.4 eval=0 prior=0
[inst] req=19521536 hits=6562211 fwd=12657 rows=12958545 fwd_ms=779415.2 eval=0 prior=0
[inst] req=19529728 hits=6565997 fwd=12662 rows=12963665 fwd_ms=779693.8 eval=0 prior=0
[inst] req=19537920 hits=6569894 fwd=12666 rows=12967761 fwd_ms=779916.5 eval=0 prior=0
[inst] req=19546112 hits=6573688 fwd=12670 rows=12971857 fwd_ms=780139.8 eval=0 prior=0
[inst] req=19554304 hits=6577367 fwd=12674 rows=12975953 fwd_ms=780363.7 eval=0 prior=0
[inst] req=19562496 hits=6581095 fwd=12679 rows=12981073 fwd_ms=780643.5 eval=0 prior=0
[inst] req=19570688 hits=6585016 fwd=12683 rows=12985169 fwd_ms=780867.5 eval=0 prior=0
[inst] req=19578880 hits=6588797 fwd=12687 rows=12989265 fwd_ms=781091.3 eval=0 prior=0
[inst] req=19587072 hits=6592502 fwd=12692 rows=12994385 fwd_ms=781370.9 eval=0 prior=0
[inst] req=19595264 hits=6596318 fwd=12696 rows=12998481 fwd_ms=781594.8 eval=0 prior=0
[inst] req=19603456 hits=6600183 fwd=12700 rows=13002577 fwd_ms=781818.7 eval=0 prior=0
[inst] req=19611648 hits=6604222 fwd=12704 rows=13006673 fwd_ms=782042.6 eval=0 prior=0
[inst] req=19619840 hits=6608006 fwd=12709 rows=13011793 fwd_ms=782322.7 eval=0 prior=0
[inst] req=19628032 hits=6611532 fwd=12713 rows=13015889 fwd_ms=782546.9 eval=0 prior=0
[inst] req=19636224 hits=6615449 fwd=12717 rows=13019985 fwd_ms=782771.0 eval=0 prior=0
[inst] req=19644416 hits=6619497 fwd=12721 rows=13024079 fwd_ms=782994.8 eval=0 prior=0
[inst] req=19652608 hits=6623213 fwd=12726 rows=13029199 fwd_ms=783274.7 eval=0 prior=0
[inst] req=19660800 hits=6626779 fwd=12730 rows=13033295 fwd_ms=783498.4 eval=0 prior=0
[inst] req=19668992 hits=6630732 fwd=12734 rows=13037391 fwd_ms=783722.2 eval=0 prior=0
[inst] req=19677184 hits=6634552 fwd=12739 rows=13042511 fwd_ms=784002.1 eval=0 prior=0
[inst] req=19685376 hits=6638248 fwd=12743 rows=13046607 fwd_ms=784225.8 eval=0 prior=0
[inst] req=19693568 hits=6642016 fwd=12747 rows=13050703 fwd_ms=784449.7 eval=0 prior=0
[inst] req=19701760 hits=6645752 fwd=12752 rows=13055823 fwd_ms=784729.4 eval=0 prior=0
[inst] req=19709952 hits=6649518 fwd=12756 rows=13059919 fwd_ms=784953.2 eval=0 prior=0
[inst] req=19718144 hits=6653382 fwd=12760 rows=13064015 fwd_ms=785176.9 eval=0 prior=0
[inst] req=19726336 hits=6657305 fwd=12764 rows=13068111 fwd_ms=785400.7 eval=0 prior=0
[inst] req=19734528 hits=6661297 fwd=12768 rows=13072207 fwd_ms=785624.7 eval=0 prior=0
[inst] req=19742720 hits=6665075 fwd=12773 rows=13077327 fwd_ms=785905.1 eval=0 prior=0
[inst] req=19750912 hits=6669120 fwd=12777 rows=13081423 fwd_ms=786129.5 eval=0 prior=0
[inst] req=19759104 hits=6673055 fwd=12781 rows=13085519 fwd_ms=786353.9 eval=0 prior=0
[inst] req=19767296 hits=6676918 fwd=12785 rows=13089615 fwd_ms=786577.7 eval=0 prior=0
[inst] req=19775488 hits=6680875 fwd=12789 rows=13093711 fwd_ms=786801.7 eval=0 prior=0
[inst] req=19783680 hits=6684666 fwd=12794 rows=13098831 fwd_ms=787081.4 eval=0 prior=0
[inst] req=19791872 hits=6688104 fwd=12798 rows=13102927 fwd_ms=787305.2 eval=0 prior=0
[inst] req=19800064 hits=6691788 fwd=12803 rows=13108047 fwd_ms=787584.9 eval=0 prior=0
[inst] req=19808256 hits=6695674 fwd=12807 rows=13112143 fwd_ms=787808.7 eval=0 prior=0
[inst] req=19816448 hits=6699508 fwd=12811 rows=13116239 fwd_ms=788032.6 eval=0 prior=0
[inst] req=19824640 hits=6703555 fwd=12815 rows=13120335 fwd_ms=788256.4 eval=0 prior=0
[inst] req=19832832 hits=6707315 fwd=12820 rows=13125455 fwd_ms=788536.3 eval=0 prior=0
[inst] req=19841024 hits=6711156 fwd=12824 rows=13129551 fwd_ms=788760.0 eval=0 prior=0
[inst] req=19849216 hits=6715284 fwd=12828 rows=13133647 fwd_ms=788983.9 eval=0 prior=0
[inst] req=19857408 hits=6719057 fwd=12832 rows=13137743 fwd_ms=789207.8 eval=0 prior=0
[inst] req=19865600 hits=6722759 fwd=12836 rows=13141839 fwd_ms=789431.5 eval=0 prior=0
[inst] req=19873792 hits=6726766 fwd=12841 rows=13146959 fwd_ms=789711.3 eval=0 prior=0
[inst] req=19881984 hits=6730531 fwd=12845 rows=13151055 fwd_ms=789935.1 eval=0 prior=0
[inst] req=19890176 hits=6734322 fwd=12849 rows=13155151 fwd_ms=790159.0 eval=0 prior=0
[inst] req=19898368 hits=6738321 fwd=12853 rows=13159247 fwd_ms=790382.7 eval=0 prior=0
[inst] req=19906560 hits=6742200 fwd=12857 rows=13163343 fwd_ms=790606.8 eval=0 prior=0
[inst] req=19914752 hits=6746074 fwd=12862 rows=13168463 fwd_ms=790886.7 eval=0 prior=0
[inst] req=19922944 hits=6750103 fwd=12866 rows=13172559 fwd_ms=791110.5 eval=0 prior=0
[inst] req=19931136 hits=6753957 fwd=12870 rows=13176655 fwd_ms=791334.2 eval=0 prior=0
[inst] req=19939328 hits=6757633 fwd=12874 rows=13180751 fwd_ms=791558.2 eval=0 prior=0
[inst] req=19947520 hits=6761329 fwd=12879 rows=13185871 fwd_ms=791837.8 eval=0 prior=0
[inst] req=19955712 hits=6764942 fwd=12883 rows=13189967 fwd_ms=792061.7 eval=0 prior=0
[inst] req=19963904 hits=6768905 fwd=12887 rows=13194063 fwd_ms=792285.4 eval=0 prior=0
[inst] req=19972096 hits=6772785 fwd=12892 rows=13199183 fwd_ms=792565.3 eval=0 prior=0
[inst] req=19980288 hits=6776394 fwd=12896 rows=13203279 fwd_ms=792789.0 eval=0 prior=0
[inst] req=19988480 hits=6780240 fwd=12900 rows=13207375 fwd_ms=793012.8 eval=0 prior=0
[inst] req=19996672 hits=6783987 fwd=12905 rows=13212495 fwd_ms=793292.3 eval=0 prior=0
[inst] req=20004864 hits=6787867 fwd=12909 rows=13216591 fwd_ms=793516.1 eval=0 prior=0
[inst] req=20013056 hits=6791684 fwd=12913 rows=13220687 fwd_ms=793739.8 eval=0 prior=0
[inst] req=20021248 hits=6795569 fwd=12917 rows=13224783 fwd_ms=793963.5 eval=0 prior=0
[inst] req=20029440 hits=6799611 fwd=12921 rows=13228879 fwd_ms=794187.1 eval=0 prior=0
[inst] req=20037632 hits=6803462 fwd=12926 rows=13233999 fwd_ms=794466.8 eval=0 prior=0
[inst] req=20045824 hits=6807357 fwd=12930 rows=13238095 fwd_ms=794690.7 eval=0 prior=0
[inst] req=20054016 hits=6811213 fwd=12934 rows=13242191 fwd_ms=794914.4 eval=0 prior=0
[inst] req=20062208 hits=6815046 fwd=12938 rows=13246287 fwd_ms=795138.2 eval=0 prior=0
[inst] req=20070400 hits=6818980 fwd=12943 rows=13251407 fwd_ms=795417.8 eval=0 prior=0
[inst] req=20078592 hits=6822816 fwd=12947 rows=13255503 fwd_ms=795641.4 eval=0 prior=0
[inst] req=20086784 hits=6826517 fwd=12951 rows=13259599 fwd_ms=795865.2 eval=0 prior=0
[inst] req=20094976 hits=6830517 fwd=12955 rows=13263695 fwd_ms=796089.0 eval=0 prior=0
[inst] req=20103168 hits=6834281 fwd=12960 rows=13268815 fwd_ms=796368.7 eval=0 prior=0
[inst] req=20111360 hits=6838229 fwd=12964 rows=13272911 fwd_ms=796592.6 eval=0 prior=0
[inst] req=20119552 hits=6842278 fwd=12968 rows=13277007 fwd_ms=796816.3 eval=0 prior=0
[inst] req=20127744 hits=6846052 fwd=12972 rows=13281101 fwd_ms=797040.1 eval=0 prior=0
[inst] req=20135936 hits=6849788 fwd=12976 rows=13285197 fwd_ms=797263.9 eval=0 prior=0
[inst] req=20144128 hits=6853716 fwd=12981 rows=13290317 fwd_ms=797543.5 eval=0 prior=0
[inst] req=20152320 hits=6857503 fwd=12985 rows=13294413 fwd_ms=797767.2 eval=0 prior=0
[inst] req=20160512 hits=6861377 fwd=12989 rows=13298509 fwd_ms=797991.1 eval=0 prior=0
[inst] req=20168704 hits=6865353 fwd=12993 rows=13302605 fwd_ms=798215.0 eval=0 prior=0
[inst] req=20176896 hits=6869309 fwd=12997 rows=13306701 fwd_ms=798438.9 eval=0 prior=0
[inst] req=20185088 hits=6872976 fwd=13002 rows=13311821 fwd_ms=798718.7 eval=0 prior=0
[inst] req=20193280 hits=6876601 fwd=13006 rows=13315917 fwd_ms=798942.4 eval=0 prior=0
[inst] req=20201472 hits=6880647 fwd=13010 rows=13320013 fwd_ms=799166.2 eval=0 prior=0
[inst] req=20209664 hits=6884617 fwd=13014 rows=13324109 fwd_ms=799389.9 eval=0 prior=0
[inst] req=20217856 hits=6888647 fwd=13018 rows=13328205 fwd_ms=799613.7 eval=0 prior=0
[inst] req=20226048 hits=6892405 fwd=13023 rows=13333325 fwd_ms=799893.3 eval=0 prior=0
[inst] req=20234240 hits=6896221 fwd=13027 rows=13337421 fwd_ms=800117.1 eval=0 prior=0
[inst] req=20242432 hits=6900378 fwd=13031 rows=13341517 fwd_ms=800340.9 eval=0 prior=0
[inst] req=20250624 hits=6904397 fwd=13035 rows=13345613 fwd_ms=800564.7 eval=0 prior=0
[inst] req=20258816 hits=6908293 fwd=13039 rows=13349709 fwd_ms=800788.6 eval=0 prior=0
[inst] req=20267008 hits=6912214 fwd=13043 rows=13353805 fwd_ms=801012.4 eval=0 prior=0
[inst] req=20275200 hits=6916074 fwd=13048 rows=13358925 fwd_ms=801292.2 eval=0 prior=0
[inst] req=20283392 hits=6919763 fwd=13052 rows=13363021 fwd_ms=801515.9 eval=0 prior=0
[inst] req=20291584 hits=6923644 fwd=13056 rows=13367117 fwd_ms=801739.6 eval=0 prior=0
[inst] req=20299776 hits=6927277 fwd=13061 rows=13372237 fwd_ms=802019.2 eval=0 prior=0
[inst] req=20307968 hits=6931243 fwd=13065 rows=13376332 fwd_ms=802243.2 eval=0 prior=0
[inst] req=20316160 hits=6934897 fwd=13069 rows=13380428 fwd_ms=802466.9 eval=0 prior=0
[inst] req=20324352 hits=6938953 fwd=13073 rows=13384524 fwd_ms=802690.6 eval=0 prior=0
[inst] req=20332544 hits=6942786 fwd=13078 rows=13389644 fwd_ms=802970.1 eval=0 prior=0
[inst] req=20340736 hits=6946785 fwd=13082 rows=13393740 fwd_ms=803193.8 eval=0 prior=0
[inst] req=20348928 hits=6950709 fwd=13086 rows=13397836 fwd_ms=803417.3 eval=0 prior=0
[inst] req=20357120 hits=6954611 fwd=13090 rows=13401932 fwd_ms=803641.1 eval=0 prior=0
[inst] req=20365312 hits=6958658 fwd=13094 rows=13406028 fwd_ms=803864.9 eval=0 prior=0
[inst] req=20373504 hits=6962447 fwd=13098 rows=13410124 fwd_ms=804088.6 eval=0 prior=0
[inst] req=20381696 hits=6966379 fwd=13103 rows=13415244 fwd_ms=804368.3 eval=0 prior=0
[inst] req=20389888 hits=6970534 fwd=13107 rows=13419340 fwd_ms=804592.0 eval=0 prior=0
[inst] req=20398080 hits=6974274 fwd=13111 rows=13423436 fwd_ms=804815.7 eval=0 prior=0
[inst] req=20406272 hits=6978214 fwd=13115 rows=13427532 fwd_ms=805039.6 eval=0 prior=0
[inst] req=20414464 hits=6982326 fwd=13119 rows=13431628 fwd_ms=805263.3 eval=0 prior=0
[inst] req=20422656 hits=6986349 fwd=13123 rows=13435723 fwd_ms=805487.1 eval=0 prior=0
[inst] req=20430848 hits=6990376 fwd=13127 rows=13439818 fwd_ms=805710.8 eval=0 prior=0
[inst] req=20439040 hits=6994094 fwd=13132 rows=13444938 fwd_ms=805990.3 eval=0 prior=0
[inst] req=20447232 hits=6997726 fwd=13136 rows=13449033 fwd_ms=806214.1 eval=0 prior=0
[inst] req=20455424 hits=7001677 fwd=13140 rows=13453129 fwd_ms=806437.9 eval=0 prior=0
[inst] req=20463616 hits=7005410 fwd=13144 rows=13457225 fwd_ms=806661.5 eval=0 prior=0
[inst] req=20471808 hits=7009031 fwd=13149 rows=13462345 fwd_ms=806941.0 eval=0 prior=0
[inst] req=20480000 hits=7012767 fwd=13153 rows=13466441 fwd_ms=807164.7 eval=0 prior=0
[inst] req=20488192 hits=7016635 fwd=13157 rows=13470537 fwd_ms=807388.5 eval=0 prior=0
[inst] req=20496384 hits=7020577 fwd=13162 rows=13475657 fwd_ms=807668.2 eval=0 prior=0
[inst] req=20504576 hits=7024638 fwd=13166 rows=13479753 fwd_ms=807891.9 eval=0 prior=0
[inst] req=20512768 hits=7028336 fwd=13170 rows=13483849 fwd_ms=808115.7 eval=0 prior=0
[inst] req=20520960 hits=7032153 fwd=13174 rows=13487945 fwd_ms=808339.5 eval=0 prior=0
[inst] req=20529152 hits=7036010 fwd=13179 rows=13493065 fwd_ms=808619.3 eval=0 prior=0
[inst] req=20537344 hits=7040012 fwd=13183 rows=13497161 fwd_ms=808843.1 eval=0 prior=0
[inst] req=20545536 hits=7043924 fwd=13187 rows=13501257 fwd_ms=809066.9 eval=0 prior=0
[inst] req=20553728 hits=7047579 fwd=13191 rows=13505353 fwd_ms=809290.6 eval=0 prior=0
[inst] req=20561920 hits=7051486 fwd=13195 rows=13509449 fwd_ms=809514.3 eval=0 prior=0
[inst] req=20570112 hits=7055227 fwd=13200 rows=13514569 fwd_ms=809793.9 eval=0 prior=0
[inst] req=20578304 hits=7058970 fwd=13204 rows=13518665 fwd_ms=810017.7 eval=0 prior=0
[inst] req=20586496 hits=7062811 fwd=13208 rows=13522761 fwd_ms=810241.5 eval=0 prior=0
[inst] req=20594688 hits=7066637 fwd=13213 rows=13527881 fwd_ms=810521.3 eval=0 prior=0
[inst] req=20602880 hits=7070343 fwd=13217 rows=13531977 fwd_ms=810745.0 eval=0 prior=0
[inst] req=20611072 hits=7073995 fwd=13221 rows=13536073 fwd_ms=810968.7 eval=0 prior=0
[inst] req=20619264 hits=7077659 fwd=13226 rows=13541193 fwd_ms=811248.4 eval=0 prior=0
[inst] req=20627456 hits=7081682 fwd=13230 rows=13545289 fwd_ms=811472.4 eval=0 prior=0
[inst] req=20635648 hits=7085354 fwd=13234 rows=13549383 fwd_ms=811696.4 eval=0 prior=0
[inst] req=20643840 hits=7089328 fwd=13239 rows=13554497 fwd_ms=811984.5 eval=0 prior=0
[inst] req=20652032 hits=7093103 fwd=13243 rows=13558593 fwd_ms=812207.7 eval=0 prior=0
[inst] req=20660224 hits=7096927 fwd=13247 rows=13562689 fwd_ms=812430.7 eval=0 prior=0
[inst] req=20668416 hits=7100838 fwd=13251 rows=13566785 fwd_ms=812653.7 eval=0 prior=0
[inst] req=20676608 hits=7104834 fwd=13255 rows=13570881 fwd_ms=812876.9 eval=0 prior=0
[inst] req=20684800 hits=7108859 fwd=13259 rows=13574977 fwd_ms=813099.7 eval=0 prior=0
[inst] req=20692992 hits=7112851 fwd=13264 rows=13580097 fwd_ms=813378.8 eval=0 prior=0
[inst] req=20701184 hits=7116776 fwd=13268 rows=13584193 fwd_ms=813601.9 eval=0 prior=0
[inst] req=20709376 hits=7120678 fwd=13272 rows=13588287 fwd_ms=813825.2 eval=0 prior=0
[inst] req=20717568 hits=7124749 fwd=13276 rows=13592383 fwd_ms=814048.3 eval=0 prior=0
[inst] req=20725760 hits=7128508 fwd=13280 rows=13596479 fwd_ms=814271.3 eval=0 prior=0
[inst] req=20733952 hits=7132365 fwd=13284 rows=13600575 fwd_ms=814494.2 eval=0 prior=0
[inst] req=20742144 hits=7136456 fwd=13288 rows=13604671 fwd_ms=814717.1 eval=0 prior=0
[inst] req=20750336 hits=7140281 fwd=13293 rows=13609791 fwd_ms=814995.9 eval=0 prior=0
[inst] req=20758528 hits=7143930 fwd=13297 rows=13613887 fwd_ms=815218.9 eval=0 prior=0
[inst] req=20766720 hits=7147732 fwd=13301 rows=13617983 fwd_ms=815441.9 eval=0 prior=0
[inst] req=20774912 hits=7151575 fwd=13306 rows=13623103 fwd_ms=815897.6 eval=0 prior=0
[inst] req=20783104 hits=7155235 fwd=13310 rows=13627199 fwd_ms=816323.5 eval=0 prior=0
[inst] req=20791296 hits=7158971 fwd=13315 rows=13632319 fwd_ms=816925.0 eval=0 prior=0
[inst] req=20799488 hits=7162630 fwd=13319 rows=13636415 fwd_ms=817450.1 eval=0 prior=0
[inst] req=20807680 hits=7166387 fwd=13323 rows=13640492 fwd_ms=818020.9 eval=0 prior=0
[inst] req=20815872 hits=7169950 fwd=13328 rows=13645612 fwd_ms=818638.1 eval=0 prior=0
[inst] req=20824064 hits=7173502 fwd=13332 rows=13649708 fwd_ms=819166.9 eval=0 prior=0
[inst] req=20832256 hits=7177515 fwd=13336 rows=13653804 fwd_ms=819684.5 eval=0 prior=0
[inst] req=20840448 hits=7181040 fwd=13341 rows=13658924 fwd_ms=820304.0 eval=0 prior=0
[inst] req=20848640 hits=7185187 fwd=13345 rows=13663020 fwd_ms=820865.3 eval=0 prior=0
[inst] req=20856832 hits=7189420 fwd=13349 rows=13667116 fwd_ms=821432.1 eval=0 prior=0
[inst] req=20865024 hits=7193702 fwd=13353 rows=13671212 fwd_ms=821940.5 eval=0 prior=0
[inst] req=20873216 hits=7197795 fwd=13357 rows=13675308 fwd_ms=822501.9 eval=0 prior=0
[inst] req=20881408 hits=7202053 fwd=13360 rows=13678380 fwd_ms=822861.4 eval=0 prior=0
[inst] req=20889600 hits=7206074 fwd=13365 rows=13683500 fwd_ms=823555.0 eval=0 prior=0
[inst] req=20897792 hits=7210266 fwd=13368 rows=13686572 fwd_ms=823966.1 eval=0 prior=0
[inst] req=20905984 hits=7214488 fwd=13372 rows=13690668 fwd_ms=824460.9 eval=0 prior=0
[inst] req=20914176 hits=7218581 fwd=13376 rows=13694763 fwd_ms=824971.5 eval=0 prior=0
[inst] req=20922368 hits=7222688 fwd=13380 rows=13698859 fwd_ms=825553.9 eval=0 prior=0
[inst] req=20930560 hits=7226837 fwd=13384 rows=13702790 fwd_ms=826230.6 eval=0 prior=0
[inst] req=20938752 hits=7231021 fwd=13388 rows=13706886 fwd_ms=826763.9 eval=0 prior=0
[inst] req=20946944 hits=7235039 fwd=13392 rows=13710982 fwd_ms=827292.3 eval=0 prior=0
[inst] req=20955136 hits=7238871 fwd=13397 rows=13716102 fwd_ms=827926.1 eval=0 prior=0
[inst] req=20963328 hits=7242798 fwd=13401 rows=13720198 fwd_ms=828482.9 eval=0 prior=0
[inst] req=20971520 hits=7246468 fwd=13405 rows=13724294 fwd_ms=829042.5 eval=0 prior=0
[inst] req=20979712 hits=7249733 fwd=13410 rows=13729414 fwd_ms=829646.6 eval=0 prior=0
[inst] req=20987904 hits=7253017 fwd=13415 rows=13734534 fwd_ms=830263.0 eval=0 prior=0
[inst] req=20996096 hits=7256463 fwd=13419 rows=13738630 fwd_ms=830796.5 eval=0 prior=0
[inst] req=21004288 hits=7259455 fwd=13425 rows=13744774 fwd_ms=831641.0 eval=0 prior=0
[inst] req=21012480 hits=7262616 fwd=13429 rows=13748870 fwd_ms=832118.5 eval=0 prior=0
[inst] req=21020672 hits=7265524 fwd=13435 rows=13755014 fwd_ms=832940.3 eval=0 prior=0
[inst] req=21028864 hits=7268446 fwd=13440 rows=13760056 fwd_ms=833541.1 eval=0 prior=0
[inst] req=21037056 hits=7271698 fwd=13445 rows=13765176 fwd_ms=833821.7 eval=0 prior=0
[inst] req=21045248 hits=7275068 fwd=13449 rows=13769272 fwd_ms=834046.5 eval=0 prior=0
[inst] req=21053440 hits=7278352 fwd=13454 rows=13774392 fwd_ms=834326.8 eval=0 prior=0
[inst] req=21061632 hits=7281546 fwd=13459 rows=13779512 fwd_ms=834608.9 eval=0 prior=0
[inst] req=21069824 hits=7282613 fwd=13466 rows=13786680 fwd_ms=835008.2 eval=0 prior=0
[inst] req=21078016 hits=7283464 fwd=13473 rows=13793848 fwd_ms=835398.1 eval=0 prior=0
[inst] req=21086208 hits=7284563 fwd=13480 rows=13801016 fwd_ms=835787.9 eval=0 prior=0
[inst] req=21094400 hits=7286003 fwd=13487 rows=13808184 fwd_ms=836177.6 eval=0 prior=0
[inst] req=21102592 hits=7287885 fwd=13493 rows=13814328 fwd_ms=836511.6 eval=0 prior=0
[inst] req=21110784 hits=7290177 fwd=13499 rows=13820472 fwd_ms=836845.7 eval=0 prior=0
[inst] req=21118976 hits=7292632 fwd=13504 rows=13825592 fwd_ms=837124.1 eval=0 prior=0
[inst] req=21127168 hits=7295310 fwd=13510 rows=13831736 fwd_ms=837458.3 eval=0 prior=0
[inst] req=21135360 hits=7298164 fwd=13515 rows=13836856 fwd_ms=837736.7 eval=0 prior=0
[inst] req=21143552 hits=7301043 fwd=13520 rows=13841976 fwd_ms=838015.1 eval=0 prior=0
[inst] req=21151744 hits=7304229 fwd=13525 rows=13847096 fwd_ms=838293.6 eval=0 prior=0
[inst] req=21159936 hits=7307410 fwd=13530 rows=13852216 fwd_ms=838571.9 eval=0 prior=0
[inst] req=21168128 hits=7310392 fwd=13535 rows=13857336 fwd_ms=838850.3 eval=0 prior=0
[inst] req=21176320 hits=7313570 fwd=13540 rows=13862456 fwd_ms=839128.7 eval=0 prior=0
[inst] req=21184512 hits=7316853 fwd=13545 rows=13867576 fwd_ms=839407.2 eval=0 prior=0
[inst] req=21192704 hits=7320061 fwd=13549 rows=13871672 fwd_ms=839629.8 eval=0 prior=0
[inst] req=21200896 hits=7323202 fwd=13554 rows=13876792 fwd_ms=839908.2 eval=0 prior=0
[inst] req=21209088 hits=7326286 fwd=13559 rows=13881912 fwd_ms=840186.7 eval=0 prior=0
[inst] req=21217280 hits=7329251 fwd=13564 rows=13887032 fwd_ms=840465.2 eval=0 prior=0
[inst] req=21225472 hits=7332258 fwd=13570 rows=13893176 fwd_ms=840799.3 eval=0 prior=0
[inst] req=21233664 hits=7335307 fwd=13575 rows=13898296 fwd_ms=841077.8 eval=0 prior=0
[inst] req=21241856 hits=7338338 fwd=13580 rows=13903416 fwd_ms=841356.1 eval=0 prior=0
[inst] req=21250048 hits=7341497 fwd=13585 rows=13908536 fwd_ms=841634.7 eval=0 prior=0
[inst] req=21258240 hits=7344753 fwd=13589 rows=13912632 fwd_ms=841857.4 eval=0 prior=0
[inst] req=21266432 hits=7347948 fwd=13594 rows=13917752 fwd_ms=842135.8 eval=0 prior=0
[inst] req=21274624 hits=7351345 fwd=13599 rows=13922872 fwd_ms=842414.1 eval=0 prior=0
[inst] req=21282816 hits=7354707 fwd=13604 rows=13927992 fwd_ms=842692.4 eval=0 prior=0
[inst] req=21291008 hits=7358109 fwd=13608 rows=13932088 fwd_ms=842914.9 eval=0 prior=0
[inst] req=21299200 hits=7361341 fwd=13613 rows=13937208 fwd_ms=843193.1 eval=0 prior=0
[inst] req=21307392 hits=7364551 fwd=13618 rows=13942328 fwd_ms=843471.3 eval=0 prior=0
[inst] req=21315584 hits=7367807 fwd=13623 rows=13947448 fwd_ms=843749.5 eval=0 prior=0
[inst] req=21323776 hits=7370820 fwd=13628 rows=13952568 fwd_ms=844027.7 eval=0 prior=0
[inst] req=21331968 hits=7373975 fwd=13633 rows=13957688 fwd_ms=844305.8 eval=0 prior=0
[inst] req=21340160 hits=7377251 fwd=13638 rows=13962808 fwd_ms=844584.0 eval=0 prior=0
[inst] req=21348352 hits=7380462 fwd=13642 rows=13966904 fwd_ms=844806.4 eval=0 prior=0
[inst] req=21356544 hits=7383584 fwd=13647 rows=13972024 fwd_ms=845084.6 eval=0 prior=0
[inst] req=21364736 hits=7386652 fwd=13652 rows=13977144 fwd_ms=845362.6 eval=0 prior=0
[inst] req=21372928 hits=7389685 fwd=13657 rows=13982264 fwd_ms=845640.7 eval=0 prior=0
[inst] req=21381120 hits=7392783 fwd=13662 rows=13987384 fwd_ms=845918.6 eval=0 prior=0
[inst] req=21389312 hits=7395979 fwd=13667 rows=13992504 fwd_ms=846196.6 eval=0 prior=0
[inst] req=21397504 hits=7399066 fwd=13672 rows=13997624 fwd_ms=846474.7 eval=0 prior=0
[inst] req=21405696 hits=7402246 fwd=13677 rows=14002744 fwd_ms=846752.5 eval=0 prior=0
[inst] req=21413888 hits=7405415 fwd=13682 rows=14007864 fwd_ms=847030.5 eval=0 prior=0
[inst] req=21422080 hits=7408510 fwd=13687 rows=14012984 fwd_ms=847308.4 eval=0 prior=0
[inst] req=21430272 hits=7411725 fwd=13692 rows=14018104 fwd_ms=847586.4 eval=0 prior=0
[inst] req=21438464 hits=7414898 fwd=13697 rows=14023224 fwd_ms=847864.4 eval=0 prior=0
[inst] req=21446656 hits=7418184 fwd=13702 rows=14028344 fwd_ms=848142.2 eval=0 prior=0
[inst] req=21454848 hits=7421513 fwd=13706 rows=14032440 fwd_ms=848364.6 eval=0 prior=0
[inst] req=21463040 hits=7424975 fwd=13711 rows=14037560 fwd_ms=848642.4 eval=0 prior=0
[inst] req=21471232 hits=7428298 fwd=13716 rows=14042680 fwd_ms=848920.4 eval=0 prior=0
[inst] req=21479424 hits=7431554 fwd=13721 rows=14047800 fwd_ms=849198.4 eval=0 prior=0
[inst] req=21487616 hits=7434725 fwd=13725 rows=14051896 fwd_ms=849420.9 eval=0 prior=0
[inst] req=21495808 hits=7437857 fwd=13730 rows=14057016 fwd_ms=849699.0 eval=0 prior=0
[inst] req=21504000 hits=7441043 fwd=13735 rows=14062136 fwd_ms=849977.2 eval=0 prior=0
[inst] req=21512192 hits=7444204 fwd=13740 rows=14067256 fwd_ms=850255.6 eval=0 prior=0
[inst] req=21520384 hits=7447427 fwd=13745 rows=14072376 fwd_ms=850533.9 eval=0 prior=0
[inst] req=21528576 hits=7450584 fwd=13750 rows=14077496 fwd_ms=850812.1 eval=0 prior=0
[inst] req=21536768 hits=7453789 fwd=13755 rows=14082616 fwd_ms=851090.4 eval=0 prior=0
[inst] req=21544960 hits=7456935 fwd=13760 rows=14087736 fwd_ms=851368.6 eval=0 prior=0
[inst] req=21553152 hits=7460046 fwd=13765 rows=14092856 fwd_ms=851646.8 eval=0 prior=0
[inst] req=21561344 hits=7463142 fwd=13770 rows=14097976 fwd_ms=851925.1 eval=0 prior=0
[inst] req=21569536 hits=7466465 fwd=13774 rows=14102072 fwd_ms=852147.6 eval=0 prior=0
[inst] req=21577728 hits=7469552 fwd=13779 rows=14107192 fwd_ms=852425.9 eval=0 prior=0
[inst] req=21585920 hits=7472748 fwd=13784 rows=14112312 fwd_ms=852704.2 eval=0 prior=0
[inst] req=21594112 hits=7475926 fwd=13789 rows=14117432 fwd_ms=852982.4 eval=0 prior=0
[inst] req=21602304 hits=7479152 fwd=13794 rows=14122552 fwd_ms=853260.8 eval=0 prior=0
[inst] req=21610496 hits=7482290 fwd=13799 rows=14127672 fwd_ms=853539.1 eval=0 prior=0
[inst] req=21618688 hits=7485513 fwd=13804 rows=14132792 fwd_ms=853817.4 eval=0 prior=0
[inst] req=21626880 hits=7488767 fwd=13809 rows=14137912 fwd_ms=854095.8 eval=0 prior=0
[inst] req=21635072 hits=7492207 fwd=13813 rows=14142007 fwd_ms=854318.5 eval=0 prior=0
[inst] req=21643264 hits=7495618 fwd=13818 rows=14147127 fwd_ms=854596.7 eval=0 prior=0
[inst] req=21651456 hits=7498885 fwd=13823 rows=14152247 fwd_ms=854875.0 eval=0 prior=0
[inst] req=21659648 hits=7502259 fwd=13828 rows=14157367 fwd_ms=855153.4 eval=0 prior=0
[inst] req=21667840 hits=7505367 fwd=13832 rows=14161463 fwd_ms=855376.0 eval=0 prior=0
[inst] req=21676032 hits=7508503 fwd=13837 rows=14166583 fwd_ms=855654.3 eval=0 prior=0
[inst] req=21684224 hits=7511634 fwd=13842 rows=14171703 fwd_ms=855932.8 eval=0 prior=0
[inst] req=21692416 hits=7514700 fwd=13847 rows=14176823 fwd_ms=856211.0 eval=0 prior=0
[inst] req=21700608 hits=7517969 fwd=13852 rows=14181943 fwd_ms=856489.3 eval=0 prior=0
[inst] req=21708800 hits=7521214 fwd=13857 rows=14187063 fwd_ms=856767.6 eval=0 prior=0
[inst] req=21716992 hits=7524391 fwd=13862 rows=14192183 fwd_ms=857046.0 eval=0 prior=0
[inst] req=21725184 hits=7527626 fwd=13867 rows=14197303 fwd_ms=857324.3 eval=0 prior=0
[inst] req=21733376 hits=7530826 fwd=13872 rows=14202423 fwd_ms=857602.6 eval=0 prior=0
[inst] req=21741568 hits=7534117 fwd=13876 rows=14206519 fwd_ms=857825.3 eval=0 prior=0
[inst] req=21749760 hits=7537242 fwd=13881 rows=14211639 fwd_ms=858103.6 eval=0 prior=0
[inst] req=21757952 hits=7540407 fwd=13886 rows=14216759 fwd_ms=858381.9 eval=0 prior=0
[inst] req=21766144 hits=7543562 fwd=13891 rows=14221879 fwd_ms=858660.2 eval=0 prior=0
[inst] req=21774336 hits=7546706 fwd=13896 rows=14226999 fwd_ms=858938.6 eval=0 prior=0
[inst] req=21782528 hits=7549932 fwd=13901 rows=14232119 fwd_ms=859217.0 eval=0 prior=0
[inst] req=21790720 hits=7553285 fwd=13906 rows=14237239 fwd_ms=859495.2 eval=0 prior=0
[inst] req=21798912 hits=7556490 fwd=13911 rows=14242359 fwd_ms=859773.7 eval=0 prior=0
[inst] req=21807104 hits=7559729 fwd=13915 rows=14246455 fwd_ms=859996.3 eval=0 prior=0
[inst] req=21815296 hits=7562874 fwd=13920 rows=14251575 fwd_ms=860274.6 eval=0 prior=0
[inst] req=21823488 hits=7566092 fwd=13925 rows=14256695 fwd_ms=860553.0 eval=0 prior=0
[inst] req=21831680 hits=7569320 fwd=13930 rows=14261815 fwd_ms=860831.5 eval=0 prior=0
[inst] req=21839872 hits=7572533 fwd=13935 rows=14266935 fwd_ms=861109.7 eval=0 prior=0
[inst] req=21848064 hits=7575834 fwd=13940 rows=14272055 fwd_ms=861388.3 eval=0 prior=0
[inst] req=21856256 hits=7579088 fwd=13944 rows=14276151 fwd_ms=861611.0 eval=0 prior=0
[inst] req=21864448 hits=7582330 fwd=13949 rows=14281271 fwd_ms=861889.4 eval=0 prior=0
[inst] req=21872640 hits=7585611 fwd=13954 rows=14286391 fwd_ms=862167.7 eval=0 prior=0
[inst] req=21880832 hits=7588951 fwd=13959 rows=14291511 fwd_ms=862446.2 eval=0 prior=0
[inst] req=21889024 hits=7592230 fwd=13964 rows=14296631 fwd_ms=862724.4 eval=0 prior=0
[inst] req=21897216 hits=7595325 fwd=13969 rows=14301751 fwd_ms=863002.7 eval=0 prior=0
[inst] req=21905408 hits=7598603 fwd=13973 rows=14305847 fwd_ms=863225.4 eval=0 prior=0
[inst] req=21913600 hits=7601915 fwd=13978 rows=14310967 fwd_ms=863503.7 eval=0 prior=0
[inst] req=21921792 hits=7605071 fwd=13983 rows=14316087 fwd_ms=863782.1 eval=0 prior=0
[inst] req=21929984 hits=7608229 fwd=13988 rows=14321207 fwd_ms=864060.3 eval=0 prior=0
[inst] req=21938176 hits=7611470 fwd=13993 rows=14326327 fwd_ms=864338.7 eval=0 prior=0
[inst] req=21946368 hits=7614805 fwd=13998 rows=14331447 fwd_ms=864617.0 eval=0 prior=0
[inst] req=21954560 hits=7618116 fwd=14002 rows=14335543 fwd_ms=864839.7 eval=0 prior=0
[inst] req=21962752 hits=7621305 fwd=14007 rows=14340663 fwd_ms=865118.1 eval=0 prior=0
[inst] req=21970944 hits=7624561 fwd=14012 rows=14345783 fwd_ms=865396.4 eval=0 prior=0
[inst] req=21979136 hits=7627856 fwd=14017 rows=14350903 fwd_ms=865674.7 eval=0 prior=0
[inst] req=21987328 hits=7631174 fwd=14022 rows=14356023 fwd_ms=865953.0 eval=0 prior=0
[inst] req=21995520 hits=7634406 fwd=14026 rows=14360119 fwd_ms=866175.8 eval=0 prior=0
[inst] req=22003712 hits=7637581 fwd=14031 rows=14365239 fwd_ms=866454.0 eval=0 prior=0
[inst] req=22011904 hits=7640828 fwd=14036 rows=14370359 fwd_ms=866732.3 eval=0 prior=0
[inst] req=22020096 hits=7644053 fwd=14041 rows=14375479 fwd_ms=867010.8 eval=0 prior=0
[inst] req=22028288 hits=7647110 fwd=14046 rows=14380599 fwd_ms=867289.1 eval=0 prior=0
[inst] req=22036480 hits=7650258 fwd=14051 rows=14385719 fwd_ms=867567.5 eval=0 prior=0
[inst] req=22044672 hits=7653601 fwd=14056 rows=14390839 fwd_ms=867845.9 eval=0 prior=0
[inst] req=22052864 hits=7656963 fwd=14060 rows=14394935 fwd_ms=868068.7 eval=0 prior=0
[inst] req=22061056 hits=7660231 fwd=14065 rows=14400055 fwd_ms=868346.9 eval=0 prior=0
[inst] req=22069248 hits=7663559 fwd=14070 rows=14405175 fwd_ms=868625.2 eval=0 prior=0
[inst] req=22077440 hits=7667025 fwd=14075 rows=14410295 fwd_ms=868903.6 eval=0 prior=0
[inst] req=22085632 hits=7670336 fwd=14079 rows=14414391 fwd_ms=869126.3 eval=0 prior=0
[inst] req=22093824 hits=7673538 fwd=14084 rows=14419511 fwd_ms=869404.7 eval=0 prior=0
[inst] req=22102016 hits=7676830 fwd=14089 rows=14424631 fwd_ms=869683.1 eval=0 prior=0
[inst] req=22110208 hits=7679991 fwd=14094 rows=14429751 fwd_ms=869961.6 eval=0 prior=0
[inst] req=22118400 hits=7683212 fwd=14099 rows=14434871 fwd_ms=870239.9 eval=0 prior=0
[inst] req=22126592 hits=7686550 fwd=14104 rows=14439991 fwd_ms=870518.3 eval=0 prior=0
[inst] req=22134784 hits=7689751 fwd=14108 rows=14444087 fwd_ms=870740.7 eval=0 prior=0
[inst] req=22142976 hits=7692885 fwd=14113 rows=14449207 fwd_ms=871019.1 eval=0 prior=0
[inst] req=22151168 hits=7696098 fwd=14118 rows=14454327 fwd_ms=871297.2 eval=0 prior=0
[inst] req=22159360 hits=7699366 fwd=14123 rows=14459447 fwd_ms=871575.5 eval=0 prior=0
[inst] req=22167552 hits=7702607 fwd=14128 rows=14464567 fwd_ms=871853.9 eval=0 prior=0
[inst] req=22175744 hits=7705883 fwd=14133 rows=14469687 fwd_ms=872132.3 eval=0 prior=0
[inst] req=22183936 hits=7709223 fwd=14137 rows=14473783 fwd_ms=872355.0 eval=0 prior=0
[inst] req=22192128 hits=7712330 fwd=14142 rows=14478903 fwd_ms=872633.3 eval=0 prior=0
[inst] req=22200320 hits=7715488 fwd=14147 rows=14484023 fwd_ms=872911.5 eval=0 prior=0
[inst] req=22208512 hits=7718559 fwd=14152 rows=14489143 fwd_ms=873189.7 eval=0 prior=0
[inst] req=22216704 hits=7721741 fwd=14157 rows=14494263 fwd_ms=873467.9 eval=0 prior=0
[inst] req=22224896 hits=7724841 fwd=14162 rows=14499383 fwd_ms=873746.2 eval=0 prior=0
[inst] req=22233088 hits=7728071 fwd=14167 rows=14504503 fwd_ms=874024.6 eval=0 prior=0
[inst] req=22241280 hits=7731163 fwd=14172 rows=14509623 fwd_ms=874303.0 eval=0 prior=0
[inst] req=22249472 hits=7734545 fwd=14177 rows=14514743 fwd_ms=874581.2 eval=0 prior=0
[inst] req=22257664 hits=7737613 fwd=14182 rows=14519863 fwd_ms=874859.4 eval=0 prior=0
[inst] req=22265856 hits=7740818 fwd=14187 rows=14524983 fwd_ms=875137.8 eval=0 prior=0
[inst] req=22274048 hits=7744155 fwd=14191 rows=14529079 fwd_ms=875360.4 eval=0 prior=0
[inst] req=22282240 hits=7747424 fwd=14196 rows=14534199 fwd_ms=875638.7 eval=0 prior=0
[inst] req=22290432 hits=7750577 fwd=14201 rows=14539319 fwd_ms=875917.0 eval=0 prior=0
[inst] req=22298624 hits=7753878 fwd=14206 rows=14544439 fwd_ms=876195.3 eval=0 prior=0
[inst] req=22306816 hits=7757293 fwd=14210 rows=14548535 fwd_ms=876418.2 eval=0 prior=0
[inst] req=22315008 hits=7760648 fwd=14215 rows=14553655 fwd_ms=876696.7 eval=0 prior=0
[inst] req=22323200 hits=7763925 fwd=14220 rows=14558775 fwd_ms=876975.1 eval=0 prior=0
[inst] req=22331392 hits=7767210 fwd=14225 rows=14563895 fwd_ms=877253.5 eval=0 prior=0
[inst] req=22339584 hits=7770551 fwd=14230 rows=14569015 fwd_ms=877531.9 eval=0 prior=0
[inst] req=22347776 hits=7773720 fwd=14234 rows=14573111 fwd_ms=877754.6 eval=0 prior=0
[inst] req=22355968 hits=7776812 fwd=14239 rows=14578231 fwd_ms=878033.0 eval=0 prior=0
[inst] req=22364160 hits=7780137 fwd=14244 rows=14583351 fwd_ms=878311.3 eval=0 prior=0
[inst] req=22372352 hits=7783438 fwd=14249 rows=14588471 fwd_ms=878589.8 eval=0 prior=0
[inst] req=22380544 hits=7786488 fwd=14254 rows=14593591 fwd_ms=878868.1 eval=0 prior=0
[inst] req=22388736 hits=7789636 fwd=14259 rows=14598711 fwd_ms=879146.5 eval=0 prior=0
[inst] req=22396928 hits=7792789 fwd=14264 rows=14603831 fwd_ms=879425.0 eval=0 prior=0
[inst] req=22405120 hits=7795934 fwd=14269 rows=14608951 fwd_ms=879703.3 eval=0 prior=0
[inst] req=22413312 hits=7799100 fwd=14274 rows=14614071 fwd_ms=879981.5 eval=0 prior=0
[inst] req=22421504 hits=7802329 fwd=14278 rows=14618167 fwd_ms=880204.2 eval=0 prior=0
[inst] req=22429696 hits=7805713 fwd=14283 rows=14623287 fwd_ms=880482.5 eval=0 prior=0
[inst] req=22437888 hits=7808907 fwd=14288 rows=14628407 fwd_ms=880760.9 eval=0 prior=0
[inst] req=22446080 hits=7812121 fwd=14293 rows=14633527 fwd_ms=881039.3 eval=0 prior=0
[inst] req=22454272 hits=7815410 fwd=14298 rows=14638647 fwd_ms=881317.8 eval=0 prior=0
[inst] req=22462464 hits=7818714 fwd=14302 rows=14642743 fwd_ms=881540.4 eval=0 prior=0
[inst] req=22470656 hits=7821863 fwd=14307 rows=14647863 fwd_ms=881818.7 eval=0 prior=0
[inst] req=22478848 hits=7825174 fwd=14312 rows=14652983 fwd_ms=882096.9 eval=0 prior=0
[inst] req=22487040 hits=7828573 fwd=14317 rows=14658103 fwd_ms=882375.2 eval=0 prior=0
[inst] req=22495232 hits=7831863 fwd=14322 rows=14663223 fwd_ms=882653.5 eval=0 prior=0
[inst] req=22503424 hits=7835374 fwd=14326 rows=14667319 fwd_ms=882876.2 eval=0 prior=0
[inst] req=22511616 hits=7838661 fwd=14331 rows=14672439 fwd_ms=883154.5 eval=0 prior=0
[inst] req=22519808 hits=7841672 fwd=14336 rows=14677559 fwd_ms=883432.8 eval=0 prior=0
[inst] req=22528000 hits=7844829 fwd=14341 rows=14682679 fwd_ms=883711.1 eval=0 prior=0
[inst] req=22536192 hits=7848242 fwd=14346 rows=14687799 fwd_ms=883989.3 eval=0 prior=0
[inst] req=22544384 hits=7851427 fwd=14351 rows=14692919 fwd_ms=884267.5 eval=0 prior=0
[inst] req=22552576 hits=7854680 fwd=14355 rows=14697015 fwd_ms=884490.1 eval=0 prior=0
[inst] req=22560768 hits=7857899 fwd=14360 rows=14702135 fwd_ms=884768.5 eval=0 prior=0
[inst] req=22568960 hits=7861090 fwd=14365 rows=14707255 fwd_ms=885046.8 eval=0 prior=0
[inst] req=22577152 hits=7864215 fwd=14370 rows=14712375 fwd_ms=885325.1 eval=0 prior=0
[inst] req=22585344 hits=7867401 fwd=14375 rows=14717495 fwd_ms=885603.3 eval=0 prior=0
[inst] req=22593536 hits=7870638 fwd=14380 rows=14722615 fwd_ms=885881.5 eval=0 prior=0
[inst] req=22601728 hits=7873873 fwd=14385 rows=14727735 fwd_ms=886159.9 eval=0 prior=0
[inst] req=22609920 hits=7877129 fwd=14389 rows=14731831 fwd_ms=886382.6 eval=0 prior=0
[inst] req=22618112 hits=7880256 fwd=14394 rows=14736951 fwd_ms=886660.7 eval=0 prior=0
[inst] req=22626304 hits=7883504 fwd=14399 rows=14742071 fwd_ms=886939.1 eval=0 prior=0
[inst] req=22634496 hits=7886883 fwd=14404 rows=14747191 fwd_ms=887217.4 eval=0 prior=0
[inst] req=22642688 hits=7890356 fwd=14409 rows=14752311 fwd_ms=887495.7 eval=0 prior=0
[inst] req=22650880 hits=7893794 fwd=14413 rows=14756407 fwd_ms=887718.3 eval=0 prior=0
[inst] req=22659072 hits=7897063 fwd=14418 rows=14761527 fwd_ms=887996.5 eval=0 prior=0
[inst] req=22667264 hits=7900308 fwd=14423 rows=14766647 fwd_ms=888274.8 eval=0 prior=0
[inst] req=22675456 hits=7903622 fwd=14428 rows=14771767 fwd_ms=888553.1 eval=0 prior=0
[inst] req=22683648 hits=7906944 fwd=14432 rows=14775863 fwd_ms=888775.9 eval=0 prior=0
[inst] req=22691840 hits=7910177 fwd=14437 rows=14780983 fwd_ms=889054.1 eval=0 prior=0
[inst] req=22700032 hits=7913372 fwd=14442 rows=14786103 fwd_ms=889332.4 eval=0 prior=0
[inst] req=22708224 hits=7916578 fwd=14447 rows=14791223 fwd_ms=889610.6 eval=0 prior=0
[inst] req=22716416 hits=7919789 fwd=14452 rows=14796343 fwd_ms=889888.9 eval=0 prior=0
[inst] req=22724608 hits=7923015 fwd=14457 rows=14801463 fwd_ms=890167.1 eval=0 prior=0
[inst] req=22732800 hits=7926308 fwd=14461 rows=14805559 fwd_ms=890389.7 eval=0 prior=0
[inst] req=22740992 hits=7929604 fwd=14466 rows=14810679 fwd_ms=890667.9 eval=0 prior=0
[inst] req=22749184 hits=7932781 fwd=14471 rows=14815799 fwd_ms=890946.3 eval=0 prior=0
[inst] req=22757376 hits=7936010 fwd=14476 rows=14820919 fwd_ms=891224.8 eval=0 prior=0
[inst] req=22765568 hits=7939249 fwd=14481 rows=14826039 fwd_ms=891503.1 eval=0 prior=0
[inst] req=22773760 hits=7942543 fwd=14486 rows=14831159 fwd_ms=891781.4 eval=0 prior=0
[inst] req=22781952 hits=7945716 fwd=14490 rows=14835255 fwd_ms=892004.1 eval=0 prior=0
[inst] req=22790144 hits=7948960 fwd=14495 rows=14840375 fwd_ms=892282.6 eval=0 prior=0
[inst] req=22798336 hits=7952161 fwd=14500 rows=14845495 fwd_ms=892560.9 eval=0 prior=0
[inst] req=22806528 hits=7955787 fwd=14505 rows=14850615 fwd_ms=892839.4 eval=0 prior=0
[inst] req=22814720 hits=7959119 fwd=14509 rows=14854711 fwd_ms=893062.0 eval=0 prior=0
[inst] req=22822912 hits=7962344 fwd=14514 rows=14859831 fwd_ms=893340.3 eval=0 prior=0
[inst] req=22831104 hits=7965492 fwd=14519 rows=14864951 fwd_ms=893618.6 eval=0 prior=0
[inst] req=22839296 hits=7968824 fwd=14524 rows=14870071 fwd_ms=893896.9 eval=0 prior=0
[inst] req=22847488 hits=7971967 fwd=14529 rows=14875191 fwd_ms=894175.3 eval=0 prior=0
[inst] req=22855680 hits=7975367 fwd=14534 rows=14880311 fwd_ms=894453.6 eval=0 prior=0
[inst] req=22863872 hits=7978730 fwd=14538 rows=14884407 fwd_ms=894676.4 eval=0 prior=0
[inst] req=22872064 hits=7981903 fwd=14543 rows=14889527 fwd_ms=894954.8 eval=0 prior=0
[inst] req=22880256 hits=7985049 fwd=14548 rows=14894647 fwd_ms=895233.0 eval=0 prior=0
[inst] req=22888448 hits=7988373 fwd=14553 rows=14899767 fwd_ms=895511.3 eval=0 prior=0
[inst] req=22896640 hits=7991470 fwd=14558 rows=14904887 fwd_ms=895789.5 eval=0 prior=0
[inst] req=22904832 hits=7994598 fwd=14563 rows=14910007 fwd_ms=896068.0 eval=0 prior=0
[inst] req=22913024 hits=7997832 fwd=14568 rows=14915127 fwd_ms=896346.2 eval=0 prior=0
[inst] req=22921216 hits=8001013 fwd=14572 rows=14919223 fwd_ms=896568.9 eval=0 prior=0
[inst] req=22929408 hits=8004175 fwd=14577 rows=14924343 fwd_ms=896847.3 eval=0 prior=0
[inst] req=22937600 hits=8007370 fwd=14582 rows=14929463 fwd_ms=897125.7 eval=0 prior=0
[inst] req=22945792 hits=8010628 fwd=14587 rows=14934583 fwd_ms=897403.9 eval=0 prior=0
[inst] req=22953984 hits=8013844 fwd=14592 rows=14939703 fwd_ms=897682.1 eval=0 prior=0
[inst] req=22962176 hits=8017177 fwd=14597 rows=14944823 fwd_ms=897960.5 eval=0 prior=0
[inst] req=22970368 hits=8020497 fwd=14601 rows=14948919 fwd_ms=898183.0 eval=0 prior=0
[inst] req=22978560 hits=8023808 fwd=14606 rows=14954039 fwd_ms=898461.4 eval=0 prior=0
[inst] req=22986752 hits=8027204 fwd=14611 rows=14959159 fwd_ms=898739.6 eval=0 prior=0
[inst] req=22994944 hits=8030571 fwd=14616 rows=14964279 fwd_ms=899017.9 eval=0 prior=0
[inst] req=23003136 hits=8033828 fwd=14620 rows=14968375 fwd_ms=899240.6 eval=0 prior=0
[inst] req=23011328 hits=8036980 fwd=14625 rows=14973495 fwd_ms=899518.8 eval=0 prior=0
[inst] req=23019520 hits=8040103 fwd=14630 rows=14978615 fwd_ms=899797.2 eval=0 prior=0
[inst] req=23027712 hits=8043571 fwd=14635 rows=14983735 fwd_ms=900075.5 eval=0 prior=0
[inst] req=23035904 hits=8046798 fwd=14640 rows=14988855 fwd_ms=900353.7 eval=0 prior=0
[inst] req=23044096 hits=8050071 fwd=14645 rows=14993975 fwd_ms=900632.0 eval=0 prior=0
[inst] req=23052288 hits=8053452 fwd=14649 rows=14998071 fwd_ms=900854.7 eval=0 prior=0
[inst] req=23060480 hits=8056771 fwd=14654 rows=15003191 fwd_ms=901133.1 eval=0 prior=0
[inst] req=23068672 hits=8060108 fwd=14659 rows=15008311 fwd_ms=901411.4 eval=0 prior=0
[inst] req=23076864 hits=8063479 fwd=14663 rows=15012407 fwd_ms=901634.1 eval=0 prior=0
[inst] req=23085056 hits=8066873 fwd=14668 rows=15017527 fwd_ms=901912.5 eval=0 prior=0
[inst] req=23093248 hits=8070150 fwd=14673 rows=15022647 fwd_ms=902190.9 eval=0 prior=0
[inst] req=23101440 hits=8073361 fwd=14678 rows=15027767 fwd_ms=902469.2 eval=0 prior=0
[inst] req=23109632 hits=8076523 fwd=14683 rows=15032887 fwd_ms=902747.5 eval=0 prior=0
[inst] req=23117824 hits=8079732 fwd=14688 rows=15038007 fwd_ms=903025.8 eval=0 prior=0
[inst] req=23126016 hits=8083047 fwd=14692 rows=15042103 fwd_ms=903248.4 eval=0 prior=0
[inst] req=23134208 hits=8086182 fwd=14697 rows=15047223 fwd_ms=903526.6 eval=0 prior=0
[inst] req=23142400 hits=8089460 fwd=14702 rows=15052343 fwd_ms=903804.9 eval=0 prior=0
[inst] req=23150592 hits=8092708 fwd=14707 rows=15057463 fwd_ms=904083.1 eval=0 prior=0
[inst] req=23158784 hits=8095961 fwd=14712 rows=15062583 fwd_ms=904361.5 eval=0 prior=0
[inst] req=23166976 hits=8099283 fwd=14716 rows=15066679 fwd_ms=904584.2 eval=0 prior=0
[inst] req=23175168 hits=8102564 fwd=14721 rows=15071799 fwd_ms=904862.4 eval=0 prior=0
[inst] req=23183360 hits=8105922 fwd=14726 rows=15076919 fwd_ms=905140.7 eval=0 prior=0
[inst] req=23191552 hits=8109225 fwd=14731 rows=15082039 fwd_ms=905419.0 eval=0 prior=0
[inst] req=23199744 hits=8112531 fwd=14736 rows=15087159 fwd_ms=905697.2 eval=0 prior=0
[inst] req=23207936 hits=8115842 fwd=14740 rows=15091255 fwd_ms=905919.8 eval=0 prior=0
[inst] req=23216128 hits=8119107 fwd=14745 rows=15096375 fwd_ms=906198.0 eval=0 prior=0
[inst] req=23224320 hits=8122337 fwd=14750 rows=15101495 fwd_ms=906476.3 eval=0 prior=0
[inst] req=23232512 hits=8125469 fwd=14755 rows=15106615 fwd_ms=906754.6 eval=0 prior=0
[inst] req=23240704 hits=8129027 fwd=14759 rows=15110711 fwd_ms=906977.3 eval=0 prior=0
[inst] req=23248896 hits=8132405 fwd=14764 rows=15115831 fwd_ms=907255.7 eval=0 prior=0
[inst] req=23257088 hits=8135757 fwd=14769 rows=15120951 fwd_ms=907534.0 eval=0 prior=0
[inst] req=23265280 hits=8138921 fwd=14774 rows=15126071 fwd_ms=907812.2 eval=0 prior=0
[inst] req=23273472 hits=8142156 fwd=14779 rows=15131191 fwd_ms=908090.5 eval=0 prior=0
[inst] req=23281664 hits=8145246 fwd=14784 rows=15136311 fwd_ms=908368.9 eval=0 prior=0
[inst] req=23289856 hits=8148295 fwd=14789 rows=15141431 fwd_ms=908647.3 eval=0 prior=0
[inst] req=23298048 hits=8151502 fwd=14793 rows=15145527 fwd_ms=908869.8 eval=0 prior=0
[inst] req=23306240 hits=8154674 fwd=14798 rows=15150647 fwd_ms=909148.1 eval=0 prior=0
[inst] req=23314432 hits=8157817 fwd=14803 rows=15155767 fwd_ms=909426.3 eval=0 prior=0
[inst] req=23322624 hits=8161112 fwd=14808 rows=15160887 fwd_ms=909704.6 eval=0 prior=0
[inst] req=23330816 hits=8164361 fwd=14813 rows=15166007 fwd_ms=909982.9 eval=0 prior=0
[inst] req=23339008 hits=8167666 fwd=14818 rows=15171127 fwd_ms=910261.1 eval=0 prior=0
[inst] req=23347200 hits=8170962 fwd=14822 rows=15175223 fwd_ms=910483.7 eval=0 prior=0
[inst] req=23355392 hits=8174223 fwd=14827 rows=15180343 fwd_ms=910762.2 eval=0 prior=0
[inst] req=23363584 hits=8177530 fwd=14832 rows=15185463 fwd_ms=911040.5 eval=0 prior=0
[inst] req=23371776 hits=8180969 fwd=14837 rows=15190583 fwd_ms=911318.6 eval=0 prior=0
[inst] req=23379968 hits=8184115 fwd=14842 rows=15195703 fwd_ms=911596.9 eval=0 prior=0
[inst] req=23388160 hits=8187200 fwd=14847 rows=15200823 fwd_ms=911875.3 eval=0 prior=0
[inst] req=23396352 hits=8190556 fwd=14851 rows=15204919 fwd_ms=912098.0 eval=0 prior=0
[inst] req=23404544 hits=8193860 fwd=14856 rows=15210039 fwd_ms=912376.2 eval=0 prior=0
[inst] req=23412736 hits=8197105 fwd=14861 rows=15215159 fwd_ms=912654.4 eval=0 prior=0
[inst] req=23420928 hits=8200391 fwd=14866 rows=15220279 fwd_ms=912932.6 eval=0 prior=0
[inst] req=23429120 hits=8203541 fwd=14871 rows=15225399 fwd_ms=913210.8 eval=0 prior=0
[inst] req=23437312 hits=8206760 fwd=14876 rows=15230519 fwd_ms=913489.1 eval=0 prior=0
[inst] req=23445504 hits=8209966 fwd=14880 rows=15234615 fwd_ms=913711.8 eval=0 prior=0
[inst] req=23453696 hits=8213255 fwd=14885 rows=15239735 fwd_ms=913990.3 eval=0 prior=0
[inst] req=23461888 hits=8216583 fwd=14890 rows=15244855 fwd_ms=914268.6 eval=0 prior=0
[inst] req=23470080 hits=8219808 fwd=14895 rows=15249975 fwd_ms=914546.8 eval=0 prior=0
[inst] req=23478272 hits=8223002 fwd=14900 rows=15255095 fwd_ms=914825.1 eval=0 prior=0
[inst] req=23486464 hits=8226400 fwd=14904 rows=15259191 fwd_ms=915047.8 eval=0 prior=0
[inst] req=23494656 hits=8229543 fwd=14909 rows=15264311 fwd_ms=915326.1 eval=0 prior=0
[inst] req=23502848 hits=8232880 fwd=14914 rows=15269431 fwd_ms=915604.2 eval=0 prior=0
[inst] req=23511040 hits=8236137 fwd=14919 rows=15274551 fwd_ms=915882.7 eval=0 prior=0
[inst] req=23519232 hits=8239501 fwd=14924 rows=15279671 fwd_ms=916161.0 eval=0 prior=0
[inst] req=23527424 hits=8242889 fwd=14928 rows=15283767 fwd_ms=916383.5 eval=0 prior=0
[inst] req=23535616 hits=8246260 fwd=14933 rows=15288887 fwd_ms=916661.8 eval=0 prior=0
[inst] req=23543808 hits=8249623 fwd=14938 rows=15294007 fwd_ms=916940.0 eval=0 prior=0
[inst] req=23552000 hits=8253042 fwd=14942 rows=15298103 fwd_ms=917162.6 eval=0 prior=0
[inst] req=23560192 hits=8256296 fwd=14947 rows=15303223 fwd_ms=917440.9 eval=0 prior=0
[inst] req=23568384 hits=8259597 fwd=14952 rows=15308343 fwd_ms=917719.2 eval=0 prior=0
[inst] req=23576576 hits=8263037 fwd=14957 rows=15313463 fwd_ms=917997.4 eval=0 prior=0
[inst] req=23584768 hits=8266195 fwd=14961 rows=15317559 fwd_ms=918220.2 eval=0 prior=0
[inst] req=23592960 hits=8269461 fwd=14966 rows=15322679 fwd_ms=918498.4 eval=0 prior=0
[inst] req=23601152 hits=8272573 fwd=14971 rows=15327799 fwd_ms=918776.6 eval=0 prior=0
[inst] req=23609344 hits=8275797 fwd=14976 rows=15332919 fwd_ms=919054.8 eval=0 prior=0
[inst] req=23617536 hits=8278889 fwd=14981 rows=15338039 fwd_ms=919333.0 eval=0 prior=0
[inst] req=23625728 hits=8282066 fwd=14986 rows=15343159 fwd_ms=919611.4 eval=0 prior=0
[inst] req=23633920 hits=8285291 fwd=14991 rows=15348279 fwd_ms=919889.7 eval=0 prior=0
[inst] req=23642112 hits=8288538 fwd=14996 rows=15353399 fwd_ms=920167.9 eval=0 prior=0
[inst] req=23650304 hits=8291672 fwd=15001 rows=15358519 fwd_ms=920446.3 eval=0 prior=0
[inst] req=23658496 hits=8294796 fwd=15006 rows=15363639 fwd_ms=920724.8 eval=0 prior=0
[inst] req=23666688 hits=8298142 fwd=15010 rows=15367735 fwd_ms=920947.4 eval=0 prior=0
[inst] req=23674880 hits=8301418 fwd=15015 rows=15372855 fwd_ms=921225.8 eval=0 prior=0
[inst] req=23683072 hits=8304778 fwd=15020 rows=15377975 fwd_ms=921503.9 eval=0 prior=0
[inst] req=23691264 hits=8308152 fwd=15025 rows=15383095 fwd_ms=921782.4 eval=0 prior=0
[inst] req=23699456 hits=8311478 fwd=15029 rows=15387191 fwd_ms=922005.1 eval=0 prior=0
[inst] req=23707648 hits=8314750 fwd=15034 rows=15392311 fwd_ms=922283.7 eval=0 prior=0
[inst] req=23715840 hits=8318069 fwd=15039 rows=15397431 fwd_ms=922562.3 eval=0 prior=0
[inst] req=23724032 hits=8321379 fwd=15044 rows=15402551 fwd_ms=922840.8 eval=0 prior=0
[inst] req=23732224 hits=8324592 fwd=15048 rows=15406647 fwd_ms=923063.7 eval=0 prior=0
[inst] req=23740416 hits=8327957 fwd=15053 rows=15411767 fwd_ms=923342.2 eval=0 prior=0
[inst] req=23748608 hits=8331211 fwd=15058 rows=15416887 fwd_ms=923620.9 eval=0 prior=0
[inst] req=23756800 hits=8334473 fwd=15063 rows=15422007 fwd_ms=923899.5 eval=0 prior=0
[inst] req=23764992 hits=8337743 fwd=15068 rows=15427127 fwd_ms=924178.1 eval=0 prior=0
[inst] req=23773184 hits=8341085 fwd=15072 rows=15431223 fwd_ms=924400.9 eval=0 prior=0
[inst] req=23781376 hits=8344239 fwd=15077 rows=15436343 fwd_ms=924679.4 eval=0 prior=0
[inst] req=23789568 hits=8347274 fwd=15082 rows=15441463 fwd_ms=924957.8 eval=0 prior=0
[inst] req=23797760 hits=8350375 fwd=15087 rows=15446583 fwd_ms=925236.3 eval=0 prior=0
[inst] req=23805952 hits=8353559 fwd=15092 rows=15451703 fwd_ms=925514.9 eval=0 prior=0
[inst] req=23814144 hits=8356768 fwd=15097 rows=15456823 fwd_ms=925793.4 eval=0 prior=0
[inst] req=23822336 hits=8360151 fwd=15102 rows=15461943 fwd_ms=926071.8 eval=0 prior=0
[inst] req=23830528 hits=8363393 fwd=15107 rows=15467063 fwd_ms=926350.3 eval=0 prior=0
[inst] req=23838720 hits=8366686 fwd=15111 rows=15471159 fwd_ms=926573.1 eval=0 prior=0
[inst] req=23846912 hits=8369918 fwd=15116 rows=15476279 fwd_ms=926851.3 eval=0 prior=0
[inst] req=23855104 hits=8373081 fwd=15121 rows=15481399 fwd_ms=927132.6 eval=0 prior=0
[inst] req=23863296 hits=8376421 fwd=15126 rows=15486519 fwd_ms=927797.3 eval=0 prior=0
[inst] req=23871488 hits=8379621 fwd=15131 rows=15491639 fwd_ms=928534.9 eval=0 prior=0
[inst] req=23879680 hits=8382810 fwd=15136 rows=15496759 fwd_ms=929212.7 eval=0 prior=0
[inst] req=23887872 hits=8385999 fwd=15140 rows=15500855 fwd_ms=929760.3 eval=0 prior=0
[inst] req=23896064 hits=8389400 fwd=15145 rows=15505975 fwd_ms=930361.9 eval=0 prior=0
[inst] req=23904256 hits=8392688 fwd=15150 rows=15511095 fwd_ms=931062.0 eval=0 prior=0
[inst] req=23912448 hits=8396195 fwd=15155 rows=15516215 fwd_ms=931692.9 eval=0 prior=0
[inst] req=23920640 hits=8399701 fwd=15159 rows=15520311 fwd_ms=932194.0 eval=0 prior=0
[inst] req=23928832 hits=8403050 fwd=15164 rows=15525431 fwd_ms=932958.1 eval=0 prior=0
[inst] req=23937024 hits=8406360 fwd=15169 rows=15530551 fwd_ms=933633.3 eval=0 prior=0
[inst] req=23945216 hits=8409500 fwd=15174 rows=15535671 fwd_ms=934364.3 eval=0 prior=0
[inst] req=23953408 hits=8412814 fwd=15178 rows=15539767 fwd_ms=934786.8 eval=0 prior=0
[inst] req=23961600 hits=8416102 fwd=15183 rows=15544887 fwd_ms=935451.0 eval=0 prior=0
[inst] req=23969792 hits=8419465 fwd=15188 rows=15550007 fwd_ms=936124.6 eval=0 prior=0
[inst] req=23977984 hits=8422882 fwd=15192 rows=15554103 fwd_ms=936668.1 eval=0 prior=0
[inst] req=23986176 hits=8426310 fwd=15197 rows=15559223 fwd_ms=937314.6 eval=0 prior=0
[inst] req=23994368 hits=8429800 fwd=15202 rows=15564343 fwd_ms=938086.4 eval=0 prior=0
[inst] req=24002560 hits=8433817 fwd=15206 rows=15568439 fwd_ms=938646.0 eval=0 prior=0
[inst] req=24010752 hits=8437489 fwd=15210 rows=15572535 fwd_ms=939167.2 eval=0 prior=0
[inst] req=24018944 hits=8441481 fwd=15214 rows=15576443 fwd_ms=939718.6 eval=0 prior=0
[inst] req=24027136 hits=8445391 fwd=15219 rows=15581563 fwd_ms=940314.4 eval=0 prior=0
[inst] req=24035328 hits=8449333 fwd=15223 rows=15585659 fwd_ms=940854.3 eval=0 prior=0
[inst] req=24043520 hits=8453765 fwd=15226 rows=15588731 fwd_ms=941259.9 eval=0 prior=0
[inst] req=24051712 hits=8457998 fwd=15230 rows=15592826 fwd_ms=941837.2 eval=0 prior=0
[inst] req=24059904 hits=8462201 fwd=15234 rows=15596922 fwd_ms=942237.5 eval=0 prior=0
[inst] req=24068096 hits=8466436 fwd=15238 rows=15601018 fwd_ms=942747.1 eval=0 prior=0
[inst] req=24076288 hits=8470819 fwd=15242 rows=15605114 fwd_ms=943304.4 eval=0 prior=0
[inst] req=24084480 hits=8474876 fwd=15246 rows=15609210 fwd_ms=943843.5 eval=0 prior=0
[inst] req=24092672 hits=8478967 fwd=15250 rows=15613299 fwd_ms=944377.9 eval=0 prior=0
[inst] req=24100864 hits=8482970 fwd=15254 rows=15617395 fwd_ms=944838.7 eval=0 prior=0
[inst] req=24109056 hits=8487081 fwd=15258 rows=15621490 fwd_ms=945118.4 eval=0 prior=0
[inst] req=24117248 hits=8491030 fwd=15262 rows=15625585 fwd_ms=945344.1 eval=0 prior=0
[inst] req=24125440 hits=8495054 fwd=15266 rows=15629681 fwd_ms=945568.3 eval=0 prior=0
[inst] req=24133632 hits=8498800 fwd=15271 rows=15634801 fwd_ms=945850.4 eval=0 prior=0
[inst] req=24141824 hits=8501012 fwd=15276 rows=15639921 fwd_ms=946151.8 eval=0 prior=0
[inst] req=24150016 hits=8501930 fwd=15283 rows=15647089 fwd_ms=946541.5 eval=0 prior=0
[inst] req=24158208 hits=8503215 fwd=15290 rows=15654257 fwd_ms=946931.1 eval=0 prior=0
[inst] req=24166400 hits=8504840 fwd=15297 rows=15661425 fwd_ms=947320.8 eval=0 prior=0
[inst] req=24174592 hits=8506913 fwd=15303 rows=15667569 fwd_ms=947655.0 eval=0 prior=0
[inst] req=24182784 hits=8509447 fwd=15308 rows=15672689 fwd_ms=947933.3 eval=0 prior=0
[inst] req=24190976 hits=8512386 fwd=15313 rows=15677809 fwd_ms=948211.7 eval=0 prior=0
[inst] req=24199168 hits=8515520 fwd=15318 rows=15682929 fwd_ms=948490.1 eval=0 prior=0
[inst] req=24207360 hits=8518581 fwd=15323 rows=15688049 fwd_ms=948768.5 eval=0 prior=0
[inst] req=24215552 hits=8521608 fwd=15328 rows=15693169 fwd_ms=949046.7 eval=0 prior=0
[inst] req=24223744 hits=8524612 fwd=15333 rows=15698289 fwd_ms=949325.2 eval=0 prior=0
[inst] req=24231936 hits=8528482 fwd=15338 rows=15703409 fwd_ms=949603.5 eval=0 prior=0
[inst] req=24240128 hits=8532387 fwd=15342 rows=15707505 fwd_ms=949826.3 eval=0 prior=0
[inst] req=24248320 hits=8536445 fwd=15346 rows=15711601 fwd_ms=950049.0 eval=0 prior=0
[inst] req=24256512 hits=8540299 fwd=15350 rows=15715697 fwd_ms=950271.7 eval=0 prior=0
[inst] req=24264704 hits=8544289 fwd=15354 rows=15719793 fwd_ms=950494.5 eval=0 prior=0
[inst] req=24272896 hits=8548398 fwd=15358 rows=15723889 fwd_ms=950717.3 eval=0 prior=0
[inst] req=24281088 hits=8552027 fwd=15363 rows=15729009 fwd_ms=950995.6 eval=0 prior=0
[inst] req=24289280 hits=8555382 fwd=15367 rows=15733105 fwd_ms=951218.3 eval=0 prior=0
[inst] req=24297472 hits=8558647 fwd=15372 rows=15738225 fwd_ms=951496.7 eval=0 prior=0
[inst] req=24305664 hits=8561835 fwd=15377 rows=15743345 fwd_ms=951775.0 eval=0 prior=0
[inst] req=24313856 hits=8565010 fwd=15382 rows=15748465 fwd_ms=952053.5 eval=0 prior=0
[inst] req=24322048 hits=8568295 fwd=15387 rows=15753585 fwd_ms=952331.9 eval=0 prior=0
[inst] req=24330240 hits=8571772 fwd=15391 rows=15757681 fwd_ms=952554.5 eval=0 prior=0
[inst] req=24338432 hits=8575513 fwd=15396 rows=15762801 fwd_ms=952832.9 eval=0 prior=0
[inst] req=24346624 hits=8579303 fwd=15400 rows=15766897 fwd_ms=953055.6 eval=0 prior=0
[inst] req=24354816 hits=8583138 fwd=15404 rows=15770993 fwd_ms=953278.3 eval=0 prior=0
[inst] req=24363008 hits=8587005 fwd=15408 rows=15775089 fwd_ms=953500.9 eval=0 prior=0
[inst] req=24371200 hits=8590797 fwd=15413 rows=15780209 fwd_ms=953779.2 eval=0 prior=0
[inst] req=24379392 hits=8594449 fwd=15417 rows=15784305 fwd_ms=954001.9 eval=0 prior=0
[inst] req=24387584 hits=8598078 fwd=15422 rows=15789425 fwd_ms=954280.1 eval=0 prior=0
[inst] req=24395776 hits=8601848 fwd=15426 rows=15793521 fwd_ms=954502.7 eval=0 prior=0
[inst] req=24403968 hits=8605738 fwd=15430 rows=15797617 fwd_ms=954725.2 eval=0 prior=0
[inst] req=24412160 hits=8609583 fwd=15434 rows=15801713 fwd_ms=954947.6 eval=0 prior=0
[inst] req=24420352 hits=8613476 fwd=15439 rows=15806833 fwd_ms=955225.6 eval=0 prior=0
[inst] req=24428544 hits=8617221 fwd=15443 rows=15810929 fwd_ms=955448.2 eval=0 prior=0
[inst] req=24436736 hits=8620925 fwd=15447 rows=15815025 fwd_ms=955670.7 eval=0 prior=0
[inst] req=24444928 hits=8624575 fwd=15452 rows=15820145 fwd_ms=955948.9 eval=0 prior=0
[inst] req=24453120 hits=8627997 fwd=15456 rows=15824241 fwd_ms=956171.4 eval=0 prior=0
[inst] req=24461312 hits=8631558 fwd=15461 rows=15829361 fwd_ms=956449.8 eval=0 prior=0
[inst] req=24469504 hits=8635000 fwd=15466 rows=15834481 fwd_ms=956728.0 eval=0 prior=0
[inst] req=24477696 hits=8638612 fwd=15470 rows=15838577 fwd_ms=956950.4 eval=0 prior=0
[inst] req=24485888 hits=8642301 fwd=15474 rows=15842673 fwd_ms=957172.8 eval=0 prior=0
[inst] req=24494080 hits=8645919 fwd=15479 rows=15847793 fwd_ms=957450.9 eval=0 prior=0
[inst] req=24502272 hits=8649526 fwd=15483 rows=15851889 fwd_ms=957673.2 eval=0 prior=0
[inst] req=24510464 hits=8653136 fwd=15488 rows=15857009 fwd_ms=957951.2 eval=0 prior=0
[inst] req=24518656 hits=8656883 fwd=15492 rows=15861105 fwd_ms=958173.7 eval=0 prior=0
[inst] req=24526848 hits=8660550 fwd=15497 rows=15866225 fwd_ms=958451.6 eval=0 prior=0
[inst] req=24535040 hits=8664182 fwd=15501 rows=15870321 fwd_ms=958673.8 eval=0 prior=0
[inst] req=24543232 hits=8667877 fwd=15505 rows=15874417 fwd_ms=958896.0 eval=0 prior=0
[inst] req=24551424 hits=8671673 fwd=15510 rows=15879537 fwd_ms=959174.0 eval=0 prior=0
[inst] req=24559616 hits=8675420 fwd=15514 rows=15883633 fwd_ms=959396.3 eval=0 prior=0
[inst] req=24567808 hits=8679094 fwd=15518 rows=15887729 fwd_ms=959618.5 eval=0 prior=0
[inst] req=24576000 hits=8683057 fwd=15523 rows=15892849 fwd_ms=959896.2 eval=0 prior=0
[inst] req=24584192 hits=8686868 fwd=15527 rows=15896945 fwd_ms=960118.5 eval=0 prior=0
[inst] req=24592384 hits=8690456 fwd=15531 rows=15901041 fwd_ms=960340.9 eval=0 prior=0
[inst] req=24600576 hits=8694127 fwd=15536 rows=15906161 fwd_ms=960618.7 eval=0 prior=0
[inst] req=24608768 hits=8697697 fwd=15540 rows=15910257 fwd_ms=960841.2 eval=0 prior=0
[inst] req=24616960 hits=8701363 fwd=15545 rows=15915377 fwd_ms=961119.3 eval=0 prior=0
[inst] req=24625152 hits=8704905 fwd=15549 rows=15919473 fwd_ms=961341.9 eval=0 prior=0
[inst] req=24633344 hits=8708704 fwd=15554 rows=15924593 fwd_ms=961620.0 eval=0 prior=0
[inst] req=24641536 hits=8712141 fwd=15558 rows=15928689 fwd_ms=961842.6 eval=0 prior=0
[inst] req=24649728 hits=8715702 fwd=15563 rows=15933809 fwd_ms=962120.9 eval=0 prior=0
[inst] req=24657920 hits=8719233 fwd=15567 rows=15937905 fwd_ms=962343.5 eval=0 prior=0
[inst] req=24666112 hits=8722816 fwd=15572 rows=15943025 fwd_ms=962621.6 eval=0 prior=0
[inst] req=24674304 hits=8726264 fwd=15576 rows=15947121 fwd_ms=962844.1 eval=0 prior=0
[inst] req=24682496 hits=8730041 fwd=15581 rows=15952241 fwd_ms=963122.2 eval=0 prior=0
[inst] req=24690688 hits=8733808 fwd=15585 rows=15956337 fwd_ms=963344.8 eval=0 prior=0
[inst] req=24698880 hits=8737473 fwd=15589 rows=15960433 fwd_ms=963567.3 eval=0 prior=0
[inst] req=24707072 hits=8741180 fwd=15594 rows=15965553 fwd_ms=963845.4 eval=0 prior=0
[inst] req=24715264 hits=8744749 fwd=15598 rows=15969649 fwd_ms=964068.1 eval=0 prior=0
[inst] req=24723456 hits=8748610 fwd=15603 rows=15974769 fwd_ms=964346.3 eval=0 prior=0
[inst] req=24731648 hits=8752300 fwd=15607 rows=15978865 fwd_ms=964568.9 eval=0 prior=0
[inst] req=24739840 hits=8756239 fwd=15611 rows=15982961 fwd_ms=964791.6 eval=0 prior=0
[inst] req=24748032 hits=8759972 fwd=15615 rows=15987057 fwd_ms=965014.1 eval=0 prior=0
[inst] req=24756224 hits=8763747 fwd=15620 rows=15992177 fwd_ms=965292.4 eval=0 prior=0
[inst] req=24764416 hits=8767435 fwd=15624 rows=15996273 fwd_ms=965515.0 eval=0 prior=0
[inst] req=24772608 hits=8771264 fwd=15628 rows=16000369 fwd_ms=965737.7 eval=0 prior=0
[inst] req=24780800 hits=8775043 fwd=15633 rows=16005489 fwd_ms=966016.1 eval=0 prior=0
[inst] req=24788992 hits=8778732 fwd=15637 rows=16009585 fwd_ms=966238.7 eval=0 prior=0
[inst] req=24797184 hits=8782125 fwd=15642 rows=16014705 fwd_ms=966517.0 eval=0 prior=0
[inst] req=24805376 hits=8785742 fwd=15646 rows=16018801 fwd_ms=966739.7 eval=0 prior=0
[inst] req=24813568 hits=8789476 fwd=15651 rows=16023921 fwd_ms=967018.1 eval=0 prior=0
[inst] req=24821760 hits=8793051 fwd=15655 rows=16028017 fwd_ms=967240.7 eval=0 prior=0
[inst] req=24829952 hits=8796724 fwd=15660 rows=16033137 fwd_ms=967518.9 eval=0 prior=0
[inst] req=24838144 hits=8800505 fwd=15664 rows=16037233 fwd_ms=967741.6 eval=0 prior=0
[inst] req=24846336 hits=8804143 fwd=15668 rows=16041328 fwd_ms=967964.2 eval=0 prior=0
[inst] req=24854528 hits=8807857 fwd=15673 rows=16046448 fwd_ms=968242.5 eval=0 prior=0
[inst] req=24862720 hits=8811559 fwd=15677 rows=16050544 fwd_ms=968465.3 eval=0 prior=0
[inst] req=24870912 hits=8815527 fwd=15681 rows=16054640 fwd_ms=968688.1 eval=0 prior=0
[inst] req=24879104 hits=8819496 fwd=15685 rows=16058736 fwd_ms=968910.7 eval=0 prior=0
[inst] req=24887296 hits=8823363 fwd=15690 rows=16063856 fwd_ms=969189.0 eval=0 prior=0
[inst] req=24895488 hits=8827236 fwd=15694 rows=16067952 fwd_ms=969411.8 eval=0 prior=0
[inst] req=24903680 hits=8830894 fwd=15698 rows=16072048 fwd_ms=969634.4 eval=0 prior=0
[inst] req=24911872 hits=8834560 fwd=15703 rows=16077168 fwd_ms=969912.8 eval=0 prior=0
[inst] req=24920064 hits=8838200 fwd=15707 rows=16081264 fwd_ms=970135.8 eval=0 prior=0
[inst] req=24928256 hits=8841887 fwd=15711 rows=16085360 fwd_ms=970358.5 eval=0 prior=0
[inst] req=24936448 hits=8845595 fwd=15716 rows=16090480 fwd_ms=970637.1 eval=0 prior=0
[inst] req=24944640 hits=8849350 fwd=15720 rows=16094576 fwd_ms=970860.0 eval=0 prior=0
[inst] req=24952832 hits=8853071 fwd=15725 rows=16099696 fwd_ms=971138.5 eval=0 prior=0
[inst] req=24961024 hits=8856896 fwd=15729 rows=16103792 fwd_ms=971361.1 eval=0 prior=0
[inst] req=24969216 hits=8860559 fwd=15733 rows=16107888 fwd_ms=971583.9 eval=0 prior=0
[inst] req=24977408 hits=8864482 fwd=15737 rows=16111984 fwd_ms=971806.6 eval=0 prior=0
[inst] req=24985600 hits=8868075 fwd=15742 rows=16117104 fwd_ms=972085.0 eval=0 prior=0
[inst] req=24993792 hits=8871734 fwd=15746 rows=16121200 fwd_ms=972307.5 eval=0 prior=0
[inst] req=25001984 hits=8875488 fwd=15751 rows=16126320 fwd_ms=972585.9 eval=0 prior=0
[inst] req=25010176 hits=8879363 fwd=15755 rows=16130415 fwd_ms=972808.6 eval=0 prior=0
[inst] req=25018368 hits=8883039 fwd=15759 rows=16134511 fwd_ms=973031.3 eval=0 prior=0
[inst] req=25026560 hits=8886700 fwd=15764 rows=16139631 fwd_ms=973309.7 eval=0 prior=0
[inst] req=25034752 hits=8890452 fwd=15768 rows=16143727 fwd_ms=973532.4 eval=0 prior=0
[inst] req=25042944 hits=8894189 fwd=15772 rows=16147823 fwd_ms=973755.0 eval=0 prior=0
[inst] req=25051136 hits=8897957 fwd=15777 rows=16152943 fwd_ms=974033.2 eval=0 prior=0
[inst] req=25059328 hits=8901879 fwd=15781 rows=16157039 fwd_ms=974255.8 eval=0 prior=0
[inst] req=25067520 hits=8905651 fwd=15785 rows=16161135 fwd_ms=974478.5 eval=0 prior=0
[inst] req=25075712 hits=8909396 fwd=15790 rows=16166255 fwd_ms=974756.8 eval=0 prior=0
[inst] req=25083904 hits=8912912 fwd=15794 rows=16170351 fwd_ms=974979.4 eval=0 prior=0
[inst] req=25092096 hits=8916572 fwd=15799 rows=16175471 fwd_ms=975257.6 eval=0 prior=0
[inst] req=25100288 hits=8920180 fwd=15803 rows=16179567 fwd_ms=975480.3 eval=0 prior=0
[inst] req=25108480 hits=8924060 fwd=15807 rows=16183663 fwd_ms=975702.9 eval=0 prior=0
[inst] req=25116672 hits=8927894 fwd=15811 rows=16187759 fwd_ms=975925.6 eval=0 prior=0
[inst] req=25124864 hits=8931639 fwd=15816 rows=16192879 fwd_ms=976203.9 eval=0 prior=0
[inst] req=25133056 hits=8935467 fwd=15820 rows=16196975 fwd_ms=976426.5 eval=0 prior=0
[inst] req=25141248 hits=8939422 fwd=15824 rows=16201071 fwd_ms=976649.0 eval=0 prior=0
[inst] req=25149440 hits=8943186 fwd=15829 rows=16206191 fwd_ms=976927.0 eval=0 prior=0
[inst] req=25157632 hits=8946684 fwd=15833 rows=16210287 fwd_ms=977149.7 eval=0 prior=0
[inst] req=25165824 hits=8950197 fwd=15838 rows=16215407 fwd_ms=977428.2 eval=0 prior=0
[inst] req=25174016 hits=8953793 fwd=15842 rows=16219503 fwd_ms=977650.9 eval=0 prior=0
[inst] req=25182208 hits=8957635 fwd=15846 rows=16223599 fwd_ms=977873.6 eval=0 prior=0
[inst] req=25190400 hits=8961474 fwd=15851 rows=16228719 fwd_ms=978151.8 eval=0 prior=0
[inst] req=25198592 hits=8965243 fwd=15855 rows=16232815 fwd_ms=978374.4 eval=0 prior=0
[inst] req=25206784 hits=8969126 fwd=15859 rows=16236911 fwd_ms=978597.2 eval=0 prior=0
[inst] req=25214976 hits=8973079 fwd=15863 rows=16241007 fwd_ms=978820.0 eval=0 prior=0
[inst] req=25223168 hits=8976935 fwd=15868 rows=16246127 fwd_ms=979098.1 eval=0 prior=0
[inst] req=25231360 hits=8980823 fwd=15872 rows=16250223 fwd_ms=979320.8 eval=0 prior=0
[inst] req=25239552 hits=8984664 fwd=15876 rows=16254319 fwd_ms=979543.4 eval=0 prior=0
[inst] req=25247744 hits=8988360 fwd=15880 rows=16258415 fwd_ms=979766.0 eval=0 prior=0
[inst] req=25255936 hits=8992058 fwd=15885 rows=16263535 fwd_ms=980044.3 eval=0 prior=0
[inst] req=25264128 hits=8995791 fwd=15889 rows=16267631 fwd_ms=980267.0 eval=0 prior=0
[inst] req=25272320 hits=8999360 fwd=15894 rows=16272751 fwd_ms=980545.2 eval=0 prior=0
[inst] req=25280512 hits=9003099 fwd=15898 rows=16276847 fwd_ms=980767.8 eval=0 prior=0
[inst] req=25288704 hits=9007114 fwd=15902 rows=16280943 fwd_ms=980990.4 eval=0 prior=0
[inst] req=25296896 hits=9010832 fwd=15907 rows=16286063 fwd_ms=981268.8 eval=0 prior=0
[inst] req=25305088 hits=9014563 fwd=15911 rows=16290159 fwd_ms=981491.4 eval=0 prior=0
[inst] req=25313280 hits=9018312 fwd=15915 rows=16294255 fwd_ms=981714.0 eval=0 prior=0
[inst] req=25321472 hits=9022158 fwd=15919 rows=16298351 fwd_ms=981936.6 eval=0 prior=0
[inst] req=25329664 hits=9026005 fwd=15924 rows=16303471 fwd_ms=982215.0 eval=0 prior=0
[inst] req=25337856 hits=9029684 fwd=15928 rows=16307567 fwd_ms=982437.7 eval=0 prior=0
[inst] req=25346048 hits=9033351 fwd=15933 rows=16312687 fwd_ms=982716.1 eval=0 prior=0
[inst] req=25354240 hits=9036872 fwd=15937 rows=16316783 fwd_ms=982938.7 eval=0 prior=0
[inst] req=25362432 hits=9040542 fwd=15941 rows=16320879 fwd_ms=983161.4 eval=0 prior=0
[inst] req=25370624 hits=9044197 fwd=15946 rows=16325999 fwd_ms=983439.6 eval=0 prior=0
[inst] req=25378816 hits=9048012 fwd=15950 rows=16330095 fwd_ms=983662.2 eval=0 prior=0
[inst] req=25387008 hits=9051776 fwd=15955 rows=16335215 fwd_ms=983940.6 eval=0 prior=0
[inst] req=25395200 hits=9055287 fwd=15959 rows=16339311 fwd_ms=984163.2 eval=0 prior=0
[inst] req=25403392 hits=9058885 fwd=15964 rows=16344431 fwd_ms=984441.6 eval=0 prior=0
[inst] req=25411584 hits=9062784 fwd=15968 rows=16348527 fwd_ms=984664.2 eval=0 prior=0
[inst] req=25419776 hits=9066458 fwd=15972 rows=16352623 fwd_ms=984886.9 eval=0 prior=0
