Logging directory: /home/ubuntu/rl/reinfors-benchmarks/runs/v1_grid/os_a128b64/cycle1/throughput
Creating model: /home/ubuntu/rl/reinfors-benchmarks/runs/v1_grid/os_a128b64/cycle1/throughput/vpnet.pb
Playing game: chess
Loading model from step 0
[W TensorCompare.cpp:530] Warning: where received a uint8 condition tensor. This behavior is deprecated and will be removed in a future version of PyTorch. Use a boolean condition instead. (function operator())
[inst] req=8192 hits=2444 fwd=88 rows=5620 fwd_ms=663.3 eval=0 prior=0
[inst] req=16384 hits=4486 fwd=185 rows=11828 fwd_ms=1115.3 eval=0 prior=0
[inst] req=24576 hits=6797 fwd=276 rows=17652 fwd_ms=1541.3 eval=0 prior=0
[inst] req=32768 hits=9804 fwd=357 rows=22836 fwd_ms=1920.5 eval=0 prior=0
[inst] req=40960 hits=12429 fwd=444 rows=28404 fwd_ms=2330.9 eval=0 prior=0
[inst] req=49152 hits=14582 fwd=539 rows=34484 fwd_ms=2776.5 eval=0 prior=0
[inst] req=57344 hits=17295 fwd=624 rows=39924 fwd_ms=3176.1 eval=0 prior=0
[inst] req=65536 hits=19756 fwd=714 rows=45684 fwd_ms=3598.7 eval=0 prior=0
[inst] req=73728 hits=22095 fwd=805 rows=51508 fwd_ms=4026.0 eval=0 prior=0
[inst] req=81920 hits=24617 fwd=894 rows=57204 fwd_ms=4444.5 eval=0 prior=0
[inst] req=90112 hits=27233 fwd=981 rows=62772 fwd_ms=4852.2 eval=0 prior=0
[inst] req=98304 hits=29691 fwd=1071 rows=68532 fwd_ms=5275.1 eval=0 prior=0
[inst] req=106496 hits=32146 fwd=1160 rows=74228 fwd_ms=5693.7 eval=0 prior=0
[inst] req=114688 hits=34640 fwd=1249 rows=79924 fwd_ms=6111.7 eval=0 prior=0
[inst] req=122880 hits=37590 fwd=1331 rows=85172 fwd_ms=6497.3 eval=0 prior=0
[inst] req=131072 hits=40354 fwd=1416 rows=90612 fwd_ms=6896.7 eval=0 prior=0
[inst] req=139264 hits=43016 fwd=1503 rows=96180 fwd_ms=7305.9 eval=0 prior=0
[inst] req=147456 hits=46010 fwd=1584 rows=101364 fwd_ms=7688.3 eval=0 prior=0
[inst] req=155648 hits=48638 fwd=1671 rows=106932 fwd_ms=8099.4 eval=0 prior=0
[inst] req=163840 hits=51269 fwd=1758 rows=112500 fwd_ms=8510.2 eval=0 prior=0
[inst] req=172032 hits=54136 fwd=1841 rows=117812 fwd_ms=8901.4 eval=0 prior=0
[inst] req=180224 hits=56864 fwd=1926 rows=123252 fwd_ms=9300.6 eval=0 prior=0
[inst] req=188416 hits=59604 fwd=2011 rows=128692 fwd_ms=9703.2 eval=0 prior=0
[inst] req=196608 hits=62196 fwd=2099 rows=134324 fwd_ms=10117.0 eval=0 prior=0
[inst] req=204800 hits=64913 fwd=2184 rows=139764 fwd_ms=10517.7 eval=0 prior=0
[inst] req=212992 hits=67859 fwd=2266 rows=145012 fwd_ms=10905.1 eval=0 prior=0
[inst] req=221184 hits=70373 fwd=2355 rows=150708 fwd_ms=11363.1 eval=0 prior=0
[inst] req=229376 hits=73039 fwd=2441 rows=156212 fwd_ms=11772.1 eval=0 prior=0
[inst] req=237568 hits=76058 fwd=2522 rows=161396 fwd_ms=12155.6 eval=0 prior=0
[inst] req=245760 hits=78733 fwd=2608 rows=166900 fwd_ms=12559.1 eval=0 prior=0
[inst] req=253952 hits=81420 fwd=2694 rows=172404 fwd_ms=12963.3 eval=0 prior=0
[inst] req=262144 hits=84177 fwd=2779 rows=177844 fwd_ms=13364.5 eval=0 prior=0
[inst] req=270336 hits=86932 fwd=2864 rows=183284 fwd_ms=13765.7 eval=0 prior=0
[inst] req=278528 hits=89710 fwd=2949 rows=188724 fwd_ms=14166.2 eval=0 prior=0
[inst] req=286720 hits=92235 fwd=3038 rows=194420 fwd_ms=14585.8 eval=0 prior=0
[inst] req=294912 hits=95054 fwd=3121 rows=199732 fwd_ms=14977.9 eval=0 prior=0
[inst] req=303104 hits=97834 fwd=3206 rows=205172 fwd_ms=15379.1 eval=0 prior=0
[inst] req=311296 hits=100407 fwd=3294 rows=210804 fwd_ms=15794.0 eval=0 prior=0
[inst] req=319488 hits=103038 fwd=3381 rows=216372 fwd_ms=16204.6 eval=0 prior=0
[inst] req=327680 hits=105806 fwd=3465 rows=221748 fwd_ms=16606.0 eval=0 prior=0
[inst] req=335872 hits=108484 fwd=3552 rows=227316 fwd_ms=17039.5 eval=0 prior=0
[inst] req=344064 hits=111198 fwd=3637 rows=232756 fwd_ms=17505.7 eval=0 prior=0
[inst] req=352256 hits=113795 fwd=3725 rows=238388 fwd_ms=17935.9 eval=0 prior=0
[inst] req=360448 hits=116446 fwd=3811 rows=243892 fwd_ms=18340.5 eval=0 prior=0
[inst] req=368640 hits=119200 fwd=3896 rows=249332 fwd_ms=18742.0 eval=0 prior=0
[inst] req=376832 hits=121884 fwd=3982 rows=254836 fwd_ms=19149.6 eval=0 prior=0
[inst] req=385024 hits=124597 fwd=4068 rows=260340 fwd_ms=19553.4 eval=0 prior=0
[inst] req=393216 hits=127379 fwd=4152 rows=265716 fwd_ms=19951.8 eval=0 prior=0
[inst] req=401408 hits=129968 fwd=4240 rows=271348 fwd_ms=20366.4 eval=0 prior=0
[inst] req=409600 hits=132844 fwd=4323 rows=276660 fwd_ms=20759.5 eval=0 prior=0
[inst] req=417792 hits=135475 fwd=4410 rows=282228 fwd_ms=21170.4 eval=0 prior=0
[inst] req=425984 hits=138034 fwd=4498 rows=287860 fwd_ms=21585.3 eval=0 prior=0
[inst] req=434176 hits=140734 fwd=4584 rows=293364 fwd_ms=22001.0 eval=0 prior=0
[inst] req=442368 hits=143502 fwd=4668 rows=298740 fwd_ms=22400.0 eval=0 prior=0
[inst] req=450560 hits=146181 fwd=4755 rows=304308 fwd_ms=22871.7 eval=0 prior=0
[inst] req=458752 hits=148887 fwd=4840 rows=309748 fwd_ms=23339.4 eval=0 prior=0
[inst] req=466944 hits=151430 fwd=4929 rows=315444 fwd_ms=23817.4 eval=0 prior=0
[inst] req=475136 hits=154176 fwd=5014 rows=320884 fwd_ms=24222.3 eval=0 prior=0
[inst] req=483328 hits=156751 fwd=5101 rows=326452 fwd_ms=24635.8 eval=0 prior=0
[inst] req=491520 hits=159505 fwd=5186 rows=331892 fwd_ms=25042.5 eval=0 prior=0
[inst] req=499712 hits=162134 fwd=5273 rows=337460 fwd_ms=25455.0 eval=0 prior=0
[inst] req=507904 hits=164655 fwd=5362 rows=343156 fwd_ms=25874.0 eval=0 prior=0
[inst] req=516096 hits=167384 fwd=5447 rows=348596 fwd_ms=26277.4 eval=0 prior=0
[inst] req=524288 hits=170055 fwd=5534 rows=354164 fwd_ms=26687.3 eval=0 prior=0
[inst] req=532480 hits=172684 fwd=5620 rows=359668 fwd_ms=27092.1 eval=0 prior=0
[inst] req=540672 hits=175318 fwd=5707 rows=365236 fwd_ms=27502.8 eval=0 prior=0
[inst] req=548864 hits=178098 fwd=5792 rows=370676 fwd_ms=27905.3 eval=0 prior=0
[inst] req=557056 hits=180801 fwd=5878 rows=376180 fwd_ms=28311.2 eval=0 prior=0
[inst] req=565248 hits=183428 fwd=5965 rows=381748 fwd_ms=28722.0 eval=0 prior=0
[inst] req=573440 hits=186079 fwd=6051 rows=387252 fwd_ms=29126.9 eval=0 prior=0
[inst] req=581632 hits=188846 fwd=6136 rows=392692 fwd_ms=29528.5 eval=0 prior=0
[inst] req=589824 hits=191415 fwd=6224 rows=398324 fwd_ms=29942.6 eval=0 prior=0
[inst] req=598016 hits=194109 fwd=6310 rows=403828 fwd_ms=30348.2 eval=0 prior=0
[inst] req=606208 hits=196644 fwd=6398 rows=409460 fwd_ms=30762.4 eval=0 prior=0
[inst] req=614400 hits=199416 fwd=6483 rows=414900 fwd_ms=31163.8 eval=0 prior=0
[inst] req=622592 hits=201998 fwd=6570 rows=420468 fwd_ms=31574.1 eval=0 prior=0
[inst] req=630784 hits=204602 fwd=6658 rows=426100 fwd_ms=31988.4 eval=0 prior=0
[inst] req=638976 hits=207355 fwd=6743 rows=431540 fwd_ms=32389.1 eval=0 prior=0
[inst] req=647168 hits=209899 fwd=6831 rows=437172 fwd_ms=32804.3 eval=0 prior=0
[inst] req=655360 hits=212527 fwd=6918 rows=442740 fwd_ms=33213.8 eval=0 prior=0
[inst] req=663552 hits=215120 fwd=7005 rows=448308 fwd_ms=33623.5 eval=0 prior=0
[inst] req=671744 hits=217855 fwd=7091 rows=453812 fwd_ms=34028.8 eval=0 prior=0
[inst] req=679936 hits=220518 fwd=7177 rows=459316 fwd_ms=34433.9 eval=0 prior=0
[inst] req=688128 hits=223174 fwd=7264 rows=464884 fwd_ms=34843.3 eval=0 prior=0
[inst] req=696320 hits=225762 fwd=7351 rows=470452 fwd_ms=35253.4 eval=0 prior=0
[inst] req=704512 hits=228562 fwd=7435 rows=475828 fwd_ms=35649.4 eval=0 prior=0
[inst] req=712704 hits=231216 fwd=7522 rows=481396 fwd_ms=36059.1 eval=0 prior=0
[inst] req=720896 hits=234066 fwd=7605 rows=486708 fwd_ms=36450.9 eval=0 prior=0
[inst] req=729088 hits=236666 fwd=7693 rows=492340 fwd_ms=36866.7 eval=0 prior=0
[inst] req=737280 hits=239301 fwd=7780 rows=497908 fwd_ms=37277.7 eval=0 prior=0
[inst] req=745472 hits=241939 fwd=7866 rows=503412 fwd_ms=37683.9 eval=0 prior=0
[inst] req=753664 hits=244549 fwd=7954 rows=509044 fwd_ms=38099.6 eval=0 prior=0
[inst] req=761856 hits=247193 fwd=8040 rows=514548 fwd_ms=38505.4 eval=0 prior=0
[inst] req=770048 hits=249754 fwd=8128 rows=520180 fwd_ms=38920.2 eval=0 prior=0
[inst] req=778240 hits=252507 fwd=8213 rows=525620 fwd_ms=39320.8 eval=0 prior=0
[inst] req=786432 hits=255202 fwd=8299 rows=531124 fwd_ms=39726.3 eval=0 prior=0
[inst] req=794624 hits=258007 fwd=8383 rows=536500 fwd_ms=40123.2 eval=0 prior=0
[inst] req=802816 hits=260689 fwd=8469 rows=542004 fwd_ms=40528.9 eval=0 prior=0
[inst] req=811008 hits=263477 fwd=8554 rows=547444 fwd_ms=40929.8 eval=0 prior=0
[inst] req=819200 hits=266148 fwd=8640 rows=552948 fwd_ms=41335.8 eval=0 prior=0
[inst] req=827392 hits=268699 fwd=8728 rows=558580 fwd_ms=41750.7 eval=0 prior=0
[inst] req=835584 hits=271511 fwd=8812 rows=563956 fwd_ms=42147.2 eval=0 prior=0
[inst] req=843776 hits=274143 fwd=8899 rows=569524 fwd_ms=42558.0 eval=0 prior=0
[inst] req=851968 hits=276881 fwd=8984 rows=574964 fwd_ms=42959.6 eval=0 prior=0
[inst] req=860160 hits=279618 fwd=9070 rows=580468 fwd_ms=43364.9 eval=0 prior=0
[inst] req=868352 hits=282461 fwd=9153 rows=585780 fwd_ms=43756.7 eval=0 prior=0
[inst] req=876544 hits=285212 fwd=9238 rows=591220 fwd_ms=44158.4 eval=0 prior=0
[inst] req=884736 hits=288044 fwd=9322 rows=596596 fwd_ms=44555.1 eval=0 prior=0
[inst] req=892928 hits=290605 fwd=9410 rows=602228 fwd_ms=44970.5 eval=0 prior=0
[inst] req=901120 hits=293338 fwd=9495 rows=607668 fwd_ms=45371.8 eval=0 prior=0
[inst] req=909312 hits=296023 fwd=9581 rows=613172 fwd_ms=45778.1 eval=0 prior=0
[inst] req=917504 hits=298647 fwd=9668 rows=618740 fwd_ms=46189.2 eval=0 prior=0
[inst] req=925696 hits=301274 fwd=9755 rows=624308 fwd_ms=46599.9 eval=0 prior=0
[inst] req=933888 hits=303951 fwd=9841 rows=629812 fwd_ms=47006.2 eval=0 prior=0
[inst] req=942080 hits=306614 fwd=9928 rows=635380 fwd_ms=47417.6 eval=0 prior=0
[inst] req=950272 hits=309298 fwd=10014 rows=640884 fwd_ms=47823.6 eval=0 prior=0
[inst] req=958464 hits=311937 fwd=10101 rows=646452 fwd_ms=48234.6 eval=0 prior=0
[inst] req=966656 hits=314585 fwd=10187 rows=651956 fwd_ms=48641.4 eval=0 prior=0
[inst] req=974848 hits=317389 fwd=10271 rows=657332 fwd_ms=49038.5 eval=0 prior=0
[inst] req=983040 hits=320015 fwd=10358 rows=662900 fwd_ms=49449.2 eval=0 prior=0
[inst] req=991232 hits=322671 fwd=10445 rows=668468 fwd_ms=49860.2 eval=0 prior=0
[inst] req=999424 hits=325497 fwd=10529 rows=673844 fwd_ms=50256.6 eval=0 prior=0
[inst] req=1007616 hits=328095 fwd=10616 rows=679412 fwd_ms=50667.7 eval=0 prior=0
[inst] req=1015808 hits=330778 fwd=10702 rows=684916 fwd_ms=51074.4 eval=0 prior=0
[inst] req=1024000 hits=333469 fwd=10788 rows=690420 fwd_ms=51480.7 eval=0 prior=0
[inst] req=1032192 hits=336206 fwd=10873 rows=695860 fwd_ms=51883.0 eval=0 prior=0
[inst] req=1040384 hits=339090 fwd=10956 rows=701172 fwd_ms=52275.2 eval=0 prior=0
[inst] req=1048576 hits=341823 fwd=11042 rows=706676 fwd_ms=52680.6 eval=0 prior=0
[inst] req=1056768 hits=344622 fwd=11126 rows=712052 fwd_ms=53077.1 eval=0 prior=0
[inst] req=1064960 hits=347348 fwd=11211 rows=717492 fwd_ms=53478.0 eval=0 prior=0
[inst] req=1073152 hits=349991 fwd=11298 rows=723060 fwd_ms=53888.5 eval=0 prior=0
[inst] req=1081344 hits=352658 fwd=11384 rows=728564 fwd_ms=54294.3 eval=0 prior=0
[inst] req=1089536 hits=355599 fwd=11466 rows=733812 fwd_ms=54681.4 eval=0 prior=0
[inst] req=1097728 hits=358270 fwd=11553 rows=739380 fwd_ms=55092.7 eval=0 prior=0
[inst] req=1105920 hits=361064 fwd=11637 rows=744756 fwd_ms=55488.9 eval=0 prior=0
[inst] req=1114112 hits=363752 fwd=11723 rows=750260 fwd_ms=55895.1 eval=0 prior=0
[inst] req=1122304 hits=366476 fwd=11808 rows=755700 fwd_ms=56296.6 eval=0 prior=0
[inst] req=1130496 hits=369175 fwd=11894 rows=761204 fwd_ms=56702.8 eval=0 prior=0
[inst] req=1138688 hits=371941 fwd=11979 rows=766644 fwd_ms=57103.5 eval=0 prior=0
[inst] req=1146880 hits=374887 fwd=12061 rows=771892 fwd_ms=57490.9 eval=0 prior=0
[inst] req=1155072 hits=377691 fwd=12145 rows=777268 fwd_ms=57888.0 eval=0 prior=0
[inst] req=1163264 hits=380523 fwd=12229 rows=782644 fwd_ms=58284.5 eval=0 prior=0
[inst] req=1171456 hits=383174 fwd=12316 rows=788212 fwd_ms=58695.5 eval=0 prior=0
[inst] req=1179648 hits=386029 fwd=12399 rows=793524 fwd_ms=59087.0 eval=0 prior=0
[inst] req=1187840 hits=389061 fwd=12480 rows=798708 fwd_ms=59469.5 eval=0 prior=0
[inst] req=1196032 hits=391870 fwd=12564 rows=804084 fwd_ms=59866.5 eval=0 prior=0
[inst] req=1204224 hits=394563 fwd=12650 rows=809588 fwd_ms=60271.7 eval=0 prior=0
[inst] req=1212416 hits=397223 fwd=12736 rows=815092 fwd_ms=60678.3 eval=0 prior=0
[inst] req=1220608 hits=399961 fwd=12821 rows=820532 fwd_ms=61080.1 eval=0 prior=0
[inst] req=1228800 hits=402675 fwd=12907 rows=826036 fwd_ms=61486.2 eval=0 prior=0
[inst] req=1236992 hits=405469 fwd=12991 rows=831412 fwd_ms=61883.6 eval=0 prior=0
[inst] req=1245184 hits=408310 fwd=13075 rows=836788 fwd_ms=62280.7 eval=0 prior=0
[inst] req=1253376 hits=411346 fwd=13155 rows=841908 fwd_ms=62658.6 eval=0 prior=0
[inst] req=1261568 hits=414108 fwd=13240 rows=847348 fwd_ms=63060.2 eval=0 prior=0
[inst] req=1269760 hits=416815 fwd=13326 rows=852852 fwd_ms=63466.4 eval=0 prior=0
[inst] req=1277952 hits=419475 fwd=13412 rows=858356 fwd_ms=63872.3 eval=0 prior=0
[inst] req=1286144 hits=422200 fwd=13498 rows=863860 fwd_ms=64278.4 eval=0 prior=0
[inst] req=1294336 hits=424956 fwd=13583 rows=869300 fwd_ms=64680.6 eval=0 prior=0
[inst] req=1302528 hits=427661 fwd=13668 rows=874740 fwd_ms=65082.4 eval=0 prior=0
[inst] req=1310720 hits=430413 fwd=13753 rows=880180 fwd_ms=65483.1 eval=0 prior=0
[inst] req=1318912 hits=433240 fwd=13837 rows=885556 fwd_ms=65879.6 eval=0 prior=0
[inst] req=1327104 hits=435996 fwd=13922 rows=890996 fwd_ms=66281.5 eval=0 prior=0
[inst] req=1335296 hits=438697 fwd=14008 rows=896500 fwd_ms=66687.8 eval=0 prior=0
[inst] req=1343488 hits=441508 fwd=14092 rows=901876 fwd_ms=67085.2 eval=0 prior=0
[inst] req=1351680 hits=444216 fwd=14178 rows=907380 fwd_ms=67491.5 eval=0 prior=0
[inst] req=1359872 hits=447148 fwd=14260 rows=912628 fwd_ms=67880.1 eval=0 prior=0
[inst] req=1368064 hits=450171 fwd=14341 rows=917812 fwd_ms=68263.2 eval=0 prior=0
[inst] req=1376256 hits=452944 fwd=14425 rows=923188 fwd_ms=68660.7 eval=0 prior=0
[inst] req=1384448 hits=456060 fwd=14505 rows=928308 fwd_ms=69039.7 eval=0 prior=0
[inst] req=1392640 hits=458818 fwd=14590 rows=933748 fwd_ms=69441.8 eval=0 prior=0
[inst] req=1400832 hits=461578 fwd=14675 rows=939188 fwd_ms=69843.8 eval=0 prior=0
[inst] req=1409024 hits=464247 fwd=14761 rows=944692 fwd_ms=70250.7 eval=0 prior=0
[inst] req=1417216 hits=467013 fwd=14846 rows=950132 fwd_ms=70652.1 eval=0 prior=0
[inst] req=1425408 hits=469643 fwd=14933 rows=955700 fwd_ms=71063.0 eval=0 prior=0
[inst] req=1433600 hits=472415 fwd=15017 rows=961076 fwd_ms=71460.2 eval=0 prior=0
[inst] req=1441792 hits=475226 fwd=15101 rows=966452 fwd_ms=71857.8 eval=0 prior=0
[inst] req=1449984 hits=478074 fwd=15185 rows=971828 fwd_ms=72255.4 eval=0 prior=0
[inst] req=1458176 hits=480787 fwd=15270 rows=977268 fwd_ms=72657.3 eval=0 prior=0
[inst] req=1466368 hits=483497 fwd=15356 rows=982772 fwd_ms=73063.7 eval=0 prior=0
[inst] req=1474560 hits=486392 fwd=15439 rows=988084 fwd_ms=73456.0 eval=0 prior=0
[inst] req=1482752 hits=489265 fwd=15522 rows=993396 fwd_ms=73849.3 eval=0 prior=0
[inst] req=1490944 hits=492000 fwd=15607 rows=998836 fwd_ms=74251.8 eval=0 prior=0
[inst] req=1499136 hits=494819 fwd=15691 rows=1004212 fwd_ms=74649.0 eval=0 prior=0
[inst] req=1507328 hits=497557 fwd=15776 rows=1009652 fwd_ms=75051.2 eval=0 prior=0
[inst] req=1515520 hits=500438 fwd=15859 rows=1014964 fwd_ms=75445.1 eval=0 prior=0
[inst] req=1523712 hits=503257 fwd=15943 rows=1020340 fwd_ms=75842.8 eval=0 prior=0
[inst] req=1531904 hits=506088 fwd=16027 rows=1025716 fwd_ms=76241.1 eval=0 prior=0
[inst] req=1540096 hits=508945 fwd=16110 rows=1031028 fwd_ms=76634.8 eval=0 prior=0
[inst] req=1548288 hits=511705 fwd=16195 rows=1036468 fwd_ms=77037.7 eval=0 prior=0
[inst] req=1556480 hits=514499 fwd=16280 rows=1041908 fwd_ms=77441.9 eval=0 prior=0
[inst] req=1564672 hits=517271 fwd=16364 rows=1047284 fwd_ms=77839.8 eval=0 prior=0
[inst] req=1572864 hits=520073 fwd=16449 rows=1052724 fwd_ms=78241.9 eval=0 prior=0
[inst] req=1581056 hits=522699 fwd=16536 rows=1058292 fwd_ms=78653.4 eval=0 prior=0
[inst] req=1589248 hits=525491 fwd=16620 rows=1063668 fwd_ms=79051.4 eval=0 prior=0
[inst] req=1597440 hits=528268 fwd=16704 rows=1069044 fwd_ms=79449.3 eval=0 prior=0
[inst] req=1605632 hits=531065 fwd=16789 rows=1074484 fwd_ms=79851.6 eval=0 prior=0
[inst] req=1613824 hits=533911 fwd=16872 rows=1079796 fwd_ms=80246.0 eval=0 prior=0
[inst] req=1622016 hits=536606 fwd=16958 rows=1085300 fwd_ms=80653.5 eval=0 prior=0
[inst] req=1630208 hits=539371 fwd=17043 rows=1090740 fwd_ms=81056.2 eval=0 prior=0
[inst] req=1638400 hits=542083 fwd=17129 rows=1096244 fwd_ms=81463.9 eval=0 prior=0
[inst] req=1646592 hits=544827 fwd=17214 rows=1101684 fwd_ms=81866.3 eval=0 prior=0
[inst] req=1654784 hits=547579 fwd=17299 rows=1107124 fwd_ms=82268.7 eval=0 prior=0
[inst] req=1662976 hits=550363 fwd=17383 rows=1112500 fwd_ms=82666.9 eval=0 prior=0
[inst] req=1671168 hits=553077 fwd=17469 rows=1118004 fwd_ms=83074.2 eval=0 prior=0
[inst] req=1679360 hits=555725 fwd=17555 rows=1123508 fwd_ms=83481.4 eval=0 prior=0
[inst] req=1687552 hits=558626 fwd=17638 rows=1128820 fwd_ms=83874.1 eval=0 prior=0
[inst] req=1695744 hits=561332 fwd=17724 rows=1134324 fwd_ms=84282.1 eval=0 prior=0
[inst] req=1703936 hits=564177 fwd=17807 rows=1139636 fwd_ms=84675.6 eval=0 prior=0
[inst] req=1712128 hits=567108 fwd=17890 rows=1144948 fwd_ms=85068.4 eval=0 prior=0
[inst] req=1720320 hits=569815 fwd=17975 rows=1150388 fwd_ms=85470.0 eval=0 prior=0
[inst] req=1728512 hits=572658 fwd=18059 rows=1155764 fwd_ms=85868.3 eval=0 prior=0
[inst] req=1736704 hits=575506 fwd=18142 rows=1161076 fwd_ms=86261.8 eval=0 prior=0
[inst] req=1744896 hits=578389 fwd=18225 rows=1166388 fwd_ms=86654.4 eval=0 prior=0
[inst] req=1753088 hits=581267 fwd=18308 rows=1171700 fwd_ms=87047.5 eval=0 prior=0
[inst] req=1761280 hits=583972 fwd=18394 rows=1177204 fwd_ms=87454.1 eval=0 prior=0
[inst] req=1769472 hits=586771 fwd=18478 rows=1182580 fwd_ms=87852.9 eval=0 prior=0
[inst] req=1777664 hits=589490 fwd=18564 rows=1188084 fwd_ms=88260.9 eval=0 prior=0
[inst] req=1785856 hits=592143 fwd=18650 rows=1193588 fwd_ms=88667.8 eval=0 prior=0
[inst] req=1794048 hits=594883 fwd=18736 rows=1199092 fwd_ms=89074.9 eval=0 prior=0
[inst] req=1802240 hits=597798 fwd=18818 rows=1204340 fwd_ms=89463.2 eval=0 prior=0
[inst] req=1810432 hits=600590 fwd=18902 rows=1209716 fwd_ms=89860.6 eval=0 prior=0
[inst] req=1818624 hits=603389 fwd=18987 rows=1215156 fwd_ms=90262.8 eval=0 prior=0
[inst] req=1826816 hits=606158 fwd=19071 rows=1220532 fwd_ms=90661.4 eval=0 prior=0
[inst] req=1835008 hits=608923 fwd=19156 rows=1225972 fwd_ms=91063.5 eval=0 prior=0
[inst] req=1843200 hits=611597 fwd=19242 rows=1231476 fwd_ms=91470.8 eval=0 prior=0
[inst] req=1851392 hits=614426 fwd=19326 rows=1236852 fwd_ms=91868.6 eval=0 prior=0
[inst] req=1859584 hits=617132 fwd=19412 rows=1242356 fwd_ms=92275.0 eval=0 prior=0
[inst] req=1867776 hits=620078 fwd=19494 rows=1247604 fwd_ms=92663.2 eval=0 prior=0
[inst] req=1875968 hits=622900 fwd=19578 rows=1252980 fwd_ms=93061.4 eval=0 prior=0
[inst] req=1884160 hits=625695 fwd=19662 rows=1258356 fwd_ms=93458.8 eval=0 prior=0
[inst] req=1892352 hits=628527 fwd=19746 rows=1263732 fwd_ms=93857.5 eval=0 prior=0
[inst] req=1900544 hits=631299 fwd=19831 rows=1269172 fwd_ms=94261.0 eval=0 prior=0
[inst] req=1908736 hits=633988 fwd=19917 rows=1274676 fwd_ms=94668.5 eval=0 prior=0
[inst] req=1916928 hits=637149 fwd=19995 rows=1279668 fwd_ms=95037.8 eval=0 prior=0
[inst] req=1925120 hits=639906 fwd=20080 rows=1285108 fwd_ms=95440.4 eval=0 prior=0
[inst] req=1933312 hits=642703 fwd=20164 rows=1290484 fwd_ms=95839.1 eval=0 prior=0
[inst] req=1941504 hits=645627 fwd=20247 rows=1295796 fwd_ms=96231.9 eval=0 prior=0
[inst] req=1949696 hits=648353 fwd=20332 rows=1301236 fwd_ms=96634.7 eval=0 prior=0
[inst] req=1957888 hits=651262 fwd=20415 rows=1306548 fwd_ms=97027.7 eval=0 prior=0
[inst] req=1966080 hits=654179 fwd=20497 rows=1311796 fwd_ms=97416.5 eval=0 prior=0
[inst] req=1974272 hits=656908 fwd=20582 rows=1317236 fwd_ms=97818.7 eval=0 prior=0
[inst] req=1982464 hits=659748 fwd=20666 rows=1322612 fwd_ms=98216.8 eval=0 prior=0
[inst] req=1990656 hits=662476 fwd=20751 rows=1328052 fwd_ms=98620.1 eval=0 prior=0
[inst] req=1998848 hits=665285 fwd=20836 rows=1333492 fwd_ms=99022.9 eval=0 prior=0
[inst] req=2007040 hits=668142 fwd=20919 rows=1338804 fwd_ms=99415.7 eval=0 prior=0
[inst] req=2015232 hits=670937 fwd=21003 rows=1344180 fwd_ms=99814.4 eval=0 prior=0
[inst] req=2023424 hits=673755 fwd=21087 rows=1349556 fwd_ms=100212.9 eval=0 prior=0
[inst] req=2031616 hits=676549 fwd=21172 rows=1354996 fwd_ms=100615.7 eval=0 prior=0
[inst] req=2039808 hits=679340 fwd=21256 rows=1360372 fwd_ms=101014.4 eval=0 prior=0
[inst] req=2048000 hits=682104 fwd=21341 rows=1365812 fwd_ms=101418.0 eval=0 prior=0
[inst] req=2056192 hits=684929 fwd=21425 rows=1371188 fwd_ms=101817.8 eval=0 prior=0
[inst] req=2064384 hits=687722 fwd=21509 rows=1376564 fwd_ms=102216.5 eval=0 prior=0
[inst] req=2072576 hits=690417 fwd=21595 rows=1382068 fwd_ms=102624.0 eval=0 prior=0
[inst] req=2080768 hits=693252 fwd=21679 rows=1387444 fwd_ms=103022.9 eval=0 prior=0
[inst] req=2088960 hits=696181 fwd=21761 rows=1392692 fwd_ms=103412.8 eval=0 prior=0
[inst] req=2097152 hits=698972 fwd=21845 rows=1398068 fwd_ms=103811.9 eval=0 prior=0
[inst] req=2105344 hits=701816 fwd=21929 rows=1403444 fwd_ms=104209.9 eval=0 prior=0
[inst] req=2113536 hits=704718 fwd=22011 rows=1408692 fwd_ms=104598.2 eval=0 prior=0
[inst] req=2121728 hits=707571 fwd=22095 rows=1414068 fwd_ms=104996.8 eval=0 prior=0
[inst] req=2129920 hits=710463 fwd=22178 rows=1419380 fwd_ms=105390.5 eval=0 prior=0
[inst] req=2138112 hits=713359 fwd=22260 rows=1424628 fwd_ms=105779.9 eval=0 prior=0
[inst] req=2146304 hits=716064 fwd=22346 rows=1430132 fwd_ms=106188.4 eval=0 prior=0
[inst] req=2154496 hits=718979 fwd=22429 rows=1435444 fwd_ms=106583.2 eval=0 prior=0
[inst] req=2162688 hits=721670 fwd=22515 rows=1440948 fwd_ms=106991.4 eval=0 prior=0
[inst] req=2170880 hits=724561 fwd=22597 rows=1446196 fwd_ms=107380.0 eval=0 prior=0
[inst] req=2179072 hits=727487 fwd=22680 rows=1451508 fwd_ms=107772.8 eval=0 prior=0
[inst] req=2187264 hits=730174 fwd=22766 rows=1457012 fwd_ms=108180.7 eval=0 prior=0
[inst] req=2195456 hits=733068 fwd=22848 rows=1462260 fwd_ms=108570.7 eval=0 prior=0
[inst] req=2203648 hits=735979 fwd=22931 rows=1467572 fwd_ms=108964.4 eval=0 prior=0
[inst] req=2211840 hits=738840 fwd=23014 rows=1472884 fwd_ms=109358.9 eval=0 prior=0
[inst] req=2220032 hits=741569 fwd=23100 rows=1478388 fwd_ms=109767.1 eval=0 prior=0
[inst] req=2228224 hits=744386 fwd=23184 rows=1483764 fwd_ms=110165.5 eval=0 prior=0
[inst] req=2236416 hits=747317 fwd=23266 rows=1489012 fwd_ms=110555.2 eval=0 prior=0
[inst] req=2244608 hits=750184 fwd=23349 rows=1494324 fwd_ms=110949.2 eval=0 prior=0
[inst] req=2252800 hits=752952 fwd=23434 rows=1499764 fwd_ms=111353.5 eval=0 prior=0
[inst] req=2260992 hits=755865 fwd=23516 rows=1505012 fwd_ms=111743.3 eval=0 prior=0
[inst] req=2269184 hits=758699 fwd=23600 rows=1510388 fwd_ms=112142.6 eval=0 prior=0
[inst] req=2277376 hits=761530 fwd=23684 rows=1515764 fwd_ms=112541.0 eval=0 prior=0
[inst] req=2285568 hits=764411 fwd=23767 rows=1521076 fwd_ms=112935.6 eval=0 prior=0
[inst] req=2293760 hits=767131 fwd=23852 rows=1526516 fwd_ms=113338.5 eval=0 prior=0
[inst] req=2301952 hits=769977 fwd=23936 rows=1531892 fwd_ms=113738.3 eval=0 prior=0
[inst] req=2310144 hits=773040 fwd=24016 rows=1537012 fwd_ms=114118.0 eval=0 prior=0
[inst] req=2318336 hits=775898 fwd=24099 rows=1542324 fwd_ms=114511.4 eval=0 prior=0
[inst] req=2326528 hits=778662 fwd=24184 rows=1547764 fwd_ms=114915.1 eval=0 prior=0
[inst] req=2334720 hits=781439 fwd=24269 rows=1553204 fwd_ms=115318.2 eval=0 prior=0
[inst] req=2342912 hits=784266 fwd=24353 rows=1558580 fwd_ms=115716.9 eval=0 prior=0
[inst] req=2351104 hits=787007 fwd=24438 rows=1564020 fwd_ms=116120.8 eval=0 prior=0
[inst] req=2359296 hits=790126 fwd=24517 rows=1569076 fwd_ms=116496.2 eval=0 prior=0
[inst] req=2367488 hits=792895 fwd=24602 rows=1574516 fwd_ms=116900.6 eval=0 prior=0
[inst] req=2375680 hits=795768 fwd=24685 rows=1579828 fwd_ms=117294.6 eval=0 prior=0
[inst] req=2383872 hits=798596 fwd=24769 rows=1585204 fwd_ms=117693.7 eval=0 prior=0
[inst] req=2392064 hits=801403 fwd=24853 rows=1590580 fwd_ms=118093.2 eval=0 prior=0
[inst] req=2400256 hits=804189 fwd=24937 rows=1595956 fwd_ms=118492.3 eval=0 prior=0
[inst] req=2408448 hits=806992 fwd=25021 rows=1601332 fwd_ms=118892.0 eval=0 prior=0
[inst] req=2416640 hits=809638 fwd=25108 rows=1606900 fwd_ms=119305.9 eval=0 prior=0
[inst] req=2424832 hits=812546 fwd=25191 rows=1612212 fwd_ms=119700.8 eval=0 prior=0
[inst] req=2433024 hits=815300 fwd=25276 rows=1617652 fwd_ms=120105.9 eval=0 prior=0
[inst] req=2441216 hits=817996 fwd=25361 rows=1623092 fwd_ms=120510.6 eval=0 prior=0
[inst] req=2449408 hits=820946 fwd=25443 rows=1628340 fwd_ms=120900.3 eval=0 prior=0
[inst] req=2457600 hits=823699 fwd=25528 rows=1633780 fwd_ms=121305.0 eval=0 prior=0
[inst] req=2465792 hits=826490 fwd=25613 rows=1639220 fwd_ms=121709.4 eval=0 prior=0
[inst] req=2473984 hits=829268 fwd=25697 rows=1644596 fwd_ms=122107.8 eval=0 prior=0
[inst] req=2482176 hits=832060 fwd=25782 rows=1650036 fwd_ms=122511.0 eval=0 prior=0
[inst] req=2490368 hits=834872 fwd=25866 rows=1655412 fwd_ms=122910.2 eval=0 prior=0
[inst] req=2498560 hits=837685 fwd=25950 rows=1660788 fwd_ms=123309.5 eval=0 prior=0
[inst] req=2506752 hits=840457 fwd=26035 rows=1666228 fwd_ms=123714.0 eval=0 prior=0
[inst] req=2514944 hits=843306 fwd=26118 rows=1671540 fwd_ms=124108.3 eval=0 prior=0
[inst] req=2523136 hits=846046 fwd=26203 rows=1676980 fwd_ms=124511.7 eval=0 prior=0
[inst] req=2531328 hits=848710 fwd=26290 rows=1682548 fwd_ms=124925.4 eval=0 prior=0
[inst] req=2539520 hits=851559 fwd=26373 rows=1687860 fwd_ms=125319.9 eval=0 prior=0
[inst] req=2547712 hits=854250 fwd=26459 rows=1693364 fwd_ms=125728.5 eval=0 prior=0
[inst] req=2555904 hits=857220 fwd=26541 rows=1698612 fwd_ms=126118.4 eval=0 prior=0
[inst] req=2564096 hits=859980 fwd=26625 rows=1703988 fwd_ms=126518.0 eval=0 prior=0
[inst] req=2572288 hits=862828 fwd=26709 rows=1709364 fwd_ms=126916.2 eval=0 prior=0
[inst] req=2580480 hits=865688 fwd=26792 rows=1714676 fwd_ms=127310.8 eval=0 prior=0
[inst] req=2588672 hits=868539 fwd=26876 rows=1720052 fwd_ms=127710.1 eval=0 prior=0
[inst] req=2596864 hits=871439 fwd=26958 rows=1725300 fwd_ms=128100.6 eval=0 prior=0
[inst] req=2605056 hits=874252 fwd=27042 rows=1730676 fwd_ms=128500.3 eval=0 prior=0
[inst] req=2613248 hits=877125 fwd=27126 rows=1736052 fwd_ms=128900.2 eval=0 prior=0
[inst] req=2621440 hits=880000 fwd=27209 rows=1741364 fwd_ms=129294.7 eval=0 prior=0
[inst] req=2629632 hits=882891 fwd=27292 rows=1746676 fwd_ms=129689.4 eval=0 prior=0
[inst] req=2637824 hits=885670 fwd=27376 rows=1752052 fwd_ms=130089.1 eval=0 prior=0
[inst] req=2646016 hits=888578 fwd=27459 rows=1757364 fwd_ms=130483.9 eval=0 prior=0
[inst] req=2654208 hits=891359 fwd=27543 rows=1762740 fwd_ms=130882.7 eval=0 prior=0
[inst] req=2662400 hits=894273 fwd=27626 rows=1768052 fwd_ms=131277.5 eval=0 prior=0
[inst] req=2670592 hits=897087 fwd=27710 rows=1773428 fwd_ms=131677.2 eval=0 prior=0
[inst] req=2678784 hits=900001 fwd=27792 rows=1778676 fwd_ms=132067.4 eval=0 prior=0
[inst] req=2686976 hits=902740 fwd=27877 rows=1784116 fwd_ms=132471.0 eval=0 prior=0
[inst] req=2695168 hits=905606 fwd=27961 rows=1789492 fwd_ms=132869.5 eval=0 prior=0
[inst] req=2703360 hits=908417 fwd=28045 rows=1794868 fwd_ms=133268.4 eval=0 prior=0
[inst] req=2711552 hits=911224 fwd=28129 rows=1800244 fwd_ms=133667.1 eval=0 prior=0
[inst] req=2719744 hits=914081 fwd=28212 rows=1805556 fwd_ms=134061.4 eval=0 prior=0
[inst] req=2727936 hits=916860 fwd=28297 rows=1810996 fwd_ms=134464.9 eval=0 prior=0
[inst] req=2736128 hits=919734 fwd=28380 rows=1816308 fwd_ms=134859.0 eval=0 prior=0
[inst] req=2744320 hits=922472 fwd=28465 rows=1821748 fwd_ms=135262.8 eval=0 prior=0
[inst] req=2752512 hits=925231 fwd=28550 rows=1827188 fwd_ms=135667.1 eval=0 prior=0
[inst] req=2760704 hits=928055 fwd=28634 rows=1832564 fwd_ms=136066.1 eval=0 prior=0
[inst] req=2768896 hits=930889 fwd=28718 rows=1837940 fwd_ms=136464.4 eval=0 prior=0
[inst] req=2777088 hits=933669 fwd=28802 rows=1843316 fwd_ms=136864.0 eval=0 prior=0
[inst] req=2785280 hits=936519 fwd=28886 rows=1848692 fwd_ms=137262.2 eval=0 prior=0
[inst] req=2793472 hits=939223 fwd=28971 rows=1854132 fwd_ms=137666.1 eval=0 prior=0
[inst] req=2801664 hits=942050 fwd=29055 rows=1859508 fwd_ms=138065.1 eval=0 prior=0
[inst] req=2809856 hits=944878 fwd=29139 rows=1864884 fwd_ms=138464.4 eval=0 prior=0
[inst] req=2818048 hits=947619 fwd=29224 rows=1870324 fwd_ms=138867.9 eval=0 prior=0
[inst] req=2826240 hits=950493 fwd=29307 rows=1875636 fwd_ms=139262.9 eval=0 prior=0
[inst] req=2834432 hits=953394 fwd=29390 rows=1880948 fwd_ms=139658.5 eval=0 prior=0
[inst] req=2842624 hits=956186 fwd=29474 rows=1886324 fwd_ms=140058.2 eval=0 prior=0
[inst] req=2850816 hits=959058 fwd=29557 rows=1891636 fwd_ms=140452.0 eval=0 prior=0
[inst] req=2859008 hits=961860 fwd=29642 rows=1897076 fwd_ms=140854.9 eval=0 prior=0
[inst] req=2867200 hits=964737 fwd=29725 rows=1902388 fwd_ms=141249.0 eval=0 prior=0
[inst] req=2875392 hits=967500 fwd=29809 rows=1907764 fwd_ms=141647.9 eval=0 prior=0
[inst] req=2883584 hits=970425 fwd=29892 rows=1913076 fwd_ms=142042.4 eval=0 prior=0
[inst] req=2891776 hits=973226 fwd=29976 rows=1918452 fwd_ms=142441.2 eval=0 prior=0
[inst] req=2899968 hits=976163 fwd=30058 rows=1923700 fwd_ms=142830.6 eval=0 prior=0
[inst] req=2908160 hits=978997 fwd=30142 rows=1929076 fwd_ms=143230.4 eval=0 prior=0
[inst] req=2916352 hits=981910 fwd=30224 rows=1934324 fwd_ms=143620.4 eval=0 prior=0
[inst] req=2924544 hits=984848 fwd=30306 rows=1939572 fwd_ms=144010.5 eval=0 prior=0
[inst] req=2932736 hits=987704 fwd=30390 rows=1944948 fwd_ms=144409.7 eval=0 prior=0
[inst] req=2940928 hits=990603 fwd=30473 rows=1950260 fwd_ms=144804.5 eval=0 prior=0
[inst] req=2949120 hits=993378 fwd=30557 rows=1955636 fwd_ms=145204.2 eval=0 prior=0
[inst] req=2957312 hits=996310 fwd=30639 rows=1960884 fwd_ms=145593.3 eval=0 prior=0
[inst] req=2965504 hits=999039 fwd=30725 rows=1966388 fwd_ms=146001.6 eval=0 prior=0
[inst] req=2973696 hits=1001903 fwd=30808 rows=1971700 fwd_ms=146395.0 eval=0 prior=0
[inst] req=2981888 hits=1004862 fwd=30890 rows=1976948 fwd_ms=146785.2 eval=0 prior=0
[inst] req=2990080 hits=1007730 fwd=30973 rows=1982260 fwd_ms=147179.6 eval=0 prior=0
[inst] req=2998272 hits=1010583 fwd=31056 rows=1987572 fwd_ms=147575.6 eval=0 prior=0
[inst] req=3006464 hits=1013350 fwd=31141 rows=1993012 fwd_ms=147980.0 eval=0 prior=0
[inst] req=3014656 hits=1016058 fwd=31227 rows=1998516 fwd_ms=148387.7 eval=0 prior=0
[inst] req=3022848 hits=1019081 fwd=31308 rows=2003700 fwd_ms=148772.5 eval=0 prior=0
[inst] req=3031040 hits=1021950 fwd=31391 rows=2009012 fwd_ms=149167.0 eval=0 prior=0
[inst] req=3039232 hits=1024836 fwd=31474 rows=2014324 fwd_ms=149562.0 eval=0 prior=0
[inst] req=3047424 hits=1027638 fwd=31558 rows=2019700 fwd_ms=149961.4 eval=0 prior=0
[inst] req=3055616 hits=1030398 fwd=31643 rows=2025140 fwd_ms=150366.0 eval=0 prior=0
[inst] req=3063808 hits=1033279 fwd=31726 rows=2030452 fwd_ms=150760.4 eval=0 prior=0
[inst] req=3072000 hits=1036171 fwd=31809 rows=2035764 fwd_ms=151155.2 eval=0 prior=0
[inst] req=3080192 hits=1038954 fwd=31893 rows=2041140 fwd_ms=151555.0 eval=0 prior=0
[inst] req=3088384 hits=1041870 fwd=31975 rows=2046388 fwd_ms=151945.5 eval=0 prior=0
[inst] req=3096576 hits=1044632 fwd=32060 rows=2051828 fwd_ms=152350.6 eval=0 prior=0
[inst] req=3104768 hits=1047530 fwd=32143 rows=2057140 fwd_ms=152747.5 eval=0 prior=0
[inst] req=3112960 hits=1050495 fwd=32225 rows=2062388 fwd_ms=153138.5 eval=0 prior=0
[inst] req=3121152 hits=1053378 fwd=32308 rows=2067700 fwd_ms=153534.8 eval=0 prior=0
[inst] req=3129344 hits=1056137 fwd=32393 rows=2073140 fwd_ms=153938.7 eval=0 prior=0
[inst] req=3137536 hits=1059131 fwd=32474 rows=2078324 fwd_ms=154323.9 eval=0 prior=0
[inst] req=3145728 hits=1061938 fwd=32558 rows=2083700 fwd_ms=154724.1 eval=0 prior=0
[inst] req=3153920 hits=1064827 fwd=32641 rows=2089012 fwd_ms=155120.1 eval=0 prior=0
[inst] req=3162112 hits=1067803 fwd=32722 rows=2094196 fwd_ms=155505.8 eval=0 prior=0
[inst] req=3170304 hits=1070539 fwd=32808 rows=2099700 fwd_ms=155925.7 eval=0 prior=0
[inst] req=3178496 hits=1073404 fwd=32891 rows=2105012 fwd_ms=156333.8 eval=0 prior=0
[inst] req=3186688 hits=1076356 fwd=32973 rows=2110260 fwd_ms=156729.4 eval=0 prior=0
[inst] req=3194880 hits=1079204 fwd=33056 rows=2115572 fwd_ms=157130.2 eval=0 prior=0
[inst] req=3203072 hits=1082226 fwd=33137 rows=2120756 fwd_ms=157515.5 eval=0 prior=0
[inst] req=3211264 hits=1085070 fwd=33220 rows=2126068 fwd_ms=157909.5 eval=0 prior=0
[inst] req=3219456 hits=1087983 fwd=33303 rows=2131380 fwd_ms=158303.5 eval=0 prior=0
[inst] req=3227648 hits=1090803 fwd=33387 rows=2136756 fwd_ms=158703.4 eval=0 prior=0
[inst] req=3235840 hits=1093626 fwd=33471 rows=2142132 fwd_ms=159102.1 eval=0 prior=0
[inst] req=3244032 hits=1096413 fwd=33555 rows=2147508 fwd_ms=159504.8 eval=0 prior=0
[inst] req=3252224 hits=1099382 fwd=33637 rows=2152756 fwd_ms=159898.5 eval=0 prior=0
[inst] req=3260416 hits=1102191 fwd=33721 rows=2158132 fwd_ms=160298.3 eval=0 prior=0
[inst] req=3268608 hits=1105134 fwd=33803 rows=2163380 fwd_ms=160687.9 eval=0 prior=0
[inst] req=3276800 hits=1108097 fwd=33885 rows=2168628 fwd_ms=161077.3 eval=0 prior=0
[inst] req=3284992 hits=1110971 fwd=33968 rows=2173940 fwd_ms=161471.3 eval=0 prior=0
[inst] req=3293184 hits=1113890 fwd=34050 rows=2179188 fwd_ms=161861.3 eval=0 prior=0
[inst] req=3301376 hits=1116798 fwd=34133 rows=2184500 fwd_ms=162255.7 eval=0 prior=0
[inst] req=3309568 hits=1119518 fwd=34218 rows=2189940 fwd_ms=162658.3 eval=0 prior=0
[inst] req=3317760 hits=1122347 fwd=34302 rows=2195316 fwd_ms=163056.5 eval=0 prior=0
[inst] req=3325952 hits=1125155 fwd=34386 rows=2200692 fwd_ms=163454.7 eval=0 prior=0
[inst] req=3334144 hits=1128086 fwd=34468 rows=2205940 fwd_ms=163843.4 eval=0 prior=0
[inst] req=3342336 hits=1130886 fwd=34553 rows=2211380 fwd_ms=164246.9 eval=0 prior=0
[inst] req=3350528 hits=1133715 fwd=34636 rows=2216692 fwd_ms=164641.0 eval=0 prior=0
[inst] req=3358720 hits=1136537 fwd=34720 rows=2222068 fwd_ms=165039.5 eval=0 prior=0
[inst] req=3366912 hits=1139460 fwd=34803 rows=2227380 fwd_ms=165433.7 eval=0 prior=0
[inst] req=3375104 hits=1142296 fwd=34886 rows=2232692 fwd_ms=165827.4 eval=0 prior=0
[inst] req=3383296 hits=1145365 fwd=34966 rows=2237812 fwd_ms=166207.0 eval=0 prior=0
[inst] req=3391488 hits=1148351 fwd=35048 rows=2243060 fwd_ms=166596.6 eval=0 prior=0
[inst] req=3399680 hits=1151177 fwd=35132 rows=2248436 fwd_ms=166995.6 eval=0 prior=0
[inst] req=3407872 hits=1154115 fwd=35214 rows=2253684 fwd_ms=167385.1 eval=0 prior=0
[inst] req=3416064 hits=1156945 fwd=35297 rows=2258996 fwd_ms=167779.7 eval=0 prior=0
[inst] req=3424256 hits=1159851 fwd=35380 rows=2264308 fwd_ms=168172.9 eval=0 prior=0
[inst] req=3432448 hits=1162700 fwd=35463 rows=2269620 fwd_ms=168567.1 eval=0 prior=0
[inst] req=3440640 hits=1165663 fwd=35545 rows=2274868 fwd_ms=168956.0 eval=0 prior=0
[inst] req=3448832 hits=1168633 fwd=35627 rows=2280116 fwd_ms=169345.5 eval=0 prior=0
[inst] req=3457024 hits=1171482 fwd=35710 rows=2285428 fwd_ms=169739.4 eval=0 prior=0
[inst] req=3465216 hits=1174259 fwd=35795 rows=2290868 fwd_ms=170142.9 eval=0 prior=0
[inst] req=3473408 hits=1177118 fwd=35878 rows=2296180 fwd_ms=170536.5 eval=0 prior=0
[inst] req=3481600 hits=1180062 fwd=35960 rows=2301428 fwd_ms=170926.2 eval=0 prior=0
[inst] req=3489792 hits=1182956 fwd=36043 rows=2306740 fwd_ms=171320.9 eval=0 prior=0
[inst] req=3497984 hits=1185879 fwd=36125 rows=2311988 fwd_ms=171711.0 eval=0 prior=0
[inst] req=3506176 hits=1188669 fwd=36210 rows=2317428 fwd_ms=172115.5 eval=0 prior=0
[inst] req=3514368 hits=1191547 fwd=36293 rows=2322740 fwd_ms=172510.6 eval=0 prior=0
[inst] req=3522560 hits=1194658 fwd=36372 rows=2327796 fwd_ms=172886.0 eval=0 prior=0
[inst] req=3530752 hits=1197487 fwd=36456 rows=2333172 fwd_ms=173284.9 eval=0 prior=0
[inst] req=3538944 hits=1200390 fwd=36539 rows=2338484 fwd_ms=173679.5 eval=0 prior=0
[inst] req=3547136 hits=1203438 fwd=36619 rows=2343604 fwd_ms=174059.2 eval=0 prior=0
[inst] req=3555328 hits=1206117 fwd=36705 rows=2349108 fwd_ms=174468.1 eval=0 prior=0
[inst] req=3563520 hits=1209043 fwd=36787 rows=2354356 fwd_ms=174856.9 eval=0 prior=0
[inst] req=3571712 hits=1211880 fwd=36871 rows=2359732 fwd_ms=175255.5 eval=0 prior=0
[inst] req=3579904 hits=1214788 fwd=36954 rows=2365044 fwd_ms=175649.7 eval=0 prior=0
[inst] req=3588096 hits=1217646 fwd=37037 rows=2370356 fwd_ms=176044.3 eval=0 prior=0
[inst] req=3596288 hits=1220490 fwd=37121 rows=2375732 fwd_ms=176442.6 eval=0 prior=0
[inst] req=3604480 hits=1223382 fwd=37203 rows=2380980 fwd_ms=176831.8 eval=0 prior=0
[inst] req=3612672 hits=1226380 fwd=37284 rows=2386164 fwd_ms=177217.1 eval=0 prior=0
[inst] req=3620864 hits=1229294 fwd=37367 rows=2391476 fwd_ms=177611.2 eval=0 prior=0
[inst] req=3629056 hits=1232196 fwd=37450 rows=2396788 fwd_ms=178005.4 eval=0 prior=0
[inst] req=3637248 hits=1234968 fwd=37534 rows=2402164 fwd_ms=178404.5 eval=0 prior=0
[inst] req=3645440 hits=1237861 fwd=37617 rows=2407476 fwd_ms=178798.1 eval=0 prior=0
[inst] req=3653632 hits=1240777 fwd=37700 rows=2412788 fwd_ms=179192.8 eval=0 prior=0
[inst] req=3661824 hits=1243754 fwd=37781 rows=2417972 fwd_ms=179576.9 eval=0 prior=0
[inst] req=3670016 hits=1246740 fwd=37862 rows=2423156 fwd_ms=179962.7 eval=0 prior=0
[inst] req=3678208 hits=1249686 fwd=37944 rows=2428404 fwd_ms=180353.6 eval=0 prior=0
[inst] req=3686400 hits=1252687 fwd=38025 rows=2433588 fwd_ms=180738.5 eval=0 prior=0
[inst] req=3694592 hits=1255498 fwd=38110 rows=2439028 fwd_ms=181142.3 eval=0 prior=0
[inst] req=3702784 hits=1258390 fwd=38192 rows=2444276 fwd_ms=181532.2 eval=0 prior=0
[inst] req=3710976 hits=1261343 fwd=38274 rows=2449524 fwd_ms=181922.6 eval=0 prior=0
[inst] req=3719168 hits=1264303 fwd=38356 rows=2454772 fwd_ms=182312.1 eval=0 prior=0
[inst] req=3727360 hits=1267245 fwd=38438 rows=2460020 fwd_ms=182702.6 eval=0 prior=0
[inst] req=3735552 hits=1270009 fwd=38523 rows=2465460 fwd_ms=183105.9 eval=0 prior=0
[inst] req=3743744 hits=1272946 fwd=38605 rows=2470708 fwd_ms=183495.3 eval=0 prior=0
[inst] req=3751936 hits=1275756 fwd=38689 rows=2476084 fwd_ms=183893.9 eval=0 prior=0
[inst] req=3760128 hits=1278579 fwd=38773 rows=2481460 fwd_ms=184293.1 eval=0 prior=0
[inst] req=3768320 hits=1281464 fwd=38856 rows=2486772 fwd_ms=184687.0 eval=0 prior=0
[inst] req=3776512 hits=1284513 fwd=38936 rows=2491892 fwd_ms=185066.5 eval=0 prior=0
[inst] req=3784704 hits=1287363 fwd=39020 rows=2497268 fwd_ms=185466.2 eval=0 prior=0
[inst] req=3792896 hits=1290291 fwd=39102 rows=2502516 fwd_ms=185857.3 eval=0 prior=0
[inst] req=3801088 hits=1293130 fwd=39186 rows=2507892 fwd_ms=186416.8 eval=0 prior=0
[inst] req=3809280 hits=1296012 fwd=39268 rows=2513140 fwd_ms=190318.5 eval=0 prior=0
[inst] req=3817472 hits=1299115 fwd=39348 rows=2518260 fwd_ms=191113.6 eval=0 prior=0
[inst] req=3825664 hits=1300375 fwd=39456 rows=2525172 fwd_ms=191643.6 eval=0 prior=0
[inst] req=3833856 hits=1303082 fwd=39542 rows=2530676 fwd_ms=192053.6 eval=0 prior=0
[inst] req=3842048 hits=1305873 fwd=39626 rows=2536052 fwd_ms=192454.5 eval=0 prior=0
[inst] req=3850240 hits=1308749 fwd=39709 rows=2541364 fwd_ms=192850.7 eval=0 prior=0
[inst] req=3858432 hits=1311580 fwd=39793 rows=2546740 fwd_ms=193252.1 eval=0 prior=0
[inst] req=3866624 hits=1314416 fwd=39877 rows=2552116 fwd_ms=193653.5 eval=0 prior=0
[inst] req=3874816 hits=1317221 fwd=39961 rows=2557492 fwd_ms=194060.4 eval=0 prior=0
[inst] req=3883008 hits=1320017 fwd=40045 rows=2562868 fwd_ms=194477.3 eval=0 prior=0
[inst] req=3891200 hits=1322899 fwd=40128 rows=2568180 fwd_ms=194881.1 eval=0 prior=0
[inst] req=3899392 hits=1325706 fwd=40213 rows=2573620 fwd_ms=195297.3 eval=0 prior=0
[inst] req=3907584 hits=1328645 fwd=40295 rows=2578868 fwd_ms=195688.6 eval=0 prior=0
[inst] req=3915776 hits=1331529 fwd=40378 rows=2584180 fwd_ms=196093.7 eval=0 prior=0
[inst] req=3923968 hits=1334236 fwd=40463 rows=2589620 fwd_ms=196519.7 eval=0 prior=0
[inst] req=3932160 hits=1337152 fwd=40546 rows=2594932 fwd_ms=196920.5 eval=0 prior=0
[inst] req=3940352 hits=1339877 fwd=40631 rows=2600372 fwd_ms=197343.5 eval=0 prior=0
[inst] req=3948544 hits=1342767 fwd=40714 rows=2605684 fwd_ms=197747.6 eval=0 prior=0
[inst] req=3956736 hits=1345572 fwd=40798 rows=2611060 fwd_ms=198162.9 eval=0 prior=0
[inst] req=3964928 hits=1348519 fwd=40880 rows=2616308 fwd_ms=198561.8 eval=0 prior=0
[inst] req=3973120 hits=1351357 fwd=40964 rows=2621684 fwd_ms=198973.4 eval=0 prior=0
[inst] req=3981312 hits=1354082 fwd=41049 rows=2627124 fwd_ms=199400.5 eval=0 prior=0
[inst] req=3989504 hits=1356846 fwd=41134 rows=2632564 fwd_ms=199820.8 eval=0 prior=0
[inst] req=3997696 hits=1359692 fwd=41217 rows=2637876 fwd_ms=200224.9 eval=0 prior=0
[inst] req=4005888 hits=1362611 fwd=41300 rows=2643188 fwd_ms=200634.1 eval=0 prior=0
[inst] req=4014080 hits=1365458 fwd=41383 rows=2648500 fwd_ms=201034.6 eval=0 prior=0
[inst] req=4022272 hits=1368110 fwd=41470 rows=2654068 fwd_ms=201458.1 eval=0 prior=0
[inst] req=4030464 hits=1371045 fwd=41552 rows=2659316 fwd_ms=201857.9 eval=0 prior=0
[inst] req=4038656 hits=1373748 fwd=41638 rows=2664820 fwd_ms=202275.4 eval=0 prior=0
[inst] req=4046848 hits=1376736 fwd=41719 rows=2670004 fwd_ms=202668.0 eval=0 prior=0
[inst] req=4055040 hits=1379525 fwd=41804 rows=2675444 fwd_ms=203084.8 eval=0 prior=0
[inst] req=4063232 hits=1382471 fwd=41886 rows=2680692 fwd_ms=203491.2 eval=0 prior=0
[inst] req=4071424 hits=1385296 fwd=41969 rows=2686004 fwd_ms=203900.4 eval=0 prior=0
[inst] req=4079616 hits=1388247 fwd=42051 rows=2691252 fwd_ms=204296.4 eval=0 prior=0
[inst] req=4087808 hits=1391137 fwd=42134 rows=2696564 fwd_ms=204697.4 eval=0 prior=0
[inst] req=4096000 hits=1393890 fwd=42219 rows=2702004 fwd_ms=205108.1 eval=0 prior=0
[inst] req=4104192 hits=1396735 fwd=42303 rows=2707380 fwd_ms=205521.5 eval=0 prior=0
[inst] req=4112384 hits=1399490 fwd=42388 rows=2712820 fwd_ms=205937.0 eval=0 prior=0
[inst] req=4120576 hits=1402218 fwd=42473 rows=2718260 fwd_ms=206355.5 eval=0 prior=0
[inst] req=4128768 hits=1405002 fwd=42558 rows=2723700 fwd_ms=206768.1 eval=0 prior=0
[inst] req=4136960 hits=1407966 fwd=42639 rows=2728884 fwd_ms=207166.1 eval=0 prior=0
[inst] req=4145152 hits=1411039 fwd=42719 rows=2734004 fwd_ms=207556.0 eval=0 prior=0
[inst] req=4153344 hits=1414000 fwd=42801 rows=2739252 fwd_ms=207963.5 eval=0 prior=0
[inst] req=4161536 hits=1416896 fwd=42884 rows=2744564 fwd_ms=208361.9 eval=0 prior=0
[inst] req=4169728 hits=1419799 fwd=42966 rows=2749812 fwd_ms=208765.6 eval=0 prior=0
[inst] req=4177920 hits=1422561 fwd=43051 rows=2755252 fwd_ms=209178.9 eval=0 prior=0
[inst] req=4186112 hits=1425407 fwd=43135 rows=2760628 fwd_ms=209590.7 eval=0 prior=0
[inst] req=4194304 hits=1428236 fwd=43218 rows=2765940 fwd_ms=209995.1 eval=0 prior=0
[inst] req=4202496 hits=1431081 fwd=43302 rows=2771316 fwd_ms=210402.2 eval=0 prior=0
[inst] req=4210688 hits=1433892 fwd=43386 rows=2776692 fwd_ms=210807.2 eval=0 prior=0
[inst] req=4218880 hits=1436770 fwd=43469 rows=2782004 fwd_ms=211201.2 eval=0 prior=0
[inst] req=4227072 hits=1439759 fwd=43550 rows=2787188 fwd_ms=211586.2 eval=0 prior=0
[inst] req=4235264 hits=1442507 fwd=43636 rows=2792692 fwd_ms=211993.5 eval=0 prior=0
[inst] req=4243456 hits=1445250 fwd=43721 rows=2798132 fwd_ms=212395.2 eval=0 prior=0
[inst] req=4251648 hits=1448078 fwd=43804 rows=2803444 fwd_ms=212788.6 eval=0 prior=0
[inst] req=4259840 hits=1450887 fwd=43889 rows=2808884 fwd_ms=213191.6 eval=0 prior=0
[inst] req=4268032 hits=1453511 fwd=43976 rows=2814452 fwd_ms=213603.6 eval=0 prior=0
[inst] req=4276224 hits=1456458 fwd=44058 rows=2819700 fwd_ms=213992.6 eval=0 prior=0
[inst] req=4284416 hits=1459135 fwd=44144 rows=2825204 fwd_ms=214399.7 eval=0 prior=0
[inst] req=4292608 hits=1461893 fwd=44229 rows=2830644 fwd_ms=214802.7 eval=0 prior=0
[inst] req=4300800 hits=1464597 fwd=44314 rows=2836084 fwd_ms=215205.3 eval=0 prior=0
[inst] req=4308992 hits=1467301 fwd=44400 rows=2841588 fwd_ms=215612.3 eval=0 prior=0
[inst] req=4317184 hits=1470051 fwd=44485 rows=2847028 fwd_ms=216015.9 eval=0 prior=0
[inst] req=4325376 hits=1472794 fwd=44570 rows=2852468 fwd_ms=216419.4 eval=0 prior=0
[inst] req=4333568 hits=1475534 fwd=44655 rows=2857908 fwd_ms=216822.4 eval=0 prior=0
[inst] req=4341760 hits=1478396 fwd=44739 rows=2863284 fwd_ms=217220.5 eval=0 prior=0
[inst] req=4349952 hits=1481118 fwd=44824 rows=2868724 fwd_ms=217623.6 eval=0 prior=0
[inst] req=4358144 hits=1483838 fwd=44910 rows=2874228 fwd_ms=218032.6 eval=0 prior=0
[inst] req=4366336 hits=1486739 fwd=44992 rows=2879476 fwd_ms=218422.6 eval=0 prior=0
[inst] req=4374528 hits=1489388 fwd=45079 rows=2885044 fwd_ms=218836.6 eval=0 prior=0
[inst] req=4382720 hits=1492226 fwd=45163 rows=2890420 fwd_ms=219235.8 eval=0 prior=0
[inst] req=4390912 hits=1494927 fwd=45248 rows=2895860 fwd_ms=219639.3 eval=0 prior=0
[inst] req=4399104 hits=1497786 fwd=45332 rows=2901236 fwd_ms=220038.5 eval=0 prior=0
[inst] req=4407296 hits=1500515 fwd=45417 rows=2906676 fwd_ms=220443.1 eval=0 prior=0
[inst] req=4415488 hits=1503338 fwd=45501 rows=2912052 fwd_ms=220844.0 eval=0 prior=0
[inst] req=4423680 hits=1506078 fwd=45586 rows=2917492 fwd_ms=221248.3 eval=0 prior=0
[inst] req=4431872 hits=1508879 fwd=45670 rows=2922868 fwd_ms=221648.2 eval=0 prior=0
[inst] req=4440064 hits=1511584 fwd=45756 rows=2928372 fwd_ms=222057.2 eval=0 prior=0
[inst] req=4448256 hits=1514296 fwd=45842 rows=2933876 fwd_ms=222466.7 eval=0 prior=0
[inst] req=4456448 hits=1517213 fwd=45924 rows=2939124 fwd_ms=222858.1 eval=0 prior=0
[inst] req=4464640 hits=1520025 fwd=46008 rows=2944500 fwd_ms=223257.1 eval=0 prior=0
[inst] req=4472832 hits=1522807 fwd=46093 rows=2949940 fwd_ms=223661.9 eval=0 prior=0
[inst] req=4481024 hits=1525525 fwd=46178 rows=2955380 fwd_ms=224066.6 eval=0 prior=0
[inst] req=4489216 hits=1528351 fwd=46262 rows=2960756 fwd_ms=224466.4 eval=0 prior=0
[inst] req=4497408 hits=1531018 fwd=46349 rows=2966324 fwd_ms=224880.7 eval=0 prior=0
[inst] req=4505600 hits=1533792 fwd=46433 rows=2971700 fwd_ms=225280.4 eval=0 prior=0
[inst] req=4513792 hits=1536463 fwd=46519 rows=2977204 fwd_ms=225689.8 eval=0 prior=0
[inst] req=4521984 hits=1539305 fwd=46603 rows=2982580 fwd_ms=226090.8 eval=0 prior=0
[inst] req=4530176 hits=1542153 fwd=46687 rows=2987956 fwd_ms=226490.1 eval=0 prior=0
[inst] req=4538368 hits=1544924 fwd=46771 rows=2993332 fwd_ms=226889.7 eval=0 prior=0
[inst] req=4546560 hits=1547658 fwd=46857 rows=2998836 fwd_ms=227298.0 eval=0 prior=0
[inst] req=4554752 hits=1550476 fwd=46940 rows=3004148 fwd_ms=227692.5 eval=0 prior=0
[inst] req=4562944 hits=1553323 fwd=47024 rows=3009524 fwd_ms=228091.8 eval=0 prior=0
[inst] req=4571136 hits=1556221 fwd=47107 rows=3014836 fwd_ms=228486.6 eval=0 prior=0
[inst] req=4579328 hits=1559073 fwd=47190 rows=3020148 fwd_ms=228881.7 eval=0 prior=0
[inst] req=4587520 hits=1561916 fwd=47274 rows=3025524 fwd_ms=229281.2 eval=0 prior=0
[inst] req=4595712 hits=1564639 fwd=47359 rows=3030964 fwd_ms=229685.3 eval=0 prior=0
[inst] req=4603904 hits=1567461 fwd=47443 rows=3036340 fwd_ms=230085.2 eval=0 prior=0
[inst] req=4612096 hits=1570236 fwd=47528 rows=3041780 fwd_ms=230488.3 eval=0 prior=0
[inst] req=4620288 hits=1573227 fwd=47609 rows=3046964 fwd_ms=230872.8 eval=0 prior=0
[inst] req=4628480 hits=1575921 fwd=47695 rows=3052468 fwd_ms=231281.4 eval=0 prior=0
[inst] req=4636672 hits=1578692 fwd=47780 rows=3057908 fwd_ms=231686.5 eval=0 prior=0
[inst] req=4644864 hits=1581472 fwd=47864 rows=3063284 fwd_ms=232085.0 eval=0 prior=0
[inst] req=4653056 hits=1584236 fwd=47949 rows=3068724 fwd_ms=232488.8 eval=0 prior=0
[inst] req=4661248 hits=1586991 fwd=48034 rows=3074164 fwd_ms=232892.9 eval=0 prior=0
[inst] req=4669440 hits=1589865 fwd=48117 rows=3079476 fwd_ms=233287.0 eval=0 prior=0
[inst] req=4677632 hits=1592729 fwd=48200 rows=3084788 fwd_ms=233681.5 eval=0 prior=0
[inst] req=4685824 hits=1595508 fwd=48285 rows=3090228 fwd_ms=234085.7 eval=0 prior=0
[inst] req=4694016 hits=1598334 fwd=48369 rows=3095604 fwd_ms=234484.6 eval=0 prior=0
[inst] req=4702208 hits=1601240 fwd=48451 rows=3100852 fwd_ms=234874.8 eval=0 prior=0
[inst] req=4710400 hits=1604110 fwd=48534 rows=3106164 fwd_ms=235269.5 eval=0 prior=0
[inst] req=4718592 hits=1606877 fwd=48619 rows=3111604 fwd_ms=235674.3 eval=0 prior=0
[inst] req=4726784 hits=1609560 fwd=48705 rows=3117108 fwd_ms=236082.9 eval=0 prior=0
[inst] req=4734976 hits=1612431 fwd=48788 rows=3122420 fwd_ms=236477.2 eval=0 prior=0
[inst] req=4743168 hits=1615138 fwd=48874 rows=3127924 fwd_ms=236885.2 eval=0 prior=0
[inst] req=4751360 hits=1618173 fwd=48955 rows=3133108 fwd_ms=237271.9 eval=0 prior=0
[inst] req=4759552 hits=1620841 fwd=49041 rows=3138612 fwd_ms=237679.8 eval=0 prior=0
[inst] req=4767744 hits=1623603 fwd=49126 rows=3144052 fwd_ms=238085.1 eval=0 prior=0
[inst] req=4775936 hits=1626609 fwd=49207 rows=3149236 fwd_ms=238469.7 eval=0 prior=0
[inst] req=4784128 hits=1629641 fwd=49288 rows=3154420 fwd_ms=238854.4 eval=0 prior=0
[inst] req=4792320 hits=1632417 fwd=49372 rows=3159796 fwd_ms=239254.0 eval=0 prior=0
[inst] req=4800512 hits=1635378 fwd=49454 rows=3165044 fwd_ms=239643.1 eval=0 prior=0
[inst] req=4808704 hits=1638079 fwd=49540 rows=3170548 fwd_ms=240051.5 eval=0 prior=0
[inst] req=4816896 hits=1641005 fwd=49622 rows=3175796 fwd_ms=240441.0 eval=0 prior=0
[inst] req=4825088 hits=1643775 fwd=49707 rows=3181236 fwd_ms=240844.7 eval=0 prior=0
[inst] req=4833280 hits=1646452 fwd=49793 rows=3186740 fwd_ms=241254.1 eval=0 prior=0
[inst] req=4841472 hits=1649332 fwd=49876 rows=3192052 fwd_ms=241646.9 eval=0 prior=0
[inst] req=4849664 hits=1652007 fwd=49962 rows=3197556 fwd_ms=242055.2 eval=0 prior=0
[inst] req=4857856 hits=1654881 fwd=50045 rows=3202868 fwd_ms=242449.3 eval=0 prior=0
[inst] req=4866048 hits=1657782 fwd=50128 rows=3208180 fwd_ms=242844.0 eval=0 prior=0
[inst] req=4874240 hits=1660534 fwd=50213 rows=3213620 fwd_ms=243248.1 eval=0 prior=0
[inst] req=4882432 hits=1663405 fwd=50296 rows=3218932 fwd_ms=243642.1 eval=0 prior=0
[inst] req=4890624 hits=1666383 fwd=50377 rows=3224116 fwd_ms=244027.5 eval=0 prior=0
[inst] req=4898816 hits=1669432 fwd=50458 rows=3229300 fwd_ms=244413.6 eval=0 prior=0
[inst] req=4907008 hits=1672154 fwd=50543 rows=3234740 fwd_ms=244817.6 eval=0 prior=0
[inst] req=4915200 hits=1675012 fwd=50627 rows=3240116 fwd_ms=245217.4 eval=0 prior=0
[inst] req=4923392 hits=1678124 fwd=50706 rows=3245172 fwd_ms=245595.1 eval=0 prior=0
[inst] req=4931584 hits=1680836 fwd=50792 rows=3250676 fwd_ms=246004.9 eval=0 prior=0
[inst] req=4939776 hits=1683739 fwd=50874 rows=3255924 fwd_ms=246394.5 eval=0 prior=0
[inst] req=4947968 hits=1686707 fwd=50956 rows=3261172 fwd_ms=246785.1 eval=0 prior=0
[inst] req=4956160 hits=1689580 fwd=51039 rows=3266484 fwd_ms=247180.5 eval=0 prior=0
[inst] req=4964352 hits=1692378 fwd=51123 rows=3271860 fwd_ms=247580.0 eval=0 prior=0
[inst] req=4972544 hits=1695052 fwd=51209 rows=3277364 fwd_ms=247989.9 eval=0 prior=0
[inst] req=4980736 hits=1697880 fwd=51293 rows=3282740 fwd_ms=248389.7 eval=0 prior=0
[inst] req=4988928 hits=1700654 fwd=51378 rows=3288180 fwd_ms=248794.0 eval=0 prior=0
[inst] req=4997120 hits=1703671 fwd=51459 rows=3293364 fwd_ms=249179.9 eval=0 prior=0
[inst] req=5005312 hits=1706590 fwd=51541 rows=3298612 fwd_ms=249570.1 eval=0 prior=0
[inst] req=5013504 hits=1709585 fwd=51622 rows=3303796 fwd_ms=249956.0 eval=0 prior=0
[inst] req=5021696 hits=1712533 fwd=51704 rows=3309044 fwd_ms=250346.8 eval=0 prior=0
[inst] req=5029888 hits=1715372 fwd=51788 rows=3314420 fwd_ms=250747.1 eval=0 prior=0
[inst] req=5038080 hits=1718216 fwd=51872 rows=3319796 fwd_ms=251145.5 eval=0 prior=0
[inst] req=5046272 hits=1721002 fwd=51956 rows=3325172 fwd_ms=251545.3 eval=0 prior=0
[inst] req=5054464 hits=1723908 fwd=52039 rows=3330484 fwd_ms=251941.3 eval=0 prior=0
[inst] req=5062656 hits=1726705 fwd=52123 rows=3335860 fwd_ms=252341.5 eval=0 prior=0
[inst] req=5070848 hits=1729850 fwd=52202 rows=3340916 fwd_ms=252718.5 eval=0 prior=0
[inst] req=5079040 hits=1732580 fwd=52287 rows=3346356 fwd_ms=253123.8 eval=0 prior=0
[inst] req=5087232 hits=1735500 fwd=52369 rows=3351604 fwd_ms=253514.7 eval=0 prior=0
[inst] req=5095424 hits=1738290 fwd=52454 rows=3357044 fwd_ms=253918.6 eval=0 prior=0
[inst] req=5103616 hits=1741121 fwd=52538 rows=3362420 fwd_ms=254318.9 eval=0 prior=0
[inst] req=5111808 hits=1743896 fwd=52622 rows=3367796 fwd_ms=254719.4 eval=0 prior=0
[inst] req=5120000 hits=1746653 fwd=52707 rows=3373236 fwd_ms=255124.7 eval=0 prior=0
[inst] req=5128192 hits=1749556 fwd=52790 rows=3378548 fwd_ms=255519.9 eval=0 prior=0
[inst] req=5136384 hits=1752379 fwd=52874 rows=3383924 fwd_ms=255920.4 eval=0 prior=0
[inst] req=5144576 hits=1755207 fwd=52958 rows=3389300 fwd_ms=256321.8 eval=0 prior=0
[inst] req=5152768 hits=1757993 fwd=53042 rows=3394676 fwd_ms=256722.4 eval=0 prior=0
[inst] req=5160960 hits=1760828 fwd=53126 rows=3400052 fwd_ms=257122.0 eval=0 prior=0
[inst] req=5169152 hits=1763555 fwd=53211 rows=3405492 fwd_ms=257527.3 eval=0 prior=0
[inst] req=5177344 hits=1766481 fwd=53293 rows=3410740 fwd_ms=257918.8 eval=0 prior=0
[inst] req=5185536 hits=1769371 fwd=53376 rows=3416052 fwd_ms=258315.5 eval=0 prior=0
[inst] req=5193728 hits=1772210 fwd=53460 rows=3421428 fwd_ms=258716.1 eval=0 prior=0
[inst] req=5201920 hits=1775009 fwd=53544 rows=3426804 fwd_ms=259117.2 eval=0 prior=0
[inst] req=5210112 hits=1777709 fwd=53630 rows=3432308 fwd_ms=259526.6 eval=0 prior=0
[inst] req=5218304 hits=1780613 fwd=53713 rows=3437620 fwd_ms=259921.6 eval=0 prior=0
[inst] req=5226496 hits=1783326 fwd=53798 rows=3443060 fwd_ms=260326.3 eval=0 prior=0
[inst] req=5234688 hits=1786111 fwd=53883 rows=3448500 fwd_ms=260731.7 eval=0 prior=0
[inst] req=5242880 hits=1789090 fwd=53964 rows=3453684 fwd_ms=261117.7 eval=0 prior=0
[inst] req=5251072 hits=1791886 fwd=54048 rows=3459060 fwd_ms=261517.2 eval=0 prior=0
[inst] req=5259264 hits=1794865 fwd=54130 rows=3464308 fwd_ms=261907.8 eval=0 prior=0
[inst] req=5267456 hits=1797451 fwd=54218 rows=3469940 fwd_ms=262328.6 eval=0 prior=0
[inst] req=5275648 hits=1800236 fwd=54302 rows=3475316 fwd_ms=262729.0 eval=0 prior=0
[inst] req=5283840 hits=1802900 fwd=54388 rows=3480820 fwd_ms=263139.0 eval=0 prior=0
[inst] req=5292032 hits=1805601 fwd=54474 rows=3486324 fwd_ms=263548.4 eval=0 prior=0
[inst] req=5300224 hits=1808432 fwd=54558 rows=3491700 fwd_ms=263948.9 eval=0 prior=0
[inst] req=5308416 hits=1811208 fwd=54643 rows=3497140 fwd_ms=264355.4 eval=0 prior=0
[inst] req=5316608 hits=1814034 fwd=54726 rows=3502452 fwd_ms=264751.6 eval=0 prior=0
[inst] req=5324800 hits=1816958 fwd=54809 rows=3507764 fwd_ms=265149.0 eval=0 prior=0
[inst] req=5332992 hits=1819614 fwd=54895 rows=3513268 fwd_ms=265560.4 eval=0 prior=0
[inst] req=5341184 hits=1822398 fwd=54980 rows=3518708 fwd_ms=265966.6 eval=0 prior=0
[inst] req=5349376 hits=1825176 fwd=55064 rows=3524084 fwd_ms=266368.3 eval=0 prior=0
[inst] req=5357568 hits=1827992 fwd=55148 rows=3529460 fwd_ms=266770.3 eval=0 prior=0
[inst] req=5365760 hits=1830761 fwd=55233 rows=3534900 fwd_ms=267176.3 eval=0 prior=0
[inst] req=5373952 hits=1833524 fwd=55318 rows=3540340 fwd_ms=268518.7 eval=0 prior=0
[inst] req=5382144 hits=1836310 fwd=55402 rows=3545716 fwd_ms=273975.0 eval=0 prior=0
[inst] req=5390336 hits=1839153 fwd=55486 rows=3551092 fwd_ms=276263.2 eval=0 prior=0
[inst] req=5398528 hits=1841332 fwd=55580 rows=3557108 fwd_ms=276745.3 eval=0 prior=0
[inst] req=5406720 hits=1843045 fwd=55681 rows=3563572 fwd_ms=277224.9 eval=0 prior=0
[inst] req=5414912 hits=1845559 fwd=55770 rows=3569268 fwd_ms=277648.8 eval=0 prior=0
[inst] req=5423104 hits=1848359 fwd=55854 rows=3574644 fwd_ms=278049.4 eval=0 prior=0
[inst] req=5431296 hits=1851106 fwd=55939 rows=3580084 fwd_ms=278453.6 eval=0 prior=0
[inst] req=5439488 hits=1853882 fwd=56024 rows=3585524 fwd_ms=278858.5 eval=0 prior=0
[inst] req=5447680 hits=1856555 fwd=56110 rows=3591028 fwd_ms=279267.3 eval=0 prior=0
[inst] req=5455872 hits=1859181 fwd=56197 rows=3596596 fwd_ms=279683.3 eval=0 prior=0
[inst] req=5464064 hits=1861891 fwd=56283 rows=3602100 fwd_ms=280094.3 eval=0 prior=0
[inst] req=5472256 hits=1864652 fwd=56367 rows=3607476 fwd_ms=280494.2 eval=0 prior=0
[inst] req=5480448 hits=1867400 fwd=56453 rows=3612980 fwd_ms=280903.3 eval=0 prior=0
[inst] req=5488640 hits=1870082 fwd=56539 rows=3618484 fwd_ms=281313.0 eval=0 prior=0
[inst] req=5496832 hits=1872933 fwd=56622 rows=3623796 fwd_ms=281708.3 eval=0 prior=0
[inst] req=5505024 hits=1875865 fwd=56704 rows=3629044 fwd_ms=282099.3 eval=0 prior=0
[inst] req=5513216 hits=1878552 fwd=56790 rows=3634548 fwd_ms=282507.6 eval=0 prior=0
[inst] req=5521408 hits=1881314 fwd=56875 rows=3639988 fwd_ms=282912.1 eval=0 prior=0
[inst] req=5529600 hits=1884036 fwd=56961 rows=3645492 fwd_ms=283321.1 eval=0 prior=0
[inst] req=5537792 hits=1886942 fwd=57043 rows=3650740 fwd_ms=283709.2 eval=0 prior=0
[inst] req=5545984 hits=1889567 fwd=57130 rows=3656308 fwd_ms=284122.8 eval=0 prior=0
[inst] req=5554176 hits=1892372 fwd=57214 rows=3661684 fwd_ms=284522.7 eval=0 prior=0
[inst] req=5562368 hits=1895042 fwd=57301 rows=3667252 fwd_ms=284936.1 eval=0 prior=0
[inst] req=5570560 hits=1898013 fwd=57382 rows=3672436 fwd_ms=285323.5 eval=0 prior=0
[inst] req=5578752 hits=1900777 fwd=57467 rows=3677876 fwd_ms=285729.7 eval=0 prior=0
[inst] req=5586944 hits=1903568 fwd=57551 rows=3683252 fwd_ms=286129.1 eval=0 prior=0
[inst] req=5595136 hits=1906334 fwd=57636 rows=3688692 fwd_ms=286533.4 eval=0 prior=0
[inst] req=5603328 hits=1909054 fwd=57722 rows=3694196 fwd_ms=286941.9 eval=0 prior=0
[inst] req=5611520 hits=1911754 fwd=57808 rows=3699700 fwd_ms=287358.1 eval=0 prior=0
[inst] req=5619712 hits=1914582 fwd=57891 rows=3705012 fwd_ms=287775.7 eval=0 prior=0
[inst] req=5627904 hits=1917267 fwd=57977 rows=3710516 fwd_ms=288203.0 eval=0 prior=0
[inst] req=5636096 hits=1920178 fwd=58060 rows=3715828 fwd_ms=288616.4 eval=0 prior=0
[inst] req=5644288 hits=1922947 fwd=58145 rows=3721268 fwd_ms=289046.0 eval=0 prior=0
[inst] req=5652480 hits=1925687 fwd=58230 rows=3726708 fwd_ms=289473.1 eval=0 prior=0
[inst] req=5660672 hits=1928481 fwd=58314 rows=3732084 fwd_ms=289894.2 eval=0 prior=0
[inst] req=5668864 hits=1931286 fwd=58398 rows=3737460 fwd_ms=290306.2 eval=0 prior=0
[inst] req=5677056 hits=1933981 fwd=58484 rows=3742964 fwd_ms=290727.0 eval=0 prior=0
[inst] req=5685248 hits=1936774 fwd=58569 rows=3748404 fwd_ms=291147.3 eval=0 prior=0
[inst] req=5693440 hits=1939501 fwd=58654 rows=3753844 fwd_ms=291566.9 eval=0 prior=0
[inst] req=5701632 hits=1942251 fwd=58739 rows=3759284 fwd_ms=291984.8 eval=0 prior=0
[inst] req=5709824 hits=1945127 fwd=58822 rows=3764596 fwd_ms=292397.7 eval=0 prior=0
[inst] req=5718016 hits=1947976 fwd=58906 rows=3769972 fwd_ms=292808.6 eval=0 prior=0
[inst] req=5726208 hits=1950620 fwd=58992 rows=3775476 fwd_ms=293236.5 eval=0 prior=0
[inst] req=5734400 hits=1953411 fwd=59077 rows=3780916 fwd_ms=293650.5 eval=0 prior=0
[inst] req=5742592 hits=1956201 fwd=59161 rows=3786292 fwd_ms=294068.4 eval=0 prior=0
[inst] req=5750784 hits=1958999 fwd=59245 rows=3791668 fwd_ms=294486.7 eval=0 prior=0
[inst] req=5758976 hits=1961860 fwd=59329 rows=3797044 fwd_ms=294897.7 eval=0 prior=0
[inst] req=5767168 hits=1964609 fwd=59414 rows=3802484 fwd_ms=295320.3 eval=0 prior=0
[inst] req=5775360 hits=1967433 fwd=59498 rows=3807860 fwd_ms=295733.8 eval=0 prior=0
[inst] req=5783552 hits=1970144 fwd=59583 rows=3813300 fwd_ms=296158.4 eval=0 prior=0
[inst] req=5791744 hits=1972961 fwd=59667 rows=3818676 fwd_ms=296573.4 eval=0 prior=0
[inst] req=5799936 hits=1975590 fwd=59754 rows=3824244 fwd_ms=296987.0 eval=0 prior=0
[inst] req=5808128 hits=1978453 fwd=59837 rows=3829556 fwd_ms=297384.3 eval=0 prior=0
[inst] req=5816320 hits=1981169 fwd=59923 rows=3835060 fwd_ms=297793.6 eval=0 prior=0
[inst] req=5824512 hits=1984082 fwd=60005 rows=3840308 fwd_ms=298184.2 eval=0 prior=0
[inst] req=5832704 hits=1986851 fwd=60090 rows=3845748 fwd_ms=298586.9 eval=0 prior=0
[inst] req=5840896 hits=1989512 fwd=60177 rows=3851316 fwd_ms=298999.0 eval=0 prior=0
[inst] req=5849088 hits=1992258 fwd=60262 rows=3856756 fwd_ms=299402.5 eval=0 prior=0
[inst] req=5857280 hits=1994916 fwd=60348 rows=3862260 fwd_ms=299811.6 eval=0 prior=0
[inst] req=5865472 hits=1997603 fwd=60434 rows=3867764 fwd_ms=300219.0 eval=0 prior=0
[inst] req=5873664 hits=2000601 fwd=60515 rows=3872948 fwd_ms=300603.3 eval=0 prior=0
[inst] req=5881856 hits=2003448 fwd=60599 rows=3878324 fwd_ms=301001.8 eval=0 prior=0
[inst] req=5890048 hits=2006325 fwd=60682 rows=3883636 fwd_ms=301395.2 eval=0 prior=0
[inst] req=5898240 hits=2009162 fwd=60766 rows=3889012 fwd_ms=301794.0 eval=0 prior=0
[inst] req=5906432 hits=2011947 fwd=60850 rows=3894388 fwd_ms=302193.1 eval=0 prior=0
[inst] req=5914624 hits=2014608 fwd=60936 rows=3899892 fwd_ms=302602.7 eval=0 prior=0
[inst] req=5922816 hits=2017276 fwd=61023 rows=3905460 fwd_ms=303016.5 eval=0 prior=0
[inst] req=5931008 hits=2020155 fwd=61106 rows=3910772 fwd_ms=303410.8 eval=0 prior=0
[inst] req=5939200 hits=2022986 fwd=61190 rows=3916148 fwd_ms=303810.3 eval=0 prior=0
[inst] req=5947392 hits=2025789 fwd=61274 rows=3921524 fwd_ms=304210.7 eval=0 prior=0
[inst] req=5955584 hits=2028508 fwd=61359 rows=3926964 fwd_ms=304616.1 eval=0 prior=0
[inst] req=5963776 hits=2031258 fwd=61444 rows=3932404 fwd_ms=305021.6 eval=0 prior=0
[inst] req=5971968 hits=2034157 fwd=61527 rows=3937716 fwd_ms=305417.2 eval=0 prior=0
[inst] req=5980160 hits=2036952 fwd=61611 rows=3943092 fwd_ms=305817.2 eval=0 prior=0
[inst] req=5988352 hits=2039709 fwd=61696 rows=3948532 fwd_ms=306221.7 eval=0 prior=0
[inst] req=5996544 hits=2042444 fwd=61781 rows=3953972 fwd_ms=306626.1 eval=0 prior=0
[inst] req=6004736 hits=2045204 fwd=61866 rows=3959412 fwd_ms=307031.2 eval=0 prior=0
[inst] req=6012928 hits=2047817 fwd=61954 rows=3965044 fwd_ms=307450.0 eval=0 prior=0
[inst] req=6021120 hits=2050641 fwd=62037 rows=3970356 fwd_ms=307845.1 eval=0 prior=0
[inst] req=6029312 hits=2053415 fwd=62122 rows=3975796 fwd_ms=308249.9 eval=0 prior=0
[inst] req=6037504 hits=2056349 fwd=62204 rows=3981044 fwd_ms=308641.1 eval=0 prior=0
[inst] req=6045696 hits=2059090 fwd=62289 rows=3986484 fwd_ms=309044.6 eval=0 prior=0
[inst] req=6053888 hits=2061813 fwd=62375 rows=3991988 fwd_ms=309453.1 eval=0 prior=0
[inst] req=6062080 hits=2064657 fwd=62458 rows=3997300 fwd_ms=309846.1 eval=0 prior=0
[inst] req=6070272 hits=2067451 fwd=62543 rows=4002740 fwd_ms=310249.5 eval=0 prior=0
[inst] req=6078464 hits=2070293 fwd=62626 rows=4008052 fwd_ms=310644.1 eval=0 prior=0
[inst] req=6086656 hits=2073117 fwd=62710 rows=4013428 fwd_ms=311042.6 eval=0 prior=0
[inst] req=6094848 hits=2076048 fwd=62792 rows=4018676 fwd_ms=311432.6 eval=0 prior=0
[inst] req=6103040 hits=2078844 fwd=62877 rows=4024116 fwd_ms=311836.2 eval=0 prior=0
[inst] req=6111232 hits=2081585 fwd=62962 rows=4029556 fwd_ms=312238.9 eval=0 prior=0
[inst] req=6119424 hits=2084312 fwd=63047 rows=4034996 fwd_ms=312642.5 eval=0 prior=0
[inst] req=6127616 hits=2087144 fwd=63131 rows=4040372 fwd_ms=313040.4 eval=0 prior=0
[inst] req=6135808 hits=2089951 fwd=63215 rows=4045748 fwd_ms=313439.2 eval=0 prior=0
[inst] req=6144000 hits=2092876 fwd=63297 rows=4050996 fwd_ms=313828.5 eval=0 prior=0
[inst] req=6152192 hits=2095670 fwd=63382 rows=4056436 fwd_ms=314231.5 eval=0 prior=0
[inst] req=6160384 hits=2098489 fwd=63466 rows=4061812 fwd_ms=314629.9 eval=0 prior=0
[inst] req=6168576 hits=2101516 fwd=63546 rows=4066932 fwd_ms=315009.7 eval=0 prior=0
[inst] req=6176768 hits=2104335 fwd=63630 rows=4072308 fwd_ms=315407.6 eval=0 prior=0
[inst] req=6184960 hits=2107093 fwd=63715 rows=4077748 fwd_ms=315809.7 eval=0 prior=0
[inst] req=6193152 hits=2109918 fwd=63799 rows=4083124 fwd_ms=316208.0 eval=0 prior=0
[inst] req=6201344 hits=2112681 fwd=63884 rows=4088564 fwd_ms=316611.1 eval=0 prior=0
[inst] req=6209536 hits=2115369 fwd=63970 rows=4094068 fwd_ms=317018.8 eval=0 prior=0
[inst] req=6217728 hits=2118192 fwd=64054 rows=4099444 fwd_ms=317417.4 eval=0 prior=0
[inst] req=6225920 hits=2121014 fwd=64138 rows=4104820 fwd_ms=317815.2 eval=0 prior=0
[inst] req=6234112 hits=2123769 fwd=64223 rows=4110260 fwd_ms=318217.7 eval=0 prior=0
[inst] req=6242304 hits=2126611 fwd=64306 rows=4115572 fwd_ms=318610.5 eval=0 prior=0
[inst] req=6250496 hits=2129548 fwd=64388 rows=4120820 fwd_ms=318999.3 eval=0 prior=0
[inst] req=6258688 hits=2132338 fwd=64473 rows=4126260 fwd_ms=319401.0 eval=0 prior=0
[inst] req=6266880 hits=2135184 fwd=64556 rows=4131572 fwd_ms=319793.8 eval=0 prior=0
[inst] req=6275072 hits=2138051 fwd=64640 rows=4136948 fwd_ms=320192.6 eval=0 prior=0
[inst] req=6283264 hits=2140790 fwd=64725 rows=4142388 fwd_ms=320595.3 eval=0 prior=0
[inst] req=6291456 hits=2143572 fwd=64809 rows=4147764 fwd_ms=320993.1 eval=0 prior=0
[inst] req=6299648 hits=2146345 fwd=64894 rows=4153204 fwd_ms=321395.1 eval=0 prior=0
[inst] req=6307840 hits=2149137 fwd=64978 rows=4158580 fwd_ms=321793.0 eval=0 prior=0
[inst] req=6316032 hits=2151927 fwd=65063 rows=4164020 fwd_ms=322196.0 eval=0 prior=0
[inst] req=6324224 hits=2154636 fwd=65148 rows=4169460 fwd_ms=322599.1 eval=0 prior=0
[inst] req=6332416 hits=2157323 fwd=65235 rows=4175028 fwd_ms=323011.2 eval=0 prior=0
[inst] req=6340608 hits=2160143 fwd=65318 rows=4180340 fwd_ms=323404.4 eval=0 prior=0
[inst] req=6348800 hits=2162761 fwd=65406 rows=4185972 fwd_ms=323821.1 eval=0 prior=0
[inst] req=6356992 hits=2165654 fwd=65488 rows=4191220 fwd_ms=324209.1 eval=0 prior=0
[inst] req=6365184 hits=2168327 fwd=65575 rows=4196788 fwd_ms=324620.2 eval=0 prior=0
[inst] req=6373376 hits=2171071 fwd=65660 rows=4202228 fwd_ms=325022.3 eval=0 prior=0
[inst] req=6381568 hits=2173829 fwd=65745 rows=4207668 fwd_ms=325425.1 eval=0 prior=0
[inst] req=6389760 hits=2176537 fwd=65830 rows=4213108 fwd_ms=325827.9 eval=0 prior=0
[inst] req=6397952 hits=2179236 fwd=65916 rows=4218612 fwd_ms=326234.9 eval=0 prior=0
[inst] req=6406144 hits=2181977 fwd=66001 rows=4224052 fwd_ms=326637.5 eval=0 prior=0
[inst] req=6414336 hits=2184711 fwd=66087 rows=4229556 fwd_ms=327044.1 eval=0 prior=0
[inst] req=6422528 hits=2187402 fwd=66173 rows=4235060 fwd_ms=327453.4 eval=0 prior=0
[inst] req=6430720 hits=2190326 fwd=66255 rows=4240308 fwd_ms=327842.0 eval=0 prior=0
[inst] req=6438912 hits=2193003 fwd=66341 rows=4245812 fwd_ms=328248.4 eval=0 prior=0
[inst] req=6447104 hits=2195863 fwd=66424 rows=4251124 fwd_ms=328640.5 eval=0 prior=0
[inst] req=6455296 hits=2198738 fwd=66507 rows=4256436 fwd_ms=329033.5 eval=0 prior=0
[inst] req=6463488 hits=2201462 fwd=66593 rows=4261940 fwd_ms=329440.9 eval=0 prior=0
[inst] req=6471680 hits=2204319 fwd=66676 rows=4267252 fwd_ms=329833.2 eval=0 prior=0
[inst] req=6479872 hits=2206977 fwd=66763 rows=4272820 fwd_ms=330244.8 eval=0 prior=0
[inst] req=6488064 hits=2209788 fwd=66847 rows=4278196 fwd_ms=330642.4 eval=0 prior=0
[inst] req=6496256 hits=2212454 fwd=66933 rows=4283700 fwd_ms=331049.0 eval=0 prior=0
[inst] req=6504448 hits=2215129 fwd=67019 rows=4289204 fwd_ms=331456.0 eval=0 prior=0
[inst] req=6512640 hits=2218194 fwd=67099 rows=4294324 fwd_ms=331835.1 eval=0 prior=0
[inst] req=6520832 hits=2220869 fwd=67186 rows=4299892 fwd_ms=332246.7 eval=0 prior=0
[inst] req=6529024 hits=2223747 fwd=67269 rows=4305204 fwd_ms=332639.5 eval=0 prior=0
[inst] req=6537216 hits=2226481 fwd=67354 rows=4310644 fwd_ms=333042.0 eval=0 prior=0
[inst] req=6545408 hits=2229292 fwd=67438 rows=4316020 fwd_ms=333439.7 eval=0 prior=0
[inst] req=6553600 hits=2232022 fwd=67523 rows=4321460 fwd_ms=333841.7 eval=0 prior=0
[inst] req=6561792 hits=2235036 fwd=67604 rows=4326644 fwd_ms=334225.4 eval=0 prior=0
[inst] req=6569984 hits=2237742 fwd=67690 rows=4332148 fwd_ms=334631.7 eval=0 prior=0
[inst] req=6578176 hits=2240453 fwd=67776 rows=4337652 fwd_ms=335037.9 eval=0 prior=0
[inst] req=6586368 hits=2243368 fwd=67858 rows=4342900 fwd_ms=335425.5 eval=0 prior=0
[inst] req=6594560 hits=2246118 fwd=67943 rows=4348340 fwd_ms=335827.1 eval=0 prior=0
[inst] req=6602752 hits=2248866 fwd=68028 rows=4353780 fwd_ms=336228.3 eval=0 prior=0
[inst] req=6610944 hits=2251611 fwd=68113 rows=4359220 fwd_ms=336630.1 eval=0 prior=0
[inst] req=6619136 hits=2254348 fwd=68198 rows=4364660 fwd_ms=337032.1 eval=0 prior=0
[inst] req=6627328 hits=2257155 fwd=68283 rows=4370100 fwd_ms=337434.0 eval=0 prior=0
[inst] req=6635520 hits=2259801 fwd=68369 rows=4375604 fwd_ms=337840.9 eval=0 prior=0
[inst] req=6643712 hits=2262573 fwd=68454 rows=4381044 fwd_ms=338243.0 eval=0 prior=0
[inst] req=6651904 hits=2265347 fwd=68539 rows=4386484 fwd_ms=338644.6 eval=0 prior=0
[inst] req=6660096 hits=2268039 fwd=68625 rows=4391988 fwd_ms=339051.0 eval=0 prior=0
[inst] req=6668288 hits=2270731 fwd=68711 rows=4397492 fwd_ms=339457.5 eval=0 prior=0
[inst] req=6676480 hits=2273470 fwd=68796 rows=4402932 fwd_ms=339860.1 eval=0 prior=0
[inst] req=6684672 hits=2276203 fwd=68881 rows=4408372 fwd_ms=340262.0 eval=0 prior=0
[inst] req=6692864 hits=2279005 fwd=68965 rows=4413748 fwd_ms=340659.1 eval=0 prior=0
[inst] req=6701056 hits=2281755 fwd=69050 rows=4419188 fwd_ms=341060.9 eval=0 prior=0
[inst] req=6709248 hits=2284625 fwd=69133 rows=4424500 fwd_ms=341453.6 eval=0 prior=0
[inst] req=6717440 hits=2287373 fwd=69218 rows=4429940 fwd_ms=341855.8 eval=0 prior=0
[inst] req=6725632 hits=2290092 fwd=69304 rows=4435444 fwd_ms=342263.8 eval=0 prior=0
[inst] req=6733824 hits=2292817 fwd=69389 rows=4440884 fwd_ms=342666.6 eval=0 prior=0
[inst] req=6742016 hits=2295791 fwd=69471 rows=4446132 fwd_ms=343055.0 eval=0 prior=0
[inst] req=6750208 hits=2298542 fwd=69556 rows=4451572 fwd_ms=343457.7 eval=0 prior=0
[inst] req=6758400 hits=2301382 fwd=69640 rows=4456948 fwd_ms=343855.1 eval=0 prior=0
[inst] req=6766592 hits=2303992 fwd=69727 rows=4462516 fwd_ms=344266.8 eval=0 prior=0
[inst] req=6774784 hits=2306741 fwd=69812 rows=4467956 fwd_ms=344668.9 eval=0 prior=0
[inst] req=6782976 hits=2309671 fwd=69894 rows=4473204 fwd_ms=345057.8 eval=0 prior=0
[inst] req=6791168 hits=2312581 fwd=69977 rows=4478516 fwd_ms=345451.8 eval=0 prior=0
[inst] req=6799360 hits=2315277 fwd=70062 rows=4483956 fwd_ms=345854.0 eval=0 prior=0
[inst] req=6807552 hits=2318172 fwd=70145 rows=4489268 fwd_ms=346247.1 eval=0 prior=0
[inst] req=6815744 hits=2320989 fwd=70229 rows=4494644 fwd_ms=346645.3 eval=0 prior=0
[inst] req=6823936 hits=2324038 fwd=70310 rows=4499828 fwd_ms=347029.3 eval=0 prior=0
[inst] req=6832128 hits=2326769 fwd=70395 rows=4505268 fwd_ms=347431.1 eval=0 prior=0
[inst] req=6840320 hits=2329561 fwd=70479 rows=4510644 fwd_ms=347828.9 eval=0 prior=0
[inst] req=6848512 hits=2332348 fwd=70564 rows=4516084 fwd_ms=348231.5 eval=0 prior=0
[inst] req=6856704 hits=2334992 fwd=70650 rows=4521588 fwd_ms=348637.9 eval=0 prior=0
[inst] req=6864896 hits=2337734 fwd=70736 rows=4527092 fwd_ms=349045.0 eval=0 prior=0
[inst] req=6873088 hits=2340561 fwd=70819 rows=4532404 fwd_ms=349437.6 eval=0 prior=0
[inst] req=6881280 hits=2343378 fwd=70903 rows=4537780 fwd_ms=349834.9 eval=0 prior=0
[inst] req=6889472 hits=2346146 fwd=70988 rows=4543220 fwd_ms=350237.1 eval=0 prior=0
[inst] req=6897664 hits=2348855 fwd=71074 rows=4548724 fwd_ms=350643.9 eval=0 prior=0
[inst] req=6905856 hits=2351715 fwd=71157 rows=4554036 fwd_ms=351037.1 eval=0 prior=0
[inst] req=6914048 hits=2354440 fwd=71243 rows=4559540 fwd_ms=351444.1 eval=0 prior=0
[inst] req=6922240 hits=2357367 fwd=71325 rows=4564788 fwd_ms=351834.6 eval=0 prior=0
[inst] req=6930432 hits=2360019 fwd=71411 rows=4570292 fwd_ms=352244.6 eval=0 prior=0
[inst] req=6938624 hits=2362820 fwd=71496 rows=4575732 fwd_ms=352649.9 eval=0 prior=0
[inst] req=6946816 hits=2365641 fwd=71580 rows=4581108 fwd_ms=353050.6 eval=0 prior=0
[inst] req=6955008 hits=2368416 fwd=71664 rows=4586484 fwd_ms=353450.9 eval=0 prior=0
[inst] req=6963200 hits=2371151 fwd=71749 rows=4591924 fwd_ms=353856.1 eval=0 prior=0
[inst] req=6971392 hits=2373889 fwd=71835 rows=4597428 fwd_ms=354267.0 eval=0 prior=0
[inst] req=6979584 hits=2376627 fwd=71920 rows=4602868 fwd_ms=354672.1 eval=0 prior=0
[inst] req=6987776 hits=2379491 fwd=72003 rows=4608180 fwd_ms=355068.3 eval=0 prior=0
[inst] req=6995968 hits=2382395 fwd=72086 rows=4613492 fwd_ms=355465.0 eval=0 prior=0
[inst] req=7004160 hits=2385105 fwd=72171 rows=4618932 fwd_ms=355871.1 eval=0 prior=0
[inst] req=7012352 hits=2387937 fwd=72255 rows=4624308 fwd_ms=356272.4 eval=0 prior=0
[inst] req=7020544 hits=2390694 fwd=72340 rows=4629748 fwd_ms=356678.7 eval=0 prior=0
[inst] req=7028736 hits=2393577 fwd=72423 rows=4635060 fwd_ms=357075.4 eval=0 prior=0
[inst] req=7036928 hits=2396253 fwd=72509 rows=4640564 fwd_ms=357486.1 eval=0 prior=0
[inst] req=7045120 hits=2399136 fwd=72592 rows=4645876 fwd_ms=357880.1 eval=0 prior=0
[inst] req=7053312 hits=2402122 fwd=72674 rows=4651124 fwd_ms=358269.3 eval=0 prior=0
[inst] req=7061504 hits=2404819 fwd=72759 rows=4656564 fwd_ms=358673.1 eval=0 prior=0
[inst] req=7069696 hits=2407582 fwd=72844 rows=4662004 fwd_ms=359076.3 eval=0 prior=0
[inst] req=7077888 hits=2410480 fwd=72927 rows=4667316 fwd_ms=359470.0 eval=0 prior=0
[inst] req=7086080 hits=2413209 fwd=73012 rows=4672756 fwd_ms=362301.8 eval=0 prior=0
[inst] req=7094272 hits=2415861 fwd=73099 rows=4678324 fwd_ms=367956.3 eval=0 prior=0
[inst] req=7102464 hits=2418685 fwd=73183 rows=4683700 fwd_ms=372665.1 eval=0 prior=0
[inst] req=7110656 hits=2421416 fwd=73268 rows=4689140 fwd_ms=373096.6 eval=0 prior=0
[inst] req=7118848 hits=2422646 fwd=73377 rows=4696116 fwd_ms=373636.7 eval=0 prior=0
[inst] req=7127040 hits=2425214 fwd=73465 rows=4701748 fwd_ms=374058.7 eval=0 prior=0
[inst] req=7135232 hits=2427911 fwd=73551 rows=4707252 fwd_ms=374470.9 eval=0 prior=0
[inst] req=7143424 hits=2430760 fwd=73634 rows=4712564 fwd_ms=374868.8 eval=0 prior=0
[inst] req=7151616 hits=2433296 fwd=73722 rows=4718196 fwd_ms=375290.5 eval=0 prior=0
[inst] req=7159808 hits=2436159 fwd=73806 rows=4723572 fwd_ms=375690.5 eval=0 prior=0
[inst] req=7168000 hits=2438829 fwd=73892 rows=4729076 fwd_ms=376099.1 eval=0 prior=0
[inst] req=7176192 hits=2441387 fwd=73980 rows=4734708 fwd_ms=376517.5 eval=0 prior=0
[inst] req=7184384 hits=2444125 fwd=74065 rows=4740148 fwd_ms=376921.6 eval=0 prior=0
[inst] req=7192576 hits=2446887 fwd=74150 rows=4745588 fwd_ms=377326.0 eval=0 prior=0
[inst] req=7200768 hits=2449588 fwd=74236 rows=4751092 fwd_ms=377735.4 eval=0 prior=0
[inst] req=7208960 hits=2452363 fwd=74321 rows=4756532 fwd_ms=378139.3 eval=0 prior=0
[inst] req=7217152 hits=2455092 fwd=74406 rows=4761972 fwd_ms=378542.5 eval=0 prior=0
[inst] req=7225344 hits=2457904 fwd=74490 rows=4767348 fwd_ms=378941.2 eval=0 prior=0
[inst] req=7233536 hits=2460752 fwd=74573 rows=4772660 fwd_ms=379335.5 eval=0 prior=0
[inst] req=7241728 hits=2463477 fwd=74659 rows=4778164 fwd_ms=379743.7 eval=0 prior=0
[inst] req=7249920 hits=2466362 fwd=74742 rows=4783476 fwd_ms=380138.5 eval=0 prior=0
[inst] req=7258112 hits=2469059 fwd=74828 rows=4788980 fwd_ms=380546.5 eval=0 prior=0
[inst] req=7266304 hits=2471818 fwd=74913 rows=4794420 fwd_ms=380949.8 eval=0 prior=0
[inst] req=7274496 hits=2474447 fwd=74999 rows=4799924 fwd_ms=381357.6 eval=0 prior=0
[inst] req=7282688 hits=2477280 fwd=75083 rows=4805300 fwd_ms=381756.6 eval=0 prior=0
[inst] req=7290880 hits=2480020 fwd=75168 rows=4810740 fwd_ms=382160.2 eval=0 prior=0
[inst] req=7299072 hits=2482791 fwd=75253 rows=4816180 fwd_ms=382563.3 eval=0 prior=0
[inst] req=7307264 hits=2485619 fwd=75337 rows=4821556 fwd_ms=382961.5 eval=0 prior=0
[inst] req=7315456 hits=2488318 fwd=75423 rows=4827060 fwd_ms=383369.5 eval=0 prior=0
[inst] req=7323648 hits=2491009 fwd=75509 rows=4832564 fwd_ms=383777.7 eval=0 prior=0
[inst] req=7331840 hits=2493792 fwd=75593 rows=4837940 fwd_ms=384177.0 eval=0 prior=0
[inst] req=7340032 hits=2496614 fwd=75677 rows=4843316 fwd_ms=384575.9 eval=0 prior=0
[inst] req=7348224 hits=2499455 fwd=75761 rows=4848692 fwd_ms=384973.9 eval=0 prior=0
[inst] req=7356416 hits=2502150 fwd=75847 rows=4854196 fwd_ms=385382.3 eval=0 prior=0
[inst] req=7364608 hits=2504899 fwd=75932 rows=4859636 fwd_ms=385784.4 eval=0 prior=0
[inst] req=7372800 hits=2507630 fwd=76017 rows=4865076 fwd_ms=386187.9 eval=0 prior=0
[inst] req=7380992 hits=2510364 fwd=76102 rows=4870516 fwd_ms=386591.0 eval=0 prior=0
[inst] req=7389184 hits=2513249 fwd=76185 rows=4875828 fwd_ms=386986.1 eval=0 prior=0
[inst] req=7397376 hits=2515978 fwd=76271 rows=4881332 fwd_ms=387394.4 eval=0 prior=0
[inst] req=7405568 hits=2518830 fwd=76354 rows=4886644 fwd_ms=387789.1 eval=0 prior=0
[inst] req=7413760 hits=2521664 fwd=76438 rows=4892020 fwd_ms=388187.5 eval=0 prior=0
[inst] req=7421952 hits=2524310 fwd=76524 rows=4897524 fwd_ms=388594.8 eval=0 prior=0
[inst] req=7430144 hits=2527311 fwd=76605 rows=4902708 fwd_ms=388978.6 eval=0 prior=0
[inst] req=7438336 hits=2529994 fwd=76692 rows=4908276 fwd_ms=389390.9 eval=0 prior=0
[inst] req=7446528 hits=2532776 fwd=76776 rows=4913652 fwd_ms=389787.9 eval=0 prior=0
[inst] req=7454720 hits=2535396 fwd=76863 rows=4919220 fwd_ms=390198.6 eval=0 prior=0
[inst] req=7462912 hits=2538127 fwd=76948 rows=4924660 fwd_ms=390601.2 eval=0 prior=0
[inst] req=7471104 hits=2540914 fwd=77033 rows=4930100 fwd_ms=391002.7 eval=0 prior=0
[inst] req=7479296 hits=2543696 fwd=77117 rows=4935476 fwd_ms=391399.1 eval=0 prior=0
[inst] req=7487488 hits=2546456 fwd=77202 rows=4940916 fwd_ms=391800.7 eval=0 prior=0
[inst] req=7495680 hits=2549060 fwd=77290 rows=4946548 fwd_ms=392215.8 eval=0 prior=0
[inst] req=7503872 hits=2551833 fwd=77374 rows=4951924 fwd_ms=392612.7 eval=0 prior=0
[inst] req=7512064 hits=2554481 fwd=77461 rows=4957492 fwd_ms=393024.1 eval=0 prior=0
[inst] req=7520256 hits=2557425 fwd=77543 rows=4962740 fwd_ms=393411.8 eval=0 prior=0
[inst] req=7528448 hits=2560289 fwd=77626 rows=4968052 fwd_ms=393804.8 eval=0 prior=0
[inst] req=7536640 hits=2563040 fwd=77711 rows=4973492 fwd_ms=394207.1 eval=0 prior=0
[inst] req=7544832 hits=2565793 fwd=77796 rows=4978932 fwd_ms=394611.0 eval=0 prior=0
[inst] req=7553024 hits=2568479 fwd=77882 rows=4984436 fwd_ms=395018.9 eval=0 prior=0
[inst] req=7561216 hits=2571284 fwd=77966 rows=4989812 fwd_ms=395419.1 eval=0 prior=0
[inst] req=7569408 hits=2573907 fwd=78053 rows=4995380 fwd_ms=395834.3 eval=0 prior=0
[inst] req=7577600 hits=2576860 fwd=78135 rows=5000628 fwd_ms=396224.9 eval=0 prior=0
[inst] req=7585792 hits=2579503 fwd=78222 rows=5006196 fwd_ms=396637.5 eval=0 prior=0
[inst] req=7593984 hits=2582395 fwd=78305 rows=5011508 fwd_ms=397031.0 eval=0 prior=0
[inst] req=7602176 hits=2585247 fwd=78388 rows=5016820 fwd_ms=397424.6 eval=0 prior=0
[inst] req=7610368 hits=2587992 fwd=78473 rows=5022260 fwd_ms=397827.2 eval=0 prior=0
[inst] req=7618560 hits=2590806 fwd=78557 rows=5027636 fwd_ms=398225.6 eval=0 prior=0
[inst] req=7626752 hits=2593599 fwd=78642 rows=5033076 fwd_ms=398628.6 eval=0 prior=0
[inst] req=7634944 hits=2596435 fwd=78725 rows=5038388 fwd_ms=399022.2 eval=0 prior=0
[inst] req=7643136 hits=2599194 fwd=78810 rows=5043828 fwd_ms=399425.3 eval=0 prior=0
[inst] req=7651328 hits=2602125 fwd=78892 rows=5049076 fwd_ms=399814.5 eval=0 prior=0
[inst] req=7659520 hits=2604902 fwd=78977 rows=5054516 fwd_ms=400218.0 eval=0 prior=0
[inst] req=7667712 hits=2607652 fwd=79062 rows=5059956 fwd_ms=400620.7 eval=0 prior=0
[inst] req=7675904 hits=2610460 fwd=79146 rows=5065332 fwd_ms=401019.8 eval=0 prior=0
[inst] req=7684096 hits=2613296 fwd=79230 rows=5070708 fwd_ms=401417.6 eval=0 prior=0
[inst] req=7692288 hits=2616103 fwd=79314 rows=5076084 fwd_ms=401815.8 eval=0 prior=0
[inst] req=7700480 hits=2619042 fwd=79396 rows=5081332 fwd_ms=402204.8 eval=0 prior=0
[inst] req=7708672 hits=2621900 fwd=79479 rows=5086644 fwd_ms=402598.4 eval=0 prior=0
[inst] req=7716864 hits=2624653 fwd=79564 rows=5092084 fwd_ms=403000.7 eval=0 prior=0
[inst] req=7725056 hits=2627399 fwd=79650 rows=5097588 fwd_ms=403409.1 eval=0 prior=0
[inst] req=7733248 hits=2630469 fwd=79730 rows=5102708 fwd_ms=403789.0 eval=0 prior=0
[inst] req=7741440 hits=2633143 fwd=79816 rows=5108212 fwd_ms=404196.5 eval=0 prior=0
[inst] req=7749632 hits=2636117 fwd=79897 rows=5113396 fwd_ms=404580.7 eval=0 prior=0
[inst] req=7757824 hits=2638936 fwd=79981 rows=5118772 fwd_ms=404979.6 eval=0 prior=0
[inst] req=7766016 hits=2641729 fwd=80066 rows=5124212 fwd_ms=405382.8 eval=0 prior=0
[inst] req=7774208 hits=2644489 fwd=80151 rows=5129652 fwd_ms=405785.8 eval=0 prior=0
[inst] req=7782400 hits=2647219 fwd=80236 rows=5135092 fwd_ms=406189.0 eval=0 prior=0
[inst] req=7790592 hits=2650183 fwd=80318 rows=5140340 fwd_ms=406577.8 eval=0 prior=0
[inst] req=7798784 hits=2652880 fwd=80403 rows=5145780 fwd_ms=406980.7 eval=0 prior=0
[inst] req=7806976 hits=2655792 fwd=80486 rows=5151092 fwd_ms=407374.9 eval=0 prior=0
[inst] req=7815168 hits=2658706 fwd=80568 rows=5156340 fwd_ms=407763.9 eval=0 prior=0
[inst] req=7823360 hits=2661483 fwd=80653 rows=5161780 fwd_ms=408166.7 eval=0 prior=0
[inst] req=7831552 hits=2664356 fwd=80736 rows=5167092 fwd_ms=408561.3 eval=0 prior=0
[inst] req=7839744 hits=2667130 fwd=80821 rows=5172532 fwd_ms=408965.0 eval=0 prior=0
[inst] req=7847936 hits=2669931 fwd=80905 rows=5177908 fwd_ms=409363.7 eval=0 prior=0
[inst] req=7856128 hits=2672656 fwd=80990 rows=5183348 fwd_ms=409766.4 eval=0 prior=0
[inst] req=7864320 hits=2675493 fwd=81074 rows=5188724 fwd_ms=410164.1 eval=0 prior=0
[inst] req=7872512 hits=2678235 fwd=81159 rows=5194164 fwd_ms=410567.2 eval=0 prior=0
[inst] req=7880704 hits=2681038 fwd=81243 rows=5199540 fwd_ms=410965.6 eval=0 prior=0
[inst] req=7888896 hits=2683735 fwd=81329 rows=5205044 fwd_ms=411374.0 eval=0 prior=0
[inst] req=7897088 hits=2686537 fwd=81414 rows=5210484 fwd_ms=411777.3 eval=0 prior=0
[inst] req=7905280 hits=2689216 fwd=81500 rows=5215988 fwd_ms=412185.8 eval=0 prior=0
[inst] req=7913472 hits=2691973 fwd=81585 rows=5221428 fwd_ms=412591.2 eval=0 prior=0
[inst] req=7921664 hits=2694637 fwd=81671 rows=5226932 fwd_ms=412999.7 eval=0 prior=0
[inst] req=7929856 hits=2697438 fwd=81755 rows=5232308 fwd_ms=413400.7 eval=0 prior=0
[inst] req=7938048 hits=2700222 fwd=81840 rows=5237748 fwd_ms=413806.7 eval=0 prior=0
[inst] req=7946240 hits=2702796 fwd=81927 rows=5243316 fwd_ms=414221.8 eval=0 prior=0
[inst] req=7954432 hits=2705592 fwd=82012 rows=5248756 fwd_ms=414627.0 eval=0 prior=0
[inst] req=7962624 hits=2708370 fwd=82096 rows=5254132 fwd_ms=415027.9 eval=0 prior=0
[inst] req=7970816 hits=2711019 fwd=82183 rows=5259700 fwd_ms=415442.7 eval=0 prior=0
[inst] req=7979008 hits=2713988 fwd=82265 rows=5264948 fwd_ms=415832.3 eval=0 prior=0
[inst] req=7987200 hits=2716719 fwd=82350 rows=5270388 fwd_ms=416236.0 eval=0 prior=0
[inst] req=7995392 hits=2719659 fwd=82432 rows=5275636 fwd_ms=416625.8 eval=0 prior=0
[inst] req=8003584 hits=2722442 fwd=82517 rows=5281076 fwd_ms=417031.3 eval=0 prior=0
[inst] req=8011776 hits=2725207 fwd=82601 rows=5286452 fwd_ms=417430.9 eval=0 prior=0
[inst] req=8019968 hits=2727980 fwd=82686 rows=5291892 fwd_ms=417834.4 eval=0 prior=0
[inst] req=8028160 hits=2730781 fwd=82770 rows=5297268 fwd_ms=418232.8 eval=0 prior=0
[inst] req=8036352 hits=2733506 fwd=82856 rows=5302772 fwd_ms=418640.5 eval=0 prior=0
[inst] req=8044544 hits=2736198 fwd=82942 rows=5308276 fwd_ms=419048.4 eval=0 prior=0
[inst] req=8052736 hits=2738909 fwd=83027 rows=5313716 fwd_ms=419452.0 eval=0 prior=0
[inst] req=8060928 hits=2741552 fwd=83114 rows=5319284 fwd_ms=419864.8 eval=0 prior=0
[inst] req=8069120 hits=2744200 fwd=83201 rows=5324852 fwd_ms=420277.2 eval=0 prior=0
[inst] req=8077312 hits=2747046 fwd=83284 rows=5330164 fwd_ms=420671.8 eval=0 prior=0
[inst] req=8085504 hits=2749764 fwd=83370 rows=5335668 fwd_ms=421080.4 eval=0 prior=0
[inst] req=8093696 hits=2752449 fwd=83456 rows=5341172 fwd_ms=421488.7 eval=0 prior=0
[inst] req=8101888 hits=2755258 fwd=83540 rows=5346548 fwd_ms=421888.2 eval=0 prior=0
[inst] req=8110080 hits=2758036 fwd=83624 rows=5351924 fwd_ms=422287.1 eval=0 prior=0
[inst] req=8118272 hits=2760824 fwd=83709 rows=5357364 fwd_ms=422690.8 eval=0 prior=0
[inst] req=8126464 hits=2763626 fwd=83793 rows=5362740 fwd_ms=423090.3 eval=0 prior=0
[inst] req=8134656 hits=2766348 fwd=83878 rows=5368180 fwd_ms=423493.9 eval=0 prior=0
[inst] req=8142848 hits=2769138 fwd=83963 rows=5373620 fwd_ms=423897.5 eval=0 prior=0
[inst] req=8151040 hits=2771925 fwd=84047 rows=5378996 fwd_ms=424297.2 eval=0 prior=0
[inst] req=8159232 hits=2774877 fwd=84129 rows=5384244 fwd_ms=424686.5 eval=0 prior=0
[inst] req=8167424 hits=2777520 fwd=84216 rows=5389812 fwd_ms=425099.5 eval=0 prior=0
[inst] req=8175616 hits=2780680 fwd=84295 rows=5394868 fwd_ms=425474.8 eval=0 prior=0
[inst] req=8183808 hits=2783435 fwd=84380 rows=5400308 fwd_ms=425878.6 eval=0 prior=0
[inst] req=8192000 hits=2786085 fwd=84466 rows=5405812 fwd_ms=426285.9 eval=0 prior=0
[inst] req=8200192 hits=2788830 fwd=84551 rows=5411252 fwd_ms=426689.1 eval=0 prior=0
[inst] req=8208384 hits=2791519 fwd=84637 rows=5416756 fwd_ms=427097.5 eval=0 prior=0
[inst] req=8216576 hits=2794144 fwd=84724 rows=5422324 fwd_ms=427510.3 eval=0 prior=0
[inst] req=8224768 hits=2796811 fwd=84811 rows=5427892 fwd_ms=427923.0 eval=0 prior=0
[inst] req=8232960 hits=2799517 fwd=84896 rows=5433332 fwd_ms=428326.3 eval=0 prior=0
[inst] req=8241152 hits=2802159 fwd=84983 rows=5438900 fwd_ms=428739.9 eval=0 prior=0
[inst] req=8249344 hits=2804878 fwd=85068 rows=5444340 fwd_ms=429143.1 eval=0 prior=0
[inst] req=8257536 hits=2807514 fwd=85155 rows=5449908 fwd_ms=429555.3 eval=0 prior=0
[inst] req=8265728 hits=2810175 fwd=85242 rows=5455476 fwd_ms=429967.9 eval=0 prior=0
[inst] req=8273920 hits=2813032 fwd=85325 rows=5460788 fwd_ms=430362.1 eval=0 prior=0
[inst] req=8282112 hits=2815780 fwd=85410 rows=5466228 fwd_ms=430765.5 eval=0 prior=0
[inst] req=8290304 hits=2818434 fwd=85497 rows=5471796 fwd_ms=431178.2 eval=0 prior=0
[inst] req=8298496 hits=2821097 fwd=85583 rows=5477300 fwd_ms=431585.7 eval=0 prior=0
[inst] req=8306688 hits=2823778 fwd=85669 rows=5482804 fwd_ms=431994.4 eval=0 prior=0
[inst] req=8314880 hits=2826504 fwd=85755 rows=5488308 fwd_ms=432402.5 eval=0 prior=0
[inst] req=8323072 hits=2829108 fwd=85842 rows=5493876 fwd_ms=432815.0 eval=0 prior=0
[inst] req=8331264 hits=2831871 fwd=85927 rows=5499316 fwd_ms=433218.5 eval=0 prior=0
[inst] req=8339456 hits=2834489 fwd=86014 rows=5504884 fwd_ms=433632.4 eval=0 prior=0
[inst] req=8347648 hits=2837226 fwd=86099 rows=5510324 fwd_ms=434036.4 eval=0 prior=0
[inst] req=8355840 hits=2839833 fwd=86186 rows=5515892 fwd_ms=434449.3 eval=0 prior=0
[inst] req=8364032 hits=2842629 fwd=86271 rows=5521332 fwd_ms=434852.4 eval=0 prior=0
[inst] req=8372224 hits=2845440 fwd=86355 rows=5526708 fwd_ms=435250.8 eval=0 prior=0
[inst] req=8380416 hits=2848230 fwd=86439 rows=5532084 fwd_ms=435649.9 eval=0 prior=0
[inst] req=8388608 hits=2851217 fwd=86520 rows=5537268 fwd_ms=436033.5 eval=0 prior=0
[inst] req=8396800 hits=2853879 fwd=86607 rows=5542836 fwd_ms=436446.3 eval=0 prior=0
[inst] req=8404992 hits=2856594 fwd=86692 rows=5548276 fwd_ms=436849.4 eval=0 prior=0
[inst] req=8413184 hits=2859153 fwd=86780 rows=5553908 fwd_ms=437266.6 eval=0 prior=0
[inst] req=8421376 hits=2861801 fwd=86867 rows=5559476 fwd_ms=437679.3 eval=0 prior=0
[inst] req=8429568 hits=2864624 fwd=86951 rows=5564852 fwd_ms=438078.1 eval=0 prior=0
[inst] req=8437760 hits=2867265 fwd=87038 rows=5570420 fwd_ms=438490.7 eval=0 prior=0
[inst] req=8445952 hits=2870162 fwd=87120 rows=5575668 fwd_ms=438879.5 eval=0 prior=0
[inst] req=8454144 hits=2872761 fwd=87208 rows=5581300 fwd_ms=439296.3 eval=0 prior=0
[inst] req=8462336 hits=2875544 fwd=87292 rows=5586676 fwd_ms=439694.8 eval=0 prior=0
[inst] req=8470528 hits=2878222 fwd=87378 rows=5592180 fwd_ms=440102.6 eval=0 prior=0
[inst] req=8478720 hits=2881156 fwd=87461 rows=5597492 fwd_ms=440496.5 eval=0 prior=0
[inst] req=8486912 hits=2883939 fwd=87545 rows=5602868 fwd_ms=440895.1 eval=0 prior=0
[inst] req=8495104 hits=2886865 fwd=87627 rows=5608116 fwd_ms=441285.2 eval=0 prior=0
[inst] req=8503296 hits=2889698 fwd=87711 rows=5613492 fwd_ms=441684.2 eval=0 prior=0
[inst] req=8511488 hits=2892383 fwd=87797 rows=5618996 fwd_ms=442092.0 eval=0 prior=0
[inst] req=8519680 hits=2895054 fwd=87883 rows=5624500 fwd_ms=442500.4 eval=0 prior=0
[inst] req=8527872 hits=2897737 fwd=87970 rows=5630068 fwd_ms=442915.0 eval=0 prior=0
[inst] req=8536064 hits=2900407 fwd=88056 rows=5635572 fwd_ms=443324.5 eval=0 prior=0
[inst] req=8544256 hits=2903133 fwd=88141 rows=5641012 fwd_ms=443729.8 eval=0 prior=0
[inst] req=8552448 hits=2905752 fwd=88228 rows=5646580 fwd_ms=444144.9 eval=0 prior=0
[inst] req=8560640 hits=2908459 fwd=88314 rows=5652084 fwd_ms=444555.3 eval=0 prior=0
[inst] req=8568832 hits=2911215 fwd=88399 rows=5657524 fwd_ms=444961.3 eval=0 prior=0
[inst] req=8577024 hits=2913954 fwd=88484 rows=5662964 fwd_ms=445367.9 eval=0 prior=0
[inst] req=8585216 hits=2916657 fwd=88570 rows=5668468 fwd_ms=445779.3 eval=0 prior=0
[inst] req=8593408 hits=2919446 fwd=88654 rows=5673844 fwd_ms=446180.6 eval=0 prior=0
[inst] req=8601600 hits=2922336 fwd=88737 rows=5679156 fwd_ms=446577.3 eval=0 prior=0
[inst] req=8609792 hits=2924900 fwd=88825 rows=5684788 fwd_ms=446997.5 eval=0 prior=0
[inst] req=8617984 hits=2927731 fwd=88909 rows=5690164 fwd_ms=447398.7 eval=0 prior=0
[inst] req=8626176 hits=2930524 fwd=88993 rows=5695540 fwd_ms=447799.8 eval=0 prior=0
[inst] req=8634368 hits=2933340 fwd=89077 rows=5700916 fwd_ms=448201.5 eval=0 prior=0
[inst] req=8642560 hits=2936244 fwd=89160 rows=5706228 fwd_ms=448597.6 eval=0 prior=0
[inst] req=8650752 hits=2938937 fwd=89246 rows=5711732 fwd_ms=449007.6 eval=0 prior=0
[inst] req=8658944 hits=2941845 fwd=89328 rows=5716980 fwd_ms=449399.1 eval=0 prior=0
[inst] req=8667136 hits=2944444 fwd=89416 rows=5722612 fwd_ms=449816.8 eval=0 prior=0
[inst] req=8675328 hits=2947257 fwd=89500 rows=5727988 fwd_ms=450216.0 eval=0 prior=0
[inst] req=8683520 hits=2950094 fwd=89583 rows=5733300 fwd_ms=450610.4 eval=0 prior=0
[inst] req=8691712 hits=2952765 fwd=89670 rows=5738868 fwd_ms=451024.6 eval=0 prior=0
[inst] req=8699904 hits=2955489 fwd=89755 rows=5744308 fwd_ms=451428.8 eval=0 prior=0
[inst] req=8708096 hits=2958348 fwd=89838 rows=5749620 fwd_ms=451823.8 eval=0 prior=0
[inst] req=8716288 hits=2961042 fwd=89924 rows=5755124 fwd_ms=452233.8 eval=0 prior=0
[inst] req=8724480 hits=2963774 fwd=90010 rows=5760628 fwd_ms=452643.0 eval=0 prior=0
[inst] req=8732672 hits=2966492 fwd=90095 rows=5766068 fwd_ms=453046.5 eval=0 prior=0
[inst] req=8740864 hits=2969195 fwd=90181 rows=5771572 fwd_ms=453455.2 eval=0 prior=0
[inst] req=8749056 hits=2972002 fwd=90265 rows=5776948 fwd_ms=453854.2 eval=0 prior=0
[inst] req=8757248 hits=2974879 fwd=90348 rows=5782260 fwd_ms=454249.0 eval=0 prior=0
[inst] req=8765440 hits=2977760 fwd=90431 rows=5787572 fwd_ms=454642.7 eval=0 prior=0
[inst] req=8773632 hits=2980514 fwd=90516 rows=5793012 fwd_ms=455046.7 eval=0 prior=0
[inst] req=8781824 hits=2983323 fwd=90600 rows=5798388 fwd_ms=455445.7 eval=0 prior=0
[inst] req=8790016 hits=2986043 fwd=90686 rows=5803892 fwd_ms=455854.2 eval=0 prior=0
[inst] req=8798208 hits=2988756 fwd=90771 rows=5809332 fwd_ms=456258.0 eval=0 prior=0
[inst] req=8806400 hits=2991595 fwd=90855 rows=5814708 fwd_ms=456657.3 eval=0 prior=0
[inst] req=8814592 hits=2994451 fwd=90938 rows=5820020 fwd_ms=457051.7 eval=0 prior=0
[inst] req=8822784 hits=2997288 fwd=91022 rows=5825396 fwd_ms=457451.0 eval=0 prior=0
[inst] req=8830976 hits=3000159 fwd=91105 rows=5830708 fwd_ms=457846.0 eval=0 prior=0
[inst] req=8839168 hits=3003148 fwd=91186 rows=5835892 fwd_ms=458230.7 eval=0 prior=0
[inst] req=8847360 hits=3006015 fwd=91270 rows=5841268 fwd_ms=458629.5 eval=0 prior=0
[inst] req=8855552 hits=3009243 fwd=91347 rows=5846196 fwd_ms=458997.5 eval=0 prior=0
[inst] req=8863744 hits=3012009 fwd=91432 rows=5851636 fwd_ms=459402.4 eval=0 prior=0
[inst] req=8871936 hits=3014854 fwd=91516 rows=5857012 fwd_ms=459802.0 eval=0 prior=0
[inst] req=8880128 hits=3017555 fwd=91601 rows=5862452 fwd_ms=460206.2 eval=0 prior=0
[inst] req=8888320 hits=3020437 fwd=91684 rows=5867764 fwd_ms=460602.2 eval=0 prior=0
[inst] req=8896512 hits=3023150 fwd=91770 rows=5873268 fwd_ms=461011.9 eval=0 prior=0
[inst] req=8904704 hits=3026088 fwd=91852 rows=5878516 fwd_ms=461402.6 eval=0 prior=0
[inst] req=8912896 hits=3028937 fwd=91936 rows=5883892 fwd_ms=461802.6 eval=0 prior=0
[inst] req=8921088 hits=3031773 fwd=92019 rows=5889204 fwd_ms=462197.1 eval=0 prior=0
[inst] req=8929280 hits=3034462 fwd=92105 rows=5894708 fwd_ms=462606.2 eval=0 prior=0
[inst] req=8937472 hits=3037260 fwd=92189 rows=5900084 fwd_ms=463006.5 eval=0 prior=0
[inst] req=8945664 hits=3040185 fwd=92272 rows=5905396 fwd_ms=463776.4 eval=0 prior=0
[inst] req=8953856 hits=3043048 fwd=92355 rows=5910708 fwd_ms=469407.1 eval=0 prior=0
[inst] req=8962048 hits=3045905 fwd=92438 rows=5916020 fwd_ms=474860.8 eval=0 prior=0
[inst] req=8970240 hits=3048810 fwd=92521 rows=5921332 fwd_ms=476573.6 eval=0 prior=0
[inst] req=8978432 hits=3050717 fwd=92619 rows=5927604 fwd_ms=477071.7 eval=0 prior=0
[inst] req=8986624 hits=3052777 fwd=92715 rows=5933748 fwd_ms=477527.8 eval=0 prior=0
[inst] req=8994816 hits=3055473 fwd=92801 rows=5939252 fwd_ms=477937.3 eval=0 prior=0
[inst] req=9003008 hits=3058329 fwd=92884 rows=5944564 fwd_ms=478332.2 eval=0 prior=0
[inst] req=9011200 hits=3061206 fwd=92967 rows=5949876 fwd_ms=478726.4 eval=0 prior=0
[inst] req=9019392 hits=3063866 fwd=93054 rows=5955444 fwd_ms=479139.7 eval=0 prior=0
[inst] req=9027584 hits=3066643 fwd=93138 rows=5960820 fwd_ms=479538.1 eval=0 prior=0
[inst] req=9035776 hits=3069210 fwd=93226 rows=5966452 fwd_ms=479955.8 eval=0 prior=0
[inst] req=9043968 hits=3072113 fwd=93309 rows=5971764 fwd_ms=480349.5 eval=0 prior=0
[inst] req=9052160 hits=3074835 fwd=93394 rows=5977204 fwd_ms=480753.5 eval=0 prior=0
[inst] req=9060352 hits=3077585 fwd=93479 rows=5982644 fwd_ms=481156.6 eval=0 prior=0
[inst] req=9068544 hits=3080328 fwd=93565 rows=5988148 fwd_ms=481564.8 eval=0 prior=0
[inst] req=9076736 hits=3083145 fwd=93649 rows=5993524 fwd_ms=481963.0 eval=0 prior=0
[inst] req=9084928 hits=3085923 fwd=93733 rows=5998900 fwd_ms=482361.0 eval=0 prior=0
[inst] req=9093120 hits=3088480 fwd=93821 rows=6004532 fwd_ms=482778.4 eval=0 prior=0
[inst] req=9101312 hits=3091311 fwd=93905 rows=6009908 fwd_ms=483176.1 eval=0 prior=0
[inst] req=9109504 hits=3094001 fwd=93991 rows=6015412 fwd_ms=483583.9 eval=0 prior=0
[inst] req=9117696 hits=3096853 fwd=94074 rows=6020724 fwd_ms=483978.9 eval=0 prior=0
[inst] req=9125888 hits=3099804 fwd=94156 rows=6025972 fwd_ms=484367.5 eval=0 prior=0
[inst] req=9134080 hits=3102492 fwd=94242 rows=6031476 fwd_ms=484774.8 eval=0 prior=0
[inst] req=9142272 hits=3105315 fwd=94326 rows=6036852 fwd_ms=485174.4 eval=0 prior=0
[inst] req=9150464 hits=3107940 fwd=94413 rows=6042420 fwd_ms=485586.4 eval=0 prior=0
[inst] req=9158656 hits=3110755 fwd=94497 rows=6047796 fwd_ms=485984.4 eval=0 prior=0
[inst] req=9166848 hits=3113434 fwd=94583 rows=6053300 fwd_ms=486392.3 eval=0 prior=0
[inst] req=9175040 hits=3116130 fwd=94669 rows=6058804 fwd_ms=486798.8 eval=0 prior=0
[inst] req=9183232 hits=3118967 fwd=94753 rows=6064180 fwd_ms=487196.6 eval=0 prior=0
[inst] req=9191424 hits=3121721 fwd=94838 rows=6069620 fwd_ms=487598.2 eval=0 prior=0
[inst] req=9199616 hits=3124738 fwd=94919 rows=6074804 fwd_ms=487981.1 eval=0 prior=0
[inst] req=9207808 hits=3127566 fwd=95002 rows=6080116 fwd_ms=488373.6 eval=0 prior=0
[inst] req=9216000 hits=3130257 fwd=95088 rows=6085620 fwd_ms=488780.2 eval=0 prior=0
[inst] req=9224192 hits=3133008 fwd=95173 rows=6091060 fwd_ms=489182.2 eval=0 prior=0
[inst] req=9232384 hits=3135645 fwd=95260 rows=6096628 fwd_ms=489593.9 eval=0 prior=0
[inst] req=9240576 hits=3138442 fwd=95345 rows=6102068 fwd_ms=489996.3 eval=0 prior=0
[inst] req=9248768 hits=3141295 fwd=95428 rows=6107380 fwd_ms=490388.5 eval=0 prior=0
[inst] req=9256960 hits=3144095 fwd=95512 rows=6112756 fwd_ms=490784.7 eval=0 prior=0
[inst] req=9265152 hits=3146957 fwd=95595 rows=6118068 fwd_ms=491176.2 eval=0 prior=0
[inst] req=9273344 hits=3149799 fwd=95679 rows=6123444 fwd_ms=491573.7 eval=0 prior=0
[inst] req=9281536 hits=3152652 fwd=95762 rows=6128756 fwd_ms=491966.9 eval=0 prior=0
[inst] req=9289728 hits=3155347 fwd=95848 rows=6134260 fwd_ms=492374.3 eval=0 prior=0
[inst] req=9297920 hits=3158099 fwd=95933 rows=6139700 fwd_ms=492775.5 eval=0 prior=0
[inst] req=9306112 hits=3160964 fwd=96017 rows=6145076 fwd_ms=493174.0 eval=0 prior=0
[inst] req=9314304 hits=3163967 fwd=96098 rows=6150260 fwd_ms=493557.4 eval=0 prior=0
[inst] req=9322496 hits=3166644 fwd=96184 rows=6155764 fwd_ms=493964.1 eval=0 prior=0
[inst] req=9330688 hits=3169552 fwd=96266 rows=6161012 fwd_ms=494352.2 eval=0 prior=0
[inst] req=9338880 hits=3172415 fwd=96350 rows=6166388 fwd_ms=494749.2 eval=0 prior=0
[inst] req=9347072 hits=3175034 fwd=96437 rows=6171956 fwd_ms=495159.9 eval=0 prior=0
[inst] req=9355264 hits=3177822 fwd=96521 rows=6177332 fwd_ms=495558.2 eval=0 prior=0
[inst] req=9363456 hits=3180503 fwd=96607 rows=6182836 fwd_ms=495965.6 eval=0 prior=0
[inst] req=9371648 hits=3183361 fwd=96691 rows=6188212 fwd_ms=496361.7 eval=0 prior=0
[inst] req=9379840 hits=3186060 fwd=96776 rows=6193652 fwd_ms=496764.5 eval=0 prior=0
[inst] req=9388032 hits=3188747 fwd=96863 rows=6199220 fwd_ms=497175.9 eval=0 prior=0
[inst] req=9396224 hits=3191433 fwd=96949 rows=6204724 fwd_ms=497582.8 eval=0 prior=0
[inst] req=9404416 hits=3194196 fwd=97033 rows=6210100 fwd_ms=497980.3 eval=0 prior=0
[inst] req=9412608 hits=3197114 fwd=97116 rows=6215412 fwd_ms=498373.3 eval=0 prior=0
[inst] req=9420800 hits=3199956 fwd=97199 rows=6220724 fwd_ms=498766.5 eval=0 prior=0
[inst] req=9428992 hits=3202812 fwd=97283 rows=6226100 fwd_ms=499163.5 eval=0 prior=0
[inst] req=9437184 hits=3205563 fwd=97368 rows=6231540 fwd_ms=499566.1 eval=0 prior=0
[inst] req=9445376 hits=3208534 fwd=97449 rows=6236724 fwd_ms=499949.5 eval=0 prior=0
[inst] req=9453568 hits=3211284 fwd=97534 rows=6242164 fwd_ms=500352.0 eval=0 prior=0
[inst] req=9461760 hits=3214104 fwd=97618 rows=6247540 fwd_ms=500750.2 eval=0 prior=0
[inst] req=9469952 hits=3217123 fwd=97699 rows=6252724 fwd_ms=501133.5 eval=0 prior=0
[inst] req=9478144 hits=3219745 fwd=97786 rows=6258292 fwd_ms=501544.8 eval=0 prior=0
[inst] req=9486336 hits=3222549 fwd=97870 rows=6263668 fwd_ms=501942.5 eval=0 prior=0
[inst] req=9494528 hits=3225271 fwd=97956 rows=6269172 fwd_ms=502349.7 eval=0 prior=0
[inst] req=9502720 hits=3228100 fwd=98040 rows=6274548 fwd_ms=502747.9 eval=0 prior=0
[inst] req=9510912 hits=3230883 fwd=98124 rows=6279924 fwd_ms=503145.9 eval=0 prior=0
[inst] req=9519104 hits=3233659 fwd=98209 rows=6285364 fwd_ms=503548.4 eval=0 prior=0
[inst] req=9527296 hits=3236478 fwd=98293 rows=6290740 fwd_ms=503946.1 eval=0 prior=0
[inst] req=9535488 hits=3239173 fwd=98379 rows=6296244 fwd_ms=504353.4 eval=0 prior=0
[inst] req=9543680 hits=3241945 fwd=98463 rows=6301620 fwd_ms=504751.7 eval=0 prior=0
[inst] req=9551872 hits=3244635 fwd=98549 rows=6307124 fwd_ms=505159.9 eval=0 prior=0
[inst] req=9560064 hits=3247452 fwd=98633 rows=6312500 fwd_ms=505558.4 eval=0 prior=0
[inst] req=9568256 hits=3250221 fwd=98718 rows=6317940 fwd_ms=505961.3 eval=0 prior=0
[inst] req=9576448 hits=3253097 fwd=98801 rows=6323252 fwd_ms=506354.8 eval=0 prior=0
[inst] req=9584640 hits=3255964 fwd=98884 rows=6328564 fwd_ms=506747.6 eval=0 prior=0
[inst] req=9592832 hits=3258683 fwd=98970 rows=6334068 fwd_ms=507154.6 eval=0 prior=0
[inst] req=9601024 hits=3261758 fwd=99050 rows=6339188 fwd_ms=507533.2 eval=0 prior=0
[inst] req=9609216 hits=3264495 fwd=99135 rows=6344628 fwd_ms=507935.0 eval=0 prior=0
[inst] req=9617408 hits=3267153 fwd=99221 rows=6350132 fwd_ms=508342.7 eval=0 prior=0
[inst] req=9625600 hits=3269834 fwd=99308 rows=6355700 fwd_ms=508754.3 eval=0 prior=0
[inst] req=9633792 hits=3272681 fwd=99391 rows=6361012 fwd_ms=509147.3 eval=0 prior=0
[inst] req=9641984 hits=3275559 fwd=99474 rows=6366324 fwd_ms=509541.2 eval=0 prior=0
[inst] req=9650176 hits=3278398 fwd=99558 rows=6371700 fwd_ms=509938.8 eval=0 prior=0
[inst] req=9658368 hits=3281493 fwd=99637 rows=6376756 fwd_ms=510314.0 eval=0 prior=0
[inst] req=9666560 hits=3284244 fwd=99722 rows=6382196 fwd_ms=510716.3 eval=0 prior=0
[inst] req=9674752 hits=3286887 fwd=99809 rows=6387764 fwd_ms=511128.6 eval=0 prior=0
[inst] req=9682944 hits=3289690 fwd=99893 rows=6393140 fwd_ms=511526.7 eval=0 prior=0
[inst] req=9691136 hits=3292464 fwd=99978 rows=6398580 fwd_ms=511929.8 eval=0 prior=0
[inst] req=9699328 hits=3295237 fwd=100063 rows=6404020 fwd_ms=512333.3 eval=0 prior=0
[inst] req=9707520 hits=3297896 fwd=100149 rows=6409524 fwd_ms=512741.8 eval=0 prior=0
[inst] req=9715712 hits=3300564 fwd=100235 rows=6415028 fwd_ms=513151.2 eval=0 prior=0
[inst] req=9723904 hits=3303361 fwd=100320 rows=6420468 fwd_ms=513555.0 eval=0 prior=0
[inst] req=9732096 hits=3306065 fwd=100405 rows=6425908 fwd_ms=513958.8 eval=0 prior=0
[inst] req=9740288 hits=3309016 fwd=100487 rows=6431156 fwd_ms=514348.4 eval=0 prior=0
[inst] req=9748480 hits=3311825 fwd=100571 rows=6436532 fwd_ms=514747.1 eval=0 prior=0
[inst] req=9756672 hits=3314564 fwd=100657 rows=6442036 fwd_ms=515155.3 eval=0 prior=0
[inst] req=9764864 hits=3317368 fwd=100741 rows=6447412 fwd_ms=515554.0 eval=0 prior=0
[inst] req=9773056 hits=3320049 fwd=100827 rows=6452916 fwd_ms=515962.6 eval=0 prior=0
[inst] req=9781248 hits=3322816 fwd=100912 rows=6458356 fwd_ms=516366.1 eval=0 prior=0
[inst] req=9789440 hits=3325430 fwd=100999 rows=6463924 fwd_ms=516778.9 eval=0 prior=0
[inst] req=9797632 hits=3328203 fwd=101084 rows=6469364 fwd_ms=517181.7 eval=0 prior=0
[inst] req=9805824 hits=3330851 fwd=101170 rows=6474868 fwd_ms=517589.3 eval=0 prior=0
[inst] req=9814016 hits=3333722 fwd=101253 rows=6480180 fwd_ms=517984.9 eval=0 prior=0
[inst] req=9822208 hits=3336546 fwd=101337 rows=6485556 fwd_ms=518384.3 eval=0 prior=0
[inst] req=9830400 hits=3339298 fwd=101422 rows=6490996 fwd_ms=518788.1 eval=0 prior=0
[inst] req=9838592 hits=3342122 fwd=101506 rows=6496372 fwd_ms=519187.7 eval=0 prior=0
[inst] req=9846784 hits=3344984 fwd=101589 rows=6501684 fwd_ms=519581.3 eval=0 prior=0
[inst] req=9854976 hits=3347830 fwd=101673 rows=6507060 fwd_ms=519980.0 eval=0 prior=0
[inst] req=9863168 hits=3350570 fwd=101758 rows=6512500 fwd_ms=520383.7 eval=0 prior=0
[inst] req=9871360 hits=3353453 fwd=101841 rows=6517812 fwd_ms=520777.6 eval=0 prior=0
[inst] req=9879552 hits=3356366 fwd=101923 rows=6523060 fwd_ms=521166.5 eval=0 prior=0
[inst] req=9887744 hits=3359190 fwd=102007 rows=6528436 fwd_ms=521564.3 eval=0 prior=0
[inst] req=9895936 hits=3362060 fwd=102090 rows=6533748 fwd_ms=521957.7 eval=0 prior=0
[inst] req=9904128 hits=3365007 fwd=102172 rows=6538996 fwd_ms=522346.1 eval=0 prior=0
[inst] req=9912320 hits=3367912 fwd=102255 rows=6544308 fwd_ms=522740.1 eval=0 prior=0
[inst] req=9920512 hits=3370626 fwd=102341 rows=6549812 fwd_ms=523149.2 eval=0 prior=0
[inst] req=9928704 hits=3373418 fwd=102425 rows=6555188 fwd_ms=523548.2 eval=0 prior=0
[inst] req=9936896 hits=3376223 fwd=102509 rows=6560564 fwd_ms=523948.2 eval=0 prior=0
[inst] req=9945088 hits=3378853 fwd=102596 rows=6566132 fwd_ms=524361.6 eval=0 prior=0
[inst] req=9953280 hits=3381744 fwd=102679 rows=6571444 fwd_ms=524756.6 eval=0 prior=0
[inst] req=9961472 hits=3384422 fwd=102765 rows=6576948 fwd_ms=525164.6 eval=0 prior=0
[inst] req=9969664 hits=3387093 fwd=102851 rows=6582452 fwd_ms=525572.8 eval=0 prior=0
[inst] req=9977856 hits=3389803 fwd=102937 rows=6587956 fwd_ms=525981.1 eval=0 prior=0
[inst] req=9986048 hits=3392786 fwd=103018 rows=6593140 fwd_ms=526365.9 eval=0 prior=0
[inst] req=9994240 hits=3395588 fwd=103103 rows=6598580 fwd_ms=526769.2 eval=0 prior=0
[inst] req=10002432 hits=3398476 fwd=103185 rows=6603828 fwd_ms=527158.0 eval=0 prior=0
[inst] req=10010624 hits=3401228 fwd=103270 rows=6609268 fwd_ms=527560.8 eval=0 prior=0
[inst] req=10018816 hits=3403955 fwd=103356 rows=6614772 fwd_ms=527969.8 eval=0 prior=0
[inst] req=10027008 hits=3406920 fwd=103438 rows=6620020 fwd_ms=528359.6 eval=0 prior=0
[inst] req=10035200 hits=3409729 fwd=103522 rows=6625396 fwd_ms=528758.7 eval=0 prior=0
[inst] req=10043392 hits=3412587 fwd=103605 rows=6630708 fwd_ms=529152.4 eval=0 prior=0
[inst] req=10051584 hits=3415260 fwd=103691 rows=6636212 fwd_ms=529560.5 eval=0 prior=0
[inst] req=10059776 hits=3418151 fwd=103774 rows=6641524 fwd_ms=529953.8 eval=0 prior=0
[inst] req=10067968 hits=3420956 fwd=103858 rows=6646900 fwd_ms=530352.5 eval=0 prior=0
[inst] req=10076160 hits=3423846 fwd=103941 rows=6652212 fwd_ms=530746.6 eval=0 prior=0
[inst] req=10084352 hits=3426635 fwd=104026 rows=6657652 fwd_ms=531149.9 eval=0 prior=0
[inst] req=10092544 hits=3429562 fwd=104108 rows=6662900 fwd_ms=531539.3 eval=0 prior=0
[inst] req=10100736 hits=3432579 fwd=104189 rows=6668084 fwd_ms=531923.9 eval=0 prior=0
[inst] req=10108928 hits=3435310 fwd=104274 rows=6673524 fwd_ms=532327.2 eval=0 prior=0
[inst] req=10117120 hits=3438242 fwd=104356 rows=6678772 fwd_ms=532716.5 eval=0 prior=0
[inst] req=10125312 hits=3441100 fwd=104439 rows=6684084 fwd_ms=533109.6 eval=0 prior=0
[inst] req=10133504 hits=3443974 fwd=104523 rows=6689460 fwd_ms=533508.6 eval=0 prior=0
[inst] req=10141696 hits=3446776 fwd=104607 rows=6694836 fwd_ms=533907.3 eval=0 prior=0
[inst] req=10149888 hits=3449462 fwd=104693 rows=6700340 fwd_ms=534315.3 eval=0 prior=0
[inst] req=10158080 hits=3452446 fwd=104774 rows=6705524 fwd_ms=534700.1 eval=0 prior=0
[inst] req=10166272 hits=3455132 fwd=104860 rows=6711028 fwd_ms=535108.7 eval=0 prior=0
[inst] req=10174464 hits=3458177 fwd=104941 rows=6716212 fwd_ms=535493.4 eval=0 prior=0
[inst] req=10182656 hits=3461089 fwd=105023 rows=6721460 fwd_ms=535881.6 eval=0 prior=0
[inst] req=10190848 hits=3464012 fwd=105105 rows=6726708 fwd_ms=536270.0 eval=0 prior=0
[inst] req=10199040 hits=3466805 fwd=105190 rows=6732148 fwd_ms=536672.4 eval=0 prior=0
[inst] req=10207232 hits=3469560 fwd=105275 rows=6737588 fwd_ms=537074.7 eval=0 prior=0
[inst] req=10215424 hits=3472321 fwd=105360 rows=6743028 fwd_ms=537477.4 eval=0 prior=0
[inst] req=10223616 hits=3475322 fwd=105441 rows=6748212 fwd_ms=537861.0 eval=0 prior=0
[inst] req=10231808 hits=3478173 fwd=105524 rows=6753524 fwd_ms=538254.1 eval=0 prior=0
[inst] req=10240000 hits=3480969 fwd=105609 rows=6758964 fwd_ms=538656.8 eval=0 prior=0
[inst] req=10248192 hits=3483855 fwd=105691 rows=6764212 fwd_ms=539044.8 eval=0 prior=0
[inst] req=10256384 hits=3486584 fwd=105777 rows=6769716 fwd_ms=539452.5 eval=0 prior=0
[inst] req=10264576 hits=3489335 fwd=105862 rows=6775156 fwd_ms=539854.9 eval=0 prior=0
[inst] req=10272768 hits=3492242 fwd=105944 rows=6780404 fwd_ms=540243.2 eval=0 prior=0
[inst] req=10280960 hits=3495166 fwd=106027 rows=6785716 fwd_ms=540637.0 eval=0 prior=0
[inst] req=10289152 hits=3498076 fwd=106109 rows=6790964 fwd_ms=541026.1 eval=0 prior=0
[inst] req=10297344 hits=3500918 fwd=106193 rows=6796340 fwd_ms=541423.9 eval=0 prior=0
[inst] req=10305536 hits=3503713 fwd=106277 rows=6801716 fwd_ms=541822.6 eval=0 prior=0
[inst] req=10313728 hits=3506589 fwd=106360 rows=6807028 fwd_ms=542216.4 eval=0 prior=0
[inst] req=10321920 hits=3509466 fwd=106443 rows=6812340 fwd_ms=542609.6 eval=0 prior=0
[inst] req=10330112 hits=3512524 fwd=106523 rows=6817460 fwd_ms=542989.1 eval=0 prior=0
[inst] req=10338304 hits=3515362 fwd=106607 rows=6822836 fwd_ms=543386.0 eval=0 prior=0
[inst] req=10346496 hits=3518152 fwd=106692 rows=6828276 fwd_ms=543789.2 eval=0 prior=0
[inst] req=10354688 hits=3520998 fwd=106775 rows=6833588 fwd_ms=544181.9 eval=0 prior=0
[inst] req=10362880 hits=3523842 fwd=106859 rows=6838964 fwd_ms=544580.3 eval=0 prior=0
[inst] req=10371072 hits=3526628 fwd=106943 rows=6844340 fwd_ms=544978.3 eval=0 prior=0
[inst] req=10379264 hits=3529602 fwd=107025 rows=6849588 fwd_ms=545367.0 eval=0 prior=0
[inst] req=10387456 hits=3532321 fwd=107110 rows=6855028 fwd_ms=545770.0 eval=0 prior=0
[inst] req=10395648 hits=3535194 fwd=107193 rows=6860340 fwd_ms=546163.6 eval=0 prior=0
[inst] req=10403840 hits=3538044 fwd=107277 rows=6865716 fwd_ms=546561.9 eval=0 prior=0
[inst] req=10412032 hits=3541054 fwd=107358 rows=6870900 fwd_ms=546947.4 eval=0 prior=0
[inst] req=10420224 hits=3543790 fwd=107443 rows=6876340 fwd_ms=547350.3 eval=0 prior=0
[inst] req=10428416 hits=3546520 fwd=107528 rows=6881780 fwd_ms=547753.8 eval=0 prior=0
[inst] req=10436608 hits=3549331 fwd=107612 rows=6887156 fwd_ms=548152.7 eval=0 prior=0
[inst] req=10444800 hits=3552182 fwd=107696 rows=6892532 fwd_ms=548551.3 eval=0 prior=0
[inst] req=10452992 hits=3555182 fwd=107777 rows=6897716 fwd_ms=548936.2 eval=0 prior=0
[inst] req=10461184 hits=3558110 fwd=107859 rows=6902964 fwd_ms=549324.6 eval=0 prior=0
[inst] req=10469376 hits=3560780 fwd=107945 rows=6908468 fwd_ms=549731.7 eval=0 prior=0
[inst] req=10477568 hits=3563758 fwd=108027 rows=6913716 fwd_ms=550120.8 eval=0 prior=0
[inst] req=10485760 hits=3566510 fwd=108112 rows=6919156 fwd_ms=550523.4 eval=0 prior=0
[inst] req=10493952 hits=3569372 fwd=108195 rows=6924468 fwd_ms=550917.0 eval=0 prior=0
[inst] req=10502144 hits=3572226 fwd=108279 rows=6929844 fwd_ms=551315.7 eval=0 prior=0
[inst] req=10510336 hits=3575050 fwd=108363 rows=6935220 fwd_ms=551713.7 eval=0 prior=0
[inst] req=10518528 hits=3577814 fwd=108447 rows=6940596 fwd_ms=552112.6 eval=0 prior=0
[inst] req=10526720 hits=3580776 fwd=108529 rows=6945844 fwd_ms=552502.0 eval=0 prior=0
[inst] req=10534912 hits=3583564 fwd=108613 rows=6951220 fwd_ms=552900.4 eval=0 prior=0
[inst] req=10543104 hits=3586604 fwd=108694 rows=6956404 fwd_ms=553285.1 eval=0 prior=0
[inst] req=10551296 hits=3589411 fwd=108778 rows=6961780 fwd_ms=553682.9 eval=0 prior=0
[inst] req=10559488 hits=3592224 fwd=108862 rows=6967156 fwd_ms=554081.1 eval=0 prior=0
[inst] req=10567680 hits=3595028 fwd=108946 rows=6972532 fwd_ms=554479.9 eval=0 prior=0
[inst] req=10575872 hits=3597877 fwd=109030 rows=6977908 fwd_ms=554877.4 eval=0 prior=0
[inst] req=10584064 hits=3600631 fwd=109115 rows=6983348 fwd_ms=555279.9 eval=0 prior=0
[inst] req=10592256 hits=3603455 fwd=109199 rows=6988724 fwd_ms=555679.1 eval=0 prior=0
[inst] req=10600448 hits=3606136 fwd=109285 rows=6994228 fwd_ms=556086.9 eval=0 prior=0
[inst] req=10608640 hits=3608903 fwd=109370 rows=6999668 fwd_ms=556490.7 eval=0 prior=0
[inst] req=10616832 hits=3611867 fwd=109451 rows=7004852 fwd_ms=556874.8 eval=0 prior=0
[inst] req=10625024 hits=3614710 fwd=109535 rows=7010228 fwd_ms=557274.0 eval=0 prior=0
[inst] req=10633216 hits=3617432 fwd=109620 rows=7015668 fwd_ms=557676.6 eval=0 prior=0
[inst] req=10641408 hits=3620105 fwd=109707 rows=7021236 fwd_ms=558089.0 eval=0 prior=0
[inst] req=10649600 hits=3622898 fwd=109791 rows=7026612 fwd_ms=558488.1 eval=0 prior=0
[inst] req=10657792 hits=3625631 fwd=109876 rows=7032052 fwd_ms=558892.8 eval=0 prior=0
[inst] req=10665984 hits=3628383 fwd=109961 rows=7037492 fwd_ms=559298.7 eval=0 prior=0
[inst] req=10674176 hits=3631178 fwd=110046 rows=7042932 fwd_ms=559704.7 eval=0 prior=0
[inst] req=10682368 hits=3633916 fwd=110131 rows=7048372 fwd_ms=560110.4 eval=0 prior=0
[inst] req=10690560 hits=3636770 fwd=110214 rows=7053684 fwd_ms=560506.8 eval=0 prior=0
[inst] req=10698752 hits=3639408 fwd=110301 rows=7059252 fwd_ms=560921.7 eval=0 prior=0
[inst] req=10706944 hits=3642220 fwd=110385 rows=7064628 fwd_ms=561323.0 eval=0 prior=0
[inst] req=10715136 hits=3644987 fwd=110470 rows=7070068 fwd_ms=561728.9 eval=0 prior=0
[inst] req=10723328 hits=3647897 fwd=110552 rows=7075316 fwd_ms=562119.8 eval=0 prior=0
[inst] req=10731520 hits=3650637 fwd=110637 rows=7080756 fwd_ms=562523.3 eval=0 prior=0
[inst] req=10739712 hits=3653357 fwd=110723 rows=7086260 fwd_ms=562930.9 eval=0 prior=0
[inst] req=10747904 hits=3656081 fwd=110808 rows=7091700 fwd_ms=563333.8 eval=0 prior=0
[inst] req=10756096 hits=3658877 fwd=110893 rows=7097140 fwd_ms=563736.6 eval=0 prior=0
[inst] req=10764288 hits=3661649 fwd=110977 rows=7102516 fwd_ms=564134.1 eval=0 prior=0
[inst] req=10772480 hits=3664414 fwd=111062 rows=7107956 fwd_ms=564536.6 eval=0 prior=0
[inst] req=10780672 hits=3667192 fwd=111147 rows=7113396 fwd_ms=564939.1 eval=0 prior=0
[inst] req=10788864 hits=3669989 fwd=111231 rows=7118772 fwd_ms=565337.2 eval=0 prior=0
[inst] req=10797056 hits=3672716 fwd=111316 rows=7124212 fwd_ms=565740.1 eval=0 prior=0
[inst] req=10805248 hits=3675524 fwd=111401 rows=7129652 fwd_ms=566143.3 eval=0 prior=0
[inst] req=10813440 hits=3678250 fwd=111486 rows=7135092 fwd_ms=566547.1 eval=0 prior=0
[inst] req=10821632 hits=3681163 fwd=111569 rows=7140404 fwd_ms=566941.6 eval=0 prior=0
[inst] req=10829824 hits=3684003 fwd=111652 rows=7145716 fwd_ms=567335.2 eval=0 prior=0
[inst] req=10838016 hits=3686837 fwd=111736 rows=7151092 fwd_ms=567733.0 eval=0 prior=0
[inst] req=10846208 hits=3689626 fwd=111820 rows=7156468 fwd_ms=568132.4 eval=0 prior=0
[inst] req=10854400 hits=3692389 fwd=111905 rows=7161908 fwd_ms=568538.1 eval=0 prior=0
[inst] req=10862592 hits=3695007 fwd=111992 rows=7167476 fwd_ms=568953.6 eval=0 prior=0
[inst] req=10870784 hits=3697819 fwd=112076 rows=7172852 fwd_ms=569354.3 eval=0 prior=0
[inst] req=10878976 hits=3700605 fwd=112161 rows=7178292 fwd_ms=569759.9 eval=0 prior=0
[inst] req=10887168 hits=3703458 fwd=112244 rows=7183604 fwd_ms=570157.4 eval=0 prior=0
[inst] req=10895360 hits=3706417 fwd=112326 rows=7188852 fwd_ms=570549.6 eval=0 prior=0
[inst] req=10903552 hits=3709031 fwd=112413 rows=7194420 fwd_ms=570965.8 eval=0 prior=0
[inst] req=10911744 hits=3712211 fwd=112491 rows=7199412 fwd_ms=571339.5 eval=0 prior=0
[inst] req=10919936 hits=3715129 fwd=112574 rows=7204724 fwd_ms=571735.9 eval=0 prior=0
[inst] req=10928128 hits=3717911 fwd=112658 rows=7210100 fwd_ms=572136.6 eval=0 prior=0
[inst] req=10936320 hits=3720838 fwd=112741 rows=7215412 fwd_ms=572532.2 eval=0 prior=0
[inst] req=10944512 hits=3723578 fwd=112826 rows=7220852 fwd_ms=572937.3 eval=0 prior=0
[inst] req=10952704 hits=3726368 fwd=112910 rows=7226228 fwd_ms=573336.1 eval=0 prior=0
[inst] req=10960896 hits=3729127 fwd=112995 rows=7231668 fwd_ms=573739.8 eval=0 prior=0
[inst] req=10969088 hits=3731869 fwd=113080 rows=7237108 fwd_ms=574143.9 eval=0 prior=0
[inst] req=10977280 hits=3734605 fwd=113165 rows=7242548 fwd_ms=574547.9 eval=0 prior=0
[inst] req=10985472 hits=3737398 fwd=113250 rows=7247988 fwd_ms=578494.6 eval=0 prior=0
[inst] req=10993664 hits=3740845 fwd=113324 rows=7252724 fwd_ms=583148.3 eval=0 prior=0
[inst] req=11001856 hits=3743806 fwd=113406 rows=7257972 fwd_ms=587666.5 eval=0 prior=0
[inst] req=11010048 hits=3746782 fwd=113487 rows=7263156 fwd_ms=588079.1 eval=0 prior=0
[inst] req=11018240 hits=3748165 fwd=113594 rows=7270004 fwd_ms=588612.7 eval=0 prior=0
[inst] req=11026432 hits=3750740 fwd=113681 rows=7275572 fwd_ms=589029.0 eval=0 prior=0
[inst] req=11034624 hits=3753423 fwd=113767 rows=7281076 fwd_ms=589440.5 eval=0 prior=0
[inst] req=11042816 hits=3756251 fwd=113851 rows=7286452 fwd_ms=589843.3 eval=0 prior=0
[inst] req=11051008 hits=3758990 fwd=113936 rows=7291892 fwd_ms=590250.8 eval=0 prior=0
[inst] req=11059200 hits=3761746 fwd=114021 rows=7297332 fwd_ms=590657.7 eval=0 prior=0
[inst] req=11067392 hits=3764579 fwd=114105 rows=7302708 fwd_ms=591060.0 eval=0 prior=0
[inst] req=11075584 hits=3767363 fwd=114190 rows=7308148 fwd_ms=591466.1 eval=0 prior=0
[inst] req=11083776 hits=3770254 fwd=114272 rows=7313396 fwd_ms=591857.6 eval=0 prior=0
[inst] req=11091968 hits=3773261 fwd=114353 rows=7318580 fwd_ms=592244.8 eval=0 prior=0
[inst] req=11100160 hits=3775868 fwd=114441 rows=7324212 fwd_ms=592666.1 eval=0 prior=0
[inst] req=11108352 hits=3778685 fwd=114525 rows=7329588 fwd_ms=593065.0 eval=0 prior=0
[inst] req=11116544 hits=3781532 fwd=114608 rows=7334900 fwd_ms=593460.0 eval=0 prior=0
[inst] req=11124736 hits=3784293 fwd=114693 rows=7340340 fwd_ms=593865.3 eval=0 prior=0
[inst] req=11132928 hits=3787260 fwd=114775 rows=7345588 fwd_ms=594255.2 eval=0 prior=0
[inst] req=11141120 hits=3790003 fwd=114860 rows=7351028 fwd_ms=594661.2 eval=0 prior=0
[inst] req=11149312 hits=3792757 fwd=114945 rows=7356468 fwd_ms=595066.0 eval=0 prior=0
[inst] req=11157504 hits=3795457 fwd=115031 rows=7361972 fwd_ms=595474.4 eval=0 prior=0
[inst] req=11165696 hits=3798510 fwd=115111 rows=7367092 fwd_ms=595854.5 eval=0 prior=0
[inst] req=11173888 hits=3801242 fwd=115196 rows=7372532 fwd_ms=596259.3 eval=0 prior=0
[inst] req=11182080 hits=3804087 fwd=115280 rows=7377908 fwd_ms=596658.2 eval=0 prior=0
[inst] req=11190272 hits=3806792 fwd=115366 rows=7383412 fwd_ms=597068.1 eval=0 prior=0
[inst] req=11198464 hits=3809693 fwd=115448 rows=7388660 fwd_ms=597458.3 eval=0 prior=0
[inst] req=11206656 hits=3812550 fwd=115532 rows=7394036 fwd_ms=597857.5 eval=0 prior=0
[inst] req=11214848 hits=3815407 fwd=115615 rows=7399348 fwd_ms=598251.7 eval=0 prior=0
[inst] req=11223040 hits=3818340 fwd=115697 rows=7404596 fwd_ms=598642.6 eval=0 prior=0
[inst] req=11231232 hits=3821138 fwd=115781 rows=7409972 fwd_ms=599046.6 eval=0 prior=0
[inst] req=11239424 hits=3824125 fwd=115863 rows=7415220 fwd_ms=599437.7 eval=0 prior=0
[inst] req=11247616 hits=3826806 fwd=115949 rows=7420724 fwd_ms=599846.5 eval=0 prior=0
[inst] req=11255808 hits=3829763 fwd=116031 rows=7425972 fwd_ms=600236.4 eval=0 prior=0
[inst] req=11264000 hits=3832450 fwd=116117 rows=7431476 fwd_ms=600644.6 eval=0 prior=0
[inst] req=11272192 hits=3835176 fwd=116202 rows=7436916 fwd_ms=601047.7 eval=0 prior=0
[inst] req=11280384 hits=3838105 fwd=116284 rows=7442164 fwd_ms=601437.6 eval=0 prior=0
[inst] req=11288576 hits=3840736 fwd=116371 rows=7447732 fwd_ms=601850.7 eval=0 prior=0
[inst] req=11296768 hits=3843608 fwd=116454 rows=7453044 fwd_ms=602245.9 eval=0 prior=0
[inst] req=11304960 hits=3846390 fwd=116539 rows=7458484 fwd_ms=602648.5 eval=0 prior=0
[inst] req=11313152 hits=3849154 fwd=116624 rows=7463924 fwd_ms=603052.5 eval=0 prior=0
[inst] req=11321344 hits=3851919 fwd=116708 rows=7469300 fwd_ms=603451.3 eval=0 prior=0
[inst] req=11329536 hits=3854646 fwd=116794 rows=7474804 fwd_ms=603858.9 eval=0 prior=0
[inst] req=11337728 hits=3857465 fwd=116878 rows=7480180 fwd_ms=604258.1 eval=0 prior=0
[inst] req=11345920 hits=3860218 fwd=116963 rows=7485620 fwd_ms=604660.9 eval=0 prior=0
[inst] req=11354112 hits=3862986 fwd=117048 rows=7491060 fwd_ms=605065.4 eval=0 prior=0
[inst] req=11362304 hits=3865730 fwd=117133 rows=7496500 fwd_ms=605469.7 eval=0 prior=0
[inst] req=11370496 hits=3868406 fwd=117219 rows=7502004 fwd_ms=605877.6 eval=0 prior=0
[inst] req=11378688 hits=3871248 fwd=117302 rows=7507316 fwd_ms=606271.2 eval=0 prior=0
[inst] req=11386880 hits=3873934 fwd=117388 rows=7512820 fwd_ms=606677.6 eval=0 prior=0
[inst] req=11395072 hits=3876715 fwd=117473 rows=7518260 fwd_ms=607080.3 eval=0 prior=0
[inst] req=11403264 hits=3879440 fwd=117558 rows=7523700 fwd_ms=607483.7 eval=0 prior=0
[inst] req=11411456 hits=3882204 fwd=117643 rows=7529140 fwd_ms=607885.9 eval=0 prior=0
[inst] req=11419648 hits=3885060 fwd=117727 rows=7534516 fwd_ms=608284.8 eval=0 prior=0
[inst] req=11427840 hits=3887933 fwd=117810 rows=7539828 fwd_ms=608678.6 eval=0 prior=0
[inst] req=11436032 hits=3890767 fwd=117893 rows=7545140 fwd_ms=609073.1 eval=0 prior=0
[inst] req=11444224 hits=3893760 fwd=117975 rows=7550388 fwd_ms=609462.6 eval=0 prior=0
[inst] req=11452416 hits=3896765 fwd=118056 rows=7555572 fwd_ms=609847.8 eval=0 prior=0
[inst] req=11460608 hits=3899541 fwd=118140 rows=7560948 fwd_ms=610246.5 eval=0 prior=0
[inst] req=11468800 hits=3902453 fwd=118223 rows=7566260 fwd_ms=610640.4 eval=0 prior=0
[inst] req=11476992 hits=3905217 fwd=118308 rows=7571700 fwd_ms=611043.7 eval=0 prior=0
[inst] req=11485184 hits=3908226 fwd=118389 rows=7576884 fwd_ms=611428.8 eval=0 prior=0
[inst] req=11493376 hits=3911013 fwd=118473 rows=7582260 fwd_ms=611828.1 eval=0 prior=0
[inst] req=11501568 hits=3913885 fwd=118556 rows=7587572 fwd_ms=612222.2 eval=0 prior=0
[inst] req=11509760 hits=3916786 fwd=118639 rows=7592884 fwd_ms=612616.2 eval=0 prior=0
[inst] req=11517952 hits=3919634 fwd=118722 rows=7598196 fwd_ms=613010.8 eval=0 prior=0
[inst] req=11526144 hits=3922382 fwd=118807 rows=7603636 fwd_ms=613414.8 eval=0 prior=0
[inst] req=11534336 hits=3925189 fwd=118892 rows=7609076 fwd_ms=613818.9 eval=0 prior=0
[inst] req=11542528 hits=3927992 fwd=118976 rows=7614452 fwd_ms=614218.2 eval=0 prior=0
[inst] req=11550720 hits=3930876 fwd=119059 rows=7619764 fwd_ms=614612.2 eval=0 prior=0
[inst] req=11558912 hits=3933668 fwd=119143 rows=7625140 fwd_ms=615010.6 eval=0 prior=0
[inst] req=11567104 hits=3936428 fwd=119228 rows=7630580 fwd_ms=615416.2 eval=0 prior=0
[inst] req=11575296 hits=3939372 fwd=119310 rows=7635828 fwd_ms=615805.9 eval=0 prior=0
[inst] req=11583488 hits=3942266 fwd=119393 rows=7641140 fwd_ms=616199.5 eval=0 prior=0
[inst] req=11591680 hits=3945095 fwd=119477 rows=7646516 fwd_ms=616597.8 eval=0 prior=0
[inst] req=11599872 hits=3947854 fwd=119561 rows=7651892 fwd_ms=616996.8 eval=0 prior=0
[inst] req=11608064 hits=3950641 fwd=119646 rows=7657332 fwd_ms=617401.7 eval=0 prior=0
[inst] req=11616256 hits=3953297 fwd=119732 rows=7662836 fwd_ms=617809.0 eval=0 prior=0
[inst] req=11624448 hits=3956299 fwd=119814 rows=7668084 fwd_ms=618199.9 eval=0 prior=0
[inst] req=11632640 hits=3959096 fwd=119898 rows=7673460 fwd_ms=618598.9 eval=0 prior=0
[inst] req=11640832 hits=3962017 fwd=119980 rows=7678708 fwd_ms=618989.3 eval=0 prior=0
[inst] req=11649024 hits=3964994 fwd=120062 rows=7683956 fwd_ms=619380.2 eval=0 prior=0
[inst] req=11657216 hits=3967732 fwd=120147 rows=7689396 fwd_ms=619784.7 eval=0 prior=0
[inst] req=11665408 hits=3970566 fwd=120231 rows=7694772 fwd_ms=620184.3 eval=0 prior=0
[inst] req=11673600 hits=3973296 fwd=120316 rows=7700212 fwd_ms=620589.0 eval=0 prior=0
[inst] req=11681792 hits=3976041 fwd=120401 rows=7705652 fwd_ms=620993.4 eval=0 prior=0
[inst] req=11689984 hits=3978807 fwd=120486 rows=7711092 fwd_ms=621398.1 eval=0 prior=0
[inst] req=11698176 hits=3981529 fwd=120571 rows=7716532 fwd_ms=621803.0 eval=0 prior=0
[inst] req=11706368 hits=3984502 fwd=120653 rows=7721780 fwd_ms=622194.3 eval=0 prior=0
[inst] req=11714560 hits=3987241 fwd=120738 rows=7727220 fwd_ms=622598.4 eval=0 prior=0
[inst] req=11722752 hits=3990105 fwd=120821 rows=7732532 fwd_ms=622993.8 eval=0 prior=0
[inst] req=11730944 hits=3992847 fwd=120906 rows=7737972 fwd_ms=623397.5 eval=0 prior=0
[inst] req=11739136 hits=3995645 fwd=120991 rows=7743412 fwd_ms=623800.8 eval=0 prior=0
[inst] req=11747328 hits=3998509 fwd=121074 rows=7748724 fwd_ms=624195.4 eval=0 prior=0
[inst] req=11755520 hits=4001396 fwd=121157 rows=7754036 fwd_ms=624589.8 eval=0 prior=0
[inst] req=11763712 hits=4004071 fwd=121243 rows=7759540 fwd_ms=624998.2 eval=0 prior=0
[inst] req=11771904 hits=4006715 fwd=121330 rows=7765108 fwd_ms=625412.4 eval=0 prior=0
[inst] req=11780096 hits=4009413 fwd=121416 rows=7770612 fwd_ms=625821.0 eval=0 prior=0
[inst] req=11788288 hits=4012323 fwd=121498 rows=7775860 fwd_ms=626212.0 eval=0 prior=0
[inst] req=11796480 hits=4014968 fwd=121585 rows=7781428 fwd_ms=626625.8 eval=0 prior=0
[inst] req=11804672 hits=4017830 fwd=121668 rows=7786740 fwd_ms=627021.6 eval=0 prior=0
[inst] req=11812864 hits=4020368 fwd=121756 rows=7792372 fwd_ms=627441.7 eval=0 prior=0
[inst] req=11821056 hits=4023170 fwd=121841 rows=7797812 fwd_ms=627846.8 eval=0 prior=0
[inst] req=11829248 hits=4025729 fwd=121929 rows=7803444 fwd_ms=628266.1 eval=0 prior=0
[inst] req=11837440 hits=4028564 fwd=122012 rows=7808756 fwd_ms=628662.8 eval=0 prior=0
[inst] req=11845632 hits=4031314 fwd=122097 rows=7814196 fwd_ms=629068.1 eval=0 prior=0
[inst] req=11853824 hits=4033981 fwd=122184 rows=7819764 fwd_ms=629483.3 eval=0 prior=0
[inst] req=11862016 hits=4036787 fwd=122268 rows=7825140 fwd_ms=629883.2 eval=0 prior=0
[inst] req=11870208 hits=4039475 fwd=122354 rows=7830644 fwd_ms=630292.5 eval=0 prior=0
[inst] req=11878400 hits=4042212 fwd=122439 rows=7836084 fwd_ms=630696.3 eval=0 prior=0
[inst] req=11886592 hits=4044974 fwd=122524 rows=7841524 fwd_ms=631099.8 eval=0 prior=0
[inst] req=11894784 hits=4047733 fwd=122609 rows=7846964 fwd_ms=631504.4 eval=0 prior=0
[inst] req=11902976 hits=4050765 fwd=122689 rows=7852084 fwd_ms=631884.9 eval=0 prior=0
[inst] req=11911168 hits=4053658 fwd=122772 rows=7857396 fwd_ms=632278.6 eval=0 prior=0
[inst] req=11919360 hits=4056344 fwd=122858 rows=7862900 fwd_ms=632686.9 eval=0 prior=0
[inst] req=11927552 hits=4059123 fwd=122943 rows=7868340 fwd_ms=633091.1 eval=0 prior=0
[inst] req=11935744 hits=4061752 fwd=123030 rows=7873908 fwd_ms=633504.0 eval=0 prior=0
[inst] req=11943936 hits=4064495 fwd=123115 rows=7879348 fwd_ms=633907.0 eval=0 prior=0
[inst] req=11952128 hits=4067308 fwd=123199 rows=7884724 fwd_ms=634306.0 eval=0 prior=0
[inst] req=11960320 hits=4069988 fwd=123285 rows=7890228 fwd_ms=634715.8 eval=0 prior=0
[inst] req=11968512 hits=4072761 fwd=123370 rows=7895668 fwd_ms=635120.8 eval=0 prior=0
[inst] req=11976704 hits=4075775 fwd=123451 rows=7900852 fwd_ms=635506.8 eval=0 prior=0
[inst] req=11984896 hits=4078579 fwd=123535 rows=7906228 fwd_ms=635905.6 eval=0 prior=0
[inst] req=11993088 hits=4081406 fwd=123619 rows=7911604 fwd_ms=636304.7 eval=0 prior=0
[inst] req=12001280 hits=4084090 fwd=123705 rows=7917108 fwd_ms=636713.4 eval=0 prior=0
[inst] req=12009472 hits=4086829 fwd=123790 rows=7922548 fwd_ms=637118.9 eval=0 prior=0
[inst] req=12017664 hits=4089622 fwd=123874 rows=7927924 fwd_ms=637517.3 eval=0 prior=0
[inst] req=12025856 hits=4092500 fwd=123957 rows=7933236 fwd_ms=637912.6 eval=0 prior=0
[inst] req=12034048 hits=4095552 fwd=124038 rows=7938420 fwd_ms=638298.0 eval=0 prior=0
[inst] req=12042240 hits=4098273 fwd=124123 rows=7943860 fwd_ms=638702.1 eval=0 prior=0
[inst] req=12050432 hits=4101313 fwd=124204 rows=7949044 fwd_ms=639086.8 eval=0 prior=0
[inst] req=12058624 hits=4104168 fwd=124287 rows=7954356 fwd_ms=639481.5 eval=0 prior=0
[inst] req=12066816 hits=4106977 fwd=124371 rows=7959732 fwd_ms=639880.9 eval=0 prior=0
[inst] req=12075008 hits=4109843 fwd=124454 rows=7965044 fwd_ms=640275.3 eval=0 prior=0
[inst] req=12083200 hits=4112475 fwd=124541 rows=7970612 fwd_ms=640688.7 eval=0 prior=0
[inst] req=12091392 hits=4115314 fwd=124625 rows=7975988 fwd_ms=641088.0 eval=0 prior=0
[inst] req=12099584 hits=4118268 fwd=124707 rows=7981236 fwd_ms=641478.6 eval=0 prior=0
[inst] req=12107776 hits=4121254 fwd=124788 rows=7986420 fwd_ms=641864.4 eval=0 prior=0
[inst] req=12115968 hits=4123917 fwd=124874 rows=7991924 fwd_ms=642273.0 eval=0 prior=0
[inst] req=12124160 hits=4126776 fwd=124958 rows=7997300 fwd_ms=642672.5 eval=0 prior=0
[inst] req=12132352 hits=4129466 fwd=125044 rows=8002804 fwd_ms=643081.1 eval=0 prior=0
[inst] req=12140544 hits=4132380 fwd=125126 rows=8008052 fwd_ms=643470.5 eval=0 prior=0
[inst] req=12148736 hits=4135078 fwd=125212 rows=8013556 fwd_ms=643879.5 eval=0 prior=0
[inst] req=12156928 hits=4137806 fwd=125297 rows=8018996 fwd_ms=644283.4 eval=0 prior=0
[inst] req=12165120 hits=4140529 fwd=125383 rows=8024500 fwd_ms=644692.3 eval=0 prior=0
[inst] req=12173312 hits=4143343 fwd=125467 rows=8029876 fwd_ms=645091.7 eval=0 prior=0
[inst] req=12181504 hits=4146193 fwd=125550 rows=8035188 fwd_ms=645485.7 eval=0 prior=0
[inst] req=12189696 hits=4148902 fwd=125636 rows=8040692 fwd_ms=645894.5 eval=0 prior=0
[inst] req=12197888 hits=4151619 fwd=125722 rows=8046196 fwd_ms=646302.4 eval=0 prior=0
[inst] req=12206080 hits=4154342 fwd=125807 rows=8051636 fwd_ms=646705.5 eval=0 prior=0
[inst] req=12214272 hits=4157074 fwd=125892 rows=8057076 fwd_ms=647109.2 eval=0 prior=0
[inst] req=12222464 hits=4159888 fwd=125976 rows=8062452 fwd_ms=647508.0 eval=0 prior=0
[inst] req=12230656 hits=4162584 fwd=126062 rows=8067956 fwd_ms=647916.1 eval=0 prior=0
[inst] req=12238848 hits=4165388 fwd=126146 rows=8073332 fwd_ms=648315.1 eval=0 prior=0
[inst] req=12247040 hits=4168101 fwd=126232 rows=8078836 fwd_ms=648723.2 eval=0 prior=0
[inst] req=12255232 hits=4171065 fwd=126314 rows=8084084 fwd_ms=649111.7 eval=0 prior=0
[inst] req=12263424 hits=4173801 fwd=126399 rows=8089524 fwd_ms=649515.5 eval=0 prior=0
[inst] req=12271616 hits=4176588 fwd=126483 rows=8094900 fwd_ms=649913.8 eval=0 prior=0
[inst] req=12279808 hits=4179295 fwd=126569 rows=8100404 fwd_ms=650322.0 eval=0 prior=0
[inst] req=12288000 hits=4182019 fwd=126655 rows=8105908 fwd_ms=650730.5 eval=0 prior=0
[inst] req=12296192 hits=4184825 fwd=126739 rows=8111284 fwd_ms=651129.2 eval=0 prior=0
[inst] req=12304384 hits=4187541 fwd=126824 rows=8116724 fwd_ms=651533.0 eval=0 prior=0
[inst] req=12312576 hits=4190267 fwd=126910 rows=8122228 fwd_ms=651941.4 eval=0 prior=0
[inst] req=12320768 hits=4192999 fwd=126995 rows=8127668 fwd_ms=652344.9 eval=0 prior=0
[inst] req=12328960 hits=4195678 fwd=127081 rows=8133172 fwd_ms=652752.9 eval=0 prior=0
[inst] req=12337152 hits=4198502 fwd=127165 rows=8138548 fwd_ms=653151.7 eval=0 prior=0
[inst] req=12345344 hits=4201254 fwd=127250 rows=8143988 fwd_ms=653555.1 eval=0 prior=0
[inst] req=12353536 hits=4204195 fwd=127332 rows=8149236 fwd_ms=653944.6 eval=0 prior=0
[inst] req=12361728 hits=4207035 fwd=127416 rows=8154612 fwd_ms=654343.5 eval=0 prior=0
[inst] req=12369920 hits=4209855 fwd=127500 rows=8159988 fwd_ms=654742.2 eval=0 prior=0
[inst] req=12378112 hits=4212729 fwd=127583 rows=8165300 fwd_ms=655136.6 eval=0 prior=0
[inst] req=12386304 hits=4215574 fwd=127666 rows=8170612 fwd_ms=655530.4 eval=0 prior=0
[inst] req=12394496 hits=4218431 fwd=127750 rows=8175988 fwd_ms=655929.7 eval=0 prior=0
[inst] req=12402688 hits=4221181 fwd=127835 rows=8181428 fwd_ms=656333.0 eval=0 prior=0
[inst] req=12410880 hits=4224020 fwd=127918 rows=8186740 fwd_ms=656726.9 eval=0 prior=0
[inst] req=12419072 hits=4226823 fwd=128003 rows=8192180 fwd_ms=657130.2 eval=0 prior=0
[inst] req=12427264 hits=4229679 fwd=128086 rows=8197492 fwd_ms=657524.8 eval=0 prior=0
[inst] req=12435456 hits=4232489 fwd=128170 rows=8202868 fwd_ms=657923.6 eval=0 prior=0
[inst] req=12443648 hits=4235341 fwd=128253 rows=8208180 fwd_ms=658317.1 eval=0 prior=0
[inst] req=12451840 hits=4238394 fwd=128334 rows=8213364 fwd_ms=658703.7 eval=0 prior=0
[inst] req=12460032 hits=4241090 fwd=128420 rows=8218868 fwd_ms=659112.3 eval=0 prior=0
[inst] req=12468224 hits=4243868 fwd=128504 rows=8224244 fwd_ms=659511.4 eval=0 prior=0
[inst] req=12476416 hits=4246604 fwd=128589 rows=8229684 fwd_ms=659914.7 eval=0 prior=0
[inst] req=12484608 hits=4249500 fwd=128672 rows=8234996 fwd_ms=660308.7 eval=0 prior=0
[inst] req=12492800 hits=4252467 fwd=128754 rows=8240244 fwd_ms=660699.4 eval=0 prior=0
[inst] req=12500992 hits=4255215 fwd=128839 rows=8245684 fwd_ms=661103.5 eval=0 prior=0
[inst] req=12509184 hits=4258252 fwd=128919 rows=8250804 fwd_ms=661483.7 eval=0 prior=0
[inst] req=12517376 hits=4261045 fwd=129004 rows=8256244 fwd_ms=661887.8 eval=0 prior=0
[inst] req=12525568 hits=4263731 fwd=129090 rows=8261748 fwd_ms=662295.5 eval=0 prior=0
[inst] req=12533760 hits=4266508 fwd=129174 rows=8267124 fwd_ms=662695.3 eval=0 prior=0
[inst] req=12541952 hits=4269325 fwd=129258 rows=8272500 fwd_ms=663094.3 eval=0 prior=0
[inst] req=12550144 hits=4272126 fwd=129343 rows=8277940 fwd_ms=667563.3 eval=0 prior=0
[inst] req=12558336 hits=4274789 fwd=129429 rows=8283444 fwd_ms=673076.8 eval=0 prior=0
[inst] req=12566528 hits=4277722 fwd=129511 rows=8288692 fwd_ms=676284.7 eval=0 prior=0
[inst] req=12574720 hits=4280733 fwd=129592 rows=8293876 fwd_ms=676697.0 eval=0 prior=0
[inst] req=12582912 hits=4281934 fwd=129701 rows=8300852 fwd_ms=677232.0 eval=0 prior=0
[inst] req=12591104 hits=4284505 fwd=129789 rows=8306484 fwd_ms=677650.3 eval=0 prior=0
[inst] req=12599296 hits=4287308 fwd=129873 rows=8311860 fwd_ms=678050.5 eval=0 prior=0
[inst] req=12607488 hits=4290141 fwd=129957 rows=8317236 fwd_ms=678450.7 eval=0 prior=0
[inst] req=12615680 hits=4292734 fwd=130045 rows=8322868 fwd_ms=678869.6 eval=0 prior=0
[inst] req=12623872 hits=4295555 fwd=130129 rows=8328244 fwd_ms=679269.2 eval=0 prior=0
[inst] req=12632064 hits=4298377 fwd=130213 rows=8333620 fwd_ms=679668.6 eval=0 prior=0
[inst] req=12640256 hits=4301129 fwd=130298 rows=8339060 fwd_ms=680072.0 eval=0 prior=0
[inst] req=12648448 hits=4303792 fwd=130384 rows=8344564 fwd_ms=680480.2 eval=0 prior=0
[inst] req=12656640 hits=4306681 fwd=130467 rows=8349876 fwd_ms=680874.9 eval=0 prior=0
[inst] req=12664832 hits=4309401 fwd=130552 rows=8355316 fwd_ms=681279.2 eval=0 prior=0
[inst] req=12673024 hits=4312206 fwd=130636 rows=8360692 fwd_ms=681678.5 eval=0 prior=0
[inst] req=12681216 hits=4315002 fwd=130721 rows=8366132 fwd_ms=682083.2 eval=0 prior=0
[inst] req=12689408 hits=4318019 fwd=130802 rows=8371316 fwd_ms=682467.6 eval=0 prior=0
[inst] req=12697600 hits=4320687 fwd=130888 rows=8376820 fwd_ms=682875.9 eval=0 prior=0
[inst] req=12705792 hits=4323378 fwd=130974 rows=8382324 fwd_ms=683284.9 eval=0 prior=0
[inst] req=12713984 hits=4326163 fwd=131058 rows=8387700 fwd_ms=683684.5 eval=0 prior=0
[inst] req=12722176 hits=4329013 fwd=131142 rows=8393076 fwd_ms=684083.9 eval=0 prior=0
[inst] req=12730368 hits=4331770 fwd=131227 rows=8398516 fwd_ms=684487.6 eval=0 prior=0
[inst] req=12738560 hits=4334670 fwd=131309 rows=8403764 fwd_ms=684876.9 eval=0 prior=0
[inst] req=12746752 hits=4337425 fwd=131394 rows=8409204 fwd_ms=685281.7 eval=0 prior=0
[inst] req=12754944 hits=4340218 fwd=131479 rows=8414644 fwd_ms=685685.9 eval=0 prior=0
[inst] req=12763136 hits=4343008 fwd=131563 rows=8420020 fwd_ms=686085.3 eval=0 prior=0
[inst] req=12771328 hits=4345763 fwd=131648 rows=8425460 fwd_ms=686488.8 eval=0 prior=0
[inst] req=12779520 hits=4348544 fwd=131733 rows=8430900 fwd_ms=686891.8 eval=0 prior=0
[inst] req=12787712 hits=4351417 fwd=131816 rows=8436212 fwd_ms=687286.0 eval=0 prior=0
[inst] req=12795904 hits=4354077 fwd=131902 rows=8441716 fwd_ms=687695.3 eval=0 prior=0
[inst] req=12804096 hits=4357018 fwd=131984 rows=8446964 fwd_ms=688085.0 eval=0 prior=0
[inst] req=12812288 hits=4359751 fwd=132070 rows=8452468 fwd_ms=688493.5 eval=0 prior=0
[inst] req=12820480 hits=4362602 fwd=132153 rows=8457780 fwd_ms=688887.7 eval=0 prior=0
[inst] req=12828672 hits=4365486 fwd=132236 rows=8463092 fwd_ms=689281.3 eval=0 prior=0
[inst] req=12836864 hits=4368373 fwd=132319 rows=8468404 fwd_ms=689675.9 eval=0 prior=0
[inst] req=12845056 hits=4371155 fwd=132403 rows=8473780 fwd_ms=690074.1 eval=0 prior=0
[inst] req=12853248 hits=4373901 fwd=132488 rows=8479220 fwd_ms=690477.3 eval=0 prior=0
[inst] req=12861440 hits=4376621 fwd=132574 rows=8484724 fwd_ms=690884.7 eval=0 prior=0
[inst] req=12869632 hits=4379372 fwd=132659 rows=8490164 fwd_ms=691286.6 eval=0 prior=0
[inst] req=12877824 hits=4382139 fwd=132744 rows=8495604 fwd_ms=691690.0 eval=0 prior=0
[inst] req=12886016 hits=4384919 fwd=132828 rows=8500980 fwd_ms=692088.4 eval=0 prior=0
[inst] req=12894208 hits=4387806 fwd=132911 rows=8506292 fwd_ms=692481.4 eval=0 prior=0
[inst] req=12902400 hits=4390618 fwd=132995 rows=8511668 fwd_ms=692878.6 eval=0 prior=0
[inst] req=12910592 hits=4393484 fwd=133078 rows=8516980 fwd_ms=693272.3 eval=0 prior=0
[inst] req=12918784 hits=4396279 fwd=133163 rows=8522420 fwd_ms=693674.9 eval=0 prior=0
[inst] req=12926976 hits=4399047 fwd=133248 rows=8527860 fwd_ms=694078.9 eval=0 prior=0
[inst] req=12935168 hits=4401691 fwd=133334 rows=8533364 fwd_ms=694485.4 eval=0 prior=0
[inst] req=12943360 hits=4404481 fwd=133419 rows=8538804 fwd_ms=694887.0 eval=0 prior=0
[inst] req=12951552 hits=4407287 fwd=133503 rows=8544180 fwd_ms=695284.7 eval=0 prior=0
[inst] req=12959744 hits=4410152 fwd=133586 rows=8549492 fwd_ms=695678.0 eval=0 prior=0
[inst] req=12967936 hits=4412933 fwd=133671 rows=8554932 fwd_ms=696079.0 eval=0 prior=0
[inst] req=12976128 hits=4415771 fwd=133754 rows=8560244 fwd_ms=696471.9 eval=0 prior=0
[inst] req=12984320 hits=4418580 fwd=133838 rows=8565620 fwd_ms=696869.9 eval=0 prior=0
[inst] req=12992512 hits=4421253 fwd=133925 rows=8571188 fwd_ms=697281.9 eval=0 prior=0
[inst] req=13000704 hits=4424129 fwd=134008 rows=8576500 fwd_ms=697675.3 eval=0 prior=0
[inst] req=13008896 hits=4426860 fwd=134093 rows=8581940 fwd_ms=698077.6 eval=0 prior=0
[inst] req=13017088 hits=4429554 fwd=134179 rows=8587444 fwd_ms=698485.4 eval=0 prior=0
[inst] req=13025280 hits=4432470 fwd=134261 rows=8592692 fwd_ms=698874.2 eval=0 prior=0
[inst] req=13033472 hits=4435145 fwd=134348 rows=8598260 fwd_ms=699286.2 eval=0 prior=0
[inst] req=13041664 hits=4438039 fwd=134430 rows=8603508 fwd_ms=699675.7 eval=0 prior=0
[inst] req=13049856 hits=4440785 fwd=134515 rows=8608948 fwd_ms=700078.6 eval=0 prior=0
[inst] req=13058048 hits=4443581 fwd=134600 rows=8614388 fwd_ms=700481.3 eval=0 prior=0
[inst] req=13066240 hits=4446346 fwd=134685 rows=8619828 fwd_ms=700883.9 eval=0 prior=0
[inst] req=13074432 hits=4449141 fwd=134769 rows=8625204 fwd_ms=701281.5 eval=0 prior=0
[inst] req=13082624 hits=4451925 fwd=134853 rows=8630580 fwd_ms=701679.3 eval=0 prior=0
[inst] req=13090816 hits=4454737 fwd=134937 rows=8635956 fwd_ms=702077.3 eval=0 prior=0
[inst] req=13099008 hits=4457475 fwd=135023 rows=8641460 fwd_ms=702484.8 eval=0 prior=0
[inst] req=13107200 hits=4460143 fwd=135109 rows=8646964 fwd_ms=702892.4 eval=0 prior=0
[inst] req=13115392 hits=4462841 fwd=135195 rows=8652468 fwd_ms=703300.7 eval=0 prior=0
[inst] req=13123584 hits=4465544 fwd=135281 rows=8657972 fwd_ms=703708.4 eval=0 prior=0
[inst] req=13131776 hits=4468450 fwd=135363 rows=8663220 fwd_ms=704096.7 eval=0 prior=0
[inst] req=13139968 hits=4471104 fwd=135450 rows=8668788 fwd_ms=704510.1 eval=0 prior=0
[inst] req=13148160 hits=4474069 fwd=135531 rows=8673972 fwd_ms=704894.1 eval=0 prior=0
[inst] req=13156352 hits=4476957 fwd=135614 rows=8679284 fwd_ms=705288.2 eval=0 prior=0
[inst] req=13164544 hits=4479765 fwd=135698 rows=8684660 fwd_ms=705686.4 eval=0 prior=0
[inst] req=13172736 hits=4482838 fwd=135778 rows=8689780 fwd_ms=706065.5 eval=0 prior=0
[inst] req=13180928 hits=4485517 fwd=135864 rows=8695284 fwd_ms=706472.9 eval=0 prior=0
[inst] req=13189120 hits=4488366 fwd=135948 rows=8700660 fwd_ms=706870.8 eval=0 prior=0
[inst] req=13197312 hits=4491185 fwd=136032 rows=8706036 fwd_ms=707269.6 eval=0 prior=0
[inst] req=13205504 hits=4494047 fwd=136115 rows=8711348 fwd_ms=707663.0 eval=0 prior=0
[inst] req=13213696 hits=4496860 fwd=136199 rows=8716724 fwd_ms=708060.9 eval=0 prior=0
[inst] req=13221888 hits=4499541 fwd=136285 rows=8722228 fwd_ms=708469.5 eval=0 prior=0
[inst] req=13230080 hits=4502326 fwd=136370 rows=8727668 fwd_ms=708873.0 eval=0 prior=0
[inst] req=13238272 hits=4505133 fwd=136454 rows=8733044 fwd_ms=709271.9 eval=0 prior=0
[inst] req=13246464 hits=4508128 fwd=136535 rows=8738228 fwd_ms=709666.9 eval=0 prior=0
[inst] req=13254656 hits=4511072 fwd=136617 rows=8743476 fwd_ms=710061.6 eval=0 prior=0
[inst] req=13262848 hits=4513790 fwd=136703 rows=8748980 fwd_ms=710477.4 eval=0 prior=0
[inst] req=13271040 hits=4516620 fwd=136786 rows=8754292 fwd_ms=710885.9 eval=0 prior=0
[inst] req=13279232 hits=4519550 fwd=136869 rows=8759604 fwd_ms=711289.0 eval=0 prior=0
[inst] req=13287424 hits=4522265 fwd=136954 rows=8765044 fwd_ms=711710.6 eval=0 prior=0
[inst] req=13295616 hits=4525138 fwd=137037 rows=8770356 fwd_ms=712126.6 eval=0 prior=0
[inst] req=13303808 hits=4527847 fwd=137123 rows=8775860 fwd_ms=712542.8 eval=0 prior=0
[inst] req=13312000 hits=4530726 fwd=137206 rows=8781172 fwd_ms=712944.2 eval=0 prior=0
[inst] req=13320192 hits=4533586 fwd=137289 rows=8786484 fwd_ms=713351.7 eval=0 prior=0
[inst] req=13328384 hits=4536417 fwd=137373 rows=8791860 fwd_ms=713765.5 eval=0 prior=0
[inst] req=13336576 hits=4539315 fwd=137456 rows=8797172 fwd_ms=714175.2 eval=0 prior=0
[inst] req=13344768 hits=4542171 fwd=137539 rows=8802484 fwd_ms=714577.2 eval=0 prior=0
[inst] req=13352960 hits=4545067 fwd=137622 rows=8807796 fwd_ms=714986.9 eval=0 prior=0
[inst] req=13361152 hits=4547796 fwd=137707 rows=8813236 fwd_ms=715398.9 eval=0 prior=0
[inst] req=13369344 hits=4550768 fwd=137789 rows=8818484 fwd_ms=715799.7 eval=0 prior=0
[inst] req=13377536 hits=4553531 fwd=137874 rows=8823924 fwd_ms=716218.8 eval=0 prior=0
[inst] req=13385728 hits=4556475 fwd=137956 rows=8829172 fwd_ms=716609.0 eval=0 prior=0
[inst] req=13393920 hits=4559121 fwd=138042 rows=8834676 fwd_ms=717024.3 eval=0 prior=0
[inst] req=13402112 hits=4561907 fwd=138127 rows=8840116 fwd_ms=717437.3 eval=0 prior=0
[inst] req=13410304 hits=4564652 fwd=138212 rows=8845556 fwd_ms=717853.5 eval=0 prior=0
[inst] req=13418496 hits=4567343 fwd=138298 rows=8851060 fwd_ms=718267.1 eval=0 prior=0
[inst] req=13426688 hits=4570381 fwd=138378 rows=8856180 fwd_ms=718651.5 eval=0 prior=0
[inst] req=13434880 hits=4573128 fwd=138464 rows=8861684 fwd_ms=719067.2 eval=0 prior=0
[inst] req=13443072 hits=4576017 fwd=138546 rows=8866932 fwd_ms=719467.8 eval=0 prior=0
[inst] req=13451264 hits=4578786 fwd=138631 rows=8872372 fwd_ms=719880.8 eval=0 prior=0
[inst] req=13459456 hits=4581674 fwd=138714 rows=8877684 fwd_ms=720277.4 eval=0 prior=0
[inst] req=13467648 hits=4584555 fwd=138797 rows=8882996 fwd_ms=720669.7 eval=0 prior=0
[inst] req=13475840 hits=4587392 fwd=138881 rows=8888372 fwd_ms=721067.6 eval=0 prior=0
[inst] req=13484032 hits=4590148 fwd=138966 rows=8893812 fwd_ms=721470.7 eval=0 prior=0
[inst] req=13492224 hits=4592902 fwd=139051 rows=8899252 fwd_ms=721874.0 eval=0 prior=0
[inst] req=13500416 hits=4595648 fwd=139136 rows=8904692 fwd_ms=722277.1 eval=0 prior=0
[inst] req=13508608 hits=4598574 fwd=139218 rows=8909940 fwd_ms=722666.7 eval=0 prior=0
[inst] req=13516800 hits=4601485 fwd=139300 rows=8915188 fwd_ms=723057.9 eval=0 prior=0
[inst] req=13524992 hits=4604413 fwd=139383 rows=8920500 fwd_ms=723464.6 eval=0 prior=0
[inst] req=13533184 hits=4607119 fwd=139468 rows=8925940 fwd_ms=723868.1 eval=0 prior=0
[inst] req=13541376 hits=4609953 fwd=139552 rows=8931316 fwd_ms=724269.5 eval=0 prior=0
[inst] req=13549568 hits=4612634 fwd=139638 rows=8936820 fwd_ms=724679.5 eval=0 prior=0
[inst] req=13557760 hits=4615449 fwd=139722 rows=8942196 fwd_ms=725077.1 eval=0 prior=0
[inst] req=13565952 hits=4618233 fwd=139807 rows=8947636 fwd_ms=725480.0 eval=0 prior=0
[inst] req=13574144 hits=4621213 fwd=139888 rows=8952820 fwd_ms=725864.4 eval=0 prior=0
[inst] req=13582336 hits=4624076 fwd=139971 rows=8958132 fwd_ms=726257.6 eval=0 prior=0
[inst] req=13590528 hits=4626726 fwd=140058 rows=8963700 fwd_ms=726668.6 eval=0 prior=0
[inst] req=13598720 hits=4629552 fwd=140142 rows=8969076 fwd_ms=727066.9 eval=0 prior=0
[inst] req=13606912 hits=4632382 fwd=140226 rows=8974452 fwd_ms=727465.0 eval=0 prior=0
[inst] req=13615104 hits=4635370 fwd=140307 rows=8979636 fwd_ms=727848.8 eval=0 prior=0
[inst] req=13623296 hits=4638236 fwd=140390 rows=8984948 fwd_ms=728242.7 eval=0 prior=0
[inst] req=13631488 hits=4640975 fwd=140475 rows=8990388 fwd_ms=728646.4 eval=0 prior=0
[inst] req=13639680 hits=4643827 fwd=140559 rows=8995764 fwd_ms=729044.3 eval=0 prior=0
[inst] req=13647872 hits=4646617 fwd=140643 rows=9001140 fwd_ms=729443.6 eval=0 prior=0
[inst] req=13656064 hits=4649588 fwd=140725 rows=9006388 fwd_ms=729832.0 eval=0 prior=0
[inst] req=13664256 hits=4652492 fwd=140807 rows=9011636 fwd_ms=730220.8 eval=0 prior=0
[inst] req=13672448 hits=4655286 fwd=140892 rows=9017076 fwd_ms=730623.6 eval=0 prior=0
[inst] req=13680640 hits=4658069 fwd=140976 rows=9022452 fwd_ms=731021.9 eval=0 prior=0
[inst] req=13688832 hits=4660836 fwd=141061 rows=9027892 fwd_ms=731425.6 eval=0 prior=0
[inst] req=13697024 hits=4663682 fwd=141145 rows=9033268 fwd_ms=731823.8 eval=0 prior=0
[inst] req=13705216 hits=4666562 fwd=141228 rows=9038580 fwd_ms=732218.2 eval=0 prior=0
[inst] req=13713408 hits=4669407 fwd=141311 rows=9043892 fwd_ms=732611.3 eval=0 prior=0
[inst] req=13721600 hits=4672212 fwd=141395 rows=9049268 fwd_ms=733009.6 eval=0 prior=0
[inst] req=13729792 hits=4675077 fwd=141479 rows=9054644 fwd_ms=733408.0 eval=0 prior=0
[inst] req=13737984 hits=4678068 fwd=141560 rows=9059828 fwd_ms=733792.7 eval=0 prior=0
[inst] req=13746176 hits=4681037 fwd=141641 rows=9065012 fwd_ms=734176.5 eval=0 prior=0
[inst] req=13754368 hits=4683795 fwd=141726 rows=9070452 fwd_ms=734579.2 eval=0 prior=0
[inst] req=13762560 hits=4686556 fwd=141811 rows=9075892 fwd_ms=734982.2 eval=0 prior=0
[inst] req=13770752 hits=4689379 fwd=141895 rows=9081268 fwd_ms=735381.1 eval=0 prior=0
[inst] req=13778944 hits=4692058 fwd=141981 rows=9086772 fwd_ms=735788.9 eval=0 prior=0
[inst] req=13787136 hits=4694955 fwd=142064 rows=9092084 fwd_ms=736182.7 eval=0 prior=0
[inst] req=13795328 hits=4697642 fwd=142150 rows=9097588 fwd_ms=736590.5 eval=0 prior=0
[inst] req=13803520 hits=4700508 fwd=142233 rows=9102900 fwd_ms=736984.6 eval=0 prior=0
[inst] req=13811712 hits=4703318 fwd=142317 rows=9108276 fwd_ms=737382.3 eval=0 prior=0
[inst] req=13819904 hits=4706210 fwd=142400 rows=9113588 fwd_ms=737775.9 eval=0 prior=0
[inst] req=13828096 hits=4709123 fwd=142483 rows=9118900 fwd_ms=738170.0 eval=0 prior=0
[inst] req=13836288 hits=4712021 fwd=142565 rows=9124148 fwd_ms=738559.1 eval=0 prior=0
[inst] req=13844480 hits=4714886 fwd=142649 rows=9129524 fwd_ms=738957.2 eval=0 prior=0
[inst] req=13852672 hits=4717663 fwd=142733 rows=9134900 fwd_ms=739355.2 eval=0 prior=0
[inst] req=13860864 hits=4720550 fwd=142816 rows=9140212 fwd_ms=739748.8 eval=0 prior=0
[inst] req=13869056 hits=4723323 fwd=142901 rows=9145652 fwd_ms=740151.8 eval=0 prior=0
[inst] req=13877248 hits=4726238 fwd=142983 rows=9150900 fwd_ms=740540.8 eval=0 prior=0
[inst] req=13885440 hits=4728994 fwd=143068 rows=9156340 fwd_ms=740943.8 eval=0 prior=0
[inst] req=13893632 hits=4731972 fwd=143150 rows=9161588 fwd_ms=741332.6 eval=0 prior=0
[inst] req=13901824 hits=4734799 fwd=143233 rows=9166900 fwd_ms=741726.1 eval=0 prior=0
[inst] req=13910016 hits=4737845 fwd=143314 rows=9172084 fwd_ms=742110.3 eval=0 prior=0
[inst] req=13918208 hits=4740711 fwd=143397 rows=9177396 fwd_ms=742504.1 eval=0 prior=0
[inst] req=13926400 hits=4743471 fwd=143482 rows=9182836 fwd_ms=742906.5 eval=0 prior=0
[inst] req=13934592 hits=4746423 fwd=143564 rows=9188084 fwd_ms=743295.3 eval=0 prior=0
[inst] req=13942784 hits=4749137 fwd=143649 rows=9193524 fwd_ms=743698.8 eval=0 prior=0
[inst] req=13950976 hits=4752155 fwd=143730 rows=9198708 fwd_ms=744083.0 eval=0 prior=0
[inst] req=13959168 hits=4755153 fwd=143811 rows=9203892 fwd_ms=744467.2 eval=0 prior=0
[inst] req=13967360 hits=4758099 fwd=143893 rows=9209140 fwd_ms=744855.6 eval=0 prior=0
[inst] req=13975552 hits=4761066 fwd=143975 rows=9214388 fwd_ms=745244.0 eval=0 prior=0
[inst] req=13983744 hits=4763936 fwd=144058 rows=9219700 fwd_ms=745638.5 eval=0 prior=0
[inst] req=13991936 hits=4766827 fwd=144141 rows=9225012 fwd_ms=746032.1 eval=0 prior=0
[inst] req=14000128 hits=4769811 fwd=144222 rows=9230196 fwd_ms=746416.9 eval=0 prior=0
[inst] req=14008320 hits=4772588 fwd=144307 rows=9235636 fwd_ms=746819.9 eval=0 prior=0
[inst] req=14016512 hits=4775534 fwd=144389 rows=9240884 fwd_ms=747209.1 eval=0 prior=0
[inst] req=14024704 hits=4778440 fwd=144472 rows=9246196 fwd_ms=747602.5 eval=0 prior=0
[inst] req=14032896 hits=4781492 fwd=144552 rows=9251316 fwd_ms=747981.8 eval=0 prior=0
[inst] req=14041088 hits=4784331 fwd=144636 rows=9256692 fwd_ms=748379.6 eval=0 prior=0
[inst] req=14049280 hits=4787110 fwd=144720 rows=9262068 fwd_ms=748777.5 eval=0 prior=0
[inst] req=14057472 hits=4789985 fwd=144803 rows=9267380 fwd_ms=749179.7 eval=0 prior=0
[inst] req=14065664 hits=4792835 fwd=144887 rows=9272756 fwd_ms=749580.2 eval=0 prior=0
[inst] req=14073856 hits=4795645 fwd=144971 rows=9278132 fwd_ms=749983.3 eval=0 prior=0
[inst] req=14082048 hits=4798413 fwd=145055 rows=9283508 fwd_ms=750392.4 eval=0 prior=0
[inst] req=14090240 hits=4801142 fwd=145141 rows=9289012 fwd_ms=750809.5 eval=0 prior=0
[inst] req=14098432 hits=4803872 fwd=145226 rows=9294452 fwd_ms=751221.8 eval=0 prior=0
[inst] req=14106624 hits=4806756 fwd=145309 rows=9299764 fwd_ms=751618.5 eval=0 prior=0
[inst] req=14114816 hits=4809612 fwd=145392 rows=9305076 fwd_ms=752015.8 eval=0 prior=0
[inst] req=14123008 hits=4812389 fwd=145477 rows=9310516 fwd_ms=752421.1 eval=0 prior=0
[inst] req=14131200 hits=4815262 fwd=145560 rows=9315828 fwd_ms=752814.8 eval=0 prior=0
[inst] req=14139392 hits=4818287 fwd=145641 rows=9321012 fwd_ms=753199.1 eval=0 prior=0
[inst] req=14147584 hits=4821216 fwd=145723 rows=9326260 fwd_ms=753587.2 eval=0 prior=0
[inst] req=14155776 hits=4824076 fwd=145806 rows=9331572 fwd_ms=753982.1 eval=0 prior=0
[inst] req=14163968 hits=4826884 fwd=145891 rows=9337012 fwd_ms=754385.9 eval=0 prior=0
[inst] req=14172160 hits=4829846 fwd=145972 rows=9342196 fwd_ms=754782.1 eval=0 prior=0
[inst] req=14180352 hits=4832707 fwd=146056 rows=9347572 fwd_ms=755187.3 eval=0 prior=0
[inst] req=14188544 hits=4835544 fwd=146139 rows=9352884 fwd_ms=755585.3 eval=0 prior=0
[inst] req=14196736 hits=4838408 fwd=146223 rows=9358260 fwd_ms=755988.3 eval=0 prior=0
[inst] req=14204928 hits=4841275 fwd=146306 rows=9363572 fwd_ms=756384.6 eval=0 prior=0
[inst] req=14213120 hits=4844111 fwd=146389 rows=9368884 fwd_ms=756781.7 eval=0 prior=0
[inst] req=14221312 hits=4847084 fwd=146471 rows=9374132 fwd_ms=757172.2 eval=0 prior=0
[inst] req=14229504 hits=4849918 fwd=146555 rows=9379508 fwd_ms=757570.4 eval=0 prior=0
[inst] req=14237696 hits=4852802 fwd=146638 rows=9384820 fwd_ms=757965.7 eval=0 prior=0
[inst] req=14245888 hits=4855682 fwd=146721 rows=9390132 fwd_ms=758362.6 eval=0 prior=0
[inst] req=14254080 hits=4858626 fwd=146803 rows=9395380 fwd_ms=758751.9 eval=0 prior=0
[inst] req=14262272 hits=4861479 fwd=146886 rows=9400692 fwd_ms=759157.4 eval=0 prior=0
[inst] req=14270464 hits=4864438 fwd=146968 rows=9405940 fwd_ms=759552.7 eval=0 prior=0
[inst] req=14278656 hits=4867328 fwd=147051 rows=9411252 fwd_ms=759946.8 eval=0 prior=0
[inst] req=14286848 hits=4870365 fwd=147131 rows=9416372 fwd_ms=760331.7 eval=0 prior=0
[inst] req=14295040 hits=4873133 fwd=147216 rows=9421812 fwd_ms=760738.8 eval=0 prior=0
[inst] req=14303232 hits=4876057 fwd=147298 rows=9427060 fwd_ms=761130.9 eval=0 prior=0
[inst] req=14311424 hits=4878803 fwd=147383 rows=9432500 fwd_ms=761538.8 eval=0 prior=0
[inst] req=14319616 hits=4881670 fwd=147467 rows=9437876 fwd_ms=761943.1 eval=0 prior=0
[inst] req=14327808 hits=4884590 fwd=147549 rows=9443124 fwd_ms=762332.2 eval=0 prior=0
[inst] req=14336000 hits=4887315 fwd=147634 rows=9448564 fwd_ms=762735.2 eval=0 prior=0
[inst] req=14344192 hits=4890326 fwd=147715 rows=9453748 fwd_ms=763129.1 eval=0 prior=0
[inst] req=14352384 hits=4893042 fwd=147801 rows=9459252 fwd_ms=763550.0 eval=0 prior=0
[inst] req=14360576 hits=4895843 fwd=147885 rows=9464628 fwd_ms=763952.0 eval=0 prior=0
[inst] req=14368768 hits=4898673 fwd=147969 rows=9470004 fwd_ms=764357.9 eval=0 prior=0
[inst] req=14376960 hits=4901478 fwd=148053 rows=9475380 fwd_ms=764767.4 eval=0 prior=0
[inst] req=14385152 hits=4904437 fwd=148135 rows=9480628 fwd_ms=765166.7 eval=0 prior=0
[inst] req=14393344 hits=4907277 fwd=148218 rows=9485940 fwd_ms=765572.0 eval=0 prior=0
[inst] req=14401536 hits=4910190 fwd=148301 rows=9491252 fwd_ms=765976.2 eval=0 prior=0
[inst] req=14409728 hits=4913048 fwd=148384 rows=9496564 fwd_ms=766371.6 eval=0 prior=0
[inst] req=14417920 hits=4915777 fwd=148470 rows=9502068 fwd_ms=766786.7 eval=0 prior=0
[inst] req=14426112 hits=4918667 fwd=148553 rows=9507380 fwd_ms=767184.3 eval=0 prior=0
[inst] req=14434304 hits=4921384 fwd=148638 rows=9512820 fwd_ms=767592.3 eval=0 prior=0
[inst] req=14442496 hits=4924177 fwd=148722 rows=9518196 fwd_ms=767992.4 eval=0 prior=0
[inst] req=14450688 hits=4926962 fwd=148807 rows=9523636 fwd_ms=768396.0 eval=0 prior=0
[inst] req=14458880 hits=4929813 fwd=148890 rows=9528948 fwd_ms=768788.6 eval=0 prior=0
[inst] req=14467072 hits=4932770 fwd=148972 rows=9534196 fwd_ms=769178.6 eval=0 prior=0
[inst] req=14475264 hits=4935509 fwd=149057 rows=9539636 fwd_ms=769582.8 eval=0 prior=0
[inst] req=14483456 hits=4938474 fwd=149139 rows=9544884 fwd_ms=769971.9 eval=0 prior=0
[inst] req=14491648 hits=4941398 fwd=149221 rows=9550132 fwd_ms=770362.2 eval=0 prior=0
[inst] req=14499840 hits=4944415 fwd=149302 rows=9555316 fwd_ms=770748.2 eval=0 prior=0
[inst] req=14508032 hits=4947435 fwd=149383 rows=9560500 fwd_ms=771135.0 eval=0 prior=0
[inst] req=14516224 hits=4950139 fwd=149469 rows=9566004 fwd_ms=771544.4 eval=0 prior=0
[inst] req=14524416 hits=4952984 fwd=149552 rows=9571316 fwd_ms=771938.8 eval=0 prior=0
[inst] req=14532608 hits=4955803 fwd=149636 rows=9576692 fwd_ms=772337.7 eval=0 prior=0
[inst] req=14540800 hits=4958649 fwd=149720 rows=9582068 fwd_ms=772737.5 eval=0 prior=0
[inst] req=14548992 hits=4961424 fwd=149804 rows=9587444 fwd_ms=773136.6 eval=0 prior=0
[inst] req=14557184 hits=4964480 fwd=149885 rows=9592628 fwd_ms=773524.4 eval=0 prior=0
[inst] req=14565376 hits=4967277 fwd=149969 rows=9598004 fwd_ms=777852.8 eval=0 prior=0
[inst] req=14573568 hits=4970650 fwd=150044 rows=9602804 fwd_ms=782691.6 eval=0 prior=0
[inst] req=14581760 hits=4974747 fwd=150108 rows=9606900 fwd_ms=786354.4 eval=0 prior=0
[inst] req=14589952 hits=4978745 fwd=150174 rows=9611124 fwd_ms=786874.4 eval=0 prior=0
[inst] req=14598144 hits=4981617 fwd=150257 rows=9616436 fwd_ms=787303.0 eval=0 prior=0
[inst] req=14606336 hits=4983713 fwd=150352 rows=9622516 fwd_ms=787754.5 eval=0 prior=0
[inst] req=14614528 hits=4986648 fwd=150434 rows=9627764 fwd_ms=788144.2 eval=0 prior=0
[inst] req=14622720 hits=4989469 fwd=150518 rows=9633140 fwd_ms=788544.8 eval=0 prior=0
[inst] req=14630912 hits=4992642 fwd=150597 rows=9638196 fwd_ms=788921.6 eval=0 prior=0
[inst] req=14639104 hits=4995425 fwd=150681 rows=9643572 fwd_ms=789321.1 eval=0 prior=0
[inst] req=14647296 hits=4998498 fwd=150761 rows=9648692 fwd_ms=789702.9 eval=0 prior=0
[inst] req=14655488 hits=5001589 fwd=150841 rows=9653812 fwd_ms=790084.3 eval=0 prior=0
[inst] req=14663680 hits=5004467 fwd=150924 rows=9659124 fwd_ms=790479.4 eval=0 prior=0
[inst] req=14671872 hits=5007458 fwd=151005 rows=9664308 fwd_ms=790865.3 eval=0 prior=0
[inst] req=14680064 hits=5010417 fwd=151087 rows=9669556 fwd_ms=791256.0 eval=0 prior=0
[inst] req=14688256 hits=5013340 fwd=151169 rows=9674804 fwd_ms=791646.6 eval=0 prior=0
[inst] req=14696448 hits=5016380 fwd=151250 rows=9679988 fwd_ms=792034.6 eval=0 prior=0
[inst] req=14704640 hits=5019399 fwd=151331 rows=9685172 fwd_ms=792420.0 eval=0 prior=0
[inst] req=14712832 hits=5022379 fwd=151412 rows=9690356 fwd_ms=792806.4 eval=0 prior=0
[inst] req=14721024 hits=5025324 fwd=151494 rows=9695604 fwd_ms=793196.6 eval=0 prior=0
[inst] req=14729216 hits=5028400 fwd=151574 rows=9700724 fwd_ms=793579.5 eval=0 prior=0
[inst] req=14737408 hits=5031325 fwd=151656 rows=9705972 fwd_ms=793969.2 eval=0 prior=0
[inst] req=14745600 hits=5034334 fwd=151737 rows=9711156 fwd_ms=794354.0 eval=0 prior=0
[inst] req=14753792 hits=5037352 fwd=151818 rows=9716340 fwd_ms=794738.0 eval=0 prior=0
[inst] req=14761984 hits=5040244 fwd=151901 rows=9721652 fwd_ms=795131.5 eval=0 prior=0
[inst] req=14770176 hits=5043239 fwd=151982 rows=9726836 fwd_ms=795516.5 eval=0 prior=0
[inst] req=14778368 hits=5046296 fwd=152062 rows=9731956 fwd_ms=795896.4 eval=0 prior=0
[inst] req=14786560 hits=5049187 fwd=152145 rows=9737268 fwd_ms=796290.2 eval=0 prior=0
[inst] req=14794752 hits=5052183 fwd=152226 rows=9742452 fwd_ms=796674.0 eval=0 prior=0
[inst] req=14802944 hits=5055190 fwd=152307 rows=9747636 fwd_ms=797059.4 eval=0 prior=0
[inst] req=14811136 hits=5058217 fwd=152388 rows=9752820 fwd_ms=797444.0 eval=0 prior=0
[inst] req=14819328 hits=5061151 fwd=152470 rows=9758068 fwd_ms=797834.0 eval=0 prior=0
[inst] req=14827520 hits=5064176 fwd=152551 rows=9763252 fwd_ms=798219.6 eval=0 prior=0
[inst] req=14835712 hits=5067344 fwd=152629 rows=9768244 fwd_ms=798589.4 eval=0 prior=0
[inst] req=14843904 hits=5070333 fwd=152711 rows=9773492 fwd_ms=798979.6 eval=0 prior=0
[inst] req=14852096 hits=5073250 fwd=152793 rows=9778740 fwd_ms=799368.7 eval=0 prior=0
[inst] req=14860288 hits=5076250 fwd=152874 rows=9783924 fwd_ms=799754.6 eval=0 prior=0
[inst] req=14868480 hits=5079256 fwd=152955 rows=9789108 fwd_ms=800140.0 eval=0 prior=0
[inst] req=14876672 hits=5082390 fwd=153034 rows=9794164 fwd_ms=800515.9 eval=0 prior=0
[inst] req=14884864 hits=5085393 fwd=153115 rows=9799348 fwd_ms=800899.5 eval=0 prior=0
[inst] req=14893056 hits=5088268 fwd=153198 rows=9804660 fwd_ms=801293.3 eval=0 prior=0
[inst] req=14901248 hits=5091507 fwd=153276 rows=9809652 fwd_ms=801663.3 eval=0 prior=0
[inst] req=14909440 hits=5094384 fwd=153359 rows=9814964 fwd_ms=802057.1 eval=0 prior=0
[inst] req=14917632 hits=5097500 fwd=153438 rows=9820020 fwd_ms=802432.0 eval=0 prior=0
[inst] req=14925824 hits=5100659 fwd=153517 rows=9825076 fwd_ms=802805.6 eval=0 prior=0
[inst] req=14934016 hits=5103697 fwd=153597 rows=9830196 fwd_ms=803184.1 eval=0 prior=0
[inst] req=14942208 hits=5106725 fwd=153678 rows=9835380 fwd_ms=803568.6 eval=0 prior=0
[inst] req=14950400 hits=5109712 fwd=153759 rows=9840564 fwd_ms=803952.6 eval=0 prior=0
[inst] req=14958592 hits=5112756 fwd=153840 rows=9845748 fwd_ms=804336.7 eval=0 prior=0
[inst] req=14966784 hits=5115852 fwd=153919 rows=9850804 fwd_ms=804710.5 eval=0 prior=0
[inst] req=14974976 hits=5118796 fwd=154001 rows=9856052 fwd_ms=805099.1 eval=0 prior=0
[inst] req=14983168 hits=5121726 fwd=154084 rows=9861364 fwd_ms=805492.4 eval=0 prior=0
[inst] req=14991360 hits=5124684 fwd=154165 rows=9866548 fwd_ms=805875.2 eval=0 prior=0
[inst] req=14999552 hits=5127884 fwd=154243 rows=9871540 fwd_ms=806243.9 eval=0 prior=0
[inst] req=15007744 hits=5130948 fwd=154324 rows=9876724 fwd_ms=806627.6 eval=0 prior=0
[inst] req=15015936 hits=5133881 fwd=154406 rows=9881972 fwd_ms=807015.3 eval=0 prior=0
[inst] req=15024128 hits=5136892 fwd=154487 rows=9887156 fwd_ms=807398.4 eval=0 prior=0
[inst] req=15032320 hits=5139835 fwd=154569 rows=9892404 fwd_ms=807785.6 eval=0 prior=0
[inst] req=15040512 hits=5143008 fwd=154647 rows=9897396 fwd_ms=808153.7 eval=0 prior=0
[inst] req=15048704 hits=5145805 fwd=154731 rows=9902772 fwd_ms=808551.0 eval=0 prior=0
[inst] req=15056896 hits=5148818 fwd=154812 rows=9907956 fwd_ms=808934.3 eval=0 prior=0
[inst] req=15065088 hits=5151804 fwd=154894 rows=9913204 fwd_ms=809321.9 eval=0 prior=0
[inst] req=15073280 hits=5154670 fwd=154977 rows=9918516 fwd_ms=809713.6 eval=0 prior=0
[inst] req=15081472 hits=5157658 fwd=155058 rows=9923700 fwd_ms=810096.5 eval=0 prior=0
[inst] req=15089664 hits=5160620 fwd=155140 rows=9928948 fwd_ms=810484.3 eval=0 prior=0
[inst] req=15097856 hits=5163654 fwd=155221 rows=9934132 fwd_ms=810867.7 eval=0 prior=0
[inst] req=15106048 hits=5166633 fwd=155302 rows=9939316 fwd_ms=811251.2 eval=0 prior=0
[inst] req=15114240 hits=5169699 fwd=155382 rows=9944436 fwd_ms=811630.5 eval=0 prior=0
[inst] req=15122432 hits=5172808 fwd=155462 rows=9949556 fwd_ms=812008.4 eval=0 prior=0
[inst] req=15130624 hits=5175809 fwd=155543 rows=9954740 fwd_ms=812391.6 eval=0 prior=0
[inst] req=15138816 hits=5178805 fwd=155624 rows=9959924 fwd_ms=812775.7 eval=0 prior=0
[inst] req=15147008 hits=5181741 fwd=155706 rows=9965172 fwd_ms=813163.9 eval=0 prior=0
[inst] req=15155200 hits=5184678 fwd=155788 rows=9970420 fwd_ms=813552.3 eval=0 prior=0
[inst] req=15163392 hits=5187653 fwd=155870 rows=9975668 fwd_ms=813940.8 eval=0 prior=0
[inst] req=15171584 hits=5190741 fwd=155949 rows=9980724 fwd_ms=814315.4 eval=0 prior=0
[inst] req=15179776 hits=5193697 fwd=156031 rows=9985972 fwd_ms=814703.5 eval=0 prior=0
[inst] req=15187968 hits=5196727 fwd=156112 rows=9991156 fwd_ms=815087.6 eval=0 prior=0
[inst] req=15196160 hits=5199713 fwd=156193 rows=9996340 fwd_ms=815471.5 eval=0 prior=0
[inst] req=15204352 hits=5202761 fwd=156274 rows=10001524 fwd_ms=815855.1 eval=0 prior=0
[inst] req=15212544 hits=5205971 fwd=156351 rows=10006452 fwd_ms=816220.4 eval=0 prior=0
[inst] req=15220736 hits=5209101 fwd=156430 rows=10011508 fwd_ms=816595.7 eval=0 prior=0
[inst] req=15228928 hits=5212039 fwd=156513 rows=10016820 fwd_ms=816989.1 eval=0 prior=0
[inst] req=15237120 hits=5215068 fwd=156593 rows=10021940 fwd_ms=817368.1 eval=0 prior=0
[inst] req=15245312 hits=5218099 fwd=156674 rows=10027124 fwd_ms=817752.4 eval=0 prior=0
[inst] req=15253504 hits=5221082 fwd=156755 rows=10032308 fwd_ms=818136.0 eval=0 prior=0
[inst] req=15261696 hits=5224104 fwd=156836 rows=10037492 fwd_ms=818520.2 eval=0 prior=0
[inst] req=15269888 hits=5227024 fwd=156918 rows=10042740 fwd_ms=818909.0 eval=0 prior=0
[inst] req=15278080 hits=5230068 fwd=156999 rows=10047924 fwd_ms=819293.6 eval=0 prior=0
[inst] req=15286272 hits=5233031 fwd=157081 rows=10053172 fwd_ms=819683.0 eval=0 prior=0
[inst] req=15294464 hits=5235998 fwd=157162 rows=10058356 fwd_ms=820067.3 eval=0 prior=0
[inst] req=15302656 hits=5238994 fwd=157243 rows=10063540 fwd_ms=820451.7 eval=0 prior=0
[inst] req=15310848 hits=5242033 fwd=157324 rows=10068724 fwd_ms=820836.6 eval=0 prior=0
[inst] req=15319040 hits=5245075 fwd=157404 rows=10073844 fwd_ms=821216.9 eval=0 prior=0
[inst] req=15327232 hits=5248003 fwd=157487 rows=10079156 fwd_ms=821611.0 eval=0 prior=0
[inst] req=15335424 hits=5251113 fwd=157566 rows=10084212 fwd_ms=821986.7 eval=0 prior=0
[inst] req=15343616 hits=5254218 fwd=157646 rows=10089332 fwd_ms=822367.1 eval=0 prior=0
[inst] req=15351808 hits=5257220 fwd=157727 rows=10094516 fwd_ms=822751.5 eval=0 prior=0
[inst] req=15360000 hits=5260403 fwd=157805 rows=10099508 fwd_ms=823121.7 eval=0 prior=0
[inst] req=15368192 hits=5263450 fwd=157885 rows=10104628 fwd_ms=823502.6 eval=0 prior=0
[inst] req=15376384 hits=5266643 fwd=157963 rows=10109620 fwd_ms=823874.0 eval=0 prior=0
[inst] req=15384576 hits=5269654 fwd=158044 rows=10114804 fwd_ms=824259.4 eval=0 prior=0
[inst] req=15392768 hits=5272530 fwd=158127 rows=10120116 fwd_ms=824654.5 eval=0 prior=0
[inst] req=15400960 hits=5275492 fwd=158209 rows=10125364 fwd_ms=825044.7 eval=0 prior=0
[inst] req=15409152 hits=5278520 fwd=158290 rows=10130548 fwd_ms=825430.0 eval=0 prior=0
[inst] req=15417344 hits=5281432 fwd=158372 rows=10135796 fwd_ms=825820.1 eval=0 prior=0
[inst] req=15425536 hits=5284316 fwd=158455 rows=10141108 fwd_ms=826214.5 eval=0 prior=0
[inst] req=15433728 hits=5287204 fwd=158538 rows=10146420 fwd_ms=826607.4 eval=0 prior=0
[inst] req=15441920 hits=5290260 fwd=158618 rows=10151540 fwd_ms=826987.1 eval=0 prior=0
[inst] req=15450112 hits=5293299 fwd=158699 rows=10156724 fwd_ms=827370.8 eval=0 prior=0
[inst] req=15458304 hits=5296202 fwd=158782 rows=10162036 fwd_ms=827764.0 eval=0 prior=0
[inst] req=15466496 hits=5299203 fwd=158863 rows=10167220 fwd_ms=828147.7 eval=0 prior=0
[inst] req=15474688 hits=5302422 fwd=158940 rows=10172148 fwd_ms=828512.3 eval=0 prior=0
[inst] req=15482880 hits=5305366 fwd=159022 rows=10177396 fwd_ms=828900.8 eval=0 prior=0
[inst] req=15491072 hits=5308469 fwd=159102 rows=10182516 fwd_ms=829279.9 eval=0 prior=0
[inst] req=15499264 hits=5311392 fwd=159184 rows=10187764 fwd_ms=829668.9 eval=0 prior=0
[inst] req=15507456 hits=5314457 fwd=159264 rows=10192884 fwd_ms=830048.0 eval=0 prior=0
[inst] req=15515648 hits=5317421 fwd=159346 rows=10198132 fwd_ms=830437.3 eval=0 prior=0
[inst] req=15523840 hits=5320602 fwd=159424 rows=10203124 fwd_ms=830807.0 eval=0 prior=0
[inst] req=15532032 hits=5323520 fwd=159507 rows=10208436 fwd_ms=831200.2 eval=0 prior=0
[inst] req=15540224 hits=5326405 fwd=159590 rows=10213748 fwd_ms=831592.9 eval=0 prior=0
[inst] req=15548416 hits=5329482 fwd=159670 rows=10218868 fwd_ms=831971.9 eval=0 prior=0
[inst] req=15556608 hits=5332385 fwd=159752 rows=10224116 fwd_ms=832360.2 eval=0 prior=0
[inst] req=15564800 hits=5335864 fwd=159826 rows=10228852 fwd_ms=832712.0 eval=0 prior=0
[inst] req=15572992 hits=5338760 fwd=159909 rows=10234164 fwd_ms=833105.0 eval=0 prior=0
[inst] req=15581184 hits=5341816 fwd=159989 rows=10239284 fwd_ms=833483.6 eval=0 prior=0
[inst] req=15589376 hits=5344744 fwd=160071 rows=10244532 fwd_ms=833872.3 eval=0 prior=0
[inst] req=15597568 hits=5347730 fwd=160152 rows=10249716 fwd_ms=834255.7 eval=0 prior=0
[inst] req=15605760 hits=5350825 fwd=160232 rows=10254836 fwd_ms=834635.9 eval=0 prior=0
[inst] req=15613952 hits=5353746 fwd=160314 rows=10260084 fwd_ms=835024.7 eval=0 prior=0
[inst] req=15622144 hits=5356693 fwd=160396 rows=10265332 fwd_ms=835413.3 eval=0 prior=0
[inst] req=15630336 hits=5359692 fwd=160477 rows=10270516 fwd_ms=835797.7 eval=0 prior=0
[inst] req=15638528 hits=5362641 fwd=160559 rows=10275764 fwd_ms=836186.8 eval=0 prior=0
[inst] req=15646720 hits=5365595 fwd=160641 rows=10281012 fwd_ms=836575.2 eval=0 prior=0
[inst] req=15654912 hits=5368614 fwd=160722 rows=10286196 fwd_ms=836958.7 eval=0 prior=0
[inst] req=15663104 hits=5371485 fwd=160805 rows=10291508 fwd_ms=837352.1 eval=0 prior=0
[inst] req=15671296 hits=5374469 fwd=160887 rows=10296756 fwd_ms=837741.5 eval=0 prior=0
[inst] req=15679488 hits=5377594 fwd=160966 rows=10301812 fwd_ms=838116.0 eval=0 prior=0
[inst] req=15687680 hits=5380562 fwd=161047 rows=10306996 fwd_ms=838500.4 eval=0 prior=0
[inst] req=15695872 hits=5383526 fwd=161129 rows=10312244 fwd_ms=838889.3 eval=0 prior=0
[inst] req=15704064 hits=5386651 fwd=161208 rows=10317300 fwd_ms=839264.3 eval=0 prior=0
[inst] req=15712256 hits=5389731 fwd=161288 rows=10322420 fwd_ms=839644.7 eval=0 prior=0
[inst] req=15720448 hits=5392632 fwd=161371 rows=10327732 fwd_ms=840039.3 eval=0 prior=0
[inst] req=15728640 hits=5395637 fwd=161452 rows=10332916 fwd_ms=840424.3 eval=0 prior=0
[inst] req=15736832 hits=5398608 fwd=161533 rows=10338100 fwd_ms=840808.5 eval=0 prior=0
[inst] req=15745024 hits=5401491 fwd=161616 rows=10343412 fwd_ms=841202.1 eval=0 prior=0
[inst] req=15753216 hits=5404698 fwd=161694 rows=10348404 fwd_ms=841572.2 eval=0 prior=0
[inst] req=15761408 hits=5407600 fwd=161777 rows=10353716 fwd_ms=841965.5 eval=0 prior=0
[inst] req=15769600 hits=5410813 fwd=161855 rows=10358708 fwd_ms=842335.9 eval=0 prior=0
[inst] req=15777792 hits=5413962 fwd=161934 rows=10363764 fwd_ms=842711.0 eval=0 prior=0
[inst] req=15785984 hits=5416972 fwd=162014 rows=10368884 fwd_ms=843090.8 eval=0 prior=0
[inst] req=15794176 hits=5419909 fwd=162097 rows=10374196 fwd_ms=843484.2 eval=0 prior=0
[inst] req=15802368 hits=5423007 fwd=162176 rows=10379252 fwd_ms=843858.5 eval=0 prior=0
[inst] req=15810560 hits=5425852 fwd=162260 rows=10384628 fwd_ms=844257.1 eval=0 prior=0
[inst] req=15818752 hits=5428964 fwd=162339 rows=10389684 fwd_ms=844632.0 eval=0 prior=0
[inst] req=15826944 hits=5431965 fwd=162420 rows=10394868 fwd_ms=845016.6 eval=0 prior=0
[inst] req=15835136 hits=5434900 fwd=162502 rows=10400116 fwd_ms=845405.8 eval=0 prior=0
[inst] req=15843328 hits=5437995 fwd=162582 rows=10405236 fwd_ms=845785.7 eval=0 prior=0
[inst] req=15851520 hits=5441002 fwd=162663 rows=10410420 fwd_ms=846170.3 eval=0 prior=0
[inst] req=15859712 hits=5444057 fwd=162743 rows=10415540 fwd_ms=846550.6 eval=0 prior=0
[inst] req=15867904 hits=5446985 fwd=162826 rows=10420852 fwd_ms=846944.6 eval=0 prior=0
[inst] req=15876096 hits=5449926 fwd=162908 rows=10426100 fwd_ms=847334.6 eval=0 prior=0
[inst] req=15884288 hits=5452989 fwd=162988 rows=10431220 fwd_ms=847714.7 eval=0 prior=0
[inst] req=15892480 hits=5455948 fwd=163069 rows=10436404 fwd_ms=848099.1 eval=0 prior=0
[inst] req=15900672 hits=5458911 fwd=163151 rows=10441652 fwd_ms=848489.9 eval=0 prior=0
[inst] req=15908864 hits=5461935 fwd=163232 rows=10446836 fwd_ms=848875.5 eval=0 prior=0
[inst] req=15917056 hits=5464988 fwd=163312 rows=10451956 fwd_ms=849256.4 eval=0 prior=0
[inst] req=15925248 hits=5467982 fwd=163393 rows=10457140 fwd_ms=849641.7 eval=0 prior=0
[inst] req=15933440 hits=5471038 fwd=163474 rows=10462324 fwd_ms=850027.9 eval=0 prior=0
[inst] req=15941632 hits=5474064 fwd=163554 rows=10467444 fwd_ms=850409.9 eval=0 prior=0
[inst] req=15949824 hits=5476982 fwd=163637 rows=10472756 fwd_ms=850805.9 eval=0 prior=0
[inst] req=15958016 hits=5480201 fwd=163715 rows=10477748 fwd_ms=851177.4 eval=0 prior=0
[inst] req=15966208 hits=5483247 fwd=163795 rows=10482868 fwd_ms=851559.3 eval=0 prior=0
[inst] req=15974400 hits=5486459 fwd=163873 rows=10487860 fwd_ms=851929.3 eval=0 prior=0
[inst] req=15982592 hits=5489564 fwd=163952 rows=10492916 fwd_ms=852304.9 eval=0 prior=0
[inst] req=15990784 hits=5492570 fwd=164033 rows=10498100 fwd_ms=852689.5 eval=0 prior=0
[inst] req=15998976 hits=5495639 fwd=164113 rows=10503220 fwd_ms=853069.9 eval=0 prior=0
[inst] req=16007168 hits=5498534 fwd=164196 rows=10508532 fwd_ms=853464.4 eval=0 prior=0
[inst] req=16015360 hits=5501653 fwd=164275 rows=10513588 fwd_ms=853840.5 eval=0 prior=0
[inst] req=16023552 hits=5504925 fwd=164352 rows=10518516 fwd_ms=854207.1 eval=0 prior=0
[inst] req=16031744 hits=5507959 fwd=164433 rows=10523700 fwd_ms=854592.6 eval=0 prior=0
[inst] req=16039936 hits=5511019 fwd=164513 rows=10528820 fwd_ms=854972.9 eval=0 prior=0
[inst] req=16048128 hits=5514091 fwd=164593 rows=10533940 fwd_ms=855353.2 eval=0 prior=0
[inst] req=16056320 hits=5517165 fwd=164673 rows=10539060 fwd_ms=855733.8 eval=0 prior=0
[inst] req=16064512 hits=5520160 fwd=164754 rows=10544244 fwd_ms=856119.7 eval=0 prior=0
[inst] req=16072704 hits=5523195 fwd=164835 rows=10549428 fwd_ms=856505.0 eval=0 prior=0
[inst] req=16080896 hits=5526216 fwd=164916 rows=10554612 fwd_ms=856892.3 eval=0 prior=0
[inst] req=16089088 hits=5529176 fwd=164997 rows=10559796 fwd_ms=857278.6 eval=0 prior=0
[inst] req=16097280 hits=5532378 fwd=165075 rows=10564788 fwd_ms=857649.7 eval=0 prior=0
[inst] req=16105472 hits=5535424 fwd=165156 rows=10569972 fwd_ms=858036.2 eval=0 prior=0
[inst] req=16113664 hits=5538457 fwd=165236 rows=10575092 fwd_ms=858417.4 eval=0 prior=0
[inst] req=16121856 hits=5541503 fwd=165317 rows=10580276 fwd_ms=858803.2 eval=0 prior=0
[inst] req=16130048 hits=5544411 fwd=165399 rows=10585524 fwd_ms=859194.1 eval=0 prior=0
[inst] req=16138240 hits=5547402 fwd=165481 rows=10590772 fwd_ms=859585.7 eval=0 prior=0
[inst] req=16146432 hits=5550439 fwd=165561 rows=10595892 fwd_ms=859966.3 eval=0 prior=0
[inst] req=16154624 hits=5553420 fwd=165642 rows=10601076 fwd_ms=860351.6 eval=0 prior=0
[inst] req=16162816 hits=5556624 fwd=165720 rows=10606068 fwd_ms=860724.8 eval=0 prior=0
[inst] req=16171008 hits=5559532 fwd=165803 rows=10611380 fwd_ms=861120.4 eval=0 prior=0
[inst] req=16179200 hits=5562548 fwd=165884 rows=10616564 fwd_ms=861507.6 eval=0 prior=0
[inst] req=16187392 hits=5565610 fwd=165964 rows=10621684 fwd_ms=861889.3 eval=0 prior=0
[inst] req=16195584 hits=5568603 fwd=166045 rows=10626868 fwd_ms=862276.0 eval=0 prior=0
[inst] req=16203776 hits=5571600 fwd=166126 rows=10632052 fwd_ms=862662.3 eval=0 prior=0
[inst] req=16211968 hits=5574488 fwd=166209 rows=10637364 fwd_ms=863057.7 eval=0 prior=0
[inst] req=16220160 hits=5577419 fwd=166292 rows=10642676 fwd_ms=863453.4 eval=0 prior=0
[inst] req=16228352 hits=5580360 fwd=166374 rows=10647924 fwd_ms=863843.4 eval=0 prior=0
[inst] req=16236544 hits=5583373 fwd=166454 rows=10653044 fwd_ms=864223.8 eval=0 prior=0
[inst] req=16244736 hits=5586377 fwd=166536 rows=10658292 fwd_ms=864613.6 eval=0 prior=0
[inst] req=16252928 hits=5589392 fwd=166616 rows=10663412 fwd_ms=864994.4 eval=0 prior=0
[inst] req=16261120 hits=5592345 fwd=166698 rows=10668660 fwd_ms=867259.3 eval=0 prior=0
[inst] req=16269312 hits=5595470 fwd=166777 rows=10673716 fwd_ms=872502.4 eval=0 prior=0
[inst] req=16277504 hits=5598335 fwd=166861 rows=10679092 fwd_ms=878141.9 eval=0 prior=0
[inst] req=16285696 hits=5601265 fwd=166943 rows=10684340 fwd_ms=878556.6 eval=0 prior=0
[inst] req=16293888 hits=5602964 fwd=167044 rows=10690804 fwd_ms=879062.6 eval=0 prior=0
[inst] req=16302080 hits=5605568 fwd=167132 rows=10696436 fwd_ms=879481.6 eval=0 prior=0
[inst] req=16310272 hits=5608314 fwd=167217 rows=10701876 fwd_ms=879886.5 eval=0 prior=0
[inst] req=16318464 hits=5611420 fwd=167296 rows=10706932 fwd_ms=880262.6 eval=0 prior=0
[inst] req=16326656 hits=5614281 fwd=167380 rows=10712308 fwd_ms=880663.7 eval=0 prior=0
[inst] req=16334848 hits=5617133 fwd=167463 rows=10717620 fwd_ms=881058.3 eval=0 prior=0
[inst] req=16343040 hits=5620030 fwd=167546 rows=10722932 fwd_ms=881453.3 eval=0 prior=0
[inst] req=16351232 hits=5622855 fwd=167630 rows=10728308 fwd_ms=881853.3 eval=0 prior=0
[inst] req=16359424 hits=5625770 fwd=167712 rows=10733556 fwd_ms=882243.9 eval=0 prior=0
[inst] req=16367616 hits=5628607 fwd=167796 rows=10738932 fwd_ms=882644.5 eval=0 prior=0
[inst] req=16375808 hits=5631477 fwd=167879 rows=10744244 fwd_ms=883040.3 eval=0 prior=0
[inst] req=16384000 hits=5634251 fwd=167964 rows=10749684 fwd_ms=883445.8 eval=0 prior=0
[inst] req=16392192 hits=5637087 fwd=168047 rows=10754996 fwd_ms=883841.1 eval=0 prior=0
[inst] req=16400384 hits=5639931 fwd=168131 rows=10760372 fwd_ms=884240.8 eval=0 prior=0
[inst] req=16408576 hits=5643051 fwd=168210 rows=10765428 fwd_ms=884616.4 eval=0 prior=0
[inst] req=16416768 hits=5645963 fwd=168293 rows=10770740 fwd_ms=885011.0 eval=0 prior=0
[inst] req=16424960 hits=5648845 fwd=168375 rows=10775988 fwd_ms=885401.3 eval=0 prior=0
[inst] req=16433152 hits=5651825 fwd=168457 rows=10781236 fwd_ms=885791.0 eval=0 prior=0
[inst] req=16441344 hits=5654820 fwd=168538 rows=10786420 fwd_ms=886175.8 eval=0 prior=0
[inst] req=16449536 hits=5657852 fwd=168619 rows=10791604 fwd_ms=886562.0 eval=0 prior=0
[inst] req=16457728 hits=5660682 fwd=168703 rows=10796980 fwd_ms=886961.4 eval=0 prior=0
[inst] req=16465920 hits=5663510 fwd=168786 rows=10802292 fwd_ms=887356.0 eval=0 prior=0
[inst] req=16474112 hits=5666435 fwd=168869 rows=10807604 fwd_ms=887750.2 eval=0 prior=0
[inst] req=16482304 hits=5669238 fwd=168953 rows=10812980 fwd_ms=888149.5 eval=0 prior=0
[inst] req=16490496 hits=5672264 fwd=169034 rows=10818164 fwd_ms=888534.2 eval=0 prior=0
[inst] req=16498688 hits=5675089 fwd=169117 rows=10823476 fwd_ms=888928.6 eval=0 prior=0
[inst] req=16506880 hits=5678235 fwd=169196 rows=10828532 fwd_ms=889303.6 eval=0 prior=0
[inst] req=16515072 hits=5681219 fwd=169278 rows=10833780 fwd_ms=889692.1 eval=0 prior=0
[inst] req=16523264 hits=5684209 fwd=169359 rows=10838964 fwd_ms=890076.3 eval=0 prior=0
[inst] req=16531456 hits=5687055 fwd=169442 rows=10844276 fwd_ms=890470.3 eval=0 prior=0
[inst] req=16539648 hits=5690003 fwd=169524 rows=10849524 fwd_ms=890859.5 eval=0 prior=0
[inst] req=16547840 hits=5693114 fwd=169604 rows=10854644 fwd_ms=891239.8 eval=0 prior=0
[inst] req=16556032 hits=5695997 fwd=169687 rows=10859956 fwd_ms=891634.6 eval=0 prior=0
[inst] req=16564224 hits=5699022 fwd=169767 rows=10865076 fwd_ms=892015.5 eval=0 prior=0
[inst] req=16572416 hits=5701951 fwd=169850 rows=10870388 fwd_ms=892410.7 eval=0 prior=0
[inst] req=16580608 hits=5705038 fwd=169929 rows=10875444 fwd_ms=892784.9 eval=0 prior=0
[inst] req=16588800 hits=5707941 fwd=170012 rows=10880756 fwd_ms=893179.1 eval=0 prior=0
[inst] req=16596992 hits=5710919 fwd=170094 rows=10886004 fwd_ms=893567.5 eval=0 prior=0
[inst] req=16605184 hits=5713754 fwd=170177 rows=10891316 fwd_ms=893959.2 eval=0 prior=0
[inst] req=16613376 hits=5716793 fwd=170258 rows=10896500 fwd_ms=894342.8 eval=0 prior=0
[inst] req=16621568 hits=5719707 fwd=170340 rows=10901748 fwd_ms=894732.3 eval=0 prior=0
[inst] req=16629760 hits=5722736 fwd=170421 rows=10906932 fwd_ms=895115.4 eval=0 prior=0
[inst] req=16637952 hits=5725714 fwd=170502 rows=10912116 fwd_ms=895499.5 eval=0 prior=0
[inst] req=16646144 hits=5728546 fwd=170586 rows=10917492 fwd_ms=895899.4 eval=0 prior=0
[inst] req=16654336 hits=5731517 fwd=170668 rows=10922740 fwd_ms=896289.8 eval=0 prior=0
[inst] req=16662528 hits=5734562 fwd=170748 rows=10927860 fwd_ms=896668.2 eval=0 prior=0
[inst] req=16670720 hits=5737555 fwd=170829 rows=10933044 fwd_ms=897050.9 eval=0 prior=0
[inst] req=16678912 hits=5740554 fwd=170911 rows=10938292 fwd_ms=897439.0 eval=0 prior=0
[inst] req=16687104 hits=5743497 fwd=170993 rows=10943540 fwd_ms=897826.1 eval=0 prior=0
[inst] req=16695296 hits=5746535 fwd=171073 rows=10948660 fwd_ms=898205.1 eval=0 prior=0
[inst] req=16703488 hits=5749584 fwd=171153 rows=10953780 fwd_ms=898584.0 eval=0 prior=0
[inst] req=16711680 hits=5752455 fwd=171237 rows=10959156 fwd_ms=898981.6 eval=0 prior=0
[inst] req=16719872 hits=5755621 fwd=171315 rows=10964148 fwd_ms=899350.9 eval=0 prior=0
[inst] req=16728064 hits=5758656 fwd=171396 rows=10969332 fwd_ms=899734.4 eval=0 prior=0
[inst] req=16736256 hits=5761836 fwd=171474 rows=10974324 fwd_ms=900104.8 eval=0 prior=0
[inst] req=16744448 hits=5765046 fwd=171552 rows=10979316 fwd_ms=900475.3 eval=0 prior=0
[inst] req=16752640 hits=5768226 fwd=171630 rows=10984308 fwd_ms=900844.2 eval=0 prior=0
[inst] req=16760832 hits=5771152 fwd=171712 rows=10989556 fwd_ms=901233.0 eval=0 prior=0
[inst] req=16769024 hits=5774375 fwd=171790 rows=10994548 fwd_ms=901602.7 eval=0 prior=0
[inst] req=16777216 hits=5777262 fwd=171873 rows=10999860 fwd_ms=901995.6 eval=0 prior=0
[inst] req=16785408 hits=5780251 fwd=171954 rows=11005044 fwd_ms=902380.5 eval=0 prior=0
[inst] req=16793600 hits=5783214 fwd=172036 rows=11010292 fwd_ms=902769.5 eval=0 prior=0
[inst] req=16801792 hits=5786076 fwd=172119 rows=11015604 fwd_ms=903163.6 eval=0 prior=0
[inst] req=16809984 hits=5789219 fwd=172198 rows=11020660 fwd_ms=903538.6 eval=0 prior=0
[inst] req=16818176 hits=5792238 fwd=172279 rows=11025844 fwd_ms=903924.0 eval=0 prior=0
[inst] req=16826368 hits=5795291 fwd=172359 rows=11030964 fwd_ms=904304.5 eval=0 prior=0
[inst] req=16834560 hits=5798150 fwd=172443 rows=11036340 fwd_ms=904705.0 eval=0 prior=0
[inst] req=16842752 hits=5800983 fwd=172526 rows=11041652 fwd_ms=905098.9 eval=0 prior=0
[inst] req=16850944 hits=5804119 fwd=172605 rows=11046708 fwd_ms=905474.3 eval=0 prior=0
[inst] req=16859136 hits=5807081 fwd=172687 rows=11051956 fwd_ms=905863.2 eval=0 prior=0
[inst] req=16867328 hits=5810172 fwd=172767 rows=11057076 fwd_ms=906243.9 eval=0 prior=0
[inst] req=16875520 hits=5813092 fwd=172849 rows=11062324 fwd_ms=906633.2 eval=0 prior=0
[inst] req=16883712 hits=5815986 fwd=172932 rows=11067636 fwd_ms=907026.9 eval=0 prior=0
[inst] req=16891904 hits=5818934 fwd=173014 rows=11072884 fwd_ms=907416.4 eval=0 prior=0
[inst] req=16900096 hits=5821867 fwd=173096 rows=11078132 fwd_ms=907806.9 eval=0 prior=0
[inst] req=16908288 hits=5824759 fwd=173179 rows=11083444 fwd_ms=908202.7 eval=0 prior=0
[inst] req=16916480 hits=5827686 fwd=173261 rows=11088692 fwd_ms=908592.8 eval=0 prior=0
[inst] req=16924672 hits=5830716 fwd=173342 rows=11093876 fwd_ms=908978.7 eval=0 prior=0
[inst] req=16932864 hits=5833743 fwd=173422 rows=11098996 fwd_ms=909359.9 eval=0 prior=0
[inst] req=16941056 hits=5837004 fwd=173499 rows=11103924 fwd_ms=909726.2 eval=0 prior=0
[inst] req=16949248 hits=5839955 fwd=173581 rows=11109172 fwd_ms=910115.8 eval=0 prior=0
[inst] req=16957440 hits=5842976 fwd=173662 rows=11114356 fwd_ms=910499.3 eval=0 prior=0
[inst] req=16965632 hits=5845868 fwd=173745 rows=11119668 fwd_ms=910894.0 eval=0 prior=0
[inst] req=16973824 hits=5848877 fwd=173826 rows=11124852 fwd_ms=911278.6 eval=0 prior=0
[inst] req=16982016 hits=5851784 fwd=173909 rows=11130164 fwd_ms=911673.4 eval=0 prior=0
[inst] req=16990208 hits=5854687 fwd=173991 rows=11135412 fwd_ms=912061.8 eval=0 prior=0
[inst] req=16998400 hits=5857637 fwd=174073 rows=11140660 fwd_ms=912451.3 eval=0 prior=0
[inst] req=17006592 hits=5860748 fwd=174152 rows=11145716 fwd_ms=912825.9 eval=0 prior=0
[inst] req=17014784 hits=5863837 fwd=174232 rows=11150836 fwd_ms=913205.7 eval=0 prior=0
[inst] req=17022976 hits=5866775 fwd=174314 rows=11156084 fwd_ms=913595.7 eval=0 prior=0
[inst] req=17031168 hits=5869990 fwd=174392 rows=11161076 fwd_ms=913966.3 eval=0 prior=0
[inst] req=17039360 hits=5872929 fwd=174474 rows=11166324 fwd_ms=914356.0 eval=0 prior=0
[inst] req=17047552 hits=5875863 fwd=174556 rows=11171572 fwd_ms=914745.0 eval=0 prior=0
[inst] req=17055744 hits=5878898 fwd=174637 rows=11176756 fwd_ms=915129.5 eval=0 prior=0
[inst] req=17063936 hits=5881919 fwd=174718 rows=11181940 fwd_ms=915514.8 eval=0 prior=0
[inst] req=17072128 hits=5884847 fwd=174800 rows=11187188 fwd_ms=915905.3 eval=0 prior=0
[inst] req=17080320 hits=5887806 fwd=174882 rows=11192436 fwd_ms=916295.0 eval=0 prior=0
[inst] req=17088512 hits=5890952 fwd=174961 rows=11197492 fwd_ms=916669.8 eval=0 prior=0
[inst] req=17096704 hits=5893814 fwd=175044 rows=11202804 fwd_ms=917063.9 eval=0 prior=0
[inst] req=17104896 hits=5896720 fwd=175126 rows=11208052 fwd_ms=917454.2 eval=0 prior=0
[inst] req=17113088 hits=5899786 fwd=175207 rows=11213236 fwd_ms=917839.6 eval=0 prior=0
[inst] req=17121280 hits=5902660 fwd=175290 rows=11218548 fwd_ms=918235.0 eval=0 prior=0
[inst] req=17129472 hits=5905752 fwd=175369 rows=11223604 fwd_ms=918610.9 eval=0 prior=0
[inst] req=17137664 hits=5908637 fwd=175452 rows=11228916 fwd_ms=919004.3 eval=0 prior=0
[inst] req=17145856 hits=5911628 fwd=175533 rows=11234100 fwd_ms=919388.4 eval=0 prior=0
[inst] req=17154048 hits=5914521 fwd=175616 rows=11239412 fwd_ms=919781.9 eval=0 prior=0
[inst] req=17162240 hits=5917475 fwd=175698 rows=11244660 fwd_ms=920171.4 eval=0 prior=0
[inst] req=17170432 hits=5920488 fwd=175779 rows=11249844 fwd_ms=920555.6 eval=0 prior=0
[inst] req=17178624 hits=5923423 fwd=175861 rows=11255092 fwd_ms=920944.9 eval=0 prior=0
[inst] req=17186816 hits=5926320 fwd=175944 rows=11260404 fwd_ms=921339.1 eval=0 prior=0
[inst] req=17195008 hits=5929457 fwd=176023 rows=11265460 fwd_ms=921714.4 eval=0 prior=0
[inst] req=17203200 hits=5932199 fwd=176108 rows=11270900 fwd_ms=922118.5 eval=0 prior=0
[inst] req=17211392 hits=5935261 fwd=176188 rows=11276020 fwd_ms=922498.0 eval=0 prior=0
[inst] req=17219584 hits=5938246 fwd=176270 rows=11281268 fwd_ms=922887.9 eval=0 prior=0
[inst] req=17227776 hits=5941045 fwd=176354 rows=11286644 fwd_ms=923287.0 eval=0 prior=0
[inst] req=17235968 hits=5944172 fwd=176433 rows=11291700 fwd_ms=923662.7 eval=0 prior=0
[inst] req=17244160 hits=5947040 fwd=176516 rows=11297012 fwd_ms=924056.0 eval=0 prior=0
[inst] req=17252352 hits=5950109 fwd=176596 rows=11302132 fwd_ms=924435.7 eval=0 prior=0
[inst] req=17260544 hits=5953064 fwd=176678 rows=11307380 fwd_ms=924825.6 eval=0 prior=0
[inst] req=17268736 hits=5956030 fwd=176760 rows=11312628 fwd_ms=925214.7 eval=0 prior=0
[inst] req=17276928 hits=5959143 fwd=176839 rows=11317684 fwd_ms=925589.7 eval=0 prior=0
[inst] req=17285120 hits=5962089 fwd=176921 rows=11322932 fwd_ms=925979.1 eval=0 prior=0
[inst] req=17293312 hits=5965068 fwd=177002 rows=11328116 fwd_ms=926363.5 eval=0 prior=0
[inst] req=17301504 hits=5968094 fwd=177083 rows=11333300 fwd_ms=926747.8 eval=0 prior=0
[inst] req=17309696 hits=5971288 fwd=177161 rows=11338292 fwd_ms=927118.3 eval=0 prior=0
[inst] req=17317888 hits=5974219 fwd=177244 rows=11343604 fwd_ms=927513.2 eval=0 prior=0
[inst] req=17326080 hits=5977129 fwd=177326 rows=11348852 fwd_ms=927902.8 eval=0 prior=0
[inst] req=17334272 hits=5980329 fwd=177404 rows=11353844 fwd_ms=928274.2 eval=0 prior=0
[inst] req=17342464 hits=5983304 fwd=177486 rows=11359092 fwd_ms=928663.3 eval=0 prior=0
[inst] req=17350656 hits=5986242 fwd=177568 rows=11364340 fwd_ms=929053.6 eval=0 prior=0
[inst] req=17358848 hits=5989281 fwd=177648 rows=11369460 fwd_ms=929434.4 eval=0 prior=0
[inst] req=17367040 hits=5992392 fwd=177728 rows=11374580 fwd_ms=929814.2 eval=0 prior=0
[inst] req=17375232 hits=5995173 fwd=177812 rows=11379956 fwd_ms=930212.1 eval=0 prior=0
[inst] req=17383424 hits=5998186 fwd=177893 rows=11385140 fwd_ms=930596.1 eval=0 prior=0
[inst] req=17391616 hits=6001208 fwd=177974 rows=11390324 fwd_ms=930980.2 eval=0 prior=0
[inst] req=17399808 hits=6004317 fwd=178053 rows=11395380 fwd_ms=931355.7 eval=0 prior=0
[inst] req=17408000 hits=6007292 fwd=178135 rows=11400628 fwd_ms=931745.2 eval=0 prior=0
[inst] req=17416192 hits=6010170 fwd=178218 rows=11405940 fwd_ms=932139.2 eval=0 prior=0
[inst] req=17424384 hits=6013118 fwd=178300 rows=11411188 fwd_ms=932527.7 eval=0 prior=0
[inst] req=17432576 hits=6016208 fwd=178379 rows=11416244 fwd_ms=932902.7 eval=0 prior=0
[inst] req=17440768 hits=6019050 fwd=178463 rows=11421620 fwd_ms=933301.6 eval=0 prior=0
[inst] req=17448960 hits=6022119 fwd=178543 rows=11426740 fwd_ms=933681.6 eval=0 prior=0
[inst] req=17457152 hits=6025034 fwd=178626 rows=11432052 fwd_ms=934075.2 eval=0 prior=0
[inst] req=17465344 hits=6028205 fwd=178704 rows=11437044 fwd_ms=934445.8 eval=0 prior=0
[inst] req=17473536 hits=6031409 fwd=178782 rows=11442036 fwd_ms=934816.2 eval=0 prior=0
[inst] req=17481728 hits=6034238 fwd=178866 rows=11447412 fwd_ms=935215.4 eval=0 prior=0
[inst] req=17489920 hits=6037311 fwd=178946 rows=11452532 fwd_ms=935594.9 eval=0 prior=0
[inst] req=17498112 hits=6040267 fwd=179028 rows=11457780 fwd_ms=935983.7 eval=0 prior=0
[inst] req=17506304 hits=6043220 fwd=179109 rows=11462964 fwd_ms=936368.4 eval=0 prior=0
[inst] req=17514496 hits=6046204 fwd=179191 rows=11468212 fwd_ms=936757.1 eval=0 prior=0
[inst] req=17522688 hits=6049526 fwd=179267 rows=11473076 fwd_ms=937118.6 eval=0 prior=0
[inst] req=17530880 hits=6052524 fwd=179348 rows=11478260 fwd_ms=937502.8 eval=0 prior=0
[inst] req=17539072 hits=6055463 fwd=179430 rows=11483508 fwd_ms=937891.7 eval=0 prior=0
[inst] req=17547264 hits=6058262 fwd=179514 rows=11488884 fwd_ms=938290.6 eval=0 prior=0
[inst] req=17555456 hits=6061453 fwd=179592 rows=11493876 fwd_ms=938661.0 eval=0 prior=0
[inst] req=17563648 hits=6064487 fwd=179673 rows=11499060 fwd_ms=939044.9 eval=0 prior=0
[inst] req=17571840 hits=6067600 fwd=179752 rows=11504116 fwd_ms=939420.0 eval=0 prior=0
[inst] req=17580032 hits=6070730 fwd=179832 rows=11509236 fwd_ms=939799.5 eval=0 prior=0
[inst] req=17588224 hits=6073784 fwd=179912 rows=11514356 fwd_ms=940178.7 eval=0 prior=0
[inst] req=17596416 hits=6077036 fwd=179989 rows=11519284 fwd_ms=940544.3 eval=0 prior=0
[inst] req=17604608 hits=6080181 fwd=180068 rows=11524340 fwd_ms=940919.6 eval=0 prior=0
[inst] req=17612800 hits=6083121 fwd=180150 rows=11529588 fwd_ms=941308.1 eval=0 prior=0
[inst] req=17620992 hits=6086254 fwd=180229 rows=11534644 fwd_ms=941683.6 eval=0 prior=0
[inst] req=17629184 hits=6089204 fwd=180311 rows=11539892 fwd_ms=942072.8 eval=0 prior=0
[inst] req=17637376 hits=6092341 fwd=180390 rows=11544948 fwd_ms=942447.6 eval=0 prior=0
[inst] req=17645568 hits=6095350 fwd=180471 rows=11550132 fwd_ms=942832.1 eval=0 prior=0
[inst] req=17653760 hits=6098170 fwd=180555 rows=11555508 fwd_ms=943231.3 eval=0 prior=0
[inst] req=17661952 hits=6101227 fwd=180635 rows=11560628 fwd_ms=943610.9 eval=0 prior=0
[inst] req=17670144 hits=6104085 fwd=180718 rows=11565940 fwd_ms=944005.4 eval=0 prior=0
[inst] req=17678336 hits=6107023 fwd=180800 rows=11571188 fwd_ms=944395.0 eval=0 prior=0
[inst] req=17686528 hits=6109780 fwd=180885 rows=11576628 fwd_ms=944797.3 eval=0 prior=0
[inst] req=17694720 hits=6112784 fwd=180966 rows=11581812 fwd_ms=945181.2 eval=0 prior=0
[inst] req=17702912 hits=6115861 fwd=181046 rows=11586932 fwd_ms=945559.8 eval=0 prior=0
[inst] req=17711104 hits=6118857 fwd=181128 rows=11592180 fwd_ms=945948.2 eval=0 prior=0
[inst] req=17719296 hits=6121877 fwd=181208 rows=11597300 fwd_ms=946326.9 eval=0 prior=0
[inst] req=17727488 hits=6124739 fwd=181292 rows=11602676 fwd_ms=946724.2 eval=0 prior=0
[inst] req=17735680 hits=6127768 fwd=181372 rows=11607796 fwd_ms=947103.1 eval=0 prior=0
[inst] req=17743872 hits=6130537 fwd=181457 rows=11613236 fwd_ms=947505.1 eval=0 prior=0
[inst] req=17752064 hits=6133708 fwd=181535 rows=11618228 fwd_ms=947874.7 eval=0 prior=0
[inst] req=17760256 hits=6136602 fwd=181618 rows=11623540 fwd_ms=948268.1 eval=0 prior=0
[inst] req=17768448 hits=6139477 fwd=181701 rows=11628852 fwd_ms=948661.4 eval=0 prior=0
[inst] req=17776640 hits=6142616 fwd=181780 rows=11633908 fwd_ms=949035.9 eval=0 prior=0
[inst] req=17784832 hits=6145548 fwd=181862 rows=11639156 fwd_ms=949424.5 eval=0 prior=0
[inst] req=17793024 hits=6148533 fwd=181944 rows=11644404 fwd_ms=949813.0 eval=0 prior=0
[inst] req=17801216 hits=6151394 fwd=182027 rows=11649716 fwd_ms=950205.7 eval=0 prior=0
[inst] req=17809408 hits=6154403 fwd=182108 rows=11654900 fwd_ms=950589.1 eval=0 prior=0
[inst] req=17817600 hits=6157509 fwd=182188 rows=11660020 fwd_ms=950968.2 eval=0 prior=0
[inst] req=17825792 hits=6160421 fwd=182270 rows=11665268 fwd_ms=951356.5 eval=0 prior=0
[inst] req=17833984 hits=6163402 fwd=182352 rows=11670516 fwd_ms=951744.4 eval=0 prior=0
[inst] req=17842176 hits=6166287 fwd=182434 rows=11675764 fwd_ms=952132.5 eval=0 prior=0
[inst] req=17850368 hits=6169224 fwd=182517 rows=11681076 fwd_ms=952525.3 eval=0 prior=0
[inst] req=17858560 hits=6172340 fwd=182596 rows=11686132 fwd_ms=952899.4 eval=0 prior=0
[inst] req=17866752 hits=6175362 fwd=182677 rows=11691316 fwd_ms=953283.5 eval=0 prior=0
[inst] req=17874944 hits=6178340 fwd=182758 rows=11696500 fwd_ms=953668.4 eval=0 prior=0
[inst] req=17883136 hits=6181263 fwd=182840 rows=11701748 fwd_ms=954057.3 eval=0 prior=0
[inst] req=17891328 hits=6184231 fwd=182922 rows=11706996 fwd_ms=954445.3 eval=0 prior=0
[inst] req=17899520 hits=6187180 fwd=183004 rows=11712244 fwd_ms=954833.7 eval=0 prior=0
[inst] req=17907712 hits=6190113 fwd=183086 rows=11717492 fwd_ms=955221.9 eval=0 prior=0
[inst] req=17915904 hits=6193168 fwd=183166 rows=11722612 fwd_ms=955600.4 eval=0 prior=0
[inst] req=17924096 hits=6196089 fwd=183249 rows=11727924 fwd_ms=955993.7 eval=0 prior=0
[inst] req=17932288 hits=6199096 fwd=183330 rows=11733108 fwd_ms=956377.1 eval=0 prior=0
[inst] req=17940480 hits=6202128 fwd=183410 rows=11738228 fwd_ms=956756.1 eval=0 prior=0
[inst] req=17948672 hits=6204978 fwd=183494 rows=11743604 fwd_ms=957153.7 eval=0 prior=0
[inst] req=17956864 hits=6208083 fwd=183573 rows=11748660 fwd_ms=957528.7 eval=0 prior=0
[inst] req=17965056 hits=6211085 fwd=183654 rows=11753844 fwd_ms=957913.4 eval=0 prior=0
[inst] req=17973248 hits=6214326 fwd=183732 rows=11758836 fwd_ms=958284.6 eval=0 prior=0
[inst] req=17981440 hits=6217261 fwd=183814 rows=11764084 fwd_ms=958674.6 eval=0 prior=0
[inst] req=17989632 hits=6220169 fwd=183897 rows=11769396 fwd_ms=959070.0 eval=0 prior=0
[inst] req=17997824 hits=6223084 fwd=183979 rows=11774644 fwd_ms=959460.4 eval=0 prior=0
[inst] req=18006016 hits=6226145 fwd=184059 rows=11779764 fwd_ms=959841.5 eval=0 prior=0
[inst] req=18014208 hits=6229111 fwd=184141 rows=11785012 fwd_ms=960231.2 eval=0 prior=0
[inst] req=18022400 hits=6232088 fwd=184222 rows=11790196 fwd_ms=960616.7 eval=0 prior=0
[inst] req=18030592 hits=6235211 fwd=184302 rows=11795316 fwd_ms=960996.2 eval=0 prior=0
[inst] req=18038784 hits=6238027 fwd=184386 rows=11800692 fwd_ms=961394.3 eval=0 prior=0
[inst] req=18046976 hits=6241120 fwd=184465 rows=11805748 fwd_ms=961768.6 eval=0 prior=0
[inst] req=18055168 hits=6244062 fwd=184547 rows=11810996 fwd_ms=962157.3 eval=0 prior=0
[inst] req=18063360 hits=6247117 fwd=184627 rows=11816116 fwd_ms=962913.6 eval=0 prior=0
[inst] req=18071552 hits=6249928 fwd=184712 rows=11821556 fwd_ms=968374.3 eval=0 prior=0
[inst] req=18079744 hits=6253058 fwd=184791 rows=11826612 fwd_ms=973045.0 eval=0 prior=0
[inst] req=18087936 hits=6257102 fwd=184855 rows=11830708 fwd_ms=975596.5 eval=0 prior=0
[inst] req=18096128 hits=6260834 fwd=184925 rows=11835188 fwd_ms=975957.2 eval=0 prior=0
[inst] req=18104320 hits=6262709 fwd=185024 rows=11841524 fwd_ms=976447.7 eval=0 prior=0
[inst] req=18112512 hits=6265624 fwd=185106 rows=11846772 fwd_ms=976838.4 eval=0 prior=0
[inst] req=18120704 hits=6268726 fwd=185186 rows=11851892 fwd_ms=977219.5 eval=0 prior=0
[inst] req=18128896 hits=6271860 fwd=185265 rows=11856948 fwd_ms=977595.7 eval=0 prior=0
[inst] req=18137088 hits=6275094 fwd=185342 rows=11861876 fwd_ms=977962.2 eval=0 prior=0
[inst] req=18145280 hits=6278296 fwd=185420 rows=11866868 fwd_ms=978334.0 eval=0 prior=0
[inst] req=18153472 hits=6281497 fwd=185498 rows=11871860 fwd_ms=978705.3 eval=0 prior=0
[inst] req=18161664 hits=6284722 fwd=185576 rows=11876852 fwd_ms=979078.5 eval=0 prior=0
[inst] req=18169856 hits=6287839 fwd=185655 rows=11881908 fwd_ms=979455.9 eval=0 prior=0
[inst] req=18178048 hits=6291091 fwd=185732 rows=11886836 fwd_ms=979823.1 eval=0 prior=0
[inst] req=18186240 hits=6294264 fwd=185811 rows=11891892 fwd_ms=980199.4 eval=0 prior=0
[inst] req=18194432 hits=6297471 fwd=185889 rows=11896884 fwd_ms=980571.3 eval=0 prior=0
[inst] req=18202624 hits=6300637 fwd=185967 rows=11901876 fwd_ms=980942.8 eval=0 prior=0
[inst] req=18210816 hits=6304042 fwd=186042 rows=11906676 fwd_ms=981299.8 eval=0 prior=0
[inst] req=18219008 hits=6307217 fwd=186120 rows=11911668 fwd_ms=981670.6 eval=0 prior=0
[inst] req=18227200 hits=6310590 fwd=186196 rows=11916532 fwd_ms=982032.6 eval=0 prior=0
[inst] req=18235392 hits=6313834 fwd=186273 rows=11921460 fwd_ms=982399.3 eval=0 prior=0
[inst] req=18243584 hits=6317048 fwd=186351 rows=11926452 fwd_ms=982770.5 eval=0 prior=0
[inst] req=18251776 hits=6320411 fwd=186426 rows=11931252 fwd_ms=983127.3 eval=0 prior=0
[inst] req=18259968 hits=6323610 fwd=186504 rows=11936244 fwd_ms=983497.0 eval=0 prior=0
[inst] req=18268160 hits=6326871 fwd=186581 rows=11941172 fwd_ms=983862.7 eval=0 prior=0
[inst] req=18276352 hits=6330085 fwd=186659 rows=11946164 fwd_ms=984233.8 eval=0 prior=0
[inst] req=18284544 hits=6333196 fwd=186738 rows=11951220 fwd_ms=984607.7 eval=0 prior=0
[inst] req=18292736 hits=6336421 fwd=186816 rows=11956212 fwd_ms=984977.8 eval=0 prior=0
[inst] req=18300928 hits=6339573 fwd=186895 rows=11961268 fwd_ms=985352.7 eval=0 prior=0
[inst] req=18309120 hits=6342764 fwd=186973 rows=11966260 fwd_ms=985721.8 eval=0 prior=0
[inst] req=18317312 hits=6346062 fwd=187049 rows=11971124 fwd_ms=986082.2 eval=0 prior=0
[inst] req=18325504 hits=6349260 fwd=187127 rows=11976116 fwd_ms=986451.2 eval=0 prior=0
[inst] req=18333696 hits=6352496 fwd=187205 rows=11981108 fwd_ms=986819.9 eval=0 prior=0
[inst] req=18341888 hits=6355631 fwd=187284 rows=11986164 fwd_ms=987194.7 eval=0 prior=0
[inst] req=18350080 hits=6358909 fwd=187361 rows=11991092 fwd_ms=987559.1 eval=0 prior=0
[inst] req=18358272 hits=6361973 fwd=187441 rows=11996212 fwd_ms=987937.4 eval=0 prior=0
[inst] req=18366464 hits=6365398 fwd=187515 rows=12000948 fwd_ms=988287.6 eval=0 prior=0
[inst] req=18374656 hits=6368553 fwd=187594 rows=12006004 fwd_ms=988661.4 eval=0 prior=0
[inst] req=18382848 hits=6371465 fwd=187677 rows=12011316 fwd_ms=989054.9 eval=0 prior=0
[inst] req=18391040 hits=6374691 fwd=187754 rows=12016244 fwd_ms=989419.7 eval=0 prior=0
[inst] req=18399232 hits=6377681 fwd=187835 rows=12021428 fwd_ms=989803.2 eval=0 prior=0
[inst] req=18407424 hits=6381014 fwd=187911 rows=12026292 fwd_ms=990162.5 eval=0 prior=0
[inst] req=18415616 hits=6384087 fwd=187991 rows=12031412 fwd_ms=990540.2 eval=0 prior=0
[inst] req=18423808 hits=6387203 fwd=188071 rows=12036532 fwd_ms=990918.9 eval=0 prior=0
[inst] req=18432000 hits=6390396 fwd=188149 rows=12041524 fwd_ms=991287.9 eval=0 prior=0
[inst] req=18440192 hits=6393458 fwd=188229 rows=12046644 fwd_ms=991666.8 eval=0 prior=0
[inst] req=18448384 hits=6396741 fwd=188306 rows=12051572 fwd_ms=992031.8 eval=0 prior=0
[inst] req=18456576 hits=6399867 fwd=188385 rows=12056628 fwd_ms=992406.2 eval=0 prior=0
[inst] req=18464768 hits=6403191 fwd=188461 rows=12061492 fwd_ms=992766.0 eval=0 prior=0
[inst] req=18472960 hits=6406391 fwd=188539 rows=12066484 fwd_ms=993136.2 eval=0 prior=0
[inst] req=18481152 hits=6409580 fwd=188617 rows=12071476 fwd_ms=993505.4 eval=0 prior=0
[inst] req=18489344 hits=6412772 fwd=188695 rows=12076468 fwd_ms=993874.2 eval=0 prior=0
[inst] req=18497536 hits=6415909 fwd=188774 rows=12081524 fwd_ms=994248.3 eval=0 prior=0
[inst] req=18505728 hits=6418918 fwd=188855 rows=12086708 fwd_ms=994631.2 eval=0 prior=0
[inst] req=18513920 hits=6422128 fwd=188933 rows=12091700 fwd_ms=995000.6 eval=0 prior=0
[inst] req=18522112 hits=6425126 fwd=189014 rows=12096884 fwd_ms=995383.4 eval=0 prior=0
[inst] req=18530304 hits=6428226 fwd=189094 rows=12102004 fwd_ms=995760.8 eval=0 prior=0
[inst] req=18538496 hits=6431417 fwd=189172 rows=12106996 fwd_ms=996129.2 eval=0 prior=0
[inst] req=18546688 hits=6434691 fwd=189249 rows=12111924 fwd_ms=996493.5 eval=0 prior=0
[inst] req=18554880 hits=6437922 fwd=189326 rows=12116852 fwd_ms=996858.0 eval=0 prior=0
[inst] req=18563072 hits=6440890 fwd=189408 rows=12122100 fwd_ms=997245.6 eval=0 prior=0
[inst] req=18571264 hits=6444138 fwd=189485 rows=12127028 fwd_ms=997608.9 eval=0 prior=0
[inst] req=18579456 hits=6447229 fwd=189565 rows=12132148 fwd_ms=997987.7 eval=0 prior=0
[inst] req=18587648 hits=6450445 fwd=189642 rows=12137076 fwd_ms=998352.3 eval=0 prior=0
[inst] req=18595840 hits=6453581 fwd=189721 rows=12142132 fwd_ms=998726.9 eval=0 prior=0
[inst] req=18604032 hits=6456872 fwd=189798 rows=12147060 fwd_ms=999091.1 eval=0 prior=0
[inst] req=18612224 hits=6460094 fwd=189876 rows=12152052 fwd_ms=999460.6 eval=0 prior=0
[inst] req=18620416 hits=6463282 fwd=189954 rows=12157044 fwd_ms=999829.5 eval=0 prior=0
[inst] req=18628608 hits=6466540 fwd=190031 rows=12161972 fwd_ms=1000193.1 eval=0 prior=0
[inst] req=18636800 hits=6469674 fwd=190110 rows=12167028 fwd_ms=1000566.7 eval=0 prior=0
[inst] req=18644992 hits=6472950 fwd=190187 rows=12171956 fwd_ms=1000931.0 eval=0 prior=0
[inst] req=18653184 hits=6476231 fwd=190264 rows=12176884 fwd_ms=1001296.1 eval=0 prior=0
[inst] req=18661376 hits=6479379 fwd=190342 rows=12181876 fwd_ms=1001665.3 eval=0 prior=0
[inst] req=18669568 hits=6482538 fwd=190421 rows=12186932 fwd_ms=1002039.1 eval=0 prior=0
[inst] req=18677760 hits=6485972 fwd=190495 rows=12191668 fwd_ms=1002389.7 eval=0 prior=0
[inst] req=18685952 hits=6489092 fwd=190575 rows=12196788 fwd_ms=1002769.3 eval=0 prior=0
[inst] req=18694144 hits=6492296 fwd=190653 rows=12201780 fwd_ms=1003139.5 eval=0 prior=0
[inst] req=18702336 hits=6495362 fwd=190733 rows=12206900 fwd_ms=1003519.4 eval=0 prior=0
[inst] req=18710528 hits=6498370 fwd=190814 rows=12212084 fwd_ms=1003904.7 eval=0 prior=0
[inst] req=18718720 hits=6501616 fwd=190891 rows=12217012 fwd_ms=1004268.8 eval=0 prior=0
[inst] req=18726912 hits=6504605 fwd=190972 rows=12222196 fwd_ms=1004651.7 eval=0 prior=0
[inst] req=18735104 hits=6507664 fwd=191052 rows=12227316 fwd_ms=1005030.8 eval=0 prior=0
[inst] req=18743296 hits=6510851 fwd=191131 rows=12232372 fwd_ms=1005406.0 eval=0 prior=0
[inst] req=18751488 hits=6513981 fwd=191210 rows=12237428 fwd_ms=1005780.5 eval=0 prior=0
[inst] req=18759680 hits=6517443 fwd=191284 rows=12242164 fwd_ms=1006131.3 eval=0 prior=0
[inst] req=18767872 hits=6520524 fwd=191363 rows=12247220 fwd_ms=1006506.1 eval=0 prior=0
[inst] req=18776064 hits=6523666 fwd=191442 rows=12252276 fwd_ms=1006880.9 eval=0 prior=0
[inst] req=18784256 hits=6526968 fwd=191519 rows=12257204 fwd_ms=1007245.8 eval=0 prior=0
[inst] req=18792448 hits=6530083 fwd=191598 rows=12262260 fwd_ms=1007620.8 eval=0 prior=0
[inst] req=18800640 hits=6533335 fwd=191675 rows=12267188 fwd_ms=1007985.9 eval=0 prior=0
[inst] req=18808832 hits=6536736 fwd=191750 rows=12271988 fwd_ms=1008341.9 eval=0 prior=0
[inst] req=18817024 hits=6539759 fwd=191831 rows=12277172 fwd_ms=1008725.7 eval=0 prior=0
[inst] req=18825216 hits=6543069 fwd=191907 rows=12282036 fwd_ms=1009086.5 eval=0 prior=0
[inst] req=18833408 hits=6546315 fwd=191985 rows=12287028 fwd_ms=1009456.6 eval=0 prior=0
[inst] req=18841600 hits=6549525 fwd=192062 rows=12291956 fwd_ms=1009821.5 eval=0 prior=0
[inst] req=18849792 hits=6552900 fwd=192138 rows=12296820 fwd_ms=1010182.1 eval=0 prior=0
[inst] req=18857984 hits=6556273 fwd=192213 rows=12301620 fwd_ms=1010537.5 eval=0 prior=0
[inst] req=18866176 hits=6559308 fwd=192293 rows=12306740 fwd_ms=1010918.8 eval=0 prior=0
[inst] req=18874368 hits=6562510 fwd=192371 rows=12311732 fwd_ms=1011288.2 eval=0 prior=0
[inst] req=18882560 hits=6565664 fwd=192450 rows=12316788 fwd_ms=1011663.4 eval=0 prior=0
[inst] req=18890752 hits=6568877 fwd=192528 rows=12321780 fwd_ms=1012034.3 eval=0 prior=0
[inst] req=18898944 hits=6572092 fwd=192606 rows=12326772 fwd_ms=1012403.3 eval=0 prior=0
[inst] req=18907136 hits=6575238 fwd=192685 rows=12331828 fwd_ms=1012776.6 eval=0 prior=0
[inst] req=18915328 hits=6578284 fwd=192765 rows=12336948 fwd_ms=1013155.7 eval=0 prior=0
[inst] req=18923520 hits=6581396 fwd=192844 rows=12342004 fwd_ms=1013529.7 eval=0 prior=0
[inst] req=18931712 hits=6584554 fwd=192923 rows=12347060 fwd_ms=1013903.2 eval=0 prior=0
[inst] req=18939904 hits=6587627 fwd=193003 rows=12352180 fwd_ms=1014281.9 eval=0 prior=0
[inst] req=18948096 hits=6590656 fwd=193084 rows=12357364 fwd_ms=1014664.8 eval=0 prior=0
[inst] req=18956288 hits=6593635 fwd=193165 rows=12362548 fwd_ms=1015047.6 eval=0 prior=0
[inst] req=18964480 hits=6596722 fwd=193245 rows=12367668 fwd_ms=1015425.7 eval=0 prior=0
[inst] req=18972672 hits=6599906 fwd=193323 rows=12372660 fwd_ms=1015793.8 eval=0 prior=0
[inst] req=18980864 hits=6603054 fwd=193402 rows=12377716 fwd_ms=1016167.0 eval=0 prior=0
[inst] req=18989056 hits=6606183 fwd=193481 rows=12382772 fwd_ms=1016540.1 eval=0 prior=0
[inst] req=18997248 hits=6609356 fwd=193559 rows=12387764 fwd_ms=1016908.4 eval=0 prior=0
[inst] req=19005440 hits=6612480 fwd=193639 rows=12392884 fwd_ms=1017286.1 eval=0 prior=0
[inst] req=19013632 hits=6615648 fwd=193717 rows=12397876 fwd_ms=1017654.9 eval=0 prior=0
[inst] req=19021824 hits=6618583 fwd=193799 rows=12403124 fwd_ms=1018042.3 eval=0 prior=0
[inst] req=19030016 hits=6621889 fwd=193876 rows=12408052 fwd_ms=1018406.1 eval=0 prior=0
[inst] req=19038208 hits=6625227 fwd=193952 rows=12412916 fwd_ms=1018766.5 eval=0 prior=0
[inst] req=19046400 hits=6628417 fwd=194030 rows=12417908 fwd_ms=1019135.2 eval=0 prior=0
[inst] req=19054592 hits=6631647 fwd=194107 rows=12422836 fwd_ms=1019499.3 eval=0 prior=0
[inst] req=19062784 hits=6634997 fwd=194183 rows=12427700 fwd_ms=1019858.9 eval=0 prior=0
[inst] req=19070976 hits=6638183 fwd=194261 rows=12432692 fwd_ms=1020227.6 eval=0 prior=0
[inst] req=19079168 hits=6641532 fwd=194337 rows=12437556 fwd_ms=1020587.2 eval=0 prior=0
[inst] req=19087360 hits=6644670 fwd=194416 rows=12442612 fwd_ms=1020961.0 eval=0 prior=0
[inst] req=19095552 hits=6647922 fwd=194493 rows=12447540 fwd_ms=1021325.7 eval=0 prior=0
[inst] req=19103744 hits=6651183 fwd=194570 rows=12452468 fwd_ms=1021690.7 eval=0 prior=0
[inst] req=19111936 hits=6654310 fwd=194649 rows=12457524 fwd_ms=1022065.0 eval=0 prior=0
[inst] req=19120128 hits=6657652 fwd=194725 rows=12462388 fwd_ms=1022425.3 eval=0 prior=0
[inst] req=19128320 hits=6660787 fwd=194804 rows=12467444 fwd_ms=1022798.9 eval=0 prior=0
[inst] req=19136512 hits=6663947 fwd=194883 rows=12472500 fwd_ms=1023173.1 eval=0 prior=0
[inst] req=19144704 hits=6667325 fwd=194958 rows=12477300 fwd_ms=1023527.8 eval=0 prior=0
[inst] req=19152896 hits=6670730 fwd=195033 rows=12482100 fwd_ms=1023882.9 eval=0 prior=0
[inst] req=19161088 hits=6673717 fwd=195114 rows=12487284 fwd_ms=1024266.1 eval=0 prior=0
[inst] req=19169280 hits=6677007 fwd=195190 rows=12492148 fwd_ms=1024625.3 eval=0 prior=0
[inst] req=19177472 hits=6680212 fwd=195268 rows=12497140 fwd_ms=1024994.6 eval=0 prior=0
[inst] req=19185664 hits=6683344 fwd=195347 rows=12502196 fwd_ms=1025367.3 eval=0 prior=0
[inst] req=19193856 hits=6686594 fwd=195425 rows=12507188 fwd_ms=1025736.3 eval=0 prior=0
[inst] req=19202048 hits=6689594 fwd=195506 rows=12512372 fwd_ms=1026118.6 eval=0 prior=0
[inst] req=19210240 hits=6692787 fwd=195584 rows=12517364 fwd_ms=1026487.0 eval=0 prior=0
[inst] req=19218432 hits=6696098 fwd=195660 rows=12522228 fwd_ms=1026846.1 eval=0 prior=0
[inst] req=19226624 hits=6699355 fwd=195737 rows=12527156 fwd_ms=1027210.4 eval=0 prior=0
[inst] req=19234816 hits=6702452 fwd=195817 rows=12532276 fwd_ms=1027589.2 eval=0 prior=0
[inst] req=19243008 hits=6705648 fwd=195895 rows=12537268 fwd_ms=1027959.0 eval=0 prior=0
[inst] req=19251200 hits=6708669 fwd=195976 rows=12542452 fwd_ms=1028342.4 eval=0 prior=0
[inst] req=19259392 hits=6711774 fwd=196055 rows=12547508 fwd_ms=1028716.6 eval=0 prior=0
[inst] req=19267584 hits=6714802 fwd=196136 rows=12552692 fwd_ms=1029099.9 eval=0 prior=0
[inst] req=19275776 hits=6717762 fwd=196218 rows=12557940 fwd_ms=1029487.9 eval=0 prior=0
[inst] req=19283968 hits=6720948 fwd=196296 rows=12562932 fwd_ms=1029856.4 eval=0 prior=0
[inst] req=19292160 hits=6723911 fwd=196378 rows=12568180 fwd_ms=1030244.0 eval=0 prior=0
[inst] req=19300352 hits=6727000 fwd=196457 rows=12573236 fwd_ms=1030617.9 eval=0 prior=0
[inst] req=19308544 hits=6730157 fwd=196536 rows=12578292 fwd_ms=1030991.8 eval=0 prior=0
[inst] req=19316736 hits=6733085 fwd=196618 rows=12583540 fwd_ms=1031380.4 eval=0 prior=0
[inst] req=19324928 hits=6736292 fwd=196696 rows=12588532 fwd_ms=1031749.6 eval=0 prior=0
[inst] req=19333120 hits=6739516 fwd=196774 rows=12593524 fwd_ms=1032119.1 eval=0 prior=0
[inst] req=19341312 hits=6742632 fwd=196853 rows=12598580 fwd_ms=1032493.1 eval=0 prior=0
[inst] req=19349504 hits=6745743 fwd=196932 rows=12603636 fwd_ms=1032866.9 eval=0 prior=0
[inst] req=19357696 hits=6748958 fwd=197010 rows=12608628 fwd_ms=1033235.6 eval=0 prior=0
[inst] req=19365888 hits=6752077 fwd=197089 rows=12613684 fwd_ms=1033611.4 eval=0 prior=0
[inst] req=19374080 hits=6755255 fwd=197168 rows=12618740 fwd_ms=1033986.6 eval=0 prior=0
[inst] req=19382272 hits=6758326 fwd=197248 rows=12623860 fwd_ms=1034367.6 eval=0 prior=0
[inst] req=19390464 hits=6761470 fwd=197327 rows=12628916 fwd_ms=1034743.4 eval=0 prior=0
[inst] req=19398656 hits=6764597 fwd=197406 rows=12633972 fwd_ms=1035118.1 eval=0 prior=0
[inst] req=19406848 hits=6767666 fwd=197486 rows=12639092 fwd_ms=1035498.2 eval=0 prior=0
[inst] req=19415040 hits=6770580 fwd=197568 rows=12644340 fwd_ms=1035887.1 eval=0 prior=0
[inst] req=19423232 hits=6773628 fwd=197649 rows=12649524 fwd_ms=1036272.2 eval=0 prior=0
[inst] req=19431424 hits=6776855 fwd=197726 rows=12654452 fwd_ms=1036638.2 eval=0 prior=0
[inst] req=19439616 hits=6779865 fwd=197807 rows=12659636 fwd_ms=1037022.4 eval=0 prior=0
[inst] req=19447808 hits=6783102 fwd=197885 rows=12664628 fwd_ms=1037392.2 eval=0 prior=0
[inst] req=19456000 hits=6786278 fwd=197963 rows=12669620 fwd_ms=1037762.5 eval=0 prior=0
[inst] req=19464192 hits=6789215 fwd=198045 rows=12674868 fwd_ms=1038705.4 eval=0 prior=0
[inst] req=19472384 hits=6792145 fwd=198127 rows=12680116 fwd_ms=1044149.3 eval=0 prior=0
[inst] req=19480576 hits=6795361 fwd=198205 rows=12685108 fwd_ms=1048252.1 eval=0 prior=0
[inst] req=19488768 hits=6798426 fwd=198285 rows=12690228 fwd_ms=1051260.7 eval=0 prior=0
[inst] req=19496960 hits=6800743 fwd=198377 rows=12696116 fwd_ms=1051741.4 eval=0 prior=0
[inst] req=19505152 hits=6802340 fwd=198480 rows=12702708 fwd_ms=1052230.1 eval=0 prior=0
[inst] req=19513344 hits=6804971 fwd=198567 rows=12708276 fwd_ms=1052644.0 eval=0 prior=0
[inst] req=19521536 hits=6807894 fwd=198649 rows=12713524 fwd_ms=1053034.4 eval=0 prior=0
[inst] req=19529728 hits=6810750 fwd=198733 rows=12718900 fwd_ms=1053433.7 eval=0 prior=0
[inst] req=19537920 hits=6813485 fwd=198818 rows=12724340 fwd_ms=1053839.8 eval=0 prior=0
[inst] req=19546112 hits=6816254 fwd=198903 rows=12729780 fwd_ms=1054242.2 eval=0 prior=0
[inst] req=19554304 hits=6819121 fwd=198986 rows=12735092 fwd_ms=1054635.9 eval=0 prior=0
[inst] req=19562496 hits=6821942 fwd=199070 rows=12740468 fwd_ms=1055033.8 eval=0 prior=0
[inst] req=19570688 hits=6824668 fwd=199155 rows=12745908 fwd_ms=1055436.8 eval=0 prior=0
[inst] req=19578880 hits=6827476 fwd=199239 rows=12751284 fwd_ms=1055836.8 eval=0 prior=0
[inst] req=19587072 hits=6830316 fwd=199323 rows=12756660 fwd_ms=1056235.8 eval=0 prior=0
[inst] req=19595264 hits=6833125 fwd=199407 rows=12762036 fwd_ms=1056634.1 eval=0 prior=0
[inst] req=19603456 hits=6835962 fwd=199491 rows=12767412 fwd_ms=1057032.7 eval=0 prior=0
[inst] req=19611648 hits=6838672 fwd=199576 rows=12772852 fwd_ms=1057437.4 eval=0 prior=0
[inst] req=19619840 hits=6841562 fwd=199659 rows=12778164 fwd_ms=1057831.6 eval=0 prior=0
[inst] req=19628032 hits=6844420 fwd=199743 rows=12783540 fwd_ms=1058231.2 eval=0 prior=0
[inst] req=19636224 hits=6847162 fwd=199828 rows=12788980 fwd_ms=1058635.4 eval=0 prior=0
[inst] req=19644416 hits=6850140 fwd=199909 rows=12794164 fwd_ms=1059019.3 eval=0 prior=0
[inst] req=19652608 hits=6852900 fwd=199994 rows=12799604 fwd_ms=1059422.6 eval=0 prior=0
[inst] req=19660800 hits=6855841 fwd=200076 rows=12804852 fwd_ms=1059812.1 eval=0 prior=0
[inst] req=19668992 hits=6858675 fwd=200160 rows=12810228 fwd_ms=1060211.9 eval=0 prior=0
[inst] req=19677184 hits=6861448 fwd=200245 rows=12815668 fwd_ms=1060615.9 eval=0 prior=0
[inst] req=19685376 hits=6864362 fwd=200327 rows=12820916 fwd_ms=1061005.3 eval=0 prior=0
[inst] req=19693568 hits=6867231 fwd=200410 rows=12826228 fwd_ms=1061399.5 eval=0 prior=0
[inst] req=19701760 hits=6870082 fwd=200494 rows=12831604 fwd_ms=1061797.2 eval=0 prior=0
[inst] req=19709952 hits=6872886 fwd=200578 rows=12836980 fwd_ms=1062196.0 eval=0 prior=0
[inst] req=19718144 hits=6875602 fwd=200663 rows=12842420 fwd_ms=1062598.5 eval=0 prior=0
[inst] req=19726336 hits=6878454 fwd=200747 rows=12847796 fwd_ms=1062996.5 eval=0 prior=0
[inst] req=19734528 hits=6881401 fwd=200829 rows=12853044 fwd_ms=1063385.7 eval=0 prior=0
[inst] req=19742720 hits=6884234 fwd=200913 rows=12858420 fwd_ms=1063783.8 eval=0 prior=0
[inst] req=19750912 hits=6887131 fwd=200995 rows=12863668 fwd_ms=1064171.1 eval=0 prior=0
[inst] req=19759104 hits=6889898 fwd=201080 rows=12869108 fwd_ms=1064574.5 eval=0 prior=0
[inst] req=19767296 hits=6892912 fwd=201161 rows=12874292 fwd_ms=1064957.6 eval=0 prior=0
[inst] req=19775488 hits=6895733 fwd=201245 rows=12879668 fwd_ms=1065355.5 eval=0 prior=0
[inst] req=19783680 hits=6898494 fwd=201330 rows=12885108 fwd_ms=1065757.0 eval=0 prior=0
[inst] req=19791872 hits=6901260 fwd=201414 rows=12890484 fwd_ms=1066154.0 eval=0 prior=0
[inst] req=19800064 hits=6904003 fwd=201500 rows=12895988 fwd_ms=1066560.6 eval=0 prior=0
[inst] req=19808256 hits=6906788 fwd=201584 rows=12901364 fwd_ms=1066957.4 eval=0 prior=0
[inst] req=19816448 hits=6909607 fwd=201668 rows=12906740 fwd_ms=1067354.4 eval=0 prior=0
[inst] req=19824640 hits=6912381 fwd=201753 rows=12912180 fwd_ms=1067756.0 eval=0 prior=0
[inst] req=19832832 hits=6915180 fwd=201837 rows=12917556 fwd_ms=1068152.6 eval=0 prior=0
[inst] req=19841024 hits=6917966 fwd=201921 rows=12922932 fwd_ms=1068550.3 eval=0 prior=0
[inst] req=19849216 hits=6920954 fwd=202003 rows=12928180 fwd_ms=1068940.3 eval=0 prior=0
[inst] req=19857408 hits=6923709 fwd=202088 rows=12933620 fwd_ms=1069341.6 eval=0 prior=0
[inst] req=19865600 hits=6926584 fwd=202171 rows=12938932 fwd_ms=1069733.8 eval=0 prior=0
[inst] req=19873792 hits=6929438 fwd=202254 rows=12944244 fwd_ms=1070125.5 eval=0 prior=0
[inst] req=19881984 hits=6932255 fwd=202338 rows=12949620 fwd_ms=1070521.6 eval=0 prior=0
[inst] req=19890176 hits=6935160 fwd=202421 rows=12954932 fwd_ms=1070914.8 eval=0 prior=0
[inst] req=19898368 hits=6938102 fwd=202503 rows=12960180 fwd_ms=1071302.3 eval=0 prior=0
[inst] req=19906560 hits=6940889 fwd=202587 rows=12965556 fwd_ms=1071699.2 eval=0 prior=0
[inst] req=19914752 hits=6943809 fwd=202670 rows=12970868 fwd_ms=1072092.0 eval=0 prior=0
[inst] req=19922944 hits=6946763 fwd=202752 rows=12976116 fwd_ms=1072480.1 eval=0 prior=0
[inst] req=19931136 hits=6949581 fwd=202835 rows=12981428 fwd_ms=1072872.7 eval=0 prior=0
[inst] req=19939328 hits=6952484 fwd=202918 rows=12986740 fwd_ms=1073266.2 eval=0 prior=0
[inst] req=19947520 hits=6955313 fwd=203002 rows=12992116 fwd_ms=1073663.3 eval=0 prior=0
[inst] req=19955712 hits=6958222 fwd=203084 rows=12997364 fwd_ms=1074052.0 eval=0 prior=0
[inst] req=19963904 hits=6960942 fwd=203170 rows=13002868 fwd_ms=1074459.1 eval=0 prior=0
[inst] req=19972096 hits=6963871 fwd=203252 rows=13008116 fwd_ms=1074846.9 eval=0 prior=0
[inst] req=19980288 hits=6966671 fwd=203336 rows=13013492 fwd_ms=1075244.9 eval=0 prior=0
[inst] req=19988480 hits=6969531 fwd=203420 rows=13018868 fwd_ms=1075641.9 eval=0 prior=0
[inst] req=19996672 hits=6972549 fwd=203501 rows=13024052 fwd_ms=1076026.1 eval=0 prior=0
[inst] req=20004864 hits=6975230 fwd=203587 rows=13029556 fwd_ms=1076433.1 eval=0 prior=0
[inst] req=20013056 hits=6977956 fwd=203672 rows=13034996 fwd_ms=1076835.1 eval=0 prior=0
[inst] req=20021248 hits=6980827 fwd=203755 rows=13040308 fwd_ms=1077228.3 eval=0 prior=0
[inst] req=20029440 hits=6983678 fwd=203839 rows=13045684 fwd_ms=1077626.0 eval=0 prior=0
[inst] req=20037632 hits=6986434 fwd=203924 rows=13051124 fwd_ms=1078029.0 eval=0 prior=0
[inst] req=20045824 hits=6989438 fwd=204005 rows=13056308 fwd_ms=1078413.1 eval=0 prior=0
[inst] req=20054016 hits=6992311 fwd=204088 rows=13061620 fwd_ms=1078805.5 eval=0 prior=0
[inst] req=20062208 hits=6995617 fwd=204164 rows=13066484 fwd_ms=1079166.9 eval=0 prior=0
[inst] req=20070400 hits=6998520 fwd=204247 rows=13071796 fwd_ms=1079561.4 eval=0 prior=0
[inst] req=20078592 hits=7001337 fwd=204331 rows=13077172 fwd_ms=1079961.3 eval=0 prior=0
[inst] req=20086784 hits=7004067 fwd=204416 rows=13082612 fwd_ms=1080365.5 eval=0 prior=0
[inst] req=20094976 hits=7006993 fwd=204498 rows=13087860 fwd_ms=1080753.7 eval=0 prior=0
[inst] req=20103168 hits=7009907 fwd=204581 rows=13093172 fwd_ms=1081146.6 eval=0 prior=0
[inst] req=20111360 hits=7012640 fwd=204666 rows=13098612 fwd_ms=1081550.7 eval=0 prior=0
[inst] req=20119552 hits=7015506 fwd=204749 rows=13103924 fwd_ms=1081944.7 eval=0 prior=0
[inst] req=20127744 hits=7018521 fwd=204830 rows=13109108 fwd_ms=1082328.8 eval=0 prior=0
[inst] req=20135936 hits=7021371 fwd=204914 rows=13114484 fwd_ms=1082726.8 eval=0 prior=0
[inst] req=20144128 hits=7024316 fwd=204996 rows=13119732 fwd_ms=1083115.6 eval=0 prior=0
[inst] req=20152320 hits=7027330 fwd=205077 rows=13124916 fwd_ms=1083500.0 eval=0 prior=0
[inst] req=20160512 hits=7030119 fwd=205161 rows=13130292 fwd_ms=1083898.8 eval=0 prior=0
[inst] req=20168704 hits=7032948 fwd=205245 rows=13135668 fwd_ms=1084297.6 eval=0 prior=0
[inst] req=20176896 hits=7035706 fwd=205330 rows=13141108 fwd_ms=1084701.1 eval=0 prior=0
[inst] req=20185088 hits=7038435 fwd=205415 rows=13146548 fwd_ms=1085104.5 eval=0 prior=0
[inst] req=20193280 hits=7041457 fwd=205496 rows=13151732 fwd_ms=1085488.1 eval=0 prior=0
[inst] req=20201472 hits=7044287 fwd=205580 rows=13157108 fwd_ms=1085885.9 eval=0 prior=0
[inst] req=20209664 hits=7047236 fwd=205662 rows=13162356 fwd_ms=1086273.7 eval=0 prior=0
[inst] req=20217856 hits=7050097 fwd=205745 rows=13167668 fwd_ms=1086667.4 eval=0 prior=0
[inst] req=20226048 hits=7052996 fwd=205828 rows=13172980 fwd_ms=1087063.2 eval=0 prior=0
[inst] req=20234240 hits=7055844 fwd=205911 rows=13178292 fwd_ms=1087457.5 eval=0 prior=0
[inst] req=20242432 hits=7058729 fwd=205994 rows=13183604 fwd_ms=1087851.5 eval=0 prior=0
[inst] req=20250624 hits=7061515 fwd=206079 rows=13189044 fwd_ms=1088255.4 eval=0 prior=0
[inst] req=20258816 hits=7064504 fwd=206160 rows=13194228 fwd_ms=1088639.8 eval=0 prior=0
[inst] req=20267008 hits=7067373 fwd=206243 rows=13199540 fwd_ms=1089031.6 eval=0 prior=0
[inst] req=20275200 hits=7070247 fwd=206326 rows=13204852 fwd_ms=1089423.6 eval=0 prior=0
[inst] req=20283392 hits=7073135 fwd=206409 rows=13210164 fwd_ms=1089816.3 eval=0 prior=0
[inst] req=20291584 hits=7076062 fwd=206491 rows=13215412 fwd_ms=1090205.0 eval=0 prior=0
[inst] req=20299776 hits=7078812 fwd=206576 rows=13220852 fwd_ms=1090607.0 eval=0 prior=0
[inst] req=20307968 hits=7081696 fwd=206659 rows=13226164 fwd_ms=1090999.7 eval=0 prior=0
[inst] req=20316160 hits=7084455 fwd=206744 rows=13231604 fwd_ms=1091403.7 eval=0 prior=0
[inst] req=20324352 hits=7087297 fwd=206828 rows=13236980 fwd_ms=1091802.1 eval=0 prior=0
[inst] req=20332544 hits=7090076 fwd=206912 rows=13242356 fwd_ms=1092199.9 eval=0 prior=0
[inst] req=20340736 hits=7092974 fwd=206995 rows=13247668 fwd_ms=1092593.2 eval=0 prior=0
[inst] req=20348928 hits=7095945 fwd=207077 rows=13252916 fwd_ms=1092981.6 eval=0 prior=0
[inst] req=20357120 hits=7098963 fwd=207157 rows=13258036 fwd_ms=1093360.4 eval=0 prior=0
[inst] req=20365312 hits=7101816 fwd=207241 rows=13263412 fwd_ms=1093758.8 eval=0 prior=0
[inst] req=20373504 hits=7104686 fwd=207324 rows=13268724 fwd_ms=1094153.7 eval=0 prior=0
[inst] req=20381696 hits=7107578 fwd=207407 rows=13274036 fwd_ms=1094549.0 eval=0 prior=0
[inst] req=20389888 hits=7110386 fwd=207491 rows=13279412 fwd_ms=1094949.1 eval=0 prior=0
[inst] req=20398080 hits=7113228 fwd=207574 rows=13284724 fwd_ms=1095344.1 eval=0 prior=0
[inst] req=20406272 hits=7116107 fwd=207658 rows=13290100 fwd_ms=1095743.4 eval=0 prior=0
[inst] req=20414464 hits=7118839 fwd=207743 rows=13295540 fwd_ms=1096147.2 eval=0 prior=0
[inst] req=20422656 hits=7121587 fwd=207828 rows=13300980 fwd_ms=1096551.9 eval=0 prior=0
[inst] req=20430848 hits=7124419 fwd=207912 rows=13306356 fwd_ms=1096952.3 eval=0 prior=0
[inst] req=20439040 hits=7127328 fwd=207994 rows=13311604 fwd_ms=1097344.0 eval=0 prior=0
[inst] req=20447232 hits=7130150 fwd=208078 rows=13316980 fwd_ms=1097744.5 eval=0 prior=0
[inst] req=20455424 hits=7133102 fwd=208160 rows=13322228 fwd_ms=1098134.2 eval=0 prior=0
[inst] req=20463616 hits=7136077 fwd=208241 rows=13327412 fwd_ms=1098519.0 eval=0 prior=0
[inst] req=20471808 hits=7138816 fwd=208327 rows=13332916 fwd_ms=1098926.0 eval=0 prior=0
[inst] req=20480000 hits=7141808 fwd=208408 rows=13338100 fwd_ms=1099309.1 eval=0 prior=0
[inst] req=20488192 hits=7144723 fwd=208490 rows=13343348 fwd_ms=1099698.5 eval=0 prior=0
[inst] req=20496384 hits=7147505 fwd=208575 rows=13348788 fwd_ms=1100102.7 eval=0 prior=0
[inst] req=20504576 hits=7150373 fwd=208658 rows=13354100 fwd_ms=1100497.2 eval=0 prior=0
[inst] req=20512768 hits=7153182 fwd=208742 rows=13359476 fwd_ms=1100895.7 eval=0 prior=0
[inst] req=20520960 hits=7155978 fwd=208827 rows=13364916 fwd_ms=1101298.5 eval=0 prior=0
[inst] req=20529152 hits=7158906 fwd=208909 rows=13370164 fwd_ms=1101687.0 eval=0 prior=0
[inst] req=20537344 hits=7161668 fwd=208994 rows=13375604 fwd_ms=1102089.7 eval=0 prior=0
[inst] req=20545536 hits=7164595 fwd=209076 rows=13380852 fwd_ms=1102478.7 eval=0 prior=0
[inst] req=20553728 hits=7167491 fwd=209159 rows=13386164 fwd_ms=1102872.4 eval=0 prior=0
[inst] req=20561920 hits=7170397 fwd=209241 rows=13391412 fwd_ms=1103261.4 eval=0 prior=0
[inst] req=20570112 hits=7173246 fwd=209325 rows=13396788 fwd_ms=1103659.3 eval=0 prior=0
[inst] req=20578304 hits=7176224 fwd=209406 rows=13401972 fwd_ms=1104043.0 eval=0 prior=0
[inst] req=20586496 hits=7178964 fwd=209491 rows=13407412 fwd_ms=1104445.9 eval=0 prior=0
[inst] req=20594688 hits=7181732 fwd=209576 rows=13412852 fwd_ms=1104848.9 eval=0 prior=0
[inst] req=20602880 hits=7184789 fwd=209656 rows=13417972 fwd_ms=1105227.9 eval=0 prior=0
[inst] req=20611072 hits=7187666 fwd=209739 rows=13423284 fwd_ms=1105620.7 eval=0 prior=0
