Logging directory: /home/ubuntu/rl/reinfors-benchmarks/runs/v1_grid_ext/os_a1024/cycle3/throughput
Creating model: /home/ubuntu/rl/reinfors-benchmarks/runs/v1_grid_ext/os_a1024/cycle3/throughput/vpnet.pb
Playing game: chess
Loading model from step 0
[W TensorCompare.cpp:530] Warning: where received a uint8 condition tensor. This behavior is deprecated and will be removed in a future version of PyTorch. Use a boolean condition instead. (function operator())
[inst] req=8192 hits=3240 fwd=5 rows=4158 fwd_ms=551.3 eval=0 prior=0
[inst] req=16384 hits=6002 fwd=11 rows=10302 fwd_ms=900.9 eval=0 prior=0
[inst] req=24576 hits=8130 fwd=16 rows=15422 fwd_ms=1178.3 eval=0 prior=0
[inst] req=32768 hits=10694 fwd=22 rows=21566 fwd_ms=1510.8 eval=0 prior=0
[inst] req=40960 hits=12738 fwd=28 rows=27710 fwd_ms=1853.6 eval=0 prior=0
[inst] req=49152 hits=14786 fwd=34 rows=33854 fwd_ms=2189.0 eval=0 prior=0
[inst] req=57344 hits=17349 fwd=40 rows=39974 fwd_ms=2522.8 eval=0 prior=0
[inst] req=65536 hits=20442 fwd=44 rows=44070 fwd_ms=2743.3 eval=0 prior=0
[inst] req=73728 hits=22490 fwd=50 rows=50214 fwd_ms=3073.6 eval=0 prior=0
[inst] req=81920 hits=22490 fwd=58 rows=58406 fwd_ms=3514.9 eval=0 prior=0
[inst] req=90112 hits=24569 fwd=64 rows=64550 fwd_ms=3855.7 eval=0 prior=0
[inst] req=98304 hits=24634 fwd=72 rows=72742 fwd_ms=4296.7 eval=0 prior=0
[inst] req=106496 hits=27082 fwd=78 rows=78886 fwd_ms=4628.8 eval=0 prior=0
[inst] req=114688 hits=29646 fwd=84 rows=84929 fwd_ms=4964.2 eval=0 prior=0
[inst] req=122880 hits=33878 fwd=88 rows=88925 fwd_ms=5184.7 eval=0 prior=0
[inst] req=131072 hits=37923 fwd=92 rows=93020 fwd_ms=5409.7 eval=0 prior=0
[inst] req=139264 hits=41602 fwd=96 rows=97116 fwd_ms=5633.1 eval=0 prior=0
[inst] req=147456 hits=45678 fwd=100 rows=101212 fwd_ms=5853.9 eval=0 prior=0
[inst] req=155648 hits=49080 fwd=105 rows=106332 fwd_ms=6130.3 eval=0 prior=0
[inst] req=163840 hits=52884 fwd=109 rows=110428 fwd_ms=6351.3 eval=0 prior=0
[inst] req=172032 hits=56824 fwd=113 rows=114524 fwd_ms=6572.3 eval=0 prior=0
[inst] req=180224 hits=59478 fwd=119 rows=120668 fwd_ms=6904.0 eval=0 prior=0
[inst] req=188416 hits=63141 fwd=123 rows=124764 fwd_ms=7125.1 eval=0 prior=0
[inst] req=196608 hits=66827 fwd=127 rows=128860 fwd_ms=7346.1 eval=0 prior=0
[inst] req=204800 hits=69331 fwd=133 rows=135004 fwd_ms=7677.2 eval=0 prior=0
[inst] req=212992 hits=72699 fwd=138 rows=140124 fwd_ms=7953.5 eval=0 prior=0
[inst] req=221184 hits=75980 fwd=142 rows=144220 fwd_ms=8174.5 eval=0 prior=0
[inst] req=229376 hits=79865 fwd=147 rows=149340 fwd_ms=8451.2 eval=0 prior=0
[inst] req=237568 hits=83934 fwd=151 rows=153436 fwd_ms=8673.3 eval=0 prior=0
[inst] req=245760 hits=87808 fwd=155 rows=157532 fwd_ms=8895.1 eval=0 prior=0
[inst] req=253952 hits=92285 fwd=159 rows=161628 fwd_ms=9116.7 eval=0 prior=0
[inst] req=262144 hits=96646 fwd=162 rows=164700 fwd_ms=9282.6 eval=0 prior=0
[inst] req=270336 hits=100723 fwd=166 rows=168796 fwd_ms=9503.9 eval=0 prior=0
[inst] req=278528 hits=103593 fwd=171 rows=173916 fwd_ms=9780.4 eval=0 prior=0
[inst] req=286720 hits=106216 fwd=177 rows=180058 fwd_ms=10118.0 eval=0 prior=0
[inst] req=294912 hits=109016 fwd=182 rows=185178 fwd_ms=10395.1 eval=0 prior=0
[inst] req=303104 hits=111835 fwd=187 rows=190298 fwd_ms=10671.9 eval=0 prior=0
[inst] req=311296 hits=114965 fwd=192 rows=195418 fwd_ms=10948.9 eval=0 prior=0
[inst] req=319488 hits=118532 fwd=197 rows=200538 fwd_ms=11261.6 eval=0 prior=0
[inst] req=327680 hits=122412 fwd=201 rows=204634 fwd_ms=11529.7 eval=0 prior=0
[inst] req=335872 hits=126418 fwd=205 rows=208730 fwd_ms=11798.2 eval=0 prior=0
[inst] req=344064 hits=130423 fwd=209 rows=212826 fwd_ms=12074.0 eval=0 prior=0
[inst] req=352256 hits=134409 fwd=213 rows=216922 fwd_ms=12352.3 eval=0 prior=0
[inst] req=360448 hits=138203 fwd=218 rows=222042 fwd_ms=12699.5 eval=0 prior=0
[inst] req=368640 hits=141863 fwd=222 rows=226138 fwd_ms=12946.4 eval=0 prior=0
[inst] req=376832 hits=145348 fwd=227 rows=231258 fwd_ms=13223.4 eval=0 prior=0
[inst] req=385024 hits=148611 fwd=232 rows=236378 fwd_ms=13503.0 eval=0 prior=0
[inst] req=393216 hits=151540 fwd=237 rows=241498 fwd_ms=13780.0 eval=0 prior=0
[inst] req=401408 hits=154327 fwd=242 rows=246618 fwd_ms=14057.2 eval=0 prior=0
[inst] req=409600 hits=156935 fwd=247 rows=251738 fwd_ms=14333.9 eval=0 prior=0
[inst] req=417792 hits=159396 fwd=253 rows=257882 fwd_ms=14671.4 eval=0 prior=0
[inst] req=425984 hits=161934 fwd=259 rows=264026 fwd_ms=15004.3 eval=0 prior=0
[inst] req=434176 hits=164512 fwd=264 rows=269146 fwd_ms=15286.5 eval=0 prior=0
[inst] req=442368 hits=167101 fwd=269 rows=274266 fwd_ms=15563.5 eval=0 prior=0
[inst] req=450560 hits=169736 fwd=275 rows=280410 fwd_ms=15895.7 eval=0 prior=0
[inst] req=458752 hits=172168 fwd=281 rows=286554 fwd_ms=16230.5 eval=0 prior=0
[inst] req=466944 hits=174378 fwd=286 rows=291674 fwd_ms=16508.2 eval=0 prior=0
[inst] req=475136 hits=176776 fwd=292 rows=297818 fwd_ms=16841.3 eval=0 prior=0
[inst] req=483328 hits=178975 fwd=298 rows=303962 fwd_ms=17174.2 eval=0 prior=0
[inst] req=491520 hits=181146 fwd=304 rows=310103 fwd_ms=17518.3 eval=0 prior=0
[inst] req=499712 hits=183712 fwd=309 rows=315223 fwd_ms=17795.2 eval=0 prior=0
[inst] req=507904 hits=186587 fwd=314 rows=320343 fwd_ms=18072.5 eval=0 prior=0
[inst] req=516096 hits=189798 fwd=319 rows=325463 fwd_ms=18350.7 eval=0 prior=0
[inst] req=524288 hits=193223 fwd=324 rows=330583 fwd_ms=18629.1 eval=0 prior=0
[inst] req=532480 hits=196698 fwd=329 rows=335703 fwd_ms=18907.1 eval=0 prior=0
[inst] req=540672 hits=200257 fwd=333 rows=339799 fwd_ms=19129.8 eval=0 prior=0
[inst] req=548864 hits=203719 fwd=338 rows=344919 fwd_ms=19443.8 eval=0 prior=0
[inst] req=557056 hits=207128 fwd=342 rows=349015 fwd_ms=19712.7 eval=0 prior=0
[inst] req=565248 hits=210374 fwd=347 rows=354135 fwd_ms=20049.2 eval=0 prior=0
[inst] req=573440 hits=213441 fwd=352 rows=359255 fwd_ms=20396.6 eval=0 prior=0
[inst] req=581632 hits=216209 fwd=358 rows=365399 fwd_ms=20813.4 eval=0 prior=0
[inst] req=589824 hits=218607 fwd=363 rows=370519 fwd_ms=21161.2 eval=0 prior=0
[inst] req=598016 hits=220940 fwd=369 rows=376663 fwd_ms=21578.5 eval=0 prior=0
[inst] req=606208 hits=223248 fwd=375 rows=382807 fwd_ms=21914.2 eval=0 prior=0
[inst] req=614400 hits=225574 fwd=380 rows=387927 fwd_ms=22201.3 eval=0 prior=0
[inst] req=622592 hits=228027 fwd=386 rows=394071 fwd_ms=22535.2 eval=0 prior=0
[inst] req=630784 hits=230484 fwd=392 rows=400215 fwd_ms=22868.7 eval=0 prior=0
[inst] req=638976 hits=232982 fwd=397 rows=405335 fwd_ms=23146.1 eval=0 prior=0
[inst] req=647168 hits=235494 fwd=403 rows=411479 fwd_ms=23525.4 eval=0 prior=0
[inst] req=655360 hits=237825 fwd=408 rows=416599 fwd_ms=23861.9 eval=0 prior=0
[inst] req=663552 hits=240064 fwd=414 rows=422743 fwd_ms=24265.6 eval=0 prior=0
[inst] req=671744 hits=242111 fwd=420 rows=428887 fwd_ms=24669.5 eval=0 prior=0
[inst] req=679936 hits=244184 fwd=426 rows=435031 fwd_ms=25073.7 eval=0 prior=0
[inst] req=688128 hits=246596 fwd=432 rows=441175 fwd_ms=25477.1 eval=0 prior=0
[inst] req=696320 hits=249398 fwd=437 rows=446295 fwd_ms=25812.8 eval=0 prior=0
[inst] req=704512 hits=252572 fwd=442 rows=451393 fwd_ms=26143.9 eval=0 prior=0
[inst] req=712704 hits=255978 fwd=447 rows=456513 fwd_ms=26479.9 eval=0 prior=0
[inst] req=720896 hits=259455 fwd=451 rows=460609 fwd_ms=26748.7 eval=0 prior=0
[inst] req=729088 hits=262971 fwd=456 rows=465729 fwd_ms=27084.9 eval=0 prior=0
[inst] req=737280 hits=266444 fwd=460 rows=469825 fwd_ms=27353.8 eval=0 prior=0
[inst] req=745472 hits=269846 fwd=465 rows=474945 fwd_ms=27689.8 eval=0 prior=0
[inst] req=753664 hits=273062 fwd=470 rows=480065 fwd_ms=28025.5 eval=0 prior=0
[inst] req=761856 hits=276050 fwd=475 rows=485185 fwd_ms=28361.2 eval=0 prior=0
[inst] req=770048 hits=278771 fwd=480 rows=490305 fwd_ms=28696.8 eval=0 prior=0
[inst] req=778240 hits=281192 fwd=486 rows=496449 fwd_ms=29099.4 eval=0 prior=0
[inst] req=786432 hits=283427 fwd=492 rows=502593 fwd_ms=29502.7 eval=0 prior=0
[inst] req=794624 hits=285694 fwd=498 rows=508737 fwd_ms=29873.2 eval=0 prior=0
[inst] req=802816 hits=287991 fwd=503 rows=513857 fwd_ms=30151.0 eval=0 prior=0
[inst] req=811008 hits=290310 fwd=509 rows=520001 fwd_ms=30484.7 eval=0 prior=0
[inst] req=819200 hits=292720 fwd=515 rows=526145 fwd_ms=30818.2 eval=0 prior=0
[inst] req=827392 hits=295168 fwd=520 rows=531265 fwd_ms=31096.5 eval=0 prior=0
[inst] req=835584 hits=297600 fwd=526 rows=537409 fwd_ms=31430.1 eval=0 prior=0
[inst] req=843776 hits=299884 fwd=532 rows=543553 fwd_ms=31764.0 eval=0 prior=0
[inst] req=851968 hits=302105 fwd=538 rows=549697 fwd_ms=32097.9 eval=0 prior=0
[inst] req=860160 hits=304158 fwd=544 rows=555841 fwd_ms=32431.4 eval=0 prior=0
[inst] req=868352 hits=306223 fwd=550 rows=561985 fwd_ms=32765.2 eval=0 prior=0
[inst] req=876544 hits=308557 fwd=555 rows=567105 fwd_ms=33043.4 eval=0 prior=0
[inst] req=884736 hits=311286 fwd=561 rows=573249 fwd_ms=33459.1 eval=0 prior=0
[inst] req=892928 hits=314406 fwd=566 rows=578369 fwd_ms=33806.8 eval=0 prior=0
[inst] req=901120 hits=317797 fwd=570 rows=582465 fwd_ms=34085.0 eval=0 prior=0
[inst] req=909312 hits=321265 fwd=575 rows=587585 fwd_ms=34432.6 eval=0 prior=0
[inst] req=917504 hits=324730 fwd=580 rows=592705 fwd_ms=34780.4 eval=0 prior=0
[inst] req=925696 hits=328120 fwd=584 rows=596801 fwd_ms=35058.6 eval=0 prior=0
[inst] req=933888 hits=331405 fwd=589 rows=601921 fwd_ms=35406.1 eval=0 prior=0
[inst] req=942080 hits=334552 fwd=594 rows=607041 fwd_ms=35753.6 eval=0 prior=0
[inst] req=950272 hits=337394 fwd=599 rows=612161 fwd_ms=36101.2 eval=0 prior=0
[inst] req=958464 hits=339916 fwd=605 rows=618305 fwd_ms=36518.1 eval=0 prior=0
[inst] req=966656 hits=342180 fwd=611 rows=624449 fwd_ms=36935.4 eval=0 prior=0
[inst] req=974848 hits=344368 fwd=616 rows=629569 fwd_ms=37255.2 eval=0 prior=0
[inst] req=983040 hits=346577 fwd=622 rows=635713 fwd_ms=37600.8 eval=0 prior=0
[inst] req=991232 hits=348942 fwd=628 rows=641857 fwd_ms=37934.3 eval=0 prior=0
[inst] req=999424 hits=351411 fwd=634 rows=648001 fwd_ms=38267.8 eval=0 prior=0
[inst] req=1007616 hits=353973 fwd=639 rows=653121 fwd_ms=38545.6 eval=0 prior=0
[inst] req=1015808 hits=356585 fwd=644 rows=658241 fwd_ms=38823.4 eval=0 prior=0
[inst] req=1024000 hits=359252 fwd=650 rows=664385 fwd_ms=39156.8 eval=0 prior=0
[inst] req=1032192 hits=362000 fwd=655 rows=669505 fwd_ms=39434.5 eval=0 prior=0
[inst] req=1040384 hits=364765 fwd=660 rows=674625 fwd_ms=39712.2 eval=0 prior=0
[inst] req=1048576 hits=367534 fwd=666 rows=680769 fwd_ms=40045.6 eval=0 prior=0
[inst] req=1056768 hits=370276 fwd=671 rows=685889 fwd_ms=40323.4 eval=0 prior=0
[inst] req=1064960 hits=373072 fwd=676 rows=691009 fwd_ms=40601.2 eval=0 prior=0
[inst] req=1073152 hits=376047 fwd=681 rows=696129 fwd_ms=40878.9 eval=0 prior=0
[inst] req=1081344 hits=379241 fwd=686 rows=701249 fwd_ms=41157.0 eval=0 prior=0
[inst] req=1089536 hits=382580 fwd=691 rows=706369 fwd_ms=41435.2 eval=0 prior=0
[inst] req=1097728 hits=386022 fwd=696 rows=711489 fwd_ms=41713.3 eval=0 prior=0
[inst] req=1105920 hits=389504 fwd=700 rows=715585 fwd_ms=41935.8 eval=0 prior=0
[inst] req=1114112 hits=392908 fwd=705 rows=720705 fwd_ms=42214.1 eval=0 prior=0
[inst] req=1122304 hits=396290 fwd=710 rows=725825 fwd_ms=42492.2 eval=0 prior=0
[inst] req=1130496 hits=399412 fwd=715 rows=730945 fwd_ms=42770.3 eval=0 prior=0
[inst] req=1138688 hits=402251 fwd=720 rows=736065 fwd_ms=43048.4 eval=0 prior=0
[inst] req=1146880 hits=404819 fwd=725 rows=741185 fwd_ms=43326.4 eval=0 prior=0
[inst] req=1155072 hits=407225 fwd=731 rows=747329 fwd_ms=43660.1 eval=0 prior=0
[inst] req=1163264 hits=409553 fwd=737 rows=753473 fwd_ms=43993.6 eval=0 prior=0
[inst] req=1171456 hits=411941 fwd=742 rows=758593 fwd_ms=44271.6 eval=0 prior=0
[inst] req=1179648 hits=414452 fwd=748 rows=764737 fwd_ms=44605.2 eval=0 prior=0
[inst] req=1187840 hits=417002 fwd=753 rows=769857 fwd_ms=44883.0 eval=0 prior=0
[inst] req=1196032 hits=419607 fwd=759 rows=776001 fwd_ms=45216.5 eval=0 prior=0
[inst] req=1204224 hits=422326 fwd=764 rows=781121 fwd_ms=45494.4 eval=0 prior=0
[inst] req=1212416 hits=425259 fwd=769 rows=786241 fwd_ms=45772.2 eval=0 prior=0
[inst] req=1220608 hits=428088 fwd=775 rows=792385 fwd_ms=46105.7 eval=0 prior=0
[inst] req=1228800 hits=430875 fwd=780 rows=797505 fwd_ms=46383.7 eval=0 prior=0
[inst] req=1236992 hits=433625 fwd=785 rows=802625 fwd_ms=46661.5 eval=0 prior=0
[inst] req=1245184 hits=436387 fwd=791 rows=808769 fwd_ms=46994.8 eval=0 prior=0
[inst] req=1253376 hits=439286 fwd=796 rows=813889 fwd_ms=47272.6 eval=0 prior=0
[inst] req=1261568 hits=442481 fwd=801 rows=819009 fwd_ms=47550.3 eval=0 prior=0
[inst] req=1269760 hits=445834 fwd=805 rows=823104 fwd_ms=47796.3 eval=0 prior=0
[inst] req=1277952 hits=449261 fwd=810 rows=828224 fwd_ms=48074.1 eval=0 prior=0
[inst] req=1286144 hits=452788 fwd=815 rows=833344 fwd_ms=48352.1 eval=0 prior=0
[inst] req=1294336 hits=456226 fwd=819 rows=837440 fwd_ms=48574.3 eval=0 prior=0
[inst] req=1302528 hits=459581 fwd=824 rows=842560 fwd_ms=48852.3 eval=0 prior=0
[inst] req=1310720 hits=462776 fwd=829 rows=847680 fwd_ms=49130.2 eval=0 prior=0
[inst] req=1318912 hits=465756 fwd=834 rows=852800 fwd_ms=49408.1 eval=0 prior=0
[inst] req=1327104 hits=468428 fwd=839 rows=857920 fwd_ms=49686.0 eval=0 prior=0
[inst] req=1335296 hits=470869 fwd=845 rows=864064 fwd_ms=50019.6 eval=0 prior=0
[inst] req=1343488 hits=473150 fwd=851 rows=870208 fwd_ms=50353.2 eval=0 prior=0
[inst] req=1351680 hits=475478 fwd=856 rows=875328 fwd_ms=50631.1 eval=0 prior=0
[inst] req=1359872 hits=477914 fwd=862 rows=881472 fwd_ms=50964.5 eval=0 prior=0
[inst] req=1368064 hits=480387 fwd=868 rows=887616 fwd_ms=51298.0 eval=0 prior=0
[inst] req=1376256 hits=483177 fwd=873 rows=892736 fwd_ms=51575.9 eval=0 prior=0
[inst] req=1384448 hits=486078 fwd=878 rows=897856 fwd_ms=51854.0 eval=0 prior=0
[inst] req=1392640 hits=488956 fwd=883 rows=902976 fwd_ms=52134.4 eval=0 prior=0
[inst] req=1400832 hits=491781 fwd=888 rows=908096 fwd_ms=52414.8 eval=0 prior=0
[inst] req=1409024 hits=494645 fwd=894 rows=914240 fwd_ms=52748.3 eval=0 prior=0
[inst] req=1417216 hits=497387 fwd=899 rows=919360 fwd_ms=53026.1 eval=0 prior=0
[inst] req=1425408 hits=500137 fwd=904 rows=924480 fwd_ms=53304.1 eval=0 prior=0
[inst] req=1433600 hits=502934 fwd=910 rows=930624 fwd_ms=53640.2 eval=0 prior=0
[inst] req=1441792 hits=505850 fwd=915 rows=935744 fwd_ms=53928.9 eval=0 prior=0
[inst] req=1449984 hits=508949 fwd=920 rows=940864 fwd_ms=54208.5 eval=0 prior=0
[inst] req=1458176 hits=512175 fwd=925 rows=945984 fwd_ms=54488.1 eval=0 prior=0
[inst] req=1466368 hits=515494 fwd=929 rows=950080 fwd_ms=54711.5 eval=0 prior=0
[inst] req=1474560 hits=518853 fwd=934 rows=955200 fwd_ms=54991.0 eval=0 prior=0
[inst] req=1482752 hits=522188 fwd=939 rows=960320 fwd_ms=55270.5 eval=0 prior=0
[inst] req=1490944 hits=525599 fwd=943 rows=964416 fwd_ms=55494.0 eval=0 prior=0
[inst] req=1499136 hits=528671 fwd=948 rows=969536 fwd_ms=55773.6 eval=0 prior=0
[inst] req=1507328 hits=531457 fwd=954 rows=975680 fwd_ms=56109.1 eval=0 prior=0
[inst] req=1515520 hits=534046 fwd=959 rows=980800 fwd_ms=56388.5 eval=0 prior=0
[inst] req=1523712 hits=536391 fwd=965 rows=986944 fwd_ms=56723.8 eval=0 prior=0
[inst] req=1531904 hits=538680 fwd=971 rows=993088 fwd_ms=57058.9 eval=0 prior=0
[inst] req=1540096 hits=541037 fwd=976 rows=998208 fwd_ms=57338.3 eval=0 prior=0
[inst] req=1548288 hits=543535 fwd=982 rows=1004352 fwd_ms=57673.6 eval=0 prior=0
[inst] req=1556480 hits=546148 fwd=987 rows=1009472 fwd_ms=57953.1 eval=0 prior=0
[inst] req=1564672 hits=548794 fwd=993 rows=1015616 fwd_ms=58288.4 eval=0 prior=0
[inst] req=1572864 hits=551503 fwd=998 rows=1020736 fwd_ms=58568.1 eval=0 prior=0
[inst] req=1581056 hits=554312 fwd=1003 rows=1025856 fwd_ms=58847.6 eval=0 prior=0
[inst] req=1589248 hits=557071 fwd=1009 rows=1032000 fwd_ms=59183.0 eval=0 prior=0
[inst] req=1597440 hits=559883 fwd=1014 rows=1037120 fwd_ms=59462.6 eval=0 prior=0
[inst] req=1605632 hits=562528 fwd=1019 rows=1042240 fwd_ms=59742.0 eval=0 prior=0
[inst] req=1613824 hits=565254 fwd=1025 rows=1048384 fwd_ms=60077.6 eval=0 prior=0
[inst] req=1622016 hits=568016 fwd=1030 rows=1053504 fwd_ms=60357.1 eval=0 prior=0
[inst] req=1630208 hits=571027 fwd=1035 rows=1058623 fwd_ms=60636.6 eval=0 prior=0
[inst] req=1638400 hits=574149 fwd=1040 rows=1063743 fwd_ms=60916.2 eval=0 prior=0
[inst] req=1646592 hits=577436 fwd=1045 rows=1068863 fwd_ms=61195.7 eval=0 prior=0
[inst] req=1654784 hits=580746 fwd=1050 rows=1073983 fwd_ms=61475.3 eval=0 prior=0
[inst] req=1662976 hits=584045 fwd=1054 rows=1078079 fwd_ms=61698.7 eval=0 prior=0
[inst] req=1671168 hits=587237 fwd=1059 rows=1083199 fwd_ms=61978.0 eval=0 prior=0
[inst] req=1679360 hits=590251 fwd=1064 rows=1088319 fwd_ms=62257.6 eval=0 prior=0
[inst] req=1687552 hits=593116 fwd=1069 rows=1093439 fwd_ms=62538.6 eval=0 prior=0
[inst] req=1695744 hits=595817 fwd=1075 rows=1099583 fwd_ms=62875.5 eval=0 prior=0
[inst] req=1703936 hits=598391 fwd=1080 rows=1104703 fwd_ms=63156.1 eval=0 prior=0
[inst] req=1712128 hits=600709 fwd=1086 rows=1110847 fwd_ms=63492.9 eval=0 prior=0
[inst] req=1720320 hits=603096 fwd=1092 rows=1116991 fwd_ms=63829.8 eval=0 prior=0
[inst] req=1728512 hits=605569 fwd=1097 rows=1122111 fwd_ms=64110.6 eval=0 prior=0
[inst] req=1736704 hits=608117 fwd=1103 rows=1128255 fwd_ms=64447.5 eval=0 prior=0
[inst] req=1744896 hits=610755 fwd=1108 rows=1133375 fwd_ms=64728.2 eval=0 prior=0
[inst] req=1753088 hits=613487 fwd=1114 rows=1139519 fwd_ms=65067.5 eval=0 prior=0
[inst] req=1761280 hits=616161 fwd=1119 rows=1144639 fwd_ms=65348.3 eval=0 prior=0
[inst] req=1769472 hits=618876 fwd=1124 rows=1149759 fwd_ms=65628.6 eval=0 prior=0
[inst] req=1777664 hits=621599 fwd=1130 rows=1155903 fwd_ms=65964.4 eval=0 prior=0
[inst] req=1785856 hits=624217 fwd=1135 rows=1161023 fwd_ms=66243.9 eval=0 prior=0
[inst] req=1794048 hits=626881 fwd=1140 rows=1166143 fwd_ms=66523.6 eval=0 prior=0
[inst] req=1802240 hits=629732 fwd=1146 rows=1172287 fwd_ms=66859.4 eval=0 prior=0
[inst] req=1810432 hits=632658 fwd=1151 rows=1177407 fwd_ms=67138.9 eval=0 prior=0
[inst] req=1818624 hits=635748 fwd=1156 rows=1182527 fwd_ms=67418.5 eval=0 prior=0
[inst] req=1826816 hits=638911 fwd=1161 rows=1187647 fwd_ms=67698.1 eval=0 prior=0
[inst] req=1835008 hits=642278 fwd=1165 rows=1191743 fwd_ms=67921.7 eval=0 prior=0
[inst] req=1843200 hits=645554 fwd=1170 rows=1196863 fwd_ms=68201.4 eval=0 prior=0
[inst] req=1851392 hits=648828 fwd=1175 rows=1201983 fwd_ms=68481.0 eval=0 prior=0
[inst] req=1859584 hits=651908 fwd=1180 rows=1207103 fwd_ms=68760.4 eval=0 prior=0
[inst] req=1867776 hits=654838 fwd=1185 rows=1212223 fwd_ms=69039.9 eval=0 prior=0
[inst] req=1875968 hits=657516 fwd=1191 rows=1218367 fwd_ms=69375.4 eval=0 prior=0
[inst] req=1884160 hits=659986 fwd=1196 rows=1223487 fwd_ms=69654.9 eval=0 prior=0
[inst] req=1892352 hits=662379 fwd=1202 rows=1229631 fwd_ms=69990.5 eval=0 prior=0
[inst] req=1900544 hits=664743 fwd=1208 rows=1235775 fwd_ms=70326.1 eval=0 prior=0
[inst] req=1908736 hits=667196 fwd=1213 rows=1240895 fwd_ms=70605.8 eval=0 prior=0
[inst] req=1916928 hits=669699 fwd=1219 rows=1247039 fwd_ms=70941.5 eval=0 prior=0
[inst] req=1925120 hits=672363 fwd=1224 rows=1252159 fwd_ms=71221.2 eval=0 prior=0
[inst] req=1933312 hits=675123 fwd=1229 rows=1257279 fwd_ms=71500.8 eval=0 prior=0
[inst] req=1941504 hits=677861 fwd=1235 rows=1263423 fwd_ms=71836.4 eval=0 prior=0
[inst] req=1949696 hits=680560 fwd=1240 rows=1268543 fwd_ms=72116.1 eval=0 prior=0
[inst] req=1957888 hits=683254 fwd=1245 rows=1273663 fwd_ms=72395.6 eval=0 prior=0
[inst] req=1966080 hits=685919 fwd=1251 rows=1279807 fwd_ms=72731.4 eval=0 prior=0
[inst] req=1974272 hits=688595 fwd=1256 rows=1284927 fwd_ms=73011.0 eval=0 prior=0
[inst] req=1982464 hits=691353 fwd=1262 rows=1291071 fwd_ms=73346.9 eval=0 prior=0
[inst] req=1990656 hits=694203 fwd=1267 rows=1296191 fwd_ms=73626.9 eval=0 prior=0
[inst] req=1998848 hits=697273 fwd=1272 rows=1301311 fwd_ms=73906.9 eval=0 prior=0
[inst] req=2007040 hits=700372 fwd=1277 rows=1306431 fwd_ms=74186.8 eval=0 prior=0
[inst] req=2015232 hits=703601 fwd=1282 rows=1311551 fwd_ms=74467.0 eval=0 prior=0
[inst] req=2023424 hits=706815 fwd=1286 rows=1315647 fwd_ms=74691.5 eval=0 prior=0
[inst] req=2031616 hits=710033 fwd=1291 rows=1320767 fwd_ms=74971.6 eval=0 prior=0
[inst] req=2039808 hits=713042 fwd=1296 rows=1325887 fwd_ms=75251.5 eval=0 prior=0
[inst] req=2048000 hits=715966 fwd=1302 rows=1332031 fwd_ms=75586.7 eval=0 prior=0
[inst] req=2056192 hits=718591 fwd=1307 rows=1337151 fwd_ms=75865.9 eval=0 prior=0
[inst] req=2064384 hits=721126 fwd=1312 rows=1342271 fwd_ms=76145.5 eval=0 prior=0
[inst] req=2072576 hits=723615 fwd=1318 rows=1348415 fwd_ms=76480.9 eval=0 prior=0
[inst] req=2080768 hits=725962 fwd=1324 rows=1354559 fwd_ms=76816.2 eval=0 prior=0
[inst] req=2088960 hits=728426 fwd=1329 rows=1359679 fwd_ms=77095.6 eval=0 prior=0
[inst] req=2097152 hits=730957 fwd=1335 rows=1365823 fwd_ms=77430.9 eval=0 prior=0
[inst] req=2105344 hits=733536 fwd=1340 rows=1370943 fwd_ms=77710.4 eval=0 prior=0
[inst] req=2113536 hits=736232 fwd=1346 rows=1377087 fwd_ms=78045.9 eval=0 prior=0
[inst] req=2121728 hits=738950 fwd=1351 rows=1382207 fwd_ms=78325.4 eval=0 prior=0
[inst] req=2129920 hits=741678 fwd=1356 rows=1387327 fwd_ms=78605.0 eval=0 prior=0
[inst] req=2138112 hits=744384 fwd=1362 rows=1393471 fwd_ms=78940.4 eval=0 prior=0
[inst] req=2146304 hits=747069 fwd=1367 rows=1398591 fwd_ms=79220.0 eval=0 prior=0
[inst] req=2154496 hits=749734 fwd=1373 rows=1404735 fwd_ms=79555.2 eval=0 prior=0
[inst] req=2162688 hits=752448 fwd=1378 rows=1409855 fwd_ms=79834.3 eval=0 prior=0
[inst] req=2170880 hits=755319 fwd=1383 rows=1414975 fwd_ms=80113.6 eval=0 prior=0
[inst] req=2179072 hits=758334 fwd=1388 rows=1420095 fwd_ms=80392.8 eval=0 prior=0
[inst] req=2187264 hits=761403 fwd=1393 rows=1425215 fwd_ms=80673.8 eval=0 prior=0
[inst] req=2195456 hits=764563 fwd=1398 rows=1430335 fwd_ms=80952.5 eval=0 prior=0
[inst] req=2203648 hits=767791 fwd=1403 rows=1435455 fwd_ms=81230.8 eval=0 prior=0
[inst] req=2211840 hits=770937 fwd=1408 rows=1440575 fwd_ms=81509.2 eval=0 prior=0
[inst] req=2220032 hits=773923 fwd=1413 rows=1445695 fwd_ms=81787.6 eval=0 prior=0
[inst] req=2228224 hits=776817 fwd=1418 rows=1450815 fwd_ms=82065.8 eval=0 prior=0
[inst] req=2236416 hits=779520 fwd=1423 rows=1455935 fwd_ms=82344.2 eval=0 prior=0
[inst] req=2244608 hits=782048 fwd=1429 rows=1462079 fwd_ms=82678.0 eval=0 prior=0
[inst] req=2252800 hits=784544 fwd=1435 rows=1468223 fwd_ms=83012.1 eval=0 prior=0
[inst] req=2260992 hits=786947 fwd=1440 rows=1473343 fwd_ms=83290.2 eval=0 prior=0
[inst] req=2269184 hits=789431 fwd=1446 rows=1479487 fwd_ms=83624.1 eval=0 prior=0
[inst] req=2277376 hits=791994 fwd=1451 rows=1484607 fwd_ms=83902.1 eval=0 prior=0
[inst] req=2285568 hits=794601 fwd=1457 rows=1490751 fwd_ms=84235.8 eval=0 prior=0
[inst] req=2293760 hits=797278 fwd=1462 rows=1495871 fwd_ms=84514.1 eval=0 prior=0
[inst] req=2301952 hits=799979 fwd=1467 rows=1500991 fwd_ms=84792.3 eval=0 prior=0
[inst] req=2310144 hits=802736 fwd=1473 rows=1507135 fwd_ms=85126.2 eval=0 prior=0
[inst] req=2318336 hits=805540 fwd=1478 rows=1512255 fwd_ms=85404.6 eval=0 prior=0
[inst] req=2326528 hits=808169 fwd=1483 rows=1517375 fwd_ms=85682.7 eval=0 prior=0
[inst] req=2334720 hits=810863 fwd=1489 rows=1523519 fwd_ms=86016.6 eval=0 prior=0
[inst] req=2342912 hits=813584 fwd=1494 rows=1528639 fwd_ms=86294.7 eval=0 prior=0
[inst] req=2351104 hits=816388 fwd=1499 rows=1533759 fwd_ms=86575.8 eval=0 prior=0
[inst] req=2359296 hits=819358 fwd=1505 rows=1539903 fwd_ms=86911.8 eval=0 prior=0
[inst] req=2367488 hits=822327 fwd=1510 rows=1545023 fwd_ms=87192.8 eval=0 prior=0
[inst] req=2375680 hits=825466 fwd=1515 rows=1550143 fwd_ms=87471.0 eval=0 prior=0
[inst] req=2383872 hits=828612 fwd=1519 rows=1554239 fwd_ms=87693.6 eval=0 prior=0
[inst] req=2392064 hits=831690 fwd=1524 rows=1559359 fwd_ms=87972.0 eval=0 prior=0
[inst] req=2400256 hits=834702 fwd=1530 rows=1565503 fwd_ms=88305.8 eval=0 prior=0
[inst] req=2408448 hits=837540 fwd=1535 rows=1570623 fwd_ms=88584.1 eval=0 prior=0
[inst] req=2416640 hits=840237 fwd=1540 rows=1575743 fwd_ms=88862.4 eval=0 prior=0
[inst] req=2424832 hits=842711 fwd=1546 rows=1581887 fwd_ms=89196.2 eval=0 prior=0
[inst] req=2433024 hits=845223 fwd=1551 rows=1587007 fwd_ms=89474.6 eval=0 prior=0
[inst] req=2441216 hits=847677 fwd=1557 rows=1593151 fwd_ms=89808.7 eval=0 prior=0
[inst] req=2449408 hits=850192 fwd=1562 rows=1598271 fwd_ms=90087.2 eval=0 prior=0
[inst] req=2457600 hits=852659 fwd=1568 rows=1604415 fwd_ms=90421.2 eval=0 prior=0
[inst] req=2465792 hits=855196 fwd=1574 rows=1610559 fwd_ms=90755.3 eval=0 prior=0
[inst] req=2473984 hits=857848 fwd=1579 rows=1615679 fwd_ms=91033.7 eval=0 prior=0
[inst] req=2482176 hits=860547 fwd=1584 rows=1620799 fwd_ms=91312.1 eval=0 prior=0
[inst] req=2490368 hits=863371 fwd=1590 rows=1626943 fwd_ms=91646.3 eval=0 prior=0
[inst] req=2498560 hits=866107 fwd=1595 rows=1632063 fwd_ms=91924.7 eval=0 prior=0
[inst] req=2506752 hits=868876 fwd=1600 rows=1637183 fwd_ms=92203.1 eval=0 prior=0
[inst] req=2514944 hits=871581 fwd=1606 rows=1643327 fwd_ms=92537.0 eval=0 prior=0
[inst] req=2523136 hits=874303 fwd=1611 rows=1648365 fwd_ms=92819.1 eval=0 prior=0
[inst] req=2531328 hits=877113 fwd=1616 rows=1653485 fwd_ms=93097.8 eval=0 prior=0
[inst] req=2539520 hits=879969 fwd=1621 rows=1658605 fwd_ms=93376.4 eval=0 prior=0
[inst] req=2547712 hits=882902 fwd=1627 rows=1664749 fwd_ms=93710.6 eval=0 prior=0
[inst] req=2555904 hits=885880 fwd=1632 rows=1669869 fwd_ms=93989.3 eval=0 prior=0
[inst] req=2564096 hits=888944 fwd=1637 rows=1674989 fwd_ms=94267.9 eval=0 prior=0
[inst] req=2572288 hits=891945 fwd=1642 rows=1680109 fwd_ms=94546.5 eval=0 prior=0
[inst] req=2580480 hits=894869 fwd=1647 rows=1685229 fwd_ms=94825.2 eval=0 prior=0
[inst] req=2588672 hits=897739 fwd=1652 rows=1690349 fwd_ms=95104.1 eval=0 prior=0
[inst] req=2596864 hits=900410 fwd=1657 rows=1695469 fwd_ms=95382.6 eval=0 prior=0
[inst] req=2605056 hits=903099 fwd=1663 rows=1701613 fwd_ms=95717.1 eval=0 prior=0
[inst] req=2613248 hits=905602 fwd=1668 rows=1706733 fwd_ms=95995.7 eval=0 prior=0
[inst] req=2621440 hits=908185 fwd=1674 rows=1712877 fwd_ms=96330.0 eval=0 prior=0
[inst] req=2629632 hits=910797 fwd=1679 rows=1717997 fwd_ms=96608.6 eval=0 prior=0
[inst] req=2637824 hits=913299 fwd=1685 rows=1724141 fwd_ms=96942.9 eval=0 prior=0
[inst] req=2646016 hits=915858 fwd=1690 rows=1729261 fwd_ms=97221.4 eval=0 prior=0
[inst] req=2654208 hits=918456 fwd=1696 rows=1735405 fwd_ms=97555.6 eval=0 prior=0
[inst] req=2662400 hits=921167 fwd=1701 rows=1740525 fwd_ms=97834.1 eval=0 prior=0
[inst] req=2670592 hits=923929 fwd=1706 rows=1745645 fwd_ms=98112.4 eval=0 prior=0
[inst] req=2678784 hits=926786 fwd=1712 rows=1751789 fwd_ms=98446.5 eval=0 prior=0
[inst] req=2686976 hits=929539 fwd=1717 rows=1756909 fwd_ms=98724.9 eval=0 prior=0
[inst] req=2695168 hits=932273 fwd=1722 rows=1762029 fwd_ms=99003.1 eval=0 prior=0
[inst] req=2703360 hits=935082 fwd=1728 rows=1768173 fwd_ms=99337.1 eval=0 prior=0
[inst] req=2711552 hits=937841 fwd=1733 rows=1773293 fwd_ms=99616.5 eval=0 prior=0
[inst] req=2719744 hits=940691 fwd=1738 rows=1778413 fwd_ms=99895.7 eval=0 prior=0
[inst] req=2727936 hits=943660 fwd=1743 rows=1783533 fwd_ms=100175.1 eval=0 prior=0
[inst] req=2736128 hits=946705 fwd=1748 rows=1788653 fwd_ms=100457.3 eval=0 prior=0
[inst] req=2744320 hits=949777 fwd=1753 rows=1793773 fwd_ms=100736.6 eval=0 prior=0
[inst] req=2752512 hits=952823 fwd=1758 rows=1798893 fwd_ms=101015.9 eval=0 prior=0
[inst] req=2760704 hits=955742 fwd=1763 rows=1804013 fwd_ms=101295.3 eval=0 prior=0
[inst] req=2768896 hits=958600 fwd=1769 rows=1810157 fwd_ms=101630.8 eval=0 prior=0
[inst] req=2777088 hits=961256 fwd=1774 rows=1815277 fwd_ms=101910.3 eval=0 prior=0
[inst] req=2785280 hits=963791 fwd=1780 rows=1821421 fwd_ms=102245.6 eval=0 prior=0
[inst] req=2793472 hits=966293 fwd=1785 rows=1826541 fwd_ms=102525.4 eval=0 prior=0
[inst] req=2801664 hits=968766 fwd=1791 rows=1832685 fwd_ms=102860.7 eval=0 prior=0
[inst] req=2809856 hits=971220 fwd=1796 rows=1837805 fwd_ms=103140.2 eval=0 prior=0
[inst] req=2818048 hits=973731 fwd=1802 rows=1843949 fwd_ms=103475.5 eval=0 prior=0
[inst] req=2826240 hits=976285 fwd=1807 rows=1849069 fwd_ms=103755.2 eval=0 prior=0
[inst] req=2834432 hits=979065 fwd=1813 rows=1855213 fwd_ms=104090.7 eval=0 prior=0
[inst] req=2842624 hits=981854 fwd=1818 rows=1860333 fwd_ms=104370.2 eval=0 prior=0
[inst] req=2850816 hits=984492 fwd=1823 rows=1865453 fwd_ms=104649.0 eval=0 prior=0
[inst] req=2859008 hits=987235 fwd=1829 rows=1871597 fwd_ms=104983.1 eval=0 prior=0
[inst] req=2867200 hits=989979 fwd=1834 rows=1876717 fwd_ms=105261.6 eval=0 prior=0
[inst] req=2875392 hits=992760 fwd=1839 rows=1881837 fwd_ms=105540.2 eval=0 prior=0
[inst] req=2883584 hits=995614 fwd=1844 rows=1886957 fwd_ms=105818.8 eval=0 prior=0
[inst] req=2891776 hits=998455 fwd=1850 rows=1893101 fwd_ms=106153.1 eval=0 prior=0
[inst] req=2899968 hits=1001326 fwd=1855 rows=1898221 fwd_ms=106431.4 eval=0 prior=0
[inst] req=2908160 hits=1004235 fwd=1860 rows=1903341 fwd_ms=106709.8 eval=0 prior=0
[inst] req=2916352 hits=1007292 fwd=1865 rows=1908461 fwd_ms=106988.4 eval=0 prior=0
[inst] req=2924544 hits=1010367 fwd=1870 rows=1913581 fwd_ms=107269.3 eval=0 prior=0
[inst] req=2932736 hits=1013385 fwd=1875 rows=1918701 fwd_ms=107547.7 eval=0 prior=0
[inst] req=2940928 hits=1016327 fwd=1880 rows=1923821 fwd_ms=107828.7 eval=0 prior=0
[inst] req=2949120 hits=1019214 fwd=1885 rows=1928941 fwd_ms=108109.9 eval=0 prior=0
[inst] req=2957312 hits=1021941 fwd=1891 rows=1935080 fwd_ms=108452.6 eval=0 prior=0
[inst] req=2965504 hits=1024483 fwd=1896 rows=1940200 fwd_ms=108732.2 eval=0 prior=0
[inst] req=2973696 hits=1026947 fwd=1902 rows=1946344 fwd_ms=109066.8 eval=0 prior=0
[inst] req=2981888 hits=1029451 fwd=1907 rows=1951464 fwd_ms=109345.7 eval=0 prior=0
[inst] req=2990080 hits=1031874 fwd=1913 rows=1957608 fwd_ms=109680.1 eval=0 prior=0
[inst] req=2998272 hits=1034300 fwd=1919 rows=1963752 fwd_ms=110014.6 eval=0 prior=0
[inst] req=3006464 hits=1037005 fwd=1924 rows=1968872 fwd_ms=110293.7 eval=0 prior=0
[inst] req=3014656 hits=1039770 fwd=1929 rows=1973992 fwd_ms=110572.5 eval=0 prior=0
[inst] req=3022848 hits=1042508 fwd=1935 rows=1980136 fwd_ms=110906.9 eval=0 prior=0
[inst] req=3031040 hits=1045231 fwd=1940 rows=1985256 fwd_ms=111185.8 eval=0 prior=0
[inst] req=3039232 hits=1047982 fwd=1945 rows=1990376 fwd_ms=111464.5 eval=0 prior=0
[inst] req=3047424 hits=1050671 fwd=1951 rows=1996520 fwd_ms=111798.9 eval=0 prior=0
[inst] req=3055616 hits=1053488 fwd=1956 rows=2001640 fwd_ms=112077.6 eval=0 prior=0
[inst] req=3063808 hits=1056361 fwd=1961 rows=2006760 fwd_ms=112356.3 eval=0 prior=0
[inst] req=3072000 hits=1059143 fwd=1966 rows=2011880 fwd_ms=112635.0 eval=0 prior=0
[inst] req=3080192 hits=1062014 fwd=1972 rows=2018024 fwd_ms=112969.5 eval=0 prior=0
[inst] req=3088384 hits=1064931 fwd=1977 rows=2023144 fwd_ms=113248.3 eval=0 prior=0
[inst] req=3096576 hits=1067974 fwd=1982 rows=2028264 fwd_ms=113567.7 eval=0 prior=0
[inst] req=3104768 hits=1071096 fwd=1987 rows=2033384 fwd_ms=113919.5 eval=0 prior=0
[inst] req=3112960 hits=1074145 fwd=1992 rows=2038504 fwd_ms=114251.0 eval=0 prior=0
[inst] req=3121152 hits=1077250 fwd=1997 rows=2043624 fwd_ms=114580.0 eval=0 prior=0
[inst] req=3129344 hits=1080123 fwd=2002 rows=2048744 fwd_ms=114888.2 eval=0 prior=0
[inst] req=3137536 hits=1082846 fwd=2007 rows=2053864 fwd_ms=115215.7 eval=0 prior=0
[inst] req=3145728 hits=1085441 fwd=2013 rows=2060008 fwd_ms=115592.8 eval=0 prior=0
[inst] req=3153920 hits=1087891 fwd=2018 rows=2065128 fwd_ms=115880.8 eval=0 prior=0
[inst] req=3162112 hits=1090292 fwd=2024 rows=2071272 fwd_ms=116252.1 eval=0 prior=0
[inst] req=3170304 hits=1092786 fwd=2030 rows=2077416 fwd_ms=116626.1 eval=0 prior=0
[inst] req=3178496 hits=1095288 fwd=2035 rows=2082536 fwd_ms=116944.1 eval=0 prior=0
[inst] req=3186688 hits=1097835 fwd=2041 rows=2088680 fwd_ms=117287.9 eval=0 prior=0
[inst] req=3194880 hits=1100525 fwd=2046 rows=2093800 fwd_ms=117566.4 eval=0 prior=0
[inst] req=3203072 hits=1103322 fwd=2051 rows=2098920 fwd_ms=117886.9 eval=0 prior=0
[inst] req=3211264 hits=1106047 fwd=2057 rows=2105064 fwd_ms=118271.4 eval=0 prior=0
[inst] req=3219456 hits=1108777 fwd=2062 rows=2110184 fwd_ms=118598.9 eval=0 prior=0
[inst] req=3227648 hits=1111440 fwd=2067 rows=2115304 fwd_ms=118906.8 eval=0 prior=0
[inst] req=3235840 hits=1114120 fwd=2073 rows=2121448 fwd_ms=119289.3 eval=0 prior=0
[inst] req=3244032 hits=1116842 fwd=2078 rows=2126568 fwd_ms=119607.3 eval=0 prior=0
[inst] req=3252224 hits=1119621 fwd=2083 rows=2131688 fwd_ms=119924.6 eval=0 prior=0
[inst] req=3260416 hits=1122444 fwd=2089 rows=2137832 fwd_ms=120317.0 eval=0 prior=0
[inst] req=3268608 hits=1125415 fwd=2094 rows=2142952 fwd_ms=120644.6 eval=0 prior=0
[inst] req=3276800 hits=1128517 fwd=2099 rows=2148072 fwd_ms=120954.4 eval=0 prior=0
[inst] req=3284992 hits=1131696 fwd=2104 rows=2153192 fwd_ms=121262.4 eval=0 prior=0
[inst] req=3293184 hits=1134665 fwd=2109 rows=2158312 fwd_ms=121575.9 eval=0 prior=0
[inst] req=3301376 hits=1137561 fwd=2114 rows=2163432 fwd_ms=121874.2 eval=0 prior=0
[inst] req=3309568 hits=1140384 fwd=2119 rows=2168552 fwd_ms=122153.0 eval=0 prior=0
[inst] req=3317760 hits=1143028 fwd=2125 rows=2174696 fwd_ms=122512.1 eval=0 prior=0
[inst] req=3325952 hits=1145646 fwd=2130 rows=2179816 fwd_ms=122809.9 eval=0 prior=0
[inst] req=3334144 hits=1148279 fwd=2135 rows=2184936 fwd_ms=123108.3 eval=0 prior=0
[inst] req=3342336 hits=1150868 fwd=2141 rows=2191080 fwd_ms=123481.4 eval=0 prior=0
[inst] req=3350528 hits=1153495 fwd=2146 rows=2196200 fwd_ms=123783.2 eval=0 prior=0
[inst] req=3358720 hits=1156018 fwd=2152 rows=2202344 fwd_ms=124146.3 eval=0 prior=0
[inst] req=3366912 hits=1158580 fwd=2157 rows=2207464 fwd_ms=124454.2 eval=0 prior=0
[inst] req=3375104 hits=1161348 fwd=2163 rows=2213608 fwd_ms=124808.1 eval=0 prior=0
[inst] req=3383296 hits=1164038 fwd=2168 rows=2218728 fwd_ms=125125.6 eval=0 prior=0
[inst] req=3391488 hits=1166669 fwd=2173 rows=2223848 fwd_ms=125433.1 eval=0 prior=0
[inst] req=3399680 hits=1169349 fwd=2179 rows=2229992 fwd_ms=125827.2 eval=0 prior=0
[inst] req=3407872 hits=1172070 fwd=2184 rows=2235112 fwd_ms=126116.0 eval=0 prior=0
[inst] req=3416064 hits=1174836 fwd=2189 rows=2240232 fwd_ms=126418.3 eval=0 prior=0
[inst] req=3424256 hits=1177532 fwd=2195 rows=2246376 fwd_ms=126822.0 eval=0 prior=0
[inst] req=3432448 hits=1180330 fwd=2200 rows=2251496 fwd_ms=127148.4 eval=0 prior=0
[inst] req=3440640 hits=1183296 fwd=2205 rows=2256616 fwd_ms=127474.6 eval=0 prior=0
[inst] req=3448832 hits=1186273 fwd=2210 rows=2261736 fwd_ms=127781.8 eval=0 prior=0
[inst] req=3457024 hits=1189279 fwd=2215 rows=2266856 fwd_ms=128061.2 eval=0 prior=0
[inst] req=3465216 hits=1192265 fwd=2220 rows=2271976 fwd_ms=128339.4 eval=0 prior=0
[inst] req=3473408 hits=1195199 fwd=2226 rows=2278120 fwd_ms=128673.1 eval=0 prior=0
[inst] req=3481600 hits=1198147 fwd=2231 rows=2283240 fwd_ms=128951.1 eval=0 prior=0
[inst] req=3489792 hits=1200917 fwd=2236 rows=2288360 fwd_ms=129229.3 eval=0 prior=0
[inst] req=3497984 hits=1203537 fwd=2241 rows=2293480 fwd_ms=129507.4 eval=0 prior=0
[inst] req=3506176 hits=1206186 fwd=2247 rows=2299624 fwd_ms=129841.3 eval=0 prior=0
[inst] req=3514368 hits=1208706 fwd=2252 rows=2304744 fwd_ms=130120.1 eval=0 prior=0
[inst] req=3522560 hits=1211480 fwd=2258 rows=2310887 fwd_ms=130454.4 eval=0 prior=0
[inst] req=3530752 hits=1213993 fwd=2263 rows=2316006 fwd_ms=130732.7 eval=0 prior=0
[inst] req=3538944 hits=1216484 fwd=2269 rows=2322150 fwd_ms=131066.2 eval=0 prior=0
[inst] req=3547136 hits=1218990 fwd=2274 rows=2327270 fwd_ms=131344.0 eval=0 prior=0
[inst] req=3555328 hits=1221572 fwd=2280 rows=2333414 fwd_ms=131677.5 eval=0 prior=0
[inst] req=3563520 hits=1224218 fwd=2285 rows=2338534 fwd_ms=131955.5 eval=0 prior=0
[inst] req=3571712 hits=1226845 fwd=2291 rows=2344678 fwd_ms=132290.5 eval=0 prior=0
[inst] req=3579904 hits=1229534 fwd=2296 rows=2349798 fwd_ms=132569.6 eval=0 prior=0
[inst] req=3588096 hits=1232384 fwd=2301 rows=2354918 fwd_ms=132848.8 eval=0 prior=0
[inst] req=3596288 hits=1235232 fwd=2306 rows=2360038 fwd_ms=133127.9 eval=0 prior=0
[inst] req=3604480 hits=1237989 fwd=2312 rows=2366182 fwd_ms=133463.2 eval=0 prior=0
[inst] req=3612672 hits=1240762 fwd=2317 rows=2371302 fwd_ms=133742.6 eval=0 prior=0
[inst] req=3620864 hits=1243659 fwd=2322 rows=2376422 fwd_ms=134022.0 eval=0 prior=0
[inst] req=3629056 hits=1246667 fwd=2327 rows=2381542 fwd_ms=134301.3 eval=0 prior=0
[inst] req=3637248 hits=1249617 fwd=2332 rows=2386662 fwd_ms=134580.6 eval=0 prior=0
[inst] req=3645440 hits=1252594 fwd=2338 rows=2392806 fwd_ms=134916.1 eval=0 prior=0
[inst] req=3653632 hits=1255510 fwd=2343 rows=2397926 fwd_ms=135195.4 eval=0 prior=0
[inst] req=3661824 hits=1258397 fwd=2348 rows=2403046 fwd_ms=135475.1 eval=0 prior=0
[inst] req=3670016 hits=1261243 fwd=2353 rows=2408166 fwd_ms=135754.4 eval=0 prior=0
[inst] req=3678208 hits=1264008 fwd=2358 rows=2413286 fwd_ms=136033.8 eval=0 prior=0
[inst] req=3686400 hits=1266582 fwd=2364 rows=2419430 fwd_ms=136369.7 eval=0 prior=0
[inst] req=3694592 hits=1269152 fwd=2369 rows=2424550 fwd_ms=136650.5 eval=0 prior=0
[inst] req=3702784 hits=1271638 fwd=2375 rows=2430694 fwd_ms=136987.2 eval=0 prior=0
[inst] req=3710976 hits=1274152 fwd=2380 rows=2435814 fwd_ms=137267.9 eval=0 prior=0
[inst] req=3719168 hits=1276689 fwd=2386 rows=2441958 fwd_ms=137604.2 eval=0 prior=0
[inst] req=3727360 hits=1279451 fwd=2391 rows=2447078 fwd_ms=137883.5 eval=0 prior=0
[inst] req=3735552 hits=1282014 fwd=2397 rows=2453222 fwd_ms=138218.8 eval=0 prior=0
[inst] req=3743744 hits=1284598 fwd=2402 rows=2458342 fwd_ms=138497.9 eval=0 prior=0
[inst] req=3751936 hits=1287208 fwd=2408 rows=2464486 fwd_ms=138832.9 eval=0 prior=0
[inst] req=3760128 hits=1289845 fwd=2413 rows=2469606 fwd_ms=139112.2 eval=0 prior=0
[inst] req=3768320 hits=1292586 fwd=2418 rows=2474726 fwd_ms=139391.6 eval=0 prior=0
[inst] req=3776512 hits=1295304 fwd=2424 rows=2480870 fwd_ms=139726.8 eval=0 prior=0
[inst] req=3784704 hits=1298008 fwd=2429 rows=2485990 fwd_ms=140006.1 eval=0 prior=0
[inst] req=3792896 hits=1300869 fwd=2434 rows=2491110 fwd_ms=140285.3 eval=0 prior=0
[inst] req=3801088 hits=1303668 fwd=2440 rows=2497254 fwd_ms=140620.6 eval=0 prior=0
[inst] req=3809280 hits=1306508 fwd=2445 rows=2502374 fwd_ms=140900.0 eval=0 prior=0
[inst] req=3817472 hits=1309448 fwd=2450 rows=2507494 fwd_ms=141179.6 eval=0 prior=0
[inst] req=3825664 hits=1312327 fwd=2455 rows=2512614 fwd_ms=141459.1 eval=0 prior=0
[inst] req=3833856 hits=1315299 fwd=2460 rows=2517734 fwd_ms=141738.4 eval=0 prior=0
[inst] req=3842048 hits=1318237 fwd=2465 rows=2522854 fwd_ms=142017.8 eval=0 prior=0
[inst] req=3850240 hits=1321013 fwd=2471 rows=2528998 fwd_ms=142353.1 eval=0 prior=0
[inst] req=3858432 hits=1323714 fwd=2476 rows=2534118 fwd_ms=142632.7 eval=0 prior=0
[inst] req=3866624 hits=1326314 fwd=2482 rows=2540262 fwd_ms=142968.1 eval=0 prior=0
[inst] req=3874816 hits=1328863 fwd=2487 rows=2545382 fwd_ms=143247.9 eval=0 prior=0
[inst] req=3883008 hits=1331375 fwd=2493 rows=2551526 fwd_ms=143583.6 eval=0 prior=0
[inst] req=3891200 hits=1333749 fwd=2498 rows=2556646 fwd_ms=143863.0 eval=0 prior=0
[inst] req=3899392 hits=1336280 fwd=2504 rows=2562790 fwd_ms=144198.2 eval=0 prior=0
[inst] req=3907584 hits=1338851 fwd=2509 rows=2567910 fwd_ms=144477.6 eval=0 prior=0
[inst] req=3915776 hits=1341482 fwd=2515 rows=2574054 fwd_ms=144812.8 eval=0 prior=0
[inst] req=3923968 hits=1344204 fwd=2520 rows=2579174 fwd_ms=145115.4 eval=0 prior=0
[inst] req=3932160 hits=1346873 fwd=2525 rows=2584294 fwd_ms=145394.7 eval=0 prior=0
[inst] req=3940352 hits=1349482 fwd=2531 rows=2590438 fwd_ms=145730.1 eval=0 prior=0
[inst] req=3948544 hits=1352161 fwd=2536 rows=2595558 fwd_ms=146009.4 eval=0 prior=0
[inst] req=3956736 hits=1354909 fwd=2542 rows=2601702 fwd_ms=146363.8 eval=0 prior=0
[inst] req=3964928 hits=1357669 fwd=2547 rows=2606822 fwd_ms=146663.9 eval=0 prior=0
[inst] req=3973120 hits=1360370 fwd=2552 rows=2611942 fwd_ms=146977.5 eval=0 prior=0
[inst] req=3981312 hits=1363277 fwd=2557 rows=2617062 fwd_ms=147256.9 eval=0 prior=0
[inst] req=3989504 hits=1366205 fwd=2563 rows=2623206 fwd_ms=147592.0 eval=0 prior=0
[inst] req=3997696 hits=1369105 fwd=2568 rows=2628326 fwd_ms=147871.4 eval=0 prior=0
[inst] req=4005888 hits=1372025 fwd=2573 rows=2633446 fwd_ms=148150.7 eval=0 prior=0
[inst] req=4014080 hits=1374846 fwd=2578 rows=2638566 fwd_ms=148472.9 eval=0 prior=0
[inst] req=4022272 hits=1377668 fwd=2583 rows=2643686 fwd_ms=148796.3 eval=0 prior=0
[inst] req=4030464 hits=1380442 fwd=2589 rows=2649830 fwd_ms=149196.0 eval=0 prior=0
[inst] req=4038656 hits=1383130 fwd=2594 rows=2654950 fwd_ms=149484.8 eval=0 prior=0
[inst] req=4046848 hits=1385818 fwd=2599 rows=2660070 fwd_ms=149764.0 eval=0 prior=0
[inst] req=4055040 hits=1388335 fwd=2605 rows=2666214 fwd_ms=150122.1 eval=0 prior=0
[inst] req=4063232 hits=1390856 fwd=2611 rows=2672358 fwd_ms=150457.4 eval=0 prior=0
[inst] req=4071424 hits=1393419 fwd=2616 rows=2677478 fwd_ms=150736.7 eval=0 prior=0
[inst] req=4079616 hits=1395986 fwd=2622 rows=2683622 fwd_ms=151071.9 eval=0 prior=0
[inst] req=4087808 hits=1398692 fwd=2627 rows=2688742 fwd_ms=151351.3 eval=0 prior=0
[inst] req=4096000 hits=1401309 fwd=2632 rows=2693862 fwd_ms=151630.6 eval=0 prior=0
[inst] req=4104192 hits=1403873 fwd=2638 rows=2700006 fwd_ms=151965.7 eval=0 prior=0
[inst] req=4112384 hits=1406448 fwd=2643 rows=2705126 fwd_ms=152245.1 eval=0 prior=0
[inst] req=4120576 hits=1409125 fwd=2649 rows=2711270 fwd_ms=152580.1 eval=0 prior=0
[inst] req=4128768 hits=1411912 fwd=2654 rows=2716390 fwd_ms=152859.4 eval=0 prior=0
[inst] req=4136960 hits=1414708 fwd=2659 rows=2721510 fwd_ms=153138.6 eval=0 prior=0
[inst] req=4145152 hits=1417600 fwd=2664 rows=2726630 fwd_ms=153418.1 eval=0 prior=0
[inst] req=4153344 hits=1420412 fwd=2670 rows=2732774 fwd_ms=153753.3 eval=0 prior=0
[inst] req=4161536 hits=1423202 fwd=2675 rows=2737894 fwd_ms=154032.8 eval=0 prior=0
[inst] req=4169728 hits=1425994 fwd=2680 rows=2743014 fwd_ms=154312.1 eval=0 prior=0
[inst] req=4177920 hits=1428767 fwd=2685 rows=2748134 fwd_ms=154591.4 eval=0 prior=0
[inst] req=4186112 hits=1431582 fwd=2691 rows=2754278 fwd_ms=154926.7 eval=0 prior=0
[inst] req=4194304 hits=1434373 fwd=2696 rows=2759398 fwd_ms=155206.1 eval=0 prior=0
[inst] req=4202496 hits=1437209 fwd=2701 rows=2764518 fwd_ms=155485.5 eval=0 prior=0
[inst] req=4210688 hits=1439960 fwd=2707 rows=2770662 fwd_ms=155820.7 eval=0 prior=0
[inst] req=4218880 hits=1442584 fwd=2712 rows=2775782 fwd_ms=156100.3 eval=0 prior=0
[inst] req=4227072 hits=1445236 fwd=2717 rows=2780902 fwd_ms=156379.8 eval=0 prior=0
[inst] req=4235264 hits=1447778 fwd=2723 rows=2787046 fwd_ms=156715.4 eval=0 prior=0
[inst] req=4243456 hits=1450476 fwd=2728 rows=2792166 fwd_ms=156995.1 eval=0 prior=0
[inst] req=4251648 hits=1453089 fwd=2734 rows=2798310 fwd_ms=157330.5 eval=0 prior=0
[inst] req=4259840 hits=1455701 fwd=2739 rows=2803430 fwd_ms=157610.1 eval=0 prior=0
[inst] req=4268032 hits=1458250 fwd=2745 rows=2809574 fwd_ms=157945.5 eval=0 prior=0
[inst] req=4276224 hits=1460869 fwd=2750 rows=2814694 fwd_ms=158225.2 eval=0 prior=0
[inst] req=4284416 hits=1463486 fwd=2756 rows=2820838 fwd_ms=158560.8 eval=0 prior=0
[inst] req=4292608 hits=1466199 fwd=2761 rows=2825958 fwd_ms=158840.3 eval=0 prior=0
[inst] req=4300800 hits=1468832 fwd=2766 rows=2831078 fwd_ms=159119.7 eval=0 prior=0
[inst] req=4308992 hits=1471540 fwd=2772 rows=2837222 fwd_ms=159455.2 eval=0 prior=0
[inst] req=4317184 hits=1474240 fwd=2777 rows=2842342 fwd_ms=159734.6 eval=0 prior=0
[inst] req=4325376 hits=1477051 fwd=2782 rows=2847462 fwd_ms=160014.0 eval=0 prior=0
[inst] req=4333568 hits=1479953 fwd=2788 rows=2853606 fwd_ms=160349.5 eval=0 prior=0
[inst] req=4341760 hits=1482789 fwd=2793 rows=2858726 fwd_ms=160628.9 eval=0 prior=0
[inst] req=4349952 hits=1485571 fwd=2798 rows=2863846 fwd_ms=160908.2 eval=0 prior=0
[inst] req=4358144 hits=1488437 fwd=2803 rows=2868966 fwd_ms=161187.4 eval=0 prior=0
[inst] req=4366336 hits=1491354 fwd=2808 rows=2874086 fwd_ms=161466.8 eval=0 prior=0
[inst] req=4374528 hits=1494360 fwd=2813 rows=2879206 fwd_ms=161746.2 eval=0 prior=0
[inst] req=4382720 hits=1497179 fwd=2819 rows=2885350 fwd_ms=162081.5 eval=0 prior=0
[inst] req=4390912 hits=1500004 fwd=2824 rows=2890470 fwd_ms=162361.0 eval=0 prior=0
[inst] req=4399104 hits=1502690 fwd=2829 rows=2895590 fwd_ms=162640.3 eval=0 prior=0
[inst] req=4407296 hits=1505315 fwd=2835 rows=2901734 fwd_ms=162975.4 eval=0 prior=0
[inst] req=4415488 hits=1507919 fwd=2840 rows=2906854 fwd_ms=163254.7 eval=0 prior=0
[inst] req=4423680 hits=1510576 fwd=2846 rows=2912998 fwd_ms=163589.9 eval=0 prior=0
[inst] req=4431872 hits=1513224 fwd=2851 rows=2918118 fwd_ms=163869.3 eval=0 prior=0
[inst] req=4440064 hits=1515836 fwd=2856 rows=2923238 fwd_ms=164148.5 eval=0 prior=0
[inst] req=4448256 hits=1518398 fwd=2862 rows=2929382 fwd_ms=164483.7 eval=0 prior=0
[inst] req=4456448 hits=1520983 fwd=2867 rows=2934502 fwd_ms=164763.0 eval=0 prior=0
[inst] req=4464640 hits=1523608 fwd=2873 rows=2940646 fwd_ms=165098.2 eval=0 prior=0
[inst] req=4472832 hits=1526274 fwd=2878 rows=2945766 fwd_ms=165377.8 eval=0 prior=0
[inst] req=4481024 hits=1529080 fwd=2884 rows=2951910 fwd_ms=165713.3 eval=0 prior=0
[inst] req=4489216 hits=1531840 fwd=2889 rows=2957030 fwd_ms=165992.8 eval=0 prior=0
[inst] req=4497408 hits=1534585 fwd=2894 rows=2962150 fwd_ms=166272.2 eval=0 prior=0
[inst] req=4505600 hits=1537393 fwd=2899 rows=2967270 fwd_ms=166551.7 eval=0 prior=0
[inst] req=4513792 hits=1540198 fwd=2905 rows=2973414 fwd_ms=166887.2 eval=0 prior=0
[inst] req=4521984 hits=1543042 fwd=2910 rows=2978534 fwd_ms=167166.7 eval=0 prior=0
[inst] req=4530176 hits=1545950 fwd=2915 rows=2983654 fwd_ms=167446.3 eval=0 prior=0
[inst] req=4538368 hits=1548872 fwd=2920 rows=2988774 fwd_ms=167725.8 eval=0 prior=0
[inst] req=4546560 hits=1551730 fwd=2925 rows=2993894 fwd_ms=168005.6 eval=0 prior=0
[inst] req=4554752 hits=1554601 fwd=2931 rows=3000038 fwd_ms=168341.3 eval=0 prior=0
[inst] req=4562944 hits=1557353 fwd=2936 rows=3005158 fwd_ms=168621.1 eval=0 prior=0
[inst] req=4571136 hits=1560131 fwd=2941 rows=3010278 fwd_ms=168900.9 eval=0 prior=0
[inst] req=4579328 hits=1562924 fwd=2946 rows=3015398 fwd_ms=169180.7 eval=0 prior=0
[inst] req=4587520 hits=1565592 fwd=2952 rows=3021542 fwd_ms=169516.5 eval=0 prior=0
[inst] req=4595712 hits=1568133 fwd=2957 rows=3026662 fwd_ms=169796.7 eval=0 prior=0
[inst] req=4603904 hits=1570646 fwd=2963 rows=3032806 fwd_ms=170132.8 eval=0 prior=0
[inst] req=4612096 hits=1573239 fwd=2968 rows=3037926 fwd_ms=170412.6 eval=0 prior=0
[inst] req=4620288 hits=1575833 fwd=2974 rows=3044070 fwd_ms=170748.6 eval=0 prior=0
[inst] req=4628480 hits=1578636 fwd=2979 rows=3049190 fwd_ms=171028.3 eval=0 prior=0
[inst] req=4636672 hits=1581207 fwd=2985 rows=3055334 fwd_ms=171363.9 eval=0 prior=0
[inst] req=4644864 hits=1583872 fwd=2990 rows=3060454 fwd_ms=171643.5 eval=0 prior=0
[inst] req=4653056 hits=1586548 fwd=2995 rows=3065574 fwd_ms=171923.2 eval=0 prior=0
[inst] req=4661248 hits=1589171 fwd=3001 rows=3071718 fwd_ms=172259.0 eval=0 prior=0
[inst] req=4669440 hits=1591966 fwd=3006 rows=3076838 fwd_ms=172538.7 eval=0 prior=0
[inst] req=4677632 hits=1594732 fwd=3011 rows=3081958 fwd_ms=172818.5 eval=0 prior=0
[inst] req=4685824 hits=1597414 fwd=3017 rows=3088102 fwd_ms=173154.2 eval=0 prior=0
[inst] req=4694016 hits=1600109 fwd=3022 rows=3093222 fwd_ms=173433.9 eval=0 prior=0
[inst] req=4702208 hits=1602936 fwd=3027 rows=3098342 fwd_ms=173713.4 eval=0 prior=0
[inst] req=4710400 hits=1605789 fwd=3033 rows=3104486 fwd_ms=174049.3 eval=0 prior=0
[inst] req=4718592 hits=1608666 fwd=3038 rows=3109606 fwd_ms=174329.1 eval=0 prior=0
[inst] req=4726784 hits=1611459 fwd=3043 rows=3114726 fwd_ms=174608.9 eval=0 prior=0
[inst] req=4734976 hits=1614341 fwd=3048 rows=3119846 fwd_ms=174888.5 eval=0 prior=0
[inst] req=4743168 hits=1617171 fwd=3054 rows=3125990 fwd_ms=175224.2 eval=0 prior=0
[inst] req=4751360 hits=1619935 fwd=3059 rows=3131110 fwd_ms=175503.9 eval=0 prior=0
[inst] req=4759552 hits=1622707 fwd=3064 rows=3136230 fwd_ms=175783.6 eval=0 prior=0
[inst] req=4767744 hits=1625439 fwd=3069 rows=3141350 fwd_ms=176063.1 eval=0 prior=0
[inst] req=4775936 hits=1628060 fwd=3075 rows=3147494 fwd_ms=176398.5 eval=0 prior=0
[inst] req=4784128 hits=1630675 fwd=3080 rows=3152614 fwd_ms=176678.3 eval=0 prior=0
[inst] req=4792320 hits=1633380 fwd=3086 rows=3158758 fwd_ms=177013.7 eval=0 prior=0
[inst] req=4800512 hits=1636019 fwd=3091 rows=3163878 fwd_ms=177293.2 eval=0 prior=0
[inst] req=4808704 hits=1638690 fwd=3096 rows=3168998 fwd_ms=177572.7 eval=0 prior=0
[inst] req=4816896 hits=1641307 fwd=3102 rows=3175142 fwd_ms=177908.1 eval=0 prior=0
[inst] req=4825088 hits=1643960 fwd=3107 rows=3180262 fwd_ms=178187.8 eval=0 prior=0
[inst] req=4833280 hits=1646741 fwd=3113 rows=3186406 fwd_ms=178523.1 eval=0 prior=0
[inst] req=4841472 hits=1649456 fwd=3118 rows=3191526 fwd_ms=178802.6 eval=0 prior=0
[inst] req=4849664 hits=1652248 fwd=3123 rows=3196646 fwd_ms=179082.1 eval=0 prior=0
[inst] req=4857856 hits=1654987 fwd=3129 rows=3202790 fwd_ms=179417.5 eval=0 prior=0
[inst] req=4866048 hits=1657777 fwd=3134 rows=3207910 fwd_ms=179697.1 eval=0 prior=0
[inst] req=4874240 hits=1660582 fwd=3139 rows=3213030 fwd_ms=179976.7 eval=0 prior=0
[inst] req=4882432 hits=1663419 fwd=3144 rows=3218150 fwd_ms=180256.3 eval=0 prior=0
[inst] req=4890624 hits=1666316 fwd=3150 rows=3224294 fwd_ms=180591.7 eval=0 prior=0
[inst] req=4898816 hits=1669149 fwd=3155 rows=3229414 fwd_ms=180871.4 eval=0 prior=0
[inst] req=4907008 hits=1672017 fwd=3160 rows=3234534 fwd_ms=181150.9 eval=0 prior=0
[inst] req=4915200 hits=1674914 fwd=3165 rows=3239654 fwd_ms=181430.4 eval=0 prior=0
[inst] req=4923392 hits=1677770 fwd=3170 rows=3244774 fwd_ms=181710.1 eval=0 prior=0
[inst] req=4931584 hits=1680556 fwd=3176 rows=3250918 fwd_ms=182045.9 eval=0 prior=0
[inst] req=4939776 hits=1683270 fwd=3181 rows=3256038 fwd_ms=182325.5 eval=0 prior=0
[inst] req=4947968 hits=1686012 fwd=3186 rows=3261158 fwd_ms=182605.2 eval=0 prior=0
[inst] req=4956160 hits=1688625 fwd=3192 rows=3267302 fwd_ms=182940.7 eval=0 prior=0
[inst] req=4964352 hits=1691233 fwd=3197 rows=3272422 fwd_ms=183220.2 eval=0 prior=0
[inst] req=4972544 hits=1693909 fwd=3203 rows=3278566 fwd_ms=183555.6 eval=0 prior=0
[inst] req=4980736 hits=1696499 fwd=3208 rows=3283686 fwd_ms=183835.1 eval=0 prior=0
[inst] req=4988928 hits=1699074 fwd=3214 rows=3289830 fwd_ms=184170.4 eval=0 prior=0
[inst] req=4997120 hits=1701686 fwd=3219 rows=3294950 fwd_ms=184450.0 eval=0 prior=0
[inst] req=5005312 hits=1704281 fwd=3224 rows=3300070 fwd_ms=184729.6 eval=0 prior=0
[inst] req=5013504 hits=1707038 fwd=3230 rows=3306214 fwd_ms=185065.0 eval=0 prior=0
[inst] req=5021696 hits=1709834 fwd=3235 rows=3311334 fwd_ms=185344.6 eval=0 prior=0
[inst] req=5029888 hits=1712521 fwd=3240 rows=3316454 fwd_ms=185624.2 eval=0 prior=0
[inst] req=5038080 hits=1715264 fwd=3246 rows=3322598 fwd_ms=185959.7 eval=0 prior=0
[inst] req=5046272 hits=1718036 fwd=3251 rows=3327718 fwd_ms=186239.1 eval=0 prior=0
[inst] req=5054464 hits=1720897 fwd=3256 rows=3332838 fwd_ms=186518.6 eval=0 prior=0
[inst] req=5062656 hits=1723710 fwd=3261 rows=3337958 fwd_ms=186798.0 eval=0 prior=0
[inst] req=5070848 hits=1726568 fwd=3267 rows=3344102 fwd_ms=187133.4 eval=0 prior=0
[inst] req=5079040 hits=1729445 fwd=3272 rows=3349221 fwd_ms=187412.8 eval=0 prior=0
[inst] req=5087232 hits=1732231 fwd=3277 rows=3354341 fwd_ms=187692.4 eval=0 prior=0
[inst] req=5095424 hits=1735196 fwd=3282 rows=3359461 fwd_ms=187972.2 eval=0 prior=0
[inst] req=5103616 hits=1738084 fwd=3287 rows=3364581 fwd_ms=188252.0 eval=0 prior=0
[inst] req=5111808 hits=1740885 fwd=3293 rows=3370725 fwd_ms=188587.7 eval=0 prior=0
[inst] req=5120000 hits=1743613 fwd=3298 rows=3375845 fwd_ms=188867.5 eval=0 prior=0
[inst] req=5128192 hits=1746279 fwd=3303 rows=3380965 fwd_ms=189147.3 eval=0 prior=0
[inst] req=5136384 hits=1748994 fwd=3309 rows=3387109 fwd_ms=189483.0 eval=0 prior=0
[inst] req=5144576 hits=1751622 fwd=3314 rows=3392229 fwd_ms=189762.8 eval=0 prior=0
[inst] req=5152768 hits=1754259 fwd=3320 rows=3398373 fwd_ms=190098.6 eval=0 prior=0
[inst] req=5160960 hits=1756856 fwd=3325 rows=3403493 fwd_ms=190378.5 eval=0 prior=0
[inst] req=5169152 hits=1759454 fwd=3331 rows=3409637 fwd_ms=190714.0 eval=0 prior=0
[inst] req=5177344 hits=1762073 fwd=3336 rows=3414757 fwd_ms=190993.6 eval=0 prior=0
[inst] req=5185536 hits=1764729 fwd=3341 rows=3419877 fwd_ms=191273.3 eval=0 prior=0
[inst] req=5193728 hits=1767367 fwd=3347 rows=3426021 fwd_ms=191609.0 eval=0 prior=0
[inst] req=5201920 hits=1770085 fwd=3352 rows=3431141 fwd_ms=191888.7 eval=0 prior=0
[inst] req=5210112 hits=1772733 fwd=3358 rows=3437285 fwd_ms=192224.3 eval=0 prior=0
[inst] req=5218304 hits=1775560 fwd=3363 rows=3442405 fwd_ms=192504.2 eval=0 prior=0
[inst] req=5226496 hits=1778516 fwd=3368 rows=3447525 fwd_ms=192783.9 eval=0 prior=0
[inst] req=5234688 hits=1781374 fwd=3373 rows=3452645 fwd_ms=193063.4 eval=0 prior=0
[inst] req=5242880 hits=1784112 fwd=3378 rows=3457765 fwd_ms=193343.1 eval=0 prior=0
[inst] req=5251072 hits=1787052 fwd=3384 rows=3463909 fwd_ms=193678.8 eval=0 prior=0
[inst] req=5259264 hits=1789831 fwd=3389 rows=3469029 fwd_ms=193958.4 eval=0 prior=0
[inst] req=5267456 hits=1792585 fwd=3394 rows=3474149 fwd_ms=194237.9 eval=0 prior=0
[inst] req=5275648 hits=1795392 fwd=3399 rows=3479269 fwd_ms=194517.6 eval=0 prior=0
[inst] req=5283840 hits=1798168 fwd=3405 rows=3485413 fwd_ms=194853.4 eval=0 prior=0
[inst] req=5292032 hits=1801005 fwd=3410 rows=3490533 fwd_ms=195133.0 eval=0 prior=0
[inst] req=5300224 hits=1803714 fwd=3415 rows=3495653 fwd_ms=195412.6 eval=0 prior=0
[inst] req=5308416 hits=1806344 fwd=3421 rows=3501797 fwd_ms=195748.1 eval=0 prior=0
[inst] req=5316608 hits=1809077 fwd=3426 rows=3506917 fwd_ms=196027.5 eval=0 prior=0
[inst] req=5324800 hits=1811652 fwd=3432 rows=3513061 fwd_ms=196363.2 eval=0 prior=0
[inst] req=5332992 hits=1814331 fwd=3437 rows=3518181 fwd_ms=196642.8 eval=0 prior=0
[inst] req=5341184 hits=1816948 fwd=3442 rows=3523301 fwd_ms=196922.4 eval=0 prior=0
[inst] req=5349376 hits=1819687 fwd=3448 rows=3529445 fwd_ms=197257.9 eval=0 prior=0
[inst] req=5357568 hits=1822318 fwd=3453 rows=3534565 fwd_ms=197537.6 eval=0 prior=0
[inst] req=5365760 hits=1825000 fwd=3459 rows=3540709 fwd_ms=197872.9 eval=0 prior=0
[inst] req=5373952 hits=1827683 fwd=3464 rows=3545829 fwd_ms=198152.6 eval=0 prior=0
[inst] req=5382144 hits=1830381 fwd=3469 rows=3550949 fwd_ms=198432.4 eval=0 prior=0
[inst] req=5390336 hits=1833140 fwd=3475 rows=3557093 fwd_ms=198767.9 eval=0 prior=0
[inst] req=5398528 hits=1835903 fwd=3480 rows=3562213 fwd_ms=199047.5 eval=0 prior=0
[inst] req=5406720 hits=1838637 fwd=3485 rows=3567333 fwd_ms=199327.2 eval=0 prior=0
[inst] req=5414912 hits=1841384 fwd=3491 rows=3573477 fwd_ms=199662.8 eval=0 prior=0
[inst] req=5423104 hits=1844154 fwd=3496 rows=3578597 fwd_ms=199942.3 eval=0 prior=0
[inst] req=5431296 hits=1847034 fwd=3501 rows=3583717 fwd_ms=200221.8 eval=0 prior=0
[inst] req=5439488 hits=1849852 fwd=3506 rows=3588837 fwd_ms=200501.4 eval=0 prior=0
[inst] req=5447680 hits=1852596 fwd=3512 rows=3594981 fwd_ms=200836.8 eval=0 prior=0
[inst] req=5455872 hits=1855334 fwd=3517 rows=3600101 fwd_ms=201116.4 eval=0 prior=0
[inst] req=5464064 hits=1858153 fwd=3522 rows=3605221 fwd_ms=201395.7 eval=0 prior=0
[inst] req=5472256 hits=1860888 fwd=3528 rows=3611365 fwd_ms=201731.1 eval=0 prior=0
[inst] req=5480448 hits=1863509 fwd=3533 rows=3616485 fwd_ms=202010.6 eval=0 prior=0
[inst] req=5488640 hits=1866175 fwd=3538 rows=3621605 fwd_ms=202289.9 eval=0 prior=0
[inst] req=5496832 hits=1868907 fwd=3544 rows=3627749 fwd_ms=202625.2 eval=0 prior=0
[inst] req=5505024 hits=1871571 fwd=3549 rows=3632869 fwd_ms=202904.4 eval=0 prior=0
[inst] req=5513216 hits=1874270 fwd=3554 rows=3637989 fwd_ms=203184.0 eval=0 prior=0
[inst] req=5521408 hits=1877003 fwd=3560 rows=3644133 fwd_ms=203519.5 eval=0 prior=0
[inst] req=5529600 hits=1879703 fwd=3565 rows=3649253 fwd_ms=203798.8 eval=0 prior=0
[inst] req=5537792 hits=1882319 fwd=3571 rows=3655397 fwd_ms=204134.2 eval=0 prior=0
[inst] req=5545984 hits=1884969 fwd=3576 rows=3660517 fwd_ms=204413.4 eval=0 prior=0
[inst] req=5554176 hits=1887816 fwd=3581 rows=3665637 fwd_ms=204692.4 eval=0 prior=0
[inst] req=5562368 hits=1890633 fwd=3586 rows=3670757 fwd_ms=204971.8 eval=0 prior=0
[inst] req=5570560 hits=1893436 fwd=3592 rows=3676901 fwd_ms=205306.9 eval=0 prior=0
[inst] req=5578752 hits=1896177 fwd=3597 rows=3682021 fwd_ms=205586.1 eval=0 prior=0
[inst] req=5586944 hits=1898930 fwd=3602 rows=3687141 fwd_ms=205865.4 eval=0 prior=0
[inst] req=5595136 hits=1901682 fwd=3608 rows=3693285 fwd_ms=206200.7 eval=0 prior=0
[inst] req=5603328 hits=1904604 fwd=3613 rows=3698405 fwd_ms=206480.2 eval=0 prior=0
[inst] req=5611520 hits=1907380 fwd=3618 rows=3703525 fwd_ms=206759.6 eval=0 prior=0
[inst] req=5619712 hits=1910223 fwd=3623 rows=3708645 fwd_ms=207038.8 eval=0 prior=0
[inst] req=5627904 hits=1913162 fwd=3628 rows=3713765 fwd_ms=207318.0 eval=0 prior=0
[inst] req=5636096 hits=1915984 fwd=3634 rows=3719909 fwd_ms=207653.0 eval=0 prior=0
[inst] req=5644288 hits=1918768 fwd=3639 rows=3725029 fwd_ms=207932.2 eval=0 prior=0
[inst] req=5652480 hits=1921515 fwd=3644 rows=3730149 fwd_ms=208211.5 eval=0 prior=0
[inst] req=5660672 hits=1924252 fwd=3650 rows=3736293 fwd_ms=208546.6 eval=0 prior=0
[inst] req=5668864 hits=1926925 fwd=3655 rows=3741413 fwd_ms=208825.7 eval=0 prior=0
[inst] req=5677056 hits=1929506 fwd=3660 rows=3746533 fwd_ms=209104.8 eval=0 prior=0
[inst] req=5685248 hits=1932141 fwd=3666 rows=3752677 fwd_ms=209439.7 eval=0 prior=0
[inst] req=5693440 hits=1934765 fwd=3671 rows=3757797 fwd_ms=209718.9 eval=0 prior=0
[inst] req=5701632 hits=1937359 fwd=3677 rows=3763941 fwd_ms=210053.9 eval=0 prior=0
[inst] req=5709824 hits=1940004 fwd=3682 rows=3769061 fwd_ms=210333.1 eval=0 prior=0
[inst] req=5718016 hits=1942608 fwd=3688 rows=3775205 fwd_ms=210668.2 eval=0 prior=0
[inst] req=5726208 hits=1945472 fwd=3693 rows=3780325 fwd_ms=210947.3 eval=0 prior=0
[inst] req=5734400 hits=1948238 fwd=3698 rows=3785445 fwd_ms=211226.6 eval=0 prior=0
[inst] req=5742592 hits=1951027 fwd=3704 rows=3791562 fwd_ms=211570.4 eval=0 prior=0
[inst] req=5750784 hits=1953735 fwd=3709 rows=3796682 fwd_ms=211849.5 eval=0 prior=0
[inst] req=5758976 hits=1956507 fwd=3714 rows=3801802 fwd_ms=212128.7 eval=0 prior=0
[inst] req=5767168 hits=1959411 fwd=3719 rows=3806922 fwd_ms=212408.0 eval=0 prior=0
[inst] req=5775360 hits=1962179 fwd=3725 rows=3813066 fwd_ms=212743.0 eval=0 prior=0
[inst] req=5783552 hits=1964971 fwd=3730 rows=3818186 fwd_ms=213022.2 eval=0 prior=0
[inst] req=5791744 hits=1967848 fwd=3735 rows=3823306 fwd_ms=213301.3 eval=0 prior=0
[inst] req=5799936 hits=1970694 fwd=3740 rows=3828426 fwd_ms=213580.7 eval=0 prior=0
[inst] req=5808128 hits=1973442 fwd=3746 rows=3834570 fwd_ms=213916.0 eval=0 prior=0
[inst] req=5816320 hits=1976187 fwd=3751 rows=3839690 fwd_ms=214195.2 eval=0 prior=0
[inst] req=5824512 hits=1978957 fwd=3756 rows=3844803 fwd_ms=214483.7 eval=0 prior=0
[inst] req=5832704 hits=1981824 fwd=3761 rows=3849923 fwd_ms=214763.0 eval=0 prior=0
[inst] req=5840896 hits=1984654 fwd=3767 rows=3856067 fwd_ms=215098.1 eval=0 prior=0
[inst] req=5849088 hits=1987326 fwd=3772 rows=3861187 fwd_ms=215377.3 eval=0 prior=0
[inst] req=5857280 hits=1990036 fwd=3777 rows=3866307 fwd_ms=215656.5 eval=0 prior=0
[inst] req=5865472 hits=1992714 fwd=3783 rows=3872451 fwd_ms=215991.7 eval=0 prior=0
[inst] req=5873664 hits=1995403 fwd=3788 rows=3877571 fwd_ms=216271.1 eval=0 prior=0
[inst] req=5881856 hits=1998222 fwd=3793 rows=3882691 fwd_ms=216550.5 eval=0 prior=0
[inst] req=5890048 hits=2000939 fwd=3799 rows=3888835 fwd_ms=216885.6 eval=0 prior=0
[inst] req=5898240 hits=2003610 fwd=3804 rows=3893955 fwd_ms=217165.2 eval=0 prior=0
[inst] req=5906432 hits=2006261 fwd=3810 rows=3900099 fwd_ms=217500.6 eval=0 prior=0
[inst] req=5914624 hits=2009032 fwd=3815 rows=3905219 fwd_ms=217780.2 eval=0 prior=0
[inst] req=5922816 hits=2011988 fwd=3820 rows=3910339 fwd_ms=218059.8 eval=0 prior=0
[inst] req=5931008 hits=2014717 fwd=3825 rows=3915459 fwd_ms=218339.2 eval=0 prior=0
[inst] req=5939200 hits=2017441 fwd=3831 rows=3921603 fwd_ms=218674.2 eval=0 prior=0
[inst] req=5947392 hits=2020204 fwd=3836 rows=3926723 fwd_ms=218953.3 eval=0 prior=0
[inst] req=5955584 hits=2023171 fwd=3841 rows=3931843 fwd_ms=219232.5 eval=0 prior=0
[inst] req=5963776 hits=2026016 fwd=3846 rows=3936963 fwd_ms=219511.6 eval=0 prior=0
[inst] req=5971968 hits=2028754 fwd=3852 rows=3943107 fwd_ms=219846.8 eval=0 prior=0
[inst] req=5980160 hits=2031512 fwd=3857 rows=3948227 fwd_ms=220125.9 eval=0 prior=0
[inst] req=5988352 hits=2034234 fwd=3862 rows=3953347 fwd_ms=220405.3 eval=0 prior=0
[inst] req=5996544 hits=2036936 fwd=3868 rows=3959491 fwd_ms=220740.4 eval=0 prior=0
[inst] req=6004736 hits=2039685 fwd=3873 rows=3964611 fwd_ms=221019.7 eval=0 prior=0
[inst] req=6012928 hits=2042408 fwd=3878 rows=3969731 fwd_ms=221298.9 eval=0 prior=0
[inst] req=6021120 hits=2045146 fwd=3884 rows=3975875 fwd_ms=221634.1 eval=0 prior=0
[inst] req=6029312 hits=2047827 fwd=3889 rows=3980995 fwd_ms=221913.3 eval=0 prior=0
[inst] req=6037504 hits=2050486 fwd=3894 rows=3986115 fwd_ms=222192.6 eval=0 prior=0
[inst] req=6045696 hits=2053234 fwd=3900 rows=3992259 fwd_ms=222527.5 eval=0 prior=0
[inst] req=6053888 hits=2055958 fwd=3905 rows=3997379 fwd_ms=222806.7 eval=0 prior=0
[inst] req=6062080 hits=2058575 fwd=3910 rows=4002499 fwd_ms=223086.0 eval=0 prior=0
[inst] req=6070272 hits=2061315 fwd=3916 rows=4008643 fwd_ms=223421.0 eval=0 prior=0
[inst] req=6078464 hits=2063892 fwd=3921 rows=4013763 fwd_ms=223700.2 eval=0 prior=0
[inst] req=6086656 hits=2066575 fwd=3927 rows=4019907 fwd_ms=224035.3 eval=0 prior=0
[inst] req=6094848 hits=2069384 fwd=3932 rows=4025027 fwd_ms=224314.3 eval=0 prior=0
[inst] req=6103040 hits=2072106 fwd=3937 rows=4030147 fwd_ms=224593.4 eval=0 prior=0
[inst] req=6111232 hits=2074868 fwd=3943 rows=4036291 fwd_ms=224928.3 eval=0 prior=0
[inst] req=6119424 hits=2077628 fwd=3948 rows=4041411 fwd_ms=225207.4 eval=0 prior=0
[inst] req=6127616 hits=2080283 fwd=3953 rows=4046531 fwd_ms=225486.4 eval=0 prior=0
[inst] req=6135808 hits=2083110 fwd=3959 rows=4052675 fwd_ms=225821.4 eval=0 prior=0
[inst] req=6144000 hits=2085980 fwd=3964 rows=4057795 fwd_ms=226100.5 eval=0 prior=0
[inst] req=6152192 hits=2088787 fwd=3969 rows=4062915 fwd_ms=226379.6 eval=0 prior=0
[inst] req=6160384 hits=2091603 fwd=3974 rows=4068035 fwd_ms=226658.7 eval=0 prior=0
[inst] req=6168576 hits=2094420 fwd=3979 rows=4073155 fwd_ms=226937.8 eval=0 prior=0
[inst] req=6176768 hits=2097172 fwd=3985 rows=4079299 fwd_ms=227272.8 eval=0 prior=0
[inst] req=6184960 hits=2099919 fwd=3990 rows=4084419 fwd_ms=227552.0 eval=0 prior=0
[inst] req=6193152 hits=2102789 fwd=3995 rows=4089539 fwd_ms=227831.3 eval=0 prior=0
[inst] req=6201344 hits=2105531 fwd=4001 rows=4095683 fwd_ms=228166.3 eval=0 prior=0
[inst] req=6209536 hits=2108161 fwd=4006 rows=4100803 fwd_ms=228445.6 eval=0 prior=0
[inst] req=6217728 hits=2110884 fwd=4011 rows=4105923 fwd_ms=228724.8 eval=0 prior=0
[inst] req=6225920 hits=2113577 fwd=4017 rows=4112067 fwd_ms=229059.9 eval=0 prior=0
[inst] req=6234112 hits=2116373 fwd=4022 rows=4117187 fwd_ms=229339.1 eval=0 prior=0
[inst] req=6242304 hits=2119080 fwd=4027 rows=4122307 fwd_ms=229618.2 eval=0 prior=0
[inst] req=6250496 hits=2121814 fwd=4033 rows=4128451 fwd_ms=229953.2 eval=0 prior=0
[inst] req=6258688 hits=2124542 fwd=4038 rows=4133571 fwd_ms=230232.3 eval=0 prior=0
[inst] req=6266880 hits=2127232 fwd=4043 rows=4138691 fwd_ms=230511.5 eval=0 prior=0
[inst] req=6275072 hits=2129976 fwd=4049 rows=4144835 fwd_ms=230846.5 eval=0 prior=0
[inst] req=6283264 hits=2132751 fwd=4054 rows=4149955 fwd_ms=231125.5 eval=0 prior=0
[inst] req=6291456 hits=2135600 fwd=4059 rows=4155075 fwd_ms=231404.6 eval=0 prior=0
[inst] req=6299648 hits=2138585 fwd=4064 rows=4160195 fwd_ms=231683.7 eval=0 prior=0
[inst] req=6307840 hits=2141360 fwd=4070 rows=4166339 fwd_ms=232018.8 eval=0 prior=0
[inst] req=6316032 hits=2144113 fwd=4075 rows=4171459 fwd_ms=232297.8 eval=0 prior=0
[inst] req=6324224 hits=2146851 fwd=4080 rows=4176579 fwd_ms=232577.0 eval=0 prior=0
[inst] req=6332416 hits=2149596 fwd=4086 rows=4182723 fwd_ms=232911.9 eval=0 prior=0
[inst] req=6340608 hits=2152353 fwd=4091 rows=4187843 fwd_ms=233191.1 eval=0 prior=0
[inst] req=6348800 hits=2155228 fwd=4096 rows=4192963 fwd_ms=233470.4 eval=0 prior=0
[inst] req=6356992 hits=2158024 fwd=4101 rows=4198083 fwd_ms=233749.4 eval=0 prior=0
[inst] req=6365184 hits=2160804 fwd=4107 rows=4204227 fwd_ms=234084.3 eval=0 prior=0
[inst] req=6373376 hits=2163633 fwd=4112 rows=4209347 fwd_ms=234363.2 eval=0 prior=0
[inst] req=6381568 hits=2166299 fwd=4117 rows=4214467 fwd_ms=234642.4 eval=0 prior=0
[inst] req=6389760 hits=2168969 fwd=4123 rows=4220611 fwd_ms=234977.5 eval=0 prior=0
[inst] req=6397952 hits=2171646 fwd=4128 rows=4225731 fwd_ms=235256.7 eval=0 prior=0
[inst] req=6406144 hits=2174317 fwd=4133 rows=4230851 fwd_ms=235535.6 eval=0 prior=0
[inst] req=6414336 hits=2177084 fwd=4139 rows=4236995 fwd_ms=235870.9 eval=0 prior=0
[inst] req=6422528 hits=2179789 fwd=4144 rows=4242115 fwd_ms=236149.9 eval=0 prior=0
[inst] req=6430720 hits=2182508 fwd=4149 rows=4247235 fwd_ms=236429.0 eval=0 prior=0
[inst] req=6438912 hits=2185296 fwd=4155 rows=4253379 fwd_ms=236764.0 eval=0 prior=0
[inst] req=6447104 hits=2188123 fwd=4160 rows=4258499 fwd_ms=237043.2 eval=0 prior=0
[inst] req=6455296 hits=2190973 fwd=4165 rows=4263619 fwd_ms=237322.2 eval=0 prior=0
[inst] req=6463488 hits=2193798 fwd=4170 rows=4268739 fwd_ms=237601.4 eval=0 prior=0
[inst] req=6471680 hits=2196587 fwd=4176 rows=4274883 fwd_ms=237936.3 eval=0 prior=0
[inst] req=6479872 hits=2199449 fwd=4181 rows=4280003 fwd_ms=238215.5 eval=0 prior=0
[inst] req=6488064 hits=2202192 fwd=4186 rows=4285123 fwd_ms=238494.6 eval=0 prior=0
[inst] req=6496256 hits=2205015 fwd=4191 rows=4290243 fwd_ms=238773.7 eval=0 prior=0
[inst] req=6504448 hits=2207716 fwd=4197 rows=4296387 fwd_ms=239108.8 eval=0 prior=0
[inst] req=6512640 hits=2210527 fwd=4202 rows=4301507 fwd_ms=239388.0 eval=0 prior=0
[inst] req=6520832 hits=2213341 fwd=4207 rows=4306627 fwd_ms=239666.9 eval=0 prior=0
[inst] req=6529024 hits=2216281 fwd=4212 rows=4311747 fwd_ms=239946.1 eval=0 prior=0
[inst] req=6537216 hits=2219231 fwd=4218 rows=4317891 fwd_ms=240281.1 eval=0 prior=0
[inst] req=6545408 hits=2221980 fwd=4223 rows=4323011 fwd_ms=240560.2 eval=0 prior=0
[inst] req=6553600 hits=2224736 fwd=4228 rows=4328131 fwd_ms=240839.2 eval=0 prior=0
[inst] req=6561792 hits=2227359 fwd=4234 rows=4334275 fwd_ms=241174.0 eval=0 prior=0
[inst] req=6569984 hits=2230022 fwd=4239 rows=4339395 fwd_ms=241453.1 eval=0 prior=0
[inst] req=6578176 hits=2232668 fwd=4244 rows=4344515 fwd_ms=241732.2 eval=0 prior=0
[inst] req=6586368 hits=2235294 fwd=4250 rows=4350659 fwd_ms=242067.4 eval=0 prior=0
[inst] req=6594560 hits=2237998 fwd=4255 rows=4355779 fwd_ms=242346.7 eval=0 prior=0
[inst] req=6602752 hits=2240906 fwd=4260 rows=4360899 fwd_ms=242625.8 eval=0 prior=0
[inst] req=6610944 hits=2243761 fwd=4266 rows=4367043 fwd_ms=242960.7 eval=0 prior=0
[inst] req=6619136 hits=2246499 fwd=4271 rows=4372163 fwd_ms=243239.7 eval=0 prior=0
[inst] req=6627328 hits=2249277 fwd=4276 rows=4377283 fwd_ms=243518.9 eval=0 prior=0
[inst] req=6635520 hits=2252063 fwd=4282 rows=4383427 fwd_ms=243853.9 eval=0 prior=0
[inst] req=6643712 hits=2254878 fwd=4287 rows=4388547 fwd_ms=244133.0 eval=0 prior=0
[inst] req=6651904 hits=2257599 fwd=4292 rows=4393667 fwd_ms=244412.2 eval=0 prior=0
[inst] req=6660096 hits=2260568 fwd=4297 rows=4398787 fwd_ms=244691.2 eval=0 prior=0
[inst] req=6668288 hits=2263387 fwd=4302 rows=4403907 fwd_ms=244970.4 eval=0 prior=0
[inst] req=6676480 hits=2266285 fwd=4308 rows=4410051 fwd_ms=245305.4 eval=0 prior=0
[inst] req=6684672 hits=2269103 fwd=4313 rows=4415171 fwd_ms=245584.4 eval=0 prior=0
[inst] req=6692864 hits=2272069 fwd=4318 rows=4420291 fwd_ms=245863.5 eval=0 prior=0
[inst] req=6701056 hits=2274889 fwd=4323 rows=4425411 fwd_ms=246142.9 eval=0 prior=0
[inst] req=6709248 hits=2277640 fwd=4329 rows=4431555 fwd_ms=246478.4 eval=0 prior=0
[inst] req=6717440 hits=2280423 fwd=4334 rows=4436675 fwd_ms=246758.0 eval=0 prior=0
[inst] req=6725632 hits=2283113 fwd=4339 rows=4441795 fwd_ms=247037.5 eval=0 prior=0
[inst] req=6733824 hits=2285837 fwd=4345 rows=4447939 fwd_ms=247373.3 eval=0 prior=0
[inst] req=6742016 hits=2288632 fwd=4350 rows=4453059 fwd_ms=247653.0 eval=0 prior=0
[inst] req=6750208 hits=2291331 fwd=4355 rows=4458179 fwd_ms=247932.7 eval=0 prior=0
[inst] req=6758400 hits=2294038 fwd=4361 rows=4464323 fwd_ms=248268.2 eval=0 prior=0
[inst] req=6766592 hits=2296694 fwd=4366 rows=4469443 fwd_ms=248547.9 eval=0 prior=0
[inst] req=6774784 hits=2299431 fwd=4371 rows=4474563 fwd_ms=248827.6 eval=0 prior=0
[inst] req=6782976 hits=2302225 fwd=4377 rows=4480707 fwd_ms=249163.3 eval=0 prior=0
[inst] req=6791168 hits=2304925 fwd=4382 rows=4485827 fwd_ms=249443.0 eval=0 prior=0
[inst] req=6799360 hits=2307848 fwd=4387 rows=4490947 fwd_ms=249722.7 eval=0 prior=0
[inst] req=6807552 hits=2310588 fwd=4392 rows=4496067 fwd_ms=250002.2 eval=0 prior=0
[inst] req=6815744 hits=2313265 fwd=4398 rows=4502211 fwd_ms=250337.9 eval=0 prior=0
[inst] req=6823936 hits=2316042 fwd=4403 rows=4507331 fwd_ms=250617.5 eval=0 prior=0
[inst] req=6832128 hits=2318837 fwd=4408 rows=4512451 fwd_ms=250897.3 eval=0 prior=0
[inst] req=6840320 hits=2321783 fwd=4413 rows=4517571 fwd_ms=251177.0 eval=0 prior=0
[inst] req=6848512 hits=2324649 fwd=4419 rows=4523714 fwd_ms=251512.4 eval=0 prior=0
[inst] req=6856704 hits=2327455 fwd=4424 rows=4528834 fwd_ms=251792.2 eval=0 prior=0
[inst] req=6864896 hits=2330317 fwd=4429 rows=4533954 fwd_ms=252071.9 eval=0 prior=0
[inst] req=6873088 hits=2333111 fwd=4434 rows=4539074 fwd_ms=252351.4 eval=0 prior=0
[inst] req=6881280 hits=2335931 fwd=4440 rows=4545218 fwd_ms=252686.8 eval=0 prior=0
[inst] req=6889472 hits=2338804 fwd=4445 rows=4550338 fwd_ms=252966.6 eval=0 prior=0
[inst] req=6897664 hits=2341712 fwd=4450 rows=4555458 fwd_ms=253246.5 eval=0 prior=0
[inst] req=6905856 hits=2344443 fwd=4455 rows=4560578 fwd_ms=253526.2 eval=0 prior=0
[inst] req=6914048 hits=2347352 fwd=4460 rows=4565698 fwd_ms=253805.9 eval=0 prior=0
[inst] req=6922240 hits=2350142 fwd=4466 rows=4571842 fwd_ms=254141.4 eval=0 prior=0
[inst] req=6930432 hits=2352852 fwd=4471 rows=4576962 fwd_ms=254421.1 eval=0 prior=0
[inst] req=6938624 hits=2355525 fwd=4476 rows=4582082 fwd_ms=254700.7 eval=0 prior=0
[inst] req=6946816 hits=2358205 fwd=4482 rows=4588226 fwd_ms=255036.2 eval=0 prior=0
[inst] req=6955008 hits=2360885 fwd=4487 rows=4593346 fwd_ms=255315.7 eval=0 prior=0
[inst] req=6963200 hits=2363614 fwd=4493 rows=4599490 fwd_ms=255651.2 eval=0 prior=0
[inst] req=6971392 hits=2366462 fwd=4498 rows=4604610 fwd_ms=255930.8 eval=0 prior=0
[inst] req=6979584 hits=2369416 fwd=4503 rows=4609730 fwd_ms=256210.6 eval=0 prior=0
[inst] req=6987776 hits=2372168 fwd=4508 rows=4614850 fwd_ms=256490.2 eval=0 prior=0
[inst] req=6995968 hits=2374914 fwd=4514 rows=4620994 fwd_ms=256825.7 eval=0 prior=0
[inst] req=7004160 hits=2377672 fwd=4519 rows=4626114 fwd_ms=257105.4 eval=0 prior=0
[inst] req=7012352 hits=2380410 fwd=4524 rows=4631234 fwd_ms=257384.9 eval=0 prior=0
[inst] req=7020544 hits=2383370 fwd=4529 rows=4636354 fwd_ms=257664.4 eval=0 prior=0
[inst] req=7028736 hits=2386409 fwd=4534 rows=4641474 fwd_ms=257943.9 eval=0 prior=0
[inst] req=7036928 hits=2389294 fwd=4540 rows=4647618 fwd_ms=258279.3 eval=0 prior=0
[inst] req=7045120 hits=2392045 fwd=4545 rows=4652738 fwd_ms=258558.9 eval=0 prior=0
[inst] req=7053312 hits=2394965 fwd=4550 rows=4657858 fwd_ms=258838.4 eval=0 prior=0
[inst] req=7061504 hits=2397742 fwd=4555 rows=4662978 fwd_ms=259117.9 eval=0 prior=0
[inst] req=7069696 hits=2400670 fwd=4560 rows=4668098 fwd_ms=259397.4 eval=0 prior=0
[inst] req=7077888 hits=2403740 fwd=4565 rows=4673218 fwd_ms=259677.0 eval=0 prior=0
[inst] req=7086080 hits=2406491 fwd=4571 rows=4679362 fwd_ms=260012.3 eval=0 prior=0
[inst] req=7094272 hits=2409237 fwd=4576 rows=4684482 fwd_ms=260292.0 eval=0 prior=0
[inst] req=7102464 hits=2412088 fwd=4581 rows=4689602 fwd_ms=260571.4 eval=0 prior=0
[inst] req=7110656 hits=2415000 fwd=4586 rows=4694722 fwd_ms=260850.8 eval=0 prior=0
[inst] req=7118848 hits=2417830 fwd=4592 rows=4700866 fwd_ms=261186.1 eval=0 prior=0
[inst] req=7127040 hits=2420614 fwd=4597 rows=4705986 fwd_ms=261465.6 eval=0 prior=0
[inst] req=7135232 hits=2423380 fwd=4602 rows=4711106 fwd_ms=261745.2 eval=0 prior=0
[inst] req=7143424 hits=2426151 fwd=4608 rows=4717250 fwd_ms=262080.5 eval=0 prior=0
[inst] req=7151616 hits=2428863 fwd=4613 rows=4722370 fwd_ms=262360.1 eval=0 prior=0
[inst] req=7159808 hits=2431605 fwd=4618 rows=4727490 fwd_ms=262639.8 eval=0 prior=0
[inst] req=7168000 hits=2434313 fwd=4624 rows=4733634 fwd_ms=262975.4 eval=0 prior=0
[inst] req=7176192 hits=2437011 fwd=4629 rows=4738754 fwd_ms=263255.0 eval=0 prior=0
[inst] req=7184384 hits=2439852 fwd=4634 rows=4743874 fwd_ms=263534.8 eval=0 prior=0
[inst] req=7192576 hits=2442709 fwd=4639 rows=4748994 fwd_ms=263814.4 eval=0 prior=0
[inst] req=7200768 hits=2445504 fwd=4645 rows=4755138 fwd_ms=264149.9 eval=0 prior=0
[inst] req=7208960 hits=2448284 fwd=4650 rows=4760258 fwd_ms=264429.4 eval=0 prior=0
[inst] req=7217152 hits=2451015 fwd=4655 rows=4765378 fwd_ms=264709.1 eval=0 prior=0
[inst] req=7225344 hits=2453940 fwd=4660 rows=4770498 fwd_ms=264989.1 eval=0 prior=0
[inst] req=7233536 hits=2456720 fwd=4666 rows=4776642 fwd_ms=265325.2 eval=0 prior=0
[inst] req=7241728 hits=2459666 fwd=4671 rows=4781762 fwd_ms=265605.1 eval=0 prior=0
[inst] req=7249920 hits=2462453 fwd=4676 rows=4786882 fwd_ms=265885.0 eval=0 prior=0
[inst] req=7258112 hits=2465327 fwd=4681 rows=4792002 fwd_ms=266164.7 eval=0 prior=0
[inst] req=7266304 hits=2468178 fwd=4686 rows=4797122 fwd_ms=266444.5 eval=0 prior=0
[inst] req=7274496 hits=2470980 fwd=4692 rows=4803266 fwd_ms=266780.1 eval=0 prior=0
[inst] req=7282688 hits=2473890 fwd=4697 rows=4808386 fwd_ms=267059.9 eval=0 prior=0
[inst] req=7290880 hits=2476833 fwd=4702 rows=4813506 fwd_ms=267339.7 eval=0 prior=0
[inst] req=7299072 hits=2479554 fwd=4707 rows=4818626 fwd_ms=267619.5 eval=0 prior=0
[inst] req=7307264 hits=2482242 fwd=4713 rows=4824770 fwd_ms=267955.0 eval=0 prior=0
[inst] req=7315456 hits=2484892 fwd=4718 rows=4829890 fwd_ms=268234.7 eval=0 prior=0
[inst] req=7323648 hits=2487558 fwd=4724 rows=4836034 fwd_ms=268570.3 eval=0 prior=0
[inst] req=7331840 hits=2490252 fwd=4729 rows=4841154 fwd_ms=268849.9 eval=0 prior=0
[inst] req=7340032 hits=2492967 fwd=4734 rows=4846274 fwd_ms=269129.5 eval=0 prior=0
[inst] req=7348224 hits=2495693 fwd=4740 rows=4852418 fwd_ms=269464.8 eval=0 prior=0
[inst] req=7356416 hits=2498467 fwd=4745 rows=4857538 fwd_ms=269744.3 eval=0 prior=0
[inst] req=7364608 hits=2501303 fwd=4750 rows=4862658 fwd_ms=270023.9 eval=0 prior=0
[inst] req=7372800 hits=2504038 fwd=4755 rows=4867778 fwd_ms=270303.5 eval=0 prior=0
[inst] req=7380992 hits=2506780 fwd=4761 rows=4873921 fwd_ms=270639.1 eval=0 prior=0
[inst] req=7389184 hits=2509627 fwd=4766 rows=4879041 fwd_ms=270918.9 eval=0 prior=0
[inst] req=7397376 hits=2512420 fwd=4771 rows=4884161 fwd_ms=271198.5 eval=0 prior=0
[inst] req=7405568 hits=2515325 fwd=4776 rows=4889281 fwd_ms=271478.0 eval=0 prior=0
[inst] req=7413760 hits=2518079 fwd=4782 rows=4895425 fwd_ms=271813.6 eval=0 prior=0
[inst] req=7421952 hits=2520799 fwd=4787 rows=4900545 fwd_ms=272093.2 eval=0 prior=0
[inst] req=7430144 hits=2523589 fwd=4792 rows=4905665 fwd_ms=272372.9 eval=0 prior=0
[inst] req=7438336 hits=2526467 fwd=4798 rows=4911809 fwd_ms=272708.4 eval=0 prior=0
[inst] req=7446528 hits=2529321 fwd=4803 rows=4916929 fwd_ms=272987.9 eval=0 prior=0
[inst] req=7454720 hits=2532170 fwd=4808 rows=4922049 fwd_ms=273267.6 eval=0 prior=0
[inst] req=7462912 hits=2534901 fwd=4813 rows=4927169 fwd_ms=273547.2 eval=0 prior=0
[inst] req=7471104 hits=2537681 fwd=4819 rows=4933313 fwd_ms=273882.9 eval=0 prior=0
[inst] req=7479296 hits=2540695 fwd=4824 rows=4938433 fwd_ms=274162.5 eval=0 prior=0
[inst] req=7487488 hits=2543477 fwd=4829 rows=4943553 fwd_ms=274442.1 eval=0 prior=0
[inst] req=7495680 hits=2546205 fwd=4834 rows=4948673 fwd_ms=274721.7 eval=0 prior=0
[inst] req=7503872 hits=2548958 fwd=4840 rows=4954817 fwd_ms=275057.4 eval=0 prior=0
[inst] req=7512064 hits=2551649 fwd=4845 rows=4959937 fwd_ms=275336.9 eval=0 prior=0
[inst] req=7520256 hits=2554470 fwd=4850 rows=4965057 fwd_ms=275616.4 eval=0 prior=0
[inst] req=7528448 hits=2557316 fwd=4855 rows=4970177 fwd_ms=275896.2 eval=0 prior=0
[inst] req=7536640 hits=2560049 fwd=4861 rows=4976321 fwd_ms=276231.6 eval=0 prior=0
[inst] req=7544832 hits=2562783 fwd=4866 rows=4981441 fwd_ms=276511.3 eval=0 prior=0
[inst] req=7553024 hits=2565628 fwd=4871 rows=4986561 fwd_ms=276790.8 eval=0 prior=0
[inst] req=7561216 hits=2568471 fwd=4877 rows=4992705 fwd_ms=277126.2 eval=0 prior=0
[inst] req=7569408 hits=2571254 fwd=4882 rows=4997825 fwd_ms=277405.8 eval=0 prior=0
[inst] req=7577600 hits=2574071 fwd=4887 rows=5002945 fwd_ms=277685.4 eval=0 prior=0
[inst] req=7585792 hits=2576833 fwd=4892 rows=5008065 fwd_ms=277965.1 eval=0 prior=0
[inst] req=7593984 hits=2579713 fwd=4898 rows=5014209 fwd_ms=278300.7 eval=0 prior=0
[inst] req=7602176 hits=2582638 fwd=4903 rows=5019329 fwd_ms=278580.2 eval=0 prior=0
[inst] req=7610368 hits=2585646 fwd=4908 rows=5024449 fwd_ms=278859.9 eval=0 prior=0
[inst] req=7618560 hits=2588469 fwd=4913 rows=5029569 fwd_ms=279139.4 eval=0 prior=0
[inst] req=7626752 hits=2591188 fwd=4918 rows=5034689 fwd_ms=279419.0 eval=0 prior=0
[inst] req=7634944 hits=2593978 fwd=4924 rows=5040833 fwd_ms=279754.8 eval=0 prior=0
[inst] req=7643136 hits=2596867 fwd=4929 rows=5045953 fwd_ms=280034.4 eval=0 prior=0
[inst] req=7651328 hits=2599699 fwd=4934 rows=5051073 fwd_ms=280314.0 eval=0 prior=0
[inst] req=7659520 hits=2602441 fwd=4939 rows=5056193 fwd_ms=280593.7 eval=0 prior=0
[inst] req=7667712 hits=2605295 fwd=4945 rows=5062337 fwd_ms=280929.7 eval=0 prior=0
[inst] req=7675904 hits=2608040 fwd=4950 rows=5067457 fwd_ms=281209.8 eval=0 prior=0
[inst] req=7684096 hits=2610828 fwd=4955 rows=5072577 fwd_ms=281489.7 eval=0 prior=0
[inst] req=7692288 hits=2613609 fwd=4960 rows=5077697 fwd_ms=281769.3 eval=0 prior=0
[inst] req=7700480 hits=2616385 fwd=4966 rows=5083841 fwd_ms=282105.1 eval=0 prior=0
[inst] req=7708672 hits=2619119 fwd=4971 rows=5088961 fwd_ms=282384.8 eval=0 prior=0
[inst] req=7716864 hits=2621919 fwd=4976 rows=5094081 fwd_ms=282664.4 eval=0 prior=0
[inst] req=7725056 hits=2624736 fwd=4982 rows=5100225 fwd_ms=283000.0 eval=0 prior=0
[inst] req=7733248 hits=2627609 fwd=4987 rows=5105345 fwd_ms=283279.7 eval=0 prior=0
[inst] req=7741440 hits=2630392 fwd=4992 rows=5110465 fwd_ms=283559.4 eval=0 prior=0
[inst] req=7749632 hits=2633156 fwd=4997 rows=5115585 fwd_ms=283839.3 eval=0 prior=0
[inst] req=7757824 hits=2636032 fwd=5003 rows=5121729 fwd_ms=284174.9 eval=0 prior=0
[inst] req=7766016 hits=2638802 fwd=5008 rows=5126849 fwd_ms=284454.5 eval=0 prior=0
[inst] req=7774208 hits=2641504 fwd=5013 rows=5131969 fwd_ms=284734.3 eval=0 prior=0
[inst] req=7782400 hits=2644337 fwd=5018 rows=5137089 fwd_ms=285014.1 eval=0 prior=0
[inst] req=7790592 hits=2647076 fwd=5024 rows=5143233 fwd_ms=285349.7 eval=0 prior=0
[inst] req=7798784 hits=2649826 fwd=5029 rows=5148353 fwd_ms=285629.4 eval=0 prior=0
[inst] req=7806976 hits=2652594 fwd=5034 rows=5153473 fwd_ms=285909.0 eval=0 prior=0
[inst] req=7815168 hits=2655527 fwd=5040 rows=5159617 fwd_ms=286244.3 eval=0 prior=0
[inst] req=7823360 hits=2658423 fwd=5045 rows=5164737 fwd_ms=286524.0 eval=0 prior=0
[inst] req=7831552 hits=2661230 fwd=5050 rows=5169857 fwd_ms=286803.8 eval=0 prior=0
[inst] req=7839744 hits=2664072 fwd=5055 rows=5174977 fwd_ms=287083.7 eval=0 prior=0
[inst] req=7847936 hits=2666842 fwd=5060 rows=5180097 fwd_ms=287363.6 eval=0 prior=0
[inst] req=7856128 hits=2669734 fwd=5066 rows=5186240 fwd_ms=287699.2 eval=0 prior=0
[inst] req=7864320 hits=2672443 fwd=5071 rows=5191360 fwd_ms=287978.8 eval=0 prior=0
[inst] req=7872512 hits=2675339 fwd=5076 rows=5196480 fwd_ms=288258.5 eval=0 prior=0
[inst] req=7880704 hits=2678355 fwd=5081 rows=5201600 fwd_ms=288538.1 eval=0 prior=0
[inst] req=7888896 hits=2681139 fwd=5087 rows=5207744 fwd_ms=288873.7 eval=0 prior=0
[inst] req=7897088 hits=2683944 fwd=5092 rows=5212864 fwd_ms=289153.3 eval=0 prior=0
[inst] req=7905280 hits=2686748 fwd=5097 rows=5217984 fwd_ms=289433.1 eval=0 prior=0
[inst] req=7913472 hits=2689490 fwd=5102 rows=5223104 fwd_ms=289712.8 eval=0 prior=0
[inst] req=7921664 hits=2692280 fwd=5108 rows=5229248 fwd_ms=290048.5 eval=0 prior=0
[inst] req=7929856 hits=2695043 fwd=5113 rows=5234368 fwd_ms=290328.1 eval=0 prior=0
[inst] req=7938048 hits=2697763 fwd=5118 rows=5239488 fwd_ms=290608.0 eval=0 prior=0
[inst] req=7946240 hits=2700876 fwd=5123 rows=5244608 fwd_ms=290887.9 eval=0 prior=0
[inst] req=7954432 hits=2703789 fwd=5128 rows=5249728 fwd_ms=291167.6 eval=0 prior=0
[inst] req=7962624 hits=2706602 fwd=5134 rows=5255872 fwd_ms=291503.4 eval=0 prior=0
[inst] req=7970816 hits=2709417 fwd=5139 rows=5260992 fwd_ms=291783.3 eval=0 prior=0
[inst] req=7979008 hits=2712198 fwd=5144 rows=5266112 fwd_ms=292062.9 eval=0 prior=0
[inst] req=7987200 hits=2715108 fwd=5149 rows=5271232 fwd_ms=292342.6 eval=0 prior=0
[inst] req=7995392 hits=2717991 fwd=5155 rows=5277376 fwd_ms=292678.2 eval=0 prior=0
[inst] req=8003584 hits=2720945 fwd=5160 rows=5282496 fwd_ms=292957.9 eval=0 prior=0
[inst] req=8011776 hits=2723807 fwd=5165 rows=5287616 fwd_ms=293237.5 eval=0 prior=0
[inst] req=8019968 hits=2726876 fwd=5170 rows=5292736 fwd_ms=293517.6 eval=0 prior=0
[inst] req=8028160 hits=2729673 fwd=5175 rows=5297856 fwd_ms=293797.4 eval=0 prior=0
[inst] req=8036352 hits=2732508 fwd=5180 rows=5302976 fwd_ms=294077.1 eval=0 prior=0
[inst] req=8044544 hits=2735293 fwd=5186 rows=5309120 fwd_ms=294412.9 eval=0 prior=0
[inst] req=8052736 hits=2738268 fwd=5191 rows=5314240 fwd_ms=294692.6 eval=0 prior=0
[inst] req=8060928 hits=2741121 fwd=5196 rows=5319360 fwd_ms=294972.3 eval=0 prior=0
[inst] req=8069120 hits=2743879 fwd=5201 rows=5324480 fwd_ms=295252.0 eval=0 prior=0
[inst] req=8077312 hits=2746826 fwd=5206 rows=5329600 fwd_ms=295531.7 eval=0 prior=0
[inst] req=8085504 hits=2749818 fwd=5211 rows=5334720 fwd_ms=295811.3 eval=0 prior=0
[inst] req=8093696 hits=2752669 fwd=5217 rows=5340864 fwd_ms=296146.8 eval=0 prior=0
[inst] req=8101888 hits=2755537 fwd=5222 rows=5345984 fwd_ms=296426.2 eval=0 prior=0
[inst] req=8110080 hits=2758379 fwd=5227 rows=5351104 fwd_ms=296705.7 eval=0 prior=0
[inst] req=8118272 hits=2761270 fwd=5232 rows=5356224 fwd_ms=296985.5 eval=0 prior=0
[inst] req=8126464 hits=2764298 fwd=5237 rows=5361344 fwd_ms=297265.2 eval=0 prior=0
[inst] req=8134656 hits=2767322 fwd=5242 rows=5366464 fwd_ms=297544.8 eval=0 prior=0
[inst] req=8142848 hits=2770205 fwd=5248 rows=5372608 fwd_ms=297880.5 eval=0 prior=0
[inst] req=8151040 hits=2773120 fwd=5253 rows=5377728 fwd_ms=298160.2 eval=0 prior=0
[inst] req=8159232 hits=2775982 fwd=5258 rows=5382848 fwd_ms=298439.9 eval=0 prior=0
[inst] req=8167424 hits=2778784 fwd=5263 rows=5387968 fwd_ms=298719.6 eval=0 prior=0
[inst] req=8175616 hits=2781555 fwd=5268 rows=5393088 fwd_ms=298999.1 eval=0 prior=0
[inst] req=8183808 hits=2784297 fwd=5274 rows=5399232 fwd_ms=299334.9 eval=0 prior=0
[inst] req=8192000 hits=2787121 fwd=5279 rows=5404352 fwd_ms=299614.7 eval=0 prior=0
[inst] req=8200192 hits=2789932 fwd=5284 rows=5409472 fwd_ms=299894.4 eval=0 prior=0
[inst] req=8208384 hits=2792710 fwd=5290 rows=5415616 fwd_ms=300230.0 eval=0 prior=0
[inst] req=8216576 hits=2795509 fwd=5295 rows=5420736 fwd_ms=300509.9 eval=0 prior=0
[inst] req=8224768 hits=2798239 fwd=5300 rows=5425856 fwd_ms=300789.7 eval=0 prior=0
[inst] req=8232960 hits=2800989 fwd=5305 rows=5430976 fwd_ms=301069.7 eval=0 prior=0
[inst] req=8241152 hits=2803847 fwd=5311 rows=5437120 fwd_ms=301405.5 eval=0 prior=0
[inst] req=8249344 hits=2806590 fwd=5316 rows=5442240 fwd_ms=301685.2 eval=0 prior=0
[inst] req=8257536 hits=2809466 fwd=5321 rows=5447360 fwd_ms=301965.0 eval=0 prior=0
[inst] req=8265728 hits=2812251 fwd=5326 rows=5452480 fwd_ms=302244.8 eval=0 prior=0
[inst] req=8273920 hits=2815069 fwd=5332 rows=5458624 fwd_ms=302580.2 eval=0 prior=0
[inst] req=8282112 hits=2817946 fwd=5337 rows=5463744 fwd_ms=302859.6 eval=0 prior=0
[inst] req=8290304 hits=2820756 fwd=5342 rows=5468864 fwd_ms=303138.9 eval=0 prior=0
[inst] req=8298496 hits=2823629 fwd=5347 rows=5473984 fwd_ms=303418.1 eval=0 prior=0
[inst] req=8306688 hits=2826530 fwd=5353 rows=5480128 fwd_ms=303753.4 eval=0 prior=0
[inst] req=8314880 hits=2829464 fwd=5358 rows=5485248 fwd_ms=304032.8 eval=0 prior=0
[inst] req=8323072 hits=2832389 fwd=5363 rows=5490368 fwd_ms=304312.3 eval=0 prior=0
[inst] req=8331264 hits=2835248 fwd=5368 rows=5495488 fwd_ms=304591.7 eval=0 prior=0
[inst] req=8339456 hits=2838080 fwd=5373 rows=5500608 fwd_ms=304871.1 eval=0 prior=0
[inst] req=8347648 hits=2840954 fwd=5378 rows=5505728 fwd_ms=305150.5 eval=0 prior=0
[inst] req=8355840 hits=2843751 fwd=5384 rows=5511872 fwd_ms=305485.8 eval=0 prior=0
[inst] req=8364032 hits=2846629 fwd=5389 rows=5516992 fwd_ms=305765.3 eval=0 prior=0
[inst] req=8372224 hits=2849505 fwd=5394 rows=5522112 fwd_ms=306045.0 eval=0 prior=0
[inst] req=8380416 hits=2852446 fwd=5399 rows=5527232 fwd_ms=306324.3 eval=0 prior=0
[inst] req=8388608 hits=2855181 fwd=5405 rows=5533376 fwd_ms=306659.8 eval=0 prior=0
[inst] req=8396800 hits=2857933 fwd=5410 rows=5538496 fwd_ms=306939.2 eval=0 prior=0
[inst] req=8404992 hits=2860658 fwd=5415 rows=5543616 fwd_ms=307218.6 eval=0 prior=0
[inst] req=8413184 hits=2863342 fwd=5421 rows=5549760 fwd_ms=307553.9 eval=0 prior=0
[inst] req=8421376 hits=2866099 fwd=5426 rows=5554880 fwd_ms=307833.4 eval=0 prior=0
[inst] req=8429568 hits=2868820 fwd=5431 rows=5560000 fwd_ms=308112.8 eval=0 prior=0
[inst] req=8437760 hits=2871703 fwd=5436 rows=5565120 fwd_ms=308392.4 eval=0 prior=0
[inst] req=8445952 hits=2874634 fwd=5442 rows=5571264 fwd_ms=308727.7 eval=0 prior=0
[inst] req=8454144 hits=2877397 fwd=5447 rows=5576384 fwd_ms=309007.2 eval=0 prior=0
[inst] req=8462336 hits=2880153 fwd=5452 rows=5581504 fwd_ms=309286.7 eval=0 prior=0
[inst] req=8470528 hits=2883240 fwd=5457 rows=5586624 fwd_ms=309566.5 eval=0 prior=0
[inst] req=8478720 hits=2886155 fwd=5462 rows=5591744 fwd_ms=309846.3 eval=0 prior=0
[inst] req=8486912 hits=2888998 fwd=5468 rows=5597888 fwd_ms=310182.0 eval=0 prior=0
[inst] req=8495104 hits=2891825 fwd=5473 rows=5603007 fwd_ms=310554.3 eval=0 prior=0
[inst] req=8503296 hits=2894624 fwd=5478 rows=5608127 fwd_ms=311125.2 eval=0 prior=0
[inst] req=8511488 hits=2897250 fwd=5483 rows=5613247 fwd_ms=311771.8 eval=0 prior=0
[inst] req=8519680 hits=2899666 fwd=5489 rows=5619391 fwd_ms=312576.5 eval=0 prior=0
[inst] req=8527872 hits=2902323 fwd=5495 rows=5625535 fwd_ms=313414.5 eval=0 prior=0
[inst] req=8536064 hits=2905003 fwd=5500 rows=5630655 fwd_ms=314064.7 eval=0 prior=0
[inst] req=8544256 hits=2907596 fwd=5505 rows=5635775 fwd_ms=314813.0 eval=0 prior=0
[inst] req=8552448 hits=2910112 fwd=5511 rows=5641919 fwd_ms=315480.6 eval=0 prior=0
[inst] req=8560640 hits=2912780 fwd=5516 rows=5647039 fwd_ms=316242.5 eval=0 prior=0
[inst] req=8568832 hits=2915612 fwd=5522 rows=5653183 fwd_ms=316745.6 eval=0 prior=0
[inst] req=8577024 hits=2918319 fwd=5527 rows=5658303 fwd_ms=317028.6 eval=0 prior=0
[inst] req=8585216 hits=2921039 fwd=5532 rows=5663423 fwd_ms=317311.6 eval=0 prior=0
[inst] req=8593408 hits=2921482 fwd=5540 rows=5671615 fwd_ms=317767.2 eval=0 prior=0
[inst] req=8601600 hits=2921801 fwd=5547 rows=5678783 fwd_ms=318159.1 eval=0 prior=0
[inst] req=8609792 hits=2922426 fwd=5555 rows=5686975 fwd_ms=318606.7 eval=0 prior=0
[inst] req=8617984 hits=2923395 fwd=5562 rows=5694143 fwd_ms=318998.4 eval=0 prior=0
[inst] req=8626176 hits=2924597 fwd=5569 rows=5701311 fwd_ms=319390.3 eval=0 prior=0
[inst] req=8634368 hits=2926262 fwd=5575 rows=5707455 fwd_ms=319726.2 eval=0 prior=0
[inst] req=8642560 hits=2928390 fwd=5581 rows=5713599 fwd_ms=320061.7 eval=0 prior=0
[inst] req=8650752 hits=2930831 fwd=5587 rows=5719743 fwd_ms=320397.5 eval=0 prior=0
[inst] req=8658944 hits=2933321 fwd=5592 rows=5724863 fwd_ms=320677.3 eval=0 prior=0
[inst] req=8667136 hits=2936036 fwd=5598 rows=5731007 fwd_ms=321013.1 eval=0 prior=0
[inst] req=8675328 hits=2938647 fwd=5603 rows=5736127 fwd_ms=321292.7 eval=0 prior=0
[inst] req=8683520 hits=2941343 fwd=5608 rows=5741247 fwd_ms=321572.6 eval=0 prior=0
[inst] req=8691712 hits=2943995 fwd=5614 rows=5747391 fwd_ms=321908.4 eval=0 prior=0
[inst] req=8699904 hits=2946562 fwd=5619 rows=5752511 fwd_ms=322187.9 eval=0 prior=0
[inst] req=8708096 hits=2949176 fwd=5625 rows=5758655 fwd_ms=322523.5 eval=0 prior=0
[inst] req=8716288 hits=2951863 fwd=5630 rows=5763775 fwd_ms=322803.0 eval=0 prior=0
[inst] req=8724480 hits=2954627 fwd=5635 rows=5768895 fwd_ms=323082.5 eval=0 prior=0
[inst] req=8732672 hits=2957457 fwd=5641 rows=5775039 fwd_ms=323418.1 eval=0 prior=0
[inst] req=8740864 hits=2960343 fwd=5646 rows=5780159 fwd_ms=323697.7 eval=0 prior=0
[inst] req=8749056 hits=2963291 fwd=5651 rows=5785279 fwd_ms=323977.6 eval=0 prior=0
[inst] req=8757248 hits=2966192 fwd=5656 rows=5790399 fwd_ms=324257.2 eval=0 prior=0
[inst] req=8765440 hits=2968828 fwd=5662 rows=5796543 fwd_ms=324592.5 eval=0 prior=0
[inst] req=8773632 hits=2971377 fwd=5667 rows=5801663 fwd_ms=324871.9 eval=0 prior=0
[inst] req=8781824 hits=2973904 fwd=5673 rows=5807807 fwd_ms=325207.4 eval=0 prior=0
[inst] req=8790016 hits=2976500 fwd=5678 rows=5812927 fwd_ms=325486.9 eval=0 prior=0
[inst] req=8798208 hits=2979296 fwd=5683 rows=5818047 fwd_ms=325766.6 eval=0 prior=0
[inst] req=8806400 hits=2982156 fwd=5689 rows=5824191 fwd_ms=326102.0 eval=0 prior=0
[inst] req=8814592 hits=2985127 fwd=5694 rows=5829311 fwd_ms=326381.4 eval=0 prior=0
[inst] req=8822784 hits=2988037 fwd=5699 rows=5834431 fwd_ms=326661.1 eval=0 prior=0
[inst] req=8830976 hits=2990891 fwd=5704 rows=5839551 fwd_ms=326940.8 eval=0 prior=0
[inst] req=8839168 hits=2994005 fwd=5709 rows=5844671 fwd_ms=327220.3 eval=0 prior=0
[inst] req=8847360 hits=2996947 fwd=5714 rows=5849791 fwd_ms=327499.9 eval=0 prior=0
[inst] req=8855552 hits=2999770 fwd=5719 rows=5854911 fwd_ms=327779.1 eval=0 prior=0
[inst] req=8863744 hits=3002489 fwd=5725 rows=5861055 fwd_ms=328114.2 eval=0 prior=0
[inst] req=8871936 hits=3005105 fwd=5730 rows=5866175 fwd_ms=328393.3 eval=0 prior=0
[inst] req=8880128 hits=3007748 fwd=5736 rows=5872319 fwd_ms=328728.3 eval=0 prior=0
[inst] req=8888320 hits=3010532 fwd=5741 rows=5877439 fwd_ms=329007.7 eval=0 prior=0
[inst] req=8896512 hits=3013369 fwd=5746 rows=5882559 fwd_ms=329286.8 eval=0 prior=0
[inst] req=8904704 hits=3016272 fwd=5751 rows=5887679 fwd_ms=329566.1 eval=0 prior=0
[inst] req=8912896 hits=3019093 fwd=5756 rows=5892799 fwd_ms=329845.5 eval=0 prior=0
[inst] req=8921088 hits=3022110 fwd=5762 rows=5898943 fwd_ms=330180.6 eval=0 prior=0
[inst] req=8929280 hits=3025079 fwd=5767 rows=5904063 fwd_ms=330459.8 eval=0 prior=0
[inst] req=8937472 hits=3028005 fwd=5772 rows=5909183 fwd_ms=330739.0 eval=0 prior=0
[inst] req=8945664 hits=3030706 fwd=5777 rows=5914303 fwd_ms=331018.2 eval=0 prior=0
[inst] req=8953856 hits=3033408 fwd=5783 rows=5920447 fwd_ms=331353.3 eval=0 prior=0
[inst] req=8962048 hits=3036002 fwd=5788 rows=5925567 fwd_ms=331632.5 eval=0 prior=0
[inst] req=8970240 hits=3038781 fwd=5793 rows=5930687 fwd_ms=331911.8 eval=0 prior=0
[inst] req=8978432 hits=3041554 fwd=5799 rows=5936831 fwd_ms=332247.0 eval=0 prior=0
[inst] req=8986624 hits=3044411 fwd=5804 rows=5941951 fwd_ms=332526.4 eval=0 prior=0
[inst] req=8994816 hits=3047314 fwd=5809 rows=5947071 fwd_ms=332805.9 eval=0 prior=0
[inst] req=9003008 hits=3050180 fwd=5814 rows=5952191 fwd_ms=333085.5 eval=0 prior=0
[inst] req=9011200 hits=3053045 fwd=5819 rows=5957311 fwd_ms=333364.9 eval=0 prior=0
[inst] req=9019392 hits=3055885 fwd=5825 rows=5963455 fwd_ms=333700.2 eval=0 prior=0
[inst] req=9027584 hits=3058924 fwd=5830 rows=5968575 fwd_ms=333979.9 eval=0 prior=0
[inst] req=9035776 hits=3061725 fwd=5835 rows=5973695 fwd_ms=334259.2 eval=0 prior=0
[inst] req=9043968 hits=3064669 fwd=5840 rows=5978815 fwd_ms=334538.7 eval=0 prior=0
[inst] req=9052160 hits=3067342 fwd=5845 rows=5983935 fwd_ms=334818.0 eval=0 prior=0
[inst] req=9060352 hits=3069963 fwd=5851 rows=5990079 fwd_ms=335153.2 eval=0 prior=0
[inst] req=9068544 hits=3072621 fwd=5856 rows=5995199 fwd_ms=335432.5 eval=0 prior=0
[inst] req=9076736 hits=3075338 fwd=5862 rows=6001343 fwd_ms=335767.8 eval=0 prior=0
[inst] req=9084928 hits=3078205 fwd=5867 rows=6006463 fwd_ms=336047.3 eval=0 prior=0
[inst] req=9093120 hits=3081058 fwd=5872 rows=6011583 fwd_ms=336326.8 eval=0 prior=0
[inst] req=9101312 hits=3083834 fwd=5877 rows=6016703 fwd_ms=336606.3 eval=0 prior=0
[inst] req=9109504 hits=3086747 fwd=5882 rows=6021823 fwd_ms=336885.7 eval=0 prior=0
[inst] req=9117696 hits=3089561 fwd=5888 rows=6027967 fwd_ms=337221.1 eval=0 prior=0
[inst] req=9125888 hits=3092332 fwd=5893 rows=6033087 fwd_ms=337500.4 eval=0 prior=0
[inst] req=9134080 hits=3095076 fwd=5898 rows=6038207 fwd_ms=337779.7 eval=0 prior=0
[inst] req=9142272 hits=3097620 fwd=5904 rows=6044351 fwd_ms=338115.0 eval=0 prior=0
[inst] req=9150464 hits=3100222 fwd=5909 rows=6049471 fwd_ms=338394.3 eval=0 prior=0
[inst] req=9158656 hits=3102977 fwd=5915 rows=6055615 fwd_ms=338730.1 eval=0 prior=0
[inst] req=9166848 hits=3105843 fwd=5920 rows=6060735 fwd_ms=339009.8 eval=0 prior=0
[inst] req=9175040 hits=3108777 fwd=5925 rows=6065855 fwd_ms=339289.3 eval=0 prior=0
[inst] req=9183232 hits=3111620 fwd=5930 rows=6070975 fwd_ms=339569.0 eval=0 prior=0
[inst] req=9191424 hits=3114434 fwd=5935 rows=6076095 fwd_ms=339848.6 eval=0 prior=0
[inst] req=9199616 hits=3117321 fwd=5941 rows=6082239 fwd_ms=340184.2 eval=0 prior=0
[inst] req=9207808 hits=3120156 fwd=5946 rows=6087359 fwd_ms=340463.9 eval=0 prior=0
[inst] req=9216000 hits=3122952 fwd=5951 rows=6092479 fwd_ms=340743.6 eval=0 prior=0
[inst] req=9224192 hits=3125701 fwd=5956 rows=6097599 fwd_ms=341023.2 eval=0 prior=0
[inst] req=9232384 hits=3128342 fwd=5962 rows=6103743 fwd_ms=341358.7 eval=0 prior=0
[inst] req=9240576 hits=3130988 fwd=5967 rows=6108863 fwd_ms=341638.2 eval=0 prior=0
[inst] req=9248768 hits=3133748 fwd=5973 rows=6115007 fwd_ms=341973.8 eval=0 prior=0
[inst] req=9256960 hits=3136603 fwd=5978 rows=6120127 fwd_ms=342253.2 eval=0 prior=0
[inst] req=9265152 hits=3139301 fwd=5983 rows=6125247 fwd_ms=342532.7 eval=0 prior=0
[inst] req=9273344 hits=3142100 fwd=5988 rows=6130367 fwd_ms=342812.4 eval=0 prior=0
[inst] req=9281536 hits=3145052 fwd=5993 rows=6135487 fwd_ms=343092.5 eval=0 prior=0
[inst] req=9289728 hits=3147866 fwd=5999 rows=6141631 fwd_ms=343428.2 eval=0 prior=0
[inst] req=9297920 hits=3150752 fwd=6004 rows=6146751 fwd_ms=343708.0 eval=0 prior=0
[inst] req=9306112 hits=3153412 fwd=6009 rows=6151871 fwd_ms=343987.7 eval=0 prior=0
[inst] req=9314304 hits=3156159 fwd=6015 rows=6158015 fwd_ms=344323.3 eval=0 prior=0
[inst] req=9322496 hits=3158852 fwd=6020 rows=6163135 fwd_ms=344603.1 eval=0 prior=0
[inst] req=9330688 hits=3161504 fwd=6025 rows=6168255 fwd_ms=344882.8 eval=0 prior=0
[inst] req=9338880 hits=3164230 fwd=6031 rows=6174399 fwd_ms=345218.2 eval=0 prior=0
[inst] req=9347072 hits=3166976 fwd=6036 rows=6179519 fwd_ms=345497.9 eval=0 prior=0
[inst] req=9355264 hits=3169749 fwd=6041 rows=6184639 fwd_ms=345777.6 eval=0 prior=0
[inst] req=9363456 hits=3172569 fwd=6047 rows=6190783 fwd_ms=346113.2 eval=0 prior=0
[inst] req=9371648 hits=3175499 fwd=6052 rows=6195903 fwd_ms=346393.0 eval=0 prior=0
[inst] req=9379840 hits=3178386 fwd=6057 rows=6201023 fwd_ms=346672.8 eval=0 prior=0
[inst] req=9388032 hits=3181226 fwd=6062 rows=6206143 fwd_ms=346952.6 eval=0 prior=0
[inst] req=9396224 hits=3184055 fwd=6067 rows=6211263 fwd_ms=347232.4 eval=0 prior=0
[inst] req=9404416 hits=3186694 fwd=6073 rows=6217407 fwd_ms=347568.0 eval=0 prior=0
[inst] req=9412608 hits=3189410 fwd=6078 rows=6222527 fwd_ms=347847.7 eval=0 prior=0
[inst] req=9420800 hits=3192183 fwd=6083 rows=6227647 fwd_ms=348127.3 eval=0 prior=0
[inst] req=9428992 hits=3194996 fwd=6089 rows=6233791 fwd_ms=348462.6 eval=0 prior=0
[inst] req=9437184 hits=3197741 fwd=6094 rows=6238911 fwd_ms=348742.2 eval=0 prior=0
[inst] req=9445376 hits=3200642 fwd=6099 rows=6244031 fwd_ms=349021.7 eval=0 prior=0
[inst] req=9453568 hits=3203620 fwd=6104 rows=6249151 fwd_ms=349301.2 eval=0 prior=0
[inst] req=9461760 hits=3206433 fwd=6110 rows=6255295 fwd_ms=349636.7 eval=0 prior=0
[inst] req=9469952 hits=3209109 fwd=6115 rows=6260415 fwd_ms=349915.9 eval=0 prior=0
[inst] req=9478144 hits=3211956 fwd=6120 rows=6265535 fwd_ms=350195.3 eval=0 prior=0
[inst] req=9486336 hits=3214821 fwd=6125 rows=6270655 fwd_ms=350474.5 eval=0 prior=0
[inst] req=9494528 hits=3217661 fwd=6131 rows=6276799 fwd_ms=350809.9 eval=0 prior=0
[inst] req=9502720 hits=3220419 fwd=6136 rows=6281919 fwd_ms=351089.3 eval=0 prior=0
[inst] req=9510912 hits=3223176 fwd=6141 rows=6287039 fwd_ms=351368.8 eval=0 prior=0
[inst] req=9519104 hits=3225921 fwd=6146 rows=6292159 fwd_ms=351648.2 eval=0 prior=0
[inst] req=9527296 hits=3228725 fwd=6152 rows=6298303 fwd_ms=351983.7 eval=0 prior=0
[inst] req=9535488 hits=3231437 fwd=6157 rows=6303423 fwd_ms=352263.2 eval=0 prior=0
[inst] req=9543680 hits=3234209 fwd=6162 rows=6308543 fwd_ms=352542.4 eval=0 prior=0
[inst] req=9551872 hits=3237076 fwd=6168 rows=6314687 fwd_ms=352877.8 eval=0 prior=0
[inst] req=9560064 hits=3239892 fwd=6173 rows=6319807 fwd_ms=353157.4 eval=0 prior=0
[inst] req=9568256 hits=3242789 fwd=6178 rows=6324927 fwd_ms=353436.8 eval=0 prior=0
[inst] req=9576448 hits=3245745 fwd=6183 rows=6330047 fwd_ms=353716.4 eval=0 prior=0
[inst] req=9584640 hits=3248654 fwd=6188 rows=6335167 fwd_ms=353995.8 eval=0 prior=0
[inst] req=9592832 hits=3251258 fwd=6194 rows=6341311 fwd_ms=354331.1 eval=0 prior=0
[inst] req=9601024 hits=3254074 fwd=6199 rows=6346431 fwd_ms=354610.4 eval=0 prior=0
[inst] req=9609216 hits=3256976 fwd=6204 rows=6351551 fwd_ms=354889.8 eval=0 prior=0
[inst] req=9617408 hits=3259752 fwd=6209 rows=6356671 fwd_ms=355169.4 eval=0 prior=0
[inst] req=9625600 hits=3262566 fwd=6215 rows=6362815 fwd_ms=355504.8 eval=0 prior=0
[inst] req=9633792 hits=3265301 fwd=6220 rows=6367935 fwd_ms=355784.0 eval=0 prior=0
[inst] req=9641984 hits=3268081 fwd=6225 rows=6373055 fwd_ms=356063.6 eval=0 prior=0
[inst] req=9650176 hits=3270791 fwd=6231 rows=6379199 fwd_ms=356398.9 eval=0 prior=0
[inst] req=9658368 hits=3273520 fwd=6236 rows=6384319 fwd_ms=356678.1 eval=0 prior=0
[inst] req=9666560 hits=3276193 fwd=6241 rows=6389439 fwd_ms=356957.4 eval=0 prior=0
[inst] req=9674752 hits=3278828 fwd=6247 rows=6395583 fwd_ms=357292.4 eval=0 prior=0
[inst] req=9682944 hits=3281468 fwd=6252 rows=6400703 fwd_ms=357571.6 eval=0 prior=0
[inst] req=9691136 hits=3284158 fwd=6258 rows=6406847 fwd_ms=357906.9 eval=0 prior=0
[inst] req=9699328 hits=3286924 fwd=6263 rows=6411967 fwd_ms=358186.1 eval=0 prior=0
[inst] req=9707520 hits=3289798 fwd=6268 rows=6417087 fwd_ms=358465.8 eval=0 prior=0
[inst] req=9715712 hits=3292580 fwd=6273 rows=6422207 fwd_ms=358745.4 eval=0 prior=0
[inst] req=9723904 hits=3295488 fwd=6279 rows=6428351 fwd_ms=359081.0 eval=0 prior=0
[inst] req=9732096 hits=3298350 fwd=6284 rows=6433471 fwd_ms=359360.6 eval=0 prior=0
[inst] req=9740288 hits=3301149 fwd=6289 rows=6438591 fwd_ms=359640.5 eval=0 prior=0
[inst] req=9748480 hits=3303927 fwd=6294 rows=6443711 fwd_ms=359920.1 eval=0 prior=0
[inst] req=9756672 hits=3306641 fwd=6300 rows=6449855 fwd_ms=360256.0 eval=0 prior=0
[inst] req=9764864 hits=3309346 fwd=6305 rows=6454975 fwd_ms=360535.9 eval=0 prior=0
[inst] req=9773056 hits=3312020 fwd=6310 rows=6460095 fwd_ms=360816.0 eval=0 prior=0
[inst] req=9781248 hits=3314749 fwd=6316 rows=6466239 fwd_ms=361152.0 eval=0 prior=0
[inst] req=9789440 hits=3317386 fwd=6321 rows=6471359 fwd_ms=361431.7 eval=0 prior=0
[inst] req=9797632 hits=3320243 fwd=6326 rows=6476479 fwd_ms=361711.4 eval=0 prior=0
[inst] req=9805824 hits=3323033 fwd=6332 rows=6482623 fwd_ms=362046.7 eval=0 prior=0
[inst] req=9814016 hits=3325884 fwd=6337 rows=6487743 fwd_ms=362326.2 eval=0 prior=0
[inst] req=9822208 hits=3328678 fwd=6342 rows=6492863 fwd_ms=362605.9 eval=0 prior=0
[inst] req=9830400 hits=3331399 fwd=6347 rows=6497983 fwd_ms=362885.7 eval=0 prior=0
[inst] req=9838592 hits=3334294 fwd=6353 rows=6504127 fwd_ms=363221.4 eval=0 prior=0
[inst] req=9846784 hits=3337006 fwd=6358 rows=6509247 fwd_ms=363501.1 eval=0 prior=0
[inst] req=9854976 hits=3339865 fwd=6363 rows=6514367 fwd_ms=363780.9 eval=0 prior=0
[inst] req=9863168 hits=3342571 fwd=6369 rows=6520511 fwd_ms=364116.7 eval=0 prior=0
[inst] req=9871360 hits=3345323 fwd=6374 rows=6525631 fwd_ms=364396.4 eval=0 prior=0
[inst] req=9879552 hits=3348160 fwd=6379 rows=6530751 fwd_ms=364676.3 eval=0 prior=0
[inst] req=9887744 hits=3350962 fwd=6384 rows=6535871 fwd_ms=364956.3 eval=0 prior=0
[inst] req=9895936 hits=3353713 fwd=6390 rows=6542015 fwd_ms=365291.9 eval=0 prior=0
[inst] req=9904128 hits=3356518 fwd=6395 rows=6547135 fwd_ms=365571.5 eval=0 prior=0
[inst] req=9912320 hits=3359408 fwd=6400 rows=6552255 fwd_ms=365851.2 eval=0 prior=0
[inst] req=9920512 hits=3362277 fwd=6405 rows=6557375 fwd_ms=366130.7 eval=0 prior=0
[inst] req=9928704 hits=3365037 fwd=6411 rows=6563519 fwd_ms=366466.4 eval=0 prior=0
[inst] req=9936896 hits=3367734 fwd=6416 rows=6568639 fwd_ms=366746.2 eval=0 prior=0
[inst] req=9945088 hits=3370505 fwd=6421 rows=6573759 fwd_ms=367025.9 eval=0 prior=0
[inst] req=9953280 hits=3373160 fwd=6427 rows=6579903 fwd_ms=367361.5 eval=0 prior=0
[inst] req=9961472 hits=3375935 fwd=6432 rows=6585023 fwd_ms=367641.1 eval=0 prior=0
[inst] req=9969664 hits=3378621 fwd=6437 rows=6590143 fwd_ms=367920.9 eval=0 prior=0
[inst] req=9977856 hits=3381310 fwd=6443 rows=6596287 fwd_ms=368256.5 eval=0 prior=0
[inst] req=9986048 hits=3384253 fwd=6448 rows=6601407 fwd_ms=368536.2 eval=0 prior=0
[inst] req=9994240 hits=3387075 fwd=6453 rows=6606527 fwd_ms=368815.9 eval=0 prior=0
[inst] req=10002432 hits=3389941 fwd=6458 rows=6611647 fwd_ms=369095.7 eval=0 prior=0
[inst] req=10010624 hits=3392753 fwd=6464 rows=6617791 fwd_ms=369431.4 eval=0 prior=0
[inst] req=10018816 hits=3395458 fwd=6469 rows=6622911 fwd_ms=369711.1 eval=0 prior=0
[inst] req=10027008 hits=3398125 fwd=6474 rows=6628031 fwd_ms=369990.6 eval=0 prior=0
[inst] req=10035200 hits=3400812 fwd=6480 rows=6634175 fwd_ms=370325.8 eval=0 prior=0
[inst] req=10043392 hits=3403745 fwd=6485 rows=6639295 fwd_ms=370605.2 eval=0 prior=0
[inst] req=10051584 hits=3406581 fwd=6490 rows=6644415 fwd_ms=370884.5 eval=0 prior=0
[inst] req=10059776 hits=3409272 fwd=6495 rows=6649535 fwd_ms=371163.9 eval=0 prior=0
[inst] req=10067968 hits=3411952 fwd=6501 rows=6655679 fwd_ms=371499.2 eval=0 prior=0
[inst] req=10076160 hits=3414825 fwd=6506 rows=6660799 fwd_ms=371778.6 eval=0 prior=0
[inst] req=10084352 hits=3417673 fwd=6511 rows=6665919 fwd_ms=372057.8 eval=0 prior=0
[inst] req=10092544 hits=3420594 fwd=6516 rows=6671039 fwd_ms=372337.0 eval=0 prior=0
[inst] req=10100736 hits=3423490 fwd=6522 rows=6677183 fwd_ms=372672.2 eval=0 prior=0
[inst] req=10108928 hits=3426329 fwd=6527 rows=6682303 fwd_ms=372951.7 eval=0 prior=0
[inst] req=10117120 hits=3429058 fwd=6532 rows=6687423 fwd_ms=373231.2 eval=0 prior=0
[inst] req=10125312 hits=3431883 fwd=6537 rows=6692543 fwd_ms=373510.7 eval=0 prior=0
[inst] req=10133504 hits=3434702 fwd=6543 rows=6698687 fwd_ms=373845.8 eval=0 prior=0
[inst] req=10141696 hits=3437428 fwd=6548 rows=6703807 fwd_ms=374125.0 eval=0 prior=0
[inst] req=10149888 hits=3440266 fwd=6553 rows=6708927 fwd_ms=374404.3 eval=0 prior=0
[inst] req=10158080 hits=3443021 fwd=6558 rows=6714047 fwd_ms=374683.7 eval=0 prior=0
[inst] req=10166272 hits=3445697 fwd=6564 rows=6720191 fwd_ms=375018.6 eval=0 prior=0
[inst] req=10174464 hits=3448380 fwd=6569 rows=6725311 fwd_ms=375298.0 eval=0 prior=0
[inst] req=10182656 hits=3451154 fwd=6575 rows=6731455 fwd_ms=375633.0 eval=0 prior=0
[inst] req=10190848 hits=3454043 fwd=6580 rows=6736575 fwd_ms=375912.4 eval=0 prior=0
[inst] req=10199040 hits=3456924 fwd=6585 rows=6741695 fwd_ms=376191.8 eval=0 prior=0
[inst] req=10207232 hits=3459663 fwd=6590 rows=6746815 fwd_ms=376471.3 eval=0 prior=0
[inst] req=10215424 hits=3462418 fwd=6596 rows=6752959 fwd_ms=376806.5 eval=0 prior=0
[inst] req=10223616 hits=3465116 fwd=6601 rows=6758079 fwd_ms=377085.8 eval=0 prior=0
[inst] req=10231808 hits=3467957 fwd=6606 rows=6763199 fwd_ms=377365.1 eval=0 prior=0
[inst] req=10240000 hits=3470681 fwd=6611 rows=6768319 fwd_ms=377644.4 eval=0 prior=0
[inst] req=10248192 hits=3473434 fwd=6617 rows=6774463 fwd_ms=377979.5 eval=0 prior=0
[inst] req=10256384 hits=3476427 fwd=6622 rows=6779583 fwd_ms=378258.9 eval=0 prior=0
[inst] req=10264576 hits=3479414 fwd=6627 rows=6784703 fwd_ms=378538.1 eval=0 prior=0
[inst] req=10272768 hits=3482135 fwd=6632 rows=6789823 fwd_ms=378817.4 eval=0 prior=0
[inst] req=10280960 hits=3484882 fwd=6638 rows=6795967 fwd_ms=379152.6 eval=0 prior=0
[inst] req=10289152 hits=3487643 fwd=6643 rows=6801087 fwd_ms=379432.0 eval=0 prior=0
[inst] req=10297344 hits=3490465 fwd=6648 rows=6806207 fwd_ms=379711.2 eval=0 prior=0
[inst] req=10305536 hits=3493292 fwd=6653 rows=6811327 fwd_ms=379990.5 eval=0 prior=0
[inst] req=10313728 hits=3496068 fwd=6659 rows=6817471 fwd_ms=380325.6 eval=0 prior=0
[inst] req=10321920 hits=3498944 fwd=6664 rows=6822591 fwd_ms=380604.9 eval=0 prior=0
[inst] req=10330112 hits=3501883 fwd=6669 rows=6827711 fwd_ms=380884.2 eval=0 prior=0
[inst] req=10338304 hits=3504713 fwd=6674 rows=6832831 fwd_ms=381163.3 eval=0 prior=0
[inst] req=10346496 hits=3507555 fwd=6679 rows=6837951 fwd_ms=381442.7 eval=0 prior=0
[inst] req=10354688 hits=3510457 fwd=6685 rows=6844095 fwd_ms=381778.0 eval=0 prior=0
[inst] req=10362880 hits=3513334 fwd=6690 rows=6849215 fwd_ms=382057.1 eval=0 prior=0
[inst] req=10371072 hits=3516070 fwd=6695 rows=6854335 fwd_ms=382336.4 eval=0 prior=0
[inst] req=10379264 hits=3518743 fwd=6701 rows=6860479 fwd_ms=382671.6 eval=0 prior=0
[inst] req=10387456 hits=3521473 fwd=6706 rows=6865599 fwd_ms=382950.8 eval=0 prior=0
[inst] req=10395648 hits=3524173 fwd=6711 rows=6870719 fwd_ms=383230.2 eval=0 prior=0
[inst] req=10403840 hits=3526789 fwd=6717 rows=6876863 fwd_ms=383565.3 eval=0 prior=0
[inst] req=10412032 hits=3529426 fwd=6722 rows=6881983 fwd_ms=383844.4 eval=0 prior=0
[inst] req=10420224 hits=3532164 fwd=6727 rows=6887103 fwd_ms=384123.7 eval=0 prior=0
[inst] req=10428416 hits=3534960 fwd=6733 rows=6893247 fwd_ms=384459.0 eval=0 prior=0
[inst] req=10436608 hits=3537712 fwd=6738 rows=6898367 fwd_ms=384738.3 eval=0 prior=0
[inst] req=10444800 hits=3540529 fwd=6743 rows=6903487 fwd_ms=385017.5 eval=0 prior=0
[inst] req=10452992 hits=3543365 fwd=6748 rows=6908607 fwd_ms=385297.0 eval=0 prior=0
[inst] req=10461184 hits=3546172 fwd=6754 rows=6914751 fwd_ms=385632.1 eval=0 prior=0
[inst] req=10469376 hits=3549171 fwd=6759 rows=6919871 fwd_ms=385911.4 eval=0 prior=0
[inst] req=10477568 hits=3551971 fwd=6764 rows=6924991 fwd_ms=386190.6 eval=0 prior=0
[inst] req=10485760 hits=3554803 fwd=6769 rows=6930111 fwd_ms=386469.6 eval=0 prior=0
[inst] req=10493952 hits=3557416 fwd=6775 rows=6936255 fwd_ms=386804.8 eval=0 prior=0
[inst] req=10502144 hits=3560104 fwd=6780 rows=6941375 fwd_ms=387084.2 eval=0 prior=0
[inst] req=10510336 hits=3562902 fwd=6785 rows=6946495 fwd_ms=387363.4 eval=0 prior=0
[inst] req=10518528 hits=3565757 fwd=6791 rows=6952639 fwd_ms=387698.7 eval=0 prior=0
[inst] req=10526720 hits=3568562 fwd=6796 rows=6957759 fwd_ms=387978.0 eval=0 prior=0
[inst] req=10534912 hits=3571341 fwd=6801 rows=6962879 fwd_ms=388257.0 eval=0 prior=0
[inst] req=10543104 hits=3574165 fwd=6806 rows=6967999 fwd_ms=388536.3 eval=0 prior=0
[inst] req=10551296 hits=3576897 fwd=6812 rows=6974143 fwd_ms=388871.3 eval=0 prior=0
[inst] req=10559488 hits=3579723 fwd=6817 rows=6979263 fwd_ms=389150.5 eval=0 prior=0
[inst] req=10567680 hits=3582466 fwd=6822 rows=6984383 fwd_ms=389429.7 eval=0 prior=0
[inst] req=10575872 hits=3585458 fwd=6827 rows=6989503 fwd_ms=389709.0 eval=0 prior=0
[inst] req=10584064 hits=3588165 fwd=6833 rows=6995647 fwd_ms=390044.3 eval=0 prior=0
[inst] req=10592256 hits=3590913 fwd=6838 rows=7000767 fwd_ms=390323.5 eval=0 prior=0
[inst] req=10600448 hits=3593635 fwd=6843 rows=7005887 fwd_ms=390602.8 eval=0 prior=0
[inst] req=10608640 hits=3596488 fwd=6849 rows=7012031 fwd_ms=390938.0 eval=0 prior=0
[inst] req=10616832 hits=3599307 fwd=6854 rows=7017151 fwd_ms=391217.3 eval=0 prior=0
[inst] req=10625024 hits=3602113 fwd=6859 rows=7022271 fwd_ms=391496.6 eval=0 prior=0
[inst] req=10633216 hits=3605023 fwd=6864 rows=7027391 fwd_ms=391775.8 eval=0 prior=0
[inst] req=10641408 hits=3607906 fwd=6869 rows=7032511 fwd_ms=392055.2 eval=0 prior=0
[inst] req=10649600 hits=3610569 fwd=6875 rows=7038655 fwd_ms=392390.2 eval=0 prior=0
[inst] req=10657792 hits=3613319 fwd=6880 rows=7043775 fwd_ms=392669.5 eval=0 prior=0
[inst] req=10665984 hits=3616094 fwd=6885 rows=7048895 fwd_ms=392948.8 eval=0 prior=0
[inst] req=10674176 hits=3618858 fwd=6891 rows=7055039 fwd_ms=393283.8 eval=0 prior=0
[inst] req=10682368 hits=3621640 fwd=6896 rows=7060159 fwd_ms=393563.1 eval=0 prior=0
[inst] req=10690560 hits=3624434 fwd=6901 rows=7065279 fwd_ms=393842.7 eval=0 prior=0
[inst] req=10698752 hits=3627373 fwd=6906 rows=7070399 fwd_ms=394122.0 eval=0 prior=0
[inst] req=10706944 hits=3630181 fwd=6912 rows=7076543 fwd_ms=394457.0 eval=0 prior=0
[inst] req=10715136 hits=3632927 fwd=6917 rows=7081663 fwd_ms=394736.3 eval=0 prior=0
[inst] req=10723328 hits=3635752 fwd=6922 rows=7086783 fwd_ms=395015.4 eval=0 prior=0
[inst] req=10731520 hits=3638544 fwd=6928 rows=7092927 fwd_ms=395350.5 eval=0 prior=0
[inst] req=10739712 hits=3641297 fwd=6933 rows=7098047 fwd_ms=395629.8 eval=0 prior=0
[inst] req=10747904 hits=3644028 fwd=6938 rows=7103167 fwd_ms=395909.0 eval=0 prior=0
[inst] req=10756096 hits=3646790 fwd=6943 rows=7108287 fwd_ms=396188.2 eval=0 prior=0
[inst] req=10764288 hits=3649440 fwd=6949 rows=7114431 fwd_ms=396523.2 eval=0 prior=0
[inst] req=10772480 hits=3652164 fwd=6954 rows=7119551 fwd_ms=396802.4 eval=0 prior=0
[inst] req=10780672 hits=3654891 fwd=6960 rows=7125695 fwd_ms=397137.4 eval=0 prior=0
[inst] req=10788864 hits=3657644 fwd=6965 rows=7130815 fwd_ms=397416.7 eval=0 prior=0
[inst] req=10797056 hits=3660390 fwd=6970 rows=7135935 fwd_ms=397696.0 eval=0 prior=0
[inst] req=10805248 hits=3663248 fwd=6975 rows=7141055 fwd_ms=397975.3 eval=0 prior=0
[inst] req=10813440 hits=3666147 fwd=6981 rows=7147199 fwd_ms=398310.4 eval=0 prior=0
[inst] req=10821632 hits=3668912 fwd=6986 rows=7152319 fwd_ms=398589.8 eval=0 prior=0
[inst] req=10829824 hits=3671702 fwd=6991 rows=7157439 fwd_ms=398869.0 eval=0 prior=0
[inst] req=10838016 hits=3674438 fwd=6996 rows=7162559 fwd_ms=399148.6 eval=0 prior=0
[inst] req=10846208 hits=3677313 fwd=7002 rows=7168703 fwd_ms=399483.7 eval=0 prior=0
[inst] req=10854400 hits=3680222 fwd=7007 rows=7173823 fwd_ms=399763.0 eval=0 prior=0
[inst] req=10862592 hits=3683052 fwd=7012 rows=7178943 fwd_ms=400042.2 eval=0 prior=0
[inst] req=10870784 hits=3685955 fwd=7017 rows=7184063 fwd_ms=400321.4 eval=0 prior=0
[inst] req=10878976 hits=3688725 fwd=7023 rows=7190207 fwd_ms=400656.4 eval=0 prior=0
[inst] req=10887168 hits=3691547 fwd=7028 rows=7195327 fwd_ms=400935.6 eval=0 prior=0
[inst] req=10895360 hits=3694461 fwd=7033 rows=7200447 fwd_ms=401214.7 eval=0 prior=0
[inst] req=10903552 hits=3697349 fwd=7038 rows=7205567 fwd_ms=401494.1 eval=0 prior=0
[inst] req=10911744 hits=3700115 fwd=7043 rows=7210687 fwd_ms=401773.5 eval=0 prior=0
[inst] req=10919936 hits=3702878 fwd=7049 rows=7216831 fwd_ms=402108.7 eval=0 prior=0
[inst] req=10928128 hits=3705606 fwd=7054 rows=7221951 fwd_ms=402387.8 eval=0 prior=0
[inst] req=10936320 hits=3708403 fwd=7059 rows=7227071 fwd_ms=402667.1 eval=0 prior=0
[inst] req=10944512 hits=3711228 fwd=7065 rows=7233215 fwd_ms=403002.2 eval=0 prior=0
[inst] req=10952704 hits=3713958 fwd=7070 rows=7238335 fwd_ms=403281.3 eval=0 prior=0
[inst] req=10960896 hits=3716794 fwd=7075 rows=7243455 fwd_ms=403560.6 eval=0 prior=0
[inst] req=10969088 hits=3719574 fwd=7080 rows=7248575 fwd_ms=403839.7 eval=0 prior=0
[inst] req=10977280 hits=3722307 fwd=7086 rows=7254719 fwd_ms=404174.7 eval=0 prior=0
[inst] req=10985472 hits=3725182 fwd=7091 rows=7259839 fwd_ms=404453.8 eval=0 prior=0
[inst] req=10993664 hits=3727924 fwd=7096 rows=7264959 fwd_ms=404733.0 eval=0 prior=0
[inst] req=11001856 hits=3730704 fwd=7102 rows=7271103 fwd_ms=405068.1 eval=0 prior=0
[inst] req=11010048 hits=3733487 fwd=7107 rows=7276223 fwd_ms=405347.1 eval=0 prior=0
[inst] req=11018240 hits=3736352 fwd=7112 rows=7281343 fwd_ms=405626.2 eval=0 prior=0
[inst] req=11026432 hits=3739146 fwd=7117 rows=7286463 fwd_ms=405905.3 eval=0 prior=0
[inst] req=11034624 hits=3741860 fwd=7123 rows=7292607 fwd_ms=406240.4 eval=0 prior=0
[inst] req=11042816 hits=3744764 fwd=7128 rows=7297727 fwd_ms=406519.6 eval=0 prior=0
[inst] req=11051008 hits=3747530 fwd=7133 rows=7302847 fwd_ms=406799.0 eval=0 prior=0
[inst] req=11059200 hits=3750323 fwd=7138 rows=7307967 fwd_ms=407078.7 eval=0 prior=0
[inst] req=11067392 hits=3753164 fwd=7144 rows=7314111 fwd_ms=407414.0 eval=0 prior=0
[inst] req=11075584 hits=3755883 fwd=7149 rows=7319231 fwd_ms=407693.4 eval=0 prior=0
[inst] req=11083776 hits=3758741 fwd=7154 rows=7324351 fwd_ms=407973.2 eval=0 prior=0
[inst] req=11091968 hits=3761561 fwd=7159 rows=7329471 fwd_ms=408253.0 eval=0 prior=0
[inst] req=11100160 hits=3764354 fwd=7165 rows=7335615 fwd_ms=408588.5 eval=0 prior=0
[inst] req=11108352 hits=3767097 fwd=7170 rows=7340735 fwd_ms=408867.9 eval=0 prior=0
[inst] req=11116544 hits=3769959 fwd=7175 rows=7345855 fwd_ms=409147.0 eval=0 prior=0
[inst] req=11124736 hits=3772612 fwd=7181 rows=7351999 fwd_ms=409482.1 eval=0 prior=0
[inst] req=11132928 hits=3775346 fwd=7186 rows=7357119 fwd_ms=409761.4 eval=0 prior=0
[inst] req=11141120 hits=3778099 fwd=7191 rows=7362239 fwd_ms=410041.0 eval=0 prior=0
[inst] req=11149312 hits=3780795 fwd=7197 rows=7368383 fwd_ms=410376.3 eval=0 prior=0
[inst] req=11157504 hits=3783520 fwd=7202 rows=7373503 fwd_ms=410655.6 eval=0 prior=0
[inst] req=11165696 hits=3786334 fwd=7207 rows=7378623 fwd_ms=410934.9 eval=0 prior=0
[inst] req=11173888 hits=3789113 fwd=7213 rows=7384767 fwd_ms=411270.1 eval=0 prior=0
[inst] req=11182080 hits=3791784 fwd=7218 rows=7389887 fwd_ms=411549.4 eval=0 prior=0
[inst] req=11190272 hits=3794530 fwd=7223 rows=7395007 fwd_ms=411828.4 eval=0 prior=0
[inst] req=11198464 hits=3797307 fwd=7229 rows=7401151 fwd_ms=412163.6 eval=0 prior=0
[inst] req=11206656 hits=3800108 fwd=7234 rows=7406271 fwd_ms=412442.9 eval=0 prior=0
[inst] req=11214848 hits=3802938 fwd=7239 rows=7411391 fwd_ms=412721.8 eval=0 prior=0
[inst] req=11223040 hits=3805643 fwd=7244 rows=7416511 fwd_ms=413000.8 eval=0 prior=0
[inst] req=11231232 hits=3808399 fwd=7250 rows=7422655 fwd_ms=413335.9 eval=0 prior=0
[inst] req=11239424 hits=3811206 fwd=7255 rows=7427775 fwd_ms=413615.3 eval=0 prior=0
[inst] req=11247616 hits=3813968 fwd=7260 rows=7432895 fwd_ms=413894.5 eval=0 prior=0
[inst] req=11255808 hits=3816830 fwd=7265 rows=7438015 fwd_ms=414173.7 eval=0 prior=0
[inst] req=11264000 hits=3819702 fwd=7271 rows=7444159 fwd_ms=414508.7 eval=0 prior=0
[inst] req=11272192 hits=3822598 fwd=7276 rows=7449279 fwd_ms=414788.1 eval=0 prior=0
[inst] req=11280384 hits=3825494 fwd=7281 rows=7454399 fwd_ms=415067.3 eval=0 prior=0
[inst] req=11288576 hits=3828319 fwd=7286 rows=7459519 fwd_ms=415346.6 eval=0 prior=0
[inst] req=11296768 hits=3831133 fwd=7291 rows=7464639 fwd_ms=415625.8 eval=0 prior=0
[inst] req=11304960 hits=3833841 fwd=7297 rows=7470783 fwd_ms=415961.2 eval=0 prior=0
[inst] req=11313152 hits=3836584 fwd=7302 rows=7475903 fwd_ms=416240.4 eval=0 prior=0
[inst] req=11321344 hits=3839345 fwd=7307 rows=7481023 fwd_ms=416519.6 eval=0 prior=0
[inst] req=11329536 hits=3842071 fwd=7313 rows=7487167 fwd_ms=416854.8 eval=0 prior=0
[inst] req=11337728 hits=3844937 fwd=7318 rows=7492287 fwd_ms=417134.3 eval=0 prior=0
[inst] req=11345920 hits=3847657 fwd=7323 rows=7497407 fwd_ms=417413.5 eval=0 prior=0
[inst] req=11354112 hits=3850584 fwd=7328 rows=7502527 fwd_ms=417692.6 eval=0 prior=0
[inst] req=11362304 hits=3853477 fwd=7334 rows=7508671 fwd_ms=418027.4 eval=0 prior=0
[inst] req=11370496 hits=3856330 fwd=7339 rows=7513791 fwd_ms=418306.5 eval=0 prior=0
[inst] req=11378688 hits=3859004 fwd=7344 rows=7518911 fwd_ms=418585.6 eval=0 prior=0
[inst] req=11386880 hits=3861788 fwd=7350 rows=7525055 fwd_ms=418920.8 eval=0 prior=0
[inst] req=11395072 hits=3864538 fwd=7355 rows=7530175 fwd_ms=419199.9 eval=0 prior=0
[inst] req=11403264 hits=3867222 fwd=7360 rows=7535295 fwd_ms=419478.8 eval=0 prior=0
[inst] req=11411456 hits=3869947 fwd=7366 rows=7541439 fwd_ms=419814.0 eval=0 prior=0
[inst] req=11419648 hits=3872730 fwd=7371 rows=7546559 fwd_ms=420093.2 eval=0 prior=0
[inst] req=11427840 hits=3875536 fwd=7376 rows=7551679 fwd_ms=420372.3 eval=0 prior=0
[inst] req=11436032 hits=3878418 fwd=7381 rows=7556799 fwd_ms=420651.6 eval=0 prior=0
[inst] req=11444224 hits=3881324 fwd=7386 rows=7561919 fwd_ms=420930.8 eval=0 prior=0
[inst] req=11452416 hits=3884193 fwd=7392 rows=7568063 fwd_ms=421265.9 eval=0 prior=0
[inst] req=11460608 hits=3887060 fwd=7397 rows=7573183 fwd_ms=421545.0 eval=0 prior=0
[inst] req=11468800 hits=3889748 fwd=7402 rows=7578303 fwd_ms=421824.3 eval=0 prior=0
[inst] req=11476992 hits=3892535 fwd=7408 rows=7584447 fwd_ms=422159.3 eval=0 prior=0
[inst] req=11485184 hits=3895432 fwd=7413 rows=7589567 fwd_ms=422438.4 eval=0 prior=0
[inst] req=11493376 hits=3898208 fwd=7418 rows=7594687 fwd_ms=422717.7 eval=0 prior=0
[inst] req=11501568 hits=3900932 fwd=7423 rows=7599807 fwd_ms=422996.8 eval=0 prior=0
[inst] req=11509760 hits=3903691 fwd=7429 rows=7605951 fwd_ms=423331.8 eval=0 prior=0
[inst] req=11517952 hits=3906356 fwd=7434 rows=7611071 fwd_ms=423610.9 eval=0 prior=0
[inst] req=11526144 hits=3909127 fwd=7439 rows=7616191 fwd_ms=423890.0 eval=0 prior=0
[inst] req=11534336 hits=3911930 fwd=7445 rows=7622335 fwd_ms=424225.0 eval=0 prior=0
[inst] req=11542528 hits=3914748 fwd=7450 rows=7627455 fwd_ms=424504.3 eval=0 prior=0
[inst] req=11550720 hits=3917514 fwd=7455 rows=7632575 fwd_ms=424783.5 eval=0 prior=0
[inst] req=11558912 hits=3920198 fwd=7460 rows=7637695 fwd_ms=425062.7 eval=0 prior=0
[inst] req=11567104 hits=3922977 fwd=7466 rows=7643839 fwd_ms=425397.8 eval=0 prior=0
[inst] req=11575296 hits=3925709 fwd=7471 rows=7648959 fwd_ms=425677.0 eval=0 prior=0
[inst] req=11583488 hits=3928445 fwd=7476 rows=7654079 fwd_ms=425956.2 eval=0 prior=0
[inst] req=11591680 hits=3931138 fwd=7482 rows=7660223 fwd_ms=426291.2 eval=0 prior=0
[inst] req=11599872 hits=3934028 fwd=7487 rows=7665343 fwd_ms=426570.5 eval=0 prior=0
[inst] req=11608064 hits=3936981 fwd=7492 rows=7670463 fwd_ms=426849.8 eval=0 prior=0
[inst] req=11616256 hits=3940001 fwd=7497 rows=7675583 fwd_ms=427129.1 eval=0 prior=0
[inst] req=11624448 hits=3942953 fwd=7502 rows=7680703 fwd_ms=427408.3 eval=0 prior=0
[inst] req=11632640 hits=3945911 fwd=7507 rows=7685823 fwd_ms=427687.4 eval=0 prior=0
[inst] req=11640832 hits=3948861 fwd=7513 rows=7691967 fwd_ms=428022.2 eval=0 prior=0
[inst] req=11649024 hits=3951724 fwd=7518 rows=7697087 fwd_ms=428301.5 eval=0 prior=0
[inst] req=11657216 hits=3954622 fwd=7523 rows=7702207 fwd_ms=428580.9 eval=0 prior=0
[inst] req=11665408 hits=3957441 fwd=7528 rows=7707327 fwd_ms=428860.0 eval=0 prior=0
[inst] req=11673600 hits=3960203 fwd=7533 rows=7712447 fwd_ms=429139.0 eval=0 prior=0
[inst] req=11681792 hits=3962928 fwd=7539 rows=7718591 fwd_ms=429474.1 eval=0 prior=0
[inst] req=11689984 hits=3965655 fwd=7544 rows=7723711 fwd_ms=429753.1 eval=0 prior=0
[inst] req=11698176 hits=3968455 fwd=7549 rows=7728831 fwd_ms=430032.2 eval=0 prior=0
[inst] req=11706368 hits=3971280 fwd=7555 rows=7734975 fwd_ms=430367.3 eval=0 prior=0
[inst] req=11714560 hits=3974140 fwd=7560 rows=7740095 fwd_ms=430646.4 eval=0 prior=0
[inst] req=11722752 hits=3976888 fwd=7565 rows=7745215 fwd_ms=430925.7 eval=0 prior=0
[inst] req=11730944 hits=3979647 fwd=7570 rows=7750335 fwd_ms=431204.9 eval=0 prior=0
[inst] req=11739136 hits=3982398 fwd=7576 rows=7756479 fwd_ms=431539.8 eval=0 prior=0
[inst] req=11747328 hits=3985289 fwd=7581 rows=7761599 fwd_ms=431818.9 eval=0 prior=0
[inst] req=11755520 hits=3987993 fwd=7586 rows=7766719 fwd_ms=432098.0 eval=0 prior=0
[inst] req=11763712 hits=3990862 fwd=7591 rows=7771839 fwd_ms=432377.2 eval=0 prior=0
[inst] req=11771904 hits=3993633 fwd=7597 rows=7777983 fwd_ms=432712.2 eval=0 prior=0
[inst] req=11780096 hits=3996398 fwd=7602 rows=7783103 fwd_ms=432991.3 eval=0 prior=0
[inst] req=11788288 hits=3999217 fwd=7607 rows=7788223 fwd_ms=433270.6 eval=0 prior=0
[inst] req=11796480 hits=4002126 fwd=7612 rows=7793343 fwd_ms=433549.9 eval=0 prior=0
[inst] req=11804672 hits=4004882 fwd=7618 rows=7799487 fwd_ms=433885.0 eval=0 prior=0
[inst] req=11812864 hits=4007657 fwd=7623 rows=7804607 fwd_ms=434164.0 eval=0 prior=0
[inst] req=11821056 hits=4010550 fwd=7628 rows=7809727 fwd_ms=434443.1 eval=0 prior=0
[inst] req=11829248 hits=4013511 fwd=7633 rows=7814847 fwd_ms=434722.3 eval=0 prior=0
[inst] req=11837440 hits=4016380 fwd=7639 rows=7820991 fwd_ms=435057.3 eval=0 prior=0
[inst] req=11845632 hits=4019128 fwd=7644 rows=7826111 fwd_ms=435336.5 eval=0 prior=0
[inst] req=11853824 hits=4021908 fwd=7649 rows=7831231 fwd_ms=435615.7 eval=0 prior=0
[inst] req=11862016 hits=4024718 fwd=7654 rows=7836351 fwd_ms=435894.8 eval=0 prior=0
[inst] req=11870208 hits=4027557 fwd=7660 rows=7842495 fwd_ms=436230.0 eval=0 prior=0
[inst] req=11878400 hits=4030352 fwd=7665 rows=7847615 fwd_ms=436509.2 eval=0 prior=0
[inst] req=11886592 hits=4033090 fwd=7670 rows=7852735 fwd_ms=436788.4 eval=0 prior=0
[inst] req=11894784 hits=4035954 fwd=7675 rows=7857855 fwd_ms=437067.7 eval=0 prior=0
[inst] req=11902976 hits=4038759 fwd=7681 rows=7863999 fwd_ms=437403.1 eval=0 prior=0
[inst] req=11911168 hits=4041444 fwd=7686 rows=7869119 fwd_ms=437682.3 eval=0 prior=0
[inst] req=11919360 hits=4044200 fwd=7691 rows=7874239 fwd_ms=437961.8 eval=0 prior=0
[inst] req=11927552 hits=4046986 fwd=7697 rows=7880383 fwd_ms=438297.1 eval=0 prior=0
[inst] req=11935744 hits=4049699 fwd=7702 rows=7885503 fwd_ms=438576.7 eval=0 prior=0
[inst] req=11943936 hits=4052619 fwd=7707 rows=7890622 fwd_ms=438856.2 eval=0 prior=0
[inst] req=11952128 hits=4055438 fwd=7712 rows=7895742 fwd_ms=439175.5 eval=0 prior=0
[inst] req=11960320 hits=4058253 fwd=7718 rows=7901886 fwd_ms=439979.9 eval=0 prior=0
[inst] req=11968512 hits=4061021 fwd=7723 rows=7907006 fwd_ms=440647.1 eval=0 prior=0
[inst] req=11976704 hits=4063937 fwd=7728 rows=7912126 fwd_ms=441319.0 eval=0 prior=0
[inst] req=11984896 hits=4066729 fwd=7733 rows=7917246 fwd_ms=441945.4 eval=0 prior=0
[inst] req=11993088 hits=4069569 fwd=7739 rows=7923390 fwd_ms=442630.5 eval=0 prior=0
[inst] req=12001280 hits=4072299 fwd=7744 rows=7928510 fwd_ms=443237.8 eval=0 prior=0
[inst] req=12009472 hits=4075143 fwd=7749 rows=7933630 fwd_ms=443863.6 eval=0 prior=0
[inst] req=12017664 hits=4077952 fwd=7754 rows=7938750 fwd_ms=444341.2 eval=0 prior=0
[inst] req=12025856 hits=4080732 fwd=7760 rows=7944894 fwd_ms=445136.8 eval=0 prior=0
[inst] req=12034048 hits=4083550 fwd=7765 rows=7950014 fwd_ms=445915.0 eval=0 prior=0
[inst] req=12042240 hits=4086428 fwd=7770 rows=7955134 fwd_ms=446583.8 eval=0 prior=0
[inst] req=12050432 hits=4089118 fwd=7776 rows=7961278 fwd_ms=447360.2 eval=0 prior=0
[inst] req=12058624 hits=4091906 fwd=7781 rows=7966398 fwd_ms=447982.5 eval=0 prior=0
[inst] req=12066816 hits=4094824 fwd=7786 rows=7971518 fwd_ms=448779.7 eval=0 prior=0
[inst] req=12075008 hits=4097504 fwd=7791 rows=7976638 fwd_ms=449379.8 eval=0 prior=0
[inst] req=12083200 hits=4100253 fwd=7797 rows=7982782 fwd_ms=450229.8 eval=0 prior=0
[inst] req=12091392 hits=4103201 fwd=7802 rows=7987902 fwd_ms=450907.7 eval=0 prior=0
[inst] req=12099584 hits=4106198 fwd=7807 rows=7993022 fwd_ms=451475.7 eval=0 prior=0
[inst] req=12107776 hits=4108956 fwd=7812 rows=7998142 fwd_ms=451757.9 eval=0 prior=0
[inst] req=12115968 hits=4111720 fwd=7817 rows=8003262 fwd_ms=452040.6 eval=0 prior=0
[inst] req=12124160 hits=4114522 fwd=7823 rows=8009406 fwd_ms=452379.4 eval=0 prior=0
[inst] req=12132352 hits=4116180 fwd=7829 rows=8015550 fwd_ms=452723.9 eval=0 prior=0
[inst] req=12140544 hits=4116483 fwd=7837 rows=8023742 fwd_ms=453170.6 eval=0 prior=0
[inst] req=12148736 hits=4116993 fwd=7844 rows=8030910 fwd_ms=453561.5 eval=0 prior=0
[inst] req=12156928 hits=4117720 fwd=7852 rows=8039102 fwd_ms=454008.4 eval=0 prior=0
[inst] req=12165120 hits=4118834 fwd=7859 rows=8046270 fwd_ms=454399.3 eval=0 prior=0
[inst] req=12173312 hits=4120436 fwd=7865 rows=8052414 fwd_ms=454734.6 eval=0 prior=0
[inst] req=12181504 hits=4122367 fwd=7871 rows=8058558 fwd_ms=455069.6 eval=0 prior=0
[inst] req=12189696 hits=4124637 fwd=7877 rows=8064702 fwd_ms=455404.7 eval=0 prior=0
[inst] req=12197888 hits=4127077 fwd=7882 rows=8069822 fwd_ms=455683.9 eval=0 prior=0
[inst] req=12206080 hits=4129720 fwd=7888 rows=8075966 fwd_ms=456019.3 eval=0 prior=0
[inst] req=12214272 hits=4132398 fwd=7893 rows=8081086 fwd_ms=456298.6 eval=0 prior=0
[inst] req=12222464 hits=4135095 fwd=7899 rows=8087230 fwd_ms=456634.6 eval=0 prior=0
[inst] req=12230656 hits=4137712 fwd=7904 rows=8092350 fwd_ms=456914.3 eval=0 prior=0
[inst] req=12238848 hits=4140255 fwd=7910 rows=8098494 fwd_ms=457249.7 eval=0 prior=0
[inst] req=12247040 hits=4142898 fwd=7915 rows=8103614 fwd_ms=457529.0 eval=0 prior=0
[inst] req=12255232 hits=4145734 fwd=7920 rows=8108734 fwd_ms=457808.1 eval=0 prior=0
[inst] req=12263424 hits=4148546 fwd=7925 rows=8113854 fwd_ms=458087.4 eval=0 prior=0
[inst] req=12271616 hits=4151377 fwd=7931 rows=8119998 fwd_ms=458422.5 eval=0 prior=0
[inst] req=12279808 hits=4154260 fwd=7936 rows=8125118 fwd_ms=458701.9 eval=0 prior=0
[inst] req=12288000 hits=4157170 fwd=7941 rows=8130238 fwd_ms=458981.0 eval=0 prior=0
[inst] req=12296192 hits=4160142 fwd=7946 rows=8135358 fwd_ms=459260.3 eval=0 prior=0
[inst] req=12304384 hits=4162998 fwd=7951 rows=8140478 fwd_ms=459539.4 eval=0 prior=0
[inst] req=12312576 hits=4165669 fwd=7957 rows=8146622 fwd_ms=459874.7 eval=0 prior=0
[inst] req=12320768 hits=4168206 fwd=7962 rows=8151742 fwd_ms=460154.1 eval=0 prior=0
[inst] req=12328960 hits=4170937 fwd=7968 rows=8157886 fwd_ms=460489.0 eval=0 prior=0
[inst] req=12337152 hits=4173656 fwd=7973 rows=8163006 fwd_ms=460768.1 eval=0 prior=0
[inst] req=12345344 hits=4176337 fwd=7978 rows=8168126 fwd_ms=461047.3 eval=0 prior=0
[inst] req=12353536 hits=4179171 fwd=7984 rows=8174270 fwd_ms=461382.4 eval=0 prior=0
[inst] req=12361728 hits=4182088 fwd=7989 rows=8179390 fwd_ms=461661.4 eval=0 prior=0
[inst] req=12369920 hits=4185046 fwd=7994 rows=8184510 fwd_ms=461940.6 eval=0 prior=0
[inst] req=12378112 hits=4188033 fwd=7999 rows=8189630 fwd_ms=462219.5 eval=0 prior=0
[inst] req=12386304 hits=4191044 fwd=8004 rows=8194750 fwd_ms=462498.4 eval=0 prior=0
[inst] req=12394496 hits=4194076 fwd=8009 rows=8199870 fwd_ms=462777.4 eval=0 prior=0
[inst] req=12402688 hits=4196878 fwd=8014 rows=8204990 fwd_ms=463056.2 eval=0 prior=0
[inst] req=12410880 hits=4199523 fwd=8020 rows=8211134 fwd_ms=463391.2 eval=0 prior=0
[inst] req=12419072 hits=4202219 fwd=8025 rows=8216254 fwd_ms=463670.2 eval=0 prior=0
[inst] req=12427264 hits=4205037 fwd=8030 rows=8221374 fwd_ms=463949.0 eval=0 prior=0
[inst] req=12435456 hits=4207816 fwd=8036 rows=8227518 fwd_ms=464283.5 eval=0 prior=0
[inst] req=12443648 hits=4210597 fwd=8041 rows=8232638 fwd_ms=464562.3 eval=0 prior=0
[inst] req=12451840 hits=4213579 fwd=8046 rows=8237758 fwd_ms=464841.1 eval=0 prior=0
[inst] req=12460032 hits=4216505 fwd=8051 rows=8242878 fwd_ms=465119.9 eval=0 prior=0
[inst] req=12468224 hits=4219550 fwd=8056 rows=8247998 fwd_ms=465398.5 eval=0 prior=0
[inst] req=12476416 hits=4222722 fwd=8061 rows=8253118 fwd_ms=465677.2 eval=0 prior=0
[inst] req=12484608 hits=4225656 fwd=8066 rows=8258238 fwd_ms=465955.9 eval=0 prior=0
[inst] req=12492800 hits=4228588 fwd=8071 rows=8263358 fwd_ms=466234.4 eval=0 prior=0
[inst] req=12500992 hits=4231174 fwd=8077 rows=8269502 fwd_ms=466568.9 eval=0 prior=0
[inst] req=12509184 hits=4233840 fwd=8082 rows=8274622 fwd_ms=466847.5 eval=0 prior=0
[inst] req=12517376 hits=4236474 fwd=8088 rows=8280766 fwd_ms=467181.9 eval=0 prior=0
[inst] req=12525568 hits=4239349 fwd=8093 rows=8285886 fwd_ms=467460.9 eval=0 prior=0
[inst] req=12533760 hits=4242339 fwd=8098 rows=8291006 fwd_ms=467739.8 eval=0 prior=0
[inst] req=12541952 hits=4245239 fwd=8103 rows=8296126 fwd_ms=468018.7 eval=0 prior=0
[inst] req=12550144 hits=4248300 fwd=8108 rows=8301246 fwd_ms=468297.7 eval=0 prior=0
[inst] req=12558336 hits=4251357 fwd=8113 rows=8306366 fwd_ms=468576.8 eval=0 prior=0
[inst] req=12566528 hits=4254329 fwd=8118 rows=8311486 fwd_ms=468855.9 eval=0 prior=0
[inst] req=12574720 hits=4257180 fwd=8123 rows=8316606 fwd_ms=469134.9 eval=0 prior=0
[inst] req=12582912 hits=4260038 fwd=8129 rows=8322750 fwd_ms=469469.8 eval=0 prior=0
[inst] req=12591104 hits=4262689 fwd=8134 rows=8327870 fwd_ms=469749.0 eval=0 prior=0
[inst] req=12599296 hits=4265327 fwd=8139 rows=8332990 fwd_ms=470028.0 eval=0 prior=0
[inst] req=12607488 hits=4268021 fwd=8145 rows=8339134 fwd_ms=470362.8 eval=0 prior=0
[inst] req=12615680 hits=4270687 fwd=8150 rows=8344254 fwd_ms=470641.8 eval=0 prior=0
[inst] req=12623872 hits=4273516 fwd=8155 rows=8349374 fwd_ms=470921.1 eval=0 prior=0
[inst] req=12632064 hits=4276319 fwd=8161 rows=8355518 fwd_ms=471255.8 eval=0 prior=0
[inst] req=12640256 hits=4279215 fwd=8166 rows=8360638 fwd_ms=471535.0 eval=0 prior=0
[inst] req=12648448 hits=4282176 fwd=8171 rows=8365758 fwd_ms=471814.1 eval=0 prior=0
[inst] req=12656640 hits=4285100 fwd=8176 rows=8370878 fwd_ms=472093.4 eval=0 prior=0
[inst] req=12664832 hits=4288021 fwd=8181 rows=8375998 fwd_ms=472372.8 eval=0 prior=0
[inst] req=12673024 hits=4290808 fwd=8187 rows=8382142 fwd_ms=472707.6 eval=0 prior=0
[inst] req=12681216 hits=4293544 fwd=8192 rows=8387262 fwd_ms=472986.6 eval=0 prior=0
[inst] req=12689408 hits=4296138 fwd=8197 rows=8392382 fwd_ms=473265.6 eval=0 prior=0
[inst] req=12697600 hits=4299015 fwd=8203 rows=8398526 fwd_ms=473600.6 eval=0 prior=0
[inst] req=12705792 hits=4301897 fwd=8208 rows=8403646 fwd_ms=473879.8 eval=0 prior=0
[inst] req=12713984 hits=4304767 fwd=8213 rows=8408766 fwd_ms=474159.1 eval=0 prior=0
[inst] req=12722176 hits=4307775 fwd=8218 rows=8413886 fwd_ms=474438.2 eval=0 prior=0
[inst] req=12730368 hits=4310725 fwd=8223 rows=8419006 fwd_ms=474717.4 eval=0 prior=0
[inst] req=12738560 hits=4313610 fwd=8228 rows=8424126 fwd_ms=474996.7 eval=0 prior=0
[inst] req=12746752 hits=4316596 fwd=8233 rows=8429246 fwd_ms=475275.9 eval=0 prior=0
[inst] req=12754944 hits=4319463 fwd=8239 rows=8435390 fwd_ms=475610.8 eval=0 prior=0
[inst] req=12763136 hits=4322234 fwd=8244 rows=8440510 fwd_ms=475889.8 eval=0 prior=0
[inst] req=12771328 hits=4324892 fwd=8249 rows=8445630 fwd_ms=476169.0 eval=0 prior=0
[inst] req=12779520 hits=4327625 fwd=8255 rows=8451774 fwd_ms=476504.1 eval=0 prior=0
[inst] req=12787712 hits=4330311 fwd=8260 rows=8456894 fwd_ms=476783.2 eval=0 prior=0
[inst] req=12795904 hits=4333064 fwd=8265 rows=8462014 fwd_ms=477062.4 eval=0 prior=0
[inst] req=12804096 hits=4335819 fwd=8271 rows=8468158 fwd_ms=477397.4 eval=0 prior=0
[inst] req=12812288 hits=4338668 fwd=8276 rows=8473278 fwd_ms=477676.6 eval=0 prior=0
[inst] req=12820480 hits=4341475 fwd=8281 rows=8478398 fwd_ms=477955.6 eval=0 prior=0
[inst] req=12828672 hits=4344412 fwd=8286 rows=8483518 fwd_ms=478234.6 eval=0 prior=0
[inst] req=12836864 hits=4347301 fwd=8291 rows=8488638 fwd_ms=478513.7 eval=0 prior=0
[inst] req=12845056 hits=4350194 fwd=8297 rows=8494782 fwd_ms=478848.7 eval=0 prior=0
[inst] req=12853248 hits=4353052 fwd=8302 rows=8499902 fwd_ms=479128.0 eval=0 prior=0
[inst] req=12861440 hits=4355763 fwd=8307 rows=8505022 fwd_ms=479407.0 eval=0 prior=0
[inst] req=12869632 hits=4358514 fwd=8312 rows=8510142 fwd_ms=479686.1 eval=0 prior=0
[inst] req=12877824 hits=4361174 fwd=8318 rows=8516286 fwd_ms=480021.1 eval=0 prior=0
[inst] req=12886016 hits=4363940 fwd=8323 rows=8521406 fwd_ms=480300.4 eval=0 prior=0
[inst] req=12894208 hits=4366963 fwd=8328 rows=8526526 fwd_ms=480579.4 eval=0 prior=0
[inst] req=12902400 hits=4369831 fwd=8333 rows=8531646 fwd_ms=480858.2 eval=0 prior=0
[inst] req=12910592 hits=4372734 fwd=8339 rows=8537790 fwd_ms=481192.8 eval=0 prior=0
[inst] req=12918784 hits=4375606 fwd=8344 rows=8542910 fwd_ms=481471.8 eval=0 prior=0
[inst] req=12926976 hits=4378561 fwd=8349 rows=8548030 fwd_ms=481750.5 eval=0 prior=0
[inst] req=12935168 hits=4381711 fwd=8354 rows=8553150 fwd_ms=482029.5 eval=0 prior=0
[inst] req=12943360 hits=4384422 fwd=8359 rows=8558270 fwd_ms=482308.6 eval=0 prior=0
[inst] req=12951552 hits=4387205 fwd=8364 rows=8563390 fwd_ms=482587.4 eval=0 prior=0
[inst] req=12959744 hits=4389827 fwd=8370 rows=8569534 fwd_ms=482922.2 eval=0 prior=0
[inst] req=12967936 hits=4392601 fwd=8375 rows=8574653 fwd_ms=483201.1 eval=0 prior=0
[inst] req=12976128 hits=4395368 fwd=8380 rows=8579773 fwd_ms=483480.0 eval=0 prior=0
[inst] req=12984320 hits=4398105 fwd=8386 rows=8585917 fwd_ms=483814.8 eval=0 prior=0
[inst] req=12992512 hits=4401018 fwd=8391 rows=8591037 fwd_ms=484093.8 eval=0 prior=0
[inst] req=13000704 hits=4404166 fwd=8396 rows=8596157 fwd_ms=484372.9 eval=0 prior=0
[inst] req=13008896 hits=4407049 fwd=8401 rows=8601277 fwd_ms=484651.9 eval=0 prior=0
[inst] req=13017088 hits=4409919 fwd=8406 rows=8606397 fwd_ms=484930.8 eval=0 prior=0
[inst] req=13025280 hits=4412766 fwd=8411 rows=8611517 fwd_ms=485209.7 eval=0 prior=0
[inst] req=13033472 hits=4415608 fwd=8417 rows=8617661 fwd_ms=485544.5 eval=0 prior=0
[inst] req=13041664 hits=4418497 fwd=8422 rows=8622781 fwd_ms=485823.4 eval=0 prior=0
[inst] req=13049856 hits=4421273 fwd=8427 rows=8627901 fwd_ms=486102.3 eval=0 prior=0
[inst] req=13058048 hits=4424089 fwd=8432 rows=8633021 fwd_ms=486381.2 eval=0 prior=0
[inst] req=13066240 hits=4426825 fwd=8438 rows=8639165 fwd_ms=486715.7 eval=0 prior=0
[inst] req=13074432 hits=4429530 fwd=8443 rows=8644285 fwd_ms=486994.8 eval=0 prior=0
[inst] req=13082624 hits=4432330 fwd=8448 rows=8649405 fwd_ms=487274.0 eval=0 prior=0
[inst] req=13090816 hits=4435182 fwd=8454 rows=8655549 fwd_ms=487608.8 eval=0 prior=0
[inst] req=13099008 hits=4438069 fwd=8459 rows=8660669 fwd_ms=487888.1 eval=0 prior=0
[inst] req=13107200 hits=4440925 fwd=8464 rows=8665789 fwd_ms=488167.2 eval=0 prior=0
[inst] req=13115392 hits=4443756 fwd=8469 rows=8670909 fwd_ms=488446.2 eval=0 prior=0
[inst] req=13123584 hits=4446580 fwd=8474 rows=8676029 fwd_ms=488725.4 eval=0 prior=0
[inst] req=13131776 hits=4449416 fwd=8480 rows=8682173 fwd_ms=489060.3 eval=0 prior=0
[inst] req=13139968 hits=4452146 fwd=8485 rows=8687293 fwd_ms=489339.2 eval=0 prior=0
[inst] req=13148160 hits=4454966 fwd=8490 rows=8692413 fwd_ms=489618.2 eval=0 prior=0
[inst] req=13156352 hits=4457755 fwd=8496 rows=8698557 fwd_ms=489953.2 eval=0 prior=0
[inst] req=13164544 hits=4460538 fwd=8501 rows=8703677 fwd_ms=490232.3 eval=0 prior=0
[inst] req=13172736 hits=4463379 fwd=8506 rows=8708797 fwd_ms=490511.5 eval=0 prior=0
[inst] req=13180928 hits=4466177 fwd=8511 rows=8713917 fwd_ms=490790.5 eval=0 prior=0
[inst] req=13189120 hits=4468959 fwd=8517 rows=8720061 fwd_ms=491125.7 eval=0 prior=0
[inst] req=13197312 hits=4471799 fwd=8522 rows=8725181 fwd_ms=491404.9 eval=0 prior=0
[inst] req=13205504 hits=4474665 fwd=8527 rows=8730301 fwd_ms=491684.1 eval=0 prior=0
[inst] req=13213696 hits=4477488 fwd=8532 rows=8735421 fwd_ms=491963.2 eval=0 prior=0
[inst] req=13221888 hits=4480346 fwd=8537 rows=8740541 fwd_ms=492242.2 eval=0 prior=0
[inst] req=13230080 hits=4483169 fwd=8543 rows=8746685 fwd_ms=492577.2 eval=0 prior=0
[inst] req=13238272 hits=4485835 fwd=8548 rows=8751805 fwd_ms=492856.2 eval=0 prior=0
[inst] req=13246464 hits=4488666 fwd=8553 rows=8756925 fwd_ms=493135.2 eval=0 prior=0
[inst] req=13254656 hits=4491510 fwd=8559 rows=8763069 fwd_ms=493470.2 eval=0 prior=0
[inst] req=13262848 hits=4494277 fwd=8564 rows=8768189 fwd_ms=493749.5 eval=0 prior=0
[inst] req=13271040 hits=4497091 fwd=8569 rows=8773309 fwd_ms=494028.7 eval=0 prior=0
[inst] req=13279232 hits=4499989 fwd=8574 rows=8778429 fwd_ms=494308.0 eval=0 prior=0
[inst] req=13287424 hits=4502883 fwd=8579 rows=8783549 fwd_ms=494587.2 eval=0 prior=0
[inst] req=13295616 hits=4505768 fwd=8585 rows=8789693 fwd_ms=494922.5 eval=0 prior=0
[inst] req=13303808 hits=4508615 fwd=8590 rows=8794813 fwd_ms=495201.6 eval=0 prior=0
[inst] req=13312000 hits=4511334 fwd=8595 rows=8799933 fwd_ms=495480.7 eval=0 prior=0
[inst] req=13320192 hits=4514067 fwd=8601 rows=8806077 fwd_ms=495815.5 eval=0 prior=0
[inst] req=13328384 hits=4516723 fwd=8606 rows=8811197 fwd_ms=496094.6 eval=0 prior=0
[inst] req=13336576 hits=4519357 fwd=8611 rows=8816317 fwd_ms=496373.7 eval=0 prior=0
[inst] req=13344768 hits=4522027 fwd=8617 rows=8822461 fwd_ms=496708.6 eval=0 prior=0
[inst] req=13352960 hits=4524873 fwd=8622 rows=8827581 fwd_ms=496987.9 eval=0 prior=0
[inst] req=13361152 hits=4527747 fwd=8627 rows=8832701 fwd_ms=497267.0 eval=0 prior=0
[inst] req=13369344 hits=4530604 fwd=8632 rows=8837821 fwd_ms=497546.2 eval=0 prior=0
[inst] req=13377536 hits=4533519 fwd=8638 rows=8843965 fwd_ms=497881.1 eval=0 prior=0
[inst] req=13385728 hits=4536454 fwd=8643 rows=8849085 fwd_ms=498160.1 eval=0 prior=0
[inst] req=13393920 hits=4539248 fwd=8648 rows=8854205 fwd_ms=498439.2 eval=0 prior=0
[inst] req=13402112 hits=4542129 fwd=8653 rows=8859325 fwd_ms=498718.4 eval=0 prior=0
[inst] req=13410304 hits=4544844 fwd=8658 rows=8864445 fwd_ms=498997.6 eval=0 prior=0
[inst] req=13418496 hits=4547553 fwd=8664 rows=8870589 fwd_ms=499332.6 eval=0 prior=0
[inst] req=13426688 hits=4550459 fwd=8669 rows=8875709 fwd_ms=499611.5 eval=0 prior=0
[inst] req=13434880 hits=4553222 fwd=8674 rows=8880829 fwd_ms=499890.4 eval=0 prior=0
[inst] req=13443072 hits=4555994 fwd=8680 rows=8886972 fwd_ms=500225.5 eval=0 prior=0
[inst] req=13451264 hits=4558936 fwd=8685 rows=8892092 fwd_ms=500504.5 eval=0 prior=0
[inst] req=13459456 hits=4561850 fwd=8690 rows=8897212 fwd_ms=500783.6 eval=0 prior=0
[inst] req=13467648 hits=4564729 fwd=8695 rows=8902332 fwd_ms=501062.9 eval=0 prior=0
[inst] req=13475840 hits=4567519 fwd=8700 rows=8907452 fwd_ms=501341.8 eval=0 prior=0
[inst] req=13484032 hits=4570239 fwd=8706 rows=8913596 fwd_ms=501676.6 eval=0 prior=0
[inst] req=13492224 hits=4572949 fwd=8711 rows=8918716 fwd_ms=501955.8 eval=0 prior=0
[inst] req=13500416 hits=4575640 fwd=8716 rows=8923836 fwd_ms=502234.9 eval=0 prior=0
[inst] req=13508608 hits=4578336 fwd=8722 rows=8929980 fwd_ms=502569.7 eval=0 prior=0
[inst] req=13516800 hits=4581154 fwd=8727 rows=8935100 fwd_ms=502849.0 eval=0 prior=0
[inst] req=13524992 hits=4584042 fwd=8732 rows=8940220 fwd_ms=503128.3 eval=0 prior=0
[inst] req=13533184 hits=4586951 fwd=8737 rows=8945340 fwd_ms=503407.6 eval=0 prior=0
[inst] req=13541376 hits=4589772 fwd=8743 rows=8951484 fwd_ms=503743.3 eval=0 prior=0
[inst] req=13549568 hits=4592516 fwd=8748 rows=8956604 fwd_ms=504023.0 eval=0 prior=0
[inst] req=13557760 hits=4595295 fwd=8753 rows=8961724 fwd_ms=504302.2 eval=0 prior=0
[inst] req=13565952 hits=4598270 fwd=8758 rows=8966844 fwd_ms=504581.6 eval=0 prior=0
[inst] req=13574144 hits=4601099 fwd=8764 rows=8972988 fwd_ms=504916.6 eval=0 prior=0
[inst] req=13582336 hits=4603859 fwd=8769 rows=8978108 fwd_ms=505195.8 eval=0 prior=0
[inst] req=13590528 hits=4606652 fwd=8774 rows=8983228 fwd_ms=505475.1 eval=0 prior=0
[inst] req=13598720 hits=4609541 fwd=8779 rows=8988348 fwd_ms=505754.3 eval=0 prior=0
[inst] req=13606912 hits=4612504 fwd=8784 rows=8993468 fwd_ms=506033.4 eval=0 prior=0
[inst] req=13615104 hits=4615375 fwd=8790 rows=8999612 fwd_ms=506368.2 eval=0 prior=0
[inst] req=13623296 hits=4618215 fwd=8795 rows=9004732 fwd_ms=506647.3 eval=0 prior=0
[inst] req=13631488 hits=4621050 fwd=8800 rows=9009852 fwd_ms=506926.2 eval=0 prior=0
[inst] req=13639680 hits=4623824 fwd=8805 rows=9014972 fwd_ms=507205.1 eval=0 prior=0
[inst] req=13647872 hits=4626612 fwd=8811 rows=9021116 fwd_ms=507539.8 eval=0 prior=0
[inst] req=13656064 hits=4629360 fwd=8816 rows=9026236 fwd_ms=507818.9 eval=0 prior=0
[inst] req=13664256 hits=4632100 fwd=8821 rows=9031356 fwd_ms=508098.0 eval=0 prior=0
[inst] req=13672448 hits=4634839 fwd=8827 rows=9037500 fwd_ms=508432.9 eval=0 prior=0
[inst] req=13680640 hits=4637673 fwd=8832 rows=9042620 fwd_ms=508712.1 eval=0 prior=0
[inst] req=13688832 hits=4640359 fwd=8837 rows=9047740 fwd_ms=508991.3 eval=0 prior=0
[inst] req=13697024 hits=4643142 fwd=8842 rows=9052860 fwd_ms=509270.5 eval=0 prior=0
[inst] req=13705216 hits=4646075 fwd=8848 rows=9059004 fwd_ms=509605.5 eval=0 prior=0
[inst] req=13713408 hits=4648871 fwd=8853 rows=9064124 fwd_ms=509884.9 eval=0 prior=0
[inst] req=13721600 hits=4651839 fwd=8858 rows=9069244 fwd_ms=510164.2 eval=0 prior=0
[inst] req=13729792 hits=4654589 fwd=8863 rows=9074364 fwd_ms=510443.3 eval=0 prior=0
[inst] req=13737984 hits=4657348 fwd=8869 rows=9080508 fwd_ms=510778.3 eval=0 prior=0
[inst] req=13746176 hits=4660271 fwd=8874 rows=9085628 fwd_ms=511057.5 eval=0 prior=0
[inst] req=13754368 hits=4663204 fwd=8879 rows=9090748 fwd_ms=511336.9 eval=0 prior=0
[inst] req=13762560 hits=4666252 fwd=8884 rows=9095868 fwd_ms=511616.0 eval=0 prior=0
[inst] req=13770752 hits=4669180 fwd=8889 rows=9100988 fwd_ms=511895.0 eval=0 prior=0
[inst] req=13778944 hits=4671990 fwd=8894 rows=9106108 fwd_ms=512174.3 eval=0 prior=0
[inst] req=13787136 hits=4674867 fwd=8900 rows=9112252 fwd_ms=512509.4 eval=0 prior=0
[inst] req=13795328 hits=4677606 fwd=8905 rows=9117372 fwd_ms=512788.6 eval=0 prior=0
[inst] req=13803520 hits=4680376 fwd=8910 rows=9122492 fwd_ms=513067.8 eval=0 prior=0
[inst] req=13811712 hits=4683231 fwd=8915 rows=9127612 fwd_ms=513346.9 eval=0 prior=0
[inst] req=13819904 hits=4686057 fwd=8921 rows=9133756 fwd_ms=513681.7 eval=0 prior=0
[inst] req=13828096 hits=4688839 fwd=8926 rows=9138876 fwd_ms=513961.0 eval=0 prior=0
[inst] req=13836288 hits=4691675 fwd=8931 rows=9143996 fwd_ms=514240.1 eval=0 prior=0
[inst] req=13844480 hits=4694532 fwd=8936 rows=9149116 fwd_ms=514519.1 eval=0 prior=0
[inst] req=13852672 hits=4697670 fwd=8941 rows=9154236 fwd_ms=514798.3 eval=0 prior=0
[inst] req=13860864 hits=4700543 fwd=8946 rows=9159356 fwd_ms=515077.7 eval=0 prior=0
[inst] req=13869056 hits=4703324 fwd=8952 rows=9165500 fwd_ms=515412.7 eval=0 prior=0
[inst] req=13877248 hits=4706049 fwd=8957 rows=9170620 fwd_ms=515691.9 eval=0 prior=0
[inst] req=13885440 hits=4708879 fwd=8962 rows=9175740 fwd_ms=515971.0 eval=0 prior=0
[inst] req=13893632 hits=4711765 fwd=8967 rows=9180860 fwd_ms=516250.3 eval=0 prior=0
[inst] req=13901824 hits=4714645 fwd=8973 rows=9187004 fwd_ms=516585.3 eval=0 prior=0
[inst] req=13910016 hits=4717625 fwd=8978 rows=9192124 fwd_ms=516864.6 eval=0 prior=0
[inst] req=13918208 hits=4720592 fwd=8983 rows=9197244 fwd_ms=517143.6 eval=0 prior=0
[inst] req=13926400 hits=4723529 fwd=8988 rows=9202364 fwd_ms=517423.0 eval=0 prior=0
[inst] req=13934592 hits=4726424 fwd=8993 rows=9207484 fwd_ms=517702.2 eval=0 prior=0
[inst] req=13942784 hits=4729167 fwd=8998 rows=9212604 fwd_ms=517981.3 eval=0 prior=0
[inst] req=13950976 hits=4731972 fwd=9004 rows=9218748 fwd_ms=518316.2 eval=0 prior=0
[inst] req=13959168 hits=4734785 fwd=9009 rows=9223868 fwd_ms=518595.4 eval=0 prior=0
[inst] req=13967360 hits=4737609 fwd=9014 rows=9228988 fwd_ms=518874.8 eval=0 prior=0
[inst] req=13975552 hits=4740435 fwd=9019 rows=9234108 fwd_ms=519153.9 eval=0 prior=0
[inst] req=13983744 hits=4743131 fwd=9025 rows=9240252 fwd_ms=519488.8 eval=0 prior=0
[inst] req=13991936 hits=4745970 fwd=9030 rows=9245372 fwd_ms=519767.9 eval=0 prior=0
[inst] req=14000128 hits=4748781 fwd=9035 rows=9250492 fwd_ms=520047.1 eval=0 prior=0
[inst] req=14008320 hits=4751698 fwd=9040 rows=9255612 fwd_ms=520326.3 eval=0 prior=0
[inst] req=14016512 hits=4754707 fwd=9046 rows=9261756 fwd_ms=520661.4 eval=0 prior=0
[inst] req=14024704 hits=4757519 fwd=9051 rows=9266876 fwd_ms=520940.6 eval=0 prior=0
[inst] req=14032896 hits=4760235 fwd=9056 rows=9271996 fwd_ms=521219.6 eval=0 prior=0
[inst] req=14041088 hits=4763094 fwd=9061 rows=9277116 fwd_ms=521498.9 eval=0 prior=0
[inst] req=14049280 hits=4765910 fwd=9067 rows=9283260 fwd_ms=521833.8 eval=0 prior=0
[inst] req=14057472 hits=4768775 fwd=9072 rows=9288380 fwd_ms=522112.7 eval=0 prior=0
[inst] req=14065664 hits=4771718 fwd=9077 rows=9293500 fwd_ms=522391.7 eval=0 prior=0
[inst] req=14073856 hits=4774532 fwd=9082 rows=9298620 fwd_ms=522670.9 eval=0 prior=0
[inst] req=14082048 hits=4777455 fwd=9087 rows=9303740 fwd_ms=522949.9 eval=0 prior=0
[inst] req=14090240 hits=4780211 fwd=9093 rows=9309884 fwd_ms=523284.6 eval=0 prior=0
[inst] req=14098432 hits=4782989 fwd=9098 rows=9315004 fwd_ms=523563.6 eval=0 prior=0
[inst] req=14106624 hits=4785805 fwd=9103 rows=9320124 fwd_ms=523842.5 eval=0 prior=0
[inst] req=14114816 hits=4788669 fwd=9108 rows=9325244 fwd_ms=524121.6 eval=0 prior=0
[inst] req=14123008 hits=4791535 fwd=9114 rows=9331388 fwd_ms=524456.4 eval=0 prior=0
[inst] req=14131200 hits=4794453 fwd=9119 rows=9336508 fwd_ms=524735.3 eval=0 prior=0
[inst] req=14139392 hits=4797245 fwd=9124 rows=9341628 fwd_ms=525014.4 eval=0 prior=0
[inst] req=14147584 hits=4800084 fwd=9129 rows=9346748 fwd_ms=525293.4 eval=0 prior=0
[inst] req=14155776 hits=4802884 fwd=9134 rows=9351868 fwd_ms=525572.4 eval=0 prior=0
[inst] req=14163968 hits=4805816 fwd=9140 rows=9358012 fwd_ms=525907.2 eval=0 prior=0
[inst] req=14172160 hits=4808669 fwd=9145 rows=9363132 fwd_ms=526186.2 eval=0 prior=0
[inst] req=14180352 hits=4811412 fwd=9150 rows=9368252 fwd_ms=526465.2 eval=0 prior=0
[inst] req=14188544 hits=4814191 fwd=9155 rows=9373372 fwd_ms=526744.0 eval=0 prior=0
[inst] req=14196736 hits=4816995 fwd=9161 rows=9379516 fwd_ms=527079.0 eval=0 prior=0
[inst] req=14204928 hits=4819847 fwd=9166 rows=9384636 fwd_ms=527358.0 eval=0 prior=0
[inst] req=14213120 hits=4822602 fwd=9171 rows=9389756 fwd_ms=527636.9 eval=0 prior=0
[inst] req=14221312 hits=4825287 fwd=9177 rows=9395900 fwd_ms=527971.6 eval=0 prior=0
[inst] req=14229504 hits=4828105 fwd=9182 rows=9401020 fwd_ms=528250.6 eval=0 prior=0
[inst] req=14237696 hits=4830918 fwd=9187 rows=9406140 fwd_ms=528529.6 eval=0 prior=0
[inst] req=14245888 hits=4834015 fwd=9192 rows=9411260 fwd_ms=528808.7 eval=0 prior=0
[inst] req=14254080 hits=4836896 fwd=9197 rows=9416380 fwd_ms=529087.8 eval=0 prior=0
[inst] req=14262272 hits=4839870 fwd=9202 rows=9421500 fwd_ms=529366.8 eval=0 prior=0
[inst] req=14270464 hits=4842859 fwd=9207 rows=9426620 fwd_ms=529645.6 eval=0 prior=0
[inst] req=14278656 hits=4845714 fwd=9213 rows=9432764 fwd_ms=529980.3 eval=0 prior=0
[inst] req=14286848 hits=4848539 fwd=9218 rows=9437884 fwd_ms=530259.3 eval=0 prior=0
[inst] req=14295040 hits=4851412 fwd=9223 rows=9443004 fwd_ms=530538.3 eval=0 prior=0
[inst] req=14303232 hits=4854303 fwd=9228 rows=9448124 fwd_ms=530817.2 eval=0 prior=0
[inst] req=14311424 hits=4857206 fwd=9233 rows=9453244 fwd_ms=531096.0 eval=0 prior=0
[inst] req=14319616 hits=4860083 fwd=9239 rows=9459388 fwd_ms=531430.9 eval=0 prior=0
[inst] req=14327808 hits=4862902 fwd=9244 rows=9464508 fwd_ms=531709.7 eval=0 prior=0
[inst] req=14336000 hits=4865635 fwd=9249 rows=9469628 fwd_ms=531988.6 eval=0 prior=0
[inst] req=14344192 hits=4868390 fwd=9255 rows=9475772 fwd_ms=532323.5 eval=0 prior=0
[inst] req=14352384 hits=4871233 fwd=9260 rows=9480892 fwd_ms=532602.2 eval=0 prior=0
[inst] req=14360576 hits=4874065 fwd=9265 rows=9486012 fwd_ms=532881.2 eval=0 prior=0
[inst] req=14368768 hits=4876890 fwd=9270 rows=9491132 fwd_ms=533160.0 eval=0 prior=0
[inst] req=14376960 hits=4879670 fwd=9276 rows=9497276 fwd_ms=533494.6 eval=0 prior=0
[inst] req=14385152 hits=4882636 fwd=9281 rows=9502396 fwd_ms=533773.6 eval=0 prior=0
[inst] req=14393344 hits=4885386 fwd=9286 rows=9507516 fwd_ms=534052.6 eval=0 prior=0
[inst] req=14401536 hits=4888143 fwd=9291 rows=9512636 fwd_ms=534331.5 eval=0 prior=0
[inst] req=14409728 hits=4891022 fwd=9296 rows=9517756 fwd_ms=534610.3 eval=0 prior=0
[inst] req=14417920 hits=4893967 fwd=9302 rows=9523900 fwd_ms=534945.1 eval=0 prior=0
[inst] req=14426112 hits=4896711 fwd=9307 rows=9529020 fwd_ms=535224.1 eval=0 prior=0
[inst] req=14434304 hits=4899550 fwd=9312 rows=9534140 fwd_ms=535503.2 eval=0 prior=0
[inst] req=14442496 hits=4902311 fwd=9317 rows=9539260 fwd_ms=535782.3 eval=0 prior=0
[inst] req=14450688 hits=4905088 fwd=9323 rows=9545404 fwd_ms=536117.3 eval=0 prior=0
[inst] req=14458880 hits=4907949 fwd=9328 rows=9550524 fwd_ms=536396.2 eval=0 prior=0
[inst] req=14467072 hits=4910847 fwd=9333 rows=9555644 fwd_ms=536675.1 eval=0 prior=0
[inst] req=14475264 hits=4913690 fwd=9338 rows=9560764 fwd_ms=536954.0 eval=0 prior=0
[inst] req=14483456 hits=4916430 fwd=9344 rows=9566908 fwd_ms=537288.8 eval=0 prior=0
[inst] req=14491648 hits=4919204 fwd=9349 rows=9572028 fwd_ms=537567.5 eval=0 prior=0
[inst] req=14499840 hits=4922122 fwd=9354 rows=9577148 fwd_ms=537846.7 eval=0 prior=0
[inst] req=14508032 hits=4924950 fwd=9359 rows=9582268 fwd_ms=538125.5 eval=0 prior=0
[inst] req=14516224 hits=4927841 fwd=9364 rows=9587388 fwd_ms=538404.5 eval=0 prior=0
[inst] req=14524416 hits=4930647 fwd=9370 rows=9593532 fwd_ms=538739.3 eval=0 prior=0
[inst] req=14532608 hits=4933379 fwd=9375 rows=9598652 fwd_ms=539018.4 eval=0 prior=0
[inst] req=14540800 hits=4936220 fwd=9380 rows=9603772 fwd_ms=539297.3 eval=0 prior=0
[inst] req=14548992 hits=4938999 fwd=9386 rows=9609916 fwd_ms=539631.9 eval=0 prior=0
[inst] req=14557184 hits=4941915 fwd=9391 rows=9615036 fwd_ms=539910.7 eval=0 prior=0
[inst] req=14565376 hits=4944808 fwd=9396 rows=9620156 fwd_ms=540189.6 eval=0 prior=0
[inst] req=14573568 hits=4947628 fwd=9401 rows=9625276 fwd_ms=540468.5 eval=0 prior=0
[inst] req=14581760 hits=4950476 fwd=9406 rows=9630396 fwd_ms=540747.4 eval=0 prior=0
[inst] req=14589952 hits=4953270 fwd=9412 rows=9636540 fwd_ms=541082.3 eval=0 prior=0
[inst] req=14598144 hits=4956215 fwd=9417 rows=9641660 fwd_ms=541361.3 eval=0 prior=0
[inst] req=14606336 hits=4959120 fwd=9422 rows=9646780 fwd_ms=541640.0 eval=0 prior=0
[inst] req=14614528 hits=4961981 fwd=9427 rows=9651900 fwd_ms=541919.0 eval=0 prior=0
[inst] req=14622720 hits=4964981 fwd=9432 rows=9657020 fwd_ms=542197.9 eval=0 prior=0
[inst] req=14630912 hits=4967847 fwd=9437 rows=9662140 fwd_ms=542477.0 eval=0 prior=0
[inst] req=14639104 hits=4970624 fwd=9443 rows=9668284 fwd_ms=542811.9 eval=0 prior=0
[inst] req=14647296 hits=4973378 fwd=9448 rows=9673404 fwd_ms=543090.7 eval=0 prior=0
[inst] req=14655488 hits=4976256 fwd=9453 rows=9678524 fwd_ms=543369.7 eval=0 prior=0
[inst] req=14663680 hits=4979120 fwd=9458 rows=9683644 fwd_ms=543648.4 eval=0 prior=0
[inst] req=14671872 hits=4981940 fwd=9464 rows=9689788 fwd_ms=543983.1 eval=0 prior=0
[inst] req=14680064 hits=4984748 fwd=9469 rows=9694908 fwd_ms=544261.9 eval=0 prior=0
[inst] req=14688256 hits=4987689 fwd=9474 rows=9700028 fwd_ms=544540.8 eval=0 prior=0
[inst] req=14696448 hits=4990549 fwd=9479 rows=9705148 fwd_ms=544819.7 eval=0 prior=0
[inst] req=14704640 hits=4993665 fwd=9484 rows=9710268 fwd_ms=545098.7 eval=0 prior=0
[inst] req=14712832 hits=4996428 fwd=9489 rows=9715388 fwd_ms=545377.3 eval=0 prior=0
[inst] req=14721024 hits=4999247 fwd=9495 rows=9721532 fwd_ms=545711.8 eval=0 prior=0
[inst] req=14729216 hits=5002066 fwd=9500 rows=9726652 fwd_ms=545990.8 eval=0 prior=0
[inst] req=14737408 hits=5004896 fwd=9505 rows=9731772 fwd_ms=546269.7 eval=0 prior=0
[inst] req=14745600 hits=5007682 fwd=9511 rows=9737916 fwd_ms=546604.5 eval=0 prior=0
[inst] req=14753792 hits=5010430 fwd=9516 rows=9743036 fwd_ms=546883.2 eval=0 prior=0
[inst] req=14761984 hits=5013092 fwd=9521 rows=9748156 fwd_ms=547162.0 eval=0 prior=0
[inst] req=14770176 hits=5015780 fwd=9527 rows=9754300 fwd_ms=547496.6 eval=0 prior=0
[inst] req=14778368 hits=5018453 fwd=9532 rows=9759420 fwd_ms=547775.6 eval=0 prior=0
[inst] req=14786560 hits=5021222 fwd=9537 rows=9764540 fwd_ms=548054.4 eval=0 prior=0
[inst] req=14794752 hits=5023999 fwd=9543 rows=9770684 fwd_ms=548389.2 eval=0 prior=0
[inst] req=14802944 hits=5026812 fwd=9548 rows=9775804 fwd_ms=548668.2 eval=0 prior=0
[inst] req=14811136 hits=5029655 fwd=9553 rows=9780924 fwd_ms=548947.2 eval=0 prior=0
[inst] req=14819328 hits=5032562 fwd=9558 rows=9786044 fwd_ms=549226.1 eval=0 prior=0
[inst] req=14827520 hits=5035465 fwd=9563 rows=9791164 fwd_ms=549505.1 eval=0 prior=0
[inst] req=14835712 hits=5038204 fwd=9569 rows=9797308 fwd_ms=549839.9 eval=0 prior=0
[inst] req=14843904 hits=5041146 fwd=9574 rows=9802428 fwd_ms=550118.9 eval=0 prior=0
[inst] req=14852096 hits=5044088 fwd=9579 rows=9807548 fwd_ms=550398.4 eval=0 prior=0
[inst] req=14860288 hits=5046892 fwd=9584 rows=9812668 fwd_ms=550677.8 eval=0 prior=0
[inst] req=14868480 hits=5049808 fwd=9589 rows=9817788 fwd_ms=550957.4 eval=0 prior=0
[inst] req=14876672 hits=5052698 fwd=9595 rows=9823932 fwd_ms=551292.9 eval=0 prior=0
[inst] req=14884864 hits=5055621 fwd=9600 rows=9829052 fwd_ms=551572.4 eval=0 prior=0
[inst] req=14893056 hits=5058445 fwd=9605 rows=9834172 fwd_ms=551851.6 eval=0 prior=0
[inst] req=14901248 hits=5061217 fwd=9610 rows=9839292 fwd_ms=552130.8 eval=0 prior=0
[inst] req=14909440 hits=5064076 fwd=9615 rows=9844412 fwd_ms=552410.4 eval=0 prior=0
[inst] req=14917632 hits=5066982 fwd=9621 rows=9850556 fwd_ms=552745.0 eval=0 prior=0
[inst] req=14925824 hits=5069859 fwd=9626 rows=9855676 fwd_ms=553024.0 eval=0 prior=0
[inst] req=14934016 hits=5072640 fwd=9631 rows=9860796 fwd_ms=553303.1 eval=0 prior=0
[inst] req=14942208 hits=5075390 fwd=9636 rows=9865916 fwd_ms=553582.1 eval=0 prior=0
[inst] req=14950400 hits=5078204 fwd=9642 rows=9872060 fwd_ms=553917.0 eval=0 prior=0
[inst] req=14958592 hits=5081142 fwd=9647 rows=9877180 fwd_ms=554195.9 eval=0 prior=0
[inst] req=14966784 hits=5084051 fwd=9652 rows=9882300 fwd_ms=554646.7 eval=0 prior=0
[inst] req=14974976 hits=5086811 fwd=9657 rows=9887420 fwd_ms=555234.4 eval=0 prior=0
[inst] req=14983168 hits=5089638 fwd=9662 rows=9892540 fwd_ms=555839.0 eval=0 prior=0
[inst] req=14991360 hits=5092401 fwd=9668 rows=9898684 fwd_ms=556677.2 eval=0 prior=0
[inst] req=14999552 hits=5095472 fwd=9673 rows=9903804 fwd_ms=557316.6 eval=0 prior=0
[inst] req=15007744 hits=5098712 fwd=9678 rows=9908924 fwd_ms=558035.9 eval=0 prior=0
[inst] req=15015936 hits=5101840 fwd=9683 rows=9914044 fwd_ms=558692.8 eval=0 prior=0
[inst] req=15024128 hits=5104935 fwd=9688 rows=9919164 fwd_ms=559431.7 eval=0 prior=0
[inst] req=15032320 hits=5107947 fwd=9693 rows=9924283 fwd_ms=560086.1 eval=0 prior=0
[inst] req=15040512 hits=5110819 fwd=9698 rows=9929403 fwd_ms=560695.3 eval=0 prior=0
[inst] req=15048704 hits=5113639 fwd=9703 rows=9934523 fwd_ms=561306.2 eval=0 prior=0
[inst] req=15056896 hits=5116487 fwd=9708 rows=9939643 fwd_ms=561916.7 eval=0 prior=0
[inst] req=15065088 hits=5119379 fwd=9713 rows=9944763 fwd_ms=562657.3 eval=0 prior=0
[inst] req=15073280 hits=5122135 fwd=9719 rows=9950907 fwd_ms=563477.9 eval=0 prior=0
[inst] req=15081472 hits=5124889 fwd=9724 rows=9956027 fwd_ms=564214.4 eval=0 prior=0
[inst] req=15089664 hits=5127600 fwd=9729 rows=9961147 fwd_ms=564851.1 eval=0 prior=0
[inst] req=15097856 hits=5130471 fwd=9735 rows=9967291 fwd_ms=565665.9 eval=0 prior=0
[inst] req=15106048 hits=5133172 fwd=9740 rows=9972411 fwd_ms=566279.9 eval=0 prior=0
[inst] req=15114240 hits=5135873 fwd=9745 rows=9977531 fwd_ms=566917.3 eval=0 prior=0
[inst] req=15122432 hits=5138752 fwd=9751 rows=9983675 fwd_ms=567790.0 eval=0 prior=0
[inst] req=15130624 hits=5141718 fwd=9756 rows=9988795 fwd_ms=568427.5 eval=0 prior=0
[inst] req=15138816 hits=5144531 fwd=9761 rows=9993915 fwd_ms=569036.4 eval=0 prior=0
[inst] req=15147008 hits=5147314 fwd=9766 rows=9999035 fwd_ms=569641.8 eval=0 prior=0
[inst] req=15155200 hits=5150255 fwd=9771 rows=10004155 fwd_ms=570410.6 eval=0 prior=0
[inst] req=15163392 hits=5153198 fwd=9776 rows=10009275 fwd_ms=571182.9 eval=0 prior=0
[inst] req=15171584 hits=5155967 fwd=9782 rows=10015419 fwd_ms=572013.2 eval=0 prior=0
[inst] req=15179776 hits=5158855 fwd=9787 rows=10020539 fwd_ms=572467.6 eval=0 prior=0
[inst] req=15187968 hits=5161647 fwd=9792 rows=10025659 fwd_ms=572749.1 eval=0 prior=0
[inst] req=15196160 hits=5164513 fwd=9797 rows=10030779 fwd_ms=573030.8 eval=0 prior=0
[inst] req=15204352 hits=5166573 fwd=9803 rows=10036923 fwd_ms=573375.7 eval=0 prior=0
[inst] req=15212544 hits=5167093 fwd=9811 rows=10045115 fwd_ms=573822.2 eval=0 prior=0
[inst] req=15220736 hits=5167902 fwd=9818 rows=10052283 fwd_ms=574213.0 eval=0 prior=0
[inst] req=15228928 hits=5168929 fwd=9825 rows=10059451 fwd_ms=574603.8 eval=0 prior=0
[inst] req=15237120 hits=5170207 fwd=9832 rows=10066619 fwd_ms=574994.7 eval=0 prior=0
[inst] req=15245312 hits=5171808 fwd=9838 rows=10072763 fwd_ms=575329.8 eval=0 prior=0
[inst] req=15253504 hits=5173781 fwd=9844 rows=10078907 fwd_ms=575664.6 eval=0 prior=0
[inst] req=15261696 hits=5175986 fwd=9850 rows=10085051 fwd_ms=576000.0 eval=0 prior=0
[inst] req=15269888 hits=5178564 fwd=9856 rows=10091195 fwd_ms=576335.0 eval=0 prior=0
[inst] req=15278080 hits=5181235 fwd=9861 rows=10096315 fwd_ms=576614.2 eval=0 prior=0
[inst] req=15286272 hits=5184040 fwd=9866 rows=10101435 fwd_ms=576893.3 eval=0 prior=0
[inst] req=15294464 hits=5186768 fwd=9872 rows=10107579 fwd_ms=577228.3 eval=0 prior=0
[inst] req=15302656 hits=5189524 fwd=9877 rows=10112699 fwd_ms=577507.4 eval=0 prior=0
[inst] req=15310848 hits=5192378 fwd=9882 rows=10117819 fwd_ms=577786.7 eval=0 prior=0
[inst] req=15319040 hits=5195033 fwd=9888 rows=10123963 fwd_ms=578121.4 eval=0 prior=0
[inst] req=15327232 hits=5197831 fwd=9893 rows=10129083 fwd_ms=578400.6 eval=0 prior=0
[inst] req=15335424 hits=5200583 fwd=9898 rows=10134203 fwd_ms=578679.8 eval=0 prior=0
[inst] req=15343616 hits=5203351 fwd=9903 rows=10139323 fwd_ms=578959.0 eval=0 prior=0
[inst] req=15351808 hits=5206159 fwd=9909 rows=10145467 fwd_ms=579294.0 eval=0 prior=0
[inst] req=15360000 hits=5208907 fwd=9914 rows=10150587 fwd_ms=579573.3 eval=0 prior=0
[inst] req=15368192 hits=5211707 fwd=9919 rows=10155707 fwd_ms=579852.4 eval=0 prior=0
[inst] req=15376384 hits=5214625 fwd=9924 rows=10160827 fwd_ms=580131.5 eval=0 prior=0
[inst] req=15384576 hits=5217485 fwd=9930 rows=10166971 fwd_ms=580466.6 eval=0 prior=0
[inst] req=15392768 hits=5220160 fwd=9935 rows=10172091 fwd_ms=580745.6 eval=0 prior=0
[inst] req=15400960 hits=5223086 fwd=9940 rows=10177211 fwd_ms=581024.6 eval=0 prior=0
[inst] req=15409152 hits=5225865 fwd=9945 rows=10182331 fwd_ms=581303.7 eval=0 prior=0
[inst] req=15417344 hits=5228683 fwd=9951 rows=10188475 fwd_ms=581638.7 eval=0 prior=0
[inst] req=15425536 hits=5231407 fwd=9956 rows=10193595 fwd_ms=581917.7 eval=0 prior=0
[inst] req=15433728 hits=5234163 fwd=9961 rows=10198715 fwd_ms=582196.7 eval=0 prior=0
[inst] req=15441920 hits=5236886 fwd=9967 rows=10204859 fwd_ms=582531.6 eval=0 prior=0
[inst] req=15450112 hits=5239686 fwd=9972 rows=10209979 fwd_ms=582810.5 eval=0 prior=0
[inst] req=15458304 hits=5242509 fwd=9977 rows=10215099 fwd_ms=583089.3 eval=0 prior=0
[inst] req=15466496 hits=5245381 fwd=9982 rows=10220219 fwd_ms=583368.2 eval=0 prior=0
[inst] req=15474688 hits=5248315 fwd=9988 rows=10226363 fwd_ms=583702.9 eval=0 prior=0
[inst] req=15482880 hits=5251103 fwd=9993 rows=10231483 fwd_ms=583981.8 eval=0 prior=0
[inst] req=15491072 hits=5253781 fwd=9998 rows=10236603 fwd_ms=584260.7 eval=0 prior=0
[inst] req=15499264 hits=5256602 fwd=10003 rows=10241723 fwd_ms=584539.6 eval=0 prior=0
[inst] req=15507456 hits=5259485 fwd=10009 rows=10247867 fwd_ms=584874.3 eval=0 prior=0
[inst] req=15515648 hits=5262235 fwd=10014 rows=10252987 fwd_ms=585153.3 eval=0 prior=0
[inst] req=15523840 hits=5265021 fwd=10019 rows=10258107 fwd_ms=585432.1 eval=0 prior=0
[inst] req=15532032 hits=5267783 fwd=10024 rows=10263227 fwd_ms=585710.9 eval=0 prior=0
[inst] req=15540224 hits=5270738 fwd=10030 rows=10269371 fwd_ms=586045.4 eval=0 prior=0
[inst] req=15548416 hits=5273679 fwd=10035 rows=10274491 fwd_ms=586324.0 eval=0 prior=0
[inst] req=15556608 hits=5276463 fwd=10040 rows=10279611 fwd_ms=586602.9 eval=0 prior=0
[inst] req=15564800 hits=5279299 fwd=10045 rows=10284731 fwd_ms=586881.6 eval=0 prior=0
[inst] req=15572992 hits=5282033 fwd=10051 rows=10290875 fwd_ms=587216.0 eval=0 prior=0
[inst] req=15581184 hits=5284764 fwd=10056 rows=10295995 fwd_ms=587494.8 eval=0 prior=0
[inst] req=15589376 hits=5287566 fwd=10061 rows=10301115 fwd_ms=587773.7 eval=0 prior=0
[inst] req=15597568 hits=5290284 fwd=10067 rows=10307259 fwd_ms=588108.7 eval=0 prior=0
[inst] req=15605760 hits=5293091 fwd=10072 rows=10312379 fwd_ms=588387.9 eval=0 prior=0
[inst] req=15613952 hits=5295881 fwd=10077 rows=10317499 fwd_ms=588666.9 eval=0 prior=0
[inst] req=15622144 hits=5298556 fwd=10082 rows=10322619 fwd_ms=588945.9 eval=0 prior=0
[inst] req=15630336 hits=5301428 fwd=10088 rows=10328763 fwd_ms=589280.7 eval=0 prior=0
[inst] req=15638528 hits=5304442 fwd=10093 rows=10333883 fwd_ms=589559.6 eval=0 prior=0
[inst] req=15646720 hits=5307354 fwd=10098 rows=10339003 fwd_ms=589838.5 eval=0 prior=0
[inst] req=15654912 hits=5310189 fwd=10103 rows=10344123 fwd_ms=590117.4 eval=0 prior=0
[inst] req=15663104 hits=5313124 fwd=10108 rows=10349243 fwd_ms=590396.4 eval=0 prior=0
[inst] req=15671296 hits=5316038 fwd=10113 rows=10354363 fwd_ms=590675.4 eval=0 prior=0
[inst] req=15679488 hits=5318833 fwd=10119 rows=10360507 fwd_ms=591010.2 eval=0 prior=0
[inst] req=15687680 hits=5321657 fwd=10124 rows=10365627 fwd_ms=591289.1 eval=0 prior=0
[inst] req=15695872 hits=5324501 fwd=10129 rows=10370747 fwd_ms=591568.0 eval=0 prior=0
[inst] req=15704064 hits=5327390 fwd=10134 rows=10375867 fwd_ms=591847.0 eval=0 prior=0
[inst] req=15712256 hits=5330265 fwd=10139 rows=10380987 fwd_ms=592125.8 eval=0 prior=0
[inst] req=15720448 hits=5333129 fwd=10145 rows=10387131 fwd_ms=592460.7 eval=0 prior=0
[inst] req=15728640 hits=5335926 fwd=10150 rows=10392251 fwd_ms=592739.9 eval=0 prior=0
[inst] req=15736832 hits=5338639 fwd=10155 rows=10397371 fwd_ms=593019.2 eval=0 prior=0
[inst] req=15745024 hits=5341494 fwd=10161 rows=10403515 fwd_ms=593354.1 eval=0 prior=0
[inst] req=15753216 hits=5344225 fwd=10166 rows=10408635 fwd_ms=593633.4 eval=0 prior=0
[inst] req=15761408 hits=5346956 fwd=10171 rows=10413755 fwd_ms=593912.5 eval=0 prior=0
[inst] req=15769600 hits=5349705 fwd=10176 rows=10418875 fwd_ms=594191.6 eval=0 prior=0
[inst] req=15777792 hits=5352563 fwd=10182 rows=10425019 fwd_ms=594526.7 eval=0 prior=0
[inst] req=15785984 hits=5355446 fwd=10187 rows=10430139 fwd_ms=594805.9 eval=0 prior=0
[inst] req=15794176 hits=5358259 fwd=10192 rows=10435259 fwd_ms=595085.1 eval=0 prior=0
[inst] req=15802368 hits=5361132 fwd=10197 rows=10440379 fwd_ms=595364.2 eval=0 prior=0
[inst] req=15810560 hits=5364086 fwd=10202 rows=10445499 fwd_ms=595643.3 eval=0 prior=0
[inst] req=15818752 hits=5366936 fwd=10208 rows=10451643 fwd_ms=595978.4 eval=0 prior=0
[inst] req=15826944 hits=5369806 fwd=10213 rows=10456763 fwd_ms=596257.4 eval=0 prior=0
[inst] req=15835136 hits=5372592 fwd=10218 rows=10461883 fwd_ms=596536.5 eval=0 prior=0
[inst] req=15843328 hits=5375307 fwd=10223 rows=10467003 fwd_ms=596816.0 eval=0 prior=0
[inst] req=15851520 hits=5377943 fwd=10229 rows=10473147 fwd_ms=597150.9 eval=0 prior=0
[inst] req=15859712 hits=5380698 fwd=10234 rows=10478267 fwd_ms=597429.8 eval=0 prior=0
[inst] req=15867904 hits=5383600 fwd=10239 rows=10483387 fwd_ms=597709.1 eval=0 prior=0
[inst] req=15876096 hits=5386529 fwd=10245 rows=10489531 fwd_ms=598044.2 eval=0 prior=0
[inst] req=15884288 hits=5389475 fwd=10250 rows=10494651 fwd_ms=598323.5 eval=0 prior=0
[inst] req=15892480 hits=5392308 fwd=10255 rows=10499771 fwd_ms=598602.7 eval=0 prior=0
[inst] req=15900672 hits=5395141 fwd=10260 rows=10504891 fwd_ms=598882.2 eval=0 prior=0
[inst] req=15908864 hits=5397943 fwd=10265 rows=10510011 fwd_ms=599161.7 eval=0 prior=0
[inst] req=15917056 hits=5400645 fwd=10271 rows=10516155 fwd_ms=599497.1 eval=0 prior=0
[inst] req=15925248 hits=5403419 fwd=10276 rows=10521275 fwd_ms=599776.5 eval=0 prior=0
[inst] req=15933440 hits=5406264 fwd=10281 rows=10526395 fwd_ms=600056.0 eval=0 prior=0
[inst] req=15941632 hits=5409023 fwd=10287 rows=10532539 fwd_ms=600391.2 eval=0 prior=0
[inst] req=15949824 hits=5411851 fwd=10292 rows=10537659 fwd_ms=600670.5 eval=0 prior=0
[inst] req=15958016 hits=5414698 fwd=10297 rows=10542779 fwd_ms=600949.4 eval=0 prior=0
[inst] req=15966208 hits=5417445 fwd=10302 rows=10547899 fwd_ms=601228.6 eval=0 prior=0
[inst] req=15974400 hits=5420347 fwd=10308 rows=10554043 fwd_ms=601563.6 eval=0 prior=0
[inst] req=15982592 hits=5423232 fwd=10313 rows=10559163 fwd_ms=601843.0 eval=0 prior=0
[inst] req=15990784 hits=5426126 fwd=10318 rows=10564283 fwd_ms=602122.2 eval=0 prior=0
[inst] req=15998976 hits=5429022 fwd=10323 rows=10569403 fwd_ms=602401.3 eval=0 prior=0
[inst] req=16007168 hits=5431841 fwd=10328 rows=10574523 fwd_ms=602680.5 eval=0 prior=0
[inst] req=16015360 hits=5434688 fwd=10334 rows=10580667 fwd_ms=603015.6 eval=0 prior=0
[inst] req=16023552 hits=5437441 fwd=10339 rows=10585787 fwd_ms=603294.6 eval=0 prior=0
[inst] req=16031744 hits=5440317 fwd=10344 rows=10590907 fwd_ms=603573.7 eval=0 prior=0
[inst] req=16039936 hits=5443155 fwd=10349 rows=10596027 fwd_ms=603853.3 eval=0 prior=0
[inst] req=16048128 hits=5445972 fwd=10354 rows=10601147 fwd_ms=604132.6 eval=0 prior=0
[inst] req=16056320 hits=5448803 fwd=10360 rows=10607291 fwd_ms=604467.5 eval=0 prior=0
[inst] req=16064512 hits=5451579 fwd=10365 rows=10612411 fwd_ms=604746.7 eval=0 prior=0
[inst] req=16072704 hits=5454492 fwd=10370 rows=10617531 fwd_ms=605025.9 eval=0 prior=0
[inst] req=16080896 hits=5457485 fwd=10375 rows=10622651 fwd_ms=605305.1 eval=0 prior=0
[inst] req=16089088 hits=5460362 fwd=10380 rows=10627771 fwd_ms=605584.3 eval=0 prior=0
[inst] req=16097280 hits=5463194 fwd=10386 rows=10633915 fwd_ms=605919.5 eval=0 prior=0
[inst] req=16105472 hits=5466062 fwd=10391 rows=10639035 fwd_ms=606198.8 eval=0 prior=0
[inst] req=16113664 hits=5468776 fwd=10396 rows=10644155 fwd_ms=606478.2 eval=0 prior=0
[inst] req=16121856 hits=5471633 fwd=10401 rows=10649275 fwd_ms=606757.6 eval=0 prior=0
[inst] req=16130048 hits=5474508 fwd=10407 rows=10655419 fwd_ms=607092.8 eval=0 prior=0
[inst] req=16138240 hits=5477278 fwd=10412 rows=10660539 fwd_ms=607372.2 eval=0 prior=0
[inst] req=16146432 hits=5480137 fwd=10417 rows=10665658 fwd_ms=607651.6 eval=0 prior=0
[inst] req=16154624 hits=5483157 fwd=10422 rows=10670778 fwd_ms=607931.0 eval=0 prior=0
[inst] req=16162816 hits=5486116 fwd=10427 rows=10675898 fwd_ms=608210.3 eval=0 prior=0
[inst] req=16171008 hits=5488997 fwd=10432 rows=10681018 fwd_ms=608489.8 eval=0 prior=0
[inst] req=16179200 hits=5491943 fwd=10438 rows=10687162 fwd_ms=608825.0 eval=0 prior=0
[inst] req=16187392 hits=5494766 fwd=10443 rows=10692282 fwd_ms=609104.3 eval=0 prior=0
[inst] req=16195584 hits=5497569 fwd=10448 rows=10697402 fwd_ms=609383.8 eval=0 prior=0
[inst] req=16203776 hits=5500334 fwd=10453 rows=10702522 fwd_ms=609663.4 eval=0 prior=0
[inst] req=16211968 hits=5503085 fwd=10459 rows=10708666 fwd_ms=609998.5 eval=0 prior=0
[inst] req=16220160 hits=5505916 fwd=10464 rows=10713786 fwd_ms=610277.8 eval=0 prior=0
[inst] req=16228352 hits=5508587 fwd=10469 rows=10718906 fwd_ms=610557.2 eval=0 prior=0
[inst] req=16236544 hits=5511393 fwd=10475 rows=10725050 fwd_ms=610892.5 eval=0 prior=0
[inst] req=16244736 hits=5514019 fwd=10480 rows=10730170 fwd_ms=611172.0 eval=0 prior=0
[inst] req=16252928 hits=5516768 fwd=10485 rows=10735290 fwd_ms=611451.6 eval=0 prior=0
[inst] req=16261120 hits=5519551 fwd=10491 rows=10741434 fwd_ms=611787.0 eval=0 prior=0
[inst] req=16269312 hits=5522433 fwd=10496 rows=10746554 fwd_ms=612066.6 eval=0 prior=0
[inst] req=16277504 hits=5525349 fwd=10501 rows=10751674 fwd_ms=612346.0 eval=0 prior=0
[inst] req=16285696 hits=5528282 fwd=10506 rows=10756794 fwd_ms=612625.5 eval=0 prior=0
[inst] req=16293888 hits=5531159 fwd=10511 rows=10761914 fwd_ms=612904.8 eval=0 prior=0
[inst] req=16302080 hits=5534222 fwd=10516 rows=10767034 fwd_ms=613184.3 eval=0 prior=0
[inst] req=16310272 hits=5537093 fwd=10522 rows=10773178 fwd_ms=613519.5 eval=0 prior=0
[inst] req=16318464 hits=5539830 fwd=10527 rows=10778298 fwd_ms=613799.1 eval=0 prior=0
[inst] req=16326656 hits=5542710 fwd=10532 rows=10783418 fwd_ms=614078.7 eval=0 prior=0
[inst] req=16334848 hits=5545574 fwd=10537 rows=10788538 fwd_ms=614358.3 eval=0 prior=0
[inst] req=16343040 hits=5548540 fwd=10542 rows=10793658 fwd_ms=614637.7 eval=0 prior=0
[inst] req=16351232 hits=5551328 fwd=10548 rows=10799802 fwd_ms=614973.1 eval=0 prior=0
[inst] req=16359424 hits=5554248 fwd=10553 rows=10804922 fwd_ms=615252.7 eval=0 prior=0
[inst] req=16367616 hits=5557003 fwd=10558 rows=10810042 fwd_ms=615532.1 eval=0 prior=0
[inst] req=16375808 hits=5559822 fwd=10563 rows=10815162 fwd_ms=615811.5 eval=0 prior=0
[inst] req=16384000 hits=5562734 fwd=10568 rows=10820282 fwd_ms=616091.0 eval=0 prior=0
[inst] req=16392192 hits=5565608 fwd=10574 rows=10826426 fwd_ms=616426.4 eval=0 prior=0
[inst] req=16400384 hits=5568426 fwd=10579 rows=10831546 fwd_ms=616705.7 eval=0 prior=0
[inst] req=16408576 hits=5571165 fwd=10584 rows=10836666 fwd_ms=616985.1 eval=0 prior=0
[inst] req=16416768 hits=5573946 fwd=10590 rows=10842810 fwd_ms=617320.6 eval=0 prior=0
[inst] req=16424960 hits=5576857 fwd=10595 rows=10847930 fwd_ms=617600.1 eval=0 prior=0
[inst] req=16433152 hits=5579732 fwd=10600 rows=10853050 fwd_ms=617879.7 eval=0 prior=0
[inst] req=16441344 hits=5582625 fwd=10605 rows=10858170 fwd_ms=618159.0 eval=0 prior=0
[inst] req=16449536 hits=5585478 fwd=10610 rows=10863290 fwd_ms=618438.4 eval=0 prior=0
[inst] req=16457728 hits=5588273 fwd=10616 rows=10869434 fwd_ms=618773.9 eval=0 prior=0
[inst] req=16465920 hits=5591112 fwd=10621 rows=10874554 fwd_ms=619053.3 eval=0 prior=0
[inst] req=16474112 hits=5593937 fwd=10626 rows=10879674 fwd_ms=619332.7 eval=0 prior=0
[inst] req=16482304 hits=5596706 fwd=10631 rows=10884794 fwd_ms=619612.0 eval=0 prior=0
[inst] req=16490496 hits=5599544 fwd=10637 rows=10890938 fwd_ms=619947.2 eval=0 prior=0
[inst] req=16498688 hits=5602400 fwd=10642 rows=10896058 fwd_ms=620226.8 eval=0 prior=0
[inst] req=16506880 hits=5605366 fwd=10647 rows=10901178 fwd_ms=620506.3 eval=0 prior=0
[inst] req=16515072 hits=5608279 fwd=10652 rows=10906298 fwd_ms=620785.7 eval=0 prior=0
[inst] req=16523264 hits=5611273 fwd=10657 rows=10911418 fwd_ms=621065.3 eval=0 prior=0
[inst] req=16531456 hits=5614297 fwd=10662 rows=10916538 fwd_ms=621345.0 eval=0 prior=0
[inst] req=16539648 hits=5617067 fwd=10667 rows=10921658 fwd_ms=621624.5 eval=0 prior=0
[inst] req=16547840 hits=5619959 fwd=10673 rows=10927802 fwd_ms=621960.1 eval=0 prior=0
[inst] req=16556032 hits=5622830 fwd=10678 rows=10932922 fwd_ms=622239.5 eval=0 prior=0
[inst] req=16564224 hits=5625697 fwd=10683 rows=10938042 fwd_ms=622518.9 eval=0 prior=0
[inst] req=16572416 hits=5628587 fwd=10688 rows=10943162 fwd_ms=622798.2 eval=0 prior=0
[inst] req=16580608 hits=5631404 fwd=10693 rows=10948282 fwd_ms=623077.7 eval=0 prior=0
[inst] req=16588800 hits=5634273 fwd=10699 rows=10954426 fwd_ms=623412.8 eval=0 prior=0
[inst] req=16596992 hits=5637074 fwd=10704 rows=10959546 fwd_ms=623692.2 eval=0 prior=0
[inst] req=16605184 hits=5639932 fwd=10709 rows=10964666 fwd_ms=623971.7 eval=0 prior=0
[inst] req=16613376 hits=5642803 fwd=10714 rows=10969786 fwd_ms=624251.1 eval=0 prior=0
[inst] req=16621568 hits=5645682 fwd=10719 rows=10974906 fwd_ms=624530.3 eval=0 prior=0
[inst] req=16629760 hits=5648782 fwd=10724 rows=10980026 fwd_ms=624809.9 eval=0 prior=0
[inst] req=16637952 hits=5651667 fwd=10730 rows=10986170 fwd_ms=625145.2 eval=0 prior=0
[inst] req=16646144 hits=5654476 fwd=10735 rows=10991290 fwd_ms=625424.7 eval=0 prior=0
[inst] req=16654336 hits=5657225 fwd=10740 rows=10996410 fwd_ms=625704.6 eval=0 prior=0
[inst] req=16662528 hits=5660129 fwd=10745 rows=11001530 fwd_ms=625984.1 eval=0 prior=0
[inst] req=16670720 hits=5662984 fwd=10751 rows=11007674 fwd_ms=626319.4 eval=0 prior=0
[inst] req=16678912 hits=5665744 fwd=10756 rows=11012794 fwd_ms=626598.8 eval=0 prior=0
[inst] req=16687104 hits=5668576 fwd=10761 rows=11017914 fwd_ms=626878.2 eval=0 prior=0
[inst] req=16695296 hits=5671302 fwd=10766 rows=11023034 fwd_ms=627157.6 eval=0 prior=0
[inst] req=16703488 hits=5674193 fwd=10772 rows=11029178 fwd_ms=627493.1 eval=0 prior=0
[inst] req=16711680 hits=5676989 fwd=10777 rows=11034298 fwd_ms=627772.5 eval=0 prior=0
[inst] req=16719872 hits=5679840 fwd=10782 rows=11039418 fwd_ms=628052.1 eval=0 prior=0
[inst] req=16728064 hits=5682737 fwd=10787 rows=11044538 fwd_ms=628331.7 eval=0 prior=0
[inst] req=16736256 hits=5685622 fwd=10792 rows=11049658 fwd_ms=628611.0 eval=0 prior=0
[inst] req=16744448 hits=5688367 fwd=10798 rows=11055802 fwd_ms=628946.3 eval=0 prior=0
[inst] req=16752640 hits=5691287 fwd=10803 rows=11060922 fwd_ms=629225.6 eval=0 prior=0
[inst] req=16760832 hits=5694097 fwd=10808 rows=11066042 fwd_ms=629505.1 eval=0 prior=0
[inst] req=16769024 hits=5696895 fwd=10813 rows=11071162 fwd_ms=629784.3 eval=0 prior=0
[inst] req=16777216 hits=5699701 fwd=10819 rows=11077306 fwd_ms=630119.5 eval=0 prior=0
[inst] req=16785408 hits=5702619 fwd=10824 rows=11082426 fwd_ms=630399.2 eval=0 prior=0
[inst] req=16793600 hits=5705554 fwd=10829 rows=11087546 fwd_ms=630678.5 eval=0 prior=0
[inst] req=16801792 hits=5708435 fwd=10834 rows=11092666 fwd_ms=630958.1 eval=0 prior=0
[inst] req=16809984 hits=5711397 fwd=10839 rows=11097786 fwd_ms=631237.5 eval=0 prior=0
[inst] req=16818176 hits=5714265 fwd=10844 rows=11102906 fwd_ms=631517.0 eval=0 prior=0
[inst] req=16826368 hits=5717102 fwd=10850 rows=11109050 fwd_ms=631852.0 eval=0 prior=0
[inst] req=16834560 hits=5719978 fwd=10855 rows=11114170 fwd_ms=632131.3 eval=0 prior=0
[inst] req=16842752 hits=5722827 fwd=10860 rows=11119290 fwd_ms=632410.8 eval=0 prior=0
[inst] req=16850944 hits=5725735 fwd=10865 rows=11124410 fwd_ms=632690.3 eval=0 prior=0
[inst] req=16859136 hits=5728593 fwd=10870 rows=11129530 fwd_ms=632969.8 eval=0 prior=0
[inst] req=16867328 hits=5731296 fwd=10876 rows=11135674 fwd_ms=633305.1 eval=0 prior=0
[inst] req=16875520 hits=5734151 fwd=10881 rows=11140793 fwd_ms=633584.6 eval=0 prior=0
[inst] req=16883712 hits=5736899 fwd=10886 rows=11145913 fwd_ms=633863.9 eval=0 prior=0
[inst] req=16891904 hits=5739741 fwd=10892 rows=11152057 fwd_ms=634199.3 eval=0 prior=0
[inst] req=16900096 hits=5742504 fwd=10897 rows=11157177 fwd_ms=634478.7 eval=0 prior=0
[inst] req=16908288 hits=5745310 fwd=10902 rows=11162297 fwd_ms=634758.0 eval=0 prior=0
[inst] req=16916480 hits=5748128 fwd=10907 rows=11167417 fwd_ms=635037.3 eval=0 prior=0
[inst] req=16924672 hits=5750950 fwd=10913 rows=11173561 fwd_ms=635372.6 eval=0 prior=0
[inst] req=16932864 hits=5753744 fwd=10918 rows=11178681 fwd_ms=635652.1 eval=0 prior=0
[inst] req=16941056 hits=5756445 fwd=10923 rows=11183801 fwd_ms=635931.4 eval=0 prior=0
[inst] req=16949248 hits=5759229 fwd=10929 rows=11189945 fwd_ms=636266.6 eval=0 prior=0
[inst] req=16957440 hits=5762187 fwd=10934 rows=11195065 fwd_ms=636546.1 eval=0 prior=0
[inst] req=16965632 hits=5764959 fwd=10939 rows=11200185 fwd_ms=636825.3 eval=0 prior=0
[inst] req=16973824 hits=5767744 fwd=10944 rows=11205305 fwd_ms=637104.7 eval=0 prior=0
[inst] req=16982016 hits=5770526 fwd=10950 rows=11211449 fwd_ms=637440.0 eval=0 prior=0
[inst] req=16990208 hits=5773385 fwd=10955 rows=11216569 fwd_ms=637719.5 eval=0 prior=0
[inst] req=16998400 hits=5776244 fwd=10960 rows=11221689 fwd_ms=637998.9 eval=0 prior=0
[inst] req=17006592 hits=5779215 fwd=10965 rows=11226809 fwd_ms=638278.4 eval=0 prior=0
[inst] req=17014784 hits=5782120 fwd=10970 rows=11231929 fwd_ms=638557.9 eval=0 prior=0
[inst] req=17022976 hits=5785096 fwd=10975 rows=11237049 fwd_ms=638837.5 eval=0 prior=0
[inst] req=17031168 hits=5787997 fwd=10980 rows=11242169 fwd_ms=639116.8 eval=0 prior=0
[inst] req=17039360 hits=5790751 fwd=10986 rows=11248313 fwd_ms=639452.0 eval=0 prior=0
[inst] req=17047552 hits=5793612 fwd=10991 rows=11253433 fwd_ms=639731.5 eval=0 prior=0
[inst] req=17055744 hits=5796402 fwd=10996 rows=11258553 fwd_ms=640011.0 eval=0 prior=0
[inst] req=17063936 hits=5799233 fwd=11002 rows=11264697 fwd_ms=640346.4 eval=0 prior=0
[inst] req=17072128 hits=5802083 fwd=11007 rows=11269817 fwd_ms=640625.5 eval=0 prior=0
[inst] req=17080320 hits=5804882 fwd=11012 rows=11274937 fwd_ms=640904.8 eval=0 prior=0
[inst] req=17088512 hits=5807769 fwd=11017 rows=11280057 fwd_ms=641184.3 eval=0 prior=0
[inst] req=17096704 hits=5810706 fwd=11022 rows=11285177 fwd_ms=641463.7 eval=0 prior=0
[inst] req=17104896 hits=5813642 fwd=11027 rows=11290297 fwd_ms=641743.2 eval=0 prior=0
[inst] req=17113088 hits=5816483 fwd=11033 rows=11296441 fwd_ms=642078.3 eval=0 prior=0
[inst] req=17121280 hits=5819331 fwd=11038 rows=11301561 fwd_ms=642357.7 eval=0 prior=0
[inst] req=17129472 hits=5822162 fwd=11043 rows=11306681 fwd_ms=642637.2 eval=0 prior=0
[inst] req=17137664 hits=5825056 fwd=11048 rows=11311801 fwd_ms=642916.6 eval=0 prior=0
[inst] req=17145856 hits=5827787 fwd=11054 rows=11317945 fwd_ms=643251.8 eval=0 prior=0
[inst] req=17154048 hits=5830768 fwd=11059 rows=11323065 fwd_ms=643531.5 eval=0 prior=0
[inst] req=17162240 hits=5833753 fwd=11064 rows=11328185 fwd_ms=643811.1 eval=0 prior=0
[inst] req=17170432 hits=5836642 fwd=11069 rows=11333305 fwd_ms=644090.5 eval=0 prior=0
[inst] req=17178624 hits=5839497 fwd=11074 rows=11338425 fwd_ms=644369.9 eval=0 prior=0
[inst] req=17186816 hits=5842369 fwd=11079 rows=11343545 fwd_ms=644649.4 eval=0 prior=0
[inst] req=17195008 hits=5845165 fwd=11085 rows=11349689 fwd_ms=644984.5 eval=0 prior=0
[inst] req=17203200 hits=5848041 fwd=11090 rows=11354809 fwd_ms=645264.0 eval=0 prior=0
[inst] req=17211392 hits=5850842 fwd=11095 rows=11359929 fwd_ms=645543.4 eval=0 prior=0
[inst] req=17219584 hits=5853630 fwd=11100 rows=11365049 fwd_ms=645822.9 eval=0 prior=0
[inst] req=17227776 hits=5856365 fwd=11106 rows=11371193 fwd_ms=646158.6 eval=0 prior=0
[inst] req=17235968 hits=5859187 fwd=11111 rows=11376313 fwd_ms=646438.5 eval=0 prior=0
[inst] req=17244160 hits=5862041 fwd=11116 rows=11381433 fwd_ms=646718.4 eval=0 prior=0
[inst] req=17252352 hits=5864923 fwd=11121 rows=11386553 fwd_ms=646998.0 eval=0 prior=0
[inst] req=17260544 hits=5867996 fwd=11126 rows=11391673 fwd_ms=647277.6 eval=0 prior=0
[inst] req=17268736 hits=5870839 fwd=11132 rows=11397817 fwd_ms=647613.0 eval=0 prior=0
[inst] req=17276928 hits=5873718 fwd=11137 rows=11402937 fwd_ms=647892.5 eval=0 prior=0
[inst] req=17285120 hits=5876501 fwd=11142 rows=11408057 fwd_ms=648171.9 eval=0 prior=0
[inst] req=17293312 hits=5879366 fwd=11147 rows=11413177 fwd_ms=648451.4 eval=0 prior=0
[inst] req=17301504 hits=5882129 fwd=11153 rows=11419321 fwd_ms=648786.7 eval=0 prior=0
[inst] req=17309696 hits=5884918 fwd=11158 rows=11424441 fwd_ms=649066.1 eval=0 prior=0
[inst] req=17317888 hits=5887748 fwd=11163 rows=11429561 fwd_ms=649345.6 eval=0 prior=0
[inst] req=17326080 hits=5890749 fwd=11168 rows=11434681 fwd_ms=649624.9 eval=0 prior=0
[inst] req=17334272 hits=5893485 fwd=11173 rows=11439801 fwd_ms=649904.2 eval=0 prior=0
[inst] req=17342464 hits=5896438 fwd=11179 rows=11445945 fwd_ms=650239.5 eval=0 prior=0
[inst] req=17350656 hits=5899341 fwd=11184 rows=11451065 fwd_ms=650519.2 eval=0 prior=0
[inst] req=17358848 hits=5902138 fwd=11189 rows=11456185 fwd_ms=650798.7 eval=0 prior=0
[inst] req=17367040 hits=5904987 fwd=11194 rows=11461305 fwd_ms=651077.9 eval=0 prior=0
[inst] req=17375232 hits=5907789 fwd=11199 rows=11466425 fwd_ms=651357.4 eval=0 prior=0
[inst] req=17383424 hits=5910797 fwd=11205 rows=11472569 fwd_ms=651692.8 eval=0 prior=0
[inst] req=17391616 hits=5913749 fwd=11210 rows=11477689 fwd_ms=651972.1 eval=0 prior=0
[inst] req=17399808 hits=5916797 fwd=11215 rows=11482809 fwd_ms=652251.7 eval=0 prior=0
[inst] req=17408000 hits=5919673 fwd=11220 rows=11487929 fwd_ms=652531.1 eval=0 prior=0
[inst] req=17416192 hits=5922482 fwd=11225 rows=11493049 fwd_ms=652810.7 eval=0 prior=0
[inst] req=17424384 hits=5925324 fwd=11230 rows=11498169 fwd_ms=653090.3 eval=0 prior=0
[inst] req=17432576 hits=5928158 fwd=11236 rows=11504313 fwd_ms=653425.5 eval=0 prior=0
[inst] req=17440768 hits=5930910 fwd=11241 rows=11509433 fwd_ms=653705.0 eval=0 prior=0
[inst] req=17448960 hits=5933837 fwd=11246 rows=11514553 fwd_ms=653984.5 eval=0 prior=0
[inst] req=17457152 hits=5936706 fwd=11251 rows=11519673 fwd_ms=654264.1 eval=0 prior=0
[inst] req=17465344 hits=5939489 fwd=11257 rows=11525817 fwd_ms=654599.5 eval=0 prior=0
[inst] req=17473536 hits=5942320 fwd=11262 rows=11530937 fwd_ms=654878.8 eval=0 prior=0
[inst] req=17481728 hits=5945119 fwd=11267 rows=11536057 fwd_ms=655158.0 eval=0 prior=0
[inst] req=17489920 hits=5948064 fwd=11272 rows=11541177 fwd_ms=655437.5 eval=0 prior=0
[inst] req=17498112 hits=5950877 fwd=11277 rows=11546297 fwd_ms=655716.8 eval=0 prior=0
[inst] req=17506304 hits=5953903 fwd=11282 rows=11551417 fwd_ms=655996.1 eval=0 prior=0
[inst] req=17514496 hits=5956842 fwd=11288 rows=11557561 fwd_ms=656331.4 eval=0 prior=0
[inst] req=17522688 hits=5960049 fwd=11292 rows=11561657 fwd_ms=656554.9 eval=0 prior=0
[inst] req=17530880 hits=5963088 fwd=11297 rows=11566777 fwd_ms=656834.4 eval=0 prior=0
[inst] req=17539072 hits=5965996 fwd=11303 rows=11572921 fwd_ms=657169.6 eval=0 prior=0
[inst] req=17547264 hits=5968868 fwd=11308 rows=11578041 fwd_ms=657449.0 eval=0 prior=0
[inst] req=17555456 hits=5971758 fwd=11313 rows=11583161 fwd_ms=657728.5 eval=0 prior=0
[inst] req=17563648 hits=5974638 fwd=11318 rows=11588281 fwd_ms=658007.9 eval=0 prior=0
[inst] req=17571840 hits=5977594 fwd=11323 rows=11593401 fwd_ms=658287.2 eval=0 prior=0
[inst] req=17580032 hits=5980594 fwd=11328 rows=11598521 fwd_ms=658566.8 eval=0 prior=0
[inst] req=17588224 hits=5983457 fwd=11334 rows=11604665 fwd_ms=658901.9 eval=0 prior=0
[inst] req=17596416 hits=5986261 fwd=11339 rows=11609785 fwd_ms=659181.0 eval=0 prior=0
[inst] req=17604608 hits=5989039 fwd=11344 rows=11614905 fwd_ms=659460.2 eval=0 prior=0
[inst] req=17612800 hits=5991839 fwd=11349 rows=11620025 fwd_ms=659739.6 eval=0 prior=0
[inst] req=17620992 hits=5994735 fwd=11355 rows=11626169 fwd_ms=660074.7 eval=0 prior=0
[inst] req=17629184 hits=5997638 fwd=11360 rows=11631289 fwd_ms=660354.1 eval=0 prior=0
[inst] req=17637376 hits=6000757 fwd=11365 rows=11636409 fwd_ms=660633.4 eval=0 prior=0
[inst] req=17645568 hits=6003666 fwd=11370 rows=11641529 fwd_ms=660912.9 eval=0 prior=0
[inst] req=17653760 hits=6006457 fwd=11375 rows=11646649 fwd_ms=661192.1 eval=0 prior=0
[inst] req=17661952 hits=6009460 fwd=11380 rows=11651769 fwd_ms=661471.4 eval=0 prior=0
[inst] req=17670144 hits=6012366 fwd=11385 rows=11656889 fwd_ms=661750.6 eval=0 prior=0
[inst] req=17678336 hits=6015246 fwd=11391 rows=11663033 fwd_ms=662085.8 eval=0 prior=0
[inst] req=17686528 hits=6018165 fwd=11396 rows=11668153 fwd_ms=662364.9 eval=0 prior=0
[inst] req=17694720 hits=6021037 fwd=11401 rows=11673273 fwd_ms=662644.4 eval=0 prior=0
[inst] req=17702912 hits=6023893 fwd=11406 rows=11678393 fwd_ms=662923.7 eval=0 prior=0
[inst] req=17711104 hits=6026832 fwd=11411 rows=11683513 fwd_ms=663203.1 eval=0 prior=0
[inst] req=17719296 hits=6029854 fwd=11416 rows=11688633 fwd_ms=663482.5 eval=0 prior=0
[inst] req=17727488 hits=6032671 fwd=11422 rows=11694777 fwd_ms=663817.8 eval=0 prior=0
[inst] req=17735680 hits=6035713 fwd=11427 rows=11699897 fwd_ms=664097.0 eval=0 prior=0
[inst] req=17743872 hits=6038642 fwd=11432 rows=11705017 fwd_ms=664376.4 eval=0 prior=0
[inst] req=17752064 hits=6041570 fwd=11437 rows=11710137 fwd_ms=664655.6 eval=0 prior=0
[inst] req=17760256 hits=6044371 fwd=11442 rows=11715257 fwd_ms=664934.8 eval=0 prior=0
[inst] req=17768448 hits=6047517 fwd=11447 rows=11720377 fwd_ms=665214.0 eval=0 prior=0
[inst] req=17776640 hits=6050590 fwd=11452 rows=11725497 fwd_ms=665493.5 eval=0 prior=0
[inst] req=17784832 hits=6053497 fwd=11457 rows=11730617 fwd_ms=665772.7 eval=0 prior=0
[inst] req=17793024 hits=6056574 fwd=11462 rows=11735737 fwd_ms=666052.0 eval=0 prior=0
[inst] req=17801216 hits=6059410 fwd=11467 rows=11740857 fwd_ms=666331.3 eval=0 prior=0
[inst] req=17809408 hits=6062202 fwd=11473 rows=11747001 fwd_ms=666666.5 eval=0 prior=0
[inst] req=17817600 hits=6065152 fwd=11478 rows=11752121 fwd_ms=666945.7 eval=0 prior=0
[inst] req=17825792 hits=6067973 fwd=11483 rows=11757241 fwd_ms=667224.8 eval=0 prior=0
[inst] req=17833984 hits=6070868 fwd=11488 rows=11762361 fwd_ms=667504.0 eval=0 prior=0
[inst] req=17842176 hits=6073798 fwd=11493 rows=11767481 fwd_ms=667783.3 eval=0 prior=0
[inst] req=17850368 hits=6076865 fwd=11498 rows=11772601 fwd_ms=668062.5 eval=0 prior=0
[inst] req=17858560 hits=6079697 fwd=11504 rows=11778745 fwd_ms=668397.7 eval=0 prior=0
[inst] req=17866752 hits=6082442 fwd=11509 rows=11783865 fwd_ms=668677.2 eval=0 prior=0
[inst] req=17874944 hits=6085272 fwd=11514 rows=11788985 fwd_ms=668956.7 eval=0 prior=0
[inst] req=17883136 hits=6088245 fwd=11519 rows=11794105 fwd_ms=669236.4 eval=0 prior=0
[inst] req=17891328 hits=6091146 fwd=11524 rows=11799225 fwd_ms=669516.1 eval=0 prior=0
[inst] req=17899520 hits=6093994 fwd=11530 rows=11805369 fwd_ms=669851.4 eval=0 prior=0
[inst] req=17907712 hits=6096758 fwd=11535 rows=11810489 fwd_ms=670130.7 eval=0 prior=0
[inst] req=17915904 hits=6099656 fwd=11540 rows=11815609 fwd_ms=670410.0 eval=0 prior=0
[inst] req=17924096 hits=6102590 fwd=11545 rows=11820729 fwd_ms=670689.2 eval=0 prior=0
[inst] req=17932288 hits=6105524 fwd=11550 rows=11825849 fwd_ms=670968.8 eval=0 prior=0
[inst] req=17940480 hits=6108407 fwd=11556 rows=11831993 fwd_ms=671304.0 eval=0 prior=0
[inst] req=17948672 hits=6111459 fwd=11561 rows=11837113 fwd_ms=671583.6 eval=0 prior=0
[inst] req=17956864 hits=6114271 fwd=11566 rows=11842233 fwd_ms=671863.1 eval=0 prior=0
[inst] req=17965056 hits=6117209 fwd=11571 rows=11847353 fwd_ms=672142.8 eval=0 prior=0
[inst] req=17973248 hits=6120085 fwd=11576 rows=11852473 fwd_ms=672422.2 eval=0 prior=0
[inst] req=17981440 hits=6122966 fwd=11581 rows=11857593 fwd_ms=672701.7 eval=0 prior=0
[inst] req=17989632 hits=6125804 fwd=11587 rows=11863737 fwd_ms=673036.8 eval=0 prior=0
[inst] req=17997824 hits=6128693 fwd=11592 rows=11868857 fwd_ms=673316.2 eval=0 prior=0
[inst] req=18006016 hits=6131599 fwd=11597 rows=11873977 fwd_ms=673595.4 eval=0 prior=0
[inst] req=18014208 hits=6134441 fwd=11602 rows=11879097 fwd_ms=673874.7 eval=0 prior=0
[inst] req=18022400 hits=6137307 fwd=11607 rows=11884217 fwd_ms=674154.0 eval=0 prior=0
[inst] req=18030592 hits=6140259 fwd=11612 rows=11889337 fwd_ms=674433.2 eval=0 prior=0
[inst] req=18038784 hits=6143148 fwd=11618 rows=11895481 fwd_ms=674768.4 eval=0 prior=0
[inst] req=18046976 hits=6146151 fwd=11623 rows=11900601 fwd_ms=675047.8 eval=0 prior=0
[inst] req=18055168 hits=6149059 fwd=11628 rows=11905721 fwd_ms=675327.2 eval=0 prior=0
[inst] req=18063360 hits=6152012 fwd=11633 rows=11910841 fwd_ms=675606.8 eval=0 prior=0
[inst] req=18071552 hits=6155041 fwd=11638 rows=11915961 fwd_ms=675886.2 eval=0 prior=0
[inst] req=18079744 hits=6157881 fwd=11643 rows=11921081 fwd_ms=676165.4 eval=0 prior=0
[inst] req=18087936 hits=6160813 fwd=11648 rows=11926201 fwd_ms=676444.9 eval=0 prior=0
[inst] req=18096128 hits=6163704 fwd=11654 rows=11932345 fwd_ms=676780.2 eval=0 prior=0
[inst] req=18104320 hits=6166637 fwd=11659 rows=11937465 fwd_ms=677059.8 eval=0 prior=0
[inst] req=18112512 hits=6169433 fwd=11664 rows=11942585 fwd_ms=677339.3 eval=0 prior=0
[inst] req=18120704 hits=6172247 fwd=11669 rows=11947705 fwd_ms=677618.9 eval=0 prior=0
[inst] req=18128896 hits=6175121 fwd=11674 rows=11952825 fwd_ms=677898.3 eval=0 prior=0
[inst] req=18137088 hits=6177907 fwd=11680 rows=11958969 fwd_ms=678233.5 eval=0 prior=0
[inst] req=18145280 hits=6180981 fwd=11685 rows=11964089 fwd_ms=678512.9 eval=0 prior=0
[inst] req=18153472 hits=6183907 fwd=11690 rows=11969209 fwd_ms=678792.4 eval=0 prior=0
[inst] req=18161664 hits=6186885 fwd=11695 rows=11974329 fwd_ms=679071.9 eval=0 prior=0
[inst] req=18169856 hits=6189605 fwd=11700 rows=11979449 fwd_ms=679351.2 eval=0 prior=0
[inst] req=18178048 hits=6192344 fwd=11706 rows=11985593 fwd_ms=679686.6 eval=0 prior=0
[inst] req=18186240 hits=6195275 fwd=11711 rows=11990712 fwd_ms=679965.9 eval=0 prior=0
[inst] req=18194432 hits=6198062 fwd=11716 rows=11995832 fwd_ms=680245.3 eval=0 prior=0
[inst] req=18202624 hits=6200932 fwd=11721 rows=12000952 fwd_ms=680524.6 eval=0 prior=0
[inst] req=18210816 hits=6203907 fwd=11726 rows=12006072 fwd_ms=680804.1 eval=0 prior=0
[inst] req=18219008 hits=6206891 fwd=11731 rows=12011192 fwd_ms=681083.9 eval=0 prior=0
[inst] req=18227200 hits=6209744 fwd=11737 rows=12017336 fwd_ms=681419.3 eval=0 prior=0
[inst] req=18235392 hits=6212586 fwd=11742 rows=12022456 fwd_ms=681699.0 eval=0 prior=0
[inst] req=18243584 hits=6215389 fwd=11747 rows=12027576 fwd_ms=681978.7 eval=0 prior=0
[inst] req=18251776 hits=6218388 fwd=11752 rows=12032696 fwd_ms=682258.4 eval=0 prior=0
[inst] req=18259968 hits=6221366 fwd=11757 rows=12037816 fwd_ms=682538.2 eval=0 prior=0
[inst] req=18268160 hits=6224145 fwd=11763 rows=12043960 fwd_ms=682873.8 eval=0 prior=0
[inst] req=18276352 hits=6226972 fwd=11768 rows=12049080 fwd_ms=683153.4 eval=0 prior=0
[inst] req=18284544 hits=6229754 fwd=11773 rows=12054200 fwd_ms=683433.0 eval=0 prior=0
[inst] req=18292736 hits=6232568 fwd=11778 rows=12059320 fwd_ms=683712.7 eval=0 prior=0
[inst] req=18300928 hits=6235364 fwd=11784 rows=12065464 fwd_ms=684047.9 eval=0 prior=0
[inst] req=18309120 hits=6238115 fwd=11789 rows=12070584 fwd_ms=684327.5 eval=0 prior=0
[inst] req=18317312 hits=6241106 fwd=11794 rows=12075704 fwd_ms=684606.8 eval=0 prior=0
[inst] req=18325504 hits=6243924 fwd=11799 rows=12080824 fwd_ms=685053.7 eval=0 prior=0
[inst] req=18333696 hits=6246648 fwd=11805 rows=12086968 fwd_ms=685876.2 eval=0 prior=0
[inst] req=18341888 hits=6249468 fwd=11810 rows=12092088 fwd_ms=686468.4 eval=0 prior=0
[inst] req=18350080 hits=6252187 fwd=11815 rows=12097208 fwd_ms=687089.9 eval=0 prior=0
[inst] req=18358272 hits=6254839 fwd=11821 rows=12103352 fwd_ms=687747.2 eval=0 prior=0
[inst] req=18366464 hits=6257644 fwd=11826 rows=12108472 fwd_ms=688349.0 eval=0 prior=0
[inst] req=18374656 hits=6260428 fwd=11831 rows=12113592 fwd_ms=688991.4 eval=0 prior=0
[inst] req=18382848 hits=6263336 fwd=11836 rows=12118712 fwd_ms=689743.5 eval=0 prior=0
[inst] req=18391040 hits=6266237 fwd=11841 rows=12123832 fwd_ms=690346.7 eval=0 prior=0
[inst] req=18399232 hits=6269088 fwd=11847 rows=12129976 fwd_ms=691194.6 eval=0 prior=0
[inst] req=18407424 hits=6271972 fwd=11852 rows=12134920 fwd_ms=691861.0 eval=0 prior=0
[inst] req=18415616 hits=6274708 fwd=11857 rows=12140040 fwd_ms=692605.2 eval=0 prior=0
[inst] req=18423808 hits=6277427 fwd=11863 rows=12146184 fwd_ms=693441.5 eval=0 prior=0
[inst] req=18432000 hits=6280288 fwd=11868 rows=12151304 fwd_ms=694119.2 eval=0 prior=0
[inst] req=18440192 hits=6283115 fwd=11873 rows=12156380 fwd_ms=694861.4 eval=0 prior=0
[inst] req=18448384 hits=6286204 fwd=11878 rows=12161500 fwd_ms=695461.4 eval=0 prior=0
[inst] req=18456576 hits=6289283 fwd=11883 rows=12166620 fwd_ms=696064.8 eval=0 prior=0
[inst] req=18464768 hits=6292395 fwd=11888 rows=12171740 fwd_ms=696653.0 eval=0 prior=0
[inst] req=18472960 hits=6295385 fwd=11893 rows=12176860 fwd_ms=697182.6 eval=0 prior=0
[inst] req=18481152 hits=6298462 fwd=11898 rows=12181980 fwd_ms=697763.0 eval=0 prior=0
[inst] req=18489344 hits=6301490 fwd=11903 rows=12187100 fwd_ms=698400.7 eval=0 prior=0
[inst] req=18497536 hits=6304591 fwd=11908 rows=12192220 fwd_ms=699093.4 eval=0 prior=0
[inst] req=18505728 hits=6308010 fwd=11913 rows=12197340 fwd_ms=699698.1 eval=0 prior=0
[inst] req=18513920 hits=6311781 fwd=11917 rows=12201436 fwd_ms=700210.4 eval=0 prior=0
[inst] req=18522112 hits=6315605 fwd=11921 rows=12205532 fwd_ms=700650.0 eval=0 prior=0
[inst] req=18530304 hits=6319538 fwd=11926 rows=12210652 fwd_ms=701277.6 eval=0 prior=0
[inst] req=18538496 hits=6323482 fwd=11930 rows=12214748 fwd_ms=701784.1 eval=0 prior=0
[inst] req=18546688 hits=6327395 fwd=11934 rows=12218844 fwd_ms=702392.3 eval=0 prior=0
[inst] req=18554880 hits=6331301 fwd=11938 rows=12222940 fwd_ms=702953.7 eval=0 prior=0
[inst] req=18563072 hits=6335174 fwd=11942 rows=12227036 fwd_ms=703460.7 eval=0 prior=0
[inst] req=18571264 hits=6338962 fwd=11947 rows=12232156 fwd_ms=703741.9 eval=0 prior=0
[inst] req=18579456 hits=6342753 fwd=11951 rows=12236252 fwd_ms=703967.2 eval=0 prior=0
[inst] req=18587648 hits=6346848 fwd=11955 rows=12240348 fwd_ms=704192.8 eval=0 prior=0
[inst] req=18595840 hits=6350584 fwd=11959 rows=12244444 fwd_ms=704425.5 eval=0 prior=0
[inst] req=18604032 hits=6351503 fwd=11966 rows=12251612 fwd_ms=704824.7 eval=0 prior=0
[inst] req=18612224 hits=6352418 fwd=11974 rows=12259804 fwd_ms=705271.2 eval=0 prior=0
[inst] req=18620416 hits=6353592 fwd=11980 rows=12265948 fwd_ms=705606.1 eval=0 prior=0
[inst] req=18628608 hits=6355203 fwd=11987 rows=12273116 fwd_ms=705996.8 eval=0 prior=0
[inst] req=18636800 hits=6357047 fwd=11993 rows=12279260 fwd_ms=706331.5 eval=0 prior=0
[inst] req=18644992 hits=6359315 fwd=11999 rows=12285404 fwd_ms=706666.3 eval=0 prior=0
[inst] req=18653184 hits=6361800 fwd=12004 rows=12290524 fwd_ms=706945.4 eval=0 prior=0
[inst] req=18661376 hits=6364781 fwd=12009 rows=12295644 fwd_ms=707224.4 eval=0 prior=0
[inst] req=18669568 hits=6368116 fwd=12014 rows=12300764 fwd_ms=707503.4 eval=0 prior=0
[inst] req=18677760 hits=6372068 fwd=12018 rows=12304860 fwd_ms=707726.5 eval=0 prior=0
[inst] req=18685952 hits=6376780 fwd=12022 rows=12308956 fwd_ms=707949.8 eval=0 prior=0
[inst] req=18694144 hits=6382366 fwd=12024 rows=12311004 fwd_ms=708061.3 eval=0 prior=0
[inst] req=18702336 hits=6386808 fwd=12028 rows=12315099 fwd_ms=708284.6 eval=0 prior=0
[inst] req=18710528 hits=6390731 fwd=12032 rows=12319195 fwd_ms=708507.8 eval=0 prior=0
[inst] req=18718720 hits=6394550 fwd=12036 rows=12323291 fwd_ms=708731.2 eval=0 prior=0
[inst] req=18726912 hits=6398013 fwd=12041 rows=12328411 fwd_ms=709010.3 eval=0 prior=0
[inst] req=18735104 hits=6401319 fwd=12046 rows=12333531 fwd_ms=709289.5 eval=0 prior=0
[inst] req=18743296 hits=6404650 fwd=12050 rows=12337627 fwd_ms=709512.7 eval=0 prior=0
[inst] req=18751488 hits=6407693 fwd=12056 rows=12343771 fwd_ms=709847.7 eval=0 prior=0
[inst] req=18759680 hits=6410784 fwd=12061 rows=12348891 fwd_ms=710126.8 eval=0 prior=0
[inst] req=18767872 hits=6413789 fwd=12066 rows=12354011 fwd_ms=710405.9 eval=0 prior=0
[inst] req=18776064 hits=6416691 fwd=12071 rows=12359131 fwd_ms=710685.0 eval=0 prior=0
[inst] req=18784256 hits=6419708 fwd=12076 rows=12364251 fwd_ms=710963.9 eval=0 prior=0
[inst] req=18792448 hits=6422974 fwd=12081 rows=12369371 fwd_ms=711243.0 eval=0 prior=0
[inst] req=18800640 hits=6426561 fwd=12085 rows=12373467 fwd_ms=711466.2 eval=0 prior=0
[inst] req=18808832 hits=6430809 fwd=12089 rows=12377563 fwd_ms=711689.4 eval=0 prior=0
[inst] req=18817024 hits=6435005 fwd=12093 rows=12381659 fwd_ms=711912.6 eval=0 prior=0
[inst] req=18825216 hits=6439506 fwd=12096 rows=12384731 fwd_ms=712080.0 eval=0 prior=0
[inst] req=18833408 hits=6444223 fwd=12100 rows=12388814 fwd_ms=712311.3 eval=0 prior=0
[inst] req=18841600 hits=6448983 fwd=12103 rows=12391886 fwd_ms=712478.9 eval=0 prior=0
[inst] req=18849792 hits=6453519 fwd=12107 rows=12395982 fwd_ms=712702.3 eval=0 prior=0
[inst] req=18857984 hits=6457933 fwd=12110 rows=12399054 fwd_ms=712870.0 eval=0 prior=0
[inst] req=18866176 hits=6462308 fwd=12114 rows=12403150 fwd_ms=713093.5 eval=0 prior=0
[inst] req=18874368 hits=6466511 fwd=12118 rows=12407246 fwd_ms=713317.1 eval=0 prior=0
[inst] req=18882560 hits=6470429 fwd=12122 rows=12411342 fwd_ms=713540.9 eval=0 prior=0
[inst] req=18890752 hits=6474239 fwd=12127 rows=12416462 fwd_ms=713820.3 eval=0 prior=0
[inst] req=18898944 hits=6477739 fwd=12131 rows=12420558 fwd_ms=714043.9 eval=0 prior=0
[inst] req=18907136 hits=6481337 fwd=12136 rows=12425678 fwd_ms=714323.4 eval=0 prior=0
[inst] req=18915328 hits=6484726 fwd=12140 rows=12429774 fwd_ms=714546.9 eval=0 prior=0
[inst] req=18923520 hits=6488006 fwd=12145 rows=12434894 fwd_ms=714826.3 eval=0 prior=0
[inst] req=18931712 hits=6491578 fwd=12150 rows=12440014 fwd_ms=715105.6 eval=0 prior=0
[inst] req=18939904 hits=6494995 fwd=12154 rows=12444110 fwd_ms=715329.0 eval=0 prior=0
[inst] req=18948096 hits=6498533 fwd=12159 rows=12449230 fwd_ms=715608.1 eval=0 prior=0
[inst] req=18956288 hits=6502156 fwd=12163 rows=12453326 fwd_ms=715831.5 eval=0 prior=0
[inst] req=18964480 hits=6506035 fwd=12167 rows=12457422 fwd_ms=716054.8 eval=0 prior=0
[inst] req=18972672 hits=6510068 fwd=12172 rows=12462542 fwd_ms=716333.8 eval=0 prior=0
[inst] req=18980864 hits=6514007 fwd=12176 rows=12466638 fwd_ms=716557.2 eval=0 prior=0
[inst] req=18989056 hits=6517979 fwd=12180 rows=12470734 fwd_ms=716780.5 eval=0 prior=0
[inst] req=18997248 hits=6522099 fwd=12184 rows=12474830 fwd_ms=717003.7 eval=0 prior=0
[inst] req=19005440 hits=6526324 fwd=12188 rows=12478926 fwd_ms=717227.1 eval=0 prior=0
[inst] req=19013632 hits=6530552 fwd=12192 rows=12483022 fwd_ms=717450.3 eval=0 prior=0
[inst] req=19021824 hits=6534643 fwd=12196 rows=12487118 fwd_ms=717673.5 eval=0 prior=0
[inst] req=19030016 hits=6538827 fwd=12199 rows=12490185 fwd_ms=717841.0 eval=0 prior=0
[inst] req=19038208 hits=6543056 fwd=12203 rows=12494242 fwd_ms=718070.1 eval=0 prior=0
[inst] req=19046400 hits=6547138 fwd=12207 rows=12498338 fwd_ms=718293.4 eval=0 prior=0
[inst] req=19054592 hits=6550863 fwd=12212 rows=12503458 fwd_ms=718572.5 eval=0 prior=0
[inst] req=19062784 hits=6555002 fwd=12216 rows=12507554 fwd_ms=718795.6 eval=0 prior=0
[inst] req=19070976 hits=6558713 fwd=12220 rows=12511650 fwd_ms=719019.1 eval=0 prior=0
[inst] req=19079168 hits=6562277 fwd=12225 rows=12516770 fwd_ms=719298.3 eval=0 prior=0
[inst] req=19087360 hits=6565930 fwd=12229 rows=12520866 fwd_ms=719521.8 eval=0 prior=0
[inst] req=19095552 hits=6569405 fwd=12234 rows=12525986 fwd_ms=719801.0 eval=0 prior=0
[inst] req=19103744 hits=6572932 fwd=12238 rows=12530082 fwd_ms=720024.6 eval=0 prior=0
[inst] req=19111936 hits=6576430 fwd=12243 rows=12535202 fwd_ms=720303.8 eval=0 prior=0
[inst] req=19120128 hits=6580254 fwd=12247 rows=12539298 fwd_ms=720527.5 eval=0 prior=0
[inst] req=19128320 hits=6584402 fwd=12251 rows=12543394 fwd_ms=720751.0 eval=0 prior=0
[inst] req=19136512 hits=6588321 fwd=12255 rows=12547490 fwd_ms=720974.5 eval=0 prior=0
[inst] req=19144704 hits=6591996 fwd=12260 rows=12552610 fwd_ms=721253.9 eval=0 prior=0
[inst] req=19152896 hits=6596007 fwd=12264 rows=12556706 fwd_ms=721477.5 eval=0 prior=0
[inst] req=19161088 hits=6600099 fwd=12268 rows=12560802 fwd_ms=721701.1 eval=0 prior=0
[inst] req=19169280 hits=6603988 fwd=12272 rows=12564898 fwd_ms=721924.6 eval=0 prior=0
[inst] req=19177472 hits=6607880 fwd=12276 rows=12568994 fwd_ms=722148.3 eval=0 prior=0
[inst] req=19185664 hits=6611664 fwd=12280 rows=12573090 fwd_ms=722371.8 eval=0 prior=0
[inst] req=19193856 hits=6615883 fwd=12284 rows=12577186 fwd_ms=722595.5 eval=0 prior=0
[inst] req=19202048 hits=6619916 fwd=12288 rows=12581282 fwd_ms=722819.0 eval=0 prior=0
[inst] req=19210240 hits=6624119 fwd=12292 rows=12585378 fwd_ms=723042.6 eval=0 prior=0
[inst] req=19218432 hits=6627869 fwd=12297 rows=12590498 fwd_ms=723321.9 eval=0 prior=0
[inst] req=19226624 hits=6631905 fwd=12301 rows=12594594 fwd_ms=723545.5 eval=0 prior=0
[inst] req=19234816 hits=6635788 fwd=12305 rows=12598690 fwd_ms=723769.1 eval=0 prior=0
[inst] req=19243008 hits=6639549 fwd=12309 rows=12602786 fwd_ms=723992.8 eval=0 prior=0
[inst] req=19251200 hits=6643207 fwd=12314 rows=12607906 fwd_ms=724272.3 eval=0 prior=0
[inst] req=19259392 hits=6647166 fwd=12318 rows=12612002 fwd_ms=724496.0 eval=0 prior=0
[inst] req=19267584 hits=6650980 fwd=12322 rows=12616098 fwd_ms=724719.7 eval=0 prior=0
[inst] req=19275776 hits=6654782 fwd=12326 rows=12620194 fwd_ms=724943.3 eval=0 prior=0
[inst] req=19283968 hits=6658555 fwd=12331 rows=12625314 fwd_ms=725223.1 eval=0 prior=0
[inst] req=19292160 hits=6662632 fwd=12335 rows=12629410 fwd_ms=725446.6 eval=0 prior=0
[inst] req=19300352 hits=6666497 fwd=12339 rows=12633506 fwd_ms=725670.2 eval=0 prior=0
[inst] req=19308544 hits=6670221 fwd=12343 rows=12637602 fwd_ms=725893.7 eval=0 prior=0
[inst] req=19316736 hits=6674115 fwd=12347 rows=12641698 fwd_ms=726117.3 eval=0 prior=0
[inst] req=19324928 hits=6677930 fwd=12352 rows=12646818 fwd_ms=726396.7 eval=0 prior=0
[inst] req=19333120 hits=6681913 fwd=12356 rows=12650914 fwd_ms=726620.4 eval=0 prior=0
[inst] req=19341312 hits=6685937 fwd=12360 rows=12655010 fwd_ms=726844.1 eval=0 prior=0
[inst] req=19349504 hits=6689621 fwd=12364 rows=12659106 fwd_ms=727067.6 eval=0 prior=0
[inst] req=19357696 hits=6693578 fwd=12368 rows=12663202 fwd_ms=727291.5 eval=0 prior=0
[inst] req=19365888 hits=6697580 fwd=12372 rows=12667298 fwd_ms=727515.1 eval=0 prior=0
[inst] req=19374080 hits=6701554 fwd=12377 rows=12672417 fwd_ms=727794.6 eval=0 prior=0
[inst] req=19382272 hits=6705504 fwd=12381 rows=12676513 fwd_ms=728018.3 eval=0 prior=0
[inst] req=19390464 hits=6709505 fwd=12385 rows=12680609 fwd_ms=728241.9 eval=0 prior=0
[inst] req=19398656 hits=6713360 fwd=12389 rows=12684705 fwd_ms=728465.4 eval=0 prior=0
[inst] req=19406848 hits=6717263 fwd=12393 rows=12688801 fwd_ms=728689.0 eval=0 prior=0
[inst] req=19415040 hits=6721168 fwd=12397 rows=12692897 fwd_ms=728912.5 eval=0 prior=0
[inst] req=19423232 hits=6725218 fwd=12401 rows=12696992 fwd_ms=729136.0 eval=0 prior=0
[inst] req=19431424 hits=6729193 fwd=12406 rows=12702112 fwd_ms=729415.5 eval=0 prior=0
[inst] req=19439616 hits=6733198 fwd=12410 rows=12706208 fwd_ms=729639.1 eval=0 prior=0
[inst] req=19447808 hits=6737154 fwd=12414 rows=12710304 fwd_ms=729862.7 eval=0 prior=0
[inst] req=19456000 hits=6741152 fwd=12418 rows=12714400 fwd_ms=730086.3 eval=0 prior=0
[inst] req=19464192 hits=6744826 fwd=12422 rows=12718496 fwd_ms=730309.8 eval=0 prior=0
[inst] req=19472384 hits=6748769 fwd=12426 rows=12722592 fwd_ms=730533.5 eval=0 prior=0
[inst] req=19480576 hits=6752465 fwd=12431 rows=12727712 fwd_ms=730813.0 eval=0 prior=0
[inst] req=19488768 hits=6756365 fwd=12435 rows=12731808 fwd_ms=731036.6 eval=0 prior=0
[inst] req=19496960 hits=6760365 fwd=12439 rows=12735904 fwd_ms=731260.2 eval=0 prior=0
[inst] req=19505152 hits=6764310 fwd=12443 rows=12740000 fwd_ms=731484.0 eval=0 prior=0
[inst] req=19513344 hits=6768188 fwd=12448 rows=12745120 fwd_ms=731763.5 eval=0 prior=0
[inst] req=19521536 hits=6771902 fwd=12452 rows=12749216 fwd_ms=731987.2 eval=0 prior=0
[inst] req=19529728 hits=6775561 fwd=12456 rows=12753312 fwd_ms=732210.7 eval=0 prior=0
[inst] req=19537920 hits=6779349 fwd=12461 rows=12758432 fwd_ms=732490.2 eval=0 prior=0
[inst] req=19546112 hits=6783332 fwd=12465 rows=12762528 fwd_ms=732714.0 eval=0 prior=0
[inst] req=19554304 hits=6787330 fwd=12469 rows=12766624 fwd_ms=732937.6 eval=0 prior=0
[inst] req=19562496 hits=6791221 fwd=12473 rows=12770720 fwd_ms=733161.2 eval=0 prior=0
[inst] req=19570688 hits=6794919 fwd=12477 rows=12774816 fwd_ms=733384.7 eval=0 prior=0
[inst] req=19578880 hits=6799053 fwd=12481 rows=12778912 fwd_ms=733608.2 eval=0 prior=0
[inst] req=19587072 hits=6802943 fwd=12486 rows=12784032 fwd_ms=733887.8 eval=0 prior=0
[inst] req=19595264 hits=6806732 fwd=12490 rows=12788128 fwd_ms=734111.4 eval=0 prior=0
[inst] req=19603456 hits=6810543 fwd=12494 rows=12792224 fwd_ms=734334.9 eval=0 prior=0
[inst] req=19611648 hits=6814436 fwd=12498 rows=12796320 fwd_ms=734558.3 eval=0 prior=0
[inst] req=19619840 hits=6818414 fwd=12502 rows=12800416 fwd_ms=734781.8 eval=0 prior=0
[inst] req=19628032 hits=6822167 fwd=12507 rows=12805536 fwd_ms=735061.3 eval=0 prior=0
[inst] req=19636224 hits=6826138 fwd=12511 rows=12809632 fwd_ms=735284.9 eval=0 prior=0
[inst] req=19644416 hits=6829911 fwd=12515 rows=12813728 fwd_ms=735508.6 eval=0 prior=0
[inst] req=19652608 hits=6833763 fwd=12519 rows=12817824 fwd_ms=735732.4 eval=0 prior=0
[inst] req=19660800 hits=6837804 fwd=12524 rows=12822944 fwd_ms=736011.9 eval=0 prior=0
[inst] req=19668992 hits=6841624 fwd=12528 rows=12827040 fwd_ms=736235.5 eval=0 prior=0
[inst] req=19677184 hits=6845531 fwd=12532 rows=12831136 fwd_ms=736458.9 eval=0 prior=0
[inst] req=19685376 hits=6849287 fwd=12536 rows=12835232 fwd_ms=736682.4 eval=0 prior=0
[inst] req=19693568 hits=6853329 fwd=12540 rows=12839328 fwd_ms=736906.0 eval=0 prior=0
[inst] req=19701760 hits=6857241 fwd=12545 rows=12844448 fwd_ms=737185.3 eval=0 prior=0
[inst] req=19709952 hits=6861002 fwd=12549 rows=12848544 fwd_ms=737408.8 eval=0 prior=0
[inst] req=19718144 hits=6864859 fwd=12553 rows=12852640 fwd_ms=737632.2 eval=0 prior=0
[inst] req=19726336 hits=6868746 fwd=12557 rows=12856735 fwd_ms=737855.9 eval=0 prior=0
[inst] req=19734528 hits=6872673 fwd=12561 rows=12860831 fwd_ms=738079.4 eval=0 prior=0
[inst] req=19742720 hits=6876548 fwd=12566 rows=12865951 fwd_ms=738358.8 eval=0 prior=0
[inst] req=19750912 hits=6880442 fwd=12570 rows=12870047 fwd_ms=738582.8 eval=0 prior=0
[inst] req=19759104 hits=6884575 fwd=12574 rows=12874143 fwd_ms=738806.4 eval=0 prior=0
[inst] req=19767296 hits=6888393 fwd=12578 rows=12878239 fwd_ms=739030.0 eval=0 prior=0
[inst] req=19775488 hits=6892505 fwd=12582 rows=12882334 fwd_ms=739253.6 eval=0 prior=0
[inst] req=19783680 hits=6896390 fwd=12586 rows=12886430 fwd_ms=739477.2 eval=0 prior=0
[inst] req=19791872 hits=6900438 fwd=12590 rows=12890526 fwd_ms=739701.2 eval=0 prior=0
[inst] req=19800064 hits=6904308 fwd=12595 rows=12895646 fwd_ms=739981.0 eval=0 prior=0
[inst] req=19808256 hits=6907897 fwd=12599 rows=12899742 fwd_ms=740204.9 eval=0 prior=0
[inst] req=19816448 hits=6911623 fwd=12603 rows=12903838 fwd_ms=740428.8 eval=0 prior=0
[inst] req=19824640 hits=6915650 fwd=12608 rows=12908957 fwd_ms=740708.8 eval=0 prior=0
[inst] req=19832832 hits=6919537 fwd=12612 rows=12913053 fwd_ms=740932.7 eval=0 prior=0
[inst] req=19841024 hits=6923553 fwd=12616 rows=12917149 fwd_ms=741156.5 eval=0 prior=0
[inst] req=19849216 hits=6927569 fwd=12620 rows=12921245 fwd_ms=741380.1 eval=0 prior=0
[inst] req=19857408 hits=6931450 fwd=12624 rows=12925341 fwd_ms=741603.8 eval=0 prior=0
[inst] req=19865600 hits=6935440 fwd=12628 rows=12929437 fwd_ms=741827.5 eval=0 prior=0
[inst] req=19873792 hits=6939355 fwd=12632 rows=12933533 fwd_ms=742051.2 eval=0 prior=0
[inst] req=19881984 hits=6943226 fwd=12637 rows=12938653 fwd_ms=742330.8 eval=0 prior=0
[inst] req=19890176 hits=6947328 fwd=12641 rows=12942749 fwd_ms=742554.4 eval=0 prior=0
[inst] req=19898368 hits=6951333 fwd=12645 rows=12946845 fwd_ms=742778.1 eval=0 prior=0
[inst] req=19906560 hits=6955243 fwd=12649 rows=12950941 fwd_ms=743001.9 eval=0 prior=0
[inst] req=19914752 hits=6959056 fwd=12653 rows=12955037 fwd_ms=743225.3 eval=0 prior=0
[inst] req=19922944 hits=6962914 fwd=12657 rows=12959133 fwd_ms=743448.8 eval=0 prior=0
[inst] req=19931136 hits=6966883 fwd=12661 rows=12963229 fwd_ms=743672.3 eval=0 prior=0
[inst] req=19939328 hits=6970682 fwd=12666 rows=12968349 fwd_ms=743951.8 eval=0 prior=0
[inst] req=19947520 hits=6974515 fwd=12670 rows=12972445 fwd_ms=744175.3 eval=0 prior=0
[inst] req=19955712 hits=6978503 fwd=12674 rows=12976541 fwd_ms=744399.0 eval=0 prior=0
[inst] req=19963904 hits=6982297 fwd=12678 rows=12980637 fwd_ms=744622.6 eval=0 prior=0
[inst] req=19972096 hits=6986404 fwd=12682 rows=12984733 fwd_ms=744846.3 eval=0 prior=0
[inst] req=19980288 hits=6990421 fwd=12687 rows=12989853 fwd_ms=745125.9 eval=0 prior=0
[inst] req=19988480 hits=6994573 fwd=12690 rows=12992925 fwd_ms=745293.6 eval=0 prior=0
[inst] req=19996672 hits=6998529 fwd=12695 rows=12998045 fwd_ms=745573.2 eval=0 prior=0
[inst] req=20004864 hits=7002469 fwd=12699 rows=13002141 fwd_ms=745796.8 eval=0 prior=0
[inst] req=20013056 hits=7006070 fwd=12703 rows=13006237 fwd_ms=746020.5 eval=0 prior=0
[inst] req=20021248 hits=7010050 fwd=12707 rows=13010333 fwd_ms=746244.0 eval=0 prior=0
[inst] req=20029440 hits=7014255 fwd=12711 rows=13014429 fwd_ms=746467.7 eval=0 prior=0
[inst] req=20037632 hits=7018300 fwd=12715 rows=13018525 fwd_ms=746691.2 eval=0 prior=0
[inst] req=20045824 hits=7022180 fwd=12719 rows=13022621 fwd_ms=746914.7 eval=0 prior=0
[inst] req=20054016 hits=7026180 fwd=12724 rows=13027741 fwd_ms=747194.2 eval=0 prior=0
[inst] req=20062208 hits=7030101 fwd=12728 rows=13031837 fwd_ms=747417.7 eval=0 prior=0
[inst] req=20070400 hits=7034060 fwd=12732 rows=13035933 fwd_ms=747641.4 eval=0 prior=0
[inst] req=20078592 hits=7037921 fwd=12736 rows=13040029 fwd_ms=747864.9 eval=0 prior=0
[inst] req=20086784 hits=7042005 fwd=12740 rows=13044125 fwd_ms=748088.6 eval=0 prior=0
[inst] req=20094976 hits=7045899 fwd=12744 rows=13048221 fwd_ms=748312.1 eval=0 prior=0
[inst] req=20103168 hits=7049965 fwd=12748 rows=13052317 fwd_ms=748535.6 eval=0 prior=0
[inst] req=20111360 hits=7053712 fwd=12753 rows=13057437 fwd_ms=748815.1 eval=0 prior=0
[inst] req=20119552 hits=7057629 fwd=12757 rows=13061533 fwd_ms=749038.9 eval=0 prior=0
[inst] req=20127744 hits=7061362 fwd=12761 rows=13065629 fwd_ms=749262.4 eval=0 prior=0
[inst] req=20135936 hits=7065231 fwd=12765 rows=13069725 fwd_ms=749486.0 eval=0 prior=0
[inst] req=20144128 hits=7069137 fwd=12770 rows=13074845 fwd_ms=749765.4 eval=0 prior=0
[inst] req=20152320 hits=7072974 fwd=12774 rows=13078941 fwd_ms=749988.8 eval=0 prior=0
[inst] req=20160512 hits=7077058 fwd=12778 rows=13083037 fwd_ms=750212.2 eval=0 prior=0
[inst] req=20168704 hits=7081046 fwd=12782 rows=13087133 fwd_ms=750435.9 eval=0 prior=0
[inst] req=20176896 hits=7084901 fwd=12786 rows=13091229 fwd_ms=750659.4 eval=0 prior=0
[inst] req=20185088 hits=7088739 fwd=12790 rows=13095325 fwd_ms=750882.9 eval=0 prior=0
[inst] req=20193280 hits=7092759 fwd=12795 rows=13100445 fwd_ms=751162.2 eval=0 prior=0
[inst] req=20201472 hits=7096825 fwd=12799 rows=13104541 fwd_ms=751385.7 eval=0 prior=0
[inst] req=20209664 hits=7100611 fwd=12803 rows=13108637 fwd_ms=751609.1 eval=0 prior=0
[inst] req=20217856 hits=7105083 fwd=12807 rows=13112732 fwd_ms=751832.8 eval=0 prior=0
[inst] req=20226048 hits=7108940 fwd=12811 rows=13116828 fwd_ms=752056.3 eval=0 prior=0
[inst] req=20234240 hits=7112874 fwd=12815 rows=13120924 fwd_ms=752279.9 eval=0 prior=0
[inst] req=20242432 hits=7116773 fwd=12819 rows=13125020 fwd_ms=752503.3 eval=0 prior=0
[inst] req=20250624 hits=7120709 fwd=12823 rows=13129116 fwd_ms=752726.8 eval=0 prior=0
[inst] req=20258816 hits=7124634 fwd=12827 rows=13133212 fwd_ms=752950.3 eval=0 prior=0
[inst] req=20267008 hits=7128599 fwd=12832 rows=13138332 fwd_ms=753229.8 eval=0 prior=0
[inst] req=20275200 hits=7132430 fwd=12836 rows=13142428 fwd_ms=753453.4 eval=0 prior=0
[inst] req=20283392 hits=7136349 fwd=12840 rows=13146524 fwd_ms=753677.0 eval=0 prior=0
[inst] req=20291584 hits=7140304 fwd=12844 rows=13150620 fwd_ms=753900.6 eval=0 prior=0
[inst] req=20299776 hits=7144270 fwd=12848 rows=13154716 fwd_ms=754124.3 eval=0 prior=0
[inst] req=20307968 hits=7148258 fwd=12852 rows=13158812 fwd_ms=754347.8 eval=0 prior=0
[inst] req=20316160 hits=7152084 fwd=12857 rows=13163932 fwd_ms=754627.2 eval=0 prior=0
[inst] req=20324352 hits=7156054 fwd=12861 rows=13168028 fwd_ms=754850.9 eval=0 prior=0
[inst] req=20332544 hits=7160030 fwd=12865 rows=13172124 fwd_ms=755074.6 eval=0 prior=0
[inst] req=20340736 hits=7163976 fwd=12869 rows=13176220 fwd_ms=755298.0 eval=0 prior=0
[inst] req=20348928 hits=7167800 fwd=12873 rows=13180316 fwd_ms=755521.6 eval=0 prior=0
[inst] req=20357120 hits=7171631 fwd=12878 rows=13185436 fwd_ms=755801.1 eval=0 prior=0
[inst] req=20365312 hits=7175738 fwd=12882 rows=13189531 fwd_ms=756024.7 eval=0 prior=0
[inst] req=20373504 hits=7179587 fwd=12886 rows=13193627 fwd_ms=756248.3 eval=0 prior=0
[inst] req=20381696 hits=7183341 fwd=12890 rows=13197723 fwd_ms=756471.9 eval=0 prior=0
[inst] req=20389888 hits=7187335 fwd=12894 rows=13201819 fwd_ms=756695.5 eval=0 prior=0
[inst] req=20398080 hits=7191556 fwd=12898 rows=13205915 fwd_ms=756919.0 eval=0 prior=0
[inst] req=20406272 hits=7195894 fwd=12902 rows=13210011 fwd_ms=757142.6 eval=0 prior=0
[inst] req=20414464 hits=7199846 fwd=12906 rows=13214107 fwd_ms=757366.1 eval=0 prior=0
[inst] req=20422656 hits=7203790 fwd=12910 rows=13218203 fwd_ms=757589.6 eval=0 prior=0
[inst] req=20430848 hits=7207452 fwd=12915 rows=13223323 fwd_ms=757869.1 eval=0 prior=0
[inst] req=20439040 hits=7211402 fwd=12919 rows=13227419 fwd_ms=758092.9 eval=0 prior=0
[inst] req=20447232 hits=7215248 fwd=12923 rows=13231515 fwd_ms=758316.4 eval=0 prior=0
[inst] req=20455424 hits=7218961 fwd=12927 rows=13235611 fwd_ms=758540.0 eval=0 prior=0
[inst] req=20463616 hits=7222955 fwd=12931 rows=13239707 fwd_ms=758763.6 eval=0 prior=0
[inst] req=20471808 hits=7226867 fwd=12936 rows=13244827 fwd_ms=759043.0 eval=0 prior=0
[inst] req=20480000 hits=7230772 fwd=12940 rows=13248923 fwd_ms=759266.6 eval=0 prior=0
[inst] req=20488192 hits=7234748 fwd=12944 rows=13253019 fwd_ms=759490.1 eval=0 prior=0
[inst] req=20496384 hits=7238703 fwd=12948 rows=13257115 fwd_ms=759713.7 eval=0 prior=0
[inst] req=20504576 hits=7242599 fwd=12952 rows=13261211 fwd_ms=759937.3 eval=0 prior=0
[inst] req=20512768 hits=7246471 fwd=12956 rows=13265307 fwd_ms=760160.8 eval=0 prior=0
[inst] req=20520960 hits=7250190 fwd=12961 rows=13270427 fwd_ms=760440.2 eval=0 prior=0
[inst] req=20529152 hits=7253997 fwd=12965 rows=13274523 fwd_ms=760664.0 eval=0 prior=0
[inst] req=20537344 hits=7257765 fwd=12969 rows=13278619 fwd_ms=760887.6 eval=0 prior=0
[inst] req=20545536 hits=7261610 fwd=12974 rows=13283739 fwd_ms=761167.1 eval=0 prior=0
[inst] req=20553728 hits=7265824 fwd=12978 rows=13287835 fwd_ms=761390.6 eval=0 prior=0
[inst] req=20561920 hits=7269871 fwd=12982 rows=13291931 fwd_ms=761614.1 eval=0 prior=0
[inst] req=20570112 hits=7273902 fwd=12986 rows=13296027 fwd_ms=761837.7 eval=0 prior=0
[inst] req=20578304 hits=7277984 fwd=12990 rows=13300123 fwd_ms=762061.3 eval=0 prior=0
[inst] req=20586496 hits=7281558 fwd=12994 rows=13304219 fwd_ms=762284.9 eval=0 prior=0
[inst] req=20594688 hits=7285580 fwd=12998 rows=13308315 fwd_ms=762508.5 eval=0 prior=0
[inst] req=20602880 hits=7289544 fwd=13002 rows=13312411 fwd_ms=762732.1 eval=0 prior=0
[inst] req=20611072 hits=7293485 fwd=13007 rows=13317531 fwd_ms=763011.6 eval=0 prior=0
[inst] req=20619264 hits=7297582 fwd=13011 rows=13321627 fwd_ms=763235.1 eval=0 prior=0
[inst] req=20627456 hits=7301519 fwd=13015 rows=13325723 fwd_ms=763458.6 eval=0 prior=0
[inst] req=20635648 hits=7305279 fwd=13019 rows=13329819 fwd_ms=763682.2 eval=0 prior=0
[inst] req=20643840 hits=7308910 fwd=13023 rows=13333915 fwd_ms=763905.7 eval=0 prior=0
[inst] req=20652032 hits=7312771 fwd=13028 rows=13339035 fwd_ms=764184.9 eval=0 prior=0
[inst] req=20660224 hits=7316468 fwd=13032 rows=13343131 fwd_ms=764408.4 eval=0 prior=0
[inst] req=20668416 hits=7320467 fwd=13036 rows=13347227 fwd_ms=764631.9 eval=0 prior=0
[inst] req=20676608 hits=7324464 fwd=13040 rows=13351323 fwd_ms=764855.3 eval=0 prior=0
[inst] req=20684800 hits=7328288 fwd=13045 rows=13356443 fwd_ms=765134.7 eval=0 prior=0
[inst] req=20692992 hits=7332136 fwd=13049 rows=13360539 fwd_ms=765358.3 eval=0 prior=0
[inst] req=20701184 hits=7336111 fwd=13053 rows=13364635 fwd_ms=765582.1 eval=0 prior=0
[inst] req=20709376 hits=7339854 fwd=13057 rows=13368731 fwd_ms=765805.6 eval=0 prior=0
[inst] req=20717568 hits=7343751 fwd=13061 rows=13372827 fwd_ms=766029.0 eval=0 prior=0
[inst] req=20725760 hits=7347672 fwd=13066 rows=13377947 fwd_ms=766308.3 eval=0 prior=0
[inst] req=20733952 hits=7351466 fwd=13070 rows=13382043 fwd_ms=766531.8 eval=0 prior=0
[inst] req=20742144 hits=7355336 fwd=13074 rows=13386139 fwd_ms=766755.3 eval=0 prior=0
[inst] req=20750336 hits=7359390 fwd=13078 rows=13390235 fwd_ms=766978.9 eval=0 prior=0
[inst] req=20758528 hits=7363544 fwd=13082 rows=13394331 fwd_ms=767202.5 eval=0 prior=0
[inst] req=20766720 hits=7367630 fwd=13086 rows=13398427 fwd_ms=767426.1 eval=0 prior=0
[inst] req=20774912 hits=7371723 fwd=13090 rows=13402523 fwd_ms=767649.7 eval=0 prior=0
[inst] req=20783104 hits=7375666 fwd=13094 rows=13406619 fwd_ms=767873.2 eval=0 prior=0
[inst] req=20791296 hits=7379572 fwd=13098 rows=13410715 fwd_ms=768096.9 eval=0 prior=0
[inst] req=20799488 hits=7383280 fwd=13103 rows=13415835 fwd_ms=768376.2 eval=0 prior=0
[inst] req=20807680 hits=7387056 fwd=13107 rows=13419931 fwd_ms=768599.7 eval=0 prior=0
[inst] req=20815872 hits=7390869 fwd=13111 rows=13424027 fwd_ms=768823.2 eval=0 prior=0
[inst] req=20824064 hits=7394746 fwd=13116 rows=13429147 fwd_ms=769102.4 eval=0 prior=0
[inst] req=20832256 hits=7398713 fwd=13120 rows=13433243 fwd_ms=769326.1 eval=0 prior=0
[inst] req=20840448 hits=7402545 fwd=13124 rows=13437339 fwd_ms=769549.5 eval=0 prior=0
[inst] req=20848640 hits=7406295 fwd=13128 rows=13441435 fwd_ms=769773.0 eval=0 prior=0
[inst] req=20856832 hits=7410300 fwd=13132 rows=13445531 fwd_ms=769996.7 eval=0 prior=0
[inst] req=20865024 hits=7414020 fwd=13137 rows=13450651 fwd_ms=770276.1 eval=0 prior=0
[inst] req=20873216 hits=7417818 fwd=13141 rows=13454747 fwd_ms=770499.6 eval=0 prior=0
[inst] req=20881408 hits=7421450 fwd=13146 rows=13459867 fwd_ms=770778.9 eval=0 prior=0
[inst] req=20889600 hits=7425292 fwd=13150 rows=13463963 fwd_ms=771002.5 eval=0 prior=0
[inst] req=20897792 hits=7429140 fwd=13154 rows=13468059 fwd_ms=771226.1 eval=0 prior=0
[inst] req=20905984 hits=7433086 fwd=13158 rows=13472155 fwd_ms=771449.6 eval=0 prior=0
[inst] req=20914176 hits=7437226 fwd=13162 rows=13476251 fwd_ms=771673.0 eval=0 prior=0
[inst] req=20922368 hits=7441306 fwd=13166 rows=13480347 fwd_ms=771896.6 eval=0 prior=0
[inst] req=20930560 hits=7445301 fwd=13170 rows=13484443 fwd_ms=772120.3 eval=0 prior=0
[inst] req=20938752 hits=7449333 fwd=13174 rows=13488539 fwd_ms=772343.9 eval=0 prior=0
[inst] req=20946944 hits=7453165 fwd=13179 rows=13493659 fwd_ms=772623.3 eval=0 prior=0
[inst] req=20955136 hits=7457046 fwd=13183 rows=13497755 fwd_ms=772846.8 eval=0 prior=0
[inst] req=20963328 hits=7460956 fwd=13187 rows=13501851 fwd_ms=773070.3 eval=0 prior=0
[inst] req=20971520 hits=7464816 fwd=13191 rows=13505947 fwd_ms=773293.9 eval=0 prior=0
[inst] req=20979712 hits=7468744 fwd=13195 rows=13510043 fwd_ms=773517.4 eval=0 prior=0
[inst] req=20987904 hits=7472622 fwd=13200 rows=13515163 fwd_ms=773796.6 eval=0 prior=0
[inst] req=20996096 hits=7476322 fwd=13204 rows=13519259 fwd_ms=774020.2 eval=0 prior=0
[inst] req=21004288 hits=7479969 fwd=13208 rows=13523355 fwd_ms=774243.8 eval=0 prior=0
[inst] req=21012480 hits=7483748 fwd=13213 rows=13528475 fwd_ms=774523.0 eval=0 prior=0
[inst] req=21020672 hits=7487694 fwd=13217 rows=13532571 fwd_ms=774746.5 eval=0 prior=0
[inst] req=21028864 hits=7491636 fwd=13221 rows=13536667 fwd_ms=774970.0 eval=0 prior=0
[inst] req=21037056 hits=7495293 fwd=13225 rows=13540763 fwd_ms=775193.6 eval=0 prior=0
[inst] req=21045248 hits=7499151 fwd=13230 rows=13545883 fwd_ms=775472.9 eval=0 prior=0
[inst] req=21053440 hits=7503039 fwd=13234 rows=13549979 fwd_ms=775696.6 eval=0 prior=0
[inst] req=21061632 hits=7507002 fwd=13238 rows=13554075 fwd_ms=775920.1 eval=0 prior=0
[inst] req=21069824 hits=7511039 fwd=13242 rows=13558171 fwd_ms=776143.7 eval=0 prior=0
[inst] req=21078016 hits=7514979 fwd=13246 rows=13562267 fwd_ms=776367.1 eval=0 prior=0
[inst] req=21086208 hits=7519161 fwd=13250 rows=13566363 fwd_ms=776590.7 eval=0 prior=0
[inst] req=21094400 hits=7523227 fwd=13254 rows=13570459 fwd_ms=776814.3 eval=0 prior=0
[inst] req=21102592 hits=7527118 fwd=13258 rows=13574555 fwd_ms=777037.8 eval=0 prior=0
[inst] req=21110784 hits=7531221 fwd=13262 rows=13578651 fwd_ms=777261.3 eval=0 prior=0
[inst] req=21118976 hits=7535113 fwd=13267 rows=13583771 fwd_ms=777540.5 eval=0 prior=0
[inst] req=21127168 hits=7538856 fwd=13271 rows=13587867 fwd_ms=777764.0 eval=0 prior=0
[inst] req=21135360 hits=7542736 fwd=13275 rows=13591963 fwd_ms=777987.3 eval=0 prior=0
[inst] req=21143552 hits=7546565 fwd=13279 rows=13596059 fwd_ms=778210.7 eval=0 prior=0
[inst] req=21151744 hits=7550517 fwd=13284 rows=13601179 fwd_ms=778490.1 eval=0 prior=0
[inst] req=21159936 hits=7554643 fwd=13288 rows=13605275 fwd_ms=778713.7 eval=0 prior=0
[inst] req=21168128 hits=7558582 fwd=13292 rows=13609371 fwd_ms=778937.0 eval=0 prior=0
[inst] req=21176320 hits=7562477 fwd=13296 rows=13613467 fwd_ms=779160.5 eval=0 prior=0
[inst] req=21184512 hits=7566186 fwd=13300 rows=13617563 fwd_ms=779384.0 eval=0 prior=0
[inst] req=21192704 hits=7570124 fwd=13304 rows=13621659 fwd_ms=779607.5 eval=0 prior=0
[inst] req=21200896 hits=7573862 fwd=13309 rows=13626779 fwd_ms=779886.8 eval=0 prior=0
[inst] req=21209088 hits=7577796 fwd=13313 rows=13630875 fwd_ms=780110.4 eval=0 prior=0
[inst] req=21217280 hits=7581759 fwd=13317 rows=13634971 fwd_ms=780334.0 eval=0 prior=0
[inst] req=21225472 hits=7585643 fwd=13321 rows=13639067 fwd_ms=780557.6 eval=0 prior=0
[inst] req=21233664 hits=7589672 fwd=13325 rows=13643163 fwd_ms=780781.0 eval=0 prior=0
[inst] req=21241856 hits=7593579 fwd=13329 rows=13647259 fwd_ms=781004.5 eval=0 prior=0
[inst] req=21250048 hits=7597673 fwd=13333 rows=13651355 fwd_ms=781228.1 eval=0 prior=0
[inst] req=21258240 hits=7601732 fwd=13338 rows=13656475 fwd_ms=781507.4 eval=0 prior=0
[inst] req=21266432 hits=7605620 fwd=13342 rows=13660571 fwd_ms=781731.0 eval=0 prior=0
[inst] req=21274624 hits=7609595 fwd=13346 rows=13664667 fwd_ms=781954.5 eval=0 prior=0
[inst] req=21282816 hits=7613505 fwd=13350 rows=13668763 fwd_ms=782178.1 eval=0 prior=0
[inst] req=21291008 hits=7617580 fwd=13354 rows=13672859 fwd_ms=782401.6 eval=0 prior=0
[inst] req=21299200 hits=7621693 fwd=13358 rows=13676955 fwd_ms=782625.3 eval=0 prior=0
[inst] req=21307392 hits=7625523 fwd=13362 rows=13681051 fwd_ms=782848.6 eval=0 prior=0
[inst] req=21315584 hits=7629488 fwd=13366 rows=13685147 fwd_ms=783071.9 eval=0 prior=0
[inst] req=21323776 hits=7633442 fwd=13371 rows=13690267 fwd_ms=783351.3 eval=0 prior=0
[inst] req=21331968 hits=7637211 fwd=13375 rows=13694363 fwd_ms=783574.8 eval=0 prior=0
[inst] req=21340160 hits=7641089 fwd=13379 rows=13698459 fwd_ms=783798.3 eval=0 prior=0
[inst] req=21348352 hits=7645003 fwd=13383 rows=13702555 fwd_ms=784021.8 eval=0 prior=0
[inst] req=21356544 hits=7648822 fwd=13388 rows=13707675 fwd_ms=784301.2 eval=0 prior=0
[inst] req=21364736 hits=7652971 fwd=13391 rows=13710747 fwd_ms=784468.9 eval=0 prior=0
[inst] req=21372928 hits=7656942 fwd=13396 rows=13715867 fwd_ms=784748.3 eval=0 prior=0
[inst] req=21381120 hits=7660694 fwd=13400 rows=13719963 fwd_ms=784972.0 eval=0 prior=0
[inst] req=21389312 hits=7664606 fwd=13404 rows=13724059 fwd_ms=785195.6 eval=0 prior=0
[inst] req=21397504 hits=7668839 fwd=13408 rows=13728155 fwd_ms=785419.4 eval=0 prior=0
[inst] req=21405696 hits=7672873 fwd=13412 rows=13732251 fwd_ms=785643.2 eval=0 prior=0
[inst] req=21413888 hits=7677202 fwd=13416 rows=13736347 fwd_ms=785867.1 eval=0 prior=0
[inst] req=21422080 hits=7681440 fwd=13420 rows=13740443 fwd_ms=786090.7 eval=0 prior=0
[inst] req=21430272 hits=7685378 fwd=13424 rows=13744539 fwd_ms=786314.3 eval=0 prior=0
[inst] req=21438464 hits=7689449 fwd=13428 rows=13748635 fwd_ms=786538.0 eval=0 prior=0
[inst] req=21446656 hits=7693370 fwd=13432 rows=13752731 fwd_ms=786761.3 eval=0 prior=0
[inst] req=21454848 hits=7697346 fwd=13436 rows=13756827 fwd_ms=786984.9 eval=0 prior=0
[inst] req=21463040 hits=7701295 fwd=13440 rows=13760923 fwd_ms=787208.3 eval=0 prior=0
[inst] req=21471232 hits=7705204 fwd=13444 rows=13765019 fwd_ms=787431.8 eval=0 prior=0
[inst] req=21479424 hits=7709290 fwd=13448 rows=13769115 fwd_ms=787655.4 eval=0 prior=0
[inst] req=21487616 hits=7713071 fwd=13453 rows=13774235 fwd_ms=787934.5 eval=0 prior=0
[inst] req=21495808 hits=7716988 fwd=13457 rows=13778331 fwd_ms=788158.2 eval=0 prior=0
[inst] req=21504000 hits=7720788 fwd=13461 rows=13782427 fwd_ms=788381.6 eval=0 prior=0
[inst] req=21512192 hits=7724610 fwd=13466 rows=13787547 fwd_ms=788661.1 eval=0 prior=0
[inst] req=21520384 hits=7728721 fwd=13470 rows=13791643 fwd_ms=788884.6 eval=0 prior=0
[inst] req=21528576 hits=7732518 fwd=13474 rows=13795739 fwd_ms=789108.3 eval=0 prior=0
[inst] req=21536768 hits=7736586 fwd=13478 rows=13799835 fwd_ms=789332.0 eval=0 prior=0
[inst] req=21544960 hits=7740737 fwd=13482 rows=13803930 fwd_ms=789555.9 eval=0 prior=0
[inst] req=21553152 hits=7744753 fwd=13486 rows=13808026 fwd_ms=789779.4 eval=0 prior=0
[inst] req=21561344 hits=7748829 fwd=13490 rows=13812122 fwd_ms=790002.9 eval=0 prior=0
[inst] req=21569536 hits=7752681 fwd=13494 rows=13816218 fwd_ms=790226.6 eval=0 prior=0
[inst] req=21577728 hits=7756283 fwd=13499 rows=13821338 fwd_ms=790506.1 eval=0 prior=0
[inst] req=21585920 hits=7760399 fwd=13503 rows=13825434 fwd_ms=790729.7 eval=0 prior=0
[inst] req=21594112 hits=7764588 fwd=13506 rows=13828506 fwd_ms=790897.3 eval=0 prior=0
[inst] req=21602304 hits=7768489 fwd=13511 rows=13833626 fwd_ms=791176.8 eval=0 prior=0
[inst] req=21610496 hits=7772251 fwd=13515 rows=13837722 fwd_ms=791400.2 eval=0 prior=0
[inst] req=21618688 hits=7776161 fwd=13519 rows=13841818 fwd_ms=791623.8 eval=0 prior=0
[inst] req=21626880 hits=7780226 fwd=13523 rows=13845914 fwd_ms=791847.2 eval=0 prior=0
[inst] req=21635072 hits=7784039 fwd=13527 rows=13850010 fwd_ms=792070.8 eval=0 prior=0
[inst] req=21643264 hits=7787949 fwd=13532 rows=13855130 fwd_ms=792350.1 eval=0 prior=0
[inst] req=21651456 hits=7792008 fwd=13536 rows=13859226 fwd_ms=792573.4 eval=0 prior=0
[inst] req=21659648 hits=7796020 fwd=13540 rows=13863322 fwd_ms=792797.1 eval=0 prior=0
[inst] req=21667840 hits=7799949 fwd=13544 rows=13867418 fwd_ms=793020.6 eval=0 prior=0
[inst] req=21676032 hits=7803947 fwd=13548 rows=13871514 fwd_ms=793244.1 eval=0 prior=0
[inst] req=21684224 hits=7807851 fwd=13552 rows=13875610 fwd_ms=793467.7 eval=0 prior=0
[inst] req=21692416 hits=7811985 fwd=13556 rows=13879706 fwd_ms=793691.4 eval=0 prior=0
[inst] req=21700608 hits=7815866 fwd=13560 rows=13883802 fwd_ms=793915.0 eval=0 prior=0
[inst] req=21708800 hits=7819805 fwd=13565 rows=13888910 fwd_ms=794202.9 eval=0 prior=0
[inst] req=21716992 hits=7823780 fwd=13569 rows=13892984 fwd_ms=794434.6 eval=0 prior=0
[inst] req=21725184 hits=7827740 fwd=13573 rows=13897079 fwd_ms=794658.4 eval=0 prior=0
[inst] req=21733376 hits=7831698 fwd=13577 rows=13901175 fwd_ms=794881.9 eval=0 prior=0
[inst] req=21741568 hits=7835809 fwd=13581 rows=13905271 fwd_ms=795105.3 eval=0 prior=0
[inst] req=21749760 hits=7839840 fwd=13585 rows=13909367 fwd_ms=795328.9 eval=0 prior=0
[inst] req=21757952 hits=7843861 fwd=13589 rows=13913463 fwd_ms=795552.4 eval=0 prior=0
[inst] req=21766144 hits=7847768 fwd=13593 rows=13917559 fwd_ms=795775.9 eval=0 prior=0
[inst] req=21774336 hits=7851854 fwd=13597 rows=13921655 fwd_ms=795999.5 eval=0 prior=0
[inst] req=21782528 hits=7855607 fwd=13602 rows=13926775 fwd_ms=796278.8 eval=0 prior=0
[inst] req=21790720 hits=7859831 fwd=13606 rows=13930870 fwd_ms=796502.4 eval=0 prior=0
[inst] req=21798912 hits=7864008 fwd=13609 rows=13933942 fwd_ms=796670.0 eval=0 prior=0
[inst] req=21807104 hits=7868339 fwd=13613 rows=13938038 fwd_ms=796893.7 eval=0 prior=0
[inst] req=21815296 hits=7872350 fwd=13617 rows=13942134 fwd_ms=797117.5 eval=0 prior=0
[inst] req=21823488 hits=7876319 fwd=13621 rows=13946230 fwd_ms=797340.9 eval=0 prior=0
[inst] req=21831680 hits=7880340 fwd=13625 rows=13950326 fwd_ms=797748.0 eval=0 prior=0
[inst] req=21839872 hits=7884372 fwd=13630 rows=13955446 fwd_ms=798411.8 eval=0 prior=0
[inst] req=21848064 hits=7888205 fwd=13634 rows=13959542 fwd_ms=798914.3 eval=0 prior=0
[inst] req=21856256 hits=7892077 fwd=13638 rows=13963638 fwd_ms=799473.0 eval=0 prior=0
[inst] req=21864448 hits=7895972 fwd=13642 rows=13967734 fwd_ms=799871.9 eval=0 prior=0
[inst] req=21872640 hits=7899962 fwd=13646 rows=13971830 fwd_ms=800490.0 eval=0 prior=0
[inst] req=21880832 hits=7903805 fwd=13651 rows=13976950 fwd_ms=801098.9 eval=0 prior=0
[inst] req=21889024 hits=7907694 fwd=13655 rows=13981046 fwd_ms=801559.6 eval=0 prior=0
[inst] req=21897216 hits=7911666 fwd=13659 rows=13985142 fwd_ms=801957.9 eval=0 prior=0
[inst] req=21905408 hits=7915433 fwd=13663 rows=13989238 fwd_ms=802486.5 eval=0 prior=0
[inst] req=21913600 hits=7919377 fwd=13667 rows=13993334 fwd_ms=803023.4 eval=0 prior=0
[inst] req=21921792 hits=7923301 fwd=13672 rows=13998454 fwd_ms=803638.3 eval=0 prior=0
[inst] req=21929984 hits=7927348 fwd=13676 rows=14002550 fwd_ms=804009.3 eval=0 prior=0
[inst] req=21938176 hits=7931468 fwd=13680 rows=14006646 fwd_ms=804525.5 eval=0 prior=0
[inst] req=21946368 hits=7935710 fwd=13683 rows=14009718 fwd_ms=804996.7 eval=0 prior=0
[inst] req=21954560 hits=7940202 fwd=13687 rows=14013814 fwd_ms=805434.5 eval=0 prior=0
[inst] req=21962752 hits=7944632 fwd=13691 rows=14017909 fwd_ms=805956.5 eval=0 prior=0
[inst] req=21970944 hits=7948882 fwd=13695 rows=14022005 fwd_ms=806442.9 eval=0 prior=0
[inst] req=21979136 hits=7952936 fwd=13699 rows=14026101 fwd_ms=806909.1 eval=0 prior=0
[inst] req=21987328 hits=7957131 fwd=13702 rows=14029173 fwd_ms=807329.0 eval=0 prior=0
[inst] req=21995520 hits=7960845 fwd=13707 rows=14034293 fwd_ms=807962.7 eval=0 prior=0
[inst] req=22003712 hits=7964541 fwd=13711 rows=14038389 fwd_ms=808487.5 eval=0 prior=0
[inst] req=22011904 hits=7968072 fwd=13716 rows=14043509 fwd_ms=809136.6 eval=0 prior=0
[inst] req=22020096 hits=7971769 fwd=13720 rows=14047605 fwd_ms=809668.3 eval=0 prior=0
[inst] req=22028288 hits=7975368 fwd=13725 rows=14052725 fwd_ms=810261.2 eval=0 prior=0
[inst] req=22036480 hits=7979220 fwd=13729 rows=14056821 fwd_ms=810819.6 eval=0 prior=0
[inst] req=22044672 hits=7982834 fwd=13733 rows=14060917 fwd_ms=811364.9 eval=0 prior=0
[inst] req=22052864 hits=7986380 fwd=13738 rows=14066037 fwd_ms=811957.9 eval=0 prior=0
[inst] req=22061056 hits=7990020 fwd=13742 rows=14070133 fwd_ms=812430.5 eval=0 prior=0
[inst] req=22069248 hits=7993581 fwd=13747 rows=14075253 fwd_ms=813161.5 eval=0 prior=0
[inst] req=22077440 hits=7997342 fwd=13751 rows=14079349 fwd_ms=813530.1 eval=0 prior=0
[inst] req=22085632 hits=8001138 fwd=13756 rows=14084469 fwd_ms=814254.5 eval=0 prior=0
[inst] req=22093824 hits=8005191 fwd=13760 rows=14088565 fwd_ms=814676.9 eval=0 prior=0
[inst] req=22102016 hits=8009236 fwd=13764 rows=14092661 fwd_ms=815164.6 eval=0 prior=0
[inst] req=22110208 hits=8013136 fwd=13768 rows=14096757 fwd_ms=815692.0 eval=0 prior=0
[inst] req=22118400 hits=8017021 fwd=13772 rows=14100853 fwd_ms=816085.1 eval=0 prior=0
[inst] req=22126592 hits=8021008 fwd=13776 rows=14104949 fwd_ms=816310.9 eval=0 prior=0
[inst] req=22134784 hits=8024806 fwd=13780 rows=14109045 fwd_ms=816536.6 eval=0 prior=0
[inst] req=22142976 hits=8028570 fwd=13785 rows=14114165 fwd_ms=816818.8 eval=0 prior=0
[inst] req=22151168 hits=8032283 fwd=13789 rows=14118261 fwd_ms=817049.8 eval=0 prior=0
[inst] req=22159360 hits=8033041 fwd=13796 rows=14125429 fwd_ms=817444.8 eval=0 prior=0
[inst] req=22167552 hits=8034199 fwd=13803 rows=14132597 fwd_ms=817835.7 eval=0 prior=0
[inst] req=22175744 hits=8035582 fwd=13810 rows=14139765 fwd_ms=818226.7 eval=0 prior=0
[inst] req=22183936 hits=8037463 fwd=13816 rows=14145909 fwd_ms=818561.7 eval=0 prior=0
[inst] req=22192128 hits=8039726 fwd=13822 rows=14152053 fwd_ms=818896.8 eval=0 prior=0
[inst] req=22200320 hits=8042451 fwd=13827 rows=14157173 fwd_ms=819175.9 eval=0 prior=0
[inst] req=22208512 hits=8045590 fwd=13832 rows=14162293 fwd_ms=819455.1 eval=0 prior=0
[inst] req=22216704 hits=8048627 fwd=13837 rows=14167413 fwd_ms=819734.3 eval=0 prior=0
[inst] req=22224896 hits=8051873 fwd=13842 rows=14172533 fwd_ms=820013.4 eval=0 prior=0
[inst] req=22233088 hits=8055213 fwd=13847 rows=14177653 fwd_ms=820292.6 eval=0 prior=0
[inst] req=22241280 hits=8058899 fwd=13851 rows=14181749 fwd_ms=820515.9 eval=0 prior=0
[inst] req=22249472 hits=8063019 fwd=13855 rows=14185845 fwd_ms=820739.2 eval=0 prior=0
[inst] req=22257664 hits=8066807 fwd=13859 rows=14189941 fwd_ms=820962.8 eval=0 prior=0
[inst] req=22265856 hits=8070740 fwd=13864 rows=14195061 fwd_ms=821241.9 eval=0 prior=0
[inst] req=22274048 hits=8074581 fwd=13868 rows=14199157 fwd_ms=821465.4 eval=0 prior=0
[inst] req=22282240 hits=8078437 fwd=13872 rows=14203253 fwd_ms=821689.1 eval=0 prior=0
[inst] req=22290432 hits=8082070 fwd=13876 rows=14207349 fwd_ms=821912.5 eval=0 prior=0
[inst] req=22298624 hits=8085662 fwd=13881 rows=14212469 fwd_ms=822191.6 eval=0 prior=0
[inst] req=22306816 hits=8089150 fwd=13886 rows=14217589 fwd_ms=822471.1 eval=0 prior=0
[inst] req=22315008 hits=8092553 fwd=13890 rows=14221685 fwd_ms=822694.5 eval=0 prior=0
[inst] req=22323200 hits=8095958 fwd=13895 rows=14226805 fwd_ms=822973.6 eval=0 prior=0
[inst] req=22331392 hits=8099364 fwd=13900 rows=14231925 fwd_ms=823252.9 eval=0 prior=0
[inst] req=22339584 hits=8102955 fwd=13904 rows=14236021 fwd_ms=823476.4 eval=0 prior=0
[inst] req=22347776 hits=8106769 fwd=13908 rows=14240117 fwd_ms=823699.7 eval=0 prior=0
[inst] req=22355968 hits=8110744 fwd=13912 rows=14244213 fwd_ms=823923.2 eval=0 prior=0
[inst] req=22364160 hits=8114655 fwd=13917 rows=14249333 fwd_ms=824202.8 eval=0 prior=0
[inst] req=22372352 hits=8118622 fwd=13921 rows=14253429 fwd_ms=824426.2 eval=0 prior=0
[inst] req=22380544 hits=8122525 fwd=13925 rows=14257525 fwd_ms=824649.6 eval=0 prior=0
[inst] req=22388736 hits=8126567 fwd=13929 rows=14261621 fwd_ms=824873.1 eval=0 prior=0
[inst] req=22396928 hits=8130643 fwd=13933 rows=14265716 fwd_ms=825096.6 eval=0 prior=0
[inst] req=22405120 hits=8134716 fwd=13937 rows=14269812 fwd_ms=825319.9 eval=0 prior=0
[inst] req=22413312 hits=8138660 fwd=13941 rows=14273908 fwd_ms=825543.3 eval=0 prior=0
[inst] req=22421504 hits=8142681 fwd=13945 rows=14278004 fwd_ms=825766.6 eval=0 prior=0
[inst] req=22429696 hits=8146903 fwd=13949 rows=14282100 fwd_ms=825990.0 eval=0 prior=0
[inst] req=22437888 hits=8150669 fwd=13953 rows=14286196 fwd_ms=826213.4 eval=0 prior=0
[inst] req=22446080 hits=8154483 fwd=13958 rows=14291316 fwd_ms=826492.8 eval=0 prior=0
[inst] req=22454272 hits=8158248 fwd=13962 rows=14295412 fwd_ms=826716.1 eval=0 prior=0
[inst] req=22462464 hits=8161925 fwd=13967 rows=14300532 fwd_ms=826995.3 eval=0 prior=0
[inst] req=22470656 hits=8165739 fwd=13971 rows=14304628 fwd_ms=827218.7 eval=0 prior=0
[inst] req=22478848 hits=8169318 fwd=13975 rows=14308724 fwd_ms=827441.9 eval=0 prior=0
[inst] req=22487040 hits=8172971 fwd=13980 rows=14313844 fwd_ms=827721.0 eval=0 prior=0
[inst] req=22495232 hits=8176583 fwd=13984 rows=14317940 fwd_ms=827944.3 eval=0 prior=0
[inst] req=22503424 hits=8180011 fwd=13989 rows=14323060 fwd_ms=828223.3 eval=0 prior=0
[inst] req=22511616 hits=8183497 fwd=13993 rows=14327156 fwd_ms=828446.5 eval=0 prior=0
[inst] req=22519808 hits=8187234 fwd=13998 rows=14332276 fwd_ms=828725.5 eval=0 prior=0
[inst] req=22528000 hits=8191086 fwd=14002 rows=14336372 fwd_ms=828948.7 eval=0 prior=0
[inst] req=22536192 hits=8194823 fwd=14006 rows=14340468 fwd_ms=829171.9 eval=0 prior=0
[inst] req=22544384 hits=8198943 fwd=14010 rows=14344564 fwd_ms=829395.2 eval=0 prior=0
[inst] req=22552576 hits=8202804 fwd=14015 rows=14349684 fwd_ms=829674.1 eval=0 prior=0
[inst] req=22560768 hits=8206818 fwd=14019 rows=14353780 fwd_ms=829897.4 eval=0 prior=0
[inst] req=22568960 hits=8210630 fwd=14023 rows=14357840 fwd_ms=830126.8 eval=0 prior=0
[inst] req=22577152 hits=8214620 fwd=14027 rows=14361936 fwd_ms=830350.1 eval=0 prior=0
[inst] req=22585344 hits=8218574 fwd=14031 rows=14366032 fwd_ms=830573.3 eval=0 prior=0
[inst] req=22593536 hits=8222596 fwd=14035 rows=14370128 fwd_ms=830796.4 eval=0 prior=0
[inst] req=22601728 hits=8226387 fwd=14040 rows=14375248 fwd_ms=831075.6 eval=0 prior=0
[inst] req=22609920 hits=8230238 fwd=14044 rows=14379344 fwd_ms=831298.8 eval=0 prior=0
[inst] req=22618112 hits=8234207 fwd=14048 rows=14383440 fwd_ms=831522.1 eval=0 prior=0
[inst] req=22626304 hits=8237993 fwd=14052 rows=14387536 fwd_ms=831745.4 eval=0 prior=0
[inst] req=22634496 hits=8241730 fwd=14057 rows=14392656 fwd_ms=832024.9 eval=0 prior=0
[inst] req=22642688 hits=8245397 fwd=14061 rows=14396752 fwd_ms=832248.5 eval=0 prior=0
[inst] req=22650880 hits=8248878 fwd=14066 rows=14401872 fwd_ms=832528.1 eval=0 prior=0
[inst] req=22659072 hits=8252745 fwd=14070 rows=14405968 fwd_ms=832751.9 eval=0 prior=0
[inst] req=22667264 hits=8256595 fwd=14074 rows=14410064 fwd_ms=832975.5 eval=0 prior=0
[inst] req=22675456 hits=8260291 fwd=14078 rows=14414160 fwd_ms=833199.2 eval=0 prior=0
[inst] req=22683648 hits=8264165 fwd=14083 rows=14419280 fwd_ms=833478.9 eval=0 prior=0
[inst] req=22691840 hits=8268225 fwd=14087 rows=14423376 fwd_ms=833702.6 eval=0 prior=0
[inst] req=22700032 hits=8272004 fwd=14091 rows=14427472 fwd_ms=833926.2 eval=0 prior=0
[inst] req=22708224 hits=8275805 fwd=14095 rows=14431568 fwd_ms=834149.8 eval=0 prior=0
[inst] req=22716416 hits=8279740 fwd=14099 rows=14435664 fwd_ms=834373.3 eval=0 prior=0
[inst] req=22724608 hits=8283592 fwd=14104 rows=14440784 fwd_ms=834652.7 eval=0 prior=0
[inst] req=22732800 hits=8287424 fwd=14108 rows=14444880 fwd_ms=834876.1 eval=0 prior=0
[inst] req=22740992 hits=8291290 fwd=14112 rows=14448976 fwd_ms=835099.8 eval=0 prior=0
[inst] req=22749184 hits=8295149 fwd=14116 rows=14453072 fwd_ms=835323.3 eval=0 prior=0
[inst] req=22757376 hits=8298781 fwd=14121 rows=14458192 fwd_ms=835602.7 eval=0 prior=0
[inst] req=22765568 hits=8302534 fwd=14125 rows=14462288 fwd_ms=835826.0 eval=0 prior=0
[inst] req=22773760 hits=8306387 fwd=14129 rows=14466384 fwd_ms=836049.5 eval=0 prior=0
[inst] req=22781952 hits=8310141 fwd=14134 rows=14471504 fwd_ms=836328.8 eval=0 prior=0
[inst] req=22790144 hits=8314019 fwd=14138 rows=14475600 fwd_ms=836552.2 eval=0 prior=0
[inst] req=22798336 hits=8317865 fwd=14142 rows=14479696 fwd_ms=836775.6 eval=0 prior=0
[inst] req=22806528 hits=8321535 fwd=14147 rows=14484816 fwd_ms=837055.1 eval=0 prior=0
[inst] req=22814720 hits=8325113 fwd=14151 rows=14488912 fwd_ms=837278.6 eval=0 prior=0
[inst] req=22822912 hits=8328967 fwd=14155 rows=14493008 fwd_ms=837502.1 eval=0 prior=0
[inst] req=22831104 hits=8332739 fwd=14160 rows=14498128 fwd_ms=837781.3 eval=0 prior=0
[inst] req=22839296 hits=8336610 fwd=14164 rows=14502224 fwd_ms=838004.7 eval=0 prior=0
[inst] req=22847488 hits=8340642 fwd=14168 rows=14506320 fwd_ms=838228.2 eval=0 prior=0
[inst] req=22855680 hits=8344540 fwd=14172 rows=14510416 fwd_ms=838451.6 eval=0 prior=0
[inst] req=22863872 hits=8348334 fwd=14177 rows=14515536 fwd_ms=838731.0 eval=0 prior=0
[inst] req=22872064 hits=8352083 fwd=14181 rows=14519632 fwd_ms=838954.4 eval=0 prior=0
[inst] req=22880256 hits=8355801 fwd=14185 rows=14523728 fwd_ms=839177.8 eval=0 prior=0
[inst] req=22888448 hits=8359559 fwd=14190 rows=14528848 fwd_ms=839457.2 eval=0 prior=0
[inst] req=22896640 hits=8363480 fwd=14194 rows=14532944 fwd_ms=839680.6 eval=0 prior=0
[inst] req=22904832 hits=8367327 fwd=14198 rows=14537040 fwd_ms=839903.9 eval=0 prior=0
[inst] req=22913024 hits=8371528 fwd=14202 rows=14541136 fwd_ms=840127.5 eval=0 prior=0
[inst] req=22921216 hits=8375339 fwd=14206 rows=14545232 fwd_ms=840351.0 eval=0 prior=0
[inst] req=22929408 hits=8379151 fwd=14210 rows=14549328 fwd_ms=840574.5 eval=0 prior=0
[inst] req=22937600 hits=8382969 fwd=14215 rows=14554448 fwd_ms=840853.9 eval=0 prior=0
[inst] req=22945792 hits=8386688 fwd=14219 rows=14558544 fwd_ms=841077.5 eval=0 prior=0
[inst] req=22953984 hits=8390521 fwd=14223 rows=14562640 fwd_ms=841301.0 eval=0 prior=0
[inst] req=22962176 hits=8394433 fwd=14227 rows=14566736 fwd_ms=841524.3 eval=0 prior=0
[inst] req=22970368 hits=8398276 fwd=14232 rows=14571856 fwd_ms=841803.6 eval=0 prior=0
[inst] req=22978560 hits=8402457 fwd=14236 rows=14575952 fwd_ms=842027.3 eval=0 prior=0
[inst] req=22986752 hits=8406449 fwd=14240 rows=14580048 fwd_ms=842250.7 eval=0 prior=0
[inst] req=22994944 hits=8410494 fwd=14244 rows=14584144 fwd_ms=842474.1 eval=0 prior=0
[inst] req=23003136 hits=8414397 fwd=14248 rows=14588240 fwd_ms=842697.7 eval=0 prior=0
[inst] req=23011328 hits=8418278 fwd=14252 rows=14592336 fwd_ms=842921.1 eval=0 prior=0
[inst] req=23019520 hits=8422064 fwd=14256 rows=14596432 fwd_ms=843144.6 eval=0 prior=0
[inst] req=23027712 hits=8425750 fwd=14261 rows=14601552 fwd_ms=843423.9 eval=0 prior=0
[inst] req=23035904 hits=8429575 fwd=14265 rows=14605648 fwd_ms=843647.5 eval=0 prior=0
[inst] req=23044096 hits=8433272 fwd=14270 rows=14610768 fwd_ms=843926.6 eval=0 prior=0
[inst] req=23052288 hits=8437220 fwd=14274 rows=14614864 fwd_ms=844150.1 eval=0 prior=0
[inst] req=23060480 hits=8441372 fwd=14278 rows=14618959 fwd_ms=844373.8 eval=0 prior=0
[inst] req=23068672 hits=8445464 fwd=14282 rows=14623055 fwd_ms=844597.3 eval=0 prior=0
[inst] req=23076864 hits=8449360 fwd=14286 rows=14627151 fwd_ms=844820.7 eval=0 prior=0
[inst] req=23085056 hits=8453349 fwd=14290 rows=14631247 fwd_ms=845044.3 eval=0 prior=0
[inst] req=23093248 hits=8457194 fwd=14294 rows=14635343 fwd_ms=845267.7 eval=0 prior=0
[inst] req=23101440 hits=8460875 fwd=14299 rows=14640463 fwd_ms=845547.0 eval=0 prior=0
[inst] req=23109632 hits=8464750 fwd=14303 rows=14644559 fwd_ms=845770.3 eval=0 prior=0
[inst] req=23117824 hits=8468631 fwd=14307 rows=14648655 fwd_ms=845993.7 eval=0 prior=0
[inst] req=23126016 hits=8472451 fwd=14311 rows=14652751 fwd_ms=846217.3 eval=0 prior=0
[inst] req=23134208 hits=8476380 fwd=14315 rows=14656847 fwd_ms=846440.8 eval=0 prior=0
[inst] req=23142400 hits=8480384 fwd=14320 rows=14661967 fwd_ms=846720.2 eval=0 prior=0
[inst] req=23150592 hits=8484221 fwd=14324 rows=14666063 fwd_ms=846943.7 eval=0 prior=0
[inst] req=23158784 hits=8488312 fwd=14328 rows=14670159 fwd_ms=847167.2 eval=0 prior=0
[inst] req=23166976 hits=8492419 fwd=14332 rows=14674255 fwd_ms=847390.7 eval=0 prior=0
[inst] req=23175168 hits=8496253 fwd=14336 rows=14678351 fwd_ms=847614.3 eval=0 prior=0
[inst] req=23183360 hits=8500027 fwd=14340 rows=14682447 fwd_ms=847837.6 eval=0 prior=0
[inst] req=23191552 hits=8503884 fwd=14345 rows=14687567 fwd_ms=848117.0 eval=0 prior=0
[inst] req=23199744 hits=8507789 fwd=14349 rows=14691663 fwd_ms=848340.7 eval=0 prior=0
[inst] req=23207936 hits=8511736 fwd=14353 rows=14695759 fwd_ms=848563.9 eval=0 prior=0
[inst] req=23216128 hits=8515659 fwd=14357 rows=14699855 fwd_ms=848787.2 eval=0 prior=0
[inst] req=23224320 hits=8519488 fwd=14361 rows=14703950 fwd_ms=849010.9 eval=0 prior=0
[inst] req=23232512 hits=8523314 fwd=14366 rows=14709070 fwd_ms=849290.2 eval=0 prior=0
[inst] req=23240704 hits=8527146 fwd=14370 rows=14713166 fwd_ms=849513.6 eval=0 prior=0
[inst] req=23248896 hits=8530914 fwd=14374 rows=14717262 fwd_ms=849737.1 eval=0 prior=0
[inst] req=23257088 hits=8534971 fwd=14378 rows=14721358 fwd_ms=849960.6 eval=0 prior=0
[inst] req=23265280 hits=8538955 fwd=14382 rows=14725454 fwd_ms=850184.1 eval=0 prior=0
[inst] req=23273472 hits=8542877 fwd=14387 rows=14730574 fwd_ms=850463.5 eval=0 prior=0
[inst] req=23281664 hits=8546667 fwd=14391 rows=14734670 fwd_ms=850687.0 eval=0 prior=0
[inst] req=23289856 hits=8550583 fwd=14395 rows=14738766 fwd_ms=850910.5 eval=0 prior=0
[inst] req=23298048 hits=8554595 fwd=14399 rows=14742862 fwd_ms=851134.0 eval=0 prior=0
[inst] req=23306240 hits=8558306 fwd=14403 rows=14746958 fwd_ms=851357.7 eval=0 prior=0
[inst] req=23314432 hits=8562172 fwd=14408 rows=14752077 fwd_ms=851637.4 eval=0 prior=0
[inst] req=23322624 hits=8566067 fwd=14412 rows=14756173 fwd_ms=851860.8 eval=0 prior=0
[inst] req=23330816 hits=8570114 fwd=14416 rows=14760269 fwd_ms=852084.2 eval=0 prior=0
[inst] req=23339008 hits=8574114 fwd=14420 rows=14764365 fwd_ms=852307.7 eval=0 prior=0
[inst] req=23347200 hits=8578073 fwd=14424 rows=14768461 fwd_ms=852531.1 eval=0 prior=0
[inst] req=23355392 hits=8581852 fwd=14428 rows=14772557 fwd_ms=852754.5 eval=0 prior=0
[inst] req=23363584 hits=8585912 fwd=14432 rows=14776653 fwd_ms=852977.9 eval=0 prior=0
[inst] req=23371776 hits=8590023 fwd=14436 rows=14780749 fwd_ms=853201.5 eval=0 prior=0
[inst] req=23379968 hits=8593897 fwd=14441 rows=14785869 fwd_ms=853480.8 eval=0 prior=0
[inst] req=23388160 hits=8597895 fwd=14445 rows=14789965 fwd_ms=853704.1 eval=0 prior=0
[inst] req=23396352 hits=8601765 fwd=14449 rows=14794061 fwd_ms=853927.6 eval=0 prior=0
[inst] req=23404544 hits=8605559 fwd=14453 rows=14798157 fwd_ms=854151.1 eval=0 prior=0
[inst] req=23412736 hits=8609284 fwd=14458 rows=14803277 fwd_ms=854430.4 eval=0 prior=0
[inst] req=23420928 hits=8613062 fwd=14462 rows=14807373 fwd_ms=854654.0 eval=0 prior=0
[inst] req=23429120 hits=8616758 fwd=14466 rows=14811469 fwd_ms=854877.5 eval=0 prior=0
[inst] req=23437312 hits=8620858 fwd=14470 rows=14815565 fwd_ms=855101.1 eval=0 prior=0
[inst] req=23445504 hits=8624522 fwd=14475 rows=14820685 fwd_ms=855380.5 eval=0 prior=0
[inst] req=23453696 hits=8628574 fwd=14479 rows=14824781 fwd_ms=855604.0 eval=0 prior=0
[inst] req=23461888 hits=8632465 fwd=14483 rows=14828877 fwd_ms=855827.4 eval=0 prior=0
[inst] req=23470080 hits=8636300 fwd=14487 rows=14832973 fwd_ms=856050.7 eval=0 prior=0
[inst] req=23478272 hits=8640219 fwd=14491 rows=14837069 fwd_ms=856274.1 eval=0 prior=0
[inst] req=23486464 hits=8644213 fwd=14496 rows=14842189 fwd_ms=856553.3 eval=0 prior=0
[inst] req=23494656 hits=8648242 fwd=14500 rows=14846285 fwd_ms=856776.9 eval=0 prior=0
[inst] req=23502848 hits=8652205 fwd=14504 rows=14850381 fwd_ms=857000.3 eval=0 prior=0
[inst] req=23511040 hits=8656172 fwd=14508 rows=14854477 fwd_ms=857223.9 eval=0 prior=0
[inst] req=23519232 hits=8660089 fwd=14512 rows=14858573 fwd_ms=857447.4 eval=0 prior=0
[inst] req=23527424 hits=8663881 fwd=14516 rows=14862669 fwd_ms=857670.8 eval=0 prior=0
[inst] req=23535616 hits=8667746 fwd=14521 rows=14867789 fwd_ms=857950.2 eval=0 prior=0
[inst] req=23543808 hits=8671586 fwd=14525 rows=14871885 fwd_ms=858173.7 eval=0 prior=0
[inst] req=23552000 hits=8675562 fwd=14529 rows=14875981 fwd_ms=858397.3 eval=0 prior=0
[inst] req=23560192 hits=8679649 fwd=14533 rows=14880077 fwd_ms=858620.7 eval=0 prior=0
[inst] req=23568384 hits=8683568 fwd=14537 rows=14884173 fwd_ms=858844.3 eval=0 prior=0
[inst] req=23576576 hits=8687483 fwd=14541 rows=14888269 fwd_ms=859067.8 eval=0 prior=0
[inst] req=23584768 hits=8691456 fwd=14545 rows=14892365 fwd_ms=859291.3 eval=0 prior=0
[inst] req=23592960 hits=8695287 fwd=14550 rows=14897485 fwd_ms=859570.7 eval=0 prior=0
[inst] req=23601152 hits=8699048 fwd=14554 rows=14901581 fwd_ms=859794.0 eval=0 prior=0
[inst] req=23609344 hits=8703127 fwd=14558 rows=14905676 fwd_ms=860018.0 eval=0 prior=0
[inst] req=23617536 hits=8707001 fwd=14562 rows=14909772 fwd_ms=860241.4 eval=0 prior=0
[inst] req=23625728 hits=8710846 fwd=14566 rows=14913868 fwd_ms=860465.1 eval=0 prior=0
[inst] req=23633920 hits=8714782 fwd=14571 rows=14918988 fwd_ms=860744.3 eval=0 prior=0
[inst] req=23642112 hits=8718726 fwd=14575 rows=14923084 fwd_ms=860967.7 eval=0 prior=0
[inst] req=23650304 hits=8722685 fwd=14579 rows=14927180 fwd_ms=861191.0 eval=0 prior=0
[inst] req=23658496 hits=8726695 fwd=14583 rows=14931276 fwd_ms=861414.5 eval=0 prior=0
[inst] req=23666688 hits=8730496 fwd=14587 rows=14935308 fwd_ms=861644.2 eval=0 prior=0
[inst] req=23674880 hits=8734422 fwd=14592 rows=14940428 fwd_ms=861923.5 eval=0 prior=0
[inst] req=23683072 hits=8738432 fwd=14596 rows=14944524 fwd_ms=862147.1 eval=0 prior=0
[inst] req=23691264 hits=8742178 fwd=14600 rows=14948620 fwd_ms=862370.6 eval=0 prior=0
[inst] req=23699456 hits=8745919 fwd=14604 rows=14952716 fwd_ms=862594.2 eval=0 prior=0
[inst] req=23707648 hits=8749878 fwd=14608 rows=14956812 fwd_ms=862817.7 eval=0 prior=0
[inst] req=23715840 hits=8753985 fwd=14612 rows=14960908 fwd_ms=863041.1 eval=0 prior=0
[inst] req=23724032 hits=8757908 fwd=14617 rows=14966028 fwd_ms=863320.4 eval=0 prior=0
[inst] req=23732224 hits=8761786 fwd=14621 rows=14970124 fwd_ms=863543.8 eval=0 prior=0
[inst] req=23740416 hits=8765847 fwd=14625 rows=14974220 fwd_ms=863767.2 eval=0 prior=0
[inst] req=23748608 hits=8769911 fwd=14629 rows=14978316 fwd_ms=863990.6 eval=0 prior=0
[inst] req=23756800 hits=8773643 fwd=14633 rows=14982412 fwd_ms=864214.1 eval=0 prior=0
[inst] req=23764992 hits=8777605 fwd=14637 rows=14986508 fwd_ms=864437.8 eval=0 prior=0
[inst] req=23773184 hits=8781727 fwd=14641 rows=14990603 fwd_ms=864661.9 eval=0 prior=0
[inst] req=23781376 hits=8785513 fwd=14646 rows=14995723 fwd_ms=864941.4 eval=0 prior=0
[inst] req=23789568 hits=8789533 fwd=14650 rows=14999819 fwd_ms=865164.9 eval=0 prior=0
[inst] req=23797760 hits=8793711 fwd=14654 rows=15003915 fwd_ms=865388.6 eval=0 prior=0
[inst] req=23805952 hits=8797457 fwd=14658 rows=15008011 fwd_ms=865612.2 eval=0 prior=0
[inst] req=23814144 hits=8801191 fwd=14662 rows=15012107 fwd_ms=865835.9 eval=0 prior=0
[inst] req=23822336 hits=8805091 fwd=14667 rows=15017227 fwd_ms=866115.4 eval=0 prior=0
[inst] req=23830528 hits=8808775 fwd=14671 rows=15021323 fwd_ms=866339.0 eval=0 prior=0
[inst] req=23838720 hits=8812689 fwd=14675 rows=15025419 fwd_ms=866562.9 eval=0 prior=0
[inst] req=23846912 hits=8816559 fwd=14679 rows=15029515 fwd_ms=866786.5 eval=0 prior=0
[inst] req=23855104 hits=8820585 fwd=14683 rows=15033611 fwd_ms=867010.1 eval=0 prior=0
[inst] req=23863296 hits=8824440 fwd=14688 rows=15038731 fwd_ms=867289.6 eval=0 prior=0
[inst] req=23871488 hits=8828141 fwd=14692 rows=15042827 fwd_ms=867513.3 eval=0 prior=0
[inst] req=23879680 hits=8832145 fwd=14696 rows=15046923 fwd_ms=867738.0 eval=0 prior=0
[inst] req=23887872 hits=8835956 fwd=14700 rows=15051019 fwd_ms=867962.4 eval=0 prior=0
[inst] req=23896064 hits=8839944 fwd=14704 rows=15055115 fwd_ms=868187.0 eval=0 prior=0
[inst] req=23904256 hits=8843808 fwd=14709 rows=15060235 fwd_ms=868467.8 eval=0 prior=0
[inst] req=23912448 hits=8847710 fwd=14713 rows=15064331 fwd_ms=868692.4 eval=0 prior=0
[inst] req=23920640 hits=8851733 fwd=14717 rows=15068427 fwd_ms=869063.1 eval=0 prior=0
[inst] req=23928832 hits=8855606 fwd=14721 rows=15072523 fwd_ms=869511.4 eval=0 prior=0
[inst] req=23937024 hits=8859623 fwd=14725 rows=15076619 fwd_ms=870028.1 eval=0 prior=0
[inst] req=23945216 hits=8863323 fwd=14730 rows=15081739 fwd_ms=870625.5 eval=0 prior=0
[inst] req=23953408 hits=8867183 fwd=14734 rows=15085835 fwd_ms=871185.4 eval=0 prior=0
[inst] req=23961600 hits=8870963 fwd=14738 rows=15089897 fwd_ms=871944.0 eval=0 prior=0
[inst] req=23969792 hits=8874933 fwd=14742 rows=15093993 fwd_ms=872385.9 eval=0 prior=0
[inst] req=23977984 hits=8878782 fwd=14747 rows=15099113 fwd_ms=873138.7 eval=0 prior=0
[inst] req=23986176 hits=8882803 fwd=14751 rows=15103209 fwd_ms=873521.8 eval=0 prior=0
[inst] req=23994368 hits=8886780 fwd=14755 rows=15107305 fwd_ms=874050.9 eval=0 prior=0
[inst] req=24002560 hits=8890467 fwd=14759 rows=15111401 fwd_ms=874512.1 eval=0 prior=0
[inst] req=24010752 hits=8894477 fwd=14763 rows=15115497 fwd_ms=875023.0 eval=0 prior=0
[inst] req=24018944 hits=8898393 fwd=14767 rows=15119593 fwd_ms=875551.4 eval=0 prior=0
[inst] req=24027136 hits=8902081 fwd=14772 rows=15124713 fwd_ms=875980.5 eval=0 prior=0
[inst] req=24035328 hits=8905868 fwd=14776 rows=15128809 fwd_ms=876540.2 eval=0 prior=0
[inst] req=24043520 hits=8909616 fwd=14780 rows=15132905 fwd_ms=877095.4 eval=0 prior=0
[inst] req=24051712 hits=8913766 fwd=14784 rows=15137001 fwd_ms=877567.5 eval=0 prior=0
[inst] req=24059904 hits=8917827 fwd=14788 rows=15141097 fwd_ms=878037.3 eval=0 prior=0
[inst] req=24068096 hits=8921784 fwd=14793 rows=15146217 fwd_ms=878702.4 eval=0 prior=0
[inst] req=24076288 hits=8925448 fwd=14797 rows=15150313 fwd_ms=879244.4 eval=0 prior=0
[inst] req=24084480 hits=8929024 fwd=14802 rows=15155433 fwd_ms=879977.5 eval=0 prior=0
[inst] req=24092672 hits=8932818 fwd=14806 rows=15159529 fwd_ms=880378.5 eval=0 prior=0
[inst] req=24100864 hits=8936514 fwd=14810 rows=15163625 fwd_ms=880912.9 eval=0 prior=0
[inst] req=24109056 hits=8939951 fwd=14815 rows=15168745 fwd_ms=881555.4 eval=0 prior=0
[inst] req=24117248 hits=8943553 fwd=14819 rows=15172841 fwd_ms=882069.1 eval=0 prior=0
[inst] req=24125440 hits=8947412 fwd=14824 rows=15177961 fwd_ms=882693.8 eval=0 prior=0
[inst] req=24133632 hits=8950920 fwd=14828 rows=15182057 fwd_ms=883217.4 eval=0 prior=0
[inst] req=24141824 hits=8954387 fwd=14833 rows=15187177 fwd_ms=883847.2 eval=0 prior=0
[inst] req=24150016 hits=8957941 fwd=14837 rows=15191273 fwd_ms=884375.7 eval=0 prior=0
[inst] req=24158208 hits=8961600 fwd=14842 rows=15196393 fwd_ms=884993.3 eval=0 prior=0
[inst] req=24166400 hits=8965231 fwd=14846 rows=15200489 fwd_ms=885531.3 eval=0 prior=0
[inst] req=24174592 hits=8968911 fwd=14851 rows=15205609 fwd_ms=886152.2 eval=0 prior=0
[inst] req=24182784 hits=8972486 fwd=14855 rows=15209705 fwd_ms=886656.1 eval=0 prior=0
[inst] req=24190976 hits=8975897 fwd=14860 rows=15214824 fwd_ms=887193.7 eval=0 prior=0
[inst] req=24199168 hits=8979562 fwd=14864 rows=15218920 fwd_ms=887702.8 eval=0 prior=0
[inst] req=24207360 hits=8983367 fwd=14868 rows=15223016 fwd_ms=887929.0 eval=0 prior=0
[inst] req=24215552 hits=8987081 fwd=14873 rows=15228136 fwd_ms=888212.0 eval=0 prior=0
[inst] req=24223744 hits=8990711 fwd=14877 rows=15232232 fwd_ms=888438.9 eval=0 prior=0
[inst] req=24231936 hits=8993751 fwd=14882 rows=15237352 fwd_ms=888730.6 eval=0 prior=0
[inst] req=24240128 hits=8994367 fwd=14890 rows=15245544 fwd_ms=889176.6 eval=0 prior=0
[inst] req=24248320 hits=8995348 fwd=14897 rows=15252712 fwd_ms=889567.1 eval=0 prior=0
[inst] req=24256512 hits=8996724 fwd=14903 rows=15258856 fwd_ms=889901.8 eval=0 prior=0
[inst] req=24264704 hits=8998436 fwd=14910 rows=15266024 fwd_ms=890292.0 eval=0 prior=0
[inst] req=24272896 hits=9000620 fwd=14916 rows=15272168 fwd_ms=890627.0 eval=0 prior=0
[inst] req=24281088 hits=9003166 fwd=14921 rows=15277288 fwd_ms=890905.9 eval=0 prior=0
[inst] req=24289280 hits=9005834 fwd=14927 rows=15283432 fwd_ms=891240.9 eval=0 prior=0
[inst] req=24297472 hits=9008655 fwd=14932 rows=15288552 fwd_ms=891520.0 eval=0 prior=0
[inst] req=24305664 hits=9011608 fwd=14937 rows=15293672 fwd_ms=891799.1 eval=0 prior=0
[inst] req=24313856 hits=9014572 fwd=14942 rows=15298792 fwd_ms=892078.0 eval=0 prior=0
[inst] req=24322048 hits=9017943 fwd=14947 rows=15303912 fwd_ms=892357.2 eval=0 prior=0
[inst] req=24330240 hits=9021213 fwd=14951 rows=15308008 fwd_ms=892580.5 eval=0 prior=0
[inst] req=24338432 hits=9024391 fwd=14956 rows=15313128 fwd_ms=892859.4 eval=0 prior=0
[inst] req=24346624 hits=9027723 fwd=14961 rows=15318248 fwd_ms=893138.3 eval=0 prior=0
[inst] req=24354816 hits=9030969 fwd=14966 rows=15323368 fwd_ms=893417.1 eval=0 prior=0
[inst] req=24363008 hits=9034026 fwd=14971 rows=15328488 fwd_ms=893696.1 eval=0 prior=0
[inst] req=24371200 hits=9037164 fwd=14976 rows=15333608 fwd_ms=893975.2 eval=0 prior=0
[inst] req=24379392 hits=9040410 fwd=14981 rows=15338728 fwd_ms=894254.2 eval=0 prior=0
[inst] req=24387584 hits=9043396 fwd=14986 rows=15343848 fwd_ms=894533.1 eval=0 prior=0
[inst] req=24395776 hits=9046351 fwd=14991 rows=15348968 fwd_ms=894811.8 eval=0 prior=0
[inst] req=24403968 hits=9049192 fwd=14996 rows=15354088 fwd_ms=895090.6 eval=0 prior=0
[inst] req=24412160 hits=9052162 fwd=15001 rows=15359208 fwd_ms=895369.4 eval=0 prior=0
[inst] req=24420352 hits=9055402 fwd=15006 rows=15364328 fwd_ms=895648.2 eval=0 prior=0
[inst] req=24428544 hits=9058759 fwd=15011 rows=15369448 fwd_ms=895926.9 eval=0 prior=0
[inst] req=24436736 hits=9061986 fwd=15016 rows=15374568 fwd_ms=896205.7 eval=0 prior=0
[inst] req=24444928 hits=9065286 fwd=15020 rows=15378664 fwd_ms=896428.8 eval=0 prior=0
[inst] req=24453120 hits=9068465 fwd=15025 rows=15383784 fwd_ms=896707.8 eval=0 prior=0
[inst] req=24461312 hits=9071644 fwd=15030 rows=15388904 fwd_ms=896986.4 eval=0 prior=0
[inst] req=24469504 hits=9074901 fwd=15035 rows=15394024 fwd_ms=897265.1 eval=0 prior=0
[inst] req=24477696 hits=9078131 fwd=15040 rows=15399144 fwd_ms=897543.9 eval=0 prior=0
[inst] req=24485888 hits=9081284 fwd=15045 rows=15404264 fwd_ms=897822.7 eval=0 prior=0
[inst] req=24494080 hits=9084388 fwd=15050 rows=15409384 fwd_ms=898101.4 eval=0 prior=0
[inst] req=24502272 hits=9087702 fwd=15055 rows=15414504 fwd_ms=898380.2 eval=0 prior=0
[inst] req=24510464 hits=9090951 fwd=15059 rows=15418600 fwd_ms=898603.3 eval=0 prior=0
[inst] req=24518656 hits=9094232 fwd=15064 rows=15423720 fwd_ms=898881.9 eval=0 prior=0
[inst] req=24526848 hits=9097484 fwd=15069 rows=15428840 fwd_ms=899160.5 eval=0 prior=0
[inst] req=24535040 hits=9100552 fwd=15074 rows=15433960 fwd_ms=899439.1 eval=0 prior=0
[inst] req=24543232 hits=9103738 fwd=15079 rows=15439080 fwd_ms=899717.7 eval=0 prior=0
[inst] req=24551424 hits=9106718 fwd=15084 rows=15444200 fwd_ms=899996.3 eval=0 prior=0
[inst] req=24559616 hits=9109721 fwd=15089 rows=15449320 fwd_ms=900275.0 eval=0 prior=0
[inst] req=24567808 hits=9112823 fwd=15094 rows=15454440 fwd_ms=900553.6 eval=0 prior=0
[inst] req=24576000 hits=9116061 fwd=15099 rows=15459560 fwd_ms=900832.1 eval=0 prior=0
[inst] req=24584192 hits=9119077 fwd=15104 rows=15464680 fwd_ms=901110.7 eval=0 prior=0
[inst] req=24592384 hits=9122275 fwd=15109 rows=15469800 fwd_ms=901389.3 eval=0 prior=0
[inst] req=24600576 hits=9125544 fwd=15114 rows=15474920 fwd_ms=901667.7 eval=0 prior=0
[inst] req=24608768 hits=9128940 fwd=15118 rows=15479016 fwd_ms=901890.7 eval=0 prior=0
[inst] req=24616960 hits=9132366 fwd=15123 rows=15484136 fwd_ms=902169.2 eval=0 prior=0
[inst] req=24625152 hits=9135530 fwd=15128 rows=15489256 fwd_ms=902448.1 eval=0 prior=0
[inst] req=24633344 hits=9138734 fwd=15133 rows=15494376 fwd_ms=902726.5 eval=0 prior=0
[inst] req=24641536 hits=9142051 fwd=15137 rows=15498472 fwd_ms=902949.3 eval=0 prior=0
[inst] req=24649728 hits=9145218 fwd=15142 rows=15503592 fwd_ms=903228.1 eval=0 prior=0
[inst] req=24657920 hits=9148410 fwd=15147 rows=15508712 fwd_ms=903506.8 eval=0 prior=0
[inst] req=24666112 hits=9151566 fwd=15152 rows=15513832 fwd_ms=903785.4 eval=0 prior=0
[inst] req=24674304 hits=9154747 fwd=15157 rows=15518952 fwd_ms=904064.2 eval=0 prior=0
[inst] req=24682496 hits=9157974 fwd=15162 rows=15524072 fwd_ms=904343.4 eval=0 prior=0
[inst] req=24690688 hits=9161240 fwd=15167 rows=15529192 fwd_ms=904622.2 eval=0 prior=0
[inst] req=24698880 hits=9164511 fwd=15172 rows=15534312 fwd_ms=904900.9 eval=0 prior=0
[inst] req=24707072 hits=9167590 fwd=15177 rows=15539432 fwd_ms=905179.5 eval=0 prior=0
[inst] req=24715264 hits=9170711 fwd=15182 rows=15544552 fwd_ms=905458.1 eval=0 prior=0
[inst] req=24723456 hits=9173797 fwd=15186 rows=15548648 fwd_ms=905681.1 eval=0 prior=0
[inst] req=24731648 hits=9177048 fwd=15191 rows=15553768 fwd_ms=905959.9 eval=0 prior=0
[inst] req=24739840 hits=9180344 fwd=15196 rows=15558888 fwd_ms=906238.8 eval=0 prior=0
[inst] req=24748032 hits=9183444 fwd=15201 rows=15564008 fwd_ms=906517.5 eval=0 prior=0
[inst] req=24756224 hits=9186592 fwd=15206 rows=15569128 fwd_ms=906796.1 eval=0 prior=0
[inst] req=24764416 hits=9189682 fwd=15211 rows=15574248 fwd_ms=907074.8 eval=0 prior=0
[inst] req=24772608 hits=9192959 fwd=15216 rows=15579368 fwd_ms=907353.5 eval=0 prior=0
[inst] req=24780800 hits=9196224 fwd=15221 rows=15584488 fwd_ms=907632.2 eval=0 prior=0
[inst] req=24788992 hits=9199574 fwd=15225 rows=15588584 fwd_ms=907855.3 eval=0 prior=0
[inst] req=24797184 hits=9202892 fwd=15230 rows=15593704 fwd_ms=908134.1 eval=0 prior=0
[inst] req=24805376 hits=9206054 fwd=15235 rows=15598824 fwd_ms=908413.0 eval=0 prior=0
[inst] req=24813568 hits=9209184 fwd=15240 rows=15603944 fwd_ms=908691.9 eval=0 prior=0
[inst] req=24821760 hits=9212369 fwd=15245 rows=15609064 fwd_ms=908971.1 eval=0 prior=0
[inst] req=24829952 hits=9215653 fwd=15250 rows=15614184 fwd_ms=909250.0 eval=0 prior=0
[inst] req=24838144 hits=9218912 fwd=15254 rows=15618280 fwd_ms=909473.0 eval=0 prior=0
[inst] req=24846336 hits=9222182 fwd=15259 rows=15623400 fwd_ms=909751.7 eval=0 prior=0
[inst] req=24854528 hits=9225402 fwd=15264 rows=15628520 fwd_ms=910030.4 eval=0 prior=0
[inst] req=24862720 hits=9228572 fwd=15269 rows=15633640 fwd_ms=910309.3 eval=0 prior=0
[inst] req=24870912 hits=9231942 fwd=15274 rows=15638760 fwd_ms=910588.2 eval=0 prior=0
[inst] req=24879104 hits=9235117 fwd=15279 rows=15643880 fwd_ms=910867.1 eval=0 prior=0
[inst] req=24887296 hits=9238307 fwd=15283 rows=15647976 fwd_ms=911090.2 eval=0 prior=0
[inst] req=24895488 hits=9241457 fwd=15288 rows=15653096 fwd_ms=911369.0 eval=0 prior=0
[inst] req=24903680 hits=9244570 fwd=15293 rows=15658216 fwd_ms=911647.9 eval=0 prior=0
[inst] req=24911872 hits=9247760 fwd=15298 rows=15663336 fwd_ms=911926.6 eval=0 prior=0
[inst] req=24920064 hits=9250852 fwd=15303 rows=15668456 fwd_ms=912205.6 eval=0 prior=0
[inst] req=24928256 hits=9253816 fwd=15308 rows=15673576 fwd_ms=912484.5 eval=0 prior=0
[inst] req=24936448 hits=9257066 fwd=15313 rows=15678696 fwd_ms=912763.2 eval=0 prior=0
[inst] req=24944640 hits=9260331 fwd=15318 rows=15683816 fwd_ms=913042.0 eval=0 prior=0
[inst] req=24952832 hits=9263614 fwd=15323 rows=15688936 fwd_ms=913320.9 eval=0 prior=0
[inst] req=24961024 hits=9266992 fwd=15327 rows=15693032 fwd_ms=913544.0 eval=0 prior=0
[inst] req=24969216 hits=9270081 fwd=15332 rows=15698152 fwd_ms=913823.0 eval=0 prior=0
[inst] req=24977408 hits=9273211 fwd=15337 rows=15703272 fwd_ms=914101.8 eval=0 prior=0
[inst] req=24985600 hits=9276482 fwd=15342 rows=15708392 fwd_ms=914380.6 eval=0 prior=0
[inst] req=24993792 hits=9279687 fwd=15347 rows=15713512 fwd_ms=914659.4 eval=0 prior=0
[inst] req=25001984 hits=9283000 fwd=15352 rows=15718632 fwd_ms=914938.2 eval=0 prior=0
[inst] req=25010176 hits=9286207 fwd=15357 rows=15723752 fwd_ms=915216.9 eval=0 prior=0
[inst] req=25018368 hits=9289374 fwd=15362 rows=15728872 fwd_ms=915495.9 eval=0 prior=0
[inst] req=25026560 hits=9292688 fwd=15366 rows=15732968 fwd_ms=915719.0 eval=0 prior=0
[inst] req=25034752 hits=9295798 fwd=15371 rows=15738088 fwd_ms=915997.9 eval=0 prior=0
[inst] req=25042944 hits=9299017 fwd=15376 rows=15743208 fwd_ms=916276.7 eval=0 prior=0
[inst] req=25051136 hits=9302189 fwd=15381 rows=15748328 fwd_ms=916555.3 eval=0 prior=0
[inst] req=25059328 hits=9305239 fwd=15386 rows=15753448 fwd_ms=916834.2 eval=0 prior=0
[inst] req=25067520 hits=9308517 fwd=15391 rows=15758568 fwd_ms=917113.1 eval=0 prior=0
[inst] req=25075712 hits=9311584 fwd=15396 rows=15763688 fwd_ms=917391.8 eval=0 prior=0
[inst] req=25083904 hits=9314672 fwd=15401 rows=15768808 fwd_ms=917670.6 eval=0 prior=0
[inst] req=25092096 hits=9317858 fwd=15406 rows=15773928 fwd_ms=917949.5 eval=0 prior=0
[inst] req=25100288 hits=9321117 fwd=15411 rows=15779048 fwd_ms=918228.3 eval=0 prior=0
[inst] req=25108480 hits=9324324 fwd=15415 rows=15783144 fwd_ms=918451.4 eval=0 prior=0
[inst] req=25116672 hits=9327558 fwd=15420 rows=15788264 fwd_ms=918730.1 eval=0 prior=0
[inst] req=25124864 hits=9330806 fwd=15425 rows=15793384 fwd_ms=919008.9 eval=0 prior=0
[inst] req=25133056 hits=9334137 fwd=15430 rows=15798504 fwd_ms=919287.8 eval=0 prior=0
[inst] req=25141248 hits=9337446 fwd=15435 rows=15803624 fwd_ms=919566.8 eval=0 prior=0
[inst] req=25149440 hits=9340739 fwd=15439 rows=15807720 fwd_ms=919789.9 eval=0 prior=0
[inst] req=25157632 hits=9343966 fwd=15444 rows=15812840 fwd_ms=920069.0 eval=0 prior=0
[inst] req=25165824 hits=9347244 fwd=15449 rows=15817960 fwd_ms=920348.1 eval=0 prior=0
[inst] req=25174016 hits=9350379 fwd=15454 rows=15823080 fwd_ms=920627.2 eval=0 prior=0
[inst] req=25182208 hits=9353579 fwd=15459 rows=15828199 fwd_ms=920906.5 eval=0 prior=0
[inst] req=25190400 hits=9356824 fwd=15464 rows=15833319 fwd_ms=921185.3 eval=0 prior=0
[inst] req=25198592 hits=9360053 fwd=15469 rows=15838439 fwd_ms=921464.2 eval=0 prior=0
[inst] req=25206784 hits=9363308 fwd=15473 rows=15842535 fwd_ms=921687.3 eval=0 prior=0
[inst] req=25214976 hits=9366657 fwd=15478 rows=15847655 fwd_ms=921966.2 eval=0 prior=0
[inst] req=25223168 hits=9369751 fwd=15483 rows=15852775 fwd_ms=922245.0 eval=0 prior=0
[inst] req=25231360 hits=9372886 fwd=15488 rows=15857895 fwd_ms=922523.8 eval=0 prior=0
[inst] req=25239552 hits=9376118 fwd=15493 rows=15863015 fwd_ms=922802.6 eval=0 prior=0
[inst] req=25247744 hits=9379268 fwd=15498 rows=15868135 fwd_ms=923081.3 eval=0 prior=0
[inst] req=25255936 hits=9382487 fwd=15503 rows=15873255 fwd_ms=923360.4 eval=0 prior=0
[inst] req=25264128 hits=9385686 fwd=15508 rows=15878375 fwd_ms=923639.2 eval=0 prior=0
[inst] req=25272320 hits=9388920 fwd=15512 rows=15882471 fwd_ms=923862.4 eval=0 prior=0
[inst] req=25280512 hits=9392363 fwd=15517 rows=15887591 fwd_ms=924141.2 eval=0 prior=0
[inst] req=25288704 hits=9395513 fwd=15522 rows=15892711 fwd_ms=924420.0 eval=0 prior=0
[inst] req=25296896 hits=9398620 fwd=15527 rows=15897831 fwd_ms=924698.8 eval=0 prior=0
[inst] req=25305088 hits=9401800 fwd=15532 rows=15902951 fwd_ms=924977.6 eval=0 prior=0
[inst] req=25313280 hits=9405156 fwd=15537 rows=15908071 fwd_ms=925257.3 eval=0 prior=0
[inst] req=25321472 hits=9408446 fwd=15541 rows=15912167 fwd_ms=925481.5 eval=0 prior=0
[inst] req=25329664 hits=9411693 fwd=15546 rows=15917287 fwd_ms=925762.1 eval=0 prior=0
[inst] req=25337856 hits=9414953 fwd=15551 rows=15922407 fwd_ms=926042.7 eval=0 prior=0
[inst] req=25346048 hits=9418130 fwd=15556 rows=15927527 fwd_ms=926323.5 eval=0 prior=0
[inst] req=25354240 hits=9421379 fwd=15561 rows=15932647 fwd_ms=926604.3 eval=0 prior=0
[inst] req=25362432 hits=9424440 fwd=15566 rows=15937767 fwd_ms=926884.9 eval=0 prior=0
[inst] req=25370624 hits=9427621 fwd=15571 rows=15942887 fwd_ms=927165.5 eval=0 prior=0
[inst] req=25378816 hits=9430784 fwd=15576 rows=15948007 fwd_ms=927445.7 eval=0 prior=0
[inst] req=25387008 hits=9433882 fwd=15580 rows=15952103 fwd_ms=927669.8 eval=0 prior=0
[inst] req=25395200 hits=9436979 fwd=15585 rows=15957223 fwd_ms=927950.0 eval=0 prior=0
[inst] req=25403392 hits=9440076 fwd=15590 rows=15962343 fwd_ms=928230.1 eval=0 prior=0
[inst] req=25411584 hits=9443276 fwd=15595 rows=15967463 fwd_ms=928510.3 eval=0 prior=0
[inst] req=25419776 hits=9446582 fwd=15600 rows=15972583 fwd_ms=928790.5 eval=0 prior=0
[inst] req=25427968 hits=9449795 fwd=15605 rows=15977703 fwd_ms=929071.1 eval=0 prior=0
[inst] req=25436160 hits=9453008 fwd=15610 rows=15982823 fwd_ms=929350.3 eval=0 prior=0
[inst] req=25444352 hits=9456056 fwd=15615 rows=15987943 fwd_ms=929630.5 eval=0 prior=0
[inst] req=25452544 hits=9459329 fwd=15620 rows=15993063 fwd_ms=929910.7 eval=0 prior=0
[inst] req=25460736 hits=9462638 fwd=15624 rows=15997159 fwd_ms=930134.9 eval=0 prior=0
[inst] req=25468928 hits=9465742 fwd=15629 rows=16002279 fwd_ms=930415.0 eval=0 prior=0
[inst] req=25477120 hits=9468902 fwd=15634 rows=16007399 fwd_ms=930695.1 eval=0 prior=0
[inst] req=25485312 hits=9472092 fwd=15639 rows=16012519 fwd_ms=930975.3 eval=0 prior=0
[inst] req=25493504 hits=9475358 fwd=15644 rows=16017639 fwd_ms=931255.7 eval=0 prior=0
[inst] req=25501696 hits=9478446 fwd=15649 rows=16022759 fwd_ms=931535.7 eval=0 prior=0
[inst] req=25509888 hits=9481620 fwd=15654 rows=16027879 fwd_ms=931816.0 eval=0 prior=0
[inst] req=25518080 hits=9484821 fwd=15659 rows=16032999 fwd_ms=932096.4 eval=0 prior=0
[inst] req=25526272 hits=9488024 fwd=15664 rows=16038119 fwd_ms=932376.7 eval=0 prior=0
[inst] req=25534464 hits=9491194 fwd=15669 rows=16043239 fwd_ms=932656.9 eval=0 prior=0
[inst] req=25542656 hits=9494376 fwd=15673 rows=16047335 fwd_ms=932881.1 eval=0 prior=0
[inst] req=25550848 hits=9497531 fwd=15678 rows=16052455 fwd_ms=933161.0 eval=0 prior=0
[inst] req=25559040 hits=9500743 fwd=15683 rows=16057575 fwd_ms=933440.8 eval=0 prior=0
[inst] req=25567232 hits=9503884 fwd=15688 rows=16062694 fwd_ms=933720.9 eval=0 prior=0
[inst] req=25575424 hits=9507043 fwd=15693 rows=16067814 fwd_ms=934001.2 eval=0 prior=0
[inst] req=25583616 hits=9510277 fwd=15698 rows=16072934 fwd_ms=934281.4 eval=0 prior=0
[inst] req=25591808 hits=9513516 fwd=15703 rows=16078054 fwd_ms=934561.5 eval=0 prior=0
[inst] req=25600000 hits=9516680 fwd=15708 rows=16083174 fwd_ms=934841.7 eval=0 prior=0
[inst] req=25608192 hits=9519816 fwd=15713 rows=16088294 fwd_ms=935122.1 eval=0 prior=0
[inst] req=25616384 hits=9523073 fwd=15717 rows=16092390 fwd_ms=935346.2 eval=0 prior=0
[inst] req=25624576 hits=9526258 fwd=15722 rows=16097510 fwd_ms=935626.4 eval=0 prior=0
[inst] req=25632768 hits=9529408 fwd=15727 rows=16102630 fwd_ms=935906.6 eval=0 prior=0
[inst] req=25640960 hits=9532466 fwd=15732 rows=16107750 fwd_ms=936186.7 eval=0 prior=0
[inst] req=25649152 hits=9535698 fwd=15737 rows=16112870 fwd_ms=936466.8 eval=0 prior=0
[inst] req=25657344 hits=9538937 fwd=15742 rows=16117990 fwd_ms=936746.9 eval=0 prior=0
[inst] req=25665536 hits=9542189 fwd=15747 rows=16123110 fwd_ms=937027.2 eval=0 prior=0
[inst] req=25673728 hits=9545378 fwd=15752 rows=16128230 fwd_ms=937307.5 eval=0 prior=0
[inst] req=25681920 hits=9548551 fwd=15757 rows=16133350 fwd_ms=937587.6 eval=0 prior=0
[inst] req=25690112 hits=9551774 fwd=15761 rows=16137446 fwd_ms=937812.0 eval=0 prior=0
[inst] req=25698304 hits=9554988 fwd=15766 rows=16142566 fwd_ms=938092.1 eval=0 prior=0
[inst] req=25706496 hits=9558116 fwd=15771 rows=16147686 fwd_ms=938372.4 eval=0 prior=0
[inst] req=25714688 hits=9561242 fwd=15776 rows=16152806 fwd_ms=938652.8 eval=0 prior=0
[inst] req=25722880 hits=9564391 fwd=15781 rows=16157926 fwd_ms=938932.9 eval=0 prior=0
[inst] req=25731072 hits=9567607 fwd=15786 rows=16163046 fwd_ms=939213.0 eval=0 prior=0
[inst] req=25739264 hits=9570777 fwd=15791 rows=16168166 fwd_ms=939493.3 eval=0 prior=0
[inst] req=25747456 hits=9573880 fwd=15796 rows=16173286 fwd_ms=939773.5 eval=0 prior=0
[inst] req=25755648 hits=9577030 fwd=15801 rows=16178406 fwd_ms=940053.5 eval=0 prior=0
[inst] req=25763840 hits=9580183 fwd=15806 rows=16183526 fwd_ms=940333.8 eval=0 prior=0
[inst] req=25772032 hits=9583474 fwd=15810 rows=16187622 fwd_ms=940558.0 eval=0 prior=0
[inst] req=25780224 hits=9586632 fwd=15815 rows=16192742 fwd_ms=940838.4 eval=0 prior=0
[inst] req=25788416 hits=9589981 fwd=15820 rows=16197862 fwd_ms=941118.4 eval=0 prior=0
[inst] req=25796608 hits=9593269 fwd=15825 rows=16202982 fwd_ms=941398.7 eval=0 prior=0
[inst] req=25804800 hits=9596556 fwd=15830 rows=16208102 fwd_ms=941679.1 eval=0 prior=0
[inst] req=25812992 hits=9599722 fwd=15835 rows=16213222 fwd_ms=941959.4 eval=0 prior=0
[inst] req=25821184 hits=9602920 fwd=15839 rows=16217318 fwd_ms=942183.6 eval=0 prior=0
[inst] req=25829376 hits=9606049 fwd=15844 rows=16222438 fwd_ms=942463.8 eval=0 prior=0
[inst] req=25837568 hits=9609063 fwd=15849 rows=16227558 fwd_ms=942744.1 eval=0 prior=0
[inst] req=25845760 hits=9612303 fwd=15854 rows=16232678 fwd_ms=943024.2 eval=0 prior=0
[inst] req=25853952 hits=9615541 fwd=15859 rows=16237798 fwd_ms=943304.4 eval=0 prior=0
[inst] req=25862144 hits=9618915 fwd=15864 rows=16242918 fwd_ms=943584.5 eval=0 prior=0
[inst] req=25870336 hits=9622184 fwd=15869 rows=16248038 fwd_ms=943864.8 eval=0 prior=0
[inst] req=25878528 hits=9625470 fwd=15873 rows=16252134 fwd_ms=944088.8 eval=0 prior=0
[inst] req=25886720 hits=9628659 fwd=15878 rows=16257254 fwd_ms=944369.2 eval=0 prior=0
[inst] req=25894912 hits=9631797 fwd=15883 rows=16262374 fwd_ms=944649.4 eval=0 prior=0
[inst] req=25903104 hits=9634921 fwd=15888 rows=16267494 fwd_ms=944929.6 eval=0 prior=0
[inst] req=25911296 hits=9638078 fwd=15893 rows=16272614 fwd_ms=945209.9 eval=0 prior=0
[inst] req=25919488 hits=9641214 fwd=15898 rows=16277734 fwd_ms=945490.2 eval=0 prior=0
[inst] req=25927680 hits=9644406 fwd=15903 rows=16282854 fwd_ms=945770.6 eval=0 prior=0
[inst] req=25935872 hits=9647608 fwd=15908 rows=16287974 fwd_ms=946050.7 eval=0 prior=0
[inst] req=25944064 hits=9650764 fwd=15913 rows=16293094 fwd_ms=946330.9 eval=0 prior=0
[inst] req=25952256 hits=9653987 fwd=15918 rows=16298214 fwd_ms=946610.8 eval=0 prior=0
[inst] req=25960448 hits=9657114 fwd=15922 rows=16302310 fwd_ms=946835.0 eval=0 prior=0
[inst] req=25968640 hits=9660379 fwd=15927 rows=16307430 fwd_ms=947115.3 eval=0 prior=0
[inst] req=25976832 hits=9663604 fwd=15932 rows=16312550 fwd_ms=947395.4 eval=0 prior=0
[inst] req=25985024 hits=9666770 fwd=15937 rows=16317670 fwd_ms=947675.0 eval=0 prior=0
[inst] req=25993216 hits=9669852 fwd=15942 rows=16322790 fwd_ms=947953.9 eval=0 prior=0
[inst] req=26001408 hits=9673117 fwd=15947 rows=16327910 fwd_ms=948232.9 eval=0 prior=0
[inst] req=26009600 hits=9676446 fwd=15952 rows=16333030 fwd_ms=948511.7 eval=0 prior=0
[inst] req=26017792 hits=9679653 fwd=15956 rows=16337126 fwd_ms=948734.7 eval=0 prior=0
[inst] req=26025984 hits=9682938 fwd=15961 rows=16342246 fwd_ms=949013.5 eval=0 prior=0
[inst] req=26034176 hits=9686226 fwd=15966 rows=16347366 fwd_ms=949292.5 eval=0 prior=0
[inst] req=26042368 hits=9689472 fwd=15971 rows=16352486 fwd_ms=949571.3 eval=0 prior=0
[inst] req=26050560 hits=9692688 fwd=15976 rows=16357606 fwd_ms=949850.2 eval=0 prior=0
[inst] req=26058752 hits=9695986 fwd=15981 rows=16362726 fwd_ms=950129.0 eval=0 prior=0
[inst] req=26066944 hits=9699075 fwd=15986 rows=16367846 fwd_ms=950407.9 eval=0 prior=0
[inst] req=26075136 hits=9702227 fwd=15990 rows=16371942 fwd_ms=950631.4 eval=0 prior=0
[inst] req=26083328 hits=9705412 fwd=15995 rows=16377062 fwd_ms=950910.3 eval=0 prior=0
[inst] req=26091520 hits=9708685 fwd=16000 rows=16382182 fwd_ms=951189.1 eval=0 prior=0
[inst] req=26099712 hits=9711899 fwd=16005 rows=16387302 fwd_ms=951468.0 eval=0 prior=0
[inst] req=26107904 hits=9715033 fwd=16010 rows=16392422 fwd_ms=951746.9 eval=0 prior=0
[inst] req=26116096 hits=9718249 fwd=16015 rows=16397542 fwd_ms=952025.6 eval=0 prior=0
[inst] req=26124288 hits=9721515 fwd=16020 rows=16402662 fwd_ms=952304.5 eval=0 prior=0
[inst] req=26132480 hits=9724746 fwd=16024 rows=16406758 fwd_ms=952527.5 eval=0 prior=0
[inst] req=26140672 hits=9727843 fwd=16029 rows=16411878 fwd_ms=952806.4 eval=0 prior=0
[inst] req=26148864 hits=9730947 fwd=16034 rows=16416998 fwd_ms=953085.3 eval=0 prior=0
[inst] req=26157056 hits=9734036 fwd=16039 rows=16422118 fwd_ms=953364.3 eval=0 prior=0
[inst] req=26165248 hits=9737131 fwd=16044 rows=16427238 fwd_ms=953643.1 eval=0 prior=0
[inst] req=26173440 hits=9740311 fwd=16049 rows=16432358 fwd_ms=953922.0 eval=0 prior=0
[inst] req=26181632 hits=9743609 fwd=16054 rows=16437478 fwd_ms=954200.9 eval=0 prior=0
[inst] req=26189824 hits=9746826 fwd=16059 rows=16442598 fwd_ms=954479.6 eval=0 prior=0
[inst] req=26198016 hits=9750195 fwd=16064 rows=16447718 fwd_ms=954758.5 eval=0 prior=0
[inst] req=26206208 hits=9753514 fwd=16068 rows=16451814 fwd_ms=954981.7 eval=0 prior=0
[inst] req=26214400 hits=9756652 fwd=16073 rows=16456934 fwd_ms=955260.5 eval=0 prior=0
[inst] req=26222592 hits=9759662 fwd=16078 rows=16462054 fwd_ms=955539.4 eval=0 prior=0
[inst] req=26230784 hits=9762845 fwd=16083 rows=16467174 fwd_ms=955818.2 eval=0 prior=0
[inst] req=26238976 hits=9765940 fwd=16088 rows=16472294 fwd_ms=956096.9 eval=0 prior=0
[inst] req=26247168 hits=9769175 fwd=16093 rows=16477414 fwd_ms=956375.6 eval=0 prior=0
[inst] req=26255360 hits=9772459 fwd=16098 rows=16482534 fwd_ms=956654.5 eval=0 prior=0
[inst] req=26263552 hits=9775665 fwd=16103 rows=16487654 fwd_ms=956933.5 eval=0 prior=0
[inst] req=26271744 hits=9778939 fwd=16108 rows=16492773 fwd_ms=957212.7 eval=0 prior=0
[inst] req=26279936 hits=9782243 fwd=16112 rows=16496869 fwd_ms=957435.8 eval=0 prior=0
[inst] req=26288128 hits=9785523 fwd=16117 rows=16501989 fwd_ms=957714.6 eval=0 prior=0
[inst] req=26296320 hits=9788680 fwd=16122 rows=16507109 fwd_ms=957993.4 eval=0 prior=0
[inst] req=26304512 hits=9791972 fwd=16127 rows=16512229 fwd_ms=958272.1 eval=0 prior=0
[inst] req=26312704 hits=9795088 fwd=16132 rows=16517349 fwd_ms=958551.0 eval=0 prior=0
[inst] req=26320896 hits=9798304 fwd=16137 rows=16522469 fwd_ms=958829.8 eval=0 prior=0
[inst] req=26329088 hits=9801437 fwd=16142 rows=16527589 fwd_ms=959108.6 eval=0 prior=0
[inst] req=26337280 hits=9804584 fwd=16146 rows=16531685 fwd_ms=959331.7 eval=0 prior=0
[inst] req=26345472 hits=9807740 fwd=16151 rows=16536805 fwd_ms=959610.4 eval=0 prior=0
[inst] req=26353664 hits=9811028 fwd=16156 rows=16541925 fwd_ms=959889.2 eval=0 prior=0
[inst] req=26361856 hits=9814479 fwd=16161 rows=16547045 fwd_ms=960168.1 eval=0 prior=0
[inst] req=26370048 hits=9817711 fwd=16166 rows=16552165 fwd_ms=960446.7 eval=0 prior=0
[inst] req=26378240 hits=9820812 fwd=16171 rows=16557285 fwd_ms=960725.5 eval=0 prior=0
[inst] req=26386432 hits=9823941 fwd=16176 rows=16562405 fwd_ms=961004.3 eval=0 prior=0
[inst] req=26394624 hits=9827058 fwd=16181 rows=16567525 fwd_ms=961283.2 eval=0 prior=0
[inst] req=26402816 hits=9830246 fwd=16185 rows=16571621 fwd_ms=961506.5 eval=0 prior=0
[inst] req=26411008 hits=9833237 fwd=16191 rows=16577765 fwd_ms=961841.1 eval=0 prior=0
[inst] req=26419200 hits=9836364 fwd=16195 rows=16581861 fwd_ms=962064.3 eval=0 prior=0
[inst] req=26427392 hits=9839560 fwd=16200 rows=16586981 fwd_ms=962343.0 eval=0 prior=0
[inst] req=26435584 hits=9842777 fwd=16205 rows=16592101 fwd_ms=962621.8 eval=0 prior=0
[inst] req=26443776 hits=9845839 fwd=16210 rows=16597221 fwd_ms=962900.5 eval=0 prior=0
[inst] req=26451968 hits=9849139 fwd=16215 rows=16602341 fwd_ms=963179.4 eval=0 prior=0
[inst] req=26460160 hits=9852408 fwd=16220 rows=16607461 fwd_ms=963458.0 eval=0 prior=0
[inst] req=26468352 hits=9855714 fwd=16225 rows=16612581 fwd_ms=963736.8 eval=0 prior=0
[inst] req=26476544 hits=9858958 fwd=16229 rows=16616677 fwd_ms=963959.8 eval=0 prior=0
[inst] req=26484736 hits=9862178 fwd=16234 rows=16621797 fwd_ms=964238.6 eval=0 prior=0
[inst] req=26492928 hits=9865308 fwd=16239 rows=16626917 fwd_ms=964517.5 eval=0 prior=0
[inst] req=26501120 hits=9868404 fwd=16244 rows=16632037 fwd_ms=964796.3 eval=0 prior=0
[inst] req=26509312 hits=9871454 fwd=16249 rows=16637157 fwd_ms=965075.1 eval=0 prior=0
[inst] req=26517504 hits=9874624 fwd=16254 rows=16642277 fwd_ms=965354.2 eval=0 prior=0
[inst] req=26525696 hits=9877966 fwd=16259 rows=16647397 fwd_ms=965633.0 eval=0 prior=0
[inst] req=26533888 hits=9881190 fwd=16264 rows=16652517 fwd_ms=965912.0 eval=0 prior=0
[inst] req=26542080 hits=9884340 fwd=16269 rows=16657637 fwd_ms=966190.9 eval=0 prior=0
[inst] req=26550272 hits=9887620 fwd=16273 rows=16661733 fwd_ms=966414.0 eval=0 prior=0
[inst] req=26558464 hits=9891043 fwd=16278 rows=16666853 fwd_ms=966692.8 eval=0 prior=0
[inst] req=26566656 hits=9894259 fwd=16283 rows=16671973 fwd_ms=966971.6 eval=0 prior=0
[inst] req=26574848 hits=9897549 fwd=16288 rows=16677093 fwd_ms=967250.5 eval=0 prior=0
[inst] req=26583040 hits=9900605 fwd=16293 rows=16682213 fwd_ms=967529.4 eval=0 prior=0
[inst] req=26591232 hits=9903801 fwd=16298 rows=16687333 fwd_ms=967808.3 eval=0 prior=0
[inst] req=26599424 hits=9907021 fwd=16302 rows=16691429 fwd_ms=968031.5 eval=0 prior=0
[inst] req=26607616 hits=9910203 fwd=16307 rows=16696549 fwd_ms=968310.4 eval=0 prior=0
[inst] req=26615808 hits=9913224 fwd=16312 rows=16701669 fwd_ms=968589.4 eval=0 prior=0
[inst] req=26624000 hits=9916507 fwd=16317 rows=16706789 fwd_ms=968868.5 eval=0 prior=0
[inst] req=26632192 hits=9919579 fwd=16322 rows=16711909 fwd_ms=969147.6 eval=0 prior=0
[inst] req=26640384 hits=9922766 fwd=16327 rows=16717029 fwd_ms=969426.8 eval=0 prior=0
[inst] req=26648576 hits=9926171 fwd=16332 rows=16722149 fwd_ms=969706.0 eval=0 prior=0
[inst] req=26656768 hits=9929519 fwd=16336 rows=16726245 fwd_ms=969929.5 eval=0 prior=0
[inst] req=26664960 hits=9932732 fwd=16341 rows=16731365 fwd_ms=970208.6 eval=0 prior=0
[inst] req=26673152 hits=9936070 fwd=16346 rows=16736485 fwd_ms=970487.7 eval=0 prior=0
[inst] req=26681344 hits=9939367 fwd=16351 rows=16741605 fwd_ms=970766.8 eval=0 prior=0
[inst] req=26689536 hits=9942574 fwd=16356 rows=16746725 fwd_ms=971045.9 eval=0 prior=0
[inst] req=26697728 hits=9945890 fwd=16360 rows=16750820 fwd_ms=971269.6 eval=0 prior=0
[inst] req=26705920 hits=9949127 fwd=16365 rows=16755940 fwd_ms=971549.0 eval=0 prior=0
[inst] req=26714112 hits=9952422 fwd=16370 rows=16761060 fwd_ms=971828.6 eval=0 prior=0
[inst] req=26722304 hits=9955559 fwd=16375 rows=16766180 fwd_ms=972108.1 eval=0 prior=0
