Logging directory: /home/ubuntu/rl/reinfors-benchmarks/runs/v1_grid/os_a256b128/cycle2/throughput
Creating model: /home/ubuntu/rl/reinfors-benchmarks/runs/v1_grid/os_a256b128/cycle2/throughput/vpnet.pb
Playing game: chess
Loading model from step 0
[W TensorCompare.cpp:530] Warning: where received a uint8 condition tensor. This behavior is deprecated and will be removed in a future version of PyTorch. Use a boolean condition instead. (function operator())
[inst] req=8192 hits=1610 fwd=50 rows=6326 fwd_ms=741.2 eval=0 prior=0
[inst] req=16384 hits=4938 fwd=88 rows=11190 fwd_ms=1112.3 eval=0 prior=0
[inst] req=24576 hits=6474 fwd=140 rows=17846 fwd_ms=1620.4 eval=0 prior=0
[inst] req=32768 hits=9083 fwd=184 rows=23478 fwd_ms=2050.3 eval=0 prior=0
[inst] req=40960 hits=12098 fwd=225 rows=28726 fwd_ms=2452.1 eval=0 prior=0
[inst] req=49152 hits=14113 fwd=273 rows=34870 fwd_ms=2921.7 eval=0 prior=0
[inst] req=57344 hits=17331 fwd=312 rows=39862 fwd_ms=3304.9 eval=0 prior=0
[inst] req=65536 hits=20835 fwd=348 rows=44470 fwd_ms=3658.9 eval=0 prior=0
[inst] req=73728 hits=23321 fwd=393 rows=50230 fwd_ms=4101.3 eval=0 prior=0
[inst] req=81920 hits=26113 fwd=435 rows=55606 fwd_ms=4513.7 eval=0 prior=0
[inst] req=90112 hits=28525 fwd=480 rows=61366 fwd_ms=4956.2 eval=0 prior=0
[inst] req=98304 hits=30650 fwd=528 rows=67510 fwd_ms=5429.9 eval=0 prior=0
[inst] req=106496 hits=33726 fwd=568 rows=72630 fwd_ms=5822.7 eval=0 prior=0
[inst] req=114688 hits=36323 fwd=611 rows=78134 fwd_ms=6251.3 eval=0 prior=0
[inst] req=122880 hits=38473 fwd=659 rows=84278 fwd_ms=6722.6 eval=0 prior=0
[inst] req=131072 hits=41234 fwd=701 rows=89654 fwd_ms=7135.7 eval=0 prior=0
[inst] req=139264 hits=43326 fwd=749 rows=95798 fwd_ms=7608.8 eval=0 prior=0
[inst] req=147456 hits=45978 fwd=792 rows=101302 fwd_ms=8031.7 eval=0 prior=0
[inst] req=155648 hits=49037 fwd=832 rows=106422 fwd_ms=8425.6 eval=0 prior=0
[inst] req=163840 hits=51234 fwd=879 rows=112438 fwd_ms=8888.4 eval=0 prior=0
[inst] req=172032 hits=53806 fwd=923 rows=118070 fwd_ms=9321.3 eval=0 prior=0
[inst] req=180224 hits=56449 fwd=966 rows=123574 fwd_ms=9746.0 eval=0 prior=0
[inst] req=188416 hits=58635 fwd=1013 rows=129590 fwd_ms=10208.5 eval=0 prior=0
[inst] req=196608 hits=61637 fwd=1054 rows=134838 fwd_ms=10613.7 eval=0 prior=0
[inst] req=204800 hits=64465 fwd=1095 rows=140086 fwd_ms=11019.7 eval=0 prior=0
[inst] req=212992 hits=66492 fwd=1144 rows=146358 fwd_ms=11502.8 eval=0 prior=0
[inst] req=221184 hits=69099 fwd=1187 rows=151862 fwd_ms=11928.6 eval=0 prior=0
[inst] req=229376 hits=71517 fwd=1232 rows=157622 fwd_ms=12375.3 eval=0 prior=0
[inst] req=237568 hits=73927 fwd=1278 rows=163510 fwd_ms=12884.8 eval=0 prior=0
[inst] req=245760 hits=77144 fwd=1316 rows=168374 fwd_ms=13275.0 eval=0 prior=0
[inst] req=253952 hits=80026 fwd=1358 rows=173750 fwd_ms=13690.5 eval=0 prior=0
[inst] req=262144 hits=82388 fwd=1403 rows=179510 fwd_ms=14134.2 eval=0 prior=0
[inst] req=270336 hits=85528 fwd=1443 rows=184630 fwd_ms=14527.8 eval=0 prior=0
[inst] req=278528 hits=88033 fwd=1487 rows=190262 fwd_ms=14961.3 eval=0 prior=0
[inst] req=286720 hits=90996 fwd=1528 rows=195510 fwd_ms=15366.2 eval=0 prior=0
[inst] req=294912 hits=94195 fwd=1567 rows=200502 fwd_ms=15750.5 eval=0 prior=0
[inst] req=303104 hits=96683 fwd=1612 rows=206262 fwd_ms=16194.3 eval=0 prior=0
[inst] req=311296 hits=99376 fwd=1655 rows=211766 fwd_ms=16619.7 eval=0 prior=0
[inst] req=319488 hits=102181 fwd=1697 rows=217142 fwd_ms=17037.4 eval=0 prior=0
[inst] req=327680 hits=104839 fwd=1740 rows=222646 fwd_ms=17464.5 eval=0 prior=0
[inst] req=335872 hits=108023 fwd=1779 rows=227638 fwd_ms=17855.5 eval=0 prior=0
[inst] req=344064 hits=110917 fwd=1821 rows=233014 fwd_ms=18273.0 eval=0 prior=0
[inst] req=352256 hits=113232 fwd=1866 rows=238774 fwd_ms=18718.7 eval=0 prior=0
[inst] req=360448 hits=116152 fwd=1908 rows=244150 fwd_ms=19195.6 eval=0 prior=0
[inst] req=368640 hits=118778 fwd=1951 rows=249654 fwd_ms=19637.7 eval=0 prior=0
[inst] req=376832 hits=121738 fwd=1992 rows=254902 fwd_ms=20047.0 eval=0 prior=0
[inst] req=385024 hits=124914 fwd=2031 rows=259894 fwd_ms=20434.2 eval=0 prior=0
[inst] req=393216 hits=127219 fwd=2077 rows=265782 fwd_ms=20890.4 eval=0 prior=0
[inst] req=401408 hits=129801 fwd=2121 rows=271414 fwd_ms=21327.9 eval=0 prior=0
[inst] req=409600 hits=132468 fwd=2164 rows=276918 fwd_ms=21755.6 eval=0 prior=0
[inst] req=417792 hits=135147 fwd=2207 rows=282422 fwd_ms=22187.4 eval=0 prior=0
[inst] req=425984 hits=138213 fwd=2247 rows=287542 fwd_ms=22608.3 eval=0 prior=0
[inst] req=434176 hits=140838 fwd=2291 rows=293174 fwd_ms=23109.7 eval=0 prior=0
[inst] req=442368 hits=143200 fwd=2336 rows=298934 fwd_ms=23585.8 eval=0 prior=0
[inst] req=450560 hits=146048 fwd=2378 rows=304310 fwd_ms=24004.8 eval=0 prior=0
[inst] req=458752 hits=148570 fwd=2422 rows=309942 fwd_ms=24444.3 eval=0 prior=0
[inst] req=466944 hits=151619 fwd=2463 rows=315190 fwd_ms=24851.5 eval=0 prior=0
[inst] req=475136 hits=154507 fwd=2504 rows=320438 fwd_ms=25261.0 eval=0 prior=0
[inst] req=483328 hits=156825 fwd=2550 rows=326326 fwd_ms=25716.7 eval=0 prior=0
[inst] req=491520 hits=159593 fwd=2592 rows=331702 fwd_ms=26139.5 eval=0 prior=0
[inst] req=499712 hits=162201 fwd=2636 rows=337334 fwd_ms=26576.4 eval=0 prior=0
[inst] req=507904 hits=164937 fwd=2679 rows=342838 fwd_ms=27018.9 eval=0 prior=0
[inst] req=516096 hits=167853 fwd=2720 rows=348086 fwd_ms=27450.7 eval=0 prior=0
[inst] req=524288 hits=170427 fwd=2764 rows=353718 fwd_ms=27956.7 eval=0 prior=0
[inst] req=532480 hits=173015 fwd=2807 rows=359222 fwd_ms=28453.3 eval=0 prior=0
[inst] req=540672 hits=175707 fwd=2850 rows=364726 fwd_ms=28950.7 eval=0 prior=0
[inst] req=548864 hits=178403 fwd=2893 rows=370230 fwd_ms=29441.7 eval=0 prior=0
[inst] req=557056 hits=181407 fwd=2934 rows=375478 fwd_ms=29861.2 eval=0 prior=0
[inst] req=565248 hits=184196 fwd=2976 rows=380854 fwd_ms=30279.3 eval=0 prior=0
[inst] req=573440 hits=186609 fwd=3021 rows=386614 fwd_ms=30729.7 eval=0 prior=0
[inst] req=581632 hits=189372 fwd=3064 rows=392118 fwd_ms=31159.9 eval=0 prior=0
[inst] req=589824 hits=191948 fwd=3107 rows=397622 fwd_ms=31587.6 eval=0 prior=0
[inst] req=598016 hits=194839 fwd=3149 rows=402998 fwd_ms=32006.2 eval=0 prior=0
[inst] req=606208 hits=197812 fwd=3190 rows=408246 fwd_ms=32416.5 eval=0 prior=0
[inst] req=614400 hits=200228 fwd=3235 rows=414006 fwd_ms=32864.7 eval=0 prior=0
[inst] req=622592 hits=202840 fwd=3278 rows=419510 fwd_ms=33294.7 eval=0 prior=0
[inst] req=630784 hits=205450 fwd=3322 rows=425142 fwd_ms=33733.1 eval=0 prior=0
[inst] req=638976 hits=208037 fwd=3366 rows=430774 fwd_ms=34172.1 eval=0 prior=0
[inst] req=647168 hits=210994 fwd=3407 rows=436022 fwd_ms=34581.9 eval=0 prior=0
[inst] req=655360 hits=213618 fwd=3450 rows=441526 fwd_ms=35025.2 eval=0 prior=0
[inst] req=663552 hits=216193 fwd=3494 rows=447158 fwd_ms=35500.6 eval=0 prior=0
[inst] req=671744 hits=218908 fwd=3537 rows=452662 fwd_ms=35939.5 eval=0 prior=0
[inst] req=679936 hits=221419 fwd=3581 rows=458294 fwd_ms=36404.9 eval=0 prior=0
[inst] req=688128 hits=224274 fwd=3623 rows=463670 fwd_ms=36841.9 eval=0 prior=0
[inst] req=696320 hits=226947 fwd=3666 rows=469174 fwd_ms=37288.3 eval=0 prior=0
[inst] req=704512 hits=229422 fwd=3711 rows=474934 fwd_ms=37762.5 eval=0 prior=0
[inst] req=712704 hits=232300 fwd=3752 rows=480182 fwd_ms=38187.0 eval=0 prior=0
[inst] req=720896 hits=234890 fwd=3796 rows=485814 fwd_ms=38631.1 eval=0 prior=0
[inst] req=729088 hits=237572 fwd=3839 rows=491318 fwd_ms=39067.1 eval=0 prior=0
[inst] req=737280 hits=240367 fwd=3881 rows=496694 fwd_ms=39497.9 eval=0 prior=0
[inst] req=745472 hits=242884 fwd=3926 rows=502454 fwd_ms=39952.6 eval=0 prior=0
[inst] req=753664 hits=245570 fwd=3969 rows=507958 fwd_ms=40380.0 eval=0 prior=0
[inst] req=761856 hits=248162 fwd=4012 rows=513462 fwd_ms=40807.9 eval=0 prior=0
[inst] req=770048 hits=250865 fwd=4055 rows=518966 fwd_ms=41235.5 eval=0 prior=0
[inst] req=778240 hits=253752 fwd=4097 rows=524342 fwd_ms=41660.5 eval=0 prior=0
[inst] req=786432 hits=256495 fwd=4139 rows=529718 fwd_ms=42078.5 eval=0 prior=0
[inst] req=794624 hits=259066 fwd=4183 rows=535350 fwd_ms=42516.2 eval=0 prior=0
[inst] req=802816 hits=261728 fwd=4226 rows=540854 fwd_ms=42943.2 eval=0 prior=0
[inst] req=811008 hits=264456 fwd=4269 rows=546358 fwd_ms=43370.3 eval=0 prior=0
[inst] req=819200 hits=267343 fwd=4310 rows=551606 fwd_ms=43777.8 eval=0 prior=0
[inst] req=827392 hits=270114 fwd=4353 rows=557110 fwd_ms=44205.6 eval=0 prior=0
[inst] req=835584 hits=272662 fwd=4397 rows=562742 fwd_ms=44644.2 eval=0 prior=0
[inst] req=843776 hits=275216 fwd=4441 rows=568374 fwd_ms=45081.3 eval=0 prior=0
[inst] req=851968 hits=277925 fwd=4484 rows=573878 fwd_ms=45508.8 eval=0 prior=0
[inst] req=860160 hits=280611 fwd=4527 rows=579382 fwd_ms=45937.0 eval=0 prior=0
[inst] req=868352 hits=283460 fwd=4569 rows=584758 fwd_ms=46354.8 eval=0 prior=0
[inst] req=876544 hits=285999 fwd=4613 rows=590390 fwd_ms=46791.9 eval=0 prior=0
[inst] req=884736 hits=288436 fwd=4658 rows=596150 fwd_ms=47239.4 eval=0 prior=0
[inst] req=892928 hits=291160 fwd=4700 rows=601526 fwd_ms=47656.9 eval=0 prior=0
[inst] req=901120 hits=293811 fwd=4744 rows=607158 fwd_ms=48094.3 eval=0 prior=0
[inst] req=909312 hits=296452 fwd=4787 rows=612662 fwd_ms=48521.9 eval=0 prior=0
[inst] req=917504 hits=299185 fwd=4830 rows=618166 fwd_ms=48949.3 eval=0 prior=0
[inst] req=925696 hits=301791 fwd=4873 rows=623670 fwd_ms=49376.5 eval=0 prior=0
[inst] req=933888 hits=304475 fwd=4916 rows=629174 fwd_ms=49804.8 eval=0 prior=0
[inst] req=942080 hits=307130 fwd=4960 rows=634806 fwd_ms=50242.1 eval=0 prior=0
[inst] req=950272 hits=309904 fwd=5002 rows=640182 fwd_ms=50660.3 eval=0 prior=0
[inst] req=958464 hits=312542 fwd=5045 rows=645686 fwd_ms=51088.0 eval=0 prior=0
[inst] req=966656 hits=315133 fwd=5089 rows=651318 fwd_ms=51525.5 eval=0 prior=0
[inst] req=974848 hits=317612 fwd=5134 rows=657078 fwd_ms=51973.1 eval=0 prior=0
[inst] req=983040 hits=320179 fwd=5178 rows=662710 fwd_ms=52411.0 eval=0 prior=0
[inst] req=991232 hits=322889 fwd=5221 rows=668214 fwd_ms=52839.2 eval=0 prior=0
[inst] req=999424 hits=325577 fwd=5264 rows=673718 fwd_ms=53267.2 eval=0 prior=0
[inst] req=1007616 hits=328094 fwd=5308 rows=679350 fwd_ms=53706.4 eval=0 prior=0
[inst] req=1015808 hits=330544 fwd=5353 rows=685110 fwd_ms=54153.8 eval=0 prior=0
[inst] req=1024000 hits=333095 fwd=5397 rows=690742 fwd_ms=54592.5 eval=0 prior=0
[inst] req=1032192 hits=335854 fwd=5439 rows=696118 fwd_ms=55010.5 eval=0 prior=0
[inst] req=1040384 hits=338496 fwd=5483 rows=701750 fwd_ms=55449.1 eval=0 prior=0
[inst] req=1048576 hits=341171 fwd=5526 rows=707254 fwd_ms=55876.9 eval=0 prior=0
[inst] req=1056768 hits=343639 fwd=5570 rows=712886 fwd_ms=56314.9 eval=0 prior=0
[inst] req=1064960 hits=346012 fwd=5616 rows=718774 fwd_ms=56773.0 eval=0 prior=0
[inst] req=1073152 hits=348646 fwd=5659 rows=724278 fwd_ms=57203.3 eval=0 prior=0
[inst] req=1081344 hits=351379 fwd=5702 rows=729782 fwd_ms=57631.6 eval=0 prior=0
[inst] req=1089536 hits=354023 fwd=5745 rows=735286 fwd_ms=58059.2 eval=0 prior=0
[inst] req=1097728 hits=356594 fwd=5789 rows=740918 fwd_ms=58497.4 eval=0 prior=0
[inst] req=1105920 hits=359046 fwd=5834 rows=746678 fwd_ms=58946.0 eval=0 prior=0
[inst] req=1114112 hits=361654 fwd=5878 rows=752310 fwd_ms=59384.7 eval=0 prior=0
[inst] req=1122304 hits=364358 fwd=5921 rows=757814 fwd_ms=59813.8 eval=0 prior=0
[inst] req=1130496 hits=367069 fwd=5963 rows=763190 fwd_ms=60232.2 eval=0 prior=0
[inst] req=1138688 hits=369695 fwd=6007 rows=768822 fwd_ms=60670.3 eval=0 prior=0
[inst] req=1146880 hits=372388 fwd=6050 rows=774326 fwd_ms=61099.1 eval=0 prior=0
[inst] req=1155072 hits=374990 fwd=6093 rows=779830 fwd_ms=61527.3 eval=0 prior=0
[inst] req=1163264 hits=377735 fwd=6136 rows=785334 fwd_ms=61955.5 eval=0 prior=0
[inst] req=1171456 hits=380441 fwd=6179 rows=790838 fwd_ms=62383.9 eval=0 prior=0
[inst] req=1179648 hits=382906 fwd=6224 rows=796598 fwd_ms=62832.2 eval=0 prior=0
[inst] req=1187840 hits=385468 fwd=6268 rows=802230 fwd_ms=63270.2 eval=0 prior=0
[inst] req=1196032 hits=387980 fwd=6312 rows=807862 fwd_ms=63709.2 eval=0 prior=0
[inst] req=1204224 hits=390726 fwd=6355 rows=813366 fwd_ms=64137.7 eval=0 prior=0
[inst] req=1212416 hits=393418 fwd=6397 rows=818742 fwd_ms=64557.1 eval=0 prior=0
[inst] req=1220608 hits=396047 fwd=6441 rows=824374 fwd_ms=64995.7 eval=0 prior=0
[inst] req=1228800 hits=398661 fwd=6485 rows=830006 fwd_ms=65434.2 eval=0 prior=0
[inst] req=1236992 hits=401286 fwd=6528 rows=835510 fwd_ms=65862.9 eval=0 prior=0
[inst] req=1245184 hits=403893 fwd=6572 rows=841142 fwd_ms=66301.9 eval=0 prior=0
[inst] req=1253376 hits=406514 fwd=6615 rows=846646 fwd_ms=66730.8 eval=0 prior=0
[inst] req=1261568 hits=409163 fwd=6658 rows=852150 fwd_ms=67159.2 eval=0 prior=0
[inst] req=1269760 hits=411756 fwd=6702 rows=857782 fwd_ms=67598.4 eval=0 prior=0
[inst] req=1277952 hits=414333 fwd=6746 rows=863414 fwd_ms=68037.0 eval=0 prior=0
[inst] req=1286144 hits=416877 fwd=6790 rows=869046 fwd_ms=68475.8 eval=0 prior=0
[inst] req=1294336 hits=419514 fwd=6834 rows=874678 fwd_ms=68914.0 eval=0 prior=0
[inst] req=1302528 hits=422211 fwd=6877 rows=880182 fwd_ms=69342.8 eval=0 prior=0
[inst] req=1310720 hits=424855 fwd=6920 rows=885686 fwd_ms=69771.7 eval=0 prior=0
[inst] req=1318912 hits=427357 fwd=6964 rows=891318 fwd_ms=70210.8 eval=0 prior=0
[inst] req=1327104 hits=429854 fwd=7009 rows=897078 fwd_ms=70659.5 eval=0 prior=0
[inst] req=1335296 hits=432464 fwd=7052 rows=902582 fwd_ms=71087.5 eval=0 prior=0
[inst] req=1343488 hits=435232 fwd=7095 rows=908086 fwd_ms=71516.3 eval=0 prior=0
[inst] req=1351680 hits=437911 fwd=7138 rows=913590 fwd_ms=71944.8 eval=0 prior=0
[inst] req=1359872 hits=440538 fwd=7181 rows=919094 fwd_ms=72374.1 eval=0 prior=0
[inst] req=1368064 hits=443009 fwd=7226 rows=924854 fwd_ms=72823.3 eval=0 prior=0
[inst] req=1376256 hits=445612 fwd=7270 rows=930486 fwd_ms=73262.0 eval=0 prior=0
[inst] req=1384448 hits=448257 fwd=7313 rows=935990 fwd_ms=73690.3 eval=0 prior=0
[inst] req=1392640 hits=451176 fwd=7354 rows=941238 fwd_ms=74099.0 eval=0 prior=0
[inst] req=1400832 hits=453791 fwd=7398 rows=946870 fwd_ms=74537.9 eval=0 prior=0
[inst] req=1409024 hits=456358 fwd=7442 rows=952502 fwd_ms=74976.6 eval=0 prior=0
[inst] req=1417216 hits=458982 fwd=7485 rows=958006 fwd_ms=75405.4 eval=0 prior=0
[inst] req=1425408 hits=461678 fwd=7528 rows=963510 fwd_ms=75834.2 eval=0 prior=0
[inst] req=1433600 hits=464368 fwd=7571 rows=969014 fwd_ms=76262.6 eval=0 prior=0
[inst] req=1441792 hits=467153 fwd=7613 rows=974390 fwd_ms=76681.7 eval=0 prior=0
[inst] req=1449984 hits=469910 fwd=7656 rows=979894 fwd_ms=77111.0 eval=0 prior=0
[inst] req=1458176 hits=472569 fwd=7699 rows=985398 fwd_ms=77539.8 eval=0 prior=0
[inst] req=1466368 hits=475164 fwd=7743 rows=991030 fwd_ms=77978.4 eval=0 prior=0
[inst] req=1474560 hits=477792 fwd=7786 rows=996534 fwd_ms=78407.6 eval=0 prior=0
[inst] req=1482752 hits=480451 fwd=7830 rows=1002166 fwd_ms=78846.9 eval=0 prior=0
[inst] req=1490944 hits=482983 fwd=7874 rows=1007798 fwd_ms=79285.5 eval=0 prior=0
[inst] req=1499136 hits=485477 fwd=7918 rows=1013430 fwd_ms=79724.2 eval=0 prior=0
[inst] req=1507328 hits=488106 fwd=7962 rows=1019062 fwd_ms=80163.6 eval=0 prior=0
[inst] req=1515520 hits=490835 fwd=8004 rows=1024438 fwd_ms=80582.3 eval=0 prior=0
[inst] req=1523712 hits=493558 fwd=8047 rows=1029942 fwd_ms=81011.2 eval=0 prior=0
[inst] req=1531904 hits=496249 fwd=8090 rows=1035446 fwd_ms=81440.5 eval=0 prior=0
[inst] req=1540096 hits=498717 fwd=8135 rows=1041206 fwd_ms=81889.0 eval=0 prior=0
[inst] req=1548288 hits=501328 fwd=8178 rows=1046710 fwd_ms=82318.4 eval=0 prior=0
[inst] req=1556480 hits=504008 fwd=8222 rows=1052342 fwd_ms=82757.9 eval=0 prior=0
[inst] req=1564672 hits=506652 fwd=8265 rows=1057846 fwd_ms=83187.0 eval=0 prior=0
[inst] req=1572864 hits=509255 fwd=8309 rows=1063478 fwd_ms=83625.2 eval=0 prior=0
[inst] req=1581056 hits=511830 fwd=8352 rows=1068982 fwd_ms=84053.9 eval=0 prior=0
[inst] req=1589248 hits=514575 fwd=8395 rows=1074486 fwd_ms=84482.5 eval=0 prior=0
[inst] req=1597440 hits=517187 fwd=8439 rows=1080118 fwd_ms=84920.9 eval=0 prior=0
[inst] req=1605632 hits=520087 fwd=8480 rows=1085366 fwd_ms=85329.1 eval=0 prior=0
[inst] req=1613824 hits=522762 fwd=8523 rows=1090870 fwd_ms=85758.3 eval=0 prior=0
[inst] req=1622016 hits=525434 fwd=8566 rows=1096374 fwd_ms=86187.0 eval=0 prior=0
[inst] req=1630208 hits=527918 fwd=8611 rows=1102134 fwd_ms=86635.4 eval=0 prior=0
[inst] req=1638400 hits=530460 fwd=8655 rows=1107766 fwd_ms=87074.1 eval=0 prior=0
[inst] req=1646592 hits=533098 fwd=8698 rows=1113270 fwd_ms=87503.7 eval=0 prior=0
[inst] req=1654784 hits=535802 fwd=8741 rows=1118774 fwd_ms=87932.8 eval=0 prior=0
[inst] req=1662976 hits=538430 fwd=8785 rows=1124406 fwd_ms=88371.5 eval=0 prior=0
[inst] req=1671168 hits=540933 fwd=8829 rows=1130038 fwd_ms=88809.8 eval=0 prior=0
[inst] req=1679360 hits=543541 fwd=8873 rows=1135670 fwd_ms=89248.2 eval=0 prior=0
[inst] req=1687552 hits=546154 fwd=8916 rows=1141174 fwd_ms=89676.8 eval=0 prior=0
[inst] req=1695744 hits=548836 fwd=8959 rows=1146678 fwd_ms=90105.6 eval=0 prior=0
[inst] req=1703936 hits=551623 fwd=9002 rows=1152182 fwd_ms=90533.8 eval=0 prior=0
[inst] req=1712128 hits=554194 fwd=9045 rows=1157686 fwd_ms=90963.1 eval=0 prior=0
[inst] req=1720320 hits=556639 fwd=9090 rows=1163446 fwd_ms=91411.7 eval=0 prior=0
[inst] req=1728512 hits=559241 fwd=9134 rows=1169078 fwd_ms=91850.5 eval=0 prior=0
[inst] req=1736704 hits=561878 fwd=9177 rows=1174582 fwd_ms=92279.4 eval=0 prior=0
[inst] req=1744896 hits=564481 fwd=9221 rows=1180214 fwd_ms=92718.9 eval=0 prior=0
[inst] req=1753088 hits=567210 fwd=9264 rows=1185718 fwd_ms=93147.4 eval=0 prior=0
[inst] req=1761280 hits=569694 fwd=9308 rows=1191350 fwd_ms=93586.1 eval=0 prior=0
[inst] req=1769472 hits=572314 fwd=9352 rows=1196982 fwd_ms=94024.9 eval=0 prior=0
[inst] req=1777664 hits=575043 fwd=9395 rows=1202486 fwd_ms=94453.8 eval=0 prior=0
[inst] req=1785856 hits=577764 fwd=9437 rows=1207862 fwd_ms=94872.2 eval=0 prior=0
[inst] req=1794048 hits=580336 fwd=9481 rows=1213494 fwd_ms=95311.8 eval=0 prior=0
[inst] req=1802240 hits=582937 fwd=9525 rows=1219126 fwd_ms=95750.0 eval=0 prior=0
[inst] req=1810432 hits=585528 fwd=9569 rows=1224758 fwd_ms=96189.0 eval=0 prior=0
[inst] req=1818624 hits=588140 fwd=9612 rows=1230262 fwd_ms=96617.6 eval=0 prior=0
[inst] req=1826816 hits=590949 fwd=9654 rows=1235638 fwd_ms=97036.9 eval=0 prior=0
[inst] req=1835008 hits=593768 fwd=9696 rows=1241014 fwd_ms=97455.3 eval=0 prior=0
[inst] req=1843200 hits=596457 fwd=9739 rows=1246518 fwd_ms=97884.0 eval=0 prior=0
[inst] req=1851392 hits=598975 fwd=9784 rows=1252278 fwd_ms=98332.5 eval=0 prior=0
[inst] req=1859584 hits=601547 fwd=9827 rows=1257782 fwd_ms=98761.0 eval=0 prior=0
[inst] req=1867776 hits=604237 fwd=9870 rows=1263286 fwd_ms=99190.4 eval=0 prior=0
[inst] req=1875968 hits=606862 fwd=9914 rows=1268918 fwd_ms=99629.2 eval=0 prior=0
[inst] req=1884160 hits=609587 fwd=9957 rows=1274422 fwd_ms=100058.2 eval=0 prior=0
[inst] req=1892352 hits=612247 fwd=10000 rows=1279926 fwd_ms=100486.6 eval=0 prior=0
[inst] req=1900544 hits=614895 fwd=10043 rows=1285430 fwd_ms=100915.7 eval=0 prior=0
[inst] req=1908736 hits=617662 fwd=10086 rows=1290934 fwd_ms=101344.9 eval=0 prior=0
[inst] req=1916928 hits=620421 fwd=10128 rows=1296310 fwd_ms=101763.5 eval=0 prior=0
[inst] req=1925120 hits=623234 fwd=10170 rows=1301686 fwd_ms=102182.3 eval=0 prior=0
[inst] req=1933312 hits=625841 fwd=10214 rows=1307318 fwd_ms=102621.2 eval=0 prior=0
[inst] req=1941504 hits=628432 fwd=10257 rows=1312822 fwd_ms=103049.7 eval=0 prior=0
[inst] req=1949696 hits=631270 fwd=10299 rows=1318198 fwd_ms=103468.8 eval=0 prior=0
[inst] req=1957888 hits=633889 fwd=10343 rows=1323830 fwd_ms=103907.1 eval=0 prior=0
[inst] req=1966080 hits=636685 fwd=10385 rows=1329206 fwd_ms=104326.2 eval=0 prior=0
[inst] req=1974272 hits=639462 fwd=10427 rows=1334582 fwd_ms=104744.9 eval=0 prior=0
[inst] req=1982464 hits=642065 fwd=10471 rows=1340214 fwd_ms=105183.7 eval=0 prior=0
[inst] req=1990656 hits=644689 fwd=10514 rows=1345718 fwd_ms=105612.4 eval=0 prior=0
[inst] req=1998848 hits=647427 fwd=10557 rows=1351222 fwd_ms=106042.0 eval=0 prior=0
[inst] req=2007040 hits=650084 fwd=10600 rows=1356726 fwd_ms=106470.4 eval=0 prior=0
[inst] req=2015232 hits=652923 fwd=10642 rows=1362102 fwd_ms=106888.9 eval=0 prior=0
[inst] req=2023424 hits=655751 fwd=10684 rows=1367478 fwd_ms=107307.4 eval=0 prior=0
[inst] req=2031616 hits=658421 fwd=10727 rows=1372982 fwd_ms=107735.6 eval=0 prior=0
[inst] req=2039808 hits=661069 fwd=10770 rows=1378486 fwd_ms=108163.8 eval=0 prior=0
[inst] req=2048000 hits=663643 fwd=10814 rows=1384118 fwd_ms=108602.9 eval=0 prior=0
[inst] req=2056192 hits=666595 fwd=10855 rows=1389366 fwd_ms=109012.0 eval=0 prior=0
[inst] req=2064384 hits=669438 fwd=10897 rows=1394742 fwd_ms=109430.3 eval=0 prior=0
[inst] req=2072576 hits=672075 fwd=10940 rows=1400246 fwd_ms=109858.8 eval=0 prior=0
[inst] req=2080768 hits=674730 fwd=10984 rows=1405878 fwd_ms=110297.4 eval=0 prior=0
[inst] req=2088960 hits=677381 fwd=11027 rows=1411382 fwd_ms=110725.8 eval=0 prior=0
[inst] req=2097152 hits=680037 fwd=11070 rows=1416886 fwd_ms=111154.5 eval=0 prior=0
[inst] req=2105344 hits=682751 fwd=11113 rows=1422390 fwd_ms=111583.1 eval=0 prior=0
[inst] req=2113536 hits=685459 fwd=11156 rows=1427894 fwd_ms=112011.8 eval=0 prior=0
[inst] req=2121728 hits=688081 fwd=11199 rows=1433398 fwd_ms=112440.2 eval=0 prior=0
[inst] req=2129920 hits=690871 fwd=11242 rows=1438902 fwd_ms=112869.0 eval=0 prior=0
[inst] req=2138112 hits=693471 fwd=11285 rows=1444406 fwd_ms=113297.8 eval=0 prior=0
[inst] req=2146304 hits=696186 fwd=11328 rows=1449910 fwd_ms=113726.6 eval=0 prior=0
[inst] req=2154496 hits=698933 fwd=11371 rows=1455414 fwd_ms=114155.3 eval=0 prior=0
[inst] req=2162688 hits=701664 fwd=11413 rows=1460790 fwd_ms=114573.7 eval=0 prior=0
[inst] req=2170880 hits=704293 fwd=11457 rows=1466422 fwd_ms=115012.1 eval=0 prior=0
[inst] req=2179072 hits=707010 fwd=11500 rows=1471926 fwd_ms=115440.5 eval=0 prior=0
[inst] req=2187264 hits=709657 fwd=11543 rows=1477430 fwd_ms=115868.8 eval=0 prior=0
[inst] req=2195456 hits=712377 fwd=11586 rows=1482934 fwd_ms=116297.8 eval=0 prior=0
[inst] req=2203648 hits=715135 fwd=11628 rows=1488310 fwd_ms=116716.6 eval=0 prior=0
[inst] req=2211840 hits=717927 fwd=11670 rows=1493686 fwd_ms=117135.1 eval=0 prior=0
[inst] req=2220032 hits=720773 fwd=11712 rows=1499062 fwd_ms=117553.8 eval=0 prior=0
[inst] req=2228224 hits=723458 fwd=11755 rows=1504566 fwd_ms=117982.0 eval=0 prior=0
[inst] req=2236416 hits=726155 fwd=11798 rows=1510070 fwd_ms=118410.4 eval=0 prior=0
[inst] req=2244608 hits=728780 fwd=11841 rows=1515574 fwd_ms=118839.2 eval=0 prior=0
[inst] req=2252800 hits=731455 fwd=11885 rows=1521206 fwd_ms=119278.2 eval=0 prior=0
[inst] req=2260992 hits=734312 fwd=11926 rows=1526454 fwd_ms=119686.8 eval=0 prior=0
[inst] req=2269184 hits=737054 fwd=11969 rows=1531958 fwd_ms=120115.5 eval=0 prior=0
[inst] req=2277376 hits=739771 fwd=12012 rows=1537462 fwd_ms=120543.9 eval=0 prior=0
[inst] req=2285568 hits=742658 fwd=12053 rows=1542710 fwd_ms=120953.3 eval=0 prior=0
[inst] req=2293760 hits=745269 fwd=12097 rows=1548342 fwd_ms=121391.9 eval=0 prior=0
[inst] req=2301952 hits=747898 fwd=12140 rows=1553846 fwd_ms=121820.6 eval=0 prior=0
[inst] req=2310144 hits=750618 fwd=12183 rows=1559350 fwd_ms=122249.4 eval=0 prior=0
[inst] req=2318336 hits=753300 fwd=12226 rows=1564854 fwd_ms=122678.5 eval=0 prior=0
[inst] req=2326528 hits=756136 fwd=12268 rows=1570230 fwd_ms=123098.0 eval=0 prior=0
[inst] req=2334720 hits=758816 fwd=12311 rows=1575734 fwd_ms=123527.3 eval=0 prior=0
[inst] req=2342912 hits=761562 fwd=12353 rows=1581110 fwd_ms=123945.9 eval=0 prior=0
[inst] req=2351104 hits=764249 fwd=12396 rows=1586614 fwd_ms=124375.3 eval=0 prior=0
[inst] req=2359296 hits=766959 fwd=12439 rows=1592118 fwd_ms=124804.9 eval=0 prior=0
[inst] req=2367488 hits=769752 fwd=12481 rows=1597494 fwd_ms=125223.9 eval=0 prior=0
[inst] req=2375680 hits=772410 fwd=12525 rows=1603126 fwd_ms=125663.0 eval=0 prior=0
[inst] req=2383872 hits=775060 fwd=12568 rows=1608630 fwd_ms=126091.7 eval=0 prior=0
[inst] req=2392064 hits=777821 fwd=12610 rows=1614006 fwd_ms=126510.4 eval=0 prior=0
[inst] req=2400256 hits=780494 fwd=12653 rows=1619510 fwd_ms=126939.1 eval=0 prior=0
[inst] req=2408448 hits=783271 fwd=12696 rows=1625014 fwd_ms=127368.2 eval=0 prior=0
[inst] req=2416640 hits=786052 fwd=12738 rows=1630390 fwd_ms=127787.1 eval=0 prior=0
[inst] req=2424832 hits=788759 fwd=12781 rows=1635894 fwd_ms=128215.8 eval=0 prior=0
[inst] req=2433024 hits=791485 fwd=12824 rows=1641398 fwd_ms=128644.6 eval=0 prior=0
[inst] req=2441216 hits=794149 fwd=12867 rows=1646902 fwd_ms=129073.6 eval=0 prior=0
[inst] req=2449408 hits=796933 fwd=12909 rows=1652278 fwd_ms=129492.7 eval=0 prior=0
[inst] req=2457600 hits=799875 fwd=12950 rows=1657526 fwd_ms=129901.4 eval=0 prior=0
[inst] req=2465792 hits=802767 fwd=12991 rows=1662774 fwd_ms=130310.5 eval=0 prior=0
[inst] req=2473984 hits=805488 fwd=13034 rows=1668278 fwd_ms=130739.8 eval=0 prior=0
[inst] req=2482176 hits=808153 fwd=13077 rows=1673782 fwd_ms=131168.8 eval=0 prior=0
[inst] req=2490368 hits=810960 fwd=13119 rows=1679158 fwd_ms=131587.9 eval=0 prior=0
[inst] req=2498560 hits=813618 fwd=13163 rows=1684790 fwd_ms=132027.0 eval=0 prior=0
[inst] req=2506752 hits=816380 fwd=13205 rows=1690166 fwd_ms=132446.1 eval=0 prior=0
[inst] req=2514944 hits=819217 fwd=13247 rows=1695542 fwd_ms=132866.1 eval=0 prior=0
[inst] req=2523136 hits=822108 fwd=13288 rows=1700790 fwd_ms=133275.1 eval=0 prior=0
[inst] req=2531328 hits=825075 fwd=13329 rows=1706038 fwd_ms=133684.0 eval=0 prior=0
[inst] req=2539520 hits=827711 fwd=13373 rows=1711670 fwd_ms=134122.9 eval=0 prior=0
[inst] req=2547712 hits=830417 fwd=13415 rows=1717046 fwd_ms=134542.2 eval=0 prior=0
[inst] req=2555904 hits=833474 fwd=13456 rows=1722294 fwd_ms=134951.4 eval=0 prior=0
[inst] req=2564096 hits=836242 fwd=13498 rows=1727670 fwd_ms=135370.8 eval=0 prior=0
[inst] req=2572288 hits=838913 fwd=13541 rows=1733174 fwd_ms=135800.2 eval=0 prior=0
[inst] req=2580480 hits=841625 fwd=13584 rows=1738678 fwd_ms=136229.6 eval=0 prior=0
[inst] req=2588672 hits=844433 fwd=13626 rows=1744054 fwd_ms=136649.8 eval=0 prior=0
[inst] req=2596864 hits=847247 fwd=13668 rows=1749430 fwd_ms=137069.4 eval=0 prior=0
[inst] req=2605056 hits=849970 fwd=13711 rows=1754934 fwd_ms=137498.7 eval=0 prior=0
[inst] req=2613248 hits=852592 fwd=13754 rows=1760438 fwd_ms=137927.4 eval=0 prior=0
[inst] req=2621440 hits=855466 fwd=13796 rows=1765814 fwd_ms=138347.2 eval=0 prior=0
[inst] req=2629632 hits=858186 fwd=13838 rows=1771190 fwd_ms=138767.4 eval=0 prior=0
[inst] req=2637824 hits=860993 fwd=13881 rows=1776694 fwd_ms=139196.6 eval=0 prior=0
[inst] req=2646016 hits=863743 fwd=13923 rows=1782070 fwd_ms=139615.8 eval=0 prior=0
[inst] req=2654208 hits=866444 fwd=13966 rows=1787574 fwd_ms=140045.5 eval=0 prior=0
[inst] req=2662400 hits=869144 fwd=14009 rows=1793078 fwd_ms=140474.5 eval=0 prior=0
[inst] req=2670592 hits=871913 fwd=14051 rows=1798454 fwd_ms=140893.6 eval=0 prior=0
[inst] req=2678784 hits=874654 fwd=14094 rows=1803958 fwd_ms=141322.4 eval=0 prior=0
[inst] req=2686976 hits=877350 fwd=14137 rows=1809462 fwd_ms=141751.6 eval=0 prior=0
[inst] req=2695168 hits=879998 fwd=14180 rows=1814966 fwd_ms=142180.4 eval=0 prior=0
[inst] req=2703360 hits=882903 fwd=14221 rows=1820214 fwd_ms=142590.3 eval=0 prior=0
[inst] req=2711552 hits=885767 fwd=14263 rows=1825590 fwd_ms=143009.7 eval=0 prior=0
[inst] req=2719744 hits=888488 fwd=14306 rows=1831094 fwd_ms=143439.7 eval=0 prior=0
[inst] req=2727936 hits=891140 fwd=14349 rows=1836598 fwd_ms=143868.8 eval=0 prior=0
[inst] req=2736128 hits=893944 fwd=14391 rows=1841974 fwd_ms=144288.0 eval=0 prior=0
[inst] req=2744320 hits=896663 fwd=14434 rows=1847478 fwd_ms=144717.2 eval=0 prior=0
[inst] req=2752512 hits=899416 fwd=14476 rows=1852854 fwd_ms=145136.1 eval=0 prior=0
[inst] req=2760704 hits=902340 fwd=14518 rows=1858230 fwd_ms=145555.2 eval=0 prior=0
[inst] req=2768896 hits=905032 fwd=14561 rows=1863734 fwd_ms=145984.0 eval=0 prior=0
[inst] req=2777088 hits=907757 fwd=14603 rows=1869110 fwd_ms=146402.9 eval=0 prior=0
[inst] req=2785280 hits=910384 fwd=14647 rows=1874742 fwd_ms=146842.2 eval=0 prior=0
[inst] req=2793472 hits=913251 fwd=14688 rows=1879990 fwd_ms=147251.6 eval=0 prior=0
[inst] req=2801664 hits=915996 fwd=14731 rows=1885494 fwd_ms=147681.3 eval=0 prior=0
[inst] req=2809856 hits=918749 fwd=14773 rows=1890870 fwd_ms=148100.7 eval=0 prior=0
[inst] req=2818048 hits=921457 fwd=14816 rows=1896374 fwd_ms=148529.8 eval=0 prior=0
[inst] req=2826240 hits=924123 fwd=14859 rows=1901878 fwd_ms=148958.8 eval=0 prior=0
[inst] req=2834432 hits=926779 fwd=14903 rows=1907510 fwd_ms=149397.9 eval=0 prior=0
[inst] req=2842624 hits=929579 fwd=14945 rows=1912886 fwd_ms=149817.3 eval=0 prior=0
[inst] req=2850816 hits=932563 fwd=14985 rows=1918006 fwd_ms=150217.0 eval=0 prior=0
[inst] req=2859008 hits=935251 fwd=15028 rows=1923510 fwd_ms=150646.3 eval=0 prior=0
[inst] req=2867200 hits=937990 fwd=15071 rows=1929014 fwd_ms=151075.4 eval=0 prior=0
[inst] req=2875392 hits=940875 fwd=15112 rows=1934262 fwd_ms=151484.3 eval=0 prior=0
[inst] req=2883584 hits=943519 fwd=15156 rows=1939894 fwd_ms=151923.6 eval=0 prior=0
[inst] req=2891776 hits=946291 fwd=15198 rows=1945270 fwd_ms=152342.6 eval=0 prior=0
[inst] req=2899968 hits=949066 fwd=15240 rows=1950646 fwd_ms=152761.6 eval=0 prior=0
[inst] req=2908160 hits=951898 fwd=15282 rows=1956022 fwd_ms=153181.0 eval=0 prior=0
[inst] req=2916352 hits=954673 fwd=15325 rows=1961526 fwd_ms=153610.1 eval=0 prior=0
[inst] req=2924544 hits=957381 fwd=15368 rows=1967030 fwd_ms=154039.6 eval=0 prior=0
[inst] req=2932736 hits=960164 fwd=15410 rows=1972406 fwd_ms=154459.9 eval=0 prior=0
[inst] req=2940928 hits=962877 fwd=15453 rows=1977910 fwd_ms=154890.0 eval=0 prior=0
[inst] req=2949120 hits=965620 fwd=15495 rows=1983286 fwd_ms=155309.9 eval=0 prior=0
[inst] req=2957312 hits=968594 fwd=15536 rows=1988534 fwd_ms=155720.4 eval=0 prior=0
[inst] req=2965504 hits=971377 fwd=15578 rows=1993910 fwd_ms=156140.4 eval=0 prior=0
[inst] req=2973696 hits=974082 fwd=15621 rows=1999414 fwd_ms=156570.4 eval=0 prior=0
[inst] req=2981888 hits=976967 fwd=15663 rows=2004790 fwd_ms=156990.5 eval=0 prior=0
[inst] req=2990080 hits=979796 fwd=15704 rows=2010038 fwd_ms=157401.1 eval=0 prior=0
[inst] req=2998272 hits=982654 fwd=15746 rows=2015414 fwd_ms=157821.0 eval=0 prior=0
[inst] req=3006464 hits=985330 fwd=15789 rows=2020918 fwd_ms=158251.8 eval=0 prior=0
[inst] req=3014656 hits=988178 fwd=15831 rows=2026294 fwd_ms=158672.2 eval=0 prior=0
[inst] req=3022848 hits=990931 fwd=15873 rows=2031670 fwd_ms=159091.7 eval=0 prior=0
[inst] req=3031040 hits=993734 fwd=15916 rows=2037174 fwd_ms=159521.6 eval=0 prior=0
[inst] req=3039232 hits=996278 fwd=15960 rows=2042806 fwd_ms=159961.6 eval=0 prior=0
[inst] req=3047424 hits=999137 fwd=16001 rows=2048054 fwd_ms=160371.7 eval=0 prior=0
[inst] req=3055616 hits=1001966 fwd=16043 rows=2053430 fwd_ms=160792.3 eval=0 prior=0
[inst] req=3063808 hits=1004654 fwd=16086 rows=2058934 fwd_ms=161222.4 eval=0 prior=0
[inst] req=3072000 hits=1007309 fwd=16129 rows=2064438 fwd_ms=161652.5 eval=0 prior=0
[inst] req=3080192 hits=1010049 fwd=16172 rows=2069942 fwd_ms=162082.5 eval=0 prior=0
[inst] req=3088384 hits=1012866 fwd=16214 rows=2075318 fwd_ms=162502.4 eval=0 prior=0
[inst] req=3096576 hits=1015633 fwd=16256 rows=2080694 fwd_ms=162922.5 eval=0 prior=0
[inst] req=3104768 hits=1018282 fwd=16300 rows=2086326 fwd_ms=163363.4 eval=0 prior=0
[inst] req=3112960 hits=1021217 fwd=16341 rows=2091574 fwd_ms=163774.1 eval=0 prior=0
[inst] req=3121152 hits=1023984 fwd=16383 rows=2096950 fwd_ms=164194.1 eval=0 prior=0
[inst] req=3129344 hits=1026783 fwd=16425 rows=2102326 fwd_ms=164614.1 eval=0 prior=0
[inst] req=3137536 hits=1029627 fwd=16467 rows=2107702 fwd_ms=165034.4 eval=0 prior=0
[inst] req=3145728 hits=1032359 fwd=16510 rows=2113206 fwd_ms=165464.1 eval=0 prior=0
[inst] req=3153920 hits=1035047 fwd=16553 rows=2118710 fwd_ms=165894.0 eval=0 prior=0
[inst] req=3162112 hits=1037672 fwd=16596 rows=2124214 fwd_ms=166324.4 eval=0 prior=0
[inst] req=3170304 hits=1040411 fwd=16639 rows=2129718 fwd_ms=166754.3 eval=0 prior=0
[inst] req=3178496 hits=1043172 fwd=16681 rows=2135094 fwd_ms=167174.6 eval=0 prior=0
[inst] req=3186688 hits=1045889 fwd=16724 rows=2140598 fwd_ms=167604.7 eval=0 prior=0
[inst] req=3194880 hits=1048731 fwd=16766 rows=2145974 fwd_ms=168024.9 eval=0 prior=0
[inst] req=3203072 hits=1051385 fwd=16809 rows=2151478 fwd_ms=168455.0 eval=0 prior=0
[inst] req=3211264 hits=1054356 fwd=16850 rows=2156726 fwd_ms=168865.1 eval=0 prior=0
[inst] req=3219456 hits=1057127 fwd=16892 rows=2162102 fwd_ms=169285.3 eval=0 prior=0
[inst] req=3227648 hits=1059986 fwd=16934 rows=2167478 fwd_ms=169705.9 eval=0 prior=0
[inst] req=3235840 hits=1062636 fwd=16977 rows=2172982 fwd_ms=170135.5 eval=0 prior=0
[inst] req=3244032 hits=1065277 fwd=17021 rows=2178614 fwd_ms=170574.3 eval=0 prior=0
[inst] req=3252224 hits=1068422 fwd=17060 rows=2183606 fwd_ms=170963.6 eval=0 prior=0
[inst] req=3260416 hits=1071141 fwd=17103 rows=2189110 fwd_ms=171392.6 eval=0 prior=0
[inst] req=3268608 hits=1073843 fwd=17146 rows=2194614 fwd_ms=171821.5 eval=0 prior=0
[inst] req=3276800 hits=1076564 fwd=17188 rows=2199990 fwd_ms=172240.9 eval=0 prior=0
[inst] req=3284992 hits=1079298 fwd=17231 rows=2205494 fwd_ms=172669.9 eval=0 prior=0
[inst] req=3293184 hits=1082126 fwd=17273 rows=2210870 fwd_ms=173088.9 eval=0 prior=0
[inst] req=3301376 hits=1085094 fwd=17314 rows=2216118 fwd_ms=173498.4 eval=0 prior=0
[inst] req=3309568 hits=1087866 fwd=17356 rows=2221494 fwd_ms=173918.4 eval=0 prior=0
[inst] req=3317760 hits=1090522 fwd=17399 rows=2226998 fwd_ms=174347.8 eval=0 prior=0
[inst] req=3325952 hits=1093312 fwd=17442 rows=2232502 fwd_ms=174778.7 eval=0 prior=0
[inst] req=3334144 hits=1096283 fwd=17482 rows=2237622 fwd_ms=175177.8 eval=0 prior=0
[inst] req=3342336 hits=1099065 fwd=17525 rows=2243126 fwd_ms=175607.4 eval=0 prior=0
[inst] req=3350528 hits=1101802 fwd=17567 rows=2248502 fwd_ms=176026.9 eval=0 prior=0
[inst] req=3358720 hits=1104735 fwd=17608 rows=2253750 fwd_ms=176437.4 eval=0 prior=0
[inst] req=3366912 hits=1107585 fwd=17650 rows=2259126 fwd_ms=176856.5 eval=0 prior=0
[inst] req=3375104 hits=1110291 fwd=17693 rows=2264630 fwd_ms=177286.0 eval=0 prior=0
[inst] req=3383296 hits=1113147 fwd=17735 rows=2270006 fwd_ms=177705.4 eval=0 prior=0
[inst] req=3391488 hits=1115801 fwd=17778 rows=2275510 fwd_ms=178133.9 eval=0 prior=0
[inst] req=3399680 hits=1118518 fwd=17821 rows=2281014 fwd_ms=178562.6 eval=0 prior=0
[inst] req=3407872 hits=1121169 fwd=17864 rows=2286518 fwd_ms=178991.3 eval=0 prior=0
[inst] req=3416064 hits=1124006 fwd=17906 rows=2291894 fwd_ms=179410.0 eval=0 prior=0
[inst] req=3424256 hits=1126910 fwd=17947 rows=2297142 fwd_ms=179819.0 eval=0 prior=0
[inst] req=3432448 hits=1129573 fwd=17990 rows=2302646 fwd_ms=180247.7 eval=0 prior=0
[inst] req=3440640 hits=1132356 fwd=18033 rows=2308150 fwd_ms=180676.8 eval=0 prior=0
[inst] req=3448832 hits=1135082 fwd=18075 rows=2313526 fwd_ms=181096.1 eval=0 prior=0
[inst] req=3457024 hits=1137781 fwd=18118 rows=2319030 fwd_ms=181524.7 eval=0 prior=0
[inst] req=3465216 hits=1140535 fwd=18161 rows=2324534 fwd_ms=181953.2 eval=0 prior=0
[inst] req=3473408 hits=1143345 fwd=18203 rows=2329910 fwd_ms=182372.3 eval=0 prior=0
[inst] req=3481600 hits=1146042 fwd=18246 rows=2335414 fwd_ms=182800.8 eval=0 prior=0
[inst] req=3489792 hits=1148792 fwd=18288 rows=2340790 fwd_ms=183219.5 eval=0 prior=0
[inst] req=3497984 hits=1151564 fwd=18330 rows=2346166 fwd_ms=183638.3 eval=0 prior=0
[inst] req=3506176 hits=1154340 fwd=18373 rows=2351670 fwd_ms=184067.9 eval=0 prior=0
[inst] req=3514368 hits=1157062 fwd=18416 rows=2357174 fwd_ms=184497.6 eval=0 prior=0
[inst] req=3522560 hits=1159877 fwd=18458 rows=2362550 fwd_ms=184917.5 eval=0 prior=0
[inst] req=3530752 hits=1162588 fwd=18500 rows=2367926 fwd_ms=185337.2 eval=0 prior=0
[inst] req=3538944 hits=1165289 fwd=18543 rows=2373430 fwd_ms=185767.0 eval=0 prior=0
[inst] req=3547136 hits=1167995 fwd=18586 rows=2378934 fwd_ms=186197.1 eval=0 prior=0
[inst] req=3555328 hits=1170688 fwd=18629 rows=2384438 fwd_ms=186627.1 eval=0 prior=0
[inst] req=3563520 hits=1173578 fwd=18670 rows=2389686 fwd_ms=187037.0 eval=0 prior=0
[inst] req=3571712 hits=1176452 fwd=18712 rows=2395062 fwd_ms=187456.8 eval=0 prior=0
[inst] req=3579904 hits=1179167 fwd=18755 rows=2400566 fwd_ms=187887.1 eval=0 prior=0
[inst] req=3588096 hits=1181924 fwd=18797 rows=2405942 fwd_ms=188307.0 eval=0 prior=0
[inst] req=3596288 hits=1184721 fwd=18839 rows=2411318 fwd_ms=188727.4 eval=0 prior=0
[inst] req=3604480 hits=1187647 fwd=18881 rows=2416694 fwd_ms=189147.2 eval=0 prior=0
[inst] req=3612672 hits=1190478 fwd=18922 rows=2421942 fwd_ms=189557.5 eval=0 prior=0
[inst] req=3620864 hits=1193219 fwd=18965 rows=2427446 fwd_ms=189987.2 eval=0 prior=0
[inst] req=3629056 hits=1196127 fwd=19006 rows=2432694 fwd_ms=190397.4 eval=0 prior=0
[inst] req=3637248 hits=1199007 fwd=19048 rows=2438070 fwd_ms=190817.0 eval=0 prior=0
[inst] req=3645440 hits=1201876 fwd=19089 rows=2443318 fwd_ms=191227.1 eval=0 prior=0
[inst] req=3653632 hits=1204696 fwd=19131 rows=2448694 fwd_ms=191647.0 eval=0 prior=0
[inst] req=3661824 hits=1207600 fwd=19173 rows=2454070 fwd_ms=192066.8 eval=0 prior=0
[inst] req=3670016 hits=1210303 fwd=19216 rows=2459574 fwd_ms=192496.5 eval=0 prior=0
[inst] req=3678208 hits=1213163 fwd=19257 rows=2464822 fwd_ms=192906.5 eval=0 prior=0
[inst] req=3686400 hits=1215903 fwd=19300 rows=2470326 fwd_ms=193336.5 eval=0 prior=0
[inst] req=3694592 hits=1218671 fwd=19342 rows=2475702 fwd_ms=193757.3 eval=0 prior=0
[inst] req=3702784 hits=1221517 fwd=19384 rows=2481078 fwd_ms=194177.3 eval=0 prior=0
[inst] req=3710976 hits=1224366 fwd=19426 rows=2486454 fwd_ms=194597.1 eval=0 prior=0
[inst] req=3719168 hits=1227079 fwd=19469 rows=2491958 fwd_ms=195026.8 eval=0 prior=0
[inst] req=3727360 hits=1229938 fwd=19510 rows=2497206 fwd_ms=195437.2 eval=0 prior=0
[inst] req=3735552 hits=1232637 fwd=19553 rows=2502710 fwd_ms=195868.2 eval=0 prior=0
[inst] req=3743744 hits=1235424 fwd=19595 rows=2508086 fwd_ms=196288.3 eval=0 prior=0
[inst] req=3751936 hits=1238406 fwd=19636 rows=2513334 fwd_ms=196698.7 eval=0 prior=0
[inst] req=3760128 hits=1241111 fwd=19679 rows=2518838 fwd_ms=197128.6 eval=0 prior=0
[inst] req=3768320 hits=1244106 fwd=19719 rows=2523958 fwd_ms=197529.1 eval=0 prior=0
[inst] req=3776512 hits=1246937 fwd=19761 rows=2529334 fwd_ms=197948.8 eval=0 prior=0
[inst] req=3784704 hits=1249735 fwd=19804 rows=2534838 fwd_ms=198378.8 eval=0 prior=0
[inst] req=3792896 hits=1252504 fwd=19846 rows=2540214 fwd_ms=198798.8 eval=0 prior=0
[inst] req=3801088 hits=1255326 fwd=19888 rows=2545590 fwd_ms=199218.9 eval=0 prior=0
[inst] req=3809280 hits=1258122 fwd=19930 rows=2550966 fwd_ms=199638.6 eval=0 prior=0
[inst] req=3817472 hits=1261023 fwd=19971 rows=2556214 fwd_ms=200048.7 eval=0 prior=0
[inst] req=3825664 hits=1263766 fwd=20014 rows=2561718 fwd_ms=200478.4 eval=0 prior=0
[inst] req=3833856 hits=1266729 fwd=20055 rows=2566966 fwd_ms=200888.5 eval=0 prior=0
[inst] req=3842048 hits=1269471 fwd=20097 rows=2572342 fwd_ms=201307.0 eval=0 prior=0
[inst] req=3850240 hits=1272161 fwd=20140 rows=2577846 fwd_ms=201736.6 eval=0 prior=0
[inst] req=3858432 hits=1275080 fwd=20182 rows=2583222 fwd_ms=202156.1 eval=0 prior=0
[inst] req=3866624 hits=1277754 fwd=20225 rows=2588726 fwd_ms=202585.3 eval=0 prior=0
[inst] req=3874816 hits=1280525 fwd=20267 rows=2594102 fwd_ms=203004.2 eval=0 prior=0
[inst] req=3883008 hits=1283430 fwd=20308 rows=2599350 fwd_ms=203413.4 eval=0 prior=0
[inst] req=3891200 hits=1286249 fwd=20350 rows=2604726 fwd_ms=203832.2 eval=0 prior=0
[inst] req=3899392 hits=1289045 fwd=20392 rows=2610102 fwd_ms=204250.9 eval=0 prior=0
[inst] req=3907584 hits=1291826 fwd=20435 rows=2615606 fwd_ms=204679.7 eval=0 prior=0
[inst] req=3915776 hits=1294758 fwd=20476 rows=2620854 fwd_ms=205088.8 eval=0 prior=0
[inst] req=3923968 hits=1297464 fwd=20519 rows=2626358 fwd_ms=205517.6 eval=0 prior=0
[inst] req=3932160 hits=1300221 fwd=20561 rows=2631734 fwd_ms=205936.6 eval=0 prior=0
[inst] req=3940352 hits=1303243 fwd=20601 rows=2636854 fwd_ms=206336.2 eval=0 prior=0
[inst] req=3948544 hits=1306098 fwd=20643 rows=2642230 fwd_ms=206754.8 eval=0 prior=0
[inst] req=3956736 hits=1309053 fwd=20684 rows=2647478 fwd_ms=207163.1 eval=0 prior=0
[inst] req=3964928 hits=1311852 fwd=20726 rows=2652854 fwd_ms=207581.8 eval=0 prior=0
[inst] req=3973120 hits=1314549 fwd=20769 rows=2658358 fwd_ms=208011.1 eval=0 prior=0
[inst] req=3981312 hits=1317380 fwd=20811 rows=2663734 fwd_ms=208429.1 eval=0 prior=0
[inst] req=3989504 hits=1320128 fwd=20854 rows=2669238 fwd_ms=208857.1 eval=0 prior=0
[inst] req=3997696 hits=1322962 fwd=20895 rows=2674486 fwd_ms=209266.0 eval=0 prior=0
[inst] req=4005888 hits=1325731 fwd=20938 rows=2679990 fwd_ms=209694.1 eval=0 prior=0
[inst] req=4014080 hits=1328445 fwd=20981 rows=2685494 fwd_ms=210122.7 eval=0 prior=0
[inst] req=4022272 hits=1331340 fwd=21022 rows=2690742 fwd_ms=210531.8 eval=0 prior=0
[inst] req=4030464 hits=1334009 fwd=21065 rows=2696246 fwd_ms=210959.9 eval=0 prior=0
[inst] req=4038656 hits=1336839 fwd=21107 rows=2701622 fwd_ms=211378.6 eval=0 prior=0
[inst] req=4046848 hits=1339596 fwd=21149 rows=2706998 fwd_ms=211796.8 eval=0 prior=0
[inst] req=4055040 hits=1342486 fwd=21191 rows=2712374 fwd_ms=212215.2 eval=0 prior=0
[inst] req=4063232 hits=1345217 fwd=21234 rows=2717878 fwd_ms=212644.4 eval=0 prior=0
[inst] req=4071424 hits=1348042 fwd=21275 rows=2723126 fwd_ms=213052.5 eval=0 prior=0
[inst] req=4079616 hits=1350776 fwd=21318 rows=2728630 fwd_ms=213480.7 eval=0 prior=0
[inst] req=4087808 hits=1353600 fwd=21360 rows=2734006 fwd_ms=213899.3 eval=0 prior=0
[inst] req=4096000 hits=1356529 fwd=21401 rows=2739254 fwd_ms=214307.8 eval=0 prior=0
[inst] req=4104192 hits=1359338 fwd=21443 rows=2744630 fwd_ms=214726.2 eval=0 prior=0
[inst] req=4112384 hits=1362000 fwd=21486 rows=2750134 fwd_ms=215155.0 eval=0 prior=0
[inst] req=4120576 hits=1364680 fwd=21530 rows=2755766 fwd_ms=215593.3 eval=0 prior=0
[inst] req=4128768 hits=1367512 fwd=21571 rows=2761014 fwd_ms=216002.2 eval=0 prior=0
[inst] req=4136960 hits=1370312 fwd=21614 rows=2766518 fwd_ms=216430.8 eval=0 prior=0
[inst] req=4145152 hits=1373213 fwd=21655 rows=2771766 fwd_ms=216839.9 eval=0 prior=0
[inst] req=4153344 hits=1375899 fwd=21698 rows=2777270 fwd_ms=217268.3 eval=0 prior=0
[inst] req=4161536 hits=1378614 fwd=21741 rows=2782774 fwd_ms=217694.7 eval=0 prior=0
[inst] req=4169728 hits=1381451 fwd=21782 rows=2788022 fwd_ms=218102.0 eval=0 prior=0
[inst] req=4177920 hits=1384195 fwd=21825 rows=2793526 fwd_ms=218528.2 eval=0 prior=0
[inst] req=4186112 hits=1386974 fwd=21867 rows=2798902 fwd_ms=218954.3 eval=0 prior=0
[inst] req=4194304 hits=1389743 fwd=21910 rows=2804406 fwd_ms=219421.0 eval=0 prior=0
[inst] req=4202496 hits=1392500 fwd=21952 rows=2809782 fwd_ms=219882.5 eval=0 prior=0
[inst] req=4210688 hits=1395442 fwd=21993 rows=2815030 fwd_ms=220290.3 eval=0 prior=0
[inst] req=4218880 hits=1398247 fwd=22035 rows=2820406 fwd_ms=220706.6 eval=0 prior=0
[inst] req=4227072 hits=1401048 fwd=22077 rows=2825782 fwd_ms=221123.2 eval=0 prior=0
[inst] req=4235264 hits=1403792 fwd=22120 rows=2831286 fwd_ms=221550.2 eval=0 prior=0
[inst] req=4243456 hits=1406780 fwd=22161 rows=2836534 fwd_ms=221957.7 eval=0 prior=0
[inst] req=4251648 hits=1409716 fwd=22202 rows=2841782 fwd_ms=222365.3 eval=0 prior=0
[inst] req=4259840 hits=1412503 fwd=22244 rows=2847158 fwd_ms=222781.7 eval=0 prior=0
[inst] req=4268032 hits=1415320 fwd=22286 rows=2852534 fwd_ms=223198.4 eval=0 prior=0
[inst] req=4276224 hits=1418185 fwd=22328 rows=2857910 fwd_ms=223615.2 eval=0 prior=0
[inst] req=4284416 hits=1420885 fwd=22370 rows=2863286 fwd_ms=224031.9 eval=0 prior=0
[inst] req=4292608 hits=1423666 fwd=22413 rows=2868790 fwd_ms=224458.4 eval=0 prior=0
[inst] req=4300800 hits=1426465 fwd=22455 rows=2874166 fwd_ms=224875.4 eval=0 prior=0
[inst] req=4308992 hits=1429309 fwd=22497 rows=2879542 fwd_ms=225292.0 eval=0 prior=0
[inst] req=4317184 hits=1432118 fwd=22539 rows=2884918 fwd_ms=225708.8 eval=0 prior=0
[inst] req=4325376 hits=1434782 fwd=22582 rows=2890422 fwd_ms=226134.7 eval=0 prior=0
[inst] req=4333568 hits=1437372 fwd=22626 rows=2896054 fwd_ms=226570.4 eval=0 prior=0
[inst] req=4341760 hits=1440222 fwd=22667 rows=2901302 fwd_ms=226977.2 eval=0 prior=0
[inst] req=4349952 hits=1442936 fwd=22710 rows=2906806 fwd_ms=227404.1 eval=0 prior=0
[inst] req=4358144 hits=1445718 fwd=22752 rows=2912182 fwd_ms=227821.5 eval=0 prior=0
[inst] req=4366336 hits=1448468 fwd=22795 rows=2917686 fwd_ms=228248.5 eval=0 prior=0
[inst] req=4374528 hits=1451286 fwd=22837 rows=2923062 fwd_ms=228665.5 eval=0 prior=0
[inst] req=4382720 hits=1454083 fwd=22879 rows=2928438 fwd_ms=229082.3 eval=0 prior=0
[inst] req=4390912 hits=1456874 fwd=22921 rows=2933814 fwd_ms=229499.1 eval=0 prior=0
[inst] req=4399104 hits=1459527 fwd=22965 rows=2939446 fwd_ms=229935.7 eval=0 prior=0
[inst] req=4407296 hits=1462325 fwd=23007 rows=2944822 fwd_ms=230352.3 eval=0 prior=0
[inst] req=4415488 hits=1465213 fwd=23048 rows=2950070 fwd_ms=230758.8 eval=0 prior=0
[inst] req=4423680 hits=1467840 fwd=23092 rows=2955702 fwd_ms=231197.2 eval=0 prior=0
[inst] req=4431872 hits=1470607 fwd=23134 rows=2961078 fwd_ms=231616.8 eval=0 prior=0
[inst] req=4440064 hits=1473407 fwd=23176 rows=2966454 fwd_ms=233030.8 eval=0 prior=0
[inst] req=4448256 hits=1476336 fwd=23217 rows=2971702 fwd_ms=235323.4 eval=0 prior=0
[inst] req=4456448 hits=1479155 fwd=23259 rows=2977078 fwd_ms=236779.8 eval=0 prior=0
[inst] req=4464640 hits=1481792 fwd=23303 rows=2982710 fwd_ms=237256.4 eval=0 prior=0
[inst] req=4472832 hits=1482418 fwd=23362 rows=2990262 fwd_ms=237857.5 eval=0 prior=0
[inst] req=4481024 hits=1484491 fwd=23409 rows=2996278 fwd_ms=238342.2 eval=0 prior=0
[inst] req=4489216 hits=1487261 fwd=23452 rows=3001782 fwd_ms=238776.5 eval=0 prior=0
[inst] req=4497408 hits=1489923 fwd=23495 rows=3007286 fwd_ms=239221.8 eval=0 prior=0
[inst] req=4505600 hits=1492830 fwd=23536 rows=3012534 fwd_ms=239640.0 eval=0 prior=0
[inst] req=4513792 hits=1495691 fwd=23578 rows=3017910 fwd_ms=240069.3 eval=0 prior=0
[inst] req=4521984 hits=1498386 fwd=23621 rows=3023414 fwd_ms=240515.0 eval=0 prior=0
[inst] req=4530176 hits=1501260 fwd=23662 rows=3028662 fwd_ms=240931.7 eval=0 prior=0
[inst] req=4538368 hits=1503897 fwd=23706 rows=3034294 fwd_ms=241379.3 eval=0 prior=0
[inst] req=4546560 hits=1506816 fwd=23747 rows=3039542 fwd_ms=241801.3 eval=0 prior=0
[inst] req=4554752 hits=1509848 fwd=23787 rows=3044662 fwd_ms=242204.0 eval=0 prior=0
[inst] req=4562944 hits=1512492 fwd=23831 rows=3050294 fwd_ms=242641.4 eval=0 prior=0
[inst] req=4571136 hits=1515296 fwd=23873 rows=3055670 fwd_ms=243070.9 eval=0 prior=0
[inst] req=4579328 hits=1518082 fwd=23915 rows=3061046 fwd_ms=243492.1 eval=0 prior=0
[inst] req=4587520 hits=1520778 fwd=23958 rows=3066550 fwd_ms=243926.1 eval=0 prior=0
[inst] req=4595712 hits=1523745 fwd=23999 rows=3071798 fwd_ms=244338.6 eval=0 prior=0
[inst] req=4603904 hits=1526533 fwd=24041 rows=3077174 fwd_ms=244762.1 eval=0 prior=0
[inst] req=4612096 hits=1529224 fwd=24084 rows=3082678 fwd_ms=245195.7 eval=0 prior=0
[inst] req=4620288 hits=1532208 fwd=24125 rows=3087926 fwd_ms=245609.1 eval=0 prior=0
[inst] req=4628480 hits=1535050 fwd=24166 rows=3093174 fwd_ms=246028.3 eval=0 prior=0
[inst] req=4636672 hits=1538152 fwd=24206 rows=3098294 fwd_ms=246431.5 eval=0 prior=0
[inst] req=4644864 hits=1541034 fwd=24248 rows=3103670 fwd_ms=246858.6 eval=0 prior=0
[inst] req=4653056 hits=1543645 fwd=24291 rows=3109174 fwd_ms=247294.1 eval=0 prior=0
[inst] req=4661248 hits=1546473 fwd=24333 rows=3114550 fwd_ms=247717.8 eval=0 prior=0
[inst] req=4669440 hits=1549320 fwd=24375 rows=3119926 fwd_ms=248139.0 eval=0 prior=0
[inst] req=4677632 hits=1552115 fwd=24417 rows=3125302 fwd_ms=248563.1 eval=0 prior=0
[inst] req=4685824 hits=1554801 fwd=24460 rows=3130806 fwd_ms=248997.1 eval=0 prior=0
[inst] req=4694016 hits=1557631 fwd=24502 rows=3136182 fwd_ms=249416.1 eval=0 prior=0
[inst] req=4702208 hits=1560538 fwd=24543 rows=3141430 fwd_ms=249828.1 eval=0 prior=0
[inst] req=4710400 hits=1563471 fwd=24584 rows=3146678 fwd_ms=250236.9 eval=0 prior=0
[inst] req=4718592 hits=1566413 fwd=24625 rows=3151926 fwd_ms=250643.7 eval=0 prior=0
[inst] req=4726784 hits=1569013 fwd=24669 rows=3157558 fwd_ms=251083.5 eval=0 prior=0
[inst] req=4734976 hits=1571907 fwd=24711 rows=3162934 fwd_ms=251514.1 eval=0 prior=0
[inst] req=4743168 hits=1574763 fwd=24752 rows=3168182 fwd_ms=251929.0 eval=0 prior=0
[inst] req=4751360 hits=1577557 fwd=24794 rows=3173558 fwd_ms=252348.1 eval=0 prior=0
[inst] req=4759552 hits=1580345 fwd=24837 rows=3179062 fwd_ms=252778.6 eval=0 prior=0
[inst] req=4767744 hits=1582852 fwd=24881 rows=3184694 fwd_ms=253213.8 eval=0 prior=0
[inst] req=4775936 hits=1585910 fwd=24921 rows=3189814 fwd_ms=253612.1 eval=0 prior=0
[inst] req=4784128 hits=1588761 fwd=24963 rows=3195190 fwd_ms=254036.4 eval=0 prior=0
[inst] req=4792320 hits=1591511 fwd=25005 rows=3200566 fwd_ms=254451.2 eval=0 prior=0
[inst] req=4800512 hits=1594434 fwd=25047 rows=3205942 fwd_ms=254868.9 eval=0 prior=0
[inst] req=4808704 hits=1597330 fwd=25088 rows=3211190 fwd_ms=255277.4 eval=0 prior=0
[inst] req=4816896 hits=1600159 fwd=25130 rows=3216566 fwd_ms=255694.5 eval=0 prior=0
[inst] req=4825088 hits=1603137 fwd=25171 rows=3221814 fwd_ms=256101.1 eval=0 prior=0
[inst] req=4833280 hits=1605983 fwd=25212 rows=3227062 fwd_ms=256557.0 eval=0 prior=0
[inst] req=4841472 hits=1608848 fwd=25254 rows=3232438 fwd_ms=257001.7 eval=0 prior=0
[inst] req=4849664 hits=1611802 fwd=25295 rows=3237686 fwd_ms=257411.2 eval=0 prior=0
[inst] req=4857856 hits=1614720 fwd=25336 rows=3242934 fwd_ms=257819.4 eval=0 prior=0
[inst] req=4866048 hits=1617399 fwd=25379 rows=3248438 fwd_ms=258248.4 eval=0 prior=0
[inst] req=4874240 hits=1620240 fwd=25421 rows=3253814 fwd_ms=258664.7 eval=0 prior=0
[inst] req=4882432 hits=1622987 fwd=25463 rows=3259190 fwd_ms=259082.2 eval=0 prior=0
[inst] req=4890624 hits=1625974 fwd=25504 rows=3264438 fwd_ms=259491.5 eval=0 prior=0
[inst] req=4898816 hits=1628864 fwd=25546 rows=3269814 fwd_ms=259912.4 eval=0 prior=0
[inst] req=4907008 hits=1631583 fwd=25588 rows=3275190 fwd_ms=260345.9 eval=0 prior=0
[inst] req=4915200 hits=1634505 fwd=25630 rows=3280566 fwd_ms=260779.0 eval=0 prior=0
[inst] req=4923392 hits=1637266 fwd=25672 rows=3285942 fwd_ms=261207.7 eval=0 prior=0
[inst] req=4931584 hits=1640128 fwd=25714 rows=3291318 fwd_ms=261630.9 eval=0 prior=0
[inst] req=4939776 hits=1643113 fwd=25754 rows=3296438 fwd_ms=262036.1 eval=0 prior=0
[inst] req=4947968 hits=1645895 fwd=25797 rows=3301942 fwd_ms=262469.2 eval=0 prior=0
[inst] req=4956160 hits=1648594 fwd=25839 rows=3307318 fwd_ms=262892.6 eval=0 prior=0
[inst] req=4964352 hits=1651679 fwd=25879 rows=3312438 fwd_ms=263296.1 eval=0 prior=0
[inst] req=4972544 hits=1654470 fwd=25922 rows=3317942 fwd_ms=263740.8 eval=0 prior=0
[inst] req=4980736 hits=1657209 fwd=25964 rows=3323318 fwd_ms=264162.0 eval=0 prior=0
[inst] req=4988928 hits=1660111 fwd=26005 rows=3328566 fwd_ms=264579.5 eval=0 prior=0
[inst] req=4997120 hits=1662900 fwd=26048 rows=3334070 fwd_ms=265025.5 eval=0 prior=0
[inst] req=5005312 hits=1665936 fwd=26088 rows=3339190 fwd_ms=265432.0 eval=0 prior=0
[inst] req=5013504 hits=1668715 fwd=26130 rows=3344566 fwd_ms=265856.9 eval=0 prior=0
[inst] req=5021696 hits=1671476 fwd=26173 rows=3350070 fwd_ms=266291.2 eval=0 prior=0
[inst] req=5029888 hits=1674442 fwd=26213 rows=3355190 fwd_ms=266690.1 eval=0 prior=0
[inst] req=5038080 hits=1677360 fwd=26255 rows=3360566 fwd_ms=267107.4 eval=0 prior=0
[inst] req=5046272 hits=1680260 fwd=26296 rows=3365814 fwd_ms=267514.7 eval=0 prior=0
[inst] req=5054464 hits=1683048 fwd=26338 rows=3371190 fwd_ms=267932.2 eval=0 prior=0
[inst] req=5062656 hits=1685856 fwd=26380 rows=3376566 fwd_ms=268349.7 eval=0 prior=0
[inst] req=5070848 hits=1689003 fwd=26420 rows=3381686 fwd_ms=268748.2 eval=0 prior=0
[inst] req=5079040 hits=1691893 fwd=26461 rows=3386934 fwd_ms=269155.8 eval=0 prior=0
[inst] req=5087232 hits=1694756 fwd=26503 rows=3392310 fwd_ms=269573.7 eval=0 prior=0
[inst] req=5095424 hits=1697475 fwd=26546 rows=3397814 fwd_ms=270000.8 eval=0 prior=0
[inst] req=5103616 hits=1700350 fwd=26587 rows=3403062 fwd_ms=270409.5 eval=0 prior=0
[inst] req=5111808 hits=1703176 fwd=26629 rows=3408438 fwd_ms=270826.9 eval=0 prior=0
[inst] req=5120000 hits=1706055 fwd=26671 rows=3413814 fwd_ms=271244.8 eval=0 prior=0
[inst] req=5128192 hits=1708931 fwd=26712 rows=3419062 fwd_ms=271656.5 eval=0 prior=0
[inst] req=5136384 hits=1711658 fwd=26755 rows=3424566 fwd_ms=272085.7 eval=0 prior=0
[inst] req=5144576 hits=1714578 fwd=26796 rows=3429814 fwd_ms=272501.9 eval=0 prior=0
[inst] req=5152768 hits=1717344 fwd=26838 rows=3435190 fwd_ms=272933.9 eval=0 prior=0
[inst] req=5160960 hits=1720183 fwd=26880 rows=3440566 fwd_ms=273365.0 eval=0 prior=0
[inst] req=5169152 hits=1723274 fwd=26920 rows=3445686 fwd_ms=273767.5 eval=0 prior=0
[inst] req=5177344 hits=1726186 fwd=26961 rows=3450934 fwd_ms=274177.3 eval=0 prior=0
[inst] req=5185536 hits=1728919 fwd=27004 rows=3456438 fwd_ms=274606.9 eval=0 prior=0
[inst] req=5193728 hits=1731755 fwd=27046 rows=3461814 fwd_ms=275033.5 eval=0 prior=0
[inst] req=5201920 hits=1734485 fwd=27088 rows=3467190 fwd_ms=275452.4 eval=0 prior=0
[inst] req=5210112 hits=1737292 fwd=27130 rows=3472566 fwd_ms=275885.1 eval=0 prior=0
[inst] req=5218304 hits=1740154 fwd=27172 rows=3477942 fwd_ms=276302.8 eval=0 prior=0
[inst] req=5226496 hits=1743028 fwd=27214 rows=3483318 fwd_ms=276731.7 eval=0 prior=0
[inst] req=5234688 hits=1745939 fwd=27255 rows=3488566 fwd_ms=277155.0 eval=0 prior=0
[inst] req=5242880 hits=1748743 fwd=27297 rows=3493942 fwd_ms=277596.4 eval=0 prior=0
[inst] req=5251072 hits=1751442 fwd=27340 rows=3499446 fwd_ms=278028.4 eval=0 prior=0
[inst] req=5259264 hits=1754368 fwd=27381 rows=3504694 fwd_ms=278450.0 eval=0 prior=0
[inst] req=5267456 hits=1757189 fwd=27423 rows=3510070 fwd_ms=278878.7 eval=0 prior=0
[inst] req=5275648 hits=1759940 fwd=27466 rows=3515574 fwd_ms=279308.9 eval=0 prior=0
[inst] req=5283840 hits=1762751 fwd=27508 rows=3520950 fwd_ms=279727.7 eval=0 prior=0
[inst] req=5292032 hits=1765707 fwd=27548 rows=3526070 fwd_ms=280126.4 eval=0 prior=0
[inst] req=5300224 hits=1768589 fwd=27590 rows=3531446 fwd_ms=280544.8 eval=0 prior=0
[inst] req=5308416 hits=1771378 fwd=27632 rows=3536822 fwd_ms=280963.5 eval=0 prior=0
[inst] req=5316608 hits=1774192 fwd=27674 rows=3542198 fwd_ms=281380.6 eval=0 prior=0
[inst] req=5324800 hits=1777111 fwd=27715 rows=3547446 fwd_ms=281788.1 eval=0 prior=0
[inst] req=5332992 hits=1779941 fwd=27757 rows=3552822 fwd_ms=282217.3 eval=0 prior=0
[inst] req=5341184 hits=1782843 fwd=27799 rows=3558198 fwd_ms=282639.2 eval=0 prior=0
[inst] req=5349376 hits=1785619 fwd=27841 rows=3563574 fwd_ms=283063.5 eval=0 prior=0
[inst] req=5357568 hits=1788580 fwd=27882 rows=3568822 fwd_ms=283479.7 eval=0 prior=0
[inst] req=5365760 hits=1791368 fwd=27924 rows=3574198 fwd_ms=283904.9 eval=0 prior=0
[inst] req=5373952 hits=1794280 fwd=27965 rows=3579446 fwd_ms=284314.0 eval=0 prior=0
[inst] req=5382144 hits=1797071 fwd=28007 rows=3584822 fwd_ms=284732.7 eval=0 prior=0
[inst] req=5390336 hits=1799851 fwd=28050 rows=3590326 fwd_ms=285164.1 eval=0 prior=0
[inst] req=5398528 hits=1802836 fwd=28090 rows=3595446 fwd_ms=285573.0 eval=0 prior=0
[inst] req=5406720 hits=1805787 fwd=28131 rows=3600694 fwd_ms=286000.8 eval=0 prior=0
[inst] req=5414912 hits=1808644 fwd=28173 rows=3606070 fwd_ms=286422.1 eval=0 prior=0
[inst] req=5423104 hits=1811494 fwd=28215 rows=3611446 fwd_ms=286841.2 eval=0 prior=0
[inst] req=5431296 hits=1814380 fwd=28256 rows=3616694 fwd_ms=287250.2 eval=0 prior=0
[inst] req=5439488 hits=1817233 fwd=28298 rows=3622070 fwd_ms=287672.9 eval=0 prior=0
[inst] req=5447680 hits=1820152 fwd=28339 rows=3627318 fwd_ms=288097.2 eval=0 prior=0
[inst] req=5455872 hits=1823011 fwd=28381 rows=3632694 fwd_ms=288522.6 eval=0 prior=0
[inst] req=5464064 hits=1825846 fwd=28423 rows=3638070 fwd_ms=288953.0 eval=0 prior=0
[inst] req=5472256 hits=1828604 fwd=28465 rows=3643446 fwd_ms=289385.7 eval=0 prior=0
[inst] req=5480448 hits=1831424 fwd=28507 rows=3648822 fwd_ms=289823.1 eval=0 prior=0
[inst] req=5488640 hits=1834372 fwd=28548 rows=3654070 fwd_ms=290242.0 eval=0 prior=0
[inst] req=5496832 hits=1837142 fwd=28590 rows=3659446 fwd_ms=290666.9 eval=0 prior=0
[inst] req=5505024 hits=1839970 fwd=28632 rows=3664822 fwd_ms=291087.2 eval=0 prior=0
[inst] req=5513216 hits=1842843 fwd=28674 rows=3670198 fwd_ms=291511.6 eval=0 prior=0
[inst] req=5521408 hits=1845651 fwd=28716 rows=3675574 fwd_ms=291933.9 eval=0 prior=0
[inst] req=5529600 hits=1848547 fwd=28757 rows=3680822 fwd_ms=292343.6 eval=0 prior=0
[inst] req=5537792 hits=1851478 fwd=28798 rows=3686070 fwd_ms=292756.0 eval=0 prior=0
[inst] req=5545984 hits=1854401 fwd=28840 rows=3691446 fwd_ms=293187.9 eval=0 prior=0
[inst] req=5554176 hits=1857365 fwd=28880 rows=3696566 fwd_ms=293596.6 eval=0 prior=0
[inst] req=5562368 hits=1860195 fwd=28922 rows=3701942 fwd_ms=294014.2 eval=0 prior=0
[inst] req=5570560 hits=1863118 fwd=28963 rows=3707190 fwd_ms=294431.7 eval=0 prior=0
[inst] req=5578752 hits=1866104 fwd=29004 rows=3712438 fwd_ms=294861.8 eval=0 prior=0
[inst] req=5586944 hits=1868923 fwd=29046 rows=3717814 fwd_ms=295295.4 eval=0 prior=0
[inst] req=5595136 hits=1871718 fwd=29088 rows=3723190 fwd_ms=295727.9 eval=0 prior=0
[inst] req=5603328 hits=1874594 fwd=29130 rows=3728566 fwd_ms=296164.2 eval=0 prior=0
[inst] req=5611520 hits=1877445 fwd=29172 rows=3733942 fwd_ms=296588.4 eval=0 prior=0
[inst] req=5619712 hits=1880467 fwd=29212 rows=3739062 fwd_ms=296994.1 eval=0 prior=0
[inst] req=5627904 hits=1883301 fwd=29254 rows=3744438 fwd_ms=297417.9 eval=0 prior=0
[inst] req=5636096 hits=1886162 fwd=29295 rows=3749686 fwd_ms=297826.9 eval=0 prior=0
[inst] req=5644288 hits=1889128 fwd=29336 rows=3754934 fwd_ms=298240.7 eval=0 prior=0
[inst] req=5652480 hits=1891977 fwd=29378 rows=3760310 fwd_ms=298668.3 eval=0 prior=0
[inst] req=5660672 hits=1894963 fwd=29419 rows=3765558 fwd_ms=299083.8 eval=0 prior=0
[inst] req=5668864 hits=1897921 fwd=29460 rows=3770806 fwd_ms=299493.9 eval=0 prior=0
[inst] req=5677056 hits=1900837 fwd=29501 rows=3776054 fwd_ms=299911.3 eval=0 prior=0
[inst] req=5685248 hits=1903797 fwd=29542 rows=3781302 fwd_ms=300324.7 eval=0 prior=0
[inst] req=5693440 hits=1906617 fwd=29584 rows=3786678 fwd_ms=300752.2 eval=0 prior=0
[inst] req=5701632 hits=1909402 fwd=29626 rows=3792054 fwd_ms=301189.5 eval=0 prior=0
[inst] req=5709824 hits=1912188 fwd=29668 rows=3797430 fwd_ms=301619.7 eval=0 prior=0
[inst] req=5718016 hits=1915030 fwd=29710 rows=3802806 fwd_ms=302042.5 eval=0 prior=0
[inst] req=5726208 hits=1918031 fwd=29750 rows=3807926 fwd_ms=302440.6 eval=0 prior=0
[inst] req=5734400 hits=1920816 fwd=29793 rows=3813430 fwd_ms=302879.4 eval=0 prior=0
[inst] req=5742592 hits=1923614 fwd=29835 rows=3818806 fwd_ms=303309.1 eval=0 prior=0
[inst] req=5750784 hits=1926512 fwd=29876 rows=3824054 fwd_ms=303721.0 eval=0 prior=0
[inst] req=5758976 hits=1929491 fwd=29917 rows=3829302 fwd_ms=304134.7 eval=0 prior=0
[inst] req=5767168 hits=1932432 fwd=29958 rows=3834550 fwd_ms=304554.7 eval=0 prior=0
[inst] req=5775360 hits=1935232 fwd=30000 rows=3839926 fwd_ms=304975.6 eval=0 prior=0
[inst] req=5783552 hits=1938023 fwd=30042 rows=3845302 fwd_ms=305399.3 eval=0 prior=0
[inst] req=5791744 hits=1940938 fwd=30083 rows=3850550 fwd_ms=305807.0 eval=0 prior=0
[inst] req=5799936 hits=1943818 fwd=30125 rows=3855926 fwd_ms=306224.4 eval=0 prior=0
[inst] req=5808128 hits=1946667 fwd=30167 rows=3861302 fwd_ms=306642.2 eval=0 prior=0
[inst] req=5816320 hits=1949543 fwd=30208 rows=3866550 fwd_ms=307049.9 eval=0 prior=0
[inst] req=5824512 hits=1952342 fwd=30250 rows=3871926 fwd_ms=307467.6 eval=0 prior=0
[inst] req=5832704 hits=1955229 fwd=30292 rows=3877302 fwd_ms=307885.2 eval=0 prior=0
[inst] req=5840896 hits=1958351 fwd=30331 rows=3882294 fwd_ms=308273.7 eval=0 prior=0
[inst] req=5849088 hits=1961217 fwd=30373 rows=3887670 fwd_ms=308691.6 eval=0 prior=0
[inst] req=5857280 hits=1964160 fwd=30414 rows=3892918 fwd_ms=309099.3 eval=0 prior=0
[inst] req=5865472 hits=1967037 fwd=30456 rows=3898294 fwd_ms=309523.1 eval=0 prior=0
[inst] req=5873664 hits=1969872 fwd=30497 rows=3903542 fwd_ms=309934.8 eval=0 prior=0
[inst] req=5881856 hits=1972758 fwd=30539 rows=3908918 fwd_ms=310353.7 eval=0 prior=0
[inst] req=5890048 hits=1975620 fwd=30581 rows=3914294 fwd_ms=310771.4 eval=0 prior=0
[inst] req=5898240 hits=1978554 fwd=30622 rows=3919542 fwd_ms=311179.5 eval=0 prior=0
[inst] req=5906432 hits=1981315 fwd=30664 rows=3924918 fwd_ms=311598.6 eval=0 prior=0
[inst] req=5914624 hits=1984241 fwd=30705 rows=3930166 fwd_ms=312007.3 eval=0 prior=0
[inst] req=5922816 hits=1987002 fwd=30748 rows=3935670 fwd_ms=312435.9 eval=0 prior=0
[inst] req=5931008 hits=1989916 fwd=30789 rows=3940918 fwd_ms=312849.3 eval=0 prior=0
[inst] req=5939200 hits=1992907 fwd=30829 rows=3946038 fwd_ms=313247.5 eval=0 prior=0
[inst] req=5947392 hits=1995773 fwd=30871 rows=3951414 fwd_ms=313665.2 eval=0 prior=0
[inst] req=5955584 hits=1998468 fwd=30914 rows=3956918 fwd_ms=314092.6 eval=0 prior=0
[inst] req=5963776 hits=2001219 fwd=30957 rows=3962422 fwd_ms=314519.8 eval=0 prior=0
[inst] req=5971968 hits=2004151 fwd=30998 rows=3967670 fwd_ms=314927.3 eval=0 prior=0
[inst] req=5980160 hits=2006904 fwd=31040 rows=3973046 fwd_ms=315344.1 eval=0 prior=0
[inst] req=5988352 hits=2009898 fwd=31081 rows=3978294 fwd_ms=315752.4 eval=0 prior=0
[inst] req=5996544 hits=2012770 fwd=31122 rows=3983542 fwd_ms=316176.0 eval=0 prior=0
[inst] req=6004736 hits=2015664 fwd=31164 rows=3988918 fwd_ms=316594.4 eval=0 prior=0
[inst] req=6012928 hits=2018626 fwd=31205 rows=3994166 fwd_ms=317001.2 eval=0 prior=0
[inst] req=6021120 hits=2021485 fwd=31246 rows=3999414 fwd_ms=317408.4 eval=0 prior=0
[inst] req=6029312 hits=2024494 fwd=31287 rows=4004662 fwd_ms=317815.9 eval=0 prior=0
[inst] req=6037504 hits=2027426 fwd=31328 rows=4009910 fwd_ms=318223.7 eval=0 prior=0
[inst] req=6045696 hits=2030304 fwd=31369 rows=4015158 fwd_ms=318630.6 eval=0 prior=0
[inst] req=6053888 hits=2033307 fwd=31410 rows=4020406 fwd_ms=319043.0 eval=0 prior=0
[inst] req=6062080 hits=2036114 fwd=31452 rows=4025782 fwd_ms=319464.7 eval=0 prior=0
[inst] req=6070272 hits=2038922 fwd=31494 rows=4031158 fwd_ms=319882.1 eval=0 prior=0
[inst] req=6078464 hits=2041894 fwd=31535 rows=4036406 fwd_ms=320289.7 eval=0 prior=0
[inst] req=6086656 hits=2044681 fwd=31577 rows=4041782 fwd_ms=320707.2 eval=0 prior=0
[inst] req=6094848 hits=2047722 fwd=31617 rows=4046902 fwd_ms=321105.0 eval=0 prior=0
[inst] req=6103040 hits=2050727 fwd=31658 rows=4052150 fwd_ms=321513.1 eval=0 prior=0
[inst] req=6111232 hits=2053436 fwd=31701 rows=4057654 fwd_ms=321940.8 eval=0 prior=0
[inst] req=6119424 hits=2056388 fwd=31742 rows=4062902 fwd_ms=322348.5 eval=0 prior=0
[inst] req=6127616 hits=2059377 fwd=31782 rows=4068022 fwd_ms=322746.1 eval=0 prior=0
[inst] req=6135808 hits=2062279 fwd=31824 rows=4073398 fwd_ms=323163.6 eval=0 prior=0
[inst] req=6144000 hits=2065360 fwd=31863 rows=4078390 fwd_ms=323551.5 eval=0 prior=0
[inst] req=6152192 hits=2068368 fwd=31904 rows=4083638 fwd_ms=323959.1 eval=0 prior=0
[inst] req=6160384 hits=2071213 fwd=31946 rows=4089014 fwd_ms=324377.2 eval=0 prior=0
[inst] req=6168576 hits=2074056 fwd=31988 rows=4094390 fwd_ms=324794.7 eval=0 prior=0
[inst] req=6176768 hits=2077041 fwd=32028 rows=4099510 fwd_ms=325192.8 eval=0 prior=0
[inst] req=6184960 hits=2080000 fwd=32069 rows=4104758 fwd_ms=325602.2 eval=0 prior=0
[inst] req=6193152 hits=2082977 fwd=32110 rows=4110006 fwd_ms=326009.6 eval=0 prior=0
[inst] req=6201344 hits=2085770 fwd=32152 rows=4115382 fwd_ms=326426.9 eval=0 prior=0
[inst] req=6209536 hits=2088679 fwd=32193 rows=4120630 fwd_ms=326834.1 eval=0 prior=0
[inst] req=6217728 hits=2091605 fwd=32234 rows=4125878 fwd_ms=327241.5 eval=0 prior=0
[inst] req=6225920 hits=2094567 fwd=32275 rows=4131126 fwd_ms=327648.7 eval=0 prior=0
[inst] req=6234112 hits=2097364 fwd=32317 rows=4136502 fwd_ms=328065.7 eval=0 prior=0
[inst] req=6242304 hits=2100163 fwd=32360 rows=4142006 fwd_ms=328493.5 eval=0 prior=0
[inst] req=6250496 hits=2102975 fwd=32402 rows=4147382 fwd_ms=328911.2 eval=0 prior=0
[inst] req=6258688 hits=2105913 fwd=32443 rows=4152630 fwd_ms=329319.2 eval=0 prior=0
[inst] req=6266880 hits=2108904 fwd=32483 rows=4157750 fwd_ms=329717.0 eval=0 prior=0
[inst] req=6275072 hits=2111825 fwd=32524 rows=4162998 fwd_ms=330124.8 eval=0 prior=0
[inst] req=6283264 hits=2114563 fwd=32567 rows=4168502 fwd_ms=330552.4 eval=0 prior=0
[inst] req=6291456 hits=2117452 fwd=32608 rows=4173750 fwd_ms=330961.8 eval=0 prior=0
[inst] req=6299648 hits=2120407 fwd=32649 rows=4178998 fwd_ms=331370.9 eval=0 prior=0
[inst] req=6307840 hits=2123291 fwd=32691 rows=4184374 fwd_ms=331789.3 eval=0 prior=0
[inst] req=6316032 hits=2126217 fwd=32732 rows=4189622 fwd_ms=332197.7 eval=0 prior=0
[inst] req=6324224 hits=2128928 fwd=32775 rows=4195126 fwd_ms=332625.5 eval=0 prior=0
[inst] req=6332416 hits=2132087 fwd=32814 rows=4200118 fwd_ms=333013.6 eval=0 prior=0
[inst] req=6340608 hits=2134955 fwd=32856 rows=4205494 fwd_ms=333431.6 eval=0 prior=0
[inst] req=6348800 hits=2137805 fwd=32897 rows=4210742 fwd_ms=333839.2 eval=0 prior=0
[inst] req=6356992 hits=2140705 fwd=32939 rows=4216118 fwd_ms=334257.6 eval=0 prior=0
[inst] req=6365184 hits=2143647 fwd=32980 rows=4221366 fwd_ms=334665.2 eval=0 prior=0
[inst] req=6373376 hits=2146864 fwd=33019 rows=4226358 fwd_ms=335053.5 eval=0 prior=0
[inst] req=6381568 hits=2149818 fwd=33060 rows=4231606 fwd_ms=335461.1 eval=0 prior=0
[inst] req=6389760 hits=2152689 fwd=33101 rows=4236854 fwd_ms=335869.6 eval=0 prior=0
[inst] req=6397952 hits=2155645 fwd=33142 rows=4242102 fwd_ms=336277.4 eval=0 prior=0
[inst] req=6406144 hits=2158562 fwd=33183 rows=4247350 fwd_ms=336685.2 eval=0 prior=0
[inst] req=6414336 hits=2161452 fwd=33225 rows=4252726 fwd_ms=337102.7 eval=0 prior=0
[inst] req=6422528 hits=2164226 fwd=33267 rows=4258102 fwd_ms=337520.3 eval=0 prior=0
[inst] req=6430720 hits=2167050 fwd=33309 rows=4263478 fwd_ms=337938.2 eval=0 prior=0
[inst] req=6438912 hits=2170111 fwd=33349 rows=4268598 fwd_ms=338336.0 eval=0 prior=0
[inst] req=6447104 hits=2173017 fwd=33390 rows=4273846 fwd_ms=338743.7 eval=0 prior=0
[inst] req=6455296 hits=2176184 fwd=33430 rows=4278966 fwd_ms=339141.4 eval=0 prior=0
[inst] req=6463488 hits=2179034 fwd=33471 rows=4284214 fwd_ms=339549.7 eval=0 prior=0
[inst] req=6471680 hits=2181948 fwd=33513 rows=4289590 fwd_ms=339967.2 eval=0 prior=0
[inst] req=6479872 hits=2184973 fwd=33553 rows=4294710 fwd_ms=340366.7 eval=0 prior=0
[inst] req=6488064 hits=2187756 fwd=33595 rows=4300086 fwd_ms=340786.8 eval=0 prior=0
[inst] req=6496256 hits=2190758 fwd=33636 rows=4305334 fwd_ms=341194.7 eval=0 prior=0
[inst] req=6504448 hits=2193818 fwd=33676 rows=4310454 fwd_ms=341592.6 eval=0 prior=0
[inst] req=6512640 hits=2196706 fwd=33717 rows=4315702 fwd_ms=342000.2 eval=0 prior=0
[inst] req=6520832 hits=2199843 fwd=33757 rows=4320822 fwd_ms=342399.1 eval=0 prior=0
[inst] req=6529024 hits=2202791 fwd=33798 rows=4326070 fwd_ms=342806.9 eval=0 prior=0
[inst] req=6537216 hits=2205742 fwd=33839 rows=4331318 fwd_ms=343214.6 eval=0 prior=0
[inst] req=6545408 hits=2208690 fwd=33880 rows=4336566 fwd_ms=343622.1 eval=0 prior=0
[inst] req=6553600 hits=2211421 fwd=33922 rows=4341942 fwd_ms=344040.3 eval=0 prior=0
[inst] req=6561792 hits=2214126 fwd=33965 rows=4347446 fwd_ms=344467.9 eval=0 prior=0
[inst] req=6569984 hits=2217029 fwd=34007 rows=4352822 fwd_ms=344885.7 eval=0 prior=0
[inst] req=6578176 hits=2220049 fwd=34047 rows=4357942 fwd_ms=345296.0 eval=0 prior=0
[inst] req=6586368 hits=2223069 fwd=34087 rows=4363062 fwd_ms=345710.2 eval=0 prior=0
[inst] req=6594560 hits=2225912 fwd=34129 rows=4368438 fwd_ms=346142.1 eval=0 prior=0
[inst] req=6602752 hits=2228914 fwd=34170 rows=4373686 fwd_ms=346552.6 eval=0 prior=0
[inst] req=6610944 hits=2231846 fwd=34211 rows=4378934 fwd_ms=346960.4 eval=0 prior=0
[inst] req=6619136 hits=2234670 fwd=34253 rows=4384310 fwd_ms=347386.4 eval=0 prior=0
[inst] req=6627328 hits=2237725 fwd=34293 rows=4389430 fwd_ms=347798.8 eval=0 prior=0
[inst] req=6635520 hits=2240505 fwd=34335 rows=4394806 fwd_ms=348223.7 eval=0 prior=0
[inst] req=6643712 hits=2243475 fwd=34376 rows=4400054 fwd_ms=348640.9 eval=0 prior=0
[inst] req=6651904 hits=2246367 fwd=34417 rows=4405302 fwd_ms=349057.4 eval=0 prior=0
[inst] req=6660096 hits=2249238 fwd=34459 rows=4410678 fwd_ms=349492.7 eval=0 prior=0
[inst] req=6668288 hits=2252092 fwd=34501 rows=4416054 fwd_ms=349920.3 eval=0 prior=0
[inst] req=6676480 hits=2254937 fwd=34542 rows=4421302 fwd_ms=350329.7 eval=0 prior=0
[inst] req=6684672 hits=2257832 fwd=34584 rows=4426678 fwd_ms=350766.4 eval=0 prior=0
[inst] req=6692864 hits=2260719 fwd=34625 rows=4431926 fwd_ms=351179.7 eval=0 prior=0
[inst] req=6701056 hits=2263523 fwd=34667 rows=4437302 fwd_ms=351612.7 eval=0 prior=0
[inst] req=6709248 hits=2266415 fwd=34709 rows=4442678 fwd_ms=352039.7 eval=0 prior=0
[inst] req=6717440 hits=2269163 fwd=34751 rows=4448054 fwd_ms=352462.8 eval=0 prior=0
[inst] req=6725632 hits=2271930 fwd=34794 rows=4453558 fwd_ms=352894.7 eval=0 prior=0
[inst] req=6733824 hits=2275015 fwd=34834 rows=4458678 fwd_ms=353294.7 eval=0 prior=0
[inst] req=6742016 hits=2277977 fwd=34874 rows=4463798 fwd_ms=353692.7 eval=0 prior=0
[inst] req=6750208 hits=2280767 fwd=34917 rows=4469302 fwd_ms=354121.0 eval=0 prior=0
[inst] req=6758400 hits=2283713 fwd=34958 rows=4474550 fwd_ms=354529.3 eval=0 prior=0
[inst] req=6766592 hits=2286549 fwd=34999 rows=4479798 fwd_ms=354937.3 eval=0 prior=0
[inst] req=6774784 hits=2289730 fwd=35039 rows=4484918 fwd_ms=355339.3 eval=0 prior=0
[inst] req=6782976 hits=2292622 fwd=35080 rows=4490166 fwd_ms=355748.3 eval=0 prior=0
[inst] req=6791168 hits=2295537 fwd=35121 rows=4495414 fwd_ms=356157.1 eval=0 prior=0
[inst] req=6799360 hits=2298633 fwd=35161 rows=4500534 fwd_ms=356555.6 eval=0 prior=0
[inst] req=6807552 hits=2301604 fwd=35202 rows=4505782 fwd_ms=356964.4 eval=0 prior=0
[inst] req=6815744 hits=2304449 fwd=35244 rows=4511158 fwd_ms=357382.4 eval=0 prior=0
[inst] req=6823936 hits=2307252 fwd=35286 rows=4516534 fwd_ms=357802.8 eval=0 prior=0
[inst] req=6832128 hits=2310318 fwd=35326 rows=4521654 fwd_ms=358207.3 eval=0 prior=0
[inst] req=6840320 hits=2313333 fwd=35366 rows=4526774 fwd_ms=358612.8 eval=0 prior=0
[inst] req=6848512 hits=2316250 fwd=35407 rows=4532022 fwd_ms=359020.9 eval=0 prior=0
[inst] req=6856704 hits=2319077 fwd=35449 rows=4537398 fwd_ms=359442.2 eval=0 prior=0
[inst] req=6864896 hits=2321943 fwd=35491 rows=4542774 fwd_ms=359860.8 eval=0 prior=0
[inst] req=6873088 hits=2324897 fwd=35532 rows=4548022 fwd_ms=360269.3 eval=0 prior=0
[inst] req=6881280 hits=2327876 fwd=35573 rows=4553270 fwd_ms=360677.2 eval=0 prior=0
[inst] req=6889472 hits=2330927 fwd=35613 rows=4558390 fwd_ms=361079.7 eval=0 prior=0
[inst] req=6897664 hits=2333781 fwd=35654 rows=4563638 fwd_ms=361511.2 eval=0 prior=0
[inst] req=6905856 hits=2336626 fwd=35696 rows=4569014 fwd_ms=361931.5 eval=0 prior=0
[inst] req=6914048 hits=2339482 fwd=35738 rows=4574390 fwd_ms=362359.3 eval=0 prior=0
[inst] req=6922240 hits=2342403 fwd=35779 rows=4579638 fwd_ms=362773.7 eval=0 prior=0
[inst] req=6930432 hits=2345270 fwd=35821 rows=4585014 fwd_ms=363197.0 eval=0 prior=0
[inst] req=6938624 hits=2348268 fwd=35861 rows=4590134 fwd_ms=363595.0 eval=0 prior=0
[inst] req=6946816 hits=2351184 fwd=35902 rows=4595382 fwd_ms=364003.4 eval=0 prior=0
[inst] req=6955008 hits=2354238 fwd=35943 rows=4600630 fwd_ms=364411.7 eval=0 prior=0
[inst] req=6963200 hits=2357194 fwd=35983 rows=4605750 fwd_ms=364810.2 eval=0 prior=0
[inst] req=6971392 hits=2359959 fwd=36026 rows=4611254 fwd_ms=365238.5 eval=0 prior=0
[inst] req=6979584 hits=2362876 fwd=36067 rows=4616502 fwd_ms=365646.9 eval=0 prior=0
[inst] req=6987776 hits=2365816 fwd=36108 rows=4621750 fwd_ms=366055.0 eval=0 prior=0
[inst] req=6995968 hits=2368717 fwd=36149 rows=4626998 fwd_ms=366463.2 eval=0 prior=0
[inst] req=7004160 hits=2371740 fwd=36190 rows=4632246 fwd_ms=366872.3 eval=0 prior=0
[inst] req=7012352 hits=2374631 fwd=36231 rows=4637494 fwd_ms=367280.4 eval=0 prior=0
[inst] req=7020544 hits=2377720 fwd=36271 rows=4642614 fwd_ms=367679.2 eval=0 prior=0
[inst] req=7028736 hits=2380600 fwd=36313 rows=4647990 fwd_ms=368097.3 eval=0 prior=0
[inst] req=7036928 hits=2383511 fwd=36354 rows=4653238 fwd_ms=368505.7 eval=0 prior=0
[inst] req=7045120 hits=2386556 fwd=36394 rows=4658358 fwd_ms=368905.1 eval=0 prior=0
[inst] req=7053312 hits=2389535 fwd=36435 rows=4663606 fwd_ms=369313.5 eval=0 prior=0
[inst] req=7061504 hits=2392503 fwd=36476 rows=4668854 fwd_ms=369721.9 eval=0 prior=0
[inst] req=7069696 hits=2395322 fwd=36518 rows=4674230 fwd_ms=370141.1 eval=0 prior=0
[inst] req=7077888 hits=2398198 fwd=36559 rows=4679478 fwd_ms=370549.3 eval=0 prior=0
[inst] req=7086080 hits=2401009 fwd=36601 rows=4684854 fwd_ms=370967.5 eval=0 prior=0
[inst] req=7094272 hits=2403918 fwd=36642 rows=4690102 fwd_ms=371375.5 eval=0 prior=0
[inst] req=7102464 hits=2406788 fwd=36684 rows=4695478 fwd_ms=371793.3 eval=0 prior=0
[inst] req=7110656 hits=2409673 fwd=36726 rows=4700854 fwd_ms=372212.0 eval=0 prior=0
[inst] req=7118848 hits=2412659 fwd=36766 rows=4705974 fwd_ms=372610.5 eval=0 prior=0
[inst] req=7127040 hits=2415459 fwd=36808 rows=4711350 fwd_ms=373028.4 eval=0 prior=0
[inst] req=7135232 hits=2418432 fwd=36849 rows=4716598 fwd_ms=373436.3 eval=0 prior=0
[inst] req=7143424 hits=2421391 fwd=36890 rows=4721846 fwd_ms=373845.0 eval=0 prior=0
[inst] req=7151616 hits=2424286 fwd=36931 rows=4727094 fwd_ms=374253.6 eval=0 prior=0
[inst] req=7159808 hits=2427186 fwd=36973 rows=4732470 fwd_ms=374671.9 eval=0 prior=0
[inst] req=7168000 hits=2430087 fwd=37014 rows=4737718 fwd_ms=375080.4 eval=0 prior=0
[inst] req=7176192 hits=2432886 fwd=37056 rows=4743094 fwd_ms=375498.4 eval=0 prior=0
[inst] req=7184384 hits=2435930 fwd=37096 rows=4748214 fwd_ms=375898.1 eval=0 prior=0
[inst] req=7192576 hits=2438761 fwd=37138 rows=4753590 fwd_ms=376316.2 eval=0 prior=0
[inst] req=7200768 hits=2441803 fwd=37178 rows=4758710 fwd_ms=376714.5 eval=0 prior=0
[inst] req=7208960 hits=2444831 fwd=37219 rows=4763958 fwd_ms=377122.7 eval=0 prior=0
[inst] req=7217152 hits=2447763 fwd=37260 rows=4769206 fwd_ms=377532.0 eval=0 prior=0
[inst] req=7225344 hits=2450704 fwd=37301 rows=4774454 fwd_ms=377946.2 eval=0 prior=0
[inst] req=7233536 hits=2453606 fwd=37342 rows=4779702 fwd_ms=378358.2 eval=0 prior=0
[inst] req=7241728 hits=2456588 fwd=37383 rows=4784950 fwd_ms=378768.2 eval=0 prior=0
[inst] req=7249920 hits=2459633 fwd=37423 rows=4790070 fwd_ms=379176.5 eval=0 prior=0
[inst] req=7258112 hits=2462685 fwd=37463 rows=4795190 fwd_ms=379574.9 eval=0 prior=0
[inst] req=7266304 hits=2465419 fwd=37506 rows=4800694 fwd_ms=380003.0 eval=0 prior=0
[inst] req=7274496 hits=2468375 fwd=37547 rows=4805942 fwd_ms=380415.3 eval=0 prior=0
[inst] req=7282688 hits=2471288 fwd=37588 rows=4811190 fwd_ms=380826.6 eval=0 prior=0
[inst] req=7290880 hits=2474320 fwd=37628 rows=4816310 fwd_ms=381226.7 eval=0 prior=0
[inst] req=7299072 hits=2477328 fwd=37669 rows=4821558 fwd_ms=381637.0 eval=0 prior=0
[inst] req=7307264 hits=2479998 fwd=37712 rows=4827062 fwd_ms=382067.7 eval=0 prior=0
[inst] req=7315456 hits=2482979 fwd=37753 rows=4832310 fwd_ms=382480.3 eval=0 prior=0
[inst] req=7323648 hits=2485880 fwd=37794 rows=4837558 fwd_ms=383110.3 eval=0 prior=0
[inst] req=7331840 hits=2488857 fwd=37835 rows=4842806 fwd_ms=385309.1 eval=0 prior=0
[inst] req=7340032 hits=2491701 fwd=37877 rows=4848182 fwd_ms=387425.7 eval=0 prior=0
[inst] req=7348224 hits=2494604 fwd=37918 rows=4853430 fwd_ms=389671.9 eval=0 prior=0
[inst] req=7356416 hits=2497717 fwd=37958 rows=4858550 fwd_ms=391837.6 eval=0 prior=0
[inst] req=7364608 hits=2500960 fwd=37996 rows=4863414 fwd_ms=392599.7 eval=0 prior=0
[inst] req=7372800 hits=2504085 fwd=38036 rows=4868534 fwd_ms=393019.7 eval=0 prior=0
[inst] req=7380992 hits=2505463 fwd=38089 rows=4875318 fwd_ms=393555.4 eval=0 prior=0
[inst] req=7389184 hits=2507714 fwd=38136 rows=4881334 fwd_ms=394023.9 eval=0 prior=0
[inst] req=7397376 hits=2510655 fwd=38177 rows=4886582 fwd_ms=394433.0 eval=0 prior=0
[inst] req=7405568 hits=2513743 fwd=38216 rows=4891574 fwd_ms=394822.2 eval=0 prior=0
[inst] req=7413760 hits=2516763 fwd=38257 rows=4896822 fwd_ms=395231.3 eval=0 prior=0
[inst] req=7421952 hits=2519891 fwd=38296 rows=4901814 fwd_ms=395621.2 eval=0 prior=0
[inst] req=7430144 hits=2523064 fwd=38336 rows=4906934 fwd_ms=396020.6 eval=0 prior=0
[inst] req=7438336 hits=2526312 fwd=38374 rows=4911798 fwd_ms=396400.3 eval=0 prior=0
[inst] req=7446528 hits=2529487 fwd=38413 rows=4916790 fwd_ms=396790.0 eval=0 prior=0
[inst] req=7454720 hits=2532643 fwd=38453 rows=4921910 fwd_ms=397189.7 eval=0 prior=0
[inst] req=7462912 hits=2535823 fwd=38492 rows=4926902 fwd_ms=397580.4 eval=0 prior=0
[inst] req=7471104 hits=2539040 fwd=38531 rows=4931894 fwd_ms=397970.4 eval=0 prior=0
[inst] req=7479296 hits=2542155 fwd=38570 rows=4936886 fwd_ms=398360.8 eval=0 prior=0
[inst] req=7487488 hits=2545333 fwd=38610 rows=4942006 fwd_ms=398760.2 eval=0 prior=0
[inst] req=7495680 hits=2548471 fwd=38649 rows=4946998 fwd_ms=399149.2 eval=0 prior=0
[inst] req=7503872 hits=2551526 fwd=38689 rows=4952118 fwd_ms=399548.1 eval=0 prior=0
[inst] req=7512064 hits=2554716 fwd=38728 rows=4957110 fwd_ms=399938.6 eval=0 prior=0
[inst] req=7520256 hits=2557976 fwd=38767 rows=4962102 fwd_ms=400328.5 eval=0 prior=0
[inst] req=7528448 hits=2561185 fwd=38806 rows=4967094 fwd_ms=400717.5 eval=0 prior=0
[inst] req=7536640 hits=2564498 fwd=38844 rows=4971958 fwd_ms=401097.2 eval=0 prior=0
[inst] req=7544832 hits=2567863 fwd=38882 rows=4976822 fwd_ms=401476.1 eval=0 prior=0
[inst] req=7553024 hits=2571024 fwd=38921 rows=4981814 fwd_ms=401864.5 eval=0 prior=0
[inst] req=7561216 hits=2574299 fwd=38959 rows=4986678 fwd_ms=402243.2 eval=0 prior=0
[inst] req=7569408 hits=2577321 fwd=39000 rows=4991926 fwd_ms=402651.4 eval=0 prior=0
[inst] req=7577600 hits=2580704 fwd=39037 rows=4996662 fwd_ms=403020.2 eval=0 prior=0
[inst] req=7585792 hits=2583938 fwd=39076 rows=5001654 fwd_ms=403408.6 eval=0 prior=0
[inst] req=7593984 hits=2587099 fwd=39115 rows=5006646 fwd_ms=403797.4 eval=0 prior=0
[inst] req=7602176 hits=2590216 fwd=39155 rows=5011766 fwd_ms=404196.4 eval=0 prior=0
[inst] req=7610368 hits=2593431 fwd=39194 rows=5016758 fwd_ms=404585.6 eval=0 prior=0
[inst] req=7618560 hits=2596525 fwd=39234 rows=5021878 fwd_ms=404983.5 eval=0 prior=0
[inst] req=7626752 hits=2599659 fwd=39273 rows=5026870 fwd_ms=405371.4 eval=0 prior=0
[inst] req=7634944 hits=2602785 fwd=39313 rows=5031990 fwd_ms=405769.6 eval=0 prior=0
[inst] req=7643136 hits=2605855 fwd=39353 rows=5037110 fwd_ms=406168.3 eval=0 prior=0
[inst] req=7651328 hits=2608937 fwd=39393 rows=5042230 fwd_ms=406566.7 eval=0 prior=0
[inst] req=7659520 hits=2612035 fwd=39433 rows=5047350 fwd_ms=406965.7 eval=0 prior=0
[inst] req=7667712 hits=2615110 fwd=39473 rows=5052470 fwd_ms=407364.0 eval=0 prior=0
[inst] req=7675904 hits=2618214 fwd=39512 rows=5057462 fwd_ms=407752.7 eval=0 prior=0
[inst] req=7684096 hits=2621437 fwd=39551 rows=5062454 fwd_ms=408140.3 eval=0 prior=0
[inst] req=7692288 hits=2624722 fwd=39589 rows=5067318 fwd_ms=408518.5 eval=0 prior=0
[inst] req=7700480 hits=2627935 fwd=39628 rows=5072310 fwd_ms=408906.7 eval=0 prior=0
[inst] req=7708672 hits=2631004 fwd=39668 rows=5077430 fwd_ms=409305.4 eval=0 prior=0
[inst] req=7716864 hits=2634131 fwd=39708 rows=5082550 fwd_ms=409703.2 eval=0 prior=0
[inst] req=7725056 hits=2637274 fwd=39747 rows=5087542 fwd_ms=410091.1 eval=0 prior=0
[inst] req=7733248 hits=2640511 fwd=39786 rows=5092534 fwd_ms=410478.9 eval=0 prior=0
[inst] req=7741440 hits=2643740 fwd=39825 rows=5097526 fwd_ms=410866.7 eval=0 prior=0
[inst] req=7749632 hits=2646958 fwd=39864 rows=5102518 fwd_ms=411254.4 eval=0 prior=0
[inst] req=7757824 hits=2650207 fwd=39902 rows=5107382 fwd_ms=411632.1 eval=0 prior=0
[inst] req=7766016 hits=2653303 fwd=39942 rows=5112502 fwd_ms=412028.4 eval=0 prior=0
[inst] req=7774208 hits=2656336 fwd=39982 rows=5117622 fwd_ms=412425.1 eval=0 prior=0
[inst] req=7782400 hits=2659410 fwd=40022 rows=5122742 fwd_ms=412821.9 eval=0 prior=0
[inst] req=7790592 hits=2662550 fwd=40062 rows=5127862 fwd_ms=413218.1 eval=0 prior=0
[inst] req=7798784 hits=2665897 fwd=40100 rows=5132726 fwd_ms=413595.0 eval=0 prior=0
[inst] req=7806976 hits=2669056 fwd=40139 rows=5137718 fwd_ms=413982.4 eval=0 prior=0
[inst] req=7815168 hits=2672111 fwd=40179 rows=5142838 fwd_ms=414380.5 eval=0 prior=0
[inst] req=7823360 hits=2675449 fwd=40217 rows=5147702 fwd_ms=414758.4 eval=0 prior=0
[inst] req=7831552 hits=2678666 fwd=40256 rows=5152694 fwd_ms=415146.0 eval=0 prior=0
[inst] req=7839744 hits=2681888 fwd=40295 rows=5157686 fwd_ms=415534.6 eval=0 prior=0
[inst] req=7847936 hits=2684951 fwd=40335 rows=5162806 fwd_ms=415932.0 eval=0 prior=0
[inst] req=7856128 hits=2688018 fwd=40375 rows=5167926 fwd_ms=416329.9 eval=0 prior=0
[inst] req=7864320 hits=2691287 fwd=40413 rows=5172790 fwd_ms=416708.1 eval=0 prior=0
[inst] req=7872512 hits=2694514 fwd=40452 rows=5177782 fwd_ms=417097.2 eval=0 prior=0
[inst] req=7880704 hits=2697770 fwd=40491 rows=5182774 fwd_ms=417485.4 eval=0 prior=0
[inst] req=7888896 hits=2701110 fwd=40529 rows=5187638 fwd_ms=417863.9 eval=0 prior=0
[inst] req=7897088 hits=2704159 fwd=40569 rows=5192758 fwd_ms=418261.8 eval=0 prior=0
[inst] req=7905280 hits=2707591 fwd=40606 rows=5197494 fwd_ms=418630.1 eval=0 prior=0
[inst] req=7913472 hits=2710793 fwd=40645 rows=5202486 fwd_ms=419018.0 eval=0 prior=0
[inst] req=7921664 hits=2713992 fwd=40684 rows=5207478 fwd_ms=419406.5 eval=0 prior=0
[inst] req=7929856 hits=2717223 fwd=40723 rows=5212470 fwd_ms=419794.2 eval=0 prior=0
[inst] req=7938048 hits=2720273 fwd=40763 rows=5217590 fwd_ms=420193.3 eval=0 prior=0
[inst] req=7946240 hits=2723417 fwd=40802 rows=5222582 fwd_ms=420582.1 eval=0 prior=0
[inst] req=7954432 hits=2726502 fwd=40842 rows=5227702 fwd_ms=420980.1 eval=0 prior=0
[inst] req=7962624 hits=2729596 fwd=40882 rows=5232822 fwd_ms=421378.2 eval=0 prior=0
[inst] req=7970816 hits=2732790 fwd=40921 rows=5237814 fwd_ms=421766.1 eval=0 prior=0
[inst] req=7979008 hits=2735915 fwd=40961 rows=5242934 fwd_ms=422165.0 eval=0 prior=0
[inst] req=7987200 hits=2739162 fwd=40999 rows=5247798 fwd_ms=422544.3 eval=0 prior=0
[inst] req=7995392 hits=2742224 fwd=41039 rows=5252918 fwd_ms=422942.3 eval=0 prior=0
[inst] req=8003584 hits=2745430 fwd=41078 rows=5257910 fwd_ms=423330.9 eval=0 prior=0
[inst] req=8011776 hits=2748635 fwd=41117 rows=5262902 fwd_ms=423719.1 eval=0 prior=0
[inst] req=8019968 hits=2751820 fwd=41156 rows=5267894 fwd_ms=424108.1 eval=0 prior=0
[inst] req=8028160 hits=2755008 fwd=41196 rows=5273014 fwd_ms=424506.8 eval=0 prior=0
[inst] req=8036352 hits=2758225 fwd=41234 rows=5277878 fwd_ms=424884.5 eval=0 prior=0
[inst] req=8044544 hits=2761361 fwd=41274 rows=5282998 fwd_ms=425283.6 eval=0 prior=0
[inst] req=8052736 hits=2764470 fwd=41314 rows=5288118 fwd_ms=425682.0 eval=0 prior=0
[inst] req=8060928 hits=2767710 fwd=41352 rows=5292982 fwd_ms=426060.3 eval=0 prior=0
[inst] req=8069120 hits=2770778 fwd=41392 rows=5298102 fwd_ms=426458.2 eval=0 prior=0
[inst] req=8077312 hits=2773805 fwd=41433 rows=5303350 fwd_ms=426866.3 eval=0 prior=0
[inst] req=8085504 hits=2776871 fwd=41473 rows=5308470 fwd_ms=427264.3 eval=0 prior=0
[inst] req=8093696 hits=2780024 fwd=41512 rows=5313462 fwd_ms=427652.3 eval=0 prior=0
[inst] req=8101888 hits=2783076 fwd=41552 rows=5318582 fwd_ms=428050.6 eval=0 prior=0
[inst] req=8110080 hits=2786281 fwd=41591 rows=5323574 fwd_ms=428438.9 eval=0 prior=0
[inst] req=8118272 hits=2789351 fwd=41631 rows=5328694 fwd_ms=428837.3 eval=0 prior=0
[inst] req=8126464 hits=2792561 fwd=41670 rows=5333686 fwd_ms=429225.7 eval=0 prior=0
[inst] req=8134656 hits=2795749 fwd=41709 rows=5338678 fwd_ms=429613.7 eval=0 prior=0
[inst] req=8142848 hits=2798872 fwd=41749 rows=5343798 fwd_ms=430012.9 eval=0 prior=0
[inst] req=8151040 hits=2802009 fwd=41788 rows=5348790 fwd_ms=430401.7 eval=0 prior=0
[inst] req=8159232 hits=2805243 fwd=41827 rows=5353782 fwd_ms=430789.9 eval=0 prior=0
[inst] req=8167424 hits=2808333 fwd=41867 rows=5358902 fwd_ms=431187.9 eval=0 prior=0
[inst] req=8175616 hits=2811463 fwd=41907 rows=5364022 fwd_ms=431585.6 eval=0 prior=0
[inst] req=8183808 hits=2814547 fwd=41946 rows=5369014 fwd_ms=431974.0 eval=0 prior=0
[inst] req=8192000 hits=2817821 fwd=41985 rows=5374006 fwd_ms=432362.0 eval=0 prior=0
[inst] req=8200192 hits=2820949 fwd=42024 rows=5378998 fwd_ms=432750.3 eval=0 prior=0
[inst] req=8208384 hits=2824131 fwd=42064 rows=5384118 fwd_ms=433149.0 eval=0 prior=0
[inst] req=8216576 hits=2827225 fwd=42103 rows=5389110 fwd_ms=433537.5 eval=0 prior=0
[inst] req=8224768 hits=2830397 fwd=42143 rows=5394230 fwd_ms=433936.1 eval=0 prior=0
[inst] req=8232960 hits=2833497 fwd=42182 rows=5399222 fwd_ms=434325.7 eval=0 prior=0
[inst] req=8241152 hits=2836658 fwd=42222 rows=5404342 fwd_ms=434726.0 eval=0 prior=0
[inst] req=8249344 hits=2839833 fwd=42261 rows=5409334 fwd_ms=435115.2 eval=0 prior=0
[inst] req=8257536 hits=2842996 fwd=42300 rows=5414326 fwd_ms=435504.1 eval=0 prior=0
[inst] req=8265728 hits=2846266 fwd=42339 rows=5419318 fwd_ms=435893.2 eval=0 prior=0
[inst] req=8273920 hits=2849397 fwd=42378 rows=5424310 fwd_ms=436283.1 eval=0 prior=0
[inst] req=8282112 hits=2852433 fwd=42418 rows=5429430 fwd_ms=436682.0 eval=0 prior=0
[inst] req=8290304 hits=2855637 fwd=42457 rows=5434422 fwd_ms=437071.0 eval=0 prior=0
[inst] req=8298496 hits=2858852 fwd=42496 rows=5439414 fwd_ms=437459.6 eval=0 prior=0
[inst] req=8306688 hits=2862100 fwd=42535 rows=5444406 fwd_ms=437848.8 eval=0 prior=0
[inst] req=8314880 hits=2865177 fwd=42575 rows=5449526 fwd_ms=438247.3 eval=0 prior=0
[inst] req=8323072 hits=2868410 fwd=42614 rows=5454518 fwd_ms=438636.3 eval=0 prior=0
[inst] req=8331264 hits=2871644 fwd=42652 rows=5459382 fwd_ms=439015.2 eval=0 prior=0
[inst] req=8339456 hits=2874691 fwd=42693 rows=5464630 fwd_ms=439423.7 eval=0 prior=0
[inst] req=8347648 hits=2877913 fwd=42731 rows=5469494 fwd_ms=439802.6 eval=0 prior=0
[inst] req=8355840 hits=2880974 fwd=42771 rows=5474614 fwd_ms=440201.0 eval=0 prior=0
[inst] req=8364032 hits=2884089 fwd=42811 rows=5479734 fwd_ms=440599.6 eval=0 prior=0
[inst] req=8372224 hits=2887214 fwd=42851 rows=5484854 fwd_ms=440998.1 eval=0 prior=0
[inst] req=8380416 hits=2890423 fwd=42890 rows=5489846 fwd_ms=441387.5 eval=0 prior=0
[inst] req=8388608 hits=2893344 fwd=42931 rows=5495094 fwd_ms=441796.4 eval=0 prior=0
[inst] req=8396800 hits=2896442 fwd=42971 rows=5500214 fwd_ms=442196.2 eval=0 prior=0
[inst] req=8404992 hits=2899868 fwd=43008 rows=5504950 fwd_ms=442565.5 eval=0 prior=0
[inst] req=8413184 hits=2902989 fwd=43047 rows=5509942 fwd_ms=442955.3 eval=0 prior=0
[inst] req=8421376 hits=2906232 fwd=43086 rows=5514934 fwd_ms=443344.6 eval=0 prior=0
[inst] req=8429568 hits=2909330 fwd=43126 rows=5520054 fwd_ms=443743.3 eval=0 prior=0
[inst] req=8437760 hits=2912291 fwd=43167 rows=5525302 fwd_ms=444152.1 eval=0 prior=0
[inst] req=8445952 hits=2915384 fwd=43207 rows=5530422 fwd_ms=444551.0 eval=0 prior=0
[inst] req=8454144 hits=2918559 fwd=43246 rows=5535414 fwd_ms=444940.0 eval=0 prior=0
[inst] req=8462336 hits=2921673 fwd=43286 rows=5540534 fwd_ms=445338.5 eval=0 prior=0
[inst] req=8470528 hits=2924848 fwd=43325 rows=5545526 fwd_ms=445727.0 eval=0 prior=0
[inst] req=8478720 hits=2927903 fwd=43365 rows=5550646 fwd_ms=446126.0 eval=0 prior=0
[inst] req=8486912 hits=2931060 fwd=43404 rows=5555638 fwd_ms=446514.8 eval=0 prior=0
[inst] req=8495104 hits=2934216 fwd=43444 rows=5560758 fwd_ms=446914.6 eval=0 prior=0
[inst] req=8503296 hits=2937271 fwd=43484 rows=5565878 fwd_ms=447313.8 eval=0 prior=0
[inst] req=8511488 hits=2940383 fwd=43523 rows=5570870 fwd_ms=447702.4 eval=0 prior=0
[inst] req=8519680 hits=2943765 fwd=43561 rows=5575734 fwd_ms=448081.5 eval=0 prior=0
[inst] req=8527872 hits=2946913 fwd=43600 rows=5580726 fwd_ms=448471.2 eval=0 prior=0
[inst] req=8536064 hits=2949979 fwd=43640 rows=5585846 fwd_ms=448870.6 eval=0 prior=0
[inst] req=8544256 hits=2953152 fwd=43680 rows=5590966 fwd_ms=449268.9 eval=0 prior=0
[inst] req=8552448 hits=2956345 fwd=43719 rows=5595958 fwd_ms=449658.4 eval=0 prior=0
[inst] req=8560640 hits=2959361 fwd=43759 rows=5601078 fwd_ms=450057.8 eval=0 prior=0
[inst] req=8568832 hits=2962587 fwd=43798 rows=5606070 fwd_ms=450446.6 eval=0 prior=0
[inst] req=8577024 hits=2965821 fwd=43837 rows=5611062 fwd_ms=450835.3 eval=0 prior=0
[inst] req=8585216 hits=2968946 fwd=43876 rows=5616054 fwd_ms=451224.2 eval=0 prior=0
[inst] req=8593408 hits=2972134 fwd=43915 rows=5621046 fwd_ms=451612.7 eval=0 prior=0
[inst] req=8601600 hits=2975401 fwd=43954 rows=5626038 fwd_ms=452001.7 eval=0 prior=0
[inst] req=8609792 hits=2978636 fwd=43992 rows=5630902 fwd_ms=452381.0 eval=0 prior=0
[inst] req=8617984 hits=2981875 fwd=44031 rows=5635894 fwd_ms=452769.3 eval=0 prior=0
[inst] req=8626176 hits=2985042 fwd=44070 rows=5640886 fwd_ms=453158.2 eval=0 prior=0
[inst] req=8634368 hits=2988362 fwd=44108 rows=5645750 fwd_ms=453537.0 eval=0 prior=0
[inst] req=8642560 hits=2991543 fwd=44148 rows=5650870 fwd_ms=453935.5 eval=0 prior=0
[inst] req=8650752 hits=2994565 fwd=44188 rows=5655990 fwd_ms=454335.0 eval=0 prior=0
[inst] req=8658944 hits=2997607 fwd=44228 rows=5661110 fwd_ms=454734.2 eval=0 prior=0
[inst] req=8667136 hits=3000760 fwd=44268 rows=5666230 fwd_ms=455133.1 eval=0 prior=0
[inst] req=8675328 hits=3003924 fwd=44307 rows=5671222 fwd_ms=455522.2 eval=0 prior=0
[inst] req=8683520 hits=3007160 fwd=44346 rows=5676214 fwd_ms=455910.9 eval=0 prior=0
[inst] req=8691712 hits=3010349 fwd=44385 rows=5681206 fwd_ms=456299.5 eval=0 prior=0
[inst] req=8699904 hits=3013402 fwd=44425 rows=5686326 fwd_ms=456699.0 eval=0 prior=0
[inst] req=8708096 hits=3016613 fwd=44464 rows=5691318 fwd_ms=457088.2 eval=0 prior=0
[inst] req=8716288 hits=3019905 fwd=44502 rows=5696182 fwd_ms=457466.7 eval=0 prior=0
[inst] req=8724480 hits=3023190 fwd=44540 rows=5701046 fwd_ms=457846.0 eval=0 prior=0
[inst] req=8732672 hits=3026542 fwd=44578 rows=5705910 fwd_ms=458226.6 eval=0 prior=0
[inst] req=8740864 hits=3029633 fwd=44618 rows=5711030 fwd_ms=458625.5 eval=0 prior=0
[inst] req=8749056 hits=3032940 fwd=44656 rows=5715894 fwd_ms=459004.8 eval=0 prior=0
[inst] req=8757248 hits=3036119 fwd=44695 rows=5720886 fwd_ms=459394.2 eval=0 prior=0
[inst] req=8765440 hits=3039457 fwd=44733 rows=5725750 fwd_ms=459773.6 eval=0 prior=0
[inst] req=8773632 hits=3042885 fwd=44771 rows=5730614 fwd_ms=460155.1 eval=0 prior=0
[inst] req=8781824 hits=3046022 fwd=44810 rows=5735606 fwd_ms=460545.4 eval=0 prior=0
[inst] req=8790016 hits=3049356 fwd=44848 rows=5740470 fwd_ms=460927.3 eval=0 prior=0
[inst] req=8798208 hits=3052345 fwd=44889 rows=5745718 fwd_ms=461338.3 eval=0 prior=0
[inst] req=8806400 hits=3055692 fwd=44926 rows=5750454 fwd_ms=461709.2 eval=0 prior=0
[inst] req=8814592 hits=3058795 fwd=44966 rows=5755574 fwd_ms=462109.7 eval=0 prior=0
[inst] req=8822784 hits=3062042 fwd=45005 rows=5760566 fwd_ms=462499.1 eval=0 prior=0
[inst] req=8830976 hits=3065193 fwd=45044 rows=5765558 fwd_ms=462888.3 eval=0 prior=0
[inst] req=8839168 hits=3068390 fwd=45083 rows=5770550 fwd_ms=463277.4 eval=0 prior=0
[inst] req=8847360 hits=3071419 fwd=45124 rows=5775798 fwd_ms=463686.7 eval=0 prior=0
[inst] req=8855552 hits=3074523 fwd=45163 rows=5780790 fwd_ms=464076.0 eval=0 prior=0
[inst] req=8863744 hits=3077684 fwd=45203 rows=5785910 fwd_ms=465198.2 eval=0 prior=0
[inst] req=8871936 hits=3080393 fwd=45246 rows=5791414 fwd_ms=467875.0 eval=0 prior=0
[inst] req=8880128 hits=3083306 fwd=45287 rows=5796662 fwd_ms=470307.4 eval=0 prior=0
[inst] req=8888320 hits=3086389 fwd=45327 rows=5801782 fwd_ms=472540.9 eval=0 prior=0
[inst] req=8896512 hits=3089321 fwd=45368 rows=5807030 fwd_ms=474716.8 eval=0 prior=0
[inst] req=8904704 hits=3092289 fwd=45409 rows=5812278 fwd_ms=477364.6 eval=0 prior=0
[inst] req=8912896 hits=3095233 fwd=45450 rows=5817526 fwd_ms=478629.1 eval=0 prior=0
[inst] req=8921088 hits=3098365 fwd=45489 rows=5822518 fwd_ms=479036.1 eval=0 prior=0
[inst] req=8929280 hits=3099923 fwd=45541 rows=5829174 fwd_ms=479571.5 eval=0 prior=0
[inst] req=8937472 hits=3101965 fwd=45589 rows=5835318 fwd_ms=480051.1 eval=0 prior=0
[inst] req=8945664 hits=3104907 fwd=45630 rows=5840566 fwd_ms=480461.0 eval=0 prior=0
[inst] req=8953856 hits=3108386 fwd=45667 rows=5845302 fwd_ms=480831.3 eval=0 prior=0
[inst] req=8962048 hits=3111373 fwd=45707 rows=5850422 fwd_ms=481231.5 eval=0 prior=0
[inst] req=8970240 hits=3114453 fwd=45747 rows=5855542 fwd_ms=481631.7 eval=0 prior=0
[inst] req=8978432 hits=3117791 fwd=45785 rows=5860406 fwd_ms=482012.3 eval=0 prior=0
[inst] req=8986624 hits=3120956 fwd=45825 rows=5865526 fwd_ms=482414.5 eval=0 prior=0
[inst] req=8994816 hits=3124324 fwd=45862 rows=5870262 fwd_ms=482786.6 eval=0 prior=0
[inst] req=9003008 hits=3127525 fwd=45901 rows=5875254 fwd_ms=483177.5 eval=0 prior=0
[inst] req=9011200 hits=3130735 fwd=45940 rows=5880246 fwd_ms=483567.4 eval=0 prior=0
[inst] req=9019392 hits=3133943 fwd=45979 rows=5885238 fwd_ms=483957.5 eval=0 prior=0
[inst] req=9027584 hits=3137264 fwd=46017 rows=5890102 fwd_ms=484337.6 eval=0 prior=0
[inst] req=9035776 hits=3140547 fwd=46056 rows=5895094 fwd_ms=484727.9 eval=0 prior=0
[inst] req=9043968 hits=3143684 fwd=46095 rows=5900086 fwd_ms=485118.5 eval=0 prior=0
[inst] req=9052160 hits=3146791 fwd=46135 rows=5905206 fwd_ms=485519.6 eval=0 prior=0
[inst] req=9060352 hits=3149995 fwd=46174 rows=5910198 fwd_ms=485909.1 eval=0 prior=0
[inst] req=9068544 hits=3153238 fwd=46212 rows=5915062 fwd_ms=486288.8 eval=0 prior=0
[inst] req=9076736 hits=3156496 fwd=46251 rows=5920054 fwd_ms=486680.5 eval=0 prior=0
[inst] req=9084928 hits=3159662 fwd=46290 rows=5925046 fwd_ms=487070.4 eval=0 prior=0
[inst] req=9093120 hits=3162839 fwd=46329 rows=5930038 fwd_ms=487460.9 eval=0 prior=0
[inst] req=9101312 hits=3165954 fwd=46369 rows=5935158 fwd_ms=487860.1 eval=0 prior=0
[inst] req=9109504 hits=3169182 fwd=46408 rows=5940150 fwd_ms=488249.3 eval=0 prior=0
[inst] req=9117696 hits=3172627 fwd=46445 rows=5944886 fwd_ms=488618.9 eval=0 prior=0
[inst] req=9125888 hits=3175727 fwd=46485 rows=5950006 fwd_ms=489018.7 eval=0 prior=0
[inst] req=9134080 hits=3178863 fwd=46524 rows=5954998 fwd_ms=489408.3 eval=0 prior=0
[inst] req=9142272 hits=3182086 fwd=46563 rows=5959990 fwd_ms=489796.7 eval=0 prior=0
[inst] req=9150464 hits=3185323 fwd=46602 rows=5964982 fwd_ms=490185.3 eval=0 prior=0
[inst] req=9158656 hits=3188588 fwd=46640 rows=5969846 fwd_ms=490565.0 eval=0 prior=0
[inst] req=9166848 hits=3191973 fwd=46678 rows=5974710 fwd_ms=490943.7 eval=0 prior=0
[inst] req=9175040 hits=3195183 fwd=46717 rows=5979702 fwd_ms=491331.8 eval=0 prior=0
[inst] req=9183232 hits=3198566 fwd=46754 rows=5984438 fwd_ms=491700.6 eval=0 prior=0
[inst] req=9191424 hits=3201811 fwd=46793 rows=5989430 fwd_ms=492090.6 eval=0 prior=0
[inst] req=9199616 hits=3204964 fwd=46832 rows=5994422 fwd_ms=492481.9 eval=0 prior=0
[inst] req=9207808 hits=3208173 fwd=46871 rows=5999414 fwd_ms=492871.6 eval=0 prior=0
[inst] req=9216000 hits=3211471 fwd=46909 rows=6004278 fwd_ms=493250.1 eval=0 prior=0
[inst] req=9224192 hits=3214753 fwd=46948 rows=6009270 fwd_ms=493639.2 eval=0 prior=0
[inst] req=9232384 hits=3218160 fwd=46985 rows=6014006 fwd_ms=494007.7 eval=0 prior=0
[inst] req=9240576 hits=3221398 fwd=47024 rows=6018998 fwd_ms=494395.5 eval=0 prior=0
[inst] req=9248768 hits=3224824 fwd=47061 rows=6023734 fwd_ms=494764.3 eval=0 prior=0
[inst] req=9256960 hits=3228167 fwd=47099 rows=6028598 fwd_ms=495143.3 eval=0 prior=0
[inst] req=9265152 hits=3231592 fwd=47136 rows=6033334 fwd_ms=495511.9 eval=0 prior=0
[inst] req=9273344 hits=3234876 fwd=47175 rows=6038326 fwd_ms=495899.6 eval=0 prior=0
[inst] req=9281536 hits=3238095 fwd=47213 rows=6043190 fwd_ms=496277.4 eval=0 prior=0
[inst] req=9289728 hits=3241381 fwd=47252 rows=6048182 fwd_ms=496664.6 eval=0 prior=0
[inst] req=9297920 hits=3244677 fwd=47290 rows=6053046 fwd_ms=497042.2 eval=0 prior=0
[inst] req=9306112 hits=3248025 fwd=47328 rows=6057910 fwd_ms=497420.0 eval=0 prior=0
[inst] req=9314304 hits=3251257 fwd=47367 rows=6062902 fwd_ms=497806.9 eval=0 prior=0
[inst] req=9322496 hits=3254448 fwd=47406 rows=6067894 fwd_ms=498193.5 eval=0 prior=0
[inst] req=9330688 hits=3257939 fwd=47442 rows=6072502 fwd_ms=498551.4 eval=0 prior=0
[inst] req=9338880 hits=3261211 fwd=47481 rows=6077494 fwd_ms=498939.9 eval=0 prior=0
[inst] req=9347072 hits=3264379 fwd=47520 rows=6082486 fwd_ms=499327.1 eval=0 prior=0
[inst] req=9355264 hits=3267652 fwd=47559 rows=6087478 fwd_ms=499714.3 eval=0 prior=0
[inst] req=9363456 hits=3270848 fwd=47598 rows=6092470 fwd_ms=500100.5 eval=0 prior=0
[inst] req=9371648 hits=3274011 fwd=47637 rows=6097462 fwd_ms=500488.2 eval=0 prior=0
[inst] req=9379840 hits=3277179 fwd=47676 rows=6102454 fwd_ms=500876.5 eval=0 prior=0
[inst] req=9388032 hits=3280569 fwd=47714 rows=6107318 fwd_ms=501254.7 eval=0 prior=0
[inst] req=9396224 hits=3283865 fwd=47752 rows=6112182 fwd_ms=501632.4 eval=0 prior=0
[inst] req=9404416 hits=3287250 fwd=47789 rows=6116918 fwd_ms=502000.7 eval=0 prior=0
[inst] req=9412608 hits=3290455 fwd=47828 rows=6121910 fwd_ms=502389.0 eval=0 prior=0
[inst] req=9420800 hits=3293597 fwd=47868 rows=6127030 fwd_ms=502786.8 eval=0 prior=0
[inst] req=9428992 hits=3297128 fwd=47904 rows=6131638 fwd_ms=503146.6 eval=0 prior=0
[inst] req=9437184 hits=3300264 fwd=47944 rows=6136758 fwd_ms=503544.8 eval=0 prior=0
[inst] req=9445376 hits=3303730 fwd=47981 rows=6141494 fwd_ms=503913.2 eval=0 prior=0
[inst] req=9453568 hits=3306962 fwd=48019 rows=6146358 fwd_ms=504291.5 eval=0 prior=0
[inst] req=9461760 hits=3310212 fwd=48058 rows=6151350 fwd_ms=504679.9 eval=0 prior=0
[inst] req=9469952 hits=3313436 fwd=48097 rows=6156342 fwd_ms=505068.5 eval=0 prior=0
[inst] req=9478144 hits=3316753 fwd=48135 rows=6161206 fwd_ms=505447.3 eval=0 prior=0
[inst] req=9486336 hits=3320032 fwd=48173 rows=6166070 fwd_ms=505826.1 eval=0 prior=0
[inst] req=9494528 hits=3323338 fwd=48211 rows=6170934 fwd_ms=506204.5 eval=0 prior=0
[inst] req=9502720 hits=3326450 fwd=48251 rows=6176054 fwd_ms=506603.0 eval=0 prior=0
[inst] req=9510912 hits=3329902 fwd=48288 rows=6180790 fwd_ms=506972.6 eval=0 prior=0
[inst] req=9519104 hits=3333267 fwd=48326 rows=6185654 fwd_ms=507351.8 eval=0 prior=0
[inst] req=9527296 hits=3336429 fwd=48365 rows=6190646 fwd_ms=507741.2 eval=0 prior=0
[inst] req=9535488 hits=3339649 fwd=48404 rows=6195638 fwd_ms=508130.1 eval=0 prior=0
[inst] req=9543680 hits=3342714 fwd=48444 rows=6200758 fwd_ms=508529.0 eval=0 prior=0
[inst] req=9551872 hits=3346159 fwd=48481 rows=6205494 fwd_ms=508897.2 eval=0 prior=0
[inst] req=9560064 hits=3349370 fwd=48520 rows=6210486 fwd_ms=509285.6 eval=0 prior=0
[inst] req=9568256 hits=3352797 fwd=48557 rows=6215222 fwd_ms=509654.5 eval=0 prior=0
[inst] req=9576448 hits=3356056 fwd=48596 rows=6220214 fwd_ms=510042.9 eval=0 prior=0
[inst] req=9584640 hits=3359511 fwd=48633 rows=6224950 fwd_ms=510411.2 eval=0 prior=0
[inst] req=9592832 hits=3362852 fwd=48671 rows=6229814 fwd_ms=510789.5 eval=0 prior=0
[inst] req=9601024 hits=3366066 fwd=48710 rows=6234806 fwd_ms=511177.6 eval=0 prior=0
[inst] req=9609216 hits=3369421 fwd=48747 rows=6239542 fwd_ms=511546.1 eval=0 prior=0
[inst] req=9617408 hits=3372766 fwd=48785 rows=6244406 fwd_ms=511926.7 eval=0 prior=0
[inst] req=9625600 hits=3376070 fwd=48824 rows=6249398 fwd_ms=512314.8 eval=0 prior=0
[inst] req=9633792 hits=3379381 fwd=48862 rows=6254262 fwd_ms=512693.2 eval=0 prior=0
[inst] req=9641984 hits=3382605 fwd=48900 rows=6259126 fwd_ms=513071.3 eval=0 prior=0
[inst] req=9650176 hits=3385941 fwd=48938 rows=6263990 fwd_ms=513449.9 eval=0 prior=0
[inst] req=9658368 hits=3389436 fwd=48975 rows=6268726 fwd_ms=513818.5 eval=0 prior=0
[inst] req=9666560 hits=3392666 fwd=49014 rows=6273718 fwd_ms=514206.5 eval=0 prior=0
[inst] req=9674752 hits=3395976 fwd=49052 rows=6278582 fwd_ms=514585.2 eval=0 prior=0
[inst] req=9682944 hits=3399401 fwd=49089 rows=6283318 fwd_ms=514954.1 eval=0 prior=0
[inst] req=9691136 hits=3403000 fwd=49125 rows=6287926 fwd_ms=515312.5 eval=0 prior=0
[inst] req=9699328 hits=3406240 fwd=49164 rows=6292918 fwd_ms=515701.0 eval=0 prior=0
[inst] req=9707520 hits=3409561 fwd=49202 rows=6297782 fwd_ms=516079.3 eval=0 prior=0
[inst] req=9715712 hits=3412963 fwd=49239 rows=6302518 fwd_ms=516447.7 eval=0 prior=0
[inst] req=9723904 hits=3416176 fwd=49278 rows=6307510 fwd_ms=516836.1 eval=0 prior=0
[inst] req=9732096 hits=3419344 fwd=49317 rows=6312502 fwd_ms=517224.0 eval=0 prior=0
[inst] req=9740288 hits=3422704 fwd=49355 rows=6317366 fwd_ms=517602.7 eval=0 prior=0
[inst] req=9748480 hits=3426034 fwd=49393 rows=6322230 fwd_ms=517981.1 eval=0 prior=0
[inst] req=9756672 hits=3429311 fwd=49432 rows=6327222 fwd_ms=518369.8 eval=0 prior=0
[inst] req=9764864 hits=3432512 fwd=49471 rows=6332214 fwd_ms=518758.4 eval=0 prior=0
[inst] req=9773056 hits=3435764 fwd=49509 rows=6337078 fwd_ms=519137.5 eval=0 prior=0
[inst] req=9781248 hits=3439186 fwd=49546 rows=6341814 fwd_ms=519506.0 eval=0 prior=0
[inst] req=9789440 hits=3442364 fwd=49586 rows=6346934 fwd_ms=519904.2 eval=0 prior=0
[inst] req=9797632 hits=3445708 fwd=49623 rows=6351670 fwd_ms=520273.1 eval=0 prior=0
[inst] req=9805824 hits=3449160 fwd=49661 rows=6356534 fwd_ms=520651.7 eval=0 prior=0
[inst] req=9814016 hits=3452346 fwd=49700 rows=6361526 fwd_ms=521039.8 eval=0 prior=0
[inst] req=9822208 hits=3455777 fwd=49737 rows=6366262 fwd_ms=521408.3 eval=0 prior=0
[inst] req=9830400 hits=3459182 fwd=49774 rows=6370998 fwd_ms=521776.8 eval=0 prior=0
[inst] req=9838592 hits=3462496 fwd=49812 rows=6375862 fwd_ms=522155.8 eval=0 prior=0
[inst] req=9846784 hits=3465794 fwd=49851 rows=6380854 fwd_ms=522544.3 eval=0 prior=0
[inst] req=9854976 hits=3469116 fwd=49889 rows=6385718 fwd_ms=522923.0 eval=0 prior=0
[inst] req=9863168 hits=3472364 fwd=49927 rows=6390582 fwd_ms=523302.9 eval=0 prior=0
[inst] req=9871360 hits=3475713 fwd=49965 rows=6395446 fwd_ms=523681.8 eval=0 prior=0
[inst] req=9879552 hits=3478833 fwd=50005 rows=6400566 fwd_ms=524080.8 eval=0 prior=0
[inst] req=9887744 hits=3482351 fwd=50041 rows=6405174 fwd_ms=524439.5 eval=0 prior=0
[inst] req=9895936 hits=3485829 fwd=50078 rows=6409910 fwd_ms=524808.4 eval=0 prior=0
[inst] req=9904128 hits=3489056 fwd=50117 rows=6414902 fwd_ms=525196.8 eval=0 prior=0
[inst] req=9912320 hits=3492402 fwd=50155 rows=6419766 fwd_ms=525575.4 eval=0 prior=0
[inst] req=9920512 hits=3495784 fwd=50192 rows=6424502 fwd_ms=525944.2 eval=0 prior=0
[inst] req=9928704 hits=3499112 fwd=50230 rows=6429366 fwd_ms=526322.4 eval=0 prior=0
[inst] req=9936896 hits=3502359 fwd=50269 rows=6434358 fwd_ms=526710.8 eval=0 prior=0
[inst] req=9945088 hits=3505630 fwd=50307 rows=6439222 fwd_ms=527089.8 eval=0 prior=0
[inst] req=9953280 hits=3508932 fwd=50346 rows=6444214 fwd_ms=527478.4 eval=0 prior=0
[inst] req=9961472 hits=3512458 fwd=50382 rows=6448822 fwd_ms=527837.3 eval=0 prior=0
[inst] req=9969664 hits=3515838 fwd=50420 rows=6453686 fwd_ms=528216.3 eval=0 prior=0
[inst] req=9977856 hits=3519057 fwd=50458 rows=6458550 fwd_ms=528595.5 eval=0 prior=0
[inst] req=9986048 hits=3522312 fwd=50497 rows=6463542 fwd_ms=528984.3 eval=0 prior=0
[inst] req=9994240 hits=3525630 fwd=50535 rows=6468406 fwd_ms=529363.0 eval=0 prior=0
[inst] req=10002432 hits=3528951 fwd=50573 rows=6473270 fwd_ms=529742.1 eval=0 prior=0
[inst] req=10010624 hits=3532217 fwd=50612 rows=6478262 fwd_ms=530131.0 eval=0 prior=0
[inst] req=10018816 hits=3535536 fwd=50650 rows=6483126 fwd_ms=530509.6 eval=0 prior=0
[inst] req=10027008 hits=3538995 fwd=50687 rows=6487862 fwd_ms=530878.2 eval=0 prior=0
[inst] req=10035200 hits=3542506 fwd=50723 rows=6492470 fwd_ms=531236.9 eval=0 prior=0
[inst] req=10043392 hits=3545802 fwd=50761 rows=6497334 fwd_ms=531615.8 eval=0 prior=0
[inst] req=10051584 hits=3548877 fwd=50801 rows=6502454 fwd_ms=532015.3 eval=0 prior=0
[inst] req=10059776 hits=3552374 fwd=50838 rows=6507190 fwd_ms=532384.6 eval=0 prior=0
[inst] req=10067968 hits=3555921 fwd=50874 rows=6511798 fwd_ms=532742.9 eval=0 prior=0
[inst] req=10076160 hits=3559030 fwd=50914 rows=6516918 fwd_ms=533141.6 eval=0 prior=0
[inst] req=10084352 hits=3562174 fwd=50954 rows=6522038 fwd_ms=533540.0 eval=0 prior=0
[inst] req=10092544 hits=3565393 fwd=50992 rows=6526902 fwd_ms=533919.0 eval=0 prior=0
[inst] req=10100736 hits=3568694 fwd=51031 rows=6531894 fwd_ms=534307.2 eval=0 prior=0
[inst] req=10108928 hits=3572249 fwd=51067 rows=6536502 fwd_ms=534665.8 eval=0 prior=0
[inst] req=10117120 hits=3575566 fwd=51105 rows=6541366 fwd_ms=535045.1 eval=0 prior=0
[inst] req=10125312 hits=3578769 fwd=51144 rows=6546358 fwd_ms=535433.9 eval=0 prior=0
[inst] req=10133504 hits=3582093 fwd=51182 rows=6551222 fwd_ms=535813.0 eval=0 prior=0
[inst] req=10141696 hits=3585648 fwd=51218 rows=6555830 fwd_ms=536171.9 eval=0 prior=0
[inst] req=10149888 hits=3589087 fwd=51255 rows=6560566 fwd_ms=536540.8 eval=0 prior=0
[inst] req=10158080 hits=3592513 fwd=51293 rows=6565430 fwd_ms=536920.8 eval=0 prior=0
[inst] req=10166272 hits=3595703 fwd=51332 rows=6570422 fwd_ms=537310.4 eval=0 prior=0
[inst] req=10174464 hits=3599036 fwd=51370 rows=6575286 fwd_ms=537690.4 eval=0 prior=0
[inst] req=10182656 hits=3602244 fwd=51409 rows=6580278 fwd_ms=538079.1 eval=0 prior=0
[inst] req=10190848 hits=3605705 fwd=51446 rows=6585014 fwd_ms=538448.3 eval=0 prior=0
[inst] req=10199040 hits=3608951 fwd=51484 rows=6589878 fwd_ms=538827.3 eval=0 prior=0
[inst] req=10207232 hits=3612161 fwd=51523 rows=6594870 fwd_ms=539216.4 eval=0 prior=0
[inst] req=10215424 hits=3615783 fwd=51559 rows=6599478 fwd_ms=539575.4 eval=0 prior=0
[inst] req=10223616 hits=3619088 fwd=51597 rows=6604342 fwd_ms=539954.7 eval=0 prior=0
[inst] req=10231808 hits=3622429 fwd=51635 rows=6609206 fwd_ms=540334.4 eval=0 prior=0
[inst] req=10240000 hits=3625815 fwd=51672 rows=6613942 fwd_ms=540703.1 eval=0 prior=0
[inst] req=10248192 hits=3629050 fwd=51711 rows=6618934 fwd_ms=541091.7 eval=0 prior=0
[inst] req=10256384 hits=3632450 fwd=51749 rows=6623798 fwd_ms=541470.5 eval=0 prior=0
[inst] req=10264576 hits=3635738 fwd=51787 rows=6628662 fwd_ms=541849.4 eval=0 prior=0
[inst] req=10272768 hits=3638992 fwd=51825 rows=6633526 fwd_ms=542227.9 eval=0 prior=0
[inst] req=10280960 hits=3642372 fwd=51863 rows=6638390 fwd_ms=542607.1 eval=0 prior=0
[inst] req=10289152 hits=3645747 fwd=51901 rows=6643254 fwd_ms=542985.8 eval=0 prior=0
[inst] req=10297344 hits=3649033 fwd=51939 rows=6648118 fwd_ms=543364.6 eval=0 prior=0
[inst] req=10305536 hits=3652338 fwd=51977 rows=6652982 fwd_ms=543743.6 eval=0 prior=0
[inst] req=10313728 hits=3655804 fwd=52014 rows=6657718 fwd_ms=544112.6 eval=0 prior=0
[inst] req=10321920 hits=3659054 fwd=52053 rows=6662710 fwd_ms=544501.6 eval=0 prior=0
[inst] req=10330112 hits=3662684 fwd=52088 rows=6667190 fwd_ms=544851.0 eval=0 prior=0
[inst] req=10338304 hits=3666315 fwd=52124 rows=6671798 fwd_ms=545210.5 eval=0 prior=0
[inst] req=10346496 hits=3669836 fwd=52160 rows=6676406 fwd_ms=545569.7 eval=0 prior=0
[inst] req=10354688 hits=3673515 fwd=52196 rows=6681014 fwd_ms=545928.8 eval=0 prior=0
[inst] req=10362880 hits=3676896 fwd=52233 rows=6685750 fwd_ms=546297.8 eval=0 prior=0
[inst] req=10371072 hits=3680379 fwd=52270 rows=6690486 fwd_ms=546666.6 eval=0 prior=0
[inst] req=10379264 hits=3683795 fwd=52307 rows=6695222 fwd_ms=547035.8 eval=0 prior=0
[inst] req=10387456 hits=3687084 fwd=52346 rows=6700214 fwd_ms=547425.0 eval=0 prior=0
[inst] req=10395648 hits=3690468 fwd=52383 rows=6704950 fwd_ms=547793.8 eval=0 prior=0
[inst] req=10403840 hits=3693743 fwd=52422 rows=6709942 fwd_ms=548182.7 eval=0 prior=0
[inst] req=10412032 hits=3697201 fwd=52459 rows=6714678 fwd_ms=548552.1 eval=0 prior=0
[inst] req=10420224 hits=3700584 fwd=52496 rows=6719414 fwd_ms=548921.0 eval=0 prior=0
[inst] req=10428416 hits=3703816 fwd=52535 rows=6724406 fwd_ms=549309.8 eval=0 prior=0
[inst] req=10436608 hits=3707045 fwd=52574 rows=6729398 fwd_ms=549698.5 eval=0 prior=0
[inst] req=10444800 hits=3710412 fwd=52611 rows=6734134 fwd_ms=550067.5 eval=0 prior=0
[inst] req=10452992 hits=3714021 fwd=52647 rows=6738742 fwd_ms=550428.0 eval=0 prior=0
[inst] req=10461184 hits=3717450 fwd=52684 rows=6743478 fwd_ms=550798.3 eval=0 prior=0
[inst] req=10469376 hits=3720815 fwd=52722 rows=6748342 fwd_ms=551178.3 eval=0 prior=0
[inst] req=10477568 hits=3724052 fwd=52761 rows=6753334 fwd_ms=551569.7 eval=0 prior=0
[inst] req=10485760 hits=3727512 fwd=52798 rows=6758070 fwd_ms=551940.1 eval=0 prior=0
[inst] req=10493952 hits=3730915 fwd=52835 rows=6762806 fwd_ms=552310.1 eval=0 prior=0
[inst] req=10502144 hits=3734461 fwd=52872 rows=6767542 fwd_ms=552679.9 eval=0 prior=0
[inst] req=10510336 hits=3737791 fwd=52910 rows=6772406 fwd_ms=553058.9 eval=0 prior=0
[inst] req=10518528 hits=3740999 fwd=52949 rows=6777398 fwd_ms=553448.3 eval=0 prior=0
[inst] req=10526720 hits=3744442 fwd=52986 rows=6782134 fwd_ms=553818.1 eval=0 prior=0
[inst] req=10534912 hits=3747780 fwd=53024 rows=6786998 fwd_ms=554197.4 eval=0 prior=0
[inst] req=10543104 hits=3751103 fwd=53062 rows=6791862 fwd_ms=555361.9 eval=0 prior=0
[inst] req=10551296 hits=3754449 fwd=53099 rows=6796598 fwd_ms=557549.3 eval=0 prior=0
[inst] req=10559488 hits=3757893 fwd=53137 rows=6801462 fwd_ms=559888.4 eval=0 prior=0
[inst] req=10567680 hits=3761193 fwd=53175 rows=6806326 fwd_ms=562290.9 eval=0 prior=0
[inst] req=10575872 hits=3764510 fwd=53213 rows=6811190 fwd_ms=564555.2 eval=0 prior=0
[inst] req=10584064 hits=3767777 fwd=53251 rows=6816054 fwd_ms=566764.9 eval=0 prior=0
[inst] req=10592256 hits=3771125 fwd=53289 rows=6820918 fwd_ms=568534.6 eval=0 prior=0
[inst] req=10600448 hits=3774653 fwd=53326 rows=6825654 fwd_ms=568918.3 eval=0 prior=0
[inst] req=10608640 hits=3776861 fwd=53372 rows=6831542 fwd_ms=569397.3 eval=0 prior=0
[inst] req=10616832 hits=3778708 fwd=53422 rows=6837942 fwd_ms=569895.7 eval=0 prior=0
[inst] req=10625024 hits=3781583 fwd=53463 rows=6843190 fwd_ms=570304.7 eval=0 prior=0
[inst] req=10633216 hits=3785312 fwd=53498 rows=6847670 fwd_ms=570654.1 eval=0 prior=0
[inst] req=10641408 hits=3788992 fwd=53534 rows=6852278 fwd_ms=571013.9 eval=0 prior=0
[inst] req=10649600 hits=3792224 fwd=53572 rows=6857142 fwd_ms=571393.5 eval=0 prior=0
[inst] req=10657792 hits=3795632 fwd=53610 rows=6862006 fwd_ms=571772.9 eval=0 prior=0
[inst] req=10665984 hits=3799384 fwd=53644 rows=6866358 fwd_ms=572112.5 eval=0 prior=0
[inst] req=10674176 hits=3803087 fwd=53679 rows=6870838 fwd_ms=572461.6 eval=0 prior=0
[inst] req=10682368 hits=3806549 fwd=53716 rows=6875574 fwd_ms=572831.6 eval=0 prior=0
[inst] req=10690560 hits=3809727 fwd=53756 rows=6880694 fwd_ms=573232.2 eval=0 prior=0
[inst] req=10698752 hits=3813215 fwd=53792 rows=6885302 fwd_ms=573592.3 eval=0 prior=0
[inst] req=10706944 hits=3816915 fwd=53827 rows=6889782 fwd_ms=573942.1 eval=0 prior=0
[inst] req=10715136 hits=3820548 fwd=53863 rows=6894390 fwd_ms=574303.2 eval=0 prior=0
[inst] req=10723328 hits=3824060 fwd=53900 rows=6899126 fwd_ms=574673.1 eval=0 prior=0
[inst] req=10731520 hits=3827721 fwd=53935 rows=6903606 fwd_ms=575022.7 eval=0 prior=0
[inst] req=10739712 hits=3831403 fwd=53970 rows=6908086 fwd_ms=575372.4 eval=0 prior=0
[inst] req=10747904 hits=3834962 fwd=54006 rows=6912694 fwd_ms=575731.7 eval=0 prior=0
[inst] req=10756096 hits=3838539 fwd=54042 rows=6917302 fwd_ms=576091.1 eval=0 prior=0
[inst] req=10764288 hits=3842219 fwd=54078 rows=6921910 fwd_ms=576450.7 eval=0 prior=0
[inst] req=10772480 hits=3845619 fwd=54115 rows=6926646 fwd_ms=576820.2 eval=0 prior=0
[inst] req=10780672 hits=3849367 fwd=54150 rows=6931126 fwd_ms=577169.7 eval=0 prior=0
[inst] req=10788864 hits=3852912 fwd=54186 rows=6935734 fwd_ms=577529.4 eval=0 prior=0
[inst] req=10797056 hits=3856586 fwd=54221 rows=6940214 fwd_ms=577878.2 eval=0 prior=0
[inst] req=10805248 hits=3860164 fwd=54258 rows=6944950 fwd_ms=578247.3 eval=0 prior=0
[inst] req=10813440 hits=3863802 fwd=54293 rows=6949430 fwd_ms=578597.0 eval=0 prior=0
[inst] req=10821632 hits=3867426 fwd=54329 rows=6954038 fwd_ms=578955.5 eval=0 prior=0
[inst] req=10829824 hits=3870947 fwd=54365 rows=6958646 fwd_ms=579315.3 eval=0 prior=0
[inst] req=10838016 hits=3874304 fwd=54403 rows=6963510 fwd_ms=579693.5 eval=0 prior=0
[inst] req=10846208 hits=3877983 fwd=54438 rows=6967990 fwd_ms=580041.8 eval=0 prior=0
[inst] req=10854400 hits=3881666 fwd=54474 rows=6972598 fwd_ms=580400.8 eval=0 prior=0
[inst] req=10862592 hits=3885050 fwd=54511 rows=6977334 fwd_ms=580769.1 eval=0 prior=0
[inst] req=10870784 hits=3888679 fwd=54547 rows=6981942 fwd_ms=581126.9 eval=0 prior=0
[inst] req=10878976 hits=3892393 fwd=54582 rows=6986422 fwd_ms=581475.3 eval=0 prior=0
[inst] req=10887168 hits=3896138 fwd=54616 rows=6990774 fwd_ms=581813.7 eval=0 prior=0
[inst] req=10895360 hits=3899776 fwd=54652 rows=6995382 fwd_ms=582171.6 eval=0 prior=0
[inst] req=10903552 hits=3903344 fwd=54688 rows=6999990 fwd_ms=582529.8 eval=0 prior=0
[inst] req=10911744 hits=3906910 fwd=54724 rows=7004598 fwd_ms=582887.6 eval=0 prior=0
[inst] req=10919936 hits=3910667 fwd=54759 rows=7009078 fwd_ms=583236.6 eval=0 prior=0
[inst] req=10928128 hits=3914368 fwd=54794 rows=7013558 fwd_ms=583584.3 eval=0 prior=0
[inst] req=10936320 hits=3917951 fwd=54830 rows=7018166 fwd_ms=583942.6 eval=0 prior=0
[inst] req=10944512 hits=3921512 fwd=54866 rows=7022774 fwd_ms=584300.5 eval=0 prior=0
[inst] req=10952704 hits=3925087 fwd=54902 rows=7027382 fwd_ms=584658.0 eval=0 prior=0
[inst] req=10960896 hits=3928581 fwd=54939 rows=7032118 fwd_ms=585024.9 eval=0 prior=0
[inst] req=10969088 hits=3932307 fwd=54974 rows=7036598 fwd_ms=585372.4 eval=0 prior=0
[inst] req=10977280 hits=3935804 fwd=55011 rows=7041334 fwd_ms=585739.9 eval=0 prior=0
[inst] req=10985472 hits=3939453 fwd=55046 rows=7045814 fwd_ms=586087.4 eval=0 prior=0
[inst] req=10993664 hits=3943119 fwd=55081 rows=7050294 fwd_ms=586435.8 eval=0 prior=0
[inst] req=11001856 hits=3946589 fwd=55118 rows=7055030 fwd_ms=586802.8 eval=0 prior=0
[inst] req=11010048 hits=3950386 fwd=55153 rows=7059510 fwd_ms=587150.5 eval=0 prior=0
[inst] req=11018240 hits=3954144 fwd=55187 rows=7063862 fwd_ms=587487.9 eval=0 prior=0
[inst] req=11026432 hits=3957722 fwd=55223 rows=7068470 fwd_ms=587845.3 eval=0 prior=0
[inst] req=11034624 hits=3961355 fwd=55259 rows=7073078 fwd_ms=588202.1 eval=0 prior=0
[inst] req=11042816 hits=3965149 fwd=55293 rows=7077430 fwd_ms=588539.3 eval=0 prior=0
[inst] req=11051008 hits=3968836 fwd=55329 rows=7082038 fwd_ms=588897.0 eval=0 prior=0
[inst] req=11059200 hits=3972298 fwd=55365 rows=7086646 fwd_ms=589254.2 eval=0 prior=0
[inst] req=11067392 hits=3976408 fwd=55397 rows=7090742 fwd_ms=589572.1 eval=0 prior=0
[inst] req=11075584 hits=3980146 fwd=55432 rows=7095222 fwd_ms=589920.3 eval=0 prior=0
[inst] req=11083776 hits=3983744 fwd=55468 rows=7099830 fwd_ms=590278.0 eval=0 prior=0
[inst] req=11091968 hits=3987248 fwd=55505 rows=7104566 fwd_ms=590645.3 eval=0 prior=0
[inst] req=11100160 hits=3990825 fwd=55541 rows=7109174 fwd_ms=591003.0 eval=0 prior=0
[inst] req=11108352 hits=3994447 fwd=55576 rows=7113654 fwd_ms=591351.1 eval=0 prior=0
[inst] req=11116544 hits=3998115 fwd=55612 rows=7118262 fwd_ms=591708.8 eval=0 prior=0
[inst] req=11124736 hits=4001980 fwd=55646 rows=7122614 fwd_ms=592048.2 eval=0 prior=0
[inst] req=11132928 hits=4005524 fwd=55682 rows=7127222 fwd_ms=592405.8 eval=0 prior=0
[inst] req=11141120 hits=4009069 fwd=55718 rows=7131830 fwd_ms=592764.6 eval=0 prior=0
[inst] req=11149312 hits=4012778 fwd=55753 rows=7136310 fwd_ms=593113.1 eval=0 prior=0
[inst] req=11157504 hits=4016470 fwd=55788 rows=7140790 fwd_ms=593461.3 eval=0 prior=0
[inst] req=11165696 hits=4020357 fwd=55822 rows=7145142 fwd_ms=593800.0 eval=0 prior=0
[inst] req=11173888 hits=4023939 fwd=55858 rows=7149750 fwd_ms=594158.4 eval=0 prior=0
[inst] req=11182080 hits=4027641 fwd=55893 rows=7154230 fwd_ms=594506.5 eval=0 prior=0
[inst] req=11190272 hits=4031486 fwd=55927 rows=7158582 fwd_ms=594845.4 eval=0 prior=0
[inst] req=11198464 hits=4035340 fwd=55961 rows=7162934 fwd_ms=595184.8 eval=0 prior=0
[inst] req=11206656 hits=4038966 fwd=55997 rows=7167542 fwd_ms=595542.9 eval=0 prior=0
[inst] req=11214848 hits=4042289 fwd=56035 rows=7172406 fwd_ms=595920.9 eval=0 prior=0
[inst] req=11223040 hits=4045992 fwd=56070 rows=7176886 fwd_ms=596269.3 eval=0 prior=0
[inst] req=11231232 hits=4049871 fwd=56103 rows=7181110 fwd_ms=596597.8 eval=0 prior=0
[inst] req=11239424 hits=4053546 fwd=56139 rows=7185718 fwd_ms=596956.8 eval=0 prior=0
[inst] req=11247616 hits=4057224 fwd=56174 rows=7190198 fwd_ms=597306.4 eval=0 prior=0
[inst] req=11255808 hits=4060960 fwd=56209 rows=7194678 fwd_ms=597655.5 eval=0 prior=0
[inst] req=11264000 hits=4064584 fwd=56245 rows=7199286 fwd_ms=598014.1 eval=0 prior=0
[inst] req=11272192 hits=4068386 fwd=56279 rows=7203638 fwd_ms=598352.5 eval=0 prior=0
[inst] req=11280384 hits=4072040 fwd=56314 rows=7208118 fwd_ms=598700.9 eval=0 prior=0
[inst] req=11288576 hits=4075774 fwd=56349 rows=7212598 fwd_ms=599050.7 eval=0 prior=0
[inst] req=11296768 hits=4079407 fwd=56385 rows=7217206 fwd_ms=599410.2 eval=0 prior=0
[inst] req=11304960 hits=4083033 fwd=56420 rows=7221686 fwd_ms=599759.3 eval=0 prior=0
[inst] req=11313152 hits=4086694 fwd=56456 rows=7226294 fwd_ms=600118.2 eval=0 prior=0
[inst] req=11321344 hits=4090159 fwd=56493 rows=7231030 fwd_ms=600486.4 eval=0 prior=0
[inst] req=11329536 hits=4093878 fwd=56528 rows=7235510 fwd_ms=600834.7 eval=0 prior=0
[inst] req=11337728 hits=4097866 fwd=56560 rows=7239606 fwd_ms=601153.6 eval=0 prior=0
[inst] req=11345920 hits=4101729 fwd=56594 rows=7243958 fwd_ms=601493.3 eval=0 prior=0
[inst] req=11354112 hits=4105545 fwd=56629 rows=7248438 fwd_ms=601842.3 eval=0 prior=0
[inst] req=11362304 hits=4109021 fwd=56665 rows=7253046 fwd_ms=602200.9 eval=0 prior=0
[inst] req=11370496 hits=4112806 fwd=56700 rows=7257526 fwd_ms=602549.8 eval=0 prior=0
[inst] req=11378688 hits=4116495 fwd=56735 rows=7262006 fwd_ms=602899.1 eval=0 prior=0
[inst] req=11386880 hits=4120106 fwd=56771 rows=7266614 fwd_ms=603257.7 eval=0 prior=0
[inst] req=11395072 hits=4123688 fwd=56807 rows=7271222 fwd_ms=603616.5 eval=0 prior=0
[inst] req=11403264 hits=4127303 fwd=56843 rows=7275830 fwd_ms=603975.4 eval=0 prior=0
[inst] req=11411456 hits=4131006 fwd=56878 rows=7280310 fwd_ms=604324.3 eval=0 prior=0
[inst] req=11419648 hits=4134938 fwd=56911 rows=7284534 fwd_ms=604653.2 eval=0 prior=0
[inst] req=11427840 hits=4138555 fwd=56947 rows=7289142 fwd_ms=605011.9 eval=0 prior=0
[inst] req=11436032 hits=4142230 fwd=56982 rows=7293622 fwd_ms=605360.6 eval=0 prior=0
[inst] req=11444224 hits=4145888 fwd=57017 rows=7298102 fwd_ms=605709.8 eval=0 prior=0
[inst] req=11452416 hits=4149630 fwd=57052 rows=7302582 fwd_ms=606059.0 eval=0 prior=0
[inst] req=11460608 hits=4153210 fwd=57088 rows=7307190 fwd_ms=606418.2 eval=0 prior=0
[inst] req=11468800 hits=4156702 fwd=57125 rows=7311926 fwd_ms=606787.1 eval=0 prior=0
[inst] req=11476992 hits=4160323 fwd=57161 rows=7316534 fwd_ms=607146.6 eval=0 prior=0
[inst] req=11485184 hits=4164095 fwd=57195 rows=7320886 fwd_ms=607485.4 eval=0 prior=0
[inst] req=11493376 hits=4167695 fwd=57231 rows=7325494 fwd_ms=607844.8 eval=0 prior=0
[inst] req=11501568 hits=4171245 fwd=57267 rows=7330102 fwd_ms=608203.3 eval=0 prior=0
[inst] req=11509760 hits=4174692 fwd=57304 rows=7334838 fwd_ms=608572.1 eval=0 prior=0
[inst] req=11517952 hits=4178327 fwd=57340 rows=7339446 fwd_ms=608931.1 eval=0 prior=0
[inst] req=11526144 hits=4181954 fwd=57376 rows=7344054 fwd_ms=609291.1 eval=0 prior=0
[inst] req=11534336 hits=4185712 fwd=57410 rows=7348406 fwd_ms=609630.7 eval=0 prior=0
[inst] req=11542528 hits=4189396 fwd=57445 rows=7352886 fwd_ms=609980.7 eval=0 prior=0
[inst] req=11550720 hits=4192988 fwd=57481 rows=7357494 fwd_ms=610340.1 eval=0 prior=0
[inst] req=11558912 hits=4196587 fwd=57517 rows=7362102 fwd_ms=610701.1 eval=0 prior=0
[inst] req=11567104 hits=4200329 fwd=57552 rows=7366582 fwd_ms=611050.4 eval=0 prior=0
[inst] req=11575296 hits=4204239 fwd=57585 rows=7370806 fwd_ms=611380.5 eval=0 prior=0
[inst] req=11583488 hits=4208047 fwd=57620 rows=7375286 fwd_ms=611729.2 eval=0 prior=0
[inst] req=11591680 hits=4211522 fwd=57657 rows=7380022 fwd_ms=612098.6 eval=0 prior=0
[inst] req=11599872 hits=4215090 fwd=57693 rows=7384630 fwd_ms=612457.5 eval=0 prior=0
[inst] req=11608064 hits=4218918 fwd=57727 rows=7388982 fwd_ms=612796.8 eval=0 prior=0
[inst] req=11616256 hits=4222701 fwd=57761 rows=7393334 fwd_ms=613135.4 eval=0 prior=0
[inst] req=11624448 hits=4226301 fwd=57797 rows=7397942 fwd_ms=613493.7 eval=0 prior=0
[inst] req=11632640 hits=4229807 fwd=57834 rows=7402678 fwd_ms=613862.7 eval=0 prior=0
[inst] req=11640832 hits=4233407 fwd=57870 rows=7407286 fwd_ms=614221.6 eval=0 prior=0
[inst] req=11649024 hits=4237002 fwd=57905 rows=7411766 fwd_ms=614571.2 eval=0 prior=0
[inst] req=11657216 hits=4240878 fwd=57939 rows=7416118 fwd_ms=614910.6 eval=0 prior=0
[inst] req=11665408 hits=4244617 fwd=57974 rows=7420598 fwd_ms=615260.0 eval=0 prior=0
[inst] req=11673600 hits=4248329 fwd=58009 rows=7425078 fwd_ms=615609.1 eval=0 prior=0
[inst] req=11681792 hits=4251956 fwd=58045 rows=7429686 fwd_ms=615968.3 eval=0 prior=0
[inst] req=11689984 hits=4255596 fwd=58080 rows=7434166 fwd_ms=616317.1 eval=0 prior=0
[inst] req=11698176 hits=4259289 fwd=58115 rows=7438646 fwd_ms=616666.1 eval=0 prior=0
[inst] req=11706368 hits=4263073 fwd=58150 rows=7443126 fwd_ms=617015.3 eval=0 prior=0
[inst] req=11714560 hits=4266693 fwd=58186 rows=7447734 fwd_ms=617375.1 eval=0 prior=0
[inst] req=11722752 hits=4270291 fwd=58221 rows=7452214 fwd_ms=617725.1 eval=0 prior=0
[inst] req=11730944 hits=4274141 fwd=58255 rows=7456566 fwd_ms=618064.8 eval=0 prior=0
[inst] req=11739136 hits=4277779 fwd=58291 rows=7461174 fwd_ms=618424.1 eval=0 prior=0
[inst] req=11747328 hits=4281493 fwd=58326 rows=7465654 fwd_ms=618773.2 eval=0 prior=0
[inst] req=11755520 hits=4285130 fwd=58361 rows=7470134 fwd_ms=619122.2 eval=0 prior=0
[inst] req=11763712 hits=4288683 fwd=58398 rows=7474870 fwd_ms=619491.4 eval=0 prior=0
[inst] req=11771904 hits=4292534 fwd=58432 rows=7479222 fwd_ms=619831.0 eval=0 prior=0
[inst] req=11780096 hits=4296320 fwd=58466 rows=7483574 fwd_ms=620170.3 eval=0 prior=0
[inst] req=11788288 hits=4300044 fwd=58501 rows=7488054 fwd_ms=620520.2 eval=0 prior=0
[inst] req=11796480 hits=4303724 fwd=58536 rows=7492534 fwd_ms=620869.2 eval=0 prior=0
[inst] req=11804672 hits=4307467 fwd=58571 rows=7497014 fwd_ms=621218.6 eval=0 prior=0
[inst] req=11812864 hits=4311168 fwd=58606 rows=7501494 fwd_ms=621567.9 eval=0 prior=0
[inst] req=11821056 hits=4314748 fwd=58642 rows=7506102 fwd_ms=621926.9 eval=0 prior=0
[inst] req=11829248 hits=4318559 fwd=58676 rows=7510454 fwd_ms=622266.5 eval=0 prior=0
[inst] req=11837440 hits=4322213 fwd=58712 rows=7515062 fwd_ms=622625.7 eval=0 prior=0
[inst] req=11845632 hits=4325719 fwd=58748 rows=7519670 fwd_ms=622985.1 eval=0 prior=0
[inst] req=11853824 hits=4329294 fwd=58784 rows=7524278 fwd_ms=623344.2 eval=0 prior=0
[inst] req=11862016 hits=4333171 fwd=58818 rows=7528630 fwd_ms=623683.3 eval=0 prior=0
[inst] req=11870208 hits=4336831 fwd=58854 rows=7533238 fwd_ms=624042.4 eval=0 prior=0
[inst] req=11878400 hits=4340340 fwd=58890 rows=7537846 fwd_ms=624401.6 eval=0 prior=0
[inst] req=11886592 hits=4343930 fwd=58926 rows=7542454 fwd_ms=624761.8 eval=0 prior=0
[inst] req=11894784 hits=4347624 fwd=58961 rows=7546934 fwd_ms=625111.1 eval=0 prior=0
[inst] req=11902976 hits=4351178 fwd=58997 rows=7551542 fwd_ms=625471.0 eval=0 prior=0
[inst] req=11911168 hits=4354891 fwd=59032 rows=7556022 fwd_ms=625820.5 eval=0 prior=0
[inst] req=11919360 hits=4358503 fwd=59068 rows=7560630 fwd_ms=626179.3 eval=0 prior=0
[inst] req=11927552 hits=4362289 fwd=59103 rows=7565110 fwd_ms=626528.4 eval=0 prior=0
[inst] req=11935744 hits=4366135 fwd=59137 rows=7569462 fwd_ms=626867.7 eval=0 prior=0
[inst] req=11943936 hits=4369785 fwd=59172 rows=7573942 fwd_ms=627216.5 eval=0 prior=0
[inst] req=11952128 hits=4373345 fwd=59208 rows=7578550 fwd_ms=627575.4 eval=0 prior=0
[inst] req=11960320 hits=4377137 fwd=59243 rows=7583030 fwd_ms=627926.2 eval=0 prior=0
[inst] req=11968512 hits=4380827 fwd=59278 rows=7587510 fwd_ms=628275.8 eval=0 prior=0
[inst] req=11976704 hits=4384447 fwd=59314 rows=7592118 fwd_ms=628635.2 eval=0 prior=0
[inst] req=11984896 hits=4388085 fwd=59349 rows=7596598 fwd_ms=628985.6 eval=0 prior=0
[inst] req=11993088 hits=4391779 fwd=59384 rows=7601078 fwd_ms=629335.4 eval=0 prior=0
[inst] req=12001280 hits=4395378 fwd=59420 rows=7605686 fwd_ms=629695.2 eval=0 prior=0
[inst] req=12009472 hits=4399290 fwd=59454 rows=7610038 fwd_ms=630034.8 eval=0 prior=0
[inst] req=12017664 hits=4403137 fwd=59488 rows=7614390 fwd_ms=630374.2 eval=0 prior=0
[inst] req=12025856 hits=4406915 fwd=59522 rows=7618742 fwd_ms=630715.1 eval=0 prior=0
[inst] req=12034048 hits=4410471 fwd=59558 rows=7623350 fwd_ms=631075.7 eval=0 prior=0
[inst] req=12042240 hits=4414318 fwd=59592 rows=7627702 fwd_ms=631416.0 eval=0 prior=0
[inst] req=12050432 hits=4418156 fwd=59626 rows=7632054 fwd_ms=631757.5 eval=0 prior=0
[inst] req=12058624 hits=4421820 fwd=59662 rows=7636662 fwd_ms=632120.5 eval=0 prior=0
[inst] req=12066816 hits=4425522 fwd=59697 rows=7641142 fwd_ms=632471.5 eval=0 prior=0
[inst] req=12075008 hits=4429271 fwd=59731 rows=7645494 fwd_ms=632812.9 eval=0 prior=0
[inst] req=12083200 hits=4433009 fwd=59766 rows=7649974 fwd_ms=633162.5 eval=0 prior=0
[inst] req=12091392 hits=4436676 fwd=59802 rows=7654582 fwd_ms=633521.7 eval=0 prior=0
[inst] req=12099584 hits=4440162 fwd=59838 rows=7659190 fwd_ms=633881.1 eval=0 prior=0
[inst] req=12107776 hits=4443986 fwd=59872 rows=7663542 fwd_ms=634220.8 eval=0 prior=0
[inst] req=12115968 hits=4447582 fwd=59908 rows=7668150 fwd_ms=634580.1 eval=0 prior=0
[inst] req=12124160 hits=4451193 fwd=59944 rows=7672758 fwd_ms=635714.2 eval=0 prior=0
[inst] req=12132352 hits=4454968 fwd=59979 rows=7677238 fwd_ms=637699.3 eval=0 prior=0
[inst] req=12140544 hits=4458668 fwd=60014 rows=7681718 fwd_ms=639804.5 eval=0 prior=0
[inst] req=12148736 hits=4462231 fwd=60050 rows=7686326 fwd_ms=641797.3 eval=0 prior=0
[inst] req=12156928 hits=4466141 fwd=60083 rows=7690550 fwd_ms=643764.4 eval=0 prior=0
[inst] req=12165120 hits=4469557 fwd=60121 rows=7695414 fwd_ms=645816.0 eval=0 prior=0
[inst] req=12173312 hits=4473176 fwd=60156 rows=7699894 fwd_ms=647788.4 eval=0 prior=0
[inst] req=12181504 hits=4476896 fwd=60191 rows=7704374 fwd_ms=648996.9 eval=0 prior=0
[inst] req=12189696 hits=4480327 fwd=60229 rows=7709238 fwd_ms=649392.5 eval=0 prior=0
[inst] req=12197888 hits=4481940 fwd=60280 rows=7715766 fwd_ms=649915.6 eval=0 prior=0
[inst] req=12206080 hits=4484248 fwd=60326 rows=7721654 fwd_ms=650373.8 eval=0 prior=0
[inst] req=12214272 hits=4487557 fwd=60364 rows=7726518 fwd_ms=650752.5 eval=0 prior=0
[inst] req=12222464 hits=4491206 fwd=60400 rows=7731126 fwd_ms=651112.2 eval=0 prior=0
[inst] req=12230656 hits=4494267 fwd=60440 rows=7736246 fwd_ms=651511.1 eval=0 prior=0
[inst] req=12238848 hits=4497312 fwd=60480 rows=7741366 fwd_ms=651910.4 eval=0 prior=0
[inst] req=12247040 hits=4501054 fwd=60515 rows=7745846 fwd_ms=652261.2 eval=0 prior=0
[inst] req=12255232 hits=4504666 fwd=60550 rows=7750326 fwd_ms=652611.0 eval=0 prior=0
[inst] req=12263424 hits=4508181 fwd=60587 rows=7755062 fwd_ms=652981.2 eval=0 prior=0
[inst] req=12271616 hits=4511310 fwd=60626 rows=7760054 fwd_ms=653370.4 eval=0 prior=0
[inst] req=12279808 hits=4514496 fwd=60666 rows=7765174 fwd_ms=653769.4 eval=0 prior=0
[inst] req=12288000 hits=4518090 fwd=60701 rows=7769654 fwd_ms=654119.3 eval=0 prior=0
[inst] req=12296192 hits=4521653 fwd=60738 rows=7774390 fwd_ms=654488.1 eval=0 prior=0
[inst] req=12304384 hits=4525380 fwd=60773 rows=7778870 fwd_ms=654837.1 eval=0 prior=0
[inst] req=12312576 hits=4528672 fwd=60811 rows=7783734 fwd_ms=655215.8 eval=0 prior=0
[inst] req=12320768 hits=4532200 fwd=60847 rows=7788342 fwd_ms=655575.1 eval=0 prior=0
[inst] req=12328960 hits=4535685 fwd=60884 rows=7793078 fwd_ms=655944.8 eval=0 prior=0
[inst] req=12337152 hits=4539290 fwd=60920 rows=7797686 fwd_ms=656304.1 eval=0 prior=0
[inst] req=12345344 hits=4542740 fwd=60957 rows=7802422 fwd_ms=656673.6 eval=0 prior=0
[inst] req=12353536 hits=4546128 fwd=60994 rows=7807158 fwd_ms=657042.6 eval=0 prior=0
[inst] req=12361728 hits=4549405 fwd=61033 rows=7812150 fwd_ms=657431.6 eval=0 prior=0
[inst] req=12369920 hits=4553082 fwd=61068 rows=7816630 fwd_ms=657781.9 eval=0 prior=0
[inst] req=12378112 hits=4556571 fwd=61105 rows=7821366 fwd_ms=658150.8 eval=0 prior=0
[inst] req=12386304 hits=4560037 fwd=61142 rows=7826102 fwd_ms=658519.6 eval=0 prior=0
[inst] req=12394496 hits=4563541 fwd=61178 rows=7830710 fwd_ms=658880.5 eval=0 prior=0
[inst] req=12402688 hits=4567133 fwd=61214 rows=7835318 fwd_ms=659239.3 eval=0 prior=0
[inst] req=12410880 hits=4570314 fwd=61253 rows=7840310 fwd_ms=659628.0 eval=0 prior=0
[inst] req=12419072 hits=4573846 fwd=61290 rows=7845046 fwd_ms=659998.3 eval=0 prior=0
[inst] req=12427264 hits=4577205 fwd=61328 rows=7849910 fwd_ms=660379.4 eval=0 prior=0
[inst] req=12435456 hits=4580757 fwd=61364 rows=7854518 fwd_ms=660738.3 eval=0 prior=0
[inst] req=12443648 hits=4584423 fwd=61399 rows=7858998 fwd_ms=661089.1 eval=0 prior=0
[inst] req=12451840 hits=4587689 fwd=61438 rows=7863990 fwd_ms=661477.0 eval=0 prior=0
[inst] req=12460032 hits=4591392 fwd=61473 rows=7868470 fwd_ms=661826.1 eval=0 prior=0
[inst] req=12468224 hits=4594710 fwd=61511 rows=7873334 fwd_ms=662204.9 eval=0 prior=0
[inst] req=12476416 hits=4598298 fwd=61547 rows=7877942 fwd_ms=662563.1 eval=0 prior=0
[inst] req=12484608 hits=4601805 fwd=61583 rows=7882550 fwd_ms=662921.7 eval=0 prior=0
[inst] req=12492800 hits=4605066 fwd=61622 rows=7887542 fwd_ms=663310.0 eval=0 prior=0
[inst] req=12500992 hits=4608664 fwd=61658 rows=7892150 fwd_ms=663668.9 eval=0 prior=0
[inst] req=12509184 hits=4612100 fwd=61695 rows=7896886 fwd_ms=664038.2 eval=0 prior=0
[inst] req=12517376 hits=4615462 fwd=61733 rows=7901750 fwd_ms=664416.7 eval=0 prior=0
[inst] req=12525568 hits=4618961 fwd=61769 rows=7906358 fwd_ms=664776.0 eval=0 prior=0
[inst] req=12533760 hits=4622567 fwd=61805 rows=7910966 fwd_ms=665135.3 eval=0 prior=0
[inst] req=12541952 hits=4625983 fwd=61843 rows=7915830 fwd_ms=665514.0 eval=0 prior=0
[inst] req=12550144 hits=4629478 fwd=61879 rows=7920438 fwd_ms=665873.6 eval=0 prior=0
[inst] req=12558336 hits=4633028 fwd=61916 rows=7925174 fwd_ms=666241.4 eval=0 prior=0
[inst] req=12566528 hits=4636392 fwd=61953 rows=7929910 fwd_ms=666609.6 eval=0 prior=0
[inst] req=12574720 hits=4639736 fwd=61991 rows=7934774 fwd_ms=666988.1 eval=0 prior=0
[inst] req=12582912 hits=4643272 fwd=62028 rows=7939510 fwd_ms=667357.3 eval=0 prior=0
[inst] req=12591104 hits=4646701 fwd=62065 rows=7944246 fwd_ms=667726.5 eval=0 prior=0
[inst] req=12599296 hits=4650230 fwd=62101 rows=7948854 fwd_ms=668084.5 eval=0 prior=0
[inst] req=12607488 hits=4653715 fwd=62138 rows=7953590 fwd_ms=668453.5 eval=0 prior=0
[inst] req=12615680 hits=4657099 fwd=62175 rows=7958326 fwd_ms=668821.7 eval=0 prior=0
[inst] req=12623872 hits=4660498 fwd=62213 rows=7963190 fwd_ms=669200.2 eval=0 prior=0
[inst] req=12632064 hits=4663834 fwd=62251 rows=7968054 fwd_ms=669578.6 eval=0 prior=0
[inst] req=12640256 hits=4667566 fwd=62286 rows=7972534 fwd_ms=669928.1 eval=0 prior=0
[inst] req=12648448 hits=4670991 fwd=62323 rows=7977270 fwd_ms=670298.0 eval=0 prior=0
[inst] req=12656640 hits=4674386 fwd=62360 rows=7982006 fwd_ms=670668.3 eval=0 prior=0
[inst] req=12664832 hits=4677629 fwd=62399 rows=7986998 fwd_ms=671057.4 eval=0 prior=0
[inst] req=12673024 hits=4681242 fwd=62435 rows=7991606 fwd_ms=671416.7 eval=0 prior=0
[inst] req=12681216 hits=4684855 fwd=62471 rows=7996214 fwd_ms=671776.5 eval=0 prior=0
[inst] req=12689408 hits=4688207 fwd=62508 rows=8000950 fwd_ms=672145.8 eval=0 prior=0
[inst] req=12697600 hits=4691658 fwd=62545 rows=8005686 fwd_ms=672515.6 eval=0 prior=0
[inst] req=12705792 hits=4695164 fwd=62582 rows=8010422 fwd_ms=672884.7 eval=0 prior=0
[inst] req=12713984 hits=4698591 fwd=62619 rows=8015158 fwd_ms=673253.8 eval=0 prior=0
[inst] req=12722176 hits=4702063 fwd=62656 rows=8019894 fwd_ms=673622.4 eval=0 prior=0
[inst] req=12730368 hits=4705628 fwd=62692 rows=8024502 fwd_ms=673981.1 eval=0 prior=0
[inst] req=12738560 hits=4709216 fwd=62728 rows=8029110 fwd_ms=674340.4 eval=0 prior=0
[inst] req=12746752 hits=4712635 fwd=62766 rows=8033974 fwd_ms=674719.7 eval=0 prior=0
[inst] req=12754944 hits=4715971 fwd=62804 rows=8038838 fwd_ms=675098.7 eval=0 prior=0
[inst] req=12763136 hits=4719697 fwd=62838 rows=8043190 fwd_ms=675438.5 eval=0 prior=0
[inst] req=12771328 hits=4723296 fwd=62874 rows=8047798 fwd_ms=675797.8 eval=0 prior=0
[inst] req=12779520 hits=4726676 fwd=62912 rows=8052662 fwd_ms=676177.7 eval=0 prior=0
[inst] req=12787712 hits=4729971 fwd=62950 rows=8057526 fwd_ms=676556.8 eval=0 prior=0
[inst] req=12795904 hits=4733428 fwd=62987 rows=8062262 fwd_ms=676927.3 eval=0 prior=0
[inst] req=12804096 hits=4736961 fwd=63024 rows=8066998 fwd_ms=677297.3 eval=0 prior=0
[inst] req=12812288 hits=4740566 fwd=63059 rows=8071478 fwd_ms=677648.0 eval=0 prior=0
[inst] req=12820480 hits=4743865 fwd=63098 rows=8076470 fwd_ms=678037.7 eval=0 prior=0
[inst] req=12828672 hits=4747488 fwd=63133 rows=8080950 fwd_ms=678386.8 eval=0 prior=0
[inst] req=12836864 hits=4750714 fwd=63172 rows=8085942 fwd_ms=678775.6 eval=0 prior=0
[inst] req=12845056 hits=4754121 fwd=63210 rows=8090806 fwd_ms=679155.1 eval=0 prior=0
[inst] req=12853248 hits=4757848 fwd=63244 rows=8095158 fwd_ms=679494.5 eval=0 prior=0
[inst] req=12861440 hits=4761302 fwd=63281 rows=8099894 fwd_ms=679863.5 eval=0 prior=0
[inst] req=12869632 hits=4764663 fwd=63319 rows=8104758 fwd_ms=680242.7 eval=0 prior=0
[inst] req=12877824 hits=4768163 fwd=63356 rows=8109494 fwd_ms=680612.7 eval=0 prior=0
[inst] req=12886016 hits=4771569 fwd=63393 rows=8114230 fwd_ms=680981.5 eval=0 prior=0
[inst] req=12894208 hits=4775127 fwd=63429 rows=8118838 fwd_ms=681340.5 eval=0 prior=0
[inst] req=12902400 hits=4778443 fwd=63467 rows=8123702 fwd_ms=681719.8 eval=0 prior=0
[inst] req=12910592 hits=4781870 fwd=63505 rows=8128566 fwd_ms=682098.7 eval=0 prior=0
[inst] req=12918784 hits=4785314 fwd=63542 rows=8133302 fwd_ms=682467.6 eval=0 prior=0
[inst] req=12926976 hits=4788743 fwd=63579 rows=8138038 fwd_ms=682837.5 eval=0 prior=0
[inst] req=12935168 hits=4792289 fwd=63615 rows=8142646 fwd_ms=683197.1 eval=0 prior=0
[inst] req=12943360 hits=4795748 fwd=63652 rows=8147382 fwd_ms=683566.2 eval=0 prior=0
[inst] req=12951552 hits=4799064 fwd=63690 rows=8152246 fwd_ms=683945.1 eval=0 prior=0
[inst] req=12959744 hits=4802634 fwd=63726 rows=8156854 fwd_ms=684304.1 eval=0 prior=0
[inst] req=12967936 hits=4806033 fwd=63764 rows=8161718 fwd_ms=684683.5 eval=0 prior=0
[inst] req=12976128 hits=4809256 fwd=63803 rows=8166710 fwd_ms=685072.8 eval=0 prior=0
[inst] req=12984320 hits=4812771 fwd=63839 rows=8171318 fwd_ms=685432.4 eval=0 prior=0
[inst] req=12992512 hits=4816172 fwd=63877 rows=8176182 fwd_ms=685811.4 eval=0 prior=0
[inst] req=13000704 hits=4819510 fwd=63915 rows=8181046 fwd_ms=686190.8 eval=0 prior=0
[inst] req=13008896 hits=4822974 fwd=63952 rows=8185782 fwd_ms=686559.8 eval=0 prior=0
[inst] req=13017088 hits=4826631 fwd=63987 rows=8190262 fwd_ms=686909.0 eval=0 prior=0
[inst] req=13025280 hits=4829900 fwd=64025 rows=8195126 fwd_ms=687288.6 eval=0 prior=0
[inst] req=13033472 hits=4833390 fwd=64062 rows=8199862 fwd_ms=687658.3 eval=0 prior=0
[inst] req=13041664 hits=4836744 fwd=64100 rows=8204726 fwd_ms=688037.7 eval=0 prior=0
[inst] req=13049856 hits=4840256 fwd=64137 rows=8209462 fwd_ms=688408.0 eval=0 prior=0
[inst] req=13058048 hits=4843843 fwd=64173 rows=8214070 fwd_ms=688767.2 eval=0 prior=0
[inst] req=13066240 hits=4847196 fwd=64210 rows=8218806 fwd_ms=689136.4 eval=0 prior=0
[inst] req=13074432 hits=4850517 fwd=64248 rows=8223670 fwd_ms=689516.0 eval=0 prior=0
[inst] req=13082624 hits=4854000 fwd=64285 rows=8228406 fwd_ms=689886.2 eval=0 prior=0
[inst] req=13090816 hits=4857522 fwd=64322 rows=8233142 fwd_ms=690256.0 eval=0 prior=0
[inst] req=13099008 hits=4860957 fwd=64359 rows=8237878 fwd_ms=690624.9 eval=0 prior=0
[inst] req=13107200 hits=4864491 fwd=64395 rows=8242486 fwd_ms=690984.9 eval=0 prior=0
[inst] req=13115392 hits=4867887 fwd=64433 rows=8247350 fwd_ms=691364.1 eval=0 prior=0
[inst] req=13123584 hits=4871371 fwd=64469 rows=8251958 fwd_ms=691723.7 eval=0 prior=0
[inst] req=13131776 hits=4874777 fwd=64507 rows=8256822 fwd_ms=692103.2 eval=0 prior=0
[inst] req=13139968 hits=4878289 fwd=64543 rows=8261430 fwd_ms=692462.7 eval=0 prior=0
[inst] req=13148160 hits=4881723 fwd=64581 rows=8266294 fwd_ms=692842.5 eval=0 prior=0
[inst] req=13156352 hits=4885068 fwd=64618 rows=8271030 fwd_ms=693211.9 eval=0 prior=0
[inst] req=13164544 hits=4888725 fwd=64654 rows=8275638 fwd_ms=693571.5 eval=0 prior=0
[inst] req=13172736 hits=4892370 fwd=64689 rows=8280118 fwd_ms=693920.6 eval=0 prior=0
[inst] req=13180928 hits=4895713 fwd=64727 rows=8284982 fwd_ms=694300.0 eval=0 prior=0
[inst] req=13189120 hits=4899395 fwd=64763 rows=8289590 fwd_ms=694660.0 eval=0 prior=0
[inst] req=13197312 hits=4902762 fwd=64800 rows=8294326 fwd_ms=695030.1 eval=0 prior=0
[inst] req=13205504 hits=4906189 fwd=64837 rows=8299062 fwd_ms=695399.2 eval=0 prior=0
[inst] req=13213696 hits=4909747 fwd=64874 rows=8303798 fwd_ms=695768.6 eval=0 prior=0
[inst] req=13221888 hits=4913126 fwd=64911 rows=8308534 fwd_ms=696138.1 eval=0 prior=0
[inst] req=13230080 hits=4916647 fwd=64948 rows=8313270 fwd_ms=696507.8 eval=0 prior=0
[inst] req=13238272 hits=4920183 fwd=64984 rows=8317878 fwd_ms=696868.7 eval=0 prior=0
[inst] req=13246464 hits=4923564 fwd=65022 rows=8322742 fwd_ms=697248.3 eval=0 prior=0
[inst] req=13254656 hits=4927103 fwd=65058 rows=8327350 fwd_ms=697607.7 eval=0 prior=0
[inst] req=13262848 hits=4930661 fwd=65094 rows=8331958 fwd_ms=697966.5 eval=0 prior=0
[inst] req=13271040 hits=4933967 fwd=65132 rows=8336822 fwd_ms=698345.5 eval=0 prior=0
[inst] req=13279232 hits=4937520 fwd=65169 rows=8341558 fwd_ms=698718.8 eval=0 prior=0
[inst] req=13287424 hits=4940871 fwd=65207 rows=8346422 fwd_ms=699097.8 eval=0 prior=0
[inst] req=13295616 hits=4944091 fwd=65245 rows=8351286 fwd_ms=699477.3 eval=0 prior=0
[inst] req=13303808 hits=4947275 fwd=65284 rows=8356278 fwd_ms=699866.2 eval=0 prior=0
[inst] req=13312000 hits=4950957 fwd=65320 rows=8360886 fwd_ms=700225.8 eval=0 prior=0
[inst] req=13320192 hits=4954330 fwd=65357 rows=8365622 fwd_ms=700595.1 eval=0 prior=0
[inst] req=13328384 hits=4957863 fwd=65394 rows=8370358 fwd_ms=700964.6 eval=0 prior=0
[inst] req=13336576 hits=4961201 fwd=65432 rows=8375222 fwd_ms=701344.1 eval=0 prior=0
[inst] req=13344768 hits=4964654 fwd=65469 rows=8379958 fwd_ms=701714.2 eval=0 prior=0
[inst] req=13352960 hits=4968115 fwd=65506 rows=8384694 fwd_ms=702083.7 eval=0 prior=0
[inst] req=13361152 hits=4971851 fwd=65540 rows=8389046 fwd_ms=702423.2 eval=0 prior=0
[inst] req=13369344 hits=4975525 fwd=65576 rows=8393654 fwd_ms=702782.9 eval=0 prior=0
[inst] req=13377536 hits=4978977 fwd=65613 rows=8398390 fwd_ms=703152.4 eval=0 prior=0
[inst] req=13385728 hits=4982441 fwd=65650 rows=8403126 fwd_ms=703523.8 eval=0 prior=0
[inst] req=13393920 hits=4985836 fwd=65687 rows=8407862 fwd_ms=703893.1 eval=0 prior=0
[inst] req=13402112 hits=4989283 fwd=65724 rows=8412598 fwd_ms=704262.7 eval=0 prior=0
[inst] req=13410304 hits=4992830 fwd=65761 rows=8417334 fwd_ms=704633.0 eval=0 prior=0
[inst] req=13418496 hits=4996478 fwd=65796 rows=8421814 fwd_ms=704982.7 eval=0 prior=0
[inst] req=13426688 hits=4999809 fwd=65834 rows=8426678 fwd_ms=705362.1 eval=0 prior=0
[inst] req=13434880 hits=5003211 fwd=65871 rows=8431414 fwd_ms=705731.6 eval=0 prior=0
[inst] req=13443072 hits=5006735 fwd=65908 rows=8436150 fwd_ms=706101.9 eval=0 prior=0
[inst] req=13451264 hits=5010441 fwd=65943 rows=8440630 fwd_ms=706451.9 eval=0 prior=0
[inst] req=13459456 hits=5013874 fwd=65980 rows=8445366 fwd_ms=706820.9 eval=0 prior=0
[inst] req=13467648 hits=5017246 fwd=66018 rows=8450230 fwd_ms=707201.0 eval=0 prior=0
[inst] req=13475840 hits=5020750 fwd=66054 rows=8454838 fwd_ms=707560.3 eval=0 prior=0
[inst] req=13484032 hits=5024075 fwd=66092 rows=8459702 fwd_ms=707939.7 eval=0 prior=0
[inst] req=13492224 hits=5027612 fwd=66129 rows=8464438 fwd_ms=708309.6 eval=0 prior=0
[inst] req=13500416 hits=5031159 fwd=66165 rows=8469046 fwd_ms=708669.1 eval=0 prior=0
[inst] req=13508608 hits=5034631 fwd=66202 rows=8473782 fwd_ms=709038.6 eval=0 prior=0
[inst] req=13516800 hits=5038165 fwd=66238 rows=8478390 fwd_ms=709398.0 eval=0 prior=0
[inst] req=13524992 hits=5041607 fwd=66276 rows=8483254 fwd_ms=709777.1 eval=0 prior=0
[inst] req=13533184 hits=5045114 fwd=66312 rows=8487862 fwd_ms=710137.0 eval=0 prior=0
[inst] req=13541376 hits=5048752 fwd=66348 rows=8492470 fwd_ms=710496.8 eval=0 prior=0
[inst] req=13549568 hits=5052280 fwd=66384 rows=8497078 fwd_ms=710856.3 eval=0 prior=0
[inst] req=13557760 hits=5055700 fwd=66421 rows=8501814 fwd_ms=711225.8 eval=0 prior=0
[inst] req=13565952 hits=5059049 fwd=66459 rows=8506678 fwd_ms=711605.2 eval=0 prior=0
[inst] req=13574144 hits=5062651 fwd=66495 rows=8511286 fwd_ms=711964.8 eval=0 prior=0
[inst] req=13582336 hits=5065980 fwd=66533 rows=8516150 fwd_ms=712344.3 eval=0 prior=0
[inst] req=13590528 hits=5069531 fwd=66569 rows=8520758 fwd_ms=712704.5 eval=0 prior=0
[inst] req=13598720 hits=5073098 fwd=66605 rows=8525366 fwd_ms=713064.0 eval=0 prior=0
[inst] req=13606912 hits=5076603 fwd=66642 rows=8530102 fwd_ms=713433.8 eval=0 prior=0
[inst] req=13615104 hits=5080303 fwd=66677 rows=8534582 fwd_ms=713783.4 eval=0 prior=0
[inst] req=13623296 hits=5083807 fwd=66714 rows=8539318 fwd_ms=714153.9 eval=0 prior=0
[inst] req=13631488 hits=5087248 fwd=66751 rows=8544054 fwd_ms=714522.9 eval=0 prior=0
[inst] req=13639680 hits=5090781 fwd=66787 rows=8548662 fwd_ms=714883.3 eval=0 prior=0
[inst] req=13647872 hits=5094484 fwd=66822 rows=8553142 fwd_ms=715234.1 eval=0 prior=0
[inst] req=13656064 hits=5098175 fwd=66858 rows=8557750 fwd_ms=715594.7 eval=0 prior=0
[inst] req=13664256 hits=5101525 fwd=66895 rows=8562486 fwd_ms=715965.8 eval=0 prior=0
[inst] req=13672448 hits=5105245 fwd=66930 rows=8566966 fwd_ms=716317.1 eval=0 prior=0
[inst] req=13680640 hits=5108817 fwd=66966 rows=8571574 fwd_ms=716677.3 eval=0 prior=0
[inst] req=13688832 hits=5112335 fwd=67003 rows=8576310 fwd_ms=717047.6 eval=0 prior=0
[inst] req=13697024 hits=5115834 fwd=67040 rows=8581046 fwd_ms=717417.9 eval=0 prior=0
[inst] req=13705216 hits=5119207 fwd=67077 rows=8585782 fwd_ms=717787.1 eval=0 prior=0
[inst] req=13713408 hits=5122511 fwd=67115 rows=8590646 fwd_ms=718166.5 eval=0 prior=0
[inst] req=13721600 hits=5126228 fwd=67150 rows=8595126 fwd_ms=718516.9 eval=0 prior=0
[inst] req=13729792 hits=5129692 fwd=67187 rows=8599862 fwd_ms=718886.0 eval=0 prior=0
[inst] req=13737984 hits=5133105 fwd=67225 rows=8604726 fwd_ms=719265.3 eval=0 prior=0
[inst] req=13746176 hits=5136535 fwd=67262 rows=8609462 fwd_ms=719634.6 eval=0 prior=0
[inst] req=13754368 hits=5139837 fwd=67300 rows=8614326 fwd_ms=720014.2 eval=0 prior=0
[inst] req=13762560 hits=5143144 fwd=67338 rows=8619190 fwd_ms=720393.5 eval=0 prior=0
[inst] req=13770752 hits=5146770 fwd=67374 rows=8623798 fwd_ms=720753.9 eval=0 prior=0
[inst] req=13778944 hits=5150337 fwd=67410 rows=8628406 fwd_ms=721113.3 eval=0 prior=0
[inst] req=13787136 hits=5153659 fwd=67448 rows=8633270 fwd_ms=721492.6 eval=0 prior=0
[inst] req=13795328 hits=5156869 fwd=67487 rows=8638262 fwd_ms=721882.1 eval=0 prior=0
[inst] req=13803520 hits=5160305 fwd=67524 rows=8642998 fwd_ms=722251.1 eval=0 prior=0
[inst] req=13811712 hits=5164308 fwd=67557 rows=8647222 fwd_ms=722580.7 eval=0 prior=0
[inst] req=13819904 hits=5167734 fwd=67594 rows=8651958 fwd_ms=722950.4 eval=0 prior=0
[inst] req=13828096 hits=5171090 fwd=67632 rows=8656822 fwd_ms=723330.2 eval=0 prior=0
[inst] req=13836288 hits=5174434 fwd=67670 rows=8661686 fwd_ms=723709.5 eval=0 prior=0
[inst] req=13844480 hits=5177934 fwd=67706 rows=8666294 fwd_ms=724069.6 eval=0 prior=0
[inst] req=13852672 hits=5181635 fwd=67742 rows=8670902 fwd_ms=724429.4 eval=0 prior=0
[inst] req=13860864 hits=5185140 fwd=67778 rows=8675510 fwd_ms=724788.8 eval=0 prior=0
[inst] req=13869056 hits=5188551 fwd=67816 rows=8680374 fwd_ms=725168.3 eval=0 prior=0
[inst] req=13877248 hits=5192006 fwd=67853 rows=8685110 fwd_ms=725538.0 eval=0 prior=0
[inst] req=13885440 hits=5195304 fwd=67891 rows=8689974 fwd_ms=725918.4 eval=0 prior=0
[inst] req=13893632 hits=5198729 fwd=67928 rows=8694710 fwd_ms=726287.7 eval=0 prior=0
[inst] req=13901824 hits=5202366 fwd=67964 rows=8699318 fwd_ms=726647.0 eval=0 prior=0
[inst] req=13910016 hits=5205667 fwd=68002 rows=8704182 fwd_ms=727026.6 eval=0 prior=0
[inst] req=13918208 hits=5209100 fwd=68039 rows=8708918 fwd_ms=727395.8 eval=0 prior=0
[inst] req=13926400 hits=5212508 fwd=68076 rows=8713654 fwd_ms=727765.9 eval=0 prior=0
[inst] req=13934592 hits=5216079 fwd=68112 rows=8718262 fwd_ms=728126.5 eval=0 prior=0
[inst] req=13942784 hits=5219467 fwd=68150 rows=8723126 fwd_ms=728506.7 eval=0 prior=0
[inst] req=13950976 hits=5223014 fwd=68186 rows=8727734 fwd_ms=728866.0 eval=0 prior=0
[inst] req=13959168 hits=5226338 fwd=68224 rows=8732598 fwd_ms=729245.4 eval=0 prior=0
[inst] req=13967360 hits=5229983 fwd=68260 rows=8737206 fwd_ms=729605.0 eval=0 prior=0
[inst] req=13975552 hits=5233554 fwd=68296 rows=8741814 fwd_ms=729964.5 eval=0 prior=0
[inst] req=13983744 hits=5236954 fwd=68333 rows=8746550 fwd_ms=730333.9 eval=0 prior=0
[inst] req=13991936 hits=5240687 fwd=68368 rows=8751030 fwd_ms=730684.1 eval=0 prior=0
[inst] req=14000128 hits=5244212 fwd=68405 rows=8755766 fwd_ms=731053.6 eval=0 prior=0
[inst] req=14008320 hits=5247674 fwd=68442 rows=8760502 fwd_ms=731422.9 eval=0 prior=0
[inst] req=14016512 hits=5251275 fwd=68477 rows=8764982 fwd_ms=731772.6 eval=0 prior=0
[inst] req=14024704 hits=5254826 fwd=68514 rows=8769718 fwd_ms=732142.7 eval=0 prior=0
[inst] req=14032896 hits=5258206 fwd=68551 rows=8774454 fwd_ms=732511.9 eval=0 prior=0
[inst] req=14041088 hits=5261783 fwd=68587 rows=8779062 fwd_ms=732871.2 eval=0 prior=0
[inst] req=14049280 hits=5265544 fwd=68622 rows=8783542 fwd_ms=733221.1 eval=0 prior=0
[inst] req=14057472 hits=5269138 fwd=68658 rows=8788150 fwd_ms=733581.9 eval=0 prior=0
[inst] req=14065664 hits=5272479 fwd=68696 rows=8793014 fwd_ms=733961.4 eval=0 prior=0
[inst] req=14073856 hits=5275763 fwd=68734 rows=8797878 fwd_ms=734340.5 eval=0 prior=0
[inst] req=14082048 hits=5279375 fwd=68770 rows=8802486 fwd_ms=734699.8 eval=0 prior=0
[inst] req=14090240 hits=5283047 fwd=68805 rows=8806966 fwd_ms=735049.8 eval=0 prior=0
[inst] req=14098432 hits=5286634 fwd=68841 rows=8811574 fwd_ms=735409.7 eval=0 prior=0
[inst] req=14106624 hits=5290064 fwd=68878 rows=8816310 fwd_ms=735779.5 eval=0 prior=0
[inst] req=14114816 hits=5293588 fwd=68915 rows=8821046 fwd_ms=736149.5 eval=0 prior=0
[inst] req=14123008 hits=5297045 fwd=68952 rows=8825782 fwd_ms=736519.1 eval=0 prior=0
[inst] req=14131200 hits=5300493 fwd=68989 rows=8830518 fwd_ms=736889.3 eval=0 prior=0
[inst] req=14139392 hits=5304138 fwd=69024 rows=8834998 fwd_ms=737239.1 eval=0 prior=0
[inst] req=14147584 hits=5307573 fwd=69062 rows=8839862 fwd_ms=737618.6 eval=0 prior=0
[inst] req=14155776 hits=5310904 fwd=69100 rows=8844726 fwd_ms=737999.5 eval=0 prior=0
[inst] req=14163968 hits=5314311 fwd=69137 rows=8849462 fwd_ms=738370.2 eval=0 prior=0
[inst] req=14172160 hits=5317692 fwd=69175 rows=8854326 fwd_ms=738750.9 eval=0 prior=0
[inst] req=14180352 hits=5321104 fwd=69212 rows=8859062 fwd_ms=739122.4 eval=0 prior=0
[inst] req=14188544 hits=5324495 fwd=69249 rows=8863798 fwd_ms=739493.5 eval=0 prior=0
[inst] req=14196736 hits=5327843 fwd=69287 rows=8868662 fwd_ms=739874.7 eval=0 prior=0
[inst] req=14204928 hits=5331265 fwd=69325 rows=8873526 fwd_ms=740255.9 eval=0 prior=0
[inst] req=14213120 hits=5334689 fwd=69362 rows=8878262 fwd_ms=740626.8 eval=0 prior=0
[inst] req=14221312 hits=5338310 fwd=69398 rows=8882870 fwd_ms=740987.9 eval=0 prior=0
[inst] req=14229504 hits=5341849 fwd=69434 rows=8887478 fwd_ms=741348.8 eval=0 prior=0
[inst] req=14237696 hits=5345133 fwd=69472 rows=8892342 fwd_ms=741729.8 eval=0 prior=0
[inst] req=14245888 hits=5348473 fwd=69510 rows=8897206 fwd_ms=742110.7 eval=0 prior=0
[inst] req=14254080 hits=5351565 fwd=69550 rows=8902326 fwd_ms=742511.8 eval=0 prior=0
[inst] req=14262272 hits=5355350 fwd=69584 rows=8906678 fwd_ms=742853.3 eval=0 prior=0
[inst] req=14270464 hits=5358575 fwd=69623 rows=8911670 fwd_ms=743244.2 eval=0 prior=0
[inst] req=14278656 hits=5362114 fwd=69660 rows=8916406 fwd_ms=743615.3 eval=0 prior=0
[inst] req=14286848 hits=5365549 fwd=69697 rows=8921142 fwd_ms=743986.5 eval=0 prior=0
[inst] req=14295040 hits=5368966 fwd=69734 rows=8925878 fwd_ms=744357.9 eval=0 prior=0
[inst] req=14303232 hits=5372345 fwd=69772 rows=8930742 fwd_ms=744738.6 eval=0 prior=0
[inst] req=14311424 hits=5375944 fwd=69808 rows=8935350 fwd_ms=745100.1 eval=0 prior=0
[inst] req=14319616 hits=5379321 fwd=69845 rows=8940086 fwd_ms=745471.0 eval=0 prior=0
[inst] req=14327808 hits=5382666 fwd=69883 rows=8944950 fwd_ms=745851.8 eval=0 prior=0
[inst] req=14336000 hits=5385829 fwd=69922 rows=8949942 fwd_ms=746242.3 eval=0 prior=0
[inst] req=14344192 hits=5389391 fwd=69958 rows=8954550 fwd_ms=746602.7 eval=0 prior=0
[inst] req=14352384 hits=5392792 fwd=69996 rows=8959414 fwd_ms=746983.0 eval=0 prior=0
[inst] req=14360576 hits=5396210 fwd=70033 rows=8964150 fwd_ms=747353.7 eval=0 prior=0
[inst] req=14368768 hits=5399661 fwd=70070 rows=8968886 fwd_ms=747724.0 eval=0 prior=0
[inst] req=14376960 hits=5402967 fwd=70108 rows=8973750 fwd_ms=748104.5 eval=0 prior=0
[inst] req=14385152 hits=5406438 fwd=70145 rows=8978486 fwd_ms=748475.4 eval=0 prior=0
[inst] req=14393344 hits=5409587 fwd=70185 rows=8983606 fwd_ms=748875.9 eval=0 prior=0
[inst] req=14401536 hits=5413157 fwd=70221 rows=8988214 fwd_ms=749235.6 eval=0 prior=0
[inst] req=14409728 hits=5416602 fwd=70258 rows=8992950 fwd_ms=749605.0 eval=0 prior=0
[inst] req=14417920 hits=5419984 fwd=70295 rows=8997686 fwd_ms=749976.7 eval=0 prior=0
[inst] req=14426112 hits=5423609 fwd=70331 rows=9002294 fwd_ms=750337.9 eval=0 prior=0
[inst] req=14434304 hits=5426840 fwd=70370 rows=9007286 fwd_ms=750728.9 eval=0 prior=0
[inst] req=14442496 hits=5430362 fwd=70406 rows=9011894 fwd_ms=751092.5 eval=0 prior=0
[inst] req=14450688 hits=5433433 fwd=70446 rows=9017014 fwd_ms=751493.4 eval=0 prior=0
[inst] req=14458880 hits=5436847 fwd=70484 rows=9021878 fwd_ms=751874.8 eval=0 prior=0
[inst] req=14467072 hits=5440237 fwd=70521 rows=9026614 fwd_ms=752245.9 eval=0 prior=0
[inst] req=14475264 hits=5443660 fwd=70558 rows=9031350 fwd_ms=752615.8 eval=0 prior=0
[inst] req=14483456 hits=5447093 fwd=70596 rows=9036214 fwd_ms=752996.0 eval=0 prior=0
[inst] req=14491648 hits=5450501 fwd=70633 rows=9040950 fwd_ms=753366.1 eval=0 prior=0
[inst] req=14499840 hits=5454052 fwd=70669 rows=9045558 fwd_ms=753726.1 eval=0 prior=0
[inst] req=14508032 hits=5457614 fwd=70705 rows=9050166 fwd_ms=754138.3 eval=0 prior=0
[inst] req=14516224 hits=5460803 fwd=70745 rows=9055286 fwd_ms=756704.1 eval=0 prior=0
[inst] req=14524416 hits=5464359 fwd=70781 rows=9059894 fwd_ms=758970.0 eval=0 prior=0
[inst] req=14532608 hits=5467852 fwd=70817 rows=9064502 fwd_ms=760914.2 eval=0 prior=0
[inst] req=14540800 hits=5471507 fwd=70853 rows=9069110 fwd_ms=762855.9 eval=0 prior=0
[inst] req=14548992 hits=5475111 fwd=70889 rows=9073718 fwd_ms=764907.4 eval=0 prior=0
[inst] req=14557184 hits=5478816 fwd=70924 rows=9078198 fwd_ms=767015.1 eval=0 prior=0
[inst] req=14565376 hits=5482532 fwd=70959 rows=9082678 fwd_ms=768278.4 eval=0 prior=0
[inst] req=14573568 hits=5486114 fwd=70995 rows=9087286 fwd_ms=768654.8 eval=0 prior=0
[inst] req=14581760 hits=5488813 fwd=71038 rows=9092790 fwd_ms=769108.2 eval=0 prior=0
[inst] req=14589952 hits=5490691 fwd=71087 rows=9099062 fwd_ms=769596.8 eval=0 prior=0
[inst] req=14598144 hits=5493845 fwd=71126 rows=9104054 fwd_ms=769986.0 eval=0 prior=0
[inst] req=14606336 hits=5497834 fwd=71159 rows=9108278 fwd_ms=770315.7 eval=0 prior=0
[inst] req=14614528 hits=5501595 fwd=71194 rows=9112758 fwd_ms=770665.2 eval=0 prior=0
[inst] req=14622720 hits=5505068 fwd=71231 rows=9117494 fwd_ms=771035.1 eval=0 prior=0
[inst] req=14630912 hits=5508744 fwd=71266 rows=9121974 fwd_ms=771385.1 eval=0 prior=0
[inst] req=14639104 hits=5512872 fwd=71298 rows=9126070 fwd_ms=771704.5 eval=0 prior=0
[inst] req=14647296 hits=5516668 fwd=71332 rows=9130422 fwd_ms=772044.4 eval=0 prior=0
[inst] req=14655488 hits=5520372 fwd=71367 rows=9134902 fwd_ms=772394.8 eval=0 prior=0
[inst] req=14663680 hits=5524043 fwd=71402 rows=9139382 fwd_ms=772744.6 eval=0 prior=0
[inst] req=14671872 hits=5527634 fwd=71438 rows=9143990 fwd_ms=773106.9 eval=0 prior=0
[inst] req=14680064 hits=5531491 fwd=71472 rows=9148342 fwd_ms=773446.7 eval=0 prior=0
[inst] req=14688256 hits=5535595 fwd=71504 rows=9152438 fwd_ms=773768.1 eval=0 prior=0
[inst] req=14696448 hits=5539552 fwd=71537 rows=9156662 fwd_ms=774097.4 eval=0 prior=0
[inst] req=14704640 hits=5543334 fwd=71572 rows=9161142 fwd_ms=774447.2 eval=0 prior=0
[inst] req=14712832 hits=5547151 fwd=71606 rows=9165494 fwd_ms=774786.5 eval=0 prior=0
[inst] req=14721024 hits=5550977 fwd=71640 rows=9169846 fwd_ms=775125.8 eval=0 prior=0
[inst] req=14729216 hits=5554851 fwd=71674 rows=9174198 fwd_ms=775465.4 eval=0 prior=0
[inst] req=14737408 hits=5558776 fwd=71707 rows=9178422 fwd_ms=775795.2 eval=0 prior=0
[inst] req=14745600 hits=5562463 fwd=71742 rows=9182902 fwd_ms=776145.8 eval=0 prior=0
[inst] req=14753792 hits=5566197 fwd=71777 rows=9187382 fwd_ms=776495.2 eval=0 prior=0
[inst] req=14761984 hits=5570065 fwd=71811 rows=9191734 fwd_ms=776835.0 eval=0 prior=0
[inst] req=14770176 hits=5574042 fwd=71844 rows=9195958 fwd_ms=777164.4 eval=0 prior=0
[inst] req=14778368 hits=5577960 fwd=71877 rows=9200182 fwd_ms=777494.7 eval=0 prior=0
[inst] req=14786560 hits=5581860 fwd=71911 rows=9204534 fwd_ms=777834.5 eval=0 prior=0
[inst] req=14794752 hits=5585941 fwd=71943 rows=9208630 fwd_ms=778154.1 eval=0 prior=0
[inst] req=14802944 hits=5589945 fwd=71976 rows=9212854 fwd_ms=778483.4 eval=0 prior=0
[inst] req=14811136 hits=5593944 fwd=72008 rows=9216950 fwd_ms=778804.2 eval=0 prior=0
[inst] req=14819328 hits=5597887 fwd=72042 rows=9221302 fwd_ms=779144.8 eval=0 prior=0
[inst] req=14827520 hits=5601646 fwd=72076 rows=9225654 fwd_ms=779485.0 eval=0 prior=0
[inst] req=14835712 hits=5605591 fwd=72109 rows=9229878 fwd_ms=779815.2 eval=0 prior=0
[inst] req=14843904 hits=5609399 fwd=72144 rows=9234358 fwd_ms=780165.4 eval=0 prior=0
[inst] req=14852096 hits=5613266 fwd=72177 rows=9238582 fwd_ms=780495.9 eval=0 prior=0
[inst] req=14860288 hits=5617312 fwd=72210 rows=9242806 fwd_ms=780825.9 eval=0 prior=0
[inst] req=14868480 hits=5621362 fwd=72242 rows=9246902 fwd_ms=781145.2 eval=0 prior=0
[inst] req=14876672 hits=5625170 fwd=72276 rows=9251254 fwd_ms=781484.6 eval=0 prior=0
[inst] req=14884864 hits=5629012 fwd=72310 rows=9255606 fwd_ms=781824.0 eval=0 prior=0
[inst] req=14893056 hits=5632883 fwd=72344 rows=9259958 fwd_ms=782163.4 eval=0 prior=0
[inst] req=14901248 hits=5636764 fwd=72378 rows=9264310 fwd_ms=782502.5 eval=0 prior=0
[inst] req=14909440 hits=5640791 fwd=72410 rows=9268406 fwd_ms=782822.1 eval=0 prior=0
[inst] req=14917632 hits=5644708 fwd=72444 rows=9272758 fwd_ms=783161.0 eval=0 prior=0
[inst] req=14925824 hits=5648693 fwd=72477 rows=9276982 fwd_ms=783490.7 eval=0 prior=0
[inst] req=14934016 hits=5652472 fwd=72511 rows=9281334 fwd_ms=783829.8 eval=0 prior=0
[inst] req=14942208 hits=5656304 fwd=72545 rows=9285686 fwd_ms=784170.1 eval=0 prior=0
[inst] req=14950400 hits=5660307 fwd=72578 rows=9289910 fwd_ms=784500.1 eval=0 prior=0
[inst] req=14958592 hits=5664059 fwd=72613 rows=9294390 fwd_ms=784849.6 eval=0 prior=0
[inst] req=14966784 hits=5668171 fwd=72644 rows=9298358 fwd_ms=785160.1 eval=0 prior=0
[inst] req=14974976 hits=5672095 fwd=72678 rows=9302710 fwd_ms=785499.3 eval=0 prior=0
[inst] req=14983168 hits=5675994 fwd=72711 rows=9306934 fwd_ms=785827.9 eval=0 prior=0
[inst] req=14991360 hits=5679785 fwd=72746 rows=9311414 fwd_ms=786176.2 eval=0 prior=0
[inst] req=14999552 hits=5683592 fwd=72780 rows=9315766 fwd_ms=786515.5 eval=0 prior=0
[inst] req=15007744 hits=5687381 fwd=72814 rows=9320118 fwd_ms=786855.0 eval=0 prior=0
[inst] req=15015936 hits=5691320 fwd=72848 rows=9324470 fwd_ms=787194.0 eval=0 prior=0
[inst] req=15024128 hits=5695176 fwd=72882 rows=9328822 fwd_ms=787532.9 eval=0 prior=0
[inst] req=15032320 hits=5699159 fwd=72914 rows=9332918 fwd_ms=787852.3 eval=0 prior=0
[inst] req=15040512 hits=5703199 fwd=72947 rows=9337142 fwd_ms=788180.8 eval=0 prior=0
[inst] req=15048704 hits=5706999 fwd=72981 rows=9341494 fwd_ms=788518.6 eval=0 prior=0
[inst] req=15056896 hits=5710934 fwd=73014 rows=9345718 fwd_ms=788847.0 eval=0 prior=0
[inst] req=15065088 hits=5714825 fwd=73048 rows=9350070 fwd_ms=789185.6 eval=0 prior=0
[inst] req=15073280 hits=5718819 fwd=73081 rows=9354294 fwd_ms=789514.0 eval=0 prior=0
[inst] req=15081472 hits=5722685 fwd=73115 rows=9358646 fwd_ms=789854.0 eval=0 prior=0
[inst] req=15089664 hits=5726584 fwd=73148 rows=9362870 fwd_ms=790183.0 eval=0 prior=0
[inst] req=15097856 hits=5730539 fwd=73181 rows=9367094 fwd_ms=790512.0 eval=0 prior=0
[inst] req=15106048 hits=5734416 fwd=73215 rows=9371446 fwd_ms=790851.5 eval=0 prior=0
[inst] req=15114240 hits=5738511 fwd=73247 rows=9375542 fwd_ms=791171.2 eval=0 prior=0
[inst] req=15122432 hits=5742339 fwd=73281 rows=9379894 fwd_ms=791510.4 eval=0 prior=0
[inst] req=15130624 hits=5746301 fwd=73314 rows=9384118 fwd_ms=791839.9 eval=0 prior=0
[inst] req=15138816 hits=5750263 fwd=73347 rows=9388342 fwd_ms=792170.2 eval=0 prior=0
[inst] req=15147008 hits=5754029 fwd=73382 rows=9392822 fwd_ms=792519.5 eval=0 prior=0
[inst] req=15155200 hits=5758126 fwd=73414 rows=9396918 fwd_ms=792839.3 eval=0 prior=0
[inst] req=15163392 hits=5761887 fwd=73448 rows=9401270 fwd_ms=793179.5 eval=0 prior=0
[inst] req=15171584 hits=5765968 fwd=73480 rows=9405366 fwd_ms=793498.8 eval=0 prior=0
[inst] req=15179776 hits=5769803 fwd=73514 rows=9409718 fwd_ms=793838.6 eval=0 prior=0
[inst] req=15187968 hits=5773584 fwd=73549 rows=9414198 fwd_ms=794188.4 eval=0 prior=0
[inst] req=15196160 hits=5777362 fwd=73583 rows=9418550 fwd_ms=794528.9 eval=0 prior=0
[inst] req=15204352 hits=5781112 fwd=73618 rows=9423030 fwd_ms=794878.2 eval=0 prior=0
[inst] req=15212544 hits=5785293 fwd=73649 rows=9426998 fwd_ms=795188.3 eval=0 prior=0
[inst] req=15220736 hits=5789329 fwd=73682 rows=9431222 fwd_ms=795518.9 eval=0 prior=0
[inst] req=15228928 hits=5793143 fwd=73716 rows=9435574 fwd_ms=795858.6 eval=0 prior=0
[inst] req=15237120 hits=5796975 fwd=73750 rows=9439926 fwd_ms=796197.5 eval=0 prior=0
[inst] req=15245312 hits=5800989 fwd=73783 rows=9444150 fwd_ms=796527.0 eval=0 prior=0
[inst] req=15253504 hits=5804851 fwd=73817 rows=9448502 fwd_ms=796866.9 eval=0 prior=0
[inst] req=15261696 hits=5808849 fwd=73849 rows=9452598 fwd_ms=797186.7 eval=0 prior=0
[inst] req=15269888 hits=5812554 fwd=73884 rows=9457078 fwd_ms=797536.2 eval=0 prior=0
[inst] req=15278080 hits=5816544 fwd=73917 rows=9461302 fwd_ms=797865.8 eval=0 prior=0
[inst] req=15286272 hits=5820450 fwd=73951 rows=9465654 fwd_ms=798205.2 eval=0 prior=0
[inst] req=15294464 hits=5824413 fwd=73984 rows=9469878 fwd_ms=798534.5 eval=0 prior=0
[inst] req=15302656 hits=5828437 fwd=74016 rows=9473974 fwd_ms=798854.7 eval=0 prior=0
[inst] req=15310848 hits=5832258 fwd=74051 rows=9478454 fwd_ms=799204.3 eval=0 prior=0
[inst] req=15319040 hits=5836128 fwd=74084 rows=9482678 fwd_ms=799534.4 eval=0 prior=0
[inst] req=15327232 hits=5839854 fwd=74119 rows=9487158 fwd_ms=799884.2 eval=0 prior=0
[inst] req=15335424 hits=5843724 fwd=74153 rows=9491510 fwd_ms=800223.8 eval=0 prior=0
[inst] req=15343616 hits=5847523 fwd=74187 rows=9495862 fwd_ms=800563.1 eval=0 prior=0
[inst] req=15351808 hits=5851288 fwd=74222 rows=9500342 fwd_ms=800912.3 eval=0 prior=0
[inst] req=15360000 hits=5855009 fwd=74257 rows=9504822 fwd_ms=801262.0 eval=0 prior=0
[inst] req=15368192 hits=5858758 fwd=74292 rows=9509302 fwd_ms=801611.1 eval=0 prior=0
[inst] req=15376384 hits=5862818 fwd=74324 rows=9513398 fwd_ms=801931.0 eval=0 prior=0
[inst] req=15384576 hits=5866601 fwd=74358 rows=9517750 fwd_ms=802270.9 eval=0 prior=0
[inst] req=15392768 hits=5870511 fwd=74392 rows=9522102 fwd_ms=802610.5 eval=0 prior=0
[inst] req=15400960 hits=5874251 fwd=74426 rows=9526454 fwd_ms=802950.3 eval=0 prior=0
[inst] req=15409152 hits=5878143 fwd=74460 rows=9530806 fwd_ms=803290.0 eval=0 prior=0
[inst] req=15417344 hits=5882093 fwd=74493 rows=9535030 fwd_ms=803620.3 eval=0 prior=0
[inst] req=15425536 hits=5886078 fwd=74526 rows=9539254 fwd_ms=803949.5 eval=0 prior=0
[inst] req=15433728 hits=5889916 fwd=74560 rows=9543606 fwd_ms=804289.8 eval=0 prior=0
[inst] req=15441920 hits=5893810 fwd=74594 rows=9547958 fwd_ms=804629.9 eval=0 prior=0
[inst] req=15450112 hits=5897717 fwd=74627 rows=9552182 fwd_ms=804960.8 eval=0 prior=0
[inst] req=15458304 hits=5901415 fwd=74662 rows=9556662 fwd_ms=805313.3 eval=0 prior=0
[inst] req=15466496 hits=5905234 fwd=74696 rows=9561014 fwd_ms=805653.7 eval=0 prior=0
[inst] req=15474688 hits=5908884 fwd=74732 rows=9565622 fwd_ms=806015.0 eval=0 prior=0
[inst] req=15482880 hits=5912946 fwd=74764 rows=9569718 fwd_ms=806335.1 eval=0 prior=0
[inst] req=15491072 hits=5916845 fwd=74798 rows=9574070 fwd_ms=806674.7 eval=0 prior=0
[inst] req=15499264 hits=5920687 fwd=74832 rows=9578422 fwd_ms=807014.2 eval=0 prior=0
[inst] req=15507456 hits=5924480 fwd=74866 rows=9582774 fwd_ms=807353.5 eval=0 prior=0
[inst] req=15515648 hits=5928421 fwd=74899 rows=9586998 fwd_ms=807683.4 eval=0 prior=0
[inst] req=15523840 hits=5932356 fwd=74933 rows=9591350 fwd_ms=808023.3 eval=0 prior=0
[inst] req=15532032 hits=5936293 fwd=74966 rows=9595574 fwd_ms=808352.8 eval=0 prior=0
[inst] req=15540224 hits=5940268 fwd=74999 rows=9599798 fwd_ms=808682.9 eval=0 prior=0
[inst] req=15548416 hits=5944180 fwd=75032 rows=9604022 fwd_ms=809012.6 eval=0 prior=0
[inst] req=15556608 hits=5947991 fwd=75066 rows=9608374 fwd_ms=809352.5 eval=0 prior=0
[inst] req=15564800 hits=5951717 fwd=75101 rows=9612854 fwd_ms=809703.3 eval=0 prior=0
[inst] req=15572992 hits=5955762 fwd=75134 rows=9617078 fwd_ms=810034.3 eval=0 prior=0
[inst] req=15581184 hits=5959686 fwd=75167 rows=9621302 fwd_ms=810365.2 eval=0 prior=0
[inst] req=15589376 hits=5963523 fwd=75201 rows=9625654 fwd_ms=810706.9 eval=0 prior=0
[inst] req=15597568 hits=5967545 fwd=75234 rows=9629878 fwd_ms=811038.5 eval=0 prior=0
[inst] req=15605760 hits=5971358 fwd=75268 rows=9634230 fwd_ms=811379.8 eval=0 prior=0
[inst] req=15613952 hits=5975042 fwd=75303 rows=9638710 fwd_ms=811730.8 eval=0 prior=0
[inst] req=15622144 hits=5978811 fwd=75338 rows=9643190 fwd_ms=812082.0 eval=0 prior=0
[inst] req=15630336 hits=5983077 fwd=75368 rows=9647030 fwd_ms=812383.2 eval=0 prior=0
[inst] req=15638528 hits=5986809 fwd=75403 rows=9651510 fwd_ms=812734.1 eval=0 prior=0
[inst] req=15646720 hits=5990473 fwd=75439 rows=9656118 fwd_ms=813095.6 eval=0 prior=0
[inst] req=15654912 hits=5994316 fwd=75472 rows=9660342 fwd_ms=813426.1 eval=0 prior=0
[inst] req=15663104 hits=5998233 fwd=75506 rows=9664694 fwd_ms=813765.8 eval=0 prior=0
[inst] req=15671296 hits=6002174 fwd=75539 rows=9668918 fwd_ms=814095.2 eval=0 prior=0
[inst] req=15679488 hits=6006201 fwd=75572 rows=9673142 fwd_ms=814424.7 eval=0 prior=0
[inst] req=15687680 hits=6009982 fwd=75606 rows=9677494 fwd_ms=814764.2 eval=0 prior=0
[inst] req=15695872 hits=6014089 fwd=75638 rows=9681590 fwd_ms=815084.8 eval=0 prior=0
[inst] req=15704064 hits=6017894 fwd=75672 rows=9685942 fwd_ms=815426.3 eval=0 prior=0
[inst] req=15712256 hits=6021696 fwd=75707 rows=9690422 fwd_ms=815776.0 eval=0 prior=0
[inst] req=15720448 hits=6025469 fwd=75741 rows=9694774 fwd_ms=816115.2 eval=0 prior=0
[inst] req=15728640 hits=6029280 fwd=75775 rows=9699126 fwd_ms=816454.7 eval=0 prior=0
[inst] req=15736832 hits=6033226 fwd=75808 rows=9703350 fwd_ms=816784.6 eval=0 prior=0
[inst] req=15745024 hits=6037043 fwd=75843 rows=9707830 fwd_ms=817134.5 eval=0 prior=0
[inst] req=15753216 hits=6040778 fwd=75877 rows=9712182 fwd_ms=817473.9 eval=0 prior=0
[inst] req=15761408 hits=6044531 fwd=75912 rows=9716662 fwd_ms=817823.6 eval=0 prior=0
[inst] req=15769600 hits=6048451 fwd=75946 rows=9721014 fwd_ms=818163.1 eval=0 prior=0
[inst] req=15777792 hits=6052355 fwd=75979 rows=9725238 fwd_ms=818492.3 eval=0 prior=0
[inst] req=15785984 hits=6056101 fwd=76014 rows=9729718 fwd_ms=818841.5 eval=0 prior=0
[inst] req=15794176 hits=6060036 fwd=76047 rows=9733942 fwd_ms=819171.8 eval=0 prior=0
[inst] req=15802368 hits=6063584 fwd=76083 rows=9738550 fwd_ms=819532.8 eval=0 prior=0
[inst] req=15810560 hits=6067370 fwd=76118 rows=9743030 fwd_ms=819882.2 eval=0 prior=0
[inst] req=15818752 hits=6071435 fwd=76150 rows=9747126 fwd_ms=820201.9 eval=0 prior=0
[inst] req=15826944 hits=6075253 fwd=76184 rows=9751478 fwd_ms=820541.8 eval=0 prior=0
[inst] req=15835136 hits=6079013 fwd=76219 rows=9755958 fwd_ms=820891.2 eval=0 prior=0
[inst] req=15843328 hits=6082911 fwd=76252 rows=9760182 fwd_ms=821220.8 eval=0 prior=0
[inst] req=15851520 hits=6086665 fwd=76287 rows=9764662 fwd_ms=821570.2 eval=0 prior=0
[inst] req=15859712 hits=6090610 fwd=76320 rows=9768886 fwd_ms=821899.5 eval=0 prior=0
[inst] req=15867904 hits=6094551 fwd=76353 rows=9773110 fwd_ms=822229.3 eval=0 prior=0
[inst] req=15876096 hits=6098595 fwd=76386 rows=9777334 fwd_ms=822558.9 eval=0 prior=0
[inst] req=15884288 hits=6102379 fwd=76420 rows=9781686 fwd_ms=822899.0 eval=0 prior=0
[inst] req=15892480 hits=6106130 fwd=76455 rows=9786166 fwd_ms=823248.8 eval=0 prior=0
[inst] req=15900672 hits=6110109 fwd=76488 rows=9790390 fwd_ms=823577.9 eval=0 prior=0
[inst] req=15908864 hits=6114046 fwd=76521 rows=9794614 fwd_ms=823907.1 eval=0 prior=0
[inst] req=15917056 hits=6117759 fwd=76556 rows=9799094 fwd_ms=824256.5 eval=0 prior=0
[inst] req=15925248 hits=6121485 fwd=76591 rows=9803574 fwd_ms=824605.6 eval=0 prior=0
[inst] req=15933440 hits=6125510 fwd=76624 rows=9807798 fwd_ms=824935.1 eval=0 prior=0
[inst] req=15941632 hits=6129355 fwd=76657 rows=9812022 fwd_ms=825264.5 eval=0 prior=0
[inst] req=15949824 hits=6133214 fwd=76691 rows=9816374 fwd_ms=825603.9 eval=0 prior=0
[inst] req=15958016 hits=6137115 fwd=76725 rows=9820726 fwd_ms=825942.8 eval=0 prior=0
[inst] req=15966208 hits=6141056 fwd=76758 rows=9824950 fwd_ms=826272.4 eval=0 prior=0
[inst] req=15974400 hits=6144905 fwd=76792 rows=9829302 fwd_ms=826612.5 eval=0 prior=0
[inst] req=15982592 hits=6148714 fwd=76826 rows=9833654 fwd_ms=826951.5 eval=0 prior=0
[inst] req=15990784 hits=6152474 fwd=76861 rows=9838134 fwd_ms=827300.6 eval=0 prior=0
[inst] req=15998976 hits=6156352 fwd=76895 rows=9842486 fwd_ms=827639.8 eval=0 prior=0
[inst] req=16007168 hits=6160267 fwd=76928 rows=9846710 fwd_ms=827969.4 eval=0 prior=0
[inst] req=16015360 hits=6164219 fwd=76961 rows=9850934 fwd_ms=828299.1 eval=0 prior=0
[inst] req=16023552 hits=6168273 fwd=76993 rows=9855030 fwd_ms=828619.2 eval=0 prior=0
[inst] req=16031744 hits=6172345 fwd=77026 rows=9859254 fwd_ms=828950.4 eval=0 prior=0
[inst] req=16039936 hits=6176402 fwd=77058 rows=9863350 fwd_ms=829271.0 eval=0 prior=0
[inst] req=16048128 hits=6180074 fwd=77093 rows=9867830 fwd_ms=829622.5 eval=0 prior=0
[inst] req=16056320 hits=6183710 fwd=77129 rows=9872438 fwd_ms=829983.7 eval=0 prior=0
[inst] req=16064512 hits=6187557 fwd=77163 rows=9876790 fwd_ms=830325.0 eval=0 prior=0
[inst] req=16072704 hits=6191179 fwd=77198 rows=9881270 fwd_ms=830675.9 eval=0 prior=0
[inst] req=16080896 hits=6194923 fwd=77233 rows=9885750 fwd_ms=831026.0 eval=0 prior=0
[inst] req=16089088 hits=6198957 fwd=77266 rows=9889974 fwd_ms=831356.9 eval=0 prior=0
[inst] req=16097280 hits=6203164 fwd=77297 rows=9893942 fwd_ms=831666.3 eval=0 prior=0
[inst] req=16105472 hits=6207086 fwd=77330 rows=9898166 fwd_ms=831996.0 eval=0 prior=0
[inst] req=16113664 hits=6210767 fwd=77365 rows=9902646 fwd_ms=832346.4 eval=0 prior=0
[inst] req=16121856 hits=6214733 fwd=77398 rows=9906870 fwd_ms=832676.2 eval=0 prior=0
[inst] req=16130048 hits=6218493 fwd=77433 rows=9911350 fwd_ms=833633.4 eval=0 prior=0
[inst] req=16138240 hits=6222265 fwd=77468 rows=9915830 fwd_ms=835613.5 eval=0 prior=0
[inst] req=16146432 hits=6226026 fwd=77502 rows=9920182 fwd_ms=837587.4 eval=0 prior=0
[inst] req=16154624 hits=6229521 fwd=77539 rows=9924918 fwd_ms=839530.6 eval=0 prior=0
[inst] req=16162816 hits=6233336 fwd=77573 rows=9929270 fwd_ms=841746.4 eval=0 prior=0
[inst] req=16171008 hits=6237029 fwd=77608 rows=9933750 fwd_ms=843694.2 eval=0 prior=0
[inst] req=16179200 hits=6240710 fwd=77644 rows=9938358 fwd_ms=845929.3 eval=0 prior=0
[inst] req=16187392 hits=6244554 fwd=77677 rows=9942582 fwd_ms=847135.0 eval=0 prior=0
[inst] req=16195584 hits=6248288 fwd=77712 rows=9947062 fwd_ms=847497.4 eval=0 prior=0
[inst] req=16203776 hits=6250204 fwd=77761 rows=9953334 fwd_ms=848006.8 eval=0 prior=0
[inst] req=16211968 hits=6252425 fwd=77808 rows=9959350 fwd_ms=848475.3 eval=0 prior=0
[inst] req=16220160 hits=6255728 fwd=77846 rows=9964214 fwd_ms=848854.7 eval=0 prior=0
[inst] req=16228352 hits=6259646 fwd=77880 rows=9968566 fwd_ms=849194.0 eval=0 prior=0
[inst] req=16236544 hits=6263461 fwd=77914 rows=9972918 fwd_ms=849533.9 eval=0 prior=0
[inst] req=16244736 hits=6267022 fwd=77950 rows=9977526 fwd_ms=849894.2 eval=0 prior=0
[inst] req=16252928 hits=6270911 fwd=77984 rows=9981878 fwd_ms=850233.5 eval=0 prior=0
[inst] req=16261120 hits=6274722 fwd=78018 rows=9986230 fwd_ms=850573.1 eval=0 prior=0
[inst] req=16269312 hits=6278348 fwd=78053 rows=9990710 fwd_ms=850923.0 eval=0 prior=0
[inst] req=16277504 hits=6282025 fwd=78089 rows=9995318 fwd_ms=851283.2 eval=0 prior=0
[inst] req=16285696 hits=6285601 fwd=78125 rows=9999926 fwd_ms=851642.6 eval=0 prior=0
[inst] req=16293888 hits=6289277 fwd=78160 rows=10004406 fwd_ms=851992.4 eval=0 prior=0
[inst] req=16302080 hits=6293185 fwd=78194 rows=10008758 fwd_ms=852332.0 eval=0 prior=0
[inst] req=16310272 hits=6296891 fwd=78229 rows=10013238 fwd_ms=852681.9 eval=0 prior=0
[inst] req=16318464 hits=6300596 fwd=78264 rows=10017718 fwd_ms=853031.6 eval=0 prior=0
[inst] req=16326656 hits=6304183 fwd=78300 rows=10022326 fwd_ms=853391.7 eval=0 prior=0
[inst] req=16334848 hits=6308103 fwd=78333 rows=10026550 fwd_ms=853720.9 eval=0 prior=0
[inst] req=16343040 hits=6311978 fwd=78367 rows=10030902 fwd_ms=854059.5 eval=0 prior=0
[inst] req=16351232 hits=6315692 fwd=78402 rows=10035382 fwd_ms=854409.1 eval=0 prior=0
[inst] req=16359424 hits=6319309 fwd=78437 rows=10039862 fwd_ms=854758.4 eval=0 prior=0
[inst] req=16367616 hits=6323123 fwd=78472 rows=10044342 fwd_ms=855107.3 eval=0 prior=0
[inst] req=16375808 hits=6326778 fwd=78507 rows=10048822 fwd_ms=855456.5 eval=0 prior=0
[inst] req=16384000 hits=6330525 fwd=78542 rows=10053302 fwd_ms=855806.2 eval=0 prior=0
[inst] req=16392192 hits=6334049 fwd=78578 rows=10057910 fwd_ms=856166.1 eval=0 prior=0
[inst] req=16400384 hits=6337879 fwd=78612 rows=10062262 fwd_ms=856505.0 eval=0 prior=0
[inst] req=16408576 hits=6341725 fwd=78646 rows=10066614 fwd_ms=856844.2 eval=0 prior=0
[inst] req=16416768 hits=6345456 fwd=78681 rows=10071094 fwd_ms=857193.0 eval=0 prior=0
[inst] req=16424960 hits=6349088 fwd=78717 rows=10075702 fwd_ms=857551.8 eval=0 prior=0
[inst] req=16433152 hits=6352966 fwd=78751 rows=10080054 fwd_ms=857890.5 eval=0 prior=0
[inst] req=16441344 hits=6356799 fwd=78785 rows=10084406 fwd_ms=858229.5 eval=0 prior=0
[inst] req=16449536 hits=6360487 fwd=78820 rows=10088886 fwd_ms=858578.3 eval=0 prior=0
[inst] req=16457728 hits=6364204 fwd=78855 rows=10093366 fwd_ms=858928.1 eval=0 prior=0
[inst] req=16465920 hits=6367853 fwd=78890 rows=10097846 fwd_ms=859278.1 eval=0 prior=0
[inst] req=16474112 hits=6371566 fwd=78925 rows=10102326 fwd_ms=859626.7 eval=0 prior=0
[inst] req=16482304 hits=6375331 fwd=78960 rows=10106806 fwd_ms=859976.5 eval=0 prior=0
[inst] req=16490496 hits=6379133 fwd=78994 rows=10111158 fwd_ms=860314.8 eval=0 prior=0
[inst] req=16498688 hits=6382855 fwd=79029 rows=10115638 fwd_ms=860663.9 eval=0 prior=0
[inst] req=16506880 hits=6386715 fwd=79063 rows=10119990 fwd_ms=861001.3 eval=0 prior=0
[inst] req=16515072 hits=6390283 fwd=79099 rows=10124598 fwd_ms=861359.5 eval=0 prior=0
[inst] req=16523264 hits=6393980 fwd=79134 rows=10129078 fwd_ms=861708.9 eval=0 prior=0
[inst] req=16531456 hits=6397675 fwd=79169 rows=10133558 fwd_ms=862058.1 eval=0 prior=0
[inst] req=16539648 hits=6401582 fwd=79203 rows=10137910 fwd_ms=862396.5 eval=0 prior=0
[inst] req=16547840 hits=6405340 fwd=79237 rows=10142262 fwd_ms=862734.5 eval=0 prior=0
[inst] req=16556032 hits=6409014 fwd=79273 rows=10146870 fwd_ms=863092.2 eval=0 prior=0
[inst] req=16564224 hits=6412545 fwd=79309 rows=10151478 fwd_ms=863449.5 eval=0 prior=0
[inst] req=16572416 hits=6416258 fwd=79344 rows=10155958 fwd_ms=863798.0 eval=0 prior=0
[inst] req=16580608 hits=6420292 fwd=79377 rows=10160182 fwd_ms=864126.7 eval=0 prior=0
[inst] req=16588800 hits=6424185 fwd=79410 rows=10164406 fwd_ms=864455.4 eval=0 prior=0
[inst] req=16596992 hits=6427829 fwd=79446 rows=10169014 fwd_ms=864814.0 eval=0 prior=0
[inst] req=16605184 hits=6431407 fwd=79482 rows=10173622 fwd_ms=865172.0 eval=0 prior=0
[inst] req=16613376 hits=6435140 fwd=79517 rows=10178102 fwd_ms=865520.4 eval=0 prior=0
[inst] req=16621568 hits=6438985 fwd=79551 rows=10182454 fwd_ms=865859.0 eval=0 prior=0
[inst] req=16629760 hits=6442931 fwd=79584 rows=10186678 fwd_ms=866187.4 eval=0 prior=0
[inst] req=16637952 hits=6446696 fwd=79618 rows=10191030 fwd_ms=866524.7 eval=0 prior=0
[inst] req=16646144 hits=6450618 fwd=79652 rows=10195382 fwd_ms=866864.5 eval=0 prior=0
[inst] req=16654336 hits=6454325 fwd=79687 rows=10199862 fwd_ms=867213.2 eval=0 prior=0
[inst] req=16662528 hits=6458163 fwd=79721 rows=10204214 fwd_ms=867551.4 eval=0 prior=0
[inst] req=16670720 hits=6461928 fwd=79755 rows=10208566 fwd_ms=867890.9 eval=0 prior=0
[inst] req=16678912 hits=6465440 fwd=79792 rows=10213302 fwd_ms=868259.0 eval=0 prior=0
[inst] req=16687104 hits=6469309 fwd=79826 rows=10217654 fwd_ms=868598.5 eval=0 prior=0
[inst] req=16695296 hits=6473252 fwd=79859 rows=10221878 fwd_ms=868929.2 eval=0 prior=0
[inst] req=16703488 hits=6476974 fwd=79894 rows=10226358 fwd_ms=869279.3 eval=0 prior=0
[inst] req=16711680 hits=6480575 fwd=79930 rows=10230966 fwd_ms=869639.0 eval=0 prior=0
[inst] req=16719872 hits=6484118 fwd=79966 rows=10235574 fwd_ms=869998.9 eval=0 prior=0
[inst] req=16728064 hits=6488021 fwd=79999 rows=10239798 fwd_ms=870328.6 eval=0 prior=0
[inst] req=16736256 hits=6491813 fwd=80034 rows=10244278 fwd_ms=870677.9 eval=0 prior=0
[inst] req=16744448 hits=6495534 fwd=80069 rows=10248758 fwd_ms=871026.1 eval=0 prior=0
[inst] req=16752640 hits=6499344 fwd=80103 rows=10253110 fwd_ms=871364.8 eval=0 prior=0
[inst] req=16760832 hits=6503140 fwd=80137 rows=10257462 fwd_ms=871703.3 eval=0 prior=0
[inst] req=16769024 hits=6506760 fwd=80173 rows=10262070 fwd_ms=872063.3 eval=0 prior=0
[inst] req=16777216 hits=6510571 fwd=80207 rows=10266422 fwd_ms=872402.4 eval=0 prior=0
[inst] req=16785408 hits=6514262 fwd=80242 rows=10270902 fwd_ms=872751.4 eval=0 prior=0
[inst] req=16793600 hits=6518129 fwd=80276 rows=10275254 fwd_ms=873090.1 eval=0 prior=0
[inst] req=16801792 hits=6521852 fwd=80311 rows=10279734 fwd_ms=873439.2 eval=0 prior=0
[inst] req=16809984 hits=6525578 fwd=80346 rows=10284214 fwd_ms=873788.5 eval=0 prior=0
[inst] req=16818176 hits=6529452 fwd=80380 rows=10288566 fwd_ms=874127.9 eval=0 prior=0
[inst] req=16826368 hits=6533269 fwd=80414 rows=10292918 fwd_ms=874466.5 eval=0 prior=0
[inst] req=16834560 hits=6536828 fwd=80450 rows=10297526 fwd_ms=874826.0 eval=0 prior=0
[inst] req=16842752 hits=6540714 fwd=80484 rows=10301878 fwd_ms=875165.3 eval=0 prior=0
[inst] req=16850944 hits=6544759 fwd=80516 rows=10305974 fwd_ms=875484.1 eval=0 prior=0
[inst] req=16859136 hits=6548511 fwd=80551 rows=10310454 fwd_ms=875832.8 eval=0 prior=0
[inst] req=16867328 hits=6552070 fwd=80587 rows=10315062 fwd_ms=876192.2 eval=0 prior=0
[inst] req=16875520 hits=6555843 fwd=80622 rows=10319542 fwd_ms=876542.5 eval=0 prior=0
[inst] req=16883712 hits=6559698 fwd=80655 rows=10323766 fwd_ms=876871.5 eval=0 prior=0
[inst] req=16891904 hits=6563350 fwd=80691 rows=10328374 fwd_ms=877230.9 eval=0 prior=0
[inst] req=16900096 hits=6567148 fwd=80725 rows=10332726 fwd_ms=877570.2 eval=0 prior=0
[inst] req=16908288 hits=6570817 fwd=80761 rows=10337334 fwd_ms=877928.8 eval=0 prior=0
[inst] req=16916480 hits=6574569 fwd=80795 rows=10341686 fwd_ms=878268.4 eval=0 prior=0
[inst] req=16924672 hits=6578180 fwd=80831 rows=10346294 fwd_ms=878627.3 eval=0 prior=0
[inst] req=16932864 hits=6581913 fwd=80866 rows=10350774 fwd_ms=878976.5 eval=0 prior=0
[inst] req=16941056 hits=6585442 fwd=80902 rows=10355382 fwd_ms=879336.8 eval=0 prior=0
[inst] req=16949248 hits=6589039 fwd=80938 rows=10359990 fwd_ms=879697.3 eval=0 prior=0
[inst] req=16957440 hits=6592770 fwd=80973 rows=10364470 fwd_ms=880048.2 eval=0 prior=0
[inst] req=16965632 hits=6596538 fwd=81008 rows=10368950 fwd_ms=880399.0 eval=0 prior=0
[inst] req=16973824 hits=6600440 fwd=81041 rows=10373174 fwd_ms=880729.4 eval=0 prior=0
[inst] req=16982016 hits=6604008 fwd=81077 rows=10377782 fwd_ms=881089.6 eval=0 prior=0
[inst] req=16990208 hits=6607853 fwd=81111 rows=10382134 fwd_ms=881431.0 eval=0 prior=0
[inst] req=16998400 hits=6611611 fwd=81146 rows=10386614 fwd_ms=881781.4 eval=0 prior=0
[inst] req=17006592 hits=6615266 fwd=81181 rows=10391094 fwd_ms=882130.6 eval=0 prior=0
[inst] req=17014784 hits=6618970 fwd=81216 rows=10395574 fwd_ms=882479.5 eval=0 prior=0
[inst] req=17022976 hits=6622668 fwd=81251 rows=10400054 fwd_ms=882828.5 eval=0 prior=0
[inst] req=17031168 hits=6626371 fwd=81287 rows=10404662 fwd_ms=883187.9 eval=0 prior=0
[inst] req=17039360 hits=6630170 fwd=81321 rows=10409014 fwd_ms=883528.0 eval=0 prior=0
[inst] req=17047552 hits=6633712 fwd=81357 rows=10413622 fwd_ms=883888.6 eval=0 prior=0
[inst] req=17055744 hits=6637477 fwd=81392 rows=10418102 fwd_ms=884237.5 eval=0 prior=0
[inst] req=17063936 hits=6641241 fwd=81426 rows=10422454 fwd_ms=884576.3 eval=0 prior=0
[inst] req=17072128 hits=6645138 fwd=81460 rows=10426806 fwd_ms=884916.8 eval=0 prior=0
[inst] req=17080320 hits=6648933 fwd=81494 rows=10431158 fwd_ms=885258.1 eval=0 prior=0
[inst] req=17088512 hits=6652763 fwd=81528 rows=10435510 fwd_ms=885599.7 eval=0 prior=0
[inst] req=17096704 hits=6656502 fwd=81563 rows=10439990 fwd_ms=885951.2 eval=0 prior=0
[inst] req=17104896 hits=6660243 fwd=81598 rows=10444470 fwd_ms=886302.4 eval=0 prior=0
[inst] req=17113088 hits=6663887 fwd=81633 rows=10448950 fwd_ms=886654.3 eval=0 prior=0
[inst] req=17121280 hits=6667791 fwd=81667 rows=10453302 fwd_ms=886995.9 eval=0 prior=0
[inst] req=17129472 hits=6671597 fwd=81701 rows=10457654 fwd_ms=887337.1 eval=0 prior=0
[inst] req=17137664 hits=6675188 fwd=81737 rows=10462262 fwd_ms=887697.4 eval=0 prior=0
[inst] req=17145856 hits=6679011 fwd=81771 rows=10466614 fwd_ms=888037.0 eval=0 prior=0
[inst] req=17154048 hits=6683069 fwd=81804 rows=10470838 fwd_ms=888366.8 eval=0 prior=0
[inst] req=17162240 hits=6686602 fwd=81840 rows=10475446 fwd_ms=888726.8 eval=0 prior=0
[inst] req=17170432 hits=6690222 fwd=81876 rows=10480054 fwd_ms=889086.2 eval=0 prior=0
[inst] req=17178624 hits=6694000 fwd=81910 rows=10484406 fwd_ms=889425.9 eval=0 prior=0
[inst] req=17186816 hits=6698011 fwd=81943 rows=10488630 fwd_ms=889755.6 eval=0 prior=0
[inst] req=17195008 hits=6701770 fwd=81977 rows=10492982 fwd_ms=890096.0 eval=0 prior=0
[inst] req=17203200 hits=6705506 fwd=82012 rows=10497462 fwd_ms=890447.1 eval=0 prior=0
[inst] req=17211392 hits=6709069 fwd=82048 rows=10502070 fwd_ms=890807.1 eval=0 prior=0
[inst] req=17219584 hits=6712874 fwd=82083 rows=10506550 fwd_ms=891158.7 eval=0 prior=0
[inst] req=17227776 hits=6716412 fwd=82119 rows=10511158 fwd_ms=891520.5 eval=0 prior=0
[inst] req=17235968 hits=6720182 fwd=82154 rows=10515638 fwd_ms=891872.3 eval=0 prior=0
[inst] req=17244160 hits=6724053 fwd=82187 rows=10519862 fwd_ms=892205.5 eval=0 prior=0
[inst] req=17252352 hits=6727883 fwd=82221 rows=10524214 fwd_ms=892545.9 eval=0 prior=0
[inst] req=17260544 hits=6731437 fwd=82258 rows=10528950 fwd_ms=892915.0 eval=0 prior=0
[inst] req=17268736 hits=6735053 fwd=82293 rows=10533430 fwd_ms=893264.4 eval=0 prior=0
[inst] req=17276928 hits=6738940 fwd=82327 rows=10537782 fwd_ms=893603.7 eval=0 prior=0
[inst] req=17285120 hits=6742643 fwd=82362 rows=10542262 fwd_ms=893953.7 eval=0 prior=0
[inst] req=17293312 hits=6746456 fwd=82396 rows=10546614 fwd_ms=895410.4 eval=0 prior=0
[inst] req=17301504 hits=6749930 fwd=82433 rows=10551350 fwd_ms=897770.6 eval=0 prior=0
[inst] req=17309696 hits=6753656 fwd=82468 rows=10555830 fwd_ms=899947.5 eval=0 prior=0
[inst] req=17317888 hits=6757329 fwd=82503 rows=10560310 fwd_ms=902304.2 eval=0 prior=0
[inst] req=17326080 hits=6761032 fwd=82539 rows=10564918 fwd_ms=904674.0 eval=0 prior=0
[inst] req=17334272 hits=6764782 fwd=82573 rows=10569270 fwd_ms=906314.9 eval=0 prior=0
[inst] req=17342464 hits=6768332 fwd=82609 rows=10573878 fwd_ms=908068.4 eval=0 prior=0
[inst] req=17350656 hits=6772094 fwd=82644 rows=10578358 fwd_ms=908432.5 eval=0 prior=0
[inst] req=17358848 hits=6775669 fwd=82680 rows=10582966 fwd_ms=908814.0 eval=0 prior=0
[inst] req=17367040 hits=6776984 fwd=82734 rows=10589878 fwd_ms=909355.7 eval=0 prior=0
[inst] req=17375232 hits=6779766 fwd=82776 rows=10595254 fwd_ms=909774.6 eval=0 prior=0
[inst] req=17383424 hits=6783346 fwd=82812 rows=10599862 fwd_ms=910133.9 eval=0 prior=0
[inst] req=17391616 hits=6786921 fwd=82848 rows=10604470 fwd_ms=910493.1 eval=0 prior=0
[inst] req=17399808 hits=6790416 fwd=82885 rows=10609206 fwd_ms=910862.5 eval=0 prior=0
[inst] req=17408000 hits=6793886 fwd=82922 rows=10613942 fwd_ms=911232.2 eval=0 prior=0
[inst] req=17416192 hits=6797916 fwd=82954 rows=10618038 fwd_ms=911551.5 eval=0 prior=0
[inst] req=17424384 hits=6801564 fwd=82990 rows=10622646 fwd_ms=911910.7 eval=0 prior=0
[inst] req=17432576 hits=6805068 fwd=83026 rows=10627254 fwd_ms=912270.0 eval=0 prior=0
[inst] req=17440768 hits=6808553 fwd=83063 rows=10631990 fwd_ms=912638.2 eval=0 prior=0
[inst] req=17448960 hits=6812375 fwd=83097 rows=10636342 fwd_ms=912978.4 eval=0 prior=0
[inst] req=17457152 hits=6816291 fwd=83131 rows=10640694 fwd_ms=913319.2 eval=0 prior=0
[inst] req=17465344 hits=6820036 fwd=83166 rows=10645174 fwd_ms=913670.5 eval=0 prior=0
[inst] req=17473536 hits=6823638 fwd=83201 rows=10649654 fwd_ms=914021.0 eval=0 prior=0
[inst] req=17481728 hits=6827417 fwd=83236 rows=10654134 fwd_ms=914372.1 eval=0 prior=0
[inst] req=17489920 hits=6831337 fwd=83269 rows=10658358 fwd_ms=914702.8 eval=0 prior=0
[inst] req=17498112 hits=6835175 fwd=83303 rows=10662710 fwd_ms=915043.6 eval=0 prior=0
[inst] req=17506304 hits=6838685 fwd=83340 rows=10667446 fwd_ms=915413.4 eval=0 prior=0
[inst] req=17514496 hits=6842543 fwd=83374 rows=10671798 fwd_ms=915753.7 eval=0 prior=0
[inst] req=17522688 hits=6846486 fwd=83407 rows=10676022 fwd_ms=916083.7 eval=0 prior=0
[inst] req=17530880 hits=6850185 fwd=83442 rows=10680502 fwd_ms=916433.9 eval=0 prior=0
[inst] req=17539072 hits=6854011 fwd=83476 rows=10684854 fwd_ms=916774.1 eval=0 prior=0
[inst] req=17547264 hits=6857758 fwd=83511 rows=10689334 fwd_ms=917124.0 eval=0 prior=0
[inst] req=17555456 hits=6861405 fwd=83546 rows=10693814 fwd_ms=917474.8 eval=0 prior=0
[inst] req=17563648 hits=6865329 fwd=83580 rows=10698166 fwd_ms=917815.3 eval=0 prior=0
[inst] req=17571840 hits=6869215 fwd=83613 rows=10702390 fwd_ms=918145.5 eval=0 prior=0
[inst] req=17580032 hits=6872871 fwd=83649 rows=10706998 fwd_ms=918505.7 eval=0 prior=0
[inst] req=17588224 hits=6876622 fwd=83683 rows=10711350 fwd_ms=918844.4 eval=0 prior=0
[inst] req=17596416 hits=6880259 fwd=83719 rows=10715958 fwd_ms=919203.7 eval=0 prior=0
[inst] req=17604608 hits=6884278 fwd=83752 rows=10720182 fwd_ms=919531.8 eval=0 prior=0
[inst] req=17612800 hits=6888169 fwd=83785 rows=10724406 fwd_ms=919859.8 eval=0 prior=0
[inst] req=17620992 hits=6891992 fwd=83819 rows=10728758 fwd_ms=920200.6 eval=0 prior=0
[inst] req=17629184 hits=6895789 fwd=83854 rows=10733238 fwd_ms=920550.6 eval=0 prior=0
[inst] req=17637376 hits=6899572 fwd=83888 rows=10737590 fwd_ms=920889.6 eval=0 prior=0
[inst] req=17645568 hits=6903371 fwd=83922 rows=10741942 fwd_ms=921227.9 eval=0 prior=0
[inst] req=17653760 hits=6907122 fwd=83957 rows=10746422 fwd_ms=921576.6 eval=0 prior=0
[inst] req=17661952 hits=6910954 fwd=83991 rows=10750774 fwd_ms=921916.1 eval=0 prior=0
[inst] req=17670144 hits=6914716 fwd=84026 rows=10755254 fwd_ms=922264.9 eval=0 prior=0
[inst] req=17678336 hits=6918377 fwd=84061 rows=10759734 fwd_ms=922612.1 eval=0 prior=0
[inst] req=17686528 hits=6922131 fwd=84096 rows=10764214 fwd_ms=922960.0 eval=0 prior=0
[inst] req=17694720 hits=6925923 fwd=84130 rows=10768566 fwd_ms=923298.2 eval=0 prior=0
[inst] req=17702912 hits=6929611 fwd=84165 rows=10773046 fwd_ms=923645.4 eval=0 prior=0
[inst] req=17711104 hits=6933429 fwd=84200 rows=10777526 fwd_ms=923993.4 eval=0 prior=0
[inst] req=17719296 hits=6937273 fwd=84234 rows=10781878 fwd_ms=924330.4 eval=0 prior=0
[inst] req=17727488 hits=6940930 fwd=84269 rows=10786358 fwd_ms=924677.7 eval=0 prior=0
[inst] req=17735680 hits=6944836 fwd=84303 rows=10790710 fwd_ms=925015.9 eval=0 prior=0
[inst] req=17743872 hits=6948448 fwd=84338 rows=10795190 fwd_ms=925363.0 eval=0 prior=0
[inst] req=17752064 hits=6952092 fwd=84374 rows=10799798 fwd_ms=925720.4 eval=0 prior=0
[inst] req=17760256 hits=6955911 fwd=84408 rows=10804150 fwd_ms=926058.3 eval=0 prior=0
[inst] req=17768448 hits=6959781 fwd=84442 rows=10808502 fwd_ms=926395.9 eval=0 prior=0
[inst] req=17776640 hits=6963585 fwd=84476 rows=10812854 fwd_ms=926735.8 eval=0 prior=0
[inst] req=17784832 hits=6967381 fwd=84510 rows=10817206 fwd_ms=927073.0 eval=0 prior=0
[inst] req=17793024 hits=6971115 fwd=84545 rows=10821686 fwd_ms=927421.6 eval=0 prior=0
[inst] req=17801216 hits=6974858 fwd=84580 rows=10826166 fwd_ms=927769.2 eval=0 prior=0
[inst] req=17809408 hits=6978855 fwd=84613 rows=10830390 fwd_ms=928097.1 eval=0 prior=0
[inst] req=17817600 hits=6982602 fwd=84647 rows=10834742 fwd_ms=928433.9 eval=0 prior=0
[inst] req=17825792 hits=6986467 fwd=84681 rows=10839094 fwd_ms=928772.3 eval=0 prior=0
[inst] req=17833984 hits=6990292 fwd=84715 rows=10843446 fwd_ms=929109.7 eval=0 prior=0
[inst] req=17842176 hits=6994378 fwd=84747 rows=10847542 fwd_ms=929427.6 eval=0 prior=0
[inst] req=17850368 hits=6998063 fwd=84783 rows=10852150 fwd_ms=929785.1 eval=0 prior=0
[inst] req=17858560 hits=7001812 fwd=84817 rows=10856502 fwd_ms=930122.9 eval=0 prior=0
[inst] req=17866752 hits=7005321 fwd=84854 rows=10861238 fwd_ms=930490.7 eval=0 prior=0
[inst] req=17874944 hits=7009394 fwd=84886 rows=10865334 fwd_ms=930810.2 eval=0 prior=0
[inst] req=17883136 hits=7013157 fwd=84921 rows=10869814 fwd_ms=931158.7 eval=0 prior=0
[inst] req=17891328 hits=7017102 fwd=84954 rows=10874038 fwd_ms=931487.3 eval=0 prior=0
[inst] req=17899520 hits=7020925 fwd=84988 rows=10878390 fwd_ms=931827.2 eval=0 prior=0
[inst] req=17907712 hits=7024523 fwd=85024 rows=10882998 fwd_ms=932185.2 eval=0 prior=0
[inst] req=17915904 hits=7028458 fwd=85057 rows=10887222 fwd_ms=932513.1 eval=0 prior=0
[inst] req=17924096 hits=7032037 fwd=85093 rows=10891830 fwd_ms=932870.5 eval=0 prior=0
[inst] req=17932288 hits=7035754 fwd=85128 rows=10896310 fwd_ms=933218.4 eval=0 prior=0
[inst] req=17940480 hits=7039866 fwd=85160 rows=10900406 fwd_ms=933537.2 eval=0 prior=0
[inst] req=17948672 hits=7043642 fwd=85195 rows=10904886 fwd_ms=933885.6 eval=0 prior=0
[inst] req=17956864 hits=7047473 fwd=85229 rows=10909238 fwd_ms=934223.7 eval=0 prior=0
[inst] req=17965056 hits=7051219 fwd=85263 rows=10913590 fwd_ms=934561.8 eval=0 prior=0
[inst] req=17973248 hits=7054849 fwd=85299 rows=10918198 fwd_ms=934920.3 eval=0 prior=0
[inst] req=17981440 hits=7058580 fwd=85334 rows=10922678 fwd_ms=935268.5 eval=0 prior=0
[inst] req=17989632 hits=7062239 fwd=85369 rows=10927158 fwd_ms=935616.4 eval=0 prior=0
[inst] req=17997824 hits=7066090 fwd=85403 rows=10931510 fwd_ms=935954.8 eval=0 prior=0
[inst] req=18006016 hits=7069726 fwd=85439 rows=10936118 fwd_ms=936313.0 eval=0 prior=0
[inst] req=18014208 hits=7073505 fwd=85473 rows=10940470 fwd_ms=936651.8 eval=0 prior=0
[inst] req=18022400 hits=7077081 fwd=85509 rows=10945078 fwd_ms=937010.1 eval=0 prior=0
[inst] req=18030592 hits=7080963 fwd=85543 rows=10949430 fwd_ms=937349.3 eval=0 prior=0
[inst] req=18038784 hits=7084648 fwd=85578 rows=10953910 fwd_ms=937697.6 eval=0 prior=0
[inst] req=18046976 hits=7088440 fwd=85613 rows=10958390 fwd_ms=938047.0 eval=0 prior=0
[inst] req=18055168 hits=7092153 fwd=85648 rows=10962870 fwd_ms=938395.5 eval=0 prior=0
[inst] req=18063360 hits=7095929 fwd=85682 rows=10967222 fwd_ms=938733.9 eval=0 prior=0
[inst] req=18071552 hits=7099699 fwd=85717 rows=10971702 fwd_ms=939082.7 eval=0 prior=0
[inst] req=18079744 hits=7103392 fwd=85752 rows=10976182 fwd_ms=939431.5 eval=0 prior=0
[inst] req=18087936 hits=7107193 fwd=85786 rows=10980534 fwd_ms=939769.9 eval=0 prior=0
[inst] req=18096128 hits=7111127 fwd=85819 rows=10984758 fwd_ms=940098.4 eval=0 prior=0
[inst] req=18104320 hits=7114876 fwd=85854 rows=10989238 fwd_ms=940446.8 eval=0 prior=0
[inst] req=18112512 hits=7118562 fwd=85889 rows=10993718 fwd_ms=940795.4 eval=0 prior=0
[inst] req=18120704 hits=7122454 fwd=85923 rows=10998070 fwd_ms=941134.7 eval=0 prior=0
[inst] req=18128896 hits=7126253 fwd=85957 rows=11002422 fwd_ms=941473.1 eval=0 prior=0
[inst] req=18137088 hits=7129824 fwd=85993 rows=11007030 fwd_ms=941831.5 eval=0 prior=0
[inst] req=18145280 hits=7133717 fwd=86027 rows=11011382 fwd_ms=942170.3 eval=0 prior=0
[inst] req=18153472 hits=7137547 fwd=86061 rows=11015734 fwd_ms=942508.8 eval=0 prior=0
[inst] req=18161664 hits=7141387 fwd=86095 rows=11020086 fwd_ms=942847.5 eval=0 prior=0
[inst] req=18169856 hits=7145129 fwd=86130 rows=11024566 fwd_ms=943196.3 eval=0 prior=0
[inst] req=18178048 hits=7148986 fwd=86164 rows=11028918 fwd_ms=943535.5 eval=0 prior=0
[inst] req=18186240 hits=7152842 fwd=86197 rows=11033142 fwd_ms=943864.6 eval=0 prior=0
[inst] req=18194432 hits=7157105 fwd=86228 rows=11037110 fwd_ms=944175.8 eval=0 prior=0
[inst] req=18202624 hits=7160771 fwd=86264 rows=11041718 fwd_ms=944534.2 eval=0 prior=0
[inst] req=18210816 hits=7164381 fwd=86299 rows=11046198 fwd_ms=944883.3 eval=0 prior=0
[inst] req=18219008 hits=7168113 fwd=86334 rows=11050678 fwd_ms=945231.5 eval=0 prior=0
[inst] req=18227200 hits=7171801 fwd=86369 rows=11055158 fwd_ms=945580.1 eval=0 prior=0
[inst] req=18235392 hits=7175545 fwd=86404 rows=11059638 fwd_ms=945928.3 eval=0 prior=0
[inst] req=18243584 hits=7179425 fwd=86438 rows=11063990 fwd_ms=946267.1 eval=0 prior=0
[inst] req=18251776 hits=7182904 fwd=86475 rows=11068726 fwd_ms=946635.6 eval=0 prior=0
[inst] req=18259968 hits=7186689 fwd=86509 rows=11073078 fwd_ms=946973.9 eval=0 prior=0
[inst] req=18268160 hits=7190752 fwd=86541 rows=11077174 fwd_ms=947292.4 eval=0 prior=0
[inst] req=18276352 hits=7194619 fwd=86575 rows=11081526 fwd_ms=947631.5 eval=0 prior=0
[inst] req=18284544 hits=7198158 fwd=86611 rows=11086134 fwd_ms=947989.7 eval=0 prior=0
[inst] req=18292736 hits=7201758 fwd=86647 rows=11090742 fwd_ms=948348.0 eval=0 prior=0
[inst] req=18300928 hits=7205411 fwd=86683 rows=11095350 fwd_ms=948706.5 eval=0 prior=0
[inst] req=18309120 hits=7209248 fwd=86717 rows=11099702 fwd_ms=949045.0 eval=0 prior=0
[inst] req=18317312 hits=7212766 fwd=86753 rows=11104310 fwd_ms=949403.9 eval=0 prior=0
[inst] req=18325504 hits=7216586 fwd=86787 rows=11108662 fwd_ms=949743.3 eval=0 prior=0
[inst] req=18333696 hits=7220385 fwd=86822 rows=11113142 fwd_ms=950092.3 eval=0 prior=0
[inst] req=18341888 hits=7224010 fwd=86857 rows=11117622 fwd_ms=950440.6 eval=0 prior=0
[inst] req=18350080 hits=7227966 fwd=86891 rows=11121974 fwd_ms=950779.3 eval=0 prior=0
[inst] req=18358272 hits=7231528 fwd=86927 rows=11126582 fwd_ms=951138.4 eval=0 prior=0
[inst] req=18366464 hits=7235404 fwd=86960 rows=11130806 fwd_ms=951466.7 eval=0 prior=0
[inst] req=18374656 hits=7239021 fwd=86996 rows=11135414 fwd_ms=951824.3 eval=0 prior=0
[inst] req=18382848 hits=7242791 fwd=87031 rows=11139894 fwd_ms=952172.3 eval=0 prior=0
[inst] req=18391040 hits=7246602 fwd=87065 rows=11144246 fwd_ms=952510.6 eval=0 prior=0
[inst] req=18399232 hits=7250391 fwd=87099 rows=11148598 fwd_ms=952848.7 eval=0 prior=0
[inst] req=18407424 hits=7254023 fwd=87135 rows=11153206 fwd_ms=953207.0 eval=0 prior=0
[inst] req=18415616 hits=7257773 fwd=87170 rows=11157686 fwd_ms=953555.1 eval=0 prior=0
[inst] req=18423808 hits=7261650 fwd=87203 rows=11161910 fwd_ms=953883.3 eval=0 prior=0
[inst] req=18432000 hits=7265419 fwd=87238 rows=11166390 fwd_ms=954231.7 eval=0 prior=0
[inst] req=18440192 hits=7269199 fwd=87272 rows=11170742 fwd_ms=954570.9 eval=0 prior=0
[inst] req=18448384 hits=7272808 fwd=87308 rows=11175350 fwd_ms=954929.1 eval=0 prior=0
[inst] req=18456576 hits=7276832 fwd=87341 rows=11179574 fwd_ms=955258.3 eval=0 prior=0
[inst] req=18464768 hits=7280770 fwd=87374 rows=11183798 fwd_ms=955588.5 eval=0 prior=0
[inst] req=18472960 hits=7284480 fwd=87409 rows=11188278 fwd_ms=955939.4 eval=0 prior=0
[inst] req=18481152 hits=7288273 fwd=87443 rows=11192630 fwd_ms=956279.5 eval=0 prior=0
[inst] req=18489344 hits=7292058 fwd=87478 rows=11197110 fwd_ms=956629.0 eval=0 prior=0
[inst] req=18497536 hits=7295818 fwd=87512 rows=11201462 fwd_ms=956967.6 eval=0 prior=0
[inst] req=18505728 hits=7299558 fwd=87547 rows=11205942 fwd_ms=957315.9 eval=0 prior=0
[inst] req=18513920 hits=7303366 fwd=87582 rows=11210422 fwd_ms=957664.1 eval=0 prior=0
[inst] req=18522112 hits=7307212 fwd=87615 rows=11214646 fwd_ms=957992.6 eval=0 prior=0
[inst] req=18530304 hits=7310885 fwd=87651 rows=11219254 fwd_ms=958350.9 eval=0 prior=0
[inst] req=18538496 hits=7314596 fwd=87686 rows=11223734 fwd_ms=958699.2 eval=0 prior=0
[inst] req=18546688 hits=7318193 fwd=87722 rows=11228342 fwd_ms=959058.3 eval=0 prior=0
[inst] req=18554880 hits=7321871 fwd=87757 rows=11232822 fwd_ms=959408.0 eval=0 prior=0
[inst] req=18563072 hits=7325648 fwd=87791 rows=11237174 fwd_ms=959746.1 eval=0 prior=0
[inst] req=18571264 hits=7329253 fwd=87827 rows=11241782 fwd_ms=960104.8 eval=0 prior=0
[inst] req=18579456 hits=7332918 fwd=87863 rows=11246390 fwd_ms=960463.0 eval=0 prior=0
[inst] req=18587648 hits=7336557 fwd=87898 rows=11250870 fwd_ms=960811.2 eval=0 prior=0
[inst] req=18595840 hits=7340479 fwd=87932 rows=11255222 fwd_ms=961149.1 eval=0 prior=0
[inst] req=18604032 hits=7344169 fwd=87967 rows=11259702 fwd_ms=961497.6 eval=0 prior=0
[inst] req=18612224 hits=7347779 fwd=88003 rows=11264310 fwd_ms=961856.8 eval=0 prior=0
[inst] req=18620416 hits=7351499 fwd=88037 rows=11268662 fwd_ms=962195.1 eval=0 prior=0
[inst] req=18628608 hits=7355251 fwd=88072 rows=11273142 fwd_ms=962544.7 eval=0 prior=0
[inst] req=18636800 hits=7359041 fwd=88107 rows=11277622 fwd_ms=962892.9 eval=0 prior=0
[inst] req=18644992 hits=7362515 fwd=88143 rows=11282230 fwd_ms=963250.6 eval=0 prior=0
[inst] req=18653184 hits=7366410 fwd=88177 rows=11286582 fwd_ms=963589.8 eval=0 prior=0
[inst] req=18661376 hits=7370177 fwd=88212 rows=11291062 fwd_ms=963938.1 eval=0 prior=0
[inst] req=18669568 hits=7373867 fwd=88247 rows=11295542 fwd_ms=964285.8 eval=0 prior=0
[inst] req=18677760 hits=7377669 fwd=88281 rows=11299894 fwd_ms=964624.1 eval=0 prior=0
[inst] req=18685952 hits=7381330 fwd=88316 rows=11304374 fwd_ms=964972.3 eval=0 prior=0
[inst] req=18694144 hits=7385040 fwd=88351 rows=11308854 fwd_ms=965320.6 eval=0 prior=0
[inst] req=18702336 hits=7388748 fwd=88386 rows=11313334 fwd_ms=965668.4 eval=0 prior=0
[inst] req=18710528 hits=7392523 fwd=88421 rows=11317814 fwd_ms=966016.6 eval=0 prior=0
[inst] req=18718720 hits=7396149 fwd=88457 rows=11322422 fwd_ms=966375.1 eval=0 prior=0
[inst] req=18726912 hits=7399984 fwd=88491 rows=11326774 fwd_ms=966713.9 eval=0 prior=0
[inst] req=18735104 hits=7403806 fwd=88525 rows=11331126 fwd_ms=967052.2 eval=0 prior=0
[inst] req=18743296 hits=7407565 fwd=88559 rows=11335478 fwd_ms=967390.3 eval=0 prior=0
[inst] req=18751488 hits=7411402 fwd=88593 rows=11339830 fwd_ms=967728.8 eval=0 prior=0
[inst] req=18759680 hits=7415320 fwd=88627 rows=11344182 fwd_ms=968067.5 eval=0 prior=0
[inst] req=18767872 hits=7418933 fwd=88663 rows=11348790 fwd_ms=968425.4 eval=0 prior=0
[inst] req=18776064 hits=7422642 fwd=88698 rows=11353270 fwd_ms=968773.9 eval=0 prior=0
[inst] req=18784256 hits=7426384 fwd=88732 rows=11357622 fwd_ms=969112.1 eval=0 prior=0
[inst] req=18792448 hits=7430003 fwd=88768 rows=11362230 fwd_ms=969470.2 eval=0 prior=0
[inst] req=18800640 hits=7433945 fwd=88801 rows=11366454 fwd_ms=969798.5 eval=0 prior=0
[inst] req=18808832 hits=7437770 fwd=88835 rows=11370806 fwd_ms=970137.6 eval=0 prior=0
[inst] req=18817024 hits=7441425 fwd=88871 rows=11375414 fwd_ms=970496.0 eval=0 prior=0
[inst] req=18825216 hits=7445204 fwd=88905 rows=11379766 fwd_ms=970834.6 eval=0 prior=0
[inst] req=18833408 hits=7449042 fwd=88939 rows=11384118 fwd_ms=971172.9 eval=0 prior=0
[inst] req=18841600 hits=7452888 fwd=88973 rows=11388470 fwd_ms=971511.4 eval=0 prior=0
[inst] req=18849792 hits=7456530 fwd=89009 rows=11393078 fwd_ms=971869.8 eval=0 prior=0
[inst] req=18857984 hits=7460299 fwd=89043 rows=11397430 fwd_ms=972208.3 eval=0 prior=0
[inst] req=18866176 hits=7464036 fwd=89078 rows=11401910 fwd_ms=972556.6 eval=0 prior=0
[inst] req=18874368 hits=7467868 fwd=89112 rows=11406262 fwd_ms=972894.8 eval=0 prior=0
[inst] req=18882560 hits=7471751 fwd=89146 rows=11410614 fwd_ms=973234.0 eval=0 prior=0
[inst] req=18890752 hits=7475444 fwd=89181 rows=11415094 fwd_ms=973583.2 eval=0 prior=0
[inst] req=18898944 hits=7479376 fwd=89214 rows=11419318 fwd_ms=973912.2 eval=0 prior=0
[inst] req=18907136 hits=7483206 fwd=89249 rows=11423798 fwd_ms=974260.5 eval=0 prior=0
[inst] req=18915328 hits=7487007 fwd=89283 rows=11428150 fwd_ms=974599.2 eval=0 prior=0
[inst] req=18923520 hits=7490921 fwd=89316 rows=11432374 fwd_ms=974928.1 eval=0 prior=0
[inst] req=18931712 hits=7494630 fwd=89351 rows=11436854 fwd_ms=975276.5 eval=0 prior=0
[inst] req=18939904 hits=7498588 fwd=89384 rows=11441078 fwd_ms=975604.2 eval=0 prior=0
[inst] req=18948096 hits=7502282 fwd=89419 rows=11445558 fwd_ms=975952.4 eval=0 prior=0
[inst] req=18956288 hits=7506194 fwd=89453 rows=11449910 fwd_ms=976291.2 eval=0 prior=0
[inst] req=18964480 hits=7509821 fwd=89489 rows=11454518 fwd_ms=976650.3 eval=0 prior=0
[inst] req=18972672 hits=7513697 fwd=89522 rows=11458742 fwd_ms=976979.0 eval=0 prior=0
[inst] req=18980864 hits=7517534 fwd=89556 rows=11463094 fwd_ms=977317.5 eval=0 prior=0
[inst] req=18989056 hits=7521188 fwd=89592 rows=11467702 fwd_ms=977675.6 eval=0 prior=0
[inst] req=18997248 hits=7524939 fwd=89626 rows=11472054 fwd_ms=978013.3 eval=0 prior=0
[inst] req=19005440 hits=7528624 fwd=89662 rows=11476662 fwd_ms=978371.5 eval=0 prior=0
[inst] req=19013632 hits=7532410 fwd=89696 rows=11481014 fwd_ms=978709.7 eval=0 prior=0
[inst] req=19021824 hits=7536109 fwd=89731 rows=11485494 fwd_ms=979057.2 eval=0 prior=0
[inst] req=19030016 hits=7539775 fwd=89767 rows=11490102 fwd_ms=979415.2 eval=0 prior=0
[inst] req=19038208 hits=7543593 fwd=89801 rows=11494454 fwd_ms=979752.8 eval=0 prior=0
[inst] req=19046400 hits=7547519 fwd=89834 rows=11498678 fwd_ms=980081.2 eval=0 prior=0
[inst] req=19054592 hits=7551282 fwd=89869 rows=11503158 fwd_ms=980429.5 eval=0 prior=0
[inst] req=19062784 hits=7555012 fwd=89904 rows=11507638 fwd_ms=980777.8 eval=0 prior=0
[inst] req=19070976 hits=7558724 fwd=89939 rows=11512118 fwd_ms=981126.6 eval=0 prior=0
[inst] req=19079168 hits=7562630 fwd=89972 rows=11516342 fwd_ms=981454.9 eval=0 prior=0
[inst] req=19087360 hits=7566509 fwd=90006 rows=11520694 fwd_ms=981792.8 eval=0 prior=0
[inst] req=19095552 hits=7570211 fwd=90041 rows=11525174 fwd_ms=982140.9 eval=0 prior=0
[inst] req=19103744 hits=7573929 fwd=90076 rows=11529654 fwd_ms=982488.3 eval=0 prior=0
[inst] req=19111936 hits=7577826 fwd=90109 rows=11533878 fwd_ms=982817.2 eval=0 prior=0
[inst] req=19120128 hits=7581749 fwd=90143 rows=11538230 fwd_ms=983155.4 eval=0 prior=0
[inst] req=19128320 hits=7585422 fwd=90178 rows=11542710 fwd_ms=983504.1 eval=0 prior=0
[inst] req=19136512 hits=7589335 fwd=90211 rows=11546934 fwd_ms=983835.7 eval=0 prior=0
[inst] req=19144704 hits=7593248 fwd=90245 rows=11551286 fwd_ms=984176.5 eval=0 prior=0
[inst] req=19152896 hits=7596927 fwd=90280 rows=11555766 fwd_ms=984527.3 eval=0 prior=0
[inst] req=19161088 hits=7600504 fwd=90316 rows=11560374 fwd_ms=984889.0 eval=0 prior=0
[inst] req=19169280 hits=7604350 fwd=90350 rows=11564726 fwd_ms=985231.9 eval=0 prior=0
[inst] req=19177472 hits=7608192 fwd=90384 rows=11569078 fwd_ms=985572.9 eval=0 prior=0
[inst] req=19185664 hits=7611925 fwd=90419 rows=11573558 fwd_ms=985924.0 eval=0 prior=0
[inst] req=19193856 hits=7615952 fwd=90451 rows=11577654 fwd_ms=986244.1 eval=0 prior=0
[inst] req=19202048 hits=7619656 fwd=90487 rows=11582262 fwd_ms=986603.7 eval=0 prior=0
[inst] req=19210240 hits=7623543 fwd=90520 rows=11586486 fwd_ms=986933.7 eval=0 prior=0
[inst] req=19218432 hits=7627267 fwd=90555 rows=11590966 fwd_ms=987284.2 eval=0 prior=0
[inst] req=19226624 hits=7631028 fwd=90590 rows=11595446 fwd_ms=987634.4 eval=0 prior=0
[inst] req=19234816 hits=7634890 fwd=90623 rows=11599670 fwd_ms=987970.3 eval=0 prior=0
[inst] req=19243008 hits=7638647 fwd=90658 rows=11604150 fwd_ms=990194.5 eval=0 prior=0
[inst] req=19251200 hits=7642454 fwd=90692 rows=11608502 fwd_ms=992492.6 eval=0 prior=0
[inst] req=19259392 hits=7646236 fwd=90727 rows=11612982 fwd_ms=994677.2 eval=0 prior=0
[inst] req=19267584 hits=7649933 fwd=90762 rows=11617462 fwd_ms=996643.8 eval=0 prior=0
[inst] req=19275776 hits=7653798 fwd=90796 rows=11621814 fwd_ms=998429.3 eval=0 prior=0
[inst] req=19283968 hits=7657295 fwd=90832 rows=11626422 fwd_ms=1000676.5 eval=0 prior=0
[inst] req=19292160 hits=7661021 fwd=90867 rows=11630902 fwd_ms=1002061.7 eval=0 prior=0
[inst] req=19300352 hits=7664792 fwd=90902 rows=11635382 fwd_ms=1002420.8 eval=0 prior=0
[inst] req=19308544 hits=7667944 fwd=90941 rows=11640374 fwd_ms=1002835.1 eval=0 prior=0
[inst] req=19316736 hits=7669380 fwd=90994 rows=11647158 fwd_ms=1003364.2 eval=0 prior=0
[inst] req=19324928 hits=7672129 fwd=91037 rows=11652662 fwd_ms=1003794.5 eval=0 prior=0
[inst] req=19333120 hits=7675627 fwd=91073 rows=11657270 fwd_ms=1004153.9 eval=0 prior=0
[inst] req=19341312 hits=7679296 fwd=91109 rows=11661878 fwd_ms=1004514.0 eval=0 prior=0
[inst] req=19349504 hits=7682589 fwd=91147 rows=11666742 fwd_ms=1004893.5 eval=0 prior=0
[inst] req=19357696 hits=7686182 fwd=91183 rows=11671350 fwd_ms=1005253.8 eval=0 prior=0
[inst] req=19365888 hits=7689954 fwd=91217 rows=11675702 fwd_ms=1005593.3 eval=0 prior=0
[inst] req=19374080 hits=7693644 fwd=91252 rows=11680182 fwd_ms=1005943.1 eval=0 prior=0
[inst] req=19382272 hits=7697422 fwd=91287 rows=11684662 fwd_ms=1006292.3 eval=0 prior=0
[inst] req=19390464 hits=7700768 fwd=91325 rows=11689526 fwd_ms=1006670.9 eval=0 prior=0
[inst] req=19398656 hits=7704285 fwd=91361 rows=11694134 fwd_ms=1007029.3 eval=0 prior=0
[inst] req=19406848 hits=7707961 fwd=91397 rows=11698742 fwd_ms=1007388.3 eval=0 prior=0
[inst] req=19415040 hits=7711377 fwd=91434 rows=11703478 fwd_ms=1007757.3 eval=0 prior=0
[inst] req=19423232 hits=7715152 fwd=91468 rows=11707830 fwd_ms=1008096.5 eval=0 prior=0
[inst] req=19431424 hits=7718764 fwd=91504 rows=11712438 fwd_ms=1008454.8 eval=0 prior=0
[inst] req=19439616 hits=7722107 fwd=91542 rows=11717302 fwd_ms=1008833.6 eval=0 prior=0
[inst] req=19447808 hits=7725865 fwd=91577 rows=11721782 fwd_ms=1009183.0 eval=0 prior=0
[inst] req=19456000 hits=7729521 fwd=91612 rows=11726262 fwd_ms=1009531.6 eval=0 prior=0
[inst] req=19464192 hits=7733298 fwd=91647 rows=11730742 fwd_ms=1009880.9 eval=0 prior=0
[inst] req=19472384 hits=7736790 fwd=91683 rows=11735350 fwd_ms=1010239.8 eval=0 prior=0
[inst] req=19480576 hits=7740443 fwd=91719 rows=11739958 fwd_ms=1010597.8 eval=0 prior=0
[inst] req=19488768 hits=7744025 fwd=91755 rows=11744566 fwd_ms=1010955.7 eval=0 prior=0
[inst] req=19496960 hits=7747689 fwd=91790 rows=11749046 fwd_ms=1011303.9 eval=0 prior=0
[inst] req=19505152 hits=7751386 fwd=91825 rows=11753526 fwd_ms=1011652.6 eval=0 prior=0
[inst] req=19513344 hits=7754977 fwd=91861 rows=11758134 fwd_ms=1012010.8 eval=0 prior=0
[inst] req=19521536 hits=7758667 fwd=91896 rows=11762614 fwd_ms=1012358.9 eval=0 prior=0
[inst] req=19529728 hits=7762303 fwd=91932 rows=11767222 fwd_ms=1012716.7 eval=0 prior=0
[inst] req=19537920 hits=7765876 fwd=91968 rows=11771830 fwd_ms=1013074.4 eval=0 prior=0
[inst] req=19546112 hits=7769610 fwd=92003 rows=11776310 fwd_ms=1013422.0 eval=0 prior=0
[inst] req=19554304 hits=7773342 fwd=92038 rows=11780790 fwd_ms=1013770.0 eval=0 prior=0
[inst] req=19562496 hits=7776923 fwd=92074 rows=11785398 fwd_ms=1014127.3 eval=0 prior=0
[inst] req=19570688 hits=7780635 fwd=92109 rows=11789878 fwd_ms=1014474.9 eval=0 prior=0
[inst] req=19578880 hits=7784454 fwd=92143 rows=11794230 fwd_ms=1014812.4 eval=0 prior=0
[inst] req=19587072 hits=7788036 fwd=92179 rows=11798838 fwd_ms=1015169.8 eval=0 prior=0
[inst] req=19595264 hits=7791604 fwd=92215 rows=11803446 fwd_ms=1015527.1 eval=0 prior=0
[inst] req=19603456 hits=7795299 fwd=92250 rows=11807926 fwd_ms=1015874.0 eval=0 prior=0
[inst] req=19611648 hits=7798932 fwd=92286 rows=11812534 fwd_ms=1016230.8 eval=0 prior=0
[inst] req=19619840 hits=7802706 fwd=92320 rows=11816886 fwd_ms=1016568.3 eval=0 prior=0
[inst] req=19628032 hits=7806527 fwd=92355 rows=11821366 fwd_ms=1016915.6 eval=0 prior=0
[inst] req=19636224 hits=7809941 fwd=92392 rows=11826102 fwd_ms=1017282.5 eval=0 prior=0
[inst] req=19644416 hits=7813748 fwd=92426 rows=11830454 fwd_ms=1017619.5 eval=0 prior=0
[inst] req=19652608 hits=7817373 fwd=92462 rows=11835062 fwd_ms=1017976.9 eval=0 prior=0
[inst] req=19660800 hits=7820885 fwd=92498 rows=11839670 fwd_ms=1018335.1 eval=0 prior=0
[inst] req=19668992 hits=7824901 fwd=92531 rows=11843894 fwd_ms=1018662.2 eval=0 prior=0
[inst] req=19677184 hits=7828635 fwd=92566 rows=11848374 fwd_ms=1019009.2 eval=0 prior=0
[inst] req=19685376 hits=7832306 fwd=92601 rows=11852854 fwd_ms=1019356.4 eval=0 prior=0
[inst] req=19693568 hits=7835923 fwd=92637 rows=11857462 fwd_ms=1019713.3 eval=0 prior=0
[inst] req=19701760 hits=7839699 fwd=92671 rows=11861814 fwd_ms=1020049.6 eval=0 prior=0
[inst] req=19709952 hits=7843411 fwd=92706 rows=11866294 fwd_ms=1020396.5 eval=0 prior=0
[inst] req=19718144 hits=7847031 fwd=92742 rows=11870902 fwd_ms=1020753.6 eval=0 prior=0
[inst] req=19726336 hits=7850583 fwd=92778 rows=11875510 fwd_ms=1021110.1 eval=0 prior=0
[inst] req=19734528 hits=7854437 fwd=92812 rows=11879862 fwd_ms=1021446.9 eval=0 prior=0
[inst] req=19742720 hits=7858200 fwd=92847 rows=11884342 fwd_ms=1021794.9 eval=0 prior=0
[inst] req=19750912 hits=7861748 fwd=92883 rows=11888950 fwd_ms=1022151.7 eval=0 prior=0
[inst] req=19759104 hits=7865424 fwd=92918 rows=11893430 fwd_ms=1022498.9 eval=0 prior=0
[inst] req=19767296 hits=7869311 fwd=92952 rows=11897782 fwd_ms=1022835.2 eval=0 prior=0
[inst] req=19775488 hits=7873104 fwd=92986 rows=11902134 fwd_ms=1023173.7 eval=0 prior=0
[inst] req=19783680 hits=7876872 fwd=93021 rows=11906614 fwd_ms=1023521.1 eval=0 prior=0
[inst] req=19791872 hits=7880626 fwd=93056 rows=11911094 fwd_ms=1023868.5 eval=0 prior=0
[inst] req=19800064 hits=7884253 fwd=93091 rows=11915574 fwd_ms=1024216.2 eval=0 prior=0
[inst] req=19808256 hits=7887848 fwd=93127 rows=11920182 fwd_ms=1024573.5 eval=0 prior=0
[inst] req=19816448 hits=7891358 fwd=93164 rows=11924918 fwd_ms=1024940.6 eval=0 prior=0
[inst] req=19824640 hits=7895157 fwd=93198 rows=11929270 fwd_ms=1025278.8 eval=0 prior=0
[inst] req=19832832 hits=7898806 fwd=93234 rows=11933878 fwd_ms=1025636.6 eval=0 prior=0
[inst] req=19841024 hits=7902499 fwd=93269 rows=11938358 fwd_ms=1025984.8 eval=0 prior=0
[inst] req=19849216 hits=7906025 fwd=93305 rows=11942966 fwd_ms=1026342.2 eval=0 prior=0
[inst] req=19857408 hits=7909598 fwd=93341 rows=11947574 fwd_ms=1026700.9 eval=0 prior=0
[inst] req=19865600 hits=7913383 fwd=93376 rows=11952054 fwd_ms=1027049.3 eval=0 prior=0
[inst] req=19873792 hits=7917233 fwd=93410 rows=11956406 fwd_ms=1027387.4 eval=0 prior=0
[inst] req=19881984 hits=7920748 fwd=93446 rows=11961014 fwd_ms=1027745.2 eval=0 prior=0
[inst] req=19890176 hits=7924614 fwd=93480 rows=11965366 fwd_ms=1028082.9 eval=0 prior=0
[inst] req=19898368 hits=7928522 fwd=93513 rows=11969590 fwd_ms=1028410.7 eval=0 prior=0
[inst] req=19906560 hits=7932267 fwd=93548 rows=11974070 fwd_ms=1028758.6 eval=0 prior=0
[inst] req=19914752 hits=7935944 fwd=93584 rows=11978678 fwd_ms=1029117.7 eval=0 prior=0
[inst] req=19922944 hits=7939698 fwd=93618 rows=11983030 fwd_ms=1029456.2 eval=0 prior=0
[inst] req=19931136 hits=7943527 fwd=93652 rows=11987382 fwd_ms=1029794.4 eval=0 prior=0
[inst] req=19939328 hits=7947411 fwd=93686 rows=11991734 fwd_ms=1030133.7 eval=0 prior=0
[inst] req=19947520 hits=7950940 fwd=93722 rows=11996342 fwd_ms=1030492.0 eval=0 prior=0
[inst] req=19955712 hits=7954890 fwd=93755 rows=12000566 fwd_ms=1030821.0 eval=0 prior=0
[inst] req=19963904 hits=7958608 fwd=93790 rows=12005046 fwd_ms=1031169.5 eval=0 prior=0
[inst] req=19972096 hits=7962328 fwd=93825 rows=12009526 fwd_ms=1031517.6 eval=0 prior=0
[inst] req=19980288 hits=7966188 fwd=93859 rows=12013878 fwd_ms=1031855.6 eval=0 prior=0
[inst] req=19988480 hits=7969876 fwd=93894 rows=12018358 fwd_ms=1032204.5 eval=0 prior=0
[inst] req=19996672 hits=7973600 fwd=93929 rows=12022838 fwd_ms=1032553.1 eval=0 prior=0
[inst] req=20004864 hits=7977239 fwd=93965 rows=12027446 fwd_ms=1032911.0 eval=0 prior=0
[inst] req=20013056 hits=7981268 fwd=93997 rows=12031542 fwd_ms=1033230.5 eval=0 prior=0
[inst] req=20021248 hits=7985305 fwd=94030 rows=12035766 fwd_ms=1033558.8 eval=0 prior=0
[inst] req=20029440 hits=7989087 fwd=94064 rows=12040118 fwd_ms=1033897.1 eval=0 prior=0
[inst] req=20037632 hits=7992758 fwd=94100 rows=12044726 fwd_ms=1034255.4 eval=0 prior=0
[inst] req=20045824 hits=7996539 fwd=94134 rows=12049078 fwd_ms=1034593.5 eval=0 prior=0
[inst] req=20054016 hits=8000212 fwd=94169 rows=12053558 fwd_ms=1034942.1 eval=0 prior=0
[inst] req=20062208 hits=8004045 fwd=94203 rows=12057910 fwd_ms=1035281.3 eval=0 prior=0
[inst] req=20070400 hits=8007743 fwd=94239 rows=12062518 fwd_ms=1035640.3 eval=0 prior=0
[inst] req=20078592 hits=8011496 fwd=94273 rows=12066870 fwd_ms=1035979.1 eval=0 prior=0
[inst] req=20086784 hits=8015373 fwd=94307 rows=12071222 fwd_ms=1036317.8 eval=0 prior=0
[inst] req=20094976 hits=8019280 fwd=94340 rows=12075446 fwd_ms=1036647.6 eval=0 prior=0
[inst] req=20103168 hits=8023186 fwd=94374 rows=12079798 fwd_ms=1036986.1 eval=0 prior=0
[inst] req=20111360 hits=8027037 fwd=94408 rows=12084150 fwd_ms=1037325.0 eval=0 prior=0
[inst] req=20119552 hits=8031062 fwd=94440 rows=12088246 fwd_ms=1037643.4 eval=0 prior=0
[inst] req=20127744 hits=8034767 fwd=94475 rows=12092726 fwd_ms=1037991.8 eval=0 prior=0
[inst] req=20135936 hits=8038483 fwd=94510 rows=12097206 fwd_ms=1038340.1 eval=0 prior=0
[inst] req=20144128 hits=8042371 fwd=94544 rows=12101558 fwd_ms=1038679.2 eval=0 prior=0
[inst] req=20152320 hits=8046164 fwd=94578 rows=12105910 fwd_ms=1039019.7 eval=0 prior=0
[inst] req=20160512 hits=8049913 fwd=94613 rows=12110390 fwd_ms=1039368.8 eval=0 prior=0
[inst] req=20168704 hits=8053431 fwd=94650 rows=12115126 fwd_ms=1039737.6 eval=0 prior=0
[inst] req=20176896 hits=8057289 fwd=94684 rows=12119478 fwd_ms=1040076.6 eval=0 prior=0
[inst] req=20185088 hits=8061016 fwd=94718 rows=12123830 fwd_ms=1040415.2 eval=0 prior=0
[inst] req=20193280 hits=8064610 fwd=94754 rows=12128438 fwd_ms=1040774.0 eval=0 prior=0
[inst] req=20201472 hits=8068514 fwd=94788 rows=12132790 fwd_ms=1041112.7 eval=0 prior=0
[inst] req=20209664 hits=8072432 fwd=94821 rows=12137014 fwd_ms=1041441.7 eval=0 prior=0
[inst] req=20217856 hits=8075835 fwd=94859 rows=12141878 fwd_ms=1041820.5 eval=0 prior=0
[inst] req=20226048 hits=8079735 fwd=94892 rows=12146102 fwd_ms=1042149.4 eval=0 prior=0
[inst] req=20234240 hits=8083318 fwd=94928 rows=12150710 fwd_ms=1042508.1 eval=0 prior=0
[inst] req=20242432 hits=8087063 fwd=94963 rows=12155190 fwd_ms=1042857.5 eval=0 prior=0
[inst] req=20250624 hits=8090774 fwd=94998 rows=12159670 fwd_ms=1043205.8 eval=0 prior=0
[inst] req=20258816 hits=8094211 fwd=95035 rows=12164406 fwd_ms=1043575.1 eval=0 prior=0
[inst] req=20267008 hits=8097785 fwd=95071 rows=12169014 fwd_ms=1043933.7 eval=0 prior=0
[inst] req=20275200 hits=8101653 fwd=95105 rows=12173366 fwd_ms=1044273.2 eval=0 prior=0
[inst] req=20283392 hits=8105387 fwd=95140 rows=12177846 fwd_ms=1044621.9 eval=0 prior=0
[inst] req=20291584 hits=8109017 fwd=95175 rows=12182326 fwd_ms=1044970.4 eval=0 prior=0
[inst] req=20299776 hits=8112795 fwd=95210 rows=12186806 fwd_ms=1045319.2 eval=0 prior=0
[inst] req=20307968 hits=8116523 fwd=95245 rows=12191286 fwd_ms=1045668.2 eval=0 prior=0
[inst] req=20316160 hits=8120102 fwd=95281 rows=12195894 fwd_ms=1046027.7 eval=0 prior=0
[inst] req=20324352 hits=8123635 fwd=95317 rows=12200502 fwd_ms=1046387.0 eval=0 prior=0
[inst] req=20332544 hits=8127307 fwd=95352 rows=12204982 fwd_ms=1046736.1 eval=0 prior=0
[inst] req=20340736 hits=8131047 fwd=95387 rows=12209462 fwd_ms=1047084.9 eval=0 prior=0
[inst] req=20348928 hits=8134609 fwd=95423 rows=12214070 fwd_ms=1047443.5 eval=0 prior=0
[inst] req=20357120 hits=8138160 fwd=95460 rows=12218806 fwd_ms=1047812.3 eval=0 prior=0
[inst] req=20365312 hits=8141690 fwd=95496 rows=12223414 fwd_ms=1048171.0 eval=0 prior=0
[inst] req=20373504 hits=8145189 fwd=95533 rows=12228150 fwd_ms=1048540.3 eval=0 prior=0
[inst] req=20381696 hits=8148953 fwd=95567 rows=12232502 fwd_ms=1048879.2 eval=0 prior=0
[inst] req=20389888 hits=8152811 fwd=95601 rows=12236854 fwd_ms=1049218.3 eval=0 prior=0
[inst] req=20398080 hits=8156401 fwd=95637 rows=12241462 fwd_ms=1049577.2 eval=0 prior=0
[inst] req=20406272 hits=8160069 fwd=95673 rows=12246070 fwd_ms=1049938.3 eval=0 prior=0
[inst] req=20414464 hits=8163745 fwd=95708 rows=12250550 fwd_ms=1050287.2 eval=0 prior=0
[inst] req=20422656 hits=8167410 fwd=95743 rows=12255030 fwd_ms=1050636.6 eval=0 prior=0
[inst] req=20430848 hits=8171318 fwd=95777 rows=12259382 fwd_ms=1050975.7 eval=0 prior=0
[inst] req=20439040 hits=8174910 fwd=95813 rows=12263990 fwd_ms=1051334.4 eval=0 prior=0
[inst] req=20447232 hits=8178465 fwd=95849 rows=12268598 fwd_ms=1051693.7 eval=0 prior=0
[inst] req=20455424 hits=8182458 fwd=95882 rows=12272822 fwd_ms=1052023.4 eval=0 prior=0
[inst] req=20463616 hits=8186247 fwd=95916 rows=12277174 fwd_ms=1052363.3 eval=0 prior=0
[inst] req=20471808 hits=8190130 fwd=95950 rows=12281526 fwd_ms=1052703.0 eval=0 prior=0
[inst] req=20480000 hits=8193995 fwd=95983 rows=12285750 fwd_ms=1053032.7 eval=0 prior=0
[inst] req=20488192 hits=8197638 fwd=96019 rows=12290358 fwd_ms=1053391.8 eval=0 prior=0
[inst] req=20496384 hits=8201182 fwd=96055 rows=12294966 fwd_ms=1053750.9 eval=0 prior=0
[inst] req=20504576 hits=8204787 fwd=96091 rows=12299574 fwd_ms=1054110.4 eval=0 prior=0
[inst] req=20512768 hits=8208558 fwd=96126 rows=12304054 fwd_ms=1054459.7 eval=0 prior=0
[inst] req=20520960 hits=8212346 fwd=96160 rows=12308406 fwd_ms=1054798.8 eval=0 prior=0
[inst] req=20529152 hits=8216035 fwd=96195 rows=12312886 fwd_ms=1055147.8 eval=0 prior=0
[inst] req=20537344 hits=8219427 fwd=96233 rows=12317750 fwd_ms=1055526.6 eval=0 prior=0
[inst] req=20545536 hits=8223254 fwd=96267 rows=12322102 fwd_ms=1055865.4 eval=0 prior=0
[inst] req=20553728 hits=8227034 fwd=96301 rows=12326454 fwd_ms=1056204.3 eval=0 prior=0
[inst] req=20561920 hits=8230762 fwd=96336 rows=12330934 fwd_ms=1056553.2 eval=0 prior=0
[inst] req=20570112 hits=8234532 fwd=96371 rows=12335414 fwd_ms=1056901.8 eval=0 prior=0
[inst] req=20578304 hits=8238345 fwd=96405 rows=12339766 fwd_ms=1057240.7 eval=0 prior=0
[inst] req=20586496 hits=8242185 fwd=96439 rows=12344118 fwd_ms=1057579.6 eval=0 prior=0
