Logging directory: /home/ubuntu/rl/reinfors-benchmarks/runs/v1_grid_ext/os_a1024b512/cycle3/throughput
Creating model: /home/ubuntu/rl/reinfors-benchmarks/runs/v1_grid_ext/os_a1024b512/cycle3/throughput/vpnet.pb
Playing game: chess
Loading model from step 0
[W TensorCompare.cpp:530] Warning: where received a uint8 condition tensor. This behavior is deprecated and will be removed in a future version of PyTorch. Use a boolean condition instead. (function operator())
[inst] req=8192 hits=1375 fwd=13 rows=6199 fwd_ms=643.4 eval=0 prior=0
[inst] req=16384 hits=2464 fwd=27 rows=13367 fwd_ms=1037.2 eval=0 prior=0
[inst] req=24576 hits=3524 fwd=41 rows=20535 fwd_ms=1430.7 eval=0 prior=0
[inst] req=32768 hits=6089 fwd=51 rows=25655 fwd_ms=1712.9 eval=0 prior=0
[inst] req=40960 hits=9673 fwd=60 rows=30263 fwd_ms=1969.2 eval=0 prior=0
[inst] req=49152 hits=12745 fwd=70 rows=35383 fwd_ms=2251.3 eval=0 prior=0
[inst] req=57344 hits=15817 fwd=80 rows=40503 fwd_ms=2535.5 eval=0 prior=0
[inst] req=65536 hits=19913 fwd=88 rows=44599 fwd_ms=2762.0 eval=0 prior=0
[inst] req=73728 hits=21961 fwd=100 rows=50743 fwd_ms=3100.5 eval=0 prior=0
[inst] req=81920 hits=21961 fwd=116 rows=58935 fwd_ms=3552.7 eval=0 prior=0
[inst] req=90112 hits=24009 fwd=128 rows=65079 fwd_ms=3891.8 eval=0 prior=0
[inst] req=98304 hits=25993 fwd=141 rows=71735 fwd_ms=4260.3 eval=0 prior=0
[inst] req=106496 hits=28474 fwd=152 rows=77367 fwd_ms=4571.7 eval=0 prior=0
[inst] req=114688 hits=29540 fwd=166 rows=84535 fwd_ms=4968.0 eval=0 prior=0
[inst] req=122880 hits=32955 fwd=175 rows=89143 fwd_ms=5223.0 eval=0 prior=0
[inst] req=131072 hits=36682 fwd=184 rows=93751 fwd_ms=5477.9 eval=0 prior=0
[inst] req=139264 hits=39632 fwd=194 rows=98871 fwd_ms=5760.8 eval=0 prior=0
[inst] req=147456 hits=42809 fwd=204 rows=103991 fwd_ms=6045.3 eval=0 prior=0
[inst] req=155648 hits=46904 fwd=212 rows=108087 fwd_ms=6273.4 eval=0 prior=0
[inst] req=163840 hits=49972 fwd=222 rows=113207 fwd_ms=6556.3 eval=0 prior=0
[inst] req=172032 hits=52049 fwd=234 rows=119351 fwd_ms=6895.7 eval=0 prior=0
[inst] req=180224 hits=54724 fwd=245 rows=124983 fwd_ms=7206.6 eval=0 prior=0
[inst] req=188416 hits=57759 fwd=255 rows=130103 fwd_ms=7491.8 eval=0 prior=0
[inst] req=196608 hits=60752 fwd=265 rows=135223 fwd_ms=7774.5 eval=0 prior=0
[inst] req=204800 hits=64619 fwd=273 rows=139319 fwd_ms=8000.4 eval=0 prior=0
[inst] req=212992 hits=68341 fwd=282 rows=143927 fwd_ms=8259.9 eval=0 prior=0
[inst] req=221184 hits=72353 fwd=290 rows=148023 fwd_ms=8486.4 eval=0 prior=0
[inst] req=229376 hits=76492 fwd=298 rows=152119 fwd_ms=8712.5 eval=0 prior=0
[inst] req=237568 hits=80978 fwd=305 rows=155703 fwd_ms=8910.8 eval=0 prior=0
[inst] req=245760 hits=85555 fwd=312 rows=159287 fwd_ms=9109.7 eval=0 prior=0
[inst] req=253952 hits=90183 fwd=319 rows=162871 fwd_ms=9307.7 eval=0 prior=0
[inst] req=262144 hits=94484 fwd=327 rows=166967 fwd_ms=9539.1 eval=0 prior=0
[inst] req=270336 hits=98167 fwd=336 rows=171575 fwd_ms=9793.8 eval=0 prior=0
[inst] req=278528 hits=101097 fwd=346 rows=176695 fwd_ms=10077.1 eval=0 prior=0
[inst] req=286720 hits=104081 fwd=356 rows=181815 fwd_ms=10360.6 eval=0 prior=0
[inst] req=294912 hits=107110 fwd=366 rows=186935 fwd_ms=10643.3 eval=0 prior=0
[inst] req=303104 hits=110205 fwd=376 rows=192055 fwd_ms=10926.1 eval=0 prior=0
[inst] req=311296 hits=113380 fwd=386 rows=197175 fwd_ms=11208.8 eval=0 prior=0
[inst] req=319488 hits=116714 fwd=395 rows=201783 fwd_ms=11463.4 eval=0 prior=0
[inst] req=327680 hits=119981 fwd=405 rows=206903 fwd_ms=11747.0 eval=0 prior=0
[inst] req=335872 hits=123279 fwd=415 rows=212023 fwd_ms=12031.1 eval=0 prior=0
[inst] req=344064 hits=126408 fwd=425 rows=217143 fwd_ms=12327.5 eval=0 prior=0
[inst] req=352256 hits=129433 fwd=435 rows=222263 fwd_ms=12670.9 eval=0 prior=0
[inst] req=360448 hits=132087 fwd=445 rows=227383 fwd_ms=13013.7 eval=0 prior=0
[inst] req=368640 hits=134574 fwd=457 rows=233527 fwd_ms=13400.9 eval=0 prior=0
[inst] req=376832 hits=136995 fwd=468 rows=239159 fwd_ms=13716.0 eval=0 prior=0
[inst] req=385024 hits=139442 fwd=479 rows=244791 fwd_ms=14027.4 eval=0 prior=0
[inst] req=393216 hits=141871 fwd=490 rows=250423 fwd_ms=14338.8 eval=0 prior=0
[inst] req=401408 hits=144393 fwd=501 rows=256055 fwd_ms=14651.4 eval=0 prior=0
[inst] req=409600 hits=147095 fwd=512 rows=261687 fwd_ms=14964.7 eval=0 prior=0
[inst] req=417792 hits=149902 fwd=523 rows=267319 fwd_ms=15278.9 eval=0 prior=0
[inst] req=425984 hits=152714 fwd=533 rows=272439 fwd_ms=15564.5 eval=0 prior=0
[inst] req=434176 hits=155487 fwd=544 rows=278071 fwd_ms=15875.8 eval=0 prior=0
[inst] req=442368 hits=158136 fwd=555 rows=283703 fwd_ms=16187.7 eval=0 prior=0
[inst] req=450560 hits=160618 fwd=566 rows=289335 fwd_ms=16500.2 eval=0 prior=0
[inst] req=458752 hits=163104 fwd=577 rows=294967 fwd_ms=16814.9 eval=0 prior=0
[inst] req=466944 hits=165416 fwd=588 rows=300599 fwd_ms=17127.7 eval=0 prior=0
[inst] req=475136 hits=167681 fwd=600 rows=306743 fwd_ms=17472.8 eval=0 prior=0
[inst] req=483328 hits=170004 fwd=611 rows=312375 fwd_ms=17784.5 eval=0 prior=0
[inst] req=491520 hits=172393 fwd=623 rows=318519 fwd_ms=18126.9 eval=0 prior=0
[inst] req=499712 hits=175070 fwd=633 rows=323639 fwd_ms=18412.6 eval=0 prior=0
[inst] req=507904 hits=177720 fwd=644 rows=329271 fwd_ms=18724.8 eval=0 prior=0
[inst] req=516096 hits=180568 fwd=655 rows=334903 fwd_ms=19037.2 eval=0 prior=0
[inst] req=524288 hits=183246 fwd=665 rows=340023 fwd_ms=19321.1 eval=0 prior=0
[inst] req=532480 hits=185729 fwd=677 rows=346167 fwd_ms=19664.0 eval=0 prior=0
[inst] req=540672 hits=188044 fwd=688 rows=351799 fwd_ms=19991.0 eval=0 prior=0
[inst] req=548864 hits=190471 fwd=699 rows=357431 fwd_ms=20383.2 eval=0 prior=0
[inst] req=557056 hits=192676 fwd=711 rows=363575 fwd_ms=20791.1 eval=0 prior=0
[inst] req=565248 hits=194936 fwd=723 rows=369719 fwd_ms=21131.0 eval=0 prior=0
[inst] req=573440 hits=197170 fwd=734 rows=375351 fwd_ms=21447.7 eval=0 prior=0
[inst] req=581632 hits=199553 fwd=746 rows=381495 fwd_ms=21792.3 eval=0 prior=0
[inst] req=589824 hits=202026 fwd=757 rows=387127 fwd_ms=22104.2 eval=0 prior=0
[inst] req=598016 hits=204681 fwd=768 rows=392759 fwd_ms=22416.8 eval=0 prior=0
[inst] req=606208 hits=207403 fwd=778 rows=397879 fwd_ms=22705.8 eval=0 prior=0
[inst] req=614400 hits=210274 fwd=789 rows=403511 fwd_ms=23023.0 eval=0 prior=0
[inst] req=622592 hits=213025 fwd=799 rows=408631 fwd_ms=23308.3 eval=0 prior=0
[inst] req=630784 hits=215700 fwd=810 rows=414263 fwd_ms=23622.5 eval=0 prior=0
[inst] req=638976 hits=218114 fwd=821 rows=419895 fwd_ms=23937.7 eval=0 prior=0
[inst] req=647168 hits=220393 fwd=833 rows=426039 fwd_ms=24279.1 eval=0 prior=0
[inst] req=655360 hits=222629 fwd=845 rows=432183 fwd_ms=24620.4 eval=0 prior=0
[inst] req=663552 hits=224886 fwd=856 rows=437815 fwd_ms=24933.9 eval=0 prior=0
[inst] req=671744 hits=227290 fwd=867 rows=443447 fwd_ms=25247.6 eval=0 prior=0
[inst] req=679936 hits=229753 fwd=879 rows=449591 fwd_ms=25590.1 eval=0 prior=0
[inst] req=688128 hits=232341 fwd=890 rows=455223 fwd_ms=25903.3 eval=0 prior=0
[inst] req=696320 hits=235015 fwd=900 rows=460343 fwd_ms=26188.4 eval=0 prior=0
[inst] req=704512 hits=237713 fwd=911 rows=465975 fwd_ms=26531.7 eval=0 prior=0
[inst] req=712704 hits=240202 fwd=922 rows=471607 fwd_ms=26862.6 eval=0 prior=0
[inst] req=720896 hits=242670 fwd=933 rows=477239 fwd_ms=27180.5 eval=0 prior=0
[inst] req=729088 hits=245046 fwd=945 rows=483383 fwd_ms=27523.3 eval=0 prior=0
[inst] req=737280 hits=247243 fwd=956 rows=489015 fwd_ms=27841.2 eval=0 prior=0
[inst] req=745472 hits=249461 fwd=968 rows=495159 fwd_ms=28183.8 eval=0 prior=0
[inst] req=753664 hits=251671 fwd=980 rows=501303 fwd_ms=28527.5 eval=0 prior=0
[inst] req=761856 hits=254039 fwd=991 rows=506935 fwd_ms=28842.1 eval=0 prior=0
[inst] req=770048 hits=256570 fwd=1002 rows=512567 fwd_ms=29155.9 eval=0 prior=0
[inst] req=778240 hits=259222 fwd=1013 rows=518199 fwd_ms=29474.1 eval=0 prior=0
[inst] req=786432 hits=261893 fwd=1024 rows=523831 fwd_ms=29788.4 eval=0 prior=0
[inst] req=794624 hits=264492 fwd=1035 rows=529463 fwd_ms=30103.2 eval=0 prior=0
[inst] req=802816 hits=267039 fwd=1046 rows=535095 fwd_ms=30417.6 eval=0 prior=0
[inst] req=811008 hits=269484 fwd=1057 rows=540727 fwd_ms=30732.3 eval=0 prior=0
[inst] req=819200 hits=271737 fwd=1069 rows=546871 fwd_ms=31078.1 eval=0 prior=0
[inst] req=827392 hits=273964 fwd=1080 rows=552503 fwd_ms=31413.7 eval=0 prior=0
[inst] req=835584 hits=276087 fwd=1092 rows=558647 fwd_ms=31755.8 eval=0 prior=0
[inst] req=843776 hits=278304 fwd=1104 rows=564791 fwd_ms=32097.8 eval=0 prior=0
[inst] req=851968 hits=280582 fwd=1115 rows=570423 fwd_ms=32411.9 eval=0 prior=0
[inst] req=860160 hits=283040 fwd=1127 rows=576567 fwd_ms=32754.0 eval=0 prior=0
[inst] req=868352 hits=285668 fwd=1137 rows=581687 fwd_ms=33079.7 eval=0 prior=0
[inst] req=876544 hits=288403 fwd=1148 rows=587319 fwd_ms=33451.0 eval=0 prior=0
[inst] req=884736 hits=290989 fwd=1159 rows=592951 fwd_ms=33828.2 eval=0 prior=0
[inst] req=892928 hits=293445 fwd=1170 rows=598583 fwd_ms=34205.5 eval=0 prior=0
[inst] req=901120 hits=295802 fwd=1182 rows=604727 fwd_ms=34577.5 eval=0 prior=0
[inst] req=909312 hits=297993 fwd=1193 rows=610359 fwd_ms=34891.2 eval=0 prior=0
[inst] req=917504 hits=300074 fwd=1205 rows=616503 fwd_ms=35233.8 eval=0 prior=0
[inst] req=925696 hits=302149 fwd=1217 rows=622647 fwd_ms=35576.3 eval=0 prior=0
[inst] req=933888 hits=304408 fwd=1229 rows=628791 fwd_ms=35919.0 eval=0 prior=0
[inst] req=942080 hits=306826 fwd=1240 rows=634423 fwd_ms=36232.6 eval=0 prior=0
[inst] req=950272 hits=309429 fwd=1251 rows=640055 fwd_ms=36547.0 eval=0 prior=0
[inst] req=958464 hits=312223 fwd=1262 rows=645687 fwd_ms=36861.1 eval=0 prior=0
[inst] req=966656 hits=315139 fwd=1272 rows=650807 fwd_ms=37146.3 eval=0 prior=0
[inst] req=974848 hits=318054 fwd=1282 rows=655927 fwd_ms=37432.0 eval=0 prior=0
[inst] req=983040 hits=320907 fwd=1293 rows=661559 fwd_ms=37745.6 eval=0 prior=0
[inst] req=991232 hits=323709 fwd=1303 rows=666679 fwd_ms=38032.4 eval=0 prior=0
[inst] req=999424 hits=326499 fwd=1314 rows=672311 fwd_ms=38346.7 eval=0 prior=0
[inst] req=1007616 hits=329105 fwd=1325 rows=677943 fwd_ms=38661.0 eval=0 prior=0
[inst] req=1015808 hits=331733 fwd=1335 rows=683063 fwd_ms=38946.8 eval=0 prior=0
[inst] req=1024000 hits=334279 fwd=1347 rows=689207 fwd_ms=39289.3 eval=0 prior=0
[inst] req=1032192 hits=336816 fwd=1358 rows=694839 fwd_ms=39603.6 eval=0 prior=0
[inst] req=1040384 hits=339495 fwd=1368 rows=699959 fwd_ms=39889.4 eval=0 prior=0
[inst] req=1048576 hits=342386 fwd=1379 rows=705591 fwd_ms=40210.7 eval=0 prior=0
[inst] req=1056768 hits=345211 fwd=1389 rows=710711 fwd_ms=40501.2 eval=0 prior=0
[inst] req=1064960 hits=348016 fwd=1400 rows=716343 fwd_ms=40815.8 eval=0 prior=0
[inst] req=1073152 hits=350802 fwd=1410 rows=721463 fwd_ms=41102.0 eval=0 prior=0
[inst] req=1081344 hits=353542 fwd=1421 rows=727095 fwd_ms=41416.8 eval=0 prior=0
[inst] req=1089536 hits=356296 fwd=1432 rows=732727 fwd_ms=41732.1 eval=0 prior=0
[inst] req=1097728 hits=358902 fwd=1442 rows=737847 fwd_ms=42017.1 eval=0 prior=0
[inst] req=1105920 hits=361471 fwd=1453 rows=743479 fwd_ms=42330.7 eval=0 prior=0
[inst] req=1114112 hits=363982 fwd=1464 rows=749111 fwd_ms=42643.8 eval=0 prior=0
[inst] req=1122304 hits=366565 fwd=1475 rows=754743 fwd_ms=42958.6 eval=0 prior=0
[inst] req=1130496 hits=369286 fwd=1486 rows=760375 fwd_ms=43273.7 eval=0 prior=0
[inst] req=1138688 hits=372147 fwd=1497 rows=766007 fwd_ms=43589.1 eval=0 prior=0
[inst] req=1146880 hits=375032 fwd=1507 rows=771127 fwd_ms=43874.3 eval=0 prior=0
[inst] req=1155072 hits=377930 fwd=1517 rows=776247 fwd_ms=44170.5 eval=0 prior=0
[inst] req=1163264 hits=380721 fwd=1528 rows=781879 fwd_ms=44483.0 eval=0 prior=0
[inst] req=1171456 hits=383575 fwd=1538 rows=786999 fwd_ms=44771.1 eval=0 prior=0
[inst] req=1179648 hits=386228 fwd=1549 rows=792631 fwd_ms=45084.2 eval=0 prior=0
[inst] req=1187840 hits=388730 fwd=1560 rows=798263 fwd_ms=45402.2 eval=0 prior=0
[inst] req=1196032 hits=391265 fwd=1571 rows=803895 fwd_ms=45715.5 eval=0 prior=0
[inst] req=1204224 hits=393772 fwd=1582 rows=809527 fwd_ms=46042.8 eval=0 prior=0
[inst] req=1212416 hits=396350 fwd=1593 rows=815159 fwd_ms=46355.4 eval=0 prior=0
[inst] req=1220608 hits=399160 fwd=1604 rows=820791 fwd_ms=46668.2 eval=0 prior=0
[inst] req=1228800 hits=402039 fwd=1614 rows=825911 fwd_ms=46952.4 eval=0 prior=0
[inst] req=1236992 hits=404863 fwd=1625 rows=831543 fwd_ms=47276.6 eval=0 prior=0
[inst] req=1245184 hits=407744 fwd=1635 rows=836663 fwd_ms=47620.0 eval=0 prior=0
[inst] req=1253376 hits=410565 fwd=1646 rows=842295 fwd_ms=47997.4 eval=0 prior=0
[inst] req=1261568 hits=413261 fwd=1656 rows=847415 fwd_ms=48340.8 eval=0 prior=0
[inst] req=1269760 hits=415948 fwd=1667 rows=853047 fwd_ms=48719.2 eval=0 prior=0
[inst] req=1277952 hits=418534 fwd=1678 rows=858679 fwd_ms=49097.3 eval=0 prior=0
[inst] req=1286144 hits=421047 fwd=1689 rows=864311 fwd_ms=49475.6 eval=0 prior=0
[inst] req=1294336 hits=423635 fwd=1700 rows=869943 fwd_ms=49853.8 eval=0 prior=0
[inst] req=1302528 hits=426286 fwd=1711 rows=875575 fwd_ms=50232.4 eval=0 prior=0
[inst] req=1310720 hits=429022 fwd=1721 rows=880695 fwd_ms=50576.4 eval=0 prior=0
[inst] req=1318912 hits=431871 fwd=1732 rows=886327 fwd_ms=50955.2 eval=0 prior=0
[inst] req=1327104 hits=434717 fwd=1742 rows=891447 fwd_ms=51299.4 eval=0 prior=0
[inst] req=1335296 hits=437554 fwd=1753 rows=897079 fwd_ms=51677.8 eval=0 prior=0
[inst] req=1343488 hits=440383 fwd=1763 rows=902199 fwd_ms=52022.0 eval=0 prior=0
[inst] req=1351680 hits=443092 fwd=1774 rows=907831 fwd_ms=52400.7 eval=0 prior=0
[inst] req=1359872 hits=445736 fwd=1785 rows=913463 fwd_ms=52779.5 eval=0 prior=0
[inst] req=1368064 hits=448218 fwd=1796 rows=919095 fwd_ms=53158.2 eval=0 prior=0
[inst] req=1376256 hits=450685 fwd=1807 rows=924727 fwd_ms=53537.0 eval=0 prior=0
[inst] req=1384448 hits=453249 fwd=1818 rows=930359 fwd_ms=53915.5 eval=0 prior=0
[inst] req=1392640 hits=455836 fwd=1829 rows=935991 fwd_ms=54294.1 eval=0 prior=0
[inst] req=1400832 hits=458646 fwd=1840 rows=941623 fwd_ms=54672.9 eval=0 prior=0
[inst] req=1409024 hits=461484 fwd=1850 rows=946743 fwd_ms=55017.2 eval=0 prior=0
[inst] req=1417216 hits=464313 fwd=1861 rows=952375 fwd_ms=55395.9 eval=0 prior=0
[inst] req=1425408 hits=467293 fwd=1871 rows=957495 fwd_ms=55740.5 eval=0 prior=0
[inst] req=1433600 hits=470055 fwd=1881 rows=962615 fwd_ms=56084.9 eval=0 prior=0
[inst] req=1441792 hits=472655 fwd=1892 rows=968247 fwd_ms=56463.7 eval=0 prior=0
[inst] req=1449984 hits=475218 fwd=1903 rows=973879 fwd_ms=56841.7 eval=0 prior=0
[inst] req=1458176 hits=477794 fwd=1914 rows=979511 fwd_ms=57220.4 eval=0 prior=0
[inst] req=1466368 hits=480344 fwd=1925 rows=985143 fwd_ms=57599.1 eval=0 prior=0
[inst] req=1474560 hits=482871 fwd=1936 rows=990775 fwd_ms=57977.6 eval=0 prior=0
[inst] req=1482752 hits=485486 fwd=1947 rows=996407 fwd_ms=58355.9 eval=0 prior=0
[inst] req=1490944 hits=488257 fwd=1958 rows=1002039 fwd_ms=58734.5 eval=0 prior=0
[inst] req=1499136 hits=491099 fwd=1968 rows=1007159 fwd_ms=59078.8 eval=0 prior=0
[inst] req=1507328 hits=493894 fwd=1979 rows=1012791 fwd_ms=59457.3 eval=0 prior=0
[inst] req=1515520 hits=496648 fwd=1989 rows=1017911 fwd_ms=59801.7 eval=0 prior=0
[inst] req=1523712 hits=499417 fwd=2000 rows=1023543 fwd_ms=60180.8 eval=0 prior=0
[inst] req=1531904 hits=501987 fwd=2011 rows=1029175 fwd_ms=60559.7 eval=0 prior=0
[inst] req=1540096 hits=504473 fwd=2022 rows=1034807 fwd_ms=60938.8 eval=0 prior=0
[inst] req=1548288 hits=506904 fwd=2033 rows=1040439 fwd_ms=61317.7 eval=0 prior=0
[inst] req=1556480 hits=509388 fwd=2044 rows=1046071 fwd_ms=61696.6 eval=0 prior=0
[inst] req=1564672 hits=511907 fwd=2056 rows=1052215 fwd_ms=62109.9 eval=0 prior=0
[inst] req=1572864 hits=514515 fwd=2066 rows=1057335 fwd_ms=62454.5 eval=0 prior=0
[inst] req=1581056 hits=517311 fwd=2077 rows=1062967 fwd_ms=62833.4 eval=0 prior=0
[inst] req=1589248 hits=520134 fwd=2088 rows=1068599 fwd_ms=63211.5 eval=0 prior=0
[inst] req=1597440 hits=522831 fwd=2098 rows=1073719 fwd_ms=63555.3 eval=0 prior=0
[inst] req=1605632 hits=525602 fwd=2109 rows=1079351 fwd_ms=63933.5 eval=0 prior=0
[inst] req=1613824 hits=528302 fwd=2120 rows=1084983 fwd_ms=64312.3 eval=0 prior=0
[inst] req=1622016 hits=530720 fwd=2131 rows=1090615 fwd_ms=64692.8 eval=0 prior=0
[inst] req=1630208 hits=533130 fwd=2142 rows=1096247 fwd_ms=65083.4 eval=0 prior=0
[inst] req=1638400 hits=535626 fwd=2153 rows=1101879 fwd_ms=65476.9 eval=0 prior=0
[inst] req=1646592 hits=538167 fwd=2164 rows=1107511 fwd_ms=65870.4 eval=0 prior=0
[inst] req=1654784 hits=540861 fwd=2175 rows=1113143 fwd_ms=66263.9 eval=0 prior=0
[inst] req=1662976 hits=543528 fwd=2186 rows=1118775 fwd_ms=66657.5 eval=0 prior=0
[inst] req=1671168 hits=546306 fwd=2196 rows=1123895 fwd_ms=67015.3 eval=0 prior=0
[inst] req=1679360 hits=549108 fwd=2207 rows=1129527 fwd_ms=67408.8 eval=0 prior=0
[inst] req=1687552 hits=551870 fwd=2218 rows=1135159 fwd_ms=67802.3 eval=0 prior=0
[inst] req=1695744 hits=554553 fwd=2228 rows=1140279 fwd_ms=68160.1 eval=0 prior=0
[inst] req=1703936 hits=557208 fwd=2239 rows=1145911 fwd_ms=68553.6 eval=0 prior=0
[inst] req=1712128 hits=559721 fwd=2250 rows=1151543 fwd_ms=68947.3 eval=0 prior=0
[inst] req=1720320 hits=562233 fwd=2261 rows=1157175 fwd_ms=69338.9 eval=0 prior=0
[inst] req=1728512 hits=564753 fwd=2272 rows=1162807 fwd_ms=69720.8 eval=0 prior=0
[inst] req=1736704 hits=567233 fwd=2284 rows=1168951 fwd_ms=70070.9 eval=0 prior=0
[inst] req=1744896 hits=569881 fwd=2294 rows=1174071 fwd_ms=70356.9 eval=0 prior=0
[inst] req=1753088 hits=572470 fwd=2305 rows=1179703 fwd_ms=70672.5 eval=0 prior=0
[inst] req=1761280 hits=575142 fwd=2316 rows=1185335 fwd_ms=70987.3 eval=0 prior=0
[inst] req=1769472 hits=577899 fwd=2327 rows=1190967 fwd_ms=71301.0 eval=0 prior=0
[inst] req=1777664 hits=580525 fwd=2338 rows=1196599 fwd_ms=71615.7 eval=0 prior=0
[inst] req=1785856 hits=583231 fwd=2348 rows=1201719 fwd_ms=71902.1 eval=0 prior=0
[inst] req=1794048 hits=585663 fwd=2360 rows=1207863 fwd_ms=72245.5 eval=0 prior=0
[inst] req=1802240 hits=588162 fwd=2371 rows=1213495 fwd_ms=72560.7 eval=0 prior=0
[inst] req=1810432 hits=590708 fwd=2382 rows=1219127 fwd_ms=72875.7 eval=0 prior=0
[inst] req=1818624 hits=593226 fwd=2393 rows=1224759 fwd_ms=73190.9 eval=0 prior=0
[inst] req=1826816 hits=595833 fwd=2404 rows=1230391 fwd_ms=73505.9 eval=0 prior=0
[inst] req=1835008 hits=598462 fwd=2415 rows=1236023 fwd_ms=73821.0 eval=0 prior=0
[inst] req=1843200 hits=601118 fwd=2425 rows=1241143 fwd_ms=74107.4 eval=0 prior=0
[inst] req=1851392 hits=603902 fwd=2436 rows=1246775 fwd_ms=74422.1 eval=0 prior=0
[inst] req=1859584 hits=606629 fwd=2447 rows=1252407 fwd_ms=74735.6 eval=0 prior=0
[inst] req=1867776 hits=609296 fwd=2457 rows=1257527 fwd_ms=75021.0 eval=0 prior=0
[inst] req=1875968 hits=611933 fwd=2468 rows=1263159 fwd_ms=75334.9 eval=0 prior=0
[inst] req=1884160 hits=614428 fwd=2479 rows=1268791 fwd_ms=75648.1 eval=0 prior=0
[inst] req=1892352 hits=616867 fwd=2491 rows=1274935 fwd_ms=75991.4 eval=0 prior=0
[inst] req=1900544 hits=619358 fwd=2502 rows=1280567 fwd_ms=76304.9 eval=0 prior=0
[inst] req=1908736 hits=621802 fwd=2513 rows=1286199 fwd_ms=76618.6 eval=0 prior=0
[inst] req=1916928 hits=624319 fwd=2524 rows=1291831 fwd_ms=76935.9 eval=0 prior=0
[inst] req=1925120 hits=626940 fwd=2535 rows=1297463 fwd_ms=77258.3 eval=0 prior=0
[inst] req=1933312 hits=629714 fwd=2545 rows=1302583 fwd_ms=77543.5 eval=0 prior=0
[inst] req=1941504 hits=632415 fwd=2556 rows=1308215 fwd_ms=77858.6 eval=0 prior=0
[inst] req=1949696 hits=635086 fwd=2567 rows=1313847 fwd_ms=78172.1 eval=0 prior=0
[inst] req=1957888 hits=637686 fwd=2578 rows=1319479 fwd_ms=78486.7 eval=0 prior=0
[inst] req=1966080 hits=640196 fwd=2589 rows=1325111 fwd_ms=78800.3 eval=0 prior=0
[inst] req=1974272 hits=642685 fwd=2600 rows=1330743 fwd_ms=79113.7 eval=0 prior=0
[inst] req=1982464 hits=645131 fwd=2611 rows=1336375 fwd_ms=79428.4 eval=0 prior=0
[inst] req=1990656 hits=647721 fwd=2622 rows=1342007 fwd_ms=79742.3 eval=0 prior=0
[inst] req=1998848 hits=650311 fwd=2633 rows=1347639 fwd_ms=80055.3 eval=0 prior=0
[inst] req=2007040 hits=652985 fwd=2644 rows=1353271 fwd_ms=80370.7 eval=0 prior=0
[inst] req=2015232 hits=655672 fwd=2655 rows=1358903 fwd_ms=80683.8 eval=0 prior=0
[inst] req=2023424 hits=658363 fwd=2666 rows=1364535 fwd_ms=80997.0 eval=0 prior=0
[inst] req=2031616 hits=661041 fwd=2676 rows=1369655 fwd_ms=81283.5 eval=0 prior=0
[inst] req=2039808 hits=663635 fwd=2687 rows=1375287 fwd_ms=81597.2 eval=0 prior=0
[inst] req=2048000 hits=666387 fwd=2698 rows=1380919 fwd_ms=81911.7 eval=0 prior=0
[inst] req=2056192 hits=669096 fwd=2709 rows=1386551 fwd_ms=82226.3 eval=0 prior=0
[inst] req=2064384 hits=671702 fwd=2719 rows=1391671 fwd_ms=82511.7 eval=0 prior=0
[inst] req=2072576 hits=674295 fwd=2730 rows=1397303 fwd_ms=82825.1 eval=0 prior=0
[inst] req=2080768 hits=676937 fwd=2741 rows=1402935 fwd_ms=83138.2 eval=0 prior=0
[inst] req=2088960 hits=679518 fwd=2752 rows=1408567 fwd_ms=83451.2 eval=0 prior=0
[inst] req=2097152 hits=682129 fwd=2763 rows=1414199 fwd_ms=83764.0 eval=0 prior=0
[inst] req=2105344 hits=684808 fwd=2774 rows=1419831 fwd_ms=84076.9 eval=0 prior=0
[inst] req=2113536 hits=687512 fwd=2785 rows=1425463 fwd_ms=84390.3 eval=0 prior=0
[inst] req=2121728 hits=690196 fwd=2795 rows=1430583 fwd_ms=84675.0 eval=0 prior=0
[inst] req=2129920 hits=692843 fwd=2806 rows=1436215 fwd_ms=84987.9 eval=0 prior=0
[inst] req=2138112 hits=695391 fwd=2817 rows=1441847 fwd_ms=85300.9 eval=0 prior=0
[inst] req=2146304 hits=697882 fwd=2828 rows=1447479 fwd_ms=85616.8 eval=0 prior=0
[inst] req=2154496 hits=700383 fwd=2839 rows=1453111 fwd_ms=85931.1 eval=0 prior=0
[inst] req=2162688 hits=702915 fwd=2851 rows=1459255 fwd_ms=86273.9 eval=0 prior=0
[inst] req=2170880 hits=705449 fwd=2862 rows=1464887 fwd_ms=86587.2 eval=0 prior=0
[inst] req=2179072 hits=708055 fwd=2872 rows=1470007 fwd_ms=86871.7 eval=0 prior=0
[inst] req=2187264 hits=710659 fwd=2883 rows=1475639 fwd_ms=87185.5 eval=0 prior=0
[inst] req=2195456 hits=713312 fwd=2894 rows=1481271 fwd_ms=87499.2 eval=0 prior=0
[inst] req=2203648 hits=715977 fwd=2905 rows=1486903 fwd_ms=87812.7 eval=0 prior=0
[inst] req=2211840 hits=718619 fwd=2916 rows=1492535 fwd_ms=88126.5 eval=0 prior=0
[inst] req=2220032 hits=721197 fwd=2927 rows=1498167 fwd_ms=88440.2 eval=0 prior=0
[inst] req=2228224 hits=723712 fwd=2938 rows=1503799 fwd_ms=88754.7 eval=0 prior=0
[inst] req=2236416 hits=726260 fwd=2949 rows=1509431 fwd_ms=89068.6 eval=0 prior=0
[inst] req=2244608 hits=728759 fwd=2960 rows=1515063 fwd_ms=89382.5 eval=0 prior=0
[inst] req=2252800 hits=731254 fwd=2971 rows=1520695 fwd_ms=89696.8 eval=0 prior=0
[inst] req=2260992 hits=733676 fwd=2982 rows=1526327 fwd_ms=90010.6 eval=0 prior=0
[inst] req=2269184 hits=736248 fwd=2993 rows=1531959 fwd_ms=90324.6 eval=0 prior=0
[inst] req=2277376 hits=738904 fwd=3004 rows=1537591 fwd_ms=90638.6 eval=0 prior=0
[inst] req=2285568 hits=741563 fwd=3015 rows=1543223 fwd_ms=90952.6 eval=0 prior=0
[inst] req=2293760 hits=744188 fwd=3026 rows=1548855 fwd_ms=91266.5 eval=0 prior=0
[inst] req=2301952 hits=747002 fwd=3036 rows=1553975 fwd_ms=91552.2 eval=0 prior=0
[inst] req=2310144 hits=749594 fwd=3047 rows=1559607 fwd_ms=91865.8 eval=0 prior=0
[inst] req=2318336 hits=752093 fwd=3058 rows=1565239 fwd_ms=92179.6 eval=0 prior=0
[inst] req=2326528 hits=754645 fwd=3069 rows=1570871 fwd_ms=92492.9 eval=0 prior=0
[inst] req=2334720 hits=757258 fwd=3080 rows=1576503 fwd_ms=92806.2 eval=0 prior=0
[inst] req=2342912 hits=759826 fwd=3091 rows=1582135 fwd_ms=93119.8 eval=0 prior=0
[inst] req=2351104 hits=762389 fwd=3102 rows=1587767 fwd_ms=93433.1 eval=0 prior=0
[inst] req=2359296 hits=764945 fwd=3113 rows=1593399 fwd_ms=93747.6 eval=0 prior=0
[inst] req=2367488 hits=767506 fwd=3124 rows=1599031 fwd_ms=94061.1 eval=0 prior=0
[inst] req=2375680 hits=770099 fwd=3135 rows=1604663 fwd_ms=94375.7 eval=0 prior=0
[inst] req=2383872 hits=772662 fwd=3146 rows=1610295 fwd_ms=94690.3 eval=0 prior=0
[inst] req=2392064 hits=775318 fwd=3157 rows=1615927 fwd_ms=95003.1 eval=0 prior=0
[inst] req=2400256 hits=777982 fwd=3168 rows=1621559 fwd_ms=95316.2 eval=0 prior=0
[inst] req=2408448 hits=780520 fwd=3179 rows=1627191 fwd_ms=95628.9 eval=0 prior=0
[inst] req=2416640 hits=783058 fwd=3190 rows=1632823 fwd_ms=95941.8 eval=0 prior=0
[inst] req=2424832 hits=785604 fwd=3201 rows=1638455 fwd_ms=96257.1 eval=0 prior=0
[inst] req=2433024 hits=788160 fwd=3212 rows=1644087 fwd_ms=96571.2 eval=0 prior=0
[inst] req=2441216 hits=790665 fwd=3223 rows=1649719 fwd_ms=96885.0 eval=0 prior=0
[inst] req=2449408 hits=793262 fwd=3234 rows=1655351 fwd_ms=97197.9 eval=0 prior=0
[inst] req=2457600 hits=795796 fwd=3245 rows=1660983 fwd_ms=97511.8 eval=0 prior=0
[inst] req=2465792 hits=798351 fwd=3256 rows=1666615 fwd_ms=97825.7 eval=0 prior=0
[inst] req=2473984 hits=800887 fwd=3267 rows=1672247 fwd_ms=98139.0 eval=0 prior=0
[inst] req=2482176 hits=803511 fwd=3278 rows=1677879 fwd_ms=98453.4 eval=0 prior=0
[inst] req=2490368 hits=805949 fwd=3289 rows=1683511 fwd_ms=98766.1 eval=0 prior=0
[inst] req=2498560 hits=808418 fwd=3300 rows=1689143 fwd_ms=99080.5 eval=0 prior=0
[inst] req=2506752 hits=810916 fwd=3312 rows=1695287 fwd_ms=99422.4 eval=0 prior=0
[inst] req=2514944 hits=813460 fwd=3323 rows=1700919 fwd_ms=99735.8 eval=0 prior=0
[inst] req=2523136 hits=816053 fwd=3334 rows=1706551 fwd_ms=100049.9 eval=0 prior=0
[inst] req=2531328 hits=818581 fwd=3345 rows=1712183 fwd_ms=100363.4 eval=0 prior=0
[inst] req=2539520 hits=821261 fwd=3355 rows=1717303 fwd_ms=100648.6 eval=0 prior=0
[inst] req=2547712 hits=823955 fwd=3366 rows=1722935 fwd_ms=100962.3 eval=0 prior=0
[inst] req=2555904 hits=826562 fwd=3377 rows=1728567 fwd_ms=101275.9 eval=0 prior=0
[inst] req=2564096 hits=829240 fwd=3388 rows=1734199 fwd_ms=101589.6 eval=0 prior=0
[inst] req=2572288 hits=831812 fwd=3399 rows=1739831 fwd_ms=101909.5 eval=0 prior=0
[inst] req=2580480 hits=834382 fwd=3410 rows=1745463 fwd_ms=102223.8 eval=0 prior=0
[inst] req=2588672 hits=836973 fwd=3421 rows=1751095 fwd_ms=102537.7 eval=0 prior=0
[inst] req=2596864 hits=839511 fwd=3432 rows=1756727 fwd_ms=102851.7 eval=0 prior=0
[inst] req=2605056 hits=842086 fwd=3443 rows=1762359 fwd_ms=103166.2 eval=0 prior=0
[inst] req=2613248 hits=844660 fwd=3454 rows=1767991 fwd_ms=103480.6 eval=0 prior=0
[inst] req=2621440 hits=847221 fwd=3465 rows=1773623 fwd_ms=103793.8 eval=0 prior=0
[inst] req=2629632 hits=849770 fwd=3476 rows=1779255 fwd_ms=104106.9 eval=0 prior=0
[inst] req=2637824 hits=852306 fwd=3487 rows=1784887 fwd_ms=104420.9 eval=0 prior=0
[inst] req=2646016 hits=854921 fwd=3498 rows=1790519 fwd_ms=104734.8 eval=0 prior=0
[inst] req=2654208 hits=857472 fwd=3509 rows=1796151 fwd_ms=105048.7 eval=0 prior=0
[inst] req=2662400 hits=860132 fwd=3519 rows=1801271 fwd_ms=105334.2 eval=0 prior=0
[inst] req=2670592 hits=862650 fwd=3531 rows=1807415 fwd_ms=105676.9 eval=0 prior=0
[inst] req=2678784 hits=865193 fwd=3542 rows=1813047 fwd_ms=105991.0 eval=0 prior=0
[inst] req=2686976 hits=867698 fwd=3553 rows=1818679 fwd_ms=106305.3 eval=0 prior=0
[inst] req=2695168 hits=870246 fwd=3564 rows=1824311 fwd_ms=106619.3 eval=0 prior=0
[inst] req=2703360 hits=872901 fwd=3575 rows=1829943 fwd_ms=106933.1 eval=0 prior=0
[inst] req=2711552 hits=875486 fwd=3585 rows=1835063 fwd_ms=107218.8 eval=0 prior=0
[inst] req=2719744 hits=878101 fwd=3596 rows=1840695 fwd_ms=107532.9 eval=0 prior=0
[inst] req=2727936 hits=880717 fwd=3607 rows=1846327 fwd_ms=107847.0 eval=0 prior=0
[inst] req=2736128 hits=883253 fwd=3618 rows=1851959 fwd_ms=108161.1 eval=0 prior=0
[inst] req=2744320 hits=885866 fwd=3629 rows=1857591 fwd_ms=108475.1 eval=0 prior=0
[inst] req=2752512 hits=888302 fwd=3640 rows=1863223 fwd_ms=108789.2 eval=0 prior=0
[inst] req=2760704 hits=890863 fwd=3651 rows=1868855 fwd_ms=109102.5 eval=0 prior=0
[inst] req=2768896 hits=893541 fwd=3662 rows=1874487 fwd_ms=109416.7 eval=0 prior=0
[inst] req=2777088 hits=896233 fwd=3673 rows=1880119 fwd_ms=109730.2 eval=0 prior=0
[inst] req=2785280 hits=898778 fwd=3684 rows=1885751 fwd_ms=110043.9 eval=0 prior=0
[inst] req=2793472 hits=901284 fwd=3695 rows=1891383 fwd_ms=110357.5 eval=0 prior=0
[inst] req=2801664 hits=904087 fwd=3706 rows=1897015 fwd_ms=110670.9 eval=0 prior=0
[inst] req=2809856 hits=906759 fwd=3716 rows=1902135 fwd_ms=110955.6 eval=0 prior=0
[inst] req=2818048 hits=909320 fwd=3727 rows=1907767 fwd_ms=111269.3 eval=0 prior=0
[inst] req=2826240 hits=911911 fwd=3738 rows=1913399 fwd_ms=111582.9 eval=0 prior=0
[inst] req=2834432 hits=914491 fwd=3749 rows=1919031 fwd_ms=111896.6 eval=0 prior=0
[inst] req=2842624 hits=916978 fwd=3760 rows=1924663 fwd_ms=112210.4 eval=0 prior=0
[inst] req=2850816 hits=919571 fwd=3771 rows=1930295 fwd_ms=112524.7 eval=0 prior=0
[inst] req=2859008 hits=922179 fwd=3782 rows=1935927 fwd_ms=112838.8 eval=0 prior=0
[inst] req=2867200 hits=924742 fwd=3793 rows=1941559 fwd_ms=113153.0 eval=0 prior=0
[inst] req=2875392 hits=927330 fwd=3804 rows=1947191 fwd_ms=113467.5 eval=0 prior=0
[inst] req=2883584 hits=929931 fwd=3815 rows=1952823 fwd_ms=113781.4 eval=0 prior=0
[inst] req=2891776 hits=932531 fwd=3826 rows=1958455 fwd_ms=114094.2 eval=0 prior=0
[inst] req=2899968 hits=935183 fwd=3837 rows=1964087 fwd_ms=114408.0 eval=0 prior=0
[inst] req=2908160 hits=937756 fwd=3848 rows=1969719 fwd_ms=114721.8 eval=0 prior=0
[inst] req=2916352 hits=940258 fwd=3859 rows=1975351 fwd_ms=115035.8 eval=0 prior=0
[inst] req=2924544 hits=942790 fwd=3870 rows=1980983 fwd_ms=115349.5 eval=0 prior=0
[inst] req=2932736 hits=945424 fwd=3881 rows=1986615 fwd_ms=115664.4 eval=0 prior=0
[inst] req=2940928 hits=948128 fwd=3892 rows=1992247 fwd_ms=115978.2 eval=0 prior=0
[inst] req=2949120 hits=950859 fwd=3902 rows=1997367 fwd_ms=116263.0 eval=0 prior=0
[inst] req=2957312 hits=953421 fwd=3913 rows=2002999 fwd_ms=116576.8 eval=0 prior=0
[inst] req=2965504 hits=955978 fwd=3924 rows=2008631 fwd_ms=116890.2 eval=0 prior=0
[inst] req=2973696 hits=958604 fwd=3935 rows=2014263 fwd_ms=117206.2 eval=0 prior=0
[inst] req=2981888 hits=961273 fwd=3946 rows=2019895 fwd_ms=117519.9 eval=0 prior=0
[inst] req=2990080 hits=963794 fwd=3957 rows=2025527 fwd_ms=117833.0 eval=0 prior=0
[inst] req=2998272 hits=966384 fwd=3968 rows=2031159 fwd_ms=118146.1 eval=0 prior=0
[inst] req=3006464 hits=968899 fwd=3979 rows=2036791 fwd_ms=118459.3 eval=0 prior=0
[inst] req=3014656 hits=971394 fwd=3990 rows=2042423 fwd_ms=118773.9 eval=0 prior=0
[inst] req=3022848 hits=973862 fwd=4001 rows=2048055 fwd_ms=119087.0 eval=0 prior=0
[inst] req=3031040 hits=976533 fwd=4012 rows=2053687 fwd_ms=119402.2 eval=0 prior=0
[inst] req=3039232 hits=979165 fwd=4023 rows=2059319 fwd_ms=119716.1 eval=0 prior=0
[inst] req=3047424 hits=981851 fwd=4034 rows=2064951 fwd_ms=120030.1 eval=0 prior=0
[inst] req=3055616 hits=984607 fwd=4044 rows=2070071 fwd_ms=120314.7 eval=0 prior=0
[inst] req=3063808 hits=987232 fwd=4055 rows=2075703 fwd_ms=120627.5 eval=0 prior=0
[inst] req=3072000 hits=990034 fwd=4066 rows=2081335 fwd_ms=120941.0 eval=0 prior=0
[inst] req=3080192 hits=992694 fwd=4077 rows=2086967 fwd_ms=121254.3 eval=0 prior=0
[inst] req=3088384 hits=995271 fwd=4088 rows=2092599 fwd_ms=121567.2 eval=0 prior=0
[inst] req=3096576 hits=997895 fwd=4098 rows=2097719 fwd_ms=121852.1 eval=0 prior=0
[inst] req=3104768 hits=1000614 fwd=4109 rows=2103351 fwd_ms=122165.6 eval=0 prior=0
[inst] req=3112960 hits=1003123 fwd=4120 rows=2108983 fwd_ms=122479.8 eval=0 prior=0
[inst] req=3121152 hits=1005676 fwd=4131 rows=2114615 fwd_ms=122793.3 eval=0 prior=0
[inst] req=3129344 hits=1008209 fwd=4142 rows=2120247 fwd_ms=123107.2 eval=0 prior=0
[inst] req=3137536 hits=1010843 fwd=4153 rows=2125879 fwd_ms=123420.6 eval=0 prior=0
[inst] req=3145728 hits=1013388 fwd=4164 rows=2131511 fwd_ms=123735.4 eval=0 prior=0
[inst] req=3153920 hits=1015934 fwd=4175 rows=2137143 fwd_ms=124049.4 eval=0 prior=0
[inst] req=3162112 hits=1018481 fwd=4186 rows=2142775 fwd_ms=124363.0 eval=0 prior=0
[inst] req=3170304 hits=1020956 fwd=4197 rows=2148407 fwd_ms=124675.8 eval=0 prior=0
[inst] req=3178496 hits=1023495 fwd=4208 rows=2154039 fwd_ms=124989.0 eval=0 prior=0
[inst] req=3186688 hits=1026056 fwd=4219 rows=2159671 fwd_ms=125302.0 eval=0 prior=0
[inst] req=3194880 hits=1028572 fwd=4230 rows=2165303 fwd_ms=125615.3 eval=0 prior=0
[inst] req=3203072 hits=1031101 fwd=4242 rows=2171447 fwd_ms=125957.8 eval=0 prior=0
[inst] req=3211264 hits=1033663 fwd=4253 rows=2177079 fwd_ms=126273.0 eval=0 prior=0
[inst] req=3219456 hits=1036276 fwd=4263 rows=2182199 fwd_ms=126557.6 eval=0 prior=0
[inst] req=3227648 hits=1038828 fwd=4274 rows=2187831 fwd_ms=126872.9 eval=0 prior=0
[inst] req=3235840 hits=1041464 fwd=4285 rows=2193463 fwd_ms=127187.0 eval=0 prior=0
[inst] req=3244032 hits=1044109 fwd=4296 rows=2199095 fwd_ms=127499.7 eval=0 prior=0
[inst] req=3252224 hits=1046688 fwd=4307 rows=2204727 fwd_ms=127812.9 eval=0 prior=0
[inst] req=3260416 hits=1049186 fwd=4318 rows=2210359 fwd_ms=128126.9 eval=0 prior=0
[inst] req=3268608 hits=1051660 fwd=4329 rows=2215991 fwd_ms=128440.2 eval=0 prior=0
[inst] req=3276800 hits=1054145 fwd=4341 rows=2222135 fwd_ms=128782.1 eval=0 prior=0
[inst] req=3284992 hits=1056732 fwd=4351 rows=2227255 fwd_ms=129066.8 eval=0 prior=0
[inst] req=3293184 hits=1059389 fwd=4362 rows=2232887 fwd_ms=129381.1 eval=0 prior=0
[inst] req=3301376 hits=1062047 fwd=4373 rows=2238519 fwd_ms=129694.2 eval=0 prior=0
[inst] req=3309568 hits=1064555 fwd=4384 rows=2244151 fwd_ms=130008.5 eval=0 prior=0
[inst] req=3317760 hits=1067061 fwd=4395 rows=2249783 fwd_ms=130321.3 eval=0 prior=0
[inst] req=3325952 hits=1069592 fwd=4406 rows=2255415 fwd_ms=130635.1 eval=0 prior=0
[inst] req=3334144 hits=1072293 fwd=4417 rows=2261047 fwd_ms=130948.3 eval=0 prior=0
[inst] req=3342336 hits=1074866 fwd=4428 rows=2266679 fwd_ms=131262.3 eval=0 prior=0
[inst] req=3350528 hits=1077496 fwd=4439 rows=2272311 fwd_ms=131576.2 eval=0 prior=0
[inst] req=3358720 hits=1079987 fwd=4450 rows=2277943 fwd_ms=131890.0 eval=0 prior=0
[inst] req=3366912 hits=1082496 fwd=4461 rows=2283575 fwd_ms=132212.2 eval=0 prior=0
[inst] req=3375104 hits=1084961 fwd=4472 rows=2289207 fwd_ms=132525.2 eval=0 prior=0
[inst] req=3383296 hits=1087626 fwd=4483 rows=2294839 fwd_ms=132838.8 eval=0 prior=0
[inst] req=3391488 hits=1090167 fwd=4494 rows=2300471 fwd_ms=133179.7 eval=0 prior=0
[inst] req=3399680 hits=1092632 fwd=4505 rows=2306103 fwd_ms=133498.1 eval=0 prior=0
[inst] req=3407872 hits=1095196 fwd=4516 rows=2311735 fwd_ms=133817.4 eval=0 prior=0
[inst] req=3416064 hits=1097738 fwd=4527 rows=2317367 fwd_ms=134137.0 eval=0 prior=0
[inst] req=3424256 hits=1100349 fwd=4538 rows=2322999 fwd_ms=134455.1 eval=0 prior=0
[inst] req=3432448 hits=1102863 fwd=4549 rows=2328631 fwd_ms=134768.2 eval=0 prior=0
[inst] req=3440640 hits=1105352 fwd=4561 rows=2334775 fwd_ms=135112.0 eval=0 prior=0
[inst] req=3448832 hits=1107792 fwd=4572 rows=2340407 fwd_ms=135446.6 eval=0 prior=0
[inst] req=3457024 hits=1110354 fwd=4583 rows=2346039 fwd_ms=135759.8 eval=0 prior=0
[inst] req=3465216 hits=1113006 fwd=4594 rows=2351671 fwd_ms=136076.7 eval=0 prior=0
[inst] req=3473408 hits=1115492 fwd=4605 rows=2357303 fwd_ms=136391.3 eval=0 prior=0
[inst] req=3481600 hits=1118078 fwd=4616 rows=2362935 fwd_ms=136706.1 eval=0 prior=0
[inst] req=3489792 hits=1120464 fwd=4627 rows=2368567 fwd_ms=137019.8 eval=0 prior=0
[inst] req=3497984 hits=1123000 fwd=4638 rows=2374199 fwd_ms=137333.6 eval=0 prior=0
[inst] req=3506176 hits=1125583 fwd=4649 rows=2379831 fwd_ms=137649.5 eval=0 prior=0
[inst] req=3514368 hits=1128200 fwd=4660 rows=2385463 fwd_ms=137963.8 eval=0 prior=0
[inst] req=3522560 hits=1130659 fwd=4671 rows=2391095 fwd_ms=138277.5 eval=0 prior=0
[inst] req=3530752 hits=1133081 fwd=4682 rows=2396727 fwd_ms=138601.8 eval=0 prior=0
[inst] req=3538944 hits=1135502 fwd=4694 rows=2402871 fwd_ms=138944.3 eval=0 prior=0
[inst] req=3547136 hits=1138015 fwd=4705 rows=2408503 fwd_ms=139258.1 eval=0 prior=0
[inst] req=3555328 hits=1140530 fwd=4716 rows=2414135 fwd_ms=139572.7 eval=0 prior=0
[inst] req=3563520 hits=1143108 fwd=4727 rows=2419767 fwd_ms=139900.8 eval=0 prior=0
[inst] req=3571712 hits=1145753 fwd=4738 rows=2425399 fwd_ms=140221.9 eval=0 prior=0
[inst] req=3579904 hits=1148303 fwd=4749 rows=2431031 fwd_ms=140546.8 eval=0 prior=0
[inst] req=3588096 hits=1150849 fwd=4760 rows=2436663 fwd_ms=140863.2 eval=0 prior=0
[inst] req=3596288 hits=1153394 fwd=4771 rows=2442295 fwd_ms=141177.6 eval=0 prior=0
[inst] req=3604480 hits=1155895 fwd=4782 rows=2447927 fwd_ms=141511.3 eval=0 prior=0
[inst] req=3612672 hits=1158432 fwd=4793 rows=2453559 fwd_ms=141859.2 eval=0 prior=0
[inst] req=3620864 hits=1160950 fwd=4804 rows=2459191 fwd_ms=142173.8 eval=0 prior=0
[inst] req=3629056 hits=1163399 fwd=4815 rows=2464823 fwd_ms=142489.5 eval=0 prior=0
[inst] req=3637248 hits=1165867 fwd=4826 rows=2470455 fwd_ms=142802.5 eval=0 prior=0
[inst] req=3645440 hits=1168379 fwd=4837 rows=2476087 fwd_ms=143116.4 eval=0 prior=0
[inst] req=3653632 hits=1170892 fwd=4848 rows=2481719 fwd_ms=143429.8 eval=0 prior=0
[inst] req=3661824 hits=1173468 fwd=4859 rows=2487351 fwd_ms=143742.7 eval=0 prior=0
[inst] req=3670016 hits=1175946 fwd=4871 rows=2493495 fwd_ms=144085.3 eval=0 prior=0
[inst] req=3678208 hits=1178391 fwd=4882 rows=2499127 fwd_ms=144399.3 eval=0 prior=0
[inst] req=3686400 hits=1180873 fwd=4893 rows=2504759 fwd_ms=144713.0 eval=0 prior=0
[inst] req=3694592 hits=1183338 fwd=4904 rows=2510391 fwd_ms=145026.0 eval=0 prior=0
[inst] req=3702784 hits=1185768 fwd=4915 rows=2516023 fwd_ms=145339.6 eval=0 prior=0
[inst] req=3710976 hits=1188199 fwd=4927 rows=2522167 fwd_ms=145682.1 eval=0 prior=0
[inst] req=3719168 hits=1190799 fwd=4938 rows=2527799 fwd_ms=145996.4 eval=0 prior=0
[inst] req=3727360 hits=1193381 fwd=4949 rows=2533431 fwd_ms=146310.7 eval=0 prior=0
[inst] req=3735552 hits=1195921 fwd=4960 rows=2539063 fwd_ms=146624.3 eval=0 prior=0
[inst] req=3743744 hits=1198459 fwd=4971 rows=2544695 fwd_ms=146937.5 eval=0 prior=0
[inst] req=3751936 hits=1200971 fwd=4982 rows=2550327 fwd_ms=147251.7 eval=0 prior=0
[inst] req=3760128 hits=1203471 fwd=4993 rows=2555959 fwd_ms=147565.3 eval=0 prior=0
[inst] req=3768320 hits=1206088 fwd=5004 rows=2561591 fwd_ms=147879.4 eval=0 prior=0
[inst] req=3776512 hits=1208541 fwd=5015 rows=2567223 fwd_ms=148193.4 eval=0 prior=0
[inst] req=3784704 hits=1211021 fwd=5026 rows=2572855 fwd_ms=148507.5 eval=0 prior=0
[inst] req=3792896 hits=1213466 fwd=5037 rows=2578487 fwd_ms=148821.7 eval=0 prior=0
[inst] req=3801088 hits=1216044 fwd=5048 rows=2584119 fwd_ms=149135.8 eval=0 prior=0
[inst] req=3809280 hits=1218468 fwd=5060 rows=2590263 fwd_ms=149478.4 eval=0 prior=0
[inst] req=3817472 hits=1220946 fwd=5071 rows=2595895 fwd_ms=149792.5 eval=0 prior=0
[inst] req=3825664 hits=1223513 fwd=5082 rows=2601527 fwd_ms=150106.7 eval=0 prior=0
[inst] req=3833856 hits=1225955 fwd=5093 rows=2607159 fwd_ms=150420.8 eval=0 prior=0
[inst] req=3842048 hits=1228374 fwd=5104 rows=2612791 fwd_ms=150738.7 eval=0 prior=0
[inst] req=3850240 hits=1230912 fwd=5115 rows=2618423 fwd_ms=151052.8 eval=0 prior=0
[inst] req=3858432 hits=1233546 fwd=5126 rows=2624055 fwd_ms=151367.2 eval=0 prior=0
[inst] req=3866624 hits=1236115 fwd=5137 rows=2629687 fwd_ms=151681.5 eval=0 prior=0
[inst] req=3874816 hits=1238625 fwd=5148 rows=2635319 fwd_ms=151995.8 eval=0 prior=0
[inst] req=3883008 hits=1241168 fwd=5159 rows=2640951 fwd_ms=152310.0 eval=0 prior=0
[inst] req=3891200 hits=1243694 fwd=5170 rows=2646583 fwd_ms=152623.9 eval=0 prior=0
[inst] req=3899392 hits=1246191 fwd=5181 rows=2652215 fwd_ms=152938.1 eval=0 prior=0
[inst] req=3907584 hits=1248749 fwd=5192 rows=2657847 fwd_ms=153252.2 eval=0 prior=0
[inst] req=3915776 hits=1251244 fwd=5204 rows=2663991 fwd_ms=153595.0 eval=0 prior=0
[inst] req=3923968 hits=1253817 fwd=5215 rows=2669623 fwd_ms=153909.2 eval=0 prior=0
[inst] req=3932160 hits=1256339 fwd=5226 rows=2675255 fwd_ms=154223.4 eval=0 prior=0
[inst] req=3940352 hits=1258851 fwd=5237 rows=2680887 fwd_ms=154537.6 eval=0 prior=0
[inst] req=3948544 hits=1261424 fwd=5248 rows=2686519 fwd_ms=154851.6 eval=0 prior=0
[inst] req=3956736 hits=1264074 fwd=5258 rows=2691639 fwd_ms=155137.8 eval=0 prior=0
[inst] req=3964928 hits=1266524 fwd=5270 rows=2697783 fwd_ms=155481.8 eval=0 prior=0
[inst] req=3973120 hits=1269145 fwd=5281 rows=2703415 fwd_ms=155796.1 eval=0 prior=0
[inst] req=3981312 hits=1271799 fwd=5291 rows=2708535 fwd_ms=156081.6 eval=0 prior=0
[inst] req=3989504 hits=1274413 fwd=5302 rows=2714167 fwd_ms=156395.7 eval=0 prior=0
[inst] req=3997696 hits=1276943 fwd=5313 rows=2719799 fwd_ms=156709.7 eval=0 prior=0
[inst] req=4005888 hits=1279459 fwd=5324 rows=2725431 fwd_ms=157024.0 eval=0 prior=0
[inst] req=4014080 hits=1282017 fwd=5335 rows=2731063 fwd_ms=157338.1 eval=0 prior=0
[inst] req=4022272 hits=1284511 fwd=5347 rows=2737207 fwd_ms=157680.8 eval=0 prior=0
[inst] req=4030464 hits=1287018 fwd=5358 rows=2742839 fwd_ms=157995.1 eval=0 prior=0
[inst] req=4038656 hits=1289593 fwd=5369 rows=2748471 fwd_ms=158309.2 eval=0 prior=0
[inst] req=4046848 hits=1292105 fwd=5380 rows=2754103 fwd_ms=158623.5 eval=0 prior=0
[inst] req=4055040 hits=1294597 fwd=5391 rows=2759735 fwd_ms=158937.6 eval=0 prior=0
[inst] req=4063232 hits=1297155 fwd=5402 rows=2765367 fwd_ms=159251.7 eval=0 prior=0
[inst] req=4071424 hits=1299725 fwd=5413 rows=2770999 fwd_ms=159565.6 eval=0 prior=0
[inst] req=4079616 hits=1302360 fwd=5424 rows=2776631 fwd_ms=159879.8 eval=0 prior=0
[inst] req=4087808 hits=1304884 fwd=5435 rows=2782263 fwd_ms=160194.0 eval=0 prior=0
[inst] req=4096000 hits=1307339 fwd=5446 rows=2787895 fwd_ms=160507.9 eval=0 prior=0
[inst] req=4104192 hits=1309840 fwd=5457 rows=2793527 fwd_ms=160821.9 eval=0 prior=0
[inst] req=4112384 hits=1312346 fwd=5468 rows=2799159 fwd_ms=161135.8 eval=0 prior=0
[inst] req=4120576 hits=1314957 fwd=5479 rows=2804791 fwd_ms=161450.2 eval=0 prior=0
[inst] req=4128768 hits=1317441 fwd=5490 rows=2810423 fwd_ms=161764.4 eval=0 prior=0
[inst] req=4136960 hits=1319889 fwd=5501 rows=2816055 fwd_ms=162078.4 eval=0 prior=0
[inst] req=4145152 hits=1322492 fwd=5512 rows=2821687 fwd_ms=162392.4 eval=0 prior=0
[inst] req=4153344 hits=1325142 fwd=5523 rows=2827319 fwd_ms=162706.3 eval=0 prior=0
[inst] req=4161536 hits=1327630 fwd=5534 rows=2832951 fwd_ms=163020.2 eval=0 prior=0
[inst] req=4169728 hits=1330145 fwd=5545 rows=2838583 fwd_ms=163334.3 eval=0 prior=0
[inst] req=4177920 hits=1332669 fwd=5557 rows=2844727 fwd_ms=163676.7 eval=0 prior=0
[inst] req=4186112 hits=1335331 fwd=5567 rows=2849847 fwd_ms=163962.1 eval=0 prior=0
[inst] req=4194304 hits=1337905 fwd=5578 rows=2855479 fwd_ms=164276.1 eval=0 prior=0
[inst] req=4202496 hits=1340479 fwd=5589 rows=2861111 fwd_ms=164590.0 eval=0 prior=0
[inst] req=4210688 hits=1343033 fwd=5600 rows=2866743 fwd_ms=164903.7 eval=0 prior=0
[inst] req=4218880 hits=1345471 fwd=5612 rows=2872887 fwd_ms=165246.1 eval=0 prior=0
[inst] req=4227072 hits=1347905 fwd=5623 rows=2878519 fwd_ms=165560.1 eval=0 prior=0
[inst] req=4235264 hits=1350411 fwd=5634 rows=2884151 fwd_ms=165874.0 eval=0 prior=0
[inst] req=4243456 hits=1352969 fwd=5645 rows=2889783 fwd_ms=166187.9 eval=0 prior=0
[inst] req=4251648 hits=1355490 fwd=5656 rows=2895415 fwd_ms=166501.9 eval=0 prior=0
[inst] req=4259840 hits=1357936 fwd=5667 rows=2901047 fwd_ms=166815.7 eval=0 prior=0
[inst] req=4268032 hits=1360443 fwd=5678 rows=2906679 fwd_ms=167129.4 eval=0 prior=0
[inst] req=4276224 hits=1362943 fwd=5689 rows=2912311 fwd_ms=167443.3 eval=0 prior=0
[inst] req=4284416 hits=1365437 fwd=5701 rows=2918455 fwd_ms=167785.7 eval=0 prior=0
[inst] req=4292608 hits=1367900 fwd=5712 rows=2924087 fwd_ms=168099.5 eval=0 prior=0
[inst] req=4300800 hits=1370498 fwd=5723 rows=2929719 fwd_ms=168413.3 eval=0 prior=0
[inst] req=4308992 hits=1373095 fwd=5734 rows=2935351 fwd_ms=168727.1 eval=0 prior=0
[inst] req=4317184 hits=1375643 fwd=5745 rows=2940983 fwd_ms=169042.1 eval=0 prior=0
[inst] req=4325376 hits=1378232 fwd=5756 rows=2946615 fwd_ms=169356.4 eval=0 prior=0
[inst] req=4333568 hits=1380823 fwd=5766 rows=2951735 fwd_ms=169641.7 eval=0 prior=0
[inst] req=4341760 hits=1383360 fwd=5778 rows=2957879 fwd_ms=169984.5 eval=0 prior=0
[inst] req=4349952 hits=1385954 fwd=5788 rows=2962999 fwd_ms=170270.0 eval=0 prior=0
[inst] req=4358144 hits=1388412 fwd=5800 rows=2969143 fwd_ms=170612.5 eval=0 prior=0
[inst] req=4366336 hits=1391002 fwd=5811 rows=2974775 fwd_ms=170926.5 eval=0 prior=0
[inst] req=4374528 hits=1393475 fwd=5822 rows=2980407 fwd_ms=171240.5 eval=0 prior=0
[inst] req=4382720 hits=1395958 fwd=5833 rows=2986039 fwd_ms=171554.5 eval=0 prior=0
[inst] req=4390912 hits=1398414 fwd=5844 rows=2991671 fwd_ms=171868.7 eval=0 prior=0
[inst] req=4399104 hits=1401028 fwd=5855 rows=2997303 fwd_ms=172182.7 eval=0 prior=0
[inst] req=4407296 hits=1403631 fwd=5866 rows=3002935 fwd_ms=172496.8 eval=0 prior=0
[inst] req=4415488 hits=1406246 fwd=5877 rows=3008567 fwd_ms=172810.9 eval=0 prior=0
[inst] req=4423680 hits=1408678 fwd=5888 rows=3014199 fwd_ms=173124.9 eval=0 prior=0
[inst] req=4431872 hits=1411267 fwd=5899 rows=3019831 fwd_ms=173439.1 eval=0 prior=0
[inst] req=4440064 hits=1413743 fwd=5910 rows=3025463 fwd_ms=173753.1 eval=0 prior=0
[inst] req=4448256 hits=1416363 fwd=5921 rows=3031095 fwd_ms=174067.1 eval=0 prior=0
[inst] req=4456448 hits=1418860 fwd=5932 rows=3036727 fwd_ms=174381.1 eval=0 prior=0
[inst] req=4464640 hits=1421398 fwd=5943 rows=3042359 fwd_ms=174695.1 eval=0 prior=0
[inst] req=4472832 hits=1423996 fwd=5954 rows=3047991 fwd_ms=175009.2 eval=0 prior=0
[inst] req=4481024 hits=1426516 fwd=5965 rows=3053623 fwd_ms=175323.2 eval=0 prior=0
[inst] req=4489216 hits=1429129 fwd=5976 rows=3059255 fwd_ms=175637.1 eval=0 prior=0
[inst] req=4497408 hits=1431733 fwd=5987 rows=3064887 fwd_ms=175951.3 eval=0 prior=0
[inst] req=4505600 hits=1434342 fwd=5998 rows=3070519 fwd_ms=176265.3 eval=0 prior=0
[inst] req=4513792 hits=1436808 fwd=6009 rows=3076151 fwd_ms=176579.4 eval=0 prior=0
[inst] req=4521984 hits=1439369 fwd=6020 rows=3081783 fwd_ms=176893.4 eval=0 prior=0
[inst] req=4530176 hits=1441942 fwd=6031 rows=3087415 fwd_ms=177207.6 eval=0 prior=0
[inst] req=4538368 hits=1444531 fwd=6042 rows=3093047 fwd_ms=177521.7 eval=0 prior=0
[inst] req=4546560 hits=1446990 fwd=6053 rows=3098679 fwd_ms=177835.9 eval=0 prior=0
[inst] req=4554752 hits=1449550 fwd=6064 rows=3104311 fwd_ms=178150.1 eval=0 prior=0
[inst] req=4562944 hits=1452022 fwd=6075 rows=3109943 fwd_ms=178464.1 eval=0 prior=0
[inst] req=4571136 hits=1454609 fwd=6086 rows=3115575 fwd_ms=178778.1 eval=0 prior=0
[inst] req=4579328 hits=1457076 fwd=6098 rows=3121719 fwd_ms=179120.5 eval=0 prior=0
[inst] req=4587520 hits=1459582 fwd=6109 rows=3127351 fwd_ms=179434.3 eval=0 prior=0
[inst] req=4595712 hits=1462108 fwd=6120 rows=3132983 fwd_ms=179748.1 eval=0 prior=0
[inst] req=4603904 hits=1464572 fwd=6131 rows=3138615 fwd_ms=180062.0 eval=0 prior=0
[inst] req=4612096 hits=1467126 fwd=6142 rows=3144247 fwd_ms=180376.1 eval=0 prior=0
[inst] req=4620288 hits=1469638 fwd=6153 rows=3149879 fwd_ms=180690.0 eval=0 prior=0
[inst] req=4628480 hits=1472144 fwd=6164 rows=3155511 fwd_ms=181003.9 eval=0 prior=0
[inst] req=4636672 hits=1474657 fwd=6175 rows=3161143 fwd_ms=181317.9 eval=0 prior=0
[inst] req=4644864 hits=1477109 fwd=6186 rows=3166775 fwd_ms=181631.8 eval=0 prior=0
[inst] req=4653056 hits=1479511 fwd=6198 rows=3172919 fwd_ms=181974.2 eval=0 prior=0
[inst] req=4661248 hits=1482046 fwd=6209 rows=3178551 fwd_ms=182288.1 eval=0 prior=0
[inst] req=4669440 hits=1484548 fwd=6220 rows=3184183 fwd_ms=182601.9 eval=0 prior=0
[inst] req=4677632 hits=1487139 fwd=6231 rows=3189815 fwd_ms=182915.6 eval=0 prior=0
[inst] req=4685824 hits=1489531 fwd=6242 rows=3195447 fwd_ms=183229.6 eval=0 prior=0
[inst] req=4694016 hits=1492002 fwd=6253 rows=3201079 fwd_ms=183543.6 eval=0 prior=0
[inst] req=4702208 hits=1494514 fwd=6264 rows=3206711 fwd_ms=183857.5 eval=0 prior=0
[inst] req=4710400 hits=1497068 fwd=6275 rows=3212343 fwd_ms=184171.5 eval=0 prior=0
[inst] req=4718592 hits=1499690 fwd=6286 rows=3217975 fwd_ms=184485.3 eval=0 prior=0
[inst] req=4726784 hits=1502209 fwd=6297 rows=3223607 fwd_ms=184798.9 eval=0 prior=0
[inst] req=4734976 hits=1504659 fwd=6309 rows=3229751 fwd_ms=185141.1 eval=0 prior=0
[inst] req=4743168 hits=1507325 fwd=6319 rows=3234871 fwd_ms=185426.6 eval=0 prior=0
[inst] req=4751360 hits=1509886 fwd=6330 rows=3240503 fwd_ms=185740.6 eval=0 prior=0
[inst] req=4759552 hits=1512393 fwd=6341 rows=3246135 fwd_ms=186054.6 eval=0 prior=0
[inst] req=4767744 hits=1515009 fwd=6352 rows=3251767 fwd_ms=186368.7 eval=0 prior=0
[inst] req=4775936 hits=1517538 fwd=6363 rows=3257399 fwd_ms=186682.7 eval=0 prior=0
[inst] req=4784128 hits=1520138 fwd=6374 rows=3263031 fwd_ms=186996.7 eval=0 prior=0
[inst] req=4792320 hits=1522738 fwd=6385 rows=3268663 fwd_ms=187310.8 eval=0 prior=0
[inst] req=4800512 hits=1525296 fwd=6396 rows=3274295 fwd_ms=187624.9 eval=0 prior=0
[inst] req=4808704 hits=1528008 fwd=6407 rows=3279927 fwd_ms=187938.9 eval=0 prior=0
[inst] req=4816896 hits=1530471 fwd=6418 rows=3285559 fwd_ms=188252.8 eval=0 prior=0
[inst] req=4825088 hits=1532883 fwd=6429 rows=3291191 fwd_ms=188566.8 eval=0 prior=0
[inst] req=4833280 hits=1535332 fwd=6441 rows=3297335 fwd_ms=188909.2 eval=0 prior=0
[inst] req=4841472 hits=1537908 fwd=6452 rows=3302967 fwd_ms=189223.0 eval=0 prior=0
[inst] req=4849664 hits=1540425 fwd=6463 rows=3308599 fwd_ms=189536.8 eval=0 prior=0
[inst] req=4857856 hits=1542907 fwd=6474 rows=3314231 fwd_ms=189850.5 eval=0 prior=0
[inst] req=4866048 hits=1545574 fwd=6485 rows=3319863 fwd_ms=190164.3 eval=0 prior=0
[inst] req=4874240 hits=1548094 fwd=6496 rows=3325495 fwd_ms=190478.0 eval=0 prior=0
[inst] req=4882432 hits=1550621 fwd=6507 rows=3331127 fwd_ms=190791.8 eval=0 prior=0
[inst] req=4890624 hits=1553194 fwd=6518 rows=3336759 fwd_ms=191105.6 eval=0 prior=0
[inst] req=4898816 hits=1555691 fwd=6529 rows=3342391 fwd_ms=191419.5 eval=0 prior=0
[inst] req=4907008 hits=1558234 fwd=6540 rows=3348023 fwd_ms=191733.3 eval=0 prior=0
[inst] req=4915200 hits=1560720 fwd=6551 rows=3353655 fwd_ms=192046.9 eval=0 prior=0
[inst] req=4923392 hits=1563278 fwd=6562 rows=3359287 fwd_ms=192360.9 eval=0 prior=0
[inst] req=4931584 hits=1565796 fwd=6573 rows=3364919 fwd_ms=192674.5 eval=0 prior=0
[inst] req=4939776 hits=1568299 fwd=6584 rows=3370551 fwd_ms=192988.4 eval=0 prior=0
[inst] req=4947968 hits=1570790 fwd=6595 rows=3376183 fwd_ms=193302.5 eval=0 prior=0
[inst] req=4956160 hits=1573381 fwd=6606 rows=3381815 fwd_ms=193616.7 eval=0 prior=0
[inst] req=4964352 hits=1575842 fwd=6618 rows=3387959 fwd_ms=193959.1 eval=0 prior=0
[inst] req=4972544 hits=1578295 fwd=6629 rows=3393591 fwd_ms=194273.0 eval=0 prior=0
[inst] req=4980736 hits=1580793 fwd=6640 rows=3399223 fwd_ms=194587.0 eval=0 prior=0
[inst] req=4988928 hits=1583263 fwd=6651 rows=3404855 fwd_ms=194901.0 eval=0 prior=0
[inst] req=4997120 hits=1585756 fwd=6662 rows=3410487 fwd_ms=195214.9 eval=0 prior=0
[inst] req=5005312 hits=1588253 fwd=6673 rows=3416119 fwd_ms=195528.8 eval=0 prior=0
[inst] req=5013504 hits=1590730 fwd=6684 rows=3421751 fwd_ms=195843.0 eval=0 prior=0
[inst] req=5021696 hits=1593359 fwd=6695 rows=3427383 fwd_ms=196156.9 eval=0 prior=0
[inst] req=5029888 hits=1595982 fwd=6706 rows=3433015 fwd_ms=196471.0 eval=0 prior=0
[inst] req=5038080 hits=1598515 fwd=6717 rows=3438647 fwd_ms=196785.0 eval=0 prior=0
[inst] req=5046272 hits=1600988 fwd=6728 rows=3444279 fwd_ms=197098.9 eval=0 prior=0
[inst] req=5054464 hits=1603464 fwd=6740 rows=3450423 fwd_ms=197441.5 eval=0 prior=0
[inst] req=5062656 hits=1606079 fwd=6751 rows=3456055 fwd_ms=197755.2 eval=0 prior=0
[inst] req=5070848 hits=1608552 fwd=6762 rows=3461687 fwd_ms=198069.3 eval=0 prior=0
[inst] req=5079040 hits=1611057 fwd=6773 rows=3467319 fwd_ms=198383.3 eval=0 prior=0
[inst] req=5087232 hits=1613492 fwd=6784 rows=3472951 fwd_ms=198697.2 eval=0 prior=0
[inst] req=5095424 hits=1615988 fwd=6795 rows=3478583 fwd_ms=199011.2 eval=0 prior=0
[inst] req=5103616 hits=1618492 fwd=6806 rows=3484215 fwd_ms=199325.2 eval=0 prior=0
[inst] req=5111808 hits=1620981 fwd=6817 rows=3489847 fwd_ms=199639.2 eval=0 prior=0
[inst] req=5120000 hits=1623489 fwd=6829 rows=3495991 fwd_ms=199981.4 eval=0 prior=0
[inst] req=5128192 hits=1626064 fwd=6839 rows=3501111 fwd_ms=200266.8 eval=0 prior=0
[inst] req=5136384 hits=1628584 fwd=6851 rows=3507255 fwd_ms=200609.3 eval=0 prior=0
[inst] req=5144576 hits=1631186 fwd=6861 rows=3512375 fwd_ms=200894.5 eval=0 prior=0
[inst] req=5152768 hits=1633636 fwd=6873 rows=3518519 fwd_ms=201237.1 eval=0 prior=0
[inst] req=5160960 hits=1636071 fwd=6884 rows=3524151 fwd_ms=201551.2 eval=0 prior=0
[inst] req=5169152 hits=1638503 fwd=6895 rows=3529783 fwd_ms=201865.1 eval=0 prior=0
[inst] req=5177344 hits=1640997 fwd=6906 rows=3535415 fwd_ms=202179.3 eval=0 prior=0
[inst] req=5185536 hits=1643396 fwd=6918 rows=3541559 fwd_ms=202521.8 eval=0 prior=0
[inst] req=5193728 hits=1645885 fwd=6929 rows=3547191 fwd_ms=202835.8 eval=0 prior=0
[inst] req=5201920 hits=1648329 fwd=6940 rows=3552823 fwd_ms=203149.7 eval=0 prior=0
[inst] req=5210112 hits=1650793 fwd=6951 rows=3558455 fwd_ms=203463.8 eval=0 prior=0
[inst] req=5218304 hits=1653339 fwd=6962 rows=3564087 fwd_ms=203777.7 eval=0 prior=0
[inst] req=5226496 hits=1655968 fwd=6973 rows=3569719 fwd_ms=204091.6 eval=0 prior=0
[inst] req=5234688 hits=1658648 fwd=6984 rows=3575351 fwd_ms=204405.5 eval=0 prior=0
[inst] req=5242880 hits=1661185 fwd=6995 rows=3580983 fwd_ms=204719.2 eval=0 prior=0
[inst] req=5251072 hits=1663786 fwd=7006 rows=3586615 fwd_ms=205033.1 eval=0 prior=0
[inst] req=5259264 hits=1666429 fwd=7017 rows=3592247 fwd_ms=205346.9 eval=0 prior=0
[inst] req=5267456 hits=1668924 fwd=7028 rows=3597879 fwd_ms=205660.6 eval=0 prior=0
[inst] req=5275648 hits=1671415 fwd=7039 rows=3603511 fwd_ms=205974.5 eval=0 prior=0
[inst] req=5283840 hits=1673867 fwd=7050 rows=3609143 fwd_ms=206288.1 eval=0 prior=0
[inst] req=5292032 hits=1676349 fwd=7061 rows=3614775 fwd_ms=206601.8 eval=0 prior=0
[inst] req=5300224 hits=1678815 fwd=7072 rows=3620407 fwd_ms=206915.8 eval=0 prior=0
[inst] req=5308416 hits=1681270 fwd=7084 rows=3626551 fwd_ms=207258.3 eval=0 prior=0
[inst] req=5316608 hits=1683846 fwd=7095 rows=3632183 fwd_ms=207572.3 eval=0 prior=0
[inst] req=5324800 hits=1686517 fwd=7105 rows=3637303 fwd_ms=207857.6 eval=0 prior=0
[inst] req=5332992 hits=1689020 fwd=7117 rows=3643447 fwd_ms=208200.0 eval=0 prior=0
[inst] req=5341184 hits=1691651 fwd=7127 rows=3648567 fwd_ms=208485.5 eval=0 prior=0
[inst] req=5349376 hits=1694147 fwd=7139 rows=3654711 fwd_ms=208827.9 eval=0 prior=0
[inst] req=5357568 hits=1696673 fwd=7150 rows=3660343 fwd_ms=209141.8 eval=0 prior=0
[inst] req=5365760 hits=1699107 fwd=7161 rows=3665975 fwd_ms=209455.7 eval=0 prior=0
[inst] req=5373952 hits=1701584 fwd=7172 rows=3671607 fwd_ms=209769.4 eval=0 prior=0
[inst] req=5382144 hits=1704280 fwd=7183 rows=3677239 fwd_ms=210083.3 eval=0 prior=0
[inst] req=5390336 hits=1706862 fwd=7194 rows=3682871 fwd_ms=210397.2 eval=0 prior=0
[inst] req=5398528 hits=1709420 fwd=7205 rows=3688503 fwd_ms=210711.2 eval=0 prior=0
[inst] req=5406720 hits=1712073 fwd=7215 rows=3693623 fwd_ms=210996.7 eval=0 prior=0
[inst] req=5414912 hits=1714660 fwd=7226 rows=3699255 fwd_ms=211310.8 eval=0 prior=0
[inst] req=5423104 hits=1717217 fwd=7237 rows=3704887 fwd_ms=211624.8 eval=0 prior=0
[inst] req=5431296 hits=1719761 fwd=7248 rows=3710519 fwd_ms=211938.9 eval=0 prior=0
[inst] req=5439488 hits=1722395 fwd=7259 rows=3716151 fwd_ms=212252.5 eval=0 prior=0
[inst] req=5447680 hits=1725005 fwd=7270 rows=3721783 fwd_ms=212566.5 eval=0 prior=0
[inst] req=5455872 hits=1727476 fwd=7281 rows=3727415 fwd_ms=212880.4 eval=0 prior=0
[inst] req=5464064 hits=1730060 fwd=7292 rows=3733047 fwd_ms=213194.2 eval=0 prior=0
[inst] req=5472256 hits=1732786 fwd=7303 rows=3738679 fwd_ms=213508.0 eval=0 prior=0
[inst] req=5480448 hits=1735333 fwd=7314 rows=3744311 fwd_ms=213821.7 eval=0 prior=0
[inst] req=5488640 hits=1737810 fwd=7325 rows=3749943 fwd_ms=214135.5 eval=0 prior=0
[inst] req=5496832 hits=1740425 fwd=7336 rows=3755575 fwd_ms=214449.1 eval=0 prior=0
[inst] req=5505024 hits=1742997 fwd=7347 rows=3761207 fwd_ms=214762.9 eval=0 prior=0
[inst] req=5513216 hits=1745529 fwd=7358 rows=3766839 fwd_ms=215076.8 eval=0 prior=0
[inst] req=5521408 hits=1748057 fwd=7369 rows=3772471 fwd_ms=215390.7 eval=0 prior=0
[inst] req=5529600 hits=1750584 fwd=7380 rows=3778103 fwd_ms=215704.5 eval=0 prior=0
[inst] req=5537792 hits=1753059 fwd=7391 rows=3783735 fwd_ms=216018.2 eval=0 prior=0
[inst] req=5545984 hits=1755518 fwd=7403 rows=3789879 fwd_ms=216360.5 eval=0 prior=0
[inst] req=5554176 hits=1758249 fwd=7413 rows=3794999 fwd_ms=216645.9 eval=0 prior=0
[inst] req=5562368 hits=1760766 fwd=7424 rows=3800631 fwd_ms=216959.7 eval=0 prior=0
[inst] req=5570560 hits=1763297 fwd=7435 rows=3806263 fwd_ms=217273.5 eval=0 prior=0
[inst] req=5578752 hits=1765854 fwd=7446 rows=3811895 fwd_ms=217587.2 eval=0 prior=0
[inst] req=5586944 hits=1768349 fwd=7458 rows=3818039 fwd_ms=217929.2 eval=0 prior=0
[inst] req=5595136 hits=1770779 fwd=7469 rows=3823671 fwd_ms=218242.9 eval=0 prior=0
[inst] req=5603328 hits=1773522 fwd=7479 rows=3828791 fwd_ms=218528.0 eval=0 prior=0
[inst] req=5611520 hits=1776125 fwd=7490 rows=3834423 fwd_ms=218841.8 eval=0 prior=0
[inst] req=5619712 hits=1778675 fwd=7501 rows=3840055 fwd_ms=219155.3 eval=0 prior=0
[inst] req=5627904 hits=1781326 fwd=7512 rows=3845687 fwd_ms=219469.3 eval=0 prior=0
[inst] req=5636096 hits=1783828 fwd=7523 rows=3851319 fwd_ms=219783.1 eval=0 prior=0
[inst] req=5644288 hits=1786442 fwd=7534 rows=3856951 fwd_ms=220096.7 eval=0 prior=0
[inst] req=5652480 hits=1789084 fwd=7545 rows=3862583 fwd_ms=220410.5 eval=0 prior=0
[inst] req=5660672 hits=1791716 fwd=7556 rows=3868215 fwd_ms=220724.2 eval=0 prior=0
[inst] req=5668864 hits=1794306 fwd=7567 rows=3873847 fwd_ms=221038.1 eval=0 prior=0
[inst] req=5677056 hits=1797064 fwd=7578 rows=3879479 fwd_ms=221351.7 eval=0 prior=0
[inst] req=5685248 hits=1799701 fwd=7588 rows=3884599 fwd_ms=221637.1 eval=0 prior=0
[inst] req=5693440 hits=1802247 fwd=7599 rows=3890231 fwd_ms=221950.5 eval=0 prior=0
[inst] req=5701632 hits=1804904 fwd=7610 rows=3895863 fwd_ms=222264.3 eval=0 prior=0
[inst] req=5709824 hits=1807385 fwd=7621 rows=3901495 fwd_ms=222578.2 eval=0 prior=0
[inst] req=5718016 hits=1809929 fwd=7632 rows=3907127 fwd_ms=222892.4 eval=0 prior=0
[inst] req=5726208 hits=1812486 fwd=7643 rows=3912759 fwd_ms=223206.4 eval=0 prior=0
[inst] req=5734400 hits=1815017 fwd=7654 rows=3918391 fwd_ms=223520.2 eval=0 prior=0
[inst] req=5742592 hits=1817616 fwd=7665 rows=3924023 fwd_ms=223834.2 eval=0 prior=0
[inst] req=5750784 hits=1820117 fwd=7676 rows=3929655 fwd_ms=224148.0 eval=0 prior=0
[inst] req=5758976 hits=1822711 fwd=7687 rows=3935287 fwd_ms=224462.0 eval=0 prior=0
[inst] req=5767168 hits=1825408 fwd=7698 rows=3940919 fwd_ms=224775.1 eval=0 prior=0
[inst] req=5775360 hits=1827986 fwd=7709 rows=3946551 fwd_ms=225088.0 eval=0 prior=0
[inst] req=5783552 hits=1830494 fwd=7720 rows=3952183 fwd_ms=225400.7 eval=0 prior=0
[inst] req=5791744 hits=1833018 fwd=7731 rows=3957815 fwd_ms=225713.6 eval=0 prior=0
[inst] req=5799936 hits=1835477 fwd=7742 rows=3963447 fwd_ms=226026.5 eval=0 prior=0
[inst] req=5808128 hits=1837928 fwd=7754 rows=3969591 fwd_ms=226368.2 eval=0 prior=0
[inst] req=5816320 hits=1840433 fwd=7765 rows=3975223 fwd_ms=226681.6 eval=0 prior=0
[inst] req=5824512 hits=1843020 fwd=7776 rows=3980855 fwd_ms=226994.9 eval=0 prior=0
[inst] req=5832704 hits=1845546 fwd=7787 rows=3986487 fwd_ms=227308.3 eval=0 prior=0
[inst] req=5840896 hits=1848057 fwd=7798 rows=3992119 fwd_ms=227621.7 eval=0 prior=0
[inst] req=5849088 hits=1850622 fwd=7809 rows=3997751 fwd_ms=227935.5 eval=0 prior=0
[inst] req=5857280 hits=1853322 fwd=7820 rows=4003383 fwd_ms=228249.1 eval=0 prior=0
[inst] req=5865472 hits=1855808 fwd=7831 rows=4009015 fwd_ms=228562.7 eval=0 prior=0
[inst] req=5873664 hits=1858370 fwd=7842 rows=4014647 fwd_ms=228875.5 eval=0 prior=0
[inst] req=5881856 hits=1860846 fwd=7853 rows=4020279 fwd_ms=229189.0 eval=0 prior=0
[inst] req=5890048 hits=1863428 fwd=7864 rows=4025911 fwd_ms=229501.8 eval=0 prior=0
[inst] req=5898240 hits=1865964 fwd=7875 rows=4031543 fwd_ms=229815.1 eval=0 prior=0
[inst] req=5906432 hits=1868455 fwd=7886 rows=4037175 fwd_ms=230127.4 eval=0 prior=0
[inst] req=5914624 hits=1871125 fwd=7897 rows=4042807 fwd_ms=230440.2 eval=0 prior=0
[inst] req=5922816 hits=1873841 fwd=7908 rows=4048439 fwd_ms=230753.3 eval=0 prior=0
[inst] req=5931008 hits=1876433 fwd=7918 rows=4053559 fwd_ms=231038.0 eval=0 prior=0
[inst] req=5939200 hits=1879155 fwd=7929 rows=4059191 fwd_ms=231351.9 eval=0 prior=0
[inst] req=5947392 hits=1881788 fwd=7940 rows=4064823 fwd_ms=231665.7 eval=0 prior=0
[inst] req=5955584 hits=1884347 fwd=7951 rows=4070455 fwd_ms=231979.7 eval=0 prior=0
[inst] req=5963776 hits=1886806 fwd=7962 rows=4076087 fwd_ms=232293.6 eval=0 prior=0
[inst] req=5971968 hits=1889180 fwd=7974 rows=4082231 fwd_ms=232635.9 eval=0 prior=0
[inst] req=5980160 hits=1891562 fwd=7985 rows=4087863 fwd_ms=232949.9 eval=0 prior=0
[inst] req=5988352 hits=1894107 fwd=7996 rows=4093495 fwd_ms=233263.8 eval=0 prior=0
[inst] req=5996544 hits=1896598 fwd=8007 rows=4099127 fwd_ms=233577.7 eval=0 prior=0
[inst] req=6004736 hits=1899146 fwd=8018 rows=4104759 fwd_ms=233891.5 eval=0 prior=0
[inst] req=6012928 hits=1901644 fwd=8029 rows=4110391 fwd_ms=234205.1 eval=0 prior=0
[inst] req=6021120 hits=1904149 fwd=8040 rows=4116023 fwd_ms=234518.8 eval=0 prior=0
[inst] req=6029312 hits=1906697 fwd=8051 rows=4121655 fwd_ms=234832.6 eval=0 prior=0
[inst] req=6037504 hits=1909162 fwd=8063 rows=4127799 fwd_ms=235174.1 eval=0 prior=0
[inst] req=6045696 hits=1911795 fwd=8073 rows=4132919 fwd_ms=235458.7 eval=0 prior=0
[inst] req=6053888 hits=1914252 fwd=8085 rows=4139063 fwd_ms=235801.0 eval=0 prior=0
[inst] req=6062080 hits=1916778 fwd=8096 rows=4144695 fwd_ms=236114.8 eval=0 prior=0
[inst] req=6070272 hits=1919261 fwd=8107 rows=4150327 fwd_ms=236428.6 eval=0 prior=0
[inst] req=6078464 hits=1921714 fwd=8118 rows=4155959 fwd_ms=236742.6 eval=0 prior=0
[inst] req=6086656 hits=1924242 fwd=8129 rows=4161591 fwd_ms=237056.5 eval=0 prior=0
[inst] req=6094848 hits=1926837 fwd=8140 rows=4167223 fwd_ms=237370.6 eval=0 prior=0
[inst] req=6103040 hits=1929423 fwd=8151 rows=4172855 fwd_ms=237684.4 eval=0 prior=0
[inst] req=6111232 hits=1931968 fwd=8162 rows=4178487 fwd_ms=237998.4 eval=0 prior=0
[inst] req=6119424 hits=1934714 fwd=8173 rows=4184119 fwd_ms=238312.1 eval=0 prior=0
[inst] req=6127616 hits=1937235 fwd=8184 rows=4189751 fwd_ms=238626.0 eval=0 prior=0
[inst] req=6135808 hits=1939920 fwd=8194 rows=4194871 fwd_ms=238911.2 eval=0 prior=0
[inst] req=6144000 hits=1942453 fwd=8206 rows=4201015 fwd_ms=239253.5 eval=0 prior=0
[inst] req=6152192 hits=1945039 fwd=8216 rows=4206135 fwd_ms=239538.9 eval=0 prior=0
[inst] req=6160384 hits=1947533 fwd=8228 rows=4212279 fwd_ms=239881.4 eval=0 prior=0
[inst] req=6168576 hits=1950028 fwd=8239 rows=4217911 fwd_ms=240195.2 eval=0 prior=0
[inst] req=6176768 hits=1952556 fwd=8250 rows=4223543 fwd_ms=240509.1 eval=0 prior=0
[inst] req=6184960 hits=1955176 fwd=8261 rows=4229175 fwd_ms=240823.0 eval=0 prior=0
[inst] req=6193152 hits=1957658 fwd=8272 rows=4234807 fwd_ms=241137.4 eval=0 prior=0
[inst] req=6201344 hits=1960149 fwd=8283 rows=4240439 fwd_ms=241451.7 eval=0 prior=0
[inst] req=6209536 hits=1962664 fwd=8294 rows=4246071 fwd_ms=241766.3 eval=0 prior=0
[inst] req=6217728 hits=1965390 fwd=8305 rows=4251703 fwd_ms=242081.0 eval=0 prior=0
[inst] req=6225920 hits=1967980 fwd=8316 rows=4257335 fwd_ms=242395.1 eval=0 prior=0
[inst] req=6234112 hits=1970633 fwd=8326 rows=4262455 fwd_ms=242680.5 eval=0 prior=0
[inst] req=6242304 hits=1973134 fwd=8338 rows=4268599 fwd_ms=243023.4 eval=0 prior=0
[inst] req=6250496 hits=1975578 fwd=8349 rows=4274231 fwd_ms=243337.9 eval=0 prior=0
[inst] req=6258688 hits=1978092 fwd=8360 rows=4279863 fwd_ms=243652.5 eval=0 prior=0
[inst] req=6266880 hits=1980509 fwd=8371 rows=4285495 fwd_ms=243966.5 eval=0 prior=0
[inst] req=6275072 hits=1983044 fwd=8382 rows=4291127 fwd_ms=244280.0 eval=0 prior=0
[inst] req=6283264 hits=1985700 fwd=8393 rows=4296759 fwd_ms=244593.9 eval=0 prior=0
[inst] req=6291456 hits=1988334 fwd=8404 rows=4302391 fwd_ms=244907.7 eval=0 prior=0
[inst] req=6299648 hits=1990921 fwd=8415 rows=4308023 fwd_ms=245221.3 eval=0 prior=0
[inst] req=6307840 hits=1993603 fwd=8426 rows=4313655 fwd_ms=245534.8 eval=0 prior=0
[inst] req=6316032 hits=1996140 fwd=8437 rows=4319287 fwd_ms=245848.4 eval=0 prior=0
[inst] req=6324224 hits=1998729 fwd=8448 rows=4324919 fwd_ms=246162.2 eval=0 prior=0
[inst] req=6332416 hits=2001193 fwd=8459 rows=4330551 fwd_ms=246475.7 eval=0 prior=0
[inst] req=6340608 hits=2003744 fwd=8470 rows=4336183 fwd_ms=246789.5 eval=0 prior=0
[inst] req=6348800 hits=2006369 fwd=8481 rows=4341815 fwd_ms=247103.1 eval=0 prior=0
[inst] req=6356992 hits=2008965 fwd=8492 rows=4347447 fwd_ms=247416.9 eval=0 prior=0
[inst] req=6365184 hits=2011625 fwd=8502 rows=4352567 fwd_ms=247702.2 eval=0 prior=0
[inst] req=6373376 hits=2014303 fwd=8513 rows=4358199 fwd_ms=248016.0 eval=0 prior=0
[inst] req=6381568 hits=2016962 fwd=8524 rows=4363831 fwd_ms=248329.7 eval=0 prior=0
[inst] req=6389760 hits=2019486 fwd=8535 rows=4369463 fwd_ms=248643.4 eval=0 prior=0
[inst] req=6397952 hits=2022207 fwd=8546 rows=4375095 fwd_ms=248957.2 eval=0 prior=0
[inst] req=6406144 hits=2024806 fwd=8557 rows=4380727 fwd_ms=249270.8 eval=0 prior=0
[inst] req=6414336 hits=2027441 fwd=8568 rows=4386359 fwd_ms=249584.4 eval=0 prior=0
[inst] req=6422528 hits=2030141 fwd=8578 rows=4391479 fwd_ms=249869.5 eval=0 prior=0
[inst] req=6430720 hits=2032664 fwd=8589 rows=4397111 fwd_ms=250183.0 eval=0 prior=0
[inst] req=6438912 hits=2035357 fwd=8600 rows=4402743 fwd_ms=250496.7 eval=0 prior=0
[inst] req=6447104 hits=2037922 fwd=8611 rows=4408375 fwd_ms=250810.3 eval=0 prior=0
[inst] req=6455296 hits=2040474 fwd=8622 rows=4414007 fwd_ms=251123.7 eval=0 prior=0
[inst] req=6463488 hits=2043110 fwd=8633 rows=4419639 fwd_ms=251437.1 eval=0 prior=0
[inst] req=6471680 hits=2045690 fwd=8644 rows=4425271 fwd_ms=251750.8 eval=0 prior=0
[inst] req=6479872 hits=2048178 fwd=8655 rows=4430903 fwd_ms=252064.6 eval=0 prior=0
[inst] req=6488064 hits=2050808 fwd=8666 rows=4436535 fwd_ms=252378.2 eval=0 prior=0
[inst] req=6496256 hits=2053357 fwd=8677 rows=4442167 fwd_ms=252691.8 eval=0 prior=0
[inst] req=6504448 hits=2056116 fwd=8688 rows=4447799 fwd_ms=253005.5 eval=0 prior=0
[inst] req=6512640 hits=2058749 fwd=8698 rows=4452919 fwd_ms=253290.5 eval=0 prior=0
[inst] req=6520832 hits=2061221 fwd=8710 rows=4459063 fwd_ms=253632.7 eval=0 prior=0
[inst] req=6529024 hits=2063796 fwd=8721 rows=4464695 fwd_ms=253946.6 eval=0 prior=0
[inst] req=6537216 hits=2066270 fwd=8732 rows=4470327 fwd_ms=254260.4 eval=0 prior=0
[inst] req=6545408 hits=2069035 fwd=8742 rows=4475447 fwd_ms=254545.6 eval=0 prior=0
[inst] req=6553600 hits=2071786 fwd=8753 rows=4481079 fwd_ms=254859.4 eval=0 prior=0
[inst] req=6561792 hits=2074294 fwd=8764 rows=4486711 fwd_ms=255173.1 eval=0 prior=0
[inst] req=6569984 hits=2076838 fwd=8775 rows=4492343 fwd_ms=255486.8 eval=0 prior=0
[inst] req=6578176 hits=2079462 fwd=8786 rows=4497975 fwd_ms=255800.6 eval=0 prior=0
[inst] req=6586368 hits=2082221 fwd=8797 rows=4503607 fwd_ms=256114.3 eval=0 prior=0
[inst] req=6594560 hits=2084783 fwd=8808 rows=4509239 fwd_ms=256428.0 eval=0 prior=0
[inst] req=6602752 hits=2087244 fwd=8819 rows=4514871 fwd_ms=256742.2 eval=0 prior=0
[inst] req=6610944 hits=2089908 fwd=8830 rows=4520503 fwd_ms=257055.9 eval=0 prior=0
[inst] req=6619136 hits=2092477 fwd=8841 rows=4526135 fwd_ms=257369.7 eval=0 prior=0
[inst] req=6627328 hits=2095006 fwd=8852 rows=4531767 fwd_ms=257683.3 eval=0 prior=0
[inst] req=6635520 hits=2097620 fwd=8862 rows=4536887 fwd_ms=257968.7 eval=0 prior=0
[inst] req=6643712 hits=2100280 fwd=8873 rows=4542519 fwd_ms=258282.4 eval=0 prior=0
[inst] req=6651904 hits=2102846 fwd=8884 rows=4548151 fwd_ms=258596.1 eval=0 prior=0
[inst] req=6660096 hits=2105338 fwd=8895 rows=4553783 fwd_ms=258909.9 eval=0 prior=0
[inst] req=6668288 hits=2107902 fwd=8906 rows=4559415 fwd_ms=259224.1 eval=0 prior=0
[inst] req=6676480 hits=2110623 fwd=8917 rows=4565047 fwd_ms=259538.0 eval=0 prior=0
[inst] req=6684672 hits=2113117 fwd=8928 rows=4570679 fwd_ms=259851.7 eval=0 prior=0
[inst] req=6692864 hits=2115787 fwd=8939 rows=4576311 fwd_ms=260165.9 eval=0 prior=0
[inst] req=6701056 hits=2118314 fwd=8950 rows=4581943 fwd_ms=260479.8 eval=0 prior=0
[inst] req=6709248 hits=2120845 fwd=8961 rows=4587575 fwd_ms=260793.9 eval=0 prior=0
[inst] req=6717440 hits=2123339 fwd=8972 rows=4593207 fwd_ms=261108.0 eval=0 prior=0
[inst] req=6725632 hits=2125910 fwd=8983 rows=4598839 fwd_ms=261421.7 eval=0 prior=0
[inst] req=6733824 hits=2128676 fwd=8994 rows=4604471 fwd_ms=261735.6 eval=0 prior=0
[inst] req=6742016 hits=2131282 fwd=9005 rows=4610103 fwd_ms=262049.4 eval=0 prior=0
[inst] req=6750208 hits=2133884 fwd=9016 rows=4615735 fwd_ms=262363.3 eval=0 prior=0
[inst] req=6758400 hits=2136382 fwd=9027 rows=4621367 fwd_ms=262677.3 eval=0 prior=0
[inst] req=6766592 hits=2138941 fwd=9038 rows=4626999 fwd_ms=262991.2 eval=0 prior=0
[inst] req=6774784 hits=2141586 fwd=9049 rows=4632631 fwd_ms=263305.0 eval=0 prior=0
[inst] req=6782976 hits=2144123 fwd=9060 rows=4638263 fwd_ms=263618.7 eval=0 prior=0
[inst] req=6791168 hits=2146806 fwd=9070 rows=4643383 fwd_ms=263904.2 eval=0 prior=0
[inst] req=6799360 hits=2149537 fwd=9081 rows=4649015 fwd_ms=264218.3 eval=0 prior=0
[inst] req=6807552 hits=2152189 fwd=9092 rows=4654647 fwd_ms=264532.2 eval=0 prior=0
[inst] req=6815744 hits=2154741 fwd=9103 rows=4660279 fwd_ms=264845.8 eval=0 prior=0
[inst] req=6823936 hits=2157301 fwd=9114 rows=4665911 fwd_ms=265159.7 eval=0 prior=0
[inst] req=6832128 hits=2159842 fwd=9125 rows=4671543 fwd_ms=265473.6 eval=0 prior=0
[inst] req=6840320 hits=2162455 fwd=9136 rows=4677175 fwd_ms=265787.4 eval=0 prior=0
[inst] req=6848512 hits=2164918 fwd=9147 rows=4682807 fwd_ms=266101.3 eval=0 prior=0
[inst] req=6856704 hits=2167461 fwd=9158 rows=4688439 fwd_ms=266415.1 eval=0 prior=0
[inst] req=6864896 hits=2170025 fwd=9169 rows=4694071 fwd_ms=266729.0 eval=0 prior=0
[inst] req=6873088 hits=2172523 fwd=9180 rows=4699703 fwd_ms=267042.9 eval=0 prior=0
[inst] req=6881280 hits=2175012 fwd=9191 rows=4705335 fwd_ms=267356.8 eval=0 prior=0
[inst] req=6889472 hits=2177615 fwd=9202 rows=4710967 fwd_ms=267670.7 eval=0 prior=0
[inst] req=6897664 hits=2180073 fwd=9213 rows=4716599 fwd_ms=267984.5 eval=0 prior=0
[inst] req=6905856 hits=2182566 fwd=9225 rows=4722743 fwd_ms=268326.9 eval=0 prior=0
[inst] req=6914048 hits=2185140 fwd=9236 rows=4728375 fwd_ms=268641.0 eval=0 prior=0
[inst] req=6922240 hits=2187621 fwd=9247 rows=4734007 fwd_ms=268955.0 eval=0 prior=0
[inst] req=6930432 hits=2190047 fwd=9258 rows=4739639 fwd_ms=269268.9 eval=0 prior=0
[inst] req=6938624 hits=2192585 fwd=9269 rows=4745271 fwd_ms=269582.7 eval=0 prior=0
[inst] req=6946816 hits=2195337 fwd=9280 rows=4750903 fwd_ms=269896.6 eval=0 prior=0
[inst] req=6955008 hits=2198018 fwd=9290 rows=4756023 fwd_ms=270181.8 eval=0 prior=0
[inst] req=6963200 hits=2200688 fwd=9301 rows=4761655 fwd_ms=270495.7 eval=0 prior=0
[inst] req=6971392 hits=2203315 fwd=9312 rows=4767287 fwd_ms=270809.5 eval=0 prior=0
[inst] req=6979584 hits=2205913 fwd=9323 rows=4772919 fwd_ms=271123.4 eval=0 prior=0
[inst] req=6987776 hits=2208433 fwd=9334 rows=4778551 fwd_ms=271437.2 eval=0 prior=0
[inst] req=6995968 hits=2210856 fwd=9345 rows=4784183 fwd_ms=271751.1 eval=0 prior=0
[inst] req=7004160 hits=2213508 fwd=9356 rows=4789815 fwd_ms=272065.2 eval=0 prior=0
[inst] req=7012352 hits=2215974 fwd=9367 rows=4795447 fwd_ms=272379.1 eval=0 prior=0
[inst] req=7020544 hits=2218398 fwd=9379 rows=4801591 fwd_ms=272721.4 eval=0 prior=0
[inst] req=7028736 hits=2220908 fwd=9390 rows=4807223 fwd_ms=273035.2 eval=0 prior=0
[inst] req=7036928 hits=2223563 fwd=9400 rows=4812343 fwd_ms=273320.3 eval=0 prior=0
[inst] req=7045120 hits=2226125 fwd=9411 rows=4817975 fwd_ms=273634.4 eval=0 prior=0
[inst] req=7053312 hits=2228647 fwd=9423 rows=4824119 fwd_ms=273976.7 eval=0 prior=0
[inst] req=7061504 hits=2231181 fwd=9434 rows=4829751 fwd_ms=274290.4 eval=0 prior=0
[inst] req=7069696 hits=2233777 fwd=9445 rows=4835383 fwd_ms=274603.8 eval=0 prior=0
[inst] req=7077888 hits=2236293 fwd=9456 rows=4841015 fwd_ms=274917.3 eval=0 prior=0
[inst] req=7086080 hits=2238929 fwd=9466 rows=4846135 fwd_ms=275202.6 eval=0 prior=0
[inst] req=7094272 hits=2241548 fwd=9477 rows=4851767 fwd_ms=275516.4 eval=0 prior=0
[inst] req=7102464 hits=2244069 fwd=9488 rows=4857399 fwd_ms=275830.1 eval=0 prior=0
[inst] req=7110656 hits=2246564 fwd=9500 rows=4863543 fwd_ms=276172.4 eval=0 prior=0
[inst] req=7118848 hits=2249162 fwd=9510 rows=4868663 fwd_ms=276457.7 eval=0 prior=0
[inst] req=7127040 hits=2251724 fwd=9521 rows=4874295 fwd_ms=276771.5 eval=0 prior=0
[inst] req=7135232 hits=2254346 fwd=9532 rows=4879927 fwd_ms=277085.2 eval=0 prior=0
[inst] req=7143424 hits=2256921 fwd=9543 rows=4885559 fwd_ms=277399.0 eval=0 prior=0
[inst] req=7151616 hits=2259499 fwd=9554 rows=4891191 fwd_ms=277712.6 eval=0 prior=0
[inst] req=7159808 hits=2262012 fwd=9565 rows=4896823 fwd_ms=278026.4 eval=0 prior=0
[inst] req=7168000 hits=2264459 fwd=9577 rows=4902967 fwd_ms=278368.8 eval=0 prior=0
[inst] req=7176192 hits=2267089 fwd=9587 rows=4908087 fwd_ms=278654.0 eval=0 prior=0
[inst] req=7184384 hits=2269693 fwd=9598 rows=4913719 fwd_ms=278967.9 eval=0 prior=0
[inst] req=7192576 hits=2272427 fwd=9609 rows=4919351 fwd_ms=279281.7 eval=0 prior=0
[inst] req=7200768 hits=2274960 fwd=9620 rows=4924983 fwd_ms=279595.4 eval=0 prior=0
[inst] req=7208960 hits=2277474 fwd=9631 rows=4930615 fwd_ms=279909.2 eval=0 prior=0
[inst] req=7217152 hits=2279987 fwd=9642 rows=4936247 fwd_ms=280222.9 eval=0 prior=0
[inst] req=7225344 hits=2282487 fwd=9653 rows=4941879 fwd_ms=280536.7 eval=0 prior=0
[inst] req=7233536 hits=2285057 fwd=9664 rows=4947511 fwd_ms=280850.6 eval=0 prior=0
[inst] req=7241728 hits=2287699 fwd=9675 rows=4953143 fwd_ms=281164.4 eval=0 prior=0
[inst] req=7249920 hits=2290214 fwd=9686 rows=4958775 fwd_ms=281478.0 eval=0 prior=0
[inst] req=7258112 hits=2292752 fwd=9697 rows=4964407 fwd_ms=281791.7 eval=0 prior=0
[inst] req=7266304 hits=2295245 fwd=9708 rows=4970039 fwd_ms=282105.3 eval=0 prior=0
[inst] req=7274496 hits=2297819 fwd=9719 rows=4975671 fwd_ms=282419.0 eval=0 prior=0
[inst] req=7282688 hits=2300411 fwd=9730 rows=4981303 fwd_ms=282732.7 eval=0 prior=0
[inst] req=7290880 hits=2302830 fwd=9742 rows=4987447 fwd_ms=283074.9 eval=0 prior=0
[inst] req=7299072 hits=2305310 fwd=9753 rows=4993079 fwd_ms=283388.5 eval=0 prior=0
[inst] req=7307264 hits=2307865 fwd=9764 rows=4998711 fwd_ms=283702.2 eval=0 prior=0
[inst] req=7315456 hits=2310430 fwd=9775 rows=5004343 fwd_ms=284016.1 eval=0 prior=0
[inst] req=7323648 hits=2313095 fwd=9786 rows=5009975 fwd_ms=284329.7 eval=0 prior=0
[inst] req=7331840 hits=2315713 fwd=9797 rows=5015607 fwd_ms=284643.3 eval=0 prior=0
[inst] req=7340032 hits=2318279 fwd=9808 rows=5021239 fwd_ms=284957.2 eval=0 prior=0
[inst] req=7348224 hits=2320830 fwd=9819 rows=5026871 fwd_ms=285271.1 eval=0 prior=0
[inst] req=7356416 hits=2323412 fwd=9829 rows=5031991 fwd_ms=285556.1 eval=0 prior=0
[inst] req=7364608 hits=2325843 fwd=9841 rows=5038135 fwd_ms=285898.2 eval=0 prior=0
[inst] req=7372800 hits=2328364 fwd=9852 rows=5043767 fwd_ms=286211.9 eval=0 prior=0
[inst] req=7380992 hits=2330929 fwd=9863 rows=5049399 fwd_ms=286525.6 eval=0 prior=0
[inst] req=7389184 hits=2333405 fwd=9874 rows=5055031 fwd_ms=286839.3 eval=0 prior=0
[inst] req=7397376 hits=2336103 fwd=9885 rows=5060663 fwd_ms=287153.2 eval=0 prior=0
[inst] req=7405568 hits=2338634 fwd=9896 rows=5066295 fwd_ms=287466.8 eval=0 prior=0
[inst] req=7413760 hits=2341258 fwd=9907 rows=5071927 fwd_ms=287780.6 eval=0 prior=0
[inst] req=7421952 hits=2343910 fwd=9917 rows=5077047 fwd_ms=288065.8 eval=0 prior=0
[inst] req=7430144 hits=2346623 fwd=9928 rows=5082679 fwd_ms=288379.6 eval=0 prior=0
[inst] req=7438336 hits=2349367 fwd=9939 rows=5088311 fwd_ms=288693.9 eval=0 prior=0
[inst] req=7446528 hits=2351927 fwd=9950 rows=5093943 fwd_ms=289008.1 eval=0 prior=0
[inst] req=7454720 hits=2354401 fwd=9961 rows=5099575 fwd_ms=289322.2 eval=0 prior=0
[inst] req=7462912 hits=2356991 fwd=9972 rows=5105207 fwd_ms=289636.0 eval=0 prior=0
[inst] req=7471104 hits=2359529 fwd=9983 rows=5110839 fwd_ms=289949.8 eval=0 prior=0
[inst] req=7479296 hits=2362109 fwd=9994 rows=5116471 fwd_ms=290263.3 eval=0 prior=0
[inst] req=7487488 hits=2364636 fwd=10005 rows=5122103 fwd_ms=290577.2 eval=0 prior=0
[inst] req=7495680 hits=2367249 fwd=10016 rows=5127735 fwd_ms=290891.3 eval=0 prior=0
[inst] req=7503872 hits=2369903 fwd=10027 rows=5133367 fwd_ms=291205.7 eval=0 prior=0
[inst] req=7512064 hits=2372451 fwd=10038 rows=5138999 fwd_ms=291519.7 eval=0 prior=0
[inst] req=7520256 hits=2375042 fwd=10049 rows=5144631 fwd_ms=291833.2 eval=0 prior=0
[inst] req=7528448 hits=2377687 fwd=10059 rows=5149751 fwd_ms=292118.3 eval=0 prior=0
[inst] req=7536640 hits=2380229 fwd=10071 rows=5155895 fwd_ms=292460.7 eval=0 prior=0
[inst] req=7544832 hits=2382862 fwd=10081 rows=5161015 fwd_ms=292746.1 eval=0 prior=0
[inst] req=7553024 hits=2385500 fwd=10092 rows=5166647 fwd_ms=293059.8 eval=0 prior=0
[inst] req=7561216 hits=2388101 fwd=10103 rows=5172279 fwd_ms=293373.5 eval=0 prior=0
[inst] req=7569408 hits=2390625 fwd=10114 rows=5177911 fwd_ms=293687.0 eval=0 prior=0
[inst] req=7577600 hits=2393127 fwd=10125 rows=5183543 fwd_ms=294000.7 eval=0 prior=0
[inst] req=7585792 hits=2395878 fwd=10136 rows=5189175 fwd_ms=294314.2 eval=0 prior=0
[inst] req=7593984 hits=2398564 fwd=10147 rows=5194807 fwd_ms=294628.0 eval=0 prior=0
[inst] req=7602176 hits=2401159 fwd=10158 rows=5200439 fwd_ms=294941.6 eval=0 prior=0
[inst] req=7610368 hits=2403702 fwd=10169 rows=5206071 fwd_ms=295255.1 eval=0 prior=0
[inst] req=7618560 hits=2406243 fwd=10180 rows=5211703 fwd_ms=295568.8 eval=0 prior=0
[inst] req=7626752 hits=2408699 fwd=10191 rows=5217335 fwd_ms=295882.4 eval=0 prior=0
[inst] req=7634944 hits=2411209 fwd=10202 rows=5222967 fwd_ms=296196.2 eval=0 prior=0
[inst] req=7643136 hits=2413763 fwd=10213 rows=5228599 fwd_ms=296510.0 eval=0 prior=0
[inst] req=7651328 hits=2416477 fwd=10224 rows=5234231 fwd_ms=296823.7 eval=0 prior=0
[inst] req=7659520 hits=2418967 fwd=10235 rows=5239863 fwd_ms=297137.5 eval=0 prior=0
[inst] req=7667712 hits=2421452 fwd=10246 rows=5245495 fwd_ms=297451.1 eval=0 prior=0
[inst] req=7675904 hits=2424131 fwd=10257 rows=5251127 fwd_ms=297764.9 eval=0 prior=0
[inst] req=7684096 hits=2426827 fwd=10267 rows=5256247 fwd_ms=298050.2 eval=0 prior=0
[inst] req=7692288 hits=2429762 fwd=10278 rows=5261879 fwd_ms=298364.2 eval=0 prior=0
[inst] req=7700480 hits=2432405 fwd=10289 rows=5267511 fwd_ms=298678.1 eval=0 prior=0
[inst] req=7708672 hits=2435034 fwd=10299 rows=5272631 fwd_ms=298963.5 eval=0 prior=0
[inst] req=7716864 hits=2437568 fwd=10311 rows=5278775 fwd_ms=299305.8 eval=0 prior=0
[inst] req=7725056 hits=2440061 fwd=10322 rows=5284407 fwd_ms=299619.3 eval=0 prior=0
[inst] req=7733248 hits=2442815 fwd=10332 rows=5289527 fwd_ms=299904.4 eval=0 prior=0
[inst] req=7741440 hits=2445370 fwd=10343 rows=5295159 fwd_ms=300218.2 eval=0 prior=0
[inst] req=7749632 hits=2447937 fwd=10354 rows=5300791 fwd_ms=300532.0 eval=0 prior=0
[inst] req=7757824 hits=2450454 fwd=10365 rows=5306423 fwd_ms=300845.8 eval=0 prior=0
[inst] req=7766016 hits=2453173 fwd=10376 rows=5312055 fwd_ms=301159.9 eval=0 prior=0
[inst] req=7774208 hits=2455928 fwd=10387 rows=5317687 fwd_ms=301473.8 eval=0 prior=0
[inst] req=7782400 hits=2458551 fwd=10398 rows=5323319 fwd_ms=301787.7 eval=0 prior=0
[inst] req=7790592 hits=2461175 fwd=10408 rows=5328439 fwd_ms=302073.0 eval=0 prior=0
[inst] req=7798784 hits=2463781 fwd=10419 rows=5334071 fwd_ms=302386.9 eval=0 prior=0
[inst] req=7806976 hits=2466367 fwd=10430 rows=5339703 fwd_ms=302700.5 eval=0 prior=0
[inst] req=7815168 hits=2468951 fwd=10441 rows=5345335 fwd_ms=303014.3 eval=0 prior=0
[inst] req=7823360 hits=2471482 fwd=10452 rows=5350967 fwd_ms=303328.1 eval=0 prior=0
[inst] req=7831552 hits=2474081 fwd=10463 rows=5356599 fwd_ms=303641.9 eval=0 prior=0
[inst] req=7839744 hits=2476768 fwd=10474 rows=5362231 fwd_ms=303956.0 eval=0 prior=0
[inst] req=7847936 hits=2479385 fwd=10485 rows=5367863 fwd_ms=304270.5 eval=0 prior=0
[inst] req=7856128 hits=2481922 fwd=10496 rows=5373495 fwd_ms=304584.8 eval=0 prior=0
[inst] req=7864320 hits=2484434 fwd=10507 rows=5379127 fwd_ms=305031.1 eval=0 prior=0
[inst] req=7872512 hits=2487123 fwd=10518 rows=5384759 fwd_ms=305649.1 eval=0 prior=0
[inst] req=7880704 hits=2489689 fwd=10529 rows=5390391 fwd_ms=306477.0 eval=0 prior=0
[inst] req=7888896 hits=2492214 fwd=10540 rows=5396023 fwd_ms=307293.2 eval=0 prior=0
[inst] req=7897088 hits=2494773 fwd=10551 rows=5401655 fwd_ms=308114.2 eval=0 prior=0
[inst] req=7905280 hits=2497314 fwd=10562 rows=5407287 fwd_ms=308933.7 eval=0 prior=0
[inst] req=7913472 hits=2499948 fwd=10573 rows=5412919 fwd_ms=309818.1 eval=0 prior=0
[inst] req=7921664 hits=2502832 fwd=10583 rows=5418039 fwd_ms=310572.6 eval=0 prior=0
[inst] req=7929856 hits=2505674 fwd=10593 rows=5423159 fwd_ms=311087.6 eval=0 prior=0
[inst] req=7938048 hits=2508343 fwd=10604 rows=5428791 fwd_ms=311464.7 eval=0 prior=0
[inst] req=7946240 hits=2509173 fwd=10619 rows=5436471 fwd_ms=311909.6 eval=0 prior=0
[inst] req=7954432 hits=2509464 fwd=10634 rows=5444151 fwd_ms=312358.2 eval=0 prior=0
[inst] req=7962624 hits=2509925 fwd=10649 rows=5451831 fwd_ms=312807.0 eval=0 prior=0
[inst] req=7970816 hits=2510631 fwd=10664 rows=5459511 fwd_ms=313236.0 eval=0 prior=0
[inst] req=7979008 hits=2511606 fwd=10678 rows=5466679 fwd_ms=313646.2 eval=0 prior=0
[inst] req=7987200 hits=2513012 fwd=10691 rows=5473335 fwd_ms=314033.3 eval=0 prior=0
[inst] req=7995392 hits=2514856 fwd=10704 rows=5479991 fwd_ms=314419.8 eval=0 prior=0
[inst] req=8003584 hits=2516985 fwd=10715 rows=5485623 fwd_ms=314734.4 eval=0 prior=0
[inst] req=8011776 hits=2519400 fwd=10727 rows=5491767 fwd_ms=315097.5 eval=0 prior=0
[inst] req=8019968 hits=2521877 fwd=10738 rows=5497399 fwd_ms=315436.3 eval=0 prior=0
[inst] req=8028160 hits=2524286 fwd=10749 rows=5503031 fwd_ms=315770.9 eval=0 prior=0
[inst] req=8036352 hits=2526732 fwd=10760 rows=5508663 fwd_ms=316095.4 eval=0 prior=0
[inst] req=8044544 hits=2529222 fwd=10772 rows=5514807 fwd_ms=316443.3 eval=0 prior=0
[inst] req=8052736 hits=2531646 fwd=10783 rows=5520439 fwd_ms=316768.3 eval=0 prior=0
[inst] req=8060928 hits=2534106 fwd=10794 rows=5526071 fwd_ms=317082.8 eval=0 prior=0
[inst] req=8069120 hits=2536575 fwd=10805 rows=5531703 fwd_ms=317406.9 eval=0 prior=0
[inst] req=8077312 hits=2539103 fwd=10816 rows=5537335 fwd_ms=317721.5 eval=0 prior=0
[inst] req=8085504 hits=2541643 fwd=10827 rows=5542967 fwd_ms=318055.8 eval=0 prior=0
[inst] req=8093696 hits=2544295 fwd=10838 rows=5548599 fwd_ms=318389.9 eval=0 prior=0
[inst] req=8101888 hits=2547192 fwd=10848 rows=5553719 fwd_ms=318685.6 eval=0 prior=0
[inst] req=8110080 hits=2550057 fwd=10859 rows=5559351 fwd_ms=319006.2 eval=0 prior=0
[inst] req=8118272 hits=2552670 fwd=10870 rows=5564983 fwd_ms=319335.3 eval=0 prior=0
[inst] req=8126464 hits=2555316 fwd=10881 rows=5570615 fwd_ms=319664.2 eval=0 prior=0
[inst] req=8134656 hits=2557719 fwd=10892 rows=5576247 fwd_ms=319988.2 eval=0 prior=0
[inst] req=8142848 hits=2560273 fwd=10903 rows=5581879 fwd_ms=320316.9 eval=0 prior=0
[inst] req=8151040 hits=2562871 fwd=10914 rows=5587511 fwd_ms=320660.6 eval=0 prior=0
[inst] req=8159232 hits=2565463 fwd=10925 rows=5593143 fwd_ms=320984.5 eval=0 prior=0
[inst] req=8167424 hits=2568058 fwd=10936 rows=5598775 fwd_ms=321303.2 eval=0 prior=0
[inst] req=8175616 hits=2570686 fwd=10947 rows=5604407 fwd_ms=321627.6 eval=0 prior=0
[inst] req=8183808 hits=2573346 fwd=10957 rows=5609527 fwd_ms=321937.9 eval=0 prior=0
[inst] req=8192000 hits=2576044 fwd=10968 rows=5615159 fwd_ms=322272.3 eval=0 prior=0
[inst] req=8200192 hits=2578663 fwd=10979 rows=5620791 fwd_ms=322610.8 eval=0 prior=0
[inst] req=8208384 hits=2581287 fwd=10990 rows=5626423 fwd_ms=322934.3 eval=0 prior=0
[inst] req=8216576 hits=2583673 fwd=11001 rows=5632055 fwd_ms=323253.2 eval=0 prior=0
[inst] req=8224768 hits=2586230 fwd=11012 rows=5637687 fwd_ms=323587.1 eval=0 prior=0
[inst] req=8232960 hits=2588763 fwd=11023 rows=5643319 fwd_ms=323915.5 eval=0 prior=0
[inst] req=8241152 hits=2591354 fwd=11034 rows=5648951 fwd_ms=324244.3 eval=0 prior=0
[inst] req=8249344 hits=2594133 fwd=11045 rows=5654583 fwd_ms=324568.5 eval=0 prior=0
[inst] req=8257536 hits=2596774 fwd=11056 rows=5660215 fwd_ms=324892.0 eval=0 prior=0
[inst] req=8265728 hits=2599539 fwd=11066 rows=5665335 fwd_ms=325182.2 eval=0 prior=0
[inst] req=8273920 hits=2602234 fwd=11077 rows=5670967 fwd_ms=325511.2 eval=0 prior=0
[inst] req=8282112 hits=2604928 fwd=11088 rows=5676599 fwd_ms=325839.4 eval=0 prior=0
[inst] req=8290304 hits=2607459 fwd=11099 rows=5682231 fwd_ms=326178.0 eval=0 prior=0
[inst] req=8298496 hits=2609971 fwd=11110 rows=5687863 fwd_ms=326521.0 eval=0 prior=0
[inst] req=8306688 hits=2612559 fwd=11121 rows=5693495 fwd_ms=326845.5 eval=0 prior=0
[inst] req=8314880 hits=2615141 fwd=11132 rows=5699127 fwd_ms=327174.1 eval=0 prior=0
[inst] req=8323072 hits=2617643 fwd=11143 rows=5704759 fwd_ms=327488.5 eval=0 prior=0
[inst] req=8331264 hits=2620271 fwd=11154 rows=5710391 fwd_ms=327802.9 eval=0 prior=0
[inst] req=8339456 hits=2622864 fwd=11165 rows=5716023 fwd_ms=328117.2 eval=0 prior=0
[inst] req=8347648 hits=2625519 fwd=11175 rows=5721143 fwd_ms=328412.9 eval=0 prior=0
[inst] req=8355840 hits=2628308 fwd=11186 rows=5726775 fwd_ms=328736.7 eval=0 prior=0
[inst] req=8364032 hits=2631097 fwd=11197 rows=5732407 fwd_ms=329060.6 eval=0 prior=0
[inst] req=8372224 hits=2633888 fwd=11207 rows=5737527 fwd_ms=329346.6 eval=0 prior=0
[inst] req=8380416 hits=2636704 fwd=11218 rows=5743159 fwd_ms=329660.9 eval=0 prior=0
[inst] req=8388608 hits=2639432 fwd=11228 rows=5748279 fwd_ms=329951.7 eval=0 prior=0
[inst] req=8396800 hits=2642168 fwd=11239 rows=5753911 fwd_ms=330276.5 eval=0 prior=0
[inst] req=8404992 hits=2644762 fwd=11250 rows=5759543 fwd_ms=330600.7 eval=0 prior=0
[inst] req=8413184 hits=2647216 fwd=11261 rows=5765175 fwd_ms=330924.7 eval=0 prior=0
[inst] req=8421376 hits=2649873 fwd=11272 rows=5770807 fwd_ms=331239.0 eval=0 prior=0
[inst] req=8429568 hits=2652441 fwd=11283 rows=5776439 fwd_ms=331563.5 eval=0 prior=0
[inst] req=8437760 hits=2655049 fwd=11294 rows=5782071 fwd_ms=331887.7 eval=0 prior=0
[inst] req=8445952 hits=2657691 fwd=11305 rows=5787703 fwd_ms=332211.7 eval=0 prior=0
[inst] req=8454144 hits=2660616 fwd=11315 rows=5792823 fwd_ms=332507.2 eval=0 prior=0
[inst] req=8462336 hits=2663412 fwd=11325 rows=5797943 fwd_ms=332793.2 eval=0 prior=0
[inst] req=8470528 hits=2666214 fwd=11336 rows=5803575 fwd_ms=333118.1 eval=0 prior=0
[inst] req=8478720 hits=2668754 fwd=11347 rows=5809207 fwd_ms=333447.2 eval=0 prior=0
[inst] req=8486912 hits=2671223 fwd=11358 rows=5814839 fwd_ms=333771.0 eval=0 prior=0
[inst] req=8495104 hits=2673745 fwd=11369 rows=5820471 fwd_ms=334104.8 eval=0 prior=0
[inst] req=8503296 hits=2676382 fwd=11380 rows=5826103 fwd_ms=334419.2 eval=0 prior=0
[inst] req=8511488 hits=2678994 fwd=11391 rows=5831735 fwd_ms=334733.1 eval=0 prior=0
[inst] req=8519680 hits=2681557 fwd=11402 rows=5837367 fwd_ms=335047.4 eval=0 prior=0
[inst] req=8527872 hits=2684182 fwd=11413 rows=5842999 fwd_ms=335361.7 eval=0 prior=0
[inst] req=8536064 hits=2686821 fwd=11424 rows=5848631 fwd_ms=335676.1 eval=0 prior=0
[inst] req=8544256 hits=2689511 fwd=11434 rows=5853751 fwd_ms=335962.0 eval=0 prior=0
[inst] req=8552448 hits=2692173 fwd=11445 rows=5859383 fwd_ms=336276.7 eval=0 prior=0
[inst] req=8560640 hits=2694849 fwd=11456 rows=5865015 fwd_ms=336591.4 eval=0 prior=0
[inst] req=8568832 hits=2697512 fwd=11467 rows=5870647 fwd_ms=336905.7 eval=0 prior=0
[inst] req=8577024 hits=2700127 fwd=11478 rows=5876279 fwd_ms=337220.4 eval=0 prior=0
[inst] req=8585216 hits=2702831 fwd=11488 rows=5881399 fwd_ms=337506.6 eval=0 prior=0
[inst] req=8593408 hits=2705420 fwd=11499 rows=5887031 fwd_ms=337821.9 eval=0 prior=0
[inst] req=8601600 hits=2708044 fwd=11510 rows=5892663 fwd_ms=338136.7 eval=0 prior=0
[inst] req=8609792 hits=2710699 fwd=11521 rows=5898295 fwd_ms=338456.0 eval=0 prior=0
[inst] req=8617984 hits=2713405 fwd=11532 rows=5903927 fwd_ms=338790.1 eval=0 prior=0
[inst] req=8626176 hits=2716121 fwd=11542 rows=5909047 fwd_ms=339086.4 eval=0 prior=0
[inst] req=8634368 hits=2718723 fwd=11553 rows=5914679 fwd_ms=339400.7 eval=0 prior=0
[inst] req=8642560 hits=2721343 fwd=11564 rows=5920311 fwd_ms=339724.9 eval=0 prior=0
[inst] req=8650752 hits=2723862 fwd=11575 rows=5925943 fwd_ms=340050.0 eval=0 prior=0
[inst] req=8658944 hits=2726431 fwd=11586 rows=5931575 fwd_ms=340365.1 eval=0 prior=0
[inst] req=8667136 hits=2728993 fwd=11597 rows=5937207 fwd_ms=340679.4 eval=0 prior=0
[inst] req=8675328 hits=2731540 fwd=11608 rows=5942839 fwd_ms=340994.0 eval=0 prior=0
[inst] req=8683520 hits=2734098 fwd=11619 rows=5948471 fwd_ms=341309.0 eval=0 prior=0
[inst] req=8691712 hits=2736752 fwd=11630 rows=5954103 fwd_ms=341624.7 eval=0 prior=0
[inst] req=8699904 hits=2739402 fwd=11641 rows=5959735 fwd_ms=341939.2 eval=0 prior=0
[inst] req=8708096 hits=2742229 fwd=11651 rows=5964855 fwd_ms=342225.3 eval=0 prior=0
[inst] req=8716288 hits=2745028 fwd=11662 rows=5970487 fwd_ms=342539.7 eval=0 prior=0
[inst] req=8724480 hits=2747746 fwd=11673 rows=5976119 fwd_ms=342854.1 eval=0 prior=0
[inst] req=8732672 hits=2750342 fwd=11684 rows=5981751 fwd_ms=343168.6 eval=0 prior=0
[inst] req=8740864 hits=2752913 fwd=11695 rows=5987383 fwd_ms=343483.0 eval=0 prior=0
[inst] req=8749056 hits=2755514 fwd=11706 rows=5993015 fwd_ms=343797.4 eval=0 prior=0
[inst] req=8757248 hits=2758038 fwd=11717 rows=5998647 fwd_ms=344111.6 eval=0 prior=0
[inst] req=8765440 hits=2760725 fwd=11727 rows=6003767 fwd_ms=344397.6 eval=0 prior=0
[inst] req=8773632 hits=2763437 fwd=11738 rows=6009399 fwd_ms=344713.3 eval=0 prior=0
[inst] req=8781824 hits=2766160 fwd=11749 rows=6015031 fwd_ms=345028.4 eval=0 prior=0
[inst] req=8790016 hits=2768888 fwd=11759 rows=6020151 fwd_ms=345314.9 eval=0 prior=0
[inst] req=8798208 hits=2771562 fwd=11770 rows=6025783 fwd_ms=345629.8 eval=0 prior=0
[inst] req=8806400 hits=2774242 fwd=11781 rows=6031415 fwd_ms=345944.6 eval=0 prior=0
[inst] req=8814592 hits=2776942 fwd=11792 rows=6037047 fwd_ms=346264.2 eval=0 prior=0
[inst] req=8822784 hits=2779496 fwd=11803 rows=6042679 fwd_ms=346578.8 eval=0 prior=0
[inst] req=8830976 hits=2782040 fwd=11814 rows=6048311 fwd_ms=346893.2 eval=0 prior=0
[inst] req=8839168 hits=2784716 fwd=11824 rows=6053431 fwd_ms=347179.3 eval=0 prior=0
[inst] req=8847360 hits=2787438 fwd=11835 rows=6059063 fwd_ms=347493.7 eval=0 prior=0
[inst] req=8855552 hits=2790145 fwd=11846 rows=6064695 fwd_ms=347808.4 eval=0 prior=0
[inst] req=8863744 hits=2792841 fwd=11857 rows=6070327 fwd_ms=348123.1 eval=0 prior=0
[inst] req=8871936 hits=2795486 fwd=11867 rows=6075447 fwd_ms=348409.3 eval=0 prior=0
[inst] req=8880128 hits=2798093 fwd=11878 rows=6081079 fwd_ms=348724.2 eval=0 prior=0
[inst] req=8888320 hits=2800713 fwd=11889 rows=6086711 fwd_ms=349040.0 eval=0 prior=0
[inst] req=8896512 hits=2803357 fwd=11900 rows=6092343 fwd_ms=349355.0 eval=0 prior=0
[inst] req=8904704 hits=2806002 fwd=11911 rows=6097975 fwd_ms=349669.5 eval=0 prior=0
[inst] req=8912896 hits=2808686 fwd=11922 rows=6103607 fwd_ms=349984.0 eval=0 prior=0
[inst] req=8921088 hits=2811204 fwd=11933 rows=6109239 fwd_ms=350303.2 eval=0 prior=0
[inst] req=8929280 hits=2813781 fwd=11944 rows=6114871 fwd_ms=350627.2 eval=0 prior=0
[inst] req=8937472 hits=2816435 fwd=11955 rows=6120503 fwd_ms=350966.3 eval=0 prior=0
[inst] req=8945664 hits=2819073 fwd=11965 rows=6125623 fwd_ms=351266.7 eval=0 prior=0
[inst] req=8953856 hits=2821742 fwd=11976 rows=6131255 fwd_ms=351591.2 eval=0 prior=0
[inst] req=8962048 hits=2824491 fwd=11987 rows=6136887 fwd_ms=351919.9 eval=0 prior=0
[inst] req=8970240 hits=2827310 fwd=11997 rows=6142007 fwd_ms=352225.3 eval=0 prior=0
[inst] req=8978432 hits=2830016 fwd=12008 rows=6147639 fwd_ms=352558.9 eval=0 prior=0
[inst] req=8986624 hits=2832692 fwd=12019 rows=6153271 fwd_ms=352877.9 eval=0 prior=0
[inst] req=8994816 hits=2835151 fwd=12030 rows=6158903 fwd_ms=353192.4 eval=0 prior=0
[inst] req=9003008 hits=2837581 fwd=12041 rows=6164535 fwd_ms=353507.0 eval=0 prior=0
[inst] req=9011200 hits=2840239 fwd=12052 rows=6170167 fwd_ms=353821.4 eval=0 prior=0
[inst] req=9019392 hits=2842787 fwd=12063 rows=6175799 fwd_ms=354136.0 eval=0 prior=0
[inst] req=9027584 hits=2845371 fwd=12074 rows=6181431 fwd_ms=354455.6 eval=0 prior=0
[inst] req=9035776 hits=2847933 fwd=12085 rows=6187063 fwd_ms=354780.1 eval=0 prior=0
[inst] req=9043968 hits=2850675 fwd=12096 rows=6192695 fwd_ms=355099.5 eval=0 prior=0
[inst] req=9052160 hits=2853307 fwd=12107 rows=6198327 fwd_ms=355413.9 eval=0 prior=0
[inst] req=9060352 hits=2855993 fwd=12117 rows=6203447 fwd_ms=355699.8 eval=0 prior=0
[inst] req=9068544 hits=2858706 fwd=12128 rows=6209079 fwd_ms=356014.5 eval=0 prior=0
[inst] req=9076736 hits=2861324 fwd=12139 rows=6214711 fwd_ms=356329.1 eval=0 prior=0
[inst] req=9084928 hits=2863811 fwd=12150 rows=6220343 fwd_ms=356643.6 eval=0 prior=0
[inst] req=9093120 hits=2866402 fwd=12161 rows=6225975 fwd_ms=356957.9 eval=0 prior=0
[inst] req=9101312 hits=2868990 fwd=12172 rows=6231607 fwd_ms=357272.3 eval=0 prior=0
[inst] req=9109504 hits=2871657 fwd=12183 rows=6237239 fwd_ms=357586.6 eval=0 prior=0
[inst] req=9117696 hits=2874292 fwd=12194 rows=6242871 fwd_ms=357901.3 eval=0 prior=0
[inst] req=9125888 hits=2876924 fwd=12204 rows=6247991 fwd_ms=358187.3 eval=0 prior=0
[inst] req=9134080 hits=2879618 fwd=12215 rows=6253623 fwd_ms=358502.0 eval=0 prior=0
[inst] req=9142272 hits=2882347 fwd=12226 rows=6259255 fwd_ms=358816.5 eval=0 prior=0
[inst] req=9150464 hits=2885092 fwd=12236 rows=6264375 fwd_ms=359102.6 eval=0 prior=0
[inst] req=9158656 hits=2887897 fwd=12247 rows=6270007 fwd_ms=359417.3 eval=0 prior=0
[inst] req=9166848 hits=2890498 fwd=12258 rows=6275639 fwd_ms=359732.0 eval=0 prior=0
[inst] req=9175040 hits=2893176 fwd=12269 rows=6281271 fwd_ms=360046.6 eval=0 prior=0
[inst] req=9183232 hits=2895773 fwd=12280 rows=6286903 fwd_ms=360361.0 eval=0 prior=0
[inst] req=9191424 hits=2898383 fwd=12290 rows=6292023 fwd_ms=360646.9 eval=0 prior=0
[inst] req=9199616 hits=2901032 fwd=12301 rows=6297655 fwd_ms=360961.5 eval=0 prior=0
[inst] req=9207808 hits=2903694 fwd=12312 rows=6303287 fwd_ms=361276.2 eval=0 prior=0
[inst] req=9216000 hits=2906369 fwd=12323 rows=6308919 fwd_ms=361591.4 eval=0 prior=0
[inst] req=9224192 hits=2909106 fwd=12334 rows=6314551 fwd_ms=361906.5 eval=0 prior=0
[inst] req=9232384 hits=2911824 fwd=12344 rows=6319671 fwd_ms=362192.3 eval=0 prior=0
[inst] req=9240576 hits=2914674 fwd=12355 rows=6325303 fwd_ms=362506.8 eval=0 prior=0
[inst] req=9248768 hits=2917396 fwd=12365 rows=6330423 fwd_ms=362792.7 eval=0 prior=0
[inst] req=9256960 hits=2919998 fwd=12376 rows=6336055 fwd_ms=363107.1 eval=0 prior=0
[inst] req=9265152 hits=2922487 fwd=12387 rows=6341687 fwd_ms=363421.8 eval=0 prior=0
[inst] req=9273344 hits=2925025 fwd=12398 rows=6347319 fwd_ms=363736.3 eval=0 prior=0
[inst] req=9281536 hits=2927615 fwd=12409 rows=6352951 fwd_ms=364050.8 eval=0 prior=0
[inst] req=9289728 hits=2930216 fwd=12420 rows=6358583 fwd_ms=364365.5 eval=0 prior=0
[inst] req=9297920 hits=2932892 fwd=12431 rows=6364215 fwd_ms=364680.2 eval=0 prior=0
[inst] req=9306112 hits=2935527 fwd=12442 rows=6369847 fwd_ms=364995.5 eval=0 prior=0
[inst] req=9314304 hits=2938279 fwd=12453 rows=6375479 fwd_ms=365310.1 eval=0 prior=0
[inst] req=9322496 hits=2941197 fwd=12463 rows=6380599 fwd_ms=365597.2 eval=0 prior=0
[inst] req=9330688 hits=2943991 fwd=12473 rows=6385719 fwd_ms=365883.3 eval=0 prior=0
[inst] req=9338880 hits=2946722 fwd=12484 rows=6391351 fwd_ms=366198.0 eval=0 prior=0
[inst] req=9347072 hits=2949268 fwd=12495 rows=6396983 fwd_ms=366512.6 eval=0 prior=0
[inst] req=9355264 hits=2951818 fwd=12506 rows=6402615 fwd_ms=366827.2 eval=0 prior=0
[inst] req=9363456 hits=2954325 fwd=12517 rows=6408247 fwd_ms=367142.0 eval=0 prior=0
[inst] req=9371648 hits=2957047 fwd=12528 rows=6413879 fwd_ms=367456.6 eval=0 prior=0
[inst] req=9379840 hits=2959837 fwd=12538 rows=6418999 fwd_ms=367742.9 eval=0 prior=0
[inst] req=9388032 hits=2962530 fwd=12549 rows=6424631 fwd_ms=368057.6 eval=0 prior=0
[inst] req=9396224 hits=2965334 fwd=12560 rows=6430263 fwd_ms=368372.6 eval=0 prior=0
[inst] req=9404416 hits=2968014 fwd=12570 rows=6435383 fwd_ms=368658.7 eval=0 prior=0
[inst] req=9412608 hits=2970775 fwd=12581 rows=6441015 fwd_ms=368974.1 eval=0 prior=0
[inst] req=9420800 hits=2973465 fwd=12592 rows=6446647 fwd_ms=369288.7 eval=0 prior=0
[inst] req=9428992 hits=2976050 fwd=12603 rows=6452279 fwd_ms=369603.2 eval=0 prior=0
[inst] req=9437184 hits=2978550 fwd=12614 rows=6457911 fwd_ms=369917.6 eval=0 prior=0
[inst] req=9445376 hits=2981145 fwd=12625 rows=6463543 fwd_ms=370232.7 eval=0 prior=0
[inst] req=9453568 hits=2983809 fwd=12636 rows=6469175 fwd_ms=370547.1 eval=0 prior=0
[inst] req=9461760 hits=2986484 fwd=12646 rows=6474295 fwd_ms=370833.0 eval=0 prior=0
[inst] req=9469952 hits=2989172 fwd=12657 rows=6479927 fwd_ms=371147.9 eval=0 prior=0
[inst] req=9478144 hits=2991839 fwd=12668 rows=6485559 fwd_ms=371462.4 eval=0 prior=0
[inst] req=9486336 hits=2994575 fwd=12679 rows=6491191 fwd_ms=371776.9 eval=0 prior=0
[inst] req=9494528 hits=2997200 fwd=12689 rows=6496311 fwd_ms=372063.1 eval=0 prior=0
[inst] req=9502720 hits=2999753 fwd=12700 rows=6501943 fwd_ms=372378.8 eval=0 prior=0
[inst] req=9510912 hits=3002298 fwd=12712 rows=6508087 fwd_ms=372722.9 eval=0 prior=0
[inst] req=9519104 hits=3004906 fwd=12722 rows=6513207 fwd_ms=373009.4 eval=0 prior=0
[inst] req=9527296 hits=3007493 fwd=12733 rows=6518839 fwd_ms=373324.4 eval=0 prior=0
[inst] req=9535488 hits=3009984 fwd=12745 rows=6524983 fwd_ms=373668.4 eval=0 prior=0
[inst] req=9543680 hits=3012608 fwd=12755 rows=6530103 fwd_ms=373954.3 eval=0 prior=0
[inst] req=9551872 hits=3015391 fwd=12766 rows=6535735 fwd_ms=374269.1 eval=0 prior=0
[inst] req=9560064 hits=3018183 fwd=12777 rows=6541367 fwd_ms=374583.9 eval=0 prior=0
[inst] req=9568256 hits=3021004 fwd=12787 rows=6546487 fwd_ms=374869.8 eval=0 prior=0
[inst] req=9576448 hits=3023702 fwd=12798 rows=6552119 fwd_ms=375184.5 eval=0 prior=0
[inst] req=9584640 hits=3026367 fwd=12809 rows=6557751 fwd_ms=375499.0 eval=0 prior=0
[inst] req=9592832 hits=3029207 fwd=12819 rows=6562871 fwd_ms=375785.3 eval=0 prior=0
[inst] req=9601024 hits=3031756 fwd=12830 rows=6568503 fwd_ms=376100.2 eval=0 prior=0
[inst] req=9609216 hits=3034265 fwd=12841 rows=6574135 fwd_ms=376415.0 eval=0 prior=0
[inst] req=9617408 hits=3036847 fwd=12852 rows=6579767 fwd_ms=376729.7 eval=0 prior=0
[inst] req=9625600 hits=3039427 fwd=12863 rows=6585399 fwd_ms=377044.4 eval=0 prior=0
[inst] req=9633792 hits=3041977 fwd=12874 rows=6591031 fwd_ms=377359.2 eval=0 prior=0
[inst] req=9641984 hits=3044694 fwd=12885 rows=6596663 fwd_ms=377673.8 eval=0 prior=0
[inst] req=9650176 hits=3047388 fwd=12895 rows=6601783 fwd_ms=377959.8 eval=0 prior=0
[inst] req=9658368 hits=3050009 fwd=12906 rows=6607415 fwd_ms=378274.5 eval=0 prior=0
[inst] req=9666560 hits=3052750 fwd=12917 rows=6613047 fwd_ms=378589.3 eval=0 prior=0
[inst] req=9674752 hits=3055400 fwd=12928 rows=6618679 fwd_ms=378904.3 eval=0 prior=0
[inst] req=9682944 hits=3058006 fwd=12939 rows=6624311 fwd_ms=379218.9 eval=0 prior=0
[inst] req=9691136 hits=3060537 fwd=12950 rows=6629943 fwd_ms=379533.7 eval=0 prior=0
[inst] req=9699328 hits=3063112 fwd=12961 rows=6635575 fwd_ms=379848.4 eval=0 prior=0
[inst] req=9707520 hits=3065664 fwd=12972 rows=6641207 fwd_ms=380162.8 eval=0 prior=0
[inst] req=9715712 hits=3068250 fwd=12983 rows=6646839 fwd_ms=380477.5 eval=0 prior=0
[inst] req=9723904 hits=3070816 fwd=12994 rows=6652471 fwd_ms=380792.0 eval=0 prior=0
[inst] req=9732096 hits=3073596 fwd=13004 rows=6657591 fwd_ms=381078.1 eval=0 prior=0
[inst] req=9740288 hits=3076308 fwd=13015 rows=6663223 fwd_ms=381392.5 eval=0 prior=0
[inst] req=9748480 hits=3079013 fwd=13026 rows=6668855 fwd_ms=381707.1 eval=0 prior=0
[inst] req=9756672 hits=3081709 fwd=13036 rows=6673975 fwd_ms=381992.8 eval=0 prior=0
[inst] req=9764864 hits=3084321 fwd=13047 rows=6679607 fwd_ms=382307.4 eval=0 prior=0
[inst] req=9773056 hits=3086895 fwd=13058 rows=6685239 fwd_ms=382622.4 eval=0 prior=0
[inst] req=9781248 hits=3089519 fwd=13069 rows=6690871 fwd_ms=382937.0 eval=0 prior=0
[inst] req=9789440 hits=3092128 fwd=13080 rows=6696503 fwd_ms=383251.6 eval=0 prior=0
[inst] req=9797632 hits=3094718 fwd=13091 rows=6702135 fwd_ms=383566.1 eval=0 prior=0
[inst] req=9805824 hits=3097301 fwd=13102 rows=6707767 fwd_ms=383880.4 eval=0 prior=0
[inst] req=9814016 hits=3100062 fwd=13113 rows=6713399 fwd_ms=384194.9 eval=0 prior=0
[inst] req=9822208 hits=3102604 fwd=13124 rows=6719031 fwd_ms=384509.7 eval=0 prior=0
[inst] req=9830400 hits=3105278 fwd=13134 rows=6724151 fwd_ms=384795.9 eval=0 prior=0
[inst] req=9838592 hits=3107926 fwd=13145 rows=6729783 fwd_ms=385111.1 eval=0 prior=0
[inst] req=9846784 hits=3110619 fwd=13156 rows=6735415 fwd_ms=385426.4 eval=0 prior=0
[inst] req=9854976 hits=3113272 fwd=13167 rows=6741047 fwd_ms=385741.5 eval=0 prior=0
[inst] req=9863168 hits=3115908 fwd=13178 rows=6746679 fwd_ms=386056.9 eval=0 prior=0
[inst] req=9871360 hits=3118555 fwd=13188 rows=6751799 fwd_ms=386343.4 eval=0 prior=0
[inst] req=9879552 hits=3121091 fwd=13200 rows=6757943 fwd_ms=386687.0 eval=0 prior=0
[inst] req=9887744 hits=3123572 fwd=13211 rows=6763575 fwd_ms=387002.4 eval=0 prior=0
[inst] req=9895936 hits=3126257 fwd=13221 rows=6768695 fwd_ms=387288.7 eval=0 prior=0
[inst] req=9904128 hits=3128949 fwd=13232 rows=6774327 fwd_ms=387603.7 eval=0 prior=0
[inst] req=9912320 hits=3131709 fwd=13243 rows=6779959 fwd_ms=387918.5 eval=0 prior=0
[inst] req=9920512 hits=3134390 fwd=13254 rows=6785591 fwd_ms=388233.3 eval=0 prior=0
[inst] req=9928704 hits=3137143 fwd=13264 rows=6790711 fwd_ms=388519.3 eval=0 prior=0
[inst] req=9936896 hits=3139834 fwd=13275 rows=6796343 fwd_ms=388833.6 eval=0 prior=0
[inst] req=9945088 hits=3142459 fwd=13286 rows=6801975 fwd_ms=389148.5 eval=0 prior=0
[inst] req=9953280 hits=3145104 fwd=13297 rows=6807607 fwd_ms=389463.6 eval=0 prior=0
[inst] req=9961472 hits=3147770 fwd=13307 rows=6812727 fwd_ms=389749.8 eval=0 prior=0
[inst] req=9969664 hits=3150303 fwd=13318 rows=6818359 fwd_ms=390064.2 eval=0 prior=0
[inst] req=9977856 hits=3152820 fwd=13330 rows=6824503 fwd_ms=390407.2 eval=0 prior=0
[inst] req=9986048 hits=3155330 fwd=13341 rows=6830135 fwd_ms=390721.8 eval=0 prior=0
[inst] req=9994240 hits=3158027 fwd=13351 rows=6835255 fwd_ms=391007.8 eval=0 prior=0
[inst] req=10002432 hits=3160697 fwd=13362 rows=6840887 fwd_ms=391322.4 eval=0 prior=0
[inst] req=10010624 hits=3163406 fwd=13373 rows=6846519 fwd_ms=391636.9 eval=0 prior=0
[inst] req=10018816 hits=3166076 fwd=13384 rows=6852151 fwd_ms=391952.5 eval=0 prior=0
[inst] req=10027008 hits=3168696 fwd=13395 rows=6857783 fwd_ms=392267.1 eval=0 prior=0
[inst] req=10035200 hits=3171287 fwd=13405 rows=6862903 fwd_ms=392553.2 eval=0 prior=0
[inst] req=10043392 hits=3173894 fwd=13416 rows=6868535 fwd_ms=392867.6 eval=0 prior=0
[inst] req=10051584 hits=3176431 fwd=13427 rows=6874167 fwd_ms=393181.9 eval=0 prior=0
[inst] req=10059776 hits=3179033 fwd=13438 rows=6879799 fwd_ms=393496.5 eval=0 prior=0
[inst] req=10067968 hits=3181502 fwd=13450 rows=6885943 fwd_ms=393839.8 eval=0 prior=0
[inst] req=10076160 hits=3184065 fwd=13461 rows=6891575 fwd_ms=394154.3 eval=0 prior=0
[inst] req=10084352 hits=3186678 fwd=13471 rows=6896695 fwd_ms=394440.4 eval=0 prior=0
[inst] req=10092544 hits=3189390 fwd=13482 rows=6902327 fwd_ms=394755.1 eval=0 prior=0
[inst] req=10100736 hits=3192223 fwd=13493 rows=6907959 fwd_ms=395069.7 eval=0 prior=0
[inst] req=10108928 hits=3194903 fwd=13503 rows=6913079 fwd_ms=395355.4 eval=0 prior=0
[inst] req=10117120 hits=3197574 fwd=13514 rows=6918711 fwd_ms=395670.2 eval=0 prior=0
[inst] req=10125312 hits=3200157 fwd=13525 rows=6924343 fwd_ms=395984.7 eval=0 prior=0
[inst] req=10133504 hits=3202716 fwd=13536 rows=6929975 fwd_ms=396299.2 eval=0 prior=0
[inst] req=10141696 hits=3205288 fwd=13547 rows=6935607 fwd_ms=396614.6 eval=0 prior=0
[inst] req=10149888 hits=3207915 fwd=13558 rows=6941239 fwd_ms=396929.6 eval=0 prior=0
[inst] req=10158080 hits=3210468 fwd=13569 rows=6946871 fwd_ms=397244.2 eval=0 prior=0
[inst] req=10166272 hits=3213021 fwd=13580 rows=6952503 fwd_ms=397558.6 eval=0 prior=0
[inst] req=10174464 hits=3215667 fwd=13591 rows=6958135 fwd_ms=397873.5 eval=0 prior=0
[inst] req=10182656 hits=3218419 fwd=13601 rows=6963255 fwd_ms=398159.5 eval=0 prior=0
[inst] req=10190848 hits=3221161 fwd=13612 rows=6968887 fwd_ms=398474.2 eval=0 prior=0
[inst] req=10199040 hits=3223790 fwd=13623 rows=6974519 fwd_ms=398788.8 eval=0 prior=0
[inst] req=10207232 hits=3226390 fwd=13634 rows=6980151 fwd_ms=399103.4 eval=0 prior=0
[inst] req=10215424 hits=3229000 fwd=13645 rows=6985783 fwd_ms=399418.4 eval=0 prior=0
[inst] req=10223616 hits=3231638 fwd=13656 rows=6991415 fwd_ms=399733.4 eval=0 prior=0
[inst] req=10231808 hits=3234236 fwd=13667 rows=6997047 fwd_ms=400048.7 eval=0 prior=0
[inst] req=10240000 hits=3236860 fwd=13677 rows=7002167 fwd_ms=400334.7 eval=0 prior=0
[inst] req=10248192 hits=3239490 fwd=13688 rows=7007799 fwd_ms=400649.3 eval=0 prior=0
[inst] req=10256384 hits=3242250 fwd=13699 rows=7013431 fwd_ms=400964.0 eval=0 prior=0
[inst] req=10264576 hits=3245149 fwd=13709 rows=7018551 fwd_ms=401250.1 eval=0 prior=0
[inst] req=10272768 hits=3247808 fwd=13720 rows=7024183 fwd_ms=401564.7 eval=0 prior=0
[inst] req=10280960 hits=3250410 fwd=13731 rows=7029815 fwd_ms=401879.4 eval=0 prior=0
[inst] req=10289152 hits=3253113 fwd=13742 rows=7035447 fwd_ms=402194.1 eval=0 prior=0
[inst] req=10297344 hits=3255611 fwd=13753 rows=7041079 fwd_ms=402508.7 eval=0 prior=0
[inst] req=10305536 hits=3258094 fwd=13764 rows=7046711 fwd_ms=402823.5 eval=0 prior=0
[inst] req=10313728 hits=3260705 fwd=13775 rows=7052343 fwd_ms=403138.3 eval=0 prior=0
[inst] req=10321920 hits=3263296 fwd=13786 rows=7057975 fwd_ms=403453.1 eval=0 prior=0
[inst] req=10330112 hits=3265969 fwd=13797 rows=7063607 fwd_ms=403767.6 eval=0 prior=0
[inst] req=10338304 hits=3268629 fwd=13807 rows=7068727 fwd_ms=404053.7 eval=0 prior=0
[inst] req=10346496 hits=3271381 fwd=13818 rows=7074359 fwd_ms=404368.5 eval=0 prior=0
[inst] req=10354688 hits=3274175 fwd=13829 rows=7079991 fwd_ms=404683.0 eval=0 prior=0
[inst] req=10362880 hits=3276907 fwd=13839 rows=7085111 fwd_ms=404969.0 eval=0 prior=0
[inst] req=10371072 hits=3279555 fwd=13850 rows=7090743 fwd_ms=405283.4 eval=0 prior=0
[inst] req=10379264 hits=3282317 fwd=13861 rows=7096375 fwd_ms=405597.6 eval=0 prior=0
[inst] req=10387456 hits=3284943 fwd=13871 rows=7101495 fwd_ms=405883.3 eval=0 prior=0
[inst] req=10395648 hits=3287586 fwd=13882 rows=7107127 fwd_ms=406197.5 eval=0 prior=0
[inst] req=10403840 hits=3290169 fwd=13893 rows=7112759 fwd_ms=406511.7 eval=0 prior=0
[inst] req=10412032 hits=3292854 fwd=13904 rows=7118391 fwd_ms=406826.0 eval=0 prior=0
[inst] req=10420224 hits=3295604 fwd=13915 rows=7124023 fwd_ms=407140.6 eval=0 prior=0
[inst] req=10428416 hits=3298249 fwd=13925 rows=7129143 fwd_ms=407426.6 eval=0 prior=0
[inst] req=10436608 hits=3300889 fwd=13936 rows=7134775 fwd_ms=407741.1 eval=0 prior=0
[inst] req=10444800 hits=3303608 fwd=13947 rows=7140407 fwd_ms=408055.7 eval=0 prior=0
[inst] req=10452992 hits=3306359 fwd=13958 rows=7146039 fwd_ms=408370.0 eval=0 prior=0
[inst] req=10461184 hits=3309035 fwd=13968 rows=7151159 fwd_ms=408655.8 eval=0 prior=0
[inst] req=10469376 hits=3311703 fwd=13979 rows=7156791 fwd_ms=408970.4 eval=0 prior=0
[inst] req=10477568 hits=3314393 fwd=13990 rows=7162423 fwd_ms=409284.9 eval=0 prior=0
[inst] req=10485760 hits=3316965 fwd=14001 rows=7168055 fwd_ms=409599.6 eval=0 prior=0
[inst] req=10493952 hits=3319714 fwd=14012 rows=7173687 fwd_ms=409914.3 eval=0 prior=0
[inst] req=10502144 hits=3322365 fwd=14022 rows=7178807 fwd_ms=410200.4 eval=0 prior=0
[inst] req=10510336 hits=3325042 fwd=14033 rows=7184439 fwd_ms=410515.0 eval=0 prior=0
[inst] req=10518528 hits=3327829 fwd=14044 rows=7190071 fwd_ms=410829.5 eval=0 prior=0
[inst] req=10526720 hits=3330529 fwd=14054 rows=7195191 fwd_ms=411115.4 eval=0 prior=0
[inst] req=10534912 hits=3333274 fwd=14065 rows=7200823 fwd_ms=411430.1 eval=0 prior=0
[inst] req=10543104 hits=3335995 fwd=14076 rows=7206455 fwd_ms=411745.0 eval=0 prior=0
[inst] req=10551296 hits=3338637 fwd=14087 rows=7212087 fwd_ms=412059.5 eval=0 prior=0
[inst] req=10559488 hits=3341228 fwd=14098 rows=7217719 fwd_ms=412374.1 eval=0 prior=0
[inst] req=10567680 hits=3343713 fwd=14109 rows=7223351 fwd_ms=412688.6 eval=0 prior=0
[inst] req=10575872 hits=3346245 fwd=14120 rows=7228983 fwd_ms=413003.0 eval=0 prior=0
[inst] req=10584064 hits=3348840 fwd=14131 rows=7234615 fwd_ms=413317.6 eval=0 prior=0
[inst] req=10592256 hits=3351567 fwd=14141 rows=7239735 fwd_ms=413603.5 eval=0 prior=0
[inst] req=10600448 hits=3354273 fwd=14152 rows=7245367 fwd_ms=413918.2 eval=0 prior=0
[inst] req=10608640 hits=3357126 fwd=14163 rows=7250999 fwd_ms=414233.0 eval=0 prior=0
[inst] req=10616832 hits=3359672 fwd=14174 rows=7256631 fwd_ms=414547.8 eval=0 prior=0
[inst] req=10625024 hits=3362308 fwd=14184 rows=7261751 fwd_ms=414833.7 eval=0 prior=0
[inst] req=10633216 hits=3364903 fwd=14195 rows=7267383 fwd_ms=415148.4 eval=0 prior=0
[inst] req=10641408 hits=3367544 fwd=14206 rows=7273015 fwd_ms=415463.0 eval=0 prior=0
[inst] req=10649600 hits=3370147 fwd=14217 rows=7278647 fwd_ms=415777.7 eval=0 prior=0
[inst] req=10657792 hits=3372697 fwd=14228 rows=7284279 fwd_ms=416092.2 eval=0 prior=0
[inst] req=10665984 hits=3375357 fwd=14239 rows=7289911 fwd_ms=416406.8 eval=0 prior=0
[inst] req=10674176 hits=3378073 fwd=14250 rows=7295543 fwd_ms=416721.5 eval=0 prior=0
[inst] req=10682368 hits=3380800 fwd=14260 rows=7300663 fwd_ms=417007.6 eval=0 prior=0
[inst] req=10690560 hits=3383611 fwd=14271 rows=7306295 fwd_ms=417322.2 eval=0 prior=0
[inst] req=10698752 hits=3386276 fwd=14282 rows=7311927 fwd_ms=417636.7 eval=0 prior=0
[inst] req=10706944 hits=3388853 fwd=14293 rows=7317559 fwd_ms=417951.4 eval=0 prior=0
[inst] req=10715136 hits=3391551 fwd=14303 rows=7322679 fwd_ms=418238.0 eval=0 prior=0
[inst] req=10723328 hits=3394201 fwd=14314 rows=7328311 fwd_ms=418552.9 eval=0 prior=0
[inst] req=10731520 hits=3396902 fwd=14325 rows=7333943 fwd_ms=418867.3 eval=0 prior=0
[inst] req=10739712 hits=3399417 fwd=14336 rows=7339575 fwd_ms=419181.7 eval=0 prior=0
[inst] req=10747904 hits=3401925 fwd=14347 rows=7345207 fwd_ms=419496.1 eval=0 prior=0
[inst] req=10756096 hits=3404612 fwd=14358 rows=7350839 fwd_ms=419811.0 eval=0 prior=0
[inst] req=10764288 hits=3407192 fwd=14369 rows=7356471 fwd_ms=420125.6 eval=0 prior=0
[inst] req=10772480 hits=3409761 fwd=14380 rows=7362103 fwd_ms=420440.0 eval=0 prior=0
[inst] req=10780672 hits=3412437 fwd=14390 rows=7367223 fwd_ms=420725.9 eval=0 prior=0
[inst] req=10788864 hits=3415112 fwd=14401 rows=7372855 fwd_ms=421040.4 eval=0 prior=0
[inst] req=10797056 hits=3417772 fwd=14412 rows=7378487 fwd_ms=421355.4 eval=0 prior=0
[inst] req=10805248 hits=3420499 fwd=14423 rows=7384119 fwd_ms=421670.4 eval=0 prior=0
[inst] req=10813440 hits=3423120 fwd=14434 rows=7389751 fwd_ms=421985.3 eval=0 prior=0
[inst] req=10821632 hits=3425890 fwd=14444 rows=7394871 fwd_ms=422272.2 eval=0 prior=0
[inst] req=10829824 hits=3428591 fwd=14455 rows=7400503 fwd_ms=422587.0 eval=0 prior=0
[inst] req=10838016 hits=3431206 fwd=14466 rows=7406135 fwd_ms=422901.4 eval=0 prior=0
[inst] req=10846208 hits=3433869 fwd=14477 rows=7411767 fwd_ms=423216.1 eval=0 prior=0
[inst] req=10854400 hits=3436625 fwd=14487 rows=7416887 fwd_ms=423502.2 eval=0 prior=0
[inst] req=10862592 hits=3439229 fwd=14498 rows=7422519 fwd_ms=423816.9 eval=0 prior=0
[inst] req=10870784 hits=3441986 fwd=14509 rows=7428151 fwd_ms=424131.7 eval=0 prior=0
[inst] req=10878976 hits=3444725 fwd=14519 rows=7433271 fwd_ms=424417.9 eval=0 prior=0
[inst] req=10887168 hits=3447309 fwd=14530 rows=7438903 fwd_ms=424732.7 eval=0 prior=0
[inst] req=10895360 hits=3449950 fwd=14541 rows=7444535 fwd_ms=425047.4 eval=0 prior=0
[inst] req=10903552 hits=3452521 fwd=14552 rows=7450167 fwd_ms=425362.0 eval=0 prior=0
[inst] req=10911744 hits=3455115 fwd=14563 rows=7455799 fwd_ms=425676.8 eval=0 prior=0
[inst] req=10919936 hits=3457790 fwd=14574 rows=7461431 fwd_ms=425992.4 eval=0 prior=0
[inst] req=10928128 hits=3460531 fwd=14585 rows=7467063 fwd_ms=426308.8 eval=0 prior=0
[inst] req=10936320 hits=3463172 fwd=14595 rows=7472183 fwd_ms=426594.8 eval=0 prior=0
[inst] req=10944512 hits=3465739 fwd=14606 rows=7477815 fwd_ms=426909.4 eval=0 prior=0
[inst] req=10952704 hits=3468270 fwd=14617 rows=7483447 fwd_ms=427224.0 eval=0 prior=0
[inst] req=10960896 hits=3471043 fwd=14628 rows=7489079 fwd_ms=427538.6 eval=0 prior=0
[inst] req=10969088 hits=3473729 fwd=14639 rows=7494711 fwd_ms=427853.3 eval=0 prior=0
[inst] req=10977280 hits=3476480 fwd=14649 rows=7499831 fwd_ms=428139.2 eval=0 prior=0
[inst] req=10985472 hits=3479128 fwd=14660 rows=7505463 fwd_ms=428453.7 eval=0 prior=0
[inst] req=10993664 hits=3481813 fwd=14671 rows=7511095 fwd_ms=428768.2 eval=0 prior=0
[inst] req=11001856 hits=3484352 fwd=14682 rows=7516727 fwd_ms=429082.7 eval=0 prior=0
[inst] req=11010048 hits=3486992 fwd=14693 rows=7522359 fwd_ms=429397.2 eval=0 prior=0
[inst] req=11018240 hits=3489856 fwd=14703 rows=7527479 fwd_ms=429683.2 eval=0 prior=0
[inst] req=11026432 hits=3492659 fwd=14714 rows=7533111 fwd_ms=429997.5 eval=0 prior=0
[inst] req=11034624 hits=3495397 fwd=14724 rows=7538231 fwd_ms=430283.2 eval=0 prior=0
[inst] req=11042816 hits=3498161 fwd=14735 rows=7543863 fwd_ms=430597.6 eval=0 prior=0
[inst] req=11051008 hits=3500760 fwd=14746 rows=7549495 fwd_ms=430911.9 eval=0 prior=0
[inst] req=11059200 hits=3503367 fwd=14757 rows=7555127 fwd_ms=431226.3 eval=0 prior=0
[inst] req=11067392 hits=3506223 fwd=14767 rows=7560247 fwd_ms=431512.2 eval=0 prior=0
[inst] req=11075584 hits=3508974 fwd=14778 rows=7565879 fwd_ms=431827.0 eval=0 prior=0
[inst] req=11083776 hits=3511637 fwd=14789 rows=7571511 fwd_ms=432141.5 eval=0 prior=0
[inst] req=11091968 hits=3514332 fwd=14799 rows=7576631 fwd_ms=432427.8 eval=0 prior=0
[inst] req=11100160 hits=3516994 fwd=14810 rows=7582263 fwd_ms=432742.8 eval=0 prior=0
[inst] req=11108352 hits=3519852 fwd=14821 rows=7587895 fwd_ms=433057.9 eval=0 prior=0
[inst] req=11116544 hits=3522484 fwd=14832 rows=7593527 fwd_ms=433372.8 eval=0 prior=0
[inst] req=11124736 hits=3525117 fwd=14842 rows=7598647 fwd_ms=433659.1 eval=0 prior=0
[inst] req=11132928 hits=3527718 fwd=14853 rows=7604279 fwd_ms=433973.9 eval=0 prior=0
[inst] req=11141120 hits=3530465 fwd=14864 rows=7609911 fwd_ms=434288.5 eval=0 prior=0
[inst] req=11149312 hits=3533282 fwd=14874 rows=7615031 fwd_ms=434574.6 eval=0 prior=0
[inst] req=11157504 hits=3535960 fwd=14885 rows=7620663 fwd_ms=434889.3 eval=0 prior=0
[inst] req=11165696 hits=3538638 fwd=14896 rows=7626295 fwd_ms=435204.0 eval=0 prior=0
[inst] req=11173888 hits=3541210 fwd=14907 rows=7631927 fwd_ms=435518.5 eval=0 prior=0
[inst] req=11182080 hits=3543980 fwd=14918 rows=7637559 fwd_ms=435832.9 eval=0 prior=0
[inst] req=11190272 hits=3546778 fwd=14928 rows=7642679 fwd_ms=436119.3 eval=0 prior=0
[inst] req=11198464 hits=3549580 fwd=14939 rows=7648311 fwd_ms=436435.2 eval=0 prior=0
[inst] req=11206656 hits=3552309 fwd=14949 rows=7653431 fwd_ms=436722.9 eval=0 prior=0
[inst] req=11214848 hits=3554965 fwd=14960 rows=7659063 fwd_ms=437039.2 eval=0 prior=0
[inst] req=11223040 hits=3557951 fwd=14970 rows=7664183 fwd_ms=437325.8 eval=0 prior=0
[inst] req=11231232 hits=3560581 fwd=14981 rows=7669815 fwd_ms=437640.8 eval=0 prior=0
[inst] req=11239424 hits=3563250 fwd=14992 rows=7675447 fwd_ms=437955.3 eval=0 prior=0
[inst] req=11247616 hits=3565854 fwd=15003 rows=7681079 fwd_ms=438270.0 eval=0 prior=0
[inst] req=11255808 hits=3568539 fwd=15014 rows=7686711 fwd_ms=438633.9 eval=0 prior=0
[inst] req=11264000 hits=3571283 fwd=15024 rows=7691831 fwd_ms=439379.0 eval=0 prior=0
[inst] req=11272192 hits=3574128 fwd=15035 rows=7697463 fwd_ms=440263.2 eval=0 prior=0
[inst] req=11280384 hits=3576935 fwd=15045 rows=7702583 fwd_ms=441021.7 eval=0 prior=0
[inst] req=11288576 hits=3579570 fwd=15056 rows=7708215 fwd_ms=441896.0 eval=0 prior=0
[inst] req=11296768 hits=3582220 fwd=15067 rows=7713847 fwd_ms=442673.1 eval=0 prior=0
[inst] req=11304960 hits=3584794 fwd=15078 rows=7719479 fwd_ms=443497.5 eval=0 prior=0
[inst] req=11313152 hits=3587504 fwd=15089 rows=7725111 fwd_ms=444325.0 eval=0 prior=0
[inst] req=11321344 hits=3590412 fwd=15099 rows=7730231 fwd_ms=445127.0 eval=0 prior=0
[inst] req=11329536 hits=3593052 fwd=15110 rows=7735863 fwd_ms=445951.9 eval=0 prior=0
[inst] req=11337728 hits=3595791 fwd=15120 rows=7740983 fwd_ms=446802.5 eval=0 prior=0
[inst] req=11345920 hits=3598418 fwd=15131 rows=7746615 fwd_ms=447647.6 eval=0 prior=0
[inst] req=11354112 hits=3600981 fwd=15142 rows=7752247 fwd_ms=448413.2 eval=0 prior=0
[inst] req=11362304 hits=3603630 fwd=15153 rows=7757879 fwd_ms=449241.5 eval=0 prior=0
[inst] req=11370496 hits=3606269 fwd=15164 rows=7763511 fwd_ms=450070.8 eval=0 prior=0
[inst] req=11378688 hits=3608842 fwd=15175 rows=7769143 fwd_ms=450389.0 eval=0 prior=0
[inst] req=11386880 hits=3611386 fwd=15186 rows=7774775 fwd_ms=450706.5 eval=0 prior=0
[inst] req=11395072 hits=3613717 fwd=15197 rows=7780407 fwd_ms=451035.1 eval=0 prior=0
[inst] req=11403264 hits=3613871 fwd=15213 rows=7788599 fwd_ms=451493.1 eval=0 prior=0
[inst] req=11411456 hits=3614227 fwd=15228 rows=7796279 fwd_ms=451921.3 eval=0 prior=0
[inst] req=11419648 hits=3614775 fwd=15243 rows=7803959 fwd_ms=452349.4 eval=0 prior=0
[inst] req=11427840 hits=3615534 fwd=15258 rows=7811639 fwd_ms=452777.3 eval=0 prior=0
[inst] req=11436032 hits=3616725 fwd=15271 rows=7818295 fwd_ms=453148.4 eval=0 prior=0
[inst] req=11444224 hits=3618391 fwd=15284 rows=7824951 fwd_ms=453519.4 eval=0 prior=0
[inst] req=11452416 hits=3620402 fwd=15296 rows=7831095 fwd_ms=453861.8 eval=0 prior=0
[inst] req=11460608 hits=3622615 fwd=15308 rows=7837239 fwd_ms=454204.5 eval=0 prior=0
[inst] req=11468800 hits=3625091 fwd=15319 rows=7842871 fwd_ms=454518.4 eval=0 prior=0
[inst] req=11476992 hits=3627566 fwd=15330 rows=7848503 fwd_ms=454832.3 eval=0 prior=0
[inst] req=11485184 hits=3630051 fwd=15341 rows=7854135 fwd_ms=455146.2 eval=0 prior=0
[inst] req=11493376 hits=3632512 fwd=15353 rows=7860279 fwd_ms=455488.6 eval=0 prior=0
[inst] req=11501568 hits=3635025 fwd=15364 rows=7865911 fwd_ms=455802.7 eval=0 prior=0
[inst] req=11509760 hits=3637497 fwd=15375 rows=7871543 fwd_ms=456116.6 eval=0 prior=0
[inst] req=11517952 hits=3640046 fwd=15386 rows=7877175 fwd_ms=456430.3 eval=0 prior=0
[inst] req=11526144 hits=3642639 fwd=15397 rows=7882807 fwd_ms=456744.4 eval=0 prior=0
[inst] req=11534336 hits=3645293 fwd=15408 rows=7888439 fwd_ms=457058.2 eval=0 prior=0
[inst] req=11542528 hits=3647885 fwd=15419 rows=7894071 fwd_ms=457371.9 eval=0 prior=0
[inst] req=11550720 hits=3650626 fwd=15429 rows=7899191 fwd_ms=457657.3 eval=0 prior=0
[inst] req=11558912 hits=3653549 fwd=15440 rows=7904823 fwd_ms=457971.0 eval=0 prior=0
[inst] req=11567104 hits=3656109 fwd=15451 rows=7910455 fwd_ms=458284.6 eval=0 prior=0
[inst] req=11575296 hits=3658643 fwd=15462 rows=7916087 fwd_ms=458598.2 eval=0 prior=0
[inst] req=11583488 hits=3661247 fwd=15473 rows=7921719 fwd_ms=458912.0 eval=0 prior=0
[inst] req=11591680 hits=3663972 fwd=15483 rows=7926839 fwd_ms=459197.2 eval=0 prior=0
[inst] req=11599872 hits=3666590 fwd=15494 rows=7932471 fwd_ms=459511.0 eval=0 prior=0
[inst] req=11608064 hits=3669169 fwd=15505 rows=7938103 fwd_ms=459824.7 eval=0 prior=0
[inst] req=11616256 hits=3671763 fwd=15516 rows=7943735 fwd_ms=460138.1 eval=0 prior=0
[inst] req=11624448 hits=3674462 fwd=15527 rows=7949367 fwd_ms=460451.7 eval=0 prior=0
[inst] req=11632640 hits=3677129 fwd=15537 rows=7954487 fwd_ms=460736.7 eval=0 prior=0
[inst] req=11640832 hits=3679902 fwd=15548 rows=7960119 fwd_ms=461050.0 eval=0 prior=0
[inst] req=11649024 hits=3682700 fwd=15559 rows=7965751 fwd_ms=461363.7 eval=0 prior=0
[inst] req=11657216 hits=3685361 fwd=15569 rows=7970871 fwd_ms=461648.7 eval=0 prior=0
[inst] req=11665408 hits=3688061 fwd=15580 rows=7976503 fwd_ms=461962.1 eval=0 prior=0
[inst] req=11673600 hits=3690575 fwd=15591 rows=7982135 fwd_ms=462275.6 eval=0 prior=0
[inst] req=11681792 hits=3693219 fwd=15602 rows=7987767 fwd_ms=462589.3 eval=0 prior=0
[inst] req=11689984 hits=3695841 fwd=15613 rows=7993399 fwd_ms=462902.6 eval=0 prior=0
[inst] req=11698176 hits=3698495 fwd=15624 rows=7999031 fwd_ms=463216.1 eval=0 prior=0
[inst] req=11706368 hits=3701289 fwd=15634 rows=8004151 fwd_ms=463500.9 eval=0 prior=0
[inst] req=11714560 hits=3704043 fwd=15645 rows=8009783 fwd_ms=463814.3 eval=0 prior=0
[inst] req=11722752 hits=3706848 fwd=15655 rows=8014903 fwd_ms=464099.1 eval=0 prior=0
[inst] req=11730944 hits=3709598 fwd=15666 rows=8020535 fwd_ms=464412.2 eval=0 prior=0
[inst] req=11739136 hits=3712301 fwd=15677 rows=8026167 fwd_ms=464725.6 eval=0 prior=0
[inst] req=11747328 hits=3715147 fwd=15687 rows=8031287 fwd_ms=465010.4 eval=0 prior=0
[inst] req=11755520 hits=3717835 fwd=15698 rows=8036919 fwd_ms=465323.7 eval=0 prior=0
[inst] req=11763712 hits=3720441 fwd=15709 rows=8042551 fwd_ms=465637.0 eval=0 prior=0
[inst] req=11771904 hits=3722876 fwd=15720 rows=8048183 fwd_ms=465950.5 eval=0 prior=0
[inst] req=11780096 hits=3725421 fwd=15731 rows=8053815 fwd_ms=466263.8 eval=0 prior=0
[inst] req=11788288 hits=3728115 fwd=15742 rows=8059447 fwd_ms=466577.1 eval=0 prior=0
[inst] req=11796480 hits=3730751 fwd=15753 rows=8065079 fwd_ms=466890.4 eval=0 prior=0
[inst] req=11804672 hits=3733515 fwd=15763 rows=8070199 fwd_ms=467175.2 eval=0 prior=0
[inst] req=11812864 hits=3736187 fwd=15774 rows=8075831 fwd_ms=467488.4 eval=0 prior=0
[inst] req=11821056 hits=3739120 fwd=15784 rows=8080951 fwd_ms=467773.1 eval=0 prior=0
[inst] req=11829248 hits=3741922 fwd=15795 rows=8086583 fwd_ms=468086.5 eval=0 prior=0
[inst] req=11837440 hits=3744423 fwd=15806 rows=8092215 fwd_ms=468399.8 eval=0 prior=0
[inst] req=11845632 hits=3747097 fwd=15817 rows=8097847 fwd_ms=468713.1 eval=0 prior=0
[inst] req=11853824 hits=3749679 fwd=15828 rows=8103479 fwd_ms=469026.5 eval=0 prior=0
[inst] req=11862016 hits=3752113 fwd=15839 rows=8109111 fwd_ms=469339.9 eval=0 prior=0
[inst] req=11870208 hits=3754742 fwd=15850 rows=8114743 fwd_ms=469653.3 eval=0 prior=0
[inst] req=11878400 hits=3757385 fwd=15861 rows=8120375 fwd_ms=469966.7 eval=0 prior=0
[inst] req=11886592 hits=3760047 fwd=15872 rows=8126007 fwd_ms=470280.2 eval=0 prior=0
[inst] req=11894784 hits=3762736 fwd=15882 rows=8131127 fwd_ms=470565.2 eval=0 prior=0
[inst] req=11902976 hits=3765493 fwd=15893 rows=8136759 fwd_ms=470878.7 eval=0 prior=0
[inst] req=11911168 hits=3768328 fwd=15903 rows=8141879 fwd_ms=471163.7 eval=0 prior=0
[inst] req=11919360 hits=3771000 fwd=15914 rows=8147511 fwd_ms=471476.9 eval=0 prior=0
[inst] req=11927552 hits=3773642 fwd=15925 rows=8153143 fwd_ms=471791.4 eval=0 prior=0
[inst] req=11935744 hits=3776166 fwd=15936 rows=8158775 fwd_ms=472106.3 eval=0 prior=0
[inst] req=11943936 hits=3778906 fwd=15947 rows=8164407 fwd_ms=472421.2 eval=0 prior=0
[inst] req=11952128 hits=3781480 fwd=15958 rows=8170039 fwd_ms=472736.2 eval=0 prior=0
[inst] req=11960320 hits=3784255 fwd=15968 rows=8175159 fwd_ms=473022.4 eval=0 prior=0
[inst] req=11968512 hits=3786760 fwd=15979 rows=8180791 fwd_ms=473337.4 eval=0 prior=0
[inst] req=11976704 hits=3789313 fwd=15990 rows=8186423 fwd_ms=473652.4 eval=0 prior=0
[inst] req=11984896 hits=3791960 fwd=16001 rows=8192055 fwd_ms=473967.5 eval=0 prior=0
[inst] req=11993088 hits=3794763 fwd=16012 rows=8197687 fwd_ms=474282.2 eval=0 prior=0
[inst] req=12001280 hits=3797521 fwd=16022 rows=8202807 fwd_ms=474568.5 eval=0 prior=0
[inst] req=12009472 hits=3800269 fwd=16033 rows=8208439 fwd_ms=474883.8 eval=0 prior=0
[inst] req=12017664 hits=3803081 fwd=16043 rows=8213559 fwd_ms=475170.4 eval=0 prior=0
[inst] req=12025856 hits=3805607 fwd=16055 rows=8219703 fwd_ms=475514.2 eval=0 prior=0
[inst] req=12034048 hits=3808170 fwd=16066 rows=8225335 fwd_ms=475829.0 eval=0 prior=0
[inst] req=12042240 hits=3810725 fwd=16077 rows=8230967 fwd_ms=476144.0 eval=0 prior=0
[inst] req=12050432 hits=3813277 fwd=16088 rows=8236599 fwd_ms=476459.3 eval=0 prior=0
[inst] req=12058624 hits=3815942 fwd=16098 rows=8241719 fwd_ms=476745.9 eval=0 prior=0
[inst] req=12066816 hits=3818753 fwd=16109 rows=8247351 fwd_ms=477060.8 eval=0 prior=0
[inst] req=12075008 hits=3821353 fwd=16120 rows=8252983 fwd_ms=477375.7 eval=0 prior=0
[inst] req=12083200 hits=3824044 fwd=16131 rows=8258615 fwd_ms=477690.6 eval=0 prior=0
[inst] req=12091392 hits=3826752 fwd=16141 rows=8263735 fwd_ms=477977.1 eval=0 prior=0
[inst] req=12099584 hits=3829362 fwd=16152 rows=8269367 fwd_ms=478292.4 eval=0 prior=0
[inst] req=12107776 hits=3832021 fwd=16163 rows=8274999 fwd_ms=478607.5 eval=0 prior=0
[inst] req=12115968 hits=3834636 fwd=16174 rows=8280631 fwd_ms=478922.5 eval=0 prior=0
[inst] req=12124160 hits=3837236 fwd=16185 rows=8286263 fwd_ms=479237.6 eval=0 prior=0
[inst] req=12132352 hits=3839816 fwd=16196 rows=8291895 fwd_ms=479552.7 eval=0 prior=0
[inst] req=12140544 hits=3842386 fwd=16207 rows=8297527 fwd_ms=479867.8 eval=0 prior=0
[inst] req=12148736 hits=3845087 fwd=16217 rows=8302647 fwd_ms=480154.3 eval=0 prior=0
[inst] req=12156928 hits=3847841 fwd=16228 rows=8308279 fwd_ms=480469.3 eval=0 prior=0
[inst] req=12165120 hits=3850487 fwd=16239 rows=8313911 fwd_ms=480784.3 eval=0 prior=0
[inst] req=12173312 hits=3853147 fwd=16250 rows=8319543 fwd_ms=481099.1 eval=0 prior=0
[inst] req=12181504 hits=3855901 fwd=16260 rows=8324663 fwd_ms=481385.7 eval=0 prior=0
[inst] req=12189696 hits=3858500 fwd=16271 rows=8330295 fwd_ms=481701.2 eval=0 prior=0
[inst] req=12197888 hits=3861019 fwd=16282 rows=8335927 fwd_ms=482016.6 eval=0 prior=0
[inst] req=12206080 hits=3863600 fwd=16293 rows=8341559 fwd_ms=482332.1 eval=0 prior=0
[inst] req=12214272 hits=3866301 fwd=16304 rows=8347191 fwd_ms=482647.6 eval=0 prior=0
[inst] req=12222464 hits=3868856 fwd=16315 rows=8352823 fwd_ms=482963.1 eval=0 prior=0
[inst] req=12230656 hits=3871788 fwd=16325 rows=8357943 fwd_ms=483248.8 eval=0 prior=0
[inst] req=12238848 hits=3874575 fwd=16336 rows=8363575 fwd_ms=483562.4 eval=0 prior=0
[inst] req=12247040 hits=3877319 fwd=16347 rows=8369207 fwd_ms=483876.1 eval=0 prior=0
[inst] req=12255232 hits=3880017 fwd=16357 rows=8374327 fwd_ms=484161.3 eval=0 prior=0
[inst] req=12263424 hits=3882589 fwd=16368 rows=8379959 fwd_ms=484474.9 eval=0 prior=0
[inst] req=12271616 hits=3885272 fwd=16379 rows=8385591 fwd_ms=484788.5 eval=0 prior=0
[inst] req=12279808 hits=3887820 fwd=16390 rows=8391223 fwd_ms=485102.1 eval=0 prior=0
[inst] req=12288000 hits=3890391 fwd=16401 rows=8396855 fwd_ms=485415.8 eval=0 prior=0
[inst] req=12296192 hits=3893007 fwd=16412 rows=8402487 fwd_ms=485729.7 eval=0 prior=0
[inst] req=12304384 hits=3895619 fwd=16423 rows=8408119 fwd_ms=486044.9 eval=0 prior=0
[inst] req=12312576 hits=3898448 fwd=16433 rows=8413239 fwd_ms=486331.3 eval=0 prior=0
[inst] req=12320768 hits=3901199 fwd=16444 rows=8418871 fwd_ms=486646.7 eval=0 prior=0
[inst] req=12328960 hits=3904008 fwd=16454 rows=8423991 fwd_ms=486933.1 eval=0 prior=0
[inst] req=12337152 hits=3906636 fwd=16465 rows=8429623 fwd_ms=487248.3 eval=0 prior=0
[inst] req=12345344 hits=3909291 fwd=16476 rows=8435255 fwd_ms=487563.2 eval=0 prior=0
[inst] req=12353536 hits=3912048 fwd=16487 rows=8440887 fwd_ms=487878.1 eval=0 prior=0
[inst] req=12361728 hits=3914764 fwd=16497 rows=8446007 fwd_ms=488164.5 eval=0 prior=0
[inst] req=12369920 hits=3917398 fwd=16508 rows=8451639 fwd_ms=488479.4 eval=0 prior=0
[inst] req=12378112 hits=3920063 fwd=16519 rows=8457271 fwd_ms=488794.2 eval=0 prior=0
[inst] req=12386304 hits=3922633 fwd=16530 rows=8462903 fwd_ms=489109.2 eval=0 prior=0
[inst] req=12394496 hits=3925159 fwd=16541 rows=8468535 fwd_ms=489424.3 eval=0 prior=0
[inst] req=12402688 hits=3927960 fwd=16552 rows=8474167 fwd_ms=489739.3 eval=0 prior=0
[inst] req=12410880 hits=3930697 fwd=16562 rows=8479287 fwd_ms=490025.7 eval=0 prior=0
[inst] req=12419072 hits=3933389 fwd=16573 rows=8484919 fwd_ms=490340.6 eval=0 prior=0
[inst] req=12427264 hits=3936213 fwd=16583 rows=8490039 fwd_ms=490626.9 eval=0 prior=0
[inst] req=12435456 hits=3938820 fwd=16594 rows=8495671 fwd_ms=490940.3 eval=0 prior=0
[inst] req=12443648 hits=3941476 fwd=16605 rows=8501303 fwd_ms=491254.0 eval=0 prior=0
[inst] req=12451840 hits=3944089 fwd=16616 rows=8506935 fwd_ms=491567.4 eval=0 prior=0
[inst] req=12460032 hits=3946755 fwd=16627 rows=8512567 fwd_ms=491881.8 eval=0 prior=0
[inst] req=12468224 hits=3949439 fwd=16638 rows=8518199 fwd_ms=492196.9 eval=0 prior=0
[inst] req=12476416 hits=3951978 fwd=16649 rows=8523831 fwd_ms=492511.8 eval=0 prior=0
[inst] req=12484608 hits=3954643 fwd=16659 rows=8528951 fwd_ms=492797.1 eval=0 prior=0
[inst] req=12492800 hits=3957317 fwd=16670 rows=8534583 fwd_ms=493111.8 eval=0 prior=0
[inst] req=12500992 hits=3960024 fwd=16681 rows=8540215 fwd_ms=493426.9 eval=0 prior=0
[inst] req=12509184 hits=3962685 fwd=16692 rows=8545847 fwd_ms=493742.4 eval=0 prior=0
[inst] req=12517376 hits=3965502 fwd=16702 rows=8550967 fwd_ms=494029.0 eval=0 prior=0
[inst] req=12525568 hits=3968201 fwd=16713 rows=8556599 fwd_ms=494344.2 eval=0 prior=0
[inst] req=12533760 hits=3970979 fwd=16724 rows=8562231 fwd_ms=494659.6 eval=0 prior=0
[inst] req=12541952 hits=3973571 fwd=16735 rows=8567863 fwd_ms=494975.2 eval=0 prior=0
[inst] req=12550144 hits=3976237 fwd=16745 rows=8572983 fwd_ms=495261.9 eval=0 prior=0
[inst] req=12558336 hits=3978951 fwd=16756 rows=8578615 fwd_ms=495577.4 eval=0 prior=0
[inst] req=12566528 hits=3981579 fwd=16767 rows=8584247 fwd_ms=495892.7 eval=0 prior=0
[inst] req=12574720 hits=3984247 fwd=16778 rows=8589879 fwd_ms=496207.9 eval=0 prior=0
[inst] req=12582912 hits=3987022 fwd=16788 rows=8594999 fwd_ms=496494.4 eval=0 prior=0
[inst] req=12591104 hits=3989809 fwd=16799 rows=8600631 fwd_ms=496809.8 eval=0 prior=0
[inst] req=12599296 hits=3992650 fwd=16809 rows=8605751 fwd_ms=497096.4 eval=0 prior=0
[inst] req=12607488 hits=3995261 fwd=16820 rows=8611383 fwd_ms=497411.7 eval=0 prior=0
[inst] req=12615680 hits=3997961 fwd=16831 rows=8617015 fwd_ms=497727.1 eval=0 prior=0
[inst] req=12623872 hits=4000693 fwd=16842 rows=8622647 fwd_ms=498042.4 eval=0 prior=0
[inst] req=12632064 hits=4003442 fwd=16852 rows=8627767 fwd_ms=498329.1 eval=0 prior=0
[inst] req=12640256 hits=4006156 fwd=16863 rows=8633399 fwd_ms=498644.1 eval=0 prior=0
[inst] req=12648448 hits=4008771 fwd=16874 rows=8639031 fwd_ms=498959.3 eval=0 prior=0
[inst] req=12656640 hits=4011416 fwd=16885 rows=8644663 fwd_ms=499274.5 eval=0 prior=0
[inst] req=12664832 hits=4014020 fwd=16896 rows=8650295 fwd_ms=499589.7 eval=0 prior=0
[inst] req=12673024 hits=4016642 fwd=16906 rows=8655415 fwd_ms=499876.3 eval=0 prior=0
[inst] req=12681216 hits=4019280 fwd=16917 rows=8661047 fwd_ms=500191.5 eval=0 prior=0
[inst] req=12689408 hits=4022100 fwd=16928 rows=8666679 fwd_ms=500506.8 eval=0 prior=0
[inst] req=12697600 hits=4024819 fwd=16938 rows=8671799 fwd_ms=500793.5 eval=0 prior=0
[inst] req=12705792 hits=4027534 fwd=16949 rows=8677431 fwd_ms=501108.9 eval=0 prior=0
[inst] req=12713984 hits=4030180 fwd=16960 rows=8683063 fwd_ms=501424.1 eval=0 prior=0
[inst] req=12722176 hits=4032700 fwd=16971 rows=8688695 fwd_ms=501739.1 eval=0 prior=0
[inst] req=12730368 hits=4035528 fwd=16982 rows=8694327 fwd_ms=502054.7 eval=0 prior=0
[inst] req=12738560 hits=4038406 fwd=16992 rows=8699447 fwd_ms=502341.2 eval=0 prior=0
[inst] req=12746752 hits=4041162 fwd=17002 rows=8704567 fwd_ms=502627.7 eval=0 prior=0
[inst] req=12754944 hits=4044077 fwd=17013 rows=8710199 fwd_ms=502943.0 eval=0 prior=0
[inst] req=12763136 hits=4046783 fwd=17024 rows=8715831 fwd_ms=503258.4 eval=0 prior=0
[inst] req=12771328 hits=4049576 fwd=17034 rows=8720951 fwd_ms=503545.1 eval=0 prior=0
[inst] req=12779520 hits=4052342 fwd=17045 rows=8726583 fwd_ms=503860.1 eval=0 prior=0
[inst] req=12787712 hits=4055212 fwd=17055 rows=8731703 fwd_ms=504146.9 eval=0 prior=0
[inst] req=12795904 hits=4057970 fwd=17066 rows=8737335 fwd_ms=504462.4 eval=0 prior=0
[inst] req=12804096 hits=4060518 fwd=17077 rows=8742967 fwd_ms=504777.6 eval=0 prior=0
[inst] req=12812288 hits=4063106 fwd=17088 rows=8748599 fwd_ms=505092.8 eval=0 prior=0
[inst] req=12820480 hits=4065672 fwd=17099 rows=8754231 fwd_ms=505408.0 eval=0 prior=0
[inst] req=12828672 hits=4068276 fwd=17110 rows=8759863 fwd_ms=505723.1 eval=0 prior=0
[inst] req=12836864 hits=4071000 fwd=17120 rows=8764983 fwd_ms=506009.8 eval=0 prior=0
[inst] req=12845056 hits=4073790 fwd=17131 rows=8770615 fwd_ms=506324.9 eval=0 prior=0
[inst] req=12853248 hits=4076475 fwd=17142 rows=8776247 fwd_ms=506640.0 eval=0 prior=0
[inst] req=12861440 hits=4079224 fwd=17152 rows=8781367 fwd_ms=506926.7 eval=0 prior=0
[inst] req=12869632 hits=4081959 fwd=17163 rows=8786999 fwd_ms=507240.5 eval=0 prior=0
[inst] req=12877824 hits=4084672 fwd=17174 rows=8792631 fwd_ms=507554.3 eval=0 prior=0
[inst] req=12886016 hits=4087338 fwd=17184 rows=8797751 fwd_ms=507839.5 eval=0 prior=0
[inst] req=12894208 hits=4090035 fwd=17195 rows=8803383 fwd_ms=508153.3 eval=0 prior=0
[inst] req=12902400 hits=4092642 fwd=17206 rows=8809015 fwd_ms=508467.1 eval=0 prior=0
[inst] req=12910592 hits=4095233 fwd=17217 rows=8814647 fwd_ms=508780.9 eval=0 prior=0
[inst] req=12918784 hits=4097850 fwd=17228 rows=8820279 fwd_ms=509094.7 eval=0 prior=0
[inst] req=12926976 hits=4100598 fwd=17238 rows=8825399 fwd_ms=509379.8 eval=0 prior=0
[inst] req=12935168 hits=4103238 fwd=17249 rows=8831031 fwd_ms=509693.7 eval=0 prior=0
[inst] req=12943360 hits=4106001 fwd=17260 rows=8836663 fwd_ms=510007.7 eval=0 prior=0
[inst] req=12951552 hits=4108758 fwd=17270 rows=8841783 fwd_ms=510292.8 eval=0 prior=0
[inst] req=12959744 hits=4111421 fwd=17281 rows=8847415 fwd_ms=510606.7 eval=0 prior=0
[inst] req=12967936 hits=4114191 fwd=17292 rows=8853047 fwd_ms=510921.1 eval=0 prior=0
[inst] req=12976128 hits=4116744 fwd=17303 rows=8858679 fwd_ms=511235.0 eval=0 prior=0
[inst] req=12984320 hits=4119410 fwd=17314 rows=8864311 fwd_ms=511548.8 eval=0 prior=0
[inst] req=12992512 hits=4122206 fwd=17324 rows=8869431 fwd_ms=511834.3 eval=0 prior=0
[inst] req=13000704 hits=4124735 fwd=17335 rows=8875063 fwd_ms=512147.9 eval=0 prior=0
[inst] req=13008896 hits=4127441 fwd=17346 rows=8880695 fwd_ms=512461.7 eval=0 prior=0
[inst] req=13017088 hits=4130208 fwd=17357 rows=8886327 fwd_ms=512775.5 eval=0 prior=0
[inst] req=13025280 hits=4132901 fwd=17367 rows=8891447 fwd_ms=513060.6 eval=0 prior=0
[inst] req=13033472 hits=4135591 fwd=17378 rows=8897079 fwd_ms=513374.4 eval=0 prior=0
[inst] req=13041664 hits=4138506 fwd=17388 rows=8902199 fwd_ms=513660.0 eval=0 prior=0
[inst] req=13049856 hits=4141276 fwd=17399 rows=8907831 fwd_ms=513973.8 eval=0 prior=0
[inst] req=13058048 hits=4143950 fwd=17410 rows=8913463 fwd_ms=514287.5 eval=0 prior=0
[inst] req=13066240 hits=4146681 fwd=17420 rows=8918583 fwd_ms=514572.8 eval=0 prior=0
[inst] req=13074432 hits=4149262 fwd=17431 rows=8924215 fwd_ms=514886.6 eval=0 prior=0
[inst] req=13082624 hits=4152026 fwd=17442 rows=8929847 fwd_ms=515200.2 eval=0 prior=0
[inst] req=13090816 hits=4154643 fwd=17453 rows=8935479 fwd_ms=515514.0 eval=0 prior=0
[inst] req=13099008 hits=4157307 fwd=17464 rows=8941111 fwd_ms=515827.7 eval=0 prior=0
[inst] req=13107200 hits=4159978 fwd=17474 rows=8946231 fwd_ms=516112.8 eval=0 prior=0
[inst] req=13115392 hits=4162583 fwd=17485 rows=8951863 fwd_ms=516427.0 eval=0 prior=0
[inst] req=13123584 hits=4165294 fwd=17496 rows=8957495 fwd_ms=516742.1 eval=0 prior=0
[inst] req=13131776 hits=4167990 fwd=17507 rows=8963127 fwd_ms=517057.3 eval=0 prior=0
[inst] req=13139968 hits=4170565 fwd=17518 rows=8968759 fwd_ms=517372.3 eval=0 prior=0
[inst] req=13148160 hits=4173144 fwd=17529 rows=8974391 fwd_ms=517687.4 eval=0 prior=0
[inst] req=13156352 hits=4175713 fwd=17540 rows=8980023 fwd_ms=518002.8 eval=0 prior=0
[inst] req=13164544 hits=4178426 fwd=17550 rows=8985143 fwd_ms=518289.2 eval=0 prior=0
[inst] req=13172736 hits=4181072 fwd=17561 rows=8990775 fwd_ms=518604.4 eval=0 prior=0
[inst] req=13180928 hits=4183617 fwd=17572 rows=8996407 fwd_ms=518919.9 eval=0 prior=0
[inst] req=13189120 hits=4186446 fwd=17583 rows=9002039 fwd_ms=519235.1 eval=0 prior=0
[inst] req=13197312 hits=4189419 fwd=17593 rows=9007159 fwd_ms=519521.8 eval=0 prior=0
[inst] req=13205504 hits=4192199 fwd=17604 rows=9012791 fwd_ms=519836.9 eval=0 prior=0
[inst] req=13213696 hits=4194937 fwd=17614 rows=9017911 fwd_ms=520123.3 eval=0 prior=0
[inst] req=13221888 hits=4197870 fwd=17624 rows=9023031 fwd_ms=520409.7 eval=0 prior=0
[inst] req=13230080 hits=4200850 fwd=17635 rows=9028663 fwd_ms=520724.9 eval=0 prior=0
[inst] req=13238272 hits=4203642 fwd=17645 rows=9033783 fwd_ms=521011.2 eval=0 prior=0
[inst] req=13246464 hits=4206224 fwd=17656 rows=9039415 fwd_ms=521326.4 eval=0 prior=0
[inst] req=13254656 hits=4208819 fwd=17667 rows=9045047 fwd_ms=521641.3 eval=0 prior=0
[inst] req=13262848 hits=4211444 fwd=17678 rows=9050679 fwd_ms=521956.3 eval=0 prior=0
[inst] req=13271040 hits=4214101 fwd=17689 rows=9056311 fwd_ms=522271.4 eval=0 prior=0
[inst] req=13279232 hits=4216779 fwd=17699 rows=9061431 fwd_ms=522557.9 eval=0 prior=0
[inst] req=13287424 hits=4219417 fwd=17710 rows=9067063 fwd_ms=522873.2 eval=0 prior=0
[inst] req=13295616 hits=4222117 fwd=17721 rows=9072695 fwd_ms=523188.3 eval=0 prior=0
[inst] req=13303808 hits=4224799 fwd=17732 rows=9078327 fwd_ms=523503.4 eval=0 prior=0
[inst] req=13312000 hits=4227563 fwd=17742 rows=9083447 fwd_ms=523790.1 eval=0 prior=0
[inst] req=13320192 hits=4230130 fwd=17753 rows=9089079 fwd_ms=524104.0 eval=0 prior=0
[inst] req=13328384 hits=4232777 fwd=17764 rows=9094711 fwd_ms=524419.1 eval=0 prior=0
[inst] req=13336576 hits=4235407 fwd=17775 rows=9100343 fwd_ms=524734.3 eval=0 prior=0
[inst] req=13344768 hits=4238107 fwd=17786 rows=9105975 fwd_ms=525049.2 eval=0 prior=0
[inst] req=13352960 hits=4240809 fwd=17797 rows=9111607 fwd_ms=525364.3 eval=0 prior=0
[inst] req=13361152 hits=4243535 fwd=17807 rows=9116727 fwd_ms=525650.6 eval=0 prior=0
[inst] req=13369344 hits=4246229 fwd=17818 rows=9122359 fwd_ms=525965.5 eval=0 prior=0
[inst] req=13377536 hits=4248961 fwd=17829 rows=9127991 fwd_ms=526280.5 eval=0 prior=0
[inst] req=13385728 hits=4251761 fwd=17839 rows=9133111 fwd_ms=526566.9 eval=0 prior=0
[inst] req=13393920 hits=4254424 fwd=17850 rows=9138743 fwd_ms=526881.8 eval=0 prior=0
[inst] req=13402112 hits=4257099 fwd=17861 rows=9144375 fwd_ms=527196.6 eval=0 prior=0
[inst] req=13410304 hits=4259770 fwd=17872 rows=9150007 fwd_ms=527511.5 eval=0 prior=0
[inst] req=13418496 hits=4262466 fwd=17882 rows=9155127 fwd_ms=527797.8 eval=0 prior=0
[inst] req=13426688 hits=4265156 fwd=17893 rows=9160759 fwd_ms=528112.8 eval=0 prior=0
[inst] req=13434880 hits=4267762 fwd=17904 rows=9166391 fwd_ms=528427.8 eval=0 prior=0
[inst] req=13443072 hits=4270409 fwd=17915 rows=9172023 fwd_ms=528742.8 eval=0 prior=0
[inst] req=13451264 hits=4273105 fwd=17925 rows=9177143 fwd_ms=529029.3 eval=0 prior=0
[inst] req=13459456 hits=4275807 fwd=17936 rows=9182775 fwd_ms=529344.7 eval=0 prior=0
[inst] req=13467648 hits=4278388 fwd=17947 rows=9188407 fwd_ms=529660.3 eval=0 prior=0
[inst] req=13475840 hits=4281014 fwd=17958 rows=9194039 fwd_ms=529975.6 eval=0 prior=0
[inst] req=13484032 hits=4283717 fwd=17969 rows=9199671 fwd_ms=530291.0 eval=0 prior=0
[inst] req=13492224 hits=4286429 fwd=17979 rows=9204791 fwd_ms=530577.4 eval=0 prior=0
[inst] req=13500416 hits=4289127 fwd=17990 rows=9210423 fwd_ms=530892.6 eval=0 prior=0
[inst] req=13508608 hits=4291931 fwd=18001 rows=9216055 fwd_ms=531207.7 eval=0 prior=0
[inst] req=13516800 hits=4294481 fwd=18012 rows=9221687 fwd_ms=531523.0 eval=0 prior=0
[inst] req=13524992 hits=4296980 fwd=18023 rows=9227319 fwd_ms=531838.0 eval=0 prior=0
[inst] req=13533184 hits=4299680 fwd=18034 rows=9232951 fwd_ms=532153.1 eval=0 prior=0
[inst] req=13541376 hits=4302436 fwd=18044 rows=9238071 fwd_ms=532438.7 eval=0 prior=0
[inst] req=13549568 hits=4305217 fwd=18055 rows=9243703 fwd_ms=532752.3 eval=0 prior=0
[inst] req=13557760 hits=4307886 fwd=18066 rows=9249335 fwd_ms=533066.0 eval=0 prior=0
[inst] req=13565952 hits=4310669 fwd=18076 rows=9254455 fwd_ms=533351.1 eval=0 prior=0
[inst] req=13574144 hits=4313336 fwd=18087 rows=9260087 fwd_ms=533664.6 eval=0 prior=0
[inst] req=13582336 hits=4316206 fwd=18097 rows=9265207 fwd_ms=533949.5 eval=0 prior=0
[inst] req=13590528 hits=4318857 fwd=18108 rows=9270839 fwd_ms=534263.1 eval=0 prior=0
[inst] req=13598720 hits=4321548 fwd=18119 rows=9276471 fwd_ms=534576.7 eval=0 prior=0
[inst] req=13606912 hits=4324223 fwd=18130 rows=9282103 fwd_ms=534890.1 eval=0 prior=0
[inst] req=13615104 hits=4326812 fwd=18141 rows=9287735 fwd_ms=535203.7 eval=0 prior=0
[inst] req=13623296 hits=4329458 fwd=18151 rows=9292855 fwd_ms=535488.9 eval=0 prior=0
[inst] req=13631488 hits=4332040 fwd=18162 rows=9298487 fwd_ms=535802.4 eval=0 prior=0
[inst] req=13639680 hits=4334872 fwd=18173 rows=9304119 fwd_ms=536116.1 eval=0 prior=0
[inst] req=13647872 hits=4337475 fwd=18184 rows=9309751 fwd_ms=536429.8 eval=0 prior=0
[inst] req=13656064 hits=4340411 fwd=18194 rows=9314871 fwd_ms=536715.0 eval=0 prior=0
[inst] req=13664256 hits=4343106 fwd=18205 rows=9320503 fwd_ms=537028.6 eval=0 prior=0
[inst] req=13672448 hits=4345924 fwd=18215 rows=9325623 fwd_ms=537313.6 eval=0 prior=0
[inst] req=13680640 hits=4348605 fwd=18226 rows=9331255 fwd_ms=537627.2 eval=0 prior=0
[inst] req=13688832 hits=4351175 fwd=18237 rows=9336887 fwd_ms=537940.9 eval=0 prior=0
[inst] req=13697024 hits=4353747 fwd=18248 rows=9342519 fwd_ms=538254.3 eval=0 prior=0
[inst] req=13705216 hits=4356432 fwd=18259 rows=9348151 fwd_ms=538567.9 eval=0 prior=0
[inst] req=13713408 hits=4359039 fwd=18270 rows=9353783 fwd_ms=538881.4 eval=0 prior=0
[inst] req=13721600 hits=4361596 fwd=18281 rows=9359415 fwd_ms=539195.1 eval=0 prior=0
[inst] req=13729792 hits=4364307 fwd=18291 rows=9364535 fwd_ms=539480.4 eval=0 prior=0
[inst] req=13737984 hits=4367144 fwd=18302 rows=9370167 fwd_ms=539794.2 eval=0 prior=0
[inst] req=13746176 hits=4369911 fwd=18312 rows=9375287 fwd_ms=540079.4 eval=0 prior=0
[inst] req=13754368 hits=4372748 fwd=18323 rows=9380919 fwd_ms=540393.1 eval=0 prior=0
[inst] req=13762560 hits=4375527 fwd=18333 rows=9386039 fwd_ms=540678.3 eval=0 prior=0
[inst] req=13770752 hits=4378195 fwd=18344 rows=9391671 fwd_ms=540991.9 eval=0 prior=0
[inst] req=13778944 hits=4381015 fwd=18355 rows=9397303 fwd_ms=541305.5 eval=0 prior=0
[inst] req=13787136 hits=4383597 fwd=18366 rows=9402935 fwd_ms=541619.1 eval=0 prior=0
[inst] req=13795328 hits=4386266 fwd=18376 rows=9408055 fwd_ms=541904.1 eval=0 prior=0
[inst] req=13803520 hits=4388911 fwd=18387 rows=9413687 fwd_ms=542217.6 eval=0 prior=0
[inst] req=13811712 hits=4391474 fwd=18398 rows=9419319 fwd_ms=542531.1 eval=0 prior=0
[inst] req=13819904 hits=4394086 fwd=18409 rows=9424951 fwd_ms=542844.6 eval=0 prior=0
[inst] req=13828096 hits=4396675 fwd=18420 rows=9430583 fwd_ms=543158.2 eval=0 prior=0
[inst] req=13836288 hits=4399318 fwd=18431 rows=9436215 fwd_ms=543471.7 eval=0 prior=0
[inst] req=13844480 hits=4401944 fwd=18442 rows=9441847 fwd_ms=543785.1 eval=0 prior=0
[inst] req=13852672 hits=4404730 fwd=18452 rows=9446967 fwd_ms=544070.2 eval=0 prior=0
[inst] req=13860864 hits=4407370 fwd=18463 rows=9452599 fwd_ms=544383.8 eval=0 prior=0
[inst] req=13869056 hits=4409950 fwd=18474 rows=9458231 fwd_ms=544697.3 eval=0 prior=0
[inst] req=13877248 hits=4412584 fwd=18485 rows=9463863 fwd_ms=545010.9 eval=0 prior=0
[inst] req=13885440 hits=4415301 fwd=18496 rows=9469495 fwd_ms=545324.6 eval=0 prior=0
[inst] req=13893632 hits=4418022 fwd=18506 rows=9474615 fwd_ms=545609.7 eval=0 prior=0
[inst] req=13901824 hits=4420687 fwd=18517 rows=9480247 fwd_ms=545923.0 eval=0 prior=0
[inst] req=13910016 hits=4423439 fwd=18528 rows=9485879 fwd_ms=546236.4 eval=0 prior=0
[inst] req=13918208 hits=4426163 fwd=18539 rows=9491511 fwd_ms=546550.1 eval=0 prior=0
[inst] req=13926400 hits=4428727 fwd=18550 rows=9497143 fwd_ms=546863.7 eval=0 prior=0
[inst] req=13934592 hits=4431460 fwd=18560 rows=9502263 fwd_ms=547148.9 eval=0 prior=0
[inst] req=13942784 hits=4434112 fwd=18571 rows=9507895 fwd_ms=547462.7 eval=0 prior=0
[inst] req=13950976 hits=4436784 fwd=18582 rows=9513527 fwd_ms=547776.2 eval=0 prior=0
[inst] req=13959168 hits=4439394 fwd=18593 rows=9519159 fwd_ms=548089.5 eval=0 prior=0
[inst] req=13967360 hits=4442153 fwd=18603 rows=9524279 fwd_ms=548375.1 eval=0 prior=0
[inst] req=13975552 hits=4444728 fwd=18614 rows=9529911 fwd_ms=548690.1 eval=0 prior=0
[inst] req=13983744 hits=4447331 fwd=18625 rows=9535543 fwd_ms=549004.9 eval=0 prior=0
[inst] req=13991936 hits=4450125 fwd=18636 rows=9541175 fwd_ms=549319.8 eval=0 prior=0
[inst] req=14000128 hits=4452712 fwd=18647 rows=9546807 fwd_ms=549634.8 eval=0 prior=0
[inst] req=14008320 hits=4455415 fwd=18657 rows=9551927 fwd_ms=549921.4 eval=0 prior=0
[inst] req=14016512 hits=4458099 fwd=18668 rows=9557559 fwd_ms=550236.4 eval=0 prior=0
[inst] req=14024704 hits=4460814 fwd=18679 rows=9563191 fwd_ms=550551.6 eval=0 prior=0
[inst] req=14032896 hits=4463581 fwd=18689 rows=9568311 fwd_ms=550838.1 eval=0 prior=0
[inst] req=14041088 hits=4466219 fwd=18700 rows=9573943 fwd_ms=551153.0 eval=0 prior=0
[inst] req=14049280 hits=4468965 fwd=18711 rows=9579575 fwd_ms=551468.0 eval=0 prior=0
[inst] req=14057472 hits=4471737 fwd=18722 rows=9585207 fwd_ms=551783.0 eval=0 prior=0
[inst] req=14065664 hits=4474396 fwd=18732 rows=9590327 fwd_ms=552069.3 eval=0 prior=0
[inst] req=14073856 hits=4477054 fwd=18743 rows=9595959 fwd_ms=552384.4 eval=0 prior=0
[inst] req=14082048 hits=4479727 fwd=18754 rows=9601591 fwd_ms=552699.6 eval=0 prior=0
[inst] req=14090240 hits=4482351 fwd=18765 rows=9607223 fwd_ms=553014.6 eval=0 prior=0
[inst] req=14098432 hits=4485052 fwd=18776 rows=9612855 fwd_ms=553329.7 eval=0 prior=0
[inst] req=14106624 hits=4487683 fwd=18786 rows=9617975 fwd_ms=553616.1 eval=0 prior=0
[inst] req=14114816 hits=4490306 fwd=18797 rows=9623607 fwd_ms=553931.3 eval=0 prior=0
[inst] req=14123008 hits=4492965 fwd=18808 rows=9629239 fwd_ms=554245.9 eval=0 prior=0
[inst] req=14131200 hits=4495589 fwd=18819 rows=9634871 fwd_ms=554560.9 eval=0 prior=0
[inst] req=14139392 hits=4498192 fwd=18830 rows=9640503 fwd_ms=554876.0 eval=0 prior=0
[inst] req=14147584 hits=4501034 fwd=18840 rows=9645623 fwd_ms=555162.2 eval=0 prior=0
[inst] req=14155776 hits=4503673 fwd=18851 rows=9651255 fwd_ms=555477.8 eval=0 prior=0
[inst] req=14163968 hits=4506222 fwd=18862 rows=9656887 fwd_ms=555793.3 eval=0 prior=0
[inst] req=14172160 hits=4508826 fwd=18873 rows=9662519 fwd_ms=556108.9 eval=0 prior=0
[inst] req=14180352 hits=4511453 fwd=18884 rows=9668151 fwd_ms=556424.3 eval=0 prior=0
[inst] req=14188544 hits=4514099 fwd=18895 rows=9673783 fwd_ms=556739.7 eval=0 prior=0
[inst] req=14196736 hits=4516877 fwd=18905 rows=9678903 fwd_ms=557026.3 eval=0 prior=0
[inst] req=14204928 hits=4519655 fwd=18916 rows=9684535 fwd_ms=557341.9 eval=0 prior=0
[inst] req=14213120 hits=4522344 fwd=18927 rows=9690167 fwd_ms=557657.7 eval=0 prior=0
[inst] req=14221312 hits=4525155 fwd=18937 rows=9695287 fwd_ms=557944.2 eval=0 prior=0
[inst] req=14229504 hits=4527877 fwd=18948 rows=9700919 fwd_ms=558259.2 eval=0 prior=0
[inst] req=14237696 hits=4530561 fwd=18959 rows=9706551 fwd_ms=558574.4 eval=0 prior=0
[inst] req=14245888 hits=4533200 fwd=18969 rows=9711671 fwd_ms=558861.0 eval=0 prior=0
[inst] req=14254080 hits=4535782 fwd=18980 rows=9717303 fwd_ms=559176.0 eval=0 prior=0
[inst] req=14262272 hits=4538430 fwd=18991 rows=9722935 fwd_ms=559490.9 eval=0 prior=0
[inst] req=14270464 hits=4541226 fwd=19002 rows=9728567 fwd_ms=560230.0 eval=0 prior=0
[inst] req=14278656 hits=4543984 fwd=19012 rows=9733687 fwd_ms=560990.6 eval=0 prior=0
[inst] req=14286848 hits=4546624 fwd=19023 rows=9739319 fwd_ms=561873.7 eval=0 prior=0
[inst] req=14295040 hits=4549200 fwd=19034 rows=9744951 fwd_ms=562764.6 eval=0 prior=0
[inst] req=14303232 hits=4551788 fwd=19045 rows=9750583 fwd_ms=563658.0 eval=0 prior=0
[inst] req=14311424 hits=4554404 fwd=19056 rows=9756215 fwd_ms=564483.4 eval=0 prior=0
[inst] req=14319616 hits=4557043 fwd=19067 rows=9761847 fwd_ms=565313.2 eval=0 prior=0
[inst] req=14327808 hits=4559730 fwd=19078 rows=9767479 fwd_ms=566132.1 eval=0 prior=0
[inst] req=14336000 hits=4562291 fwd=19089 rows=9773111 fwd_ms=567023.6 eval=0 prior=0
[inst] req=14344192 hits=4565015 fwd=19099 rows=9778231 fwd_ms=567756.6 eval=0 prior=0
[inst] req=14352384 hits=4567634 fwd=19110 rows=9783863 fwd_ms=568693.3 eval=0 prior=0
[inst] req=14360576 hits=4570294 fwd=19121 rows=9789495 fwd_ms=569532.1 eval=0 prior=0
[inst] req=14368768 hits=4573169 fwd=19131 rows=9794615 fwd_ms=570209.0 eval=0 prior=0
[inst] req=14376960 hits=4576027 fwd=19142 rows=9800247 fwd_ms=571041.6 eval=0 prior=0
[inst] req=14385152 hits=4578785 fwd=19152 rows=9805367 fwd_ms=571842.6 eval=0 prior=0
[inst] req=14393344 hits=4581697 fwd=19163 rows=9810999 fwd_ms=572666.0 eval=0 prior=0
[inst] req=14401536 hits=4584294 fwd=19174 rows=9816631 fwd_ms=573452.6 eval=0 prior=0
[inst] req=14409728 hits=4586993 fwd=19184 rows=9821751 fwd_ms=574139.6 eval=0 prior=0
[inst] req=14417920 hits=4589725 fwd=19195 rows=9827383 fwd_ms=574989.7 eval=0 prior=0
[inst] req=14426112 hits=4592479 fwd=19206 rows=9833015 fwd_ms=575886.8 eval=0 prior=0
[inst] req=14434304 hits=4595329 fwd=19216 rows=9838135 fwd_ms=576681.3 eval=0 prior=0
[inst] req=14442496 hits=4598042 fwd=19227 rows=9843767 fwd_ms=577173.8 eval=0 prior=0
[inst] req=14450688 hits=4600615 fwd=19238 rows=9849399 fwd_ms=577492.2 eval=0 prior=0
[inst] req=14458880 hits=4603444 fwd=19248 rows=9854519 fwd_ms=577782.8 eval=0 prior=0
[inst] req=14467072 hits=4604276 fwd=19263 rows=9862199 fwd_ms=578222.6 eval=0 prior=0
[inst] req=14475264 hits=4604891 fwd=19277 rows=9869367 fwd_ms=578622.5 eval=0 prior=0
[inst] req=14483456 hits=4605763 fwd=19292 rows=9877047 fwd_ms=579051.1 eval=0 prior=0
[inst] req=14491648 hits=4606946 fwd=19305 rows=9883703 fwd_ms=579422.6 eval=0 prior=0
[inst] req=14499840 hits=4608503 fwd=19318 rows=9890359 fwd_ms=579793.7 eval=0 prior=0
[inst] req=14508032 hits=4610376 fwd=19331 rows=9897015 fwd_ms=580164.7 eval=0 prior=0
[inst] req=14516224 hits=4612483 fwd=19343 rows=9903159 fwd_ms=580507.4 eval=0 prior=0
[inst] req=14524416 hits=4614789 fwd=19354 rows=9908791 fwd_ms=580821.3 eval=0 prior=0
[inst] req=14532608 hits=4617285 fwd=19365 rows=9914423 fwd_ms=581135.3 eval=0 prior=0
[inst] req=14540800 hits=4620005 fwd=19376 rows=9920055 fwd_ms=581449.4 eval=0 prior=0
[inst] req=14548992 hits=4622667 fwd=19387 rows=9925687 fwd_ms=581763.5 eval=0 prior=0
[inst] req=14557184 hits=4625381 fwd=19397 rows=9930807 fwd_ms=582048.5 eval=0 prior=0
[inst] req=14565376 hits=4628136 fwd=19408 rows=9936439 fwd_ms=582362.6 eval=0 prior=0
[inst] req=14573568 hits=4630859 fwd=19419 rows=9942071 fwd_ms=582676.5 eval=0 prior=0
[inst] req=14581760 hits=4633640 fwd=19429 rows=9947191 fwd_ms=582961.8 eval=0 prior=0
[inst] req=14589952 hits=4636433 fwd=19440 rows=9952823 fwd_ms=583275.6 eval=0 prior=0
[inst] req=14598144 hits=4639124 fwd=19451 rows=9958455 fwd_ms=583589.4 eval=0 prior=0
[inst] req=14606336 hits=4641914 fwd=19461 rows=9963575 fwd_ms=583875.0 eval=0 prior=0
[inst] req=14614528 hits=4644696 fwd=19472 rows=9969207 fwd_ms=584189.0 eval=0 prior=0
[inst] req=14622720 hits=4647521 fwd=19482 rows=9974327 fwd_ms=584474.4 eval=0 prior=0
[inst] req=14630912 hits=4650311 fwd=19493 rows=9979959 fwd_ms=584788.3 eval=0 prior=0
[inst] req=14639104 hits=4653224 fwd=19503 rows=9985079 fwd_ms=585073.5 eval=0 prior=0
[inst] req=14647296 hits=4656125 fwd=19513 rows=9990199 fwd_ms=585358.9 eval=0 prior=0
[inst] req=14655488 hits=4658978 fwd=19524 rows=9995831 fwd_ms=585672.8 eval=0 prior=0
[inst] req=14663680 hits=4661823 fwd=19534 rows=10000951 fwd_ms=585958.0 eval=0 prior=0
[inst] req=14671872 hits=4664680 fwd=19545 rows=10006583 fwd_ms=586271.6 eval=0 prior=0
[inst] req=14680064 hits=4667535 fwd=19555 rows=10011703 fwd_ms=586556.6 eval=0 prior=0
[inst] req=14688256 hits=4670403 fwd=19566 rows=10017335 fwd_ms=586871.6 eval=0 prior=0
[inst] req=14696448 hits=4673320 fwd=19576 rows=10022455 fwd_ms=587157.1 eval=0 prior=0
[inst] req=14704640 hits=4676131 fwd=19586 rows=10027575 fwd_ms=587442.2 eval=0 prior=0
[inst] req=14712832 hits=4678923 fwd=19597 rows=10033207 fwd_ms=587755.7 eval=0 prior=0
[inst] req=14721024 hits=4682008 fwd=19607 rows=10038327 fwd_ms=588040.7 eval=0 prior=0
[inst] req=14729216 hits=4684860 fwd=19617 rows=10043447 fwd_ms=588325.7 eval=0 prior=0
[inst] req=14737408 hits=4687620 fwd=19628 rows=10049079 fwd_ms=588639.1 eval=0 prior=0
[inst] req=14745600 hits=4690311 fwd=19639 rows=10054711 fwd_ms=588952.4 eval=0 prior=0
[inst] req=14753792 hits=4693020 fwd=19649 rows=10059831 fwd_ms=589237.3 eval=0 prior=0
[inst] req=14761984 hits=4695868 fwd=19660 rows=10065463 fwd_ms=589550.8 eval=0 prior=0
[inst] req=14770176 hits=4698656 fwd=19670 rows=10070583 fwd_ms=589835.7 eval=0 prior=0
[inst] req=14778368 hits=4701377 fwd=19681 rows=10076215 fwd_ms=590150.8 eval=0 prior=0
[inst] req=14786560 hits=4704200 fwd=19692 rows=10081847 fwd_ms=590465.7 eval=0 prior=0
[inst] req=14794752 hits=4706991 fwd=19702 rows=10086967 fwd_ms=590750.7 eval=0 prior=0
[inst] req=14802944 hits=4709906 fwd=19712 rows=10092087 fwd_ms=591035.7 eval=0 prior=0
[inst] req=14811136 hits=4712907 fwd=19722 rows=10097207 fwd_ms=591320.5 eval=0 prior=0
[inst] req=14819328 hits=4715858 fwd=19733 rows=10102839 fwd_ms=591633.9 eval=0 prior=0
[inst] req=14827520 hits=4718658 fwd=19743 rows=10107959 fwd_ms=591918.7 eval=0 prior=0
[inst] req=14835712 hits=4721338 fwd=19754 rows=10113591 fwd_ms=592231.7 eval=0 prior=0
[inst] req=14843904 hits=4724099 fwd=19765 rows=10119223 fwd_ms=592544.7 eval=0 prior=0
[inst] req=14852096 hits=4726878 fwd=19775 rows=10124343 fwd_ms=592831.0 eval=0 prior=0
[inst] req=14860288 hits=4729610 fwd=19786 rows=10129975 fwd_ms=593145.9 eval=0 prior=0
[inst] req=14868480 hits=4732500 fwd=19796 rows=10135095 fwd_ms=593432.4 eval=0 prior=0
[inst] req=14876672 hits=4735375 fwd=19807 rows=10140727 fwd_ms=593747.5 eval=0 prior=0
[inst] req=14884864 hits=4738230 fwd=19817 rows=10145847 fwd_ms=594033.7 eval=0 prior=0
[inst] req=14893056 hits=4741223 fwd=19827 rows=10150967 fwd_ms=594318.9 eval=0 prior=0
[inst] req=14901248 hits=4744143 fwd=19837 rows=10156087 fwd_ms=594604.0 eval=0 prior=0
[inst] req=14909440 hits=4746977 fwd=19848 rows=10161719 fwd_ms=594917.6 eval=0 prior=0
[inst] req=14917632 hits=4749684 fwd=19859 rows=10167351 fwd_ms=595231.2 eval=0 prior=0
[inst] req=14925824 hits=4752435 fwd=19869 rows=10172471 fwd_ms=595516.4 eval=0 prior=0
[inst] req=14934016 hits=4755226 fwd=19880 rows=10178103 fwd_ms=595830.1 eval=0 prior=0
[inst] req=14942208 hits=4757993 fwd=19890 rows=10183223 fwd_ms=596115.3 eval=0 prior=0
[inst] req=14950400 hits=4760740 fwd=19901 rows=10188855 fwd_ms=596429.1 eval=0 prior=0
[inst] req=14958592 hits=4763479 fwd=19912 rows=10194487 fwd_ms=596743.0 eval=0 prior=0
[inst] req=14966784 hits=4766373 fwd=19922 rows=10199607 fwd_ms=597028.3 eval=0 prior=0
[inst] req=14974976 hits=4769242 fwd=19932 rows=10204727 fwd_ms=597313.4 eval=0 prior=0
[inst] req=14983168 hits=4772159 fwd=19943 rows=10210359 fwd_ms=597627.2 eval=0 prior=0
[inst] req=14991360 hits=4775061 fwd=19953 rows=10215479 fwd_ms=597913.9 eval=0 prior=0
[inst] req=14999552 hits=4777983 fwd=19963 rows=10220599 fwd_ms=598200.7 eval=0 prior=0
[inst] req=15007744 hits=4780829 fwd=19974 rows=10226231 fwd_ms=598515.8 eval=0 prior=0
[inst] req=15015936 hits=4783560 fwd=19985 rows=10231863 fwd_ms=598830.9 eval=0 prior=0
[inst] req=15024128 hits=4786299 fwd=19995 rows=10236983 fwd_ms=599116.5 eval=0 prior=0
[inst] req=15032320 hits=4789068 fwd=20006 rows=10242615 fwd_ms=599430.1 eval=0 prior=0
[inst] req=15040512 hits=4791907 fwd=20016 rows=10247735 fwd_ms=599715.4 eval=0 prior=0
[inst] req=15048704 hits=4794792 fwd=20027 rows=10253367 fwd_ms=600029.3 eval=0 prior=0
[inst] req=15056896 hits=4797715 fwd=20037 rows=10258487 fwd_ms=600314.9 eval=0 prior=0
[inst] req=15065088 hits=4800579 fwd=20047 rows=10263607 fwd_ms=600600.1 eval=0 prior=0
[inst] req=15073280 hits=4803496 fwd=20058 rows=10269239 fwd_ms=600913.8 eval=0 prior=0
[inst] req=15081472 hits=4806228 fwd=20068 rows=10274359 fwd_ms=601199.3 eval=0 prior=0
[inst] req=15089664 hits=4809110 fwd=20079 rows=10279991 fwd_ms=601513.0 eval=0 prior=0
[inst] req=15097856 hits=4811952 fwd=20089 rows=10285111 fwd_ms=601798.2 eval=0 prior=0
[inst] req=15106048 hits=4814678 fwd=20100 rows=10290743 fwd_ms=602111.8 eval=0 prior=0
[inst] req=15114240 hits=4817399 fwd=20110 rows=10295863 fwd_ms=602397.0 eval=0 prior=0
[inst] req=15122432 hits=4820181 fwd=20121 rows=10301495 fwd_ms=602710.8 eval=0 prior=0
[inst] req=15130624 hits=4822957 fwd=20132 rows=10307127 fwd_ms=603024.4 eval=0 prior=0
[inst] req=15138816 hits=4825714 fwd=20142 rows=10312247 fwd_ms=603309.9 eval=0 prior=0
[inst] req=15147008 hits=4828672 fwd=20152 rows=10317367 fwd_ms=603595.3 eval=0 prior=0
[inst] req=15155200 hits=4831502 fwd=20163 rows=10322999 fwd_ms=603909.3 eval=0 prior=0
[inst] req=15163392 hits=4834322 fwd=20173 rows=10328119 fwd_ms=604194.7 eval=0 prior=0
[inst] req=15171584 hits=4837049 fwd=20184 rows=10333751 fwd_ms=604508.5 eval=0 prior=0
[inst] req=15179776 hits=4840012 fwd=20194 rows=10338871 fwd_ms=604794.0 eval=0 prior=0
[inst] req=15187968 hits=4842861 fwd=20205 rows=10344503 fwd_ms=605109.3 eval=0 prior=0
[inst] req=15196160 hits=4845563 fwd=20215 rows=10349623 fwd_ms=605395.8 eval=0 prior=0
[inst] req=15204352 hits=4848353 fwd=20226 rows=10355255 fwd_ms=605711.1 eval=0 prior=0
[inst] req=15212544 hits=4851215 fwd=20236 rows=10360375 fwd_ms=605997.8 eval=0 prior=0
[inst] req=15220736 hits=4854065 fwd=20247 rows=10366007 fwd_ms=606313.0 eval=0 prior=0
[inst] req=15228928 hits=4856936 fwd=20257 rows=10371127 fwd_ms=606599.7 eval=0 prior=0
[inst] req=15237120 hits=4860039 fwd=20267 rows=10376247 fwd_ms=606885.8 eval=0 prior=0
[inst] req=15245312 hits=4862907 fwd=20278 rows=10381879 fwd_ms=607199.4 eval=0 prior=0
[inst] req=15253504 hits=4865714 fwd=20288 rows=10386999 fwd_ms=607484.4 eval=0 prior=0
[inst] req=15261696 hits=4868539 fwd=20299 rows=10392631 fwd_ms=607798.3 eval=0 prior=0
[inst] req=15269888 hits=4871240 fwd=20309 rows=10397751 fwd_ms=608083.6 eval=0 prior=0
[inst] req=15278080 hits=4874070 fwd=20320 rows=10403383 fwd_ms=608397.9 eval=0 prior=0
[inst] req=15286272 hits=4876933 fwd=20330 rows=10408503 fwd_ms=608683.6 eval=0 prior=0
[inst] req=15294464 hits=4879628 fwd=20341 rows=10414135 fwd_ms=608997.7 eval=0 prior=0
[inst] req=15302656 hits=4882381 fwd=20351 rows=10419255 fwd_ms=609283.5 eval=0 prior=0
[inst] req=15310848 hits=4885180 fwd=20362 rows=10424887 fwd_ms=609597.5 eval=0 prior=0
[inst] req=15319040 hits=4888000 fwd=20373 rows=10430519 fwd_ms=609911.3 eval=0 prior=0
[inst] req=15327232 hits=4890850 fwd=20383 rows=10435639 fwd_ms=610196.4 eval=0 prior=0
[inst] req=15335424 hits=4893834 fwd=20393 rows=10440759 fwd_ms=610481.5 eval=0 prior=0
[inst] req=15343616 hits=4896690 fwd=20404 rows=10446391 fwd_ms=610795.0 eval=0 prior=0
[inst] req=15351808 hits=4899448 fwd=20414 rows=10451511 fwd_ms=611081.2 eval=0 prior=0
[inst] req=15360000 hits=4902313 fwd=20425 rows=10457143 fwd_ms=611395.1 eval=0 prior=0
[inst] req=15368192 hits=4905167 fwd=20435 rows=10462263 fwd_ms=611681.4 eval=0 prior=0
[inst] req=15376384 hits=4907944 fwd=20446 rows=10467895 fwd_ms=611995.2 eval=0 prior=0
[inst] req=15384576 hits=4910703 fwd=20456 rows=10473015 fwd_ms=612280.3 eval=0 prior=0
[inst] req=15392768 hits=4913520 fwd=20467 rows=10478647 fwd_ms=612594.0 eval=0 prior=0
[inst] req=15400960 hits=4916438 fwd=20477 rows=10483767 fwd_ms=612879.3 eval=0 prior=0
[inst] req=15409152 hits=4919360 fwd=20487 rows=10488887 fwd_ms=613164.4 eval=0 prior=0
[inst] req=15417344 hits=4922108 fwd=20498 rows=10494519 fwd_ms=613479.0 eval=0 prior=0
[inst] req=15425536 hits=4924823 fwd=20509 rows=10500151 fwd_ms=613793.3 eval=0 prior=0
[inst] req=15433728 hits=4927761 fwd=20519 rows=10505271 fwd_ms=614078.4 eval=0 prior=0
[inst] req=15441920 hits=4930626 fwd=20529 rows=10510391 fwd_ms=614363.6 eval=0 prior=0
[inst] req=15450112 hits=4933512 fwd=20540 rows=10516023 fwd_ms=614677.3 eval=0 prior=0
[inst] req=15458304 hits=4936260 fwd=20550 rows=10521143 fwd_ms=614962.5 eval=0 prior=0
[inst] req=15466496 hits=4939134 fwd=20561 rows=10526775 fwd_ms=615276.1 eval=0 prior=0
[inst] req=15474688 hits=4942028 fwd=20571 rows=10531895 fwd_ms=615561.3 eval=0 prior=0
[inst] req=15482880 hits=4944846 fwd=20581 rows=10537015 fwd_ms=615846.4 eval=0 prior=0
[inst] req=15491072 hits=4947598 fwd=20592 rows=10542647 fwd_ms=616159.9 eval=0 prior=0
[inst] req=15499264 hits=4950340 fwd=20603 rows=10548279 fwd_ms=616473.4 eval=0 prior=0
[inst] req=15507456 hits=4953151 fwd=20613 rows=10553399 fwd_ms=616758.5 eval=0 prior=0
[inst] req=15515648 hits=4956112 fwd=20623 rows=10558519 fwd_ms=617043.8 eval=0 prior=0
[inst] req=15523840 hits=4959052 fwd=20634 rows=10564151 fwd_ms=617357.3 eval=0 prior=0
[inst] req=15532032 hits=4961893 fwd=20644 rows=10569271 fwd_ms=617642.7 eval=0 prior=0
[inst] req=15540224 hits=4964701 fwd=20655 rows=10574903 fwd_ms=617956.7 eval=0 prior=0
[inst] req=15548416 hits=4967510 fwd=20665 rows=10580023 fwd_ms=618242.5 eval=0 prior=0
[inst] req=15556608 hits=4970336 fwd=20676 rows=10585655 fwd_ms=618556.8 eval=0 prior=0
[inst] req=15564800 hits=4973148 fwd=20686 rows=10590775 fwd_ms=618842.2 eval=0 prior=0
[inst] req=15572992 hits=4975886 fwd=20697 rows=10596407 fwd_ms=619156.0 eval=0 prior=0
[inst] req=15581184 hits=4978637 fwd=20707 rows=10601527 fwd_ms=619441.3 eval=0 prior=0
[inst] req=15589376 hits=4981566 fwd=20718 rows=10607159 fwd_ms=619755.2 eval=0 prior=0
[inst] req=15597568 hits=4984470 fwd=20728 rows=10612279 fwd_ms=620040.6 eval=0 prior=0
[inst] req=15605760 hits=4987303 fwd=20739 rows=10617911 fwd_ms=620354.5 eval=0 prior=0
[inst] req=15613952 hits=4990122 fwd=20749 rows=10623031 fwd_ms=620639.7 eval=0 prior=0
[inst] req=15622144 hits=4992888 fwd=20760 rows=10628663 fwd_ms=620953.7 eval=0 prior=0
[inst] req=15630336 hits=4995787 fwd=20770 rows=10633783 fwd_ms=621240.5 eval=0 prior=0
[inst] req=15638528 hits=4998730 fwd=20780 rows=10638903 fwd_ms=621527.3 eval=0 prior=0
[inst] req=15646720 hits=5001664 fwd=20791 rows=10644535 fwd_ms=621842.0 eval=0 prior=0
[inst] req=15654912 hits=5004661 fwd=20801 rows=10649655 fwd_ms=622127.4 eval=0 prior=0
[inst] req=15663104 hits=5007417 fwd=20811 rows=10654775 fwd_ms=622412.6 eval=0 prior=0
[inst] req=15671296 hits=5010256 fwd=20822 rows=10660407 fwd_ms=622726.6 eval=0 prior=0
[inst] req=15679488 hits=5013180 fwd=20832 rows=10665527 fwd_ms=623012.2 eval=0 prior=0
[inst] req=15687680 hits=5016076 fwd=20842 rows=10670647 fwd_ms=623297.3 eval=0 prior=0
[inst] req=15695872 hits=5018985 fwd=20853 rows=10676279 fwd_ms=623610.9 eval=0 prior=0
[inst] req=15704064 hits=5021845 fwd=20863 rows=10681399 fwd_ms=623896.2 eval=0 prior=0
[inst] req=15712256 hits=5024851 fwd=20873 rows=10686519 fwd_ms=624181.7 eval=0 prior=0
[inst] req=15720448 hits=5027765 fwd=20884 rows=10692151 fwd_ms=624495.9 eval=0 prior=0
[inst] req=15728640 hits=5030588 fwd=20894 rows=10697271 fwd_ms=624782.5 eval=0 prior=0
[inst] req=15736832 hits=5033394 fwd=20905 rows=10702903 fwd_ms=625097.1 eval=0 prior=0
[inst] req=15745024 hits=5036165 fwd=20915 rows=10708023 fwd_ms=625383.6 eval=0 prior=0
[inst] req=15753216 hits=5038977 fwd=20926 rows=10713655 fwd_ms=625699.8 eval=0 prior=0
[inst] req=15761408 hits=5041832 fwd=20936 rows=10718775 fwd_ms=625986.7 eval=0 prior=0
[inst] req=15769600 hits=5044856 fwd=20946 rows=10723895 fwd_ms=626273.1 eval=0 prior=0
[inst] req=15777792 hits=5047672 fwd=20957 rows=10729527 fwd_ms=626588.9 eval=0 prior=0
[inst] req=15785984 hits=5050535 fwd=20967 rows=10734647 fwd_ms=626875.3 eval=0 prior=0
[inst] req=15794176 hits=5053397 fwd=20977 rows=10739767 fwd_ms=627160.6 eval=0 prior=0
[inst] req=15802368 hits=5056146 fwd=20988 rows=10745399 fwd_ms=627474.3 eval=0 prior=0
[inst] req=15810560 hits=5059099 fwd=20998 rows=10750519 fwd_ms=627760.4 eval=0 prior=0
[inst] req=15818752 hits=5061919 fwd=21009 rows=10756151 fwd_ms=628074.4 eval=0 prior=0
[inst] req=15826944 hits=5064682 fwd=21019 rows=10761271 fwd_ms=628359.7 eval=0 prior=0
[inst] req=15835136 hits=5067473 fwd=21030 rows=10766903 fwd_ms=628673.6 eval=0 prior=0
[inst] req=15843328 hits=5070385 fwd=21040 rows=10772023 fwd_ms=628958.8 eval=0 prior=0
[inst] req=15851520 hits=5073262 fwd=21051 rows=10777655 fwd_ms=629272.5 eval=0 prior=0
[inst] req=15859712 hits=5076220 fwd=21061 rows=10782775 fwd_ms=629557.9 eval=0 prior=0
[inst] req=15867904 hits=5078998 fwd=21071 rows=10787895 fwd_ms=629843.3 eval=0 prior=0
[inst] req=15876096 hits=5081938 fwd=21082 rows=10793527 fwd_ms=630157.1 eval=0 prior=0
[inst] req=15884288 hits=5084835 fwd=21092 rows=10798647 fwd_ms=630442.7 eval=0 prior=0
[inst] req=15892480 hits=5087688 fwd=21103 rows=10804279 fwd_ms=630757.1 eval=0 prior=0
[inst] req=15900672 hits=5090529 fwd=21113 rows=10809399 fwd_ms=631042.6 eval=0 prior=0
[inst] req=15908864 hits=5093299 fwd=21124 rows=10815031 fwd_ms=631356.5 eval=0 prior=0
[inst] req=15917056 hits=5096135 fwd=21134 rows=10820151 fwd_ms=631642.1 eval=0 prior=0
[inst] req=15925248 hits=5098865 fwd=21145 rows=10825783 fwd_ms=631956.1 eval=0 prior=0
[inst] req=15933440 hits=5101659 fwd=21155 rows=10830903 fwd_ms=632241.5 eval=0 prior=0
[inst] req=15941632 hits=5104543 fwd=21166 rows=10836535 fwd_ms=632555.7 eval=0 prior=0
[inst] req=15949824 hits=5107326 fwd=21176 rows=10841655 fwd_ms=632842.3 eval=0 prior=0
[inst] req=15958016 hits=5110223 fwd=21186 rows=10846775 fwd_ms=633128.2 eval=0 prior=0
[inst] req=15966208 hits=5113089 fwd=21197 rows=10852407 fwd_ms=633442.0 eval=0 prior=0
[inst] req=15974400 hits=5115923 fwd=21207 rows=10857527 fwd_ms=633727.3 eval=0 prior=0
[inst] req=15982592 hits=5118734 fwd=21218 rows=10863159 fwd_ms=634041.0 eval=0 prior=0
[inst] req=15990784 hits=5121643 fwd=21228 rows=10868279 fwd_ms=634326.2 eval=0 prior=0
[inst] req=15998976 hits=5124489 fwd=21239 rows=10873911 fwd_ms=634640.5 eval=0 prior=0
[inst] req=16007168 hits=5127331 fwd=21249 rows=10879031 fwd_ms=634927.1 eval=0 prior=0
[inst] req=16015360 hits=5130197 fwd=21259 rows=10884151 fwd_ms=635213.2 eval=0 prior=0
[inst] req=16023552 hits=5133071 fwd=21270 rows=10889783 fwd_ms=635527.0 eval=0 prior=0
[inst] req=16031744 hits=5136007 fwd=21280 rows=10894903 fwd_ms=635813.3 eval=0 prior=0
[inst] req=16039936 hits=5138886 fwd=21291 rows=10900535 fwd_ms=636126.9 eval=0 prior=0
[inst] req=16048128 hits=5141598 fwd=21301 rows=10905655 fwd_ms=636412.0 eval=0 prior=0
[inst] req=16056320 hits=5144507 fwd=21312 rows=10911287 fwd_ms=636725.7 eval=0 prior=0
[inst] req=16064512 hits=5147232 fwd=21322 rows=10916407 fwd_ms=637011.0 eval=0 prior=0
[inst] req=16072704 hits=5150075 fwd=21333 rows=10922039 fwd_ms=637325.0 eval=0 prior=0
[inst] req=16080896 hits=5152965 fwd=21343 rows=10927159 fwd_ms=637610.1 eval=0 prior=0
[inst] req=16089088 hits=5155836 fwd=21353 rows=10932279 fwd_ms=637895.7 eval=0 prior=0
[inst] req=16097280 hits=5158604 fwd=21364 rows=10937911 fwd_ms=638209.6 eval=0 prior=0
[inst] req=16105472 hits=5161497 fwd=21374 rows=10943031 fwd_ms=638494.9 eval=0 prior=0
[inst] req=16113664 hits=5164495 fwd=21384 rows=10948151 fwd_ms=638780.3 eval=0 prior=0
[inst] req=16121856 hits=5167349 fwd=21395 rows=10953783 fwd_ms=639094.3 eval=0 prior=0
[inst] req=16130048 hits=5170199 fwd=21405 rows=10958903 fwd_ms=639379.6 eval=0 prior=0
[inst] req=16138240 hits=5173089 fwd=21416 rows=10964535 fwd_ms=639693.3 eval=0 prior=0
[inst] req=16146432 hits=5175952 fwd=21426 rows=10969655 fwd_ms=639978.6 eval=0 prior=0
[inst] req=16154624 hits=5178774 fwd=21437 rows=10975287 fwd_ms=640292.8 eval=0 prior=0
[inst] req=16162816 hits=5181672 fwd=21447 rows=10980407 fwd_ms=640578.2 eval=0 prior=0
[inst] req=16171008 hits=5184457 fwd=21457 rows=10985527 fwd_ms=640863.7 eval=0 prior=0
[inst] req=16179200 hits=5187314 fwd=21468 rows=10991159 fwd_ms=641177.7 eval=0 prior=0
[inst] req=16187392 hits=5190260 fwd=21478 rows=10996279 fwd_ms=641463.1 eval=0 prior=0
[inst] req=16195584 hits=5193119 fwd=21489 rows=11001911 fwd_ms=641776.8 eval=0 prior=0
[inst] req=16203776 hits=5195889 fwd=21499 rows=11007031 fwd_ms=642062.5 eval=0 prior=0
[inst] req=16211968 hits=5198689 fwd=21510 rows=11012663 fwd_ms=642376.3 eval=0 prior=0
[inst] req=16220160 hits=5201510 fwd=21520 rows=11017783 fwd_ms=642661.5 eval=0 prior=0
[inst] req=16228352 hits=5204535 fwd=21530 rows=11022903 fwd_ms=642947.0 eval=0 prior=0
[inst] req=16236544 hits=5207500 fwd=21540 rows=11028023 fwd_ms=643232.2 eval=0 prior=0
[inst] req=16244736 hits=5210313 fwd=21551 rows=11033655 fwd_ms=643545.8 eval=0 prior=0
[inst] req=16252928 hits=5213154 fwd=21561 rows=11038775 fwd_ms=643830.9 eval=0 prior=0
[inst] req=16261120 hits=5215980 fwd=21572 rows=11044407 fwd_ms=644144.7 eval=0 prior=0
[inst] req=16269312 hits=5218710 fwd=21583 rows=11050039 fwd_ms=644458.6 eval=0 prior=0
[inst] req=16277504 hits=5221437 fwd=21593 rows=11055159 fwd_ms=644744.0 eval=0 prior=0
[inst] req=16285696 hits=5224166 fwd=21604 rows=11060791 fwd_ms=645057.9 eval=0 prior=0
[inst] req=16293888 hits=5227060 fwd=21614 rows=11065911 fwd_ms=645342.9 eval=0 prior=0
[inst] req=16302080 hits=5229892 fwd=21625 rows=11071543 fwd_ms=645658.4 eval=0 prior=0
[inst] req=16310272 hits=5232732 fwd=21635 rows=11076663 fwd_ms=645944.5 eval=0 prior=0
[inst] req=16318464 hits=5235657 fwd=21645 rows=11081783 fwd_ms=646230.5 eval=0 prior=0
[inst] req=16326656 hits=5238630 fwd=21656 rows=11087415 fwd_ms=646544.4 eval=0 prior=0
[inst] req=16334848 hits=5241449 fwd=21666 rows=11092535 fwd_ms=646829.5 eval=0 prior=0
[inst] req=16343040 hits=5244364 fwd=21676 rows=11097655 fwd_ms=647114.9 eval=0 prior=0
[inst] req=16351232 hits=5247313 fwd=21687 rows=11103287 fwd_ms=647429.3 eval=0 prior=0
[inst] req=16359424 hits=5250202 fwd=21697 rows=11108407 fwd_ms=647715.7 eval=0 prior=0
[inst] req=16367616 hits=5253109 fwd=21707 rows=11113527 fwd_ms=648002.4 eval=0 prior=0
[inst] req=16375808 hits=5255970 fwd=21718 rows=11119159 fwd_ms=648317.9 eval=0 prior=0
[inst] req=16384000 hits=5258900 fwd=21728 rows=11124279 fwd_ms=648603.6 eval=0 prior=0
[inst] req=16392192 hits=5261780 fwd=21738 rows=11129399 fwd_ms=648888.8 eval=0 prior=0
[inst] req=16400384 hits=5264603 fwd=21749 rows=11135031 fwd_ms=649202.4 eval=0 prior=0
[inst] req=16408576 hits=5267456 fwd=21759 rows=11140151 fwd_ms=649487.7 eval=0 prior=0
[inst] req=16416768 hits=5270127 fwd=21770 rows=11145783 fwd_ms=649801.3 eval=0 prior=0
[inst] req=16424960 hits=5272893 fwd=21781 rows=11151415 fwd_ms=650115.4 eval=0 prior=0
[inst] req=16433152 hits=5275691 fwd=21791 rows=11156535 fwd_ms=650402.2 eval=0 prior=0
[inst] req=16441344 hits=5278553 fwd=21802 rows=11162167 fwd_ms=650717.4 eval=0 prior=0
[inst] req=16449536 hits=5281334 fwd=21812 rows=11167287 fwd_ms=651002.8 eval=0 prior=0
[inst] req=16457728 hits=5284195 fwd=21823 rows=11172919 fwd_ms=651316.4 eval=0 prior=0
[inst] req=16465920 hits=5287010 fwd=21833 rows=11178039 fwd_ms=651602.2 eval=0 prior=0
[inst] req=16474112 hits=5289710 fwd=21844 rows=11183671 fwd_ms=651916.5 eval=0 prior=0
[inst] req=16482304 hits=5292582 fwd=21854 rows=11188791 fwd_ms=652201.7 eval=0 prior=0
[inst] req=16490496 hits=5295447 fwd=21865 rows=11194423 fwd_ms=652515.8 eval=0 prior=0
[inst] req=16498688 hits=5298371 fwd=21875 rows=11199543 fwd_ms=652802.2 eval=0 prior=0
[inst] req=16506880 hits=5301276 fwd=21885 rows=11204663 fwd_ms=653089.0 eval=0 prior=0
[inst] req=16515072 hits=5304056 fwd=21896 rows=11210295 fwd_ms=653402.8 eval=0 prior=0
[inst] req=16523264 hits=5306896 fwd=21906 rows=11215415 fwd_ms=653688.1 eval=0 prior=0
[inst] req=16531456 hits=5309845 fwd=21917 rows=11221047 fwd_ms=654001.8 eval=0 prior=0
[inst] req=16539648 hits=5312660 fwd=21927 rows=11226167 fwd_ms=654287.1 eval=0 prior=0
[inst] req=16547840 hits=5315394 fwd=21938 rows=11231799 fwd_ms=654600.8 eval=0 prior=0
[inst] req=16556032 hits=5318153 fwd=21948 rows=11236919 fwd_ms=654886.3 eval=0 prior=0
[inst] req=16564224 hits=5321108 fwd=21959 rows=11242551 fwd_ms=655200.3 eval=0 prior=0
[inst] req=16572416 hits=5323998 fwd=21969 rows=11247671 fwd_ms=655485.7 eval=0 prior=0
[inst] req=16580608 hits=5326866 fwd=21979 rows=11252791 fwd_ms=655770.9 eval=0 prior=0
[inst] req=16588800 hits=5329578 fwd=21990 rows=11258423 fwd_ms=656084.4 eval=0 prior=0
[inst] req=16596992 hits=5332391 fwd=22001 rows=11264055 fwd_ms=656398.1 eval=0 prior=0
[inst] req=16605184 hits=5335253 fwd=22011 rows=11269175 fwd_ms=656683.4 eval=0 prior=0
[inst] req=16613376 hits=5338253 fwd=22021 rows=11274295 fwd_ms=656968.6 eval=0 prior=0
[inst] req=16621568 hits=5341134 fwd=22031 rows=11279415 fwd_ms=657253.8 eval=0 prior=0
[inst] req=16629760 hits=5343937 fwd=22042 rows=11285047 fwd_ms=657567.5 eval=0 prior=0
[inst] req=16637952 hits=5346874 fwd=22052 rows=11290167 fwd_ms=657852.7 eval=0 prior=0
[inst] req=16646144 hits=5349669 fwd=22063 rows=11295799 fwd_ms=658166.4 eval=0 prior=0
[inst] req=16654336 hits=5352577 fwd=22073 rows=11300919 fwd_ms=658451.7 eval=0 prior=0
[inst] req=16662528 hits=5355541 fwd=22083 rows=11306039 fwd_ms=658737.0 eval=0 prior=0
[inst] req=16670720 hits=5358428 fwd=22094 rows=11311671 fwd_ms=659050.6 eval=0 prior=0
[inst] req=16678912 hits=5361421 fwd=22104 rows=11316791 fwd_ms=659335.7 eval=0 prior=0
[inst] req=16687104 hits=5364492 fwd=22114 rows=11321911 fwd_ms=659620.9 eval=0 prior=0
[inst] req=16695296 hits=5367427 fwd=22124 rows=11327031 fwd_ms=659906.1 eval=0 prior=0
[inst] req=16703488 hits=5370189 fwd=22135 rows=11332663 fwd_ms=660220.2 eval=0 prior=0
[inst] req=16711680 hits=5373045 fwd=22145 rows=11337783 fwd_ms=660505.5 eval=0 prior=0
[inst] req=16719872 hits=5375821 fwd=22156 rows=11343415 fwd_ms=660819.3 eval=0 prior=0
[inst] req=16728064 hits=5378681 fwd=22166 rows=11348535 fwd_ms=661104.5 eval=0 prior=0
[inst] req=16736256 hits=5381642 fwd=22176 rows=11353655 fwd_ms=661389.9 eval=0 prior=0
[inst] req=16744448 hits=5384373 fwd=22187 rows=11359287 fwd_ms=661703.7 eval=0 prior=0
[inst] req=16752640 hits=5387188 fwd=22198 rows=11364919 fwd_ms=662017.5 eval=0 prior=0
[inst] req=16760832 hits=5390046 fwd=22208 rows=11370039 fwd_ms=662302.5 eval=0 prior=0
[inst] req=16769024 hits=5392840 fwd=22219 rows=11375671 fwd_ms=662616.3 eval=0 prior=0
[inst] req=16777216 hits=5395625 fwd=22229 rows=11380791 fwd_ms=662901.6 eval=0 prior=0
[inst] req=16785408 hits=5398519 fwd=22239 rows=11385911 fwd_ms=663186.9 eval=0 prior=0
[inst] req=16793600 hits=5401382 fwd=22250 rows=11391543 fwd_ms=663500.6 eval=0 prior=0
[inst] req=16801792 hits=5404306 fwd=22260 rows=11396663 fwd_ms=663785.8 eval=0 prior=0
[inst] req=16809984 hits=5407215 fwd=22270 rows=11401783 fwd_ms=664071.1 eval=0 prior=0
[inst] req=16818176 hits=5410208 fwd=22281 rows=11407415 fwd_ms=664384.7 eval=0 prior=0
[inst] req=16826368 hits=5413124 fwd=22291 rows=11412535 fwd_ms=664669.9 eval=0 prior=0
[inst] req=16834560 hits=5416023 fwd=22301 rows=11417655 fwd_ms=664955.2 eval=0 prior=0
[inst] req=16842752 hits=5418702 fwd=22312 rows=11423287 fwd_ms=665269.2 eval=0 prior=0
[inst] req=16850944 hits=5421578 fwd=22322 rows=11428407 fwd_ms=665554.7 eval=0 prior=0
[inst] req=16859136 hits=5424349 fwd=22333 rows=11434039 fwd_ms=665868.7 eval=0 prior=0
[inst] req=16867328 hits=5427199 fwd=22343 rows=11439159 fwd_ms=666154.1 eval=0 prior=0
[inst] req=16875520 hits=5430061 fwd=22354 rows=11444791 fwd_ms=666467.9 eval=0 prior=0
[inst] req=16883712 hits=5433082 fwd=22364 rows=11449911 fwd_ms=666753.7 eval=0 prior=0
[inst] req=16891904 hits=5435990 fwd=22374 rows=11455031 fwd_ms=667039.6 eval=0 prior=0
[inst] req=16900096 hits=5438816 fwd=22385 rows=11460663 fwd_ms=667353.9 eval=0 prior=0
[inst] req=16908288 hits=5441640 fwd=22395 rows=11465783 fwd_ms=667639.5 eval=0 prior=0
[inst] req=16916480 hits=5444429 fwd=22406 rows=11471415 fwd_ms=667953.9 eval=0 prior=0
[inst] req=16924672 hits=5447125 fwd=22416 rows=11476535 fwd_ms=668239.5 eval=0 prior=0
[inst] req=16932864 hits=5449888 fwd=22427 rows=11482167 fwd_ms=668553.7 eval=0 prior=0
[inst] req=16941056 hits=5452998 fwd=22437 rows=11487287 fwd_ms=668839.5 eval=0 prior=0
[inst] req=16949248 hits=5455928 fwd=22447 rows=11492407 fwd_ms=669124.9 eval=0 prior=0
[inst] req=16957440 hits=5458798 fwd=22458 rows=11498039 fwd_ms=669438.8 eval=0 prior=0
[inst] req=16965632 hits=5461623 fwd=22468 rows=11503159 fwd_ms=669724.0 eval=0 prior=0
[inst] req=16973824 hits=5464449 fwd=22479 rows=11508791 fwd_ms=670037.5 eval=0 prior=0
[inst] req=16982016 hits=5467303 fwd=22489 rows=11513911 fwd_ms=670322.5 eval=0 prior=0
[inst] req=16990208 hits=5470021 fwd=22500 rows=11519543 fwd_ms=670636.5 eval=0 prior=0
[inst] req=16998400 hits=5472898 fwd=22510 rows=11524663 fwd_ms=670921.8 eval=0 prior=0
[inst] req=17006592 hits=5475740 fwd=22521 rows=11530295 fwd_ms=671235.6 eval=0 prior=0
[inst] req=17014784 hits=5478865 fwd=22530 rows=11534903 fwd_ms=671492.2 eval=0 prior=0
[inst] req=17022976 hits=5481748 fwd=22541 rows=11540535 fwd_ms=671806.0 eval=0 prior=0
[inst] req=17031168 hits=5484491 fwd=22551 rows=11545655 fwd_ms=672091.3 eval=0 prior=0
[inst] req=17039360 hits=5487304 fwd=22562 rows=11551287 fwd_ms=672405.2 eval=0 prior=0
[inst] req=17047552 hits=5490250 fwd=22572 rows=11556407 fwd_ms=672690.7 eval=0 prior=0
[inst] req=17055744 hits=5493093 fwd=22583 rows=11562039 fwd_ms=673005.0 eval=0 prior=0
[inst] req=17063936 hits=5495917 fwd=22593 rows=11567159 fwd_ms=673290.5 eval=0 prior=0
[inst] req=17072128 hits=5498768 fwd=22604 rows=11572791 fwd_ms=673604.4 eval=0 prior=0
[inst] req=17080320 hits=5501621 fwd=22614 rows=11577911 fwd_ms=673889.6 eval=0 prior=0
[inst] req=17088512 hits=5504450 fwd=22625 rows=11583543 fwd_ms=674203.3 eval=0 prior=0
[inst] req=17096704 hits=5507322 fwd=22635 rows=11588663 fwd_ms=674488.5 eval=0 prior=0
[inst] req=17104896 hits=5510241 fwd=22645 rows=11593783 fwd_ms=674773.7 eval=0 prior=0
[inst] req=17113088 hits=5513115 fwd=22656 rows=11599415 fwd_ms=675087.4 eval=0 prior=0
[inst] req=17121280 hits=5515904 fwd=22666 rows=11604535 fwd_ms=675372.5 eval=0 prior=0
[inst] req=17129472 hits=5518693 fwd=22677 rows=11610167 fwd_ms=675686.2 eval=0 prior=0
[inst] req=17137664 hits=5521662 fwd=22687 rows=11615287 fwd_ms=675971.5 eval=0 prior=0
[inst] req=17145856 hits=5524492 fwd=22697 rows=11620407 fwd_ms=676256.7 eval=0 prior=0
[inst] req=17154048 hits=5527352 fwd=22708 rows=11626039 fwd_ms=676570.5 eval=0 prior=0
[inst] req=17162240 hits=5530225 fwd=22718 rows=11631159 fwd_ms=676855.8 eval=0 prior=0
[inst] req=17170432 hits=5533121 fwd=22729 rows=11636791 fwd_ms=677169.3 eval=0 prior=0
[inst] req=17178624 hits=5536043 fwd=22739 rows=11641911 fwd_ms=677454.7 eval=0 prior=0
[inst] req=17186816 hits=5538830 fwd=22749 rows=11647031 fwd_ms=677740.0 eval=0 prior=0
[inst] req=17195008 hits=5541808 fwd=22760 rows=11652663 fwd_ms=678054.0 eval=0 prior=0
[inst] req=17203200 hits=5544549 fwd=22770 rows=11657783 fwd_ms=678339.1 eval=0 prior=0
[inst] req=17211392 hits=5547492 fwd=22780 rows=11662903 fwd_ms=678624.3 eval=0 prior=0
[inst] req=17219584 hits=5550404 fwd=22791 rows=11668535 fwd_ms=678938.0 eval=0 prior=0
[inst] req=17227776 hits=5553147 fwd=22801 rows=11673655 fwd_ms=679223.1 eval=0 prior=0
[inst] req=17235968 hits=5555983 fwd=22812 rows=11679287 fwd_ms=679536.9 eval=0 prior=0
[inst] req=17244160 hits=5558749 fwd=22822 rows=11684407 fwd_ms=679822.4 eval=0 prior=0
[inst] req=17252352 hits=5561553 fwd=22833 rows=11690039 fwd_ms=680136.3 eval=0 prior=0
[inst] req=17260544 hits=5564429 fwd=22843 rows=11695159 fwd_ms=680421.8 eval=0 prior=0
[inst] req=17268736 hits=5567239 fwd=22854 rows=11700791 fwd_ms=680735.7 eval=0 prior=0
[inst] req=17276928 hits=5570010 fwd=22864 rows=11705911 fwd_ms=681020.9 eval=0 prior=0
[inst] req=17285120 hits=5572806 fwd=22875 rows=11711543 fwd_ms=681334.6 eval=0 prior=0
[inst] req=17293312 hits=5575654 fwd=22885 rows=11716663 fwd_ms=681619.8 eval=0 prior=0
[inst] req=17301504 hits=5578515 fwd=22896 rows=11722295 fwd_ms=681933.5 eval=0 prior=0
[inst] req=17309696 hits=5581282 fwd=22906 rows=11727415 fwd_ms=682218.7 eval=0 prior=0
[inst] req=17317888 hits=5584199 fwd=22917 rows=11733047 fwd_ms=682532.5 eval=0 prior=0
[inst] req=17326080 hits=5587098 fwd=22927 rows=11738167 fwd_ms=682817.6 eval=0 prior=0
[inst] req=17334272 hits=5590065 fwd=22937 rows=11743287 fwd_ms=683102.9 eval=0 prior=0
[inst] req=17342464 hits=5592999 fwd=22948 rows=11748919 fwd_ms=683416.7 eval=0 prior=0
[inst] req=17350656 hits=5595837 fwd=22958 rows=11754039 fwd_ms=683702.1 eval=0 prior=0
[inst] req=17358848 hits=5598627 fwd=22969 rows=11759671 fwd_ms=684015.8 eval=0 prior=0
[inst] req=17367040 hits=5601638 fwd=22979 rows=11764791 fwd_ms=684301.1 eval=0 prior=0
[inst] req=17375232 hits=5604497 fwd=22989 rows=11769911 fwd_ms=684586.4 eval=0 prior=0
[inst] req=17383424 hits=5607459 fwd=22999 rows=11775031 fwd_ms=684871.6 eval=0 prior=0
[inst] req=17391616 hits=5610337 fwd=23010 rows=11780663 fwd_ms=685185.4 eval=0 prior=0
[inst] req=17399808 hits=5613206 fwd=23020 rows=11785783 fwd_ms=685470.5 eval=0 prior=0
[inst] req=17408000 hits=5616096 fwd=23030 rows=11790903 fwd_ms=685755.8 eval=0 prior=0
[inst] req=17416192 hits=5618986 fwd=23041 rows=11796535 fwd_ms=686069.5 eval=0 prior=0
[inst] req=17424384 hits=5621796 fwd=23051 rows=11801655 fwd_ms=686354.7 eval=0 prior=0
[inst] req=17432576 hits=5624586 fwd=23062 rows=11807287 fwd_ms=686668.4 eval=0 prior=0
[inst] req=17440768 hits=5627286 fwd=23073 rows=11812919 fwd_ms=686982.5 eval=0 prior=0
[inst] req=17448960 hits=5630135 fwd=23083 rows=11818039 fwd_ms=687267.6 eval=0 prior=0
[inst] req=17457152 hits=5632928 fwd=23094 rows=11823671 fwd_ms=687581.5 eval=0 prior=0
[inst] req=17465344 hits=5635692 fwd=23104 rows=11828791 fwd_ms=687866.6 eval=0 prior=0
[inst] req=17473536 hits=5638622 fwd=23114 rows=11833911 fwd_ms=688151.7 eval=0 prior=0
[inst] req=17481728 hits=5641491 fwd=23125 rows=11839543 fwd_ms=688465.5 eval=0 prior=0
[inst] req=17489920 hits=5644230 fwd=23136 rows=11845175 fwd_ms=688779.3 eval=0 prior=0
[inst] req=17498112 hits=5647220 fwd=23146 rows=11850295 fwd_ms=689064.6 eval=0 prior=0
[inst] req=17506304 hits=5650144 fwd=23156 rows=11855415 fwd_ms=689349.8 eval=0 prior=0
[inst] req=17514496 hits=5653066 fwd=23166 rows=11860535 fwd_ms=689635.1 eval=0 prior=0
[inst] req=17522688 hits=5656038 fwd=23176 rows=11865655 fwd_ms=689920.2 eval=0 prior=0
[inst] req=17530880 hits=5659041 fwd=23187 rows=11871287 fwd_ms=690234.0 eval=0 prior=0
[inst] req=17539072 hits=5661997 fwd=23197 rows=11876407 fwd_ms=690519.3 eval=0 prior=0
[inst] req=17547264 hits=5664890 fwd=23207 rows=11881527 fwd_ms=690804.5 eval=0 prior=0
[inst] req=17555456 hits=5667743 fwd=23218 rows=11887159 fwd_ms=691118.2 eval=0 prior=0
[inst] req=17563648 hits=5670590 fwd=23228 rows=11892279 fwd_ms=691403.5 eval=0 prior=0
[inst] req=17571840 hits=5673537 fwd=23238 rows=11897399 fwd_ms=691688.7 eval=0 prior=0
[inst] req=17580032 hits=5676385 fwd=23249 rows=11903031 fwd_ms=692002.5 eval=0 prior=0
[inst] req=17588224 hits=5679337 fwd=23259 rows=11908151 fwd_ms=692287.9 eval=0 prior=0
[inst] req=17596416 hits=5682225 fwd=23269 rows=11913271 fwd_ms=692573.0 eval=0 prior=0
[inst] req=17604608 hits=5685033 fwd=23280 rows=11918903 fwd_ms=692886.8 eval=0 prior=0
[inst] req=17612800 hits=5688000 fwd=23290 rows=11924023 fwd_ms=693172.1 eval=0 prior=0
[inst] req=17620992 hits=5690793 fwd=23301 rows=11929655 fwd_ms=693485.8 eval=0 prior=0
[inst] req=17629184 hits=5693701 fwd=23311 rows=11934775 fwd_ms=693771.0 eval=0 prior=0
[inst] req=17637376 hits=5696626 fwd=23321 rows=11939895 fwd_ms=694056.5 eval=0 prior=0
[inst] req=17645568 hits=5699607 fwd=23331 rows=11945015 fwd_ms=694341.7 eval=0 prior=0
[inst] req=17653760 hits=5702406 fwd=23342 rows=11950647 fwd_ms=694655.7 eval=0 prior=0
[inst] req=17661952 hits=5705320 fwd=23352 rows=11955767 fwd_ms=694941.0 eval=0 prior=0
[inst] req=17670144 hits=5708104 fwd=23363 rows=11961399 fwd_ms=695254.8 eval=0 prior=0
[inst] req=17678336 hits=5710979 fwd=23373 rows=11966519 fwd_ms=695540.2 eval=0 prior=0
[inst] req=17686528 hits=5713805 fwd=23384 rows=11972151 fwd_ms=695854.1 eval=0 prior=0
[inst] req=17694720 hits=5716827 fwd=23394 rows=11977271 fwd_ms=696139.4 eval=0 prior=0
[inst] req=17702912 hits=5719760 fwd=23404 rows=11982391 fwd_ms=696424.6 eval=0 prior=0
[inst] req=17711104 hits=5722715 fwd=23414 rows=11987511 fwd_ms=696710.1 eval=0 prior=0
[inst] req=17719296 hits=5725554 fwd=23425 rows=11993143 fwd_ms=697023.9 eval=0 prior=0
[inst] req=17727488 hits=5728435 fwd=23435 rows=11998263 fwd_ms=697309.0 eval=0 prior=0
[inst] req=17735680 hits=5731252 fwd=23446 rows=12003895 fwd_ms=697622.8 eval=0 prior=0
[inst] req=17743872 hits=5734145 fwd=23456 rows=12009015 fwd_ms=697908.2 eval=0 prior=0
[inst] req=17752064 hits=5737198 fwd=23466 rows=12014135 fwd_ms=698193.5 eval=0 prior=0
[inst] req=17760256 hits=5740357 fwd=23476 rows=12019255 fwd_ms=698478.9 eval=0 prior=0
[inst] req=17768448 hits=5743178 fwd=23486 rows=12024375 fwd_ms=698764.2 eval=0 prior=0
[inst] req=17776640 hits=5745967 fwd=23497 rows=12030007 fwd_ms=699078.3 eval=0 prior=0
[inst] req=17784832 hits=5748840 fwd=23507 rows=12035127 fwd_ms=699364.5 eval=0 prior=0
[inst] req=17793024 hits=5751676 fwd=23518 rows=12040759 fwd_ms=699680.2 eval=0 prior=0
[inst] req=17801216 hits=5754527 fwd=23528 rows=12045879 fwd_ms=699966.7 eval=0 prior=0
[inst] req=17809408 hits=5757418 fwd=23538 rows=12050999 fwd_ms=700252.5 eval=0 prior=0
[inst] req=17817600 hits=5760355 fwd=23549 rows=12056631 fwd_ms=700566.3 eval=0 prior=0
[inst] req=17825792 hits=5763236 fwd=23559 rows=12061751 fwd_ms=700851.5 eval=0 prior=0
[inst] req=17833984 hits=5766169 fwd=23569 rows=12066871 fwd_ms=701136.6 eval=0 prior=0
[inst] req=17842176 hits=5769444 fwd=23579 rows=12071991 fwd_ms=701422.4 eval=0 prior=0
[inst] req=17850368 hits=5772370 fwd=23589 rows=12077111 fwd_ms=701708.1 eval=0 prior=0
[inst] req=17858560 hits=5775249 fwd=23600 rows=12082743 fwd_ms=702022.6 eval=0 prior=0
[inst] req=17866752 hits=5778061 fwd=23610 rows=12087863 fwd_ms=702308.4 eval=0 prior=0
[inst] req=17874944 hits=5781084 fwd=23620 rows=12092983 fwd_ms=702594.0 eval=0 prior=0
[inst] req=17883136 hits=5784027 fwd=23630 rows=12098103 fwd_ms=702879.8 eval=0 prior=0
[inst] req=17891328 hits=5787033 fwd=23641 rows=12103735 fwd_ms=703194.0 eval=0 prior=0
[inst] req=17899520 hits=5789947 fwd=23651 rows=12108855 fwd_ms=703479.9 eval=0 prior=0
[inst] req=17907712 hits=5792934 fwd=23661 rows=12113975 fwd_ms=703765.7 eval=0 prior=0
[inst] req=17915904 hits=5795842 fwd=23671 rows=12119095 fwd_ms=704051.0 eval=0 prior=0
[inst] req=17924096 hits=5798741 fwd=23682 rows=12124727 fwd_ms=704364.9 eval=0 prior=0
[inst] req=17932288 hits=5801681 fwd=23692 rows=12129847 fwd_ms=704650.5 eval=0 prior=0
[inst] req=17940480 hits=5804596 fwd=23702 rows=12134967 fwd_ms=704935.8 eval=0 prior=0
[inst] req=17948672 hits=5807438 fwd=23713 rows=12140599 fwd_ms=705249.6 eval=0 prior=0
[inst] req=17956864 hits=5810211 fwd=23723 rows=12145719 fwd_ms=705708.8 eval=0 prior=0
[inst] req=17965056 hits=5813127 fwd=23734 rows=12151351 fwd_ms=706527.5 eval=0 prior=0
[inst] req=17973248 hits=5815900 fwd=23744 rows=12156471 fwd_ms=707319.6 eval=0 prior=0
[inst] req=17981440 hits=5818636 fwd=23755 rows=12162103 fwd_ms=708151.3 eval=0 prior=0
[inst] req=17989632 hits=5821543 fwd=23765 rows=12167223 fwd_ms=708824.0 eval=0 prior=0
[inst] req=17997824 hits=5824656 fwd=23775 rows=12172343 fwd_ms=709631.2 eval=0 prior=0
[inst] req=18006016 hits=5827579 fwd=23785 rows=12177463 fwd_ms=710381.4 eval=0 prior=0
[inst] req=18014208 hits=5830466 fwd=23796 rows=12183095 fwd_ms=711371.1 eval=0 prior=0
[inst] req=18022400 hits=5833467 fwd=23806 rows=12188215 fwd_ms=712050.2 eval=0 prior=0
[inst] req=18030592 hits=5836420 fwd=23816 rows=12193335 fwd_ms=712801.9 eval=0 prior=0
[inst] req=18038784 hits=5839290 fwd=23827 rows=12198967 fwd_ms=713671.9 eval=0 prior=0
[inst] req=18046976 hits=5842275 fwd=23837 rows=12204087 fwd_ms=714470.1 eval=0 prior=0
[inst] req=18055168 hits=5845377 fwd=23847 rows=12209207 fwd_ms=715226.5 eval=0 prior=0
[inst] req=18063360 hits=5848932 fwd=23856 rows=12213815 fwd_ms=715957.7 eval=0 prior=0
[inst] req=18071552 hits=5852435 fwd=23865 rows=12218423 fwd_ms=716591.2 eval=0 prior=0
[inst] req=18079744 hits=5855925 fwd=23874 rows=12223031 fwd_ms=717360.4 eval=0 prior=0
[inst] req=18087936 hits=5859419 fwd=23883 rows=12227639 fwd_ms=717960.3 eval=0 prior=0
[inst] req=18096128 hits=5862841 fwd=23893 rows=12232759 fwd_ms=718789.9 eval=0 prior=0
[inst] req=18104320 hits=5866126 fwd=23902 rows=12237367 fwd_ms=719509.4 eval=0 prior=0
[inst] req=18112512 hits=5869542 fwd=23911 rows=12241975 fwd_ms=720104.2 eval=0 prior=0
[inst] req=18120704 hits=5872609 fwd=23921 rows=12247095 fwd_ms=720890.1 eval=0 prior=0
[inst] req=18128896 hits=5875869 fwd=23931 rows=12252215 fwd_ms=721690.6 eval=0 prior=0
[inst] req=18137088 hits=5879133 fwd=23941 rows=12257335 fwd_ms=722389.6 eval=0 prior=0
[inst] req=18145280 hits=5882213 fwd=23951 rows=12262455 fwd_ms=722949.8 eval=0 prior=0
[inst] req=18153472 hits=5885580 fwd=23960 rows=12267063 fwd_ms=723211.3 eval=0 prior=0
[inst] req=18161664 hits=5888793 fwd=23970 rows=12272183 fwd_ms=723501.8 eval=0 prior=0
[inst] req=18169856 hits=5891655 fwd=23980 rows=12277303 fwd_ms=723804.2 eval=0 prior=0
[inst] req=18178048 hits=5892278 fwd=23995 rows=12284983 fwd_ms=724233.0 eval=0 prior=0
[inst] req=18186240 hits=5893294 fwd=24009 rows=12292151 fwd_ms=724633.2 eval=0 prior=0
[inst] req=18194432 hits=5894626 fwd=24022 rows=12298807 fwd_ms=725004.7 eval=0 prior=0
[inst] req=18202624 hits=5896513 fwd=24035 rows=12305463 fwd_ms=725376.4 eval=0 prior=0
[inst] req=18210816 hits=5898800 fwd=24046 rows=12311095 fwd_ms=725691.0 eval=0 prior=0
[inst] req=18219008 hits=5901632 fwd=24057 rows=12316727 fwd_ms=726005.3 eval=0 prior=0
[inst] req=18227200 hits=5904330 fwd=24067 rows=12321847 fwd_ms=726291.3 eval=0 prior=0
[inst] req=18235392 hits=5907099 fwd=24078 rows=12327479 fwd_ms=726605.7 eval=0 prior=0
[inst] req=18243584 hits=5910033 fwd=24088 rows=12332599 fwd_ms=726891.8 eval=0 prior=0
[inst] req=18251776 hits=5913119 fwd=24098 rows=12337719 fwd_ms=727177.7 eval=0 prior=0
[inst] req=18259968 hits=5917006 fwd=24107 rows=12342327 fwd_ms=727435.0 eval=0 prior=0
[inst] req=18268160 hits=5920758 fwd=24115 rows=12346423 fwd_ms=727663.5 eval=0 prior=0
[inst] req=18276352 hits=5924307 fwd=24124 rows=12351031 fwd_ms=727920.8 eval=0 prior=0
[inst] req=18284544 hits=5927833 fwd=24134 rows=12356151 fwd_ms=728206.7 eval=0 prior=0
[inst] req=18292736 hits=5931660 fwd=24142 rows=12360247 fwd_ms=728435.4 eval=0 prior=0
[inst] req=18300928 hits=5935324 fwd=24151 rows=12364855 fwd_ms=728692.8 eval=0 prior=0
[inst] req=18309120 hits=5938933 fwd=24160 rows=12369463 fwd_ms=728950.1 eval=0 prior=0
[inst] req=18317312 hits=5942489 fwd=24169 rows=12374071 fwd_ms=729207.4 eval=0 prior=0
[inst] req=18325504 hits=5946115 fwd=24178 rows=12378679 fwd_ms=729465.0 eval=0 prior=0
[inst] req=18333696 hits=5949593 fwd=24187 rows=12383287 fwd_ms=729722.4 eval=0 prior=0
[inst] req=18341888 hits=5953430 fwd=24196 rows=12387895 fwd_ms=729979.7 eval=0 prior=0
[inst] req=18350080 hits=5957030 fwd=24205 rows=12392503 fwd_ms=730236.9 eval=0 prior=0
[inst] req=18358272 hits=5960656 fwd=24213 rows=12396599 fwd_ms=730465.7 eval=0 prior=0
[inst] req=18366464 hits=5964573 fwd=24222 rows=12401207 fwd_ms=730722.9 eval=0 prior=0
[inst] req=18374656 hits=5968542 fwd=24230 rows=12405303 fwd_ms=730951.6 eval=0 prior=0
[inst] req=18382848 hits=5972616 fwd=24238 rows=12409399 fwd_ms=731180.3 eval=0 prior=0
[inst] req=18391040 hits=5976293 fwd=24247 rows=12414007 fwd_ms=731437.4 eval=0 prior=0
[inst] req=18399232 hits=5980023 fwd=24256 rows=12418615 fwd_ms=731694.4 eval=0 prior=0
[inst] req=18407424 hits=5983958 fwd=24264 rows=12422711 fwd_ms=731922.8 eval=0 prior=0
[inst] req=18415616 hits=5987801 fwd=24272 rows=12426807 fwd_ms=732151.4 eval=0 prior=0
[inst] req=18423808 hits=5991715 fwd=24281 rows=12431415 fwd_ms=732408.5 eval=0 prior=0
[inst] req=18432000 hits=5995478 fwd=24289 rows=12435511 fwd_ms=732637.3 eval=0 prior=0
[inst] req=18440192 hits=5999092 fwd=24298 rows=12440119 fwd_ms=732894.4 eval=0 prior=0
[inst] req=18448384 hits=6002622 fwd=24308 rows=12445239 fwd_ms=733180.1 eval=0 prior=0
[inst] req=18456576 hits=6006275 fwd=24316 rows=12449335 fwd_ms=733408.6 eval=0 prior=0
[inst] req=18464768 hits=6009925 fwd=24325 rows=12453943 fwd_ms=733665.8 eval=0 prior=0
[inst] req=18472960 hits=6013804 fwd=24334 rows=12458551 fwd_ms=733922.8 eval=0 prior=0
[inst] req=18481152 hits=6017558 fwd=24342 rows=12462647 fwd_ms=734151.3 eval=0 prior=0
[inst] req=18489344 hits=6021334 fwd=24351 rows=12467255 fwd_ms=734408.2 eval=0 prior=0
[inst] req=18497536 hits=6025190 fwd=24359 rows=12471351 fwd_ms=734636.7 eval=0 prior=0
[inst] req=18505728 hits=6029071 fwd=24368 rows=12475959 fwd_ms=734893.7 eval=0 prior=0
[inst] req=18513920 hits=6032789 fwd=24377 rows=12480567 fwd_ms=735150.5 eval=0 prior=0
[inst] req=18522112 hits=6036533 fwd=24385 rows=12484663 fwd_ms=735378.7 eval=0 prior=0
[inst] req=18530304 hits=6040693 fwd=24393 rows=12488759 fwd_ms=735607.1 eval=0 prior=0
[inst] req=18538496 hits=6044534 fwd=24402 rows=12493367 fwd_ms=735863.9 eval=0 prior=0
[inst] req=18546688 hits=6048281 fwd=24410 rows=12497463 fwd_ms=736092.2 eval=0 prior=0
[inst] req=18554880 hits=6052204 fwd=24419 rows=12502071 fwd_ms=736349.2 eval=0 prior=0
[inst] req=18563072 hits=6056072 fwd=24427 rows=12506167 fwd_ms=736577.6 eval=0 prior=0
[inst] req=18571264 hits=6059985 fwd=24435 rows=12510263 fwd_ms=736806.0 eval=0 prior=0
[inst] req=18579456 hits=6063985 fwd=24444 rows=12514871 fwd_ms=737063.1 eval=0 prior=0
[inst] req=18587648 hits=6067957 fwd=24452 rows=12518967 fwd_ms=737291.6 eval=0 prior=0
[inst] req=18595840 hits=6071683 fwd=24461 rows=12523575 fwd_ms=737548.3 eval=0 prior=0
[inst] req=18604032 hits=6075400 fwd=24469 rows=12527671 fwd_ms=737776.7 eval=0 prior=0
[inst] req=18612224 hits=6078994 fwd=24478 rows=12532279 fwd_ms=738033.6 eval=0 prior=0
[inst] req=18620416 hits=6082711 fwd=24487 rows=12536887 fwd_ms=738290.6 eval=0 prior=0
[inst] req=18628608 hits=6086751 fwd=24495 rows=12540983 fwd_ms=738519.0 eval=0 prior=0
[inst] req=18636800 hits=6090447 fwd=24504 rows=12545591 fwd_ms=738775.9 eval=0 prior=0
[inst] req=18644992 hits=6094399 fwd=24512 rows=12549687 fwd_ms=739004.1 eval=0 prior=0
[inst] req=18653184 hits=6098397 fwd=24520 rows=12553783 fwd_ms=739232.4 eval=0 prior=0
[inst] req=18661376 hits=6102057 fwd=24529 rows=12558391 fwd_ms=739489.3 eval=0 prior=0
[inst] req=18669568 hits=6105808 fwd=24538 rows=12562999 fwd_ms=739746.3 eval=0 prior=0
[inst] req=18677760 hits=6109666 fwd=24546 rows=12567095 fwd_ms=739974.9 eval=0 prior=0
[inst] req=18685952 hits=6113402 fwd=24555 rows=12571703 fwd_ms=740231.9 eval=0 prior=0
[inst] req=18694144 hits=6117515 fwd=24564 rows=12576311 fwd_ms=740488.9 eval=0 prior=0
[inst] req=18702336 hits=6120962 fwd=24572 rows=12580407 fwd_ms=740717.2 eval=0 prior=0
[inst] req=18710528 hits=6124678 fwd=24581 rows=12585015 fwd_ms=740974.2 eval=0 prior=0
[inst] req=18718720 hits=6128662 fwd=24589 rows=12589111 fwd_ms=741202.7 eval=0 prior=0
[inst] req=18726912 hits=6132447 fwd=24598 rows=12593719 fwd_ms=741459.8 eval=0 prior=0
[inst] req=18735104 hits=6136137 fwd=24607 rows=12598327 fwd_ms=741716.7 eval=0 prior=0
[inst] req=18743296 hits=6140002 fwd=24615 rows=12602423 fwd_ms=741945.1 eval=0 prior=0
[inst] req=18751488 hits=6143836 fwd=24624 rows=12607031 fwd_ms=742202.4 eval=0 prior=0
[inst] req=18759680 hits=6147773 fwd=24632 rows=12611127 fwd_ms=742430.9 eval=0 prior=0
[inst] req=18767872 hits=6151677 fwd=24640 rows=12615223 fwd_ms=742659.3 eval=0 prior=0
[inst] req=18776064 hits=6155612 fwd=24649 rows=12619831 fwd_ms=742916.3 eval=0 prior=0
[inst] req=18784256 hits=6159520 fwd=24657 rows=12623927 fwd_ms=743144.8 eval=0 prior=0
[inst] req=18792448 hits=6163683 fwd=24665 rows=12628023 fwd_ms=743373.3 eval=0 prior=0
[inst] req=18800640 hits=6167309 fwd=24674 rows=12632631 fwd_ms=743630.1 eval=0 prior=0
[inst] req=18808832 hits=6171108 fwd=24682 rows=12636727 fwd_ms=743858.4 eval=0 prior=0
[inst] req=18817024 hits=6174982 fwd=24691 rows=12641335 fwd_ms=744115.5 eval=0 prior=0
[inst] req=18825216 hits=6178898 fwd=24699 rows=12645431 fwd_ms=744343.9 eval=0 prior=0
[inst] req=18833408 hits=6182816 fwd=24708 rows=12650039 fwd_ms=744600.9 eval=0 prior=0
[inst] req=18841600 hits=6186740 fwd=24716 rows=12654135 fwd_ms=744829.3 eval=0 prior=0
[inst] req=18849792 hits=6190676 fwd=24724 rows=12658231 fwd_ms=745057.6 eval=0 prior=0
[inst] req=18857984 hits=6194433 fwd=24733 rows=12662839 fwd_ms=745314.5 eval=0 prior=0
[inst] req=18866176 hits=6198206 fwd=24742 rows=12667447 fwd_ms=745571.5 eval=0 prior=0
[inst] req=18874368 hits=6201745 fwd=24751 rows=12672055 fwd_ms=745828.3 eval=0 prior=0
[inst] req=18882560 hits=6205531 fwd=24759 rows=12676151 fwd_ms=746056.9 eval=0 prior=0
[inst] req=18890752 hits=6209337 fwd=24768 rows=12680759 fwd_ms=746313.9 eval=0 prior=0
[inst] req=18898944 hits=6213420 fwd=24776 rows=12684855 fwd_ms=746542.1 eval=0 prior=0
[inst] req=18907136 hits=6217219 fwd=24784 rows=12688951 fwd_ms=746770.5 eval=0 prior=0
[inst] req=18915328 hits=6221157 fwd=24793 rows=12693559 fwd_ms=747027.2 eval=0 prior=0
[inst] req=18923520 hits=6225077 fwd=24801 rows=12697655 fwd_ms=747255.4 eval=0 prior=0
[inst] req=18931712 hits=6228741 fwd=24810 rows=12702263 fwd_ms=747512.3 eval=0 prior=0
[inst] req=18939904 hits=6232720 fwd=24818 rows=12706359 fwd_ms=747740.6 eval=0 prior=0
[inst] req=18948096 hits=6236756 fwd=24826 rows=12710455 fwd_ms=747969.0 eval=0 prior=0
[inst] req=18956288 hits=6240674 fwd=24835 rows=12715063 fwd_ms=748225.8 eval=0 prior=0
[inst] req=18964480 hits=6244650 fwd=24843 rows=12719159 fwd_ms=748454.3 eval=0 prior=0
[inst] req=18972672 hits=6248472 fwd=24851 rows=12723255 fwd_ms=748682.4 eval=0 prior=0
[inst] req=18980864 hits=6252414 fwd=24860 rows=12727863 fwd_ms=748939.1 eval=0 prior=0
[inst] req=18989056 hits=6256234 fwd=24868 rows=12731959 fwd_ms=749167.5 eval=0 prior=0
[inst] req=18997248 hits=6259879 fwd=24877 rows=12736567 fwd_ms=749424.4 eval=0 prior=0
[inst] req=19005440 hits=6263653 fwd=24886 rows=12741175 fwd_ms=749681.4 eval=0 prior=0
[inst] req=19013632 hits=6267307 fwd=24895 rows=12745783 fwd_ms=749938.1 eval=0 prior=0
[inst] req=19021824 hits=6271127 fwd=24903 rows=12749879 fwd_ms=750166.6 eval=0 prior=0
[inst] req=19030016 hits=6275071 fwd=24911 rows=12753975 fwd_ms=750395.0 eval=0 prior=0
[inst] req=19038208 hits=6278980 fwd=24920 rows=12758583 fwd_ms=750652.1 eval=0 prior=0
[inst] req=19046400 hits=6282745 fwd=24928 rows=12762679 fwd_ms=750880.7 eval=0 prior=0
[inst] req=19054592 hits=6286469 fwd=24937 rows=12767287 fwd_ms=751137.7 eval=0 prior=0
[inst] req=19062784 hits=6290430 fwd=24945 rows=12771383 fwd_ms=751366.1 eval=0 prior=0
[inst] req=19070976 hits=6294440 fwd=24954 rows=12775991 fwd_ms=751622.8 eval=0 prior=0
[inst] req=19079168 hits=6298321 fwd=24962 rows=12780087 fwd_ms=751851.2 eval=0 prior=0
[inst] req=19087360 hits=6302330 fwd=24970 rows=12784183 fwd_ms=752080.0 eval=0 prior=0
[inst] req=19095552 hits=6306398 fwd=24978 rows=12788279 fwd_ms=752308.3 eval=0 prior=0
[inst] req=19103744 hits=6310310 fwd=24987 rows=12792887 fwd_ms=752565.4 eval=0 prior=0
[inst] req=19111936 hits=6314069 fwd=24995 rows=12796983 fwd_ms=752793.7 eval=0 prior=0
[inst] req=19120128 hits=6317863 fwd=25004 rows=12801591 fwd_ms=753050.7 eval=0 prior=0
[inst] req=19128320 hits=6321748 fwd=25012 rows=12805687 fwd_ms=753278.9 eval=0 prior=0
[inst] req=19136512 hits=6325587 fwd=25021 rows=12810295 fwd_ms=753535.8 eval=0 prior=0
[inst] req=19144704 hits=6329596 fwd=25029 rows=12814391 fwd_ms=753764.1 eval=0 prior=0
[inst] req=19152896 hits=6333663 fwd=25037 rows=12818487 fwd_ms=753992.8 eval=0 prior=0
[inst] req=19161088 hits=6337499 fwd=25045 rows=12822583 fwd_ms=754221.2 eval=0 prior=0
[inst] req=19169280 hits=6341327 fwd=25054 rows=12827191 fwd_ms=754478.3 eval=0 prior=0
[inst] req=19177472 hits=6345490 fwd=25062 rows=12831287 fwd_ms=754706.6 eval=0 prior=0
[inst] req=19185664 hits=6349288 fwd=25070 rows=12835383 fwd_ms=754935.2 eval=0 prior=0
[inst] req=19193856 hits=6352824 fwd=25080 rows=12840503 fwd_ms=755221.0 eval=0 prior=0
[inst] req=19202048 hits=6356523 fwd=25088 rows=12844599 fwd_ms=755449.5 eval=0 prior=0
[inst] req=19210240 hits=6360379 fwd=25097 rows=12849207 fwd_ms=755706.6 eval=0 prior=0
[inst] req=19218432 hits=6364336 fwd=25105 rows=12853303 fwd_ms=755935.0 eval=0 prior=0
[inst] req=19226624 hits=6368153 fwd=25114 rows=12857911 fwd_ms=756192.1 eval=0 prior=0
[inst] req=19234816 hits=6372033 fwd=25122 rows=12862007 fwd_ms=756420.9 eval=0 prior=0
[inst] req=19243008 hits=6376075 fwd=25130 rows=12866103 fwd_ms=756649.4 eval=0 prior=0
[inst] req=19251200 hits=6380013 fwd=25138 rows=12870199 fwd_ms=756877.8 eval=0 prior=0
[inst] req=19259392 hits=6383977 fwd=25147 rows=12874807 fwd_ms=757134.8 eval=0 prior=0
[inst] req=19267584 hits=6387898 fwd=25155 rows=12878903 fwd_ms=757363.2 eval=0 prior=0
[inst] req=19275776 hits=6391973 fwd=25163 rows=12882999 fwd_ms=757591.9 eval=0 prior=0
[inst] req=19283968 hits=6395943 fwd=25171 rows=12887095 fwd_ms=757820.6 eval=0 prior=0
[inst] req=19292160 hits=6399808 fwd=25180 rows=12891703 fwd_ms=758077.6 eval=0 prior=0
[inst] req=19300352 hits=6403642 fwd=25188 rows=12895799 fwd_ms=758306.2 eval=0 prior=0
[inst] req=19308544 hits=6407368 fwd=25197 rows=12900407 fwd_ms=758563.4 eval=0 prior=0
[inst] req=19316736 hits=6411117 fwd=25206 rows=12905015 fwd_ms=758820.5 eval=0 prior=0
[inst] req=19324928 hits=6415207 fwd=25214 rows=12909111 fwd_ms=759049.0 eval=0 prior=0
[inst] req=19333120 hits=6419152 fwd=25222 rows=12913207 fwd_ms=759277.4 eval=0 prior=0
[inst] req=19341312 hits=6423035 fwd=25230 rows=12917303 fwd_ms=759505.9 eval=0 prior=0
[inst] req=19349504 hits=6426735 fwd=25239 rows=12921911 fwd_ms=759763.0 eval=0 prior=0
[inst] req=19357696 hits=6430579 fwd=25248 rows=12926519 fwd_ms=760020.3 eval=0 prior=0
[inst] req=19365888 hits=6434375 fwd=25256 rows=12930615 fwd_ms=760248.7 eval=0 prior=0
[inst] req=19374080 hits=6438244 fwd=25265 rows=12935223 fwd_ms=760505.9 eval=0 prior=0
[inst] req=19382272 hits=6442328 fwd=25273 rows=12939319 fwd_ms=760734.5 eval=0 prior=0
[inst] req=19390464 hits=6446448 fwd=25281 rows=12943415 fwd_ms=760962.9 eval=0 prior=0
[inst] req=19398656 hits=6450538 fwd=25289 rows=12947511 fwd_ms=761191.7 eval=0 prior=0
[inst] req=19406848 hits=6454403 fwd=25297 rows=12951607 fwd_ms=761420.2 eval=0 prior=0
[inst] req=19415040 hits=6458313 fwd=25305 rows=12955703 fwd_ms=761648.6 eval=0 prior=0
[inst] req=19423232 hits=6462316 fwd=25314 rows=12960311 fwd_ms=761905.6 eval=0 prior=0
[inst] req=19431424 hits=6466160 fwd=25322 rows=12964407 fwd_ms=762134.1 eval=0 prior=0
[inst] req=19439616 hits=6470011 fwd=25331 rows=12969015 fwd_ms=762391.0 eval=0 prior=0
[inst] req=19447808 hits=6473766 fwd=25339 rows=12973111 fwd_ms=762619.5 eval=0 prior=0
[inst] req=19456000 hits=6477311 fwd=25348 rows=12977719 fwd_ms=762876.7 eval=0 prior=0
[inst] req=19464192 hits=6481329 fwd=25357 rows=12982327 fwd_ms=763133.8 eval=0 prior=0
[inst] req=19472384 hits=6484951 fwd=25365 rows=12986423 fwd_ms=763362.5 eval=0 prior=0
[inst] req=19480576 hits=6488745 fwd=25374 rows=12991031 fwd_ms=763619.5 eval=0 prior=0
[inst] req=19488768 hits=6492709 fwd=25382 rows=12995127 fwd_ms=763847.9 eval=0 prior=0
[inst] req=19496960 hits=6496560 fwd=25391 rows=12999735 fwd_ms=764105.0 eval=0 prior=0
[inst] req=19505152 hits=6500192 fwd=25400 rows=13004343 fwd_ms=764362.1 eval=0 prior=0
[inst] req=19513344 hits=6503942 fwd=25408 rows=13008439 fwd_ms=764590.6 eval=0 prior=0
[inst] req=19521536 hits=6507984 fwd=25416 rows=13012535 fwd_ms=764819.2 eval=0 prior=0
[inst] req=19529728 hits=6511721 fwd=25425 rows=13017143 fwd_ms=765076.2 eval=0 prior=0
[inst] req=19537920 hits=6515671 fwd=25433 rows=13021239 fwd_ms=765304.8 eval=0 prior=0
[inst] req=19546112 hits=6519844 fwd=25441 rows=13025335 fwd_ms=765533.5 eval=0 prior=0
[inst] req=19554304 hits=6523605 fwd=25450 rows=13029943 fwd_ms=765790.7 eval=0 prior=0
[inst] req=19562496 hits=6527354 fwd=25459 rows=13034551 fwd_ms=766048.0 eval=0 prior=0
[inst] req=19570688 hits=6531370 fwd=25467 rows=13038647 fwd_ms=766276.6 eval=0 prior=0
[inst] req=19578880 hits=6535223 fwd=25475 rows=13042743 fwd_ms=766505.4 eval=0 prior=0
[inst] req=19587072 hits=6539327 fwd=25483 rows=13046839 fwd_ms=766734.4 eval=0 prior=0
[inst] req=19595264 hits=6543203 fwd=25492 rows=13051447 fwd_ms=766991.7 eval=0 prior=0
[inst] req=19603456 hits=6546785 fwd=25501 rows=13056055 fwd_ms=767249.0 eval=0 prior=0
[inst] req=19611648 hits=6550562 fwd=25509 rows=13060151 fwd_ms=767477.9 eval=0 prior=0
[inst] req=19619840 hits=6554250 fwd=25518 rows=13064759 fwd_ms=767735.1 eval=0 prior=0
[inst] req=19628032 hits=6558209 fwd=25526 rows=13068855 fwd_ms=767963.8 eval=0 prior=0
[inst] req=19636224 hits=6562329 fwd=25534 rows=13072951 fwd_ms=768192.3 eval=0 prior=0
[inst] req=19644416 hits=6566437 fwd=25542 rows=13077047 fwd_ms=768421.0 eval=0 prior=0
[inst] req=19652608 hits=6570411 fwd=25551 rows=13081655 fwd_ms=768678.0 eval=0 prior=0
[inst] req=19660800 hits=6574172 fwd=25559 rows=13085751 fwd_ms=768906.6 eval=0 prior=0
[inst] req=19668992 hits=6578106 fwd=25568 rows=13090359 fwd_ms=769163.7 eval=0 prior=0
[inst] req=19677184 hits=6581979 fwd=25576 rows=13094455 fwd_ms=769392.2 eval=0 prior=0
[inst] req=19685376 hits=6585940 fwd=25584 rows=13098551 fwd_ms=769620.8 eval=0 prior=0
[inst] req=19693568 hits=6589793 fwd=25593 rows=13103159 fwd_ms=769878.0 eval=0 prior=0
[inst] req=19701760 hits=6593661 fwd=25601 rows=13107255 fwd_ms=770106.5 eval=0 prior=0
[inst] req=19709952 hits=6597378 fwd=25610 rows=13111863 fwd_ms=770363.5 eval=0 prior=0
[inst] req=19718144 hits=6601381 fwd=25618 rows=13115959 fwd_ms=770592.1 eval=0 prior=0
[inst] req=19726336 hits=6605564 fwd=25626 rows=13120055 fwd_ms=770820.6 eval=0 prior=0
[inst] req=19734528 hits=6609543 fwd=25634 rows=13124151 fwd_ms=771049.2 eval=0 prior=0
[inst] req=19742720 hits=6613449 fwd=25642 rows=13128247 fwd_ms=771277.8 eval=0 prior=0
[inst] req=19750912 hits=6617392 fwd=25651 rows=13132855 fwd_ms=771534.9 eval=0 prior=0
[inst] req=19759104 hits=6621261 fwd=25659 rows=13136951 fwd_ms=771763.3 eval=0 prior=0
[inst] req=19767296 hits=6625070 fwd=25668 rows=13141559 fwd_ms=772020.4 eval=0 prior=0
[inst] req=19775488 hits=6628945 fwd=25676 rows=13145655 fwd_ms=772249.1 eval=0 prior=0
[inst] req=19783680 hits=6632725 fwd=25685 rows=13150263 fwd_ms=772506.3 eval=0 prior=0
[inst] req=19791872 hits=6636497 fwd=25693 rows=13154359 fwd_ms=772734.9 eval=0 prior=0
[inst] req=19800064 hits=6640617 fwd=25701 rows=13158455 fwd_ms=772963.2 eval=0 prior=0
[inst] req=19808256 hits=6644535 fwd=25710 rows=13163063 fwd_ms=773220.2 eval=0 prior=0
[inst] req=19816448 hits=6648396 fwd=25718 rows=13167159 fwd_ms=773448.8 eval=0 prior=0
[inst] req=19824640 hits=6652584 fwd=25726 rows=13171255 fwd_ms=773677.2 eval=0 prior=0
[inst] req=19832832 hits=6656572 fwd=25734 rows=13175351 fwd_ms=773905.6 eval=0 prior=0
[inst] req=19841024 hits=6660383 fwd=25743 rows=13179959 fwd_ms=774162.9 eval=0 prior=0
[inst] req=19849216 hits=6664156 fwd=25751 rows=13184055 fwd_ms=774391.6 eval=0 prior=0
[inst] req=19857408 hits=6668092 fwd=25760 rows=13188663 fwd_ms=774648.8 eval=0 prior=0
[inst] req=19865600 hits=6671956 fwd=25768 rows=13192759 fwd_ms=774877.5 eval=0 prior=0
[inst] req=19873792 hits=6675931 fwd=25776 rows=13196855 fwd_ms=775106.3 eval=0 prior=0
[inst] req=19881984 hits=6679844 fwd=25785 rows=13201463 fwd_ms=775363.5 eval=0 prior=0
[inst] req=19890176 hits=6683897 fwd=25793 rows=13205559 fwd_ms=775592.0 eval=0 prior=0
[inst] req=19898368 hits=6687945 fwd=25801 rows=13209655 fwd_ms=775820.6 eval=0 prior=0
[inst] req=19906560 hits=6692046 fwd=25809 rows=13213751 fwd_ms=776049.2 eval=0 prior=0
[inst] req=19914752 hits=6696089 fwd=25817 rows=13217847 fwd_ms=776277.9 eval=0 prior=0
[inst] req=19922944 hits=6699820 fwd=25826 rows=13222455 fwd_ms=776534.9 eval=0 prior=0
[inst] req=19931136 hits=6703733 fwd=25834 rows=13226551 fwd_ms=776763.5 eval=0 prior=0
[inst] req=19939328 hits=6707649 fwd=25843 rows=13231159 fwd_ms=777020.6 eval=0 prior=0
[inst] req=19947520 hits=6711425 fwd=25851 rows=13235255 fwd_ms=777249.1 eval=0 prior=0
[inst] req=19955712 hits=6715482 fwd=25859 rows=13239351 fwd_ms=777477.7 eval=0 prior=0
[inst] req=19963904 hits=6719394 fwd=25868 rows=13243959 fwd_ms=777734.8 eval=0 prior=0
[inst] req=19972096 hits=6723378 fwd=25876 rows=13248055 fwd_ms=777963.2 eval=0 prior=0
[inst] req=19980288 hits=6727431 fwd=25884 rows=13252151 fwd_ms=778191.9 eval=0 prior=0
[inst] req=19988480 hits=6731658 fwd=25892 rows=13256247 fwd_ms=778420.3 eval=0 prior=0
[inst] req=19996672 hits=6735559 fwd=25900 rows=13260343 fwd_ms=778649.2 eval=0 prior=0
[inst] req=20004864 hits=6739248 fwd=25909 rows=13264951 fwd_ms=778906.4 eval=0 prior=0
[inst] req=20013056 hits=6743394 fwd=25917 rows=13269047 fwd_ms=779135.0 eval=0 prior=0
[inst] req=20021248 hits=6747371 fwd=25925 rows=13273143 fwd_ms=779363.4 eval=0 prior=0
[inst] req=20029440 hits=6751340 fwd=25933 rows=13277239 fwd_ms=779591.8 eval=0 prior=0
[inst] req=20037632 hits=6755303 fwd=25941 rows=13281335 fwd_ms=779820.4 eval=0 prior=0
[inst] req=20045824 hits=6759325 fwd=25950 rows=13285943 fwd_ms=780077.4 eval=0 prior=0
[inst] req=20054016 hits=6763099 fwd=25958 rows=13290039 fwd_ms=780305.7 eval=0 prior=0
[inst] req=20062208 hits=6767137 fwd=25966 rows=13294135 fwd_ms=780534.2 eval=0 prior=0
[inst] req=20070400 hits=6771007 fwd=25975 rows=13298743 fwd_ms=780791.3 eval=0 prior=0
[inst] req=20078592 hits=6774731 fwd=25983 rows=13302839 fwd_ms=781019.8 eval=0 prior=0
[inst] req=20086784 hits=6778654 fwd=25992 rows=13307447 fwd_ms=781276.8 eval=0 prior=0
[inst] req=20094976 hits=6782722 fwd=26000 rows=13311543 fwd_ms=781505.1 eval=0 prior=0
[inst] req=20103168 hits=6786673 fwd=26008 rows=13315639 fwd_ms=781733.8 eval=0 prior=0
[inst] req=20111360 hits=6790644 fwd=26016 rows=13319735 fwd_ms=781962.2 eval=0 prior=0
[inst] req=20119552 hits=6794561 fwd=26025 rows=13324343 fwd_ms=782218.9 eval=0 prior=0
[inst] req=20127744 hits=6798443 fwd=26033 rows=13328439 fwd_ms=782447.1 eval=0 prior=0
[inst] req=20135936 hits=6802571 fwd=26041 rows=13332535 fwd_ms=782675.6 eval=0 prior=0
[inst] req=20144128 hits=6806530 fwd=26049 rows=13336631 fwd_ms=782904.0 eval=0 prior=0
[inst] req=20152320 hits=6810643 fwd=26057 rows=13340727 fwd_ms=783132.4 eval=0 prior=0
[inst] req=20160512 hits=6814799 fwd=26065 rows=13344823 fwd_ms=783361.0 eval=0 prior=0
[inst] req=20168704 hits=6818774 fwd=26073 rows=13348919 fwd_ms=783589.5 eval=0 prior=0
[inst] req=20176896 hits=6822579 fwd=26082 rows=13353527 fwd_ms=783846.6 eval=0 prior=0
[inst] req=20185088 hits=6826377 fwd=26091 rows=13358135 fwd_ms=784103.6 eval=0 prior=0
[inst] req=20193280 hits=6830026 fwd=26099 rows=13362231 fwd_ms=784332.3 eval=0 prior=0
[inst] req=20201472 hits=6833880 fwd=26108 rows=13366839 fwd_ms=784589.3 eval=0 prior=0
[inst] req=20209664 hits=6837735 fwd=26116 rows=13370935 fwd_ms=784817.9 eval=0 prior=0
[inst] req=20217856 hits=6841798 fwd=26125 rows=13375543 fwd_ms=785075.3 eval=0 prior=0
[inst] req=20226048 hits=6845597 fwd=26133 rows=13379639 fwd_ms=785303.8 eval=0 prior=0
[inst] req=20234240 hits=6849335 fwd=26142 rows=13384247 fwd_ms=785560.7 eval=0 prior=0
[inst] req=20242432 hits=6853311 fwd=26150 rows=13388343 fwd_ms=785789.3 eval=0 prior=0
[inst] req=20250624 hits=6857301 fwd=26158 rows=13392439 fwd_ms=786017.8 eval=0 prior=0
[inst] req=20258816 hits=6861403 fwd=26166 rows=13396535 fwd_ms=786246.3 eval=0 prior=0
[inst] req=20267008 hits=6865403 fwd=26174 rows=13400631 fwd_ms=786474.9 eval=0 prior=0
[inst] req=20275200 hits=6869369 fwd=26183 rows=13405239 fwd_ms=786732.0 eval=0 prior=0
[inst] req=20283392 hits=6873394 fwd=26191 rows=13409335 fwd_ms=786960.3 eval=0 prior=0
[inst] req=20291584 hits=6877423 fwd=26199 rows=13413431 fwd_ms=787189.0 eval=0 prior=0
[inst] req=20299776 hits=6881494 fwd=26207 rows=13417527 fwd_ms=787417.6 eval=0 prior=0
[inst] req=20307968 hits=6885377 fwd=26215 rows=13421623 fwd_ms=787646.0 eval=0 prior=0
[inst] req=20316160 hits=6889256 fwd=26224 rows=13426231 fwd_ms=787902.9 eval=0 prior=0
[inst] req=20324352 hits=6893001 fwd=26232 rows=13430327 fwd_ms=788131.5 eval=0 prior=0
[inst] req=20332544 hits=6896886 fwd=26241 rows=13434935 fwd_ms=788388.4 eval=0 prior=0
[inst] req=20340736 hits=6900759 fwd=26249 rows=13439031 fwd_ms=788617.7 eval=0 prior=0
[inst] req=20348928 hits=6904548 fwd=26258 rows=13443639 fwd_ms=788875.0 eval=0 prior=0
[inst] req=20357120 hits=6908482 fwd=26266 rows=13447735 fwd_ms=789104.1 eval=0 prior=0
[inst] req=20365312 hits=6912398 fwd=26275 rows=13452343 fwd_ms=789361.8 eval=0 prior=0
[inst] req=20373504 hits=6916449 fwd=26283 rows=13456439 fwd_ms=789590.6 eval=0 prior=0
[inst] req=20381696 hits=6920300 fwd=26291 rows=13460535 fwd_ms=789819.6 eval=0 prior=0
[inst] req=20389888 hits=6924280 fwd=26299 rows=13464631 fwd_ms=790048.7 eval=0 prior=0
[inst] req=20398080 hits=6928363 fwd=26307 rows=13468727 fwd_ms=790277.8 eval=0 prior=0
[inst] req=20406272 hits=6932258 fwd=26316 rows=13473335 fwd_ms=790535.4 eval=0 prior=0
[inst] req=20414464 hits=6936179 fwd=26324 rows=13477431 fwd_ms=790764.6 eval=0 prior=0
[inst] req=20422656 hits=6940217 fwd=26332 rows=13481527 fwd_ms=790993.1 eval=0 prior=0
[inst] req=20430848 hits=6944293 fwd=26340 rows=13485623 fwd_ms=791221.7 eval=0 prior=0
[inst] req=20439040 hits=6948273 fwd=26349 rows=13490231 fwd_ms=791478.8 eval=0 prior=0
[inst] req=20447232 hits=6952192 fwd=26357 rows=13494327 fwd_ms=791707.5 eval=0 prior=0
[inst] req=20455424 hits=6956422 fwd=26365 rows=13498423 fwd_ms=791936.1 eval=0 prior=0
[inst] req=20463616 hits=6960290 fwd=26373 rows=13502519 fwd_ms=792164.7 eval=0 prior=0
[inst] req=20471808 hits=6964199 fwd=26381 rows=13506615 fwd_ms=792393.4 eval=0 prior=0
[inst] req=20480000 hits=6968170 fwd=26390 rows=13511223 fwd_ms=792874.1 eval=0 prior=0
[inst] req=20488192 hits=6972085 fwd=26398 rows=13515319 fwd_ms=793560.4 eval=0 prior=0
[inst] req=20496384 hits=6975851 fwd=26407 rows=13519927 fwd_ms=794250.3 eval=0 prior=0
[inst] req=20504576 hits=6979693 fwd=26415 rows=13524023 fwd_ms=794897.0 eval=0 prior=0
[inst] req=20512768 hits=6983931 fwd=26423 rows=13528119 fwd_ms=795519.5 eval=0 prior=0
[inst] req=20520960 hits=6988073 fwd=26431 rows=13532215 fwd_ms=796205.1 eval=0 prior=0
[inst] req=20529152 hits=6992162 fwd=26439 rows=13536311 fwd_ms=796813.2 eval=0 prior=0
[inst] req=20537344 hits=6996138 fwd=26447 rows=13540407 fwd_ms=797553.5 eval=0 prior=0
[inst] req=20545536 hits=6999891 fwd=26456 rows=13545015 fwd_ms=798309.3 eval=0 prior=0
[inst] req=20553728 hits=7003673 fwd=26464 rows=13549111 fwd_ms=799004.2 eval=0 prior=0
[inst] req=20561920 hits=7007699 fwd=26472 rows=13553207 fwd_ms=799618.0 eval=0 prior=0
[inst] req=20570112 hits=7011630 fwd=26481 rows=13557815 fwd_ms=800322.9 eval=0 prior=0
[inst] req=20578304 hits=7015522 fwd=26489 rows=13561911 fwd_ms=800885.7 eval=0 prior=0
[inst] req=20586496 hits=7019509 fwd=26497 rows=13566007 fwd_ms=801444.6 eval=0 prior=0
[inst] req=20594688 hits=7023748 fwd=26505 rows=13570103 fwd_ms=802062.6 eval=0 prior=0
[inst] req=20602880 hits=7028169 fwd=26512 rows=13573687 fwd_ms=802730.6 eval=0 prior=0
[inst] req=20611072 hits=7032093 fwd=26521 rows=13578295 fwd_ms=803372.3 eval=0 prior=0
[inst] req=20619264 hits=7036093 fwd=26529 rows=13582391 fwd_ms=803936.0 eval=0 prior=0
[inst] req=20627456 hits=7040428 fwd=26537 rows=13586487 fwd_ms=804499.4 eval=0 prior=0
[inst] req=20635648 hits=7044581 fwd=26544 rows=13590071 fwd_ms=805178.4 eval=0 prior=0
[inst] req=20643840 hits=7048707 fwd=26552 rows=13594167 fwd_ms=805745.2 eval=0 prior=0
[inst] req=20652032 hits=7052667 fwd=26561 rows=13598775 fwd_ms=806511.8 eval=0 prior=0
[inst] req=20660224 hits=7056719 fwd=26569 rows=13602871 fwd_ms=807104.3 eval=0 prior=0
[inst] req=20668416 hits=7060540 fwd=26577 rows=13606967 fwd_ms=807688.4 eval=0 prior=0
[inst] req=20676608 hits=7064412 fwd=26586 rows=13611575 fwd_ms=808400.6 eval=0 prior=0
[inst] req=20684800 hits=7068333 fwd=26594 rows=13615671 fwd_ms=808971.4 eval=0 prior=0
[inst] req=20692992 hits=7072023 fwd=26603 rows=13620279 fwd_ms=809562.0 eval=0 prior=0
[inst] req=20701184 hits=7075518 fwd=26612 rows=13624887 fwd_ms=809821.3 eval=0 prior=0
[inst] req=20709376 hits=7079557 fwd=26620 rows=13628983 fwd_ms=810053.7 eval=0 prior=0
[inst] req=20717568 hits=7083236 fwd=26629 rows=13633591 fwd_ms=810314.8 eval=0 prior=0
[inst] req=20725760 hits=7084862 fwd=26642 rows=13640247 fwd_ms=810699.5 eval=0 prior=0
[inst] req=20733952 hits=7085734 fwd=26656 rows=13647415 fwd_ms=811099.6 eval=0 prior=0
[inst] req=20742144 hits=7087051 fwd=26669 rows=13654071 fwd_ms=811470.8 eval=0 prior=0
[inst] req=20750336 hits=7088890 fwd=26682 rows=13660727 fwd_ms=811842.3 eval=0 prior=0
[inst] req=20758528 hits=7091398 fwd=26693 rows=13666359 fwd_ms=812156.8 eval=0 prior=0
[inst] req=20766720 hits=7094023 fwd=26704 rows=13671991 fwd_ms=812471.0 eval=0 prior=0
[inst] req=20774912 hits=7096906 fwd=26714 rows=13677111 fwd_ms=812756.7 eval=0 prior=0
[inst] req=20783104 hits=7100267 fwd=26724 rows=13682231 fwd_ms=813042.4 eval=0 prior=0
[inst] req=20791296 hits=7103514 fwd=26733 rows=13686839 fwd_ms=813299.4 eval=0 prior=0
[inst] req=20799488 hits=7107045 fwd=26742 rows=13691447 fwd_ms=813556.6 eval=0 prior=0
[inst] req=20807680 hits=7110639 fwd=26751 rows=13696055 fwd_ms=813813.8 eval=0 prior=0
[inst] req=20815872 hits=7114849 fwd=26759 rows=13700151 fwd_ms=814042.5 eval=0 prior=0
[inst] req=20824064 hits=7119420 fwd=26766 rows=13703735 fwd_ms=814242.4 eval=0 prior=0
[inst] req=20832256 hits=7123430 fwd=26774 rows=13707831 fwd_ms=814471.3 eval=0 prior=0
[inst] req=20840448 hits=7127558 fwd=26782 rows=13711927 fwd_ms=814699.9 eval=0 prior=0
[inst] req=20848640 hits=7131598 fwd=26790 rows=13716023 fwd_ms=814928.6 eval=0 prior=0
[inst] req=20856832 hits=7135790 fwd=26798 rows=13720119 fwd_ms=815157.4 eval=0 prior=0
[inst] req=20865024 hits=7139832 fwd=26806 rows=13724215 fwd_ms=815385.9 eval=0 prior=0
[inst] req=20873216 hits=7143892 fwd=26814 rows=13728311 fwd_ms=815614.8 eval=0 prior=0
[inst] req=20881408 hits=7147886 fwd=26823 rows=13732919 fwd_ms=815872.0 eval=0 prior=0
[inst] req=20889600 hits=7151859 fwd=26831 rows=13737015 fwd_ms=816100.7 eval=0 prior=0
[inst] req=20897792 hits=7155721 fwd=26839 rows=13741111 fwd_ms=816329.1 eval=0 prior=0
[inst] req=20905984 hits=7159374 fwd=26848 rows=13745719 fwd_ms=816586.4 eval=0 prior=0
[inst] req=20914176 hits=7162986 fwd=26857 rows=13750327 fwd_ms=816843.7 eval=0 prior=0
[inst] req=20922368 hits=7166725 fwd=26866 rows=13754935 fwd_ms=817100.7 eval=0 prior=0
[inst] req=20930560 hits=7170259 fwd=26875 rows=13759543 fwd_ms=817357.9 eval=0 prior=0
[inst] req=20938752 hits=7174207 fwd=26883 rows=13763639 fwd_ms=817586.3 eval=0 prior=0
[inst] req=20946944 hits=7178547 fwd=26891 rows=13767735 fwd_ms=817814.9 eval=0 prior=0
[inst] req=20955136 hits=7182399 fwd=26899 rows=13771831 fwd_ms=818043.3 eval=0 prior=0
[inst] req=20963328 hits=7186211 fwd=26908 rows=13776439 fwd_ms=818300.3 eval=0 prior=0
[inst] req=20971520 hits=7189966 fwd=26916 rows=13780535 fwd_ms=818528.7 eval=0 prior=0
[inst] req=20979712 hits=7193669 fwd=26925 rows=13785143 fwd_ms=818785.6 eval=0 prior=0
[inst] req=20987904 hits=7197677 fwd=26933 rows=13789239 fwd_ms=819014.1 eval=0 prior=0
[inst] req=20996096 hits=7201559 fwd=26942 rows=13793847 fwd_ms=819270.9 eval=0 prior=0
[inst] req=21004288 hits=7205775 fwd=26950 rows=13797943 fwd_ms=819499.2 eval=0 prior=0
[inst] req=21012480 hits=7209871 fwd=26958 rows=13802039 fwd_ms=819727.6 eval=0 prior=0
[inst] req=21020672 hits=7213842 fwd=26966 rows=13806135 fwd_ms=819958.6 eval=0 prior=0
[inst] req=21028864 hits=7217695 fwd=26974 rows=13810231 fwd_ms=820187.0 eval=0 prior=0
[inst] req=21037056 hits=7221592 fwd=26983 rows=13814839 fwd_ms=820443.8 eval=0 prior=0
[inst] req=21045248 hits=7225621 fwd=26991 rows=13818935 fwd_ms=820672.2 eval=0 prior=0
[inst] req=21053440 hits=7229685 fwd=26999 rows=13823031 fwd_ms=820900.7 eval=0 prior=0
[inst] req=21061632 hits=7233762 fwd=27007 rows=13827127 fwd_ms=821128.8 eval=0 prior=0
[inst] req=21069824 hits=7237617 fwd=27015 rows=13831223 fwd_ms=821357.0 eval=0 prior=0
[inst] req=21078016 hits=7241339 fwd=27024 rows=13835831 fwd_ms=821613.7 eval=0 prior=0
[inst] req=21086208 hits=7245276 fwd=27032 rows=13839927 fwd_ms=821842.0 eval=0 prior=0
[inst] req=21094400 hits=7249173 fwd=27041 rows=13844535 fwd_ms=822098.7 eval=0 prior=0
[inst] req=21102592 hits=7252938 fwd=27049 rows=13848631 fwd_ms=822326.9 eval=0 prior=0
[inst] req=21110784 hits=7256881 fwd=27058 rows=13853239 fwd_ms=822583.7 eval=0 prior=0
[inst] req=21118976 hits=7260694 fwd=27066 rows=13857335 fwd_ms=822811.6 eval=0 prior=0
[inst] req=21127168 hits=7264704 fwd=27075 rows=13861943 fwd_ms=823068.2 eval=0 prior=0
[inst] req=21135360 hits=7268502 fwd=27083 rows=13866039 fwd_ms=823296.5 eval=0 prior=0
[inst] req=21143552 hits=7272403 fwd=27091 rows=13870135 fwd_ms=823524.6 eval=0 prior=0
[inst] req=21151744 hits=7276234 fwd=27100 rows=13874743 fwd_ms=823781.4 eval=0 prior=0
[inst] req=21159936 hits=7280024 fwd=27109 rows=13879351 fwd_ms=824037.8 eval=0 prior=0
[inst] req=21168128 hits=7283871 fwd=27117 rows=13883447 fwd_ms=824265.8 eval=0 prior=0
[inst] req=21176320 hits=7287823 fwd=27125 rows=13887543 fwd_ms=824493.9 eval=0 prior=0
[inst] req=21184512 hits=7291727 fwd=27134 rows=13892151 fwd_ms=824750.6 eval=0 prior=0
[inst] req=21192704 hits=7295872 fwd=27142 rows=13896247 fwd_ms=824978.7 eval=0 prior=0
[inst] req=21200896 hits=7299804 fwd=27150 rows=13900343 fwd_ms=825206.8 eval=0 prior=0
[inst] req=21209088 hits=7303796 fwd=27158 rows=13904439 fwd_ms=825435.2 eval=0 prior=0
[inst] req=21217280 hits=7308001 fwd=27166 rows=13908535 fwd_ms=825663.4 eval=0 prior=0
[inst] req=21225472 hits=7312208 fwd=27174 rows=13912631 fwd_ms=825891.7 eval=0 prior=0
[inst] req=21233664 hits=7315982 fwd=27182 rows=13916727 fwd_ms=826120.1 eval=0 prior=0
[inst] req=21241856 hits=7319806 fwd=27191 rows=13921335 fwd_ms=826377.0 eval=0 prior=0
[inst] req=21250048 hits=7323671 fwd=27199 rows=13925431 fwd_ms=826605.2 eval=0 prior=0
[inst] req=21258240 hits=7327511 fwd=27208 rows=13930039 fwd_ms=826862.0 eval=0 prior=0
[inst] req=21266432 hits=7331408 fwd=27216 rows=13934135 fwd_ms=827090.4 eval=0 prior=0
[inst] req=21274624 hits=7335324 fwd=27225 rows=13938743 fwd_ms=827347.4 eval=0 prior=0
[inst] req=21282816 hits=7339349 fwd=27233 rows=13942839 fwd_ms=827575.7 eval=0 prior=0
[inst] req=21291008 hits=7343428 fwd=27241 rows=13946935 fwd_ms=827804.0 eval=0 prior=0
[inst] req=21299200 hits=7347401 fwd=27249 rows=13951031 fwd_ms=828032.4 eval=0 prior=0
[inst] req=21307392 hits=7351347 fwd=27257 rows=13955127 fwd_ms=828260.9 eval=0 prior=0
[inst] req=21315584 hits=7355305 fwd=27266 rows=13959735 fwd_ms=828518.0 eval=0 prior=0
[inst] req=21323776 hits=7359250 fwd=27274 rows=13963831 fwd_ms=828746.4 eval=0 prior=0
[inst] req=21331968 hits=7363101 fwd=27282 rows=13967927 fwd_ms=828974.8 eval=0 prior=0
[inst] req=21340160 hits=7367098 fwd=27291 rows=13972535 fwd_ms=829231.7 eval=0 prior=0
[inst] req=21348352 hits=7371176 fwd=27299 rows=13976631 fwd_ms=829460.1 eval=0 prior=0
[inst] req=21356544 hits=7375128 fwd=27307 rows=13980727 fwd_ms=829688.4 eval=0 prior=0
[inst] req=21364736 hits=7379276 fwd=27315 rows=13984823 fwd_ms=829916.8 eval=0 prior=0
[inst] req=21372928 hits=7383270 fwd=27323 rows=13988919 fwd_ms=830145.3 eval=0 prior=0
[inst] req=21381120 hits=7387226 fwd=27331 rows=13993015 fwd_ms=830373.8 eval=0 prior=0
[inst] req=21389312 hits=7391217 fwd=27339 rows=13997111 fwd_ms=830602.2 eval=0 prior=0
[inst] req=21397504 hits=7395339 fwd=27347 rows=14001207 fwd_ms=830830.7 eval=0 prior=0
[inst] req=21405696 hits=7399444 fwd=27355 rows=14005303 fwd_ms=831059.0 eval=0 prior=0
[inst] req=21413888 hits=7403610 fwd=27363 rows=14009399 fwd_ms=831287.3 eval=0 prior=0
[inst] req=21422080 hits=7407596 fwd=27371 rows=14013495 fwd_ms=831515.7 eval=0 prior=0
[inst] req=21430272 hits=7411623 fwd=27380 rows=14018103 fwd_ms=831772.8 eval=0 prior=0
[inst] req=21438464 hits=7415413 fwd=27388 rows=14022199 fwd_ms=832001.2 eval=0 prior=0
[inst] req=21446656 hits=7419317 fwd=27397 rows=14026807 fwd_ms=832258.2 eval=0 prior=0
[inst] req=21454848 hits=7423017 fwd=27405 rows=14030903 fwd_ms=832486.8 eval=0 prior=0
[inst] req=21463040 hits=7426944 fwd=27414 rows=14035511 fwd_ms=832743.6 eval=0 prior=0
[inst] req=21471232 hits=7431067 fwd=27422 rows=14039607 fwd_ms=832972.1 eval=0 prior=0
[inst] req=21479424 hits=7435083 fwd=27430 rows=14043703 fwd_ms=833200.7 eval=0 prior=0
[inst] req=21487616 hits=7438903 fwd=27438 rows=14047799 fwd_ms=833429.0 eval=0 prior=0
[inst] req=21495808 hits=7442741 fwd=27447 rows=14052407 fwd_ms=833686.1 eval=0 prior=0
[inst] req=21504000 hits=7446515 fwd=27455 rows=14056503 fwd_ms=833914.8 eval=0 prior=0
[inst] req=21512192 hits=7450273 fwd=27464 rows=14061111 fwd_ms=834172.3 eval=0 prior=0
[inst] req=21520384 hits=7454208 fwd=27472 rows=14065207 fwd_ms=834401.0 eval=0 prior=0
[inst] req=21528576 hits=7458335 fwd=27480 rows=14069303 fwd_ms=834629.5 eval=0 prior=0
[inst] req=21536768 hits=7462035 fwd=27489 rows=14073911 fwd_ms=834886.3 eval=0 prior=0
[inst] req=21544960 hits=7466117 fwd=27497 rows=14078007 fwd_ms=835114.7 eval=0 prior=0
[inst] req=21553152 hits=7470229 fwd=27505 rows=14082103 fwd_ms=835343.1 eval=0 prior=0
[inst] req=21561344 hits=7474076 fwd=27514 rows=14086711 fwd_ms=835600.1 eval=0 prior=0
[inst] req=21569536 hits=7477856 fwd=27522 rows=14090807 fwd_ms=835828.6 eval=0 prior=0
[inst] req=21577728 hits=7481801 fwd=27530 rows=14094903 fwd_ms=836057.0 eval=0 prior=0
[inst] req=21585920 hits=7485884 fwd=27539 rows=14099511 fwd_ms=836314.2 eval=0 prior=0
[inst] req=21594112 hits=7489812 fwd=27547 rows=14103607 fwd_ms=836542.6 eval=0 prior=0
[inst] req=21602304 hits=7493689 fwd=27555 rows=14107703 fwd_ms=836771.0 eval=0 prior=0
[inst] req=21610496 hits=7497784 fwd=27563 rows=14111799 fwd_ms=836999.6 eval=0 prior=0
[inst] req=21618688 hits=7501581 fwd=27572 rows=14116407 fwd_ms=837256.7 eval=0 prior=0
[inst] req=21626880 hits=7505632 fwd=27580 rows=14120503 fwd_ms=837485.1 eval=0 prior=0
[inst] req=21635072 hits=7509559 fwd=27588 rows=14124599 fwd_ms=837713.4 eval=0 prior=0
[inst] req=21643264 hits=7513552 fwd=27596 rows=14128695 fwd_ms=837942.0 eval=0 prior=0
[inst] req=21651456 hits=7517506 fwd=27605 rows=14133303 fwd_ms=838199.1 eval=0 prior=0
[inst] req=21659648 hits=7521503 fwd=27613 rows=14137399 fwd_ms=838427.8 eval=0 prior=0
[inst] req=21667840 hits=7525314 fwd=27622 rows=14142007 fwd_ms=838684.8 eval=0 prior=0
[inst] req=21676032 hits=7529519 fwd=27629 rows=14145591 fwd_ms=838884.6 eval=0 prior=0
[inst] req=21684224 hits=7533771 fwd=27637 rows=14149687 fwd_ms=839113.1 eval=0 prior=0
[inst] req=21692416 hits=7537546 fwd=27646 rows=14154295 fwd_ms=839370.1 eval=0 prior=0
[inst] req=21700608 hits=7541300 fwd=27654 rows=14158391 fwd_ms=839598.6 eval=0 prior=0
[inst] req=21708800 hits=7545399 fwd=27662 rows=14162487 fwd_ms=839827.0 eval=0 prior=0
[inst] req=21716992 hits=7549529 fwd=27670 rows=14166583 fwd_ms=840055.7 eval=0 prior=0
[inst] req=21725184 hits=7553226 fwd=27679 rows=14171191 fwd_ms=840312.5 eval=0 prior=0
[inst] req=21733376 hits=7557248 fwd=27687 rows=14175287 fwd_ms=840540.9 eval=0 prior=0
[inst] req=21741568 hits=7561222 fwd=27695 rows=14179383 fwd_ms=840769.2 eval=0 prior=0
[inst] req=21749760 hits=7565305 fwd=27703 rows=14183479 fwd_ms=840997.8 eval=0 prior=0
[inst] req=21757952 hits=7569091 fwd=27712 rows=14188087 fwd_ms=841254.6 eval=0 prior=0
[inst] req=21766144 hits=7573153 fwd=27720 rows=14192183 fwd_ms=841483.0 eval=0 prior=0
[inst] req=21774336 hits=7577112 fwd=27728 rows=14196279 fwd_ms=841711.4 eval=0 prior=0
[inst] req=21782528 hits=7581070 fwd=27737 rows=14200887 fwd_ms=841968.2 eval=0 prior=0
[inst] req=21790720 hits=7584993 fwd=27745 rows=14204983 fwd_ms=842196.9 eval=0 prior=0
[inst] req=21798912 hits=7589048 fwd=27753 rows=14209079 fwd_ms=842425.2 eval=0 prior=0
[inst] req=21807104 hits=7593050 fwd=27761 rows=14213175 fwd_ms=842655.2 eval=0 prior=0
[inst] req=21815296 hits=7597065 fwd=27769 rows=14217271 fwd_ms=842883.6 eval=0 prior=0
[inst] req=21823488 hits=7601065 fwd=27778 rows=14221879 fwd_ms=843140.9 eval=0 prior=0
[inst] req=21831680 hits=7605020 fwd=27786 rows=14225975 fwd_ms=843369.5 eval=0 prior=0
[inst] req=21839872 hits=7609041 fwd=27794 rows=14230071 fwd_ms=843597.8 eval=0 prior=0
[inst] req=21848064 hits=7613177 fwd=27802 rows=14234167 fwd_ms=843826.1 eval=0 prior=0
[inst] req=21856256 hits=7617325 fwd=27810 rows=14238263 fwd_ms=844055.0 eval=0 prior=0
[inst] req=21864448 hits=7621364 fwd=27818 rows=14242359 fwd_ms=844283.5 eval=0 prior=0
[inst] req=21872640 hits=7625302 fwd=27826 rows=14246455 fwd_ms=844511.9 eval=0 prior=0
[inst] req=21880832 hits=7629432 fwd=27834 rows=14250551 fwd_ms=844740.4 eval=0 prior=0
[inst] req=21889024 hits=7633202 fwd=27843 rows=14255159 fwd_ms=844997.4 eval=0 prior=0
[inst] req=21897216 hits=7637121 fwd=27851 rows=14259255 fwd_ms=845225.8 eval=0 prior=0
[inst] req=21905408 hits=7641066 fwd=27859 rows=14263351 fwd_ms=845454.3 eval=0 prior=0
[inst] req=21913600 hits=7645049 fwd=27868 rows=14267959 fwd_ms=845711.6 eval=0 prior=0
[inst] req=21921792 hits=7648865 fwd=27876 rows=14272055 fwd_ms=845940.0 eval=0 prior=0
[inst] req=21929984 hits=7652855 fwd=27884 rows=14276151 fwd_ms=846168.3 eval=0 prior=0
[inst] req=21938176 hits=7656977 fwd=27892 rows=14280247 fwd_ms=846396.9 eval=0 prior=0
[inst] req=21946368 hits=7661043 fwd=27900 rows=14284343 fwd_ms=846625.4 eval=0 prior=0
[inst] req=21954560 hits=7664831 fwd=27909 rows=14288951 fwd_ms=846882.4 eval=0 prior=0
[inst] req=21962752 hits=7668891 fwd=27917 rows=14293047 fwd_ms=847110.8 eval=0 prior=0
[inst] req=21970944 hits=7672715 fwd=27926 rows=14297655 fwd_ms=847367.9 eval=0 prior=0
[inst] req=21979136 hits=7676700 fwd=27934 rows=14301751 fwd_ms=847596.6 eval=0 prior=0
[inst] req=21987328 hits=7680932 fwd=27942 rows=14305847 fwd_ms=847825.1 eval=0 prior=0
[inst] req=21995520 hits=7684874 fwd=27950 rows=14309943 fwd_ms=848053.7 eval=0 prior=0
[inst] req=22003712 hits=7688744 fwd=27958 rows=14314039 fwd_ms=848282.3 eval=0 prior=0
[inst] req=22011904 hits=7692945 fwd=27966 rows=14318135 fwd_ms=848510.9 eval=0 prior=0
[inst] req=22020096 hits=7697062 fwd=27974 rows=14322231 fwd_ms=848739.6 eval=0 prior=0
[inst] req=22028288 hits=7701227 fwd=27982 rows=14326327 fwd_ms=848968.3 eval=0 prior=0
[inst] req=22036480 hits=7705239 fwd=27990 rows=14330423 fwd_ms=849196.8 eval=0 prior=0
[inst] req=22044672 hits=7709146 fwd=27998 rows=14334519 fwd_ms=849425.2 eval=0 prior=0
[inst] req=22052864 hits=7712872 fwd=28007 rows=14339127 fwd_ms=849682.3 eval=0 prior=0
[inst] req=22061056 hits=7716712 fwd=28016 rows=14343735 fwd_ms=849939.6 eval=0 prior=0
[inst] req=22069248 hits=7720829 fwd=28024 rows=14347831 fwd_ms=850168.1 eval=0 prior=0
[inst] req=22077440 hits=7725091 fwd=28031 rows=14351415 fwd_ms=850368.4 eval=0 prior=0
[inst] req=22085632 hits=7728974 fwd=28040 rows=14356023 fwd_ms=850625.7 eval=0 prior=0
[inst] req=22093824 hits=7733080 fwd=28048 rows=14360119 fwd_ms=850854.5 eval=0 prior=0
[inst] req=22102016 hits=7737085 fwd=28056 rows=14364215 fwd_ms=851083.0 eval=0 prior=0
[inst] req=22110208 hits=7740905 fwd=28064 rows=14368311 fwd_ms=851311.3 eval=0 prior=0
[inst] req=22118400 hits=7745057 fwd=28072 rows=14372407 fwd_ms=851539.8 eval=0 prior=0
[inst] req=22126592 hits=7749209 fwd=28080 rows=14376503 fwd_ms=851768.4 eval=0 prior=0
[inst] req=22134784 hits=7753240 fwd=28088 rows=14380599 fwd_ms=851996.9 eval=0 prior=0
[inst] req=22142976 hits=7757622 fwd=28096 rows=14384695 fwd_ms=852225.7 eval=0 prior=0
[inst] req=22151168 hits=7761673 fwd=28104 rows=14388791 fwd_ms=852454.2 eval=0 prior=0
[inst] req=22159360 hits=7765587 fwd=28112 rows=14392887 fwd_ms=852682.6 eval=0 prior=0
[inst] req=22167552 hits=7769581 fwd=28120 rows=14396983 fwd_ms=852910.9 eval=0 prior=0
[inst] req=22175744 hits=7773621 fwd=28129 rows=14401591 fwd_ms=853167.9 eval=0 prior=0
[inst] req=22183936 hits=7777511 fwd=28137 rows=14405687 fwd_ms=853396.4 eval=0 prior=0
[inst] req=22192128 hits=7781519 fwd=28145 rows=14409783 fwd_ms=853624.9 eval=0 prior=0
[inst] req=22200320 hits=7785296 fwd=28154 rows=14414391 fwd_ms=853881.8 eval=0 prior=0
[inst] req=22208512 hits=7789347 fwd=28162 rows=14418487 fwd_ms=854110.3 eval=0 prior=0
[inst] req=22216704 hits=7793450 fwd=28170 rows=14422583 fwd_ms=854338.8 eval=0 prior=0
[inst] req=22224896 hits=7797549 fwd=28178 rows=14426679 fwd_ms=854567.6 eval=0 prior=0
[inst] req=22233088 hits=7801515 fwd=28186 rows=14430775 fwd_ms=854796.3 eval=0 prior=0
[inst] req=22241280 hits=7805491 fwd=28194 rows=14434871 fwd_ms=855025.5 eval=0 prior=0
[inst] req=22249472 hits=7809477 fwd=28203 rows=14439479 fwd_ms=855283.1 eval=0 prior=0
[inst] req=22257664 hits=7813536 fwd=28211 rows=14443575 fwd_ms=855512.2 eval=0 prior=0
[inst] req=22265856 hits=7817552 fwd=28219 rows=14447671 fwd_ms=855741.1 eval=0 prior=0
[inst] req=22274048 hits=7821626 fwd=28227 rows=14451767 fwd_ms=855969.9 eval=0 prior=0
[inst] req=22282240 hits=7825881 fwd=28234 rows=14455351 fwd_ms=856170.4 eval=0 prior=0
[inst] req=22290432 hits=7829521 fwd=28243 rows=14459959 fwd_ms=856428.0 eval=0 prior=0
[inst] req=22298624 hits=7833562 fwd=28251 rows=14464055 fwd_ms=856656.7 eval=0 prior=0
[inst] req=22306816 hits=7837617 fwd=28260 rows=14468663 fwd_ms=856914.0 eval=0 prior=0
[inst] req=22315008 hits=7841737 fwd=28267 rows=14472247 fwd_ms=857114.2 eval=0 prior=0
[inst] req=22323200 hits=7845556 fwd=28276 rows=14476855 fwd_ms=857371.4 eval=0 prior=0
[inst] req=22331392 hits=7849496 fwd=28284 rows=14480951 fwd_ms=857599.9 eval=0 prior=0
[inst] req=22339584 hits=7853514 fwd=28292 rows=14485047 fwd_ms=857828.4 eval=0 prior=0
[inst] req=22347776 hits=7857361 fwd=28301 rows=14489655 fwd_ms=858085.5 eval=0 prior=0
[inst] req=22355968 hits=7861350 fwd=28309 rows=14493751 fwd_ms=858314.2 eval=0 prior=0
[inst] req=22364160 hits=7865149 fwd=28318 rows=14498359 fwd_ms=858742.0 eval=0 prior=0
[inst] req=22372352 hits=7869106 fwd=28326 rows=14502455 fwd_ms=859310.2 eval=0 prior=0
[inst] req=22380544 hits=7873046 fwd=28334 rows=14506551 fwd_ms=859871.2 eval=0 prior=0
[inst] req=22388736 hits=7876917 fwd=28343 rows=14511159 fwd_ms=860632.4 eval=0 prior=0
[inst] req=22396928 hits=7880897 fwd=28351 rows=14515255 fwd_ms=861204.5 eval=0 prior=0
[inst] req=22405120 hits=7884972 fwd=28359 rows=14519351 fwd_ms=861769.7 eval=0 prior=0
[inst] req=22413312 hits=7888768 fwd=28368 rows=14523959 fwd_ms=862405.4 eval=0 prior=0
[inst] req=22421504 hits=7892826 fwd=28376 rows=14528055 fwd_ms=863011.1 eval=0 prior=0
[inst] req=22429696 hits=7896974 fwd=28384 rows=14532151 fwd_ms=863657.4 eval=0 prior=0
[inst] req=22437888 hits=7901215 fwd=28391 rows=14535735 fwd_ms=864197.6 eval=0 prior=0
[inst] req=22446080 hits=7905488 fwd=28399 rows=14539831 fwd_ms=864766.3 eval=0 prior=0
[inst] req=22454272 hits=7909687 fwd=28407 rows=14543927 fwd_ms=865331.3 eval=0 prior=0
[inst] req=22462464 hits=7913592 fwd=28415 rows=14548023 fwd_ms=865900.4 eval=0 prior=0
[inst] req=22470656 hits=7917394 fwd=28424 rows=14552631 fwd_ms=866540.3 eval=0 prior=0
[inst] req=22478848 hits=7921197 fwd=28432 rows=14556727 fwd_ms=867223.1 eval=0 prior=0
[inst] req=22487040 hits=7925368 fwd=28440 rows=14560823 fwd_ms=867788.1 eval=0 prior=0
[inst] req=22495232 hits=7929594 fwd=28448 rows=14564919 fwd_ms=868356.4 eval=0 prior=0
[inst] req=22503424 hits=7933355 fwd=28457 rows=14569527 fwd_ms=868954.4 eval=0 prior=0
[inst] req=22511616 hits=7937171 fwd=28465 rows=14573623 fwd_ms=869563.2 eval=0 prior=0
[inst] req=22519808 hits=7941045 fwd=28474 rows=14578231 fwd_ms=870276.7 eval=0 prior=0
[inst] req=22528000 hits=7944752 fwd=28482 rows=14582327 fwd_ms=870888.6 eval=0 prior=0
[inst] req=22536192 hits=7948435 fwd=28491 rows=14586935 fwd_ms=871598.5 eval=0 prior=0
[inst] req=22544384 hits=7952181 fwd=28500 rows=14591543 fwd_ms=872325.6 eval=0 prior=0
[inst] req=22552576 hits=7955770 fwd=28509 rows=14596151 fwd_ms=872962.5 eval=0 prior=0
[inst] req=22560768 hits=7959808 fwd=28517 rows=14600247 fwd_ms=873540.4 eval=0 prior=0
[inst] req=22568960 hits=7963689 fwd=28525 rows=14604343 fwd_ms=874129.2 eval=0 prior=0
[inst] req=22577152 hits=7967355 fwd=28534 rows=14608951 fwd_ms=874750.7 eval=0 prior=0
[inst] req=22585344 hits=7971183 fwd=28543 rows=14613559 fwd_ms=875461.7 eval=0 prior=0
[inst] req=22593536 hits=7975048 fwd=28551 rows=14617655 fwd_ms=876023.0 eval=0 prior=0
[inst] req=22601728 hits=7978834 fwd=28560 rows=14622263 fwd_ms=876283.8 eval=0 prior=0
[inst] req=22609920 hits=7982450 fwd=28569 rows=14626871 fwd_ms=876544.5 eval=0 prior=0
[inst] req=22618112 hits=7986263 fwd=28577 rows=14630967 fwd_ms=876777.4 eval=0 prior=0
[inst] req=22626304 hits=7988743 fwd=28588 rows=14636599 fwd_ms=877105.1 eval=0 prior=0
[inst] req=22634496 hits=7989487 fwd=28603 rows=14644279 fwd_ms=877533.8 eval=0 prior=0
[inst] req=22642688 hits=7990658 fwd=28617 rows=14651447 fwd_ms=877934.3 eval=0 prior=0
[inst] req=22650880 hits=7992191 fwd=28630 rows=14658103 fwd_ms=878306.0 eval=0 prior=0
[inst] req=22659072 hits=7994237 fwd=28642 rows=14664247 fwd_ms=878649.0 eval=0 prior=0
[inst] req=22667264 hits=7996499 fwd=28653 rows=14669879 fwd_ms=878963.5 eval=0 prior=0
[inst] req=22675456 hits=7999106 fwd=28664 rows=14675511 fwd_ms=879277.8 eval=0 prior=0
[inst] req=22683648 hits=8001795 fwd=28675 rows=14681143 fwd_ms=879592.3 eval=0 prior=0
[inst] req=22691840 hits=8004745 fwd=28685 rows=14686263 fwd_ms=879878.2 eval=0 prior=0
[inst] req=22700032 hits=8007699 fwd=28695 rows=14691383 fwd_ms=880164.0 eval=0 prior=0
[inst] req=22708224 hits=8010722 fwd=28705 rows=14696503 fwd_ms=880449.7 eval=0 prior=0
[inst] req=22716416 hits=8014343 fwd=28714 rows=14701111 fwd_ms=880706.9 eval=0 prior=0
[inst] req=22724608 hits=8018061 fwd=28723 rows=14705719 fwd_ms=880964.3 eval=0 prior=0
[inst] req=22732800 hits=8021633 fwd=28732 rows=14710327 fwd_ms=881221.5 eval=0 prior=0
[inst] req=22740992 hits=8025110 fwd=28741 rows=14714935 fwd_ms=881478.8 eval=0 prior=0
[inst] req=22749184 hits=8028630 fwd=28750 rows=14719543 fwd_ms=881735.9 eval=0 prior=0
[inst] req=22757376 hits=8032096 fwd=28760 rows=14724663 fwd_ms=882021.8 eval=0 prior=0
[inst] req=22765568 hits=8035386 fwd=28769 rows=14729271 fwd_ms=882279.2 eval=0 prior=0
[inst] req=22773760 hits=8038672 fwd=28779 rows=14734391 fwd_ms=882564.9 eval=0 prior=0
[inst] req=22781952 hits=8041895 fwd=28789 rows=14739511 fwd_ms=882850.7 eval=0 prior=0
[inst] req=22790144 hits=8045122 fwd=28798 rows=14744119 fwd_ms=883108.0 eval=0 prior=0
[inst] req=22798336 hits=8048322 fwd=28808 rows=14749239 fwd_ms=883394.2 eval=0 prior=0
[inst] req=22806528 hits=8051566 fwd=28818 rows=14754359 fwd_ms=883680.1 eval=0 prior=0
[inst] req=22814720 hits=8055068 fwd=28827 rows=14758967 fwd_ms=883937.6 eval=0 prior=0
[inst] req=22822912 hits=8058706 fwd=28836 rows=14763575 fwd_ms=884194.8 eval=0 prior=0
[inst] req=22831104 hits=8062400 fwd=28845 rows=14768183 fwd_ms=884452.0 eval=0 prior=0
[inst] req=22839296 hits=8066059 fwd=28853 rows=14772279 fwd_ms=884680.5 eval=0 prior=0
[inst] req=22847488 hits=8069506 fwd=28863 rows=14777399 fwd_ms=884966.1 eval=0 prior=0
[inst] req=22855680 hits=8073163 fwd=28871 rows=14781495 fwd_ms=885194.9 eval=0 prior=0
[inst] req=22863872 hits=8076829 fwd=28880 rows=14786103 fwd_ms=885451.8 eval=0 prior=0
[inst] req=22872064 hits=8080436 fwd=28889 rows=14790711 fwd_ms=885708.8 eval=0 prior=0
[inst] req=22880256 hits=8083911 fwd=28899 rows=14795831 fwd_ms=885994.3 eval=0 prior=0
[inst] req=22888448 hits=8087368 fwd=28908 rows=14800439 fwd_ms=886251.2 eval=0 prior=0
[inst] req=22896640 hits=8090972 fwd=28917 rows=14805047 fwd_ms=886508.0 eval=0 prior=0
[inst] req=22904832 hits=8094514 fwd=28926 rows=14809655 fwd_ms=886764.9 eval=0 prior=0
[inst] req=22913024 hits=8098071 fwd=28935 rows=14814263 fwd_ms=887021.8 eval=0 prior=0
[inst] req=22921216 hits=8101622 fwd=28944 rows=14818871 fwd_ms=887278.6 eval=0 prior=0
[inst] req=22929408 hits=8105195 fwd=28953 rows=14823479 fwd_ms=887535.6 eval=0 prior=0
[inst] req=22937600 hits=8108631 fwd=28962 rows=14828087 fwd_ms=887792.6 eval=0 prior=0
[inst] req=22945792 hits=8111966 fwd=28972 rows=14833207 fwd_ms=888077.8 eval=0 prior=0
[inst] req=22953984 hits=8115451 fwd=28981 rows=14837815 fwd_ms=888334.8 eval=0 prior=0
[inst] req=22962176 hits=8118812 fwd=28990 rows=14842423 fwd_ms=888591.6 eval=0 prior=0
[inst] req=22970368 hits=8122312 fwd=29000 rows=14847543 fwd_ms=888877.1 eval=0 prior=0
[inst] req=22978560 hits=8125710 fwd=29009 rows=14852151 fwd_ms=889133.8 eval=0 prior=0
[inst] req=22986752 hits=8129271 fwd=29018 rows=14856759 fwd_ms=889390.5 eval=0 prior=0
[inst] req=22994944 hits=8132697 fwd=29027 rows=14861367 fwd_ms=889647.2 eval=0 prior=0
[inst] req=23003136 hits=8136105 fwd=29037 rows=14866487 fwd_ms=889932.3 eval=0 prior=0
[inst] req=23011328 hits=8139697 fwd=29046 rows=14871095 fwd_ms=890188.8 eval=0 prior=0
[inst] req=23019520 hits=8143328 fwd=29054 rows=14875191 fwd_ms=890417.0 eval=0 prior=0
[inst] req=23027712 hits=8147010 fwd=29063 rows=14879799 fwd_ms=890673.7 eval=0 prior=0
[inst] req=23035904 hits=8150605 fwd=29072 rows=14884407 fwd_ms=890930.4 eval=0 prior=0
[inst] req=23044096 hits=8154101 fwd=29081 rows=14889015 fwd_ms=891187.0 eval=0 prior=0
[inst] req=23052288 hits=8157693 fwd=29090 rows=14893623 fwd_ms=891443.7 eval=0 prior=0
[inst] req=23060480 hits=8161321 fwd=29099 rows=14898231 fwd_ms=891700.4 eval=0 prior=0
[inst] req=23068672 hits=8164768 fwd=29109 rows=14903351 fwd_ms=891985.7 eval=0 prior=0
[inst] req=23076864 hits=8168431 fwd=29117 rows=14907447 fwd_ms=892214.3 eval=0 prior=0
[inst] req=23085056 hits=8171867 fwd=29127 rows=14912567 fwd_ms=892499.9 eval=0 prior=0
[inst] req=23093248 hits=8175255 fwd=29136 rows=14917175 fwd_ms=892757.0 eval=0 prior=0
[inst] req=23101440 hits=8178731 fwd=29145 rows=14921783 fwd_ms=893014.1 eval=0 prior=0
[inst] req=23109632 hits=8182179 fwd=29155 rows=14926903 fwd_ms=893299.6 eval=0 prior=0
[inst] req=23117824 hits=8185603 fwd=29164 rows=14931511 fwd_ms=893556.7 eval=0 prior=0
[inst] req=23126016 hits=8189182 fwd=29173 rows=14936119 fwd_ms=893813.8 eval=0 prior=0
[inst] req=23134208 hits=8192667 fwd=29182 rows=14940727 fwd_ms=894071.0 eval=0 prior=0
[inst] req=23142400 hits=8196318 fwd=29191 rows=14945335 fwd_ms=894328.1 eval=0 prior=0
[inst] req=23150592 hits=8199761 fwd=29200 rows=14949943 fwd_ms=894585.1 eval=0 prior=0
[inst] req=23158784 hits=8203156 fwd=29210 rows=14955063 fwd_ms=894870.7 eval=0 prior=0
[inst] req=23166976 hits=8206610 fwd=29219 rows=14959671 fwd_ms=895127.9 eval=0 prior=0
[inst] req=23175168 hits=8210108 fwd=29228 rows=14964279 fwd_ms=895385.1 eval=0 prior=0
[inst] req=23183360 hits=8213812 fwd=29237 rows=14968887 fwd_ms=895642.2 eval=0 prior=0
[inst] req=23191552 hits=8217449 fwd=29246 rows=14973495 fwd_ms=895899.2 eval=0 prior=0
[inst] req=23199744 hits=8221054 fwd=29255 rows=14978103 fwd_ms=896156.5 eval=0 prior=0
[inst] req=23207936 hits=8224677 fwd=29264 rows=14982711 fwd_ms=896413.7 eval=0 prior=0
[inst] req=23216128 hits=8228244 fwd=29273 rows=14987319 fwd_ms=896670.9 eval=0 prior=0
[inst] req=23224320 hits=8231902 fwd=29281 rows=14991415 fwd_ms=896899.6 eval=0 prior=0
[inst] req=23232512 hits=8235435 fwd=29291 rows=14996535 fwd_ms=897185.4 eval=0 prior=0
[inst] req=23240704 hits=8238995 fwd=29300 rows=15001143 fwd_ms=897442.5 eval=0 prior=0
[inst] req=23248896 hits=8242492 fwd=29309 rows=15005751 fwd_ms=897699.8 eval=0 prior=0
[inst] req=23257088 hits=8246113 fwd=29318 rows=15010359 fwd_ms=897957.0 eval=0 prior=0
[inst] req=23265280 hits=8249757 fwd=29327 rows=15014967 fwd_ms=898214.3 eval=0 prior=0
[inst] req=23273472 hits=8253256 fwd=29336 rows=15019575 fwd_ms=898471.4 eval=0 prior=0
[inst] req=23281664 hits=8256724 fwd=29345 rows=15024183 fwd_ms=898728.5 eval=0 prior=0
[inst] req=23289856 hits=8260305 fwd=29354 rows=15028791 fwd_ms=898985.5 eval=0 prior=0
[inst] req=23298048 hits=8263961 fwd=29363 rows=15033399 fwd_ms=899242.6 eval=0 prior=0
[inst] req=23306240 hits=8267492 fwd=29372 rows=15038007 fwd_ms=899500.0 eval=0 prior=0
[inst] req=23314432 hits=8270795 fwd=29381 rows=15042615 fwd_ms=899757.1 eval=0 prior=0
[inst] req=23322624 hits=8274435 fwd=29390 rows=15047223 fwd_ms=900014.2 eval=0 prior=0
[inst] req=23330816 hits=8277995 fwd=29399 rows=15051831 fwd_ms=900271.3 eval=0 prior=0
[inst] req=23339008 hits=8281647 fwd=29408 rows=15056439 fwd_ms=900528.6 eval=0 prior=0
[inst] req=23347200 hits=8285115 fwd=29418 rows=15061559 fwd_ms=900814.3 eval=0 prior=0
[inst] req=23355392 hits=8288645 fwd=29427 rows=15066167 fwd_ms=901071.5 eval=0 prior=0
[inst] req=23363584 hits=8292070 fwd=29436 rows=15070775 fwd_ms=901328.6 eval=0 prior=0
[inst] req=23371776 hits=8295569 fwd=29445 rows=15075383 fwd_ms=901586.0 eval=0 prior=0
[inst] req=23379968 hits=8299168 fwd=29454 rows=15079991 fwd_ms=901843.3 eval=0 prior=0
[inst] req=23388160 hits=8302708 fwd=29463 rows=15084599 fwd_ms=902100.5 eval=0 prior=0
[inst] req=23396352 hits=8306086 fwd=29473 rows=15089719 fwd_ms=902386.2 eval=0 prior=0
[inst] req=23404544 hits=8309724 fwd=29481 rows=15093815 fwd_ms=902614.7 eval=0 prior=0
[inst] req=23412736 hits=8313490 fwd=29490 rows=15098423 fwd_ms=902871.7 eval=0 prior=0
[inst] req=23420928 hits=8317078 fwd=29499 rows=15103031 fwd_ms=903129.3 eval=0 prior=0
[inst] req=23429120 hits=8320692 fwd=29508 rows=15107639 fwd_ms=903386.4 eval=0 prior=0
[inst] req=23437312 hits=8324272 fwd=29517 rows=15112247 fwd_ms=903643.6 eval=0 prior=0
[inst] req=23445504 hits=8327857 fwd=29526 rows=15116855 fwd_ms=903900.7 eval=0 prior=0
[inst] req=23453696 hits=8331318 fwd=29535 rows=15121463 fwd_ms=904157.9 eval=0 prior=0
[inst] req=23461888 hits=8334717 fwd=29545 rows=15126583 fwd_ms=904443.6 eval=0 prior=0
[inst] req=23470080 hits=8338317 fwd=29554 rows=15131191 fwd_ms=904700.8 eval=0 prior=0
[inst] req=23478272 hits=8342104 fwd=29562 rows=15135287 fwd_ms=904929.5 eval=0 prior=0
[inst] req=23486464 hits=8345982 fwd=29571 rows=15139895 fwd_ms=905186.6 eval=0 prior=0
[inst] req=23494656 hits=8349585 fwd=29580 rows=15144503 fwd_ms=905444.0 eval=0 prior=0
[inst] req=23502848 hits=8353250 fwd=29588 rows=15148599 fwd_ms=905672.6 eval=0 prior=0
[inst] req=23511040 hits=8356602 fwd=29598 rows=15153719 fwd_ms=905958.1 eval=0 prior=0
[inst] req=23519232 hits=8360130 fwd=29607 rows=15158327 fwd_ms=906215.2 eval=0 prior=0
[inst] req=23527424 hits=8363667 fwd=29616 rows=15162935 fwd_ms=906472.1 eval=0 prior=0
[inst] req=23535616 hits=8367100 fwd=29625 rows=15167543 fwd_ms=906729.1 eval=0 prior=0
[inst] req=23543808 hits=8370630 fwd=29635 rows=15172663 fwd_ms=907014.8 eval=0 prior=0
[inst] req=23552000 hits=8374166 fwd=29644 rows=15177271 fwd_ms=907272.1 eval=0 prior=0
[inst] req=23560192 hits=8377803 fwd=29652 rows=15181367 fwd_ms=907500.7 eval=0 prior=0
[inst] req=23568384 hits=8381441 fwd=29661 rows=15185975 fwd_ms=907757.9 eval=0 prior=0
[inst] req=23576576 hits=8384902 fwd=29671 rows=15191095 fwd_ms=908044.0 eval=0 prior=0
[inst] req=23584768 hits=8388565 fwd=29679 rows=15195191 fwd_ms=908272.9 eval=0 prior=0
[inst] req=23592960 hits=8392439 fwd=29688 rows=15199799 fwd_ms=908530.3 eval=0 prior=0
[inst] req=23601152 hits=8396281 fwd=29696 rows=15203895 fwd_ms=908759.2 eval=0 prior=0
[inst] req=23609344 hits=8399866 fwd=29705 rows=15208503 fwd_ms=909016.6 eval=0 prior=0
[inst] req=23617536 hits=8403581 fwd=29714 rows=15213111 fwd_ms=909273.8 eval=0 prior=0
[inst] req=23625728 hits=8406991 fwd=29723 rows=15217719 fwd_ms=909531.0 eval=0 prior=0
[inst] req=23633920 hits=8410527 fwd=29733 rows=15222839 fwd_ms=909816.9 eval=0 prior=0
[inst] req=23642112 hits=8414183 fwd=29741 rows=15226935 fwd_ms=910045.7 eval=0 prior=0
[inst] req=23650304 hits=8417824 fwd=29750 rows=15231543 fwd_ms=910303.4 eval=0 prior=0
[inst] req=23658496 hits=8421341 fwd=29759 rows=15236151 fwd_ms=910560.6 eval=0 prior=0
[inst] req=23666688 hits=8424775 fwd=29769 rows=15241271 fwd_ms=910846.6 eval=0 prior=0
[inst] req=23674880 hits=8428378 fwd=29778 rows=15245879 fwd_ms=911103.9 eval=0 prior=0
[inst] req=23683072 hits=8431709 fwd=29787 rows=15250487 fwd_ms=911361.1 eval=0 prior=0
[inst] req=23691264 hits=8435196 fwd=29796 rows=15255095 fwd_ms=911618.4 eval=0 prior=0
[inst] req=23699456 hits=8438811 fwd=29805 rows=15259703 fwd_ms=911875.7 eval=0 prior=0
[inst] req=23707648 hits=8442591 fwd=29814 rows=15264311 fwd_ms=912133.0 eval=0 prior=0
[inst] req=23715840 hits=8446223 fwd=29823 rows=15268919 fwd_ms=912390.3 eval=0 prior=0
[inst] req=23724032 hits=8449686 fwd=29832 rows=15273527 fwd_ms=912647.6 eval=0 prior=0
[inst] req=23732224 hits=8453226 fwd=29841 rows=15278135 fwd_ms=912904.9 eval=0 prior=0
[inst] req=23740416 hits=8456568 fwd=29851 rows=15283255 fwd_ms=913190.6 eval=0 prior=0
[inst] req=23748608 hits=8460013 fwd=29860 rows=15287863 fwd_ms=913447.8 eval=0 prior=0
[inst] req=23756800 hits=8463436 fwd=29869 rows=15292471 fwd_ms=913705.2 eval=0 prior=0
[inst] req=23764992 hits=8466724 fwd=29879 rows=15297591 fwd_ms=913991.1 eval=0 prior=0
[inst] req=23773184 hits=8470386 fwd=29888 rows=15302199 fwd_ms=914248.2 eval=0 prior=0
[inst] req=23781376 hits=8473793 fwd=29897 rows=15306807 fwd_ms=914505.5 eval=0 prior=0
[inst] req=23789568 hits=8477515 fwd=29906 rows=15311415 fwd_ms=914762.5 eval=0 prior=0
[inst] req=23797760 hits=8481163 fwd=29915 rows=15316023 fwd_ms=915019.7 eval=0 prior=0
[inst] req=23805952 hits=8484809 fwd=29923 rows=15320119 fwd_ms=915248.4 eval=0 prior=0
[inst] req=23814144 hits=8488418 fwd=29932 rows=15324727 fwd_ms=915505.5 eval=0 prior=0
[inst] req=23822336 hits=8491830 fwd=29942 rows=15329847 fwd_ms=915791.1 eval=0 prior=0
[inst] req=23830528 hits=8495285 fwd=29951 rows=15334455 fwd_ms=916048.3 eval=0 prior=0
[inst] req=23838720 hits=8498713 fwd=29960 rows=15339063 fwd_ms=916305.3 eval=0 prior=0
[inst] req=23846912 hits=8502370 fwd=29969 rows=15343671 fwd_ms=916562.5 eval=0 prior=0
[inst] req=23855104 hits=8506128 fwd=29978 rows=15348279 fwd_ms=916819.8 eval=0 prior=0
[inst] req=23863296 hits=8509795 fwd=29987 rows=15352887 fwd_ms=917076.9 eval=0 prior=0
[inst] req=23871488 hits=8513444 fwd=29996 rows=15357495 fwd_ms=917334.1 eval=0 prior=0
[inst] req=23879680 hits=8517042 fwd=30005 rows=15362103 fwd_ms=917591.4 eval=0 prior=0
[inst] req=23887872 hits=8520639 fwd=30014 rows=15366711 fwd_ms=917848.7 eval=0 prior=0
[inst] req=23896064 hits=8524331 fwd=30022 rows=15370807 fwd_ms=918077.4 eval=0 prior=0
[inst] req=23904256 hits=8527868 fwd=30031 rows=15375415 fwd_ms=918334.7 eval=0 prior=0
[inst] req=23912448 hits=8531390 fwd=30041 rows=15380535 fwd_ms=918620.6 eval=0 prior=0
[inst] req=23920640 hits=8534871 fwd=30050 rows=15385143 fwd_ms=918877.6 eval=0 prior=0
[inst] req=23928832 hits=8538442 fwd=30059 rows=15389751 fwd_ms=919134.7 eval=0 prior=0
[inst] req=23937024 hits=8541867 fwd=30068 rows=15394359 fwd_ms=919391.9 eval=0 prior=0
[inst] req=23945216 hits=8545471 fwd=30077 rows=15398967 fwd_ms=919649.1 eval=0 prior=0
[inst] req=23953408 hits=8549041 fwd=30086 rows=15403575 fwd_ms=919906.2 eval=0 prior=0
[inst] req=23961600 hits=8552579 fwd=30095 rows=15408183 fwd_ms=920163.3 eval=0 prior=0
[inst] req=23969792 hits=8556417 fwd=30104 rows=15412791 fwd_ms=920420.6 eval=0 prior=0
[inst] req=23977984 hits=8560079 fwd=30112 rows=15416887 fwd_ms=920649.2 eval=0 prior=0
[inst] req=23986176 hits=8563654 fwd=30122 rows=15422007 fwd_ms=920934.8 eval=0 prior=0
[inst] req=23994368 hits=8567190 fwd=30131 rows=15426615 fwd_ms=921192.1 eval=0 prior=0
[inst] req=24002560 hits=8570861 fwd=30139 rows=15430711 fwd_ms=921420.8 eval=0 prior=0
[inst] req=24010752 hits=8574437 fwd=30148 rows=15435319 fwd_ms=921678.1 eval=0 prior=0
[inst] req=24018944 hits=8577993 fwd=30157 rows=15439927 fwd_ms=921935.5 eval=0 prior=0
[inst] req=24027136 hits=8581562 fwd=30167 rows=15445047 fwd_ms=922221.2 eval=0 prior=0
[inst] req=24035328 hits=8585054 fwd=30176 rows=15449655 fwd_ms=922478.4 eval=0 prior=0
[inst] req=24043520 hits=8588630 fwd=30185 rows=15454263 fwd_ms=922735.5 eval=0 prior=0
[inst] req=24051712 hits=8592257 fwd=30194 rows=15458871 fwd_ms=922992.7 eval=0 prior=0
[inst] req=24059904 hits=8595824 fwd=30203 rows=15463479 fwd_ms=923250.0 eval=0 prior=0
[inst] req=24068096 hits=8599341 fwd=30212 rows=15468087 fwd_ms=923507.0 eval=0 prior=0
[inst] req=24076288 hits=8603084 fwd=30220 rows=15472183 fwd_ms=923735.6 eval=0 prior=0
[inst] req=24084480 hits=8606703 fwd=30229 rows=15476791 fwd_ms=923992.9 eval=0 prior=0
[inst] req=24092672 hits=8610204 fwd=30239 rows=15481911 fwd_ms=924278.6 eval=0 prior=0
[inst] req=24100864 hits=8613798 fwd=30248 rows=15486519 fwd_ms=924535.9 eval=0 prior=0
[inst] req=24109056 hits=8617218 fwd=30257 rows=15491127 fwd_ms=924792.8 eval=0 prior=0
[inst] req=24117248 hits=8620605 fwd=30266 rows=15495735 fwd_ms=925050.1 eval=0 prior=0
[inst] req=24125440 hits=8624074 fwd=30275 rows=15500343 fwd_ms=925307.4 eval=0 prior=0
[inst] req=24133632 hits=8627712 fwd=30284 rows=15504951 fwd_ms=925564.5 eval=0 prior=0
[inst] req=24141824 hits=8631369 fwd=30293 rows=15509559 fwd_ms=925821.9 eval=0 prior=0
[inst] req=24150016 hits=8634981 fwd=30302 rows=15514167 fwd_ms=926079.0 eval=0 prior=0
[inst] req=24158208 hits=8638758 fwd=30311 rows=15518775 fwd_ms=926336.1 eval=0 prior=0
[inst] req=24166400 hits=8642389 fwd=30320 rows=15523383 fwd_ms=926593.4 eval=0 prior=0
[inst] req=24174592 hits=8645912 fwd=30329 rows=15527991 fwd_ms=926850.5 eval=0 prior=0
[inst] req=24182784 hits=8649429 fwd=30338 rows=15532599 fwd_ms=927107.8 eval=0 prior=0
[inst] req=24190976 hits=8653090 fwd=30347 rows=15537207 fwd_ms=927365.1 eval=0 prior=0
[inst] req=24199168 hits=8656649 fwd=30356 rows=15541815 fwd_ms=927622.2 eval=0 prior=0
[inst] req=24207360 hits=8660031 fwd=30365 rows=15546423 fwd_ms=927879.4 eval=0 prior=0
[inst] req=24215552 hits=8663638 fwd=30374 rows=15551031 fwd_ms=928136.6 eval=0 prior=0
[inst] req=24223744 hits=8667599 fwd=30382 rows=15555127 fwd_ms=928365.3 eval=0 prior=0
[inst] req=24231936 hits=8671234 fwd=30391 rows=15559735 fwd_ms=928622.4 eval=0 prior=0
[inst] req=24240128 hits=8674788 fwd=30400 rows=15564343 fwd_ms=928879.7 eval=0 prior=0
[inst] req=24248320 hits=8678345 fwd=30409 rows=15568951 fwd_ms=929136.8 eval=0 prior=0
[inst] req=24256512 hits=8681902 fwd=30419 rows=15574071 fwd_ms=929422.9 eval=0 prior=0
[inst] req=24264704 hits=8685334 fwd=30428 rows=15578679 fwd_ms=929680.2 eval=0 prior=0
[inst] req=24272896 hits=8688517 fwd=30438 rows=15583799 fwd_ms=929966.0 eval=0 prior=0
[inst] req=24281088 hits=8692025 fwd=30447 rows=15588407 fwd_ms=930223.1 eval=0 prior=0
[inst] req=24289280 hits=8695805 fwd=30455 rows=15592503 fwd_ms=930451.8 eval=0 prior=0
[inst] req=24297472 hits=8699429 fwd=30464 rows=15597111 fwd_ms=930708.9 eval=0 prior=0
[inst] req=24305664 hits=8703085 fwd=30473 rows=15601719 fwd_ms=930966.0 eval=0 prior=0
[inst] req=24313856 hits=8706516 fwd=30482 rows=15606327 fwd_ms=931223.2 eval=0 prior=0
[inst] req=24322048 hits=8710093 fwd=30491 rows=15610935 fwd_ms=931480.4 eval=0 prior=0
[inst] req=24330240 hits=8713655 fwd=30501 rows=15616055 fwd_ms=931766.1 eval=0 prior=0
[inst] req=24338432 hits=8717261 fwd=30509 rows=15620151 fwd_ms=931994.9 eval=0 prior=0
[inst] req=24346624 hits=8720891 fwd=30518 rows=15624759 fwd_ms=932252.0 eval=0 prior=0
[inst] req=24354816 hits=8724443 fwd=30527 rows=15629367 fwd_ms=932509.3 eval=0 prior=0
[inst] req=24363008 hits=8728190 fwd=30536 rows=15633975 fwd_ms=932766.5 eval=0 prior=0
[inst] req=24371200 hits=8731671 fwd=30545 rows=15638583 fwd_ms=933023.6 eval=0 prior=0
[inst] req=24379392 hits=8735280 fwd=30554 rows=15643191 fwd_ms=933280.7 eval=0 prior=0
[inst] req=24387584 hits=8738796 fwd=30563 rows=15647799 fwd_ms=933537.7 eval=0 prior=0
[inst] req=24395776 hits=8742386 fwd=30572 rows=15652407 fwd_ms=933794.7 eval=0 prior=0
[inst] req=24403968 hits=8745797 fwd=30582 rows=15657527 fwd_ms=934080.3 eval=0 prior=0
[inst] req=24412160 hits=8749263 fwd=30591 rows=15662135 fwd_ms=934337.3 eval=0 prior=0
[inst] req=24420352 hits=8752834 fwd=30600 rows=15666743 fwd_ms=934594.7 eval=0 prior=0
[inst] req=24428544 hits=8756578 fwd=30609 rows=15671351 fwd_ms=934851.9 eval=0 prior=0
[inst] req=24436736 hits=8760149 fwd=30618 rows=15675959 fwd_ms=935109.2 eval=0 prior=0
[inst] req=24444928 hits=8763600 fwd=30627 rows=15680567 fwd_ms=935366.1 eval=0 prior=0
[inst] req=24453120 hits=8767126 fwd=30636 rows=15685175 fwd_ms=935623.4 eval=0 prior=0
[inst] req=24461312 hits=8770735 fwd=30645 rows=15689783 fwd_ms=935880.5 eval=0 prior=0
[inst] req=24469504 hits=8774171 fwd=30654 rows=15694391 fwd_ms=936137.6 eval=0 prior=0
[inst] req=24477696 hits=8777714 fwd=30663 rows=15698999 fwd_ms=936394.8 eval=0 prior=0
[inst] req=24485888 hits=8781420 fwd=30672 rows=15703607 fwd_ms=936652.1 eval=0 prior=0
[inst] req=24494080 hits=8784902 fwd=30681 rows=15708215 fwd_ms=936909.4 eval=0 prior=0
[inst] req=24502272 hits=8788598 fwd=30690 rows=15712823 fwd_ms=937166.5 eval=0 prior=0
[inst] req=24510464 hits=8792319 fwd=30699 rows=15717431 fwd_ms=937423.5 eval=0 prior=0
[inst] req=24518656 hits=8795911 fwd=30708 rows=15722039 fwd_ms=937680.6 eval=0 prior=0
[inst] req=24526848 hits=8799429 fwd=30717 rows=15726647 fwd_ms=937937.7 eval=0 prior=0
[inst] req=24535040 hits=8803031 fwd=30726 rows=15731255 fwd_ms=938194.6 eval=0 prior=0
[inst] req=24543232 hits=8806449 fwd=30735 rows=15735863 fwd_ms=938451.9 eval=0 prior=0
[inst] req=24551424 hits=8810174 fwd=30744 rows=15740471 fwd_ms=938709.0 eval=0 prior=0
[inst] req=24559616 hits=8813615 fwd=30753 rows=15745079 fwd_ms=938966.0 eval=0 prior=0
[inst] req=24567808 hits=8817101 fwd=30762 rows=15749687 fwd_ms=939223.0 eval=0 prior=0
[inst] req=24576000 hits=8820567 fwd=30772 rows=15754807 fwd_ms=939508.6 eval=0 prior=0
[inst] req=24584192 hits=8824057 fwd=30781 rows=15759415 fwd_ms=939765.6 eval=0 prior=0
[inst] req=24592384 hits=8827619 fwd=30790 rows=15764023 fwd_ms=940022.7 eval=0 prior=0
[inst] req=24600576 hits=8831433 fwd=30798 rows=15768119 fwd_ms=940251.4 eval=0 prior=0
[inst] req=24608768 hits=8834872 fwd=30808 rows=15773239 fwd_ms=940536.9 eval=0 prior=0
[inst] req=24616960 hits=8838351 fwd=30817 rows=15777847 fwd_ms=940793.9 eval=0 prior=0
[inst] req=24625152 hits=8841877 fwd=30826 rows=15782455 fwd_ms=941051.0 eval=0 prior=0
[inst] req=24633344 hits=8845418 fwd=30835 rows=15787063 fwd_ms=941308.1 eval=0 prior=0
[inst] req=24641536 hits=8848849 fwd=30844 rows=15791671 fwd_ms=941564.9 eval=0 prior=0
[inst] req=24649728 hits=8852450 fwd=30853 rows=15796279 fwd_ms=941821.8 eval=0 prior=0
[inst] req=24657920 hits=8856031 fwd=30862 rows=15800887 fwd_ms=942078.9 eval=0 prior=0
[inst] req=24666112 hits=8859607 fwd=30871 rows=15805495 fwd_ms=942335.9 eval=0 prior=0
[inst] req=24674304 hits=8863061 fwd=30881 rows=15810615 fwd_ms=942621.5 eval=0 prior=0
[inst] req=24682496 hits=8866633 fwd=30890 rows=15815223 fwd_ms=942878.7 eval=0 prior=0
[inst] req=24690688 hits=8870247 fwd=30899 rows=15819831 fwd_ms=943135.8 eval=0 prior=0
[inst] req=24698880 hits=8873818 fwd=30908 rows=15824439 fwd_ms=943393.1 eval=0 prior=0
[inst] req=24707072 hits=8877329 fwd=30917 rows=15829047 fwd_ms=943650.0 eval=0 prior=0
[inst] req=24715264 hits=8880930 fwd=30926 rows=15833655 fwd_ms=943907.1 eval=0 prior=0
[inst] req=24723456 hits=8884398 fwd=30935 rows=15838263 fwd_ms=944164.4 eval=0 prior=0
[inst] req=24731648 hits=8888180 fwd=30944 rows=15842871 fwd_ms=944421.5 eval=0 prior=0
[inst] req=24739840 hits=8891691 fwd=30953 rows=15847479 fwd_ms=944678.5 eval=0 prior=0
[inst] req=24748032 hits=8895310 fwd=30962 rows=15852087 fwd_ms=944935.4 eval=0 prior=0
[inst] req=24756224 hits=8898986 fwd=30971 rows=15856695 fwd_ms=945192.6 eval=0 prior=0
[inst] req=24764416 hits=8902465 fwd=30980 rows=15861303 fwd_ms=945449.7 eval=0 prior=0
[inst] req=24772608 hits=8906081 fwd=30989 rows=15865911 fwd_ms=945706.5 eval=0 prior=0
[inst] req=24780800 hits=8909615 fwd=30998 rows=15870519 fwd_ms=945963.3 eval=0 prior=0
[inst] req=24788992 hits=8913038 fwd=31007 rows=15875127 fwd_ms=946220.4 eval=0 prior=0
[inst] req=24797184 hits=8916903 fwd=31016 rows=15879735 fwd_ms=946477.6 eval=0 prior=0
[inst] req=24805376 hits=8920597 fwd=31024 rows=15883831 fwd_ms=946706.1 eval=0 prior=0
[inst] req=24813568 hits=8924011 fwd=31034 rows=15888951 fwd_ms=946991.7 eval=0 prior=0
[inst] req=24821760 hits=8927467 fwd=31043 rows=15893559 fwd_ms=947248.7 eval=0 prior=0
[inst] req=24829952 hits=8931330 fwd=31051 rows=15897655 fwd_ms=947477.4 eval=0 prior=0
[inst] req=24838144 hits=8934982 fwd=31060 rows=15902263 fwd_ms=947734.5 eval=0 prior=0
[inst] req=24846336 hits=8938603 fwd=31069 rows=15906871 fwd_ms=947991.6 eval=0 prior=0
[inst] req=24854528 hits=8942009 fwd=31079 rows=15911991 fwd_ms=948277.2 eval=0 prior=0
[inst] req=24862720 hits=8945715 fwd=31087 rows=15916087 fwd_ms=948505.8 eval=0 prior=0
[inst] req=24870912 hits=8949426 fwd=31096 rows=15920695 fwd_ms=948762.8 eval=0 prior=0
[inst] req=24879104 hits=8953153 fwd=31105 rows=15925303 fwd_ms=949019.9 eval=0 prior=0
[inst] req=24887296 hits=8956860 fwd=31114 rows=15929911 fwd_ms=949276.9 eval=0 prior=0
[inst] req=24895488 hits=8960419 fwd=31123 rows=15934519 fwd_ms=949534.0 eval=0 prior=0
[inst] req=24903680 hits=8963821 fwd=31132 rows=15939127 fwd_ms=949791.0 eval=0 prior=0
[inst] req=24911872 hits=8967582 fwd=31141 rows=15943735 fwd_ms=950048.0 eval=0 prior=0
[inst] req=24920064 hits=8971038 fwd=31150 rows=15948343 fwd_ms=950305.1 eval=0 prior=0
[inst] req=24928256 hits=8974509 fwd=31159 rows=15952951 fwd_ms=950562.4 eval=0 prior=0
[inst] req=24936448 hits=8978138 fwd=31168 rows=15957559 fwd_ms=950820.0 eval=0 prior=0
[inst] req=24944640 hits=8981549 fwd=31177 rows=15962167 fwd_ms=951077.3 eval=0 prior=0
[inst] req=24952832 hits=8985165 fwd=31186 rows=15966775 fwd_ms=951334.4 eval=0 prior=0
[inst] req=24961024 hits=8988886 fwd=31195 rows=15971383 fwd_ms=951591.5 eval=0 prior=0
[inst] req=24969216 hits=8992499 fwd=31204 rows=15975991 fwd_ms=951849.1 eval=0 prior=0
[inst] req=24977408 hits=8996215 fwd=31213 rows=15980599 fwd_ms=952106.4 eval=0 prior=0
[inst] req=24985600 hits=8999839 fwd=31222 rows=15985207 fwd_ms=952363.4 eval=0 prior=0
[inst] req=24993792 hits=9003424 fwd=31231 rows=15989815 fwd_ms=952620.6 eval=0 prior=0
[inst] req=25001984 hits=9007109 fwd=31239 rows=15993911 fwd_ms=952849.1 eval=0 prior=0
[inst] req=25010176 hits=9010932 fwd=31248 rows=15998519 fwd_ms=953106.0 eval=0 prior=0
[inst] req=25018368 hits=9014733 fwd=31256 rows=16002615 fwd_ms=953334.9 eval=0 prior=0
[inst] req=25026560 hits=9018610 fwd=31265 rows=16007223 fwd_ms=953592.2 eval=0 prior=0
[inst] req=25034752 hits=9022053 fwd=31274 rows=16011831 fwd_ms=953849.6 eval=0 prior=0
[inst] req=25042944 hits=9025761 fwd=31283 rows=16016439 fwd_ms=954106.9 eval=0 prior=0
[inst] req=25051136 hits=9029251 fwd=31292 rows=16021047 fwd_ms=954364.3 eval=0 prior=0
[inst] req=25059328 hits=9032841 fwd=31301 rows=16025655 fwd_ms=954621.4 eval=0 prior=0
[inst] req=25067520 hits=9036260 fwd=31310 rows=16030263 fwd_ms=954878.5 eval=0 prior=0
[inst] req=25075712 hits=9039774 fwd=31320 rows=16035383 fwd_ms=955164.1 eval=0 prior=0
[inst] req=25083904 hits=9043223 fwd=31329 rows=16039991 fwd_ms=955421.0 eval=0 prior=0
[inst] req=25092096 hits=9046579 fwd=31338 rows=16044599 fwd_ms=955678.3 eval=0 prior=0
[inst] req=25100288 hits=9049982 fwd=31348 rows=16049719 fwd_ms=955963.8 eval=0 prior=0
[inst] req=25108480 hits=9053531 fwd=31357 rows=16054327 fwd_ms=956221.1 eval=0 prior=0
[inst] req=25116672 hits=9057306 fwd=31365 rows=16058423 fwd_ms=956449.8 eval=0 prior=0
[inst] req=25124864 hits=9060932 fwd=31374 rows=16063031 fwd_ms=956707.0 eval=0 prior=0
[inst] req=25133056 hits=9064441 fwd=31383 rows=16067639 fwd_ms=956964.2 eval=0 prior=0
[inst] req=25141248 hits=9068090 fwd=31392 rows=16072247 fwd_ms=957221.3 eval=0 prior=0
[inst] req=25149440 hits=9071728 fwd=31401 rows=16076855 fwd_ms=957478.4 eval=0 prior=0
[inst] req=25157632 hits=9075307 fwd=31410 rows=16081463 fwd_ms=957735.8 eval=0 prior=0
[inst] req=25165824 hits=9078879 fwd=31419 rows=16086071 fwd_ms=957993.7 eval=0 prior=0
[inst] req=25174016 hits=9082595 fwd=31428 rows=16090679 fwd_ms=958251.2 eval=0 prior=0
[inst] req=25182208 hits=9086099 fwd=31437 rows=16095287 fwd_ms=958508.7 eval=0 prior=0
[inst] req=25190400 hits=9089551 fwd=31446 rows=16099895 fwd_ms=958766.4 eval=0 prior=0
[inst] req=25198592 hits=9092973 fwd=31456 rows=16105015 fwd_ms=959052.7 eval=0 prior=0
[inst] req=25206784 hits=9096604 fwd=31465 rows=16109623 fwd_ms=959310.2 eval=0 prior=0
[inst] req=25214976 hits=9100078 fwd=31474 rows=16114231 fwd_ms=959567.9 eval=0 prior=0
[inst] req=25223168 hits=9103664 fwd=31483 rows=16118839 fwd_ms=959825.5 eval=0 prior=0
[inst] req=25231360 hits=9107252 fwd=31492 rows=16123447 fwd_ms=960083.3 eval=0 prior=0
[inst] req=25239552 hits=9110731 fwd=31501 rows=16128055 fwd_ms=960340.7 eval=0 prior=0
[inst] req=25247744 hits=9114090 fwd=31510 rows=16132663 fwd_ms=960597.9 eval=0 prior=0
[inst] req=25255936 hits=9117590 fwd=31520 rows=16137783 fwd_ms=960883.7 eval=0 prior=0
[inst] req=25264128 hits=9121205 fwd=31529 rows=16142391 fwd_ms=961141.1 eval=0 prior=0
[inst] req=25272320 hits=9124675 fwd=31538 rows=16146999 fwd_ms=961398.4 eval=0 prior=0
[inst] req=25280512 hits=9128244 fwd=31547 rows=16151607 fwd_ms=961655.6 eval=0 prior=0
[inst] req=25288704 hits=9131878 fwd=31556 rows=16156215 fwd_ms=961966.5 eval=0 prior=0
[inst] req=25296896 hits=9135286 fwd=31565 rows=16160823 fwd_ms=962687.2 eval=0 prior=0
[inst] req=25305088 hits=9138781 fwd=31574 rows=16165431 fwd_ms=963344.1 eval=0 prior=0
[inst] req=25313280 hits=9142373 fwd=31583 rows=16170039 fwd_ms=964056.9 eval=0 prior=0
[inst] req=25321472 hits=9145954 fwd=31592 rows=16174647 fwd_ms=964705.3 eval=0 prior=0
[inst] req=25329664 hits=9149624 fwd=31601 rows=16179255 fwd_ms=965419.0 eval=0 prior=0
[inst] req=25337856 hits=9153240 fwd=31610 rows=16183863 fwd_ms=966021.7 eval=0 prior=0
[inst] req=25346048 hits=9156778 fwd=31619 rows=16188471 fwd_ms=966670.9 eval=0 prior=0
[inst] req=25354240 hits=9160212 fwd=31628 rows=16193079 fwd_ms=967392.8 eval=0 prior=0
[inst] req=25362432 hits=9163526 fwd=31638 rows=16198199 fwd_ms=968202.4 eval=0 prior=0
[inst] req=25370624 hits=9166891 fwd=31647 rows=16202807 fwd_ms=968804.2 eval=0 prior=0
[inst] req=25378816 hits=9170309 fwd=31657 rows=16207927 fwd_ms=969595.2 eval=0 prior=0
[inst] req=25387008 hits=9173911 fwd=31666 rows=16212535 fwd_ms=970365.9 eval=0 prior=0
[inst] req=25395200 hits=9177365 fwd=31675 rows=16217143 fwd_ms=971014.3 eval=0 prior=0
[inst] req=25403392 hits=9180999 fwd=31684 rows=16221751 fwd_ms=971724.1 eval=0 prior=0
[inst] req=25411584 hits=9184760 fwd=31692 rows=16225847 fwd_ms=972297.2 eval=0 prior=0
[inst] req=25419776 hits=9188522 fwd=31701 rows=16230455 fwd_ms=973044.2 eval=0 prior=0
[inst] req=25427968 hits=9192478 fwd=31709 rows=16234551 fwd_ms=973623.2 eval=0 prior=0
[inst] req=25436160 hits=9196259 fwd=31718 rows=16239159 fwd_ms=974269.9 eval=0 prior=0
[inst] req=25444352 hits=9200140 fwd=31726 rows=16243255 fwd_ms=974947.6 eval=0 prior=0
[inst] req=25452544 hits=9204125 fwd=31735 rows=16247863 fwd_ms=975698.5 eval=0 prior=0
[inst] req=25460736 hits=9208023 fwd=31743 rows=16251959 fwd_ms=976278.6 eval=0 prior=0
[inst] req=25468928 hits=9211866 fwd=31751 rows=16256055 fwd_ms=976894.3 eval=0 prior=0
[inst] req=25477120 hits=9215895 fwd=31760 rows=16260663 fwd_ms=977614.2 eval=0 prior=0
[inst] req=25485312 hits=9219650 fwd=31768 rows=16264759 fwd_ms=978218.6 eval=0 prior=0
[inst] req=25493504 hits=9223656 fwd=31776 rows=16268855 fwd_ms=978776.1 eval=0 prior=0
[inst] req=25501696 hits=9227677 fwd=31785 rows=16273463 fwd_ms=979318.3 eval=0 prior=0
[inst] req=25509888 hits=9231672 fwd=31793 rows=16277559 fwd_ms=979549.7 eval=0 prior=0
[inst] req=25518080 hits=9235837 fwd=31801 rows=16281655 fwd_ms=979781.4 eval=0 prior=0
[inst] req=25526272 hits=9240028 fwd=31808 rows=16285239 fwd_ms=979984.9 eval=0 prior=0
[inst] req=25534464 hits=9243307 fwd=31818 rows=16290359 fwd_ms=980287.8 eval=0 prior=0
