Logging directory: /home/ubuntu/rl/reinfors-benchmarks/runs/v1_grid_ext/os_a2048b1024/cycle3/throughput
Creating model: /home/ubuntu/rl/reinfors-benchmarks/runs/v1_grid_ext/os_a2048b1024/cycle3/throughput/vpnet.pb
Playing game: chess
Loading model from step 0
[W TensorCompare.cpp:530] Warning: where received a uint8 condition tensor. This behavior is deprecated and will be removed in a future version of PyTorch. Use a boolean condition instead. (function operator())
[inst] req=8192 hits=2637 fwd=5 rows=4165 fwd_ms=550.5 eval=0 prior=0
[inst] req=16384 hits=2971 fwd=13 rows=12357 fwd_ms=988.5 eval=0 prior=0
[inst] req=24576 hits=2995 fwd=21 rows=20549 fwd_ms=1427.1 eval=0 prior=0
[inst] req=32768 hits=2999 fwd=29 rows=28741 fwd_ms=1866.2 eval=0 prior=0
[inst] req=40960 hits=5051 fwd=34 rows=33861 fwd_ms=2140.5 eval=0 prior=0
[inst] req=49152 hits=5051 fwd=42 rows=42053 fwd_ms=2579.7 eval=0 prior=0
[inst] req=57344 hits=9147 fwd=46 rows=46149 fwd_ms=2799.0 eval=0 prior=0
[inst] req=65536 hits=13243 fwd=50 rows=50245 fwd_ms=3018.7 eval=0 prior=0
[inst] req=73728 hits=16315 fwd=55 rows=55365 fwd_ms=3296.1 eval=0 prior=0
[inst] req=81920 hits=19387 fwd=60 rows=60485 fwd_ms=3570.9 eval=0 prior=0
[inst] req=90112 hits=23483 fwd=64 rows=64581 fwd_ms=3791.1 eval=0 prior=0
[inst] req=98304 hits=25531 fwd=70 rows=70725 fwd_ms=4120.9 eval=0 prior=0
[inst] req=106496 hits=28603 fwd=75 rows=75845 fwd_ms=4395.8 eval=0 prior=0
[inst] req=114688 hits=32699 fwd=79 rows=79941 fwd_ms=4616.0 eval=0 prior=0
[inst] req=122880 hits=35771 fwd=84 rows=85061 fwd_ms=4891.3 eval=0 prior=0
[inst] req=131072 hits=39867 fwd=88 rows=89157 fwd_ms=5111.5 eval=0 prior=0
[inst] req=139264 hits=39867 fwd=96 rows=97349 fwd_ms=5551.8 eval=0 prior=0
[inst] req=147456 hits=42939 fwd=101 rows=102469 fwd_ms=5827.6 eval=0 prior=0
[inst] req=155648 hits=43963 fwd=108 rows=109637 fwd_ms=6220.0 eval=0 prior=0
[inst] req=163840 hits=43963 fwd=116 rows=117829 fwd_ms=6660.2 eval=0 prior=0
[inst] req=172032 hits=43963 fwd=124 rows=126021 fwd_ms=7100.3 eval=0 prior=0
[inst] req=180224 hits=48059 fwd=128 rows=130117 fwd_ms=7320.5 eval=0 prior=0
[inst] req=188416 hits=49615 fwd=135 rows=137285 fwd_ms=7706.3 eval=0 prior=0
[inst] req=196608 hits=52537 fwd=140 rows=142405 fwd_ms=7981.8 eval=0 prior=0
[inst] req=204800 hits=53763 fwd=147 rows=149573 fwd_ms=8368.6 eval=0 prior=0
[inst] req=212992 hits=57262 fwd=152 rows=154693 fwd_ms=8644.5 eval=0 prior=0
[inst] req=221184 hits=58475 fwd=158 rows=160837 fwd_ms=8975.6 eval=0 prior=0
[inst] req=229376 hits=60801 fwd=164 rows=166981 fwd_ms=9306.7 eval=0 prior=0
[inst] req=237568 hits=63321 fwd=170 rows=173125 fwd_ms=9638.0 eval=0 prior=0
[inst] req=245760 hits=66033 fwd=175 rows=178245 fwd_ms=9914.0 eval=0 prior=0
[inst] req=253952 hits=69805 fwd=179 rows=182341 fwd_ms=10134.7 eval=0 prior=0
[inst] req=262144 hits=73025 fwd=184 rows=187461 fwd_ms=10410.9 eval=0 prior=0
[inst] req=270336 hits=75614 fwd=190 rows=193605 fwd_ms=10742.4 eval=0 prior=0
[inst] req=278528 hits=79219 fwd=194 rows=197701 fwd_ms=10963.4 eval=0 prior=0
[inst] req=286720 hits=82690 fwd=199 rows=202821 fwd_ms=11239.5 eval=0 prior=0
[inst] req=294912 hits=86521 fwd=203 rows=206917 fwd_ms=11462.9 eval=0 prior=0
[inst] req=303104 hits=89507 fwd=208 rows=212037 fwd_ms=11739.1 eval=0 prior=0
[inst] req=311296 hits=91582 fwd=214 rows=218181 fwd_ms=12070.6 eval=0 prior=0
[inst] req=319488 hits=93305 fwd=220 rows=224325 fwd_ms=12402.2 eval=0 prior=0
[inst] req=327680 hits=95857 fwd=226 rows=230469 fwd_ms=12734.2 eval=0 prior=0
[inst] req=335872 hits=96499 fwd=233 rows=237637 fwd_ms=13121.1 eval=0 prior=0
[inst] req=344064 hits=98125 fwd=240 rows=244805 fwd_ms=13507.8 eval=0 prior=0
[inst] req=352256 hits=100815 fwd=245 rows=249925 fwd_ms=13786.8 eval=0 prior=0
[inst] req=360448 hits=104768 fwd=249 rows=254021 fwd_ms=14011.1 eval=0 prior=0
[inst] req=368640 hits=107581 fwd=254 rows=259141 fwd_ms=14288.5 eval=0 prior=0
[inst] req=376832 hits=110321 fwd=260 rows=265285 fwd_ms=14621.3 eval=0 prior=0
[inst] req=385024 hits=113475 fwd=265 rows=270405 fwd_ms=14898.7 eval=0 prior=0
[inst] req=393216 hits=116804 fwd=269 rows=274501 fwd_ms=15120.7 eval=0 prior=0
[inst] req=401408 hits=120451 fwd=274 rows=279621 fwd_ms=15398.6 eval=0 prior=0
[inst] req=409600 hits=124156 fwd=278 rows=283717 fwd_ms=15619.5 eval=0 prior=0
[inst] req=417792 hits=127775 fwd=283 rows=288837 fwd_ms=15896.2 eval=0 prior=0
[inst] req=425984 hits=131606 fwd=287 rows=292933 fwd_ms=16117.2 eval=0 prior=0
[inst] req=434176 hits=135504 fwd=291 rows=297029 fwd_ms=16338.3 eval=0 prior=0
[inst] req=442368 hits=139617 fwd=295 rows=301125 fwd_ms=16570.0 eval=0 prior=0
[inst] req=450560 hits=143987 fwd=299 rows=305221 fwd_ms=16792.7 eval=0 prior=0
[inst] req=458752 hits=148587 fwd=302 rows=308293 fwd_ms=16959.8 eval=0 prior=0
[inst] req=466944 hits=153202 fwd=306 rows=312389 fwd_ms=17183.0 eval=0 prior=0
[inst] req=475136 hits=157977 fwd=309 rows=315461 fwd_ms=17350.1 eval=0 prior=0
[inst] req=483328 hits=162821 fwd=312 rows=318533 fwd_ms=17516.7 eval=0 prior=0
[inst] req=491520 hits=167611 fwd=316 rows=322629 fwd_ms=17739.8 eval=0 prior=0
[inst] req=499712 hits=172106 fwd=319 rows=325701 fwd_ms=17907.0 eval=0 prior=0
[inst] req=507904 hits=176500 fwd=323 rows=329797 fwd_ms=18130.1 eval=0 prior=0
[inst] req=516096 hits=180716 fwd=327 rows=333893 fwd_ms=18353.0 eval=0 prior=0
[inst] req=524288 hits=184081 fwd=332 rows=339013 fwd_ms=18654.5 eval=0 prior=0
[inst] req=532480 hits=187533 fwd=336 rows=343109 fwd_ms=18935.6 eval=0 prior=0
[inst] req=540672 hits=190855 fwd=341 rows=348229 fwd_ms=19284.6 eval=0 prior=0
[inst] req=548864 hits=194330 fwd=346 rows=353349 fwd_ms=19632.8 eval=0 prior=0
[inst] req=557056 hits=197662 fwd=350 rows=357445 fwd_ms=19911.1 eval=0 prior=0
[inst] req=565248 hits=200907 fwd=355 rows=362565 fwd_ms=20258.7 eval=0 prior=0
[inst] req=573440 hits=204277 fwd=360 rows=367685 fwd_ms=20606.6 eval=0 prior=0
[inst] req=581632 hits=207734 fwd=365 rows=372805 fwd_ms=20952.0 eval=0 prior=0
[inst] req=589824 hits=211207 fwd=369 rows=376901 fwd_ms=21173.4 eval=0 prior=0
[inst] req=598016 hits=214708 fwd=374 rows=382021 fwd_ms=21450.2 eval=0 prior=0
[inst] req=606208 hits=218349 fwd=378 rows=386117 fwd_ms=21674.1 eval=0 prior=0
[inst] req=614400 hits=222039 fwd=383 rows=391237 fwd_ms=21951.2 eval=0 prior=0
[inst] req=622592 hits=225837 fwd=387 rows=395333 fwd_ms=22172.9 eval=0 prior=0
[inst] req=630784 hits=229628 fwd=391 rows=399429 fwd_ms=22394.5 eval=0 prior=0
[inst] req=638976 hits=233350 fwd=396 rows=404549 fwd_ms=22672.5 eval=0 prior=0
[inst] req=647168 hits=237209 fwd=400 rows=408645 fwd_ms=22894.1 eval=0 prior=0
[inst] req=655360 hits=240949 fwd=404 rows=412741 fwd_ms=23115.6 eval=0 prior=0
[inst] req=663552 hits=244554 fwd=409 rows=417861 fwd_ms=23395.7 eval=0 prior=0
[inst] req=671744 hits=248124 fwd=413 rows=421957 fwd_ms=23620.8 eval=0 prior=0
[inst] req=679936 hits=251537 fwd=418 rows=427077 fwd_ms=23898.3 eval=0 prior=0
[inst] req=688128 hits=254853 fwd=423 rows=432197 fwd_ms=24176.4 eval=0 prior=0
[inst] req=696320 hits=258042 fwd=427 rows=436293 fwd_ms=24400.9 eval=0 prior=0
[inst] req=704512 hits=261003 fwd=433 rows=442437 fwd_ms=24736.0 eval=0 prior=0
[inst] req=712704 hits=263828 fwd=438 rows=447557 fwd_ms=25013.0 eval=0 prior=0
[inst] req=720896 hits=266534 fwd=443 rows=452677 fwd_ms=25290.0 eval=0 prior=0
[inst] req=729088 hits=269031 fwd=449 rows=458821 fwd_ms=25628.0 eval=0 prior=0
[inst] req=737280 hits=271583 fwd=454 rows=463941 fwd_ms=25964.2 eval=0 prior=0
[inst] req=745472 hits=274195 fwd=460 rows=470085 fwd_ms=26367.3 eval=0 prior=0
[inst] req=753664 hits=276751 fwd=465 rows=475205 fwd_ms=26712.7 eval=0 prior=0
[inst] req=761856 hits=279323 fwd=471 rows=481349 fwd_ms=27134.5 eval=0 prior=0
[inst] req=770048 hits=281836 fwd=476 rows=486469 fwd_ms=27433.3 eval=0 prior=0
[inst] req=778240 hits=284296 fwd=482 rows=492613 fwd_ms=27768.7 eval=0 prior=0
[inst] req=786432 hits=286782 fwd=487 rows=497733 fwd_ms=28050.9 eval=0 prior=0
[inst] req=794624 hits=289353 fwd=493 rows=503877 fwd_ms=28398.7 eval=0 prior=0
[inst] req=802816 hits=292103 fwd=498 rows=508997 fwd_ms=28687.9 eval=0 prior=0
[inst] req=811008 hits=294887 fwd=503 rows=514117 fwd_ms=28967.1 eval=0 prior=0
[inst] req=819200 hits=297763 fwd=509 rows=520261 fwd_ms=29312.1 eval=0 prior=0
[inst] req=827392 hits=300739 fwd=514 rows=525381 fwd_ms=29601.4 eval=0 prior=0
[inst] req=835584 hits=303838 fwd=519 rows=530501 fwd_ms=29880.7 eval=0 prior=0
[inst] req=843776 hits=306815 fwd=524 rows=535621 fwd_ms=30170.4 eval=0 prior=0
[inst] req=851968 hits=309785 fwd=529 rows=540741 fwd_ms=30450.2 eval=0 prior=0
[inst] req=860160 hits=312807 fwd=534 rows=545861 fwd_ms=30739.6 eval=0 prior=0
[inst] req=868352 hits=315729 fwd=539 rows=550981 fwd_ms=31028.6 eval=0 prior=0
[inst] req=876544 hits=318522 fwd=544 rows=556101 fwd_ms=31307.8 eval=0 prior=0
[inst] req=884736 hits=321207 fwd=550 rows=562245 fwd_ms=31643.9 eval=0 prior=0
[inst] req=892928 hits=323887 fwd=555 rows=567365 fwd_ms=31921.2 eval=0 prior=0
[inst] req=901120 hits=326611 fwd=560 rows=572485 fwd_ms=32202.1 eval=0 prior=0
[inst] req=909312 hits=329120 fwd=566 rows=578629 fwd_ms=32535.2 eval=0 prior=0
[inst] req=917504 hits=331548 fwd=572 rows=584773 fwd_ms=32873.4 eval=0 prior=0
[inst] req=925696 hits=333957 fwd=577 rows=589893 fwd_ms=33150.9 eval=0 prior=0
[inst] req=933888 hits=336331 fwd=583 rows=596037 fwd_ms=33483.6 eval=0 prior=0
[inst] req=942080 hits=338649 fwd=589 rows=602181 fwd_ms=33819.7 eval=0 prior=0
[inst] req=950272 hits=340959 fwd=594 rows=607301 fwd_ms=34122.9 eval=0 prior=0
[inst] req=958464 hits=343286 fwd=600 rows=613445 fwd_ms=34526.4 eval=0 prior=0
[inst] req=966656 hits=345623 fwd=606 rows=619589 fwd_ms=34930.1 eval=0 prior=0
[inst] req=974848 hits=347963 fwd=612 rows=625733 fwd_ms=35333.7 eval=0 prior=0
[inst] req=983040 hits=350405 fwd=617 rows=630853 fwd_ms=35670.3 eval=0 prior=0
[inst] req=991232 hits=352944 fwd=623 rows=636997 fwd_ms=36073.9 eval=0 prior=0
[inst] req=999424 hits=355516 fwd=628 rows=642117 fwd_ms=36410.4 eval=0 prior=0
[inst] req=1007616 hits=358133 fwd=634 rows=648261 fwd_ms=36814.5 eval=0 prior=0
[inst] req=1015808 hits=360739 fwd=639 rows=653381 fwd_ms=37151.1 eval=0 prior=0
[inst] req=1024000 hits=363475 fwd=644 rows=658501 fwd_ms=37487.7 eval=0 prior=0
[inst] req=1032192 hits=366107 fwd=650 rows=664645 fwd_ms=37891.6 eval=0 prior=0
[inst] req=1040384 hits=368745 fwd=655 rows=669765 fwd_ms=38228.3 eval=0 prior=0
[inst] req=1048576 hits=371275 fwd=661 rows=675909 fwd_ms=38623.1 eval=0 prior=0
[inst] req=1056768 hits=373712 fwd=666 rows=681029 fwd_ms=38902.3 eval=0 prior=0
[inst] req=1064960 hits=376096 fwd=672 rows=687173 fwd_ms=39257.2 eval=0 prior=0
[inst] req=1073152 hits=378444 fwd=678 rows=693317 fwd_ms=39602.3 eval=0 prior=0
[inst] req=1081344 hits=380727 fwd=684 rows=699461 fwd_ms=39947.1 eval=0 prior=0
[inst] req=1089536 hits=382940 fwd=689 rows=704581 fwd_ms=40226.3 eval=0 prior=0
[inst] req=1097728 hits=385090 fwd=695 rows=710725 fwd_ms=40561.5 eval=0 prior=0
[inst] req=1105920 hits=387380 fwd=701 rows=716869 fwd_ms=40896.3 eval=0 prior=0
[inst] req=1114112 hits=389592 fwd=707 rows=723013 fwd_ms=41241.4 eval=0 prior=0
[inst] req=1122304 hits=391749 fwd=713 rows=729157 fwd_ms=41586.6 eval=0 prior=0
[inst] req=1130496 hits=393924 fwd=719 rows=735301 fwd_ms=41933.1 eval=0 prior=0
[inst] req=1138688 hits=396145 fwd=725 rows=741445 fwd_ms=42293.5 eval=0 prior=0
[inst] req=1146880 hits=398484 fwd=730 rows=746565 fwd_ms=42630.9 eval=0 prior=0
[inst] req=1155072 hits=400908 fwd=736 rows=752709 fwd_ms=43034.9 eval=0 prior=0
[inst] req=1163264 hits=403446 fwd=741 rows=757829 fwd_ms=43371.7 eval=0 prior=0
[inst] req=1171456 hits=406162 fwd=747 rows=763973 fwd_ms=43775.9 eval=0 prior=0
[inst] req=1179648 hits=408900 fwd=752 rows=769093 fwd_ms=44125.8 eval=0 prior=0
[inst] req=1187840 hits=411771 fwd=757 rows=774213 fwd_ms=44474.8 eval=0 prior=0
[inst] req=1196032 hits=414606 fwd=763 rows=780357 fwd_ms=44893.0 eval=0 prior=0
[inst] req=1204224 hits=417489 fwd=768 rows=785477 fwd_ms=45241.8 eval=0 prior=0
[inst] req=1212416 hits=420350 fwd=773 rows=790597 fwd_ms=45590.5 eval=0 prior=0
[inst] req=1220608 hits=423187 fwd=778 rows=795717 fwd_ms=45939.3 eval=0 prior=0
[inst] req=1228800 hits=425978 fwd=783 rows=800837 fwd_ms=46288.1 eval=0 prior=0
[inst] req=1236992 hits=428679 fwd=789 rows=806981 fwd_ms=46706.6 eval=0 prior=0
[inst] req=1245184 hits=431328 fwd=794 rows=812101 fwd_ms=47055.4 eval=0 prior=0
[inst] req=1253376 hits=433894 fwd=800 rows=818245 fwd_ms=47474.2 eval=0 prior=0
[inst] req=1261568 hits=436414 fwd=805 rows=823365 fwd_ms=47822.9 eval=0 prior=0
[inst] req=1269760 hits=438858 fwd=811 rows=829509 fwd_ms=48238.7 eval=0 prior=0
[inst] req=1277952 hits=441282 fwd=816 rows=834629 fwd_ms=48516.4 eval=0 prior=0
[inst] req=1286144 hits=443661 fwd=822 rows=840773 fwd_ms=48849.8 eval=0 prior=0
[inst] req=1294336 hits=445846 fwd=828 rows=846917 fwd_ms=49185.5 eval=0 prior=0
[inst] req=1302528 hits=448039 fwd=834 rows=853061 fwd_ms=49520.8 eval=0 prior=0
[inst] req=1310720 hits=450181 fwd=840 rows=859205 fwd_ms=49853.6 eval=0 prior=0
[inst] req=1318912 hits=452305 fwd=846 rows=865349 fwd_ms=50196.1 eval=0 prior=0
[inst] req=1327104 hits=454459 fwd=852 rows=871493 fwd_ms=50529.1 eval=0 prior=0
[inst] req=1335296 hits=456769 fwd=857 rows=876613 fwd_ms=50806.7 eval=0 prior=0
[inst] req=1343488 hits=459130 fwd=863 rows=882757 fwd_ms=51139.7 eval=0 prior=0
[inst] req=1351680 hits=461561 fwd=869 rows=888901 fwd_ms=51472.9 eval=0 prior=0
[inst] req=1359872 hits=464062 fwd=874 rows=894021 fwd_ms=51750.5 eval=0 prior=0
[inst] req=1368064 hits=466609 fwd=880 rows=900165 fwd_ms=52142.8 eval=0 prior=0
[inst] req=1376256 hits=469273 fwd=885 rows=905285 fwd_ms=52478.9 eval=0 prior=0
[inst] req=1384448 hits=471939 fwd=891 rows=911429 fwd_ms=52882.3 eval=0 prior=0
[inst] req=1392640 hits=474581 fwd=896 rows=916549 fwd_ms=53218.8 eval=0 prior=0
[inst] req=1400832 hits=477191 fwd=901 rows=921669 fwd_ms=53555.2 eval=0 prior=0
[inst] req=1409024 hits=479741 fwd=907 rows=927813 fwd_ms=53959.0 eval=0 prior=0
[inst] req=1417216 hits=482180 fwd=913 rows=933957 fwd_ms=54363.1 eval=0 prior=0
[inst] req=1425408 hits=484642 fwd=918 rows=939077 fwd_ms=54699.6 eval=0 prior=0
[inst] req=1433600 hits=487042 fwd=924 rows=945221 fwd_ms=55103.6 eval=0 prior=0
[inst] req=1441792 hits=489380 fwd=930 rows=951365 fwd_ms=55507.6 eval=0 prior=0
[inst] req=1449984 hits=491713 fwd=935 rows=956485 fwd_ms=55844.3 eval=0 prior=0
[inst] req=1458176 hits=494010 fwd=941 rows=962629 fwd_ms=56248.8 eval=0 prior=0
[inst] req=1466368 hits=496174 fwd=947 rows=968773 fwd_ms=56653.5 eval=0 prior=0
[inst] req=1474560 hits=498343 fwd=953 rows=974917 fwd_ms=57057.5 eval=0 prior=0
[inst] req=1482752 hits=500557 fwd=959 rows=981061 fwd_ms=57460.9 eval=0 prior=0
[inst] req=1490944 hits=502768 fwd=964 rows=986181 fwd_ms=57797.2 eval=0 prior=0
[inst] req=1499136 hits=505153 fwd=970 rows=992325 fwd_ms=58200.9 eval=0 prior=0
[inst] req=1507328 hits=507605 fwd=976 rows=998469 fwd_ms=58604.4 eval=0 prior=0
[inst] req=1515520 hits=510152 fwd=981 rows=1003589 fwd_ms=58941.1 eval=0 prior=0
[inst] req=1523712 hits=512763 fwd=987 rows=1009733 fwd_ms=59344.4 eval=0 prior=0
[inst] req=1531904 hits=515420 fwd=992 rows=1014853 fwd_ms=59680.6 eval=0 prior=0
[inst] req=1540096 hits=518185 fwd=997 rows=1019973 fwd_ms=60016.7 eval=0 prior=0
[inst] req=1548288 hits=520925 fwd=1003 rows=1026117 fwd_ms=60420.6 eval=0 prior=0
[inst] req=1556480 hits=523825 fwd=1008 rows=1031237 fwd_ms=60757.1 eval=0 prior=0
[inst] req=1564672 hits=526699 fwd=1013 rows=1036357 fwd_ms=61093.5 eval=0 prior=0
[inst] req=1572864 hits=529518 fwd=1018 rows=1041477 fwd_ms=61429.6 eval=0 prior=0
[inst] req=1581056 hits=532374 fwd=1024 rows=1047621 fwd_ms=61833.2 eval=0 prior=0
[inst] req=1589248 hits=535109 fwd=1029 rows=1052741 fwd_ms=62170.0 eval=0 prior=0
[inst] req=1597440 hits=537824 fwd=1034 rows=1057861 fwd_ms=62506.3 eval=0 prior=0
[inst] req=1605632 hits=540565 fwd=1040 rows=1064005 fwd_ms=62910.0 eval=0 prior=0
[inst] req=1613824 hits=543111 fwd=1045 rows=1069125 fwd_ms=63246.2 eval=0 prior=0
[inst] req=1622016 hits=545690 fwd=1051 rows=1075269 fwd_ms=63649.9 eval=0 prior=0
[inst] req=1630208 hits=548189 fwd=1056 rows=1080389 fwd_ms=63986.2 eval=0 prior=0
[inst] req=1638400 hits=550709 fwd=1062 rows=1086533 fwd_ms=64389.8 eval=0 prior=0
[inst] req=1646592 hits=553099 fwd=1067 rows=1091653 fwd_ms=64725.9 eval=0 prior=0
[inst] req=1654784 hits=555343 fwd=1073 rows=1097797 fwd_ms=65129.4 eval=0 prior=0
[inst] req=1662976 hits=557454 fwd=1079 rows=1103941 fwd_ms=65533.3 eval=0 prior=0
[inst] req=1671168 hits=559590 fwd=1085 rows=1110085 fwd_ms=65937.2 eval=0 prior=0
[inst] req=1679360 hits=561743 fwd=1091 rows=1116229 fwd_ms=66340.8 eval=0 prior=0
[inst] req=1687552 hits=563958 fwd=1097 rows=1122373 fwd_ms=66744.7 eval=0 prior=0
[inst] req=1695744 hits=566206 fwd=1102 rows=1127493 fwd_ms=67081.0 eval=0 prior=0
[inst] req=1703936 hits=568503 fwd=1108 rows=1133637 fwd_ms=67484.6 eval=0 prior=0
[inst] req=1712128 hits=570875 fwd=1114 rows=1139781 fwd_ms=67887.9 eval=0 prior=0
[inst] req=1720320 hits=573289 fwd=1120 rows=1145925 fwd_ms=68291.8 eval=0 prior=0
[inst] req=1728512 hits=575797 fwd=1125 rows=1151045 fwd_ms=68628.1 eval=0 prior=0
[inst] req=1736704 hits=578413 fwd=1131 rows=1157189 fwd_ms=69031.9 eval=0 prior=0
[inst] req=1744896 hits=580973 fwd=1136 rows=1162309 fwd_ms=69368.1 eval=0 prior=0
[inst] req=1753088 hits=583603 fwd=1142 rows=1168453 fwd_ms=69771.9 eval=0 prior=0
[inst] req=1761280 hits=586266 fwd=1147 rows=1173573 fwd_ms=70108.4 eval=0 prior=0
[inst] req=1769472 hits=588850 fwd=1152 rows=1178693 fwd_ms=70444.9 eval=0 prior=0
[inst] req=1777664 hits=591270 fwd=1158 rows=1184837 fwd_ms=70848.9 eval=0 prior=0
[inst] req=1785856 hits=593802 fwd=1164 rows=1190981 fwd_ms=71252.8 eval=0 prior=0
[inst] req=1794048 hits=596199 fwd=1169 rows=1196101 fwd_ms=71589.0 eval=0 prior=0
[inst] req=1802240 hits=598665 fwd=1175 rows=1202245 fwd_ms=71993.2 eval=0 prior=0
[inst] req=1810432 hits=600926 fwd=1181 rows=1208389 fwd_ms=72397.2 eval=0 prior=0
[inst] req=1818624 hits=603169 fwd=1186 rows=1213509 fwd_ms=72734.0 eval=0 prior=0
[inst] req=1826816 hits=605373 fwd=1192 rows=1219653 fwd_ms=73137.7 eval=0 prior=0
[inst] req=1835008 hits=607510 fwd=1198 rows=1225797 fwd_ms=73541.4 eval=0 prior=0
[inst] req=1843200 hits=609657 fwd=1204 rows=1231941 fwd_ms=73912.6 eval=0 prior=0
[inst] req=1851392 hits=611913 fwd=1210 rows=1238085 fwd_ms=74246.5 eval=0 prior=0
[inst] req=1859584 hits=614253 fwd=1216 rows=1244229 fwd_ms=74580.3 eval=0 prior=0
[inst] req=1867776 hits=616607 fwd=1221 rows=1249349 fwd_ms=74858.5 eval=0 prior=0
[inst] req=1875968 hits=619085 fwd=1227 rows=1255493 fwd_ms=75192.4 eval=0 prior=0
[inst] req=1884160 hits=621777 fwd=1232 rows=1260613 fwd_ms=75470.7 eval=0 prior=0
[inst] req=1892352 hits=624494 fwd=1238 rows=1266757 fwd_ms=75804.5 eval=0 prior=0
[inst] req=1900544 hits=627372 fwd=1243 rows=1271877 fwd_ms=76083.1 eval=0 prior=0
[inst] req=1908736 hits=630282 fwd=1248 rows=1276997 fwd_ms=76361.4 eval=0 prior=0
[inst] req=1916928 hits=633235 fwd=1253 rows=1282117 fwd_ms=76639.8 eval=0 prior=0
[inst] req=1925120 hits=636216 fwd=1258 rows=1287237 fwd_ms=76918.2 eval=0 prior=0
[inst] req=1933312 hits=639244 fwd=1263 rows=1292357 fwd_ms=77196.7 eval=0 prior=0
[inst] req=1941504 hits=642318 fwd=1268 rows=1297477 fwd_ms=77475.0 eval=0 prior=0
[inst] req=1949696 hits=645346 fwd=1273 rows=1302597 fwd_ms=77753.4 eval=0 prior=0
[inst] req=1957888 hits=648331 fwd=1278 rows=1307717 fwd_ms=78031.9 eval=0 prior=0
[inst] req=1966080 hits=651292 fwd=1283 rows=1312837 fwd_ms=78310.4 eval=0 prior=0
[inst] req=1974272 hits=654408 fwd=1288 rows=1317957 fwd_ms=78590.9 eval=0 prior=0
[inst] req=1982464 hits=657361 fwd=1293 rows=1323077 fwd_ms=78882.2 eval=0 prior=0
[inst] req=1990656 hits=660282 fwd=1299 rows=1329221 fwd_ms=79217.4 eval=0 prior=0
[inst] req=1998848 hits=663219 fwd=1304 rows=1334341 fwd_ms=79496.8 eval=0 prior=0
[inst] req=2007040 hits=666057 fwd=1309 rows=1339461 fwd_ms=79776.1 eval=0 prior=0
[inst] req=2015232 hits=668794 fwd=1314 rows=1344581 fwd_ms=80055.7 eval=0 prior=0
[inst] req=2023424 hits=671461 fwd=1320 rows=1350725 fwd_ms=80390.8 eval=0 prior=0
[inst] req=2031616 hits=674073 fwd=1325 rows=1355845 fwd_ms=80670.0 eval=0 prior=0
[inst] req=2039808 hits=676538 fwd=1331 rows=1361989 fwd_ms=81005.1 eval=0 prior=0
[inst] req=2048000 hits=678984 fwd=1336 rows=1367109 fwd_ms=81284.2 eval=0 prior=0
[inst] req=2056192 hits=681453 fwd=1342 rows=1373253 fwd_ms=81619.3 eval=0 prior=0
[inst] req=2064384 hits=683957 fwd=1348 rows=1379397 fwd_ms=81954.2 eval=0 prior=0
[inst] req=2072576 hits=686481 fwd=1353 rows=1384517 fwd_ms=82233.4 eval=0 prior=0
[inst] req=2080768 hits=689134 fwd=1358 rows=1389637 fwd_ms=82512.4 eval=0 prior=0
[inst] req=2088960 hits=691767 fwd=1364 rows=1395781 fwd_ms=82847.5 eval=0 prior=0
[inst] req=2097152 hits=694496 fwd=1369 rows=1400901 fwd_ms=83126.5 eval=0 prior=0
[inst] req=2105344 hits=697278 fwd=1374 rows=1406021 fwd_ms=83405.6 eval=0 prior=0
[inst] req=2113536 hits=700105 fwd=1380 rows=1412165 fwd_ms=83740.7 eval=0 prior=0
[inst] req=2121728 hits=702931 fwd=1385 rows=1417285 fwd_ms=84019.9 eval=0 prior=0
[inst] req=2129920 hits=705794 fwd=1390 rows=1422405 fwd_ms=84299.0 eval=0 prior=0
[inst] req=2138112 hits=708674 fwd=1395 rows=1427525 fwd_ms=84578.2 eval=0 prior=0
[inst] req=2146304 hits=711544 fwd=1401 rows=1433669 fwd_ms=84913.3 eval=0 prior=0
[inst] req=2154496 hits=714371 fwd=1406 rows=1438789 fwd_ms=85192.5 eval=0 prior=0
[inst] req=2162688 hits=717209 fwd=1411 rows=1443909 fwd_ms=85471.6 eval=0 prior=0
[inst] req=2170880 hits=719988 fwd=1416 rows=1449029 fwd_ms=85750.6 eval=0 prior=0
[inst] req=2179072 hits=722852 fwd=1422 rows=1455173 fwd_ms=86085.6 eval=0 prior=0
[inst] req=2187264 hits=725543 fwd=1427 rows=1460293 fwd_ms=86364.7 eval=0 prior=0
[inst] req=2195456 hits=728246 fwd=1432 rows=1465413 fwd_ms=86643.6 eval=0 prior=0
[inst] req=2203648 hits=730951 fwd=1438 rows=1471557 fwd_ms=86978.7 eval=0 prior=0
[inst] req=2211840 hits=733604 fwd=1443 rows=1476677 fwd_ms=87261.7 eval=0 prior=0
[inst] req=2220032 hits=736194 fwd=1448 rows=1481797 fwd_ms=87542.2 eval=0 prior=0
[inst] req=2228224 hits=738766 fwd=1454 rows=1487941 fwd_ms=87875.8 eval=0 prior=0
[inst] req=2236416 hits=741514 fwd=1459 rows=1493061 fwd_ms=88153.9 eval=0 prior=0
[inst] req=2244608 hits=744275 fwd=1465 rows=1499205 fwd_ms=88487.6 eval=0 prior=0
[inst] req=2252800 hits=747068 fwd=1470 rows=1504325 fwd_ms=88765.7 eval=0 prior=0
[inst] req=2260992 hits=749958 fwd=1475 rows=1509445 fwd_ms=89043.8 eval=0 prior=0
[inst] req=2269184 hits=752889 fwd=1480 rows=1514565 fwd_ms=89321.7 eval=0 prior=0
[inst] req=2277376 hits=755842 fwd=1485 rows=1519685 fwd_ms=89599.5 eval=0 prior=0
[inst] req=2285568 hits=758846 fwd=1490 rows=1524805 fwd_ms=89877.3 eval=0 prior=0
[inst] req=2293760 hits=761833 fwd=1495 rows=1529925 fwd_ms=90155.0 eval=0 prior=0
[inst] req=2301952 hits=764865 fwd=1500 rows=1535045 fwd_ms=90432.7 eval=0 prior=0
[inst] req=2310144 hits=767885 fwd=1506 rows=1541189 fwd_ms=90766.2 eval=0 prior=0
[inst] req=2318336 hits=770842 fwd=1511 rows=1546309 fwd_ms=91044.1 eval=0 prior=0
[inst] req=2326528 hits=773709 fwd=1516 rows=1551429 fwd_ms=91321.8 eval=0 prior=0
[inst] req=2334720 hits=776581 fwd=1521 rows=1556549 fwd_ms=91599.7 eval=0 prior=0
[inst] req=2342912 hits=779451 fwd=1526 rows=1561669 fwd_ms=91877.4 eval=0 prior=0
[inst] req=2351104 hits=782321 fwd=1531 rows=1566789 fwd_ms=92155.2 eval=0 prior=0
[inst] req=2359296 hits=785130 fwd=1537 rows=1572933 fwd_ms=92488.4 eval=0 prior=0
[inst] req=2367488 hits=787824 fwd=1542 rows=1578053 fwd_ms=92766.4 eval=0 prior=0
[inst] req=2375680 hits=790506 fwd=1547 rows=1583173 fwd_ms=93046.9 eval=0 prior=0
[inst] req=2383872 hits=793052 fwd=1553 rows=1589317 fwd_ms=93380.2 eval=0 prior=0
[inst] req=2392064 hits=795713 fwd=1558 rows=1594437 fwd_ms=93658.2 eval=0 prior=0
[inst] req=2400256 hits=798199 fwd=1564 rows=1600581 fwd_ms=93991.5 eval=0 prior=0
[inst] req=2408448 hits=800701 fwd=1569 rows=1605701 fwd_ms=94269.3 eval=0 prior=0
[inst] req=2416640 hits=803251 fwd=1575 rows=1611845 fwd_ms=94602.9 eval=0 prior=0
[inst] req=2424832 hits=805842 fwd=1580 rows=1616965 fwd_ms=94880.7 eval=0 prior=0
[inst] req=2433024 hits=808418 fwd=1586 rows=1623109 fwd_ms=95214.0 eval=0 prior=0
[inst] req=2441216 hits=811097 fwd=1591 rows=1628229 fwd_ms=95491.8 eval=0 prior=0
[inst] req=2449408 hits=813823 fwd=1597 rows=1634373 fwd_ms=95828.2 eval=0 prior=0
[inst] req=2457600 hits=816607 fwd=1602 rows=1639493 fwd_ms=96105.9 eval=0 prior=0
[inst] req=2465792 hits=819401 fwd=1607 rows=1644613 fwd_ms=96383.4 eval=0 prior=0
[inst] req=2473984 hits=822224 fwd=1612 rows=1649733 fwd_ms=96661.1 eval=0 prior=0
[inst] req=2482176 hits=825044 fwd=1618 rows=1655877 fwd_ms=96994.2 eval=0 prior=0
[inst] req=2490368 hits=827855 fwd=1623 rows=1660997 fwd_ms=97271.7 eval=0 prior=0
[inst] req=2498560 hits=830676 fwd=1628 rows=1666117 fwd_ms=97549.3 eval=0 prior=0
[inst] req=2506752 hits=833551 fwd=1633 rows=1671237 fwd_ms=97826.8 eval=0 prior=0
[inst] req=2514944 hits=836383 fwd=1639 rows=1677381 fwd_ms=98160.0 eval=0 prior=0
[inst] req=2523136 hits=839155 fwd=1644 rows=1682501 fwd_ms=98437.6 eval=0 prior=0
[inst] req=2531328 hits=841861 fwd=1649 rows=1687621 fwd_ms=98715.1 eval=0 prior=0
[inst] req=2539520 hits=844656 fwd=1655 rows=1693765 fwd_ms=99048.3 eval=0 prior=0
[inst] req=2547712 hits=847335 fwd=1660 rows=1698885 fwd_ms=99325.7 eval=0 prior=0
[inst] req=2555904 hits=850040 fwd=1665 rows=1704005 fwd_ms=99603.2 eval=0 prior=0
[inst] req=2564096 hits=852746 fwd=1671 rows=1710149 fwd_ms=99936.3 eval=0 prior=0
[inst] req=2572288 hits=855438 fwd=1676 rows=1715269 fwd_ms=100213.9 eval=0 prior=0
[inst] req=2580480 hits=858158 fwd=1681 rows=1720389 fwd_ms=100494.3 eval=0 prior=0
[inst] req=2588672 hits=860988 fwd=1687 rows=1726533 fwd_ms=100827.6 eval=0 prior=0
[inst] req=2596864 hits=863760 fwd=1692 rows=1731653 fwd_ms=101105.2 eval=0 prior=0
[inst] req=2605056 hits=866531 fwd=1697 rows=1736773 fwd_ms=101382.8 eval=0 prior=0
[inst] req=2613248 hits=869441 fwd=1702 rows=1741893 fwd_ms=101660.5 eval=0 prior=0
[inst] req=2621440 hits=872309 fwd=1708 rows=1748037 fwd_ms=101994.0 eval=0 prior=0
[inst] req=2629632 hits=875250 fwd=1713 rows=1753157 fwd_ms=102271.7 eval=0 prior=0
[inst] req=2637824 hits=878287 fwd=1718 rows=1758277 fwd_ms=102551.8 eval=0 prior=0
[inst] req=2646016 hits=881330 fwd=1723 rows=1763397 fwd_ms=102829.3 eval=0 prior=0
[inst] req=2654208 hits=884353 fwd=1728 rows=1768517 fwd_ms=103107.0 eval=0 prior=0
[inst] req=2662400 hits=887371 fwd=1733 rows=1773637 fwd_ms=103384.5 eval=0 prior=0
[inst] req=2670592 hits=890430 fwd=1738 rows=1778757 fwd_ms=103662.3 eval=0 prior=0
[inst] req=2678784 hits=893451 fwd=1743 rows=1783877 fwd_ms=103940.1 eval=0 prior=0
[inst] req=2686976 hits=896386 fwd=1748 rows=1788997 fwd_ms=104217.9 eval=0 prior=0
[inst] req=2695168 hits=899314 fwd=1753 rows=1794117 fwd_ms=104495.7 eval=0 prior=0
[inst] req=2703360 hits=902124 fwd=1758 rows=1799237 fwd_ms=104773.9 eval=0 prior=0
[inst] req=2711552 hits=905078 fwd=1764 rows=1805381 fwd_ms=105107.5 eval=0 prior=0
[inst] req=2719744 hits=907801 fwd=1769 rows=1810501 fwd_ms=105385.7 eval=0 prior=0
[inst] req=2727936 hits=910459 fwd=1774 rows=1815621 fwd_ms=105663.9 eval=0 prior=0
[inst] req=2736128 hits=913023 fwd=1780 rows=1821765 fwd_ms=105997.4 eval=0 prior=0
[inst] req=2744320 hits=915684 fwd=1785 rows=1826885 fwd_ms=106275.2 eval=0 prior=0
[inst] req=2752512 hits=918197 fwd=1791 rows=1833029 fwd_ms=106608.4 eval=0 prior=0
[inst] req=2760704 hits=920607 fwd=1796 rows=1838149 fwd_ms=106886.2 eval=0 prior=0
[inst] req=2768896 hits=923120 fwd=1802 rows=1844293 fwd_ms=107219.5 eval=0 prior=0
[inst] req=2777088 hits=925550 fwd=1808 rows=1850437 fwd_ms=107552.7 eval=0 prior=0
[inst] req=2785280 hits=928072 fwd=1813 rows=1855557 fwd_ms=107830.4 eval=0 prior=0
[inst] req=2793472 hits=930601 fwd=1819 rows=1861701 fwd_ms=108163.9 eval=0 prior=0
[inst] req=2801664 hits=933297 fwd=1824 rows=1866821 fwd_ms=108447.4 eval=0 prior=0
[inst] req=2809856 hits=935957 fwd=1829 rows=1871941 fwd_ms=108726.3 eval=0 prior=0
[inst] req=2818048 hits=938711 fwd=1835 rows=1878085 fwd_ms=109060.6 eval=0 prior=0
[inst] req=2826240 hits=941474 fwd=1840 rows=1883205 fwd_ms=109339.0 eval=0 prior=0
[inst] req=2834432 hits=944299 fwd=1845 rows=1888325 fwd_ms=109617.6 eval=0 prior=0
[inst] req=2842624 hits=947164 fwd=1850 rows=1893445 fwd_ms=109895.5 eval=0 prior=0
[inst] req=2850816 hits=950020 fwd=1856 rows=1899589 fwd_ms=110229.0 eval=0 prior=0
[inst] req=2859008 hits=952792 fwd=1861 rows=1904709 fwd_ms=110507.0 eval=0 prior=0
[inst] req=2867200 hits=955581 fwd=1866 rows=1909829 fwd_ms=110784.8 eval=0 prior=0
[inst] req=2875392 hits=958370 fwd=1872 rows=1915973 fwd_ms=111118.6 eval=0 prior=0
[inst] req=2883584 hits=961175 fwd=1877 rows=1921093 fwd_ms=111396.7 eval=0 prior=0
[inst] req=2891776 hits=963891 fwd=1882 rows=1926213 fwd_ms=111674.7 eval=0 prior=0
[inst] req=2899968 hits=966632 fwd=1887 rows=1931333 fwd_ms=111952.8 eval=0 prior=0
[inst] req=2908160 hits=969468 fwd=1893 rows=1937477 fwd_ms=112286.3 eval=0 prior=0
[inst] req=2916352 hits=972169 fwd=1898 rows=1942597 fwd_ms=112564.3 eval=0 prior=0
[inst] req=2924544 hits=974819 fwd=1903 rows=1947717 fwd_ms=112842.5 eval=0 prior=0
[inst] req=2932736 hits=977462 fwd=1909 rows=1953861 fwd_ms=113176.0 eval=0 prior=0
[inst] req=2940928 hits=980149 fwd=1914 rows=1958981 fwd_ms=113454.2 eval=0 prior=0
[inst] req=2949120 hits=982845 fwd=1920 rows=1965125 fwd_ms=113788.0 eval=0 prior=0
[inst] req=2957312 hits=985580 fwd=1925 rows=1970245 fwd_ms=114066.2 eval=0 prior=0
[inst] req=2965504 hits=988538 fwd=1930 rows=1975365 fwd_ms=114344.4 eval=0 prior=0
[inst] req=2973696 hits=991423 fwd=1935 rows=1980485 fwd_ms=114622.5 eval=0 prior=0
[inst] req=2981888 hits=994329 fwd=1940 rows=1985605 fwd_ms=114900.7 eval=0 prior=0
[inst] req=2990080 hits=997330 fwd=1945 rows=1990725 fwd_ms=115178.9 eval=0 prior=0
[inst] req=2998272 hits=1000328 fwd=1951 rows=1996869 fwd_ms=115512.8 eval=0 prior=0
[inst] req=3006464 hits=1003307 fwd=1956 rows=2001989 fwd_ms=115792.2 eval=0 prior=0
[inst] req=3014656 hits=1006304 fwd=1961 rows=2007109 fwd_ms=116071.2 eval=0 prior=0
[inst] req=3022848 hits=1009260 fwd=1966 rows=2012229 fwd_ms=116349.5 eval=0 prior=0
[inst] req=3031040 hits=1012218 fwd=1971 rows=2017349 fwd_ms=116627.7 eval=0 prior=0
[inst] req=3039232 hits=1015040 fwd=1976 rows=2022469 fwd_ms=116905.8 eval=0 prior=0
[inst] req=3047424 hits=1017919 fwd=1981 rows=2027589 fwd_ms=117183.9 eval=0 prior=0
[inst] req=3055616 hits=1020752 fwd=1987 rows=2033733 fwd_ms=117517.5 eval=0 prior=0
[inst] req=3063808 hits=1023518 fwd=1992 rows=2038853 fwd_ms=117795.9 eval=0 prior=0
[inst] req=3072000 hits=1026130 fwd=1997 rows=2043973 fwd_ms=118073.9 eval=0 prior=0
[inst] req=3080192 hits=1028795 fwd=2003 rows=2050117 fwd_ms=118407.7 eval=0 prior=0
[inst] req=3088384 hits=1031327 fwd=2008 rows=2055237 fwd_ms=118685.7 eval=0 prior=0
[inst] req=3096576 hits=1033869 fwd=2014 rows=2061381 fwd_ms=119019.5 eval=0 prior=0
[inst] req=3104768 hits=1036385 fwd=2019 rows=2066501 fwd_ms=119297.7 eval=0 prior=0
[inst] req=3112960 hits=1038880 fwd=2025 rows=2072645 fwd_ms=119634.0 eval=0 prior=0
[inst] req=3121152 hits=1041307 fwd=2031 rows=2078789 fwd_ms=120039.1 eval=0 prior=0
[inst] req=3129344 hits=1043803 fwd=2036 rows=2083909 fwd_ms=120390.5 eval=0 prior=0
[inst] req=3137536 hits=1046233 fwd=2042 rows=2090053 fwd_ms=120812.2 eval=0 prior=0
[inst] req=3145728 hits=1048727 fwd=2047 rows=2095173 fwd_ms=121163.9 eval=0 prior=0
[inst] req=3153920 hits=1051232 fwd=2053 rows=2101317 fwd_ms=121585.4 eval=0 prior=0
[inst] req=3162112 hits=1053817 fwd=2058 rows=2106437 fwd_ms=121936.8 eval=0 prior=0
[inst] req=3170304 hits=1056394 fwd=2064 rows=2112581 fwd_ms=122358.4 eval=0 prior=0
[inst] req=3178496 hits=1059023 fwd=2069 rows=2117701 fwd_ms=122708.3 eval=0 prior=0
[inst] req=3186688 hits=1061670 fwd=2075 rows=2123845 fwd_ms=123126.1 eval=0 prior=0
[inst] req=3194880 hits=1064363 fwd=2080 rows=2128965 fwd_ms=123474.3 eval=0 prior=0
[inst] req=3203072 hits=1067071 fwd=2085 rows=2134085 fwd_ms=123822.5 eval=0 prior=0
[inst] req=3211264 hits=1069786 fwd=2091 rows=2140229 fwd_ms=124240.1 eval=0 prior=0
[inst] req=3219456 hits=1072568 fwd=2096 rows=2145349 fwd_ms=124588.2 eval=0 prior=0
[inst] req=3227648 hits=1075322 fwd=2101 rows=2150469 fwd_ms=124936.7 eval=0 prior=0
[inst] req=3235840 hits=1077972 fwd=2107 rows=2156613 fwd_ms=125354.6 eval=0 prior=0
[inst] req=3244032 hits=1080595 fwd=2112 rows=2161733 fwd_ms=125702.8 eval=0 prior=0
[inst] req=3252224 hits=1083334 fwd=2117 rows=2166853 fwd_ms=126051.0 eval=0 prior=0
[inst] req=3260416 hits=1085900 fwd=2123 rows=2172997 fwd_ms=126469.0 eval=0 prior=0
[inst] req=3268608 hits=1088565 fwd=2128 rows=2178117 fwd_ms=126817.1 eval=0 prior=0
[inst] req=3276800 hits=1091211 fwd=2134 rows=2184261 fwd_ms=127235.0 eval=0 prior=0
[inst] req=3284992 hits=1093790 fwd=2139 rows=2189381 fwd_ms=127583.3 eval=0 prior=0
[inst] req=3293184 hits=1096559 fwd=2145 rows=2195525 fwd_ms=128001.5 eval=0 prior=0
[inst] req=3301376 hits=1099245 fwd=2150 rows=2200645 fwd_ms=128349.7 eval=0 prior=0
[inst] req=3309568 hits=1101983 fwd=2155 rows=2205765 fwd_ms=128698.1 eval=0 prior=0
[inst] req=3317760 hits=1104769 fwd=2161 rows=2211909 fwd_ms=129116.5 eval=0 prior=0
[inst] req=3325952 hits=1107584 fwd=2166 rows=2217029 fwd_ms=129464.6 eval=0 prior=0
[inst] req=3334144 hits=1110461 fwd=2171 rows=2222149 fwd_ms=129813.4 eval=0 prior=0
[inst] req=3342336 hits=1113337 fwd=2176 rows=2227269 fwd_ms=130161.5 eval=0 prior=0
[inst] req=3350528 hits=1116336 fwd=2181 rows=2232389 fwd_ms=130510.1 eval=0 prior=0
[inst] req=3358720 hits=1119297 fwd=2186 rows=2237509 fwd_ms=130858.5 eval=0 prior=0
[inst] req=3366912 hits=1122247 fwd=2191 rows=2242629 fwd_ms=131206.7 eval=0 prior=0
[inst] req=3375104 hits=1125307 fwd=2196 rows=2247749 fwd_ms=131555.4 eval=0 prior=0
[inst] req=3383296 hits=1128262 fwd=2202 rows=2253893 fwd_ms=131973.7 eval=0 prior=0
[inst] req=3391488 hits=1131206 fwd=2207 rows=2259013 fwd_ms=132322.4 eval=0 prior=0
[inst] req=3399680 hits=1134110 fwd=2212 rows=2264133 fwd_ms=132671.0 eval=0 prior=0
[inst] req=3407872 hits=1137002 fwd=2217 rows=2269253 fwd_ms=133019.6 eval=0 prior=0
[inst] req=3416064 hits=1139714 fwd=2222 rows=2274373 fwd_ms=133368.1 eval=0 prior=0
[inst] req=3424256 hits=1142390 fwd=2228 rows=2280517 fwd_ms=133786.2 eval=0 prior=0
[inst] req=3432448 hits=1145071 fwd=2233 rows=2285637 fwd_ms=134134.9 eval=0 prior=0
[inst] req=3440640 hits=1147751 fwd=2239 rows=2291781 fwd_ms=134553.3 eval=0 prior=0
[inst] req=3448832 hits=1150201 fwd=2244 rows=2296901 fwd_ms=134901.9 eval=0 prior=0
[inst] req=3457024 hits=1152602 fwd=2250 rows=2303045 fwd_ms=135320.0 eval=0 prior=0
[inst] req=3465216 hits=1155085 fwd=2255 rows=2308165 fwd_ms=135668.6 eval=0 prior=0
[inst] req=3473408 hits=1157548 fwd=2261 rows=2314309 fwd_ms=136088.9 eval=0 prior=0
[inst] req=3481600 hits=1160074 fwd=2267 rows=2320453 fwd_ms=136509.2 eval=0 prior=0
[inst] req=3489792 hits=1162614 fwd=2272 rows=2325573 fwd_ms=136857.6 eval=0 prior=0
[inst] req=3497984 hits=1165178 fwd=2278 rows=2331717 fwd_ms=137276.1 eval=0 prior=0
[inst] req=3506176 hits=1167697 fwd=2283 rows=2336837 fwd_ms=137624.8 eval=0 prior=0
[inst] req=3514368 hits=1170343 fwd=2289 rows=2342981 fwd_ms=138043.1 eval=0 prior=0
[inst] req=3522560 hits=1173022 fwd=2294 rows=2348101 fwd_ms=138391.7 eval=0 prior=0
[inst] req=3530752 hits=1175833 fwd=2299 rows=2353221 fwd_ms=138740.4 eval=0 prior=0
[inst] req=3538944 hits=1178459 fwd=2305 rows=2359365 fwd_ms=139159.1 eval=0 prior=0
[inst] req=3547136 hits=1181124 fwd=2310 rows=2364485 fwd_ms=139507.8 eval=0 prior=0
[inst] req=3555328 hits=1183907 fwd=2315 rows=2369605 fwd_ms=139856.9 eval=0 prior=0
[inst] req=3563520 hits=1186681 fwd=2321 rows=2375749 fwd_ms=140275.3 eval=0 prior=0
[inst] req=3571712 hits=1189398 fwd=2326 rows=2380869 fwd_ms=140624.0 eval=0 prior=0
[inst] req=3579904 hits=1192239 fwd=2331 rows=2385989 fwd_ms=140972.7 eval=0 prior=0
[inst] req=3588096 hits=1195003 fwd=2336 rows=2391109 fwd_ms=141321.7 eval=0 prior=0
[inst] req=3596288 hits=1197738 fwd=2342 rows=2397253 fwd_ms=141739.9 eval=0 prior=0
[inst] req=3604480 hits=1200380 fwd=2347 rows=2402373 fwd_ms=142088.5 eval=0 prior=0
[inst] req=3612672 hits=1203149 fwd=2352 rows=2407493 fwd_ms=142437.0 eval=0 prior=0
[inst] req=3620864 hits=1205813 fwd=2358 rows=2413637 fwd_ms=142839.7 eval=0 prior=0
[inst] req=3629056 hits=1208422 fwd=2363 rows=2418757 fwd_ms=143119.0 eval=0 prior=0
[inst] req=3637248 hits=1211016 fwd=2369 rows=2424901 fwd_ms=143453.4 eval=0 prior=0
[inst] req=3645440 hits=1213627 fwd=2374 rows=2430021 fwd_ms=143731.6 eval=0 prior=0
[inst] req=3653632 hits=1216275 fwd=2380 rows=2436165 fwd_ms=144065.6 eval=0 prior=0
[inst] req=3661824 hits=1219026 fwd=2385 rows=2441285 fwd_ms=144346.6 eval=0 prior=0
[inst] req=3670016 hits=1221800 fwd=2390 rows=2446405 fwd_ms=144624.9 eval=0 prior=0
[inst] req=3678208 hits=1224651 fwd=2395 rows=2451525 fwd_ms=144903.3 eval=0 prior=0
[inst] req=3686400 hits=1227583 fwd=2401 rows=2457669 fwd_ms=145237.2 eval=0 prior=0
[inst] req=3694592 hits=1230466 fwd=2406 rows=2462789 fwd_ms=145515.7 eval=0 prior=0
[inst] req=3702784 hits=1233449 fwd=2411 rows=2467909 fwd_ms=145794.1 eval=0 prior=0
[inst] req=3710976 hits=1236443 fwd=2416 rows=2473029 fwd_ms=146072.4 eval=0 prior=0
[inst] req=3719168 hits=1239409 fwd=2421 rows=2478149 fwd_ms=146350.9 eval=0 prior=0
[inst] req=3727360 hits=1242354 fwd=2426 rows=2483269 fwd_ms=146629.2 eval=0 prior=0
[inst] req=3735552 hits=1245285 fwd=2431 rows=2488389 fwd_ms=146907.6 eval=0 prior=0
[inst] req=3743744 hits=1248167 fwd=2437 rows=2494533 fwd_ms=147241.5 eval=0 prior=0
[inst] req=3751936 hits=1251088 fwd=2442 rows=2499653 fwd_ms=147519.8 eval=0 prior=0
[inst] req=3760128 hits=1253934 fwd=2447 rows=2504773 fwd_ms=147798.3 eval=0 prior=0
[inst] req=3768320 hits=1256771 fwd=2452 rows=2509893 fwd_ms=148076.6 eval=0 prior=0
[inst] req=3776512 hits=1259633 fwd=2457 rows=2515013 fwd_ms=148354.9 eval=0 prior=0
[inst] req=3784704 hits=1262345 fwd=2463 rows=2521157 fwd_ms=148689.2 eval=0 prior=0
[inst] req=3792896 hits=1264910 fwd=2468 rows=2526277 fwd_ms=148967.5 eval=0 prior=0
[inst] req=3801088 hits=1267387 fwd=2474 rows=2532421 fwd_ms=149303.9 eval=0 prior=0
[inst] req=3809280 hits=1269821 fwd=2479 rows=2537541 fwd_ms=149582.2 eval=0 prior=0
[inst] req=3817472 hits=1272281 fwd=2485 rows=2543685 fwd_ms=149917.0 eval=0 prior=0
[inst] req=3825664 hits=1274725 fwd=2491 rows=2549829 fwd_ms=150251.0 eval=0 prior=0
[inst] req=3833856 hits=1277129 fwd=2496 rows=2554949 fwd_ms=150529.7 eval=0 prior=0
[inst] req=3842048 hits=1279615 fwd=2502 rows=2561093 fwd_ms=150865.2 eval=0 prior=0
[inst] req=3850240 hits=1282096 fwd=2507 rows=2566213 fwd_ms=151144.7 eval=0 prior=0
[inst] req=3858432 hits=1284598 fwd=2513 rows=2572357 fwd_ms=151479.7 eval=0 prior=0
[inst] req=3866624 hits=1287118 fwd=2518 rows=2577477 fwd_ms=151759.0 eval=0 prior=0
[inst] req=3874816 hits=1289846 fwd=2524 rows=2583621 fwd_ms=152094.2 eval=0 prior=0
[inst] req=3883008 hits=1292527 fwd=2529 rows=2588741 fwd_ms=152373.7 eval=0 prior=0
[inst] req=3891200 hits=1295280 fwd=2535 rows=2594885 fwd_ms=152711.7 eval=0 prior=0
[inst] req=3899392 hits=1297908 fwd=2540 rows=2600005 fwd_ms=152991.2 eval=0 prior=0
[inst] req=3907584 hits=1300569 fwd=2545 rows=2605125 fwd_ms=153270.7 eval=0 prior=0
[inst] req=3915776 hits=1303347 fwd=2551 rows=2611269 fwd_ms=153606.1 eval=0 prior=0
[inst] req=3923968 hits=1306089 fwd=2556 rows=2616389 fwd_ms=153886.0 eval=0 prior=0
[inst] req=3932160 hits=1308775 fwd=2561 rows=2621509 fwd_ms=154165.6 eval=0 prior=0
[inst] req=3940352 hits=1311632 fwd=2567 rows=2627653 fwd_ms=154500.5 eval=0 prior=0
[inst] req=3948544 hits=1314318 fwd=2572 rows=2632773 fwd_ms=154779.1 eval=0 prior=0
[inst] req=3956736 hits=1316920 fwd=2577 rows=2637893 fwd_ms=155058.7 eval=0 prior=0
[inst] req=3964928 hits=1319592 fwd=2583 rows=2644037 fwd_ms=155392.8 eval=0 prior=0
[inst] req=3973120 hits=1322342 fwd=2588 rows=2649157 fwd_ms=155671.2 eval=0 prior=0
[inst] req=3981312 hits=1325012 fwd=2593 rows=2654277 fwd_ms=155949.7 eval=0 prior=0
[inst] req=3989504 hits=1327706 fwd=2599 rows=2660421 fwd_ms=156283.9 eval=0 prior=0
[inst] req=3997696 hits=1330327 fwd=2604 rows=2665541 fwd_ms=156562.2 eval=0 prior=0
[inst] req=4005888 hits=1333009 fwd=2610 rows=2671685 fwd_ms=156896.2 eval=0 prior=0
[inst] req=4014080 hits=1335657 fwd=2615 rows=2676805 fwd_ms=157174.5 eval=0 prior=0
[inst] req=4022272 hits=1338377 fwd=2620 rows=2681925 fwd_ms=157452.7 eval=0 prior=0
[inst] req=4030464 hits=1341185 fwd=2626 rows=2688069 fwd_ms=157786.8 eval=0 prior=0
[inst] req=4038656 hits=1344062 fwd=2631 rows=2693189 fwd_ms=158065.1 eval=0 prior=0
[inst] req=4046848 hits=1346883 fwd=2636 rows=2698309 fwd_ms=158343.2 eval=0 prior=0
[inst] req=4055040 hits=1349777 fwd=2641 rows=2703429 fwd_ms=158621.6 eval=0 prior=0
[inst] req=4063232 hits=1352736 fwd=2646 rows=2708549 fwd_ms=158899.9 eval=0 prior=0
[inst] req=4071424 hits=1355736 fwd=2651 rows=2713669 fwd_ms=159178.1 eval=0 prior=0
[inst] req=4079616 hits=1358639 fwd=2657 rows=2719813 fwd_ms=159512.2 eval=0 prior=0
[inst] req=4087808 hits=1361660 fwd=2662 rows=2724933 fwd_ms=159790.6 eval=0 prior=0
[inst] req=4096000 hits=1364567 fwd=2667 rows=2730053 fwd_ms=160069.1 eval=0 prior=0
[inst] req=4104192 hits=1367426 fwd=2672 rows=2735173 fwd_ms=160349.7 eval=0 prior=0
[inst] req=4112384 hits=1370310 fwd=2677 rows=2740293 fwd_ms=160630.8 eval=0 prior=0
[inst] req=4120576 hits=1373130 fwd=2682 rows=2745413 fwd_ms=160914.4 eval=0 prior=0
[inst] req=4128768 hits=1375919 fwd=2688 rows=2751557 fwd_ms=161250.7 eval=0 prior=0
[inst] req=4136960 hits=1378580 fwd=2693 rows=2756677 fwd_ms=161529.0 eval=0 prior=0
[inst] req=4145152 hits=1381188 fwd=2699 rows=2762821 fwd_ms=161863.0 eval=0 prior=0
[inst] req=4153344 hits=1383846 fwd=2704 rows=2767941 fwd_ms=162141.2 eval=0 prior=0
[inst] req=4161536 hits=1386385 fwd=2710 rows=2774085 fwd_ms=162475.0 eval=0 prior=0
[inst] req=4169728 hits=1388912 fwd=2715 rows=2779205 fwd_ms=162753.1 eval=0 prior=0
[inst] req=4177920 hits=1391490 fwd=2721 rows=2785349 fwd_ms=163087.2 eval=0 prior=0
[inst] req=4186112 hits=1393960 fwd=2726 rows=2790469 fwd_ms=163366.0 eval=0 prior=0
[inst] req=4194304 hits=1396428 fwd=2732 rows=2796613 fwd_ms=163700.6 eval=0 prior=0
[inst] req=4202496 hits=1398940 fwd=2737 rows=2801733 fwd_ms=163979.6 eval=0 prior=0
[inst] req=4210688 hits=1401486 fwd=2743 rows=2807877 fwd_ms=164314.0 eval=0 prior=0
[inst] req=4218880 hits=1404039 fwd=2748 rows=2812997 fwd_ms=164592.9 eval=0 prior=0
[inst] req=4227072 hits=1406581 fwd=2754 rows=2819141 fwd_ms=164927.5 eval=0 prior=0
[inst] req=4235264 hits=1409167 fwd=2759 rows=2824261 fwd_ms=165206.5 eval=0 prior=0
[inst] req=4243456 hits=1411801 fwd=2765 rows=2830405 fwd_ms=165541.1 eval=0 prior=0
[inst] req=4251648 hits=1414468 fwd=2770 rows=2835525 fwd_ms=165820.2 eval=0 prior=0
[inst] req=4259840 hits=1417131 fwd=2776 rows=2841669 fwd_ms=166155.0 eval=0 prior=0
[inst] req=4268032 hits=1419783 fwd=2781 rows=2846789 fwd_ms=166433.9 eval=0 prior=0
[inst] req=4276224 hits=1422552 fwd=2786 rows=2851909 fwd_ms=166712.8 eval=0 prior=0
[inst] req=4284416 hits=1425285 fwd=2792 rows=2858053 fwd_ms=167048.0 eval=0 prior=0
[inst] req=4292608 hits=1427950 fwd=2797 rows=2863173 fwd_ms=167327.4 eval=0 prior=0
[inst] req=4300800 hits=1430694 fwd=2802 rows=2868293 fwd_ms=167607.6 eval=0 prior=0
[inst] req=4308992 hits=1433370 fwd=2808 rows=2874437 fwd_ms=167944.6 eval=0 prior=0
[inst] req=4317184 hits=1436087 fwd=2813 rows=2879557 fwd_ms=168225.5 eval=0 prior=0
[inst] req=4325376 hits=1438764 fwd=2818 rows=2884677 fwd_ms=168505.9 eval=0 prior=0
[inst] req=4333568 hits=1441431 fwd=2824 rows=2890821 fwd_ms=168842.7 eval=0 prior=0
[inst] req=4341760 hits=1444132 fwd=2829 rows=2895941 fwd_ms=169123.2 eval=0 prior=0
[inst] req=4349952 hits=1446762 fwd=2835 rows=2902085 fwd_ms=169458.9 eval=0 prior=0
[inst] req=4358144 hits=1449426 fwd=2840 rows=2907205 fwd_ms=169738.3 eval=0 prior=0
[inst] req=4366336 hits=1452150 fwd=2845 rows=2912325 fwd_ms=170017.8 eval=0 prior=0
[inst] req=4374528 hits=1454902 fwd=2851 rows=2918469 fwd_ms=170353.4 eval=0 prior=0
[inst] req=4382720 hits=1457720 fwd=2856 rows=2923589 fwd_ms=170634.0 eval=0 prior=0
[inst] req=4390912 hits=1460508 fwd=2861 rows=2928709 fwd_ms=170914.7 eval=0 prior=0
[inst] req=4399104 hits=1463385 fwd=2866 rows=2933829 fwd_ms=171195.3 eval=0 prior=0
[inst] req=4407296 hits=1466277 fwd=2872 rows=2939973 fwd_ms=171531.3 eval=0 prior=0
[inst] req=4415488 hits=1469122 fwd=2877 rows=2945093 fwd_ms=171811.9 eval=0 prior=0
[inst] req=4423680 hits=1472037 fwd=2882 rows=2950213 fwd_ms=172092.6 eval=0 prior=0
[inst] req=4431872 hits=1474950 fwd=2887 rows=2955333 fwd_ms=172373.4 eval=0 prior=0
[inst] req=4440064 hits=1477812 fwd=2892 rows=2960453 fwd_ms=172654.1 eval=0 prior=0
[inst] req=4448256 hits=1480709 fwd=2897 rows=2965573 fwd_ms=172935.0 eval=0 prior=0
[inst] req=4456448 hits=1483574 fwd=2903 rows=2971717 fwd_ms=173271.7 eval=0 prior=0
[inst] req=4464640 hits=1486403 fwd=2908 rows=2976837 fwd_ms=173552.6 eval=0 prior=0
[inst] req=4472832 hits=1489286 fwd=2913 rows=2981957 fwd_ms=173833.3 eval=0 prior=0
[inst] req=4481024 hits=1492136 fwd=2918 rows=2987077 fwd_ms=174114.0 eval=0 prior=0
[inst] req=4489216 hits=1494808 fwd=2924 rows=2993221 fwd_ms=174450.9 eval=0 prior=0
[inst] req=4497408 hits=1497479 fwd=2929 rows=2998341 fwd_ms=174731.6 eval=0 prior=0
[inst] req=4505600 hits=1500121 fwd=2934 rows=3003461 fwd_ms=175012.3 eval=0 prior=0
[inst] req=4513792 hits=1502650 fwd=2940 rows=3009605 fwd_ms=175349.2 eval=0 prior=0
[inst] req=4521984 hits=1505210 fwd=2946 rows=3015749 fwd_ms=175686.0 eval=0 prior=0
[inst] req=4530176 hits=1507757 fwd=2951 rows=3020869 fwd_ms=175966.7 eval=0 prior=0
[inst] req=4538368 hits=1510297 fwd=2957 rows=3027013 fwd_ms=176303.6 eval=0 prior=0
[inst] req=4546560 hits=1512732 fwd=2962 rows=3032133 fwd_ms=176584.5 eval=0 prior=0
[inst] req=4554752 hits=1515268 fwd=2968 rows=3038277 fwd_ms=176921.3 eval=0 prior=0
[inst] req=4562944 hits=1517785 fwd=2973 rows=3043397 fwd_ms=177201.9 eval=0 prior=0
[inst] req=4571136 hits=1520383 fwd=2979 rows=3049541 fwd_ms=177538.7 eval=0 prior=0
[inst] req=4579328 hits=1522984 fwd=2984 rows=3054661 fwd_ms=177819.5 eval=0 prior=0
[inst] req=4587520 hits=1525553 fwd=2990 rows=3060805 fwd_ms=178156.4 eval=0 prior=0
[inst] req=4595712 hits=1528274 fwd=2995 rows=3065925 fwd_ms=178437.0 eval=0 prior=0
[inst] req=4603904 hits=1530906 fwd=3000 rows=3071045 fwd_ms=178717.8 eval=0 prior=0
[inst] req=4612096 hits=1533534 fwd=3006 rows=3077189 fwd_ms=179054.7 eval=0 prior=0
[inst] req=4620288 hits=1536230 fwd=3011 rows=3082309 fwd_ms=179335.4 eval=0 prior=0
[inst] req=4628480 hits=1538884 fwd=3017 rows=3088453 fwd_ms=179672.3 eval=0 prior=0
[inst] req=4636672 hits=1541578 fwd=3022 rows=3093573 fwd_ms=179953.0 eval=0 prior=0
[inst] req=4644864 hits=1544323 fwd=3027 rows=3098693 fwd_ms=180233.0 eval=0 prior=0
[inst] req=4653056 hits=1547093 fwd=3033 rows=3104837 fwd_ms=180568.4 eval=0 prior=0
[inst] req=4661248 hits=1549726 fwd=3038 rows=3109957 fwd_ms=180848.0 eval=0 prior=0
[inst] req=4669440 hits=1552384 fwd=3043 rows=3115077 fwd_ms=181127.9 eval=0 prior=0
[inst] req=4677632 hits=1555055 fwd=3049 rows=3121221 fwd_ms=181463.6 eval=0 prior=0
[inst] req=4685824 hits=1557716 fwd=3054 rows=3126341 fwd_ms=181747.0 eval=0 prior=0
[inst] req=4694016 hits=1560316 fwd=3060 rows=3132485 fwd_ms=182082.8 eval=0 prior=0
[inst] req=4702208 hits=1563028 fwd=3065 rows=3137605 fwd_ms=182362.4 eval=0 prior=0
[inst] req=4710400 hits=1565777 fwd=3070 rows=3142725 fwd_ms=182642.0 eval=0 prior=0
[inst] req=4718592 hits=1568483 fwd=3076 rows=3148869 fwd_ms=182977.3 eval=0 prior=0
[inst] req=4726784 hits=1571282 fwd=3081 rows=3153989 fwd_ms=183256.9 eval=0 prior=0
[inst] req=4734976 hits=1574023 fwd=3086 rows=3159109 fwd_ms=183536.5 eval=0 prior=0
[inst] req=4743168 hits=1576782 fwd=3092 rows=3165253 fwd_ms=183871.9 eval=0 prior=0
[inst] req=4751360 hits=1579585 fwd=3097 rows=3170373 fwd_ms=184151.5 eval=0 prior=0
[inst] req=4759552 hits=1582423 fwd=3102 rows=3175493 fwd_ms=184430.9 eval=0 prior=0
[inst] req=4767744 hits=1585254 fwd=3107 rows=3180613 fwd_ms=184720.1 eval=0 prior=0
[inst] req=4775936 hits=1588171 fwd=3112 rows=3185733 fwd_ms=185019.3 eval=0 prior=0
[inst] req=4784128 hits=1591050 fwd=3118 rows=3191877 fwd_ms=185403.7 eval=0 prior=0
[inst] req=4792320 hits=1593935 fwd=3123 rows=3196997 fwd_ms=185712.2 eval=0 prior=0
[inst] req=4800512 hits=1596793 fwd=3128 rows=3202117 fwd_ms=186020.6 eval=0 prior=0
[inst] req=4808704 hits=1599603 fwd=3133 rows=3207237 fwd_ms=186300.2 eval=0 prior=0
[inst] req=4816896 hits=1602415 fwd=3139 rows=3213381 fwd_ms=186674.3 eval=0 prior=0
[inst] req=4825088 hits=1605229 fwd=3144 rows=3218501 fwd_ms=186954.0 eval=0 prior=0
[inst] req=4833280 hits=1607949 fwd=3149 rows=3223621 fwd_ms=187233.6 eval=0 prior=0
[inst] req=4841472 hits=1610631 fwd=3155 rows=3229765 fwd_ms=187569.0 eval=0 prior=0
[inst] req=4849664 hits=1613338 fwd=3160 rows=3234885 fwd_ms=187848.4 eval=0 prior=0
[inst] req=4857856 hits=1615936 fwd=3165 rows=3240005 fwd_ms=188128.2 eval=0 prior=0
[inst] req=4866048 hits=1618499 fwd=3171 rows=3246149 fwd_ms=188463.8 eval=0 prior=0
[inst] req=4874240 hits=1621056 fwd=3176 rows=3251269 fwd_ms=188743.5 eval=0 prior=0
[inst] req=4882432 hits=1623620 fwd=3182 rows=3257413 fwd_ms=189078.9 eval=0 prior=0
[inst] req=4890624 hits=1626144 fwd=3187 rows=3262533 fwd_ms=189368.3 eval=0 prior=0
[inst] req=4898816 hits=1628584 fwd=3193 rows=3268677 fwd_ms=189736.3 eval=0 prior=0
[inst] req=4907008 hits=1631153 fwd=3199 rows=3274821 fwd_ms=190071.7 eval=0 prior=0
[inst] req=4915200 hits=1633751 fwd=3204 rows=3279941 fwd_ms=190383.2 eval=0 prior=0
[inst] req=4923392 hits=1636343 fwd=3209 rows=3285061 fwd_ms=190672.3 eval=0 prior=0
[inst] req=4931584 hits=1638918 fwd=3215 rows=3291205 fwd_ms=191027.1 eval=0 prior=0
[inst] req=4939776 hits=1641509 fwd=3220 rows=3296325 fwd_ms=191335.5 eval=0 prior=0
[inst] req=4947968 hits=1644115 fwd=3226 rows=3302469 fwd_ms=191709.8 eval=0 prior=0
[inst] req=4956160 hits=1646737 fwd=3231 rows=3307589 fwd_ms=192009.0 eval=0 prior=0
[inst] req=4964352 hits=1649365 fwd=3237 rows=3313733 fwd_ms=192363.9 eval=0 prior=0
[inst] req=4972544 hits=1652004 fwd=3242 rows=3318853 fwd_ms=192643.3 eval=0 prior=0
[inst] req=4980736 hits=1654703 fwd=3248 rows=3324997 fwd_ms=193017.0 eval=0 prior=0
[inst] req=4988928 hits=1657322 fwd=3253 rows=3330117 fwd_ms=193306.3 eval=0 prior=0
[inst] req=4997120 hits=1660033 fwd=3258 rows=3335237 fwd_ms=193614.9 eval=0 prior=0
[inst] req=5005312 hits=1662632 fwd=3264 rows=3341381 fwd_ms=193960.0 eval=0 prior=0
[inst] req=5013504 hits=1665244 fwd=3269 rows=3346501 fwd_ms=194268.7 eval=0 prior=0
[inst] req=5021696 hits=1667883 fwd=3275 rows=3352645 fwd_ms=194623.7 eval=0 prior=0
[inst] req=5029888 hits=1670460 fwd=3280 rows=3357765 fwd_ms=194932.3 eval=0 prior=0
[inst] req=5038080 hits=1673121 fwd=3286 rows=3363909 fwd_ms=195316.0 eval=0 prior=0
[inst] req=5046272 hits=1675808 fwd=3291 rows=3369029 fwd_ms=195614.8 eval=0 prior=0
[inst] req=5054464 hits=1678539 fwd=3296 rows=3374149 fwd_ms=195942.4 eval=0 prior=0
[inst] req=5062656 hits=1681201 fwd=3302 rows=3380293 fwd_ms=196307.4 eval=0 prior=0
[inst] req=5070848 hits=1683999 fwd=3307 rows=3385413 fwd_ms=196596.4 eval=0 prior=0
[inst] req=5079040 hits=1686749 fwd=3312 rows=3390533 fwd_ms=196914.6 eval=0 prior=0
[inst] req=5087232 hits=1689546 fwd=3317 rows=3395653 fwd_ms=197213.6 eval=0 prior=0
[inst] req=5095424 hits=1692322 fwd=3323 rows=3401797 fwd_ms=197587.9 eval=0 prior=0
[inst] req=5103616 hits=1695090 fwd=3328 rows=3406917 fwd_ms=197906.2 eval=0 prior=0
[inst] req=5111808 hits=1697905 fwd=3333 rows=3412037 fwd_ms=198214.8 eval=0 prior=0
[inst] req=5120000 hits=1700750 fwd=3339 rows=3418181 fwd_ms=198579.0 eval=0 prior=0
[inst] req=5128192 hits=1703573 fwd=3344 rows=3423301 fwd_ms=198858.8 eval=0 prior=0
[inst] req=5136384 hits=1706556 fwd=3349 rows=3428421 fwd_ms=199167.0 eval=0 prior=0
[inst] req=5144576 hits=1709470 fwd=3354 rows=3433541 fwd_ms=199465.9 eval=0 prior=0
[inst] req=5152768 hits=1712250 fwd=3359 rows=3438661 fwd_ms=199745.5 eval=0 prior=0
[inst] req=5160960 hits=1715109 fwd=3365 rows=3444805 fwd_ms=200107.6 eval=0 prior=0
[inst] req=5169152 hits=1717870 fwd=3370 rows=3449925 fwd_ms=200388.2 eval=0 prior=0
[inst] req=5177344 hits=1720634 fwd=3375 rows=3455045 fwd_ms=200678.9 eval=0 prior=0
[inst] req=5185536 hits=1723321 fwd=3381 rows=3461189 fwd_ms=201015.9 eval=0 prior=0
[inst] req=5193728 hits=1725925 fwd=3386 rows=3466309 fwd_ms=201315.9 eval=0 prior=0
[inst] req=5201920 hits=1728611 fwd=3391 rows=3471429 fwd_ms=201635.7 eval=0 prior=0
[inst] req=5210112 hits=1731245 fwd=3397 rows=3477573 fwd_ms=202021.2 eval=0 prior=0
[inst] req=5218304 hits=1733758 fwd=3402 rows=3482693 fwd_ms=202341.2 eval=0 prior=0
[inst] req=5226496 hits=1736300 fwd=3408 rows=3488837 fwd_ms=202707.6 eval=0 prior=0
[inst] req=5234688 hits=1738845 fwd=3413 rows=3493957 fwd_ms=203017.3 eval=0 prior=0
[inst] req=5242880 hits=1741282 fwd=3419 rows=3500101 fwd_ms=203402.7 eval=0 prior=0
[inst] req=5251072 hits=1743790 fwd=3425 rows=3506245 fwd_ms=203787.9 eval=0 prior=0
[inst] req=5259264 hits=1746284 fwd=3430 rows=3511365 fwd_ms=204097.4 eval=0 prior=0
[inst] req=5267456 hits=1748797 fwd=3436 rows=3517509 fwd_ms=204453.5 eval=0 prior=0
[inst] req=5275648 hits=1751220 fwd=3441 rows=3522629 fwd_ms=204762.9 eval=0 prior=0
[inst] req=5283840 hits=1753697 fwd=3447 rows=3528773 fwd_ms=205109.2 eval=0 prior=0
[inst] req=5292032 hits=1756226 fwd=3452 rows=3533893 fwd_ms=205399.7 eval=0 prior=0
[inst] req=5300224 hits=1758804 fwd=3458 rows=3540037 fwd_ms=205746.4 eval=0 prior=0
[inst] req=5308416 hits=1761514 fwd=3463 rows=3545157 fwd_ms=206067.9 eval=0 prior=0
[inst] req=5316608 hits=1764173 fwd=3469 rows=3551301 fwd_ms=206433.7 eval=0 prior=0
[inst] req=5324800 hits=1766896 fwd=3474 rows=3556421 fwd_ms=206762.7 eval=0 prior=0
[inst] req=5332992 hits=1769514 fwd=3479 rows=3561541 fwd_ms=207062.7 eval=0 prior=0
[inst] req=5341184 hits=1772205 fwd=3485 rows=3567685 fwd_ms=207444.0 eval=0 prior=0
[inst] req=5349376 hits=1774809 fwd=3490 rows=3572805 fwd_ms=207734.1 eval=0 prior=0
[inst] req=5357568 hits=1777445 fwd=3496 rows=3578949 fwd_ms=208099.7 eval=0 prior=0
[inst] req=5365760 hits=1780161 fwd=3501 rows=3584069 fwd_ms=208409.7 eval=0 prior=0
[inst] req=5373952 hits=1782907 fwd=3506 rows=3589189 fwd_ms=208690.4 eval=0 prior=0
[inst] req=5382144 hits=1785633 fwd=3512 rows=3595333 fwd_ms=209059.3 eval=0 prior=0
[inst] req=5390336 hits=1788310 fwd=3517 rows=3600453 fwd_ms=209381.3 eval=0 prior=0
[inst] req=5398528 hits=1790994 fwd=3522 rows=3605573 fwd_ms=209671.5 eval=0 prior=0
[inst] req=5406720 hits=1793705 fwd=3528 rows=3611717 fwd_ms=210017.8 eval=0 prior=0
[inst] req=5414912 hits=1796349 fwd=3533 rows=3616837 fwd_ms=210330.3 eval=0 prior=0
[inst] req=5423104 hits=1799096 fwd=3539 rows=3622981 fwd_ms=210689.4 eval=0 prior=0
[inst] req=5431296 hits=1801964 fwd=3544 rows=3628101 fwd_ms=211011.5 eval=0 prior=0
[inst] req=5439488 hits=1804707 fwd=3549 rows=3633221 fwd_ms=211311.1 eval=0 prior=0
[inst] req=5447680 hits=1807484 fwd=3554 rows=3638341 fwd_ms=211625.2 eval=0 prior=0
[inst] req=5455872 hits=1810290 fwd=3560 rows=3644485 fwd_ms=211971.5 eval=0 prior=0
[inst] req=5464064 hits=1813112 fwd=3565 rows=3649605 fwd_ms=212252.3 eval=0 prior=0
[inst] req=5472256 hits=1815858 fwd=3570 rows=3654725 fwd_ms=212532.9 eval=0 prior=0
[inst] req=5480448 hits=1818788 fwd=3575 rows=3659845 fwd_ms=212813.5 eval=0 prior=0
[inst] req=5488640 hits=1821602 fwd=3581 rows=3665989 fwd_ms=213163.0 eval=0 prior=0
[inst] req=5496832 hits=1824409 fwd=3586 rows=3671109 fwd_ms=213453.5 eval=0 prior=0
[inst] req=5505024 hits=1827171 fwd=3591 rows=3676229 fwd_ms=213753.1 eval=0 prior=0
[inst] req=5513216 hits=1829926 fwd=3596 rows=3681349 fwd_ms=214061.9 eval=0 prior=0
[inst] req=5521408 hits=1832770 fwd=3602 rows=3687493 fwd_ms=214430.3 eval=0 prior=0
[inst] req=5529600 hits=1835488 fwd=3607 rows=3692613 fwd_ms=214730.0 eval=0 prior=0
[inst] req=5537792 hits=1838171 fwd=3612 rows=3697733 fwd_ms=215010.7 eval=0 prior=0
[inst] req=5545984 hits=1840861 fwd=3618 rows=3703877 fwd_ms=215360.3 eval=0 prior=0
[inst] req=5554176 hits=1843440 fwd=3623 rows=3708997 fwd_ms=215640.8 eval=0 prior=0
[inst] req=5562368 hits=1846053 fwd=3629 rows=3715141 fwd_ms=215987.0 eval=0 prior=0
[inst] req=5570560 hits=1848602 fwd=3634 rows=3720261 fwd_ms=216267.6 eval=0 prior=0
[inst] req=5578752 hits=1851085 fwd=3640 rows=3726405 fwd_ms=216604.5 eval=0 prior=0
[inst] req=5586944 hits=1853597 fwd=3645 rows=3731525 fwd_ms=216885.0 eval=0 prior=0
[inst] req=5595136 hits=1856138 fwd=3651 rows=3737669 fwd_ms=217222.0 eval=0 prior=0
[inst] req=5603328 hits=1858627 fwd=3656 rows=3742789 fwd_ms=217502.9 eval=0 prior=0
[inst] req=5611520 hits=1861092 fwd=3662 rows=3748933 fwd_ms=217839.7 eval=0 prior=0
[inst] req=5619712 hits=1863611 fwd=3667 rows=3754053 fwd_ms=218139.4 eval=0 prior=0
[inst] req=5627904 hits=1866259 fwd=3673 rows=3760197 fwd_ms=218534.4 eval=0 prior=0
[inst] req=5636096 hits=1868872 fwd=3678 rows=3765317 fwd_ms=218834.5 eval=0 prior=0
[inst] req=5644288 hits=1871466 fwd=3684 rows=3771461 fwd_ms=219200.6 eval=0 prior=0
[inst] req=5652480 hits=1874098 fwd=3689 rows=3776581 fwd_ms=219510.3 eval=0 prior=0
[inst] req=5660672 hits=1876670 fwd=3695 rows=3782725 fwd_ms=219895.7 eval=0 prior=0
[inst] req=5668864 hits=1879228 fwd=3700 rows=3787845 fwd_ms=220224.6 eval=0 prior=0
[inst] req=5677056 hits=1881860 fwd=3706 rows=3793989 fwd_ms=220561.5 eval=0 prior=0
[inst] req=5685248 hits=1884459 fwd=3711 rows=3799109 fwd_ms=220852.2 eval=0 prior=0
[inst] req=5693440 hits=1887053 fwd=3717 rows=3805253 fwd_ms=221218.1 eval=0 prior=0
[inst] req=5701632 hits=1889668 fwd=3722 rows=3810373 fwd_ms=221536.9 eval=0 prior=0
[inst] req=5709824 hits=1892353 fwd=3727 rows=3815493 fwd_ms=221817.7 eval=0 prior=0
[inst] req=5718016 hits=1895035 fwd=3733 rows=3821637 fwd_ms=222173.7 eval=0 prior=0
[inst] req=5726208 hits=1897718 fwd=3738 rows=3826757 fwd_ms=222492.8 eval=0 prior=0
[inst] req=5734400 hits=1900343 fwd=3744 rows=3832901 fwd_ms=222858.6 eval=0 prior=0
[inst] req=5742592 hits=1903021 fwd=3749 rows=3838021 fwd_ms=223168.7 eval=0 prior=0
[inst] req=5750784 hits=1905753 fwd=3754 rows=3843141 fwd_ms=223459.4 eval=0 prior=0
[inst] req=5758976 hits=1908451 fwd=3760 rows=3849285 fwd_ms=223844.7 eval=0 prior=0
[inst] req=5767168 hits=1911179 fwd=3765 rows=3854405 fwd_ms=224144.9 eval=0 prior=0
[inst] req=5775360 hits=1913975 fwd=3770 rows=3859525 fwd_ms=224445.2 eval=0 prior=0
[inst] req=5783552 hits=1916801 fwd=3776 rows=3865669 fwd_ms=224782.3 eval=0 prior=0
[inst] req=5791744 hits=1919493 fwd=3781 rows=3870789 fwd_ms=225104.8 eval=0 prior=0
[inst] req=5799936 hits=1922281 fwd=3786 rows=3875909 fwd_ms=225414.0 eval=0 prior=0
[inst] req=5808128 hits=1925230 fwd=3791 rows=3881029 fwd_ms=225714.0 eval=0 prior=0
[inst] req=5816320 hits=1928146 fwd=3796 rows=3886149 fwd_ms=226004.5 eval=0 prior=0
[inst] req=5824512 hits=1930974 fwd=3802 rows=3892293 fwd_ms=226360.8 eval=0 prior=0
[inst] req=5832704 hits=1933812 fwd=3807 rows=3897413 fwd_ms=226641.5 eval=0 prior=0
[inst] req=5840896 hits=1936644 fwd=3812 rows=3902533 fwd_ms=226951.4 eval=0 prior=0
[inst] req=5849088 hits=1939416 fwd=3817 rows=3907653 fwd_ms=227241.7 eval=0 prior=0
[inst] req=5857280 hits=1942172 fwd=3823 rows=3913797 fwd_ms=227578.9 eval=0 prior=0
[inst] req=5865472 hits=1944894 fwd=3828 rows=3918917 fwd_ms=227878.7 eval=0 prior=0
[inst] req=5873664 hits=1947620 fwd=3833 rows=3924037 fwd_ms=228184.4 eval=0 prior=0
[inst] req=5881856 hits=1950286 fwd=3839 rows=3930181 fwd_ms=228539.9 eval=0 prior=0
[inst] req=5890048 hits=1953071 fwd=3844 rows=3935301 fwd_ms=228848.8 eval=0 prior=0
[inst] req=5898240 hits=1955736 fwd=3850 rows=3941445 fwd_ms=229243.2 eval=0 prior=0
[inst] req=5906432 hits=1958301 fwd=3855 rows=3946565 fwd_ms=229553.2 eval=0 prior=0
[inst] req=5914624 hits=1960949 fwd=3860 rows=3951685 fwd_ms=229833.8 eval=0 prior=0
[inst] req=5922816 hits=1963579 fwd=3866 rows=3957829 fwd_ms=230180.4 eval=0 prior=0
[inst] req=5931008 hits=1966099 fwd=3871 rows=3962949 fwd_ms=230499.2 eval=0 prior=0
[inst] req=5939200 hits=1968640 fwd=3877 rows=3969093 fwd_ms=230870.8 eval=0 prior=0
[inst] req=5947392 hits=1971189 fwd=3882 rows=3974213 fwd_ms=231192.8 eval=0 prior=0
[inst] req=5955584 hits=1973704 fwd=3888 rows=3980357 fwd_ms=231529.8 eval=0 prior=0
[inst] req=5963776 hits=1976248 fwd=3894 rows=3986501 fwd_ms=231867.0 eval=0 prior=0
[inst] req=5971968 hits=1978729 fwd=3899 rows=3991621 fwd_ms=232147.7 eval=0 prior=0
[inst] req=5980160 hits=1981364 fwd=3905 rows=3997765 fwd_ms=232484.4 eval=0 prior=0
[inst] req=5988352 hits=1983949 fwd=3910 rows=4002885 fwd_ms=232787.2 eval=0 prior=0
[inst] req=5996544 hits=1986498 fwd=3915 rows=4008005 fwd_ms=233067.9 eval=0 prior=0
[inst] req=6004736 hits=1989114 fwd=3921 rows=4014149 fwd_ms=233414.8 eval=0 prior=0
[inst] req=6012928 hits=1991721 fwd=3926 rows=4019269 fwd_ms=233705.6 eval=0 prior=0
[inst] req=6021120 hits=1994336 fwd=3932 rows=4025413 fwd_ms=234046.3 eval=0 prior=0
[inst] req=6029312 hits=1997024 fwd=3937 rows=4030533 fwd_ms=234327.6 eval=0 prior=0
[inst] req=6037504 hits=1999726 fwd=3943 rows=4036677 fwd_ms=234697.0 eval=0 prior=0
[inst] req=6045696 hits=2002653 fwd=3948 rows=4041797 fwd_ms=234997.3 eval=0 prior=0
[inst] req=6053888 hits=2005308 fwd=3953 rows=4046917 fwd_ms=235288.1 eval=0 prior=0
[inst] req=6062080 hits=2007937 fwd=3959 rows=4053061 fwd_ms=235654.0 eval=0 prior=0
[inst] req=6070272 hits=2010645 fwd=3964 rows=4058181 fwd_ms=235935.3 eval=0 prior=0
[inst] req=6078464 hits=2013255 fwd=3969 rows=4063301 fwd_ms=236226.2 eval=0 prior=0
[inst] req=6086656 hits=2015946 fwd=3975 rows=4069445 fwd_ms=236602.3 eval=0 prior=0
[inst] req=6094848 hits=2018627 fwd=3980 rows=4074565 fwd_ms=236893.0 eval=0 prior=0
[inst] req=6103040 hits=2021273 fwd=3986 rows=4080709 fwd_ms=237240.1 eval=0 prior=0
[inst] req=6111232 hits=2023923 fwd=3991 rows=4085829 fwd_ms=237545.1 eval=0 prior=0
[inst] req=6119424 hits=2026676 fwd=3996 rows=4090949 fwd_ms=237873.9 eval=0 prior=0
[inst] req=6127616 hits=2029427 fwd=4002 rows=4097093 fwd_ms=238240.0 eval=0 prior=0
[inst] req=6135808 hits=2032067 fwd=4007 rows=4102213 fwd_ms=238540.2 eval=0 prior=0
[inst] req=6144000 hits=2034851 fwd=4012 rows=4107333 fwd_ms=238821.5 eval=0 prior=0
[inst] req=6152192 hits=2037609 fwd=4018 rows=4113477 fwd_ms=239210.2 eval=0 prior=0
[inst] req=6160384 hits=2040373 fwd=4023 rows=4118597 fwd_ms=239504.2 eval=0 prior=0
[inst] req=6168576 hits=2043181 fwd=4028 rows=4123717 fwd_ms=239823.5 eval=0 prior=0
[inst] req=6176768 hits=2045994 fwd=4033 rows=4128837 fwd_ms=240123.6 eval=0 prior=0
[inst] req=6184960 hits=2048710 fwd=4039 rows=4134981 fwd_ms=240482.7 eval=0 prior=0
[inst] req=6193152 hits=2051528 fwd=4044 rows=4140101 fwd_ms=240802.3 eval=0 prior=0
[inst] req=6201344 hits=2054257 fwd=4049 rows=4145221 fwd_ms=241092.9 eval=0 prior=0
[inst] req=6209536 hits=2056934 fwd=4055 rows=4151365 fwd_ms=241478.2 eval=0 prior=0
[inst] req=6217728 hits=2059653 fwd=4060 rows=4156485 fwd_ms=241797.8 eval=0 prior=0
[inst] req=6225920 hits=2062378 fwd=4065 rows=4161605 fwd_ms=242117.0 eval=0 prior=0
[inst] req=6234112 hits=2065066 fwd=4071 rows=4167749 fwd_ms=242473.2 eval=0 prior=0
[inst] req=6242304 hits=2067659 fwd=4076 rows=4172869 fwd_ms=242773.0 eval=0 prior=0
[inst] req=6250496 hits=2070277 fwd=4082 rows=4179013 fwd_ms=243132.3 eval=0 prior=0
[inst] req=6258688 hits=2072903 fwd=4087 rows=4184133 fwd_ms=243422.9 eval=0 prior=0
[inst] req=6266880 hits=2075518 fwd=4093 rows=4190277 fwd_ms=243791.5 eval=0 prior=0
[inst] req=6275072 hits=2078074 fwd=4098 rows=4195397 fwd_ms=244082.1 eval=0 prior=0
[inst] req=6283264 hits=2080543 fwd=4104 rows=4201541 fwd_ms=244419.2 eval=0 prior=0
[inst] req=6291456 hits=2083061 fwd=4109 rows=4206661 fwd_ms=244700.3 eval=0 prior=0
[inst] req=6299648 hits=2085566 fwd=4115 rows=4212805 fwd_ms=245066.5 eval=0 prior=0
[inst] req=6307840 hits=2088146 fwd=4120 rows=4217925 fwd_ms=245366.7 eval=0 prior=0
[inst] req=6316032 hits=2090695 fwd=4126 rows=4224069 fwd_ms=245732.4 eval=0 prior=0
[inst] req=6324224 hits=2093237 fwd=4131 rows=4229189 fwd_ms=246013.4 eval=0 prior=0
[inst] req=6332416 hits=2095765 fwd=4137 rows=4235333 fwd_ms=246350.7 eval=0 prior=0
[inst] req=6340608 hits=2098295 fwd=4142 rows=4240453 fwd_ms=246632.0 eval=0 prior=0
[inst] req=6348800 hits=2100899 fwd=4148 rows=4246597 fwd_ms=246969.4 eval=0 prior=0
[inst] req=6356992 hits=2103548 fwd=4153 rows=4251717 fwd_ms=247250.7 eval=0 prior=0
[inst] req=6365184 hits=2106176 fwd=4159 rows=4257861 fwd_ms=247588.2 eval=0 prior=0
[inst] req=6373376 hits=2108844 fwd=4164 rows=4262981 fwd_ms=247879.1 eval=0 prior=0
[inst] req=6381568 hits=2111565 fwd=4169 rows=4268101 fwd_ms=248179.2 eval=0 prior=0
[inst] req=6389760 hits=2114194 fwd=4175 rows=4274245 fwd_ms=248516.5 eval=0 prior=0
[inst] req=6397952 hits=2116924 fwd=4180 rows=4279365 fwd_ms=248797.5 eval=0 prior=0
[inst] req=6406144 hits=2119738 fwd=4185 rows=4284485 fwd_ms=249110.6 eval=0 prior=0
[inst] req=6414336 hits=2122520 fwd=4191 rows=4290629 fwd_ms=249479.9 eval=0 prior=0
[inst] req=6422528 hits=2125157 fwd=4196 rows=4295749 fwd_ms=249796.0 eval=0 prior=0
[inst] req=6430720 hits=2127896 fwd=4201 rows=4300869 fwd_ms=250087.0 eval=0 prior=0
[inst] req=6438912 hits=2130566 fwd=4207 rows=4307013 fwd_ms=250424.8 eval=0 prior=0
[inst] req=6447104 hits=2133260 fwd=4212 rows=4312133 fwd_ms=250706.5 eval=0 prior=0
[inst] req=6455296 hits=2135998 fwd=4217 rows=4317253 fwd_ms=250987.7 eval=0 prior=0
[inst] req=6463488 hits=2138786 fwd=4223 rows=4323397 fwd_ms=251325.4 eval=0 prior=0
[inst] req=6471680 hits=2141488 fwd=4228 rows=4328517 fwd_ms=251606.7 eval=0 prior=0
[inst] req=6479872 hits=2144229 fwd=4233 rows=4333637 fwd_ms=251887.9 eval=0 prior=0
[inst] req=6488064 hits=2146994 fwd=4239 rows=4339781 fwd_ms=252240.6 eval=0 prior=0
[inst] req=6496256 hits=2149699 fwd=4244 rows=4344901 fwd_ms=252561.8 eval=0 prior=0
[inst] req=6504448 hits=2152489 fwd=4249 rows=4350021 fwd_ms=252840.5 eval=0 prior=0
[inst] req=6512640 hits=2155248 fwd=4255 rows=4356165 fwd_ms=253178.1 eval=0 prior=0
[inst] req=6520832 hits=2157973 fwd=4260 rows=4361285 fwd_ms=253479.1 eval=0 prior=0
[inst] req=6529024 hits=2160726 fwd=4265 rows=4366405 fwd_ms=253812.9 eval=0 prior=0
[inst] req=6537216 hits=2163487 fwd=4271 rows=4372549 fwd_ms=254158.0 eval=0 prior=0
[inst] req=6545408 hits=2166188 fwd=4276 rows=4377669 fwd_ms=254448.7 eval=0 prior=0
[inst] req=6553600 hits=2168921 fwd=4281 rows=4382789 fwd_ms=254778.9 eval=0 prior=0
[inst] req=6561792 hits=2171742 fwd=4287 rows=4388933 fwd_ms=255164.7 eval=0 prior=0
[inst] req=6569984 hits=2174448 fwd=4292 rows=4394053 fwd_ms=255465.8 eval=0 prior=0
[inst] req=6578176 hits=2177047 fwd=4297 rows=4399173 fwd_ms=255772.7 eval=0 prior=0
[inst] req=6586368 hits=2179671 fwd=4303 rows=4405317 fwd_ms=256145.5 eval=0 prior=0
[inst] req=6594560 hits=2182246 fwd=4308 rows=4410437 fwd_ms=256462.1 eval=0 prior=0
[inst] req=6602752 hits=2184818 fwd=4314 rows=4416581 fwd_ms=256824.8 eval=0 prior=0
[inst] req=6610944 hits=2187387 fwd=4319 rows=4421701 fwd_ms=257135.4 eval=0 prior=0
[inst] req=6619136 hits=2189957 fwd=4325 rows=4427845 fwd_ms=257538.7 eval=0 prior=0
[inst] req=6627328 hits=2192610 fwd=4330 rows=4432965 fwd_ms=257857.1 eval=0 prior=0
[inst] req=6635520 hits=2195117 fwd=4336 rows=4439109 fwd_ms=258248.5 eval=0 prior=0
[inst] req=6643712 hits=2197616 fwd=4341 rows=4444229 fwd_ms=258566.9 eval=0 prior=0
[inst] req=6651904 hits=2200139 fwd=4347 rows=4450373 fwd_ms=258910.5 eval=0 prior=0
[inst] req=6660096 hits=2202713 fwd=4352 rows=4455493 fwd_ms=259198.0 eval=0 prior=0
[inst] req=6668288 hits=2205273 fwd=4358 rows=4461637 fwd_ms=259531.7 eval=0 prior=0
[inst] req=6676480 hits=2207894 fwd=4363 rows=4466757 fwd_ms=259819.1 eval=0 prior=0
[inst] req=6684672 hits=2210531 fwd=4369 rows=4472901 fwd_ms=260152.7 eval=0 prior=0
[inst] req=6692864 hits=2213027 fwd=4374 rows=4478021 fwd_ms=260450.3 eval=0 prior=0
[inst] req=6701056 hits=2215634 fwd=4380 rows=4484165 fwd_ms=260783.9 eval=0 prior=0
[inst] req=6709248 hits=2218254 fwd=4385 rows=4489285 fwd_ms=261090.9 eval=0 prior=0
[inst] req=6717440 hits=2220848 fwd=4391 rows=4495429 fwd_ms=261424.8 eval=0 prior=0
[inst] req=6725632 hits=2223437 fwd=4396 rows=4500549 fwd_ms=261712.3 eval=0 prior=0
[inst] req=6733824 hits=2226033 fwd=4402 rows=4506693 fwd_ms=262069.8 eval=0 prior=0
[inst] req=6742016 hits=2228695 fwd=4407 rows=4511813 fwd_ms=262370.9 eval=0 prior=0
[inst] req=6750208 hits=2231398 fwd=4412 rows=4516933 fwd_ms=262706.4 eval=0 prior=0
[inst] req=6758400 hits=2234163 fwd=4418 rows=4523077 fwd_ms=263108.9 eval=0 prior=0
[inst] req=6766592 hits=2236789 fwd=4423 rows=4528197 fwd_ms=263444.4 eval=0 prior=0
[inst] req=6774784 hits=2239510 fwd=4428 rows=4533317 fwd_ms=263780.1 eval=0 prior=0
[inst] req=6782976 hits=2242219 fwd=4434 rows=4539461 fwd_ms=264173.1 eval=0 prior=0
[inst] req=6791168 hits=2244960 fwd=4439 rows=4544581 fwd_ms=264451.1 eval=0 prior=0
[inst] req=6799360 hits=2247613 fwd=4444 rows=4549701 fwd_ms=264757.9 eval=0 prior=0
[inst] req=6807552 hits=2250303 fwd=4450 rows=4555845 fwd_ms=265130.1 eval=0 prior=0
[inst] req=6815744 hits=2252986 fwd=4455 rows=4560965 fwd_ms=265409.3 eval=0 prior=0
[inst] req=6823936 hits=2255706 fwd=4461 rows=4567109 fwd_ms=265744.3 eval=0 prior=0
[inst] req=6832128 hits=2258395 fwd=4466 rows=4572229 fwd_ms=266034.1 eval=0 prior=0
[inst] req=6840320 hits=2261047 fwd=4471 rows=4577349 fwd_ms=266368.5 eval=0 prior=0
[inst] req=6848512 hits=2263839 fwd=4477 rows=4583493 fwd_ms=266734.5 eval=0 prior=0
[inst] req=6856704 hits=2266576 fwd=4482 rows=4588613 fwd_ms=267031.7 eval=0 prior=0
[inst] req=6864896 hits=2269297 fwd=4487 rows=4593733 fwd_ms=267310.2 eval=0 prior=0
[inst] req=6873088 hits=2271996 fwd=4493 rows=4599877 fwd_ms=267646.3 eval=0 prior=0
[inst] req=6881280 hits=2274757 fwd=4498 rows=4604997 fwd_ms=267926.2 eval=0 prior=0
[inst] req=6889472 hits=2277496 fwd=4503 rows=4610117 fwd_ms=268206.2 eval=0 prior=0
[inst] req=6897664 hits=2280209 fwd=4509 rows=4616261 fwd_ms=268542.3 eval=0 prior=0
[inst] req=6905856 hits=2282889 fwd=4514 rows=4621381 fwd_ms=268822.2 eval=0 prior=0
[inst] req=6914048 hits=2285595 fwd=4519 rows=4626501 fwd_ms=269102.0 eval=0 prior=0
[inst] req=6922240 hits=2288323 fwd=4525 rows=4632645 fwd_ms=269437.8 eval=0 prior=0
[inst] req=6930432 hits=2290998 fwd=4530 rows=4637765 fwd_ms=269717.6 eval=0 prior=0
[inst] req=6938624 hits=2293801 fwd=4535 rows=4642885 fwd_ms=269997.4 eval=0 prior=0
[inst] req=6946816 hits=2296600 fwd=4541 rows=4649029 fwd_ms=270333.3 eval=0 prior=0
[inst] req=6955008 hits=2299156 fwd=4546 rows=4654149 fwd_ms=270613.5 eval=0 prior=0
[inst] req=6963200 hits=2301789 fwd=4552 rows=4660293 fwd_ms=270949.6 eval=0 prior=0
[inst] req=6971392 hits=2304379 fwd=4557 rows=4665413 fwd_ms=271229.0 eval=0 prior=0
[inst] req=6979584 hits=2306899 fwd=4563 rows=4671557 fwd_ms=271564.6 eval=0 prior=0
[inst] req=6987776 hits=2309537 fwd=4568 rows=4676677 fwd_ms=271844.6 eval=0 prior=0
[inst] req=6995968 hits=2312051 fwd=4574 rows=4682821 fwd_ms=272180.1 eval=0 prior=0
[inst] req=7004160 hits=2314467 fwd=4579 rows=4687941 fwd_ms=272459.3 eval=0 prior=0
[inst] req=7012352 hits=2316990 fwd=4585 rows=4694085 fwd_ms=272794.5 eval=0 prior=0
[inst] req=7020544 hits=2319554 fwd=4590 rows=4699205 fwd_ms=273073.9 eval=0 prior=0
[inst] req=7028736 hits=2322178 fwd=4596 rows=4705349 fwd_ms=273409.6 eval=0 prior=0
[inst] req=7036928 hits=2324586 fwd=4601 rows=4710469 fwd_ms=273689.2 eval=0 prior=0
[inst] req=7045120 hits=2327137 fwd=4607 rows=4716613 fwd_ms=274024.8 eval=0 prior=0
[inst] req=7053312 hits=2329661 fwd=4612 rows=4721733 fwd_ms=274304.5 eval=0 prior=0
[inst] req=7061504 hits=2332188 fwd=4618 rows=4727877 fwd_ms=274640.1 eval=0 prior=0
[inst] req=7069696 hits=2334760 fwd=4623 rows=4732997 fwd_ms=274919.8 eval=0 prior=0
[inst] req=7077888 hits=2337354 fwd=4629 rows=4739141 fwd_ms=275255.5 eval=0 prior=0
[inst] req=7086080 hits=2339926 fwd=4634 rows=4744261 fwd_ms=275535.4 eval=0 prior=0
[inst] req=7094272 hits=2342548 fwd=4640 rows=4750405 fwd_ms=275903.1 eval=0 prior=0
[inst] req=7102464 hits=2345108 fwd=4645 rows=4755525 fwd_ms=276201.9 eval=0 prior=0
[inst] req=7110656 hits=2347718 fwd=4651 rows=4761669 fwd_ms=276537.8 eval=0 prior=0
[inst] req=7118848 hits=2350343 fwd=4656 rows=4766789 fwd_ms=276836.5 eval=0 prior=0
[inst] req=7127040 hits=2352948 fwd=4662 rows=4772933 fwd_ms=277181.9 eval=0 prior=0
[inst] req=7135232 hits=2355608 fwd=4667 rows=4778053 fwd_ms=277461.8 eval=0 prior=0
[inst] req=7143424 hits=2358232 fwd=4672 rows=4783173 fwd_ms=277741.7 eval=0 prior=0
[inst] req=7151616 hits=2361037 fwd=4678 rows=4789317 fwd_ms=278077.4 eval=0 prior=0
[inst] req=7159808 hits=2363813 fwd=4683 rows=4794437 fwd_ms=278357.5 eval=0 prior=0
[inst] req=7168000 hits=2366540 fwd=4688 rows=4799557 fwd_ms=278637.8 eval=0 prior=0
[inst] req=7176192 hits=2369188 fwd=4694 rows=4805701 fwd_ms=279002.3 eval=0 prior=0
[inst] req=7184384 hits=2371891 fwd=4699 rows=4810821 fwd_ms=279291.6 eval=0 prior=0
[inst] req=7192576 hits=2374666 fwd=4704 rows=4815941 fwd_ms=279590.5 eval=0 prior=0
[inst] req=7200768 hits=2377365 fwd=4710 rows=4822085 fwd_ms=279945.2 eval=0 prior=0
[inst] req=7208960 hits=2380147 fwd=4715 rows=4827205 fwd_ms=280225.0 eval=0 prior=0
[inst] req=7217152 hits=2382977 fwd=4720 rows=4832325 fwd_ms=280514.2 eval=0 prior=0
[inst] req=7225344 hits=2385695 fwd=4726 rows=4838469 fwd_ms=280896.9 eval=0 prior=0
[inst] req=7233536 hits=2388408 fwd=4731 rows=4843589 fwd_ms=281224.3 eval=0 prior=0
[inst] req=7241728 hits=2391170 fwd=4736 rows=4848709 fwd_ms=281503.8 eval=0 prior=0
[inst] req=7249920 hits=2393908 fwd=4742 rows=4854853 fwd_ms=281858.7 eval=0 prior=0
[inst] req=7258112 hits=2396579 fwd=4747 rows=4859973 fwd_ms=282147.7 eval=0 prior=0
[inst] req=7266304 hits=2399261 fwd=4752 rows=4865093 fwd_ms=282446.2 eval=0 prior=0
[inst] req=7274496 hits=2401888 fwd=4758 rows=4871237 fwd_ms=282819.9 eval=0 prior=0
[inst] req=7282688 hits=2404450 fwd=4763 rows=4876357 fwd_ms=283118.3 eval=0 prior=0
[inst] req=7290880 hits=2407061 fwd=4769 rows=4882501 fwd_ms=283482.3 eval=0 prior=0
[inst] req=7299072 hits=2409630 fwd=4774 rows=4887621 fwd_ms=283771.4 eval=0 prior=0
[inst] req=7307264 hits=2412168 fwd=4780 rows=4893765 fwd_ms=284106.8 eval=0 prior=0
[inst] req=7315456 hits=2414678 fwd=4785 rows=4898885 fwd_ms=284386.5 eval=0 prior=0
[inst] req=7323648 hits=2417194 fwd=4791 rows=4905029 fwd_ms=284721.5 eval=0 prior=0
[inst] req=7331840 hits=2419697 fwd=4796 rows=4910149 fwd_ms=285001.0 eval=0 prior=0
[inst] req=7340032 hits=2422270 fwd=4802 rows=4916293 fwd_ms=285336.0 eval=0 prior=0
[inst] req=7348224 hits=2424835 fwd=4807 rows=4921413 fwd_ms=285615.7 eval=0 prior=0
[inst] req=7356416 hits=2427385 fwd=4813 rows=4927557 fwd_ms=285951.2 eval=0 prior=0
[inst] req=7364608 hits=2429899 fwd=4818 rows=4932677 fwd_ms=286230.3 eval=0 prior=0
[inst] req=7372800 hits=2432428 fwd=4824 rows=4938821 fwd_ms=286565.4 eval=0 prior=0
[inst] req=7380992 hits=2435071 fwd=4829 rows=4943941 fwd_ms=286845.4 eval=0 prior=0
[inst] req=7389184 hits=2437596 fwd=4835 rows=4950085 fwd_ms=287181.0 eval=0 prior=0
[inst] req=7397376 hits=2440251 fwd=4840 rows=4955205 fwd_ms=287460.4 eval=0 prior=0
[inst] req=7405568 hits=2442953 fwd=4846 rows=4961349 fwd_ms=287795.9 eval=0 prior=0
[inst] req=7413760 hits=2445544 fwd=4851 rows=4966469 fwd_ms=288075.6 eval=0 prior=0
[inst] req=7421952 hits=2448167 fwd=4857 rows=4972613 fwd_ms=288411.1 eval=0 prior=0
[inst] req=7430144 hits=2450746 fwd=4862 rows=4977733 fwd_ms=288719.3 eval=0 prior=0
[inst] req=7438336 hits=2453434 fwd=4868 rows=4983877 fwd_ms=289095.9 eval=0 prior=0
[inst] req=7446528 hits=2456010 fwd=4873 rows=4988997 fwd_ms=289385.2 eval=0 prior=0
[inst] req=7454720 hits=2458653 fwd=4878 rows=4994117 fwd_ms=289665.1 eval=0 prior=0
[inst] req=7462912 hits=2461299 fwd=4884 rows=5000261 fwd_ms=290009.9 eval=0 prior=0
[inst] req=7471104 hits=2463853 fwd=4889 rows=5005381 fwd_ms=290289.8 eval=0 prior=0
[inst] req=7479296 hits=2466451 fwd=4895 rows=5011525 fwd_ms=290625.5 eval=0 prior=0
[inst] req=7487488 hits=2469182 fwd=4900 rows=5016645 fwd_ms=290905.4 eval=0 prior=0
[inst] req=7495680 hits=2471787 fwd=4906 rows=5022789 fwd_ms=291241.3 eval=0 prior=0
[inst] req=7503872 hits=2474478 fwd=4911 rows=5027909 fwd_ms=291521.3 eval=0 prior=0
[inst] req=7512064 hits=2477232 fwd=4916 rows=5033029 fwd_ms=291820.1 eval=0 prior=0
[inst] req=7520256 hits=2479985 fwd=4922 rows=5039173 fwd_ms=292193.9 eval=0 prior=0
[inst] req=7528448 hits=2482755 fwd=4927 rows=5044293 fwd_ms=292493.2 eval=0 prior=0
[inst] req=7536640 hits=2485428 fwd=4932 rows=5049413 fwd_ms=292773.0 eval=0 prior=0
[inst] req=7544832 hits=2488101 fwd=4938 rows=5055557 fwd_ms=293109.0 eval=0 prior=0
[inst] req=7553024 hits=2490815 fwd=4943 rows=5060677 fwd_ms=293388.9 eval=0 prior=0
[inst] req=7561216 hits=2493611 fwd=4948 rows=5065797 fwd_ms=293700.5 eval=0 prior=0
[inst] req=7569408 hits=2496397 fwd=4954 rows=5071941 fwd_ms=294036.3 eval=0 prior=0
[inst] req=7577600 hits=2499151 fwd=4959 rows=5077061 fwd_ms=294325.8 eval=0 prior=0
[inst] req=7585792 hits=2501898 fwd=4964 rows=5082181 fwd_ms=294643.5 eval=0 prior=0
[inst] req=7593984 hits=2504590 fwd=4970 rows=5088325 fwd_ms=294989.2 eval=0 prior=0
[inst] req=7602176 hits=2507377 fwd=4975 rows=5093445 fwd_ms=295278.4 eval=0 prior=0
[inst] req=7610368 hits=2510053 fwd=4980 rows=5098565 fwd_ms=295558.4 eval=0 prior=0
[inst] req=7618560 hits=2512720 fwd=4986 rows=5104709 fwd_ms=295894.1 eval=0 prior=0
[inst] req=7626752 hits=2515341 fwd=4991 rows=5109829 fwd_ms=296173.8 eval=0 prior=0
[inst] req=7634944 hits=2517962 fwd=4996 rows=5114949 fwd_ms=296453.7 eval=0 prior=0
[inst] req=7643136 hits=2520677 fwd=5002 rows=5121093 fwd_ms=296789.7 eval=0 prior=0
[inst] req=7651328 hits=2523343 fwd=5007 rows=5126213 fwd_ms=297069.6 eval=0 prior=0
[inst] req=7659520 hits=2525976 fwd=5013 rows=5132357 fwd_ms=297405.6 eval=0 prior=0
[inst] req=7667712 hits=2528664 fwd=5018 rows=5137477 fwd_ms=297685.8 eval=0 prior=0
[inst] req=7675904 hits=2531235 fwd=5024 rows=5143621 fwd_ms=298022.2 eval=0 prior=0
[inst] req=7684096 hits=2533829 fwd=5029 rows=5148741 fwd_ms=298302.5 eval=0 prior=0
[inst] req=7692288 hits=2536393 fwd=5034 rows=5153861 fwd_ms=298582.9 eval=0 prior=0
[inst] req=7700480 hits=2538981 fwd=5040 rows=5160005 fwd_ms=298919.6 eval=0 prior=0
[inst] req=7708672 hits=2541458 fwd=5046 rows=5166149 fwd_ms=299255.9 eval=0 prior=0
[inst] req=7716864 hits=2543892 fwd=5051 rows=5171269 fwd_ms=299535.9 eval=0 prior=0
[inst] req=7725056 hits=2546345 fwd=5057 rows=5177413 fwd_ms=299871.9 eval=0 prior=0
[inst] req=7733248 hits=2548976 fwd=5062 rows=5182533 fwd_ms=300151.8 eval=0 prior=0
[inst] req=7741440 hits=2551495 fwd=5068 rows=5188677 fwd_ms=300487.7 eval=0 prior=0
[inst] req=7749632 hits=2553999 fwd=5073 rows=5193797 fwd_ms=300767.7 eval=0 prior=0
[inst] req=7757824 hits=2556606 fwd=5079 rows=5199941 fwd_ms=301103.6 eval=0 prior=0
[inst] req=7766016 hits=2559206 fwd=5084 rows=5205061 fwd_ms=301383.5 eval=0 prior=0
[inst] req=7774208 hits=2561933 fwd=5090 rows=5211205 fwd_ms=301748.0 eval=0 prior=0
[inst] req=7782400 hits=2564554 fwd=5095 rows=5216325 fwd_ms=302027.8 eval=0 prior=0
[inst] req=7790592 hits=2567163 fwd=5100 rows=5221445 fwd_ms=302307.6 eval=0 prior=0
[inst] req=7798784 hits=2569747 fwd=5106 rows=5227589 fwd_ms=302643.4 eval=0 prior=0
[inst] req=7806976 hits=2572323 fwd=5111 rows=5232709 fwd_ms=302923.3 eval=0 prior=0
[inst] req=7815168 hits=2574902 fwd=5117 rows=5238853 fwd_ms=303278.0 eval=0 prior=0
[inst] req=7823360 hits=2577489 fwd=5122 rows=5243973 fwd_ms=303557.8 eval=0 prior=0
[inst] req=7831552 hits=2580025 fwd=5128 rows=5250117 fwd_ms=303931.9 eval=0 prior=0
[inst] req=7839744 hits=2582711 fwd=5133 rows=5255237 fwd_ms=304211.9 eval=0 prior=0
[inst] req=7847936 hits=2585371 fwd=5139 rows=5261381 fwd_ms=304557.5 eval=0 prior=0
[inst] req=7856128 hits=2588010 fwd=5144 rows=5266501 fwd_ms=304866.0 eval=0 prior=0
[inst] req=7864320 hits=2590806 fwd=5149 rows=5271621 fwd_ms=305145.8 eval=0 prior=0
[inst] req=7872512 hits=2593473 fwd=5155 rows=5277765 fwd_ms=305510.1 eval=0 prior=0
[inst] req=7880704 hits=2596153 fwd=5160 rows=5282885 fwd_ms=305799.9 eval=0 prior=0
[inst] req=7888896 hits=2598852 fwd=5165 rows=5288005 fwd_ms=306079.9 eval=0 prior=0
[inst] req=7897088 hits=2601538 fwd=5171 rows=5294149 fwd_ms=306434.6 eval=0 prior=0
[inst] req=7905280 hits=2604203 fwd=5176 rows=5299269 fwd_ms=306733.6 eval=0 prior=0
[inst] req=7913472 hits=2606892 fwd=5182 rows=5305413 fwd_ms=307079.2 eval=0 prior=0
[inst] req=7921664 hits=2609578 fwd=5187 rows=5310533 fwd_ms=307368.6 eval=0 prior=0
[inst] req=7929856 hits=2612240 fwd=5192 rows=5315653 fwd_ms=307648.4 eval=0 prior=0
[inst] req=7938048 hits=2615096 fwd=5198 rows=5321797 fwd_ms=308003.6 eval=0 prior=0
[inst] req=7946240 hits=2617809 fwd=5203 rows=5326917 fwd_ms=308283.7 eval=0 prior=0
[inst] req=7954432 hits=2620576 fwd=5208 rows=5332037 fwd_ms=308563.6 eval=0 prior=0
[inst] req=7962624 hits=2623310 fwd=5214 rows=5338181 fwd_ms=308899.5 eval=0 prior=0
[inst] req=7970816 hits=2626017 fwd=5219 rows=5343301 fwd_ms=309179.5 eval=0 prior=0
[inst] req=7979008 hits=2628679 fwd=5224 rows=5348421 fwd_ms=309459.5 eval=0 prior=0
[inst] req=7987200 hits=2631301 fwd=5230 rows=5354565 fwd_ms=309795.4 eval=0 prior=0
[inst] req=7995392 hits=2633902 fwd=5235 rows=5359685 fwd_ms=310075.3 eval=0 prior=0
[inst] req=8003584 hits=2636484 fwd=5241 rows=5365829 fwd_ms=310420.8 eval=0 prior=0
[inst] req=8011776 hits=2639044 fwd=5246 rows=5370949 fwd_ms=310729.3 eval=0 prior=0
[inst] req=8019968 hits=2641625 fwd=5252 rows=5377093 fwd_ms=311065.3 eval=0 prior=0
[inst] req=8028160 hits=2644215 fwd=5257 rows=5382213 fwd_ms=311345.2 eval=0 prior=0
[inst] req=8036352 hits=2646861 fwd=5263 rows=5388357 fwd_ms=311681.3 eval=0 prior=0
[inst] req=8044544 hits=2649478 fwd=5268 rows=5393477 fwd_ms=311961.3 eval=0 prior=0
[inst] req=8052736 hits=2652001 fwd=5274 rows=5399621 fwd_ms=312297.1 eval=0 prior=0
[inst] req=8060928 hits=2654521 fwd=5279 rows=5404741 fwd_ms=312577.0 eval=0 prior=0
[inst] req=8069120 hits=2657083 fwd=5285 rows=5410885 fwd_ms=312913.0 eval=0 prior=0
[inst] req=8077312 hits=2659681 fwd=5290 rows=5416005 fwd_ms=313192.9 eval=0 prior=0
[inst] req=8085504 hits=2662215 fwd=5296 rows=5422149 fwd_ms=313528.7 eval=0 prior=0
[inst] req=8093696 hits=2664724 fwd=5301 rows=5427269 fwd_ms=313808.6 eval=0 prior=0
[inst] req=8101888 hits=2667309 fwd=5307 rows=5433413 fwd_ms=314144.5 eval=0 prior=0
[inst] req=8110080 hits=2669881 fwd=5312 rows=5438533 fwd_ms=314424.5 eval=0 prior=0
[inst] req=8118272 hits=2672438 fwd=5318 rows=5444677 fwd_ms=314760.4 eval=0 prior=0
[inst] req=8126464 hits=2674981 fwd=5323 rows=5449797 fwd_ms=315040.3 eval=0 prior=0
[inst] req=8134656 hits=2677637 fwd=5329 rows=5455941 fwd_ms=315376.3 eval=0 prior=0
[inst] req=8142848 hits=2680136 fwd=5334 rows=5461061 fwd_ms=315656.3 eval=0 prior=0
[inst] req=8151040 hits=2682855 fwd=5339 rows=5466181 fwd_ms=315936.2 eval=0 prior=0
[inst] req=8159232 hits=2685440 fwd=5345 rows=5472325 fwd_ms=316272.1 eval=0 prior=0
[inst] req=8167424 hits=2688071 fwd=5350 rows=5477445 fwd_ms=316552.1 eval=0 prior=0
[inst] req=8175616 hits=2690611 fwd=5356 rows=5483589 fwd_ms=316888.1 eval=0 prior=0
[inst] req=8183808 hits=2693288 fwd=5361 rows=5488709 fwd_ms=317168.1 eval=0 prior=0
[inst] req=8192000 hits=2695855 fwd=5367 rows=5494853 fwd_ms=317504.1 eval=0 prior=0
[inst] req=8200192 hits=2698475 fwd=5372 rows=5499973 fwd_ms=317784.2 eval=0 prior=0
[inst] req=8208384 hits=2701124 fwd=5378 rows=5506117 fwd_ms=318120.1 eval=0 prior=0
[inst] req=8216576 hits=2703802 fwd=5383 rows=5511237 fwd_ms=318400.1 eval=0 prior=0
[inst] req=8224768 hits=2706489 fwd=5388 rows=5516357 fwd_ms=318680.1 eval=0 prior=0
[inst] req=8232960 hits=2709193 fwd=5394 rows=5522501 fwd_ms=319015.6 eval=0 prior=0
[inst] req=8241152 hits=2711893 fwd=5399 rows=5527621 fwd_ms=319295.0 eval=0 prior=0
[inst] req=8249344 hits=2714735 fwd=5404 rows=5532741 fwd_ms=319574.9 eval=0 prior=0
[inst] req=8257536 hits=2717461 fwd=5410 rows=5538885 fwd_ms=319910.2 eval=0 prior=0
[inst] req=8265728 hits=2720187 fwd=5415 rows=5544005 fwd_ms=320189.7 eval=0 prior=0
[inst] req=8273920 hits=2722915 fwd=5420 rows=5549125 fwd_ms=320469.3 eval=0 prior=0
[inst] req=8282112 hits=2725689 fwd=5426 rows=5555269 fwd_ms=320804.1 eval=0 prior=0
[inst] req=8290304 hits=2728453 fwd=5431 rows=5560389 fwd_ms=321083.3 eval=0 prior=0
[inst] req=8298496 hits=2731106 fwd=5436 rows=5565509 fwd_ms=321362.4 eval=0 prior=0
[inst] req=8306688 hits=2733793 fwd=5442 rows=5571653 fwd_ms=321698.1 eval=0 prior=0
[inst] req=8314880 hits=2736361 fwd=5447 rows=5576773 fwd_ms=321978.6 eval=0 prior=0
[inst] req=8323072 hits=2738961 fwd=5453 rows=5582917 fwd_ms=322315.5 eval=0 prior=0
[inst] req=8331264 hits=2741575 fwd=5458 rows=5588037 fwd_ms=322596.0 eval=0 prior=0
[inst] req=8339456 hits=2744232 fwd=5464 rows=5594181 fwd_ms=322930.8 eval=0 prior=0
[inst] req=8347648 hits=2746864 fwd=5469 rows=5599301 fwd_ms=323210.0 eval=0 prior=0
[inst] req=8355840 hits=2749542 fwd=5474 rows=5604421 fwd_ms=323489.3 eval=0 prior=0
[inst] req=8364032 hits=2752133 fwd=5480 rows=5610565 fwd_ms=323824.2 eval=0 prior=0
[inst] req=8372224 hits=2754735 fwd=5485 rows=5615685 fwd_ms=324103.4 eval=0 prior=0
[inst] req=8380416 hits=2757243 fwd=5491 rows=5621829 fwd_ms=324438.8 eval=0 prior=0
[inst] req=8388608 hits=2759765 fwd=5496 rows=5626949 fwd_ms=324719.2 eval=0 prior=0
[inst] req=8396800 hits=2762281 fwd=5502 rows=5633093 fwd_ms=325055.7 eval=0 prior=0
[inst] req=8404992 hits=2764892 fwd=5507 rows=5638213 fwd_ms=325336.1 eval=0 prior=0
[inst] req=8413184 hits=2767584 fwd=5513 rows=5644357 fwd_ms=325672.5 eval=0 prior=0
[inst] req=8421376 hits=2770127 fwd=5518 rows=5649477 fwd_ms=325953.2 eval=0 prior=0
[inst] req=8429568 hits=2772724 fwd=5524 rows=5655621 fwd_ms=326289.8 eval=0 prior=0
[inst] req=8437760 hits=2775294 fwd=5529 rows=5660741 fwd_ms=326570.3 eval=0 prior=0
[inst] req=8445952 hits=2777840 fwd=5535 rows=5666885 fwd_ms=326907.0 eval=0 prior=0
[inst] req=8454144 hits=2780413 fwd=5540 rows=5672005 fwd_ms=327187.4 eval=0 prior=0
[inst] req=8462336 hits=2783044 fwd=5546 rows=5678149 fwd_ms=327524.0 eval=0 prior=0
[inst] req=8470528 hits=2785615 fwd=5551 rows=5683269 fwd_ms=327804.5 eval=0 prior=0
[inst] req=8478720 hits=2788211 fwd=5557 rows=5689413 fwd_ms=328141.0 eval=0 prior=0
[inst] req=8486912 hits=2790802 fwd=5562 rows=5694533 fwd_ms=328421.3 eval=0 prior=0
[inst] req=8495104 hits=2793429 fwd=5567 rows=5699653 fwd_ms=328701.5 eval=0 prior=0
[inst] req=8503296 hits=2795890 fwd=5573 rows=5705797 fwd_ms=329038.2 eval=0 prior=0
[inst] req=8511488 hits=2798451 fwd=5579 rows=5711941 fwd_ms=329374.8 eval=0 prior=0
[inst] req=8519680 hits=2801020 fwd=5584 rows=5717061 fwd_ms=329655.2 eval=0 prior=0
[inst] req=8527872 hits=2803642 fwd=5590 rows=5723205 fwd_ms=329991.9 eval=0 prior=0
[inst] req=8536064 hits=2806261 fwd=5595 rows=5728325 fwd_ms=330272.4 eval=0 prior=0
[inst] req=8544256 hits=2808876 fwd=5600 rows=5733445 fwd_ms=330553.0 eval=0 prior=0
[inst] req=8552448 hits=2811475 fwd=5606 rows=5739589 fwd_ms=330889.5 eval=0 prior=0
[inst] req=8560640 hits=2814149 fwd=5611 rows=5744709 fwd_ms=331169.9 eval=0 prior=0
[inst] req=8568832 hits=2816801 fwd=5617 rows=5750853 fwd_ms=331506.5 eval=0 prior=0
[inst] req=8577024 hits=2819397 fwd=5622 rows=5755973 fwd_ms=331787.0 eval=0 prior=0
[inst] req=8585216 hits=2822037 fwd=5628 rows=5762117 fwd_ms=332123.6 eval=0 prior=0
[inst] req=8593408 hits=2824707 fwd=5633 rows=5767237 fwd_ms=332404.1 eval=0 prior=0
[inst] req=8601600 hits=2827440 fwd=5638 rows=5772357 fwd_ms=332684.7 eval=0 prior=0
[inst] req=8609792 hits=2830222 fwd=5644 rows=5778501 fwd_ms=333021.6 eval=0 prior=0
[inst] req=8617984 hits=2832912 fwd=5649 rows=5783621 fwd_ms=333302.2 eval=0 prior=0
[inst] req=8626176 hits=2835598 fwd=5654 rows=5788741 fwd_ms=333582.7 eval=0 prior=0
[inst] req=8634368 hits=2838268 fwd=5660 rows=5794885 fwd_ms=333919.0 eval=0 prior=0
[inst] req=8642560 hits=2840932 fwd=5665 rows=5800005 fwd_ms=334199.4 eval=0 prior=0
[inst] req=8650752 hits=2843633 fwd=5670 rows=5805125 fwd_ms=334480.2 eval=0 prior=0
[inst] req=8658944 hits=2846431 fwd=5676 rows=5811269 fwd_ms=334816.4 eval=0 prior=0
[inst] req=8667136 hits=2849116 fwd=5681 rows=5816389 fwd_ms=335095.7 eval=0 prior=0
[inst] req=8675328 hits=2851846 fwd=5686 rows=5821509 fwd_ms=335375.0 eval=0 prior=0
[inst] req=8683520 hits=2854508 fwd=5692 rows=5827653 fwd_ms=335710.0 eval=0 prior=0
[inst] req=8691712 hits=2857273 fwd=5697 rows=5832773 fwd_ms=335988.8 eval=0 prior=0
[inst] req=8699904 hits=2859902 fwd=5703 rows=5838917 fwd_ms=336323.8 eval=0 prior=0
[inst] req=8708096 hits=2862538 fwd=5708 rows=5844037 fwd_ms=336602.9 eval=0 prior=0
[inst] req=8716288 hits=2865171 fwd=5713 rows=5849157 fwd_ms=336882.1 eval=0 prior=0
[inst] req=8724480 hits=2867721 fwd=5719 rows=5855301 fwd_ms=337217.1 eval=0 prior=0
[inst] req=8732672 hits=2870251 fwd=5724 rows=5860421 fwd_ms=337496.3 eval=0 prior=0
[inst] req=8740864 hits=2872778 fwd=5730 rows=5866565 fwd_ms=337831.4 eval=0 prior=0
[inst] req=8749056 hits=2875380 fwd=5735 rows=5871685 fwd_ms=338110.4 eval=0 prior=0
[inst] req=8757248 hits=2877871 fwd=5741 rows=5877829 fwd_ms=338445.2 eval=0 prior=0
[inst] req=8765440 hits=2880466 fwd=5746 rows=5882949 fwd_ms=338724.4 eval=0 prior=0
[inst] req=8773632 hits=2883087 fwd=5752 rows=5889093 fwd_ms=339059.5 eval=0 prior=0
[inst] req=8781824 hits=2885845 fwd=5757 rows=5894213 fwd_ms=339338.7 eval=0 prior=0
[inst] req=8790016 hits=2888460 fwd=5763 rows=5900357 fwd_ms=339673.6 eval=0 prior=0
[inst] req=8798208 hits=2890971 fwd=5768 rows=5905477 fwd_ms=339952.7 eval=0 prior=0
[inst] req=8806400 hits=2893536 fwd=5774 rows=5911621 fwd_ms=340287.7 eval=0 prior=0
[inst] req=8814592 hits=2896118 fwd=5779 rows=5916741 fwd_ms=340566.8 eval=0 prior=0
[inst] req=8822784 hits=2898606 fwd=5785 rows=5922885 fwd_ms=340901.7 eval=0 prior=0
[inst] req=8830976 hits=2901285 fwd=5790 rows=5928005 fwd_ms=341180.9 eval=0 prior=0
[inst] req=8839168 hits=2903975 fwd=5796 rows=5934149 fwd_ms=341515.7 eval=0 prior=0
[inst] req=8847360 hits=2906568 fwd=5801 rows=5939269 fwd_ms=341794.6 eval=0 prior=0
[inst] req=8855552 hits=2909159 fwd=5806 rows=5944389 fwd_ms=342073.7 eval=0 prior=0
[inst] req=8863744 hits=2911812 fwd=5812 rows=5950533 fwd_ms=342408.6 eval=0 prior=0
[inst] req=8871936 hits=2914544 fwd=5817 rows=5955653 fwd_ms=342687.9 eval=0 prior=0
[inst] req=8880128 hits=2917150 fwd=5823 rows=5961797 fwd_ms=343022.8 eval=0 prior=0
[inst] req=8888320 hits=2919809 fwd=5828 rows=5966917 fwd_ms=343302.2 eval=0 prior=0
[inst] req=8896512 hits=2922465 fwd=5833 rows=5972037 fwd_ms=343581.5 eval=0 prior=0
[inst] req=8904704 hits=2925165 fwd=5839 rows=5978181 fwd_ms=343916.6 eval=0 prior=0
[inst] req=8912896 hits=2927855 fwd=5844 rows=5983301 fwd_ms=344196.0 eval=0 prior=0
[inst] req=8921088 hits=2930477 fwd=5850 rows=5989445 fwd_ms=344531.2 eval=0 prior=0
[inst] req=8929280 hits=2933168 fwd=5855 rows=5994565 fwd_ms=344810.5 eval=0 prior=0
[inst] req=8937472 hits=2935917 fwd=5860 rows=5999685 fwd_ms=345089.9 eval=0 prior=0
[inst] req=8945664 hits=2938695 fwd=5866 rows=6005829 fwd_ms=345425.5 eval=0 prior=0
[inst] req=8953856 hits=2941420 fwd=5871 rows=6010949 fwd_ms=345705.5 eval=0 prior=0
[inst] req=8962048 hits=2944052 fwd=5876 rows=6016069 fwd_ms=345985.5 eval=0 prior=0
[inst] req=8970240 hits=2946757 fwd=5882 rows=6022213 fwd_ms=346321.1 eval=0 prior=0
[inst] req=8978432 hits=2949495 fwd=5887 rows=6027333 fwd_ms=346600.9 eval=0 prior=0
[inst] req=8986624 hits=2952121 fwd=5893 rows=6033477 fwd_ms=346936.5 eval=0 prior=0
[inst] req=8994816 hits=2954825 fwd=5898 rows=6038597 fwd_ms=347216.2 eval=0 prior=0
[inst] req=9003008 hits=2957426 fwd=5903 rows=6043717 fwd_ms=347495.8 eval=0 prior=0
[inst] req=9011200 hits=2960077 fwd=5909 rows=6049861 fwd_ms=347831.1 eval=0 prior=0
[inst] req=9019392 hits=2962782 fwd=5914 rows=6054981 fwd_ms=348110.8 eval=0 prior=0
[inst] req=9027584 hits=2965524 fwd=5919 rows=6060101 fwd_ms=348390.3 eval=0 prior=0
[inst] req=9035776 hits=2968152 fwd=5925 rows=6066245 fwd_ms=348725.9 eval=0 prior=0
[inst] req=9043968 hits=2970792 fwd=5930 rows=6071365 fwd_ms=349005.3 eval=0 prior=0
[inst] req=9052160 hits=2973411 fwd=5936 rows=6077509 fwd_ms=349340.8 eval=0 prior=0
[inst] req=9060352 hits=2975945 fwd=5941 rows=6082629 fwd_ms=349620.2 eval=0 prior=0
[inst] req=9068544 hits=2978559 fwd=5947 rows=6088773 fwd_ms=349955.7 eval=0 prior=0
[inst] req=9076736 hits=2981159 fwd=5952 rows=6093893 fwd_ms=350235.3 eval=0 prior=0
[inst] req=9084928 hits=2983753 fwd=5958 rows=6100037 fwd_ms=350570.8 eval=0 prior=0
[inst] req=9093120 hits=2986504 fwd=5963 rows=6105157 fwd_ms=350850.5 eval=0 prior=0
[inst] req=9101312 hits=2989180 fwd=5968 rows=6110277 fwd_ms=351130.1 eval=0 prior=0
[inst] req=9109504 hits=2991758 fwd=5974 rows=6116421 fwd_ms=351465.6 eval=0 prior=0
[inst] req=9117696 hits=2994266 fwd=5979 rows=6121541 fwd_ms=351745.1 eval=0 prior=0
[inst] req=9125888 hits=2996823 fwd=5985 rows=6127685 fwd_ms=352080.5 eval=0 prior=0
[inst] req=9134080 hits=2999365 fwd=5990 rows=6132805 fwd_ms=352360.1 eval=0 prior=0
[inst] req=9142272 hits=3001874 fwd=5996 rows=6138949 fwd_ms=352695.5 eval=0 prior=0
[inst] req=9150464 hits=3004422 fwd=6001 rows=6144069 fwd_ms=352974.9 eval=0 prior=0
[inst] req=9158656 hits=3007091 fwd=6007 rows=6150213 fwd_ms=353310.1 eval=0 prior=0
[inst] req=9166848 hits=3009720 fwd=6012 rows=6155333 fwd_ms=353589.4 eval=0 prior=0
[inst] req=9175040 hits=3012345 fwd=6018 rows=6161477 fwd_ms=353924.5 eval=0 prior=0
[inst] req=9183232 hits=3015138 fwd=6023 rows=6166597 fwd_ms=354204.1 eval=0 prior=0
[inst] req=9191424 hits=3017939 fwd=6028 rows=6171717 fwd_ms=354483.7 eval=0 prior=0
[inst] req=9199616 hits=3020769 fwd=6033 rows=6176837 fwd_ms=354763.3 eval=0 prior=0
[inst] req=9207808 hits=3023437 fwd=6039 rows=6182981 fwd_ms=355098.7 eval=0 prior=0
[inst] req=9216000 hits=3026114 fwd=6044 rows=6188101 fwd_ms=355378.2 eval=0 prior=0
[inst] req=9224192 hits=3028756 fwd=6050 rows=6194245 fwd_ms=355713.6 eval=0 prior=0
[inst] req=9232384 hits=3031352 fwd=6055 rows=6199365 fwd_ms=355993.0 eval=0 prior=0
[inst] req=9240576 hits=3033927 fwd=6061 rows=6205509 fwd_ms=356328.3 eval=0 prior=0
[inst] req=9248768 hits=3036530 fwd=6066 rows=6210629 fwd_ms=356607.8 eval=0 prior=0
[inst] req=9256960 hits=3039199 fwd=6071 rows=6215749 fwd_ms=356887.5 eval=0 prior=0
[inst] req=9265152 hits=3041859 fwd=6077 rows=6221893 fwd_ms=357223.0 eval=0 prior=0
[inst] req=9273344 hits=3044523 fwd=6082 rows=6227013 fwd_ms=357502.6 eval=0 prior=0
[inst] req=9281536 hits=3047171 fwd=6088 rows=6233157 fwd_ms=357838.0 eval=0 prior=0
[inst] req=9289728 hits=3049856 fwd=6093 rows=6238277 fwd_ms=358117.6 eval=0 prior=0
[inst] req=9297920 hits=3052515 fwd=6098 rows=6243397 fwd_ms=358397.1 eval=0 prior=0
[inst] req=9306112 hits=3055304 fwd=6104 rows=6249541 fwd_ms=358732.3 eval=0 prior=0
[inst] req=9314304 hits=3057986 fwd=6109 rows=6254661 fwd_ms=359011.9 eval=0 prior=0
[inst] req=9322496 hits=3060653 fwd=6115 rows=6260805 fwd_ms=359347.3 eval=0 prior=0
[inst] req=9330688 hits=3063380 fwd=6120 rows=6265925 fwd_ms=359626.7 eval=0 prior=0
[inst] req=9338880 hits=3066081 fwd=6125 rows=6271045 fwd_ms=359906.0 eval=0 prior=0
[inst] req=9347072 hits=3068882 fwd=6130 rows=6276165 fwd_ms=360185.7 eval=0 prior=0
[inst] req=9355264 hits=3071811 fwd=6136 rows=6282309 fwd_ms=360521.1 eval=0 prior=0
[inst] req=9363456 hits=3074426 fwd=6141 rows=6287429 fwd_ms=360800.7 eval=0 prior=0
[inst] req=9371648 hits=3077058 fwd=6146 rows=6292549 fwd_ms=361080.2 eval=0 prior=0
[inst] req=9379840 hits=3079715 fwd=6152 rows=6298693 fwd_ms=361415.7 eval=0 prior=0
[inst] req=9388032 hits=3082306 fwd=6157 rows=6303813 fwd_ms=361695.1 eval=0 prior=0
[inst] req=9396224 hits=3084905 fwd=6163 rows=6309957 fwd_ms=362030.5 eval=0 prior=0
[inst] req=9404416 hits=3087427 fwd=6168 rows=6315077 fwd_ms=362309.9 eval=0 prior=0
[inst] req=9412608 hits=3089996 fwd=6174 rows=6321221 fwd_ms=362645.9 eval=0 prior=0
[inst] req=9420800 hits=3092631 fwd=6179 rows=6326341 fwd_ms=362926.5 eval=0 prior=0
[inst] req=9428992 hits=3095330 fwd=6185 rows=6332485 fwd_ms=363263.3 eval=0 prior=0
[inst] req=9437184 hits=3097957 fwd=6190 rows=6337605 fwd_ms=363543.9 eval=0 prior=0
[inst] req=9445376 hits=3100654 fwd=6195 rows=6342725 fwd_ms=363824.5 eval=0 prior=0
[inst] req=9453568 hits=3103233 fwd=6201 rows=6348869 fwd_ms=364161.4 eval=0 prior=0
[inst] req=9461760 hits=3105834 fwd=6206 rows=6353989 fwd_ms=364441.9 eval=0 prior=0
[inst] req=9469952 hits=3108493 fwd=6212 rows=6360133 fwd_ms=364778.7 eval=0 prior=0
[inst] req=9478144 hits=3111109 fwd=6217 rows=6365253 fwd_ms=365059.2 eval=0 prior=0
[inst] req=9486336 hits=3113733 fwd=6223 rows=6371397 fwd_ms=365395.9 eval=0 prior=0
[inst] req=9494528 hits=3116265 fwd=6228 rows=6376517 fwd_ms=365676.6 eval=0 prior=0
[inst] req=9502720 hits=3118906 fwd=6234 rows=6382661 fwd_ms=366013.3 eval=0 prior=0
[inst] req=9510912 hits=3121435 fwd=6239 rows=6387781 fwd_ms=366293.8 eval=0 prior=0
[inst] req=9519104 hits=3124074 fwd=6245 rows=6393925 fwd_ms=366630.7 eval=0 prior=0
[inst] req=9527296 hits=3126774 fwd=6250 rows=6399045 fwd_ms=366911.4 eval=0 prior=0
[inst] req=9535488 hits=3129415 fwd=6255 rows=6404165 fwd_ms=367190.8 eval=0 prior=0
[inst] req=9543680 hits=3132105 fwd=6261 rows=6410309 fwd_ms=367526.1 eval=0 prior=0
[inst] req=9551872 hits=3134801 fwd=6266 rows=6415429 fwd_ms=367805.8 eval=0 prior=0
[inst] req=9560064 hits=3137445 fwd=6272 rows=6421573 fwd_ms=368141.1 eval=0 prior=0
[inst] req=9568256 hits=3140151 fwd=6277 rows=6426693 fwd_ms=368420.6 eval=0 prior=0
[inst] req=9576448 hits=3142740 fwd=6282 rows=6431813 fwd_ms=368700.0 eval=0 prior=0
[inst] req=9584640 hits=3145472 fwd=6288 rows=6437957 fwd_ms=369035.5 eval=0 prior=0
[inst] req=9592832 hits=3148190 fwd=6293 rows=6443077 fwd_ms=369315.1 eval=0 prior=0
[inst] req=9601024 hits=3150826 fwd=6298 rows=6448197 fwd_ms=369594.7 eval=0 prior=0
[inst] req=9609216 hits=3153598 fwd=6304 rows=6454341 fwd_ms=369930.2 eval=0 prior=0
[inst] req=9617408 hits=3156363 fwd=6309 rows=6459461 fwd_ms=370209.7 eval=0 prior=0
[inst] req=9625600 hits=3159074 fwd=6314 rows=6464581 fwd_ms=370489.1 eval=0 prior=0
[inst] req=9633792 hits=3161694 fwd=6320 rows=6470725 fwd_ms=370824.6 eval=0 prior=0
[inst] req=9641984 hits=3164318 fwd=6325 rows=6475845 fwd_ms=371104.1 eval=0 prior=0
[inst] req=9650176 hits=3166993 fwd=6331 rows=6481989 fwd_ms=371439.6 eval=0 prior=0
[inst] req=9658368 hits=3169678 fwd=6336 rows=6487109 fwd_ms=371719.2 eval=0 prior=0
[inst] req=9666560 hits=3172410 fwd=6341 rows=6492229 fwd_ms=372000.1 eval=0 prior=0
[inst] req=9674752 hits=3175144 fwd=6347 rows=6498373 fwd_ms=372335.4 eval=0 prior=0
[inst] req=9682944 hits=3177766 fwd=6352 rows=6503493 fwd_ms=372614.9 eval=0 prior=0
[inst] req=9691136 hits=3180532 fwd=6357 rows=6508613 fwd_ms=372894.3 eval=0 prior=0
[inst] req=9699328 hits=3183246 fwd=6363 rows=6514757 fwd_ms=373229.7 eval=0 prior=0
[inst] req=9707520 hits=3186010 fwd=6368 rows=6519877 fwd_ms=373509.2 eval=0 prior=0
[inst] req=9715712 hits=3188667 fwd=6373 rows=6524997 fwd_ms=373788.7 eval=0 prior=0
[inst] req=9723904 hits=3191434 fwd=6379 rows=6531141 fwd_ms=374123.9 eval=0 prior=0
[inst] req=9732096 hits=3194091 fwd=6384 rows=6536261 fwd_ms=374403.2 eval=0 prior=0
[inst] req=9740288 hits=3196718 fwd=6390 rows=6542405 fwd_ms=374738.4 eval=0 prior=0
[inst] req=9748480 hits=3199306 fwd=6395 rows=6547525 fwd_ms=375017.7 eval=0 prior=0
[inst] req=9756672 hits=3201885 fwd=6401 rows=6553669 fwd_ms=375352.8 eval=0 prior=0
[inst] req=9764864 hits=3204402 fwd=6406 rows=6558789 fwd_ms=375632.2 eval=0 prior=0
[inst] req=9773056 hits=3207003 fwd=6412 rows=6564933 fwd_ms=375967.3 eval=0 prior=0
[inst] req=9781248 hits=3209670 fwd=6417 rows=6570053 fwd_ms=376246.4 eval=0 prior=0
[inst] req=9789440 hits=3212354 fwd=6422 rows=6575173 fwd_ms=376525.7 eval=0 prior=0
[inst] req=9797632 hits=3215031 fwd=6428 rows=6581317 fwd_ms=376860.8 eval=0 prior=0
[inst] req=9805824 hits=3217732 fwd=6433 rows=6586437 fwd_ms=377140.3 eval=0 prior=0
[inst] req=9814016 hits=3220379 fwd=6439 rows=6592581 fwd_ms=377475.4 eval=0 prior=0
[inst] req=9822208 hits=3223006 fwd=6444 rows=6597701 fwd_ms=377754.6 eval=0 prior=0
[inst] req=9830400 hits=3225785 fwd=6449 rows=6602821 fwd_ms=378033.9 eval=0 prior=0
[inst] req=9838592 hits=3228332 fwd=6455 rows=6608965 fwd_ms=378369.4 eval=0 prior=0
[inst] req=9846784 hits=3230932 fwd=6460 rows=6614085 fwd_ms=378648.8 eval=0 prior=0
[inst] req=9854976 hits=3233524 fwd=6466 rows=6620229 fwd_ms=378984.2 eval=0 prior=0
[inst] req=9863168 hits=3236125 fwd=6471 rows=6625349 fwd_ms=379263.6 eval=0 prior=0
[inst] req=9871360 hits=3238669 fwd=6477 rows=6631493 fwd_ms=379598.9 eval=0 prior=0
[inst] req=9879552 hits=3241277 fwd=6482 rows=6636613 fwd_ms=379878.5 eval=0 prior=0
[inst] req=9887744 hits=3243863 fwd=6488 rows=6642757 fwd_ms=380213.8 eval=0 prior=0
[inst] req=9895936 hits=3246732 fwd=6493 rows=6647877 fwd_ms=380493.4 eval=0 prior=0
[inst] req=9904128 hits=3249485 fwd=6498 rows=6652997 fwd_ms=380773.0 eval=0 prior=0
[inst] req=9912320 hits=3252208 fwd=6503 rows=6658117 fwd_ms=381052.7 eval=0 prior=0
[inst] req=9920512 hits=3254850 fwd=6509 rows=6664261 fwd_ms=381388.2 eval=0 prior=0
[inst] req=9928704 hits=3257629 fwd=6514 rows=6669381 fwd_ms=381667.8 eval=0 prior=0
[inst] req=9936896 hits=3260264 fwd=6520 rows=6675525 fwd_ms=382003.3 eval=0 prior=0
[inst] req=9945088 hits=3262982 fwd=6525 rows=6680645 fwd_ms=382282.8 eval=0 prior=0
[inst] req=9953280 hits=3265565 fwd=6530 rows=6685765 fwd_ms=382562.2 eval=0 prior=0
[inst] req=9961472 hits=3268268 fwd=6536 rows=6691909 fwd_ms=382897.5 eval=0 prior=0
[inst] req=9969664 hits=3270905 fwd=6541 rows=6697029 fwd_ms=383177.0 eval=0 prior=0
[inst] req=9977856 hits=3273521 fwd=6547 rows=6703173 fwd_ms=383512.5 eval=0 prior=0
[inst] req=9986048 hits=3276091 fwd=6552 rows=6708293 fwd_ms=383792.0 eval=0 prior=0
[inst] req=9994240 hits=3278757 fwd=6558 rows=6714437 fwd_ms=384127.4 eval=0 prior=0
[inst] req=10002432 hits=3281397 fwd=6563 rows=6719557 fwd_ms=384407.0 eval=0 prior=0
[inst] req=10010624 hits=3284012 fwd=6568 rows=6724677 fwd_ms=384686.7 eval=0 prior=0
[inst] req=10018816 hits=3286614 fwd=6574 rows=6730821 fwd_ms=385022.1 eval=0 prior=0
[inst] req=10027008 hits=3289353 fwd=6579 rows=6735941 fwd_ms=385301.7 eval=0 prior=0
[inst] req=10035200 hits=3292134 fwd=6584 rows=6741061 fwd_ms=385581.2 eval=0 prior=0
[inst] req=10043392 hits=3294870 fwd=6590 rows=6747205 fwd_ms=385916.8 eval=0 prior=0
[inst] req=10051584 hits=3297504 fwd=6595 rows=6752325 fwd_ms=386196.4 eval=0 prior=0
[inst] req=10059776 hits=3300249 fwd=6601 rows=6758469 fwd_ms=386531.7 eval=0 prior=0
[inst] req=10067968 hits=3302936 fwd=6606 rows=6763589 fwd_ms=386811.2 eval=0 prior=0
[inst] req=10076160 hits=3305547 fwd=6611 rows=6768709 fwd_ms=387090.8 eval=0 prior=0
[inst] req=10084352 hits=3308110 fwd=6617 rows=6774853 fwd_ms=387426.1 eval=0 prior=0
[inst] req=10092544 hits=3310722 fwd=6622 rows=6779973 fwd_ms=387705.4 eval=0 prior=0
[inst] req=10100736 hits=3313313 fwd=6628 rows=6786117 fwd_ms=388040.8 eval=0 prior=0
[inst] req=10108928 hits=3316027 fwd=6633 rows=6791237 fwd_ms=388320.4 eval=0 prior=0
[inst] req=10117120 hits=3318641 fwd=6639 rows=6797381 fwd_ms=388655.7 eval=0 prior=0
[inst] req=10125312 hits=3321264 fwd=6644 rows=6802501 fwd_ms=388935.4 eval=0 prior=0
[inst] req=10133504 hits=3323999 fwd=6649 rows=6807621 fwd_ms=389215.2 eval=0 prior=0
[inst] req=10141696 hits=3326617 fwd=6655 rows=6813765 fwd_ms=389550.5 eval=0 prior=0
[inst] req=10149888 hits=3329236 fwd=6660 rows=6818885 fwd_ms=389829.7 eval=0 prior=0
[inst] req=10158080 hits=3331801 fwd=6666 rows=6825029 fwd_ms=390165.1 eval=0 prior=0
[inst] req=10166272 hits=3334423 fwd=6671 rows=6830149 fwd_ms=390444.4 eval=0 prior=0
[inst] req=10174464 hits=3337053 fwd=6677 rows=6836293 fwd_ms=390780.0 eval=0 prior=0
[inst] req=10182656 hits=3339681 fwd=6682 rows=6841413 fwd_ms=391059.3 eval=0 prior=0
[inst] req=10190848 hits=3342201 fwd=6688 rows=6847557 fwd_ms=391394.6 eval=0 prior=0
[inst] req=10199040 hits=3344829 fwd=6693 rows=6852677 fwd_ms=391674.1 eval=0 prior=0
[inst] req=10207232 hits=3347419 fwd=6698 rows=6857797 fwd_ms=391953.5 eval=0 prior=0
[inst] req=10215424 hits=3350028 fwd=6704 rows=6863941 fwd_ms=392289.2 eval=0 prior=0
[inst] req=10223616 hits=3352750 fwd=6709 rows=6869061 fwd_ms=392568.7 eval=0 prior=0
[inst] req=10231808 hits=3355357 fwd=6715 rows=6875205 fwd_ms=392904.5 eval=0 prior=0
[inst] req=10240000 hits=3357968 fwd=6720 rows=6880325 fwd_ms=393184.3 eval=0 prior=0
[inst] req=10248192 hits=3360574 fwd=6726 rows=6886469 fwd_ms=393520.2 eval=0 prior=0
[inst] req=10256384 hits=3363241 fwd=6731 rows=6891589 fwd_ms=393800.2 eval=0 prior=0
[inst] req=10264576 hits=3365922 fwd=6736 rows=6896709 fwd_ms=394080.1 eval=0 prior=0
[inst] req=10272768 hits=3368560 fwd=6742 rows=6902853 fwd_ms=394415.7 eval=0 prior=0
[inst] req=10280960 hits=3371177 fwd=6747 rows=6907973 fwd_ms=394695.5 eval=0 prior=0
[inst] req=10289152 hits=3373814 fwd=6753 rows=6914117 fwd_ms=395031.0 eval=0 prior=0
[inst] req=10297344 hits=3376453 fwd=6758 rows=6919237 fwd_ms=395310.7 eval=0 prior=0
[inst] req=10305536 hits=3379038 fwd=6764 rows=6925381 fwd_ms=395646.7 eval=0 prior=0
[inst] req=10313728 hits=3381680 fwd=6769 rows=6930501 fwd_ms=395926.3 eval=0 prior=0
[inst] req=10321920 hits=3384305 fwd=6774 rows=6935621 fwd_ms=396206.0 eval=0 prior=0
[inst] req=10330112 hits=3386952 fwd=6780 rows=6941765 fwd_ms=396541.4 eval=0 prior=0
[inst] req=10338304 hits=3389676 fwd=6785 rows=6946885 fwd_ms=396820.9 eval=0 prior=0
[inst] req=10346496 hits=3392366 fwd=6791 rows=6953029 fwd_ms=397156.2 eval=0 prior=0
[inst] req=10354688 hits=3395033 fwd=6796 rows=6958149 fwd_ms=397435.7 eval=0 prior=0
[inst] req=10362880 hits=3397798 fwd=6801 rows=6963269 fwd_ms=397715.4 eval=0 prior=0
[inst] req=10371072 hits=3400457 fwd=6807 rows=6969413 fwd_ms=398050.7 eval=0 prior=0
[inst] req=10379264 hits=3403066 fwd=6812 rows=6974533 fwd_ms=398330.6 eval=0 prior=0
[inst] req=10387456 hits=3405746 fwd=6818 rows=6980677 fwd_ms=398666.1 eval=0 prior=0
[inst] req=10395648 hits=3408423 fwd=6823 rows=6985797 fwd_ms=398945.9 eval=0 prior=0
[inst] req=10403840 hits=3411091 fwd=6828 rows=6990917 fwd_ms=399225.6 eval=0 prior=0
[inst] req=10412032 hits=3413704 fwd=6834 rows=6997061 fwd_ms=399561.3 eval=0 prior=0
[inst] req=10420224 hits=3416298 fwd=6839 rows=7002181 fwd_ms=399840.9 eval=0 prior=0
[inst] req=10428416 hits=3418962 fwd=6845 rows=7008325 fwd_ms=400176.4 eval=0 prior=0
[inst] req=10436608 hits=3421518 fwd=6850 rows=7013445 fwd_ms=400455.9 eval=0 prior=0
[inst] req=10444800 hits=3424090 fwd=6856 rows=7019589 fwd_ms=400791.3 eval=0 prior=0
[inst] req=10452992 hits=3426707 fwd=6861 rows=7024709 fwd_ms=401071.2 eval=0 prior=0
[inst] req=10461184 hits=3429281 fwd=6867 rows=7030853 fwd_ms=401406.8 eval=0 prior=0
[inst] req=10469376 hits=3431984 fwd=6872 rows=7035973 fwd_ms=401686.5 eval=0 prior=0
[inst] req=10477568 hits=3434675 fwd=6877 rows=7041093 fwd_ms=401966.2 eval=0 prior=0
[inst] req=10485760 hits=3437288 fwd=6883 rows=7047237 fwd_ms=402301.8 eval=0 prior=0
[inst] req=10493952 hits=3439790 fwd=6888 rows=7052357 fwd_ms=402581.3 eval=0 prior=0
[inst] req=10502144 hits=3442376 fwd=6894 rows=7058501 fwd_ms=402916.9 eval=0 prior=0
[inst] req=10510336 hits=3445038 fwd=6899 rows=7063621 fwd_ms=403196.4 eval=0 prior=0
[inst] req=10518528 hits=3447586 fwd=6905 rows=7069765 fwd_ms=403532.0 eval=0 prior=0
[inst] req=10526720 hits=3450179 fwd=6910 rows=7074885 fwd_ms=403811.5 eval=0 prior=0
[inst] req=10534912 hits=3452763 fwd=6916 rows=7081029 fwd_ms=404146.8 eval=0 prior=0
[inst] req=10543104 hits=3455326 fwd=6921 rows=7086149 fwd_ms=404426.2 eval=0 prior=0
[inst] req=10551296 hits=3457951 fwd=6927 rows=7092293 fwd_ms=404761.6 eval=0 prior=0
[inst] req=10559488 hits=3460642 fwd=6932 rows=7097413 fwd_ms=405041.2 eval=0 prior=0
[inst] req=10567680 hits=3463248 fwd=6937 rows=7102533 fwd_ms=405320.6 eval=0 prior=0
[inst] req=10575872 hits=3465815 fwd=6943 rows=7108677 fwd_ms=405655.9 eval=0 prior=0
[inst] req=10584064 hits=3468477 fwd=6948 rows=7113797 fwd_ms=405935.2 eval=0 prior=0
[inst] req=10592256 hits=3471161 fwd=6954 rows=7119941 fwd_ms=406270.6 eval=0 prior=0
[inst] req=10600448 hits=3473850 fwd=6959 rows=7125061 fwd_ms=406550.1 eval=0 prior=0
[inst] req=10608640 hits=3476500 fwd=6964 rows=7130181 fwd_ms=406829.6 eval=0 prior=0
[inst] req=10616832 hits=3479221 fwd=6970 rows=7136325 fwd_ms=407165.3 eval=0 prior=0
[inst] req=10625024 hits=3481836 fwd=6975 rows=7141445 fwd_ms=407445.0 eval=0 prior=0
[inst] req=10633216 hits=3484435 fwd=6981 rows=7147589 fwd_ms=407780.5 eval=0 prior=0
[inst] req=10641408 hits=3487049 fwd=6986 rows=7152709 fwd_ms=408060.2 eval=0 prior=0
[inst] req=10649600 hits=3489727 fwd=6991 rows=7157829 fwd_ms=408339.7 eval=0 prior=0
[inst] req=10657792 hits=3492334 fwd=6997 rows=7163973 fwd_ms=408675.1 eval=0 prior=0
[inst] req=10665984 hits=3495029 fwd=7002 rows=7169093 fwd_ms=408954.8 eval=0 prior=0
[inst] req=10674176 hits=3497793 fwd=7008 rows=7175237 fwd_ms=409290.3 eval=0 prior=0
[inst] req=10682368 hits=3500619 fwd=7013 rows=7180357 fwd_ms=409570.0 eval=0 prior=0
[inst] req=10690560 hits=3503305 fwd=7018 rows=7185477 fwd_ms=409849.7 eval=0 prior=0
[inst] req=10698752 hits=3505940 fwd=7024 rows=7191621 fwd_ms=410185.4 eval=0 prior=0
[inst] req=10706944 hits=3508677 fwd=7029 rows=7196741 fwd_ms=410464.9 eval=0 prior=0
[inst] req=10715136 hits=3511425 fwd=7034 rows=7201861 fwd_ms=410744.6 eval=0 prior=0
[inst] req=10723328 hits=3514039 fwd=7040 rows=7208005 fwd_ms=411080.3 eval=0 prior=0
[inst] req=10731520 hits=3516636 fwd=7045 rows=7213125 fwd_ms=411360.0 eval=0 prior=0
[inst] req=10739712 hits=3519272 fwd=7051 rows=7219269 fwd_ms=411695.6 eval=0 prior=0
[inst] req=10747904 hits=3521929 fwd=7056 rows=7224389 fwd_ms=411975.3 eval=0 prior=0
[inst] req=10756096 hits=3524705 fwd=7061 rows=7229509 fwd_ms=412254.7 eval=0 prior=0
[inst] req=10764288 hits=3527433 fwd=7067 rows=7235653 fwd_ms=412590.2 eval=0 prior=0
[inst] req=10772480 hits=3530181 fwd=7072 rows=7240773 fwd_ms=412869.8 eval=0 prior=0
[inst] req=10780672 hits=3533044 fwd=7077 rows=7245893 fwd_ms=413149.4 eval=0 prior=0
[inst] req=10788864 hits=3535632 fwd=7083 rows=7252037 fwd_ms=413485.0 eval=0 prior=0
[inst] req=10797056 hits=3538342 fwd=7088 rows=7257157 fwd_ms=413764.5 eval=0 prior=0
[inst] req=10805248 hits=3541055 fwd=7093 rows=7262277 fwd_ms=414044.2 eval=0 prior=0
[inst] req=10813440 hits=3543666 fwd=7099 rows=7268421 fwd_ms=414379.8 eval=0 prior=0
[inst] req=10821632 hits=3546363 fwd=7104 rows=7273541 fwd_ms=414659.4 eval=0 prior=0
[inst] req=10829824 hits=3549042 fwd=7110 rows=7279685 fwd_ms=414995.0 eval=0 prior=0
[inst] req=10838016 hits=3551773 fwd=7115 rows=7284805 fwd_ms=415274.6 eval=0 prior=0
[inst] req=10846208 hits=3554407 fwd=7120 rows=7289925 fwd_ms=415554.4 eval=0 prior=0
[inst] req=10854400 hits=3557260 fwd=7126 rows=7296069 fwd_ms=415889.9 eval=0 prior=0
[inst] req=10862592 hits=3559899 fwd=7131 rows=7301189 fwd_ms=416169.5 eval=0 prior=0
[inst] req=10870784 hits=3562478 fwd=7136 rows=7306309 fwd_ms=416449.1 eval=0 prior=0
[inst] req=10878976 hits=3565018 fwd=7142 rows=7312453 fwd_ms=416784.6 eval=0 prior=0
[inst] req=10887168 hits=3567701 fwd=7147 rows=7317573 fwd_ms=417064.3 eval=0 prior=0
[inst] req=10895360 hits=3570334 fwd=7153 rows=7323717 fwd_ms=417399.6 eval=0 prior=0
[inst] req=10903552 hits=3572913 fwd=7158 rows=7328837 fwd_ms=417679.3 eval=0 prior=0
[inst] req=10911744 hits=3575580 fwd=7164 rows=7334981 fwd_ms=418014.9 eval=0 prior=0
[inst] req=10919936 hits=3578136 fwd=7169 rows=7340101 fwd_ms=418294.4 eval=0 prior=0
[inst] req=10928128 hits=3580684 fwd=7175 rows=7346245 fwd_ms=418629.8 eval=0 prior=0
[inst] req=10936320 hits=3583244 fwd=7180 rows=7351365 fwd_ms=418909.1 eval=0 prior=0
[inst] req=10944512 hits=3585866 fwd=7186 rows=7357509 fwd_ms=419244.7 eval=0 prior=0
[inst] req=10952704 hits=3588505 fwd=7191 rows=7362629 fwd_ms=419524.3 eval=0 prior=0
[inst] req=10960896 hits=3591099 fwd=7196 rows=7367749 fwd_ms=419803.6 eval=0 prior=0
[inst] req=10969088 hits=3593714 fwd=7202 rows=7373893 fwd_ms=420139.2 eval=0 prior=0
[inst] req=10977280 hits=3596298 fwd=7207 rows=7379013 fwd_ms=420418.6 eval=0 prior=0
[inst] req=10985472 hits=3598906 fwd=7213 rows=7385157 fwd_ms=420754.0 eval=0 prior=0
[inst] req=10993664 hits=3601547 fwd=7218 rows=7390277 fwd_ms=421033.4 eval=0 prior=0
[inst] req=11001856 hits=3604203 fwd=7224 rows=7396421 fwd_ms=421369.0 eval=0 prior=0
[inst] req=11010048 hits=3606838 fwd=7229 rows=7401541 fwd_ms=421648.7 eval=0 prior=0
[inst] req=11018240 hits=3609602 fwd=7234 rows=7406661 fwd_ms=421928.4 eval=0 prior=0
[inst] req=11026432 hits=3612292 fwd=7240 rows=7412805 fwd_ms=422263.5 eval=0 prior=0
[inst] req=11034624 hits=3615090 fwd=7245 rows=7417925 fwd_ms=422543.2 eval=0 prior=0
[inst] req=11042816 hits=3617802 fwd=7250 rows=7423045 fwd_ms=422822.6 eval=0 prior=0
[inst] req=11051008 hits=3620444 fwd=7256 rows=7429189 fwd_ms=423158.1 eval=0 prior=0
[inst] req=11059200 hits=3623082 fwd=7261 rows=7434309 fwd_ms=423437.4 eval=0 prior=0
[inst] req=11067392 hits=3625735 fwd=7267 rows=7440453 fwd_ms=423772.7 eval=0 prior=0
[inst] req=11075584 hits=3628516 fwd=7272 rows=7445573 fwd_ms=424052.2 eval=0 prior=0
[inst] req=11083776 hits=3631190 fwd=7277 rows=7450693 fwd_ms=424331.7 eval=0 prior=0
[inst] req=11091968 hits=3633808 fwd=7283 rows=7456837 fwd_ms=424667.1 eval=0 prior=0
[inst] req=11100160 hits=3636545 fwd=7288 rows=7461957 fwd_ms=424946.5 eval=0 prior=0
[inst] req=11108352 hits=3639233 fwd=7293 rows=7467077 fwd_ms=425226.0 eval=0 prior=0
[inst] req=11116544 hits=3641892 fwd=7299 rows=7473221 fwd_ms=425561.4 eval=0 prior=0
[inst] req=11124736 hits=3644626 fwd=7304 rows=7478341 fwd_ms=425840.9 eval=0 prior=0
[inst] req=11132928 hits=3647248 fwd=7310 rows=7484485 fwd_ms=426176.4 eval=0 prior=0
[inst] req=11141120 hits=3649796 fwd=7315 rows=7489605 fwd_ms=426455.7 eval=0 prior=0
[inst] req=11149312 hits=3652489 fwd=7321 rows=7495749 fwd_ms=426791.1 eval=0 prior=0
[inst] req=11157504 hits=3655268 fwd=7326 rows=7500869 fwd_ms=427070.4 eval=0 prior=0
[inst] req=11165696 hits=3657906 fwd=7331 rows=7505989 fwd_ms=427350.1 eval=0 prior=0
[inst] req=11173888 hits=3660731 fwd=7336 rows=7511109 fwd_ms=427629.7 eval=0 prior=0
[inst] req=11182080 hits=3663583 fwd=7342 rows=7517253 fwd_ms=427965.0 eval=0 prior=0
[inst] req=11190272 hits=3666321 fwd=7347 rows=7522373 fwd_ms=428244.4 eval=0 prior=0
[inst] req=11198464 hits=3668994 fwd=7352 rows=7527493 fwd_ms=428523.8 eval=0 prior=0
[inst] req=11206656 hits=3671668 fwd=7358 rows=7533637 fwd_ms=428859.1 eval=0 prior=0
[inst] req=11214848 hits=3674244 fwd=7363 rows=7538757 fwd_ms=429138.6 eval=0 prior=0
[inst] req=11223040 hits=3676893 fwd=7369 rows=7544901 fwd_ms=429474.0 eval=0 prior=0
[inst] req=11231232 hits=3679473 fwd=7374 rows=7550021 fwd_ms=429753.5 eval=0 prior=0
[inst] req=11239424 hits=3682346 fwd=7379 rows=7555141 fwd_ms=430033.1 eval=0 prior=0
[inst] req=11247616 hits=3685233 fwd=7385 rows=7561285 fwd_ms=430368.6 eval=0 prior=0
[inst] req=11255808 hits=3687861 fwd=7390 rows=7566405 fwd_ms=430648.1 eval=0 prior=0
[inst] req=11264000 hits=3690523 fwd=7395 rows=7571525 fwd_ms=430927.5 eval=0 prior=0
[inst] req=11272192 hits=3693172 fwd=7401 rows=7577669 fwd_ms=431262.7 eval=0 prior=0
[inst] req=11280384 hits=3695932 fwd=7406 rows=7582789 fwd_ms=431542.2 eval=0 prior=0
[inst] req=11288576 hits=3698569 fwd=7412 rows=7588933 fwd_ms=431877.4 eval=0 prior=0
[inst] req=11296768 hits=3701444 fwd=7417 rows=7594053 fwd_ms=432156.9 eval=0 prior=0
[inst] req=11304960 hits=3704127 fwd=7422 rows=7599173 fwd_ms=432436.4 eval=0 prior=0
[inst] req=11313152 hits=3706884 fwd=7427 rows=7604293 fwd_ms=432715.8 eval=0 prior=0
[inst] req=11321344 hits=3709629 fwd=7433 rows=7610437 fwd_ms=433051.1 eval=0 prior=0
[inst] req=11329536 hits=3712332 fwd=7438 rows=7615557 fwd_ms=433330.6 eval=0 prior=0
[inst] req=11337728 hits=3715164 fwd=7443 rows=7620677 fwd_ms=433610.1 eval=0 prior=0
[inst] req=11345920 hits=3717872 fwd=7449 rows=7626821 fwd_ms=433945.5 eval=0 prior=0
[inst] req=11354112 hits=3720438 fwd=7454 rows=7631941 fwd_ms=434224.7 eval=0 prior=0
[inst] req=11362304 hits=3723057 fwd=7460 rows=7638085 fwd_ms=434560.1 eval=0 prior=0
[inst] req=11370496 hits=3725584 fwd=7465 rows=7643205 fwd_ms=434839.7 eval=0 prior=0
[inst] req=11378688 hits=3728241 fwd=7471 rows=7649349 fwd_ms=435175.2 eval=0 prior=0
[inst] req=11386880 hits=3730936 fwd=7476 rows=7654469 fwd_ms=435454.7 eval=0 prior=0
[inst] req=11395072 hits=3733619 fwd=7481 rows=7659589 fwd_ms=435734.2 eval=0 prior=0
[inst] req=11403264 hits=3736208 fwd=7487 rows=7665733 fwd_ms=436069.7 eval=0 prior=0
[inst] req=11411456 hits=3739012 fwd=7492 rows=7670853 fwd_ms=436349.4 eval=0 prior=0
[inst] req=11419648 hits=3741701 fwd=7497 rows=7675973 fwd_ms=436628.8 eval=0 prior=0
[inst] req=11427840 hits=3744422 fwd=7503 rows=7682117 fwd_ms=436964.2 eval=0 prior=0
[inst] req=11436032 hits=3747056 fwd=7508 rows=7687237 fwd_ms=437243.8 eval=0 prior=0
[inst] req=11444224 hits=3749725 fwd=7514 rows=7693381 fwd_ms=437579.4 eval=0 prior=0
[inst] req=11452416 hits=3752312 fwd=7519 rows=7698501 fwd_ms=437858.9 eval=0 prior=0
[inst] req=11460608 hits=3754914 fwd=7525 rows=7704645 fwd_ms=438194.6 eval=0 prior=0
[inst] req=11468800 hits=3757546 fwd=7530 rows=7709765 fwd_ms=438474.1 eval=0 prior=0
[inst] req=11476992 hits=3760134 fwd=7535 rows=7714885 fwd_ms=438753.4 eval=0 prior=0
[inst] req=11485184 hits=3762711 fwd=7541 rows=7721029 fwd_ms=439089.0 eval=0 prior=0
[inst] req=11493376 hits=3765307 fwd=7546 rows=7726149 fwd_ms=439368.6 eval=0 prior=0
[inst] req=11501568 hits=3768089 fwd=7552 rows=7732293 fwd_ms=439704.2 eval=0 prior=0
[inst] req=11509760 hits=3770876 fwd=7557 rows=7737413 fwd_ms=439983.7 eval=0 prior=0
[inst] req=11517952 hits=3773597 fwd=7562 rows=7742533 fwd_ms=440263.3 eval=0 prior=0
[inst] req=11526144 hits=3776375 fwd=7568 rows=7748677 fwd_ms=440599.1 eval=0 prior=0
[inst] req=11534336 hits=3779206 fwd=7573 rows=7753797 fwd_ms=440879.2 eval=0 prior=0
[inst] req=11542528 hits=3781883 fwd=7578 rows=7758917 fwd_ms=441159.0 eval=0 prior=0
[inst] req=11550720 hits=3784609 fwd=7584 rows=7765061 fwd_ms=441494.7 eval=0 prior=0
[inst] req=11558912 hits=3787365 fwd=7589 rows=7770181 fwd_ms=441774.3 eval=0 prior=0
[inst] req=11567104 hits=3790126 fwd=7594 rows=7775301 fwd_ms=442053.8 eval=0 prior=0
[inst] req=11575296 hits=3792720 fwd=7600 rows=7781445 fwd_ms=442389.2 eval=0 prior=0
[inst] req=11583488 hits=3795347 fwd=7605 rows=7786565 fwd_ms=442668.6 eval=0 prior=0
[inst] req=11591680 hits=3797991 fwd=7610 rows=7791685 fwd_ms=442948.2 eval=0 prior=0
[inst] req=11599872 hits=3800604 fwd=7616 rows=7797829 fwd_ms=443283.5 eval=0 prior=0
[inst] req=11608064 hits=3803203 fwd=7621 rows=7802949 fwd_ms=443562.8 eval=0 prior=0
[inst] req=11616256 hits=3805890 fwd=7627 rows=7809093 fwd_ms=443898.0 eval=0 prior=0
[inst] req=11624448 hits=3808413 fwd=7632 rows=7814213 fwd_ms=444177.3 eval=0 prior=0
[inst] req=11632640 hits=3810995 fwd=7638 rows=7820357 fwd_ms=444512.7 eval=0 prior=0
[inst] req=11640832 hits=3813607 fwd=7643 rows=7825477 fwd_ms=444792.7 eval=0 prior=0
[inst] req=11649024 hits=3816210 fwd=7649 rows=7831621 fwd_ms=445128.4 eval=0 prior=0
[inst] req=11657216 hits=3818830 fwd=7654 rows=7836741 fwd_ms=445408.1 eval=0 prior=0
[inst] req=11665408 hits=3821499 fwd=7659 rows=7841861 fwd_ms=445687.9 eval=0 prior=0
[inst] req=11673600 hits=3824113 fwd=7665 rows=7848005 fwd_ms=446023.4 eval=0 prior=0
[inst] req=11681792 hits=3826813 fwd=7670 rows=7853125 fwd_ms=446302.9 eval=0 prior=0
[inst] req=11689984 hits=3829487 fwd=7676 rows=7859269 fwd_ms=446638.3 eval=0 prior=0
[inst] req=11698176 hits=3832167 fwd=7681 rows=7864389 fwd_ms=446917.7 eval=0 prior=0
[inst] req=11706368 hits=3834801 fwd=7687 rows=7870533 fwd_ms=447253.3 eval=0 prior=0
[inst] req=11714560 hits=3837499 fwd=7692 rows=7875653 fwd_ms=447532.8 eval=0 prior=0
[inst] req=11722752 hits=3840179 fwd=7697 rows=7880773 fwd_ms=447812.5 eval=0 prior=0
[inst] req=11730944 hits=3842945 fwd=7703 rows=7886917 fwd_ms=448147.9 eval=0 prior=0
[inst] req=11739136 hits=3845629 fwd=7708 rows=7892037 fwd_ms=448427.6 eval=0 prior=0
[inst] req=11747328 hits=3848497 fwd=7713 rows=7897157 fwd_ms=448707.2 eval=0 prior=0
[inst] req=11755520 hits=3851220 fwd=7718 rows=7902277 fwd_ms=448986.7 eval=0 prior=0
[inst] req=11763712 hits=3853867 fwd=7724 rows=7908421 fwd_ms=449322.3 eval=0 prior=0
[inst] req=11771904 hits=3856675 fwd=7729 rows=7913541 fwd_ms=449602.0 eval=0 prior=0
[inst] req=11780096 hits=3859388 fwd=7734 rows=7918661 fwd_ms=449881.6 eval=0 prior=0
[inst] req=11788288 hits=3862149 fwd=7740 rows=7924805 fwd_ms=450217.0 eval=0 prior=0
[inst] req=11796480 hits=3864840 fwd=7745 rows=7929925 fwd_ms=450496.6 eval=0 prior=0
[inst] req=11804672 hits=3867720 fwd=7750 rows=7935045 fwd_ms=450776.0 eval=0 prior=0
[inst] req=11812864 hits=3870446 fwd=7756 rows=7941189 fwd_ms=451111.5 eval=0 prior=0
[inst] req=11821056 hits=3873272 fwd=7761 rows=7946309 fwd_ms=451391.0 eval=0 prior=0
[inst] req=11829248 hits=3875956 fwd=7766 rows=7951429 fwd_ms=451670.4 eval=0 prior=0
[inst] req=11837440 hits=3878525 fwd=7772 rows=7957573 fwd_ms=452005.9 eval=0 prior=0
[inst] req=11845632 hits=3881098 fwd=7777 rows=7962693 fwd_ms=452285.5 eval=0 prior=0
[inst] req=11853824 hits=3883780 fwd=7783 rows=7968837 fwd_ms=452621.0 eval=0 prior=0
[inst] req=11862016 hits=3886493 fwd=7788 rows=7973957 fwd_ms=452900.6 eval=0 prior=0
[inst] req=11870208 hits=3889177 fwd=7793 rows=7979077 fwd_ms=453180.3 eval=0 prior=0
[inst] req=11878400 hits=3891832 fwd=7799 rows=7985221 fwd_ms=453515.6 eval=0 prior=0
[inst] req=11886592 hits=3894519 fwd=7804 rows=7990341 fwd_ms=453795.0 eval=0 prior=0
[inst] req=11894784 hits=3897206 fwd=7810 rows=7996485 fwd_ms=454130.3 eval=0 prior=0
[inst] req=11902976 hits=3899946 fwd=7815 rows=8001605 fwd_ms=454409.7 eval=0 prior=0
[inst] req=11911168 hits=3902650 fwd=7820 rows=8006725 fwd_ms=454689.3 eval=0 prior=0
[inst] req=11919360 hits=3905308 fwd=7826 rows=8012869 fwd_ms=455024.6 eval=0 prior=0
[inst] req=11927552 hits=3907942 fwd=7831 rows=8017989 fwd_ms=455304.2 eval=0 prior=0
[inst] req=11935744 hits=3910572 fwd=7837 rows=8024133 fwd_ms=455639.6 eval=0 prior=0
[inst] req=11943936 hits=3913141 fwd=7842 rows=8029253 fwd_ms=455919.3 eval=0 prior=0
[inst] req=11952128 hits=3915754 fwd=7847 rows=8034373 fwd_ms=456198.6 eval=0 prior=0
[inst] req=11960320 hits=3918369 fwd=7853 rows=8040517 fwd_ms=456534.0 eval=0 prior=0
[inst] req=11968512 hits=3920971 fwd=7858 rows=8045637 fwd_ms=456813.6 eval=0 prior=0
[inst] req=11976704 hits=3923641 fwd=7864 rows=8051781 fwd_ms=457149.1 eval=0 prior=0
[inst] req=11984896 hits=3926265 fwd=7869 rows=8056901 fwd_ms=457428.5 eval=0 prior=0
[inst] req=11993088 hits=3928899 fwd=7875 rows=8063045 fwd_ms=457763.9 eval=0 prior=0
[inst] req=12001280 hits=3931620 fwd=7880 rows=8068165 fwd_ms=458043.4 eval=0 prior=0
[inst] req=12009472 hits=3934314 fwd=7885 rows=8073285 fwd_ms=458323.1 eval=0 prior=0
[inst] req=12017664 hits=3936941 fwd=7891 rows=8079429 fwd_ms=458658.6 eval=0 prior=0
[inst] req=12025856 hits=3939526 fwd=7896 rows=8084549 fwd_ms=458938.2 eval=0 prior=0
[inst] req=12034048 hits=3942153 fwd=7902 rows=8090693 fwd_ms=459273.5 eval=0 prior=0
[inst] req=12042240 hits=3944789 fwd=7907 rows=8095813 fwd_ms=459553.1 eval=0 prior=0
[inst] req=12050432 hits=3947434 fwd=7913 rows=8101957 fwd_ms=459888.5 eval=0 prior=0
[inst] req=12058624 hits=3950166 fwd=7918 rows=8107077 fwd_ms=460168.1 eval=0 prior=0
[inst] req=12066816 hits=3952836 fwd=7923 rows=8112197 fwd_ms=460447.3 eval=0 prior=0
[inst] req=12075008 hits=3955511 fwd=7929 rows=8118341 fwd_ms=460782.7 eval=0 prior=0
[inst] req=12083200 hits=3958122 fwd=7934 rows=8123461 fwd_ms=461062.2 eval=0 prior=0
[inst] req=12091392 hits=3960731 fwd=7940 rows=8129605 fwd_ms=461397.5 eval=0 prior=0
[inst] req=12099584 hits=3963337 fwd=7945 rows=8134725 fwd_ms=461676.9 eval=0 prior=0
[inst] req=12107776 hits=3966059 fwd=7950 rows=8139845 fwd_ms=461956.3 eval=0 prior=0
[inst] req=12115968 hits=3968831 fwd=7956 rows=8145989 fwd_ms=462291.6 eval=0 prior=0
[inst] req=12124160 hits=3971699 fwd=7961 rows=8151109 fwd_ms=462571.1 eval=0 prior=0
[inst] req=12132352 hits=3974500 fwd=7966 rows=8156229 fwd_ms=462851.3 eval=0 prior=0
[inst] req=12140544 hits=3977266 fwd=7971 rows=8161349 fwd_ms=463131.0 eval=0 prior=0
[inst] req=12148736 hits=3979860 fwd=7977 rows=8167493 fwd_ms=463517.4 eval=0 prior=0
[inst] req=12156928 hits=3982589 fwd=7982 rows=8172613 fwd_ms=463825.9 eval=0 prior=0
[inst] req=12165120 hits=3985271 fwd=7988 rows=8178757 fwd_ms=464486.3 eval=0 prior=0
[inst] req=12173312 hits=3987887 fwd=7993 rows=8183877 fwd_ms=465089.3 eval=0 prior=0
[inst] req=12181504 hits=3990587 fwd=7998 rows=8188997 fwd_ms=465798.5 eval=0 prior=0
[inst] req=12189696 hits=3993285 fwd=8004 rows=8195141 fwd_ms=466599.9 eval=0 prior=0
[inst] req=12197888 hits=3995937 fwd=8009 rows=8200261 fwd_ms=467250.6 eval=0 prior=0
[inst] req=12206080 hits=3998595 fwd=8015 rows=8206405 fwd_ms=468024.5 eval=0 prior=0
[inst] req=12214272 hits=4001225 fwd=8020 rows=8211525 fwd_ms=468656.1 eval=0 prior=0
[inst] req=12222464 hits=4003757 fwd=8026 rows=8217669 fwd_ms=469484.1 eval=0 prior=0
[inst] req=12230656 hits=4006322 fwd=8031 rows=8222789 fwd_ms=469931.5 eval=0 prior=0
[inst] req=12238848 hits=4008963 fwd=8036 rows=8227909 fwd_ms=470216.7 eval=0 prior=0
[inst] req=12247040 hits=4010633 fwd=8043 rows=8235077 fwd_ms=470620.1 eval=0 prior=0
[inst] req=12255232 hits=4010760 fwd=8051 rows=8243269 fwd_ms=471067.7 eval=0 prior=0
[inst] req=12263424 hits=4010967 fwd=8058 rows=8250437 fwd_ms=471459.5 eval=0 prior=0
[inst] req=12271616 hits=4011255 fwd=8066 rows=8258629 fwd_ms=471907.2 eval=0 prior=0
[inst] req=12279808 hits=4011614 fwd=8074 rows=8266821 fwd_ms=472355.0 eval=0 prior=0
[inst] req=12288000 hits=4012099 fwd=8081 rows=8273989 fwd_ms=472746.9 eval=0 prior=0
[inst] req=12296192 hits=4012670 fwd=8089 rows=8282181 fwd_ms=473194.9 eval=0 prior=0
[inst] req=12304384 hits=4013363 fwd=8096 rows=8289349 fwd_ms=473586.8 eval=0 prior=0
[inst] req=12312576 hits=4014271 fwd=8103 rows=8296517 fwd_ms=473978.8 eval=0 prior=0
[inst] req=12320768 hits=4015238 fwd=8110 rows=8303685 fwd_ms=474370.7 eval=0 prior=0
[inst] req=12328960 hits=4016453 fwd=8117 rows=8310853 fwd_ms=474762.6 eval=0 prior=0
[inst] req=12337152 hits=4017951 fwd=8124 rows=8318021 fwd_ms=475154.6 eval=0 prior=0
[inst] req=12345344 hits=4019628 fwd=8130 rows=8324165 fwd_ms=475490.5 eval=0 prior=0
[inst] req=12353536 hits=4021561 fwd=8136 rows=8330309 fwd_ms=475826.3 eval=0 prior=0
[inst] req=12361728 hits=4023556 fwd=8142 rows=8336453 fwd_ms=476162.2 eval=0 prior=0
[inst] req=12369920 hits=4025840 fwd=8148 rows=8342597 fwd_ms=476498.3 eval=0 prior=0
[inst] req=12378112 hits=4028079 fwd=8154 rows=8348741 fwd_ms=476834.2 eval=0 prior=0
[inst] req=12386304 hits=4030470 fwd=8159 rows=8353861 fwd_ms=477114.1 eval=0 prior=0
[inst] req=12394496 hits=4032967 fwd=8165 rows=8360005 fwd_ms=477450.0 eval=0 prior=0
[inst] req=12402688 hits=4035438 fwd=8171 rows=8366149 fwd_ms=477785.5 eval=0 prior=0
[inst] req=12410880 hits=4037766 fwd=8176 rows=8371269 fwd_ms=478065.1 eval=0 prior=0
[inst] req=12419072 hits=4040238 fwd=8182 rows=8377413 fwd_ms=478400.5 eval=0 prior=0
[inst] req=12427264 hits=4042633 fwd=8188 rows=8383557 fwd_ms=478736.0 eval=0 prior=0
[inst] req=12435456 hits=4045073 fwd=8193 rows=8388677 fwd_ms=479015.5 eval=0 prior=0
[inst] req=12443648 hits=4047470 fwd=8199 rows=8394821 fwd_ms=479350.9 eval=0 prior=0
[inst] req=12451840 hits=4049917 fwd=8204 rows=8399941 fwd_ms=479630.3 eval=0 prior=0
[inst] req=12460032 hits=4052262 fwd=8210 rows=8406085 fwd_ms=479965.9 eval=0 prior=0
[inst] req=12468224 hits=4054816 fwd=8216 rows=8412229 fwd_ms=480301.4 eval=0 prior=0
[inst] req=12476416 hits=4057209 fwd=8221 rows=8417349 fwd_ms=480580.8 eval=0 prior=0
[inst] req=12484608 hits=4059677 fwd=8227 rows=8423493 fwd_ms=480916.2 eval=0 prior=0
[inst] req=12492800 hits=4062175 fwd=8232 rows=8428613 fwd_ms=481195.7 eval=0 prior=0
[inst] req=12500992 hits=4064770 fwd=8238 rows=8434757 fwd_ms=481531.2 eval=0 prior=0
[inst] req=12509184 hits=4067378 fwd=8243 rows=8439877 fwd_ms=481810.6 eval=0 prior=0
[inst] req=12517376 hits=4069944 fwd=8249 rows=8446021 fwd_ms=482145.9 eval=0 prior=0
[inst] req=12525568 hits=4072596 fwd=8254 rows=8451141 fwd_ms=482425.4 eval=0 prior=0
[inst] req=12533760 hits=4075196 fwd=8260 rows=8457285 fwd_ms=482760.8 eval=0 prior=0
[inst] req=12541952 hits=4077762 fwd=8265 rows=8462405 fwd_ms=483040.2 eval=0 prior=0
[inst] req=12550144 hits=4080446 fwd=8271 rows=8468549 fwd_ms=483375.7 eval=0 prior=0
[inst] req=12558336 hits=4083267 fwd=8276 rows=8473669 fwd_ms=483654.9 eval=0 prior=0
[inst] req=12566528 hits=4086184 fwd=8281 rows=8478789 fwd_ms=483934.1 eval=0 prior=0
[inst] req=12574720 hits=4088955 fwd=8286 rows=8483909 fwd_ms=484213.6 eval=0 prior=0
[inst] req=12582912 hits=4091755 fwd=8292 rows=8490053 fwd_ms=484548.9 eval=0 prior=0
[inst] req=12591104 hits=4094375 fwd=8297 rows=8495173 fwd_ms=484828.3 eval=0 prior=0
[inst] req=12599296 hits=4096935 fwd=8303 rows=8501317 fwd_ms=485163.8 eval=0 prior=0
[inst] req=12607488 hits=4099393 fwd=8308 rows=8506437 fwd_ms=485443.4 eval=0 prior=0
[inst] req=12615680 hits=4101829 fwd=8314 rows=8512581 fwd_ms=485779.0 eval=0 prior=0
[inst] req=12623872 hits=4104143 fwd=8319 rows=8517701 fwd_ms=486058.6 eval=0 prior=0
[inst] req=12632064 hits=4106488 fwd=8325 rows=8523845 fwd_ms=486394.2 eval=0 prior=0
[inst] req=12640256 hits=4108941 fwd=8331 rows=8529989 fwd_ms=486729.8 eval=0 prior=0
[inst] req=12648448 hits=4111365 fwd=8336 rows=8535109 fwd_ms=487009.5 eval=0 prior=0
[inst] req=12656640 hits=4113797 fwd=8342 rows=8541253 fwd_ms=487345.1 eval=0 prior=0
[inst] req=12664832 hits=4116381 fwd=8348 rows=8547397 fwd_ms=487680.7 eval=0 prior=0
[inst] req=12673024 hits=4118947 fwd=8353 rows=8552517 fwd_ms=487960.4 eval=0 prior=0
[inst] req=12681216 hits=4121527 fwd=8359 rows=8558661 fwd_ms=488296.1 eval=0 prior=0
[inst] req=12689408 hits=4124150 fwd=8364 rows=8563781 fwd_ms=488576.1 eval=0 prior=0
[inst] req=12697600 hits=4126721 fwd=8369 rows=8568901 fwd_ms=488856.2 eval=0 prior=0
[inst] req=12705792 hits=4129526 fwd=8375 rows=8575045 fwd_ms=489192.8 eval=0 prior=0
[inst] req=12713984 hits=4132307 fwd=8380 rows=8580165 fwd_ms=489472.7 eval=0 prior=0
[inst] req=12722176 hits=4134934 fwd=8385 rows=8585285 fwd_ms=489752.8 eval=0 prior=0
[inst] req=12730368 hits=4137602 fwd=8391 rows=8591429 fwd_ms=490088.4 eval=0 prior=0
[inst] req=12738560 hits=4140326 fwd=8396 rows=8596549 fwd_ms=490368.1 eval=0 prior=0
[inst] req=12746752 hits=4143129 fwd=8401 rows=8601669 fwd_ms=490648.0 eval=0 prior=0
[inst] req=12754944 hits=4145853 fwd=8407 rows=8607813 fwd_ms=490983.7 eval=0 prior=0
[inst] req=12763136 hits=4148434 fwd=8412 rows=8612933 fwd_ms=491263.6 eval=0 prior=0
[inst] req=12771328 hits=4151051 fwd=8418 rows=8619077 fwd_ms=491599.4 eval=0 prior=0
[inst] req=12779520 hits=4153563 fwd=8423 rows=8624197 fwd_ms=491878.9 eval=0 prior=0
[inst] req=12787712 hits=4156041 fwd=8429 rows=8630341 fwd_ms=492214.7 eval=0 prior=0
[inst] req=12795904 hits=4158558 fwd=8434 rows=8635461 fwd_ms=492494.5 eval=0 prior=0
[inst] req=12804096 hits=4160976 fwd=8440 rows=8641605 fwd_ms=492830.2 eval=0 prior=0
[inst] req=12812288 hits=4163370 fwd=8446 rows=8647749 fwd_ms=493166.0 eval=0 prior=0
[inst] req=12820480 hits=4165949 fwd=8451 rows=8652869 fwd_ms=493446.0 eval=0 prior=0
[inst] req=12828672 hits=4168483 fwd=8457 rows=8659013 fwd_ms=493781.8 eval=0 prior=0
[inst] req=12836864 hits=4170972 fwd=8462 rows=8664133 fwd_ms=494061.8 eval=0 prior=0
[inst] req=12845056 hits=4173589 fwd=8468 rows=8670277 fwd_ms=494397.6 eval=0 prior=0
[inst] req=12853248 hits=4176200 fwd=8473 rows=8675397 fwd_ms=494677.3 eval=0 prior=0
[inst] req=12861440 hits=4178749 fwd=8479 rows=8681541 fwd_ms=495013.5 eval=0 prior=0
[inst] req=12869632 hits=4181389 fwd=8484 rows=8686661 fwd_ms=495293.3 eval=0 prior=0
[inst] req=12877824 hits=4184049 fwd=8489 rows=8691781 fwd_ms=495573.1 eval=0 prior=0
[inst] req=12886016 hits=4186754 fwd=8495 rows=8697925 fwd_ms=495908.8 eval=0 prior=0
[inst] req=12894208 hits=4189535 fwd=8500 rows=8703045 fwd_ms=496188.8 eval=0 prior=0
[inst] req=12902400 hits=4192370 fwd=8505 rows=8708165 fwd_ms=496468.7 eval=0 prior=0
[inst] req=12910592 hits=4195122 fwd=8511 rows=8714309 fwd_ms=496804.6 eval=0 prior=0
[inst] req=12918784 hits=4197794 fwd=8516 rows=8719429 fwd_ms=497084.5 eval=0 prior=0
[inst] req=12926976 hits=4200415 fwd=8521 rows=8724549 fwd_ms=497364.5 eval=0 prior=0
[inst] req=12935168 hits=4202959 fwd=8527 rows=8730693 fwd_ms=497700.4 eval=0 prior=0
[inst] req=12943360 hits=4205598 fwd=8532 rows=8735813 fwd_ms=497980.1 eval=0 prior=0
[inst] req=12951552 hits=4208156 fwd=8538 rows=8741957 fwd_ms=498315.8 eval=0 prior=0
[inst] req=12959744 hits=4210575 fwd=8544 rows=8748101 fwd_ms=498651.8 eval=0 prior=0
[inst] req=12967936 hits=4212964 fwd=8549 rows=8753221 fwd_ms=498931.3 eval=0 prior=0
[inst] req=12976128 hits=4215259 fwd=8555 rows=8759365 fwd_ms=499267.2 eval=0 prior=0
[inst] req=12984320 hits=4217555 fwd=8561 rows=8765509 fwd_ms=499603.1 eval=0 prior=0
[inst] req=12992512 hits=4219958 fwd=8566 rows=8770629 fwd_ms=499883.0 eval=0 prior=0
[inst] req=13000704 hits=4222388 fwd=8572 rows=8776773 fwd_ms=500218.7 eval=0 prior=0
[inst] req=13008896 hits=4224925 fwd=8578 rows=8782917 fwd_ms=500554.5 eval=0 prior=0
[inst] req=13017088 hits=4227453 fwd=8583 rows=8788037 fwd_ms=500834.2 eval=0 prior=0
[inst] req=13025280 hits=4230078 fwd=8588 rows=8793157 fwd_ms=501113.9 eval=0 prior=0
[inst] req=13033472 hits=4232615 fwd=8594 rows=8799301 fwd_ms=501449.5 eval=0 prior=0
[inst] req=13041664 hits=4235237 fwd=8599 rows=8804421 fwd_ms=501729.3 eval=0 prior=0
[inst] req=13049856 hits=4238038 fwd=8605 rows=8810565 fwd_ms=502064.8 eval=0 prior=0
[inst] req=13058048 hits=4240715 fwd=8610 rows=8815685 fwd_ms=502344.6 eval=0 prior=0
[inst] req=13066240 hits=4243433 fwd=8615 rows=8820805 fwd_ms=502624.6 eval=0 prior=0
[inst] req=13074432 hits=4246200 fwd=8621 rows=8826949 fwd_ms=502960.4 eval=0 prior=0
[inst] req=13082624 hits=4249084 fwd=8626 rows=8832069 fwd_ms=503240.1 eval=0 prior=0
[inst] req=13090816 hits=4251986 fwd=8631 rows=8837189 fwd_ms=503519.9 eval=0 prior=0
[inst] req=13099008 hits=4254746 fwd=8636 rows=8842309 fwd_ms=503799.6 eval=0 prior=0
[inst] req=13107200 hits=4257477 fwd=8642 rows=8848453 fwd_ms=504135.3 eval=0 prior=0
[inst] req=13115392 hits=4260074 fwd=8647 rows=8853573 fwd_ms=504415.1 eval=0 prior=0
[inst] req=13123584 hits=4262659 fwd=8653 rows=8859717 fwd_ms=504750.9 eval=0 prior=0
[inst] req=13131776 hits=4265208 fwd=8658 rows=8864837 fwd_ms=505030.7 eval=0 prior=0
[inst] req=13139968 hits=4267814 fwd=8664 rows=8870981 fwd_ms=505366.2 eval=0 prior=0
[inst] req=13148160 hits=4270182 fwd=8669 rows=8876101 fwd_ms=505645.7 eval=0 prior=0
[inst] req=13156352 hits=4272515 fwd=8675 rows=8882245 fwd_ms=505981.1 eval=0 prior=0
[inst] req=13164544 hits=4275012 fwd=8681 rows=8888389 fwd_ms=506316.7 eval=0 prior=0
[inst] req=13172736 hits=4277533 fwd=8686 rows=8893509 fwd_ms=506596.3 eval=0 prior=0
[inst] req=13180928 hits=4280189 fwd=8692 rows=8899653 fwd_ms=506932.0 eval=0 prior=0
[inst] req=13189120 hits=4282712 fwd=8697 rows=8904773 fwd_ms=507211.7 eval=0 prior=0
[inst] req=13197312 hits=4285263 fwd=8703 rows=8910917 fwd_ms=507547.4 eval=0 prior=0
[inst] req=13205504 hits=4287819 fwd=8708 rows=8916037 fwd_ms=507827.3 eval=0 prior=0
[inst] req=13213696 hits=4290443 fwd=8714 rows=8922181 fwd_ms=508163.0 eval=0 prior=0
[inst] req=13221888 hits=4293040 fwd=8719 rows=8927301 fwd_ms=508442.6 eval=0 prior=0
[inst] req=13230080 hits=4295781 fwd=8724 rows=8932421 fwd_ms=508722.3 eval=0 prior=0
[inst] req=13238272 hits=4298383 fwd=8730 rows=8938565 fwd_ms=509058.1 eval=0 prior=0
[inst] req=13246464 hits=4301009 fwd=8735 rows=8943685 fwd_ms=509337.9 eval=0 prior=0
[inst] req=13254656 hits=4303697 fwd=8741 rows=8949829 fwd_ms=509673.9 eval=0 prior=0
[inst] req=13262848 hits=4306394 fwd=8746 rows=8954949 fwd_ms=509953.7 eval=0 prior=0
[inst] req=13271040 hits=4308945 fwd=8751 rows=8960069 fwd_ms=510233.4 eval=0 prior=0
[inst] req=13279232 hits=4311559 fwd=8757 rows=8966213 fwd_ms=510569.1 eval=0 prior=0
[inst] req=13287424 hits=4314194 fwd=8762 rows=8971333 fwd_ms=510848.8 eval=0 prior=0
[inst] req=13295616 hits=4316667 fwd=8768 rows=8977477 fwd_ms=511184.5 eval=0 prior=0
[inst] req=13303808 hits=4319024 fwd=8774 rows=8983621 fwd_ms=511520.1 eval=0 prior=0
[inst] req=13312000 hits=4321529 fwd=8779 rows=8988741 fwd_ms=511799.8 eval=0 prior=0
[inst] req=13320192 hits=4323868 fwd=8785 rows=8994885 fwd_ms=512135.3 eval=0 prior=0
[inst] req=13328384 hits=4326315 fwd=8791 rows=9001029 fwd_ms=512471.1 eval=0 prior=0
[inst] req=13336576 hits=4328726 fwd=8796 rows=9006149 fwd_ms=512750.7 eval=0 prior=0
[inst] req=13344768 hits=4331173 fwd=8802 rows=9012293 fwd_ms=513086.5 eval=0 prior=0
[inst] req=13352960 hits=4333688 fwd=8807 rows=9017413 fwd_ms=513366.3 eval=0 prior=0
[inst] req=13361152 hits=4336195 fwd=8813 rows=9023557 fwd_ms=513701.9 eval=0 prior=0
[inst] req=13369344 hits=4338660 fwd=8818 rows=9028677 fwd_ms=513981.5 eval=0 prior=0
[inst] req=13377536 hits=4341197 fwd=8824 rows=9034821 fwd_ms=514317.3 eval=0 prior=0
[inst] req=13385728 hits=4343750 fwd=8829 rows=9039941 fwd_ms=514597.1 eval=0 prior=0
[inst] req=13393920 hits=4346309 fwd=8835 rows=9046085 fwd_ms=514932.8 eval=0 prior=0
[inst] req=13402112 hits=4349128 fwd=8840 rows=9051205 fwd_ms=515212.6 eval=0 prior=0
[inst] req=13410304 hits=4351787 fwd=8846 rows=9057349 fwd_ms=515548.5 eval=0 prior=0
[inst] req=13418496 hits=4354500 fwd=8851 rows=9062469 fwd_ms=515828.6 eval=0 prior=0
[inst] req=13426688 hits=4357346 fwd=8856 rows=9067589 fwd_ms=516108.8 eval=0 prior=0
[inst] req=13434880 hits=4360076 fwd=8862 rows=9073733 fwd_ms=516444.9 eval=0 prior=0
[inst] req=13443072 hits=4362690 fwd=8867 rows=9078853 fwd_ms=516724.9 eval=0 prior=0
[inst] req=13451264 hits=4365429 fwd=8872 rows=9083973 fwd_ms=517005.0 eval=0 prior=0
[inst] req=13459456 hits=4368150 fwd=8878 rows=9090117 fwd_ms=517341.1 eval=0 prior=0
[inst] req=13467648 hits=4370592 fwd=8883 rows=9095237 fwd_ms=517621.1 eval=0 prior=0
[inst] req=13475840 hits=4373066 fwd=8889 rows=9101381 fwd_ms=517957.2 eval=0 prior=0
[inst] req=13484032 hits=4375531 fwd=8894 rows=9106501 fwd_ms=518237.3 eval=0 prior=0
[inst] req=13492224 hits=4378006 fwd=8900 rows=9112645 fwd_ms=518573.4 eval=0 prior=0
[inst] req=13500416 hits=4380481 fwd=8906 rows=9118789 fwd_ms=518909.6 eval=0 prior=0
[inst] req=13508608 hits=4383014 fwd=8911 rows=9123909 fwd_ms=519189.8 eval=0 prior=0
[inst] req=13516800 hits=4385476 fwd=8917 rows=9130053 fwd_ms=519525.9 eval=0 prior=0
[inst] req=13524992 hits=4388052 fwd=8922 rows=9135173 fwd_ms=519806.0 eval=0 prior=0
[inst] req=13533184 hits=4390583 fwd=8928 rows=9141317 fwd_ms=520142.1 eval=0 prior=0
[inst] req=13541376 hits=4393079 fwd=8933 rows=9146437 fwd_ms=520422.1 eval=0 prior=0
[inst] req=13549568 hits=4395574 fwd=8939 rows=9152581 fwd_ms=520758.3 eval=0 prior=0
[inst] req=13557760 hits=4398095 fwd=8944 rows=9157701 fwd_ms=521038.4 eval=0 prior=0
[inst] req=13565952 hits=4400758 fwd=8950 rows=9163845 fwd_ms=521374.6 eval=0 prior=0
[inst] req=13574144 hits=4403406 fwd=8955 rows=9168965 fwd_ms=521654.7 eval=0 prior=0
[inst] req=13582336 hits=4406017 fwd=8961 rows=9175109 fwd_ms=521991.0 eval=0 prior=0
[inst] req=13590528 hits=4408638 fwd=8966 rows=9180229 fwd_ms=522271.2 eval=0 prior=0
[inst] req=13598720 hits=4411306 fwd=8972 rows=9186373 fwd_ms=522607.3 eval=0 prior=0
[inst] req=13606912 hits=4413904 fwd=8977 rows=9191493 fwd_ms=522887.6 eval=0 prior=0
[inst] req=13615104 hits=4416546 fwd=8982 rows=9196613 fwd_ms=523167.7 eval=0 prior=0
[inst] req=13623296 hits=4419194 fwd=8988 rows=9202757 fwd_ms=523503.5 eval=0 prior=0
[inst] req=13631488 hits=4421829 fwd=8993 rows=9207877 fwd_ms=523783.7 eval=0 prior=0
[inst] req=13639680 hits=4424517 fwd=8999 rows=9214021 fwd_ms=524119.8 eval=0 prior=0
[inst] req=13647872 hits=4427098 fwd=9004 rows=9219141 fwd_ms=524400.0 eval=0 prior=0
[inst] req=13656064 hits=4429782 fwd=9009 rows=9224261 fwd_ms=524680.0 eval=0 prior=0
[inst] req=13664256 hits=4432291 fwd=9015 rows=9230405 fwd_ms=525016.1 eval=0 prior=0
[inst] req=13672448 hits=4434911 fwd=9020 rows=9235525 fwd_ms=525296.1 eval=0 prior=0
[inst] req=13680640 hits=4437455 fwd=9026 rows=9241669 fwd_ms=525632.2 eval=0 prior=0
[inst] req=13688832 hits=4439940 fwd=9032 rows=9247813 fwd_ms=525968.2 eval=0 prior=0
[inst] req=13697024 hits=4442494 fwd=9037 rows=9252933 fwd_ms=526248.5 eval=0 prior=0
[inst] req=13705216 hits=4444988 fwd=9043 rows=9259077 fwd_ms=526584.4 eval=0 prior=0
[inst] req=13713408 hits=4447533 fwd=9048 rows=9264197 fwd_ms=526864.6 eval=0 prior=0
[inst] req=13721600 hits=4450072 fwd=9054 rows=9270341 fwd_ms=527200.8 eval=0 prior=0
[inst] req=13729792 hits=4452719 fwd=9059 rows=9275461 fwd_ms=527480.8 eval=0 prior=0
[inst] req=13737984 hits=4455513 fwd=9064 rows=9280581 fwd_ms=527760.7 eval=0 prior=0
[inst] req=13746176 hits=4458270 fwd=9070 rows=9286725 fwd_ms=528097.0 eval=0 prior=0
[inst] req=13754368 hits=4460955 fwd=9075 rows=9291845 fwd_ms=528377.1 eval=0 prior=0
[inst] req=13762560 hits=4463675 fwd=9080 rows=9296965 fwd_ms=528657.1 eval=0 prior=0
[inst] req=13770752 hits=4466354 fwd=9086 rows=9303109 fwd_ms=528993.3 eval=0 prior=0
[inst] req=13778944 hits=4469005 fwd=9091 rows=9308229 fwd_ms=529273.4 eval=0 prior=0
[inst] req=13787136 hits=4471660 fwd=9097 rows=9314373 fwd_ms=529609.5 eval=0 prior=0
[inst] req=13795328 hits=4474470 fwd=9102 rows=9319493 fwd_ms=529889.8 eval=0 prior=0
[inst] req=13803520 hits=4476962 fwd=9107 rows=9324613 fwd_ms=530169.8 eval=0 prior=0
[inst] req=13811712 hits=4479485 fwd=9113 rows=9330757 fwd_ms=530505.7 eval=0 prior=0
[inst] req=13819904 hits=4481962 fwd=9119 rows=9336901 fwd_ms=530841.9 eval=0 prior=0
[inst] req=13828096 hits=4484489 fwd=9124 rows=9342021 fwd_ms=531121.9 eval=0 prior=0
[inst] req=13836288 hits=4486999 fwd=9130 rows=9348165 fwd_ms=531458.0 eval=0 prior=0
[inst] req=13844480 hits=4489481 fwd=9135 rows=9353285 fwd_ms=531738.2 eval=0 prior=0
[inst] req=13852672 hits=4491924 fwd=9141 rows=9359429 fwd_ms=532074.4 eval=0 prior=0
[inst] req=13860864 hits=4494366 fwd=9146 rows=9364549 fwd_ms=532354.5 eval=0 prior=0
[inst] req=13869056 hits=4496833 fwd=9152 rows=9370693 fwd_ms=532690.5 eval=0 prior=0
[inst] req=13877248 hits=4499214 fwd=9158 rows=9376837 fwd_ms=533026.6 eval=0 prior=0
[inst] req=13885440 hits=4501679 fwd=9163 rows=9381957 fwd_ms=533306.6 eval=0 prior=0
[inst] req=13893632 hits=4504158 fwd=9169 rows=9388101 fwd_ms=533642.4 eval=0 prior=0
[inst] req=13901824 hits=4506763 fwd=9174 rows=9393221 fwd_ms=533922.7 eval=0 prior=0
[inst] req=13910016 hits=4509422 fwd=9180 rows=9399365 fwd_ms=534258.9 eval=0 prior=0
[inst] req=13918208 hits=4512067 fwd=9185 rows=9404485 fwd_ms=534539.0 eval=0 prior=0
[inst] req=13926400 hits=4514684 fwd=9191 rows=9410629 fwd_ms=534875.3 eval=0 prior=0
[inst] req=13934592 hits=4517362 fwd=9196 rows=9415749 fwd_ms=535155.4 eval=0 prior=0
[inst] req=13942784 hits=4520074 fwd=9201 rows=9420869 fwd_ms=535435.5 eval=0 prior=0
[inst] req=13950976 hits=4522613 fwd=9207 rows=9427013 fwd_ms=535772.3 eval=0 prior=0
[inst] req=13959168 hits=4525206 fwd=9212 rows=9432133 fwd_ms=536052.6 eval=0 prior=0
[inst] req=13967360 hits=4527873 fwd=9218 rows=9438277 fwd_ms=536389.1 eval=0 prior=0
[inst] req=13975552 hits=4530486 fwd=9223 rows=9443397 fwd_ms=536669.9 eval=0 prior=0
[inst] req=13983744 hits=4533073 fwd=9229 rows=9449541 fwd_ms=537006.4 eval=0 prior=0
[inst] req=13991936 hits=4535648 fwd=9234 rows=9454661 fwd_ms=537286.7 eval=0 prior=0
[inst] req=14000128 hits=4538171 fwd=9240 rows=9460805 fwd_ms=537622.8 eval=0 prior=0
[inst] req=14008320 hits=4540712 fwd=9245 rows=9465925 fwd_ms=537903.0 eval=0 prior=0
[inst] req=14016512 hits=4543264 fwd=9251 rows=9472069 fwd_ms=538239.4 eval=0 prior=0
[inst] req=14024704 hits=4545775 fwd=9256 rows=9477189 fwd_ms=538519.8 eval=0 prior=0
[inst] req=14032896 hits=4548400 fwd=9262 rows=9483333 fwd_ms=538856.1 eval=0 prior=0
[inst] req=14041088 hits=4551037 fwd=9267 rows=9488453 fwd_ms=539136.4 eval=0 prior=0
[inst] req=14049280 hits=4553689 fwd=9272 rows=9493573 fwd_ms=539416.5 eval=0 prior=0
[inst] req=14057472 hits=4556355 fwd=9278 rows=9499717 fwd_ms=539752.6 eval=0 prior=0
[inst] req=14065664 hits=4558893 fwd=9283 rows=9504837 fwd_ms=540032.8 eval=0 prior=0
[inst] req=14073856 hits=4561440 fwd=9289 rows=9510981 fwd_ms=540369.1 eval=0 prior=0
[inst] req=14082048 hits=4563961 fwd=9294 rows=9516101 fwd_ms=540649.5 eval=0 prior=0
[inst] req=14090240 hits=4566574 fwd=9300 rows=9522245 fwd_ms=540985.7 eval=0 prior=0
[inst] req=14098432 hits=4569245 fwd=9305 rows=9527365 fwd_ms=541266.0 eval=0 prior=0
[inst] req=14106624 hits=4571946 fwd=9311 rows=9533509 fwd_ms=541602.2 eval=0 prior=0
[inst] req=14114816 hits=4574588 fwd=9316 rows=9538629 fwd_ms=541882.2 eval=0 prior=0
[inst] req=14123008 hits=4577148 fwd=9322 rows=9544773 fwd_ms=542218.4 eval=0 prior=0
[inst] req=14131200 hits=4579813 fwd=9327 rows=9549893 fwd_ms=542498.5 eval=0 prior=0
[inst] req=14139392 hits=4582405 fwd=9332 rows=9555013 fwd_ms=542778.7 eval=0 prior=0
[inst] req=14147584 hits=4584966 fwd=9338 rows=9561157 fwd_ms=543114.7 eval=0 prior=0
[inst] req=14155776 hits=4587579 fwd=9343 rows=9566277 fwd_ms=543394.9 eval=0 prior=0
[inst] req=14163968 hits=4590240 fwd=9349 rows=9572421 fwd_ms=543731.2 eval=0 prior=0
[inst] req=14172160 hits=4592797 fwd=9354 rows=9577541 fwd_ms=544011.3 eval=0 prior=0
[inst] req=14180352 hits=4595378 fwd=9360 rows=9583685 fwd_ms=544347.5 eval=0 prior=0
[inst] req=14188544 hits=4597876 fwd=9365 rows=9588805 fwd_ms=544627.5 eval=0 prior=0
[inst] req=14196736 hits=4600470 fwd=9371 rows=9594949 fwd_ms=544964.1 eval=0 prior=0
[inst] req=14204928 hits=4603028 fwd=9376 rows=9600069 fwd_ms=545244.1 eval=0 prior=0
[inst] req=14213120 hits=4605586 fwd=9382 rows=9606213 fwd_ms=545580.1 eval=0 prior=0
[inst] req=14221312 hits=4608158 fwd=9387 rows=9611333 fwd_ms=545860.0 eval=0 prior=0
[inst] req=14229504 hits=4610876 fwd=9393 rows=9617477 fwd_ms=546196.0 eval=0 prior=0
[inst] req=14237696 hits=4613484 fwd=9398 rows=9622597 fwd_ms=546475.8 eval=0 prior=0
[inst] req=14245888 hits=4616059 fwd=9404 rows=9628741 fwd_ms=546811.7 eval=0 prior=0
[inst] req=14254080 hits=4618680 fwd=9409 rows=9633861 fwd_ms=547091.8 eval=0 prior=0
[inst] req=14262272 hits=4621406 fwd=9414 rows=9638981 fwd_ms=547371.8 eval=0 prior=0
[inst] req=14270464 hits=4624010 fwd=9420 rows=9645125 fwd_ms=547707.8 eval=0 prior=0
[inst] req=14278656 hits=4626661 fwd=9425 rows=9650245 fwd_ms=547987.6 eval=0 prior=0
[inst] req=14286848 hits=4629262 fwd=9431 rows=9656389 fwd_ms=548323.5 eval=0 prior=0
[inst] req=14295040 hits=4631937 fwd=9436 rows=9661509 fwd_ms=548603.4 eval=0 prior=0
[inst] req=14303232 hits=4634561 fwd=9441 rows=9666629 fwd_ms=548883.2 eval=0 prior=0
[inst] req=14311424 hits=4637130 fwd=9447 rows=9672773 fwd_ms=549219.1 eval=0 prior=0
[inst] req=14319616 hits=4639758 fwd=9452 rows=9677893 fwd_ms=549499.1 eval=0 prior=0
[inst] req=14327808 hits=4642300 fwd=9458 rows=9684037 fwd_ms=549835.5 eval=0 prior=0
[inst] req=14336000 hits=4644931 fwd=9463 rows=9689157 fwd_ms=550115.5 eval=0 prior=0
[inst] req=14344192 hits=4647628 fwd=9469 rows=9695301 fwd_ms=550451.5 eval=0 prior=0
[inst] req=14352384 hits=4650236 fwd=9474 rows=9700421 fwd_ms=550731.4 eval=0 prior=0
[inst] req=14360576 hits=4652869 fwd=9480 rows=9706565 fwd_ms=551067.5 eval=0 prior=0
[inst] req=14368768 hits=4655374 fwd=9485 rows=9711685 fwd_ms=551347.5 eval=0 prior=0
[inst] req=14376960 hits=4657929 fwd=9491 rows=9717829 fwd_ms=551683.8 eval=0 prior=0
[inst] req=14385152 hits=4660448 fwd=9496 rows=9722949 fwd_ms=551963.7 eval=0 prior=0
[inst] req=14393344 hits=4663002 fwd=9502 rows=9729093 fwd_ms=552299.7 eval=0 prior=0
[inst] req=14401536 hits=4665509 fwd=9507 rows=9734213 fwd_ms=552579.7 eval=0 prior=0
[inst] req=14409728 hits=4668017 fwd=9513 rows=9740357 fwd_ms=552915.6 eval=0 prior=0
[inst] req=14417920 hits=4670507 fwd=9518 rows=9745477 fwd_ms=553195.6 eval=0 prior=0
[inst] req=14426112 hits=4673047 fwd=9524 rows=9751621 fwd_ms=553531.7 eval=0 prior=0
[inst] req=14434304 hits=4675706 fwd=9529 rows=9756741 fwd_ms=553811.8 eval=0 prior=0
[inst] req=14442496 hits=4678407 fwd=9535 rows=9762885 fwd_ms=554147.8 eval=0 prior=0
[inst] req=14450688 hits=4680935 fwd=9540 rows=9768005 fwd_ms=554427.9 eval=0 prior=0
[inst] req=14458880 hits=4683445 fwd=9546 rows=9774149 fwd_ms=554763.9 eval=0 prior=0
[inst] req=14467072 hits=4686018 fwd=9551 rows=9779269 fwd_ms=555043.9 eval=0 prior=0
[inst] req=14475264 hits=4688624 fwd=9557 rows=9785413 fwd_ms=555379.9 eval=0 prior=0
[inst] req=14483456 hits=4691286 fwd=9562 rows=9790533 fwd_ms=555660.0 eval=0 prior=0
[inst] req=14491648 hits=4694101 fwd=9567 rows=9795653 fwd_ms=555939.9 eval=0 prior=0
[inst] req=14499840 hits=4696778 fwd=9573 rows=9801797 fwd_ms=556275.8 eval=0 prior=0
[inst] req=14508032 hits=4699344 fwd=9578 rows=9806917 fwd_ms=556555.7 eval=0 prior=0
[inst] req=14516224 hits=4701923 fwd=9584 rows=9813061 fwd_ms=556891.9 eval=0 prior=0
[inst] req=14524416 hits=4704485 fwd=9589 rows=9818181 fwd_ms=557172.0 eval=0 prior=0
[inst] req=14532608 hits=4706978 fwd=9595 rows=9824325 fwd_ms=557508.0 eval=0 prior=0
[inst] req=14540800 hits=4709386 fwd=9600 rows=9829445 fwd_ms=557788.1 eval=0 prior=0
[inst] req=14548992 hits=4711949 fwd=9606 rows=9835589 fwd_ms=558124.3 eval=0 prior=0
[inst] req=14557184 hits=4714491 fwd=9611 rows=9840709 fwd_ms=558404.4 eval=0 prior=0
[inst] req=14565376 hits=4717028 fwd=9617 rows=9846853 fwd_ms=558740.4 eval=0 prior=0
[inst] req=14573568 hits=4719597 fwd=9622 rows=9851973 fwd_ms=559020.1 eval=0 prior=0
[inst] req=14581760 hits=4722252 fwd=9628 rows=9858117 fwd_ms=559355.9 eval=0 prior=0
[inst] req=14589952 hits=4724781 fwd=9633 rows=9863237 fwd_ms=559635.9 eval=0 prior=0
[inst] req=14598144 hits=4727278 fwd=9639 rows=9869381 fwd_ms=559971.9 eval=0 prior=0
[inst] req=14606336 hits=4729999 fwd=9644 rows=9874501 fwd_ms=560252.1 eval=0 prior=0
[inst] req=14614528 hits=4732617 fwd=9650 rows=9880645 fwd_ms=560587.9 eval=0 prior=0
[inst] req=14622720 hits=4735180 fwd=9655 rows=9885765 fwd_ms=560867.7 eval=0 prior=0
[inst] req=14630912 hits=4737851 fwd=9661 rows=9891909 fwd_ms=561203.6 eval=0 prior=0
[inst] req=14639104 hits=4740432 fwd=9666 rows=9897029 fwd_ms=561483.4 eval=0 prior=0
[inst] req=14647296 hits=4743136 fwd=9671 rows=9902149 fwd_ms=561763.3 eval=0 prior=0
[inst] req=14655488 hits=4745938 fwd=9677 rows=9908293 fwd_ms=562099.3 eval=0 prior=0
[inst] req=14663680 hits=4748585 fwd=9682 rows=9913413 fwd_ms=562379.5 eval=0 prior=0
[inst] req=14671872 hits=4751179 fwd=9688 rows=9919557 fwd_ms=562715.6 eval=0 prior=0
[inst] req=14680064 hits=4753768 fwd=9693 rows=9924677 fwd_ms=562995.3 eval=0 prior=0
[inst] req=14688256 hits=4756493 fwd=9698 rows=9929797 fwd_ms=563275.3 eval=0 prior=0
[inst] req=14696448 hits=4759197 fwd=9704 rows=9935941 fwd_ms=563611.3 eval=0 prior=0
[inst] req=14704640 hits=4761849 fwd=9709 rows=9941061 fwd_ms=563891.2 eval=0 prior=0
[inst] req=14712832 hits=4764460 fwd=9715 rows=9947205 fwd_ms=564227.1 eval=0 prior=0
[inst] req=14721024 hits=4767098 fwd=9720 rows=9952325 fwd_ms=564507.1 eval=0 prior=0
[inst] req=14729216 hits=4769573 fwd=9726 rows=9958469 fwd_ms=564843.1 eval=0 prior=0
[inst] req=14737408 hits=4772141 fwd=9731 rows=9963589 fwd_ms=565123.2 eval=0 prior=0
[inst] req=14745600 hits=4774764 fwd=9737 rows=9969733 fwd_ms=565459.2 eval=0 prior=0
[inst] req=14753792 hits=4777258 fwd=9742 rows=9974853 fwd_ms=565739.2 eval=0 prior=0
[inst] req=14761984 hits=4779979 fwd=9747 rows=9979973 fwd_ms=566019.1 eval=0 prior=0
[inst] req=14770176 hits=4782602 fwd=9753 rows=9986117 fwd_ms=566354.9 eval=0 prior=0
[inst] req=14778368 hits=4785194 fwd=9758 rows=9991237 fwd_ms=566634.7 eval=0 prior=0
[inst] req=14786560 hits=4787836 fwd=9764 rows=9997381 fwd_ms=566970.6 eval=0 prior=0
[inst] req=14794752 hits=4790456 fwd=9769 rows=10002501 fwd_ms=567250.5 eval=0 prior=0
[inst] req=14802944 hits=4793087 fwd=9775 rows=10008645 fwd_ms=567586.7 eval=0 prior=0
[inst] req=14811136 hits=4795666 fwd=9780 rows=10013765 fwd_ms=567866.8 eval=0 prior=0
[inst] req=14819328 hits=4798268 fwd=9786 rows=10019909 fwd_ms=568203.0 eval=0 prior=0
[inst] req=14827520 hits=4800808 fwd=9791 rows=10025029 fwd_ms=568482.9 eval=0 prior=0
[inst] req=14835712 hits=4803282 fwd=9797 rows=10031173 fwd_ms=568819.1 eval=0 prior=0
[inst] req=14843904 hits=4805904 fwd=9802 rows=10036293 fwd_ms=569099.0 eval=0 prior=0
[inst] req=14852096 hits=4808650 fwd=9807 rows=10041413 fwd_ms=569379.0 eval=0 prior=0
[inst] req=14860288 hits=4811141 fwd=9813 rows=10047557 fwd_ms=569715.0 eval=0 prior=0
[inst] req=14868480 hits=4813668 fwd=9819 rows=10053701 fwd_ms=570051.0 eval=0 prior=0
[inst] req=14876672 hits=4816270 fwd=9824 rows=10058821 fwd_ms=570331.2 eval=0 prior=0
[inst] req=14884864 hits=4818875 fwd=9829 rows=10063941 fwd_ms=570611.3 eval=0 prior=0
[inst] req=14893056 hits=4821410 fwd=9835 rows=10070085 fwd_ms=570947.6 eval=0 prior=0
[inst] req=14901248 hits=4823945 fwd=9841 rows=10076229 fwd_ms=571284.1 eval=0 prior=0
[inst] req=14909440 hits=4826489 fwd=9846 rows=10081349 fwd_ms=571564.1 eval=0 prior=0
[inst] req=14917632 hits=4829138 fwd=9851 rows=10086469 fwd_ms=571844.2 eval=0 prior=0
[inst] req=14925824 hits=4831684 fwd=9857 rows=10092613 fwd_ms=572180.0 eval=0 prior=0
[inst] req=14934016 hits=4834372 fwd=9862 rows=10097733 fwd_ms=572459.9 eval=0 prior=0
[inst] req=14942208 hits=4837047 fwd=9868 rows=10103877 fwd_ms=572795.8 eval=0 prior=0
[inst] req=14950400 hits=4839623 fwd=9873 rows=10108997 fwd_ms=573075.7 eval=0 prior=0
[inst] req=14958592 hits=4842222 fwd=9879 rows=10115141 fwd_ms=573411.9 eval=0 prior=0
[inst] req=14966784 hits=4844784 fwd=9884 rows=10120261 fwd_ms=573691.8 eval=0 prior=0
[inst] req=14974976 hits=4847399 fwd=9890 rows=10126405 fwd_ms=574027.8 eval=0 prior=0
[inst] req=14983168 hits=4850091 fwd=9895 rows=10131525 fwd_ms=574307.6 eval=0 prior=0
[inst] req=14991360 hits=4852739 fwd=9900 rows=10136645 fwd_ms=574587.7 eval=0 prior=0
[inst] req=14999552 hits=4855322 fwd=9906 rows=10142789 fwd_ms=574923.6 eval=0 prior=0
[inst] req=15007744 hits=4857889 fwd=9911 rows=10147909 fwd_ms=575203.5 eval=0 prior=0
[inst] req=15015936 hits=4860457 fwd=9917 rows=10154053 fwd_ms=575539.8 eval=0 prior=0
[inst] req=15024128 hits=4863084 fwd=9922 rows=10159173 fwd_ms=575819.7 eval=0 prior=0
[inst] req=15032320 hits=4865691 fwd=9928 rows=10165317 fwd_ms=576155.7 eval=0 prior=0
[inst] req=15040512 hits=4868361 fwd=9933 rows=10170437 fwd_ms=576435.8 eval=0 prior=0
[inst] req=15048704 hits=4870912 fwd=9939 rows=10176581 fwd_ms=576772.0 eval=0 prior=0
[inst] req=15056896 hits=4873480 fwd=9944 rows=10181701 fwd_ms=577052.0 eval=0 prior=0
[inst] req=15065088 hits=4876219 fwd=9949 rows=10186821 fwd_ms=577332.0 eval=0 prior=0
[inst] req=15073280 hits=4878936 fwd=9955 rows=10192965 fwd_ms=577668.0 eval=0 prior=0
[inst] req=15081472 hits=4881682 fwd=9960 rows=10198085 fwd_ms=577948.0 eval=0 prior=0
[inst] req=15089664 hits=4884321 fwd=9966 rows=10204229 fwd_ms=578283.9 eval=0 prior=0
[inst] req=15097856 hits=4886894 fwd=9971 rows=10209349 fwd_ms=578564.0 eval=0 prior=0
[inst] req=15106048 hits=4889602 fwd=9976 rows=10214469 fwd_ms=578844.1 eval=0 prior=0
[inst] req=15114240 hits=4892116 fwd=9982 rows=10220613 fwd_ms=579180.3 eval=0 prior=0
[inst] req=15122432 hits=4894797 fwd=9987 rows=10225733 fwd_ms=579460.4 eval=0 prior=0
[inst] req=15130624 hits=4897385 fwd=9993 rows=10231877 fwd_ms=579796.5 eval=0 prior=0
[inst] req=15138816 hits=4900108 fwd=9998 rows=10236997 fwd_ms=580076.5 eval=0 prior=0
[inst] req=15147008 hits=4902816 fwd=10004 rows=10243141 fwd_ms=580412.3 eval=0 prior=0
[inst] req=15155200 hits=4905447 fwd=10009 rows=10248261 fwd_ms=580692.4 eval=0 prior=0
[inst] req=15163392 hits=4908039 fwd=10014 rows=10253381 fwd_ms=580972.4 eval=0 prior=0
[inst] req=15171584 hits=4910710 fwd=10020 rows=10259525 fwd_ms=581308.5 eval=0 prior=0
[inst] req=15179776 hits=4913268 fwd=10025 rows=10264645 fwd_ms=581588.5 eval=0 prior=0
[inst] req=15187968 hits=4916073 fwd=10031 rows=10270789 fwd_ms=581924.7 eval=0 prior=0
[inst] req=15196160 hits=4918655 fwd=10036 rows=10275909 fwd_ms=582204.6 eval=0 prior=0
[inst] req=15204352 hits=4921370 fwd=10041 rows=10281029 fwd_ms=582484.4 eval=0 prior=0
[inst] req=15212544 hits=4923961 fwd=10047 rows=10287173 fwd_ms=582820.6 eval=0 prior=0
[inst] req=15220736 hits=4926525 fwd=10052 rows=10292293 fwd_ms=583100.8 eval=0 prior=0
[inst] req=15228928 hits=4929005 fwd=10058 rows=10298437 fwd_ms=583437.0 eval=0 prior=0
[inst] req=15237120 hits=4931588 fwd=10063 rows=10303557 fwd_ms=583717.3 eval=0 prior=0
[inst] req=15245312 hits=4934092 fwd=10069 rows=10309701 fwd_ms=584053.5 eval=0 prior=0
[inst] req=15253504 hits=4936671 fwd=10074 rows=10314821 fwd_ms=584333.7 eval=0 prior=0
[inst] req=15261696 hits=4939227 fwd=10080 rows=10320965 fwd_ms=584669.8 eval=0 prior=0
[inst] req=15269888 hits=4941986 fwd=10085 rows=10326085 fwd_ms=584949.9 eval=0 prior=0
[inst] req=15278080 hits=4944649 fwd=10091 rows=10332229 fwd_ms=585286.0 eval=0 prior=0
[inst] req=15286272 hits=4947316 fwd=10096 rows=10337349 fwd_ms=585566.1 eval=0 prior=0
[inst] req=15294464 hits=4949978 fwd=10101 rows=10342469 fwd_ms=585845.9 eval=0 prior=0
[inst] req=15302656 hits=4952650 fwd=10107 rows=10348613 fwd_ms=586182.0 eval=0 prior=0
[inst] req=15310848 hits=4955291 fwd=10112 rows=10353733 fwd_ms=586461.9 eval=0 prior=0
[inst] req=15319040 hits=4958001 fwd=10118 rows=10359877 fwd_ms=586797.8 eval=0 prior=0
[inst] req=15327232 hits=4960653 fwd=10123 rows=10364997 fwd_ms=587077.8 eval=0 prior=0
[inst] req=15335424 hits=4963234 fwd=10129 rows=10371141 fwd_ms=587413.9 eval=0 prior=0
[inst] req=15343616 hits=4965954 fwd=10134 rows=10376261 fwd_ms=587693.8 eval=0 prior=0
[inst] req=15351808 hits=4968643 fwd=10139 rows=10381381 fwd_ms=587973.7 eval=0 prior=0
[inst] req=15360000 hits=4971161 fwd=10145 rows=10387525 fwd_ms=588309.7 eval=0 prior=0
[inst] req=15368192 hits=4973961 fwd=10150 rows=10392645 fwd_ms=588589.6 eval=0 prior=0
[inst] req=15376384 hits=4976535 fwd=10156 rows=10398789 fwd_ms=588925.4 eval=0 prior=0
[inst] req=15384576 hits=4979134 fwd=10161 rows=10403909 fwd_ms=589205.5 eval=0 prior=0
[inst] req=15392768 hits=4981737 fwd=10166 rows=10409029 fwd_ms=589485.3 eval=0 prior=0
[inst] req=15400960 hits=4984279 fwd=10172 rows=10415173 fwd_ms=589821.3 eval=0 prior=0
[inst] req=15409152 hits=4986843 fwd=10177 rows=10420293 fwd_ms=590101.0 eval=0 prior=0
[inst] req=15417344 hits=4989341 fwd=10183 rows=10426437 fwd_ms=590436.9 eval=0 prior=0
[inst] req=15425536 hits=4991886 fwd=10189 rows=10432581 fwd_ms=590772.6 eval=0 prior=0
[inst] req=15433728 hits=4994606 fwd=10194 rows=10437701 fwd_ms=591052.5 eval=0 prior=0
[inst] req=15441920 hits=4997114 fwd=10199 rows=10442821 fwd_ms=591332.6 eval=0 prior=0
[inst] req=15450112 hits=4999824 fwd=10205 rows=10448965 fwd_ms=591668.6 eval=0 prior=0
[inst] req=15458304 hits=5002444 fwd=10210 rows=10454085 fwd_ms=591948.6 eval=0 prior=0
[inst] req=15466496 hits=5005042 fwd=10216 rows=10460229 fwd_ms=592284.7 eval=0 prior=0
[inst] req=15474688 hits=5007622 fwd=10221 rows=10465349 fwd_ms=592564.4 eval=0 prior=0
[inst] req=15482880 hits=5010250 fwd=10227 rows=10471493 fwd_ms=592900.1 eval=0 prior=0
[inst] req=15491072 hits=5012928 fwd=10232 rows=10476613 fwd_ms=593179.9 eval=0 prior=0
[inst] req=15499264 hits=5015653 fwd=10237 rows=10481733 fwd_ms=593459.9 eval=0 prior=0
[inst] req=15507456 hits=5018371 fwd=10243 rows=10487877 fwd_ms=593796.0 eval=0 prior=0
[inst] req=15515648 hits=5020949 fwd=10248 rows=10492997 fwd_ms=594076.1 eval=0 prior=0
[inst] req=15523840 hits=5023644 fwd=10254 rows=10499141 fwd_ms=594412.1 eval=0 prior=0
[inst] req=15532032 hits=5026267 fwd=10259 rows=10504261 fwd_ms=594692.0 eval=0 prior=0
[inst] req=15540224 hits=5028973 fwd=10264 rows=10509381 fwd_ms=594972.0 eval=0 prior=0
[inst] req=15548416 hits=5031672 fwd=10270 rows=10515525 fwd_ms=595307.9 eval=0 prior=0
[inst] req=15556608 hits=5034363 fwd=10275 rows=10520645 fwd_ms=595587.6 eval=0 prior=0
[inst] req=15564800 hits=5036922 fwd=10281 rows=10526789 fwd_ms=595923.3 eval=0 prior=0
[inst] req=15572992 hits=5039541 fwd=10286 rows=10531909 fwd_ms=596203.2 eval=0 prior=0
[inst] req=15581184 hits=5042024 fwd=10292 rows=10538053 fwd_ms=596538.9 eval=0 prior=0
[inst] req=15589376 hits=5044551 fwd=10297 rows=10543173 fwd_ms=596818.8 eval=0 prior=0
[inst] req=15597568 hits=5047102 fwd=10303 rows=10549317 fwd_ms=597154.5 eval=0 prior=0
[inst] req=15605760 hits=5049782 fwd=10308 rows=10554437 fwd_ms=597434.3 eval=0 prior=0
[inst] req=15613952 hits=5052349 fwd=10313 rows=10559557 fwd_ms=597714.2 eval=0 prior=0
[inst] req=15622144 hits=5054864 fwd=10319 rows=10565701 fwd_ms=598050.4 eval=0 prior=0
[inst] req=15630336 hits=5057407 fwd=10325 rows=10571845 fwd_ms=598386.3 eval=0 prior=0
[inst] req=15638528 hits=5059927 fwd=10330 rows=10576965 fwd_ms=598666.2 eval=0 prior=0
[inst] req=15646720 hits=5062458 fwd=10336 rows=10583109 fwd_ms=599002.1 eval=0 prior=0
[inst] req=15654912 hits=5065093 fwd=10341 rows=10588229 fwd_ms=599282.0 eval=0 prior=0
[inst] req=15663104 hits=5067739 fwd=10346 rows=10593349 fwd_ms=599561.8 eval=0 prior=0
[inst] req=15671296 hits=5070309 fwd=10352 rows=10599493 fwd_ms=599897.7 eval=0 prior=0
[inst] req=15679488 hits=5073028 fwd=10357 rows=10604613 fwd_ms=600177.6 eval=0 prior=0
[inst] req=15687680 hits=5075555 fwd=10363 rows=10610757 fwd_ms=600513.6 eval=0 prior=0
[inst] req=15695872 hits=5078254 fwd=10368 rows=10615877 fwd_ms=600793.3 eval=0 prior=0
[inst] req=15704064 hits=5080902 fwd=10374 rows=10622021 fwd_ms=601129.3 eval=0 prior=0
[inst] req=15712256 hits=5083571 fwd=10379 rows=10627141 fwd_ms=601409.2 eval=0 prior=0
[inst] req=15720448 hits=5086267 fwd=10384 rows=10632261 fwd_ms=601689.1 eval=0 prior=0
[inst] req=15728640 hits=5088917 fwd=10390 rows=10638405 fwd_ms=602024.9 eval=0 prior=0
[inst] req=15736832 hits=5091485 fwd=10395 rows=10643525 fwd_ms=602304.8 eval=0 prior=0
[inst] req=15745024 hits=5094009 fwd=10401 rows=10649669 fwd_ms=602640.8 eval=0 prior=0
[inst] req=15753216 hits=5096652 fwd=10406 rows=10654789 fwd_ms=602920.7 eval=0 prior=0
[inst] req=15761408 hits=5099242 fwd=10412 rows=10660933 fwd_ms=603256.4 eval=0 prior=0
[inst] req=15769600 hits=5101721 fwd=10417 rows=10666053 fwd_ms=603536.4 eval=0 prior=0
[inst] req=15777792 hits=5104270 fwd=10423 rows=10672197 fwd_ms=603872.2 eval=0 prior=0
[inst] req=15785984 hits=5106826 fwd=10428 rows=10677317 fwd_ms=604152.1 eval=0 prior=0
[inst] req=15794176 hits=5109403 fwd=10434 rows=10683461 fwd_ms=604487.9 eval=0 prior=0
[inst] req=15802368 hits=5111891 fwd=10439 rows=10688581 fwd_ms=604767.7 eval=0 prior=0
[inst] req=15810560 hits=5114488 fwd=10445 rows=10694725 fwd_ms=605103.5 eval=0 prior=0
[inst] req=15818752 hits=5117015 fwd=10450 rows=10699845 fwd_ms=605383.4 eval=0 prior=0
[inst] req=15826944 hits=5119629 fwd=10456 rows=10705989 fwd_ms=605719.3 eval=0 prior=0
[inst] req=15835136 hits=5122183 fwd=10461 rows=10711109 fwd_ms=605999.2 eval=0 prior=0
[inst] req=15843328 hits=5124900 fwd=10467 rows=10717253 fwd_ms=606335.1 eval=0 prior=0
[inst] req=15851520 hits=5127668 fwd=10472 rows=10722373 fwd_ms=606615.1 eval=0 prior=0
[inst] req=15859712 hits=5130376 fwd=10477 rows=10727493 fwd_ms=606895.1 eval=0 prior=0
[inst] req=15867904 hits=5132985 fwd=10483 rows=10733637 fwd_ms=607230.9 eval=0 prior=0
[inst] req=15876096 hits=5135699 fwd=10488 rows=10738757 fwd_ms=607510.9 eval=0 prior=0
[inst] req=15884288 hits=5138358 fwd=10494 rows=10744901 fwd_ms=607846.9 eval=0 prior=0
[inst] req=15892480 hits=5140979 fwd=10499 rows=10750021 fwd_ms=608126.7 eval=0 prior=0
[inst] req=15900672 hits=5143694 fwd=10504 rows=10755141 fwd_ms=608406.6 eval=0 prior=0
[inst] req=15908864 hits=5146269 fwd=10510 rows=10761285 fwd_ms=608742.5 eval=0 prior=0
[inst] req=15917056 hits=5148777 fwd=10515 rows=10766405 fwd_ms=609022.3 eval=0 prior=0
[inst] req=15925248 hits=5151574 fwd=10521 rows=10772549 fwd_ms=609358.1 eval=0 prior=0
[inst] req=15933440 hits=5154216 fwd=10526 rows=10777669 fwd_ms=609637.9 eval=0 prior=0
[inst] req=15941632 hits=5156828 fwd=10531 rows=10782789 fwd_ms=609917.9 eval=0 prior=0
[inst] req=15949824 hits=5159375 fwd=10537 rows=10788933 fwd_ms=610253.5 eval=0 prior=0
[inst] req=15958016 hits=5161940 fwd=10542 rows=10794053 fwd_ms=610533.1 eval=0 prior=0
[inst] req=15966208 hits=5164424 fwd=10548 rows=10800197 fwd_ms=610868.4 eval=0 prior=0
[inst] req=15974400 hits=5166900 fwd=10554 rows=10806341 fwd_ms=611204.1 eval=0 prior=0
[inst] req=15982592 hits=5169641 fwd=10559 rows=10811461 fwd_ms=611484.0 eval=0 prior=0
[inst] req=15990784 hits=5172241 fwd=10564 rows=10816581 fwd_ms=611764.1 eval=0 prior=0
[inst] req=15998976 hits=5174884 fwd=10570 rows=10822725 fwd_ms=612100.2 eval=0 prior=0
[inst] req=16007168 hits=5177377 fwd=10575 rows=10827845 fwd_ms=612380.2 eval=0 prior=0
[inst] req=16015360 hits=5180066 fwd=10581 rows=10833989 fwd_ms=612715.9 eval=0 prior=0
[inst] req=16023552 hits=5182643 fwd=10586 rows=10839109 fwd_ms=612996.0 eval=0 prior=0
[inst] req=16031744 hits=5185374 fwd=10592 rows=10845253 fwd_ms=613331.9 eval=0 prior=0
[inst] req=16039936 hits=5188050 fwd=10597 rows=10850373 fwd_ms=613611.4 eval=0 prior=0
[inst] req=16048128 hits=5190690 fwd=10602 rows=10855493 fwd_ms=613891.0 eval=0 prior=0
[inst] req=16056320 hits=5193486 fwd=10608 rows=10861637 fwd_ms=614628.3 eval=0 prior=0
[inst] req=16064512 hits=5196183 fwd=10613 rows=10866757 fwd_ms=615230.7 eval=0 prior=0
[inst] req=16072704 hits=5198867 fwd=10618 rows=10871877 fwd_ms=615922.9 eval=0 prior=0
[inst] req=16080896 hits=5201534 fwd=10624 rows=10878021 fwd_ms=616757.1 eval=0 prior=0
[inst] req=16089088 hits=5204181 fwd=10629 rows=10883141 fwd_ms=617390.4 eval=0 prior=0
[inst] req=16097280 hits=5206827 fwd=10635 rows=10889285 fwd_ms=618162.6 eval=0 prior=0
[inst] req=16105472 hits=5209440 fwd=10640 rows=10894405 fwd_ms=618798.8 eval=0 prior=0
[inst] req=16113664 hits=5211895 fwd=10646 rows=10900549 fwd_ms=619624.6 eval=0 prior=0
[inst] req=16121856 hits=5214390 fwd=10651 rows=10905669 fwd_ms=620396.5 eval=0 prior=0
[inst] req=16130048 hits=5216770 fwd=10657 rows=10911813 fwd_ms=621176.3 eval=0 prior=0
[inst] req=16138240 hits=5219315 fwd=10662 rows=10916933 fwd_ms=621829.0 eval=0 prior=0
[inst] req=16146432 hits=5221796 fwd=10668 rows=10923077 fwd_ms=622664.9 eval=0 prior=0
[inst] req=16154624 hits=5224391 fwd=10673 rows=10928197 fwd_ms=623395.7 eval=0 prior=0
[inst] req=16162816 hits=5226873 fwd=10679 rows=10934341 fwd_ms=624250.8 eval=0 prior=0
[inst] req=16171008 hits=5229282 fwd=10685 rows=10940485 fwd_ms=625108.3 eval=0 prior=0
[inst] req=16179200 hits=5231621 fwd=10690 rows=10945605 fwd_ms=625735.5 eval=0 prior=0
[inst] req=16187392 hits=5234237 fwd=10696 rows=10951749 fwd_ms=626075.3 eval=0 prior=0
[inst] req=16195584 hits=5236807 fwd=10701 rows=10956869 fwd_ms=626358.5 eval=0 prior=0
[inst] req=16203776 hits=5239411 fwd=10707 rows=10963013 fwd_ms=626699.5 eval=0 prior=0
[inst] req=16211968 hits=5239989 fwd=10714 rows=10970181 fwd_ms=627099.9 eval=0 prior=0
[inst] req=16220160 hits=5240180 fwd=10722 rows=10978373 fwd_ms=627547.2 eval=0 prior=0
[inst] req=16228352 hits=5240452 fwd=10730 rows=10986565 fwd_ms=627994.8 eval=0 prior=0
[inst] req=16236544 hits=5240809 fwd=10737 rows=10993733 fwd_ms=628386.6 eval=0 prior=0
[inst] req=16244736 hits=5241196 fwd=10745 rows=11001925 fwd_ms=628834.1 eval=0 prior=0
[inst] req=16252928 hits=5241630 fwd=10753 rows=11010117 fwd_ms=629281.7 eval=0 prior=0
[inst] req=16261120 hits=5242235 fwd=10760 rows=11017285 fwd_ms=629673.3 eval=0 prior=0
[inst] req=16269312 hits=5242935 fwd=10767 rows=11024453 fwd_ms=630065.1 eval=0 prior=0
[inst] req=16277504 hits=5243865 fwd=10774 rows=11031621 fwd_ms=630456.7 eval=0 prior=0
[inst] req=16285696 hits=5245009 fwd=10781 rows=11038789 fwd_ms=630848.4 eval=0 prior=0
[inst] req=16293888 hits=5246388 fwd=10788 rows=11045957 fwd_ms=631240.1 eval=0 prior=0
[inst] req=16302080 hits=5247936 fwd=10794 rows=11052101 fwd_ms=631575.9 eval=0 prior=0
[inst] req=16310272 hits=5249733 fwd=10801 rows=11059269 fwd_ms=631968.1 eval=0 prior=0
[inst] req=16318464 hits=5251705 fwd=10807 rows=11065413 fwd_ms=632304.4 eval=0 prior=0
[inst] req=16326656 hits=5253939 fwd=10813 rows=11071557 fwd_ms=632640.4 eval=0 prior=0
[inst] req=16334848 hits=5256145 fwd=10818 rows=11076677 fwd_ms=632920.5 eval=0 prior=0
[inst] req=16343040 hits=5258470 fwd=10824 rows=11082821 fwd_ms=633256.2 eval=0 prior=0
[inst] req=16351232 hits=5260785 fwd=10830 rows=11088965 fwd_ms=633591.7 eval=0 prior=0
[inst] req=16359424 hits=5263465 fwd=10835 rows=11094085 fwd_ms=633871.6 eval=0 prior=0
[inst] req=16367616 hits=5265969 fwd=10841 rows=11100229 fwd_ms=634207.6 eval=0 prior=0
[inst] req=16375808 hits=5268521 fwd=10846 rows=11105349 fwd_ms=634487.1 eval=0 prior=0
[inst] req=16384000 hits=5271131 fwd=10852 rows=11111493 fwd_ms=634822.3 eval=0 prior=0
[inst] req=16392192 hits=5273706 fwd=10857 rows=11116613 fwd_ms=635101.8 eval=0 prior=0
[inst] req=16400384 hits=5276120 fwd=10863 rows=11122757 fwd_ms=635437.0 eval=0 prior=0
[inst] req=16408576 hits=5278570 fwd=10869 rows=11128901 fwd_ms=635772.5 eval=0 prior=0
[inst] req=16416768 hits=5280882 fwd=10874 rows=11134021 fwd_ms=636052.2 eval=0 prior=0
[inst] req=16424960 hits=5283262 fwd=10880 rows=11140165 fwd_ms=636387.8 eval=0 prior=0
[inst] req=16433152 hits=5285569 fwd=10886 rows=11146309 fwd_ms=636723.3 eval=0 prior=0
[inst] req=16441344 hits=5288001 fwd=10891 rows=11151429 fwd_ms=637002.9 eval=0 prior=0
[inst] req=16449536 hits=5290523 fwd=10897 rows=11157573 fwd_ms=637338.4 eval=0 prior=0
[inst] req=16457728 hits=5293077 fwd=10902 rows=11162693 fwd_ms=637617.8 eval=0 prior=0
[inst] req=16465920 hits=5295627 fwd=10908 rows=11168837 fwd_ms=637953.5 eval=0 prior=0
[inst] req=16474112 hits=5298325 fwd=10913 rows=11173957 fwd_ms=638233.0 eval=0 prior=0
[inst] req=16482304 hits=5300850 fwd=10919 rows=11180101 fwd_ms=638568.2 eval=0 prior=0
[inst] req=16490496 hits=5303393 fwd=10924 rows=11185221 fwd_ms=638847.6 eval=0 prior=0
[inst] req=16498688 hits=5306092 fwd=10930 rows=11191365 fwd_ms=639182.9 eval=0 prior=0
[inst] req=16506880 hits=5308782 fwd=10935 rows=11196485 fwd_ms=639462.5 eval=0 prior=0
[inst] req=16515072 hits=5311557 fwd=10940 rows=11201605 fwd_ms=639741.9 eval=0 prior=0
[inst] req=16523264 hits=5314288 fwd=10946 rows=11207749 fwd_ms=640077.0 eval=0 prior=0
[inst] req=16531456 hits=5317190 fwd=10951 rows=11212869 fwd_ms=640356.2 eval=0 prior=0
[inst] req=16539648 hits=5319955 fwd=10956 rows=11217989 fwd_ms=640635.5 eval=0 prior=0
[inst] req=16547840 hits=5322676 fwd=10962 rows=11224133 fwd_ms=640970.5 eval=0 prior=0
[inst] req=16556032 hits=5325277 fwd=10967 rows=11229253 fwd_ms=641249.9 eval=0 prior=0
[inst] req=16564224 hits=5327912 fwd=10972 rows=11234373 fwd_ms=641529.2 eval=0 prior=0
[inst] req=16572416 hits=5330376 fwd=10978 rows=11240517 fwd_ms=641864.5 eval=0 prior=0
[inst] req=16580608 hits=5332804 fwd=10984 rows=11246661 fwd_ms=642199.9 eval=0 prior=0
[inst] req=16588800 hits=5335150 fwd=10989 rows=11251781 fwd_ms=642479.4 eval=0 prior=0
[inst] req=16596992 hits=5337732 fwd=10995 rows=11257925 fwd_ms=642814.8 eval=0 prior=0
[inst] req=16605184 hits=5340253 fwd=11000 rows=11263045 fwd_ms=643094.3 eval=0 prior=0
[inst] req=16613376 hits=5342690 fwd=11006 rows=11269189 fwd_ms=643429.7 eval=0 prior=0
[inst] req=16621568 hits=5345176 fwd=11012 rows=11275333 fwd_ms=643764.9 eval=0 prior=0
[inst] req=16629760 hits=5347751 fwd=11017 rows=11280453 fwd_ms=644044.3 eval=0 prior=0
[inst] req=16637952 hits=5350279 fwd=11023 rows=11286597 fwd_ms=644379.6 eval=0 prior=0
[inst] req=16646144 hits=5352936 fwd=11028 rows=11291717 fwd_ms=644659.5 eval=0 prior=0
[inst] req=16654336 hits=5355498 fwd=11033 rows=11296837 fwd_ms=644939.0 eval=0 prior=0
[inst] req=16662528 hits=5358132 fwd=11039 rows=11302981 fwd_ms=645274.6 eval=0 prior=0
[inst] req=16670720 hits=5360698 fwd=11044 rows=11308101 fwd_ms=645554.1 eval=0 prior=0
[inst] req=16678912 hits=5363357 fwd=11050 rows=11314245 fwd_ms=645889.5 eval=0 prior=0
[inst] req=16687104 hits=5366080 fwd=11055 rows=11319365 fwd_ms=646168.8 eval=0 prior=0
[inst] req=16695296 hits=5368816 fwd=11060 rows=11324485 fwd_ms=646448.4 eval=0 prior=0
[inst] req=16703488 hits=5371667 fwd=11066 rows=11330629 fwd_ms=646784.0 eval=0 prior=0
[inst] req=16711680 hits=5374482 fwd=11071 rows=11335749 fwd_ms=647063.5 eval=0 prior=0
[inst] req=16719872 hits=5377254 fwd=11076 rows=11340869 fwd_ms=647343.1 eval=0 prior=0
[inst] req=16728064 hits=5379967 fwd=11082 rows=11347013 fwd_ms=647678.5 eval=0 prior=0
[inst] req=16736256 hits=5382467 fwd=11087 rows=11352133 fwd_ms=647957.9 eval=0 prior=0
[inst] req=16744448 hits=5385075 fwd=11093 rows=11358277 fwd_ms=648293.2 eval=0 prior=0
[inst] req=16752640 hits=5387472 fwd=11098 rows=11363397 fwd_ms=648572.7 eval=0 prior=0
[inst] req=16760832 hits=5389978 fwd=11104 rows=11369541 fwd_ms=648908.1 eval=0 prior=0
[inst] req=16769024 hits=5392408 fwd=11109 rows=11374661 fwd_ms=649187.6 eval=0 prior=0
[inst] req=16777216 hits=5395032 fwd=11115 rows=11380805 fwd_ms=649523.2 eval=0 prior=0
[inst] req=16785408 hits=5397782 fwd=11120 rows=11385925 fwd_ms=649802.7 eval=0 prior=0
[inst] req=16793600 hits=5400292 fwd=11126 rows=11392069 fwd_ms=650138.0 eval=0 prior=0
[inst] req=16801792 hits=5402843 fwd=11131 rows=11397189 fwd_ms=650417.5 eval=0 prior=0
[inst] req=16809984 hits=5405341 fwd=11137 rows=11403333 fwd_ms=650752.8 eval=0 prior=0
[inst] req=16818176 hits=5407958 fwd=11142 rows=11408453 fwd_ms=651032.3 eval=0 prior=0
[inst] req=16826368 hits=5410561 fwd=11148 rows=11414597 fwd_ms=651367.6 eval=0 prior=0
[inst] req=16834560 hits=5413225 fwd=11153 rows=11419717 fwd_ms=651647.3 eval=0 prior=0
[inst] req=16842752 hits=5415877 fwd=11158 rows=11424837 fwd_ms=651926.9 eval=0 prior=0
[inst] req=16850944 hits=5418452 fwd=11164 rows=11430981 fwd_ms=652262.3 eval=0 prior=0
[inst] req=16859136 hits=5421100 fwd=11169 rows=11436101 fwd_ms=652541.8 eval=0 prior=0
[inst] req=16867328 hits=5423886 fwd=11175 rows=11442245 fwd_ms=652877.3 eval=0 prior=0
[inst] req=16875520 hits=5426709 fwd=11180 rows=11447365 fwd_ms=653156.8 eval=0 prior=0
[inst] req=16883712 hits=5429521 fwd=11185 rows=11452485 fwd_ms=653436.4 eval=0 prior=0
[inst] req=16891904 hits=5432169 fwd=11191 rows=11458629 fwd_ms=653771.7 eval=0 prior=0
[inst] req=16900096 hits=5434830 fwd=11196 rows=11463749 fwd_ms=654051.3 eval=0 prior=0
[inst] req=16908288 hits=5437646 fwd=11201 rows=11468869 fwd_ms=654330.8 eval=0 prior=0
[inst] req=16916480 hits=5440153 fwd=11207 rows=11475013 fwd_ms=654666.2 eval=0 prior=0
[inst] req=16924672 hits=5442594 fwd=11212 rows=11480133 fwd_ms=654945.6 eval=0 prior=0
[inst] req=16932864 hits=5445064 fwd=11218 rows=11486277 fwd_ms=655281.0 eval=0 prior=0
[inst] req=16941056 hits=5447560 fwd=11224 rows=11492421 fwd_ms=655616.3 eval=0 prior=0
[inst] req=16949248 hits=5450220 fwd=11229 rows=11497541 fwd_ms=655895.5 eval=0 prior=0
[inst] req=16957440 hits=5452740 fwd=11234 rows=11502661 fwd_ms=656174.8 eval=0 prior=0
[inst] req=16965632 hits=5455283 fwd=11240 rows=11508805 fwd_ms=656509.7 eval=0 prior=0
[inst] req=16973824 hits=5457767 fwd=11246 rows=11514949 fwd_ms=656844.6 eval=0 prior=0
[inst] req=16982016 hits=5460308 fwd=11251 rows=11520069 fwd_ms=657123.7 eval=0 prior=0
[inst] req=16990208 hits=5462824 fwd=11257 rows=11526213 fwd_ms=657458.8 eval=0 prior=0
[inst] req=16998400 hits=5465520 fwd=11262 rows=11531333 fwd_ms=657738.0 eval=0 prior=0
[inst] req=17006592 hits=5468062 fwd=11268 rows=11537477 fwd_ms=658073.1 eval=0 prior=0
[inst] req=17014784 hits=5470657 fwd=11273 rows=11542597 fwd_ms=658352.4 eval=0 prior=0
[inst] req=17022976 hits=5473314 fwd=11278 rows=11547717 fwd_ms=658631.6 eval=0 prior=0
[inst] req=17031168 hits=5476084 fwd=11284 rows=11553861 fwd_ms=658966.7 eval=0 prior=0
[inst] req=17039360 hits=5478833 fwd=11289 rows=11558981 fwd_ms=659245.9 eval=0 prior=0
[inst] req=17047552 hits=5481672 fwd=11294 rows=11564101 fwd_ms=659525.0 eval=0 prior=0
[inst] req=17055744 hits=5484571 fwd=11299 rows=11569221 fwd_ms=659804.2 eval=0 prior=0
[inst] req=17063936 hits=5487344 fwd=11305 rows=11575365 fwd_ms=660139.2 eval=0 prior=0
[inst] req=17072128 hits=5490208 fwd=11310 rows=11580485 fwd_ms=660418.5 eval=0 prior=0
[inst] req=17080320 hits=5492960 fwd=11315 rows=11585605 fwd_ms=660697.7 eval=0 prior=0
[inst] req=17088512 hits=5495469 fwd=11321 rows=11591749 fwd_ms=661032.8 eval=0 prior=0
[inst] req=17096704 hits=5498083 fwd=11326 rows=11596869 fwd_ms=661312.1 eval=0 prior=0
[inst] req=17104896 hits=5500553 fwd=11332 rows=11603013 fwd_ms=661646.9 eval=0 prior=0
[inst] req=17113088 hits=5503035 fwd=11337 rows=11608133 fwd_ms=661926.3 eval=0 prior=0
[inst] req=17121280 hits=5505485 fwd=11343 rows=11614277 fwd_ms=662261.4 eval=0 prior=0
[inst] req=17129472 hits=5507912 fwd=11349 rows=11620421 fwd_ms=662596.5 eval=0 prior=0
[inst] req=17137664 hits=5510386 fwd=11354 rows=11625541 fwd_ms=662875.7 eval=0 prior=0
[inst] req=17145856 hits=5512855 fwd=11360 rows=11631685 fwd_ms=663210.7 eval=0 prior=0
[inst] req=17154048 hits=5515404 fwd=11365 rows=11636805 fwd_ms=663489.9 eval=0 prior=0
[inst] req=17162240 hits=5517946 fwd=11371 rows=11642949 fwd_ms=663825.0 eval=0 prior=0
[inst] req=17170432 hits=5520500 fwd=11376 rows=11648069 fwd_ms=664104.2 eval=0 prior=0
[inst] req=17178624 hits=5523268 fwd=11382 rows=11654213 fwd_ms=664439.4 eval=0 prior=0
[inst] req=17186816 hits=5525968 fwd=11387 rows=11659333 fwd_ms=664718.7 eval=0 prior=0
[inst] req=17195008 hits=5528703 fwd=11392 rows=11664453 fwd_ms=664998.3 eval=0 prior=0
[inst] req=17203200 hits=5531479 fwd=11398 rows=11670597 fwd_ms=665333.6 eval=0 prior=0
[inst] req=17211392 hits=5534269 fwd=11403 rows=11675717 fwd_ms=665613.2 eval=0 prior=0
[inst] req=17219584 hits=5537034 fwd=11408 rows=11680837 fwd_ms=665892.9 eval=0 prior=0
[inst] req=17227776 hits=5539787 fwd=11413 rows=11685957 fwd_ms=666172.5 eval=0 prior=0
[inst] req=17235968 hits=5542494 fwd=11419 rows=11692101 fwd_ms=666507.9 eval=0 prior=0
[inst] req=17244160 hits=5545291 fwd=11424 rows=11697221 fwd_ms=666787.5 eval=0 prior=0
[inst] req=17252352 hits=5547933 fwd=11430 rows=11703365 fwd_ms=667123.1 eval=0 prior=0
[inst] req=17260544 hits=5550555 fwd=11435 rows=11708485 fwd_ms=667402.6 eval=0 prior=0
[inst] req=17268736 hits=5553047 fwd=11441 rows=11714629 fwd_ms=667737.8 eval=0 prior=0
[inst] req=17276928 hits=5555454 fwd=11446 rows=11719749 fwd_ms=668017.4 eval=0 prior=0
[inst] req=17285120 hits=5557937 fwd=11452 rows=11725893 fwd_ms=668352.9 eval=0 prior=0
[inst] req=17293312 hits=5560375 fwd=11457 rows=11731013 fwd_ms=668632.5 eval=0 prior=0
[inst] req=17301504 hits=5562805 fwd=11463 rows=11737157 fwd_ms=668967.9 eval=0 prior=0
[inst] req=17309696 hits=5565230 fwd=11469 rows=11743301 fwd_ms=669303.4 eval=0 prior=0
[inst] req=17317888 hits=5567920 fwd=11474 rows=11748421 fwd_ms=669582.9 eval=0 prior=0
[inst] req=17326080 hits=5570512 fwd=11479 rows=11753541 fwd_ms=669862.2 eval=0 prior=0
[inst] req=17334272 hits=5573115 fwd=11485 rows=11759685 fwd_ms=670197.5 eval=0 prior=0
[inst] req=17342464 hits=5575780 fwd=11490 rows=11764805 fwd_ms=670476.7 eval=0 prior=0
[inst] req=17350656 hits=5578446 fwd=11496 rows=11770949 fwd_ms=670812.0 eval=0 prior=0
[inst] req=17358848 hits=5581130 fwd=11501 rows=11776069 fwd_ms=671091.7 eval=0 prior=0
[inst] req=17367040 hits=5583995 fwd=11506 rows=11781189 fwd_ms=671371.2 eval=0 prior=0
[inst] req=17375232 hits=5586863 fwd=11512 rows=11787333 fwd_ms=671706.5 eval=0 prior=0
[inst] req=17383424 hits=5589600 fwd=11517 rows=11792453 fwd_ms=671985.8 eval=0 prior=0
[inst] req=17391616 hits=5592294 fwd=11522 rows=11797573 fwd_ms=672265.4 eval=0 prior=0
[inst] req=17399808 hits=5595139 fwd=11527 rows=11802693 fwd_ms=672544.9 eval=0 prior=0
[inst] req=17408000 hits=5597919 fwd=11533 rows=11808837 fwd_ms=672880.4 eval=0 prior=0
[inst] req=17416192 hits=5600628 fwd=11538 rows=11813957 fwd_ms=673159.8 eval=0 prior=0
[inst] req=17424384 hits=5603214 fwd=11544 rows=11820101 fwd_ms=673495.2 eval=0 prior=0
[inst] req=17432576 hits=5605774 fwd=11549 rows=11825221 fwd_ms=673774.7 eval=0 prior=0
[inst] req=17440768 hits=5608249 fwd=11555 rows=11831365 fwd_ms=674110.1 eval=0 prior=0
[inst] req=17448960 hits=5610750 fwd=11560 rows=11836485 fwd_ms=674389.7 eval=0 prior=0
[inst] req=17457152 hits=5613175 fwd=11566 rows=11842629 fwd_ms=674725.3 eval=0 prior=0
[inst] req=17465344 hits=5615600 fwd=11571 rows=11847749 fwd_ms=675005.0 eval=0 prior=0
[inst] req=17473536 hits=5618000 fwd=11577 rows=11853893 fwd_ms=675340.3 eval=0 prior=0
[inst] req=17481728 hits=5620389 fwd=11583 rows=11860037 fwd_ms=675675.7 eval=0 prior=0
[inst] req=17489920 hits=5622776 fwd=11588 rows=11865157 fwd_ms=675955.1 eval=0 prior=0
[inst] req=17498112 hits=5625182 fwd=11594 rows=11871301 fwd_ms=676290.4 eval=0 prior=0
[inst] req=17506304 hits=5627708 fwd=11600 rows=11877445 fwd_ms=676625.8 eval=0 prior=0
[inst] req=17514496 hits=5630310 fwd=11605 rows=11882565 fwd_ms=676905.1 eval=0 prior=0
[inst] req=17522688 hits=5632953 fwd=11611 rows=11888709 fwd_ms=677240.7 eval=0 prior=0
[inst] req=17530880 hits=5635696 fwd=11616 rows=11893829 fwd_ms=677520.2 eval=0 prior=0
[inst] req=17539072 hits=5638509 fwd=11621 rows=11898949 fwd_ms=677799.9 eval=0 prior=0
[inst] req=17547264 hits=5641272 fwd=11626 rows=11904069 fwd_ms=678079.5 eval=0 prior=0
[inst] req=17555456 hits=5643977 fwd=11632 rows=11910213 fwd_ms=678415.1 eval=0 prior=0
[inst] req=17563648 hits=5646759 fwd=11637 rows=11915333 fwd_ms=678694.7 eval=0 prior=0
[inst] req=17571840 hits=5649525 fwd=11642 rows=11920453 fwd_ms=678974.7 eval=0 prior=0
[inst] req=17580032 hits=5652163 fwd=11648 rows=11926597 fwd_ms=679310.5 eval=0 prior=0
[inst] req=17588224 hits=5654794 fwd=11653 rows=11931717 fwd_ms=679590.4 eval=0 prior=0
[inst] req=17596416 hits=5657449 fwd=11659 rows=11937861 fwd_ms=679926.1 eval=0 prior=0
[inst] req=17604608 hits=5660040 fwd=11664 rows=11942981 fwd_ms=680205.6 eval=0 prior=0
[inst] req=17612800 hits=5662862 fwd=11669 rows=11948101 fwd_ms=680485.1 eval=0 prior=0
[inst] req=17620992 hits=5665399 fwd=11675 rows=11954245 fwd_ms=680820.5 eval=0 prior=0
[inst] req=17629184 hits=5667974 fwd=11680 rows=11959365 fwd_ms=681100.2 eval=0 prior=0
[inst] req=17637376 hits=5670600 fwd=11686 rows=11965509 fwd_ms=681435.8 eval=0 prior=0
[inst] req=17645568 hits=5673202 fwd=11691 rows=11970629 fwd_ms=681714.9 eval=0 prior=0
[inst] req=17653760 hits=5675664 fwd=11697 rows=11976773 fwd_ms=682048.7 eval=0 prior=0
[inst] req=17661952 hits=5678235 fwd=11702 rows=11981893 fwd_ms=682326.7 eval=0 prior=0
[inst] req=17670144 hits=5680718 fwd=11708 rows=11988037 fwd_ms=682660.5 eval=0 prior=0
[inst] req=17678336 hits=5683350 fwd=11713 rows=11993157 fwd_ms=682938.7 eval=0 prior=0
[inst] req=17686528 hits=5685978 fwd=11719 rows=11999301 fwd_ms=683272.4 eval=0 prior=0
[inst] req=17694720 hits=5688626 fwd=11724 rows=12004421 fwd_ms=683550.5 eval=0 prior=0
[inst] req=17702912 hits=5691288 fwd=11730 rows=12010565 fwd_ms=683884.3 eval=0 prior=0
[inst] req=17711104 hits=5694055 fwd=11735 rows=12015685 fwd_ms=684162.6 eval=0 prior=0
[inst] req=17719296 hits=5696785 fwd=11740 rows=12020805 fwd_ms=684440.9 eval=0 prior=0
[inst] req=17727488 hits=5699398 fwd=11746 rows=12026949 fwd_ms=684774.6 eval=0 prior=0
[inst] req=17735680 hits=5702086 fwd=11751 rows=12032069 fwd_ms=685053.1 eval=0 prior=0
[inst] req=17743872 hits=5704875 fwd=11756 rows=12037189 fwd_ms=685331.3 eval=0 prior=0
[inst] req=17752064 hits=5707505 fwd=11762 rows=12043333 fwd_ms=685665.2 eval=0 prior=0
[inst] req=17760256 hits=5710110 fwd=11767 rows=12048453 fwd_ms=685943.2 eval=0 prior=0
[inst] req=17768448 hits=5712775 fwd=11773 rows=12054597 fwd_ms=686277.0 eval=0 prior=0
[inst] req=17776640 hits=5715369 fwd=11778 rows=12059717 fwd_ms=686555.0 eval=0 prior=0
[inst] req=17784832 hits=5718039 fwd=11783 rows=12064837 fwd_ms=686833.0 eval=0 prior=0
[inst] req=17793024 hits=5720755 fwd=11789 rows=12070981 fwd_ms=687166.8 eval=0 prior=0
[inst] req=17801216 hits=5723222 fwd=11794 rows=12076101 fwd_ms=687445.0 eval=0 prior=0
[inst] req=17809408 hits=5725708 fwd=11800 rows=12082245 fwd_ms=687778.8 eval=0 prior=0
[inst] req=17817600 hits=5728294 fwd=11805 rows=12087365 fwd_ms=688056.8 eval=0 prior=0
[inst] req=17825792 hits=5730840 fwd=11811 rows=12093509 fwd_ms=688390.5 eval=0 prior=0
[inst] req=17833984 hits=5733320 fwd=11816 rows=12098629 fwd_ms=688668.5 eval=0 prior=0
[inst] req=17842176 hits=5736043 fwd=11822 rows=12104773 fwd_ms=689002.1 eval=0 prior=0
[inst] req=17850368 hits=5738689 fwd=11827 rows=12109893 fwd_ms=689280.2 eval=0 prior=0
[inst] req=17858560 hits=5741322 fwd=11833 rows=12116037 fwd_ms=689613.7 eval=0 prior=0
[inst] req=17866752 hits=5743940 fwd=11838 rows=12121157 fwd_ms=689891.8 eval=0 prior=0
[inst] req=17874944 hits=5746592 fwd=11844 rows=12127301 fwd_ms=690225.8 eval=0 prior=0
[inst] req=17883136 hits=5749385 fwd=11849 rows=12132421 fwd_ms=690504.0 eval=0 prior=0
[inst] req=17891328 hits=5752178 fwd=11854 rows=12137541 fwd_ms=690782.1 eval=0 prior=0
[inst] req=17899520 hits=5754857 fwd=11859 rows=12142661 fwd_ms=691060.3 eval=0 prior=0
[inst] req=17907712 hits=5757511 fwd=11865 rows=12148805 fwd_ms=691394.3 eval=0 prior=0
[inst] req=17915904 hits=5760210 fwd=11870 rows=12153925 fwd_ms=691672.4 eval=0 prior=0
[inst] req=17924096 hits=5762885 fwd=11876 rows=12160069 fwd_ms=692006.4 eval=0 prior=0
[inst] req=17932288 hits=5765428 fwd=11881 rows=12165189 fwd_ms=692284.6 eval=0 prior=0
[inst] req=17940480 hits=5768111 fwd=11887 rows=12171333 fwd_ms=692618.3 eval=0 prior=0
[inst] req=17948672 hits=5770716 fwd=11892 rows=12176453 fwd_ms=692896.3 eval=0 prior=0
[inst] req=17956864 hits=5773246 fwd=11897 rows=12181573 fwd_ms=693174.4 eval=0 prior=0
[inst] req=17965056 hits=5775755 fwd=11903 rows=12187717 fwd_ms=693508.3 eval=0 prior=0
[inst] req=17973248 hits=5778275 fwd=11909 rows=12193861 fwd_ms=693842.1 eval=0 prior=0
[inst] req=17981440 hits=5780798 fwd=11914 rows=12198981 fwd_ms=694120.2 eval=0 prior=0
[inst] req=17989632 hits=5783412 fwd=11920 rows=12205125 fwd_ms=694454.0 eval=0 prior=0
[inst] req=17997824 hits=5785917 fwd=11925 rows=12210245 fwd_ms=694732.1 eval=0 prior=0
[inst] req=18006016 hits=5788516 fwd=11931 rows=12216389 fwd_ms=695066.1 eval=0 prior=0
[inst] req=18014208 hits=5791110 fwd=11936 rows=12221509 fwd_ms=695344.5 eval=0 prior=0
[inst] req=18022400 hits=5793773 fwd=11941 rows=12226629 fwd_ms=695622.8 eval=0 prior=0
[inst] req=18030592 hits=5796341 fwd=11947 rows=12232773 fwd_ms=695956.7 eval=0 prior=0
[inst] req=18038784 hits=5798980 fwd=11952 rows=12237893 fwd_ms=696234.7 eval=0 prior=0
[inst] req=18046976 hits=5801746 fwd=11958 rows=12244037 fwd_ms=696568.4 eval=0 prior=0
[inst] req=18055168 hits=5804359 fwd=11963 rows=12249157 fwd_ms=696846.4 eval=0 prior=0
[inst] req=18063360 hits=5807043 fwd=11968 rows=12254277 fwd_ms=697124.4 eval=0 prior=0
[inst] req=18071552 hits=5809726 fwd=11974 rows=12260421 fwd_ms=697458.1 eval=0 prior=0
[inst] req=18079744 hits=5812353 fwd=11979 rows=12265541 fwd_ms=697736.2 eval=0 prior=0
[inst] req=18087936 hits=5815176 fwd=11985 rows=12271685 fwd_ms=698070.0 eval=0 prior=0
[inst] req=18096128 hits=5817871 fwd=11990 rows=12276805 fwd_ms=698348.3 eval=0 prior=0
[inst] req=18104320 hits=5820477 fwd=11995 rows=12281925 fwd_ms=698626.8 eval=0 prior=0
[inst] req=18112512 hits=5823028 fwd=12001 rows=12288069 fwd_ms=698960.6 eval=0 prior=0
[inst] req=18120704 hits=5825700 fwd=12006 rows=12293189 fwd_ms=699238.8 eval=0 prior=0
[inst] req=18128896 hits=5828272 fwd=12012 rows=12299333 fwd_ms=699572.7 eval=0 prior=0
[inst] req=18137088 hits=5830866 fwd=12017 rows=12304453 fwd_ms=699850.8 eval=0 prior=0
[inst] req=18145280 hits=5833513 fwd=12023 rows=12310597 fwd_ms=700184.9 eval=0 prior=0
[inst] req=18153472 hits=5835988 fwd=12028 rows=12315717 fwd_ms=700463.5 eval=0 prior=0
[inst] req=18161664 hits=5838373 fwd=12034 rows=12321861 fwd_ms=700798.0 eval=0 prior=0
[inst] req=18169856 hits=5840915 fwd=12039 rows=12326981 fwd_ms=701076.7 eval=0 prior=0
[inst] req=18178048 hits=5843486 fwd=12045 rows=12333125 fwd_ms=701410.7 eval=0 prior=0
[inst] req=18186240 hits=5846008 fwd=12050 rows=12338245 fwd_ms=701688.8 eval=0 prior=0
[inst] req=18194432 hits=5848669 fwd=12056 rows=12344389 fwd_ms=702022.5 eval=0 prior=0
[inst] req=18202624 hits=5851220 fwd=12061 rows=12349509 fwd_ms=702300.6 eval=0 prior=0
[inst] req=18210816 hits=5853916 fwd=12067 rows=12355653 fwd_ms=702634.4 eval=0 prior=0
[inst] req=18219008 hits=5856508 fwd=12072 rows=12360773 fwd_ms=702912.5 eval=0 prior=0
[inst] req=18227200 hits=5859170 fwd=12078 rows=12366917 fwd_ms=703246.4 eval=0 prior=0
[inst] req=18235392 hits=5861992 fwd=12083 rows=12372037 fwd_ms=703524.6 eval=0 prior=0
[inst] req=18243584 hits=5864670 fwd=12088 rows=12377157 fwd_ms=703802.5 eval=0 prior=0
[inst] req=18251776 hits=5867513 fwd=12093 rows=12382277 fwd_ms=704080.8 eval=0 prior=0
[inst] req=18259968 hits=5870184 fwd=12099 rows=12388421 fwd_ms=704414.7 eval=0 prior=0
[inst] req=18268160 hits=5873034 fwd=12104 rows=12393541 fwd_ms=704692.9 eval=0 prior=0
[inst] req=18276352 hits=5875729 fwd=12109 rows=12398661 fwd_ms=704971.1 eval=0 prior=0
[inst] req=18284544 hits=5878351 fwd=12115 rows=12404805 fwd_ms=705304.7 eval=0 prior=0
[inst] req=18292736 hits=5880920 fwd=12120 rows=12409925 fwd_ms=705582.8 eval=0 prior=0
[inst] req=18300928 hits=5883530 fwd=12126 rows=12416069 fwd_ms=705916.6 eval=0 prior=0
[inst] req=18309120 hits=5886143 fwd=12131 rows=12421189 fwd_ms=706194.7 eval=0 prior=0
[inst] req=18317312 hits=5888688 fwd=12137 rows=12427333 fwd_ms=706528.4 eval=0 prior=0
[inst] req=18325504 hits=5891265 fwd=12142 rows=12432453 fwd_ms=706806.7 eval=0 prior=0
[inst] req=18333696 hits=5893746 fwd=12148 rows=12438597 fwd_ms=707140.6 eval=0 prior=0
[inst] req=18341888 hits=5896246 fwd=12153 rows=12443717 fwd_ms=707418.8 eval=0 prior=0
[inst] req=18350080 hits=5898909 fwd=12159 rows=12449861 fwd_ms=707752.6 eval=0 prior=0
[inst] req=18358272 hits=5901457 fwd=12164 rows=12454981 fwd_ms=708030.8 eval=0 prior=0
[inst] req=18366464 hits=5904037 fwd=12170 rows=12461125 fwd_ms=708364.5 eval=0 prior=0
[inst] req=18374656 hits=5906619 fwd=12175 rows=12466245 fwd_ms=708642.5 eval=0 prior=0
[inst] req=18382848 hits=5909257 fwd=12181 rows=12472389 fwd_ms=708976.4 eval=0 prior=0
[inst] req=18391040 hits=5911790 fwd=12186 rows=12477509 fwd_ms=709254.6 eval=0 prior=0
[inst] req=18399232 hits=5914576 fwd=12191 rows=12482629 fwd_ms=709532.7 eval=0 prior=0
[inst] req=18407424 hits=5917365 fwd=12197 rows=12488773 fwd_ms=709866.4 eval=0 prior=0
[inst] req=18415616 hits=5920119 fwd=12202 rows=12493893 fwd_ms=710144.6 eval=0 prior=0
[inst] req=18423808 hits=5922855 fwd=12207 rows=12499013 fwd_ms=710422.7 eval=0 prior=0
[inst] req=18432000 hits=5925571 fwd=12213 rows=12505157 fwd_ms=710756.5 eval=0 prior=0
[inst] req=18440192 hits=5928298 fwd=12218 rows=12510277 fwd_ms=711034.8 eval=0 prior=0
[inst] req=18448384 hits=5931084 fwd=12223 rows=12515397 fwd_ms=711313.1 eval=0 prior=0
[inst] req=18456576 hits=5933736 fwd=12229 rows=12521541 fwd_ms=711646.9 eval=0 prior=0
[inst] req=18464768 hits=5936489 fwd=12234 rows=12526661 fwd_ms=711925.3 eval=0 prior=0
[inst] req=18472960 hits=5939174 fwd=12239 rows=12531781 fwd_ms=712203.5 eval=0 prior=0
[inst] req=18481152 hits=5941867 fwd=12245 rows=12537925 fwd_ms=712537.2 eval=0 prior=0
[inst] req=18489344 hits=5944595 fwd=12250 rows=12543045 fwd_ms=712815.4 eval=0 prior=0
[inst] req=18497536 hits=5947350 fwd=12255 rows=12548165 fwd_ms=713093.5 eval=0 prior=0
[inst] req=18505728 hits=5949885 fwd=12261 rows=12554309 fwd_ms=713427.3 eval=0 prior=0
[inst] req=18513920 hits=5952368 fwd=12267 rows=12560453 fwd_ms=713761.1 eval=0 prior=0
[inst] req=18522112 hits=5954914 fwd=12272 rows=12565573 fwd_ms=714038.9 eval=0 prior=0
[inst] req=18530304 hits=5957729 fwd=12277 rows=12570693 fwd_ms=714317.0 eval=0 prior=0
[inst] req=18538496 hits=5960480 fwd=12283 rows=12576837 fwd_ms=714650.6 eval=0 prior=0
[inst] req=18546688 hits=5963174 fwd=12288 rows=12581957 fwd_ms=714928.6 eval=0 prior=0
[inst] req=18554880 hits=5965790 fwd=12293 rows=12587077 fwd_ms=715206.6 eval=0 prior=0
[inst] req=18563072 hits=5968423 fwd=12299 rows=12593221 fwd_ms=715540.2 eval=0 prior=0
[inst] req=18571264 hits=5971060 fwd=12304 rows=12598341 fwd_ms=715818.4 eval=0 prior=0
[inst] req=18579456 hits=5973623 fwd=12310 rows=12604485 fwd_ms=716151.9 eval=0 prior=0
[inst] req=18587648 hits=5976297 fwd=12315 rows=12609605 fwd_ms=716429.8 eval=0 prior=0
[inst] req=18595840 hits=5978861 fwd=12321 rows=12615749 fwd_ms=716763.4 eval=0 prior=0
[inst] req=18604032 hits=5981449 fwd=12326 rows=12620869 fwd_ms=717041.4 eval=0 prior=0
[inst] req=18612224 hits=5984166 fwd=12332 rows=12627013 fwd_ms=717374.8 eval=0 prior=0
[inst] req=18620416 hits=5986914 fwd=12337 rows=12632133 fwd_ms=717652.7 eval=0 prior=0
[inst] req=18628608 hits=5989518 fwd=12342 rows=12637253 fwd_ms=717930.6 eval=0 prior=0
[inst] req=18636800 hits=5992149 fwd=12348 rows=12643397 fwd_ms=718264.4 eval=0 prior=0
[inst] req=18644992 hits=5994718 fwd=12353 rows=12648517 fwd_ms=718542.4 eval=0 prior=0
[inst] req=18653184 hits=5997398 fwd=12359 rows=12654661 fwd_ms=718875.8 eval=0 prior=0
[inst] req=18661376 hits=5999992 fwd=12364 rows=12659781 fwd_ms=719153.7 eval=0 prior=0
[inst] req=18669568 hits=6002563 fwd=12370 rows=12665925 fwd_ms=719487.2 eval=0 prior=0
[inst] req=18677760 hits=6005036 fwd=12375 rows=12671045 fwd_ms=719765.1 eval=0 prior=0
[inst] req=18685952 hits=6007512 fwd=12381 rows=12677189 fwd_ms=720099.2 eval=0 prior=0
[inst] req=18694144 hits=6010219 fwd=12386 rows=12682309 fwd_ms=720377.9 eval=0 prior=0
[inst] req=18702336 hits=6012976 fwd=12391 rows=12687429 fwd_ms=720656.2 eval=0 prior=0
[inst] req=18710528 hits=6015678 fwd=12397 rows=12693573 fwd_ms=720990.6 eval=0 prior=0
[inst] req=18718720 hits=6018232 fwd=12402 rows=12698693 fwd_ms=721269.0 eval=0 prior=0
[inst] req=18726912 hits=6020911 fwd=12408 rows=12704837 fwd_ms=721602.7 eval=0 prior=0
[inst] req=18735104 hits=6023630 fwd=12413 rows=12709957 fwd_ms=721880.8 eval=0 prior=0
[inst] req=18743296 hits=6026283 fwd=12418 rows=12715077 fwd_ms=722158.8 eval=0 prior=0
[inst] req=18751488 hits=6028871 fwd=12424 rows=12721221 fwd_ms=722492.7 eval=0 prior=0
[inst] req=18759680 hits=6031484 fwd=12429 rows=12726341 fwd_ms=722770.9 eval=0 prior=0
[inst] req=18767872 hits=6034244 fwd=12435 rows=12732485 fwd_ms=723104.7 eval=0 prior=0
[inst] req=18776064 hits=6036873 fwd=12440 rows=12737605 fwd_ms=723383.0 eval=0 prior=0
[inst] req=18784256 hits=6039746 fwd=12445 rows=12742725 fwd_ms=723661.0 eval=0 prior=0
[inst] req=18792448 hits=6042588 fwd=12450 rows=12747845 fwd_ms=723939.1 eval=0 prior=0
[inst] req=18800640 hits=6045259 fwd=12456 rows=12753989 fwd_ms=724272.9 eval=0 prior=0
[inst] req=18808832 hits=6048039 fwd=12461 rows=12759109 fwd_ms=724551.0 eval=0 prior=0
[inst] req=18817024 hits=6050736 fwd=12467 rows=12765253 fwd_ms=724884.8 eval=0 prior=0
[inst] req=18825216 hits=6053359 fwd=12472 rows=12770373 fwd_ms=725162.9 eval=0 prior=0
[inst] req=18833408 hits=6055961 fwd=12477 rows=12775493 fwd_ms=725441.1 eval=0 prior=0
[inst] req=18841600 hits=6058554 fwd=12483 rows=12781637 fwd_ms=725775.1 eval=0 prior=0
[inst] req=18849792 hits=6061330 fwd=12488 rows=12786757 fwd_ms=726053.7 eval=0 prior=0
[inst] req=18857984 hits=6064037 fwd=12494 rows=12792901 fwd_ms=726387.8 eval=0 prior=0
[inst] req=18866176 hits=6066570 fwd=12499 rows=12798021 fwd_ms=726666.5 eval=0 prior=0
[inst] req=18874368 hits=6069077 fwd=12505 rows=12804165 fwd_ms=727000.5 eval=0 prior=0
[inst] req=18882560 hits=6071593 fwd=12510 rows=12809285 fwd_ms=727278.6 eval=0 prior=0
[inst] req=18890752 hits=6074354 fwd=12515 rows=12814405 fwd_ms=727556.7 eval=0 prior=0
[inst] req=18898944 hits=6076994 fwd=12521 rows=12820549 fwd_ms=727890.5 eval=0 prior=0
[inst] req=18907136 hits=6079665 fwd=12526 rows=12825669 fwd_ms=728168.8 eval=0 prior=0
[inst] req=18915328 hits=6082255 fwd=12532 rows=12831813 fwd_ms=728502.5 eval=0 prior=0
[inst] req=18923520 hits=6085051 fwd=12537 rows=12836933 fwd_ms=728780.8 eval=0 prior=0
[inst] req=18931712 hits=6087783 fwd=12542 rows=12842053 fwd_ms=729059.2 eval=0 prior=0
[inst] req=18939904 hits=6090601 fwd=12548 rows=12848197 fwd_ms=729393.5 eval=0 prior=0
[inst] req=18948096 hits=6093394 fwd=12553 rows=12853317 fwd_ms=729671.7 eval=0 prior=0
[inst] req=18956288 hits=6096223 fwd=12558 rows=12858437 fwd_ms=729950.0 eval=0 prior=0
[inst] req=18964480 hits=6098974 fwd=12563 rows=12863557 fwd_ms=730228.1 eval=0 prior=0
[inst] req=18972672 hits=6101747 fwd=12569 rows=12869701 fwd_ms=730561.9 eval=0 prior=0
[inst] req=18980864 hits=6104495 fwd=12574 rows=12874821 fwd_ms=730840.2 eval=0 prior=0
[inst] req=18989056 hits=6107123 fwd=12579 rows=12879941 fwd_ms=731118.4 eval=0 prior=0
[inst] req=18997248 hits=6109705 fwd=12585 rows=12886085 fwd_ms=731452.3 eval=0 prior=0
[inst] req=19005440 hits=6112432 fwd=12590 rows=12891205 fwd_ms=731730.3 eval=0 prior=0
[inst] req=19013632 hits=6115143 fwd=12596 rows=12897349 fwd_ms=732064.3 eval=0 prior=0
[inst] req=19021824 hits=6117707 fwd=12601 rows=12902469 fwd_ms=732342.5 eval=0 prior=0
[inst] req=19030016 hits=6120452 fwd=12606 rows=12907589 fwd_ms=732620.9 eval=0 prior=0
[inst] req=19038208 hits=6123308 fwd=12612 rows=12913733 fwd_ms=732954.8 eval=0 prior=0
[inst] req=19046400 hits=6126025 fwd=12617 rows=12918853 fwd_ms=733233.1 eval=0 prior=0
[inst] req=19054592 hits=6128661 fwd=12622 rows=12923973 fwd_ms=733511.3 eval=0 prior=0
[inst] req=19062784 hits=6131197 fwd=12628 rows=12930117 fwd_ms=733845.1 eval=0 prior=0
[inst] req=19070976 hits=6133827 fwd=12633 rows=12935237 fwd_ms=734123.3 eval=0 prior=0
[inst] req=19079168 hits=6136440 fwd=12639 rows=12941381 fwd_ms=734457.3 eval=0 prior=0
[inst] req=19087360 hits=6139085 fwd=12644 rows=12946501 fwd_ms=734735.6 eval=0 prior=0
[inst] req=19095552 hits=6141664 fwd=12650 rows=12952645 fwd_ms=735069.5 eval=0 prior=0
[inst] req=19103744 hits=6144318 fwd=12655 rows=12957765 fwd_ms=735347.7 eval=0 prior=0
[inst] req=19111936 hits=6146941 fwd=12661 rows=12963909 fwd_ms=735681.5 eval=0 prior=0
[inst] req=19120128 hits=6149591 fwd=12666 rows=12969029 fwd_ms=735959.8 eval=0 prior=0
[inst] req=19128320 hits=6152259 fwd=12671 rows=12974149 fwd_ms=736237.9 eval=0 prior=0
[inst] req=19136512 hits=6155095 fwd=12677 rows=12980293 fwd_ms=736571.8 eval=0 prior=0
[inst] req=19144704 hits=6157745 fwd=12682 rows=12985413 fwd_ms=736850.1 eval=0 prior=0
[inst] req=19152896 hits=6160356 fwd=12687 rows=12990533 fwd_ms=737128.3 eval=0 prior=0
[inst] req=19161088 hits=6162957 fwd=12693 rows=12996677 fwd_ms=737462.2 eval=0 prior=0
[inst] req=19169280 hits=6165638 fwd=12698 rows=13001797 fwd_ms=737740.3 eval=0 prior=0
[inst] req=19177472 hits=6168242 fwd=12704 rows=13007941 fwd_ms=738074.0 eval=0 prior=0
[inst] req=19185664 hits=6170796 fwd=12709 rows=13013061 fwd_ms=738352.1 eval=0 prior=0
[inst] req=19193856 hits=6173526 fwd=12715 rows=13019205 fwd_ms=738685.8 eval=0 prior=0
[inst] req=19202048 hits=6176271 fwd=12720 rows=13024325 fwd_ms=738964.1 eval=0 prior=0
[inst] req=19210240 hits=6178853 fwd=12725 rows=13029445 fwd_ms=739242.1 eval=0 prior=0
[inst] req=19218432 hits=6181349 fwd=12731 rows=13035589 fwd_ms=739576.0 eval=0 prior=0
[inst] req=19226624 hits=6183858 fwd=12737 rows=13041733 fwd_ms=739909.9 eval=0 prior=0
[inst] req=19234816 hits=6186656 fwd=12742 rows=13046853 fwd_ms=740188.1 eval=0 prior=0
[inst] req=19243008 hits=6189291 fwd=12747 rows=13051973 fwd_ms=740466.3 eval=0 prior=0
[inst] req=19251200 hits=6191952 fwd=12753 rows=13058117 fwd_ms=740799.8 eval=0 prior=0
[inst] req=19259392 hits=6194592 fwd=12758 rows=13063237 fwd_ms=741078.4 eval=0 prior=0
[inst] req=19267584 hits=6197278 fwd=12763 rows=13068357 fwd_ms=741356.9 eval=0 prior=0
[inst] req=19275776 hits=6199934 fwd=12769 rows=13074501 fwd_ms=741691.0 eval=0 prior=0
[inst] req=19283968 hits=6202595 fwd=12774 rows=13079621 fwd_ms=741969.5 eval=0 prior=0
[inst] req=19292160 hits=6205194 fwd=12780 rows=13085765 fwd_ms=742303.6 eval=0 prior=0
[inst] req=19300352 hits=6207993 fwd=12785 rows=13090885 fwd_ms=742582.2 eval=0 prior=0
[inst] req=19308544 hits=6210810 fwd=12790 rows=13096005 fwd_ms=742860.6 eval=0 prior=0
[inst] req=19316736 hits=6213541 fwd=12796 rows=13102149 fwd_ms=743194.7 eval=0 prior=0
[inst] req=19324928 hits=6216226 fwd=12801 rows=13107269 fwd_ms=743473.0 eval=0 prior=0
[inst] req=19333120 hits=6218901 fwd=12806 rows=13112389 fwd_ms=743751.2 eval=0 prior=0
[inst] req=19341312 hits=6221532 fwd=12812 rows=13118533 fwd_ms=744085.1 eval=0 prior=0
[inst] req=19349504 hits=6224120 fwd=12817 rows=13123653 fwd_ms=744363.3 eval=0 prior=0
[inst] req=19357696 hits=6226671 fwd=12823 rows=13129797 fwd_ms=744697.2 eval=0 prior=0
[inst] req=19365888 hits=6229230 fwd=12828 rows=13134917 fwd_ms=744975.6 eval=0 prior=0
[inst] req=19374080 hits=6231818 fwd=12834 rows=13141061 fwd_ms=745313.8 eval=0 prior=0
[inst] req=19382272 hits=6234355 fwd=12839 rows=13146181 fwd_ms=745951.4 eval=0 prior=0
[inst] req=19390464 hits=6236741 fwd=12845 rows=13152325 fwd_ms=746791.2 eval=0 prior=0
[inst] req=19398656 hits=6239351 fwd=12850 rows=13157445 fwd_ms=747522.2 eval=0 prior=0
[inst] req=19406848 hits=6241978 fwd=12856 rows=13163589 fwd_ms=748329.4 eval=0 prior=0
[inst] req=19415040 hits=6244530 fwd=12861 rows=13168709 fwd_ms=748942.6 eval=0 prior=0
[inst] req=19423232 hits=6247114 fwd=12867 rows=13174853 fwd_ms=749753.4 eval=0 prior=0
[inst] req=19431424 hits=6249792 fwd=12872 rows=13179973 fwd_ms=750421.4 eval=0 prior=0
[inst] req=19439616 hits=6252695 fwd=12877 rows=13185093 fwd_ms=751188.6 eval=0 prior=0
[inst] req=19447808 hits=6255177 fwd=12883 rows=13191237 fwd_ms=751982.5 eval=0 prior=0
[inst] req=19456000 hits=6257814 fwd=12888 rows=13196357 fwd_ms=752652.4 eval=0 prior=0
[inst] req=19464192 hits=6260507 fwd=12894 rows=13202501 fwd_ms=753439.9 eval=0 prior=0
[inst] req=19472384 hits=6263187 fwd=12899 rows=13207621 fwd_ms=754077.3 eval=0 prior=0
[inst] req=19480576 hits=6265893 fwd=12904 rows=13212741 fwd_ms=754813.3 eval=0 prior=0
[inst] req=19488768 hits=6268419 fwd=12910 rows=13218885 fwd_ms=755674.8 eval=0 prior=0
[inst] req=19496960 hits=6270947 fwd=12915 rows=13224005 fwd_ms=756402.5 eval=0 prior=0
[inst] req=19505152 hits=6273457 fwd=12921 rows=13230149 fwd_ms=757143.8 eval=0 prior=0
[inst] req=19513344 hits=6276064 fwd=12926 rows=13235269 fwd_ms=757844.3 eval=0 prior=0
[inst] req=19521536 hits=6278730 fwd=12932 rows=13241413 fwd_ms=758562.3 eval=0 prior=0
[inst] req=19529728 hits=6281323 fwd=12937 rows=13246533 fwd_ms=759264.9 eval=0 prior=0
[inst] req=19537920 hits=6284073 fwd=12943 rows=13252677 fwd_ms=760075.6 eval=0 prior=0
[inst] req=19546112 hits=6286935 fwd=12948 rows=13257797 fwd_ms=760722.7 eval=0 prior=0
[inst] req=19554304 hits=6289665 fwd=12953 rows=13262917 fwd_ms=761341.8 eval=0 prior=0
[inst] req=19562496 hits=6292430 fwd=12958 rows=13268037 fwd_ms=762085.9 eval=0 prior=0
[inst] req=19570688 hits=6295179 fwd=12964 rows=13274181 fwd_ms=762931.5 eval=0 prior=0
[inst] req=19578880 hits=6297939 fwd=12969 rows=13279301 fwd_ms=763396.7 eval=0 prior=0
[inst] req=19587072 hits=6300836 fwd=12974 rows=13284421 fwd_ms=763679.5 eval=0 prior=0
[inst] req=19595264 hits=6303702 fwd=12979 rows=13289541 fwd_ms=763962.4 eval=0 prior=0
[inst] req=19603456 hits=6306329 fwd=12985 rows=13295685 fwd_ms=764310.0 eval=0 prior=0
[inst] req=19611648 hits=6306554 fwd=12993 rows=13303877 fwd_ms=764757.0 eval=0 prior=0
[inst] req=19619840 hits=6306910 fwd=13000 rows=13311045 fwd_ms=765148.1 eval=0 prior=0
[inst] req=19628032 hits=6307370 fwd=13008 rows=13319237 fwd_ms=765595.5 eval=0 prior=0
[inst] req=19636224 hits=6308013 fwd=13015 rows=13326405 fwd_ms=765986.7 eval=0 prior=0
[inst] req=19644416 hits=6308760 fwd=13023 rows=13334597 fwd_ms=766433.6 eval=0 prior=0
[inst] req=19652608 hits=6309738 fwd=13030 rows=13341765 fwd_ms=766824.8 eval=0 prior=0
[inst] req=19660800 hits=6310914 fwd=13036 rows=13347909 fwd_ms=767160.0 eval=0 prior=0
[inst] req=19668992 hits=6312279 fwd=13043 rows=13355077 fwd_ms=767551.1 eval=0 prior=0
[inst] req=19677184 hits=6313783 fwd=13050 rows=13362245 fwd_ms=767942.2 eval=0 prior=0
[inst] req=19685376 hits=6315505 fwd=13056 rows=13368389 fwd_ms=768277.4 eval=0 prior=0
[inst] req=19693568 hits=6317316 fwd=13062 rows=13374533 fwd_ms=768612.7 eval=0 prior=0
[inst] req=19701760 hits=6319251 fwd=13068 rows=13380677 fwd_ms=768948.0 eval=0 prior=0
[inst] req=19709952 hits=6321254 fwd=13074 rows=13386821 fwd_ms=769283.2 eval=0 prior=0
[inst] req=19718144 hits=6323353 fwd=13080 rows=13392965 fwd_ms=769618.2 eval=0 prior=0
[inst] req=19726336 hits=6325535 fwd=13086 rows=13399109 fwd_ms=769953.3 eval=0 prior=0
[inst] req=19734528 hits=6327892 fwd=13092 rows=13405253 fwd_ms=770288.7 eval=0 prior=0
[inst] req=19742720 hits=6330319 fwd=13097 rows=13410373 fwd_ms=770568.0 eval=0 prior=0
[inst] req=19750912 hits=6332930 fwd=13103 rows=13416517 fwd_ms=770903.2 eval=0 prior=0
[inst] req=19759104 hits=6335528 fwd=13108 rows=13421637 fwd_ms=771182.5 eval=0 prior=0
[inst] req=19767296 hits=6338329 fwd=13114 rows=13427781 fwd_ms=771517.6 eval=0 prior=0
[inst] req=19775488 hits=6340999 fwd=13119 rows=13432901 fwd_ms=771796.6 eval=0 prior=0
[inst] req=19783680 hits=6343824 fwd=13124 rows=13438021 fwd_ms=772076.0 eval=0 prior=0
[inst] req=19791872 hits=6346540 fwd=13130 rows=13444165 fwd_ms=772410.9 eval=0 prior=0
[inst] req=19800064 hits=6349219 fwd=13135 rows=13449285 fwd_ms=772690.2 eval=0 prior=0
[inst] req=19808256 hits=6352085 fwd=13140 rows=13454405 fwd_ms=772969.4 eval=0 prior=0
[inst] req=19816448 hits=6354723 fwd=13146 rows=13460549 fwd_ms=773304.6 eval=0 prior=0
[inst] req=19824640 hits=6357356 fwd=13151 rows=13465669 fwd_ms=773583.5 eval=0 prior=0
[inst] req=19832832 hits=6359975 fwd=13157 rows=13471813 fwd_ms=773918.4 eval=0 prior=0
[inst] req=19841024 hits=6362750 fwd=13162 rows=13476933 fwd_ms=774197.6 eval=0 prior=0
[inst] req=19849216 hits=6365453 fwd=13167 rows=13482053 fwd_ms=774476.8 eval=0 prior=0
[inst] req=19857408 hits=6368187 fwd=13172 rows=13487173 fwd_ms=774756.0 eval=0 prior=0
[inst] req=19865600 hits=6370930 fwd=13178 rows=13493317 fwd_ms=775091.3 eval=0 prior=0
[inst] req=19873792 hits=6373658 fwd=13183 rows=13498437 fwd_ms=775370.8 eval=0 prior=0
[inst] req=19881984 hits=6376290 fwd=13189 rows=13504581 fwd_ms=775706.1 eval=0 prior=0
[inst] req=19890176 hits=6378947 fwd=13194 rows=13509701 fwd_ms=775985.4 eval=0 prior=0
[inst] req=19898368 hits=6381613 fwd=13199 rows=13514821 fwd_ms=776264.7 eval=0 prior=0
[inst] req=19906560 hits=6384308 fwd=13205 rows=13520965 fwd_ms=776599.6 eval=0 prior=0
[inst] req=19914752 hits=6387086 fwd=13210 rows=13526085 fwd_ms=776878.5 eval=0 prior=0
[inst] req=19922944 hits=6389855 fwd=13215 rows=13531205 fwd_ms=777157.6 eval=0 prior=0
[inst] req=19931136 hits=6392727 fwd=13221 rows=13537349 fwd_ms=777492.6 eval=0 prior=0
[inst] req=19939328 hits=6395517 fwd=13226 rows=13542469 fwd_ms=777771.5 eval=0 prior=0
[inst] req=19947520 hits=6398218 fwd=13231 rows=13547589 fwd_ms=778050.7 eval=0 prior=0
[inst] req=19955712 hits=6400951 fwd=13237 rows=13553733 fwd_ms=778385.7 eval=0 prior=0
[inst] req=19963904 hits=6403670 fwd=13242 rows=13558853 fwd_ms=778664.7 eval=0 prior=0
[inst] req=19972096 hits=6406454 fwd=13247 rows=13563973 fwd_ms=778943.9 eval=0 prior=0
[inst] req=19980288 hits=6409242 fwd=13252 rows=13569093 fwd_ms=779223.2 eval=0 prior=0
[inst] req=19988480 hits=6411979 fwd=13258 rows=13575237 fwd_ms=779558.3 eval=0 prior=0
[inst] req=19996672 hits=6414591 fwd=13263 rows=13580357 fwd_ms=779837.7 eval=0 prior=0
[inst] req=20004864 hits=6417344 fwd=13268 rows=13585477 fwd_ms=780116.7 eval=0 prior=0
[inst] req=20013056 hits=6420096 fwd=13274 rows=13591621 fwd_ms=780451.8 eval=0 prior=0
[inst] req=20021248 hits=6422950 fwd=13279 rows=13596741 fwd_ms=780731.1 eval=0 prior=0
[inst] req=20029440 hits=6425658 fwd=13284 rows=13601861 fwd_ms=781010.3 eval=0 prior=0
[inst] req=20037632 hits=6428378 fwd=13290 rows=13608005 fwd_ms=781345.5 eval=0 prior=0
[inst] req=20045824 hits=6431065 fwd=13295 rows=13613125 fwd_ms=781624.8 eval=0 prior=0
[inst] req=20054016 hits=6433972 fwd=13300 rows=13618245 fwd_ms=781904.2 eval=0 prior=0
[inst] req=20062208 hits=6436847 fwd=13305 rows=13623365 fwd_ms=782183.4 eval=0 prior=0
[inst] req=20070400 hits=6439584 fwd=13311 rows=13629509 fwd_ms=782518.5 eval=0 prior=0
[inst] req=20078592 hits=6442381 fwd=13316 rows=13634629 fwd_ms=782797.7 eval=0 prior=0
[inst] req=20086784 hits=6445220 fwd=13321 rows=13639749 fwd_ms=783077.0 eval=0 prior=0
[inst] req=20094976 hits=6448023 fwd=13327 rows=13645893 fwd_ms=783412.3 eval=0 prior=0
[inst] req=20103168 hits=6450858 fwd=13332 rows=13651013 fwd_ms=783691.4 eval=0 prior=0
[inst] req=20111360 hits=6453802 fwd=13337 rows=13656133 fwd_ms=783970.8 eval=0 prior=0
[inst] req=20119552 hits=6456635 fwd=13342 rows=13661253 fwd_ms=784250.1 eval=0 prior=0
[inst] req=20127744 hits=6459509 fwd=13347 rows=13666373 fwd_ms=784529.3 eval=0 prior=0
[inst] req=20135936 hits=6462373 fwd=13353 rows=13672517 fwd_ms=784864.2 eval=0 prior=0
[inst] req=20144128 hits=6465097 fwd=13358 rows=13677637 fwd_ms=785143.4 eval=0 prior=0
[inst] req=20152320 hits=6467916 fwd=13363 rows=13682757 fwd_ms=785422.6 eval=0 prior=0
[inst] req=20160512 hits=6470602 fwd=13368 rows=13687877 fwd_ms=785701.9 eval=0 prior=0
[inst] req=20168704 hits=6473381 fwd=13374 rows=13694021 fwd_ms=786037.0 eval=0 prior=0
[inst] req=20176896 hits=6476122 fwd=13379 rows=13699141 fwd_ms=786316.2 eval=0 prior=0
[inst] req=20185088 hits=6478820 fwd=13384 rows=13704261 fwd_ms=786595.5 eval=0 prior=0
[inst] req=20193280 hits=6481515 fwd=13390 rows=13710405 fwd_ms=786930.6 eval=0 prior=0
[inst] req=20201472 hits=6484181 fwd=13395 rows=13715525 fwd_ms=787209.7 eval=0 prior=0
[inst] req=20209664 hits=6487004 fwd=13400 rows=13720645 fwd_ms=787489.0 eval=0 prior=0
[inst] req=20217856 hits=6489751 fwd=13406 rows=13726789 fwd_ms=787824.1 eval=0 prior=0
[inst] req=20226048 hits=6492617 fwd=13411 rows=13731909 fwd_ms=788103.4 eval=0 prior=0
[inst] req=20234240 hits=6495446 fwd=13416 rows=13737029 fwd_ms=788382.5 eval=0 prior=0
[inst] req=20242432 hits=6498267 fwd=13421 rows=13742149 fwd_ms=788662.0 eval=0 prior=0
[inst] req=20250624 hits=6501112 fwd=13427 rows=13748293 fwd_ms=788997.1 eval=0 prior=0
[inst] req=20258816 hits=6503797 fwd=13432 rows=13753413 fwd_ms=789276.3 eval=0 prior=0
[inst] req=20267008 hits=6506559 fwd=13437 rows=13758533 fwd_ms=789555.6 eval=0 prior=0
[inst] req=20275200 hits=6509377 fwd=13443 rows=13764677 fwd_ms=789890.5 eval=0 prior=0
[inst] req=20283392 hits=6512088 fwd=13448 rows=13769797 fwd_ms=790169.7 eval=0 prior=0
[inst] req=20291584 hits=6514875 fwd=13453 rows=13774917 fwd_ms=790449.0 eval=0 prior=0
[inst] req=20299776 hits=6517586 fwd=13459 rows=13781061 fwd_ms=790784.3 eval=0 prior=0
[inst] req=20307968 hits=6520350 fwd=13464 rows=13786181 fwd_ms=791063.8 eval=0 prior=0
[inst] req=20316160 hits=6523087 fwd=13469 rows=13791301 fwd_ms=791343.2 eval=0 prior=0
[inst] req=20324352 hits=6525735 fwd=13475 rows=13797445 fwd_ms=791678.3 eval=0 prior=0
[inst] req=20332544 hits=6528328 fwd=13480 rows=13802565 fwd_ms=791957.7 eval=0 prior=0
[inst] req=20340736 hits=6531125 fwd=13485 rows=13807685 fwd_ms=792238.1 eval=0 prior=0
[inst] req=20348928 hits=6534051 fwd=13491 rows=13813829 fwd_ms=792575.1 eval=0 prior=0
[inst] req=20357120 hits=6536739 fwd=13496 rows=13818949 fwd_ms=792855.9 eval=0 prior=0
[inst] req=20365312 hits=6539396 fwd=13501 rows=13824069 fwd_ms=793136.5 eval=0 prior=0
[inst] req=20373504 hits=6542115 fwd=13507 rows=13830213 fwd_ms=793473.1 eval=0 prior=0
[inst] req=20381696 hits=6544808 fwd=13512 rows=13835333 fwd_ms=793753.6 eval=0 prior=0
[inst] req=20389888 hits=6547559 fwd=13517 rows=13840453 fwd_ms=794034.0 eval=0 prior=0
[inst] req=20398080 hits=6550345 fwd=13523 rows=13846597 fwd_ms=794370.7 eval=0 prior=0
[inst] req=20406272 hits=6553108 fwd=13528 rows=13851717 fwd_ms=794651.2 eval=0 prior=0
[inst] req=20414464 hits=6555898 fwd=13533 rows=13856837 fwd_ms=794931.6 eval=0 prior=0
[inst] req=20422656 hits=6558785 fwd=13538 rows=13861957 fwd_ms=795212.1 eval=0 prior=0
[inst] req=20430848 hits=6561668 fwd=13544 rows=13868101 fwd_ms=795548.6 eval=0 prior=0
[inst] req=20439040 hits=6564513 fwd=13549 rows=13873221 fwd_ms=795829.1 eval=0 prior=0
[inst] req=20447232 hits=6567286 fwd=13554 rows=13878341 fwd_ms=796109.6 eval=0 prior=0
[inst] req=20455424 hits=6570083 fwd=13559 rows=13883461 fwd_ms=796389.8 eval=0 prior=0
[inst] req=20463616 hits=6572841 fwd=13565 rows=13889605 fwd_ms=796726.6 eval=0 prior=0
[inst] req=20471808 hits=6575662 fwd=13570 rows=13894725 fwd_ms=797007.2 eval=0 prior=0
[inst] req=20480000 hits=6578413 fwd=13575 rows=13899845 fwd_ms=797287.7 eval=0 prior=0
[inst] req=20488192 hits=6581162 fwd=13581 rows=13905989 fwd_ms=797624.6 eval=0 prior=0
[inst] req=20496384 hits=6584035 fwd=13586 rows=13911109 fwd_ms=797905.3 eval=0 prior=0
[inst] req=20504576 hits=6586752 fwd=13591 rows=13916229 fwd_ms=798186.0 eval=0 prior=0
[inst] req=20512768 hits=6589420 fwd=13596 rows=13921349 fwd_ms=798466.7 eval=0 prior=0
[inst] req=20520960 hits=6592118 fwd=13602 rows=13927493 fwd_ms=798803.3 eval=0 prior=0
[inst] req=20529152 hits=6594837 fwd=13607 rows=13932613 fwd_ms=799083.8 eval=0 prior=0
[inst] req=20537344 hits=6597461 fwd=13613 rows=13938757 fwd_ms=799420.5 eval=0 prior=0
[inst] req=20545536 hits=6600142 fwd=13618 rows=13943877 fwd_ms=799700.9 eval=0 prior=0
[inst] req=20553728 hits=6602931 fwd=13623 rows=13948997 fwd_ms=799981.4 eval=0 prior=0
[inst] req=20561920 hits=6605737 fwd=13629 rows=13955141 fwd_ms=800318.4 eval=0 prior=0
[inst] req=20570112 hits=6608487 fwd=13634 rows=13960261 fwd_ms=800598.9 eval=0 prior=0
[inst] req=20578304 hits=6611171 fwd=13639 rows=13965381 fwd_ms=800879.3 eval=0 prior=0
[inst] req=20586496 hits=6613959 fwd=13644 rows=13970501 fwd_ms=801159.7 eval=0 prior=0
[inst] req=20594688 hits=6616637 fwd=13650 rows=13976645 fwd_ms=801496.4 eval=0 prior=0
[inst] req=20602880 hits=6619341 fwd=13655 rows=13981765 fwd_ms=801776.9 eval=0 prior=0
[inst] req=20611072 hits=6622139 fwd=13660 rows=13986885 fwd_ms=802056.9 eval=0 prior=0
[inst] req=20619264 hits=6624935 fwd=13666 rows=13993029 fwd_ms=802392.1 eval=0 prior=0
[inst] req=20627456 hits=6627768 fwd=13671 rows=13998149 fwd_ms=802671.6 eval=0 prior=0
[inst] req=20635648 hits=6630507 fwd=13676 rows=14003269 fwd_ms=802950.9 eval=0 prior=0
[inst] req=20643840 hits=6633441 fwd=13681 rows=14008389 fwd_ms=803230.3 eval=0 prior=0
[inst] req=20652032 hits=6636268 fwd=13687 rows=14014533 fwd_ms=803565.5 eval=0 prior=0
[inst] req=20660224 hits=6639075 fwd=13692 rows=14019653 fwd_ms=803844.9 eval=0 prior=0
[inst] req=20668416 hits=6641967 fwd=13697 rows=14024773 fwd_ms=804124.2 eval=0 prior=0
[inst] req=20676608 hits=6644895 fwd=13702 rows=14029893 fwd_ms=804403.6 eval=0 prior=0
[inst] req=20684800 hits=6647744 fwd=13707 rows=14035013 fwd_ms=804682.9 eval=0 prior=0
[inst] req=20692992 hits=6650418 fwd=13713 rows=14041157 fwd_ms=805017.9 eval=0 prior=0
[inst] req=20701184 hits=6653262 fwd=13718 rows=14046277 fwd_ms=805297.1 eval=0 prior=0
[inst] req=20709376 hits=6656016 fwd=13723 rows=14051397 fwd_ms=805576.1 eval=0 prior=0
[inst] req=20717568 hits=6658641 fwd=13729 rows=14057541 fwd_ms=805911.1 eval=0 prior=0
[inst] req=20725760 hits=6661461 fwd=13734 rows=14062661 fwd_ms=806190.3 eval=0 prior=0
[inst] req=20733952 hits=6664069 fwd=13740 rows=14068805 fwd_ms=806525.4 eval=0 prior=0
[inst] req=20742144 hits=6666637 fwd=13745 rows=14073925 fwd_ms=806804.5 eval=0 prior=0
[inst] req=20750336 hits=6669296 fwd=13750 rows=14079045 fwd_ms=807083.8 eval=0 prior=0
[inst] req=20758528 hits=6672065 fwd=13756 rows=14085189 fwd_ms=807418.9 eval=0 prior=0
[inst] req=20766720 hits=6674741 fwd=13761 rows=14090309 fwd_ms=807698.2 eval=0 prior=0
[inst] req=20774912 hits=6677587 fwd=13766 rows=14095429 fwd_ms=807977.3 eval=0 prior=0
[inst] req=20783104 hits=6680417 fwd=13772 rows=14101573 fwd_ms=808312.3 eval=0 prior=0
[inst] req=20791296 hits=6683154 fwd=13777 rows=14106693 fwd_ms=808591.5 eval=0 prior=0
[inst] req=20799488 hits=6686004 fwd=13782 rows=14111813 fwd_ms=808870.9 eval=0 prior=0
[inst] req=20807680 hits=6688887 fwd=13787 rows=14116933 fwd_ms=809150.2 eval=0 prior=0
[inst] req=20815872 hits=6691847 fwd=13792 rows=14122053 fwd_ms=809429.4 eval=0 prior=0
[inst] req=20824064 hits=6694897 fwd=13797 rows=14127173 fwd_ms=809708.6 eval=0 prior=0
[inst] req=20832256 hits=6697968 fwd=13802 rows=14132293 fwd_ms=809987.9 eval=0 prior=0
[inst] req=20840448 hits=6700970 fwd=13808 rows=14138437 fwd_ms=810323.2 eval=0 prior=0
[inst] req=20848640 hits=6703800 fwd=13813 rows=14143557 fwd_ms=810602.4 eval=0 prior=0
[inst] req=20856832 hits=6706671 fwd=13818 rows=14148677 fwd_ms=810881.7 eval=0 prior=0
[inst] req=20865024 hits=6709285 fwd=13823 rows=14153797 fwd_ms=811160.7 eval=0 prior=0
[inst] req=20873216 hits=6712046 fwd=13829 rows=14159941 fwd_ms=811495.6 eval=0 prior=0
[inst] req=20881408 hits=6714685 fwd=13834 rows=14165061 fwd_ms=811774.7 eval=0 prior=0
[inst] req=20889600 hits=6717384 fwd=13839 rows=14170181 fwd_ms=812053.8 eval=0 prior=0
[inst] req=20897792 hits=6720065 fwd=13845 rows=14176325 fwd_ms=812388.6 eval=0 prior=0
[inst] req=20905984 hits=6722733 fwd=13850 rows=14181445 fwd_ms=812667.4 eval=0 prior=0
[inst] req=20914176 hits=6725475 fwd=13856 rows=14187589 fwd_ms=813002.4 eval=0 prior=0
[inst] req=20922368 hits=6728400 fwd=13861 rows=14192709 fwd_ms=813281.6 eval=0 prior=0
[inst] req=20930560 hits=6731110 fwd=13866 rows=14197829 fwd_ms=813560.5 eval=0 prior=0
[inst] req=20938752 hits=6733825 fwd=13871 rows=14202949 fwd_ms=813839.4 eval=0 prior=0
[inst] req=20946944 hits=6736579 fwd=13877 rows=14209093 fwd_ms=814174.2 eval=0 prior=0
[inst] req=20955136 hits=6739364 fwd=13882 rows=14214213 fwd_ms=814453.2 eval=0 prior=0
[inst] req=20963328 hits=6742306 fwd=13887 rows=14219333 fwd_ms=814732.2 eval=0 prior=0
[inst] req=20971520 hits=6745202 fwd=13892 rows=14224453 fwd_ms=815011.1 eval=0 prior=0
[inst] req=20979712 hits=6748051 fwd=13898 rows=14230597 fwd_ms=815346.1 eval=0 prior=0
[inst] req=20987904 hits=6750882 fwd=13903 rows=14235717 fwd_ms=815625.2 eval=0 prior=0
[inst] req=20996096 hits=6753788 fwd=13908 rows=14240837 fwd_ms=815904.2 eval=0 prior=0
[inst] req=21004288 hits=6756613 fwd=13913 rows=14245957 fwd_ms=816183.3 eval=0 prior=0
[inst] req=21012480 hits=6759631 fwd=13918 rows=14251077 fwd_ms=816462.5 eval=0 prior=0
[inst] req=21020672 hits=6762574 fwd=13923 rows=14256197 fwd_ms=816741.5 eval=0 prior=0
[inst] req=21028864 hits=6765312 fwd=13929 rows=14262341 fwd_ms=817076.3 eval=0 prior=0
[inst] req=21037056 hits=6767997 fwd=13934 rows=14267461 fwd_ms=817355.5 eval=0 prior=0
[inst] req=21045248 hits=6770842 fwd=13939 rows=14272581 fwd_ms=817634.6 eval=0 prior=0
[inst] req=21053440 hits=6773796 fwd=13944 rows=14277701 fwd_ms=817913.7 eval=0 prior=0
[inst] req=21061632 hits=6776652 fwd=13950 rows=14283845 fwd_ms=818248.5 eval=0 prior=0
[inst] req=21069824 hits=6779272 fwd=13955 rows=14288965 fwd_ms=818527.6 eval=0 prior=0
[inst] req=21078016 hits=6781908 fwd=13960 rows=14294085 fwd_ms=818806.5 eval=0 prior=0
[inst] req=21086208 hits=6784779 fwd=13966 rows=14300229 fwd_ms=819141.5 eval=0 prior=0
[inst] req=21094400 hits=6787477 fwd=13971 rows=14305349 fwd_ms=819420.6 eval=0 prior=0
[inst] req=21102592 hits=6790155 fwd=13976 rows=14310469 fwd_ms=819699.7 eval=0 prior=0
[inst] req=21110784 hits=6792814 fwd=13982 rows=14316613 fwd_ms=820034.6 eval=0 prior=0
[inst] req=21118976 hits=6795434 fwd=13987 rows=14321733 fwd_ms=820313.8 eval=0 prior=0
[inst] req=21127168 hits=6798303 fwd=13992 rows=14326853 fwd_ms=820593.0 eval=0 prior=0
[inst] req=21135360 hits=6801067 fwd=13998 rows=14332997 fwd_ms=820927.8 eval=0 prior=0
[inst] req=21143552 hits=6803807 fwd=14003 rows=14338117 fwd_ms=821206.9 eval=0 prior=0
[inst] req=21151744 hits=6806505 fwd=14008 rows=14343237 fwd_ms=821486.0 eval=0 prior=0
[inst] req=21159936 hits=6809307 fwd=14014 rows=14349381 fwd_ms=821821.0 eval=0 prior=0
[inst] req=21168128 hits=6812167 fwd=14019 rows=14354501 fwd_ms=822100.6 eval=0 prior=0
[inst] req=21176320 hits=6815027 fwd=14024 rows=14359621 fwd_ms=822379.9 eval=0 prior=0
[inst] req=21184512 hits=6817865 fwd=14029 rows=14364741 fwd_ms=822659.2 eval=0 prior=0
[inst] req=21192704 hits=6820671 fwd=14035 rows=14370885 fwd_ms=822994.6 eval=0 prior=0
[inst] req=21200896 hits=6823441 fwd=14040 rows=14376005 fwd_ms=823274.0 eval=0 prior=0
[inst] req=21209088 hits=6826137 fwd=14045 rows=14381125 fwd_ms=823553.2 eval=0 prior=0
[inst] req=21217280 hits=6828896 fwd=14051 rows=14387269 fwd_ms=823888.3 eval=0 prior=0
[inst] req=21225472 hits=6831692 fwd=14056 rows=14392389 fwd_ms=824167.5 eval=0 prior=0
[inst] req=21233664 hits=6834512 fwd=14061 rows=14397509 fwd_ms=824446.5 eval=0 prior=0
[inst] req=21241856 hits=6837228 fwd=14066 rows=14402629 fwd_ms=824725.6 eval=0 prior=0
[inst] req=21250048 hits=6839945 fwd=14072 rows=14408773 fwd_ms=825060.5 eval=0 prior=0
[inst] req=21258240 hits=6842731 fwd=14077 rows=14413893 fwd_ms=825339.7 eval=0 prior=0
[inst] req=21266432 hits=6845595 fwd=14082 rows=14419013 fwd_ms=825618.8 eval=0 prior=0
[inst] req=21274624 hits=6848471 fwd=14087 rows=14424133 fwd_ms=825897.9 eval=0 prior=0
[inst] req=21282816 hits=6851218 fwd=14093 rows=14430277 fwd_ms=826232.7 eval=0 prior=0
[inst] req=21291008 hits=6853939 fwd=14098 rows=14435397 fwd_ms=826511.9 eval=0 prior=0
[inst] req=21299200 hits=6856761 fwd=14103 rows=14440517 fwd_ms=826790.9 eval=0 prior=0
[inst] req=21307392 hits=6859495 fwd=14109 rows=14446661 fwd_ms=827125.9 eval=0 prior=0
[inst] req=21315584 hits=6862301 fwd=14114 rows=14451781 fwd_ms=827405.0 eval=0 prior=0
[inst] req=21323776 hits=6865070 fwd=14119 rows=14456901 fwd_ms=827684.3 eval=0 prior=0
[inst] req=21331968 hits=6867790 fwd=14125 rows=14463045 fwd_ms=828019.2 eval=0 prior=0
[inst] req=21340160 hits=6870583 fwd=14130 rows=14468165 fwd_ms=828298.3 eval=0 prior=0
[inst] req=21348352 hits=6873299 fwd=14135 rows=14473285 fwd_ms=828577.4 eval=0 prior=0
[inst] req=21356544 hits=6876155 fwd=14140 rows=14478405 fwd_ms=828856.5 eval=0 prior=0
[inst] req=21364736 hits=6878874 fwd=14146 rows=14484549 fwd_ms=829191.7 eval=0 prior=0
[inst] req=21372928 hits=6881606 fwd=14151 rows=14489669 fwd_ms=829470.8 eval=0 prior=0
[inst] req=21381120 hits=6884375 fwd=14156 rows=14494789 fwd_ms=829749.9 eval=0 prior=0
[inst] req=21389312 hits=6887073 fwd=14162 rows=14500933 fwd_ms=830084.6 eval=0 prior=0
[inst] req=21397504 hits=6889872 fwd=14167 rows=14506053 fwd_ms=830363.5 eval=0 prior=0
[inst] req=21405696 hits=6892602 fwd=14172 rows=14511173 fwd_ms=830642.6 eval=0 prior=0
[inst] req=21413888 hits=6895354 fwd=14178 rows=14517317 fwd_ms=830977.4 eval=0 prior=0
[inst] req=21422080 hits=6898110 fwd=14183 rows=14522437 fwd_ms=831256.5 eval=0 prior=0
[inst] req=21430272 hits=6900843 fwd=14188 rows=14527557 fwd_ms=831535.7 eval=0 prior=0
[inst] req=21438464 hits=6903746 fwd=14193 rows=14532677 fwd_ms=831814.9 eval=0 prior=0
[inst] req=21446656 hits=6906441 fwd=14199 rows=14538821 fwd_ms=832149.9 eval=0 prior=0
[inst] req=21454848 hits=6909146 fwd=14204 rows=14543941 fwd_ms=832428.9 eval=0 prior=0
[inst] req=21463040 hits=6911729 fwd=14210 rows=14550085 fwd_ms=832763.7 eval=0 prior=0
[inst] req=21471232 hits=6914457 fwd=14215 rows=14555205 fwd_ms=833042.9 eval=0 prior=0
[inst] req=21479424 hits=6917236 fwd=14220 rows=14560325 fwd_ms=833321.8 eval=0 prior=0
[inst] req=21487616 hits=6920002 fwd=14226 rows=14566469 fwd_ms=833656.8 eval=0 prior=0
[inst] req=21495808 hits=6922780 fwd=14231 rows=14571589 fwd_ms=833935.9 eval=0 prior=0
[inst] req=21504000 hits=6925599 fwd=14236 rows=14576709 fwd_ms=834214.9 eval=0 prior=0
[inst] req=21512192 hits=6928502 fwd=14241 rows=14581829 fwd_ms=834493.9 eval=0 prior=0
[inst] req=21520384 hits=6931380 fwd=14247 rows=14587973 fwd_ms=834828.6 eval=0 prior=0
[inst] req=21528576 hits=6934199 fwd=14252 rows=14593093 fwd_ms=835107.6 eval=0 prior=0
[inst] req=21536768 hits=6937080 fwd=14257 rows=14598213 fwd_ms=835386.8 eval=0 prior=0
[inst] req=21544960 hits=6939803 fwd=14262 rows=14603333 fwd_ms=835665.9 eval=0 prior=0
[inst] req=21553152 hits=6942587 fwd=14268 rows=14609477 fwd_ms=836000.6 eval=0 prior=0
[inst] req=21561344 hits=6945297 fwd=14273 rows=14614597 fwd_ms=836279.7 eval=0 prior=0
[inst] req=21569536 hits=6947980 fwd=14278 rows=14619717 fwd_ms=836558.7 eval=0 prior=0
[inst] req=21577728 hits=6950625 fwd=14284 rows=14625861 fwd_ms=836893.5 eval=0 prior=0
[inst] req=21585920 hits=6953404 fwd=14289 rows=14630981 fwd_ms=837172.6 eval=0 prior=0
[inst] req=21594112 hits=6956055 fwd=14294 rows=14636101 fwd_ms=837451.6 eval=0 prior=0
[inst] req=21602304 hits=6958733 fwd=14300 rows=14642245 fwd_ms=837786.4 eval=0 prior=0
[inst] req=21610496 hits=6961373 fwd=14305 rows=14647365 fwd_ms=838065.3 eval=0 prior=0
[inst] req=21618688 hits=6964188 fwd=14310 rows=14652485 fwd_ms=838344.5 eval=0 prior=0
[inst] req=21626880 hits=6966879 fwd=14316 rows=14658629 fwd_ms=838679.1 eval=0 prior=0
[inst] req=21635072 hits=6969527 fwd=14321 rows=14663749 fwd_ms=838958.1 eval=0 prior=0
[inst] req=21643264 hits=6972275 fwd=14327 rows=14669893 fwd_ms=839293.0 eval=0 prior=0
[inst] req=21651456 hits=6974966 fwd=14332 rows=14675013 fwd_ms=839572.0 eval=0 prior=0
[inst] req=21659648 hits=6977744 fwd=14337 rows=14680133 fwd_ms=839851.0 eval=0 prior=0
[inst] req=21667840 hits=6980444 fwd=14343 rows=14686277 fwd_ms=840186.1 eval=0 prior=0
[inst] req=21676032 hits=6983320 fwd=14348 rows=14691397 fwd_ms=840465.2 eval=0 prior=0
[inst] req=21684224 hits=6986091 fwd=14353 rows=14696517 fwd_ms=840744.3 eval=0 prior=0
[inst] req=21692416 hits=6988893 fwd=14358 rows=14701637 fwd_ms=841023.4 eval=0 prior=0
[inst] req=21700608 hits=6991704 fwd=14364 rows=14707781 fwd_ms=841358.4 eval=0 prior=0
[inst] req=21708800 hits=6994473 fwd=14369 rows=14712901 fwd_ms=841637.5 eval=0 prior=0
[inst] req=21716992 hits=6997163 fwd=14374 rows=14718021 fwd_ms=841916.6 eval=0 prior=0
[inst] req=21725184 hits=6999997 fwd=14379 rows=14723141 fwd_ms=842195.5 eval=0 prior=0
[inst] req=21733376 hits=7002832 fwd=14385 rows=14729285 fwd_ms=842530.4 eval=0 prior=0
[inst] req=21741568 hits=7005576 fwd=14390 rows=14734405 fwd_ms=842809.5 eval=0 prior=0
[inst] req=21749760 hits=7008375 fwd=14395 rows=14739525 fwd_ms=843088.5 eval=0 prior=0
[inst] req=21757952 hits=7011170 fwd=14401 rows=14745669 fwd_ms=843423.3 eval=0 prior=0
[inst] req=21766144 hits=7014111 fwd=14406 rows=14750789 fwd_ms=843702.3 eval=0 prior=0
[inst] req=21774336 hits=7016797 fwd=14411 rows=14755909 fwd_ms=843981.5 eval=0 prior=0
[inst] req=21782528 hits=7019440 fwd=14417 rows=14762053 fwd_ms=844316.2 eval=0 prior=0
[inst] req=21790720 hits=7022144 fwd=14422 rows=14767173 fwd_ms=844595.3 eval=0 prior=0
[inst] req=21798912 hits=7024800 fwd=14427 rows=14772293 fwd_ms=844874.3 eval=0 prior=0
[inst] req=21807104 hits=7027470 fwd=14433 rows=14778437 fwd_ms=845209.0 eval=0 prior=0
[inst] req=21815296 hits=7030172 fwd=14438 rows=14783557 fwd_ms=845487.9 eval=0 prior=0
[inst] req=21823488 hits=7033031 fwd=14443 rows=14788677 fwd_ms=845766.9 eval=0 prior=0
[inst] req=21831680 hits=7035701 fwd=14449 rows=14794821 fwd_ms=846101.5 eval=0 prior=0
[inst] req=21839872 hits=7038535 fwd=14454 rows=14799941 fwd_ms=846380.5 eval=0 prior=0
[inst] req=21848064 hits=7041358 fwd=14459 rows=14805061 fwd_ms=846659.7 eval=0 prior=0
[inst] req=21856256 hits=7044081 fwd=14464 rows=14810181 fwd_ms=846938.9 eval=0 prior=0
[inst] req=21864448 hits=7046831 fwd=14470 rows=14816325 fwd_ms=847273.9 eval=0 prior=0
[inst] req=21872640 hits=7049729 fwd=14475 rows=14821445 fwd_ms=847552.7 eval=0 prior=0
[inst] req=21880832 hits=7052572 fwd=14480 rows=14826565 fwd_ms=847831.8 eval=0 prior=0
[inst] req=21889024 hits=7055379 fwd=14485 rows=14831685 fwd_ms=848111.1 eval=0 prior=0
[inst] req=21897216 hits=7058290 fwd=14491 rows=14837829 fwd_ms=848446.2 eval=0 prior=0
[inst] req=21905408 hits=7061024 fwd=14496 rows=14842949 fwd_ms=848725.2 eval=0 prior=0
[inst] req=21913600 hits=7063792 fwd=14501 rows=14848069 fwd_ms=849004.2 eval=0 prior=0
[inst] req=21921792 hits=7066611 fwd=14506 rows=14853189 fwd_ms=849283.5 eval=0 prior=0
[inst] req=21929984 hits=7069354 fwd=14512 rows=14859333 fwd_ms=849618.5 eval=0 prior=0
[inst] req=21938176 hits=7072169 fwd=14517 rows=14864453 fwd_ms=849897.6 eval=0 prior=0
[inst] req=21946368 hits=7074915 fwd=14522 rows=14869573 fwd_ms=850176.6 eval=0 prior=0
[inst] req=21954560 hits=7077622 fwd=14528 rows=14875717 fwd_ms=850511.7 eval=0 prior=0
[inst] req=21962752 hits=7080312 fwd=14533 rows=14880837 fwd_ms=850790.7 eval=0 prior=0
[inst] req=21970944 hits=7083037 fwd=14538 rows=14885957 fwd_ms=851069.9 eval=0 prior=0
[inst] req=21979136 hits=7085831 fwd=14544 rows=14892101 fwd_ms=851404.8 eval=0 prior=0
[inst] req=21987328 hits=7088611 fwd=14549 rows=14897221 fwd_ms=851683.7 eval=0 prior=0
[inst] req=21995520 hits=7091358 fwd=14554 rows=14902341 fwd_ms=851962.9 eval=0 prior=0
[inst] req=22003712 hits=7094096 fwd=14560 rows=14908485 fwd_ms=852297.8 eval=0 prior=0
[inst] req=22011904 hits=7096786 fwd=14565 rows=14913605 fwd_ms=852576.9 eval=0 prior=0
[inst] req=22020096 hits=7099533 fwd=14570 rows=14918725 fwd_ms=852855.9 eval=0 prior=0
[inst] req=22028288 hits=7102289 fwd=14576 rows=14924869 fwd_ms=853190.8 eval=0 prior=0
[inst] req=22036480 hits=7105187 fwd=14581 rows=14929989 fwd_ms=853469.7 eval=0 prior=0
[inst] req=22044672 hits=7108060 fwd=14586 rows=14935109 fwd_ms=853748.9 eval=0 prior=0
[inst] req=22052864 hits=7110907 fwd=14591 rows=14940229 fwd_ms=854028.0 eval=0 prior=0
[inst] req=22061056 hits=7113668 fwd=14596 rows=14945349 fwd_ms=854307.0 eval=0 prior=0
[inst] req=22069248 hits=7116372 fwd=14602 rows=14951493 fwd_ms=854641.8 eval=0 prior=0
[inst] req=22077440 hits=7119117 fwd=14607 rows=14956613 fwd_ms=854921.0 eval=0 prior=0
[inst] req=22085632 hits=7121764 fwd=14613 rows=14962757 fwd_ms=855256.0 eval=0 prior=0
[inst] req=22093824 hits=7124523 fwd=14618 rows=14967877 fwd_ms=855534.9 eval=0 prior=0
[inst] req=22102016 hits=7127280 fwd=14623 rows=14972997 fwd_ms=855814.3 eval=0 prior=0
[inst] req=22110208 hits=7130042 fwd=14629 rows=14979141 fwd_ms=856149.0 eval=0 prior=0
[inst] req=22118400 hits=7132742 fwd=14634 rows=14984261 fwd_ms=856428.0 eval=0 prior=0
[inst] req=22126592 hits=7135491 fwd=14639 rows=14989381 fwd_ms=856707.3 eval=0 prior=0
[inst] req=22134784 hits=7138199 fwd=14645 rows=14995525 fwd_ms=857042.4 eval=0 prior=0
[inst] req=22142976 hits=7140994 fwd=14650 rows=15000645 fwd_ms=857321.7 eval=0 prior=0
[inst] req=22151168 hits=7143696 fwd=14655 rows=15005765 fwd_ms=857600.9 eval=0 prior=0
[inst] req=22159360 hits=7146361 fwd=14661 rows=15011909 fwd_ms=857936.1 eval=0 prior=0
[inst] req=22167552 hits=7149059 fwd=14666 rows=15017029 fwd_ms=858215.3 eval=0 prior=0
[inst] req=22175744 hits=7151783 fwd=14671 rows=15022149 fwd_ms=858494.7 eval=0 prior=0
[inst] req=22183936 hits=7154569 fwd=14677 rows=15028293 fwd_ms=858829.8 eval=0 prior=0
[inst] req=22192128 hits=7157465 fwd=14682 rows=15033413 fwd_ms=859109.1 eval=0 prior=0
[inst] req=22200320 hits=7160157 fwd=14687 rows=15038533 fwd_ms=859388.2 eval=0 prior=0
[inst] req=22208512 hits=7162842 fwd=14692 rows=15043653 fwd_ms=859667.7 eval=0 prior=0
[inst] req=22216704 hits=7165587 fwd=14698 rows=15049797 fwd_ms=860002.6 eval=0 prior=0
[inst] req=22224896 hits=7168330 fwd=14703 rows=15054917 fwd_ms=860281.7 eval=0 prior=0
[inst] req=22233088 hits=7171052 fwd=14708 rows=15060037 fwd_ms=860560.8 eval=0 prior=0
[inst] req=22241280 hits=7173866 fwd=14714 rows=15066181 fwd_ms=860895.6 eval=0 prior=0
[inst] req=22249472 hits=7176574 fwd=14719 rows=15071301 fwd_ms=861174.5 eval=0 prior=0
[inst] req=22257664 hits=7179412 fwd=14724 rows=15076421 fwd_ms=861615.7 eval=0 prior=0
[inst] req=22265856 hits=7182029 fwd=14730 rows=15082565 fwd_ms=862327.4 eval=0 prior=0
[inst] req=22274048 hits=7184327 fwd=14735 rows=15087685 fwd_ms=863027.8 eval=0 prior=0
[inst] req=22282240 hits=7186586 fwd=14741 rows=15093829 fwd_ms=863865.5 eval=0 prior=0
[inst] req=22290432 hits=7188936 fwd=14747 rows=15099973 fwd_ms=864717.9 eval=0 prior=0
[inst] req=22298624 hits=7191574 fwd=14752 rows=15105093 fwd_ms=865391.0 eval=0 prior=0
[inst] req=22306816 hits=7194303 fwd=14758 rows=15111237 fwd_ms=866186.7 eval=0 prior=0
[inst] req=22315008 hits=7196695 fwd=14763 rows=15116357 fwd_ms=866966.2 eval=0 prior=0
[inst] req=22323200 hits=7199106 fwd=14769 rows=15122501 fwd_ms=867813.6 eval=0 prior=0
[inst] req=22331392 hits=7201934 fwd=14774 rows=15127621 fwd_ms=868427.8 eval=0 prior=0
[inst] req=22339584 hits=7204910 fwd=14779 rows=15132741 fwd_ms=869199.3 eval=0 prior=0
[inst] req=22347776 hits=7207935 fwd=14784 rows=15137861 fwd_ms=869804.3 eval=0 prior=0
[inst] req=22355968 hits=7210958 fwd=14789 rows=15142981 fwd_ms=870472.4 eval=0 prior=0
[inst] req=22364160 hits=7213891 fwd=14795 rows=15149125 fwd_ms=871271.6 eval=0 prior=0
[inst] req=22372352 hits=7216536 fwd=14800 rows=15154245 fwd_ms=872029.5 eval=0 prior=0
[inst] req=22380544 hits=7219131 fwd=14805 rows=15159365 fwd_ms=872699.3 eval=0 prior=0
[inst] req=22388736 hits=7221666 fwd=14811 rows=15165509 fwd_ms=873532.6 eval=0 prior=0
[inst] req=22396928 hits=7224166 fwd=14817 rows=15171653 fwd_ms=874381.6 eval=0 prior=0
[inst] req=22405120 hits=7226885 fwd=14822 rows=15176773 fwd_ms=875113.2 eval=0 prior=0
[inst] req=22413312 hits=7229788 fwd=14827 rows=15181893 fwd_ms=875742.6 eval=0 prior=0
[inst] req=22421504 hits=7232672 fwd=14832 rows=15187013 fwd_ms=876518.1 eval=0 prior=0
[inst] req=22429696 hits=7235388 fwd=14838 rows=15193157 fwd_ms=877326.8 eval=0 prior=0
[inst] req=22437888 hits=7238587 fwd=14842 rows=15197253 fwd_ms=877863.1 eval=0 prior=0
[inst] req=22446080 hits=7241755 fwd=14847 rows=15202373 fwd_ms=878505.6 eval=0 prior=0
[inst] req=22454272 hits=7245115 fwd=14852 rows=15207493 fwd_ms=879210.2 eval=0 prior=0
[inst] req=22462464 hits=7248262 fwd=14857 rows=15212613 fwd_ms=879493.5 eval=0 prior=0
[inst] req=22470656 hits=7251427 fwd=14862 rows=15217733 fwd_ms=879777.0 eval=0 prior=0
[inst] req=22478848 hits=7254474 fwd=14867 rows=15222853 fwd_ms=880061.3 eval=0 prior=0
[inst] req=22487040 hits=7255280 fwd=14874 rows=15230021 fwd_ms=880461.3 eval=0 prior=0
[inst] req=22495232 hits=7255788 fwd=14882 rows=15238213 fwd_ms=880908.1 eval=0 prior=0
[inst] req=22503424 hits=7256410 fwd=14889 rows=15245381 fwd_ms=881299.0 eval=0 prior=0
[inst] req=22511616 hits=7257122 fwd=14896 rows=15252549 fwd_ms=881689.6 eval=0 prior=0
[inst] req=22519808 hits=7257900 fwd=14904 rows=15260741 fwd_ms=882136.3 eval=0 prior=0
[inst] req=22528000 hits=7258906 fwd=14911 rows=15267909 fwd_ms=882527.3 eval=0 prior=0
[inst] req=22536192 hits=7260038 fwd=14918 rows=15275077 fwd_ms=882918.1 eval=0 prior=0
[inst] req=22544384 hits=7261320 fwd=14924 rows=15281221 fwd_ms=883253.1 eval=0 prior=0
[inst] req=22552576 hits=7262797 fwd=14931 rows=15288389 fwd_ms=883643.9 eval=0 prior=0
[inst] req=22560768 hits=7264472 fwd=14937 rows=15294533 fwd_ms=883979.0 eval=0 prior=0
[inst] req=22568960 hits=7266311 fwd=14943 rows=15300677 fwd_ms=884314.1 eval=0 prior=0
[inst] req=22577152 hits=7268265 fwd=14950 rows=15307845 fwd_ms=884704.9 eval=0 prior=0
[inst] req=22585344 hits=7270460 fwd=14955 rows=15312965 fwd_ms=884984.0 eval=0 prior=0
[inst] req=22593536 hits=7272775 fwd=14961 rows=15319109 fwd_ms=885319.0 eval=0 prior=0
[inst] req=22601728 hits=7275131 fwd=14967 rows=15325253 fwd_ms=885654.0 eval=0 prior=0
[inst] req=22609920 hits=7277566 fwd=14972 rows=15330373 fwd_ms=885933.4 eval=0 prior=0
[inst] req=22618112 hits=7280173 fwd=14978 rows=15336517 fwd_ms=886268.7 eval=0 prior=0
[inst] req=22626304 hits=7282835 fwd=14983 rows=15341637 fwd_ms=886548.2 eval=0 prior=0
[inst] req=22634496 hits=7285537 fwd=14989 rows=15347781 fwd_ms=886883.4 eval=0 prior=0
[inst] req=22642688 hits=7288253 fwd=14994 rows=15352901 fwd_ms=887162.7 eval=0 prior=0
[inst] req=22650880 hits=7290904 fwd=14999 rows=15358021 fwd_ms=887442.2 eval=0 prior=0
[inst] req=22659072 hits=7293701 fwd=15005 rows=15364165 fwd_ms=887777.5 eval=0 prior=0
[inst] req=22667264 hits=7296544 fwd=15010 rows=15369285 fwd_ms=888057.0 eval=0 prior=0
[inst] req=22675456 hits=7299279 fwd=15015 rows=15374405 fwd_ms=888336.3 eval=0 prior=0
[inst] req=22683648 hits=7302089 fwd=15020 rows=15379525 fwd_ms=888615.7 eval=0 prior=0
[inst] req=22691840 hits=7304798 fwd=15026 rows=15385669 fwd_ms=888951.0 eval=0 prior=0
[inst] req=22700032 hits=7307503 fwd=15031 rows=15390789 fwd_ms=889230.4 eval=0 prior=0
[inst] req=22708224 hits=7310214 fwd=15037 rows=15396933 fwd_ms=889565.5 eval=0 prior=0
[inst] req=22716416 hits=7312911 fwd=15042 rows=15402053 fwd_ms=889844.5 eval=0 prior=0
[inst] req=22724608 hits=7315698 fwd=15047 rows=15407173 fwd_ms=890123.8 eval=0 prior=0
[inst] req=22732800 hits=7318459 fwd=15052 rows=15412293 fwd_ms=890402.9 eval=0 prior=0
[inst] req=22740992 hits=7321276 fwd=15058 rows=15418437 fwd_ms=890737.8 eval=0 prior=0
[inst] req=22749184 hits=7324140 fwd=15063 rows=15423557 fwd_ms=891017.0 eval=0 prior=0
[inst] req=22757376 hits=7327169 fwd=15068 rows=15428677 fwd_ms=891297.2 eval=0 prior=0
[inst] req=22765568 hits=7330020 fwd=15073 rows=15433797 fwd_ms=891577.4 eval=0 prior=0
[inst] req=22773760 hits=7332787 fwd=15079 rows=15439941 fwd_ms=891913.6 eval=0 prior=0
[inst] req=22781952 hits=7335537 fwd=15084 rows=15445061 fwd_ms=892193.7 eval=0 prior=0
[inst] req=22790144 hits=7338280 fwd=15089 rows=15450181 fwd_ms=892474.1 eval=0 prior=0
[inst] req=22798336 hits=7341016 fwd=15094 rows=15455301 fwd_ms=892754.6 eval=0 prior=0
[inst] req=22806528 hits=7343786 fwd=15100 rows=15461445 fwd_ms=893091.0 eval=0 prior=0
[inst] req=22814720 hits=7346448 fwd=15105 rows=15466565 fwd_ms=893371.3 eval=0 prior=0
[inst] req=22822912 hits=7349234 fwd=15110 rows=15471685 fwd_ms=893651.5 eval=0 prior=0
[inst] req=22831104 hits=7352073 fwd=15116 rows=15477829 fwd_ms=893987.7 eval=0 prior=0
[inst] req=22839296 hits=7354851 fwd=15121 rows=15482949 fwd_ms=894267.9 eval=0 prior=0
[inst] req=22847488 hits=7357621 fwd=15126 rows=15488069 fwd_ms=894548.3 eval=0 prior=0
[inst] req=22855680 hits=7360380 fwd=15132 rows=15494213 fwd_ms=894884.6 eval=0 prior=0
[inst] req=22863872 hits=7363106 fwd=15137 rows=15499333 fwd_ms=895165.0 eval=0 prior=0
[inst] req=22872064 hits=7365865 fwd=15142 rows=15504453 fwd_ms=895445.2 eval=0 prior=0
[inst] req=22880256 hits=7368607 fwd=15148 rows=15510597 fwd_ms=895781.7 eval=0 prior=0
[inst] req=22888448 hits=7371370 fwd=15153 rows=15515717 fwd_ms=896062.3 eval=0 prior=0
[inst] req=22896640 hits=7374053 fwd=15158 rows=15520837 fwd_ms=896342.8 eval=0 prior=0
[inst] req=22904832 hits=7376753 fwd=15164 rows=15526981 fwd_ms=896679.4 eval=0 prior=0
[inst] req=22913024 hits=7379579 fwd=15169 rows=15532101 fwd_ms=896959.6 eval=0 prior=0
[inst] req=22921216 hits=7382372 fwd=15174 rows=15537221 fwd_ms=897239.8 eval=0 prior=0
[inst] req=22929408 hits=7385088 fwd=15179 rows=15542341 fwd_ms=897520.4 eval=0 prior=0
[inst] req=22937600 hits=7387858 fwd=15185 rows=15548485 fwd_ms=897856.8 eval=0 prior=0
[inst] req=22945792 hits=7390780 fwd=15190 rows=15553605 fwd_ms=898137.2 eval=0 prior=0
[inst] req=22953984 hits=7393571 fwd=15195 rows=15558725 fwd_ms=898417.6 eval=0 prior=0
[inst] req=22962176 hits=7396449 fwd=15200 rows=15563845 fwd_ms=898698.0 eval=0 prior=0
[inst] req=22970368 hits=7399305 fwd=15206 rows=15569989 fwd_ms=899034.3 eval=0 prior=0
[inst] req=22978560 hits=7402169 fwd=15211 rows=15575109 fwd_ms=899314.5 eval=0 prior=0
[inst] req=22986752 hits=7405067 fwd=15216 rows=15580229 fwd_ms=899594.9 eval=0 prior=0
[inst] req=22994944 hits=7407950 fwd=15221 rows=15585349 fwd_ms=899875.2 eval=0 prior=0
[inst] req=23003136 hits=7410726 fwd=15226 rows=15590469 fwd_ms=900155.6 eval=0 prior=0
[inst] req=23011328 hits=7413600 fwd=15232 rows=15596613 fwd_ms=900491.8 eval=0 prior=0
[inst] req=23019520 hits=7416504 fwd=15237 rows=15601733 fwd_ms=900772.2 eval=0 prior=0
[inst] req=23027712 hits=7419294 fwd=15242 rows=15606853 fwd_ms=901052.6 eval=0 prior=0
[inst] req=23035904 hits=7422052 fwd=15247 rows=15611973 fwd_ms=901333.1 eval=0 prior=0
[inst] req=23044096 hits=7424761 fwd=15253 rows=15618117 fwd_ms=901669.6 eval=0 prior=0
[inst] req=23052288 hits=7427402 fwd=15258 rows=15623237 fwd_ms=901949.8 eval=0 prior=0
[inst] req=23060480 hits=7430015 fwd=15264 rows=15629381 fwd_ms=902286.3 eval=0 prior=0
[inst] req=23068672 hits=7432654 fwd=15269 rows=15634501 fwd_ms=902566.5 eval=0 prior=0
[inst] req=23076864 hits=7435323 fwd=15274 rows=15639621 fwd_ms=902847.0 eval=0 prior=0
[inst] req=23085056 hits=7438262 fwd=15280 rows=15645765 fwd_ms=903183.5 eval=0 prior=0
[inst] req=23093248 hits=7441182 fwd=15285 rows=15650885 fwd_ms=903463.8 eval=0 prior=0
[inst] req=23101440 hits=7444059 fwd=15290 rows=15656005 fwd_ms=903744.3 eval=0 prior=0
[inst] req=23109632 hits=7446877 fwd=15295 rows=15661125 fwd_ms=904024.7 eval=0 prior=0
[inst] req=23117824 hits=7449600 fwd=15300 rows=15666245 fwd_ms=904304.9 eval=0 prior=0
[inst] req=23126016 hits=7452577 fwd=15306 rows=15672389 fwd_ms=904641.5 eval=0 prior=0
[inst] req=23134208 hits=7455394 fwd=15311 rows=15677509 fwd_ms=904922.2 eval=0 prior=0
[inst] req=23142400 hits=7458178 fwd=15316 rows=15682629 fwd_ms=905202.6 eval=0 prior=0
[inst] req=23150592 hits=7460967 fwd=15321 rows=15687749 fwd_ms=905483.0 eval=0 prior=0
[inst] req=23158784 hits=7463923 fwd=15326 rows=15692869 fwd_ms=905763.4 eval=0 prior=0
[inst] req=23166976 hits=7466733 fwd=15332 rows=15699013 fwd_ms=906099.9 eval=0 prior=0
[inst] req=23175168 hits=7469839 fwd=15337 rows=15704133 fwd_ms=906380.3 eval=0 prior=0
[inst] req=23183360 hits=7472746 fwd=15342 rows=15709253 fwd_ms=906660.7 eval=0 prior=0
[inst] req=23191552 hits=7475511 fwd=15347 rows=15714373 fwd_ms=906941.0 eval=0 prior=0
[inst] req=23199744 hits=7478234 fwd=15352 rows=15719493 fwd_ms=907221.2 eval=0 prior=0
[inst] req=23207936 hits=7481064 fwd=15358 rows=15725637 fwd_ms=907557.8 eval=0 prior=0
[inst] req=23216128 hits=7483859 fwd=15363 rows=15730757 fwd_ms=907838.2 eval=0 prior=0
[inst] req=23224320 hits=7486559 fwd=15368 rows=15735877 fwd_ms=908118.8 eval=0 prior=0
[inst] req=23232512 hits=7489231 fwd=15374 rows=15742021 fwd_ms=908455.6 eval=0 prior=0
[inst] req=23240704 hits=7491874 fwd=15379 rows=15747141 fwd_ms=908736.3 eval=0 prior=0
[inst] req=23248896 hits=7494592 fwd=15384 rows=15752261 fwd_ms=909016.9 eval=0 prior=0
[inst] req=23257088 hits=7497273 fwd=15390 rows=15758405 fwd_ms=909353.5 eval=0 prior=0
[inst] req=23265280 hits=7499965 fwd=15395 rows=15763525 fwd_ms=909634.3 eval=0 prior=0
[inst] req=23273472 hits=7502801 fwd=15400 rows=15768645 fwd_ms=909914.9 eval=0 prior=0
[inst] req=23281664 hits=7505605 fwd=15406 rows=15774789 fwd_ms=910251.8 eval=0 prior=0
[inst] req=23289856 hits=7508380 fwd=15411 rows=15779909 fwd_ms=910532.3 eval=0 prior=0
[inst] req=23298048 hits=7511187 fwd=15416 rows=15785029 fwd_ms=910813.1 eval=0 prior=0
[inst] req=23306240 hits=7514005 fwd=15422 rows=15791173 fwd_ms=911150.0 eval=0 prior=0
[inst] req=23314432 hits=7516793 fwd=15427 rows=15796293 fwd_ms=911430.7 eval=0 prior=0
[inst] req=23322624 hits=7519563 fwd=15432 rows=15801413 fwd_ms=911711.4 eval=0 prior=0
[inst] req=23330816 hits=7522465 fwd=15437 rows=15806533 fwd_ms=911992.0 eval=0 prior=0
[inst] req=23339008 hits=7525305 fwd=15443 rows=15812677 fwd_ms=912328.9 eval=0 prior=0
[inst] req=23347200 hits=7528191 fwd=15448 rows=15817797 fwd_ms=912609.3 eval=0 prior=0
[inst] req=23355392 hits=7531109 fwd=15453 rows=15822917 fwd_ms=912890.3 eval=0 prior=0
[inst] req=23363584 hits=7533968 fwd=15458 rows=15828037 fwd_ms=913171.0 eval=0 prior=0
[inst] req=23371776 hits=7536770 fwd=15463 rows=15833157 fwd_ms=913451.8 eval=0 prior=0
[inst] req=23379968 hits=7539685 fwd=15468 rows=15838277 fwd_ms=913732.5 eval=0 prior=0
[inst] req=23388160 hits=7542425 fwd=15474 rows=15844421 fwd_ms=914069.4 eval=0 prior=0
[inst] req=23396352 hits=7545216 fwd=15479 rows=15849541 fwd_ms=914350.0 eval=0 prior=0
[inst] req=23404544 hits=7548137 fwd=15484 rows=15854661 fwd_ms=914630.9 eval=0 prior=0
[inst] req=23412736 hits=7550827 fwd=15490 rows=15860805 fwd_ms=914967.8 eval=0 prior=0
[inst] req=23420928 hits=7553621 fwd=15495 rows=15865925 fwd_ms=915248.6 eval=0 prior=0
[inst] req=23429120 hits=7556586 fwd=15500 rows=15871045 fwd_ms=915529.3 eval=0 prior=0
[inst] req=23437312 hits=7559388 fwd=15505 rows=15876165 fwd_ms=915809.8 eval=0 prior=0
[inst] req=23445504 hits=7562145 fwd=15511 rows=15882309 fwd_ms=916146.4 eval=0 prior=0
[inst] req=23453696 hits=7564934 fwd=15516 rows=15887429 fwd_ms=916427.0 eval=0 prior=0
[inst] req=23461888 hits=7567758 fwd=15521 rows=15892549 fwd_ms=916707.8 eval=0 prior=0
[inst] req=23470080 hits=7570634 fwd=15526 rows=15897669 fwd_ms=916988.4 eval=0 prior=0
[inst] req=23478272 hits=7573465 fwd=15531 rows=15902789 fwd_ms=917269.5 eval=0 prior=0
[inst] req=23486464 hits=7576161 fwd=15537 rows=15908933 fwd_ms=917606.2 eval=0 prior=0
[inst] req=23494656 hits=7579004 fwd=15542 rows=15914053 fwd_ms=917886.9 eval=0 prior=0
[inst] req=23502848 hits=7581812 fwd=15547 rows=15919173 fwd_ms=918167.8 eval=0 prior=0
[inst] req=23511040 hits=7584557 fwd=15553 rows=15925317 fwd_ms=918504.9 eval=0 prior=0
[inst] req=23519232 hits=7587220 fwd=15558 rows=15930437 fwd_ms=918786.2 eval=0 prior=0
[inst] req=23527424 hits=7590004 fwd=15563 rows=15935557 fwd_ms=919067.1 eval=0 prior=0
[inst] req=23535616 hits=7592729 fwd=15569 rows=15941701 fwd_ms=919403.9 eval=0 prior=0
[inst] req=23543808 hits=7595523 fwd=15574 rows=15946821 fwd_ms=919684.6 eval=0 prior=0
[inst] req=23552000 hits=7598258 fwd=15579 rows=15951941 fwd_ms=919965.3 eval=0 prior=0
[inst] req=23560192 hits=7601033 fwd=15585 rows=15958085 fwd_ms=920302.0 eval=0 prior=0
[inst] req=23568384 hits=7603862 fwd=15590 rows=15963205 fwd_ms=920582.9 eval=0 prior=0
[inst] req=23576576 hits=7606675 fwd=15595 rows=15968325 fwd_ms=920863.6 eval=0 prior=0
[inst] req=23584768 hits=7609350 fwd=15600 rows=15973445 fwd_ms=921144.3 eval=0 prior=0
[inst] req=23592960 hits=7612112 fwd=15606 rows=15979589 fwd_ms=921481.0 eval=0 prior=0
[inst] req=23601152 hits=7615036 fwd=15611 rows=15984709 fwd_ms=921761.6 eval=0 prior=0
[inst] req=23609344 hits=7617740 fwd=15616 rows=15989829 fwd_ms=922042.2 eval=0 prior=0
[inst] req=23617536 hits=7620572 fwd=15621 rows=15994949 fwd_ms=922323.0 eval=0 prior=0
[inst] req=23625728 hits=7623299 fwd=15627 rows=16001093 fwd_ms=922659.7 eval=0 prior=0
[inst] req=23633920 hits=7626022 fwd=15632 rows=16006213 fwd_ms=922940.2 eval=0 prior=0
[inst] req=23642112 hits=7628850 fwd=15637 rows=16011333 fwd_ms=923220.8 eval=0 prior=0
[inst] req=23650304 hits=7631604 fwd=15643 rows=16017477 fwd_ms=923557.6 eval=0 prior=0
[inst] req=23658496 hits=7634567 fwd=15648 rows=16022597 fwd_ms=923837.6 eval=0 prior=0
[inst] req=23666688 hits=7637369 fwd=15653 rows=16027717 fwd_ms=924118.0 eval=0 prior=0
[inst] req=23674880 hits=7640284 fwd=15658 rows=16032837 fwd_ms=924397.9 eval=0 prior=0
[inst] req=23683072 hits=7643176 fwd=15663 rows=16037957 fwd_ms=924677.9 eval=0 prior=0
[inst] req=23691264 hits=7646179 fwd=15668 rows=16043077 fwd_ms=924958.6 eval=0 prior=0
[inst] req=23699456 hits=7649122 fwd=15674 rows=16049221 fwd_ms=925295.3 eval=0 prior=0
[inst] req=23707648 hits=7652080 fwd=15679 rows=16054341 fwd_ms=925576.0 eval=0 prior=0
[inst] req=23715840 hits=7654907 fwd=15684 rows=16059461 fwd_ms=925856.7 eval=0 prior=0
[inst] req=23724032 hits=7657879 fwd=15689 rows=16064581 fwd_ms=926137.5 eval=0 prior=0
[inst] req=23732224 hits=7660621 fwd=15694 rows=16069701 fwd_ms=926418.3 eval=0 prior=0
[inst] req=23740416 hits=7663302 fwd=15700 rows=16075845 fwd_ms=926755.2 eval=0 prior=0
[inst] req=23748608 hits=7666072 fwd=15705 rows=16080965 fwd_ms=927035.8 eval=0 prior=0
[inst] req=23756800 hits=7668842 fwd=15710 rows=16086085 fwd_ms=927316.4 eval=0 prior=0
[inst] req=23764992 hits=7671530 fwd=15716 rows=16092229 fwd_ms=927652.9 eval=0 prior=0
[inst] req=23773184 hits=7674261 fwd=15721 rows=16097349 fwd_ms=927933.4 eval=0 prior=0
[inst] req=23781376 hits=7677004 fwd=15726 rows=16102469 fwd_ms=928214.0 eval=0 prior=0
[inst] req=23789568 hits=7679663 fwd=15732 rows=16108613 fwd_ms=928550.5 eval=0 prior=0
[inst] req=23797760 hits=7682523 fwd=15737 rows=16113733 fwd_ms=928831.0 eval=0 prior=0
[inst] req=23805952 hits=7685335 fwd=15742 rows=16118853 fwd_ms=929111.4 eval=0 prior=0
[inst] req=23814144 hits=7688116 fwd=15748 rows=16124997 fwd_ms=929448.1 eval=0 prior=0
[inst] req=23822336 hits=7690941 fwd=15753 rows=16130117 fwd_ms=929728.7 eval=0 prior=0
[inst] req=23830528 hits=7693634 fwd=15758 rows=16135237 fwd_ms=930009.1 eval=0 prior=0
[inst] req=23838720 hits=7696439 fwd=15763 rows=16140357 fwd_ms=930289.6 eval=0 prior=0
[inst] req=23846912 hits=7699097 fwd=15769 rows=16146501 fwd_ms=930626.3 eval=0 prior=0
[inst] req=23855104 hits=7701920 fwd=15774 rows=16151621 fwd_ms=930907.0 eval=0 prior=0
[inst] req=23863296 hits=7704682 fwd=15779 rows=16156741 fwd_ms=931187.6 eval=0 prior=0
[inst] req=23871488 hits=7707472 fwd=15785 rows=16162885 fwd_ms=931524.0 eval=0 prior=0
[inst] req=23879680 hits=7710360 fwd=15790 rows=16168005 fwd_ms=931804.5 eval=0 prior=0
[inst] req=23887872 hits=7713153 fwd=15795 rows=16173125 fwd_ms=932085.3 eval=0 prior=0
[inst] req=23896064 hits=7716090 fwd=15800 rows=16178245 fwd_ms=932366.0 eval=0 prior=0
[inst] req=23904256 hits=7718927 fwd=15805 rows=16183365 fwd_ms=932646.9 eval=0 prior=0
[inst] req=23912448 hits=7721814 fwd=15811 rows=16189509 fwd_ms=932983.9 eval=0 prior=0
[inst] req=23920640 hits=7724595 fwd=15816 rows=16194629 fwd_ms=933264.9 eval=0 prior=0
[inst] req=23928832 hits=7727342 fwd=15821 rows=16199749 fwd_ms=933545.4 eval=0 prior=0
[inst] req=23937024 hits=7730149 fwd=15826 rows=16204869 fwd_ms=933826.0 eval=0 prior=0
[inst] req=23945216 hits=7732893 fwd=15832 rows=16211013 fwd_ms=934162.8 eval=0 prior=0
[inst] req=23953408 hits=7735667 fwd=15837 rows=16216133 fwd_ms=934443.3 eval=0 prior=0
[inst] req=23961600 hits=7738431 fwd=15842 rows=16221253 fwd_ms=934723.9 eval=0 prior=0
[inst] req=23969792 hits=7741161 fwd=15848 rows=16227397 fwd_ms=935060.5 eval=0 prior=0
[inst] req=23977984 hits=7744003 fwd=15853 rows=16232517 fwd_ms=935340.9 eval=0 prior=0
[inst] req=23986176 hits=7746754 fwd=15858 rows=16237637 fwd_ms=935621.3 eval=0 prior=0
[inst] req=23994368 hits=7749563 fwd=15863 rows=16242757 fwd_ms=935901.8 eval=0 prior=0
[inst] req=24002560 hits=7752497 fwd=15869 rows=16248901 fwd_ms=936238.6 eval=0 prior=0
[inst] req=24010752 hits=7755319 fwd=15874 rows=16254021 fwd_ms=936519.2 eval=0 prior=0
[inst] req=24018944 hits=7758161 fwd=15879 rows=16259141 fwd_ms=936799.7 eval=0 prior=0
[inst] req=24027136 hits=7760993 fwd=15884 rows=16264261 fwd_ms=937080.2 eval=0 prior=0
[inst] req=24035328 hits=7763991 fwd=15889 rows=16269381 fwd_ms=937360.7 eval=0 prior=0
[inst] req=24043520 hits=7766921 fwd=15895 rows=16275525 fwd_ms=937697.5 eval=0 prior=0
[inst] req=24051712 hits=7769712 fwd=15900 rows=16280645 fwd_ms=937978.2 eval=0 prior=0
[inst] req=24059904 hits=7772496 fwd=15905 rows=16285765 fwd_ms=938258.9 eval=0 prior=0
[inst] req=24068096 hits=7775281 fwd=15910 rows=16290885 fwd_ms=938539.4 eval=0 prior=0
[inst] req=24076288 hits=7778158 fwd=15916 rows=16297029 fwd_ms=938876.1 eval=0 prior=0
[inst] req=24084480 hits=7780931 fwd=15921 rows=16302149 fwd_ms=939156.5 eval=0 prior=0
[inst] req=24092672 hits=7783680 fwd=15926 rows=16307269 fwd_ms=939437.2 eval=0 prior=0
[inst] req=24100864 hits=7786459 fwd=15931 rows=16312389 fwd_ms=939717.8 eval=0 prior=0
[inst] req=24109056 hits=7789114 fwd=15937 rows=16318533 fwd_ms=940054.5 eval=0 prior=0
[inst] req=24117248 hits=7791881 fwd=15942 rows=16323653 fwd_ms=940335.3 eval=0 prior=0
[inst] req=24125440 hits=7794607 fwd=15948 rows=16329797 fwd_ms=940672.3 eval=0 prior=0
[inst] req=24133632 hits=7797294 fwd=15953 rows=16334917 fwd_ms=940952.9 eval=0 prior=0
[inst] req=24141824 hits=7800015 fwd=15958 rows=16340037 fwd_ms=941233.6 eval=0 prior=0
[inst] req=24150016 hits=7802677 fwd=15964 rows=16346181 fwd_ms=941570.3 eval=0 prior=0
[inst] req=24158208 hits=7805436 fwd=15969 rows=16351301 fwd_ms=941850.9 eval=0 prior=0
[inst] req=24166400 hits=7808233 fwd=15974 rows=16356421 fwd_ms=942131.4 eval=0 prior=0
[inst] req=24174592 hits=7810984 fwd=15980 rows=16362565 fwd_ms=942467.9 eval=0 prior=0
[inst] req=24182784 hits=7813771 fwd=15985 rows=16367685 fwd_ms=942748.6 eval=0 prior=0
[inst] req=24190976 hits=7816492 fwd=15990 rows=16372805 fwd_ms=943029.1 eval=0 prior=0
[inst] req=24199168 hits=7819290 fwd=15995 rows=16377925 fwd_ms=943309.7 eval=0 prior=0
[inst] req=24207360 hits=7822149 fwd=16001 rows=16384069 fwd_ms=943646.6 eval=0 prior=0
[inst] req=24215552 hits=7824956 fwd=16006 rows=16389189 fwd_ms=943927.1 eval=0 prior=0
[inst] req=24223744 hits=7827777 fwd=16011 rows=16394309 fwd_ms=944207.8 eval=0 prior=0
[inst] req=24231936 hits=7830711 fwd=16016 rows=16399429 fwd_ms=944488.3 eval=0 prior=0
[inst] req=24240128 hits=7833473 fwd=16022 rows=16405573 fwd_ms=944825.0 eval=0 prior=0
[inst] req=24248320 hits=7836526 fwd=16027 rows=16410693 fwd_ms=945105.5 eval=0 prior=0
[inst] req=24256512 hits=7839300 fwd=16032 rows=16415813 fwd_ms=945385.9 eval=0 prior=0
[inst] req=24264704 hits=7842129 fwd=16037 rows=16420933 fwd_ms=945666.8 eval=0 prior=0
[inst] req=24272896 hits=7844922 fwd=16042 rows=16426053 fwd_ms=945947.4 eval=0 prior=0
[inst] req=24281088 hits=7847798 fwd=16048 rows=16432197 fwd_ms=946284.2 eval=0 prior=0
[inst] req=24289280 hits=7850475 fwd=16053 rows=16437317 fwd_ms=946564.8 eval=0 prior=0
[inst] req=24297472 hits=7853313 fwd=16058 rows=16442437 fwd_ms=946845.5 eval=0 prior=0
[inst] req=24305664 hits=7856154 fwd=16063 rows=16447557 fwd_ms=947126.2 eval=0 prior=0
[inst] req=24313856 hits=7859007 fwd=16069 rows=16453701 fwd_ms=947463.0 eval=0 prior=0
[inst] req=24322048 hits=7861718 fwd=16074 rows=16458821 fwd_ms=947743.6 eval=0 prior=0
[inst] req=24330240 hits=7864507 fwd=16079 rows=16463941 fwd_ms=948024.2 eval=0 prior=0
[inst] req=24338432 hits=7867175 fwd=16085 rows=16470085 fwd_ms=948360.9 eval=0 prior=0
[inst] req=24346624 hits=7869889 fwd=16090 rows=16475205 fwd_ms=948641.5 eval=0 prior=0
[inst] req=24354816 hits=7872570 fwd=16095 rows=16480325 fwd_ms=948922.2 eval=0 prior=0
[inst] req=24363008 hits=7875312 fwd=16101 rows=16486469 fwd_ms=949259.1 eval=0 prior=0
[inst] req=24371200 hits=7878061 fwd=16106 rows=16491589 fwd_ms=949539.8 eval=0 prior=0
[inst] req=24379392 hits=7880821 fwd=16111 rows=16496709 fwd_ms=949820.4 eval=0 prior=0
[inst] req=24387584 hits=7883577 fwd=16117 rows=16502853 fwd_ms=950157.3 eval=0 prior=0
[inst] req=24395776 hits=7886329 fwd=16122 rows=16507973 fwd_ms=950437.9 eval=0 prior=0
[inst] req=24403968 hits=7889278 fwd=16127 rows=16513093 fwd_ms=950718.8 eval=0 prior=0
[inst] req=24412160 hits=7892248 fwd=16132 rows=16518213 fwd_ms=950999.3 eval=0 prior=0
[inst] req=24420352 hits=7895008 fwd=16137 rows=16523333 fwd_ms=951279.8 eval=0 prior=0
[inst] req=24428544 hits=7898002 fwd=16143 rows=16529477 fwd_ms=951616.5 eval=0 prior=0
[inst] req=24436736 hits=7900768 fwd=16148 rows=16534597 fwd_ms=951897.0 eval=0 prior=0
[inst] req=24444928 hits=7903519 fwd=16153 rows=16539717 fwd_ms=952177.8 eval=0 prior=0
[inst] req=24453120 hits=7906375 fwd=16158 rows=16544837 fwd_ms=952458.5 eval=0 prior=0
[inst] req=24461312 hits=7909045 fwd=16164 rows=16550981 fwd_ms=952795.2 eval=0 prior=0
[inst] req=24469504 hits=7911919 fwd=16169 rows=16556101 fwd_ms=953075.8 eval=0 prior=0
[inst] req=24477696 hits=7914645 fwd=16174 rows=16561221 fwd_ms=953356.5 eval=0 prior=0
[inst] req=24485888 hits=7917388 fwd=16180 rows=16567365 fwd_ms=953693.3 eval=0 prior=0
[inst] req=24494080 hits=7920126 fwd=16185 rows=16572485 fwd_ms=953973.8 eval=0 prior=0
[inst] req=24502272 hits=7922931 fwd=16190 rows=16577605 fwd_ms=954254.5 eval=0 prior=0
[inst] req=24510464 hits=7925806 fwd=16195 rows=16582725 fwd_ms=954535.1 eval=0 prior=0
[inst] req=24518656 hits=7928597 fwd=16201 rows=16588869 fwd_ms=954872.0 eval=0 prior=0
[inst] req=24526848 hits=7931350 fwd=16206 rows=16593989 fwd_ms=955152.5 eval=0 prior=0
[inst] req=24535040 hits=7934231 fwd=16211 rows=16599109 fwd_ms=955433.2 eval=0 prior=0
[inst] req=24543232 hits=7937075 fwd=16216 rows=16604229 fwd_ms=955713.8 eval=0 prior=0
[inst] req=24551424 hits=7940011 fwd=16222 rows=16610373 fwd_ms=956050.6 eval=0 prior=0
[inst] req=24559616 hits=7942796 fwd=16227 rows=16615493 fwd_ms=956331.2 eval=0 prior=0
[inst] req=24567808 hits=7945561 fwd=16232 rows=16620613 fwd_ms=956611.7 eval=0 prior=0
[inst] req=24576000 hits=7948337 fwd=16237 rows=16625733 fwd_ms=956892.5 eval=0 prior=0
[inst] req=24584192 hits=7951268 fwd=16243 rows=16631877 fwd_ms=957229.2 eval=0 prior=0
[inst] req=24592384 hits=7954035 fwd=16248 rows=16636997 fwd_ms=957509.6 eval=0 prior=0
[inst] req=24600576 hits=7956960 fwd=16253 rows=16642117 fwd_ms=957790.3 eval=0 prior=0
[inst] req=24608768 hits=7959743 fwd=16258 rows=16647237 fwd_ms=958070.7 eval=0 prior=0
[inst] req=24616960 hits=7962597 fwd=16263 rows=16652357 fwd_ms=958351.5 eval=0 prior=0
[inst] req=24625152 hits=7965523 fwd=16269 rows=16658501 fwd_ms=958688.3 eval=0 prior=0
[inst] req=24633344 hits=7968352 fwd=16274 rows=16663621 fwd_ms=958969.0 eval=0 prior=0
[inst] req=24641536 hits=7971052 fwd=16279 rows=16668741 fwd_ms=959249.6 eval=0 prior=0
[inst] req=24649728 hits=7973770 fwd=16285 rows=16674885 fwd_ms=959586.2 eval=0 prior=0
[inst] req=24657920 hits=7976473 fwd=16290 rows=16680005 fwd_ms=959866.7 eval=0 prior=0
[inst] req=24666112 hits=7979164 fwd=16295 rows=16685125 fwd_ms=960147.2 eval=0 prior=0
[inst] req=24674304 hits=7981875 fwd=16301 rows=16691269 fwd_ms=960484.1 eval=0 prior=0
[inst] req=24682496 hits=7984589 fwd=16306 rows=16696389 fwd_ms=960764.7 eval=0 prior=0
[inst] req=24690688 hits=7987264 fwd=16311 rows=16701509 fwd_ms=961045.2 eval=0 prior=0
[inst] req=24698880 hits=7990119 fwd=16317 rows=16707653 fwd_ms=961382.0 eval=0 prior=0
[inst] req=24707072 hits=7992837 fwd=16322 rows=16712773 fwd_ms=961662.6 eval=0 prior=0
[inst] req=24715264 hits=7995572 fwd=16327 rows=16717893 fwd_ms=961943.1 eval=0 prior=0
[inst] req=24723456 hits=7998378 fwd=16333 rows=16724037 fwd_ms=962279.8 eval=0 prior=0
[inst] req=24731648 hits=8001200 fwd=16338 rows=16729157 fwd_ms=962560.3 eval=0 prior=0
[inst] req=24739840 hits=8003948 fwd=16343 rows=16734277 fwd_ms=962840.8 eval=0 prior=0
[inst] req=24748032 hits=8006736 fwd=16348 rows=16739397 fwd_ms=963121.4 eval=0 prior=0
[inst] req=24756224 hits=8009615 fwd=16354 rows=16745541 fwd_ms=963458.3 eval=0 prior=0
[inst] req=24764416 hits=8012444 fwd=16359 rows=16750661 fwd_ms=963739.1 eval=0 prior=0
[inst] req=24772608 hits=8015207 fwd=16364 rows=16755781 fwd_ms=964019.5 eval=0 prior=0
[inst] req=24780800 hits=8018175 fwd=16369 rows=16760901 fwd_ms=964300.1 eval=0 prior=0
[inst] req=24788992 hits=8020990 fwd=16374 rows=16766021 fwd_ms=964580.8 eval=0 prior=0
[inst] req=24797184 hits=8023737 fwd=16380 rows=16772165 fwd_ms=964917.9 eval=0 prior=0
[inst] req=24805376 hits=8026452 fwd=16385 rows=16777285 fwd_ms=965198.9 eval=0 prior=0
[inst] req=24813568 hits=8029420 fwd=16390 rows=16782405 fwd_ms=965479.9 eval=0 prior=0
[inst] req=24821760 hits=8032233 fwd=16395 rows=16787525 fwd_ms=965761.0 eval=0 prior=0
[inst] req=24829952 hits=8034953 fwd=16401 rows=16793669 fwd_ms=966098.5 eval=0 prior=0
[inst] req=24838144 hits=8037832 fwd=16406 rows=16798789 fwd_ms=966379.1 eval=0 prior=0
[inst] req=24846336 hits=8040612 fwd=16411 rows=16803909 fwd_ms=966659.8 eval=0 prior=0
[inst] req=24854528 hits=8043372 fwd=16417 rows=16810053 fwd_ms=966996.7 eval=0 prior=0
[inst] req=24862720 hits=8046079 fwd=16422 rows=16815173 fwd_ms=967277.4 eval=0 prior=0
[inst] req=24870912 hits=8048866 fwd=16427 rows=16820293 fwd_ms=967558.0 eval=0 prior=0
[inst] req=24879104 hits=8051547 fwd=16433 rows=16826437 fwd_ms=967894.9 eval=0 prior=0
[inst] req=24887296 hits=8054282 fwd=16438 rows=16831557 fwd_ms=968175.6 eval=0 prior=0
[inst] req=24895488 hits=8057032 fwd=16443 rows=16836677 fwd_ms=968456.3 eval=0 prior=0
[inst] req=24903680 hits=8059848 fwd=16448 rows=16841797 fwd_ms=968737.1 eval=0 prior=0
[inst] req=24911872 hits=8062650 fwd=16454 rows=16847941 fwd_ms=969073.6 eval=0 prior=0
[inst] req=24920064 hits=8065385 fwd=16459 rows=16853061 fwd_ms=969354.4 eval=0 prior=0
[inst] req=24928256 hits=8068248 fwd=16464 rows=16858181 fwd_ms=969635.1 eval=0 prior=0
[inst] req=24936448 hits=8071042 fwd=16470 rows=16864325 fwd_ms=969971.8 eval=0 prior=0
[inst] req=24944640 hits=8073778 fwd=16475 rows=16869445 fwd_ms=970252.2 eval=0 prior=0
[inst] req=24952832 hits=8076576 fwd=16480 rows=16874565 fwd_ms=970532.7 eval=0 prior=0
[inst] req=24961024 hits=8079407 fwd=16485 rows=16879685 fwd_ms=970813.4 eval=0 prior=0
[inst] req=24969216 hits=8082345 fwd=16491 rows=16885829 fwd_ms=971150.3 eval=0 prior=0
[inst] req=24977408 hits=8085228 fwd=16496 rows=16890949 fwd_ms=971431.1 eval=0 prior=0
[inst] req=24985600 hits=8088012 fwd=16501 rows=16896069 fwd_ms=971711.5 eval=0 prior=0
[inst] req=24993792 hits=8090909 fwd=16506 rows=16901189 fwd_ms=971992.2 eval=0 prior=0
[inst] req=25001984 hits=8093671 fwd=16511 rows=16906309 fwd_ms=972272.9 eval=0 prior=0
[inst] req=25010176 hits=8096477 fwd=16517 rows=16912453 fwd_ms=972609.7 eval=0 prior=0
[inst] req=25018368 hits=8099237 fwd=16522 rows=16917573 fwd_ms=972890.8 eval=0 prior=0
[inst] req=25026560 hits=8101987 fwd=16527 rows=16922693 fwd_ms=973171.6 eval=0 prior=0
[inst] req=25034752 hits=8104766 fwd=16533 rows=16928837 fwd_ms=973508.5 eval=0 prior=0
[inst] req=25042944 hits=8107623 fwd=16538 rows=16933957 fwd_ms=973789.3 eval=0 prior=0
[inst] req=25051136 hits=8110452 fwd=16543 rows=16939077 fwd_ms=974070.0 eval=0 prior=0
[inst] req=25059328 hits=8113283 fwd=16548 rows=16944197 fwd_ms=974350.7 eval=0 prior=0
[inst] req=25067520 hits=8116332 fwd=16553 rows=16949317 fwd_ms=974631.7 eval=0 prior=0
[inst] req=25075712 hits=8119279 fwd=16558 rows=16954437 fwd_ms=974912.4 eval=0 prior=0
[inst] req=25083904 hits=8122162 fwd=16564 rows=16960581 fwd_ms=975249.3 eval=0 prior=0
[inst] req=25092096 hits=8125139 fwd=16569 rows=16965701 fwd_ms=975530.3 eval=0 prior=0
[inst] req=25100288 hits=8128049 fwd=16574 rows=16970821 fwd_ms=975811.3 eval=0 prior=0
[inst] req=25108480 hits=8130938 fwd=16579 rows=16975941 fwd_ms=976092.3 eval=0 prior=0
[inst] req=25116672 hits=8133759 fwd=16584 rows=16981061 fwd_ms=976373.3 eval=0 prior=0
[inst] req=25124864 hits=8136611 fwd=16590 rows=16987205 fwd_ms=976710.4 eval=0 prior=0
[inst] req=25133056 hits=8139428 fwd=16595 rows=16992325 fwd_ms=976991.2 eval=0 prior=0
[inst] req=25141248 hits=8142359 fwd=16600 rows=16997445 fwd_ms=977272.2 eval=0 prior=0
[inst] req=25149440 hits=8145109 fwd=16605 rows=17002565 fwd_ms=977553.1 eval=0 prior=0
[inst] req=25157632 hits=8147895 fwd=16611 rows=17008709 fwd_ms=977890.3 eval=0 prior=0
[inst] req=25165824 hits=8150648 fwd=16616 rows=17013829 fwd_ms=978171.2 eval=0 prior=0
[inst] req=25174016 hits=8153447 fwd=16621 rows=17018949 fwd_ms=978452.0 eval=0 prior=0
[inst] req=25182208 hits=8156129 fwd=16626 rows=17024069 fwd_ms=978733.0 eval=0 prior=0
[inst] req=25190400 hits=8158861 fwd=16632 rows=17030213 fwd_ms=979070.0 eval=0 prior=0
[inst] req=25198592 hits=8161586 fwd=16637 rows=17035333 fwd_ms=979350.7 eval=0 prior=0
[inst] req=25206784 hits=8164345 fwd=16642 rows=17040453 fwd_ms=979632.1 eval=0 prior=0
[inst] req=25214976 hits=8167085 fwd=16648 rows=17046597 fwd_ms=980427.7 eval=0 prior=0
[inst] req=25223168 hits=8169862 fwd=16653 rows=17051717 fwd_ms=981069.4 eval=0 prior=0
[inst] req=25231360 hits=8172802 fwd=16658 rows=17056837 fwd_ms=981651.4 eval=0 prior=0
[inst] req=25239552 hits=8175384 fwd=16664 rows=17062981 fwd_ms=982488.2 eval=0 prior=0
