Logging directory: /home/ubuntu/rl/reinfors-benchmarks/runs/v1_grid/os_a256b128/cycle3/throughput
Creating model: /home/ubuntu/rl/reinfors-benchmarks/runs/v1_grid/os_a256b128/cycle3/throughput/vpnet.pb
Playing game: chess
Loading model from step 0
[W TensorCompare.cpp:530] Warning: where received a uint8 condition tensor. This behavior is deprecated and will be removed in a future version of PyTorch. Use a boolean condition instead. (function operator())
[inst] req=8192 hits=1472 fwd=51 rows=6464 fwd_ms=768.6 eval=0 prior=0
[inst] req=16384 hits=4672 fwd=90 rows=11456 fwd_ms=1150.1 eval=0 prior=0
[inst] req=24576 hits=6268 fwd=142 rows=18112 fwd_ms=1657.9 eval=0 prior=0
[inst] req=32768 hits=8976 fwd=185 rows=23616 fwd_ms=2078.1 eval=0 prior=0
[inst] req=40960 hits=11775 fwd=227 rows=28992 fwd_ms=2490.0 eval=0 prior=0
[inst] req=49152 hits=13995 fwd=274 rows=35008 fwd_ms=2952.3 eval=0 prior=0
[inst] req=57344 hits=17265 fwd=312 rows=39872 fwd_ms=3324.8 eval=0 prior=0
[inst] req=65536 hits=20759 fwd=349 rows=44608 fwd_ms=3688.4 eval=0 prior=0
[inst] req=73728 hits=23258 fwd=393 rows=50240 fwd_ms=4121.4 eval=0 prior=0
[inst] req=81920 hits=26038 fwd=436 rows=55744 fwd_ms=4544.5 eval=0 prior=0
[inst] req=90112 hits=28482 fwd=480 rows=61376 fwd_ms=4976.5 eval=0 prior=0
[inst] req=98304 hits=30550 fwd=528 rows=67520 fwd_ms=5449.2 eval=0 prior=0
[inst] req=106496 hits=33707 fwd=568 rows=72640 fwd_ms=5842.1 eval=0 prior=0
[inst] req=114688 hits=36422 fwd=610 rows=78016 fwd_ms=6256.2 eval=0 prior=0
[inst] req=122880 hits=38559 fwd=658 rows=84160 fwd_ms=6728.9 eval=0 prior=0
[inst] req=131072 hits=41246 fwd=701 rows=89664 fwd_ms=7151.5 eval=0 prior=0
[inst] req=139264 hits=43405 fwd=748 rows=95680 fwd_ms=7613.8 eval=0 prior=0
[inst] req=147456 hits=45907 fwd=792 rows=101312 fwd_ms=8047.8 eval=0 prior=0
[inst] req=155648 hits=48888 fwd=833 rows=106560 fwd_ms=8453.7 eval=0 prior=0
[inst] req=163840 hits=51090 fwd=880 rows=112576 fwd_ms=8915.1 eval=0 prior=0
[inst] req=172032 hits=53528 fwd=925 rows=118336 fwd_ms=9358.5 eval=0 prior=0
[inst] req=180224 hits=56175 fwd=968 rows=123840 fwd_ms=9780.8 eval=0 prior=0
[inst] req=188416 hits=58181 fwd=1016 rows=129984 fwd_ms=10255.8 eval=0 prior=0
[inst] req=196608 hits=61124 fwd=1057 rows=135232 fwd_ms=10666.5 eval=0 prior=0
[inst] req=204800 hits=63855 fwd=1100 rows=140736 fwd_ms=11090.1 eval=0 prior=0
[inst] req=212992 hits=65832 fwd=1149 rows=147008 fwd_ms=11576.3 eval=0 prior=0
[inst] req=221184 hits=68552 fwd=1191 rows=152384 fwd_ms=11991.3 eval=0 prior=0
[inst] req=229376 hits=70721 fwd=1238 rows=158400 fwd_ms=12455.7 eval=0 prior=0
[inst] req=237568 hits=73177 fwd=1283 rows=164160 fwd_ms=12900.1 eval=0 prior=0
[inst] req=245760 hits=76312 fwd=1323 rows=169280 fwd_ms=13296.4 eval=0 prior=0
[inst] req=253952 hits=79207 fwd=1364 rows=174528 fwd_ms=13701.8 eval=0 prior=0
[inst] req=262144 hits=81808 fwd=1408 rows=180160 fwd_ms=14136.4 eval=0 prior=0
[inst] req=270336 hits=84792 fwd=1449 rows=185408 fwd_ms=14541.3 eval=0 prior=0
[inst] req=278528 hits=87513 fwd=1491 rows=190784 fwd_ms=14955.0 eval=0 prior=0
[inst] req=286720 hits=90516 fwd=1532 rows=196032 fwd_ms=15361.6 eval=0 prior=0
[inst] req=294912 hits=93576 fwd=1572 rows=201152 fwd_ms=15757.5 eval=0 prior=0
[inst] req=303104 hits=96103 fwd=1616 rows=206784 fwd_ms=16202.2 eval=0 prior=0
[inst] req=311296 hits=98904 fwd=1658 rows=212160 fwd_ms=16617.5 eval=0 prior=0
[inst] req=319488 hits=101650 fwd=1701 rows=217664 fwd_ms=17048.7 eval=0 prior=0
[inst] req=327680 hits=104234 fwd=1745 rows=223296 fwd_ms=17485.2 eval=0 prior=0
[inst] req=335872 hits=107355 fwd=1784 rows=228288 fwd_ms=17915.4 eval=0 prior=0
[inst] req=344064 hits=110097 fwd=1827 rows=233792 fwd_ms=18404.8 eval=0 prior=0
[inst] req=352256 hits=112647 fwd=1871 rows=239424 fwd_ms=18905.3 eval=0 prior=0
[inst] req=360448 hits=115497 fwd=1913 rows=244800 fwd_ms=19383.4 eval=0 prior=0
[inst] req=368640 hits=118005 fwd=1957 rows=250432 fwd_ms=19884.2 eval=0 prior=0
[inst] req=376832 hits=121263 fwd=1996 rows=255424 fwd_ms=20329.0 eval=0 prior=0
[inst] req=385024 hits=124165 fwd=2037 rows=260672 fwd_ms=20796.8 eval=0 prior=0
[inst] req=393216 hits=126482 fwd=2083 rows=266560 fwd_ms=21321.6 eval=0 prior=0
[inst] req=401408 hits=129270 fwd=2125 rows=271936 fwd_ms=21741.7 eval=0 prior=0
[inst] req=409600 hits=131924 fwd=2168 rows=277440 fwd_ms=22168.2 eval=0 prior=0
[inst] req=417792 hits=134627 fwd=2211 rows=282944 fwd_ms=22594.7 eval=0 prior=0
[inst] req=425984 hits=137614 fwd=2252 rows=288192 fwd_ms=23000.6 eval=0 prior=0
[inst] req=434176 hits=140218 fwd=2296 rows=293824 fwd_ms=23437.2 eval=0 prior=0
[inst] req=442368 hits=142998 fwd=2338 rows=299200 fwd_ms=23852.2 eval=0 prior=0
[inst] req=450560 hits=145725 fwd=2381 rows=304704 fwd_ms=24277.3 eval=0 prior=0
[inst] req=458752 hits=148254 fwd=2425 rows=310336 fwd_ms=24712.3 eval=0 prior=0
[inst] req=466944 hits=151202 fwd=2466 rows=315584 fwd_ms=25118.4 eval=0 prior=0
[inst] req=475136 hits=153959 fwd=2508 rows=320960 fwd_ms=25534.7 eval=0 prior=0
[inst] req=483328 hits=156298 fwd=2554 rows=326848 fwd_ms=25989.9 eval=0 prior=0
[inst] req=491520 hits=159047 fwd=2596 rows=332224 fwd_ms=26406.0 eval=0 prior=0
[inst] req=499712 hits=161635 fwd=2640 rows=337856 fwd_ms=26842.7 eval=0 prior=0
[inst] req=507904 hits=164282 fwd=2684 rows=343488 fwd_ms=27278.6 eval=0 prior=0
[inst] req=516096 hits=167200 fwd=2725 rows=348736 fwd_ms=27685.2 eval=0 prior=0
[inst] req=524288 hits=169677 fwd=2769 rows=354368 fwd_ms=28121.5 eval=0 prior=0
[inst] req=532480 hits=172295 fwd=2813 rows=360000 fwd_ms=28613.2 eval=0 prior=0
[inst] req=540672 hits=174956 fwd=2856 rows=365504 fwd_ms=29039.8 eval=0 prior=0
[inst] req=548864 hits=177509 fwd=2900 rows=371136 fwd_ms=29494.5 eval=0 prior=0
[inst] req=557056 hits=180439 fwd=2941 rows=376384 fwd_ms=29907.9 eval=0 prior=0
[inst] req=565248 hits=182982 fwd=2985 rows=382016 fwd_ms=30342.9 eval=0 prior=0
[inst] req=573440 hits=185469 fwd=3030 rows=387776 fwd_ms=30843.6 eval=0 prior=0
[inst] req=581632 hits=188269 fwd=3072 rows=393152 fwd_ms=31324.6 eval=0 prior=0
[inst] req=589824 hits=190822 fwd=3116 rows=398784 fwd_ms=31828.0 eval=0 prior=0
[inst] req=598016 hits=193772 fwd=3157 rows=404032 fwd_ms=32311.1 eval=0 prior=0
[inst] req=606208 hits=196571 fwd=3199 rows=409408 fwd_ms=32806.8 eval=0 prior=0
[inst] req=614400 hits=198880 fwd=3245 rows=415296 fwd_ms=33349.4 eval=0 prior=0
[inst] req=622592 hits=201674 fwd=3287 rows=420672 fwd_ms=33845.1 eval=0 prior=0
[inst] req=630784 hits=204194 fwd=3332 rows=426432 fwd_ms=34375.1 eval=0 prior=0
[inst] req=638976 hits=206844 fwd=3375 rows=431936 fwd_ms=34882.4 eval=0 prior=0
[inst] req=647168 hits=209690 fwd=3417 rows=437312 fwd_ms=35378.3 eval=0 prior=0
[inst] req=655360 hits=212142 fwd=3462 rows=443072 fwd_ms=35907.0 eval=0 prior=0
[inst] req=663552 hits=214855 fwd=3504 rows=448448 fwd_ms=36402.5 eval=0 prior=0
[inst] req=671744 hits=217555 fwd=3547 rows=453952 fwd_ms=36909.2 eval=0 prior=0
[inst] req=679936 hits=220103 fwd=3591 rows=459584 fwd_ms=37428.6 eval=0 prior=0
[inst] req=688128 hits=223041 fwd=3632 rows=464832 fwd_ms=37911.3 eval=0 prior=0
[inst] req=696320 hits=225734 fwd=3675 rows=470336 fwd_ms=38418.5 eval=0 prior=0
[inst] req=704512 hits=228414 fwd=3719 rows=475968 fwd_ms=38939.0 eval=0 prior=0
[inst] req=712704 hits=231107 fwd=3761 rows=481344 fwd_ms=39434.8 eval=0 prior=0
[inst] req=720896 hits=233632 fwd=3806 rows=487104 fwd_ms=39965.2 eval=0 prior=0
[inst] req=729088 hits=236332 fwd=3849 rows=492608 fwd_ms=40473.2 eval=0 prior=0
[inst] req=737280 hits=239096 fwd=3891 rows=497984 fwd_ms=40969.0 eval=0 prior=0
[inst] req=745472 hits=241699 fwd=3935 rows=503616 fwd_ms=41488.9 eval=0 prior=0
[inst] req=753664 hits=244391 fwd=3978 rows=509120 fwd_ms=41994.5 eval=0 prior=0
[inst] req=761856 hits=246911 fwd=4022 rows=514752 fwd_ms=42514.7 eval=0 prior=0
[inst] req=770048 hits=249556 fwd=4065 rows=520256 fwd_ms=43020.9 eval=0 prior=0
[inst] req=778240 hits=252356 fwd=4107 rows=525632 fwd_ms=43515.0 eval=0 prior=0
[inst] req=786432 hits=254855 fwd=4152 rows=531392 fwd_ms=44044.6 eval=0 prior=0
[inst] req=794624 hits=257447 fwd=4196 rows=537024 fwd_ms=44562.7 eval=0 prior=0
[inst] req=802816 hits=259978 fwd=4240 rows=542656 fwd_ms=45081.0 eval=0 prior=0
[inst] req=811008 hits=262516 fwd=4284 rows=548288 fwd_ms=45599.3 eval=0 prior=0
[inst] req=819200 hits=265257 fwd=4327 rows=553792 fwd_ms=46105.5 eval=0 prior=0
[inst] req=827392 hits=267770 fwd=4371 rows=559424 fwd_ms=46623.5 eval=0 prior=0
[inst] req=835584 hits=270260 fwd=4416 rows=565184 fwd_ms=47153.2 eval=0 prior=0
[inst] req=843776 hits=272852 fwd=4459 rows=570688 fwd_ms=47660.0 eval=0 prior=0
[inst] req=851968 hits=275441 fwd=4503 rows=576320 fwd_ms=48178.2 eval=0 prior=0
[inst] req=860160 hits=278127 fwd=4546 rows=581824 fwd_ms=48684.7 eval=0 prior=0
[inst] req=868352 hits=280768 fwd=4589 rows=587328 fwd_ms=49191.0 eval=0 prior=0
[inst] req=876544 hits=283314 fwd=4634 rows=593088 fwd_ms=49720.5 eval=0 prior=0
[inst] req=884736 hits=285822 fwd=4678 rows=598720 fwd_ms=50238.7 eval=0 prior=0
[inst] req=892928 hits=288369 fwd=4722 rows=604352 fwd_ms=50756.8 eval=0 prior=0
[inst] req=901120 hits=290966 fwd=4766 rows=609984 fwd_ms=51274.6 eval=0 prior=0
[inst] req=909312 hits=293653 fwd=4809 rows=615488 fwd_ms=51780.7 eval=0 prior=0
[inst] req=917504 hits=296211 fwd=4853 rows=621120 fwd_ms=52298.3 eval=0 prior=0
[inst] req=925696 hits=298662 fwd=4898 rows=626880 fwd_ms=52828.4 eval=0 prior=0
[inst] req=933888 hits=301212 fwd=4942 rows=632512 fwd_ms=53346.7 eval=0 prior=0
[inst] req=942080 hits=303865 fwd=4985 rows=638016 fwd_ms=53853.1 eval=0 prior=0
[inst] req=950272 hits=306643 fwd=5027 rows=643392 fwd_ms=54347.7 eval=0 prior=0
[inst] req=958464 hits=309164 fwd=5072 rows=649152 fwd_ms=54879.7 eval=0 prior=0
[inst] req=966656 hits=311693 fwd=5116 rows=654784 fwd_ms=55399.8 eval=0 prior=0
[inst] req=974848 hits=314164 fwd=5161 rows=660544 fwd_ms=55932.0 eval=0 prior=0
[inst] req=983040 hits=316674 fwd=5205 rows=666176 fwd_ms=56452.5 eval=0 prior=0
[inst] req=991232 hits=319301 fwd=5248 rows=671680 fwd_ms=56960.9 eval=0 prior=0
[inst] req=999424 hits=321854 fwd=5293 rows=677440 fwd_ms=57493.3 eval=0 prior=0
[inst] req=1007616 hits=324247 fwd=5338 rows=683200 fwd_ms=58025.1 eval=0 prior=0
[inst] req=1015808 hits=326782 fwd=5382 rows=688832 fwd_ms=58545.5 eval=0 prior=0
[inst] req=1024000 hits=329280 fwd=5426 rows=694464 fwd_ms=59065.8 eval=0 prior=0
[inst] req=1032192 hits=331845 fwd=5470 rows=700096 fwd_ms=59586.1 eval=0 prior=0
[inst] req=1040384 hits=334455 fwd=5514 rows=705728 fwd_ms=60106.4 eval=0 prior=0
[inst] req=1048576 hits=336950 fwd=5559 rows=711488 fwd_ms=60639.0 eval=0 prior=0
[inst] req=1056768 hits=339443 fwd=5603 rows=717120 fwd_ms=61159.3 eval=0 prior=0
[inst] req=1064960 hits=342064 fwd=5647 rows=722752 fwd_ms=61680.2 eval=0 prior=0
[inst] req=1073152 hits=344630 fwd=5691 rows=728384 fwd_ms=62200.8 eval=0 prior=0
[inst] req=1081344 hits=347201 fwd=5734 rows=733888 fwd_ms=62709.5 eval=0 prior=0
[inst] req=1089536 hits=349778 fwd=5778 rows=739520 fwd_ms=63229.7 eval=0 prior=0
[inst] req=1097728 hits=352261 fwd=5823 rows=745280 fwd_ms=63762.1 eval=0 prior=0
[inst] req=1105920 hits=354902 fwd=5866 rows=750784 fwd_ms=64270.6 eval=0 prior=0
[inst] req=1114112 hits=357538 fwd=5910 rows=756416 fwd_ms=64791.6 eval=0 prior=0
[inst] req=1122304 hits=360063 fwd=5954 rows=762048 fwd_ms=65312.6 eval=0 prior=0
[inst] req=1130496 hits=362601 fwd=5998 rows=767680 fwd_ms=65833.0 eval=0 prior=0
[inst] req=1138688 hits=365159 fwd=6042 rows=773312 fwd_ms=66353.7 eval=0 prior=0
[inst] req=1146880 hits=367774 fwd=6086 rows=778944 fwd_ms=66874.4 eval=0 prior=0
[inst] req=1155072 hits=370363 fwd=6130 rows=784576 fwd_ms=67395.0 eval=0 prior=0
[inst] req=1163264 hits=373018 fwd=6173 rows=790080 fwd_ms=67903.8 eval=0 prior=0
[inst] req=1171456 hits=375608 fwd=6217 rows=795712 fwd_ms=68424.2 eval=0 prior=0
[inst] req=1179648 hits=378196 fwd=6260 rows=801216 fwd_ms=68933.2 eval=0 prior=0
[inst] req=1187840 hits=380858 fwd=6304 rows=806848 fwd_ms=69453.8 eval=0 prior=0
[inst] req=1196032 hits=383350 fwd=6348 rows=812480 fwd_ms=69974.6 eval=0 prior=0
[inst] req=1204224 hits=386021 fwd=6391 rows=817984 fwd_ms=70483.9 eval=0 prior=0
[inst] req=1212416 hits=388533 fwd=6436 rows=823744 fwd_ms=71017.0 eval=0 prior=0
[inst] req=1220608 hits=391096 fwd=6480 rows=829376 fwd_ms=71537.9 eval=0 prior=0
[inst] req=1228800 hits=393685 fwd=6523 rows=834880 fwd_ms=72047.3 eval=0 prior=0
[inst] req=1236992 hits=396148 fwd=6568 rows=840640 fwd_ms=72580.9 eval=0 prior=0
[inst] req=1245184 hits=398734 fwd=6612 rows=846272 fwd_ms=73101.7 eval=0 prior=0
[inst] req=1253376 hits=401381 fwd=6655 rows=851776 fwd_ms=73610.8 eval=0 prior=0
[inst] req=1261568 hits=403923 fwd=6699 rows=857408 fwd_ms=74131.7 eval=0 prior=0
[inst] req=1269760 hits=406403 fwd=6744 rows=863168 fwd_ms=74664.6 eval=0 prior=0
[inst] req=1277952 hits=408908 fwd=6788 rows=868800 fwd_ms=75185.4 eval=0 prior=0
[inst] req=1286144 hits=411455 fwd=6833 rows=874560 fwd_ms=75718.6 eval=0 prior=0
[inst] req=1294336 hits=414195 fwd=6875 rows=879936 fwd_ms=76216.1 eval=0 prior=0
[inst] req=1302528 hits=416768 fwd=6919 rows=885568 fwd_ms=76737.0 eval=0 prior=0
[inst] req=1310720 hits=419339 fwd=6963 rows=891200 fwd_ms=77258.0 eval=0 prior=0
[inst] req=1318912 hits=422019 fwd=7006 rows=896704 fwd_ms=77767.5 eval=0 prior=0
[inst] req=1327104 hits=424507 fwd=7051 rows=902464 fwd_ms=78300.0 eval=0 prior=0
[inst] req=1335296 hits=427166 fwd=7094 rows=907968 fwd_ms=78809.1 eval=0 prior=0
[inst] req=1343488 hits=429683 fwd=7138 rows=913600 fwd_ms=79330.1 eval=0 prior=0
[inst] req=1351680 hits=432331 fwd=7181 rows=919104 fwd_ms=79839.5 eval=0 prior=0
[inst] req=1359872 hits=434758 fwd=7226 rows=924864 fwd_ms=80372.8 eval=0 prior=0
[inst] req=1368064 hits=437472 fwd=7269 rows=930368 fwd_ms=80882.0 eval=0 prior=0
[inst] req=1376256 hits=439944 fwd=7314 rows=936128 fwd_ms=81414.8 eval=0 prior=0
[inst] req=1384448 hits=442820 fwd=7355 rows=941376 fwd_ms=81900.8 eval=0 prior=0
[inst] req=1392640 hits=445401 fwd=7399 rows=947008 fwd_ms=82421.9 eval=0 prior=0
[inst] req=1400832 hits=447954 fwd=7443 rows=952640 fwd_ms=82943.2 eval=0 prior=0
[inst] req=1409024 hits=450461 fwd=7488 rows=958400 fwd_ms=83476.2 eval=0 prior=0
[inst] req=1417216 hits=452958 fwd=7532 rows=964032 fwd_ms=83997.4 eval=0 prior=0
[inst] req=1425408 hits=455656 fwd=7575 rows=969536 fwd_ms=84507.2 eval=0 prior=0
[inst] req=1433600 hits=458173 fwd=7620 rows=975296 fwd_ms=85040.0 eval=0 prior=0
[inst] req=1441792 hits=460617 fwd=7664 rows=980928 fwd_ms=85561.1 eval=0 prior=0
[inst] req=1449984 hits=463273 fwd=7708 rows=986560 fwd_ms=86082.2 eval=0 prior=0
[inst] req=1458176 hits=465749 fwd=7752 rows=992192 fwd_ms=86603.0 eval=0 prior=0
[inst] req=1466368 hits=468245 fwd=7797 rows=997952 fwd_ms=87136.2 eval=0 prior=0
[inst] req=1474560 hits=470928 fwd=7840 rows=1003456 fwd_ms=87646.1 eval=0 prior=0
[inst] req=1482752 hits=473595 fwd=7883 rows=1008960 fwd_ms=88155.3 eval=0 prior=0
[inst] req=1490944 hits=476025 fwd=7928 rows=1014720 fwd_ms=88688.1 eval=0 prior=0
[inst] req=1499136 hits=478671 fwd=7971 rows=1020224 fwd_ms=89197.6 eval=0 prior=0
[inst] req=1507328 hits=481289 fwd=8015 rows=1025856 fwd_ms=89718.4 eval=0 prior=0
[inst] req=1515520 hits=483895 fwd=8059 rows=1031488 fwd_ms=90239.2 eval=0 prior=0
[inst] req=1523712 hits=486492 fwd=8102 rows=1036992 fwd_ms=90748.0 eval=0 prior=0
[inst] req=1531904 hits=488979 fwd=8147 rows=1042752 fwd_ms=91280.7 eval=0 prior=0
[inst] req=1540096 hits=491552 fwd=8191 rows=1048384 fwd_ms=91801.3 eval=0 prior=0
[inst] req=1548288 hits=494067 fwd=8235 rows=1054016 fwd_ms=92322.4 eval=0 prior=0
[inst] req=1556480 hits=496644 fwd=8279 rows=1059648 fwd_ms=92843.4 eval=0 prior=0
[inst] req=1564672 hits=499251 fwd=8323 rows=1065280 fwd_ms=93364.4 eval=0 prior=0
[inst] req=1572864 hits=501818 fwd=8367 rows=1070912 fwd_ms=93885.5 eval=0 prior=0
[inst] req=1581056 hits=504572 fwd=8409 rows=1076288 fwd_ms=94382.8 eval=0 prior=0
[inst] req=1589248 hits=507163 fwd=8453 rows=1081920 fwd_ms=94903.6 eval=0 prior=0
[inst] req=1597440 hits=509913 fwd=8495 rows=1087296 fwd_ms=95401.2 eval=0 prior=0
[inst] req=1605632 hits=512472 fwd=8539 rows=1092928 fwd_ms=95921.9 eval=0 prior=0
[inst] req=1613824 hits=515052 fwd=8583 rows=1098560 fwd_ms=96443.1 eval=0 prior=0
[inst] req=1622016 hits=517804 fwd=8626 rows=1104064 fwd_ms=96952.3 eval=0 prior=0
[inst] req=1630208 hits=520381 fwd=8670 rows=1109696 fwd_ms=97473.4 eval=0 prior=0
[inst] req=1638400 hits=522947 fwd=8713 rows=1115200 fwd_ms=97982.3 eval=0 prior=0
[inst] req=1646592 hits=525563 fwd=8757 rows=1120832 fwd_ms=98503.1 eval=0 prior=0
[inst] req=1654784 hits=528113 fwd=8801 rows=1126464 fwd_ms=99023.8 eval=0 prior=0
[inst] req=1662976 hits=530729 fwd=8845 rows=1132096 fwd_ms=99544.4 eval=0 prior=0
[inst] req=1671168 hits=533199 fwd=8889 rows=1137728 fwd_ms=100064.8 eval=0 prior=0
[inst] req=1679360 hits=535824 fwd=8933 rows=1143360 fwd_ms=100585.4 eval=0 prior=0
[inst] req=1687552 hits=538574 fwd=8975 rows=1148736 fwd_ms=101082.9 eval=0 prior=0
[inst] req=1695744 hits=541259 fwd=9018 rows=1154240 fwd_ms=101592.4 eval=0 prior=0
[inst] req=1703936 hits=543842 fwd=9062 rows=1159872 fwd_ms=102113.2 eval=0 prior=0
[inst] req=1712128 hits=546476 fwd=9106 rows=1165504 fwd_ms=102634.1 eval=0 prior=0
[inst] req=1720320 hits=548955 fwd=9150 rows=1171136 fwd_ms=103155.2 eval=0 prior=0
[inst] req=1728512 hits=551492 fwd=9194 rows=1176768 fwd_ms=103676.4 eval=0 prior=0
[inst] req=1736704 hits=554151 fwd=9238 rows=1182400 fwd_ms=104197.4 eval=0 prior=0
[inst] req=1744896 hits=556715 fwd=9282 rows=1188032 fwd_ms=104718.9 eval=0 prior=0
[inst] req=1753088 hits=559221 fwd=9326 rows=1193664 fwd_ms=105239.8 eval=0 prior=0
[inst] req=1761280 hits=561709 fwd=9371 rows=1199424 fwd_ms=105772.5 eval=0 prior=0
[inst] req=1769472 hits=564368 fwd=9414 rows=1204928 fwd_ms=106281.6 eval=0 prior=0
[inst] req=1777664 hits=566954 fwd=9458 rows=1210560 fwd_ms=106802.9 eval=0 prior=0
[inst] req=1785856 hits=569511 fwd=9502 rows=1216192 fwd_ms=107323.8 eval=0 prior=0
[inst] req=1794048 hits=572074 fwd=9546 rows=1221824 fwd_ms=107845.0 eval=0 prior=0
[inst] req=1802240 hits=574663 fwd=9589 rows=1227328 fwd_ms=108354.2 eval=0 prior=0
[inst] req=1810432 hits=577294 fwd=9633 rows=1232960 fwd_ms=108875.4 eval=0 prior=0
[inst] req=1818624 hits=579862 fwd=9677 rows=1238592 fwd_ms=109396.2 eval=0 prior=0
[inst] req=1826816 hits=582397 fwd=9721 rows=1244224 fwd_ms=109917.2 eval=0 prior=0
[inst] req=1835008 hits=584986 fwd=9765 rows=1249856 fwd_ms=110438.2 eval=0 prior=0
[inst] req=1843200 hits=587452 fwd=9810 rows=1255616 fwd_ms=110970.8 eval=0 prior=0
[inst] req=1851392 hits=589984 fwd=9854 rows=1261248 fwd_ms=111492.0 eval=0 prior=0
[inst] req=1859584 hits=592739 fwd=9896 rows=1266624 fwd_ms=111990.4 eval=0 prior=0
[inst] req=1867776 hits=595290 fwd=9940 rows=1272256 fwd_ms=112511.6 eval=0 prior=0
[inst] req=1875968 hits=597823 fwd=9985 rows=1278016 fwd_ms=113044.5 eval=0 prior=0
[inst] req=1884160 hits=600370 fwd=10029 rows=1283648 fwd_ms=113565.9 eval=0 prior=0
[inst] req=1892352 hits=602852 fwd=10073 rows=1289280 fwd_ms=114086.8 eval=0 prior=0
[inst] req=1900544 hits=605710 fwd=10115 rows=1294656 fwd_ms=114584.7 eval=0 prior=0
[inst] req=1908736 hits=608274 fwd=10159 rows=1300288 fwd_ms=115104.9 eval=0 prior=0
[inst] req=1916928 hits=610775 fwd=10203 rows=1305920 fwd_ms=115625.5 eval=0 prior=0
[inst] req=1925120 hits=613471 fwd=10246 rows=1311424 fwd_ms=116134.5 eval=0 prior=0
[inst] req=1933312 hits=616183 fwd=10289 rows=1316928 fwd_ms=116643.5 eval=0 prior=0
[inst] req=1941504 hits=618967 fwd=10331 rows=1322304 fwd_ms=117140.4 eval=0 prior=0
[inst] req=1949696 hits=621576 fwd=10375 rows=1327936 fwd_ms=117661.0 eval=0 prior=0
[inst] req=1957888 hits=624093 fwd=10419 rows=1333568 fwd_ms=118181.4 eval=0 prior=0
[inst] req=1966080 hits=626741 fwd=10463 rows=1339200 fwd_ms=118702.0 eval=0 prior=0
[inst] req=1974272 hits=629189 fwd=10507 rows=1344832 fwd_ms=119223.1 eval=0 prior=0
[inst] req=1982464 hits=631635 fwd=10552 rows=1350592 fwd_ms=119756.0 eval=0 prior=0
[inst] req=1990656 hits=634464 fwd=10594 rows=1355968 fwd_ms=120253.4 eval=0 prior=0
[inst] req=1998848 hits=637108 fwd=10638 rows=1361600 fwd_ms=120774.4 eval=0 prior=0
[inst] req=2007040 hits=639599 fwd=10682 rows=1367232 fwd_ms=121295.0 eval=0 prior=0
[inst] req=2015232 hits=642172 fwd=10726 rows=1372864 fwd_ms=121815.8 eval=0 prior=0
[inst] req=2023424 hits=644737 fwd=10770 rows=1378496 fwd_ms=122336.4 eval=0 prior=0
[inst] req=2031616 hits=647419 fwd=10813 rows=1384000 fwd_ms=122845.2 eval=0 prior=0
[inst] req=2039808 hits=649897 fwd=10858 rows=1389760 fwd_ms=123377.8 eval=0 prior=0
[inst] req=2048000 hits=652819 fwd=10899 rows=1395008 fwd_ms=123863.2 eval=0 prior=0
[inst] req=2056192 hits=655688 fwd=10940 rows=1400256 fwd_ms=124349.0 eval=0 prior=0
[inst] req=2064384 hits=658240 fwd=10984 rows=1405888 fwd_ms=124869.1 eval=0 prior=0
[inst] req=2072576 hits=661032 fwd=11027 rows=1411392 fwd_ms=125378.0 eval=0 prior=0
[inst] req=2080768 hits=663786 fwd=11069 rows=1416768 fwd_ms=125875.2 eval=0 prior=0
[inst] req=2088960 hits=666429 fwd=11113 rows=1422400 fwd_ms=126396.2 eval=0 prior=0
[inst] req=2097152 hits=669074 fwd=11156 rows=1427904 fwd_ms=126905.1 eval=0 prior=0
[inst] req=2105344 hits=671716 fwd=11199 rows=1433408 fwd_ms=127413.7 eval=0 prior=0
[inst] req=2113536 hits=674182 fwd=11244 rows=1439168 fwd_ms=127946.0 eval=0 prior=0
[inst] req=2121728 hits=676776 fwd=11288 rows=1444800 fwd_ms=128467.1 eval=0 prior=0
[inst] req=2129920 hits=679473 fwd=11331 rows=1450304 fwd_ms=128976.0 eval=0 prior=0
[inst] req=2138112 hits=682133 fwd=11374 rows=1455808 fwd_ms=129485.3 eval=0 prior=0
[inst] req=2146304 hits=684817 fwd=11417 rows=1461312 fwd_ms=129994.1 eval=0 prior=0
[inst] req=2154496 hits=687507 fwd=11460 rows=1466816 fwd_ms=130503.2 eval=0 prior=0
[inst] req=2162688 hits=690151 fwd=11503 rows=1472320 fwd_ms=131012.3 eval=0 prior=0
[inst] req=2170880 hits=692748 fwd=11547 rows=1477952 fwd_ms=131533.0 eval=0 prior=0
[inst] req=2179072 hits=695375 fwd=11590 rows=1483456 fwd_ms=132039.8 eval=0 prior=0
[inst] req=2187264 hits=698053 fwd=11633 rows=1488960 fwd_ms=132548.8 eval=0 prior=0
[inst] req=2195456 hits=700610 fwd=11677 rows=1494592 fwd_ms=133070.1 eval=0 prior=0
[inst] req=2203648 hits=703179 fwd=11721 rows=1500224 fwd_ms=133590.7 eval=0 prior=0
[inst] req=2211840 hits=706010 fwd=11763 rows=1505600 fwd_ms=134088.3 eval=0 prior=0
[inst] req=2220032 hits=708722 fwd=11806 rows=1511104 fwd_ms=134597.3 eval=0 prior=0
[inst] req=2228224 hits=711372 fwd=11849 rows=1516608 fwd_ms=135106.7 eval=0 prior=0
[inst] req=2236416 hits=713998 fwd=11893 rows=1522240 fwd_ms=135627.2 eval=0 prior=0
[inst] req=2244608 hits=716686 fwd=11936 rows=1527744 fwd_ms=136135.9 eval=0 prior=0
[inst] req=2252800 hits=719422 fwd=11979 rows=1533248 fwd_ms=136644.9 eval=0 prior=0
[inst] req=2260992 hits=722006 fwd=12022 rows=1538752 fwd_ms=137153.4 eval=0 prior=0
[inst] req=2269184 hits=724702 fwd=12065 rows=1544256 fwd_ms=137662.7 eval=0 prior=0
[inst] req=2277376 hits=727328 fwd=12109 rows=1549888 fwd_ms=138183.6 eval=0 prior=0
[inst] req=2285568 hits=729997 fwd=12152 rows=1555392 fwd_ms=138692.4 eval=0 prior=0
[inst] req=2293760 hits=732702 fwd=12195 rows=1560896 fwd_ms=139201.0 eval=0 prior=0
[inst] req=2301952 hits=735330 fwd=12238 rows=1566400 fwd_ms=139709.6 eval=0 prior=0
[inst] req=2310144 hits=737950 fwd=12282 rows=1572032 fwd_ms=140229.8 eval=0 prior=0
[inst] req=2318336 hits=740698 fwd=12324 rows=1577408 fwd_ms=140726.9 eval=0 prior=0
[inst] req=2326528 hits=743342 fwd=12368 rows=1583040 fwd_ms=141247.5 eval=0 prior=0
[inst] req=2334720 hits=746111 fwd=12410 rows=1588416 fwd_ms=141744.3 eval=0 prior=0
[inst] req=2342912 hits=748811 fwd=12453 rows=1593920 fwd_ms=142253.1 eval=0 prior=0
[inst] req=2351104 hits=751328 fwd=12497 rows=1599552 fwd_ms=142773.9 eval=0 prior=0
[inst] req=2359296 hits=753895 fwd=12541 rows=1605184 fwd_ms=143294.9 eval=0 prior=0
[inst] req=2367488 hits=756669 fwd=12584 rows=1610688 fwd_ms=143804.0 eval=0 prior=0
[inst] req=2375680 hits=759425 fwd=12626 rows=1616064 fwd_ms=144301.0 eval=0 prior=0
[inst] req=2383872 hits=762242 fwd=12668 rows=1621440 fwd_ms=144798.6 eval=0 prior=0
[inst] req=2392064 hits=764985 fwd=12711 rows=1626944 fwd_ms=145307.6 eval=0 prior=0
[inst] req=2400256 hits=767534 fwd=12755 rows=1632576 fwd_ms=145828.4 eval=0 prior=0
[inst] req=2408448 hits=770384 fwd=12796 rows=1637824 fwd_ms=146313.8 eval=0 prior=0
[inst] req=2416640 hits=773065 fwd=12839 rows=1643328 fwd_ms=146822.9 eval=0 prior=0
[inst] req=2424832 hits=775663 fwd=12883 rows=1648960 fwd_ms=147343.8 eval=0 prior=0
[inst] req=2433024 hits=778208 fwd=12927 rows=1654592 fwd_ms=147864.6 eval=0 prior=0
[inst] req=2441216 hits=780781 fwd=12971 rows=1660224 fwd_ms=148385.6 eval=0 prior=0
[inst] req=2449408 hits=783631 fwd=13013 rows=1665600 fwd_ms=148883.0 eval=0 prior=0
[inst] req=2457600 hits=786312 fwd=13056 rows=1671104 fwd_ms=149392.1 eval=0 prior=0
[inst] req=2465792 hits=788824 fwd=13100 rows=1676736 fwd_ms=149913.2 eval=0 prior=0
[inst] req=2473984 hits=791554 fwd=13143 rows=1682240 fwd_ms=150422.7 eval=0 prior=0
[inst] req=2482176 hits=794211 fwd=13186 rows=1687744 fwd_ms=150931.7 eval=0 prior=0
[inst] req=2490368 hits=796860 fwd=13230 rows=1693376 fwd_ms=151452.6 eval=0 prior=0
[inst] req=2498560 hits=799547 fwd=13273 rows=1698880 fwd_ms=151962.0 eval=0 prior=0
[inst] req=2506752 hits=802312 fwd=13315 rows=1704256 fwd_ms=152459.7 eval=0 prior=0
[inst] req=2514944 hits=804883 fwd=13359 rows=1709888 fwd_ms=152981.1 eval=0 prior=0
[inst] req=2523136 hits=807451 fwd=13403 rows=1715520 fwd_ms=153502.5 eval=0 prior=0
[inst] req=2531328 hits=809964 fwd=13447 rows=1721152 fwd_ms=154023.5 eval=0 prior=0
[inst] req=2539520 hits=812644 fwd=13490 rows=1726656 fwd_ms=154532.9 eval=0 prior=0
[inst] req=2547712 hits=815337 fwd=13533 rows=1732160 fwd_ms=155042.4 eval=0 prior=0
[inst] req=2555904 hits=817846 fwd=13578 rows=1737920 fwd_ms=155575.5 eval=0 prior=0
[inst] req=2564096 hits=820672 fwd=13619 rows=1743168 fwd_ms=156061.4 eval=0 prior=0
[inst] req=2572288 hits=823334 fwd=13663 rows=1748800 fwd_ms=156582.3 eval=0 prior=0
[inst] req=2580480 hits=826128 fwd=13705 rows=1754176 fwd_ms=157079.8 eval=0 prior=0
[inst] req=2588672 hits=828823 fwd=13748 rows=1759680 fwd_ms=157589.1 eval=0 prior=0
[inst] req=2596864 hits=831430 fwd=13791 rows=1765184 fwd_ms=158098.5 eval=0 prior=0
[inst] req=2605056 hits=834190 fwd=13834 rows=1770688 fwd_ms=158607.5 eval=0 prior=0
[inst] req=2613248 hits=836993 fwd=13876 rows=1776064 fwd_ms=159104.8 eval=0 prior=0
[inst] req=2621440 hits=839682 fwd=13919 rows=1781568 fwd_ms=159614.0 eval=0 prior=0
[inst] req=2629632 hits=842310 fwd=13962 rows=1787072 fwd_ms=160123.2 eval=0 prior=0
[inst] req=2637824 hits=845000 fwd=14005 rows=1792576 fwd_ms=160632.1 eval=0 prior=0
[inst] req=2646016 hits=847730 fwd=14048 rows=1798080 fwd_ms=161141.8 eval=0 prior=0
[inst] req=2654208 hits=850425 fwd=14091 rows=1803584 fwd_ms=161651.0 eval=0 prior=0
[inst] req=2662400 hits=853126 fwd=14134 rows=1809088 fwd_ms=162160.2 eval=0 prior=0
[inst] req=2670592 hits=855771 fwd=14177 rows=1814592 fwd_ms=162669.4 eval=0 prior=0
[inst] req=2678784 hits=858748 fwd=14218 rows=1819840 fwd_ms=163154.9 eval=0 prior=0
[inst] req=2686976 hits=861350 fwd=14262 rows=1825472 fwd_ms=163675.8 eval=0 prior=0
[inst] req=2695168 hits=864096 fwd=14304 rows=1830848 fwd_ms=164173.0 eval=0 prior=0
[inst] req=2703360 hits=866938 fwd=14346 rows=1836224 fwd_ms=164670.1 eval=0 prior=0
[inst] req=2711552 hits=869720 fwd=14388 rows=1841600 fwd_ms=165167.2 eval=0 prior=0
[inst] req=2719744 hits=872328 fwd=14432 rows=1847232 fwd_ms=165688.0 eval=0 prior=0
[inst] req=2727936 hits=874943 fwd=14476 rows=1852864 fwd_ms=166209.0 eval=0 prior=0
[inst] req=2736128 hits=877714 fwd=14518 rows=1858240 fwd_ms=166706.1 eval=0 prior=0
[inst] req=2744320 hits=880444 fwd=14561 rows=1863744 fwd_ms=167215.6 eval=0 prior=0
[inst] req=2752512 hits=883161 fwd=14603 rows=1869120 fwd_ms=167713.3 eval=0 prior=0
[inst] req=2760704 hits=885799 fwd=14647 rows=1874752 fwd_ms=168234.0 eval=0 prior=0
[inst] req=2768896 hits=888370 fwd=14691 rows=1880384 fwd_ms=168755.3 eval=0 prior=0
[inst] req=2777088 hits=891115 fwd=14733 rows=1885760 fwd_ms=169252.5 eval=0 prior=0
[inst] req=2785280 hits=893724 fwd=14777 rows=1891392 fwd_ms=169774.0 eval=0 prior=0
[inst] req=2793472 hits=896460 fwd=14819 rows=1896768 fwd_ms=170271.3 eval=0 prior=0
[inst] req=2801664 hits=899226 fwd=14862 rows=1902272 fwd_ms=170780.5 eval=0 prior=0
[inst] req=2809856 hits=901809 fwd=14906 rows=1907904 fwd_ms=171301.3 eval=0 prior=0
[inst] req=2818048 hits=904464 fwd=14949 rows=1913408 fwd_ms=171810.4 eval=0 prior=0
[inst] req=2826240 hits=907010 fwd=14993 rows=1919040 fwd_ms=172331.3 eval=0 prior=0
[inst] req=2834432 hits=909622 fwd=15037 rows=1924672 fwd_ms=172852.5 eval=0 prior=0
[inst] req=2842624 hits=912551 fwd=15078 rows=1929920 fwd_ms=173338.2 eval=0 prior=0
[inst] req=2850816 hits=915206 fwd=15121 rows=1935424 fwd_ms=173847.5 eval=0 prior=0
[inst] req=2859008 hits=917952 fwd=15163 rows=1940800 fwd_ms=174345.4 eval=0 prior=0
[inst] req=2867200 hits=920636 fwd=15207 rows=1946432 fwd_ms=174866.4 eval=0 prior=0
[inst] req=2875392 hits=923229 fwd=15250 rows=1951936 fwd_ms=175375.8 eval=0 prior=0
[inst] req=2883584 hits=925804 fwd=15294 rows=1957568 fwd_ms=175897.1 eval=0 prior=0
[inst] req=2891776 hits=928635 fwd=15336 rows=1962944 fwd_ms=176395.1 eval=0 prior=0
[inst] req=2899968 hits=931243 fwd=15380 rows=1968576 fwd_ms=176917.1 eval=0 prior=0
[inst] req=2908160 hits=933783 fwd=15424 rows=1974208 fwd_ms=177438.1 eval=0 prior=0
[inst] req=2916352 hits=936496 fwd=15467 rows=1979712 fwd_ms=177947.4 eval=0 prior=0
[inst] req=2924544 hits=939164 fwd=15510 rows=1985216 fwd_ms=178456.7 eval=0 prior=0
[inst] req=2932736 hits=941856 fwd=15553 rows=1990720 fwd_ms=178965.8 eval=0 prior=0
[inst] req=2940928 hits=944500 fwd=15596 rows=1996224 fwd_ms=179475.2 eval=0 prior=0
[inst] req=2949120 hits=947197 fwd=15639 rows=2001728 fwd_ms=179984.7 eval=0 prior=0
[inst] req=2957312 hits=949862 fwd=15682 rows=2007232 fwd_ms=180494.1 eval=0 prior=0
[inst] req=2965504 hits=952493 fwd=15726 rows=2012864 fwd_ms=181015.8 eval=0 prior=0
[inst] req=2973696 hits=955236 fwd=15768 rows=2018240 fwd_ms=181513.4 eval=0 prior=0
[inst] req=2981888 hits=958059 fwd=15810 rows=2023616 fwd_ms=182011.2 eval=0 prior=0
[inst] req=2990080 hits=960794 fwd=15853 rows=2029120 fwd_ms=182520.2 eval=0 prior=0
[inst] req=2998272 hits=963517 fwd=15896 rows=2034624 fwd_ms=183029.6 eval=0 prior=0
[inst] req=3006464 hits=966038 fwd=15940 rows=2040256 fwd_ms=183551.1 eval=0 prior=0
[inst] req=3014656 hits=968797 fwd=15982 rows=2045632 fwd_ms=184049.3 eval=0 prior=0
[inst] req=3022848 hits=971445 fwd=16026 rows=2051264 fwd_ms=184570.4 eval=0 prior=0
[inst] req=3031040 hits=974206 fwd=16068 rows=2056640 fwd_ms=185068.0 eval=0 prior=0
[inst] req=3039232 hits=976916 fwd=16111 rows=2062144 fwd_ms=185577.3 eval=0 prior=0
[inst] req=3047424 hits=979567 fwd=16154 rows=2067648 fwd_ms=186086.6 eval=0 prior=0
[inst] req=3055616 hits=982276 fwd=16197 rows=2073152 fwd_ms=186596.4 eval=0 prior=0
[inst] req=3063808 hits=985081 fwd=16239 rows=2078528 fwd_ms=187094.5 eval=0 prior=0
[inst] req=3072000 hits=987954 fwd=16281 rows=2083904 fwd_ms=187592.2 eval=0 prior=0
[inst] req=3080192 hits=990811 fwd=16322 rows=2089152 fwd_ms=188078.3 eval=0 prior=0
[inst] req=3088384 hits=993365 fwd=16366 rows=2094784 fwd_ms=188599.6 eval=0 prior=0
[inst] req=3096576 hits=996064 fwd=16409 rows=2100288 fwd_ms=189109.3 eval=0 prior=0
[inst] req=3104768 hits=998783 fwd=16452 rows=2105792 fwd_ms=189619.5 eval=0 prior=0
[inst] req=3112960 hits=1001435 fwd=16495 rows=2111296 fwd_ms=190129.0 eval=0 prior=0
[inst] req=3121152 hits=1004519 fwd=16535 rows=2116416 fwd_ms=190604.8 eval=0 prior=0
[inst] req=3129344 hits=1007156 fwd=16579 rows=2122048 fwd_ms=191126.1 eval=0 prior=0
[inst] req=3137536 hits=1009836 fwd=16622 rows=2127552 fwd_ms=191636.4 eval=0 prior=0
[inst] req=3145728 hits=1012635 fwd=16664 rows=2132928 fwd_ms=192134.5 eval=0 prior=0
[inst] req=3153920 hits=1015276 fwd=16707 rows=2138432 fwd_ms=192644.0 eval=0 prior=0
[inst] req=3162112 hits=1018015 fwd=16750 rows=2143936 fwd_ms=193153.6 eval=0 prior=0
[inst] req=3170304 hits=1020753 fwd=16792 rows=2149312 fwd_ms=193651.6 eval=0 prior=0
[inst] req=3178496 hits=1023432 fwd=16835 rows=2154816 fwd_ms=194161.3 eval=0 prior=0
[inst] req=3186688 hits=1026157 fwd=16878 rows=2160320 fwd_ms=194671.0 eval=0 prior=0
[inst] req=3194880 hits=1028805 fwd=16921 rows=2165824 fwd_ms=195180.7 eval=0 prior=0
[inst] req=3203072 hits=1031459 fwd=16965 rows=2171456 fwd_ms=195702.0 eval=0 prior=0
[inst] req=3211264 hits=1034211 fwd=17007 rows=2176832 fwd_ms=196200.0 eval=0 prior=0
[inst] req=3219456 hits=1036904 fwd=17050 rows=2182336 fwd_ms=196709.8 eval=0 prior=0
[inst] req=3227648 hits=1039537 fwd=17094 rows=2187968 fwd_ms=197231.3 eval=0 prior=0
[inst] req=3235840 hits=1042166 fwd=17137 rows=2193472 fwd_ms=197741.0 eval=0 prior=0
[inst] req=3244032 hits=1044851 fwd=17180 rows=2198976 fwd_ms=198251.0 eval=0 prior=0
[inst] req=3252224 hits=1047454 fwd=17224 rows=2204608 fwd_ms=198772.8 eval=0 prior=0
[inst] req=3260416 hits=1050140 fwd=17267 rows=2210112 fwd_ms=199282.6 eval=0 prior=0
[inst] req=3268608 hits=1052809 fwd=17310 rows=2215616 fwd_ms=199792.9 eval=0 prior=0
[inst] req=3276800 hits=1055521 fwd=17353 rows=2221120 fwd_ms=200302.7 eval=0 prior=0
[inst] req=3284992 hits=1058099 fwd=17397 rows=2226752 fwd_ms=200824.6 eval=0 prior=0
[inst] req=3293184 hits=1060816 fwd=17439 rows=2232128 fwd_ms=201322.5 eval=0 prior=0
[inst] req=3301376 hits=1063595 fwd=17482 rows=2237632 fwd_ms=201832.3 eval=0 prior=0
[inst] req=3309568 hits=1066298 fwd=17525 rows=2243136 fwd_ms=202342.5 eval=0 prior=0
[inst] req=3317760 hits=1068970 fwd=17568 rows=2248640 fwd_ms=202852.4 eval=0 prior=0
[inst] req=3325952 hits=1071835 fwd=17609 rows=2253888 fwd_ms=203339.0 eval=0 prior=0
[inst] req=3334144 hits=1074512 fwd=17652 rows=2259392 fwd_ms=203848.6 eval=0 prior=0
[inst] req=3342336 hits=1077193 fwd=17695 rows=2264896 fwd_ms=204358.2 eval=0 prior=0
[inst] req=3350528 hits=1079980 fwd=17738 rows=2270400 fwd_ms=204868.1 eval=0 prior=0
[inst] req=3358720 hits=1082665 fwd=17781 rows=2275904 fwd_ms=205377.7 eval=0 prior=0
[inst] req=3366912 hits=1085276 fwd=17824 rows=2281408 fwd_ms=205887.4 eval=0 prior=0
[inst] req=3375104 hits=1087858 fwd=17868 rows=2287040 fwd_ms=206409.4 eval=0 prior=0
[inst] req=3383296 hits=1090622 fwd=17911 rows=2292544 fwd_ms=206919.7 eval=0 prior=0
[inst] req=3391488 hits=1093312 fwd=17953 rows=2297920 fwd_ms=207418.5 eval=0 prior=0
[inst] req=3399680 hits=1096095 fwd=17996 rows=2303424 fwd_ms=207929.0 eval=0 prior=0
[inst] req=3407872 hits=1098838 fwd=18038 rows=2308800 fwd_ms=208427.2 eval=0 prior=0
[inst] req=3416064 hits=1101490 fwd=18082 rows=2314432 fwd_ms=208949.1 eval=0 prior=0
[inst] req=3424256 hits=1104274 fwd=18124 rows=2319808 fwd_ms=209447.1 eval=0 prior=0
[inst] req=3432448 hits=1106944 fwd=18167 rows=2325312 fwd_ms=209874.1 eval=0 prior=0
[inst] req=3440640 hits=1109554 fwd=18211 rows=2330944 fwd_ms=210311.2 eval=0 prior=0
[inst] req=3448832 hits=1112233 fwd=18254 rows=2336448 fwd_ms=210737.6 eval=0 prior=0
[inst] req=3457024 hits=1114934 fwd=18297 rows=2341952 fwd_ms=211164.7 eval=0 prior=0
[inst] req=3465216 hits=1117556 fwd=18340 rows=2347456 fwd_ms=211591.2 eval=0 prior=0
[inst] req=3473408 hits=1120219 fwd=18383 rows=2352960 fwd_ms=212017.8 eval=0 prior=0
[inst] req=3481600 hits=1122924 fwd=18426 rows=2358464 fwd_ms=212444.2 eval=0 prior=0
[inst] req=3489792 hits=1125589 fwd=18469 rows=2363968 fwd_ms=212871.3 eval=0 prior=0
[inst] req=3497984 hits=1128354 fwd=18512 rows=2369472 fwd_ms=213298.6 eval=0 prior=0
[inst] req=3506176 hits=1131195 fwd=18554 rows=2374848 fwd_ms=213715.8 eval=0 prior=0
[inst] req=3514368 hits=1133872 fwd=18597 rows=2380352 fwd_ms=214142.6 eval=0 prior=0
[inst] req=3522560 hits=1136524 fwd=18640 rows=2385856 fwd_ms=214569.4 eval=0 prior=0
[inst] req=3530752 hits=1139200 fwd=18683 rows=2391360 fwd_ms=214996.2 eval=0 prior=0
[inst] req=3538944 hits=1141957 fwd=18725 rows=2396736 fwd_ms=215413.0 eval=0 prior=0
[inst] req=3547136 hits=1144653 fwd=18768 rows=2402240 fwd_ms=215840.3 eval=0 prior=0
[inst] req=3555328 hits=1147253 fwd=18812 rows=2407872 fwd_ms=216277.1 eval=0 prior=0
[inst] req=3563520 hits=1149885 fwd=18856 rows=2413504 fwd_ms=216713.8 eval=0 prior=0
[inst] req=3571712 hits=1152573 fwd=18899 rows=2419008 fwd_ms=217141.0 eval=0 prior=0
[inst] req=3579904 hits=1155272 fwd=18941 rows=2424384 fwd_ms=217557.5 eval=0 prior=0
[inst] req=3588096 hits=1157922 fwd=18985 rows=2430016 fwd_ms=217994.0 eval=0 prior=0
[inst] req=3596288 hits=1160679 fwd=19027 rows=2435392 fwd_ms=218410.8 eval=0 prior=0
[inst] req=3604480 hits=1163362 fwd=19070 rows=2440896 fwd_ms=218837.6 eval=0 prior=0
[inst] req=3612672 hits=1166000 fwd=19114 rows=2446528 fwd_ms=219273.9 eval=0 prior=0
[inst] req=3620864 hits=1168727 fwd=19156 rows=2451904 fwd_ms=219690.1 eval=0 prior=0
[inst] req=3629056 hits=1171444 fwd=19199 rows=2457408 fwd_ms=220116.4 eval=0 prior=0
[inst] req=3637248 hits=1174118 fwd=19242 rows=2462912 fwd_ms=220543.1 eval=0 prior=0
[inst] req=3645440 hits=1176806 fwd=19285 rows=2468416 fwd_ms=220969.4 eval=0 prior=0
[inst] req=3653632 hits=1179478 fwd=19328 rows=2473920 fwd_ms=221395.9 eval=0 prior=0
[inst] req=3661824 hits=1182187 fwd=19371 rows=2479424 fwd_ms=221822.5 eval=0 prior=0
[inst] req=3670016 hits=1184954 fwd=19414 rows=2484928 fwd_ms=222249.4 eval=0 prior=0
[inst] req=3678208 hits=1187655 fwd=19456 rows=2490304 fwd_ms=222666.1 eval=0 prior=0
[inst] req=3686400 hits=1190298 fwd=19500 rows=2495936 fwd_ms=223102.8 eval=0 prior=0
[inst] req=3694592 hits=1192876 fwd=19544 rows=2501568 fwd_ms=223539.4 eval=0 prior=0
[inst] req=3702784 hits=1195700 fwd=19586 rows=2506944 fwd_ms=223956.7 eval=0 prior=0
[inst] req=3710976 hits=1198512 fwd=19628 rows=2512320 fwd_ms=224374.1 eval=0 prior=0
[inst] req=3719168 hits=1201324 fwd=19670 rows=2517696 fwd_ms=224791.0 eval=0 prior=0
[inst] req=3727360 hits=1204088 fwd=19712 rows=2523072 fwd_ms=225208.3 eval=0 prior=0
[inst] req=3735552 hits=1206751 fwd=19755 rows=2528576 fwd_ms=225635.2 eval=0 prior=0
[inst] req=3743744 hits=1209530 fwd=19798 rows=2534080 fwd_ms=226061.8 eval=0 prior=0
[inst] req=3751936 hits=1212390 fwd=19839 rows=2539328 fwd_ms=226469.5 eval=0 prior=0
[inst] req=3760128 hits=1214967 fwd=19883 rows=2544960 fwd_ms=226906.3 eval=0 prior=0
[inst] req=3768320 hits=1217678 fwd=19926 rows=2550464 fwd_ms=227332.5 eval=0 prior=0
[inst] req=3776512 hits=1220450 fwd=19968 rows=2555840 fwd_ms=227749.9 eval=0 prior=0
[inst] req=3784704 hits=1223316 fwd=20010 rows=2561216 fwd_ms=228166.9 eval=0 prior=0
[inst] req=3792896 hits=1225982 fwd=20053 rows=2566720 fwd_ms=228593.3 eval=0 prior=0
[inst] req=3801088 hits=1228718 fwd=20096 rows=2572224 fwd_ms=229019.7 eval=0 prior=0
[inst] req=3809280 hits=1231325 fwd=20139 rows=2577728 fwd_ms=229446.4 eval=0 prior=0
[inst] req=3817472 hits=1234159 fwd=20181 rows=2583104 fwd_ms=229862.9 eval=0 prior=0
[inst] req=3825664 hits=1237056 fwd=20222 rows=2588352 fwd_ms=230269.5 eval=0 prior=0
[inst] req=3833856 hits=1239848 fwd=20265 rows=2593856 fwd_ms=230696.3 eval=0 prior=0
[inst] req=3842048 hits=1242534 fwd=20308 rows=2599360 fwd_ms=231122.7 eval=0 prior=0
[inst] req=3850240 hits=1245238 fwd=20351 rows=2604864 fwd_ms=231549.2 eval=0 prior=0
[inst] req=3858432 hits=1247907 fwd=20394 rows=2610368 fwd_ms=231975.9 eval=0 prior=0
[inst] req=3866624 hits=1250777 fwd=20435 rows=2615616 fwd_ms=232383.4 eval=0 prior=0
[inst] req=3874816 hits=1253569 fwd=20477 rows=2620992 fwd_ms=232800.3 eval=0 prior=0
[inst] req=3883008 hits=1256311 fwd=20520 rows=2626496 fwd_ms=233227.0 eval=0 prior=0
[inst] req=3891200 hits=1258960 fwd=20563 rows=2632000 fwd_ms=233653.7 eval=0 prior=0
[inst] req=3899392 hits=1261698 fwd=20606 rows=2637504 fwd_ms=234080.1 eval=0 prior=0
[inst] req=3907584 hits=1264459 fwd=20648 rows=2642880 fwd_ms=234496.4 eval=0 prior=0
[inst] req=3915776 hits=1267096 fwd=20692 rows=2648512 fwd_ms=234932.2 eval=0 prior=0
[inst] req=3923968 hits=1269835 fwd=20734 rows=2653888 fwd_ms=235349.4 eval=0 prior=0
[inst] req=3932160 hits=1272467 fwd=20778 rows=2659520 fwd_ms=235786.0 eval=0 prior=0
[inst] req=3940352 hits=1275212 fwd=20820 rows=2664896 fwd_ms=236202.3 eval=0 prior=0
[inst] req=3948544 hits=1277850 fwd=20864 rows=2670528 fwd_ms=236638.5 eval=0 prior=0
[inst] req=3956736 hits=1280590 fwd=20906 rows=2675904 fwd_ms=237055.1 eval=0 prior=0
[inst] req=3964928 hits=1283652 fwd=20946 rows=2681024 fwd_ms=237451.8 eval=0 prior=0
[inst] req=3973120 hits=1286317 fwd=20990 rows=2686656 fwd_ms=237888.5 eval=0 prior=0
[inst] req=3981312 hits=1289208 fwd=21031 rows=2691904 fwd_ms=238295.3 eval=0 prior=0
[inst] req=3989504 hits=1291869 fwd=21074 rows=2697408 fwd_ms=238721.6 eval=0 prior=0
[inst] req=3997696 hits=1294605 fwd=21117 rows=2702912 fwd_ms=239148.6 eval=0 prior=0
[inst] req=4005888 hits=1297347 fwd=21159 rows=2708288 fwd_ms=239564.8 eval=0 prior=0
[inst] req=4014080 hits=1299948 fwd=21203 rows=2713920 fwd_ms=240002.0 eval=0 prior=0
[inst] req=4022272 hits=1302764 fwd=21245 rows=2719296 fwd_ms=240418.3 eval=0 prior=0
[inst] req=4030464 hits=1305634 fwd=21287 rows=2724672 fwd_ms=240834.4 eval=0 prior=0
[inst] req=4038656 hits=1308223 fwd=21331 rows=2730304 fwd_ms=241270.3 eval=0 prior=0
[inst] req=4046848 hits=1311066 fwd=21372 rows=2735552 fwd_ms=241676.6 eval=0 prior=0
[inst] req=4055040 hits=1313748 fwd=21415 rows=2741056 fwd_ms=242103.3 eval=0 prior=0
[inst] req=4063232 hits=1316424 fwd=21458 rows=2746560 fwd_ms=242529.8 eval=0 prior=0
[inst] req=4071424 hits=1319188 fwd=21501 rows=2752064 fwd_ms=242956.3 eval=0 prior=0
[inst] req=4079616 hits=1321777 fwd=21545 rows=2757696 fwd_ms=243392.5 eval=0 prior=0
[inst] req=4087808 hits=1324326 fwd=21589 rows=2763328 fwd_ms=243828.7 eval=0 prior=0
[inst] req=4096000 hits=1326992 fwd=21632 rows=2768832 fwd_ms=244255.5 eval=0 prior=0
[inst] req=4104192 hits=1329976 fwd=21673 rows=2774080 fwd_ms=244662.4 eval=0 prior=0
[inst] req=4112384 hits=1332739 fwd=21715 rows=2779456 fwd_ms=245079.7 eval=0 prior=0
[inst] req=4120576 hits=1335408 fwd=21758 rows=2784960 fwd_ms=245506.2 eval=0 prior=0
[inst] req=4128768 hits=1338115 fwd=21801 rows=2790464 fwd_ms=245932.4 eval=0 prior=0
[inst] req=4136960 hits=1340995 fwd=21842 rows=2795712 fwd_ms=246339.7 eval=0 prior=0
[inst] req=4145152 hits=1343809 fwd=21884 rows=2801088 fwd_ms=246756.9 eval=0 prior=0
[inst] req=4153344 hits=1346455 fwd=21928 rows=2806720 fwd_ms=247193.9 eval=0 prior=0
[inst] req=4161536 hits=1349224 fwd=21970 rows=2812096 fwd_ms=247610.6 eval=0 prior=0
[inst] req=4169728 hits=1351962 fwd=22013 rows=2817600 fwd_ms=248037.1 eval=0 prior=0
[inst] req=4177920 hits=1354592 fwd=22056 rows=2823104 fwd_ms=248463.9 eval=0 prior=0
[inst] req=4186112 hits=1357534 fwd=22097 rows=2828352 fwd_ms=248871.0 eval=0 prior=0
[inst] req=4194304 hits=1360176 fwd=22141 rows=2833984 fwd_ms=249307.5 eval=0 prior=0
[inst] req=4202496 hits=1362850 fwd=22184 rows=2839488 fwd_ms=249734.6 eval=0 prior=0
[inst] req=4210688 hits=1365522 fwd=22227 rows=2844992 fwd_ms=250161.2 eval=0 prior=0
[inst] req=4218880 hits=1368209 fwd=22270 rows=2850496 fwd_ms=250587.9 eval=0 prior=0
[inst] req=4227072 hits=1371021 fwd=22312 rows=2855872 fwd_ms=251004.7 eval=0 prior=0
[inst] req=4235264 hits=1373777 fwd=22354 rows=2861248 fwd_ms=251422.2 eval=0 prior=0
[inst] req=4243456 hits=1376390 fwd=22398 rows=2866880 fwd_ms=251858.9 eval=0 prior=0
[inst] req=4251648 hits=1379094 fwd=22441 rows=2872384 fwd_ms=252286.4 eval=0 prior=0
[inst] req=4259840 hits=1381767 fwd=22484 rows=2877888 fwd_ms=252713.2 eval=0 prior=0
[inst] req=4268032 hits=1384556 fwd=22526 rows=2883264 fwd_ms=253130.1 eval=0 prior=0
[inst] req=4276224 hits=1387205 fwd=22569 rows=2888768 fwd_ms=253556.7 eval=0 prior=0
[inst] req=4284416 hits=1390002 fwd=22612 rows=2894272 fwd_ms=253983.7 eval=0 prior=0
[inst] req=4292608 hits=1392638 fwd=22655 rows=2899776 fwd_ms=254410.9 eval=0 prior=0
[inst] req=4300800 hits=1395340 fwd=22698 rows=2905280 fwd_ms=254837.9 eval=0 prior=0
[inst] req=4308992 hits=1398276 fwd=22739 rows=2910528 fwd_ms=255245.0 eval=0 prior=0
[inst] req=4317184 hits=1401140 fwd=22781 rows=2915904 fwd_ms=255662.8 eval=0 prior=0
[inst] req=4325376 hits=1403944 fwd=22823 rows=2921280 fwd_ms=256079.4 eval=0 prior=0
[inst] req=4333568 hits=1406613 fwd=22866 rows=2926784 fwd_ms=256506.1 eval=0 prior=0
[inst] req=4341760 hits=1409371 fwd=22908 rows=2932160 fwd_ms=256924.0 eval=0 prior=0
[inst] req=4349952 hits=1412002 fwd=22952 rows=2937792 fwd_ms=257360.8 eval=0 prior=0
[inst] req=4358144 hits=1414662 fwd=22995 rows=2943296 fwd_ms=257787.9 eval=0 prior=0
[inst] req=4366336 hits=1417491 fwd=23037 rows=2948672 fwd_ms=258204.9 eval=0 prior=0
[inst] req=4374528 hits=1420222 fwd=23080 rows=2954176 fwd_ms=258632.4 eval=0 prior=0
[inst] req=4382720 hits=1422999 fwd=23122 rows=2959552 fwd_ms=259051.5 eval=0 prior=0
[inst] req=4390912 hits=1425667 fwd=23165 rows=2965056 fwd_ms=259479.9 eval=0 prior=0
[inst] req=4399104 hits=1428574 fwd=23206 rows=2970304 fwd_ms=259888.8 eval=0 prior=0
[inst] req=4407296 hits=1431284 fwd=23249 rows=2975808 fwd_ms=260317.4 eval=0 prior=0
[inst] req=4415488 hits=1434110 fwd=23291 rows=2981184 fwd_ms=260737.4 eval=0 prior=0
[inst] req=4423680 hits=1436739 fwd=23334 rows=2986688 fwd_ms=261166.1 eval=0 prior=0
[inst] req=4431872 hits=1439377 fwd=23378 rows=2992320 fwd_ms=261604.6 eval=0 prior=0
[inst] req=4440064 hits=1442228 fwd=23420 rows=2997696 fwd_ms=262023.4 eval=0 prior=0
[inst] req=4448256 hits=1444999 fwd=23462 rows=3003072 fwd_ms=262441.7 eval=0 prior=0
[inst] req=4456448 hits=1447658 fwd=23505 rows=3008576 fwd_ms=262870.1 eval=0 prior=0
[inst] req=4464640 hits=1450260 fwd=23549 rows=3014208 fwd_ms=263307.9 eval=0 prior=0
[inst] req=4472832 hits=1452935 fwd=23592 rows=3019712 fwd_ms=263734.6 eval=0 prior=0
[inst] req=4481024 hits=1455821 fwd=23633 rows=3024960 fwd_ms=264141.2 eval=0 prior=0
[inst] req=4489216 hits=1458573 fwd=23676 rows=3030464 fwd_ms=264567.8 eval=0 prior=0
[inst] req=4497408 hits=1461366 fwd=23718 rows=3035840 fwd_ms=264985.2 eval=0 prior=0
[inst] req=4505600 hits=1464147 fwd=23760 rows=3041216 fwd_ms=265402.3 eval=0 prior=0
[inst] req=4513792 hits=1466789 fwd=23804 rows=3046848 fwd_ms=265838.8 eval=0 prior=0
[inst] req=4521984 hits=1469711 fwd=23845 rows=3052096 fwd_ms=266246.1 eval=0 prior=0
[inst] req=4530176 hits=1472559 fwd=23887 rows=3057472 fwd_ms=266663.5 eval=0 prior=0
[inst] req=4538368 hits=1475307 fwd=23929 rows=3062848 fwd_ms=267080.4 eval=0 prior=0
[inst] req=4546560 hits=1478014 fwd=23972 rows=3068352 fwd_ms=267507.1 eval=0 prior=0
[inst] req=4554752 hits=1481144 fwd=24012 rows=3073472 fwd_ms=267905.2 eval=0 prior=0
[inst] req=4562944 hits=1483868 fwd=24054 rows=3078848 fwd_ms=268324.4 eval=0 prior=0
[inst] req=4571136 hits=1486640 fwd=24097 rows=3084352 fwd_ms=269280.4 eval=0 prior=0
[inst] req=4579328 hits=1489371 fwd=24139 rows=3089728 fwd_ms=271844.9 eval=0 prior=0
[inst] req=4587520 hits=1491983 fwd=24183 rows=3095360 fwd_ms=273592.6 eval=0 prior=0
[inst] req=4595712 hits=1494322 fwd=24229 rows=3101248 fwd_ms=274082.7 eval=0 prior=0
[inst] req=4603904 hits=1495015 fwd=24287 rows=3108672 fwd_ms=274658.0 eval=0 prior=0
[inst] req=4612096 hits=1496941 fwd=24336 rows=3114944 fwd_ms=275144.7 eval=0 prior=0
[inst] req=4620288 hits=1499598 fwd=24379 rows=3120448 fwd_ms=275572.3 eval=0 prior=0
[inst] req=4628480 hits=1502150 fwd=24423 rows=3126080 fwd_ms=276010.2 eval=0 prior=0
[inst] req=4636672 hits=1504964 fwd=24465 rows=3131456 fwd_ms=276429.2 eval=0 prior=0
[inst] req=4644864 hits=1507607 fwd=24509 rows=3137088 fwd_ms=276867.2 eval=0 prior=0
[inst] req=4653056 hits=1510313 fwd=24552 rows=3142592 fwd_ms=277295.1 eval=0 prior=0
[inst] req=4661248 hits=1513364 fwd=24592 rows=3147712 fwd_ms=277716.1 eval=0 prior=0
[inst] req=4669440 hits=1515747 fwd=24637 rows=3153472 fwd_ms=278233.3 eval=0 prior=0
[inst] req=4677632 hits=1518480 fwd=24680 rows=3158976 fwd_ms=278699.9 eval=0 prior=0
[inst] req=4685824 hits=1521242 fwd=24722 rows=3164352 fwd_ms=279118.6 eval=0 prior=0
[inst] req=4694016 hits=1523947 fwd=24765 rows=3169856 fwd_ms=279546.3 eval=0 prior=0
[inst] req=4702208 hits=1526782 fwd=24807 rows=3175232 fwd_ms=279967.0 eval=0 prior=0
[inst] req=4710400 hits=1529320 fwd=24851 rows=3180864 fwd_ms=280405.4 eval=0 prior=0
[inst] req=4718592 hits=1532122 fwd=24893 rows=3186240 fwd_ms=280825.9 eval=0 prior=0
[inst] req=4726784 hits=1535050 fwd=24934 rows=3191488 fwd_ms=281235.9 eval=0 prior=0
[inst] req=4734976 hits=1537619 fwd=24978 rows=3197120 fwd_ms=281674.3 eval=0 prior=0
[inst] req=4743168 hits=1540418 fwd=25020 rows=3202496 fwd_ms=282093.7 eval=0 prior=0
[inst] req=4751360 hits=1543180 fwd=25063 rows=3208000 fwd_ms=282522.5 eval=0 prior=0
[inst] req=4759552 hits=1545881 fwd=25106 rows=3213504 fwd_ms=282956.5 eval=0 prior=0
[inst] req=4767744 hits=1548786 fwd=25147 rows=3218752 fwd_ms=283371.0 eval=0 prior=0
[inst] req=4775936 hits=1551383 fwd=25191 rows=3224384 fwd_ms=283812.4 eval=0 prior=0
[inst] req=4784128 hits=1554004 fwd=25234 rows=3229888 fwd_ms=284245.3 eval=0 prior=0
[inst] req=4792320 hits=1556728 fwd=25277 rows=3235392 fwd_ms=284677.7 eval=0 prior=0
[inst] req=4800512 hits=1559683 fwd=25318 rows=3240640 fwd_ms=285088.8 eval=0 prior=0
[inst] req=4808704 hits=1562363 fwd=25361 rows=3246144 fwd_ms=285520.6 eval=0 prior=0
[inst] req=4816896 hits=1565006 fwd=25404 rows=3251648 fwd_ms=285949.8 eval=0 prior=0
[inst] req=4825088 hits=1567608 fwd=25448 rows=3257280 fwd_ms=286392.7 eval=0 prior=0
[inst] req=4833280 hits=1570262 fwd=25491 rows=3262784 fwd_ms=286823.0 eval=0 prior=0
[inst] req=4841472 hits=1573132 fwd=25533 rows=3268160 fwd_ms=287243.7 eval=0 prior=0
[inst] req=4849664 hits=1575761 fwd=25576 rows=3273664 fwd_ms=287676.6 eval=0 prior=0
[inst] req=4857856 hits=1578495 fwd=25619 rows=3279168 fwd_ms=288120.3 eval=0 prior=0
[inst] req=4866048 hits=1581179 fwd=25662 rows=3284672 fwd_ms=288561.5 eval=0 prior=0
[inst] req=4874240 hits=1584036 fwd=25704 rows=3290048 fwd_ms=288990.7 eval=0 prior=0
[inst] req=4882432 hits=1586831 fwd=25746 rows=3295424 fwd_ms=289425.6 eval=0 prior=0
[inst] req=4890624 hits=1589582 fwd=25788 rows=3300800 fwd_ms=289855.5 eval=0 prior=0
[inst] req=4898816 hits=1592284 fwd=25831 rows=3306304 fwd_ms=290295.6 eval=0 prior=0
[inst] req=4907008 hits=1595147 fwd=25873 rows=3311680 fwd_ms=290719.0 eval=0 prior=0
[inst] req=4915200 hits=1597963 fwd=25915 rows=3317056 fwd_ms=291152.5 eval=0 prior=0
[inst] req=4923392 hits=1600643 fwd=25958 rows=3322560 fwd_ms=291592.9 eval=0 prior=0
[inst] req=4931584 hits=1603443 fwd=26000 rows=3327936 fwd_ms=292030.5 eval=0 prior=0
[inst] req=4939776 hits=1606141 fwd=26043 rows=3333440 fwd_ms=292489.0 eval=0 prior=0
[inst] req=4947968 hits=1608988 fwd=26085 rows=3338816 fwd_ms=292928.4 eval=0 prior=0
[inst] req=4956160 hits=1611824 fwd=26127 rows=3344192 fwd_ms=293366.2 eval=0 prior=0
[inst] req=4964352 hits=1614344 fwd=26171 rows=3349824 fwd_ms=293827.2 eval=0 prior=0
[inst] req=4972544 hits=1617055 fwd=26214 rows=3355328 fwd_ms=294276.3 eval=0 prior=0
[inst] req=4980736 hits=1619827 fwd=26256 rows=3360704 fwd_ms=294705.8 eval=0 prior=0
[inst] req=4988928 hits=1622710 fwd=26298 rows=3366080 fwd_ms=295130.4 eval=0 prior=0
[inst] req=4997120 hits=1625642 fwd=26339 rows=3371328 fwd_ms=295545.1 eval=0 prior=0
[inst] req=5005312 hits=1628295 fwd=26382 rows=3376832 fwd_ms=295977.4 eval=0 prior=0
[inst] req=5013504 hits=1631111 fwd=26424 rows=3382208 fwd_ms=296400.4 eval=0 prior=0
[inst] req=5021696 hits=1633940 fwd=26466 rows=3387584 fwd_ms=296823.0 eval=0 prior=0
[inst] req=5029888 hits=1636649 fwd=26509 rows=3393088 fwd_ms=297255.2 eval=0 prior=0
[inst] req=5038080 hits=1639535 fwd=26550 rows=3398336 fwd_ms=297667.7 eval=0 prior=0
[inst] req=5046272 hits=1642259 fwd=26593 rows=3403840 fwd_ms=298100.2 eval=0 prior=0
[inst] req=5054464 hits=1644934 fwd=26636 rows=3409344 fwd_ms=298532.2 eval=0 prior=0
[inst] req=5062656 hits=1647705 fwd=26678 rows=3414720 fwd_ms=298954.3 eval=0 prior=0
[inst] req=5070848 hits=1650491 fwd=26721 rows=3420224 fwd_ms=299385.7 eval=0 prior=0
[inst] req=5079040 hits=1653318 fwd=26762 rows=3425472 fwd_ms=299797.8 eval=0 prior=0
[inst] req=5087232 hits=1656090 fwd=26805 rows=3430976 fwd_ms=300230.6 eval=0 prior=0
[inst] req=5095424 hits=1658801 fwd=26848 rows=3436480 fwd_ms=300662.4 eval=0 prior=0
[inst] req=5103616 hits=1661653 fwd=26889 rows=3441728 fwd_ms=301074.6 eval=0 prior=0
[inst] req=5111808 hits=1664286 fwd=26933 rows=3447360 fwd_ms=301515.4 eval=0 prior=0
[inst] req=5120000 hits=1667119 fwd=26975 rows=3452736 fwd_ms=301938.8 eval=0 prior=0
[inst] req=5128192 hits=1669968 fwd=27016 rows=3457984 fwd_ms=302350.8 eval=0 prior=0
[inst] req=5136384 hits=1672685 fwd=27059 rows=3463488 fwd_ms=302784.1 eval=0 prior=0
[inst] req=5144576 hits=1675718 fwd=27099 rows=3468608 fwd_ms=303187.8 eval=0 prior=0
[inst] req=5152768 hits=1678346 fwd=27143 rows=3474240 fwd_ms=303631.0 eval=0 prior=0
[inst] req=5160960 hits=1681156 fwd=27185 rows=3479616 fwd_ms=304052.9 eval=0 prior=0
[inst] req=5169152 hits=1683953 fwd=27227 rows=3484992 fwd_ms=304476.3 eval=0 prior=0
[inst] req=5177344 hits=1686708 fwd=27270 rows=3490496 fwd_ms=304908.7 eval=0 prior=0
[inst] req=5185536 hits=1689351 fwd=27313 rows=3496000 fwd_ms=305340.7 eval=0 prior=0
[inst] req=5193728 hits=1692163 fwd=27355 rows=3501376 fwd_ms=305765.6 eval=0 prior=0
[inst] req=5201920 hits=1695072 fwd=27396 rows=3506624 fwd_ms=306176.4 eval=0 prior=0
[inst] req=5210112 hits=1697750 fwd=27439 rows=3512128 fwd_ms=306606.4 eval=0 prior=0
[inst] req=5218304 hits=1700438 fwd=27482 rows=3517632 fwd_ms=307037.5 eval=0 prior=0
[inst] req=5226496 hits=1703235 fwd=27524 rows=3523008 fwd_ms=307459.4 eval=0 prior=0
[inst] req=5234688 hits=1706003 fwd=27567 rows=3528512 fwd_ms=307889.8 eval=0 prior=0
[inst] req=5242880 hits=1708801 fwd=27609 rows=3533888 fwd_ms=308307.3 eval=0 prior=0
[inst] req=5251072 hits=1711486 fwd=27652 rows=3539392 fwd_ms=308734.5 eval=0 prior=0
[inst] req=5259264 hits=1714244 fwd=27694 rows=3544768 fwd_ms=309152.2 eval=0 prior=0
[inst] req=5267456 hits=1717100 fwd=27736 rows=3550144 fwd_ms=309570.4 eval=0 prior=0
[inst] req=5275648 hits=1719992 fwd=27778 rows=3555520 fwd_ms=309987.5 eval=0 prior=0
[inst] req=5283840 hits=1722843 fwd=27819 rows=3560768 fwd_ms=310396.5 eval=0 prior=0
[inst] req=5292032 hits=1725463 fwd=27863 rows=3566400 fwd_ms=310834.2 eval=0 prior=0
[inst] req=5300224 hits=1728285 fwd=27905 rows=3571776 fwd_ms=311252.5 eval=0 prior=0
[inst] req=5308416 hits=1731224 fwd=27946 rows=3577024 fwd_ms=311661.1 eval=0 prior=0
[inst] req=5316608 hits=1734190 fwd=27987 rows=3582272 fwd_ms=312069.1 eval=0 prior=0
[inst] req=5324800 hits=1737079 fwd=28028 rows=3587520 fwd_ms=312476.5 eval=0 prior=0
[inst] req=5332992 hits=1739815 fwd=28071 rows=3593024 fwd_ms=312904.4 eval=0 prior=0
[inst] req=5341184 hits=1742868 fwd=28111 rows=3598144 fwd_ms=313304.0 eval=0 prior=0
[inst] req=5349376 hits=1745780 fwd=28152 rows=3603392 fwd_ms=313711.8 eval=0 prior=0
[inst] req=5357568 hits=1748707 fwd=28193 rows=3608640 fwd_ms=314121.4 eval=0 prior=0
[inst] req=5365760 hits=1751528 fwd=28235 rows=3614016 fwd_ms=314541.9 eval=0 prior=0
[inst] req=5373952 hits=1754410 fwd=28277 rows=3619392 fwd_ms=314960.0 eval=0 prior=0
[inst] req=5382144 hits=1757375 fwd=28318 rows=3624640 fwd_ms=315368.8 eval=0 prior=0
[inst] req=5390336 hits=1759966 fwd=28361 rows=3630144 fwd_ms=315796.2 eval=0 prior=0
[inst] req=5398528 hits=1762828 fwd=28403 rows=3635520 fwd_ms=316213.8 eval=0 prior=0
[inst] req=5406720 hits=1765678 fwd=28445 rows=3640896 fwd_ms=316631.3 eval=0 prior=0
[inst] req=5414912 hits=1768422 fwd=28487 rows=3646272 fwd_ms=317048.4 eval=0 prior=0
[inst] req=5423104 hits=1771234 fwd=28529 rows=3651648 fwd_ms=317466.1 eval=0 prior=0
[inst] req=5431296 hits=1773794 fwd=28573 rows=3657280 fwd_ms=317904.0 eval=0 prior=0
[inst] req=5439488 hits=1776782 fwd=28614 rows=3662528 fwd_ms=318311.9 eval=0 prior=0
[inst] req=5447680 hits=1779607 fwd=28656 rows=3667904 fwd_ms=318729.3 eval=0 prior=0
[inst] req=5455872 hits=1782473 fwd=28697 rows=3673152 fwd_ms=319136.8 eval=0 prior=0
[inst] req=5464064 hits=1785061 fwd=28741 rows=3678784 fwd_ms=319576.3 eval=0 prior=0
[inst] req=5472256 hits=1788030 fwd=28782 rows=3684032 fwd_ms=319987.3 eval=0 prior=0
[inst] req=5480448 hits=1790831 fwd=28824 rows=3689408 fwd_ms=320408.6 eval=0 prior=0
[inst] req=5488640 hits=1793609 fwd=28866 rows=3694784 fwd_ms=320830.4 eval=0 prior=0
[inst] req=5496832 hits=1796391 fwd=28909 rows=3700288 fwd_ms=321261.7 eval=0 prior=0
[inst] req=5505024 hits=1799057 fwd=28952 rows=3705792 fwd_ms=321695.1 eval=0 prior=0
[inst] req=5513216 hits=1801800 fwd=28994 rows=3711168 fwd_ms=322117.6 eval=0 prior=0
[inst] req=5521408 hits=1804689 fwd=29036 rows=3716544 fwd_ms=322539.8 eval=0 prior=0
[inst] req=5529600 hits=1807722 fwd=29076 rows=3721664 fwd_ms=322942.2 eval=0 prior=0
[inst] req=5537792 hits=1810555 fwd=29118 rows=3727040 fwd_ms=323363.3 eval=0 prior=0
[inst] req=5545984 hits=1813159 fwd=29162 rows=3732672 fwd_ms=323806.5 eval=0 prior=0
[inst] req=5554176 hits=1816203 fwd=29202 rows=3737792 fwd_ms=324209.3 eval=0 prior=0
[inst] req=5562368 hits=1819059 fwd=29244 rows=3743168 fwd_ms=324631.7 eval=0 prior=0
[inst] req=5570560 hits=1821834 fwd=29286 rows=3748544 fwd_ms=325055.3 eval=0 prior=0
[inst] req=5578752 hits=1824540 fwd=29329 rows=3754048 fwd_ms=325487.1 eval=0 prior=0
[inst] req=5586944 hits=1827255 fwd=29372 rows=3759552 fwd_ms=325918.5 eval=0 prior=0
[inst] req=5595136 hits=1830179 fwd=29413 rows=3764800 fwd_ms=326329.8 eval=0 prior=0
[inst] req=5603328 hits=1832987 fwd=29455 rows=3770176 fwd_ms=326752.8 eval=0 prior=0
[inst] req=5611520 hits=1835737 fwd=29497 rows=3775552 fwd_ms=327175.2 eval=0 prior=0
[inst] req=5619712 hits=1838610 fwd=29539 rows=3780928 fwd_ms=327596.2 eval=0 prior=0
[inst] req=5627904 hits=1841300 fwd=29582 rows=3786432 fwd_ms=328026.9 eval=0 prior=0
[inst] req=5636096 hits=1844099 fwd=29624 rows=3791808 fwd_ms=328447.7 eval=0 prior=0
[inst] req=5644288 hits=1846911 fwd=29666 rows=3797184 fwd_ms=328869.1 eval=0 prior=0
[inst] req=5652480 hits=1849760 fwd=29708 rows=3802560 fwd_ms=329290.0 eval=0 prior=0
[inst] req=5660672 hits=1852763 fwd=29748 rows=3807680 fwd_ms=329690.9 eval=0 prior=0
[inst] req=5668864 hits=1855575 fwd=29790 rows=3813056 fwd_ms=330111.2 eval=0 prior=0
[inst] req=5677056 hits=1858336 fwd=29833 rows=3818560 fwd_ms=330538.3 eval=0 prior=0
[inst] req=5685248 hits=1861012 fwd=29876 rows=3824064 fwd_ms=330969.3 eval=0 prior=0
[inst] req=5693440 hits=1863834 fwd=29918 rows=3829440 fwd_ms=331391.0 eval=0 prior=0
[inst] req=5701632 hits=1866485 fwd=29961 rows=3834944 fwd_ms=331823.2 eval=0 prior=0
[inst] req=5709824 hits=1869302 fwd=30003 rows=3840320 fwd_ms=332245.4 eval=0 prior=0
[inst] req=5718016 hits=1872106 fwd=30045 rows=3845696 fwd_ms=332668.1 eval=0 prior=0
[inst] req=5726208 hits=1874783 fwd=30088 rows=3851200 fwd_ms=333098.7 eval=0 prior=0
[inst] req=5734400 hits=1878081 fwd=30126 rows=3856064 fwd_ms=333480.0 eval=0 prior=0
[inst] req=5742592 hits=1880771 fwd=30169 rows=3861568 fwd_ms=333910.5 eval=0 prior=0
[inst] req=5750784 hits=1883661 fwd=30211 rows=3866944 fwd_ms=334331.8 eval=0 prior=0
[inst] req=5758976 hits=1886564 fwd=30252 rows=3872192 fwd_ms=334742.8 eval=0 prior=0
[inst] req=5767168 hits=1889382 fwd=30294 rows=3877568 fwd_ms=335164.4 eval=0 prior=0
[inst] req=5775360 hits=1892236 fwd=30336 rows=3882944 fwd_ms=335584.0 eval=0 prior=0
[inst] req=5783552 hits=1894829 fwd=30380 rows=3888576 fwd_ms=336021.2 eval=0 prior=0
[inst] req=5791744 hits=1897914 fwd=30420 rows=3893696 fwd_ms=336418.8 eval=0 prior=0
[inst] req=5799936 hits=1900745 fwd=30461 rows=3898944 fwd_ms=336826.3 eval=0 prior=0
[inst] req=5808128 hits=1903574 fwd=30503 rows=3904320 fwd_ms=337243.4 eval=0 prior=0
[inst] req=5816320 hits=1906500 fwd=30544 rows=3909568 fwd_ms=337650.9 eval=0 prior=0
[inst] req=5824512 hits=1909327 fwd=30586 rows=3914944 fwd_ms=338068.3 eval=0 prior=0
[inst] req=5832704 hits=1912094 fwd=30629 rows=3920448 fwd_ms=338495.3 eval=0 prior=0
[inst] req=5840896 hits=1914911 fwd=30671 rows=3925824 fwd_ms=338912.9 eval=0 prior=0
[inst] req=5849088 hits=1917712 fwd=30713 rows=3931200 fwd_ms=339329.7 eval=0 prior=0
[inst] req=5857280 hits=1920398 fwd=30756 rows=3936704 fwd_ms=339757.2 eval=0 prior=0
[inst] req=5865472 hits=1923343 fwd=30797 rows=3941952 fwd_ms=340164.3 eval=0 prior=0
[inst] req=5873664 hits=1926217 fwd=30838 rows=3947200 fwd_ms=340571.8 eval=0 prior=0
[inst] req=5881856 hits=1929027 fwd=30880 rows=3952576 fwd_ms=340989.0 eval=0 prior=0
[inst] req=5890048 hits=1931752 fwd=30923 rows=3958080 fwd_ms=341416.6 eval=0 prior=0
[inst] req=5898240 hits=1934845 fwd=30963 rows=3963200 fwd_ms=341814.4 eval=0 prior=0
[inst] req=5906432 hits=1937579 fwd=31006 rows=3968704 fwd_ms=342243.5 eval=0 prior=0
[inst] req=5914624 hits=1940380 fwd=31048 rows=3974080 fwd_ms=342663.1 eval=0 prior=0
[inst] req=5922816 hits=1943112 fwd=31090 rows=3979456 fwd_ms=343082.4 eval=0 prior=0
[inst] req=5931008 hits=1945950 fwd=31132 rows=3984832 fwd_ms=343502.0 eval=0 prior=0
[inst] req=5939200 hits=1948755 fwd=31174 rows=3990208 fwd_ms=343921.6 eval=0 prior=0
[inst] req=5947392 hits=1951602 fwd=31216 rows=3995584 fwd_ms=344341.0 eval=0 prior=0
[inst] req=5955584 hits=1954496 fwd=31257 rows=4000832 fwd_ms=344750.7 eval=0 prior=0
[inst] req=5963776 hits=1957365 fwd=31299 rows=4006208 fwd_ms=345170.1 eval=0 prior=0
[inst] req=5971968 hits=1960206 fwd=31341 rows=4011584 fwd_ms=345589.9 eval=0 prior=0
[inst] req=5980160 hits=1963081 fwd=31382 rows=4016832 fwd_ms=346000.0 eval=0 prior=0
[inst] req=5988352 hits=1966059 fwd=31423 rows=4022080 fwd_ms=346410.2 eval=0 prior=0
[inst] req=5996544 hits=1968927 fwd=31465 rows=4027456 fwd_ms=346830.4 eval=0 prior=0
[inst] req=6004736 hits=1971724 fwd=31507 rows=4032832 fwd_ms=347251.0 eval=0 prior=0
[inst] req=6012928 hits=1974569 fwd=31549 rows=4038208 fwd_ms=347670.7 eval=0 prior=0
[inst] req=6021120 hits=1977407 fwd=31591 rows=4043584 fwd_ms=348091.2 eval=0 prior=0
[inst] req=6029312 hits=1980381 fwd=31631 rows=4048704 fwd_ms=348491.4 eval=0 prior=0
[inst] req=6037504 hits=1983243 fwd=31673 rows=4054080 fwd_ms=348910.9 eval=0 prior=0
[inst] req=6045696 hits=1986112 fwd=31714 rows=4059328 fwd_ms=349321.0 eval=0 prior=0
[inst] req=6053888 hits=1988942 fwd=31756 rows=4064704 fwd_ms=349740.8 eval=0 prior=0
[inst] req=6062080 hits=1991711 fwd=31799 rows=4070208 fwd_ms=350170.2 eval=0 prior=0
[inst] req=6070272 hits=1994646 fwd=31840 rows=4075456 fwd_ms=350580.7 eval=0 prior=0
[inst] req=6078464 hits=1997309 fwd=31883 rows=4080960 fwd_ms=351011.9 eval=0 prior=0
[inst] req=6086656 hits=2000176 fwd=31925 rows=4086336 fwd_ms=351433.0 eval=0 prior=0
[inst] req=6094848 hits=2003077 fwd=31966 rows=4091584 fwd_ms=351844.4 eval=0 prior=0
[inst] req=6103040 hits=2005717 fwd=32009 rows=4097088 fwd_ms=352275.3 eval=0 prior=0
[inst] req=6111232 hits=2008690 fwd=32050 rows=4102336 fwd_ms=352686.2 eval=0 prior=0
[inst] req=6119424 hits=2011453 fwd=32093 rows=4107840 fwd_ms=353117.6 eval=0 prior=0
[inst] req=6127616 hits=2014381 fwd=32134 rows=4113088 fwd_ms=353528.6 eval=0 prior=0
[inst] req=6135808 hits=2017138 fwd=32176 rows=4118464 fwd_ms=353949.8 eval=0 prior=0
[inst] req=6144000 hits=2019932 fwd=32218 rows=4123840 fwd_ms=354370.8 eval=0 prior=0
[inst] req=6152192 hits=2022847 fwd=32260 rows=4129216 fwd_ms=354791.8 eval=0 prior=0
[inst] req=6160384 hits=2025640 fwd=32302 rows=4134592 fwd_ms=355212.8 eval=0 prior=0
[inst] req=6168576 hits=2028551 fwd=32343 rows=4139840 fwd_ms=355620.8 eval=0 prior=0
[inst] req=6176768 hits=2031267 fwd=32386 rows=4145344 fwd_ms=356048.2 eval=0 prior=0
[inst] req=6184960 hits=2034120 fwd=32427 rows=4150592 fwd_ms=356455.9 eval=0 prior=0
[inst] req=6193152 hits=2036830 fwd=32470 rows=4156096 fwd_ms=356883.4 eval=0 prior=0
[inst] req=6201344 hits=2039690 fwd=32512 rows=4161472 fwd_ms=357301.4 eval=0 prior=0
[inst] req=6209536 hits=2042574 fwd=32553 rows=4166720 fwd_ms=357709.0 eval=0 prior=0
[inst] req=6217728 hits=2045363 fwd=32596 rows=4172224 fwd_ms=358136.4 eval=0 prior=0
[inst] req=6225920 hits=2048099 fwd=32638 rows=4177600 fwd_ms=358553.8 eval=0 prior=0
[inst] req=6234112 hits=2050863 fwd=32681 rows=4183104 fwd_ms=358981.8 eval=0 prior=0
[inst] req=6242304 hits=2053764 fwd=32722 rows=4188352 fwd_ms=359389.1 eval=0 prior=0
[inst] req=6250496 hits=2056678 fwd=32763 rows=4193600 fwd_ms=359796.9 eval=0 prior=0
[inst] req=6258688 hits=2059539 fwd=32805 rows=4198976 fwd_ms=360214.4 eval=0 prior=0
[inst] req=6266880 hits=2062299 fwd=32847 rows=4204352 fwd_ms=360631.9 eval=0 prior=0
[inst] req=6275072 hits=2065279 fwd=32888 rows=4209600 fwd_ms=361039.8 eval=0 prior=0
[inst] req=6283264 hits=2068133 fwd=32930 rows=4214976 fwd_ms=361457.6 eval=0 prior=0
[inst] req=6291456 hits=2070853 fwd=32972 rows=4220352 fwd_ms=361875.4 eval=0 prior=0
[inst] req=6299648 hits=2073677 fwd=33014 rows=4225728 fwd_ms=362293.6 eval=0 prior=0
[inst] req=6307840 hits=2076580 fwd=33056 rows=4231104 fwd_ms=362711.7 eval=0 prior=0
[inst] req=6316032 hits=2079446 fwd=33097 rows=4236352 fwd_ms=363119.9 eval=0 prior=0
[inst] req=6324224 hits=2082179 fwd=33140 rows=4241856 fwd_ms=363547.6 eval=0 prior=0
[inst] req=6332416 hits=2084973 fwd=33182 rows=4247232 fwd_ms=363965.4 eval=0 prior=0
[inst] req=6340608 hits=2087831 fwd=33224 rows=4252608 fwd_ms=364383.2 eval=0 prior=0
[inst] req=6348800 hits=2090562 fwd=33266 rows=4257984 fwd_ms=364801.2 eval=0 prior=0
[inst] req=6356992 hits=2093438 fwd=33308 rows=4263360 fwd_ms=365219.0 eval=0 prior=0
[inst] req=6365184 hits=2096174 fwd=33351 rows=4268864 fwd_ms=365647.0 eval=0 prior=0
[inst] req=6373376 hits=2099035 fwd=33392 rows=4274112 fwd_ms=366055.0 eval=0 prior=0
[inst] req=6381568 hits=2102006 fwd=33433 rows=4279360 fwd_ms=366463.1 eval=0 prior=0
[inst] req=6389760 hits=2104748 fwd=33476 rows=4284864 fwd_ms=366891.7 eval=0 prior=0
[inst] req=6397952 hits=2107492 fwd=33518 rows=4290240 fwd_ms=367309.4 eval=0 prior=0
[inst] req=6406144 hits=2110319 fwd=33560 rows=4295616 fwd_ms=367727.4 eval=0 prior=0
[inst] req=6414336 hits=2113064 fwd=33603 rows=4301120 fwd_ms=368155.4 eval=0 prior=0
[inst] req=6422528 hits=2115804 fwd=33645 rows=4306496 fwd_ms=368573.1 eval=0 prior=0
[inst] req=6430720 hits=2118540 fwd=33688 rows=4312000 fwd_ms=369000.9 eval=0 prior=0
[inst] req=6438912 hits=2121321 fwd=33730 rows=4317376 fwd_ms=369418.8 eval=0 prior=0
[inst] req=6447104 hits=2124059 fwd=33773 rows=4322880 fwd_ms=369846.2 eval=0 prior=0
[inst] req=6455296 hits=2126838 fwd=33815 rows=4328256 fwd_ms=370264.0 eval=0 prior=0
[inst] req=6463488 hits=2129673 fwd=33857 rows=4333632 fwd_ms=370682.2 eval=0 prior=0
[inst] req=6471680 hits=2132619 fwd=33898 rows=4338880 fwd_ms=371089.9 eval=0 prior=0
[inst] req=6479872 hits=2135346 fwd=33941 rows=4344384 fwd_ms=371517.7 eval=0 prior=0
[inst] req=6488064 hits=2138107 fwd=33983 rows=4349760 fwd_ms=371935.4 eval=0 prior=0
[inst] req=6496256 hits=2140949 fwd=34025 rows=4355136 fwd_ms=372353.5 eval=0 prior=0
[inst] req=6504448 hits=2143772 fwd=34067 rows=4360512 fwd_ms=372770.9 eval=0 prior=0
[inst] req=6512640 hits=2146523 fwd=34109 rows=4365888 fwd_ms=373188.4 eval=0 prior=0
[inst] req=6520832 hits=2149410 fwd=34151 rows=4371264 fwd_ms=373605.8 eval=0 prior=0
[inst] req=6529024 hits=2152226 fwd=34193 rows=4376640 fwd_ms=374023.2 eval=0 prior=0
[inst] req=6537216 hits=2154893 fwd=34236 rows=4382144 fwd_ms=374450.7 eval=0 prior=0
[inst] req=6545408 hits=2157797 fwd=34277 rows=4387392 fwd_ms=374858.8 eval=0 prior=0
[inst] req=6553600 hits=2160690 fwd=34319 rows=4392768 fwd_ms=375276.5 eval=0 prior=0
[inst] req=6561792 hits=2163539 fwd=34360 rows=4398016 fwd_ms=375684.6 eval=0 prior=0
[inst] req=6569984 hits=2166230 fwd=34403 rows=4403520 fwd_ms=376112.7 eval=0 prior=0
[inst] req=6578176 hits=2169024 fwd=34445 rows=4408896 fwd_ms=376530.8 eval=0 prior=0
[inst] req=6586368 hits=2171890 fwd=34487 rows=4414272 fwd_ms=376948.8 eval=0 prior=0
[inst] req=6594560 hits=2174662 fwd=34529 rows=4419648 fwd_ms=377366.7 eval=0 prior=0
[inst] req=6602752 hits=2177415 fwd=34572 rows=4425152 fwd_ms=377794.1 eval=0 prior=0
[inst] req=6610944 hits=2180235 fwd=34614 rows=4430528 fwd_ms=378211.6 eval=0 prior=0
[inst] req=6619136 hits=2183009 fwd=34656 rows=4435904 fwd_ms=378629.2 eval=0 prior=0
[inst] req=6627328 hits=2185853 fwd=34698 rows=4441280 fwd_ms=379047.1 eval=0 prior=0
[inst] req=6635520 hits=2188569 fwd=34741 rows=4446784 fwd_ms=379475.3 eval=0 prior=0
[inst] req=6643712 hits=2191390 fwd=34783 rows=4452160 fwd_ms=379892.8 eval=0 prior=0
[inst] req=6651904 hits=2194283 fwd=34824 rows=4457408 fwd_ms=380300.5 eval=0 prior=0
[inst] req=6660096 hits=2197141 fwd=34866 rows=4462784 fwd_ms=380718.6 eval=0 prior=0
[inst] req=6668288 hits=2200072 fwd=34907 rows=4468032 fwd_ms=381126.4 eval=0 prior=0
[inst] req=6676480 hits=2202772 fwd=34950 rows=4473536 fwd_ms=381553.9 eval=0 prior=0
[inst] req=6684672 hits=2205626 fwd=34992 rows=4478912 fwd_ms=381972.1 eval=0 prior=0
[inst] req=6692864 hits=2208556 fwd=35033 rows=4484160 fwd_ms=382380.1 eval=0 prior=0
[inst] req=6701056 hits=2211487 fwd=35074 rows=4489408 fwd_ms=382787.9 eval=0 prior=0
[inst] req=6709248 hits=2214406 fwd=35115 rows=4494656 fwd_ms=383196.6 eval=0 prior=0
[inst] req=6717440 hits=2217213 fwd=35157 rows=4500032 fwd_ms=383614.2 eval=0 prior=0
[inst] req=6725632 hits=2220127 fwd=35198 rows=4505280 fwd_ms=384022.4 eval=0 prior=0
[inst] req=6733824 hits=2222958 fwd=35240 rows=4510656 fwd_ms=384440.2 eval=0 prior=0
[inst] req=6742016 hits=2225831 fwd=35282 rows=4516032 fwd_ms=384858.0 eval=0 prior=0
[inst] req=6750208 hits=2228672 fwd=35323 rows=4521280 fwd_ms=385265.7 eval=0 prior=0
[inst] req=6758400 hits=2231626 fwd=35364 rows=4526528 fwd_ms=385673.7 eval=0 prior=0
[inst] req=6766592 hits=2234459 fwd=35406 rows=4531904 fwd_ms=386091.7 eval=0 prior=0
[inst] req=6774784 hits=2237368 fwd=35448 rows=4537280 fwd_ms=386509.2 eval=0 prior=0
[inst] req=6782976 hits=2240221 fwd=35489 rows=4542528 fwd_ms=386917.6 eval=0 prior=0
[inst] req=6791168 hits=2243264 fwd=35529 rows=4547648 fwd_ms=387315.5 eval=0 prior=0
[inst] req=6799360 hits=2246172 fwd=35571 rows=4553024 fwd_ms=387733.2 eval=0 prior=0
[inst] req=6807552 hits=2248845 fwd=35614 rows=4558528 fwd_ms=388160.8 eval=0 prior=0
[inst] req=6815744 hits=2251588 fwd=35656 rows=4563904 fwd_ms=388579.2 eval=0 prior=0
[inst] req=6823936 hits=2254273 fwd=35699 rows=4569408 fwd_ms=389006.9 eval=0 prior=0
[inst] req=6832128 hits=2257251 fwd=35740 rows=4574656 fwd_ms=389414.7 eval=0 prior=0
[inst] req=6840320 hits=2259905 fwd=35783 rows=4580160 fwd_ms=389842.7 eval=0 prior=0
[inst] req=6848512 hits=2262678 fwd=35826 rows=4585664 fwd_ms=390270.3 eval=0 prior=0
[inst] req=6856704 hits=2265541 fwd=35867 rows=4590912 fwd_ms=390678.0 eval=0 prior=0
[inst] req=6864896 hits=2268228 fwd=35910 rows=4596416 fwd_ms=391105.6 eval=0 prior=0
[inst] req=6873088 hits=2271104 fwd=35952 rows=4601792 fwd_ms=391523.8 eval=0 prior=0
[inst] req=6881280 hits=2274009 fwd=35993 rows=4607040 fwd_ms=391931.5 eval=0 prior=0
[inst] req=6889472 hits=2276758 fwd=36036 rows=4612544 fwd_ms=392359.1 eval=0 prior=0
[inst] req=6897664 hits=2279564 fwd=36078 rows=4617920 fwd_ms=392777.1 eval=0 prior=0
[inst] req=6905856 hits=2282397 fwd=36120 rows=4623296 fwd_ms=393195.0 eval=0 prior=0
[inst] req=6914048 hits=2285241 fwd=36162 rows=4628672 fwd_ms=393612.4 eval=0 prior=0
[inst] req=6922240 hits=2288055 fwd=36204 rows=4634048 fwd_ms=394030.5 eval=0 prior=0
[inst] req=6930432 hits=2290838 fwd=36246 rows=4639424 fwd_ms=394449.1 eval=0 prior=0
[inst] req=6938624 hits=2293745 fwd=36287 rows=4644672 fwd_ms=394857.9 eval=0 prior=0
[inst] req=6946816 hits=2296504 fwd=36330 rows=4650176 fwd_ms=395285.5 eval=0 prior=0
[inst] req=6955008 hits=2299449 fwd=36371 rows=4655424 fwd_ms=395693.1 eval=0 prior=0
[inst] req=6963200 hits=2302175 fwd=36413 rows=4660800 fwd_ms=396110.9 eval=0 prior=0
[inst] req=6971392 hits=2305132 fwd=36454 rows=4666048 fwd_ms=396518.5 eval=0 prior=0
[inst] req=6979584 hits=2307989 fwd=36496 rows=4671424 fwd_ms=396936.9 eval=0 prior=0
[inst] req=6987776 hits=2310770 fwd=36538 rows=4676800 fwd_ms=397354.5 eval=0 prior=0
[inst] req=6995968 hits=2313718 fwd=36579 rows=4682048 fwd_ms=397762.4 eval=0 prior=0
[inst] req=7004160 hits=2316706 fwd=36620 rows=4687296 fwd_ms=398170.3 eval=0 prior=0
[inst] req=7012352 hits=2319451 fwd=36662 rows=4692672 fwd_ms=398587.4 eval=0 prior=0
[inst] req=7020544 hits=2322244 fwd=36704 rows=4698048 fwd_ms=399005.1 eval=0 prior=0
[inst] req=7028736 hits=2325068 fwd=36746 rows=4703424 fwd_ms=399423.3 eval=0 prior=0
[inst] req=7036928 hits=2327894 fwd=36788 rows=4708800 fwd_ms=399840.7 eval=0 prior=0
[inst] req=7045120 hits=2330727 fwd=36830 rows=4714176 fwd_ms=400258.5 eval=0 prior=0
[inst] req=7053312 hits=2333477 fwd=36873 rows=4719680 fwd_ms=400685.2 eval=0 prior=0
[inst] req=7061504 hits=2336308 fwd=36915 rows=4725056 fwd_ms=401102.7 eval=0 prior=0
[inst] req=7069696 hits=2339126 fwd=36957 rows=4730432 fwd_ms=401520.0 eval=0 prior=0
[inst] req=7077888 hits=2341873 fwd=36999 rows=4735808 fwd_ms=401937.8 eval=0 prior=0
[inst] req=7086080 hits=2344858 fwd=37040 rows=4741056 fwd_ms=402345.6 eval=0 prior=0
[inst] req=7094272 hits=2347665 fwd=37082 rows=4746432 fwd_ms=402763.5 eval=0 prior=0
[inst] req=7102464 hits=2350660 fwd=37122 rows=4751552 fwd_ms=403161.6 eval=0 prior=0
[inst] req=7110656 hits=2353459 fwd=37165 rows=4757056 fwd_ms=403590.1 eval=0 prior=0
[inst] req=7118848 hits=2356215 fwd=37207 rows=4762432 fwd_ms=404008.2 eval=0 prior=0
[inst] req=7127040 hits=2359045 fwd=37249 rows=4767808 fwd_ms=404427.7 eval=0 prior=0
[inst] req=7135232 hits=2361872 fwd=37291 rows=4773184 fwd_ms=404845.8 eval=0 prior=0
[inst] req=7143424 hits=2364707 fwd=37333 rows=4778560 fwd_ms=405263.5 eval=0 prior=0
[inst] req=7151616 hits=2367403 fwd=37376 rows=4784064 fwd_ms=405691.1 eval=0 prior=0
[inst] req=7159808 hits=2370102 fwd=37419 rows=4789568 fwd_ms=406119.1 eval=0 prior=0
[inst] req=7168000 hits=2372976 fwd=37460 rows=4794816 fwd_ms=406527.3 eval=0 prior=0
[inst] req=7176192 hits=2375798 fwd=37502 rows=4800192 fwd_ms=406945.3 eval=0 prior=0
[inst] req=7184384 hits=2378606 fwd=37544 rows=4805568 fwd_ms=407363.1 eval=0 prior=0
[inst] req=7192576 hits=2381398 fwd=37586 rows=4810944 fwd_ms=407781.0 eval=0 prior=0
[inst] req=7200768 hits=2384272 fwd=37628 rows=4816320 fwd_ms=408199.0 eval=0 prior=0
[inst] req=7208960 hits=2386988 fwd=37671 rows=4821824 fwd_ms=408626.6 eval=0 prior=0
[inst] req=7217152 hits=2389728 fwd=37713 rows=4827200 fwd_ms=409044.4 eval=0 prior=0
[inst] req=7225344 hits=2392457 fwd=37756 rows=4832704 fwd_ms=409472.6 eval=0 prior=0
[inst] req=7233536 hits=2395630 fwd=37795 rows=4837696 fwd_ms=409860.8 eval=0 prior=0
[inst] req=7241728 hits=2398357 fwd=37838 rows=4843200 fwd_ms=410289.1 eval=0 prior=0
[inst] req=7249920 hits=2401174 fwd=37880 rows=4848576 fwd_ms=410706.8 eval=0 prior=0
[inst] req=7258112 hits=2403991 fwd=37922 rows=4853952 fwd_ms=411124.4 eval=0 prior=0
[inst] req=7266304 hits=2406767 fwd=37964 rows=4859328 fwd_ms=411542.2 eval=0 prior=0
[inst] req=7274496 hits=2409729 fwd=38005 rows=4864576 fwd_ms=411950.5 eval=0 prior=0
[inst] req=7282688 hits=2412502 fwd=38047 rows=4869952 fwd_ms=412368.6 eval=0 prior=0
[inst] req=7290880 hits=2415176 fwd=38090 rows=4875456 fwd_ms=412796.9 eval=0 prior=0
[inst] req=7299072 hits=2417955 fwd=38133 rows=4880960 fwd_ms=413225.1 eval=0 prior=0
[inst] req=7307264 hits=2420828 fwd=38174 rows=4886208 fwd_ms=413633.4 eval=0 prior=0
[inst] req=7315456 hits=2423658 fwd=38216 rows=4891584 fwd_ms=414053.2 eval=0 prior=0
[inst] req=7323648 hits=2426401 fwd=38259 rows=4897088 fwd_ms=414484.3 eval=0 prior=0
[inst] req=7331840 hits=2429338 fwd=38300 rows=4902336 fwd_ms=414894.7 eval=0 prior=0
[inst] req=7340032 hits=2431995 fwd=38343 rows=4907840 fwd_ms=415326.4 eval=0 prior=0
[inst] req=7348224 hits=2434914 fwd=38384 rows=4913088 fwd_ms=415736.0 eval=0 prior=0
[inst] req=7356416 hits=2437655 fwd=38427 rows=4918592 fwd_ms=416169.9 eval=0 prior=0
[inst] req=7364608 hits=2440472 fwd=38469 rows=4923968 fwd_ms=416590.0 eval=0 prior=0
[inst] req=7372800 hits=2443418 fwd=38510 rows=4929216 fwd_ms=416998.5 eval=0 prior=0
[inst] req=7380992 hits=2446127 fwd=38553 rows=4934720 fwd_ms=417427.0 eval=0 prior=0
[inst] req=7389184 hits=2448924 fwd=38595 rows=4940096 fwd_ms=417848.2 eval=0 prior=0
[inst] req=7397376 hits=2451710 fwd=38637 rows=4945472 fwd_ms=418266.7 eval=0 prior=0
[inst] req=7405568 hits=2454618 fwd=38678 rows=4950720 fwd_ms=418677.3 eval=0 prior=0
[inst] req=7413760 hits=2457493 fwd=38720 rows=4956096 fwd_ms=419098.5 eval=0 prior=0
[inst] req=7421952 hits=2460189 fwd=38763 rows=4961600 fwd_ms=419528.8 eval=0 prior=0
[inst] req=7430144 hits=2463144 fwd=38804 rows=4966848 fwd_ms=419936.4 eval=0 prior=0
[inst] req=7438336 hits=2465962 fwd=38846 rows=4972224 fwd_ms=420353.8 eval=0 prior=0
[inst] req=7446528 hits=2468970 fwd=38886 rows=4977344 fwd_ms=420753.1 eval=0 prior=0
[inst] req=7454720 hits=2471924 fwd=38927 rows=4982592 fwd_ms=421162.2 eval=0 prior=0
[inst] req=7462912 hits=2474617 fwd=38970 rows=4988096 fwd_ms=421593.0 eval=0 prior=0
[inst] req=7471104 hits=2477518 fwd=39011 rows=4993344 fwd_ms=422002.4 eval=0 prior=0
[inst] req=7479296 hits=2480217 fwd=39054 rows=4998848 fwd_ms=422432.2 eval=0 prior=0
[inst] req=7487488 hits=2483107 fwd=39096 rows=5004224 fwd_ms=422849.9 eval=0 prior=0
[inst] req=7495680 hits=2486010 fwd=39137 rows=5009472 fwd_ms=423998.4 eval=0 prior=0
[inst] req=7503872 hits=2488725 fwd=39180 rows=5014976 fwd_ms=426816.2 eval=0 prior=0
[inst] req=7512064 hits=2491471 fwd=39222 rows=5020352 fwd_ms=429310.8 eval=0 prior=0
[inst] req=7520256 hits=2494202 fwd=39265 rows=5025856 fwd_ms=431704.8 eval=0 prior=0
[inst] req=7528448 hits=2497419 fwd=39304 rows=5030848 fwd_ms=432662.4 eval=0 prior=0
[inst] req=7536640 hits=2500474 fwd=39344 rows=5035968 fwd_ms=433104.9 eval=0 prior=0
[inst] req=7544832 hits=2501259 fwd=39402 rows=5043392 fwd_ms=433690.0 eval=0 prior=0
[inst] req=7553024 hits=2503499 fwd=39448 rows=5049280 fwd_ms=434147.6 eval=0 prior=0
[inst] req=7561216 hits=2506533 fwd=39489 rows=5054528 fwd_ms=434556.1 eval=0 prior=0
[inst] req=7569408 hits=2509450 fwd=39530 rows=5059776 fwd_ms=434971.5 eval=0 prior=0
[inst] req=7577600 hits=2512365 fwd=39571 rows=5065024 fwd_ms=435411.1 eval=0 prior=0
[inst] req=7585792 hits=2515329 fwd=39612 rows=5070272 fwd_ms=435824.5 eval=0 prior=0
[inst] req=7593984 hits=2518555 fwd=39651 rows=5075264 fwd_ms=436212.8 eval=0 prior=0
[inst] req=7602176 hits=2521691 fwd=39690 rows=5080256 fwd_ms=436601.2 eval=0 prior=0
[inst] req=7610368 hits=2524711 fwd=39731 rows=5085504 fwd_ms=437009.7 eval=0 prior=0
[inst] req=7618560 hits=2527587 fwd=39772 rows=5090752 fwd_ms=437436.8 eval=0 prior=0
[inst] req=7626752 hits=2530743 fwd=39812 rows=5095872 fwd_ms=437849.4 eval=0 prior=0
[inst] req=7634944 hits=2533919 fwd=39851 rows=5100864 fwd_ms=438250.5 eval=0 prior=0
[inst] req=7643136 hits=2536875 fwd=39892 rows=5106112 fwd_ms=438659.5 eval=0 prior=0
[inst] req=7651328 hits=2539857 fwd=39932 rows=5111232 fwd_ms=439063.8 eval=0 prior=0
[inst] req=7659520 hits=2543068 fwd=39971 rows=5116224 fwd_ms=439466.8 eval=0 prior=0
[inst] req=7667712 hits=2546409 fwd=40009 rows=5121088 fwd_ms=439863.8 eval=0 prior=0
[inst] req=7675904 hits=2549527 fwd=40049 rows=5126208 fwd_ms=440272.4 eval=0 prior=0
[inst] req=7684096 hits=2552787 fwd=40087 rows=5131072 fwd_ms=440662.1 eval=0 prior=0
[inst] req=7692288 hits=2555695 fwd=40129 rows=5136448 fwd_ms=441107.6 eval=0 prior=0
[inst] req=7700480 hits=2558830 fwd=40168 rows=5141440 fwd_ms=441515.4 eval=0 prior=0
[inst] req=7708672 hits=2562132 fwd=40206 rows=5146304 fwd_ms=441904.1 eval=0 prior=0
[inst] req=7716864 hits=2565063 fwd=40247 rows=5151552 fwd_ms=442324.6 eval=0 prior=0
[inst] req=7725056 hits=2568103 fwd=40288 rows=5156800 fwd_ms=442746.8 eval=0 prior=0
[inst] req=7733248 hits=2571089 fwd=40328 rows=5161920 fwd_ms=443147.5 eval=0 prior=0
[inst] req=7741440 hits=2574143 fwd=40369 rows=5167168 fwd_ms=443567.2 eval=0 prior=0
[inst] req=7749632 hits=2577475 fwd=40406 rows=5171904 fwd_ms=443945.8 eval=0 prior=0
[inst] req=7757824 hits=2580383 fwd=40448 rows=5177280 fwd_ms=444388.0 eval=0 prior=0
[inst] req=7766016 hits=2583391 fwd=40488 rows=5182400 fwd_ms=444798.9 eval=0 prior=0
[inst] req=7774208 hits=2586304 fwd=40529 rows=5187648 fwd_ms=445227.7 eval=0 prior=0
[inst] req=7782400 hits=2589370 fwd=40570 rows=5192896 fwd_ms=445651.7 eval=0 prior=0
[inst] req=7790592 hits=2592494 fwd=40609 rows=5197888 fwd_ms=446051.2 eval=0 prior=0
[inst] req=7798784 hits=2595789 fwd=40647 rows=5202752 fwd_ms=446443.3 eval=0 prior=0
[inst] req=7806976 hits=2598801 fwd=40688 rows=5208000 fwd_ms=446874.1 eval=0 prior=0
[inst] req=7815168 hits=2601709 fwd=40729 rows=5213248 fwd_ms=447303.3 eval=0 prior=0
[inst] req=7823360 hits=2604617 fwd=40770 rows=5218496 fwd_ms=447733.0 eval=0 prior=0
[inst] req=7831552 hits=2607836 fwd=40809 rows=5223488 fwd_ms=448138.6 eval=0 prior=0
[inst] req=7839744 hits=2610702 fwd=40851 rows=5228864 fwd_ms=448576.0 eval=0 prior=0
[inst] req=7847936 hits=2613953 fwd=40889 rows=5233728 fwd_ms=448976.4 eval=0 prior=0
[inst] req=7856128 hits=2617150 fwd=40929 rows=5238848 fwd_ms=449393.5 eval=0 prior=0
[inst] req=7864320 hits=2620061 fwd=40970 rows=5244096 fwd_ms=449822.9 eval=0 prior=0
[inst] req=7872512 hits=2623014 fwd=41011 rows=5249344 fwd_ms=450246.8 eval=0 prior=0
[inst] req=7880704 hits=2626171 fwd=41050 rows=5254336 fwd_ms=450648.9 eval=0 prior=0
[inst] req=7888896 hits=2629384 fwd=41089 rows=5259328 fwd_ms=451050.2 eval=0 prior=0
[inst] req=7897088 hits=2632431 fwd=41129 rows=5264448 fwd_ms=451474.6 eval=0 prior=0
[inst] req=7905280 hits=2635488 fwd=41169 rows=5269568 fwd_ms=451896.4 eval=0 prior=0
[inst] req=7913472 hits=2638664 fwd=41208 rows=5274560 fwd_ms=452305.3 eval=0 prior=0
[inst] req=7921664 hits=2641743 fwd=41248 rows=5279680 fwd_ms=452721.4 eval=0 prior=0
[inst] req=7929856 hits=2644706 fwd=41289 rows=5284928 fwd_ms=453139.6 eval=0 prior=0
[inst] req=7938048 hits=2647876 fwd=41328 rows=5289920 fwd_ms=453543.2 eval=0 prior=0
[inst] req=7946240 hits=2651164 fwd=41367 rows=5294912 fwd_ms=453944.2 eval=0 prior=0
[inst] req=7954432 hits=2654110 fwd=41408 rows=5300160 fwd_ms=454372.4 eval=0 prior=0
[inst] req=7962624 hits=2657166 fwd=41448 rows=5305280 fwd_ms=454779.6 eval=0 prior=0
[inst] req=7970816 hits=2660103 fwd=41489 rows=5310528 fwd_ms=455200.6 eval=0 prior=0
[inst] req=7979008 hits=2663257 fwd=41528 rows=5315520 fwd_ms=455589.6 eval=0 prior=0
[inst] req=7987200 hits=2666323 fwd=41568 rows=5320640 fwd_ms=456003.3 eval=0 prior=0
[inst] req=7995392 hits=2669305 fwd=41609 rows=5325888 fwd_ms=456416.7 eval=0 prior=0
[inst] req=8003584 hits=2672454 fwd=41648 rows=5330880 fwd_ms=456810.5 eval=0 prior=0
[inst] req=8011776 hits=2675417 fwd=41689 rows=5336128 fwd_ms=457221.9 eval=0 prior=0
[inst] req=8019968 hits=2678497 fwd=41729 rows=5341248 fwd_ms=457625.8 eval=0 prior=0
[inst] req=8028160 hits=2681544 fwd=41769 rows=5346368 fwd_ms=458039.2 eval=0 prior=0
[inst] req=8036352 hits=2684404 fwd=41811 rows=5351744 fwd_ms=458468.7 eval=0 prior=0
[inst] req=8044544 hits=2687707 fwd=41849 rows=5356608 fwd_ms=458855.4 eval=0 prior=0
[inst] req=8052736 hits=2690858 fwd=41889 rows=5361728 fwd_ms=459271.3 eval=0 prior=0
[inst] req=8060928 hits=2693777 fwd=41930 rows=5366976 fwd_ms=459696.5 eval=0 prior=0
[inst] req=8069120 hits=2696879 fwd=41970 rows=5372096 fwd_ms=460112.0 eval=0 prior=0
[inst] req=8077312 hits=2700050 fwd=42009 rows=5377088 fwd_ms=460508.5 eval=0 prior=0
[inst] req=8085504 hits=2703027 fwd=42050 rows=5382336 fwd_ms=460934.5 eval=0 prior=0
[inst] req=8093696 hits=2706079 fwd=42090 rows=5387456 fwd_ms=461343.8 eval=0 prior=0
[inst] req=8101888 hits=2709075 fwd=42130 rows=5392576 fwd_ms=461749.9 eval=0 prior=0
[inst] req=8110080 hits=2712005 fwd=42171 rows=5397824 fwd_ms=462166.7 eval=0 prior=0
[inst] req=8118272 hits=2715272 fwd=42210 rows=5402816 fwd_ms=462572.1 eval=0 prior=0
[inst] req=8126464 hits=2718367 fwd=42250 rows=5407936 fwd_ms=462975.5 eval=0 prior=0
[inst] req=8134656 hits=2721466 fwd=42290 rows=5413056 fwd_ms=463389.5 eval=0 prior=0
[inst] req=8142848 hits=2724617 fwd=42329 rows=5418048 fwd_ms=463785.0 eval=0 prior=0
[inst] req=8151040 hits=2727838 fwd=42368 rows=5423040 fwd_ms=464192.6 eval=0 prior=0
[inst] req=8159232 hits=2730855 fwd=42408 rows=5428160 fwd_ms=464590.8 eval=0 prior=0
[inst] req=8167424 hits=2733835 fwd=42449 rows=5433408 fwd_ms=464999.9 eval=0 prior=0
[inst] req=8175616 hits=2736901 fwd=42489 rows=5438528 fwd_ms=465406.2 eval=0 prior=0
[inst] req=8183808 hits=2739869 fwd=42530 rows=5443776 fwd_ms=465815.3 eval=0 prior=0
[inst] req=8192000 hits=2743022 fwd=42569 rows=5448768 fwd_ms=466204.1 eval=0 prior=0
[inst] req=8200192 hits=2746024 fwd=42610 rows=5454016 fwd_ms=466612.5 eval=0 prior=0
[inst] req=8208384 hits=2748806 fwd=42652 rows=5459392 fwd_ms=467030.3 eval=0 prior=0
[inst] req=8216576 hits=2751823 fwd=42692 rows=5464512 fwd_ms=467428.2 eval=0 prior=0
[inst] req=8224768 hits=2754911 fwd=42732 rows=5469632 fwd_ms=467826.9 eval=0 prior=0
[inst] req=8232960 hits=2758094 fwd=42771 rows=5474624 fwd_ms=468215.4 eval=0 prior=0
[inst] req=8241152 hits=2761029 fwd=42812 rows=5479872 fwd_ms=468623.6 eval=0 prior=0
[inst] req=8249344 hits=2763982 fwd=42853 rows=5485120 fwd_ms=469031.6 eval=0 prior=0
[inst] req=8257536 hits=2767032 fwd=42894 rows=5490368 fwd_ms=469440.6 eval=0 prior=0
[inst] req=8265728 hits=2770103 fwd=42934 rows=5495488 fwd_ms=469838.7 eval=0 prior=0
[inst] req=8273920 hits=2773061 fwd=42974 rows=5500608 fwd_ms=470236.6 eval=0 prior=0
[inst] req=8282112 hits=2776079 fwd=43015 rows=5505856 fwd_ms=470644.5 eval=0 prior=0
[inst] req=8290304 hits=2779077 fwd=43055 rows=5510976 fwd_ms=471042.3 eval=0 prior=0
[inst] req=8298496 hits=2781965 fwd=43097 rows=5516352 fwd_ms=471460.4 eval=0 prior=0
[inst] req=8306688 hits=2784985 fwd=43137 rows=5521472 fwd_ms=471858.6 eval=0 prior=0
[inst] req=8314880 hits=2788061 fwd=43177 rows=5526592 fwd_ms=472256.9 eval=0 prior=0
[inst] req=8323072 hits=2790945 fwd=43219 rows=5531968 fwd_ms=472674.9 eval=0 prior=0
[inst] req=8331264 hits=2793955 fwd=43259 rows=5537088 fwd_ms=473073.0 eval=0 prior=0
[inst] req=8339456 hits=2797148 fwd=43298 rows=5542080 fwd_ms=473461.2 eval=0 prior=0
[inst] req=8347648 hits=2800357 fwd=43337 rows=5547072 fwd_ms=473849.7 eval=0 prior=0
[inst] req=8355840 hits=2803400 fwd=43377 rows=5552192 fwd_ms=474248.8 eval=0 prior=0
[inst] req=8364032 hits=2806311 fwd=43419 rows=5557568 fwd_ms=474666.2 eval=0 prior=0
[inst] req=8372224 hits=2809274 fwd=43460 rows=5562816 fwd_ms=475074.5 eval=0 prior=0
[inst] req=8380416 hits=2812401 fwd=43499 rows=5567808 fwd_ms=475463.4 eval=0 prior=0
[inst] req=8388608 hits=2815542 fwd=43539 rows=5572928 fwd_ms=475861.1 eval=0 prior=0
[inst] req=8396800 hits=2818437 fwd=43580 rows=5578176 fwd_ms=476269.1 eval=0 prior=0
[inst] req=8404992 hits=2821443 fwd=43620 rows=5583296 fwd_ms=476667.2 eval=0 prior=0
[inst] req=8413184 hits=2824426 fwd=43661 rows=5588544 fwd_ms=477075.3 eval=0 prior=0
[inst] req=8421376 hits=2827454 fwd=43702 rows=5593792 fwd_ms=477483.6 eval=0 prior=0
[inst] req=8429568 hits=2830430 fwd=43742 rows=5598912 fwd_ms=477881.7 eval=0 prior=0
[inst] req=8437760 hits=2833462 fwd=43783 rows=5604160 fwd_ms=478289.6 eval=0 prior=0
[inst] req=8445952 hits=2836353 fwd=43824 rows=5609408 fwd_ms=478697.8 eval=0 prior=0
[inst] req=8454144 hits=2839303 fwd=43865 rows=5614656 fwd_ms=479105.8 eval=0 prior=0
[inst] req=8462336 hits=2842329 fwd=43905 rows=5619776 fwd_ms=479503.9 eval=0 prior=0
[inst] req=8470528 hits=2845368 fwd=43946 rows=5625024 fwd_ms=479912.0 eval=0 prior=0
[inst] req=8478720 hits=2848304 fwd=43987 rows=5630272 fwd_ms=480319.9 eval=0 prior=0
[inst] req=8486912 hits=2851389 fwd=44027 rows=5635392 fwd_ms=480717.6 eval=0 prior=0
[inst] req=8495104 hits=2854246 fwd=44068 rows=5640640 fwd_ms=481125.3 eval=0 prior=0
[inst] req=8503296 hits=2857192 fwd=44109 rows=5645888 fwd_ms=481533.2 eval=0 prior=0
[inst] req=8511488 hits=2860276 fwd=44149 rows=5651008 fwd_ms=481931.3 eval=0 prior=0
[inst] req=8519680 hits=2863291 fwd=44190 rows=5656256 fwd_ms=482339.4 eval=0 prior=0
[inst] req=8527872 hits=2866302 fwd=44230 rows=5661376 fwd_ms=482737.9 eval=0 prior=0
[inst] req=8536064 hits=2869185 fwd=44271 rows=5666624 fwd_ms=483146.0 eval=0 prior=0
[inst] req=8544256 hits=2872320 fwd=44311 rows=5671744 fwd_ms=483544.5 eval=0 prior=0
[inst] req=8552448 hits=2875363 fwd=44351 rows=5676864 fwd_ms=483942.6 eval=0 prior=0
[inst] req=8560640 hits=2878429 fwd=44391 rows=5681984 fwd_ms=484340.8 eval=0 prior=0
[inst] req=8568832 hits=2881657 fwd=44430 rows=5686976 fwd_ms=484729.3 eval=0 prior=0
[inst] req=8577024 hits=2884573 fwd=44471 rows=5692224 fwd_ms=485137.4 eval=0 prior=0
[inst] req=8585216 hits=2887465 fwd=44513 rows=5697600 fwd_ms=485556.4 eval=0 prior=0
[inst] req=8593408 hits=2890688 fwd=44551 rows=5702464 fwd_ms=485934.5 eval=0 prior=0
[inst] req=8601600 hits=2893638 fwd=44592 rows=5707712 fwd_ms=486342.7 eval=0 prior=0
[inst] req=8609792 hits=2896627 fwd=44633 rows=5712960 fwd_ms=486750.8 eval=0 prior=0
[inst] req=8617984 hits=2899604 fwd=44674 rows=5718208 fwd_ms=487159.0 eval=0 prior=0
[inst] req=8626176 hits=2902696 fwd=44714 rows=5723328 fwd_ms=487557.5 eval=0 prior=0
[inst] req=8634368 hits=2905603 fwd=44755 rows=5728576 fwd_ms=487965.7 eval=0 prior=0
[inst] req=8642560 hits=2908561 fwd=44796 rows=5733824 fwd_ms=488374.2 eval=0 prior=0
[inst] req=8650752 hits=2911605 fwd=44836 rows=5738944 fwd_ms=488772.4 eval=0 prior=0
[inst] req=8658944 hits=2914563 fwd=44877 rows=5744192 fwd_ms=489180.4 eval=0 prior=0
[inst] req=8667136 hits=2917466 fwd=44918 rows=5749440 fwd_ms=489589.7 eval=0 prior=0
[inst] req=8675328 hits=2920418 fwd=44959 rows=5754688 fwd_ms=490017.9 eval=0 prior=0
[inst] req=8683520 hits=2923392 fwd=45000 rows=5759936 fwd_ms=490425.9 eval=0 prior=0
[inst] req=8691712 hits=2926494 fwd=45040 rows=5765056 fwd_ms=490823.8 eval=0 prior=0
[inst] req=8699904 hits=2929507 fwd=45080 rows=5770176 fwd_ms=491230.4 eval=0 prior=0
[inst] req=8708096 hits=2932543 fwd=45121 rows=5775424 fwd_ms=491639.7 eval=0 prior=0
[inst] req=8716288 hits=2935619 fwd=45160 rows=5780416 fwd_ms=492037.4 eval=0 prior=0
[inst] req=8724480 hits=2938745 fwd=45200 rows=5785536 fwd_ms=492440.7 eval=0 prior=0
[inst] req=8732672 hits=2941838 fwd=45240 rows=5790656 fwd_ms=492846.3 eval=0 prior=0
[inst] req=8740864 hits=2944964 fwd=45279 rows=5795648 fwd_ms=493247.6 eval=0 prior=0
[inst] req=8749056 hits=2947979 fwd=45320 rows=5800896 fwd_ms=493663.6 eval=0 prior=0
[inst] req=8757248 hits=2950791 fwd=45362 rows=5806272 fwd_ms=494092.0 eval=0 prior=0
[inst] req=8765440 hits=2953823 fwd=45402 rows=5811392 fwd_ms=494494.7 eval=0 prior=0
[inst] req=8773632 hits=2956876 fwd=45442 rows=5816512 fwd_ms=494895.4 eval=0 prior=0
[inst] req=8781824 hits=2960065 fwd=45481 rows=5821504 fwd_ms=495300.4 eval=0 prior=0
[inst] req=8790016 hits=2963088 fwd=45522 rows=5826752 fwd_ms=495722.3 eval=0 prior=0
[inst] req=8798208 hits=2965993 fwd=45563 rows=5832000 fwd_ms=496132.2 eval=0 prior=0
[inst] req=8806400 hits=2969024 fwd=45603 rows=5837120 fwd_ms=496538.4 eval=0 prior=0
[inst] req=8814592 hits=2972167 fwd=45643 rows=5842240 fwd_ms=496937.2 eval=0 prior=0
[inst] req=8822784 hits=2975265 fwd=45683 rows=5847360 fwd_ms=497344.0 eval=0 prior=0
[inst] req=8830976 hits=2978297 fwd=45723 rows=5852480 fwd_ms=497741.8 eval=0 prior=0
[inst] req=8839168 hits=2981292 fwd=45764 rows=5857728 fwd_ms=498149.3 eval=0 prior=0
[inst] req=8847360 hits=2984337 fwd=45804 rows=5862848 fwd_ms=498547.1 eval=0 prior=0
[inst] req=8855552 hits=2987280 fwd=45845 rows=5868096 fwd_ms=498960.0 eval=0 prior=0
[inst] req=8863744 hits=2990223 fwd=45886 rows=5873344 fwd_ms=499372.6 eval=0 prior=0
[inst] req=8871936 hits=2993491 fwd=45924 rows=5878208 fwd_ms=499750.8 eval=0 prior=0
[inst] req=8880128 hits=2996511 fwd=45965 rows=5883456 fwd_ms=500168.5 eval=0 prior=0
[inst] req=8888320 hits=2999706 fwd=46004 rows=5888448 fwd_ms=500557.8 eval=0 prior=0
[inst] req=8896512 hits=3002651 fwd=46045 rows=5893696 fwd_ms=500969.5 eval=0 prior=0
[inst] req=8904704 hits=3005573 fwd=46086 rows=5898944 fwd_ms=501388.3 eval=0 prior=0
[inst] req=8912896 hits=3008588 fwd=46126 rows=5904064 fwd_ms=501786.5 eval=0 prior=0
[inst] req=8921088 hits=3011783 fwd=46165 rows=5909056 fwd_ms=502177.1 eval=0 prior=0
[inst] req=8929280 hits=3014911 fwd=46205 rows=5914176 fwd_ms=502582.1 eval=0 prior=0
[inst] req=8937472 hits=3018072 fwd=46244 rows=5919168 fwd_ms=502975.0 eval=0 prior=0
[inst] req=8945664 hits=3021132 fwd=46284 rows=5924288 fwd_ms=503378.0 eval=0 prior=0
[inst] req=8953856 hits=3024179 fwd=46325 rows=5929536 fwd_ms=503791.6 eval=0 prior=0
[inst] req=8962048 hits=3027316 fwd=46364 rows=5934528 fwd_ms=504188.1 eval=0 prior=0
[inst] req=8970240 hits=3030225 fwd=46405 rows=5939776 fwd_ms=506617.5 eval=0 prior=0
[inst] req=8978432 hits=3033109 fwd=46447 rows=5945152 fwd_ms=509246.3 eval=0 prior=0
[inst] req=8986624 hits=3036167 fwd=46487 rows=5950272 fwd_ms=511680.5 eval=0 prior=0
[inst] req=8994816 hits=3039060 fwd=46528 rows=5955520 fwd_ms=514256.6 eval=0 prior=0
[inst] req=9003008 hits=3041983 fwd=46570 rows=5960896 fwd_ms=516712.6 eval=0 prior=0
[inst] req=9011200 hits=3045012 fwd=46610 rows=5966016 fwd_ms=518365.9 eval=0 prior=0
[inst] req=9019392 hits=3048096 fwd=46650 rows=5971136 fwd_ms=518784.6 eval=0 prior=0
[inst] req=9027584 hits=3049663 fwd=46702 rows=5977792 fwd_ms=519321.2 eval=0 prior=0
[inst] req=9035776 hits=3051422 fwd=46752 rows=5984192 fwd_ms=519819.5 eval=0 prior=0
[inst] req=9043968 hits=3053981 fwd=46796 rows=5989824 fwd_ms=520258.2 eval=0 prior=0
[inst] req=9052160 hits=3056879 fwd=46837 rows=5995072 fwd_ms=520667.4 eval=0 prior=0
[inst] req=9060352 hits=3059783 fwd=46878 rows=6000320 fwd_ms=521076.5 eval=0 prior=0
[inst] req=9068544 hits=3062533 fwd=46921 rows=6005824 fwd_ms=521505.8 eval=0 prior=0
[inst] req=9076736 hits=3065551 fwd=46961 rows=6010944 fwd_ms=521905.4 eval=0 prior=0
[inst] req=9084928 hits=3068430 fwd=47003 rows=6016320 fwd_ms=522324.6 eval=0 prior=0
[inst] req=9093120 hits=3071356 fwd=47044 rows=6021568 fwd_ms=522734.4 eval=0 prior=0
[inst] req=9101312 hits=3074312 fwd=47085 rows=6026816 fwd_ms=523143.4 eval=0 prior=0
[inst] req=9109504 hits=3077241 fwd=47126 rows=6032064 fwd_ms=523552.3 eval=0 prior=0
[inst] req=9117696 hits=3080235 fwd=47167 rows=6037312 fwd_ms=523960.4 eval=0 prior=0
[inst] req=9125888 hits=3083098 fwd=47208 rows=6042560 fwd_ms=524369.0 eval=0 prior=0
[inst] req=9134080 hits=3086144 fwd=47248 rows=6047680 fwd_ms=524768.2 eval=0 prior=0
[inst] req=9142272 hits=3089018 fwd=47290 rows=6053056 fwd_ms=525186.4 eval=0 prior=0
[inst] req=9150464 hits=3091867 fwd=47332 rows=6058432 fwd_ms=525605.0 eval=0 prior=0
[inst] req=9158656 hits=3094803 fwd=47373 rows=6063680 fwd_ms=526013.6 eval=0 prior=0
[inst] req=9166848 hits=3097613 fwd=47415 rows=6069056 fwd_ms=526432.1 eval=0 prior=0
[inst] req=9175040 hits=3100622 fwd=47455 rows=6074176 fwd_ms=526830.7 eval=0 prior=0
[inst] req=9183232 hits=3103504 fwd=47497 rows=6079552 fwd_ms=527249.5 eval=0 prior=0
[inst] req=9191424 hits=3106402 fwd=47538 rows=6084800 fwd_ms=527657.5 eval=0 prior=0
[inst] req=9199616 hits=3109347 fwd=47579 rows=6090048 fwd_ms=528066.2 eval=0 prior=0
[inst] req=9207808 hits=3112162 fwd=47621 rows=6095424 fwd_ms=528484.4 eval=0 prior=0
[inst] req=9216000 hits=3115129 fwd=47662 rows=6100672 fwd_ms=528893.0 eval=0 prior=0
[inst] req=9224192 hits=3118244 fwd=47702 rows=6105792 fwd_ms=529292.0 eval=0 prior=0
[inst] req=9232384 hits=3121165 fwd=47743 rows=6111040 fwd_ms=529700.1 eval=0 prior=0
[inst] req=9240576 hits=3124127 fwd=47784 rows=6116288 fwd_ms=530108.6 eval=0 prior=0
[inst] req=9248768 hits=3127156 fwd=47824 rows=6121408 fwd_ms=530506.2 eval=0 prior=0
[inst] req=9256960 hits=3129974 fwd=47866 rows=6126784 fwd_ms=530923.6 eval=0 prior=0
[inst] req=9265152 hits=3133164 fwd=47905 rows=6131776 fwd_ms=531310.9 eval=0 prior=0
[inst] req=9273344 hits=3136142 fwd=47946 rows=6137024 fwd_ms=531718.4 eval=0 prior=0
[inst] req=9281536 hits=3139147 fwd=47986 rows=6142144 fwd_ms=532115.9 eval=0 prior=0
[inst] req=9289728 hits=3142016 fwd=48028 rows=6147520 fwd_ms=532533.6 eval=0 prior=0
[inst] req=9297920 hits=3145073 fwd=48068 rows=6152640 fwd_ms=532931.2 eval=0 prior=0
[inst] req=9306112 hits=3147939 fwd=48110 rows=6158016 fwd_ms=533349.4 eval=0 prior=0
[inst] req=9314304 hits=3150935 fwd=48150 rows=6163136 fwd_ms=533746.7 eval=0 prior=0
[inst] req=9322496 hits=3153793 fwd=48192 rows=6168512 fwd_ms=534164.6 eval=0 prior=0
[inst] req=9330688 hits=3156898 fwd=48232 rows=6173632 fwd_ms=534562.5 eval=0 prior=0
[inst] req=9338880 hits=3159879 fwd=48272 rows=6178752 fwd_ms=534959.9 eval=0 prior=0
[inst] req=9347072 hits=3162894 fwd=48313 rows=6184000 fwd_ms=535367.1 eval=0 prior=0
[inst] req=9355264 hits=3165887 fwd=48354 rows=6189248 fwd_ms=535774.5 eval=0 prior=0
[inst] req=9363456 hits=3168884 fwd=48394 rows=6194368 fwd_ms=536171.7 eval=0 prior=0
[inst] req=9371648 hits=3171820 fwd=48435 rows=6199616 fwd_ms=536579.4 eval=0 prior=0
[inst] req=9379840 hits=3174741 fwd=48476 rows=6204864 fwd_ms=536986.6 eval=0 prior=0
[inst] req=9388032 hits=3177718 fwd=48517 rows=6210112 fwd_ms=537393.6 eval=0 prior=0
[inst] req=9396224 hits=3180735 fwd=48558 rows=6215360 fwd_ms=537800.7 eval=0 prior=0
[inst] req=9404416 hits=3183545 fwd=48600 rows=6220736 fwd_ms=538217.5 eval=0 prior=0
[inst] req=9412608 hits=3186585 fwd=48640 rows=6225856 fwd_ms=538614.4 eval=0 prior=0
[inst] req=9420800 hits=3189668 fwd=48680 rows=6230976 fwd_ms=539012.6 eval=0 prior=0
[inst] req=9428992 hits=3192627 fwd=48721 rows=6236224 fwd_ms=539420.5 eval=0 prior=0
[inst] req=9437184 hits=3195554 fwd=48762 rows=6241472 fwd_ms=539826.9 eval=0 prior=0
[inst] req=9445376 hits=3198458 fwd=48803 rows=6246720 fwd_ms=540234.3 eval=0 prior=0
[inst] req=9453568 hits=3201498 fwd=48843 rows=6251840 fwd_ms=540632.5 eval=0 prior=0
[inst] req=9461760 hits=3204476 fwd=48884 rows=6257088 fwd_ms=541040.2 eval=0 prior=0
[inst] req=9469952 hits=3207392 fwd=48925 rows=6262336 fwd_ms=541447.3 eval=0 prior=0
[inst] req=9478144 hits=3210318 fwd=48966 rows=6267584 fwd_ms=541854.6 eval=0 prior=0
[inst] req=9486336 hits=3213436 fwd=49006 rows=6272704 fwd_ms=542252.0 eval=0 prior=0
[inst] req=9494528 hits=3216350 fwd=49047 rows=6277952 fwd_ms=542659.9 eval=0 prior=0
[inst] req=9502720 hits=3219456 fwd=49087 rows=6283072 fwd_ms=543058.4 eval=0 prior=0
[inst] req=9510912 hits=3222371 fwd=49128 rows=6288320 fwd_ms=543466.6 eval=0 prior=0
[inst] req=9519104 hits=3225572 fwd=49167 rows=6293312 fwd_ms=543854.7 eval=0 prior=0
[inst] req=9527296 hits=3228564 fwd=49208 rows=6298560 fwd_ms=544262.8 eval=0 prior=0
[inst] req=9535488 hits=3231520 fwd=49249 rows=6303808 fwd_ms=544671.0 eval=0 prior=0
[inst] req=9543680 hits=3234481 fwd=49290 rows=6309056 fwd_ms=545079.4 eval=0 prior=0
[inst] req=9551872 hits=3237372 fwd=49331 rows=6314304 fwd_ms=545487.8 eval=0 prior=0
[inst] req=9560064 hits=3240484 fwd=49371 rows=6319424 fwd_ms=545888.0 eval=0 prior=0
[inst] req=9568256 hits=3243587 fwd=49410 rows=6324416 fwd_ms=546276.7 eval=0 prior=0
[inst] req=9576448 hits=3246522 fwd=49452 rows=6329792 fwd_ms=546696.0 eval=0 prior=0
[inst] req=9584640 hits=3249421 fwd=49493 rows=6335040 fwd_ms=547104.3 eval=0 prior=0
[inst] req=9592832 hits=3252410 fwd=49534 rows=6340288 fwd_ms=547512.9 eval=0 prior=0
[inst] req=9601024 hits=3255616 fwd=49572 rows=6345152 fwd_ms=547892.4 eval=0 prior=0
[inst] req=9609216 hits=3258727 fwd=49612 rows=6350272 fwd_ms=548290.7 eval=0 prior=0
[inst] req=9617408 hits=3261557 fwd=49654 rows=6355648 fwd_ms=548708.8 eval=0 prior=0
[inst] req=9625600 hits=3264616 fwd=49694 rows=6360768 fwd_ms=549106.9 eval=0 prior=0
[inst] req=9633792 hits=3267598 fwd=49735 rows=6366016 fwd_ms=549515.4 eval=0 prior=0
[inst] req=9641984 hits=3270665 fwd=49775 rows=6371136 fwd_ms=549913.4 eval=0 prior=0
[inst] req=9650176 hits=3273523 fwd=49817 rows=6376512 fwd_ms=550331.2 eval=0 prior=0
[inst] req=9658368 hits=3276377 fwd=49858 rows=6381760 fwd_ms=550739.2 eval=0 prior=0
[inst] req=9666560 hits=3279257 fwd=49900 rows=6387136 fwd_ms=551156.5 eval=0 prior=0
[inst] req=9674752 hits=3282543 fwd=49938 rows=6392000 fwd_ms=551535.0 eval=0 prior=0
[inst] req=9682944 hits=3285575 fwd=49978 rows=6397120 fwd_ms=551933.8 eval=0 prior=0
[inst] req=9691136 hits=3288404 fwd=50020 rows=6402496 fwd_ms=552351.7 eval=0 prior=0
[inst] req=9699328 hits=3291499 fwd=50060 rows=6407616 fwd_ms=552750.1 eval=0 prior=0
[inst] req=9707520 hits=3294458 fwd=50101 rows=6412864 fwd_ms=553159.5 eval=0 prior=0
[inst] req=9715712 hits=3297478 fwd=50141 rows=6417984 fwd_ms=553557.9 eval=0 prior=0
[inst] req=9723904 hits=3300321 fwd=50183 rows=6423360 fwd_ms=553976.0 eval=0 prior=0
[inst] req=9732096 hits=3303153 fwd=50225 rows=6428736 fwd_ms=554393.8 eval=0 prior=0
[inst] req=9740288 hits=3306232 fwd=50265 rows=6433856 fwd_ms=554792.3 eval=0 prior=0
[inst] req=9748480 hits=3309232 fwd=50306 rows=6439104 fwd_ms=555201.0 eval=0 prior=0
[inst] req=9756672 hits=3312258 fwd=50346 rows=6444224 fwd_ms=555600.2 eval=0 prior=0
[inst] req=9764864 hits=3315026 fwd=50388 rows=6449600 fwd_ms=556018.3 eval=0 prior=0
[inst] req=9773056 hits=3317886 fwd=50430 rows=6454976 fwd_ms=556437.3 eval=0 prior=0
[inst] req=9781248 hits=3320841 fwd=50471 rows=6460224 fwd_ms=556845.2 eval=0 prior=0
[inst] req=9789440 hits=3323771 fwd=50512 rows=6465472 fwd_ms=557253.3 eval=0 prior=0
[inst] req=9797632 hits=3327010 fwd=50551 rows=6470464 fwd_ms=557642.5 eval=0 prior=0
[inst] req=9805824 hits=3329903 fwd=50592 rows=6475712 fwd_ms=558050.8 eval=0 prior=0
[inst] req=9814016 hits=3332758 fwd=50634 rows=6481088 fwd_ms=558469.0 eval=0 prior=0
[inst] req=9822208 hits=3335964 fwd=50673 rows=6486080 fwd_ms=558857.5 eval=0 prior=0
[inst] req=9830400 hits=3338916 fwd=50714 rows=6491328 fwd_ms=559266.0 eval=0 prior=0
[inst] req=9838592 hits=3341940 fwd=50754 rows=6496448 fwd_ms=559665.3 eval=0 prior=0
[inst] req=9846784 hits=3344961 fwd=50794 rows=6501568 fwd_ms=560064.2 eval=0 prior=0
[inst] req=9854976 hits=3348042 fwd=50834 rows=6506688 fwd_ms=560463.5 eval=0 prior=0
[inst] req=9863168 hits=3351091 fwd=50875 rows=6511936 fwd_ms=560872.4 eval=0 prior=0
[inst] req=9871360 hits=3354070 fwd=50915 rows=6517056 fwd_ms=561270.7 eval=0 prior=0
[inst] req=9879552 hits=3356993 fwd=50956 rows=6522304 fwd_ms=561679.3 eval=0 prior=0
[inst] req=9887744 hits=3360026 fwd=50997 rows=6527552 fwd_ms=562087.7 eval=0 prior=0
[inst] req=9895936 hits=3362928 fwd=51038 rows=6532800 fwd_ms=562495.8 eval=0 prior=0
[inst] req=9904128 hits=3366106 fwd=51077 rows=6537792 fwd_ms=562884.9 eval=0 prior=0
[inst] req=9912320 hits=3369019 fwd=51119 rows=6543168 fwd_ms=563303.4 eval=0 prior=0
[inst] req=9920512 hits=3371899 fwd=51160 rows=6548416 fwd_ms=563711.9 eval=0 prior=0
[inst] req=9928704 hits=3374999 fwd=51200 rows=6553536 fwd_ms=564111.0 eval=0 prior=0
[inst] req=9936896 hits=3378085 fwd=51240 rows=6558656 fwd_ms=564510.1 eval=0 prior=0
[inst] req=9945088 hits=3381137 fwd=51280 rows=6563776 fwd_ms=564909.5 eval=0 prior=0
[inst] req=9953280 hits=3384053 fwd=51321 rows=6569024 fwd_ms=565317.9 eval=0 prior=0
[inst] req=9961472 hits=3387032 fwd=51362 rows=6574272 fwd_ms=565726.8 eval=0 prior=0
[inst] req=9969664 hits=3390126 fwd=51402 rows=6579392 fwd_ms=566125.7 eval=0 prior=0
[inst] req=9977856 hits=3393211 fwd=51442 rows=6584512 fwd_ms=566524.5 eval=0 prior=0
[inst] req=9986048 hits=3396337 fwd=51481 rows=6589504 fwd_ms=566913.4 eval=0 prior=0
[inst] req=9994240 hits=3399311 fwd=51522 rows=6594752 fwd_ms=567321.6 eval=0 prior=0
[inst] req=10002432 hits=3402232 fwd=51563 rows=6600000 fwd_ms=567730.0 eval=0 prior=0
[inst] req=10010624 hits=3405262 fwd=51603 rows=6605120 fwd_ms=568127.6 eval=0 prior=0
[inst] req=10018816 hits=3408352 fwd=51643 rows=6610240 fwd_ms=568525.8 eval=0 prior=0
[inst] req=10027008 hits=3411537 fwd=51682 rows=6615232 fwd_ms=568914.9 eval=0 prior=0
[inst] req=10035200 hits=3414476 fwd=51723 rows=6620480 fwd_ms=569324.2 eval=0 prior=0
[inst] req=10043392 hits=3417440 fwd=51764 rows=6625728 fwd_ms=569732.9 eval=0 prior=0
[inst] req=10051584 hits=3420508 fwd=51804 rows=6630848 fwd_ms=570131.2 eval=0 prior=0
[inst] req=10059776 hits=3423383 fwd=51846 rows=6636224 fwd_ms=570549.7 eval=0 prior=0
[inst] req=10067968 hits=3426550 fwd=51885 rows=6641216 fwd_ms=570938.7 eval=0 prior=0
[inst] req=10076160 hits=3429543 fwd=51926 rows=6646464 fwd_ms=571347.4 eval=0 prior=0
[inst] req=10084352 hits=3432469 fwd=51967 rows=6651712 fwd_ms=571755.9 eval=0 prior=0
[inst] req=10092544 hits=3435587 fwd=52006 rows=6656704 fwd_ms=572145.7 eval=0 prior=0
[inst] req=10100736 hits=3438536 fwd=52047 rows=6661952 fwd_ms=572554.1 eval=0 prior=0
[inst] req=10108928 hits=3441737 fwd=52086 rows=6666944 fwd_ms=572942.4 eval=0 prior=0
[inst] req=10117120 hits=3444800 fwd=52126 rows=6672064 fwd_ms=573342.0 eval=0 prior=0
[inst] req=10125312 hits=3447810 fwd=52167 rows=6677312 fwd_ms=573751.1 eval=0 prior=0
[inst] req=10133504 hits=3450735 fwd=52208 rows=6682560 fwd_ms=574160.1 eval=0 prior=0
[inst] req=10141696 hits=3453728 fwd=52249 rows=6687808 fwd_ms=574567.9 eval=0 prior=0
[inst] req=10149888 hits=3456726 fwd=52289 rows=6692928 fwd_ms=574965.6 eval=0 prior=0
[inst] req=10158080 hits=3459626 fwd=52331 rows=6698304 fwd_ms=575383.3 eval=0 prior=0
[inst] req=10166272 hits=3462592 fwd=52371 rows=6703424 fwd_ms=575781.4 eval=0 prior=0
[inst] req=10174464 hits=3465553 fwd=52412 rows=6708672 fwd_ms=576190.2 eval=0 prior=0
[inst] req=10182656 hits=3468772 fwd=52451 rows=6713664 fwd_ms=576578.3 eval=0 prior=0
[inst] req=10190848 hits=3471724 fwd=52492 rows=6718912 fwd_ms=576986.6 eval=0 prior=0
[inst] req=10199040 hits=3474653 fwd=52533 rows=6724160 fwd_ms=577395.7 eval=0 prior=0
[inst] req=10207232 hits=3477487 fwd=52575 rows=6729536 fwd_ms=577814.5 eval=0 prior=0
[inst] req=10215424 hits=3480598 fwd=52615 rows=6734656 fwd_ms=578212.8 eval=0 prior=0
[inst] req=10223616 hits=3483617 fwd=52655 rows=6739776 fwd_ms=578610.4 eval=0 prior=0
[inst] req=10231808 hits=3486569 fwd=52696 rows=6745024 fwd_ms=579018.4 eval=0 prior=0
[inst] req=10240000 hits=3489533 fwd=52737 rows=6750272 fwd_ms=579426.6 eval=0 prior=0
[inst] req=10248192 hits=3492663 fwd=52777 rows=6755392 fwd_ms=579825.0 eval=0 prior=0
[inst] req=10256384 hits=3495719 fwd=52817 rows=6760512 fwd_ms=580223.3 eval=0 prior=0
[inst] req=10264576 hits=3498643 fwd=52858 rows=6765760 fwd_ms=580631.2 eval=0 prior=0
[inst] req=10272768 hits=3501602 fwd=52899 rows=6771008 fwd_ms=581039.4 eval=0 prior=0
[inst] req=10280960 hits=3504644 fwd=52939 rows=6776128 fwd_ms=581437.4 eval=0 prior=0
[inst] req=10289152 hits=3507713 fwd=52979 rows=6781248 fwd_ms=581836.7 eval=0 prior=0
[inst] req=10297344 hits=3510929 fwd=53018 rows=6786240 fwd_ms=582225.2 eval=0 prior=0
[inst] req=10305536 hits=3513921 fwd=53058 rows=6791360 fwd_ms=582624.0 eval=0 prior=0
[inst] req=10313728 hits=3516920 fwd=53099 rows=6796608 fwd_ms=583031.6 eval=0 prior=0
[inst] req=10321920 hits=3519964 fwd=53139 rows=6801728 fwd_ms=583429.6 eval=0 prior=0
[inst] req=10330112 hits=3523068 fwd=53179 rows=6806848 fwd_ms=583828.0 eval=0 prior=0
[inst] req=10338304 hits=3526224 fwd=53218 rows=6811840 fwd_ms=584216.9 eval=0 prior=0
[inst] req=10346496 hits=3529330 fwd=53258 rows=6816960 fwd_ms=584616.2 eval=0 prior=0
[inst] req=10354688 hits=3532375 fwd=53298 rows=6822080 fwd_ms=585015.0 eval=0 prior=0
[inst] req=10362880 hits=3535495 fwd=53338 rows=6827200 fwd_ms=585414.1 eval=0 prior=0
[inst] req=10371072 hits=3538733 fwd=53377 rows=6832192 fwd_ms=585803.4 eval=0 prior=0
[inst] req=10379264 hits=3541771 fwd=53417 rows=6837312 fwd_ms=586202.5 eval=0 prior=0
[inst] req=10387456 hits=3544817 fwd=53457 rows=6842432 fwd_ms=586600.7 eval=0 prior=0
[inst] req=10395648 hits=3547958 fwd=53497 rows=6847552 fwd_ms=586998.6 eval=0 prior=0
[inst] req=10403840 hits=3550910 fwd=53538 rows=6852800 fwd_ms=587406.3 eval=0 prior=0
[inst] req=10412032 hits=3553961 fwd=53578 rows=6857920 fwd_ms=587803.7 eval=0 prior=0
[inst] req=10420224 hits=3557007 fwd=53618 rows=6863040 fwd_ms=588201.5 eval=0 prior=0
[inst] req=10428416 hits=3559877 fwd=53659 rows=6868288 fwd_ms=588609.7 eval=0 prior=0
[inst] req=10436608 hits=3562772 fwd=53701 rows=6873664 fwd_ms=589027.7 eval=0 prior=0
[inst] req=10444800 hits=3565865 fwd=53741 rows=6878784 fwd_ms=589428.1 eval=0 prior=0
[inst] req=10452992 hits=3569190 fwd=53779 rows=6883648 fwd_ms=589808.0 eval=0 prior=0
[inst] req=10461184 hits=3572307 fwd=53818 rows=6888640 fwd_ms=590198.0 eval=0 prior=0
[inst] req=10469376 hits=3575376 fwd=53858 rows=6893760 fwd_ms=590597.1 eval=0 prior=0
[inst] req=10477568 hits=3578288 fwd=53900 rows=6899136 fwd_ms=591017.0 eval=0 prior=0
[inst] req=10485760 hits=3581188 fwd=53941 rows=6904384 fwd_ms=591426.9 eval=0 prior=0
[inst] req=10493952 hits=3584170 fwd=53982 rows=6909632 fwd_ms=591837.1 eval=0 prior=0
[inst] req=10502144 hits=3587128 fwd=54023 rows=6914880 fwd_ms=592246.6 eval=0 prior=0
[inst] req=10510336 hits=3590063 fwd=54064 rows=6920128 fwd_ms=592655.7 eval=0 prior=0
[inst] req=10518528 hits=3593153 fwd=54103 rows=6925120 fwd_ms=593045.3 eval=0 prior=0
[inst] req=10526720 hits=3596162 fwd=54144 rows=6930368 fwd_ms=593454.9 eval=0 prior=0
[inst] req=10534912 hits=3598931 fwd=54186 rows=6935744 fwd_ms=595695.3 eval=0 prior=0
[inst] req=10543104 hits=3601948 fwd=54227 rows=6940992 fwd_ms=597992.8 eval=0 prior=0
[inst] req=10551296 hits=3605097 fwd=54266 rows=6945984 fwd_ms=600372.9 eval=0 prior=0
[inst] req=10559488 hits=3608115 fwd=54307 rows=6951232 fwd_ms=602759.1 eval=0 prior=0
[inst] req=10567680 hits=3611313 fwd=54346 rows=6956224 fwd_ms=605009.1 eval=0 prior=0
[inst] req=10575872 hits=3614727 fwd=54383 rows=6960960 fwd_ms=607321.2 eval=0 prior=0
[inst] req=10584064 hits=3618199 fwd=54420 rows=6965696 fwd_ms=607892.3 eval=0 prior=0
[inst] req=10592256 hits=3621194 fwd=54460 rows=6970816 fwd_ms=608323.3 eval=0 prior=0
[inst] req=10600448 hits=3621862 fwd=54519 rows=6978368 fwd_ms=608911.1 eval=0 prior=0
[inst] req=10608640 hits=3624143 fwd=54565 rows=6984256 fwd_ms=609369.7 eval=0 prior=0
[inst] req=10616832 hits=3627019 fwd=54607 rows=6989632 fwd_ms=609789.4 eval=0 prior=0
[inst] req=10625024 hits=3629775 fwd=54649 rows=6995008 fwd_ms=610208.2 eval=0 prior=0
[inst] req=10633216 hits=3632372 fwd=54693 rows=7000640 fwd_ms=610647.1 eval=0 prior=0
[inst] req=10641408 hits=3635280 fwd=54734 rows=7005888 fwd_ms=611056.0 eval=0 prior=0
[inst] req=10649600 hits=3638149 fwd=54776 rows=7011264 fwd_ms=611475.2 eval=0 prior=0
[inst] req=10657792 hits=3640998 fwd=54818 rows=7016640 fwd_ms=611894.0 eval=0 prior=0
[inst] req=10665984 hits=3643945 fwd=54859 rows=7021888 fwd_ms=612302.7 eval=0 prior=0
[inst] req=10674176 hits=3646623 fwd=54902 rows=7027392 fwd_ms=612731.9 eval=0 prior=0
[inst] req=10682368 hits=3649627 fwd=54942 rows=7032512 fwd_ms=613131.1 eval=0 prior=0
[inst] req=10690560 hits=3652616 fwd=54983 rows=7037760 fwd_ms=613539.9 eval=0 prior=0
[inst] req=10698752 hits=3655376 fwd=55025 rows=7043136 fwd_ms=613959.4 eval=0 prior=0
[inst] req=10706944 hits=3658298 fwd=55067 rows=7048512 fwd_ms=614379.7 eval=0 prior=0
[inst] req=10715136 hits=3660997 fwd=55109 rows=7053888 fwd_ms=614797.6 eval=0 prior=0
[inst] req=10723328 hits=3663981 fwd=55150 rows=7059136 fwd_ms=615205.7 eval=0 prior=0
[inst] req=10731520 hits=3666926 fwd=55191 rows=7064384 fwd_ms=615615.1 eval=0 prior=0
[inst] req=10739712 hits=3669690 fwd=55234 rows=7069888 fwd_ms=616043.1 eval=0 prior=0
[inst] req=10747904 hits=3672511 fwd=55276 rows=7075264 fwd_ms=616460.7 eval=0 prior=0
[inst] req=10756096 hits=3675428 fwd=55317 rows=7080512 fwd_ms=616868.6 eval=0 prior=0
[inst] req=10764288 hits=3678280 fwd=55358 rows=7085760 fwd_ms=617276.6 eval=0 prior=0
[inst] req=10772480 hits=3681066 fwd=55401 rows=7091264 fwd_ms=617704.5 eval=0 prior=0
[inst] req=10780672 hits=3683996 fwd=55442 rows=7096512 fwd_ms=618111.9 eval=0 prior=0
[inst] req=10788864 hits=3686744 fwd=55484 rows=7101888 fwd_ms=618529.1 eval=0 prior=0
[inst] req=10797056 hits=3689661 fwd=55526 rows=7107264 fwd_ms=618946.8 eval=0 prior=0
[inst] req=10805248 hits=3692480 fwd=55567 rows=7112512 fwd_ms=619354.7 eval=0 prior=0
[inst] req=10813440 hits=3695287 fwd=55610 rows=7118016 fwd_ms=619782.9 eval=0 prior=0
[inst] req=10821632 hits=3698152 fwd=55651 rows=7123264 fwd_ms=620190.2 eval=0 prior=0
[inst] req=10829824 hits=3700999 fwd=55693 rows=7128640 fwd_ms=620606.8 eval=0 prior=0
[inst] req=10838016 hits=3703924 fwd=55734 rows=7133888 fwd_ms=621013.5 eval=0 prior=0
[inst] req=10846208 hits=3706795 fwd=55776 rows=7139264 fwd_ms=621430.8 eval=0 prior=0
[inst] req=10854400 hits=3709817 fwd=55816 rows=7144384 fwd_ms=621828.5 eval=0 prior=0
[inst] req=10862592 hits=3712437 fwd=55860 rows=7150016 fwd_ms=622265.3 eval=0 prior=0
[inst] req=10870784 hits=3715376 fwd=55901 rows=7155264 fwd_ms=622671.9 eval=0 prior=0
[inst] req=10878976 hits=3718344 fwd=55941 rows=7160384 fwd_ms=623069.3 eval=0 prior=0
[inst] req=10887168 hits=3720992 fwd=55985 rows=7166016 fwd_ms=623507.0 eval=0 prior=0
[inst] req=10895360 hits=3723860 fwd=56026 rows=7171264 fwd_ms=623913.8 eval=0 prior=0
[inst] req=10903552 hits=3726721 fwd=56068 rows=7176640 fwd_ms=624330.5 eval=0 prior=0
[inst] req=10911744 hits=3729364 fwd=56111 rows=7182144 fwd_ms=624757.4 eval=0 prior=0
[inst] req=10919936 hits=3732160 fwd=56153 rows=7187520 fwd_ms=625174.5 eval=0 prior=0
[inst] req=10928128 hits=3734910 fwd=56196 rows=7193024 fwd_ms=625601.6 eval=0 prior=0
[inst] req=10936320 hits=3737648 fwd=56239 rows=7198528 fwd_ms=626028.8 eval=0 prior=0
[inst] req=10944512 hits=3740587 fwd=56280 rows=7203776 fwd_ms=626435.4 eval=0 prior=0
[inst] req=10952704 hits=3743409 fwd=56322 rows=7209152 fwd_ms=626852.9 eval=0 prior=0
[inst] req=10960896 hits=3746182 fwd=56364 rows=7214528 fwd_ms=627269.5 eval=0 prior=0
[inst] req=10969088 hits=3748979 fwd=56406 rows=7219904 fwd_ms=627686.3 eval=0 prior=0
[inst] req=10977280 hits=3751855 fwd=56448 rows=7225280 fwd_ms=628104.3 eval=0 prior=0
[inst] req=10985472 hits=3754669 fwd=56490 rows=7230656 fwd_ms=628521.1 eval=0 prior=0
[inst] req=10993664 hits=3757619 fwd=56531 rows=7235904 fwd_ms=628929.2 eval=0 prior=0
[inst] req=11001856 hits=3760426 fwd=56573 rows=7241280 fwd_ms=629346.9 eval=0 prior=0
[inst] req=11010048 hits=3763421 fwd=56613 rows=7246400 fwd_ms=629744.5 eval=0 prior=0
[inst] req=11018240 hits=3766120 fwd=56656 rows=7251904 fwd_ms=630171.4 eval=0 prior=0
[inst] req=11026432 hits=3769166 fwd=56696 rows=7257024 fwd_ms=630569.3 eval=0 prior=0
[inst] req=11034624 hits=3772183 fwd=56737 rows=7262272 fwd_ms=630976.6 eval=0 prior=0
[inst] req=11042816 hits=3775042 fwd=56778 rows=7267520 fwd_ms=631384.1 eval=0 prior=0
[inst] req=11051008 hits=3777906 fwd=56820 rows=7272896 fwd_ms=631802.0 eval=0 prior=0
[inst] req=11059200 hits=3780763 fwd=56862 rows=7278272 fwd_ms=632220.0 eval=0 prior=0
[inst] req=11067392 hits=3783677 fwd=56903 rows=7283520 fwd_ms=632628.4 eval=0 prior=0
[inst] req=11075584 hits=3786416 fwd=56946 rows=7289024 fwd_ms=633056.2 eval=0 prior=0
[inst] req=11083776 hits=3789165 fwd=56988 rows=7294400 fwd_ms=633473.9 eval=0 prior=0
[inst] req=11091968 hits=3791970 fwd=57030 rows=7299776 fwd_ms=633891.7 eval=0 prior=0
[inst] req=11100160 hits=3794701 fwd=57073 rows=7305280 fwd_ms=634319.5 eval=0 prior=0
[inst] req=11108352 hits=3797470 fwd=57115 rows=7310656 fwd_ms=634737.5 eval=0 prior=0
[inst] req=11116544 hits=3800220 fwd=57158 rows=7316160 fwd_ms=635165.0 eval=0 prior=0
[inst] req=11124736 hits=3803006 fwd=57200 rows=7321536 fwd_ms=635582.6 eval=0 prior=0
[inst] req=11132928 hits=3805868 fwd=57242 rows=7326912 fwd_ms=636001.9 eval=0 prior=0
[inst] req=11141120 hits=3808836 fwd=57282 rows=7332032 fwd_ms=636400.9 eval=0 prior=0
[inst] req=11149312 hits=3811629 fwd=57325 rows=7337536 fwd_ms=636828.8 eval=0 prior=0
[inst] req=11157504 hits=3814374 fwd=57367 rows=7342912 fwd_ms=637246.5 eval=0 prior=0
[inst] req=11165696 hits=3817213 fwd=57409 rows=7348288 fwd_ms=637664.6 eval=0 prior=0
[inst] req=11173888 hits=3819896 fwd=57452 rows=7353792 fwd_ms=638092.5 eval=0 prior=0
[inst] req=11182080 hits=3822612 fwd=57495 rows=7359296 fwd_ms=638521.0 eval=0 prior=0
[inst] req=11190272 hits=3825508 fwd=57536 rows=7364544 fwd_ms=638929.6 eval=0 prior=0
[inst] req=11198464 hits=3828298 fwd=57578 rows=7369920 fwd_ms=639347.5 eval=0 prior=0
[inst] req=11206656 hits=3831246 fwd=57619 rows=7375168 fwd_ms=639756.0 eval=0 prior=0
[inst] req=11214848 hits=3834031 fwd=57662 rows=7380672 fwd_ms=640184.0 eval=0 prior=0
[inst] req=11223040 hits=3836959 fwd=57703 rows=7385920 fwd_ms=640592.6 eval=0 prior=0
[inst] req=11231232 hits=3839923 fwd=57744 rows=7391168 fwd_ms=641000.7 eval=0 prior=0
[inst] req=11239424 hits=3843023 fwd=57783 rows=7396160 fwd_ms=641388.8 eval=0 prior=0
[inst] req=11247616 hits=3845807 fwd=57826 rows=7401664 fwd_ms=641816.7 eval=0 prior=0
[inst] req=11255808 hits=3848547 fwd=57868 rows=7407040 fwd_ms=642234.8 eval=0 prior=0
[inst] req=11264000 hits=3851466 fwd=57909 rows=7412288 fwd_ms=642642.8 eval=0 prior=0
[inst] req=11272192 hits=3854222 fwd=57952 rows=7417792 fwd_ms=643071.2 eval=0 prior=0
[inst] req=11280384 hits=3857031 fwd=57994 rows=7423168 fwd_ms=643489.0 eval=0 prior=0
[inst] req=11288576 hits=3859818 fwd=58036 rows=7428544 fwd_ms=643907.3 eval=0 prior=0
[inst] req=11296768 hits=3862633 fwd=58078 rows=7433920 fwd_ms=644325.3 eval=0 prior=0
[inst] req=11304960 hits=3865431 fwd=58120 rows=7439296 fwd_ms=644743.6 eval=0 prior=0
[inst] req=11313152 hits=3868328 fwd=58162 rows=7444672 fwd_ms=645161.8 eval=0 prior=0
[inst] req=11321344 hits=3871151 fwd=58204 rows=7450048 fwd_ms=645579.8 eval=0 prior=0
[inst] req=11329536 hits=3873994 fwd=58245 rows=7455296 fwd_ms=645988.6 eval=0 prior=0
[inst] req=11337728 hits=3876722 fwd=58288 rows=7460800 fwd_ms=646416.9 eval=0 prior=0
[inst] req=11345920 hits=3879746 fwd=58328 rows=7465920 fwd_ms=646815.5 eval=0 prior=0
[inst] req=11354112 hits=3882423 fwd=58372 rows=7471552 fwd_ms=647253.2 eval=0 prior=0
[inst] req=11362304 hits=3885152 fwd=58414 rows=7476928 fwd_ms=647671.9 eval=0 prior=0
[inst] req=11370496 hits=3887945 fwd=58456 rows=7482304 fwd_ms=648090.2 eval=0 prior=0
[inst] req=11378688 hits=3890771 fwd=58498 rows=7487680 fwd_ms=648508.3 eval=0 prior=0
[inst] req=11386880 hits=3893586 fwd=58540 rows=7493056 fwd_ms=648927.0 eval=0 prior=0
[inst] req=11395072 hits=3896399 fwd=58582 rows=7498432 fwd_ms=649344.9 eval=0 prior=0
[inst] req=11403264 hits=3899158 fwd=58625 rows=7503936 fwd_ms=649773.3 eval=0 prior=0
[inst] req=11411456 hits=3901969 fwd=58667 rows=7509312 fwd_ms=650191.3 eval=0 prior=0
[inst] req=11419648 hits=3904746 fwd=58709 rows=7514688 fwd_ms=650608.9 eval=0 prior=0
[inst] req=11427840 hits=3907504 fwd=58752 rows=7520192 fwd_ms=651036.5 eval=0 prior=0
[inst] req=11436032 hits=3910484 fwd=58792 rows=7525312 fwd_ms=651434.5 eval=0 prior=0
[inst] req=11444224 hits=3913587 fwd=58832 rows=7530432 fwd_ms=651832.5 eval=0 prior=0
[inst] req=11452416 hits=3916443 fwd=58874 rows=7535808 fwd_ms=652250.2 eval=0 prior=0
[inst] req=11460608 hits=3919278 fwd=58916 rows=7541184 fwd_ms=652668.1 eval=0 prior=0
[inst] req=11468800 hits=3922476 fwd=58955 rows=7546176 fwd_ms=653056.6 eval=0 prior=0
[inst] req=11476992 hits=3925270 fwd=58997 rows=7551552 fwd_ms=653475.4 eval=0 prior=0
[inst] req=11485184 hits=3927903 fwd=59040 rows=7557056 fwd_ms=653903.3 eval=0 prior=0
[inst] req=11493376 hits=3930861 fwd=59081 rows=7562304 fwd_ms=654310.5 eval=0 prior=0
[inst] req=11501568 hits=3933927 fwd=59121 rows=7567424 fwd_ms=654708.6 eval=0 prior=0
[inst] req=11509760 hits=3936731 fwd=59163 rows=7572800 fwd_ms=655126.6 eval=0 prior=0
[inst] req=11517952 hits=3939508 fwd=59206 rows=7578304 fwd_ms=655554.4 eval=0 prior=0
[inst] req=11526144 hits=3942242 fwd=59248 rows=7583680 fwd_ms=655972.5 eval=0 prior=0
[inst] req=11534336 hits=3945172 fwd=59289 rows=7588928 fwd_ms=656380.3 eval=0 prior=0
[inst] req=11542528 hits=3948024 fwd=59331 rows=7594304 fwd_ms=656798.0 eval=0 prior=0
[inst] req=11550720 hits=3950712 fwd=59374 rows=7599808 fwd_ms=657226.5 eval=0 prior=0
[inst] req=11558912 hits=3953463 fwd=59417 rows=7605312 fwd_ms=657654.0 eval=0 prior=0
[inst] req=11567104 hits=3956153 fwd=59460 rows=7610816 fwd_ms=658081.6 eval=0 prior=0
[inst] req=11575296 hits=3959064 fwd=59501 rows=7616064 fwd_ms=658489.6 eval=0 prior=0
[inst] req=11583488 hits=3961935 fwd=59542 rows=7621312 fwd_ms=658897.8 eval=0 prior=0
[inst] req=11591680 hits=3964727 fwd=59585 rows=7626816 fwd_ms=659325.4 eval=0 prior=0
[inst] req=11599872 hits=3967385 fwd=59628 rows=7632320 fwd_ms=659753.2 eval=0 prior=0
[inst] req=11608064 hits=3970179 fwd=59670 rows=7637696 fwd_ms=660171.5 eval=0 prior=0
[inst] req=11616256 hits=3973001 fwd=59712 rows=7643072 fwd_ms=660589.0 eval=0 prior=0
[inst] req=11624448 hits=3975886 fwd=59753 rows=7648320 fwd_ms=660996.7 eval=0 prior=0
[inst] req=11632640 hits=3978634 fwd=59796 rows=7653824 fwd_ms=661424.1 eval=0 prior=0
[inst] req=11640832 hits=3981417 fwd=59838 rows=7659200 fwd_ms=661840.9 eval=0 prior=0
[inst] req=11649024 hits=3984253 fwd=59880 rows=7664576 fwd_ms=662258.4 eval=0 prior=0
[inst] req=11657216 hits=3987113 fwd=59922 rows=7669952 fwd_ms=662676.1 eval=0 prior=0
[inst] req=11665408 hits=3989941 fwd=59964 rows=7675328 fwd_ms=663093.1 eval=0 prior=0
[inst] req=11673600 hits=3992727 fwd=60006 rows=7680704 fwd_ms=663510.4 eval=0 prior=0
[inst] req=11681792 hits=3995618 fwd=60047 rows=7685952 fwd_ms=663918.3 eval=0 prior=0
[inst] req=11689984 hits=3998282 fwd=60090 rows=7691456 fwd_ms=664346.3 eval=0 prior=0
[inst] req=11698176 hits=4001065 fwd=60133 rows=7696960 fwd_ms=664774.3 eval=0 prior=0
[inst] req=11706368 hits=4003910 fwd=60174 rows=7702208 fwd_ms=665183.1 eval=0 prior=0
[inst] req=11714560 hits=4006768 fwd=60216 rows=7707584 fwd_ms=665601.0 eval=0 prior=0
[inst] req=11722752 hits=4009560 fwd=60258 rows=7712960 fwd_ms=666020.3 eval=0 prior=0
[inst] req=11730944 hits=4012362 fwd=60300 rows=7718336 fwd_ms=666437.4 eval=0 prior=0
[inst] req=11739136 hits=4015197 fwd=60342 rows=7723712 fwd_ms=666855.7 eval=0 prior=0
[inst] req=11747328 hits=4017951 fwd=60385 rows=7729216 fwd_ms=667283.4 eval=0 prior=0
[inst] req=11755520 hits=4020659 fwd=60428 rows=7734720 fwd_ms=667711.0 eval=0 prior=0
[inst] req=11763712 hits=4023387 fwd=60470 rows=7740096 fwd_ms=668129.1 eval=0 prior=0
[inst] req=11771904 hits=4026048 fwd=60513 rows=7745600 fwd_ms=668557.1 eval=0 prior=0
[inst] req=11780096 hits=4028853 fwd=60556 rows=7751104 fwd_ms=668984.6 eval=0 prior=0
[inst] req=11788288 hits=4031643 fwd=60598 rows=7756480 fwd_ms=669402.7 eval=0 prior=0
[inst] req=11796480 hits=4034366 fwd=60641 rows=7761984 fwd_ms=669830.8 eval=0 prior=0
[inst] req=11804672 hits=4037131 fwd=60683 rows=7767360 fwd_ms=670248.1 eval=0 prior=0
[inst] req=11812864 hits=4039882 fwd=60725 rows=7772736 fwd_ms=670666.4 eval=0 prior=0
[inst] req=11821056 hits=4042577 fwd=60768 rows=7778240 fwd_ms=671093.8 eval=0 prior=0
[inst] req=11829248 hits=4045312 fwd=60811 rows=7783744 fwd_ms=671521.5 eval=0 prior=0
[inst] req=11837440 hits=4048256 fwd=60852 rows=7788992 fwd_ms=671930.4 eval=0 prior=0
[inst] req=11845632 hits=4050992 fwd=60895 rows=7794496 fwd_ms=672358.9 eval=0 prior=0
[inst] req=11853824 hits=4053671 fwd=60938 rows=7800000 fwd_ms=672787.5 eval=0 prior=0
[inst] req=11862016 hits=4056510 fwd=60980 rows=7805376 fwd_ms=673205.8 eval=0 prior=0
[inst] req=11870208 hits=4059338 fwd=61021 rows=7810624 fwd_ms=673614.5 eval=0 prior=0
[inst] req=11878400 hits=4062083 fwd=61064 rows=7816128 fwd_ms=674042.6 eval=0 prior=0
[inst] req=11886592 hits=4064850 fwd=61106 rows=7821504 fwd_ms=674460.9 eval=0 prior=0
[inst] req=11894784 hits=4067636 fwd=61149 rows=7827008 fwd_ms=674889.1 eval=0 prior=0
[inst] req=11902976 hits=4070272 fwd=61192 rows=7832512 fwd_ms=675317.3 eval=0 prior=0
[inst] req=11911168 hits=4073058 fwd=61234 rows=7837888 fwd_ms=675735.7 eval=0 prior=0
[inst] req=11919360 hits=4075790 fwd=61277 rows=7843392 fwd_ms=676164.3 eval=0 prior=0
[inst] req=11927552 hits=4078499 fwd=61320 rows=7848896 fwd_ms=676592.7 eval=0 prior=0
[inst] req=11935744 hits=4081294 fwd=61362 rows=7854272 fwd_ms=677011.0 eval=0 prior=0
[inst] req=11943936 hits=4084162 fwd=61403 rows=7859520 fwd_ms=677419.3 eval=0 prior=0
[inst] req=11952128 hits=4086819 fwd=61447 rows=7865152 fwd_ms=677857.6 eval=0 prior=0
[inst] req=11960320 hits=4089625 fwd=61489 rows=7870528 fwd_ms=678276.4 eval=0 prior=0
[inst] req=11968512 hits=4092605 fwd=61530 rows=7875776 fwd_ms=678685.2 eval=0 prior=0
[inst] req=11976704 hits=4095488 fwd=61571 rows=7881024 fwd_ms=679094.2 eval=0 prior=0
[inst] req=11984896 hits=4098569 fwd=61611 rows=7886144 fwd_ms=679492.5 eval=0 prior=0
[inst] req=11993088 hits=4101224 fwd=61654 rows=7891648 fwd_ms=679920.6 eval=0 prior=0
[inst] req=12001280 hits=4103993 fwd=61697 rows=7897152 fwd_ms=680349.0 eval=0 prior=0
[inst] req=12009472 hits=4106813 fwd=61739 rows=7902528 fwd_ms=680767.7 eval=0 prior=0
[inst] req=12017664 hits=4109664 fwd=61780 rows=7907776 fwd_ms=681176.4 eval=0 prior=0
[inst] req=12025856 hits=4112339 fwd=61823 rows=7913280 fwd_ms=681604.2 eval=0 prior=0
[inst] req=12034048 hits=4115166 fwd=61865 rows=7918656 fwd_ms=682022.1 eval=0 prior=0
[inst] req=12042240 hits=4117937 fwd=61908 rows=7924160 fwd_ms=682450.1 eval=0 prior=0
[inst] req=12050432 hits=4120682 fwd=61950 rows=7929536 fwd_ms=682868.3 eval=0 prior=0
[inst] req=12058624 hits=4123411 fwd=61993 rows=7935040 fwd_ms=683296.7 eval=0 prior=0
[inst] req=12066816 hits=4126168 fwd=62035 rows=7940416 fwd_ms=683714.9 eval=0 prior=0
[inst] req=12075008 hits=4128894 fwd=62078 rows=7945920 fwd_ms=684143.0 eval=0 prior=0
[inst] req=12083200 hits=4131691 fwd=62120 rows=7951296 fwd_ms=684561.3 eval=0 prior=0
[inst] req=12091392 hits=4134415 fwd=62163 rows=7956800 fwd_ms=684989.4 eval=0 prior=0
[inst] req=12099584 hits=4137317 fwd=62204 rows=7962048 fwd_ms=685398.7 eval=0 prior=0
[inst] req=12107776 hits=4140057 fwd=62247 rows=7967552 fwd_ms=685828.8 eval=0 prior=0
[inst] req=12115968 hits=4142708 fwd=62290 rows=7973056 fwd_ms=686258.2 eval=0 prior=0
[inst] req=12124160 hits=4145484 fwd=62332 rows=7978432 fwd_ms=686678.2 eval=0 prior=0
[inst] req=12132352 hits=4148374 fwd=62374 rows=7983808 fwd_ms=687098.0 eval=0 prior=0
[inst] req=12140544 hits=4151200 fwd=62416 rows=7989184 fwd_ms=687517.1 eval=0 prior=0
[inst] req=12148736 hits=4153845 fwd=62459 rows=7994688 fwd_ms=687946.6 eval=0 prior=0
[inst] req=12156928 hits=4156606 fwd=62502 rows=8000192 fwd_ms=688374.5 eval=0 prior=0
[inst] req=12165120 hits=4159270 fwd=62545 rows=8005696 fwd_ms=688802.8 eval=0 prior=0
[inst] req=12173312 hits=4161964 fwd=62588 rows=8011200 fwd_ms=689232.1 eval=0 prior=0
[inst] req=12181504 hits=4164845 fwd=62629 rows=8016448 fwd_ms=689641.0 eval=0 prior=0
[inst] req=12189696 hits=4167757 fwd=62670 rows=8021696 fwd_ms=692233.5 eval=0 prior=0
[inst] req=12197888 hits=4170575 fwd=62712 rows=8027072 fwd_ms=694884.3 eval=0 prior=0
[inst] req=12206080 hits=4173630 fwd=62753 rows=8032320 fwd_ms=697337.4 eval=0 prior=0
[inst] req=12214272 hits=4176229 fwd=62796 rows=8037824 fwd_ms=699897.5 eval=0 prior=0
[inst] req=12222464 hits=4179189 fwd=62837 rows=8043072 fwd_ms=702155.3 eval=0 prior=0
[inst] req=12230656 hits=4181898 fwd=62880 rows=8048576 fwd_ms=703841.4 eval=0 prior=0
[inst] req=12238848 hits=4184714 fwd=62922 rows=8053952 fwd_ms=704281.3 eval=0 prior=0
[inst] req=12247040 hits=4186069 fwd=62975 rows=8060736 fwd_ms=704827.6 eval=0 prior=0
[inst] req=12255232 hits=4187855 fwd=63025 rows=8067136 fwd_ms=705326.1 eval=0 prior=0
[inst] req=12263424 hits=4190523 fwd=63069 rows=8072768 fwd_ms=705765.1 eval=0 prior=0
[inst] req=12271616 hits=4193474 fwd=63109 rows=8077888 fwd_ms=706164.0 eval=0 prior=0
[inst] req=12279808 hits=4196258 fwd=63152 rows=8083392 fwd_ms=706593.3 eval=0 prior=0
[inst] req=12288000 hits=4199043 fwd=63194 rows=8088768 fwd_ms=707012.4 eval=0 prior=0
[inst] req=12296192 hits=4201949 fwd=63235 rows=8094016 fwd_ms=707421.4 eval=0 prior=0
[inst] req=12304384 hits=4204841 fwd=63277 rows=8099392 fwd_ms=707840.7 eval=0 prior=0
[inst] req=12312576 hits=4207817 fwd=63317 rows=8104512 fwd_ms=708240.1 eval=0 prior=0
[inst] req=12320768 hits=4210547 fwd=63360 rows=8110016 fwd_ms=708669.9 eval=0 prior=0
[inst] req=12328960 hits=4213383 fwd=63402 rows=8115392 fwd_ms=709089.1 eval=0 prior=0
[inst] req=12337152 hits=4216431 fwd=63442 rows=8120512 fwd_ms=709488.3 eval=0 prior=0
[inst] req=12345344 hits=4219492 fwd=63482 rows=8125632 fwd_ms=709887.2 eval=0 prior=0
[inst] req=12353536 hits=4222560 fwd=63522 rows=8130752 fwd_ms=710286.0 eval=0 prior=0
[inst] req=12361728 hits=4225371 fwd=63564 rows=8136128 fwd_ms=710705.1 eval=0 prior=0
[inst] req=12369920 hits=4228164 fwd=63606 rows=8141504 fwd_ms=711124.5 eval=0 prior=0
[inst] req=12378112 hits=4231314 fwd=63646 rows=8146624 fwd_ms=711523.9 eval=0 prior=0
[inst] req=12386304 hits=4234170 fwd=63688 rows=8152000 fwd_ms=711942.8 eval=0 prior=0
[inst] req=12394496 hits=4237181 fwd=63728 rows=8157120 fwd_ms=712341.6 eval=0 prior=0
[inst] req=12402688 hits=4240094 fwd=63769 rows=8162368 fwd_ms=712750.3 eval=0 prior=0
[inst] req=12410880 hits=4243104 fwd=63810 rows=8167616 fwd_ms=713159.1 eval=0 prior=0
[inst] req=12419072 hits=4246064 fwd=63851 rows=8172864 fwd_ms=713567.2 eval=0 prior=0
[inst] req=12427264 hits=4249272 fwd=63890 rows=8177856 fwd_ms=713955.3 eval=0 prior=0
[inst] req=12435456 hits=4252359 fwd=63929 rows=8182848 fwd_ms=714343.8 eval=0 prior=0
[inst] req=12443648 hits=4255115 fwd=63972 rows=8188352 fwd_ms=714771.6 eval=0 prior=0
[inst] req=12451840 hits=4258074 fwd=64013 rows=8193600 fwd_ms=715180.2 eval=0 prior=0
[inst] req=12460032 hits=4260987 fwd=64054 rows=8198848 fwd_ms=715587.5 eval=0 prior=0
[inst] req=12468224 hits=4264012 fwd=64094 rows=8203968 fwd_ms=715985.1 eval=0 prior=0
[inst] req=12476416 hits=4267096 fwd=64134 rows=8209088 fwd_ms=716383.2 eval=0 prior=0
[inst] req=12484608 hits=4270044 fwd=64175 rows=8214336 fwd_ms=716790.5 eval=0 prior=0
[inst] req=12492800 hits=4272889 fwd=64217 rows=8219712 fwd_ms=717208.0 eval=0 prior=0
[inst] req=12500992 hits=4275785 fwd=64258 rows=8224960 fwd_ms=717615.2 eval=0 prior=0
[inst] req=12509184 hits=4278696 fwd=64300 rows=8230336 fwd_ms=718033.6 eval=0 prior=0
[inst] req=12517376 hits=4281559 fwd=64341 rows=8235584 fwd_ms=718442.1 eval=0 prior=0
[inst] req=12525568 hits=4284382 fwd=64383 rows=8240960 fwd_ms=718860.2 eval=0 prior=0
[inst] req=12533760 hits=4287283 fwd=64425 rows=8246336 fwd_ms=719277.4 eval=0 prior=0
[inst] req=12541952 hits=4290077 fwd=64467 rows=8251712 fwd_ms=719694.2 eval=0 prior=0
[inst] req=12550144 hits=4293113 fwd=64507 rows=8256832 fwd_ms=720091.3 eval=0 prior=0
[inst] req=12558336 hits=4296079 fwd=64548 rows=8262080 fwd_ms=720500.6 eval=0 prior=0
[inst] req=12566528 hits=4299077 fwd=64588 rows=8267200 fwd_ms=720898.6 eval=0 prior=0
[inst] req=12574720 hits=4301906 fwd=64630 rows=8272576 fwd_ms=721314.9 eval=0 prior=0
[inst] req=12582912 hits=4304979 fwd=64670 rows=8277696 fwd_ms=721712.6 eval=0 prior=0
[inst] req=12591104 hits=4307824 fwd=64712 rows=8283072 fwd_ms=722130.1 eval=0 prior=0
[inst] req=12599296 hits=4310822 fwd=64753 rows=8288320 fwd_ms=722538.5 eval=0 prior=0
[inst] req=12607488 hits=4313672 fwd=64794 rows=8293568 fwd_ms=722944.9 eval=0 prior=0
[inst] req=12615680 hits=4316450 fwd=64837 rows=8299072 fwd_ms=723370.7 eval=0 prior=0
[inst] req=12623872 hits=4319470 fwd=64877 rows=8304192 fwd_ms=723768.6 eval=0 prior=0
[inst] req=12632064 hits=4322187 fwd=64920 rows=8309696 fwd_ms=724196.3 eval=0 prior=0
[inst] req=12640256 hits=4324965 fwd=64962 rows=8315072 fwd_ms=724612.8 eval=0 prior=0
[inst] req=12648448 hits=4327946 fwd=65003 rows=8320320 fwd_ms=725019.6 eval=0 prior=0
[inst] req=12656640 hits=4330935 fwd=65044 rows=8325568 fwd_ms=725427.3 eval=0 prior=0
[inst] req=12664832 hits=4333977 fwd=65084 rows=8330688 fwd_ms=725825.1 eval=0 prior=0
[inst] req=12673024 hits=4336873 fwd=65125 rows=8335936 fwd_ms=726232.1 eval=0 prior=0
[inst] req=12681216 hits=4339799 fwd=65166 rows=8341184 fwd_ms=726641.0 eval=0 prior=0
[inst] req=12689408 hits=4342784 fwd=65207 rows=8346432 fwd_ms=727048.7 eval=0 prior=0
[inst] req=12697600 hits=4345672 fwd=65248 rows=8351680 fwd_ms=727456.4 eval=0 prior=0
[inst] req=12705792 hits=4348660 fwd=65289 rows=8356928 fwd_ms=727864.4 eval=0 prior=0
[inst] req=12713984 hits=4351652 fwd=65330 rows=8362176 fwd_ms=728272.8 eval=0 prior=0
[inst] req=12722176 hits=4354690 fwd=65370 rows=8367296 fwd_ms=728670.8 eval=0 prior=0
[inst] req=12730368 hits=4357638 fwd=65411 rows=8372544 fwd_ms=729078.6 eval=0 prior=0
[inst] req=12738560 hits=4360699 fwd=65451 rows=8377664 fwd_ms=729476.1 eval=0 prior=0
[inst] req=12746752 hits=4363889 fwd=65490 rows=8382656 fwd_ms=729864.5 eval=0 prior=0
[inst] req=12754944 hits=4366813 fwd=65531 rows=8387904 fwd_ms=730273.2 eval=0 prior=0
[inst] req=12763136 hits=4369733 fwd=65572 rows=8393152 fwd_ms=730681.1 eval=0 prior=0
[inst] req=12771328 hits=4372690 fwd=65613 rows=8398400 fwd_ms=731089.0 eval=0 prior=0
[inst] req=12779520 hits=4375814 fwd=65653 rows=8403520 fwd_ms=731487.2 eval=0 prior=0
[inst] req=12787712 hits=4378666 fwd=65695 rows=8408896 fwd_ms=731905.1 eval=0 prior=0
[inst] req=12795904 hits=4381601 fwd=65736 rows=8414144 fwd_ms=732313.4 eval=0 prior=0
[inst] req=12804096 hits=4384510 fwd=65777 rows=8419392 fwd_ms=732721.9 eval=0 prior=0
[inst] req=12812288 hits=4387487 fwd=65818 rows=8424640 fwd_ms=733130.9 eval=0 prior=0
[inst] req=12820480 hits=4390463 fwd=65859 rows=8429888 fwd_ms=733539.9 eval=0 prior=0
[inst] req=12828672 hits=4393505 fwd=65899 rows=8435008 fwd_ms=733938.4 eval=0 prior=0
[inst] req=12836864 hits=4396447 fwd=65940 rows=8440256 fwd_ms=734346.6 eval=0 prior=0
[inst] req=12845056 hits=4399293 fwd=65982 rows=8445632 fwd_ms=734765.1 eval=0 prior=0
[inst] req=12853248 hits=4402257 fwd=66022 rows=8450752 fwd_ms=735163.1 eval=0 prior=0
[inst] req=12861440 hits=4405263 fwd=66063 rows=8456000 fwd_ms=735571.2 eval=0 prior=0
[inst] req=12869632 hits=4408176 fwd=66104 rows=8461248 fwd_ms=735979.0 eval=0 prior=0
[inst] req=12877824 hits=4411197 fwd=66145 rows=8466496 fwd_ms=736387.9 eval=0 prior=0
[inst] req=12886016 hits=4413975 fwd=66187 rows=8471872 fwd_ms=736806.0 eval=0 prior=0
[inst] req=12894208 hits=4417046 fwd=66227 rows=8476992 fwd_ms=737204.1 eval=0 prior=0
[inst] req=12902400 hits=4419856 fwd=66269 rows=8482368 fwd_ms=737621.9 eval=0 prior=0
[inst] req=12910592 hits=4423031 fwd=66308 rows=8487360 fwd_ms=738010.5 eval=0 prior=0
[inst] req=12918784 hits=4426215 fwd=66347 rows=8492352 fwd_ms=738398.9 eval=0 prior=0
[inst] req=12926976 hits=4429013 fwd=66389 rows=8497728 fwd_ms=738816.7 eval=0 prior=0
[inst] req=12935168 hits=4431838 fwd=66431 rows=8503104 fwd_ms=739234.7 eval=0 prior=0
[inst] req=12943360 hits=4434837 fwd=66472 rows=8508352 fwd_ms=739642.8 eval=0 prior=0
[inst] req=12951552 hits=4437791 fwd=66513 rows=8513600 fwd_ms=740051.1 eval=0 prior=0
[inst] req=12959744 hits=4440789 fwd=66553 rows=8518720 fwd_ms=740449.2 eval=0 prior=0
[inst] req=12967936 hits=4443599 fwd=66595 rows=8524096 fwd_ms=740867.2 eval=0 prior=0
[inst] req=12976128 hits=4446442 fwd=66637 rows=8529472 fwd_ms=741285.2 eval=0 prior=0
[inst] req=12984320 hits=4449513 fwd=66677 rows=8534592 fwd_ms=741683.4 eval=0 prior=0
[inst] req=12992512 hits=4452601 fwd=66717 rows=8539712 fwd_ms=742081.7 eval=0 prior=0
[inst] req=13000704 hits=4455505 fwd=66758 rows=8544960 fwd_ms=742489.9 eval=0 prior=0
[inst] req=13008896 hits=4458329 fwd=66800 rows=8550336 fwd_ms=742908.7 eval=0 prior=0
[inst] req=13017088 hits=4461284 fwd=66841 rows=8555584 fwd_ms=743317.0 eval=0 prior=0
[inst] req=13025280 hits=4464225 fwd=66882 rows=8560832 fwd_ms=743725.2 eval=0 prior=0
[inst] req=13033472 hits=4467213 fwd=66923 rows=8566080 fwd_ms=744133.7 eval=0 prior=0
[inst] req=13041664 hits=4470022 fwd=66965 rows=8571456 fwd_ms=744552.1 eval=0 prior=0
[inst] req=13049856 hits=4472919 fwd=67006 rows=8576704 fwd_ms=744960.3 eval=0 prior=0
[inst] req=13058048 hits=4475940 fwd=67047 rows=8581952 fwd_ms=745369.0 eval=0 prior=0
[inst] req=13066240 hits=4478788 fwd=67088 rows=8587200 fwd_ms=745778.0 eval=0 prior=0
[inst] req=13074432 hits=4481951 fwd=67128 rows=8592320 fwd_ms=746177.4 eval=0 prior=0
[inst] req=13082624 hits=4485159 fwd=67167 rows=8597312 fwd_ms=746565.9 eval=0 prior=0
[inst] req=13090816 hits=4487911 fwd=67209 rows=8602688 fwd_ms=746983.9 eval=0 prior=0
[inst] req=13099008 hits=4490935 fwd=67250 rows=8607936 fwd_ms=747392.2 eval=0 prior=0
[inst] req=13107200 hits=4493824 fwd=67291 rows=8613184 fwd_ms=747800.7 eval=0 prior=0
[inst] req=13115392 hits=4496617 fwd=67333 rows=8618560 fwd_ms=748218.7 eval=0 prior=0
[inst] req=13123584 hits=4499731 fwd=67373 rows=8623680 fwd_ms=748616.9 eval=0 prior=0
[inst] req=13131776 hits=4502623 fwd=67414 rows=8628928 fwd_ms=749025.1 eval=0 prior=0
[inst] req=13139968 hits=4505571 fwd=67455 rows=8634176 fwd_ms=749433.6 eval=0 prior=0
[inst] req=13148160 hits=4508492 fwd=67496 rows=8639424 fwd_ms=749841.7 eval=0 prior=0
[inst] req=13156352 hits=4511280 fwd=67539 rows=8644928 fwd_ms=750269.9 eval=0 prior=0
[inst] req=13164544 hits=4514307 fwd=67579 rows=8650048 fwd_ms=750668.0 eval=0 prior=0
[inst] req=13172736 hits=4517190 fwd=67620 rows=8655296 fwd_ms=751076.6 eval=0 prior=0
[inst] req=13180928 hits=4520235 fwd=67661 rows=8660544 fwd_ms=751485.2 eval=0 prior=0
[inst] req=13189120 hits=4523181 fwd=67702 rows=8665792 fwd_ms=751894.4 eval=0 prior=0
[inst] req=13197312 hits=4526272 fwd=67741 rows=8670784 fwd_ms=752283.1 eval=0 prior=0
[inst] req=13205504 hits=4529244 fwd=67782 rows=8676032 fwd_ms=752692.3 eval=0 prior=0
[inst] req=13213696 hits=4532255 fwd=67823 rows=8681280 fwd_ms=753101.1 eval=0 prior=0
[inst] req=13221888 hits=4535193 fwd=67864 rows=8686528 fwd_ms=753509.5 eval=0 prior=0
[inst] req=13230080 hits=4538206 fwd=67904 rows=8691648 fwd_ms=753908.1 eval=0 prior=0
[inst] req=13238272 hits=4540973 fwd=67947 rows=8697152 fwd_ms=754336.5 eval=0 prior=0
[inst] req=13246464 hits=4544053 fwd=67987 rows=8702272 fwd_ms=754734.4 eval=0 prior=0
[inst] req=13254656 hits=4547012 fwd=68027 rows=8707392 fwd_ms=755132.7 eval=0 prior=0
[inst] req=13262848 hits=4550112 fwd=68067 rows=8712512 fwd_ms=755531.0 eval=0 prior=0
[inst] req=13271040 hits=4553107 fwd=68108 rows=8717760 fwd_ms=755939.3 eval=0 prior=0
[inst] req=13279232 hits=4556031 fwd=68149 rows=8723008 fwd_ms=756347.3 eval=0 prior=0
[inst] req=13287424 hits=4558883 fwd=68191 rows=8728384 fwd_ms=756765.3 eval=0 prior=0
[inst] req=13295616 hits=4561796 fwd=68232 rows=8733632 fwd_ms=757173.4 eval=0 prior=0
[inst] req=13303808 hits=4564847 fwd=68272 rows=8738752 fwd_ms=757571.7 eval=0 prior=0
[inst] req=13312000 hits=4567915 fwd=68312 rows=8743872 fwd_ms=757970.0 eval=0 prior=0
[inst] req=13320192 hits=4570944 fwd=68352 rows=8748992 fwd_ms=758368.9 eval=0 prior=0
[inst] req=13328384 hits=4573887 fwd=68394 rows=8754368 fwd_ms=758787.1 eval=0 prior=0
[inst] req=13336576 hits=4576757 fwd=68435 rows=8759616 fwd_ms=759195.9 eval=0 prior=0
[inst] req=13344768 hits=4579695 fwd=68476 rows=8764864 fwd_ms=759604.3 eval=0 prior=0
[inst] req=13352960 hits=4582580 fwd=68518 rows=8770240 fwd_ms=760023.0 eval=0 prior=0
[inst] req=13361152 hits=4585476 fwd=68559 rows=8775488 fwd_ms=760432.3 eval=0 prior=0
[inst] req=13369344 hits=4588494 fwd=68599 rows=8780608 fwd_ms=760831.1 eval=0 prior=0
[inst] req=13377536 hits=4591341 fwd=68641 rows=8785984 fwd_ms=761249.2 eval=0 prior=0
[inst] req=13385728 hits=4594176 fwd=68683 rows=8791360 fwd_ms=761667.8 eval=0 prior=0
[inst] req=13393920 hits=4597149 fwd=68724 rows=8796608 fwd_ms=762076.7 eval=0 prior=0
[inst] req=13402112 hits=4600119 fwd=68765 rows=8801856 fwd_ms=762486.1 eval=0 prior=0
[inst] req=13410304 hits=4603300 fwd=68804 rows=8806848 fwd_ms=762874.8 eval=0 prior=0
[inst] req=13418496 hits=4606257 fwd=68845 rows=8812096 fwd_ms=763283.4 eval=0 prior=0
[inst] req=13426688 hits=4609331 fwd=68885 rows=8817216 fwd_ms=763683.8 eval=0 prior=0
[inst] req=13434880 hits=4612100 fwd=68927 rows=8822592 fwd_ms=764102.3 eval=0 prior=0
[inst] req=13443072 hits=4615219 fwd=68967 rows=8827712 fwd_ms=764500.9 eval=0 prior=0
[inst] req=13451264 hits=4618192 fwd=69007 rows=8832832 fwd_ms=764899.6 eval=0 prior=0
[inst] req=13459456 hits=4621349 fwd=69047 rows=8837952 fwd_ms=765298.4 eval=0 prior=0
[inst] req=13467648 hits=4624449 fwd=69086 rows=8842944 fwd_ms=765687.4 eval=0 prior=0
[inst] req=13475840 hits=4627531 fwd=69126 rows=8848064 fwd_ms=766085.7 eval=0 prior=0
[inst] req=13484032 hits=4630490 fwd=69167 rows=8853312 fwd_ms=766494.4 eval=0 prior=0
[inst] req=13492224 hits=4633459 fwd=69208 rows=8858560 fwd_ms=766902.9 eval=0 prior=0
[inst] req=13500416 hits=4636516 fwd=69248 rows=8863680 fwd_ms=767301.3 eval=0 prior=0
[inst] req=13508608 hits=4639657 fwd=69288 rows=8868800 fwd_ms=767699.9 eval=0 prior=0
[inst] req=13516800 hits=4642585 fwd=69329 rows=8874048 fwd_ms=768107.9 eval=0 prior=0
[inst] req=13524992 hits=4645418 fwd=69371 rows=8879424 fwd_ms=768525.7 eval=0 prior=0
[inst] req=13533184 hits=4648352 fwd=69412 rows=8884672 fwd_ms=768933.9 eval=0 prior=0
[inst] req=13541376 hits=4651405 fwd=69452 rows=8889792 fwd_ms=769332.3 eval=0 prior=0
[inst] req=13549568 hits=4654579 fwd=69491 rows=8894784 fwd_ms=769720.8 eval=0 prior=0
[inst] req=13557760 hits=4657531 fwd=69532 rows=8900032 fwd_ms=770129.4 eval=0 prior=0
[inst] req=13565952 hits=4660489 fwd=69573 rows=8905280 fwd_ms=770537.8 eval=0 prior=0
[inst] req=13574144 hits=4663480 fwd=69614 rows=8910528 fwd_ms=770945.9 eval=0 prior=0
[inst] req=13582336 hits=4666504 fwd=69654 rows=8915648 fwd_ms=771345.1 eval=0 prior=0
[inst] req=13590528 hits=4669458 fwd=69695 rows=8920896 fwd_ms=771753.9 eval=0 prior=0
[inst] req=13598720 hits=4672324 fwd=69736 rows=8926144 fwd_ms=772163.7 eval=0 prior=0
[inst] req=13606912 hits=4675303 fwd=69777 rows=8931392 fwd_ms=772572.4 eval=0 prior=0
[inst] req=13615104 hits=4678216 fwd=69818 rows=8936640 fwd_ms=772982.1 eval=0 prior=0
[inst] req=13623296 hits=4681189 fwd=69859 rows=8941888 fwd_ms=773391.3 eval=0 prior=0
[inst] req=13631488 hits=4684351 fwd=69899 rows=8947008 fwd_ms=773790.1 eval=0 prior=0
[inst] req=13639680 hits=4687373 fwd=69939 rows=8952128 fwd_ms=774189.2 eval=0 prior=0
[inst] req=13647872 hits=4690218 fwd=69981 rows=8957504 fwd_ms=774608.0 eval=0 prior=0
[inst] req=13656064 hits=4693344 fwd=70020 rows=8962496 fwd_ms=774997.3 eval=0 prior=0
[inst] req=13664256 hits=4696380 fwd=70061 rows=8967744 fwd_ms=775406.2 eval=0 prior=0
[inst] req=13672448 hits=4699355 fwd=70101 rows=8972864 fwd_ms=775805.5 eval=0 prior=0
[inst] req=13680640 hits=4702445 fwd=70141 rows=8977984 fwd_ms=776205.1 eval=0 prior=0
[inst] req=13688832 hits=4705218 fwd=70183 rows=8983360 fwd_ms=776624.8 eval=0 prior=0
[inst] req=13697024 hits=4708308 fwd=70223 rows=8988480 fwd_ms=777024.2 eval=0 prior=0
[inst] req=13705216 hits=4711379 fwd=70263 rows=8993600 fwd_ms=777423.6 eval=0 prior=0
[inst] req=13713408 hits=4714529 fwd=70303 rows=8998720 fwd_ms=777822.5 eval=0 prior=0
[inst] req=13721600 hits=4717432 fwd=70344 rows=9003968 fwd_ms=778232.3 eval=0 prior=0
[inst] req=13729792 hits=4720566 fwd=70384 rows=9009088 fwd_ms=778631.8 eval=0 prior=0
[inst] req=13737984 hits=4723482 fwd=70425 rows=9014336 fwd_ms=779041.0 eval=0 prior=0
[inst] req=13746176 hits=4726518 fwd=70465 rows=9019456 fwd_ms=779440.1 eval=0 prior=0
[inst] req=13754368 hits=4729669 fwd=70504 rows=9024448 fwd_ms=779829.1 eval=0 prior=0
[inst] req=13762560 hits=4732440 fwd=70547 rows=9029952 fwd_ms=780259.2 eval=0 prior=0
[inst] req=13770752 hits=4735347 fwd=70588 rows=9035200 fwd_ms=780668.2 eval=0 prior=0
[inst] req=13778944 hits=4738396 fwd=70628 rows=9040320 fwd_ms=781067.7 eval=0 prior=0
[inst] req=13787136 hits=4741489 fwd=70668 rows=9045440 fwd_ms=781467.9 eval=0 prior=0
[inst] req=13795328 hits=4744526 fwd=70708 rows=9050560 fwd_ms=781867.1 eval=0 prior=0
[inst] req=13803520 hits=4747610 fwd=70748 rows=9055680 fwd_ms=782266.4 eval=0 prior=0
[inst] req=13811712 hits=4750647 fwd=70789 rows=9060928 fwd_ms=782675.9 eval=0 prior=0
[inst] req=13819904 hits=4753712 fwd=70829 rows=9066048 fwd_ms=783075.7 eval=0 prior=0
[inst] req=13828096 hits=4756798 fwd=70869 rows=9071168 fwd_ms=783475.2 eval=0 prior=0
[inst] req=13836288 hits=4759722 fwd=70910 rows=9076416 fwd_ms=783885.1 eval=0 prior=0
[inst] req=13844480 hits=4762725 fwd=70950 rows=9081536 fwd_ms=784284.2 eval=0 prior=0
[inst] req=13852672 hits=4765786 fwd=70990 rows=9086656 fwd_ms=784683.1 eval=0 prior=0
[inst] req=13860864 hits=4768704 fwd=71031 rows=9091904 fwd_ms=785092.6 eval=0 prior=0
[inst] req=13869056 hits=4771748 fwd=71072 rows=9097152 fwd_ms=785501.6 eval=0 prior=0
[inst] req=13877248 hits=4774654 fwd=71113 rows=9102400 fwd_ms=785910.3 eval=0 prior=0
[inst] req=13885440 hits=4777539 fwd=71154 rows=9107648 fwd_ms=786319.3 eval=0 prior=0
[inst] req=13893632 hits=4780530 fwd=71195 rows=9112896 fwd_ms=786728.7 eval=0 prior=0
[inst] req=13901824 hits=4783533 fwd=71236 rows=9118144 fwd_ms=787137.7 eval=0 prior=0
[inst] req=13910016 hits=4786562 fwd=71276 rows=9123264 fwd_ms=787537.1 eval=0 prior=0
[inst] req=13918208 hits=4789568 fwd=71316 rows=9128384 fwd_ms=787935.9 eval=0 prior=0
[inst] req=13926400 hits=4792459 fwd=71358 rows=9133760 fwd_ms=788355.2 eval=0 prior=0
[inst] req=13934592 hits=4795524 fwd=71398 rows=9138880 fwd_ms=788755.3 eval=0 prior=0
[inst] req=13942784 hits=4798717 fwd=71437 rows=9143872 fwd_ms=789145.8 eval=0 prior=0
[inst] req=13950976 hits=4801842 fwd=71477 rows=9148992 fwd_ms=789546.1 eval=0 prior=0
[inst] req=13959168 hits=4804792 fwd=71518 rows=9154240 fwd_ms=789956.8 eval=0 prior=0
[inst] req=13967360 hits=4807812 fwd=71558 rows=9159360 fwd_ms=790357.2 eval=0 prior=0
[inst] req=13975552 hits=4810730 fwd=71599 rows=9164608 fwd_ms=790767.4 eval=0 prior=0
[inst] req=13983744 hits=4813875 fwd=71639 rows=9169728 fwd_ms=791168.2 eval=0 prior=0
[inst] req=13991936 hits=4816781 fwd=71680 rows=9174976 fwd_ms=791577.1 eval=0 prior=0
[inst] req=14000128 hits=4819727 fwd=71721 rows=9180224 fwd_ms=791986.3 eval=0 prior=0
[inst] req=14008320 hits=4822640 fwd=71762 rows=9185472 fwd_ms=792395.0 eval=0 prior=0
[inst] req=14016512 hits=4825510 fwd=71804 rows=9190848 fwd_ms=792813.9 eval=0 prior=0
[inst] req=14024704 hits=4828725 fwd=71843 rows=9195840 fwd_ms=793962.7 eval=0 prior=0
[inst] req=14032896 hits=4831749 fwd=71883 rows=9200960 fwd_ms=796418.4 eval=0 prior=0
[inst] req=14041088 hits=4834801 fwd=71923 rows=9206080 fwd_ms=798817.1 eval=0 prior=0
[inst] req=14049280 hits=4837887 fwd=71963 rows=9211200 fwd_ms=801056.2 eval=0 prior=0
[inst] req=14057472 hits=4841118 fwd=72002 rows=9216192 fwd_ms=803363.8 eval=0 prior=0
[inst] req=14065664 hits=4844006 fwd=72043 rows=9221440 fwd_ms=805961.3 eval=0 prior=0
[inst] req=14073856 hits=4847065 fwd=72083 rows=9226560 fwd_ms=807287.3 eval=0 prior=0
[inst] req=14082048 hits=4850256 fwd=72122 rows=9231552 fwd_ms=807696.5 eval=0 prior=0
[inst] req=14090240 hits=4851801 fwd=72174 rows=9238208 fwd_ms=808230.6 eval=0 prior=0
[inst] req=14098432 hits=4853784 fwd=72223 rows=9244480 fwd_ms=808719.8 eval=0 prior=0
[inst] req=14106624 hits=4856712 fwd=72264 rows=9249728 fwd_ms=809129.3 eval=0 prior=0
[inst] req=14114816 hits=4860374 fwd=72299 rows=9254208 fwd_ms=809479.2 eval=0 prior=0
[inst] req=14123008 hits=4863623 fwd=72338 rows=9259200 fwd_ms=809869.0 eval=0 prior=0
[inst] req=14131200 hits=4866707 fwd=72378 rows=9264320 fwd_ms=810268.9 eval=0 prior=0
[inst] req=14139392 hits=4870155 fwd=72415 rows=9269056 fwd_ms=810639.0 eval=0 prior=0
[inst] req=14147584 hits=4873602 fwd=72452 rows=9273792 fwd_ms=811009.1 eval=0 prior=0
[inst] req=14155776 hits=4877036 fwd=72489 rows=9278528 fwd_ms=811379.5 eval=0 prior=0
[inst] req=14163968 hits=4880365 fwd=72527 rows=9283392 fwd_ms=811760.8 eval=0 prior=0
[inst] req=14172160 hits=4883648 fwd=72565 rows=9288256 fwd_ms=812141.0 eval=0 prior=0
[inst] req=14180352 hits=4887001 fwd=72603 rows=9293120 fwd_ms=812521.0 eval=0 prior=0
[inst] req=14188544 hits=4890507 fwd=72640 rows=9297856 fwd_ms=812890.5 eval=0 prior=0
[inst] req=14196736 hits=4893913 fwd=72677 rows=9302592 fwd_ms=813260.2 eval=0 prior=0
[inst] req=14204928 hits=4897227 fwd=72715 rows=9307456 fwd_ms=813639.7 eval=0 prior=0
[inst] req=14213120 hits=4900511 fwd=72754 rows=9312448 fwd_ms=814029.5 eval=0 prior=0
[inst] req=14221312 hits=4904032 fwd=72790 rows=9317056 fwd_ms=814389.4 eval=0 prior=0
[inst] req=14229504 hits=4907425 fwd=72828 rows=9321920 fwd_ms=814768.9 eval=0 prior=0
[inst] req=14237696 hits=4910824 fwd=72865 rows=9326656 fwd_ms=815138.8 eval=0 prior=0
[inst] req=14245888 hits=4914215 fwd=72903 rows=9331520 fwd_ms=815518.9 eval=0 prior=0
[inst] req=14254080 hits=4917572 fwd=72940 rows=9336256 fwd_ms=815888.2 eval=0 prior=0
[inst] req=14262272 hits=4920966 fwd=72978 rows=9341120 fwd_ms=816268.0 eval=0 prior=0
[inst] req=14270464 hits=4924549 fwd=73014 rows=9345728 fwd_ms=816627.5 eval=0 prior=0
[inst] req=14278656 hits=4927824 fwd=73052 rows=9350592 fwd_ms=817007.3 eval=0 prior=0
[inst] req=14286848 hits=4931268 fwd=73089 rows=9355328 fwd_ms=817376.9 eval=0 prior=0
[inst] req=14295040 hits=4934579 fwd=73128 rows=9360320 fwd_ms=817766.7 eval=0 prior=0
[inst] req=14303232 hits=4938023 fwd=73165 rows=9365056 fwd_ms=818135.4 eval=0 prior=0
[inst] req=14311424 hits=4941424 fwd=73202 rows=9369792 fwd_ms=818505.5 eval=0 prior=0
[inst] req=14319616 hits=4944605 fwd=73241 rows=9374784 fwd_ms=818894.2 eval=0 prior=0
[inst] req=14327808 hits=4948089 fwd=73278 rows=9379520 fwd_ms=819263.4 eval=0 prior=0
[inst] req=14336000 hits=4951555 fwd=73315 rows=9384256 fwd_ms=819632.0 eval=0 prior=0
[inst] req=14344192 hits=4955124 fwd=73351 rows=9388864 fwd_ms=819991.3 eval=0 prior=0
[inst] req=14352384 hits=4958443 fwd=73389 rows=9393728 fwd_ms=820371.6 eval=0 prior=0
[inst] req=14360576 hits=4961829 fwd=73427 rows=9398592 fwd_ms=820750.1 eval=0 prior=0
[inst] req=14368768 hits=4965462 fwd=73462 rows=9403072 fwd_ms=821098.7 eval=0 prior=0
[inst] req=14376960 hits=4969036 fwd=73498 rows=9407680 fwd_ms=821457.1 eval=0 prior=0
[inst] req=14385152 hits=4972517 fwd=73535 rows=9412416 fwd_ms=821826.3 eval=0 prior=0
[inst] req=14393344 hits=4975846 fwd=73573 rows=9417280 fwd_ms=822204.2 eval=0 prior=0
[inst] req=14401536 hits=4979318 fwd=73610 rows=9422016 fwd_ms=822571.9 eval=0 prior=0
[inst] req=14409728 hits=4982848 fwd=73646 rows=9426624 fwd_ms=822930.8 eval=0 prior=0
[inst] req=14417920 hits=4986394 fwd=73683 rows=9431360 fwd_ms=823299.5 eval=0 prior=0
[inst] req=14426112 hits=4990003 fwd=73719 rows=9435968 fwd_ms=823658.9 eval=0 prior=0
[inst] req=14434304 hits=4993374 fwd=73756 rows=9440704 fwd_ms=824026.9 eval=0 prior=0
[inst] req=14442496 hits=4996818 fwd=73793 rows=9445440 fwd_ms=824396.0 eval=0 prior=0
[inst] req=14450688 hits=5000278 fwd=73830 rows=9450176 fwd_ms=824764.9 eval=0 prior=0
[inst] req=14458880 hits=5003928 fwd=73866 rows=9454784 fwd_ms=825123.3 eval=0 prior=0
[inst] req=14467072 hits=5007619 fwd=73901 rows=9459264 fwd_ms=825472.3 eval=0 prior=0
[inst] req=14475264 hits=5011185 fwd=73937 rows=9463872 fwd_ms=825831.4 eval=0 prior=0
[inst] req=14483456 hits=5014541 fwd=73975 rows=9468736 fwd_ms=826209.9 eval=0 prior=0
[inst] req=14491648 hits=5017981 fwd=74012 rows=9473472 fwd_ms=826577.3 eval=0 prior=0
[inst] req=14499840 hits=5021404 fwd=74049 rows=9478208 fwd_ms=826947.5 eval=0 prior=0
[inst] req=14508032 hits=5024827 fwd=74087 rows=9483072 fwd_ms=827325.8 eval=0 prior=0
[inst] req=14516224 hits=5028319 fwd=74123 rows=9487680 fwd_ms=827685.2 eval=0 prior=0
[inst] req=14524416 hits=5031877 fwd=74159 rows=9492288 fwd_ms=828044.2 eval=0 prior=0
[inst] req=14532608 hits=5035432 fwd=74196 rows=9497024 fwd_ms=828412.4 eval=0 prior=0
[inst] req=14540800 hits=5038972 fwd=74232 rows=9501632 fwd_ms=828771.3 eval=0 prior=0
[inst] req=14548992 hits=5042354 fwd=74270 rows=9506496 fwd_ms=829150.3 eval=0 prior=0
[inst] req=14557184 hits=5045781 fwd=74307 rows=9511232 fwd_ms=829519.0 eval=0 prior=0
[inst] req=14565376 hits=5049564 fwd=74341 rows=9515584 fwd_ms=829857.7 eval=0 prior=0
[inst] req=14573568 hits=5052947 fwd=74379 rows=9520448 fwd_ms=830236.0 eval=0 prior=0
[inst] req=14581760 hits=5056557 fwd=74415 rows=9525056 fwd_ms=830594.8 eval=0 prior=0
[inst] req=14589952 hits=5060148 fwd=74451 rows=9529664 fwd_ms=830953.7 eval=0 prior=0
[inst] req=14598144 hits=5063759 fwd=74486 rows=9534144 fwd_ms=831303.8 eval=0 prior=0
[inst] req=14606336 hits=5067454 fwd=74522 rows=9538752 fwd_ms=831664.0 eval=0 prior=0
[inst] req=14614528 hits=5071106 fwd=74557 rows=9543232 fwd_ms=832013.3 eval=0 prior=0
[inst] req=14622720 hits=5074861 fwd=74592 rows=9547712 fwd_ms=832363.4 eval=0 prior=0
[inst] req=14630912 hits=5078545 fwd=74627 rows=9552192 fwd_ms=832712.1 eval=0 prior=0
[inst] req=14639104 hits=5082135 fwd=74663 rows=9556800 fwd_ms=833070.8 eval=0 prior=0
[inst] req=14647296 hits=5085877 fwd=74698 rows=9561280 fwd_ms=833419.4 eval=0 prior=0
[inst] req=14655488 hits=5089376 fwd=74734 rows=9565888 fwd_ms=833778.4 eval=0 prior=0
[inst] req=14663680 hits=5093124 fwd=74769 rows=9570368 fwd_ms=834127.7 eval=0 prior=0
[inst] req=14671872 hits=5096536 fwd=74806 rows=9575104 fwd_ms=834496.9 eval=0 prior=0
[inst] req=14680064 hits=5100144 fwd=74842 rows=9579712 fwd_ms=834855.3 eval=0 prior=0
[inst] req=14688256 hits=5103752 fwd=74878 rows=9584320 fwd_ms=835213.8 eval=0 prior=0
[inst] req=14696448 hits=5107368 fwd=74914 rows=9588928 fwd_ms=835573.2 eval=0 prior=0
[inst] req=14704640 hits=5110817 fwd=74951 rows=9593664 fwd_ms=835942.6 eval=0 prior=0
[inst] req=14712832 hits=5114318 fwd=74987 rows=9598272 fwd_ms=836301.8 eval=0 prior=0
[inst] req=14721024 hits=5117993 fwd=75023 rows=9602880 fwd_ms=836661.0 eval=0 prior=0
[inst] req=14729216 hits=5121596 fwd=75059 rows=9607488 fwd_ms=837020.1 eval=0 prior=0
[inst] req=14737408 hits=5125196 fwd=75094 rows=9611968 fwd_ms=837369.3 eval=0 prior=0
[inst] req=14745600 hits=5128647 fwd=75131 rows=9616704 fwd_ms=837738.4 eval=0 prior=0
[inst] req=14753792 hits=5132346 fwd=75167 rows=9621312 fwd_ms=838098.3 eval=0 prior=0
[inst] req=14761984 hits=5136005 fwd=75202 rows=9625792 fwd_ms=838447.8 eval=0 prior=0
[inst] req=14770176 hits=5139744 fwd=75237 rows=9630272 fwd_ms=838797.0 eval=0 prior=0
[inst] req=14778368 hits=5143269 fwd=75273 rows=9634880 fwd_ms=839156.7 eval=0 prior=0
[inst] req=14786560 hits=5146790 fwd=75310 rows=9639616 fwd_ms=839525.8 eval=0 prior=0
[inst] req=14794752 hits=5150225 fwd=75347 rows=9644352 fwd_ms=839894.9 eval=0 prior=0
[inst] req=14802944 hits=5153867 fwd=75382 rows=9648832 fwd_ms=840244.2 eval=0 prior=0
[inst] req=14811136 hits=5157415 fwd=75419 rows=9653568 fwd_ms=840613.5 eval=0 prior=0
[inst] req=14819328 hits=5160940 fwd=75455 rows=9658176 fwd_ms=840973.0 eval=0 prior=0
[inst] req=14827520 hits=5164653 fwd=75490 rows=9662656 fwd_ms=841322.6 eval=0 prior=0
[inst] req=14835712 hits=5168051 fwd=75528 rows=9667520 fwd_ms=841701.9 eval=0 prior=0
[inst] req=14843904 hits=5171811 fwd=75562 rows=9671872 fwd_ms=842041.3 eval=0 prior=0
[inst] req=14852096 hits=5175377 fwd=75598 rows=9676480 fwd_ms=842400.4 eval=0 prior=0
[inst] req=14860288 hits=5178942 fwd=75635 rows=9681216 fwd_ms=842769.2 eval=0 prior=0
[inst] req=14868480 hits=5182725 fwd=75669 rows=9685568 fwd_ms=843108.4 eval=0 prior=0
[inst] req=14876672 hits=5186235 fwd=75706 rows=9690304 fwd_ms=843477.9 eval=0 prior=0
[inst] req=14884864 hits=5189914 fwd=75741 rows=9694784 fwd_ms=843827.5 eval=0 prior=0
[inst] req=14893056 hits=5193631 fwd=75776 rows=9699264 fwd_ms=844176.8 eval=0 prior=0
[inst] req=14901248 hits=5197386 fwd=75810 rows=9703616 fwd_ms=844516.2 eval=0 prior=0
[inst] req=14909440 hits=5200886 fwd=75847 rows=9708352 fwd_ms=844886.3 eval=0 prior=0
[inst] req=14917632 hits=5204317 fwd=75884 rows=9713088 fwd_ms=845256.7 eval=0 prior=0
[inst] req=14925824 hits=5207969 fwd=75920 rows=9717696 fwd_ms=845617.1 eval=0 prior=0
[inst] req=14934016 hits=5211569 fwd=75956 rows=9722304 fwd_ms=845977.0 eval=0 prior=0
[inst] req=14942208 hits=5215308 fwd=75990 rows=9726656 fwd_ms=846316.7 eval=0 prior=0
[inst] req=14950400 hits=5219007 fwd=76026 rows=9731264 fwd_ms=846676.3 eval=0 prior=0
[inst] req=14958592 hits=5222467 fwd=76062 rows=9735872 fwd_ms=847035.6 eval=0 prior=0
[inst] req=14966784 hits=5226168 fwd=76098 rows=9740480 fwd_ms=847395.4 eval=0 prior=0
[inst] req=14974976 hits=5229981 fwd=76132 rows=9744832 fwd_ms=847735.1 eval=0 prior=0
[inst] req=14983168 hits=5233663 fwd=76167 rows=9749312 fwd_ms=848084.6 eval=0 prior=0
[inst] req=14991360 hits=5237099 fwd=76204 rows=9754048 fwd_ms=848453.6 eval=0 prior=0
[inst] req=14999552 hits=5240644 fwd=76240 rows=9758656 fwd_ms=848812.6 eval=0 prior=0
[inst] req=15007744 hits=5244442 fwd=76275 rows=9763136 fwd_ms=849162.2 eval=0 prior=0
[inst] req=15015936 hits=5248085 fwd=76310 rows=9767616 fwd_ms=849512.3 eval=0 prior=0
[inst] req=15024128 hits=5251650 fwd=76346 rows=9772224 fwd_ms=849871.9 eval=0 prior=0
[inst] req=15032320 hits=5255276 fwd=76382 rows=9776832 fwd_ms=850231.5 eval=0 prior=0
[inst] req=15040512 hits=5258721 fwd=76419 rows=9781568 fwd_ms=850600.5 eval=0 prior=0
[inst] req=15048704 hits=5262497 fwd=76454 rows=9786048 fwd_ms=850950.1 eval=0 prior=0
[inst] req=15056896 hits=5266131 fwd=76489 rows=9790528 fwd_ms=851299.2 eval=0 prior=0
[inst] req=15065088 hits=5269804 fwd=76525 rows=9795136 fwd_ms=851659.5 eval=0 prior=0
[inst] req=15073280 hits=5273373 fwd=76561 rows=9799744 fwd_ms=852018.8 eval=0 prior=0
[inst] req=15081472 hits=5276972 fwd=76597 rows=9804352 fwd_ms=852378.5 eval=0 prior=0
[inst] req=15089664 hits=5280346 fwd=76634 rows=9809088 fwd_ms=852747.8 eval=0 prior=0
[inst] req=15097856 hits=5283955 fwd=76670 rows=9813696 fwd_ms=853106.9 eval=0 prior=0
[inst] req=15106048 hits=5287381 fwd=76707 rows=9818432 fwd_ms=853475.8 eval=0 prior=0
[inst] req=15114240 hits=5290875 fwd=76744 rows=9823168 fwd_ms=853844.9 eval=0 prior=0
[inst] req=15122432 hits=5294482 fwd=76780 rows=9827776 fwd_ms=854203.7 eval=0 prior=0
[inst] req=15130624 hits=5298201 fwd=76815 rows=9832256 fwd_ms=854553.0 eval=0 prior=0
[inst] req=15138816 hits=5301683 fwd=76852 rows=9836992 fwd_ms=854922.2 eval=0 prior=0
[inst] req=15147008 hits=5305266 fwd=76888 rows=9841600 fwd_ms=855282.2 eval=0 prior=0
[inst] req=15155200 hits=5308805 fwd=76924 rows=9846208 fwd_ms=855642.2 eval=0 prior=0
[inst] req=15163392 hits=5312309 fwd=76961 rows=9850944 fwd_ms=856011.4 eval=0 prior=0
[inst] req=15171584 hits=5316229 fwd=76994 rows=9855168 fwd_ms=856340.9 eval=0 prior=0
[inst] req=15179776 hits=5319764 fwd=77030 rows=9859776 fwd_ms=856700.0 eval=0 prior=0
[inst] req=15187968 hits=5323171 fwd=77068 rows=9864640 fwd_ms=857078.9 eval=0 prior=0
[inst] req=15196160 hits=5326559 fwd=77105 rows=9869376 fwd_ms=857448.9 eval=0 prior=0
[inst] req=15204352 hits=5330295 fwd=77140 rows=9873856 fwd_ms=857798.1 eval=0 prior=0
[inst] req=15212544 hits=5333807 fwd=77177 rows=9878592 fwd_ms=858167.5 eval=0 prior=0
[inst] req=15220736 hits=5337565 fwd=77211 rows=9882944 fwd_ms=858507.0 eval=0 prior=0
[inst] req=15228928 hits=5341046 fwd=77248 rows=9887680 fwd_ms=858876.6 eval=0 prior=0
[inst] req=15237120 hits=5344807 fwd=77283 rows=9892160 fwd_ms=859226.4 eval=0 prior=0
[inst] req=15245312 hits=5348467 fwd=77318 rows=9896640 fwd_ms=859575.9 eval=0 prior=0
[inst] req=15253504 hits=5352257 fwd=77352 rows=9900992 fwd_ms=859915.7 eval=0 prior=0
[inst] req=15261696 hits=5355845 fwd=77388 rows=9905600 fwd_ms=860275.3 eval=0 prior=0
[inst] req=15269888 hits=5359414 fwd=77425 rows=9910336 fwd_ms=860645.4 eval=0 prior=0
[inst] req=15278080 hits=5362964 fwd=77461 rows=9914944 fwd_ms=861004.7 eval=0 prior=0
[inst] req=15286272 hits=5366462 fwd=77498 rows=9919680 fwd_ms=861374.0 eval=0 prior=0
[inst] req=15294464 hits=5370020 fwd=77534 rows=9924288 fwd_ms=861733.7 eval=0 prior=0
[inst] req=15302656 hits=5373800 fwd=77568 rows=9928640 fwd_ms=862072.7 eval=0 prior=0
[inst] req=15310848 hits=5377436 fwd=77604 rows=9933248 fwd_ms=862432.1 eval=0 prior=0
[inst] req=15319040 hits=5380867 fwd=77641 rows=9937984 fwd_ms=862801.1 eval=0 prior=0
[inst] req=15327232 hits=5384295 fwd=77678 rows=9942720 fwd_ms=863170.6 eval=0 prior=0
[inst] req=15335424 hits=5387877 fwd=77714 rows=9947328 fwd_ms=863529.9 eval=0 prior=0
[inst] req=15343616 hits=5391426 fwd=77750 rows=9951936 fwd_ms=863889.0 eval=0 prior=0
[inst] req=15351808 hits=5395038 fwd=77786 rows=9956544 fwd_ms=864248.3 eval=0 prior=0
[inst] req=15360000 hits=5398500 fwd=77823 rows=9961280 fwd_ms=864617.8 eval=0 prior=0
[inst] req=15368192 hits=5402176 fwd=77858 rows=9965760 fwd_ms=864967.3 eval=0 prior=0
[inst] req=15376384 hits=5406011 fwd=77893 rows=9970240 fwd_ms=865317.2 eval=0 prior=0
[inst] req=15384576 hits=5409636 fwd=77928 rows=9974720 fwd_ms=865666.5 eval=0 prior=0
[inst] req=15392768 hits=5413295 fwd=77964 rows=9979328 fwd_ms=866025.9 eval=0 prior=0
[inst] req=15400960 hits=5416907 fwd=77999 rows=9983808 fwd_ms=866375.5 eval=0 prior=0
[inst] req=15409152 hits=5420500 fwd=78035 rows=9988416 fwd_ms=866735.2 eval=0 prior=0
[inst] req=15417344 hits=5424215 fwd=78070 rows=9992896 fwd_ms=867084.5 eval=0 prior=0
[inst] req=15425536 hits=5427859 fwd=78106 rows=9997504 fwd_ms=867443.3 eval=0 prior=0
[inst] req=15433728 hits=5431575 fwd=78141 rows=10001984 fwd_ms=867792.5 eval=0 prior=0
[inst] req=15441920 hits=5435100 fwd=78177 rows=10006592 fwd_ms=868151.6 eval=0 prior=0
[inst] req=15450112 hits=5438728 fwd=78213 rows=10011200 fwd_ms=868511.5 eval=0 prior=0
[inst] req=15458304 hits=5442335 fwd=78249 rows=10015808 fwd_ms=868871.0 eval=0 prior=0
[inst] req=15466496 hits=5446116 fwd=78283 rows=10020160 fwd_ms=869210.2 eval=0 prior=0
[inst] req=15474688 hits=5449895 fwd=78318 rows=10024640 fwd_ms=869559.6 eval=0 prior=0
[inst] req=15482880 hits=5453149 fwd=78356 rows=10029504 fwd_ms=869938.7 eval=0 prior=0
[inst] req=15491072 hits=5457006 fwd=78390 rows=10033856 fwd_ms=870278.1 eval=0 prior=0
[inst] req=15499264 hits=5460558 fwd=78426 rows=10038464 fwd_ms=870637.7 eval=0 prior=0
[inst] req=15507456 hits=5464337 fwd=78461 rows=10042944 fwd_ms=870986.8 eval=0 prior=0
[inst] req=15515648 hits=5467977 fwd=78496 rows=10047424 fwd_ms=871336.0 eval=0 prior=0
[inst] req=15523840 hits=5471529 fwd=78533 rows=10052160 fwd_ms=871705.7 eval=0 prior=0
[inst] req=15532032 hits=5475011 fwd=78569 rows=10056768 fwd_ms=872065.1 eval=0 prior=0
[inst] req=15540224 hits=5478778 fwd=78604 rows=10061248 fwd_ms=872414.3 eval=0 prior=0
[inst] req=15548416 hits=5482552 fwd=78639 rows=10065728 fwd_ms=872763.3 eval=0 prior=0
[inst] req=15556608 hits=5486269 fwd=78674 rows=10070208 fwd_ms=873112.4 eval=0 prior=0
[inst] req=15564800 hits=5489790 fwd=78710 rows=10074816 fwd_ms=873471.3 eval=0 prior=0
[inst] req=15572992 hits=5493353 fwd=78746 rows=10079424 fwd_ms=873830.5 eval=0 prior=0
[inst] req=15581184 hits=5496985 fwd=78782 rows=10084032 fwd_ms=874189.8 eval=0 prior=0
[inst] req=15589376 hits=5500532 fwd=78818 rows=10088640 fwd_ms=874549.2 eval=0 prior=0
[inst] req=15597568 hits=5504259 fwd=78853 rows=10093120 fwd_ms=874898.4 eval=0 prior=0
[inst] req=15605760 hits=5507701 fwd=78890 rows=10097856 fwd_ms=875268.0 eval=0 prior=0
[inst] req=15613952 hits=5511138 fwd=78927 rows=10102592 fwd_ms=875637.0 eval=0 prior=0
[inst] req=15622144 hits=5514609 fwd=78964 rows=10107328 fwd_ms=876006.8 eval=0 prior=0
[inst] req=15630336 hits=5518232 fwd=79000 rows=10111936 fwd_ms=876366.6 eval=0 prior=0
[inst] req=15638528 hits=5521951 fwd=79035 rows=10116416 fwd_ms=876715.7 eval=0 prior=0
[inst] req=15646720 hits=5525460 fwd=79071 rows=10121024 fwd_ms=877075.1 eval=0 prior=0
[inst] req=15654912 hits=5529050 fwd=79107 rows=10125632 fwd_ms=877434.1 eval=0 prior=0
[inst] req=15663104 hits=5532675 fwd=79143 rows=10130240 fwd_ms=877793.2 eval=0 prior=0
[inst] req=15671296 hits=5536299 fwd=79179 rows=10134848 fwd_ms=878152.7 eval=0 prior=0
[inst] req=15679488 hits=5540137 fwd=79213 rows=10139200 fwd_ms=878492.2 eval=0 prior=0
[inst] req=15687680 hits=5544051 fwd=79246 rows=10143424 fwd_ms=878822.3 eval=0 prior=0
[inst] req=15695872 hits=5547584 fwd=79282 rows=10148032 fwd_ms=879182.1 eval=0 prior=0
[inst] req=15704064 hits=5551185 fwd=79318 rows=10152640 fwd_ms=879541.9 eval=0 prior=0
[inst] req=15712256 hits=5554720 fwd=79355 rows=10157376 fwd_ms=879911.1 eval=0 prior=0
[inst] req=15720448 hits=5558544 fwd=79389 rows=10161728 fwd_ms=880251.5 eval=0 prior=0
[inst] req=15728640 hits=5562152 fwd=79425 rows=10166336 fwd_ms=880611.7 eval=0 prior=0
[inst] req=15736832 hits=5565706 fwd=79461 rows=10170944 fwd_ms=880971.2 eval=0 prior=0
[inst] req=15745024 hits=5569393 fwd=79496 rows=10175424 fwd_ms=881320.3 eval=0 prior=0
[inst] req=15753216 hits=5572963 fwd=79532 rows=10180032 fwd_ms=881679.5 eval=0 prior=0
[inst] req=15761408 hits=5576542 fwd=79568 rows=10184640 fwd_ms=882039.0 eval=0 prior=0
[inst] req=15769600 hits=5580312 fwd=79603 rows=10189120 fwd_ms=882388.1 eval=0 prior=0
[inst] req=15777792 hits=5583923 fwd=79639 rows=10193728 fwd_ms=882747.4 eval=0 prior=0
[inst] req=15785984 hits=5587531 fwd=79674 rows=10198208 fwd_ms=883096.7 eval=0 prior=0
[inst] req=15794176 hits=5590967 fwd=79712 rows=10203072 fwd_ms=883475.9 eval=0 prior=0
[inst] req=15802368 hits=5594880 fwd=79745 rows=10207296 fwd_ms=883805.9 eval=0 prior=0
[inst] req=15810560 hits=5598427 fwd=79781 rows=10211904 fwd_ms=884165.3 eval=0 prior=0
[inst] req=15818752 hits=5602152 fwd=79816 rows=10216384 fwd_ms=884514.7 eval=0 prior=0
[inst] req=15826944 hits=5605825 fwd=79851 rows=10220864 fwd_ms=884864.6 eval=0 prior=0
[inst] req=15835136 hits=5609541 fwd=79886 rows=10225344 fwd_ms=885213.9 eval=0 prior=0
[inst] req=15843328 hits=5613236 fwd=79922 rows=10229952 fwd_ms=885573.4 eval=0 prior=0
[inst] req=15851520 hits=5616716 fwd=79958 rows=10234560 fwd_ms=885932.9 eval=0 prior=0
[inst] req=15859712 hits=5620628 fwd=79992 rows=10238912 fwd_ms=886273.0 eval=0 prior=0
[inst] req=15867904 hits=5624217 fwd=80028 rows=10243520 fwd_ms=886633.2 eval=0 prior=0
[inst] req=15876096 hits=5627808 fwd=80064 rows=10248128 fwd_ms=886993.0 eval=0 prior=0
[inst] req=15884288 hits=5631356 fwd=80100 rows=10252736 fwd_ms=887352.3 eval=0 prior=0
[inst] req=15892480 hits=5635033 fwd=80135 rows=10257216 fwd_ms=887701.3 eval=0 prior=0
[inst] req=15900672 hits=5638796 fwd=80170 rows=10261696 fwd_ms=888051.5 eval=0 prior=0
[inst] req=15908864 hits=5642238 fwd=80207 rows=10266432 fwd_ms=888420.9 eval=0 prior=0
[inst] req=15917056 hits=5645981 fwd=80242 rows=10270912 fwd_ms=888770.3 eval=0 prior=0
[inst] req=15925248 hits=5649719 fwd=80277 rows=10275392 fwd_ms=889119.6 eval=0 prior=0
[inst] req=15933440 hits=5653329 fwd=80312 rows=10279872 fwd_ms=889468.8 eval=0 prior=0
[inst] req=15941632 hits=5657036 fwd=80347 rows=10284352 fwd_ms=889818.1 eval=0 prior=0
[inst] req=15949824 hits=5660524 fwd=80384 rows=10289088 fwd_ms=890187.3 eval=0 prior=0
[inst] req=15958016 hits=5664195 fwd=80419 rows=10293568 fwd_ms=890536.9 eval=0 prior=0
[inst] req=15966208 hits=5667780 fwd=80455 rows=10298176 fwd_ms=890896.8 eval=0 prior=0
[inst] req=15974400 hits=5671139 fwd=80493 rows=10303040 fwd_ms=891275.9 eval=0 prior=0
[inst] req=15982592 hits=5674861 fwd=80528 rows=10307520 fwd_ms=891625.6 eval=0 prior=0
[inst] req=15990784 hits=5678540 fwd=80563 rows=10312000 fwd_ms=891975.3 eval=0 prior=0
[inst] req=15998976 hits=5682442 fwd=80597 rows=10316352 fwd_ms=892315.5 eval=0 prior=0
[inst] req=16007168 hits=5685926 fwd=80634 rows=10321088 fwd_ms=892684.9 eval=0 prior=0
[inst] req=16015360 hits=5689494 fwd=80670 rows=10325696 fwd_ms=893044.3 eval=0 prior=0
[inst] req=16023552 hits=5693284 fwd=80704 rows=10330048 fwd_ms=893383.0 eval=0 prior=0
[inst] req=16031744 hits=5696742 fwd=80741 rows=10334784 fwd_ms=893752.4 eval=0 prior=0
[inst] req=16039936 hits=5700373 fwd=80777 rows=10339392 fwd_ms=894112.0 eval=0 prior=0
[inst] req=16048128 hits=5704214 fwd=80811 rows=10343744 fwd_ms=894451.6 eval=0 prior=0
[inst] req=16056320 hits=5707860 fwd=80846 rows=10348224 fwd_ms=894800.7 eval=0 prior=0
[inst] req=16064512 hits=5711977 fwd=80878 rows=10352320 fwd_ms=895122.7 eval=0 prior=0
[inst] req=16072704 hits=5715472 fwd=80915 rows=10357056 fwd_ms=895493.2 eval=0 prior=0
[inst] req=16080896 hits=5719125 fwd=80950 rows=10361536 fwd_ms=895843.5 eval=0 prior=0
[inst] req=16089088 hits=5722819 fwd=80985 rows=10366016 fwd_ms=896195.4 eval=0 prior=0
[inst] req=16097280 hits=5726556 fwd=81020 rows=10370496 fwd_ms=896545.9 eval=0 prior=0
[inst] req=16105472 hits=5730120 fwd=81056 rows=10375104 fwd_ms=896907.0 eval=0 prior=0
[inst] req=16113664 hits=5733684 fwd=81093 rows=10379840 fwd_ms=897278.1 eval=0 prior=0
[inst] req=16121856 hits=5737509 fwd=81127 rows=10384192 fwd_ms=897618.5 eval=0 prior=0
[inst] req=16130048 hits=5741154 fwd=81162 rows=10388672 fwd_ms=897967.8 eval=0 prior=0
[inst] req=16138240 hits=5744757 fwd=81198 rows=10393280 fwd_ms=898327.0 eval=0 prior=0
[inst] req=16146432 hits=5748351 fwd=81234 rows=10397888 fwd_ms=898687.2 eval=0 prior=0
[inst] req=16154624 hits=5751935 fwd=81270 rows=10402496 fwd_ms=899046.8 eval=0 prior=0
[inst] req=16162816 hits=5755420 fwd=81307 rows=10407232 fwd_ms=899887.0 eval=0 prior=0
[inst] req=16171008 hits=5758893 fwd=81344 rows=10411968 fwd_ms=902141.3 eval=0 prior=0
[inst] req=16179200 hits=5762430 fwd=81380 rows=10416576 fwd_ms=904016.5 eval=0 prior=0
[inst] req=16187392 hits=5766208 fwd=81414 rows=10420928 fwd_ms=906289.1 eval=0 prior=0
[inst] req=16195584 hits=5769945 fwd=81449 rows=10425408 fwd_ms=908455.9 eval=0 prior=0
[inst] req=16203776 hits=5773161 fwd=81488 rows=10430400 fwd_ms=910855.7 eval=0 prior=0
[inst] req=16211968 hits=5776750 fwd=81524 rows=10435008 fwd_ms=913107.4 eval=0 prior=0
[inst] req=16220160 hits=5780549 fwd=81558 rows=10439360 fwd_ms=913583.8 eval=0 prior=0
[inst] req=16228352 hits=5784405 fwd=81592 rows=10443712 fwd_ms=913934.6 eval=0 prior=0
[inst] req=16236544 hits=5786100 fwd=81643 rows=10450240 fwd_ms=914459.6 eval=0 prior=0
[inst] req=16244736 hits=5788514 fwd=81688 rows=10456000 fwd_ms=914908.6 eval=0 prior=0
[inst] req=16252928 hits=5791567 fwd=81728 rows=10461120 fwd_ms=915308.2 eval=0 prior=0
[inst] req=16261120 hits=5795202 fwd=81764 rows=10465728 fwd_ms=915667.9 eval=0 prior=0
[inst] req=16269312 hits=5798537 fwd=81802 rows=10470592 fwd_ms=916048.2 eval=0 prior=0
[inst] req=16277504 hits=5801776 fwd=81841 rows=10475584 fwd_ms=916438.5 eval=0 prior=0
[inst] req=16285696 hits=5805653 fwd=81874 rows=10479808 fwd_ms=916768.7 eval=0 prior=0
[inst] req=16293888 hits=5809330 fwd=81910 rows=10484416 fwd_ms=917128.9 eval=0 prior=0
[inst] req=16302080 hits=5812626 fwd=81948 rows=10489280 fwd_ms=917509.4 eval=0 prior=0
[inst] req=16310272 hits=5816016 fwd=81985 rows=10494016 fwd_ms=917879.2 eval=0 prior=0
[inst] req=16318464 hits=5819519 fwd=82022 rows=10498752 fwd_ms=918249.1 eval=0 prior=0
[inst] req=16326656 hits=5823090 fwd=82058 rows=10503360 fwd_ms=918609.3 eval=0 prior=0
[inst] req=16334848 hits=5826713 fwd=82094 rows=10507968 fwd_ms=918968.9 eval=0 prior=0
[inst] req=16343040 hits=5830061 fwd=82132 rows=10512832 fwd_ms=919348.9 eval=0 prior=0
[inst] req=16351232 hits=5833671 fwd=82167 rows=10517312 fwd_ms=919698.4 eval=0 prior=0
[inst] req=16359424 hits=5837085 fwd=82205 rows=10522176 fwd_ms=920077.3 eval=0 prior=0
[inst] req=16367616 hits=5840406 fwd=82243 rows=10527040 fwd_ms=920457.2 eval=0 prior=0
[inst] req=16375808 hits=5843878 fwd=82280 rows=10531776 fwd_ms=920826.3 eval=0 prior=0
[inst] req=16384000 hits=5847462 fwd=82316 rows=10536384 fwd_ms=921185.6 eval=0 prior=0
[inst] req=16392192 hits=5850805 fwd=82354 rows=10541248 fwd_ms=921564.8 eval=0 prior=0
[inst] req=16400384 hits=5854018 fwd=82392 rows=10546112 fwd_ms=921944.4 eval=0 prior=0
[inst] req=16408576 hits=5857248 fwd=82431 rows=10551104 fwd_ms=922333.3 eval=0 prior=0
[inst] req=16416768 hits=5861109 fwd=82465 rows=10555456 fwd_ms=922672.3 eval=0 prior=0
[inst] req=16424960 hits=5864368 fwd=82504 rows=10560448 fwd_ms=923061.4 eval=0 prior=0
[inst] req=16433152 hits=5867932 fwd=82540 rows=10565056 fwd_ms=923420.1 eval=0 prior=0
[inst] req=16441344 hits=5871194 fwd=82578 rows=10569920 fwd_ms=923799.8 eval=0 prior=0
[inst] req=16449536 hits=5874738 fwd=82615 rows=10574656 fwd_ms=924169.6 eval=0 prior=0
[inst] req=16457728 hits=5878182 fwd=82652 rows=10579392 fwd_ms=924538.8 eval=0 prior=0
[inst] req=16465920 hits=5881858 fwd=82687 rows=10583872 fwd_ms=924888.0 eval=0 prior=0
[inst] req=16474112 hits=5885336 fwd=82724 rows=10588608 fwd_ms=925256.4 eval=0 prior=0
[inst] req=16482304 hits=5888793 fwd=82761 rows=10593344 fwd_ms=925625.6 eval=0 prior=0
[inst] req=16490496 hits=5892396 fwd=82797 rows=10597952 fwd_ms=925984.0 eval=0 prior=0
[inst] req=16498688 hits=5895871 fwd=82834 rows=10602688 fwd_ms=926351.4 eval=0 prior=0
[inst] req=16506880 hits=5899350 fwd=82870 rows=10607296 fwd_ms=926709.9 eval=0 prior=0
[inst] req=16515072 hits=5903046 fwd=82905 rows=10611776 fwd_ms=927058.0 eval=0 prior=0
[inst] req=16523264 hits=5906730 fwd=82941 rows=10616384 fwd_ms=927416.4 eval=0 prior=0
[inst] req=16531456 hits=5910177 fwd=82978 rows=10621120 fwd_ms=927785.4 eval=0 prior=0
[inst] req=16539648 hits=5913960 fwd=83012 rows=10625472 fwd_ms=928123.4 eval=0 prior=0
[inst] req=16547840 hits=5917518 fwd=83048 rows=10630080 fwd_ms=928481.0 eval=0 prior=0
[inst] req=16556032 hits=5921012 fwd=83085 rows=10634816 fwd_ms=928849.0 eval=0 prior=0
[inst] req=16564224 hits=5924690 fwd=83120 rows=10639296 fwd_ms=929197.2 eval=0 prior=0
[inst] req=16572416 hits=5928415 fwd=83155 rows=10643776 fwd_ms=929546.1 eval=0 prior=0
[inst] req=16580608 hits=5931943 fwd=83192 rows=10648512 fwd_ms=929914.0 eval=0 prior=0
[inst] req=16588800 hits=5935288 fwd=83230 rows=10653376 fwd_ms=930292.1 eval=0 prior=0
[inst] req=16596992 hits=5938862 fwd=83266 rows=10657984 fwd_ms=930650.5 eval=0 prior=0
[inst] req=16605184 hits=5942519 fwd=83301 rows=10662464 fwd_ms=930999.2 eval=0 prior=0
[inst] req=16613376 hits=5946150 fwd=83337 rows=10667072 fwd_ms=931358.2 eval=0 prior=0
[inst] req=16621568 hits=5949572 fwd=83374 rows=10671808 fwd_ms=931725.8 eval=0 prior=0
[inst] req=16629760 hits=5953101 fwd=83410 rows=10676416 fwd_ms=932084.1 eval=0 prior=0
[inst] req=16637952 hits=5956589 fwd=83447 rows=10681152 fwd_ms=932451.8 eval=0 prior=0
[inst] req=16646144 hits=5960338 fwd=83482 rows=10685632 fwd_ms=932799.5 eval=0 prior=0
[inst] req=16654336 hits=5964018 fwd=83517 rows=10690112 fwd_ms=933147.9 eval=0 prior=0
[inst] req=16662528 hits=5967453 fwd=83554 rows=10694848 fwd_ms=933515.2 eval=0 prior=0
[inst] req=16670720 hits=5970963 fwd=83591 rows=10699584 fwd_ms=933882.5 eval=0 prior=0
[inst] req=16678912 hits=5974658 fwd=83626 rows=10704064 fwd_ms=934230.5 eval=0 prior=0
[inst] req=16687104 hits=5978441 fwd=83660 rows=10708416 fwd_ms=934568.6 eval=0 prior=0
[inst] req=16695296 hits=5982018 fwd=83696 rows=10713024 fwd_ms=934926.3 eval=0 prior=0
[inst] req=16703488 hits=5985493 fwd=83733 rows=10717760 fwd_ms=935294.3 eval=0 prior=0
[inst] req=16711680 hits=5988926 fwd=83771 rows=10722624 fwd_ms=935672.0 eval=0 prior=0
[inst] req=16719872 hits=5992871 fwd=83804 rows=10726848 fwd_ms=935999.9 eval=0 prior=0
[inst] req=16728064 hits=5996364 fwd=83840 rows=10731456 fwd_ms=936358.6 eval=0 prior=0
[inst] req=16736256 hits=5999751 fwd=83878 rows=10736320 fwd_ms=936736.8 eval=0 prior=0
[inst] req=16744448 hits=6003247 fwd=83915 rows=10741056 fwd_ms=937104.7 eval=0 prior=0
[inst] req=16752640 hits=6007088 fwd=83949 rows=10745408 fwd_ms=937443.9 eval=0 prior=0
[inst] req=16760832 hits=6010641 fwd=83985 rows=10750016 fwd_ms=937802.6 eval=0 prior=0
[inst] req=16769024 hits=6014330 fwd=84020 rows=10754496 fwd_ms=938152.2 eval=0 prior=0
[inst] req=16777216 hits=6017828 fwd=84057 rows=10759232 fwd_ms=938521.6 eval=0 prior=0
[inst] req=16785408 hits=6021361 fwd=84093 rows=10763840 fwd_ms=938880.9 eval=0 prior=0
[inst] req=16793600 hits=6024827 fwd=84130 rows=10768576 fwd_ms=939250.5 eval=0 prior=0
[inst] req=16801792 hits=6028331 fwd=84167 rows=10773312 fwd_ms=939619.1 eval=0 prior=0
[inst] req=16809984 hits=6031917 fwd=84203 rows=10777920 fwd_ms=939977.6 eval=0 prior=0
[inst] req=16818176 hits=6035285 fwd=84240 rows=10782656 fwd_ms=940346.7 eval=0 prior=0
[inst] req=16826368 hits=6038741 fwd=84277 rows=10787392 fwd_ms=940715.6 eval=0 prior=0
[inst] req=16834560 hits=6042039 fwd=84316 rows=10792384 fwd_ms=941104.7 eval=0 prior=0
[inst] req=16842752 hits=6045435 fwd=84353 rows=10797120 fwd_ms=941473.4 eval=0 prior=0
[inst] req=16850944 hits=6048886 fwd=84390 rows=10801856 fwd_ms=941842.2 eval=0 prior=0
[inst] req=16859136 hits=6052455 fwd=84426 rows=10806464 fwd_ms=942201.5 eval=0 prior=0
[inst] req=16867328 hits=6055892 fwd=84463 rows=10811200 fwd_ms=942570.0 eval=0 prior=0
[inst] req=16875520 hits=6059493 fwd=84499 rows=10815808 fwd_ms=942929.2 eval=0 prior=0
[inst] req=16883712 hits=6062806 fwd=84537 rows=10820672 fwd_ms=943309.6 eval=0 prior=0
[inst] req=16891904 hits=6066358 fwd=84574 rows=10825408 fwd_ms=943679.0 eval=0 prior=0
[inst] req=16900096 hits=6070080 fwd=84608 rows=10829760 fwd_ms=944018.3 eval=0 prior=0
[inst] req=16908288 hits=6073413 fwd=84646 rows=10834624 fwd_ms=944397.7 eval=0 prior=0
[inst] req=16916480 hits=6076910 fwd=84683 rows=10839360 fwd_ms=944768.1 eval=0 prior=0
[inst] req=16924672 hits=6080401 fwd=84720 rows=10844096 fwd_ms=945137.1 eval=0 prior=0
[inst] req=16932864 hits=6084090 fwd=84755 rows=10848576 fwd_ms=945486.4 eval=0 prior=0
[inst] req=16941056 hits=6087836 fwd=84790 rows=10853056 fwd_ms=945835.6 eval=0 prior=0
[inst] req=16949248 hits=6091287 fwd=84827 rows=10857792 fwd_ms=946205.0 eval=0 prior=0
[inst] req=16957440 hits=6094895 fwd=84863 rows=10862400 fwd_ms=946564.2 eval=0 prior=0
[inst] req=16965632 hits=6098396 fwd=84899 rows=10867008 fwd_ms=946923.2 eval=0 prior=0
[inst] req=16973824 hits=6101851 fwd=84936 rows=10871744 fwd_ms=947292.5 eval=0 prior=0
[inst] req=16982016 hits=6105506 fwd=84972 rows=10876352 fwd_ms=947651.6 eval=0 prior=0
[inst] req=16990208 hits=6108757 fwd=85010 rows=10881216 fwd_ms=948030.7 eval=0 prior=0
[inst] req=16998400 hits=6112311 fwd=85047 rows=10885952 fwd_ms=948399.3 eval=0 prior=0
[inst] req=17006592 hits=6115777 fwd=85083 rows=10890560 fwd_ms=948758.1 eval=0 prior=0
[inst] req=17014784 hits=6119321 fwd=85120 rows=10895296 fwd_ms=949126.8 eval=0 prior=0
[inst] req=17022976 hits=6122986 fwd=85155 rows=10899776 fwd_ms=949475.7 eval=0 prior=0
[inst] req=17031168 hits=6126346 fwd=85193 rows=10904640 fwd_ms=949854.9 eval=0 prior=0
[inst] req=17039360 hits=6129907 fwd=85229 rows=10909248 fwd_ms=950213.6 eval=0 prior=0
[inst] req=17047552 hits=6133568 fwd=85264 rows=10913728 fwd_ms=950562.5 eval=0 prior=0
[inst] req=17055744 hits=6136988 fwd=85302 rows=10918592 fwd_ms=950941.4 eval=0 prior=0
[inst] req=17063936 hits=6140590 fwd=85338 rows=10923200 fwd_ms=951300.9 eval=0 prior=0
[inst] req=17072128 hits=6144067 fwd=85374 rows=10927808 fwd_ms=951660.0 eval=0 prior=0
[inst] req=17080320 hits=6147601 fwd=85411 rows=10932544 fwd_ms=952029.5 eval=0 prior=0
[inst] req=17088512 hits=6151236 fwd=85446 rows=10937024 fwd_ms=952379.5 eval=0 prior=0
[inst] req=17096704 hits=6154569 fwd=85484 rows=10941888 fwd_ms=952758.3 eval=0 prior=0
[inst] req=17104896 hits=6158391 fwd=85519 rows=10946368 fwd_ms=953107.4 eval=0 prior=0
[inst] req=17113088 hits=6162264 fwd=85552 rows=10950592 fwd_ms=953436.7 eval=0 prior=0
[inst] req=17121280 hits=6165916 fwd=85588 rows=10955200 fwd_ms=953795.6 eval=0 prior=0
[inst] req=17129472 hits=6169222 fwd=85626 rows=10960064 fwd_ms=954174.5 eval=0 prior=0
[inst] req=17137664 hits=6172752 fwd=85662 rows=10964672 fwd_ms=954533.1 eval=0 prior=0
[inst] req=17145856 hits=6176227 fwd=85699 rows=10969408 fwd_ms=954903.5 eval=0 prior=0
[inst] req=17154048 hits=6179864 fwd=85735 rows=10974016 fwd_ms=955262.2 eval=0 prior=0
[inst] req=17162240 hits=6183516 fwd=85770 rows=10978496 fwd_ms=955611.3 eval=0 prior=0
[inst] req=17170432 hits=6186612 fwd=85810 rows=10983616 fwd_ms=956009.8 eval=0 prior=0
[inst] req=17178624 hits=6190223 fwd=85846 rows=10988224 fwd_ms=956368.2 eval=0 prior=0
[inst] req=17186816 hits=6193875 fwd=85881 rows=10992704 fwd_ms=956716.9 eval=0 prior=0
[inst] req=17195008 hits=6197401 fwd=85918 rows=10997440 fwd_ms=957085.6 eval=0 prior=0
[inst] req=17203200 hits=6200859 fwd=85955 rows=11002176 fwd_ms=957454.3 eval=0 prior=0
[inst] req=17211392 hits=6204136 fwd=85993 rows=11007040 fwd_ms=957832.8 eval=0 prior=0
[inst] req=17219584 hits=6207808 fwd=86028 rows=11011520 fwd_ms=958182.0 eval=0 prior=0
[inst] req=17227776 hits=6211222 fwd=86066 rows=11016384 fwd_ms=958561.3 eval=0 prior=0
[inst] req=17235968 hits=6214684 fwd=86103 rows=11021120 fwd_ms=958930.3 eval=0 prior=0
[inst] req=17244160 hits=6218196 fwd=86139 rows=11025728 fwd_ms=959289.6 eval=0 prior=0
[inst] req=17252352 hits=6221704 fwd=86176 rows=11030464 fwd_ms=959658.9 eval=0 prior=0
[inst] req=17260544 hits=6225105 fwd=86213 rows=11035200 fwd_ms=960028.0 eval=0 prior=0
[inst] req=17268736 hits=6228450 fwd=86251 rows=11040064 fwd_ms=960407.6 eval=0 prior=0
[inst] req=17276928 hits=6232230 fwd=86286 rows=11044544 fwd_ms=960757.0 eval=0 prior=0
[inst] req=17285120 hits=6236072 fwd=86320 rows=11048896 fwd_ms=961096.5 eval=0 prior=0
[inst] req=17293312 hits=6239615 fwd=86356 rows=11053504 fwd_ms=961455.7 eval=0 prior=0
[inst] req=17301504 hits=6242940 fwd=86394 rows=11058368 fwd_ms=961834.3 eval=0 prior=0
[inst] req=17309696 hits=6246426 fwd=86431 rows=11063104 fwd_ms=962203.0 eval=0 prior=0
[inst] req=17317888 hits=6250138 fwd=86466 rows=11067584 fwd_ms=962552.1 eval=0 prior=0
[inst] req=17326080 hits=6253714 fwd=86502 rows=11072192 fwd_ms=962911.3 eval=0 prior=0
[inst] req=17334272 hits=6257026 fwd=86540 rows=11077056 fwd_ms=963290.2 eval=0 prior=0
[inst] req=17342464 hits=6260482 fwd=86577 rows=11081792 fwd_ms=963660.1 eval=0 prior=0
[inst] req=17350656 hits=6264009 fwd=86613 rows=11086400 fwd_ms=964019.5 eval=0 prior=0
[inst] req=17358848 hits=6267451 fwd=86651 rows=11091264 fwd_ms=964398.4 eval=0 prior=0
[inst] req=17367040 hits=6271044 fwd=86686 rows=11095744 fwd_ms=964747.8 eval=0 prior=0
[inst] req=17375232 hits=6274527 fwd=86723 rows=11100480 fwd_ms=965117.1 eval=0 prior=0
[inst] req=17383424 hits=6278236 fwd=86758 rows=11104960 fwd_ms=965466.4 eval=0 prior=0
[inst] req=17391616 hits=6281672 fwd=86795 rows=11109696 fwd_ms=965835.2 eval=0 prior=0
[inst] req=17399808 hits=6285182 fwd=86832 rows=11114432 fwd_ms=966204.8 eval=0 prior=0
[inst] req=17408000 hits=6288688 fwd=86869 rows=11119168 fwd_ms=966574.4 eval=0 prior=0
[inst] req=17416192 hits=6291960 fwd=86907 rows=11124032 fwd_ms=966953.4 eval=0 prior=0
[inst] req=17424384 hits=6295689 fwd=86942 rows=11128512 fwd_ms=967302.8 eval=0 prior=0
[inst] req=17432576 hits=6299326 fwd=86978 rows=11133120 fwd_ms=967663.1 eval=0 prior=0
[inst] req=17440768 hits=6302747 fwd=87015 rows=11137856 fwd_ms=968032.2 eval=0 prior=0
[inst] req=17448960 hits=6306132 fwd=87052 rows=11142592 fwd_ms=968402.1 eval=0 prior=0
[inst] req=17457152 hits=6309708 fwd=87088 rows=11147200 fwd_ms=968761.1 eval=0 prior=0
[inst] req=17465344 hits=6313287 fwd=87124 rows=11151808 fwd_ms=969120.4 eval=0 prior=0
[inst] req=17473536 hits=6316985 fwd=87160 rows=11156416 fwd_ms=969480.1 eval=0 prior=0
[inst] req=17481728 hits=6320347 fwd=87197 rows=11161152 fwd_ms=969849.4 eval=0 prior=0
[inst] req=17489920 hits=6323725 fwd=87235 rows=11166016 fwd_ms=970228.7 eval=0 prior=0
[inst] req=17498112 hits=6327083 fwd=87273 rows=11170880 fwd_ms=970607.7 eval=0 prior=0
[inst] req=17506304 hits=6330655 fwd=87309 rows=11175488 fwd_ms=970967.0 eval=0 prior=0
[inst] req=17514496 hits=6334240 fwd=87345 rows=11180096 fwd_ms=971326.1 eval=0 prior=0
[inst] req=17522688 hits=6337691 fwd=87382 rows=11184832 fwd_ms=971695.3 eval=0 prior=0
[inst] req=17530880 hits=6341209 fwd=87418 rows=11189440 fwd_ms=972057.3 eval=0 prior=0
[inst] req=17539072 hits=6345013 fwd=87453 rows=11193920 fwd_ms=972408.8 eval=0 prior=0
[inst] req=17547264 hits=6348375 fwd=87490 rows=11198656 fwd_ms=972779.7 eval=0 prior=0
[inst] req=17555456 hits=6351903 fwd=87527 rows=11203392 fwd_ms=973151.3 eval=0 prior=0
[inst] req=17563648 hits=6355734 fwd=87561 rows=11207744 fwd_ms=973494.2 eval=0 prior=0
[inst] req=17571840 hits=6359351 fwd=87597 rows=11212352 fwd_ms=973854.7 eval=0 prior=0
[inst] req=17580032 hits=6362798 fwd=87634 rows=11217088 fwd_ms=974225.1 eval=0 prior=0
[inst] req=17588224 hits=6366322 fwd=87670 rows=11221696 fwd_ms=974585.2 eval=0 prior=0
[inst] req=17596416 hits=6369962 fwd=87706 rows=11226304 fwd_ms=974945.4 eval=0 prior=0
[inst] req=17604608 hits=6373474 fwd=87742 rows=11230912 fwd_ms=975305.2 eval=0 prior=0
[inst] req=17612800 hits=6376929 fwd=87779 rows=11235648 fwd_ms=975676.1 eval=0 prior=0
[inst] req=17620992 hits=6380372 fwd=87816 rows=11240384 fwd_ms=976046.6 eval=0 prior=0
[inst] req=17629184 hits=6383967 fwd=87852 rows=11244992 fwd_ms=978228.7 eval=0 prior=0
[inst] req=17637376 hits=6387550 fwd=87888 rows=11249600 fwd_ms=980082.1 eval=0 prior=0
[inst] req=17645568 hits=6390838 fwd=87927 rows=11254592 fwd_ms=982248.5 eval=0 prior=0
[inst] req=17653760 hits=6394355 fwd=87963 rows=11259200 fwd_ms=984393.7 eval=0 prior=0
[inst] req=17661952 hits=6397867 fwd=88000 rows=11263936 fwd_ms=986641.4 eval=0 prior=0
[inst] req=17670144 hits=6401300 fwd=88037 rows=11268672 fwd_ms=988502.2 eval=0 prior=0
[inst] req=17678336 hits=6404999 fwd=88072 rows=11273152 fwd_ms=990210.0 eval=0 prior=0
[inst] req=17686528 hits=6408328 fwd=88110 rows=11278016 fwd_ms=990605.0 eval=0 prior=0
[inst] req=17694720 hits=6411023 fwd=88153 rows=11283520 fwd_ms=991062.4 eval=0 prior=0
[inst] req=17702912 hits=6412614 fwd=88204 rows=11290048 fwd_ms=991571.4 eval=0 prior=0
[inst] req=17711104 hits=6415384 fwd=88247 rows=11295552 fwd_ms=992000.6 eval=0 prior=0
[inst] req=17719296 hits=6418981 fwd=88283 rows=11300160 fwd_ms=992360.2 eval=0 prior=0
[inst] req=17727488 hits=6422421 fwd=88320 rows=11304896 fwd_ms=992729.7 eval=0 prior=0
[inst] req=17735680 hits=6425499 fwd=88360 rows=11310016 fwd_ms=993129.1 eval=0 prior=0
[inst] req=17743872 hits=6428979 fwd=88397 rows=11314752 fwd_ms=993498.7 eval=0 prior=0
[inst] req=17752064 hits=6432558 fwd=88433 rows=11319360 fwd_ms=993858.3 eval=0 prior=0
[inst] req=17760256 hits=6435984 fwd=88470 rows=11324096 fwd_ms=994228.2 eval=0 prior=0
[inst] req=17768448 hits=6439317 fwd=88508 rows=11328960 fwd_ms=994608.1 eval=0 prior=0
[inst] req=17776640 hits=6442584 fwd=88546 rows=11333824 fwd_ms=994988.5 eval=0 prior=0
[inst] req=17784832 hits=6445833 fwd=88585 rows=11338816 fwd_ms=995378.8 eval=0 prior=0
[inst] req=17793024 hits=6449378 fwd=88621 rows=11343424 fwd_ms=995738.4 eval=0 prior=0
[inst] req=17801216 hits=6452874 fwd=88658 rows=11348160 fwd_ms=996108.3 eval=0 prior=0
[inst] req=17809408 hits=6456326 fwd=88695 rows=11352896 fwd_ms=996477.6 eval=0 prior=0
[inst] req=17817600 hits=6459697 fwd=88733 rows=11357760 fwd_ms=996857.2 eval=0 prior=0
[inst] req=17825792 hits=6463041 fwd=88770 rows=11362496 fwd_ms=997226.7 eval=0 prior=0
[inst] req=17833984 hits=6466477 fwd=88808 rows=11367360 fwd_ms=997606.7 eval=0 prior=0
[inst] req=17842176 hits=6470090 fwd=88843 rows=11371840 fwd_ms=997955.9 eval=0 prior=0
[inst] req=17850368 hits=6473466 fwd=88881 rows=11376704 fwd_ms=998335.2 eval=0 prior=0
[inst] req=17858560 hits=6476890 fwd=88918 rows=11381440 fwd_ms=998704.3 eval=0 prior=0
[inst] req=17866752 hits=6480091 fwd=88957 rows=11386432 fwd_ms=999094.6 eval=0 prior=0
[inst] req=17874944 hits=6483736 fwd=88993 rows=11391040 fwd_ms=999454.0 eval=0 prior=0
[inst] req=17883136 hits=6487244 fwd=89029 rows=11395648 fwd_ms=999812.6 eval=0 prior=0
[inst] req=17891328 hits=6491000 fwd=89064 rows=11400128 fwd_ms=1000161.4 eval=0 prior=0
[inst] req=17899520 hits=6494192 fwd=89103 rows=11405120 fwd_ms=1000550.0 eval=0 prior=0
[inst] req=17907712 hits=6497611 fwd=89140 rows=11409856 fwd_ms=1000918.5 eval=0 prior=0
[inst] req=17915904 hits=6500956 fwd=89178 rows=11414720 fwd_ms=1001297.8 eval=0 prior=0
[inst] req=17924096 hits=6504595 fwd=89214 rows=11419328 fwd_ms=1001656.2 eval=0 prior=0
[inst] req=17932288 hits=6507950 fwd=89252 rows=11424192 fwd_ms=1002033.8 eval=0 prior=0
[inst] req=17940480 hits=6511467 fwd=89288 rows=11428800 fwd_ms=1002392.1 eval=0 prior=0
[inst] req=17948672 hits=6514969 fwd=89325 rows=11433536 fwd_ms=1002760.6 eval=0 prior=0
[inst] req=17956864 hits=6518251 fwd=89363 rows=11438400 fwd_ms=1003139.6 eval=0 prior=0
[inst] req=17965056 hits=6521876 fwd=89399 rows=11443008 fwd_ms=1003497.6 eval=0 prior=0
[inst] req=17973248 hits=6525382 fwd=89435 rows=11447616 fwd_ms=1003856.5 eval=0 prior=0
[inst] req=17981440 hits=6528971 fwd=89471 rows=11452224 fwd_ms=1004215.7 eval=0 prior=0
[inst] req=17989632 hits=6532413 fwd=89509 rows=11457088 fwd_ms=1004593.7 eval=0 prior=0
[inst] req=17997824 hits=6536005 fwd=89544 rows=11461568 fwd_ms=1004942.7 eval=0 prior=0
[inst] req=18006016 hits=6539307 fwd=89583 rows=11466560 fwd_ms=1005331.0 eval=0 prior=0
[inst] req=18014208 hits=6542897 fwd=89619 rows=11471168 fwd_ms=1005688.6 eval=0 prior=0
[inst] req=18022400 hits=6546403 fwd=89655 rows=11475776 fwd_ms=1006045.9 eval=0 prior=0
[inst] req=18030592 hits=6549837 fwd=89692 rows=11480512 fwd_ms=1006413.7 eval=0 prior=0
[inst] req=18038784 hits=6553338 fwd=89729 rows=11485248 fwd_ms=1006781.9 eval=0 prior=0
[inst] req=18046976 hits=6556718 fwd=89767 rows=11490112 fwd_ms=1007159.9 eval=0 prior=0
[inst] req=18055168 hits=6560102 fwd=89804 rows=11494848 fwd_ms=1007527.6 eval=0 prior=0
[inst] req=18063360 hits=6563847 fwd=89839 rows=11499328 fwd_ms=1007876.0 eval=0 prior=0
[inst] req=18071552 hits=6567367 fwd=89875 rows=11503936 fwd_ms=1008233.9 eval=0 prior=0
[inst] req=18079744 hits=6571016 fwd=89911 rows=11508544 fwd_ms=1008591.6 eval=0 prior=0
[inst] req=18087936 hits=6574487 fwd=89948 rows=11513280 fwd_ms=1008960.9 eval=0 prior=0
[inst] req=18096128 hits=6578012 fwd=89984 rows=11517888 fwd_ms=1009319.2 eval=0 prior=0
[inst] req=18104320 hits=6581373 fwd=90022 rows=11522752 fwd_ms=1009696.4 eval=0 prior=0
[inst] req=18112512 hits=6584778 fwd=90059 rows=11527488 fwd_ms=1010064.0 eval=0 prior=0
[inst] req=18120704 hits=6588304 fwd=90096 rows=11532224 fwd_ms=1010431.5 eval=0 prior=0
[inst] req=18128896 hits=6591865 fwd=90132 rows=11536832 fwd_ms=1010789.6 eval=0 prior=0
[inst] req=18137088 hits=6595276 fwd=90169 rows=11541568 fwd_ms=1011157.3 eval=0 prior=0
[inst] req=18145280 hits=6598631 fwd=90207 rows=11546432 fwd_ms=1011534.9 eval=0 prior=0
[inst] req=18153472 hits=6602027 fwd=90245 rows=11551296 fwd_ms=1011912.5 eval=0 prior=0
[inst] req=18161664 hits=6605690 fwd=90280 rows=11555776 fwd_ms=1012261.9 eval=0 prior=0
[inst] req=18169856 hits=6609093 fwd=90317 rows=11560512 fwd_ms=1012630.7 eval=0 prior=0
[inst] req=18178048 hits=6612544 fwd=90354 rows=11565248 fwd_ms=1012998.7 eval=0 prior=0
[inst] req=18186240 hits=6615871 fwd=90393 rows=11570240 fwd_ms=1013387.4 eval=0 prior=0
[inst] req=18194432 hits=6619235 fwd=90430 rows=11574976 fwd_ms=1013756.6 eval=0 prior=0
[inst] req=18202624 hits=6623051 fwd=90464 rows=11579328 fwd_ms=1014096.6 eval=0 prior=0
[inst] req=18210816 hits=6626518 fwd=90501 rows=11584064 fwd_ms=1014465.9 eval=0 prior=0
[inst] req=18219008 hits=6629798 fwd=90540 rows=11589056 fwd_ms=1014855.0 eval=0 prior=0
[inst] req=18227200 hits=6633555 fwd=90574 rows=11593408 fwd_ms=1015193.9 eval=0 prior=0
[inst] req=18235392 hits=6637021 fwd=90611 rows=11598144 fwd_ms=1015562.5 eval=0 prior=0
[inst] req=18243584 hits=6640449 fwd=90648 rows=11602880 fwd_ms=1015931.0 eval=0 prior=0
[inst] req=18251776 hits=6643816 fwd=90686 rows=11607744 fwd_ms=1016309.8 eval=0 prior=0
[inst] req=18259968 hits=6646981 fwd=90725 rows=11612736 fwd_ms=1016698.5 eval=0 prior=0
[inst] req=18268160 hits=6650601 fwd=90761 rows=11617344 fwd_ms=1017057.7 eval=0 prior=0
[inst] req=18276352 hits=6653935 fwd=90799 rows=11622208 fwd_ms=1017436.6 eval=0 prior=0
[inst] req=18284544 hits=6657582 fwd=90835 rows=11626816 fwd_ms=1017795.4 eval=0 prior=0
[inst] req=18292736 hits=6660961 fwd=90872 rows=11631552 fwd_ms=1018164.5 eval=0 prior=0
[inst] req=18300928 hits=6664354 fwd=90910 rows=11636416 fwd_ms=1018543.9 eval=0 prior=0
[inst] req=18309120 hits=6667830 fwd=90947 rows=11641152 fwd_ms=1018913.6 eval=0 prior=0
[inst] req=18317312 hits=6671423 fwd=90983 rows=11645760 fwd_ms=1019272.6 eval=0 prior=0
[inst] req=18325504 hits=6674920 fwd=91019 rows=11650368 fwd_ms=1019631.8 eval=0 prior=0
[inst] req=18333696 hits=6678103 fwd=91058 rows=11655360 fwd_ms=1020020.6 eval=0 prior=0
[inst] req=18341888 hits=6681537 fwd=91095 rows=11660096 fwd_ms=1020390.5 eval=0 prior=0
[inst] req=18350080 hits=6685199 fwd=91131 rows=11664704 fwd_ms=1020749.8 eval=0 prior=0
[inst] req=18358272 hits=6688493 fwd=91169 rows=11669568 fwd_ms=1021128.7 eval=0 prior=0
[inst] req=18366464 hits=6691986 fwd=91206 rows=11674304 fwd_ms=1021497.8 eval=0 prior=0
[inst] req=18374656 hits=6695721 fwd=91241 rows=11678784 fwd_ms=1021847.3 eval=0 prior=0
[inst] req=18382848 hits=6699231 fwd=91277 rows=11683392 fwd_ms=1022206.1 eval=0 prior=0
[inst] req=18391040 hits=6702569 fwd=91315 rows=11688256 fwd_ms=1022584.9 eval=0 prior=0
[inst] req=18399232 hits=6705920 fwd=91353 rows=11693120 fwd_ms=1022963.7 eval=0 prior=0
[inst] req=18407424 hits=6709321 fwd=91390 rows=11697856 fwd_ms=1023334.5 eval=0 prior=0
[inst] req=18415616 hits=6713050 fwd=91425 rows=11702336 fwd_ms=1023684.8 eval=0 prior=0
[inst] req=18423808 hits=6716534 fwd=91462 rows=11707072 fwd_ms=1024054.9 eval=0 prior=0
[inst] req=18432000 hits=6720078 fwd=91498 rows=11711680 fwd_ms=1024413.9 eval=0 prior=0
[inst] req=18440192 hits=6723609 fwd=91535 rows=11716416 fwd_ms=1024783.2 eval=0 prior=0
[inst] req=18448384 hits=6727481 fwd=91569 rows=11720768 fwd_ms=1025123.1 eval=0 prior=0
[inst] req=18456576 hits=6731199 fwd=91604 rows=11725248 fwd_ms=1025472.4 eval=0 prior=0
[inst] req=18464768 hits=6734893 fwd=91639 rows=11729728 fwd_ms=1025821.8 eval=0 prior=0
[inst] req=18472960 hits=6738433 fwd=91675 rows=11734336 fwd_ms=1026181.2 eval=0 prior=0
[inst] req=18481152 hits=6742071 fwd=91711 rows=11738944 fwd_ms=1026541.5 eval=0 prior=0
[inst] req=18489344 hits=6745549 fwd=91747 rows=11743552 fwd_ms=1026900.9 eval=0 prior=0
[inst] req=18497536 hits=6749187 fwd=91783 rows=11748160 fwd_ms=1027260.0 eval=0 prior=0
[inst] req=18505728 hits=6752829 fwd=91819 rows=11752768 fwd_ms=1027619.7 eval=0 prior=0
[inst] req=18513920 hits=6756332 fwd=91855 rows=11757376 fwd_ms=1027979.7 eval=0 prior=0
[inst] req=18522112 hits=6759754 fwd=91892 rows=11762112 fwd_ms=1028349.1 eval=0 prior=0
[inst] req=18530304 hits=6763329 fwd=91928 rows=11766720 fwd_ms=1028708.5 eval=0 prior=0
[inst] req=18538496 hits=6767084 fwd=91963 rows=11771200 fwd_ms=1029057.5 eval=0 prior=0
[inst] req=18546688 hits=6770904 fwd=91997 rows=11775552 fwd_ms=1029396.5 eval=0 prior=0
[inst] req=18554880 hits=6774178 fwd=92036 rows=11780544 fwd_ms=1029785.4 eval=0 prior=0
[inst] req=18563072 hits=6777940 fwd=92070 rows=11784896 fwd_ms=1030125.6 eval=0 prior=0
[inst] req=18571264 hits=6781805 fwd=92104 rows=11789248 fwd_ms=1030464.7 eval=0 prior=0
[inst] req=18579456 hits=6785524 fwd=92139 rows=11793728 fwd_ms=1030813.4 eval=0 prior=0
[inst] req=18587648 hits=6789080 fwd=92175 rows=11798336 fwd_ms=1031172.6 eval=0 prior=0
[inst] req=18595840 hits=6792518 fwd=92212 rows=11803072 fwd_ms=1031541.7 eval=0 prior=0
[inst] req=18604032 hits=6795744 fwd=92251 rows=11808064 fwd_ms=1031930.6 eval=0 prior=0
[inst] req=18612224 hits=6799088 fwd=92289 rows=11812928 fwd_ms=1032310.1 eval=0 prior=0
[inst] req=18620416 hits=6802792 fwd=92324 rows=11817408 fwd_ms=1032659.9 eval=0 prior=0
[inst] req=18628608 hits=6806275 fwd=92361 rows=11822144 fwd_ms=1033029.8 eval=0 prior=0
[inst] req=18636800 hits=6809667 fwd=92398 rows=11826880 fwd_ms=1033398.9 eval=0 prior=0
[inst] req=18644992 hits=6812940 fwd=92437 rows=11831872 fwd_ms=1033787.7 eval=0 prior=0
[inst] req=18653184 hits=6816529 fwd=92473 rows=11836480 fwd_ms=1034147.0 eval=0 prior=0
[inst] req=18661376 hits=6820001 fwd=92510 rows=11841216 fwd_ms=1034517.2 eval=0 prior=0
[inst] req=18669568 hits=6823469 fwd=92547 rows=11845952 fwd_ms=1034885.8 eval=0 prior=0
[inst] req=18677760 hits=6826913 fwd=92584 rows=11850688 fwd_ms=1035254.7 eval=0 prior=0
[inst] req=18685952 hits=6830385 fwd=92621 rows=11855424 fwd_ms=1035623.7 eval=0 prior=0
[inst] req=18694144 hits=6833801 fwd=92658 rows=11860160 fwd_ms=1035992.7 eval=0 prior=0
[inst] req=18702336 hits=6837289 fwd=92695 rows=11864896 fwd_ms=1036361.8 eval=0 prior=0
[inst] req=18710528 hits=6840852 fwd=92731 rows=11869504 fwd_ms=1036721.3 eval=0 prior=0
[inst] req=18718720 hits=6844068 fwd=92770 rows=11874496 fwd_ms=1037110.5 eval=0 prior=0
[inst] req=18726912 hits=6847454 fwd=92807 rows=11879232 fwd_ms=1037479.4 eval=0 prior=0
[inst] req=18735104 hits=6851198 fwd=92842 rows=11883712 fwd_ms=1037829.0 eval=0 prior=0
[inst] req=18743296 hits=6854795 fwd=92878 rows=11888320 fwd_ms=1038188.5 eval=0 prior=0
[inst] req=18751488 hits=6858369 fwd=92914 rows=11892928 fwd_ms=1038547.9 eval=0 prior=0
[inst] req=18759680 hits=6861765 fwd=92951 rows=11897664 fwd_ms=1038916.8 eval=0 prior=0
[inst] req=18767872 hits=6865168 fwd=92989 rows=11902528 fwd_ms=1039296.5 eval=0 prior=0
[inst] req=18776064 hits=6868872 fwd=93024 rows=11907008 fwd_ms=1039645.2 eval=0 prior=0
[inst] req=18784256 hits=6872455 fwd=93060 rows=11911616 fwd_ms=1040004.3 eval=0 prior=0
[inst] req=18792448 hits=6876093 fwd=93096 rows=11916224 fwd_ms=1040364.0 eval=0 prior=0
[inst] req=18800640 hits=6879491 fwd=93133 rows=11920960 fwd_ms=1040733.0 eval=0 prior=0
[inst] req=18808832 hits=6882861 fwd=93171 rows=11925824 fwd_ms=1041112.0 eval=0 prior=0
[inst] req=18817024 hits=6886616 fwd=93205 rows=11930176 fwd_ms=1041451.9 eval=0 prior=0
[inst] req=18825216 hits=6890051 fwd=93242 rows=11934912 fwd_ms=1041821.2 eval=0 prior=0
[inst] req=18833408 hits=6893479 fwd=93280 rows=11939776 fwd_ms=1042199.8 eval=0 prior=0
[inst] req=18841600 hits=6896960 fwd=93316 rows=11944384 fwd_ms=1042558.9 eval=0 prior=0
[inst] req=18849792 hits=6900672 fwd=93351 rows=11948864 fwd_ms=1042908.0 eval=0 prior=0
[inst] req=18857984 hits=6904136 fwd=93388 rows=11953600 fwd_ms=1043277.8 eval=0 prior=0
[inst] req=18866176 hits=6907767 fwd=93424 rows=11958208 fwd_ms=1043636.6 eval=0 prior=0
[inst] req=18874368 hits=6911081 fwd=93462 rows=11963072 fwd_ms=1044015.8 eval=0 prior=0
[inst] req=18882560 hits=6914712 fwd=93498 rows=11967680 fwd_ms=1044375.7 eval=0 prior=0
[inst] req=18890752 hits=6918273 fwd=93534 rows=11972288 fwd_ms=1044734.9 eval=0 prior=0
[inst] req=18898944 hits=6921747 fwd=93571 rows=11977024 fwd_ms=1045104.2 eval=0 prior=0
[inst] req=18907136 hits=6924971 fwd=93610 rows=11982016 fwd_ms=1045493.8 eval=0 prior=0
[inst] req=18915328 hits=6928785 fwd=93644 rows=11986368 fwd_ms=1045832.9 eval=0 prior=0
[inst] req=18923520 hits=6932307 fwd=93680 rows=11990976 fwd_ms=1046191.6 eval=0 prior=0
[inst] req=18931712 hits=6935883 fwd=93716 rows=11995584 fwd_ms=1046551.2 eval=0 prior=0
[inst] req=18939904 hits=6939200 fwd=93754 rows=12000448 fwd_ms=1046930.7 eval=0 prior=0
[inst] req=18948096 hits=6942660 fwd=93791 rows=12005184 fwd_ms=1047300.0 eval=0 prior=0
[inst] req=18956288 hits=6946256 fwd=93827 rows=12009792 fwd_ms=1047659.9 eval=0 prior=0
[inst] req=18964480 hits=6949825 fwd=93863 rows=12014400 fwd_ms=1048019.2 eval=0 prior=0
[inst] req=18972672 hits=6953529 fwd=93899 rows=12019008 fwd_ms=1048378.8 eval=0 prior=0
[inst] req=18980864 hits=6956843 fwd=93937 rows=12023872 fwd_ms=1048758.2 eval=0 prior=0
[inst] req=18989056 hits=6960450 fwd=93972 rows=12028352 fwd_ms=1049107.7 eval=0 prior=0
[inst] req=18997248 hits=6963870 fwd=94010 rows=12033216 fwd_ms=1049487.0 eval=0 prior=0
[inst] req=19005440 hits=6967681 fwd=94044 rows=12037568 fwd_ms=1049826.7 eval=0 prior=0
[inst] req=19013632 hits=6971105 fwd=94081 rows=12042304 fwd_ms=1050196.2 eval=0 prior=0
[inst] req=19021824 hits=6974790 fwd=94116 rows=12046784 fwd_ms=1050545.5 eval=0 prior=0
[inst] req=19030016 hits=6978386 fwd=94152 rows=12051392 fwd_ms=1050905.0 eval=0 prior=0
[inst] req=19038208 hits=6981779 fwd=94190 rows=12056256 fwd_ms=1051285.1 eval=0 prior=0
[inst] req=19046400 hits=6985102 fwd=94228 rows=12061120 fwd_ms=1051665.1 eval=0 prior=0
[inst] req=19054592 hits=6988906 fwd=94262 rows=12065472 fwd_ms=1052004.9 eval=0 prior=0
[inst] req=19062784 hits=6992538 fwd=94298 rows=12070080 fwd_ms=1052364.1 eval=0 prior=0
[inst] req=19070976 hits=6995910 fwd=94335 rows=12074816 fwd_ms=1052734.5 eval=0 prior=0
[inst] req=19079168 hits=6999097 fwd=94375 rows=12079936 fwd_ms=1053133.8 eval=0 prior=0
[inst] req=19087360 hits=7002752 fwd=94410 rows=12084416 fwd_ms=1053483.9 eval=0 prior=0
[inst] req=19095552 hits=7006405 fwd=94445 rows=12088896 fwd_ms=1053835.0 eval=0 prior=0
[inst] req=19103744 hits=7009982 fwd=94482 rows=12093632 fwd_ms=1054204.8 eval=0 prior=0
[inst] req=19111936 hits=7013103 fwd=94521 rows=12098624 fwd_ms=1054594.0 eval=0 prior=0
[inst] req=19120128 hits=7016560 fwd=94558 rows=12103360 fwd_ms=1054963.5 eval=0 prior=0
[inst] req=19128320 hits=7020145 fwd=94594 rows=12107968 fwd_ms=1055322.9 eval=0 prior=0
[inst] req=19136512 hits=7023863 fwd=94629 rows=12112448 fwd_ms=1055672.2 eval=0 prior=0
[inst] req=19144704 hits=7027290 fwd=94666 rows=12117184 fwd_ms=1056041.8 eval=0 prior=0
[inst] req=19152896 hits=7030667 fwd=94704 rows=12122048 fwd_ms=1056420.8 eval=0 prior=0
[inst] req=19161088 hits=7034065 fwd=94741 rows=12126784 fwd_ms=1056790.4 eval=0 prior=0
[inst] req=19169280 hits=7037572 fwd=94778 rows=12131520 fwd_ms=1057159.4 eval=0 prior=0
[inst] req=19177472 hits=7041155 fwd=94814 rows=12136128 fwd_ms=1057518.3 eval=0 prior=0
[inst] req=19185664 hits=7044978 fwd=94848 rows=12140480 fwd_ms=1057858.1 eval=0 prior=0
[inst] req=19193856 hits=7048436 fwd=94885 rows=12145216 fwd_ms=1058227.5 eval=0 prior=0
[inst] req=19202048 hits=7051866 fwd=94922 rows=12149952 fwd_ms=1058596.4 eval=0 prior=0
[inst] req=19210240 hits=7055267 fwd=94960 rows=12154816 fwd_ms=1058975.3 eval=0 prior=0
[inst] req=19218432 hits=7059041 fwd=94994 rows=12159168 fwd_ms=1059314.5 eval=0 prior=0
[inst] req=19226624 hits=7062553 fwd=95031 rows=12163904 fwd_ms=1059683.3 eval=0 prior=0
[inst] req=19234816 hits=7065897 fwd=95069 rows=12168768 fwd_ms=1060062.6 eval=0 prior=0
[inst] req=19243008 hits=7069251 fwd=95106 rows=12173504 fwd_ms=1060432.4 eval=0 prior=0
[inst] req=19251200 hits=7072531 fwd=95145 rows=12178496 fwd_ms=1060821.7 eval=0 prior=0
[inst] req=19259392 hits=7076097 fwd=95181 rows=12183104 fwd_ms=1061181.0 eval=0 prior=0
[inst] req=19267584 hits=7079573 fwd=95218 rows=12187840 fwd_ms=1061549.6 eval=0 prior=0
[inst] req=19275776 hits=7082945 fwd=95255 rows=12192576 fwd_ms=1061918.6 eval=0 prior=0
[inst] req=19283968 hits=7086453 fwd=95292 rows=12197312 fwd_ms=1062287.3 eval=0 prior=0
[inst] req=19292160 hits=7089989 fwd=95328 rows=12201920 fwd_ms=1062646.3 eval=0 prior=0
