Logging directory: /home/ubuntu/rl/reinfors-benchmarks/runs/v1_grid/os_a256b128/cycle1/throughput
Creating model: /home/ubuntu/rl/reinfors-benchmarks/runs/v1_grid/os_a256b128/cycle1/throughput/vpnet.pb
Playing game: chess
Loading model from step 0
[W TensorCompare.cpp:530] Warning: where received a uint8 condition tensor. This behavior is deprecated and will be removed in a future version of PyTorch. Use a boolean condition instead. (function operator())
[inst] req=8192 hits=1517 fwd=51 rows=6419 fwd_ms=741.8 eval=0 prior=0
[inst] req=16384 hits=4973 fwd=88 rows=11155 fwd_ms=1105.6 eval=0 prior=0
[inst] req=24576 hits=6369 fwd=142 rows=18067 fwd_ms=1635.1 eval=0 prior=0
[inst] req=32768 hits=9206 fwd=183 rows=23315 fwd_ms=2036.7 eval=0 prior=0
[inst] req=40960 hits=12725 fwd=220 rows=28051 fwd_ms=2399.6 eval=0 prior=0
[inst] req=49152 hits=15454 fwd=263 rows=33555 fwd_ms=2822.4 eval=0 prior=0
[inst] req=57344 hits=18617 fwd=302 rows=38547 fwd_ms=3205.2 eval=0 prior=0
[inst] req=65536 hits=22214 fwd=338 rows=43155 fwd_ms=3561.5 eval=0 prior=0
[inst] req=73728 hits=24843 fwd=381 rows=48659 fwd_ms=3989.9 eval=0 prior=0
[inst] req=81920 hits=27769 fwd=422 rows=53907 fwd_ms=4398.2 eval=0 prior=0
[inst] req=90112 hits=30543 fwd=465 rows=59411 fwd_ms=4821.1 eval=0 prior=0
[inst] req=98304 hits=32824 fwd=511 rows=65299 fwd_ms=5273.3 eval=0 prior=0
[inst] req=106496 hits=35530 fwd=554 rows=70803 fwd_ms=5697.1 eval=0 prior=0
[inst] req=114688 hits=38038 fwd=598 rows=76435 fwd_ms=6132.2 eval=0 prior=0
[inst] req=122880 hits=40452 fwd=643 rows=82195 fwd_ms=6574.9 eval=0 prior=0
[inst] req=131072 hits=43466 fwd=684 rows=87443 fwd_ms=6978.6 eval=0 prior=0
[inst] req=139264 hits=46124 fwd=727 rows=92947 fwd_ms=7403.5 eval=0 prior=0
[inst] req=147456 hits=48386 fwd=773 rows=98835 fwd_ms=7854.9 eval=0 prior=0
[inst] req=155648 hits=51007 fwd=817 rows=104467 fwd_ms=8287.1 eval=0 prior=0
[inst] req=163840 hits=53391 fwd=862 rows=110227 fwd_ms=8734.7 eval=0 prior=0
[inst] req=172032 hits=55979 fwd=906 rows=115859 fwd_ms=9169.2 eval=0 prior=0
[inst] req=180224 hits=59024 fwd=946 rows=120979 fwd_ms=9564.5 eval=0 prior=0
[inst] req=188416 hits=61360 fwd=992 rows=126867 fwd_ms=10018.2 eval=0 prior=0
[inst] req=196608 hits=63706 fwd=1038 rows=132755 fwd_ms=10470.9 eval=0 prior=0
[inst] req=204800 hits=66282 fwd=1082 rows=138387 fwd_ms=10906.2 eval=0 prior=0
[inst] req=212992 hits=68494 fwd=1128 rows=144275 fwd_ms=11358.9 eval=0 prior=0
[inst] req=221184 hits=71535 fwd=1168 rows=149395 fwd_ms=11755.8 eval=0 prior=0
[inst] req=229376 hits=74323 fwd=1211 rows=154899 fwd_ms=12179.3 eval=0 prior=0
[inst] req=237568 hits=76598 fwd=1257 rows=160787 fwd_ms=12632.4 eval=0 prior=0
[inst] req=245760 hits=79240 fwd=1300 rows=166291 fwd_ms=13064.8 eval=0 prior=0
[inst] req=253952 hits=82218 fwd=1341 rows=171539 fwd_ms=13470.7 eval=0 prior=0
[inst] req=262144 hits=84877 fwd=1384 rows=177043 fwd_ms=13898.3 eval=0 prior=0
[inst] req=270336 hits=87986 fwd=1424 rows=182163 fwd_ms=14292.8 eval=0 prior=0
[inst] req=278528 hits=90843 fwd=1466 rows=187539 fwd_ms=14712.4 eval=0 prior=0
[inst] req=286720 hits=93376 fwd=1510 rows=193171 fwd_ms=15146.2 eval=0 prior=0
[inst] req=294912 hits=96276 fwd=1551 rows=198419 fwd_ms=15551.8 eval=0 prior=0
[inst] req=303104 hits=98953 fwd=1594 rows=203923 fwd_ms=15981.1 eval=0 prior=0
[inst] req=311296 hits=101867 fwd=1636 rows=209299 fwd_ms=16400.1 eval=0 prior=0
[inst] req=319488 hits=104968 fwd=1675 rows=214291 fwd_ms=16798.0 eval=0 prior=0
[inst] req=327680 hits=107647 fwd=1718 rows=219795 fwd_ms=17223.6 eval=0 prior=0
[inst] req=335872 hits=110289 fwd=1762 rows=225427 fwd_ms=17667.6 eval=0 prior=0
[inst] req=344064 hits=113237 fwd=1803 rows=230675 fwd_ms=18082.5 eval=0 prior=0
[inst] req=352256 hits=115962 fwd=1845 rows=236051 fwd_ms=18505.8 eval=0 prior=0
[inst] req=360448 hits=119073 fwd=1885 rows=241171 fwd_ms=18920.3 eval=0 prior=0
[inst] req=368640 hits=121849 fwd=1927 rows=246547 fwd_ms=19361.0 eval=0 prior=0
[inst] req=376832 hits=124336 fwd=1972 rows=252307 fwd_ms=19871.8 eval=0 prior=0
[inst] req=385024 hits=127072 fwd=2015 rows=257811 fwd_ms=20357.5 eval=0 prior=0
[inst] req=393216 hits=129743 fwd=2058 rows=263315 fwd_ms=20813.1 eval=0 prior=0
[inst] req=401408 hits=132632 fwd=2099 rows=268563 fwd_ms=21222.4 eval=0 prior=0
[inst] req=409600 hits=135609 fwd=2140 rows=273811 fwd_ms=21632.3 eval=0 prior=0
[inst] req=417792 hits=138216 fwd=2184 rows=279443 fwd_ms=22073.2 eval=0 prior=0
[inst] req=425984 hits=140916 fwd=2226 rows=284819 fwd_ms=22498.7 eval=0 prior=0
[inst] req=434176 hits=143618 fwd=2269 rows=290323 fwd_ms=22930.5 eval=0 prior=0
[inst] req=442368 hits=146353 fwd=2312 rows=295827 fwd_ms=23359.6 eval=0 prior=0
[inst] req=450560 hits=149427 fwd=2352 rows=300947 fwd_ms=23756.7 eval=0 prior=0
[inst] req=458752 hits=152166 fwd=2395 rows=306451 fwd_ms=24180.4 eval=0 prior=0
[inst] req=466944 hits=154576 fwd=2440 rows=312211 fwd_ms=24629.6 eval=0 prior=0
[inst] req=475136 hits=157319 fwd=2482 rows=317587 fwd_ms=25046.4 eval=0 prior=0
[inst] req=483328 hits=160051 fwd=2525 rows=323091 fwd_ms=25477.1 eval=0 prior=0
[inst] req=491520 hits=162822 fwd=2567 rows=328467 fwd_ms=25904.5 eval=0 prior=0
[inst] req=499712 hits=165668 fwd=2609 rows=333843 fwd_ms=26330.5 eval=0 prior=0
[inst] req=507904 hits=168251 fwd=2653 rows=339475 fwd_ms=26808.2 eval=0 prior=0
[inst] req=516096 hits=170919 fwd=2696 rows=344979 fwd_ms=27255.1 eval=0 prior=0
[inst] req=524288 hits=173638 fwd=2739 rows=350483 fwd_ms=27702.4 eval=0 prior=0
[inst] req=532480 hits=176413 fwd=2781 rows=355859 fwd_ms=28128.5 eval=0 prior=0
[inst] req=540672 hits=179288 fwd=2823 rows=361235 fwd_ms=28547.5 eval=0 prior=0
[inst] req=548864 hits=181888 fwd=2866 rows=366739 fwd_ms=28977.1 eval=0 prior=0
[inst] req=557056 hits=184433 fwd=2910 rows=372371 fwd_ms=29413.7 eval=0 prior=0
[inst] req=565248 hits=187182 fwd=2953 rows=377875 fwd_ms=29844.1 eval=0 prior=0
[inst] req=573440 hits=189922 fwd=2996 rows=383379 fwd_ms=30271.1 eval=0 prior=0
[inst] req=581632 hits=192783 fwd=3037 rows=388627 fwd_ms=30677.8 eval=0 prior=0
[inst] req=589824 hits=195506 fwd=3080 rows=394131 fwd_ms=31104.3 eval=0 prior=0
[inst] req=598016 hits=198043 fwd=3124 rows=399763 fwd_ms=31543.7 eval=0 prior=0
[inst] req=606208 hits=200638 fwd=3168 rows=405395 fwd_ms=31981.2 eval=0 prior=0
[inst] req=614400 hits=203320 fwd=3211 rows=410899 fwd_ms=32408.1 eval=0 prior=0
[inst] req=622592 hits=206220 fwd=3252 rows=416147 fwd_ms=32818.9 eval=0 prior=0
[inst] req=630784 hits=209079 fwd=3294 rows=421523 fwd_ms=33238.8 eval=0 prior=0
[inst] req=638976 hits=211661 fwd=3338 rows=427155 fwd_ms=33677.8 eval=0 prior=0
[inst] req=647168 hits=214219 fwd=3382 rows=432787 fwd_ms=34114.6 eval=0 prior=0
[inst] req=655360 hits=216887 fwd=3425 rows=438291 fwd_ms=34543.8 eval=0 prior=0
[inst] req=663552 hits=219624 fwd=3468 rows=443795 fwd_ms=34970.7 eval=0 prior=0
[inst] req=671744 hits=222413 fwd=3510 rows=449171 fwd_ms=35389.3 eval=0 prior=0
[inst] req=679936 hits=225148 fwd=3552 rows=454547 fwd_ms=35813.7 eval=0 prior=0
[inst] req=688128 hits=227674 fwd=3597 rows=460307 fwd_ms=36263.8 eval=0 prior=0
[inst] req=696320 hits=230277 fwd=3640 rows=465811 fwd_ms=36695.0 eval=0 prior=0
[inst] req=704512 hits=232938 fwd=3684 rows=471443 fwd_ms=37131.9 eval=0 prior=0
[inst] req=712704 hits=235674 fwd=3726 rows=476819 fwd_ms=37555.0 eval=0 prior=0
[inst] req=720896 hits=238415 fwd=3769 rows=482323 fwd_ms=38011.8 eval=0 prior=0
[inst] req=729088 hits=241137 fwd=3811 rows=487699 fwd_ms=38490.0 eval=0 prior=0
[inst] req=737280 hits=243804 fwd=3855 rows=493331 fwd_ms=38988.3 eval=0 prior=0
[inst] req=745472 hits=246507 fwd=3898 rows=498835 fwd_ms=39473.7 eval=0 prior=0
[inst] req=753664 hits=249241 fwd=3940 rows=504211 fwd_ms=39946.4 eval=0 prior=0
[inst] req=761856 hits=252043 fwd=3982 rows=509587 fwd_ms=40423.7 eval=0 prior=0
[inst] req=770048 hits=254663 fwd=4026 rows=515219 fwd_ms=40920.7 eval=0 prior=0
[inst] req=778240 hits=257183 fwd=4070 rows=520851 fwd_ms=41419.2 eval=0 prior=0
[inst] req=786432 hits=259781 fwd=4114 rows=526483 fwd_ms=41918.3 eval=0 prior=0
[inst] req=794624 hits=262494 fwd=4157 rows=531987 fwd_ms=42404.0 eval=0 prior=0
[inst] req=802816 hits=265257 fwd=4199 rows=537363 fwd_ms=42874.7 eval=0 prior=0
[inst] req=811008 hits=267899 fwd=4242 rows=542867 fwd_ms=43340.7 eval=0 prior=0
[inst] req=819200 hits=270438 fwd=4287 rows=548627 fwd_ms=43788.1 eval=0 prior=0
[inst] req=827392 hits=273352 fwd=4328 rows=553875 fwd_ms=44195.6 eval=0 prior=0
[inst] req=835584 hits=276129 fwd=4370 rows=559251 fwd_ms=44613.5 eval=0 prior=0
[inst] req=843776 hits=278786 fwd=4413 rows=564755 fwd_ms=45041.6 eval=0 prior=0
[inst] req=851968 hits=281411 fwd=4457 rows=570387 fwd_ms=45479.0 eval=0 prior=0
[inst] req=860160 hits=283982 fwd=4501 rows=576019 fwd_ms=45917.2 eval=0 prior=0
[inst] req=868352 hits=286489 fwd=4545 rows=581651 fwd_ms=46354.9 eval=0 prior=0
[inst] req=876544 hits=289206 fwd=4588 rows=587155 fwd_ms=46783.3 eval=0 prior=0
[inst] req=884736 hits=291984 fwd=4630 rows=592531 fwd_ms=47200.9 eval=0 prior=0
[inst] req=892928 hits=294716 fwd=4673 rows=598035 fwd_ms=47627.6 eval=0 prior=0
[inst] req=901120 hits=297270 fwd=4717 rows=603667 fwd_ms=48066.8 eval=0 prior=0
[inst] req=909312 hits=299730 fwd=4762 rows=609427 fwd_ms=48516.3 eval=0 prior=0
[inst] req=917504 hits=302502 fwd=4804 rows=614803 fwd_ms=48932.4 eval=0 prior=0
[inst] req=925696 hits=305236 fwd=4847 rows=620307 fwd_ms=49357.9 eval=0 prior=0
[inst] req=933888 hits=307975 fwd=4889 rows=625683 fwd_ms=49773.6 eval=0 prior=0
[inst] req=942080 hits=310796 fwd=4931 rows=631059 fwd_ms=50189.8 eval=0 prior=0
[inst] req=950272 hits=313482 fwd=4974 rows=636563 fwd_ms=50616.5 eval=0 prior=0
[inst] req=958464 hits=316017 fwd=5018 rows=642195 fwd_ms=51051.8 eval=0 prior=0
[inst] req=966656 hits=318850 fwd=5060 rows=647571 fwd_ms=51467.3 eval=0 prior=0
[inst] req=974848 hits=321633 fwd=5103 rows=653075 fwd_ms=51893.7 eval=0 prior=0
[inst] req=983040 hits=324352 fwd=5145 rows=658451 fwd_ms=52309.4 eval=0 prior=0
[inst] req=991232 hits=327033 fwd=5188 rows=663955 fwd_ms=52736.5 eval=0 prior=0
[inst] req=999424 hits=329640 fwd=5232 rows=669587 fwd_ms=53172.7 eval=0 prior=0
[inst] req=1007616 hits=332482 fwd=5274 rows=674963 fwd_ms=53589.7 eval=0 prior=0
[inst] req=1015808 hits=335096 fwd=5317 rows=680467 fwd_ms=54015.5 eval=0 prior=0
[inst] req=1024000 hits=337809 fwd=5360 rows=685971 fwd_ms=54440.9 eval=0 prior=0
[inst] req=1032192 hits=340479 fwd=5403 rows=691475 fwd_ms=54867.1 eval=0 prior=0
[inst] req=1040384 hits=342974 fwd=5448 rows=697235 fwd_ms=55312.4 eval=0 prior=0
[inst] req=1048576 hits=345653 fwd=5491 rows=702739 fwd_ms=55738.9 eval=0 prior=0
[inst] req=1056768 hits=348444 fwd=5533 rows=708115 fwd_ms=56156.7 eval=0 prior=0
[inst] req=1064960 hits=351240 fwd=5575 rows=713491 fwd_ms=56573.4 eval=0 prior=0
[inst] req=1073152 hits=354021 fwd=5618 rows=718995 fwd_ms=57000.0 eval=0 prior=0
[inst] req=1081344 hits=356645 fwd=5661 rows=724499 fwd_ms=57426.2 eval=0 prior=0
[inst] req=1089536 hits=359146 fwd=5706 rows=730259 fwd_ms=57871.9 eval=0 prior=0
[inst] req=1097728 hits=361881 fwd=5748 rows=735635 fwd_ms=58288.1 eval=0 prior=0
[inst] req=1105920 hits=364718 fwd=5790 rows=741011 fwd_ms=58704.8 eval=0 prior=0
[inst] req=1114112 hits=367333 fwd=5834 rows=746643 fwd_ms=59142.6 eval=0 prior=0
[inst] req=1122304 hits=370052 fwd=5876 rows=752019 fwd_ms=59558.8 eval=0 prior=0
[inst] req=1130496 hits=372556 fwd=5921 rows=757779 fwd_ms=60004.8 eval=0 prior=0
[inst] req=1138688 hits=375236 fwd=5964 rows=763283 fwd_ms=60431.3 eval=0 prior=0
[inst] req=1146880 hits=377898 fwd=6007 rows=768787 fwd_ms=60857.5 eval=0 prior=0
[inst] req=1155072 hits=380614 fwd=6050 rows=774291 fwd_ms=61283.6 eval=0 prior=0
[inst] req=1163264 hits=383282 fwd=6093 rows=779795 fwd_ms=61710.9 eval=0 prior=0
[inst] req=1171456 hits=385955 fwd=6136 rows=785299 fwd_ms=62138.4 eval=0 prior=0
[inst] req=1179648 hits=388719 fwd=6178 rows=790675 fwd_ms=62554.6 eval=0 prior=0
[inst] req=1187840 hits=391527 fwd=6221 rows=796179 fwd_ms=62981.1 eval=0 prior=0
[inst] req=1196032 hits=394100 fwd=6264 rows=801683 fwd_ms=63408.4 eval=0 prior=0
[inst] req=1204224 hits=396804 fwd=6307 rows=807187 fwd_ms=63834.7 eval=0 prior=0
[inst] req=1212416 hits=399386 fwd=6351 rows=812819 fwd_ms=64271.5 eval=0 prior=0
[inst] req=1220608 hits=401919 fwd=6395 rows=818451 fwd_ms=64708.2 eval=0 prior=0
[inst] req=1228800 hits=404648 fwd=6438 rows=823955 fwd_ms=65135.2 eval=0 prior=0
[inst] req=1236992 hits=407352 fwd=6481 rows=829459 fwd_ms=65564.0 eval=0 prior=0
[inst] req=1245184 hits=410084 fwd=6524 rows=834963 fwd_ms=65993.2 eval=0 prior=0
[inst] req=1253376 hits=412801 fwd=6566 rows=840339 fwd_ms=66412.3 eval=0 prior=0
[inst] req=1261568 hits=415392 fwd=6610 rows=845971 fwd_ms=66850.7 eval=0 prior=0
[inst] req=1269760 hits=417977 fwd=6654 rows=851603 fwd_ms=67290.0 eval=0 prior=0
[inst] req=1277952 hits=420897 fwd=6695 rows=856851 fwd_ms=67698.7 eval=0 prior=0
[inst] req=1286144 hits=423631 fwd=6738 rows=862355 fwd_ms=68127.1 eval=0 prior=0
[inst] req=1294336 hits=426431 fwd=6780 rows=867731 fwd_ms=68545.9 eval=0 prior=0
[inst] req=1302528 hits=429044 fwd=6823 rows=873235 fwd_ms=68974.1 eval=0 prior=0
[inst] req=1310720 hits=431533 fwd=6868 rows=878995 fwd_ms=69422.4 eval=0 prior=0
[inst] req=1318912 hits=434256 fwd=6911 rows=884499 fwd_ms=69851.4 eval=0 prior=0
[inst] req=1327104 hits=437035 fwd=6953 rows=889875 fwd_ms=70269.4 eval=0 prior=0
[inst] req=1335296 hits=439787 fwd=6996 rows=895379 fwd_ms=70695.9 eval=0 prior=0
[inst] req=1343488 hits=442415 fwd=7039 rows=900883 fwd_ms=71123.2 eval=0 prior=0
[inst] req=1351680 hits=444966 fwd=7083 rows=906515 fwd_ms=71559.8 eval=0 prior=0
[inst] req=1359872 hits=447642 fwd=7126 rows=912019 fwd_ms=71986.5 eval=0 prior=0
[inst] req=1368064 hits=450324 fwd=7169 rows=917523 fwd_ms=72412.8 eval=0 prior=0
[inst] req=1376256 hits=452863 fwd=7213 rows=923155 fwd_ms=72849.2 eval=0 prior=0
[inst] req=1384448 hits=455537 fwd=7256 rows=928659 fwd_ms=73275.7 eval=0 prior=0
[inst] req=1392640 hits=458327 fwd=7299 rows=934163 fwd_ms=73702.4 eval=0 prior=0
[inst] req=1400832 hits=460916 fwd=7342 rows=939667 fwd_ms=74130.3 eval=0 prior=0
[inst] req=1409024 hits=463649 fwd=7385 rows=945171 fwd_ms=74558.9 eval=0 prior=0
[inst] req=1417216 hits=466705 fwd=7425 rows=950291 fwd_ms=74956.5 eval=0 prior=0
[inst] req=1425408 hits=469500 fwd=7467 rows=955667 fwd_ms=75373.9 eval=0 prior=0
[inst] req=1433600 hits=472245 fwd=7510 rows=961171 fwd_ms=75801.7 eval=0 prior=0
[inst] req=1441792 hits=474896 fwd=7553 rows=966675 fwd_ms=76228.4 eval=0 prior=0
[inst] req=1449984 hits=477687 fwd=7595 rows=972051 fwd_ms=76645.3 eval=0 prior=0
[inst] req=1458176 hits=480522 fwd=7637 rows=977427 fwd_ms=77062.6 eval=0 prior=0
[inst] req=1466368 hits=483112 fwd=7681 rows=983059 fwd_ms=77499.4 eval=0 prior=0
[inst] req=1474560 hits=485870 fwd=7723 rows=988435 fwd_ms=77916.1 eval=0 prior=0
[inst] req=1482752 hits=488457 fwd=7767 rows=994067 fwd_ms=78352.5 eval=0 prior=0
[inst] req=1490944 hits=491030 fwd=7811 rows=999699 fwd_ms=78789.1 eval=0 prior=0
[inst] req=1499136 hits=493621 fwd=7855 rows=1005331 fwd_ms=79225.6 eval=0 prior=0
[inst] req=1507328 hits=496546 fwd=7896 rows=1010579 fwd_ms=79632.4 eval=0 prior=0
[inst] req=1515520 hits=499348 fwd=7938 rows=1015955 fwd_ms=80049.4 eval=0 prior=0
[inst] req=1523712 hits=502140 fwd=7980 rows=1021331 fwd_ms=80465.9 eval=0 prior=0
[inst] req=1531904 hits=504614 fwd=8025 rows=1027091 fwd_ms=80912.4 eval=0 prior=0
[inst] req=1540096 hits=507356 fwd=8068 rows=1032595 fwd_ms=81339.9 eval=0 prior=0
[inst] req=1548288 hits=510143 fwd=8110 rows=1037971 fwd_ms=81756.8 eval=0 prior=0
[inst] req=1556480 hits=512929 fwd=8152 rows=1043347 fwd_ms=82173.5 eval=0 prior=0
[inst] req=1564672 hits=515790 fwd=8194 rows=1048723 fwd_ms=82590.4 eval=0 prior=0
[inst] req=1572864 hits=518349 fwd=8238 rows=1054355 fwd_ms=83028.0 eval=0 prior=0
[inst] req=1581056 hits=520999 fwd=8281 rows=1059859 fwd_ms=83454.9 eval=0 prior=0
[inst] req=1589248 hits=523604 fwd=8325 rows=1065491 fwd_ms=83891.7 eval=0 prior=0
[inst] req=1597440 hits=526281 fwd=8368 rows=1070995 fwd_ms=84318.9 eval=0 prior=0
[inst] req=1605632 hits=529026 fwd=8410 rows=1076371 fwd_ms=84736.4 eval=0 prior=0
[inst] req=1613824 hits=531822 fwd=8452 rows=1081747 fwd_ms=85153.6 eval=0 prior=0
[inst] req=1622016 hits=534405 fwd=8496 rows=1087379 fwd_ms=85590.4 eval=0 prior=0
[inst] req=1630208 hits=537046 fwd=8540 rows=1093011 fwd_ms=86027.4 eval=0 prior=0
[inst] req=1638400 hits=539701 fwd=8583 rows=1098515 fwd_ms=86454.5 eval=0 prior=0
[inst] req=1646592 hits=542298 fwd=8627 rows=1104147 fwd_ms=86891.0 eval=0 prior=0
[inst] req=1654784 hits=545019 fwd=8669 rows=1109523 fwd_ms=87308.3 eval=0 prior=0
[inst] req=1662976 hits=547771 fwd=8712 rows=1115027 fwd_ms=87734.8 eval=0 prior=0
[inst] req=1671168 hits=550517 fwd=8754 rows=1120403 fwd_ms=88151.5 eval=0 prior=0
[inst] req=1679360 hits=553243 fwd=8797 rows=1125907 fwd_ms=88578.3 eval=0 prior=0
[inst] req=1687552 hits=555869 fwd=8841 rows=1131539 fwd_ms=89014.5 eval=0 prior=0
[inst] req=1695744 hits=558578 fwd=8883 rows=1136915 fwd_ms=89431.2 eval=0 prior=0
[inst] req=1703936 hits=561289 fwd=8926 rows=1142419 fwd_ms=89857.5 eval=0 prior=0
[inst] req=1712128 hits=563883 fwd=8970 rows=1148051 fwd_ms=90293.7 eval=0 prior=0
[inst] req=1720320 hits=566595 fwd=9013 rows=1153555 fwd_ms=90720.3 eval=0 prior=0
[inst] req=1728512 hits=569287 fwd=9056 rows=1159059 fwd_ms=91146.5 eval=0 prior=0
[inst] req=1736704 hits=571907 fwd=9099 rows=1164563 fwd_ms=91573.0 eval=0 prior=0
[inst] req=1744896 hits=574540 fwd=9143 rows=1170195 fwd_ms=92009.8 eval=0 prior=0
[inst] req=1753088 hits=577168 fwd=9186 rows=1175699 fwd_ms=92437.7 eval=0 prior=0
[inst] req=1761280 hits=580044 fwd=9228 rows=1181075 fwd_ms=92854.5 eval=0 prior=0
[inst] req=1769472 hits=582793 fwd=9270 rows=1186451 fwd_ms=93271.2 eval=0 prior=0
[inst] req=1777664 hits=585565 fwd=9313 rows=1191955 fwd_ms=93697.3 eval=0 prior=0
[inst] req=1785856 hits=588207 fwd=9356 rows=1197459 fwd_ms=94123.5 eval=0 prior=0
[inst] req=1794048 hits=590896 fwd=9399 rows=1202963 fwd_ms=94550.0 eval=0 prior=0
[inst] req=1802240 hits=593558 fwd=9442 rows=1208467 fwd_ms=94976.2 eval=0 prior=0
[inst] req=1810432 hits=596349 fwd=9484 rows=1213843 fwd_ms=95393.1 eval=0 prior=0
[inst] req=1818624 hits=599054 fwd=9527 rows=1219347 fwd_ms=95819.3 eval=0 prior=0
[inst] req=1826816 hits=601684 fwd=9571 rows=1224979 fwd_ms=96256.0 eval=0 prior=0
[inst] req=1835008 hits=604191 fwd=9615 rows=1230611 fwd_ms=96692.8 eval=0 prior=0
[inst] req=1843200 hits=606751 fwd=9659 rows=1236243 fwd_ms=97129.9 eval=0 prior=0
[inst] req=1851392 hits=609429 fwd=9702 rows=1241747 fwd_ms=97558.4 eval=0 prior=0
[inst] req=1859584 hits=612206 fwd=9744 rows=1247123 fwd_ms=97975.2 eval=0 prior=0
[inst] req=1867776 hits=614994 fwd=9787 rows=1252627 fwd_ms=98401.8 eval=0 prior=0
[inst] req=1875968 hits=617708 fwd=9830 rows=1258131 fwd_ms=98828.4 eval=0 prior=0
[inst] req=1884160 hits=620390 fwd=9873 rows=1263635 fwd_ms=99255.3 eval=0 prior=0
[inst] req=1892352 hits=623299 fwd=9914 rows=1268883 fwd_ms=99663.8 eval=0 prior=0
[inst] req=1900544 hits=625983 fwd=9957 rows=1274387 fwd_ms=100093.8 eval=0 prior=0
[inst] req=1908736 hits=628790 fwd=9999 rows=1279763 fwd_ms=100513.0 eval=0 prior=0
[inst] req=1916928 hits=631626 fwd=10041 rows=1285139 fwd_ms=100931.4 eval=0 prior=0
[inst] req=1925120 hits=634382 fwd=10083 rows=1290515 fwd_ms=101349.9 eval=0 prior=0
[inst] req=1933312 hits=637053 fwd=10126 rows=1296019 fwd_ms=101778.1 eval=0 prior=0
[inst] req=1941504 hits=639947 fwd=10168 rows=1301395 fwd_ms=102197.0 eval=0 prior=0
[inst] req=1949696 hits=642530 fwd=10212 rows=1307027 fwd_ms=102635.3 eval=0 prior=0
[inst] req=1957888 hits=645207 fwd=10255 rows=1312531 fwd_ms=103064.0 eval=0 prior=0
[inst] req=1966080 hits=647955 fwd=10297 rows=1317907 fwd_ms=103481.1 eval=0 prior=0
[inst] req=1974272 hits=650603 fwd=10341 rows=1323539 fwd_ms=103917.4 eval=0 prior=0
[inst] req=1982464 hits=653399 fwd=10383 rows=1328915 fwd_ms=104333.9 eval=0 prior=0
[inst] req=1990656 hits=656201 fwd=10425 rows=1334291 fwd_ms=104750.5 eval=0 prior=0
[inst] req=1998848 hits=658747 fwd=10469 rows=1339923 fwd_ms=105187.2 eval=0 prior=0
[inst] req=2007040 hits=661478 fwd=10512 rows=1345427 fwd_ms=105613.7 eval=0 prior=0
[inst] req=2015232 hits=664156 fwd=10555 rows=1350931 fwd_ms=106040.3 eval=0 prior=0
[inst] req=2023424 hits=666802 fwd=10598 rows=1356435 fwd_ms=106466.9 eval=0 prior=0
[inst] req=2031616 hits=669430 fwd=10641 rows=1361939 fwd_ms=106893.8 eval=0 prior=0
[inst] req=2039808 hits=672314 fwd=10683 rows=1367315 fwd_ms=107311.7 eval=0 prior=0
[inst] req=2048000 hits=675019 fwd=10726 rows=1372819 fwd_ms=107738.3 eval=0 prior=0
[inst] req=2056192 hits=677763 fwd=10768 rows=1378195 fwd_ms=108154.9 eval=0 prior=0
[inst] req=2064384 hits=680450 fwd=10811 rows=1383699 fwd_ms=108581.6 eval=0 prior=0
[inst] req=2072576 hits=683122 fwd=10854 rows=1389203 fwd_ms=109008.7 eval=0 prior=0
[inst] req=2080768 hits=685940 fwd=10896 rows=1394579 fwd_ms=109425.5 eval=0 prior=0
[inst] req=2088960 hits=688646 fwd=10939 rows=1400083 fwd_ms=109852.9 eval=0 prior=0
[inst] req=2097152 hits=691330 fwd=10982 rows=1405587 fwd_ms=110279.7 eval=0 prior=0
[inst] req=2105344 hits=693940 fwd=11026 rows=1411219 fwd_ms=110716.7 eval=0 prior=0
[inst] req=2113536 hits=696629 fwd=11069 rows=1416723 fwd_ms=111145.9 eval=0 prior=0
[inst] req=2121728 hits=699460 fwd=11111 rows=1422099 fwd_ms=111564.7 eval=0 prior=0
[inst] req=2129920 hits=702324 fwd=11152 rows=1427347 fwd_ms=111974.0 eval=0 prior=0
[inst] req=2138112 hits=705112 fwd=11195 rows=1432851 fwd_ms=112403.3 eval=0 prior=0
[inst] req=2146304 hits=708048 fwd=11236 rows=1438099 fwd_ms=112812.2 eval=0 prior=0
[inst] req=2154496 hits=710938 fwd=11277 rows=1443347 fwd_ms=113221.0 eval=0 prior=0
[inst] req=2162688 hits=713716 fwd=11319 rows=1448723 fwd_ms=113640.1 eval=0 prior=0
[inst] req=2170880 hits=716569 fwd=11361 rows=1454099 fwd_ms=114056.9 eval=0 prior=0
[inst] req=2179072 hits=719395 fwd=11403 rows=1459475 fwd_ms=114473.7 eval=0 prior=0
[inst] req=2187264 hits=722362 fwd=11444 rows=1464723 fwd_ms=114880.8 eval=0 prior=0
[inst] req=2195456 hits=725184 fwd=11486 rows=1470099 fwd_ms=115297.3 eval=0 prior=0
[inst] req=2203648 hits=727875 fwd=11529 rows=1475603 fwd_ms=115723.8 eval=0 prior=0
[inst] req=2211840 hits=730495 fwd=11572 rows=1481107 fwd_ms=116150.2 eval=0 prior=0
[inst] req=2220032 hits=733276 fwd=11615 rows=1486611 fwd_ms=116576.9 eval=0 prior=0
[inst] req=2228224 hits=736101 fwd=11657 rows=1491987 fwd_ms=116993.4 eval=0 prior=0
[inst] req=2236416 hits=738794 fwd=11700 rows=1497491 fwd_ms=117420.2 eval=0 prior=0
[inst] req=2244608 hits=741583 fwd=11742 rows=1502867 fwd_ms=117836.7 eval=0 prior=0
[inst] req=2252800 hits=744205 fwd=11785 rows=1508371 fwd_ms=118263.7 eval=0 prior=0
[inst] req=2260992 hits=746929 fwd=11828 rows=1513875 fwd_ms=118690.3 eval=0 prior=0
[inst] req=2269184 hits=749696 fwd=11870 rows=1519251 fwd_ms=119106.9 eval=0 prior=0
[inst] req=2277376 hits=752532 fwd=11912 rows=1524627 fwd_ms=119523.5 eval=0 prior=0
[inst] req=2285568 hits=755289 fwd=11955 rows=1530131 fwd_ms=119950.1 eval=0 prior=0
[inst] req=2293760 hits=757849 fwd=11999 rows=1535763 fwd_ms=120386.3 eval=0 prior=0
[inst] req=2301952 hits=760530 fwd=12042 rows=1541267 fwd_ms=120812.7 eval=0 prior=0
[inst] req=2310144 hits=763501 fwd=12082 rows=1546387 fwd_ms=121209.8 eval=0 prior=0
[inst] req=2318336 hits=766405 fwd=12124 rows=1551763 fwd_ms=121626.4 eval=0 prior=0
[inst] req=2326528 hits=769012 fwd=12167 rows=1557267 fwd_ms=122053.1 eval=0 prior=0
[inst] req=2334720 hits=771657 fwd=12211 rows=1562899 fwd_ms=122489.3 eval=0 prior=0
[inst] req=2342912 hits=774515 fwd=12252 rows=1568147 fwd_ms=122897.0 eval=0 prior=0
[inst] req=2351104 hits=777110 fwd=12296 rows=1573779 fwd_ms=123333.4 eval=0 prior=0
[inst] req=2359296 hits=780179 fwd=12336 rows=1578899 fwd_ms=123730.7 eval=0 prior=0
[inst] req=2367488 hits=782972 fwd=12378 rows=1584275 fwd_ms=124148.0 eval=0 prior=0
[inst] req=2375680 hits=785623 fwd=12422 rows=1589907 fwd_ms=124584.2 eval=0 prior=0
[inst] req=2383872 hits=788478 fwd=12463 rows=1595155 fwd_ms=124990.9 eval=0 prior=0
[inst] req=2392064 hits=791132 fwd=12507 rows=1600787 fwd_ms=125427.6 eval=0 prior=0
[inst] req=2400256 hits=793970 fwd=12548 rows=1606035 fwd_ms=125834.3 eval=0 prior=0
[inst] req=2408448 hits=796783 fwd=12590 rows=1611411 fwd_ms=126251.7 eval=0 prior=0
[inst] req=2416640 hits=799450 fwd=12634 rows=1617043 fwd_ms=126688.8 eval=0 prior=0
[inst] req=2424832 hits=802140 fwd=12677 rows=1622547 fwd_ms=127115.9 eval=0 prior=0
[inst] req=2433024 hits=804824 fwd=12720 rows=1628051 fwd_ms=127543.3 eval=0 prior=0
[inst] req=2441216 hits=807570 fwd=12762 rows=1633427 fwd_ms=127960.7 eval=0 prior=0
[inst] req=2449408 hits=810338 fwd=12805 rows=1638931 fwd_ms=128388.7 eval=0 prior=0
[inst] req=2457600 hits=812959 fwd=12848 rows=1644435 fwd_ms=128815.5 eval=0 prior=0
[inst] req=2465792 hits=815669 fwd=12891 rows=1649939 fwd_ms=129243.9 eval=0 prior=0
[inst] req=2473984 hits=818394 fwd=12934 rows=1655443 fwd_ms=129671.1 eval=0 prior=0
[inst] req=2482176 hits=821151 fwd=12976 rows=1660819 fwd_ms=130088.9 eval=0 prior=0
[inst] req=2490368 hits=823894 fwd=13019 rows=1666323 fwd_ms=130516.1 eval=0 prior=0
[inst] req=2498560 hits=826657 fwd=13061 rows=1671699 fwd_ms=130937.9 eval=0 prior=0
[inst] req=2506752 hits=829451 fwd=13103 rows=1677075 fwd_ms=131355.2 eval=0 prior=0
[inst] req=2514944 hits=832094 fwd=13147 rows=1682707 fwd_ms=131791.8 eval=0 prior=0
[inst] req=2523136 hits=834905 fwd=13189 rows=1688083 fwd_ms=132210.1 eval=0 prior=0
[inst] req=2531328 hits=837631 fwd=13231 rows=1693459 fwd_ms=132626.9 eval=0 prior=0
[inst] req=2539520 hits=840303 fwd=13274 rows=1698963 fwd_ms=133054.4 eval=0 prior=0
[inst] req=2547712 hits=843112 fwd=13317 rows=1704467 fwd_ms=133481.7 eval=0 prior=0
[inst] req=2555904 hits=845750 fwd=13360 rows=1709971 fwd_ms=133909.4 eval=0 prior=0
[inst] req=2564096 hits=848512 fwd=13402 rows=1715347 fwd_ms=134326.8 eval=0 prior=0
[inst] req=2572288 hits=851332 fwd=13444 rows=1720723 fwd_ms=134745.8 eval=0 prior=0
[inst] req=2580480 hits=854084 fwd=13487 rows=1726227 fwd_ms=135174.2 eval=0 prior=0
[inst] req=2588672 hits=856872 fwd=13529 rows=1731603 fwd_ms=135593.2 eval=0 prior=0
[inst] req=2596864 hits=859644 fwd=13571 rows=1736979 fwd_ms=136012.8 eval=0 prior=0
[inst] req=2605056 hits=862364 fwd=13614 rows=1742483 fwd_ms=136442.0 eval=0 prior=0
[inst] req=2613248 hits=865426 fwd=13654 rows=1747603 fwd_ms=136840.3 eval=0 prior=0
[inst] req=2621440 hits=868165 fwd=13697 rows=1753107 fwd_ms=137268.1 eval=0 prior=0
[inst] req=2629632 hits=871010 fwd=13739 rows=1758483 fwd_ms=137686.9 eval=0 prior=0
[inst] req=2637824 hits=873696 fwd=13782 rows=1763987 fwd_ms=138116.5 eval=0 prior=0
[inst] req=2646016 hits=876455 fwd=13824 rows=1769363 fwd_ms=138535.7 eval=0 prior=0
[inst] req=2654208 hits=879237 fwd=13866 rows=1774739 fwd_ms=138955.8 eval=0 prior=0
[inst] req=2662400 hits=881937 fwd=13909 rows=1780243 fwd_ms=139385.5 eval=0 prior=0
[inst] req=2670592 hits=884667 fwd=13952 rows=1785747 fwd_ms=139814.6 eval=0 prior=0
[inst] req=2678784 hits=887440 fwd=13994 rows=1791123 fwd_ms=140233.3 eval=0 prior=0
[inst] req=2686976 hits=890145 fwd=14037 rows=1796627 fwd_ms=140662.4 eval=0 prior=0
[inst] req=2695168 hits=892915 fwd=14079 rows=1802003 fwd_ms=141080.4 eval=0 prior=0
[inst] req=2703360 hits=895722 fwd=14122 rows=1807507 fwd_ms=141507.4 eval=0 prior=0
[inst] req=2711552 hits=898530 fwd=14164 rows=1812883 fwd_ms=141925.1 eval=0 prior=0
[inst] req=2719744 hits=901264 fwd=14206 rows=1818259 fwd_ms=142342.4 eval=0 prior=0
[inst] req=2727936 hits=904023 fwd=14249 rows=1823763 fwd_ms=142771.5 eval=0 prior=0
[inst] req=2736128 hits=906739 fwd=14291 rows=1829139 fwd_ms=143191.8 eval=0 prior=0
[inst] req=2744320 hits=909368 fwd=14335 rows=1834771 fwd_ms=143630.6 eval=0 prior=0
[inst] req=2752512 hits=912233 fwd=14377 rows=1840147 fwd_ms=144049.8 eval=0 prior=0
[inst] req=2760704 hits=914979 fwd=14419 rows=1845523 fwd_ms=144468.8 eval=0 prior=0
[inst] req=2768896 hits=917696 fwd=14462 rows=1851027 fwd_ms=144897.7 eval=0 prior=0
[inst] req=2777088 hits=920501 fwd=14504 rows=1856403 fwd_ms=145316.6 eval=0 prior=0
[inst] req=2785280 hits=923211 fwd=14547 rows=1861907 fwd_ms=145745.8 eval=0 prior=0
[inst] req=2793472 hits=926030 fwd=14589 rows=1867283 fwd_ms=146164.7 eval=0 prior=0
[inst] req=2801664 hits=928626 fwd=14632 rows=1872787 fwd_ms=146592.1 eval=0 prior=0
[inst] req=2809856 hits=931444 fwd=14674 rows=1878163 fwd_ms=147009.1 eval=0 prior=0
[inst] req=2818048 hits=934169 fwd=14717 rows=1883667 fwd_ms=147438.4 eval=0 prior=0
[inst] req=2826240 hits=936992 fwd=14759 rows=1889043 fwd_ms=147857.6 eval=0 prior=0
[inst] req=2834432 hits=939765 fwd=14801 rows=1894419 fwd_ms=148277.4 eval=0 prior=0
[inst] req=2842624 hits=942593 fwd=14843 rows=1899795 fwd_ms=148696.8 eval=0 prior=0
[inst] req=2850816 hits=945379 fwd=14886 rows=1905299 fwd_ms=149126.0 eval=0 prior=0
[inst] req=2859008 hits=948146 fwd=14928 rows=1910675 fwd_ms=149545.8 eval=0 prior=0
[inst] req=2867200 hits=950810 fwd=14971 rows=1916179 fwd_ms=149974.9 eval=0 prior=0
[inst] req=2875392 hits=953444 fwd=15015 rows=1921811 fwd_ms=150413.9 eval=0 prior=0
[inst] req=2883584 hits=956373 fwd=15056 rows=1927059 fwd_ms=150823.2 eval=0 prior=0
[inst] req=2891776 hits=959216 fwd=15097 rows=1932307 fwd_ms=151232.1 eval=0 prior=0
[inst] req=2899968 hits=961969 fwd=15140 rows=1937811 fwd_ms=151661.2 eval=0 prior=0
[inst] req=2908160 hits=964835 fwd=15182 rows=1943187 fwd_ms=152080.1 eval=0 prior=0
[inst] req=2916352 hits=967522 fwd=15225 rows=1948691 fwd_ms=152509.9 eval=0 prior=0
[inst] req=2924544 hits=970149 fwd=15268 rows=1954195 fwd_ms=152939.2 eval=0 prior=0
[inst] req=2932736 hits=972994 fwd=15310 rows=1959571 fwd_ms=153358.5 eval=0 prior=0
[inst] req=2940928 hits=975817 fwd=15352 rows=1964947 fwd_ms=153777.5 eval=0 prior=0
[inst] req=2949120 hits=978589 fwd=15394 rows=1970323 fwd_ms=154197.0 eval=0 prior=0
[inst] req=2957312 hits=981348 fwd=15437 rows=1975827 fwd_ms=154626.1 eval=0 prior=0
[inst] req=2965504 hits=984145 fwd=15479 rows=1981203 fwd_ms=155045.0 eval=0 prior=0
[inst] req=2973696 hits=986904 fwd=15521 rows=1986579 fwd_ms=155464.5 eval=0 prior=0
[inst] req=2981888 hits=989691 fwd=15563 rows=1991955 fwd_ms=155884.6 eval=0 prior=0
[inst] req=2990080 hits=992420 fwd=15606 rows=1997459 fwd_ms=156313.6 eval=0 prior=0
[inst] req=2998272 hits=995176 fwd=15649 rows=2002963 fwd_ms=156743.6 eval=0 prior=0
[inst] req=3006464 hits=997981 fwd=15691 rows=2008339 fwd_ms=157162.8 eval=0 prior=0
[inst] req=3014656 hits=1000756 fwd=15733 rows=2013715 fwd_ms=157582.0 eval=0 prior=0
[inst] req=3022848 hits=1003490 fwd=15776 rows=2019219 fwd_ms=158012.0 eval=0 prior=0
[inst] req=3031040 hits=1006161 fwd=15819 rows=2024723 fwd_ms=158441.3 eval=0 prior=0
[inst] req=3039232 hits=1008961 fwd=15861 rows=2030099 fwd_ms=158861.5 eval=0 prior=0
[inst] req=3047424 hits=1011761 fwd=15903 rows=2035475 fwd_ms=159280.0 eval=0 prior=0
[inst] req=3055616 hits=1014455 fwd=15946 rows=2040979 fwd_ms=159707.8 eval=0 prior=0
[inst] req=3063808 hits=1017172 fwd=15989 rows=2046483 fwd_ms=160134.8 eval=0 prior=0
[inst] req=3072000 hits=1019951 fwd=16031 rows=2051859 fwd_ms=160553.5 eval=0 prior=0
[inst] req=3080192 hits=1022716 fwd=16073 rows=2057235 fwd_ms=160970.7 eval=0 prior=0
[inst] req=3088384 hits=1025418 fwd=16116 rows=2062739 fwd_ms=161398.3 eval=0 prior=0
[inst] req=3096576 hits=1028117 fwd=16159 rows=2068243 fwd_ms=161825.7 eval=0 prior=0
[inst] req=3104768 hits=1030805 fwd=16202 rows=2073747 fwd_ms=162252.7 eval=0 prior=0
[inst] req=3112960 hits=1033590 fwd=16244 rows=2079123 fwd_ms=162671.1 eval=0 prior=0
[inst] req=3121152 hits=1036368 fwd=16287 rows=2084627 fwd_ms=163098.5 eval=0 prior=0
[inst] req=3129344 hits=1039232 fwd=16328 rows=2089875 fwd_ms=163506.1 eval=0 prior=0
[inst] req=3137536 hits=1041989 fwd=16371 rows=2095379 fwd_ms=163933.5 eval=0 prior=0
[inst] req=3145728 hits=1044712 fwd=16414 rows=2100883 fwd_ms=164361.6 eval=0 prior=0
[inst] req=3153920 hits=1047492 fwd=16456 rows=2106259 fwd_ms=164779.8 eval=0 prior=0
[inst] req=3162112 hits=1050212 fwd=16499 rows=2111763 fwd_ms=165207.6 eval=0 prior=0
[inst] req=3170304 hits=1053049 fwd=16540 rows=2117011 fwd_ms=165615.4 eval=0 prior=0
[inst] req=3178496 hits=1055889 fwd=16582 rows=2122387 fwd_ms=166033.4 eval=0 prior=0
[inst] req=3186688 hits=1058634 fwd=16625 rows=2127891 fwd_ms=166460.9 eval=0 prior=0
[inst] req=3194880 hits=1061396 fwd=16667 rows=2133267 fwd_ms=166878.3 eval=0 prior=0
[inst] req=3203072 hits=1064015 fwd=16711 rows=2138899 fwd_ms=167315.8 eval=0 prior=0
[inst] req=3211264 hits=1066900 fwd=16752 rows=2144147 fwd_ms=167723.8 eval=0 prior=0
[inst] req=3219456 hits=1069574 fwd=16795 rows=2149651 fwd_ms=168151.4 eval=0 prior=0
[inst] req=3227648 hits=1072445 fwd=16837 rows=2155027 fwd_ms=168569.1 eval=0 prior=0
[inst] req=3235840 hits=1075296 fwd=16879 rows=2160403 fwd_ms=168987.7 eval=0 prior=0
[inst] req=3244032 hits=1078230 fwd=16920 rows=2165651 fwd_ms=169394.9 eval=0 prior=0
[inst] req=3252224 hits=1080914 fwd=16963 rows=2171155 fwd_ms=169822.0 eval=0 prior=0
[inst] req=3260416 hits=1083629 fwd=17005 rows=2176531 fwd_ms=170239.8 eval=0 prior=0
[inst] req=3268608 hits=1086365 fwd=17048 rows=2182035 fwd_ms=170667.3 eval=0 prior=0
[inst] req=3276800 hits=1089156 fwd=17090 rows=2187411 fwd_ms=171085.8 eval=0 prior=0
[inst] req=3284992 hits=1092004 fwd=17132 rows=2192787 fwd_ms=171503.4 eval=0 prior=0
[inst] req=3293184 hits=1094694 fwd=17175 rows=2198291 fwd_ms=171930.6 eval=0 prior=0
[inst] req=3301376 hits=1097439 fwd=17218 rows=2203795 fwd_ms=172357.9 eval=0 prior=0
[inst] req=3309568 hits=1100525 fwd=17257 rows=2208787 fwd_ms=172745.7 eval=0 prior=0
[inst] req=3317760 hits=1103299 fwd=17300 rows=2214291 fwd_ms=173173.4 eval=0 prior=0
[inst] req=3325952 hits=1106275 fwd=17341 rows=2219539 fwd_ms=173581.6 eval=0 prior=0
[inst] req=3334144 hits=1109019 fwd=17383 rows=2224915 fwd_ms=173999.8 eval=0 prior=0
[inst] req=3342336 hits=1111857 fwd=17425 rows=2230291 fwd_ms=174417.3 eval=0 prior=0
[inst] req=3350528 hits=1114577 fwd=17468 rows=2235795 fwd_ms=174845.0 eval=0 prior=0
[inst] req=3358720 hits=1117523 fwd=17509 rows=2241043 fwd_ms=175252.9 eval=0 prior=0
[inst] req=3366912 hits=1120496 fwd=17549 rows=2246163 fwd_ms=175650.4 eval=0 prior=0
[inst] req=3375104 hits=1123292 fwd=17592 rows=2251667 fwd_ms=176077.4 eval=0 prior=0
[inst] req=3383296 hits=1126141 fwd=17633 rows=2256915 fwd_ms=176485.1 eval=0 prior=0
[inst] req=3391488 hits=1128999 fwd=17675 rows=2262291 fwd_ms=176902.6 eval=0 prior=0
[inst] req=3399680 hits=1131746 fwd=17718 rows=2267795 fwd_ms=177329.9 eval=0 prior=0
[inst] req=3407872 hits=1134510 fwd=17760 rows=2273171 fwd_ms=177746.9 eval=0 prior=0
[inst] req=3416064 hits=1137418 fwd=17801 rows=2278419 fwd_ms=178154.5 eval=0 prior=0
[inst] req=3424256 hits=1140152 fwd=17844 rows=2283923 fwd_ms=178581.8 eval=0 prior=0
[inst] req=3432448 hits=1142999 fwd=17886 rows=2289299 fwd_ms=179000.7 eval=0 prior=0
[inst] req=3440640 hits=1145749 fwd=17928 rows=2294675 fwd_ms=179419.4 eval=0 prior=0
[inst] req=3448832 hits=1148473 fwd=17971 rows=2300179 fwd_ms=179848.8 eval=0 prior=0
[inst] req=3457024 hits=1151263 fwd=18013 rows=2305555 fwd_ms=180268.5 eval=0 prior=0
[inst] req=3465216 hits=1154247 fwd=18054 rows=2310803 fwd_ms=180677.7 eval=0 prior=0
[inst] req=3473408 hits=1157024 fwd=18096 rows=2316179 fwd_ms=181096.9 eval=0 prior=0
[inst] req=3481600 hits=1159754 fwd=18139 rows=2321683 fwd_ms=181525.8 eval=0 prior=0
[inst] req=3489792 hits=1162477 fwd=18181 rows=2327059 fwd_ms=181944.7 eval=0 prior=0
[inst] req=3497984 hits=1165207 fwd=18224 rows=2332563 fwd_ms=182371.9 eval=0 prior=0
[inst] req=3506176 hits=1168045 fwd=18266 rows=2337939 fwd_ms=182789.7 eval=0 prior=0
[inst] req=3514368 hits=1170772 fwd=18309 rows=2343443 fwd_ms=183217.5 eval=0 prior=0
[inst] req=3522560 hits=1173575 fwd=18351 rows=2348819 fwd_ms=183635.2 eval=0 prior=0
[inst] req=3530752 hits=1176233 fwd=18394 rows=2354323 fwd_ms=184063.1 eval=0 prior=0
[inst] req=3538944 hits=1179029 fwd=18436 rows=2359699 fwd_ms=184480.7 eval=0 prior=0
[inst] req=3547136 hits=1182014 fwd=18477 rows=2364947 fwd_ms=184890.7 eval=0 prior=0
[inst] req=3555328 hits=1184669 fwd=18520 rows=2370451 fwd_ms=185319.8 eval=0 prior=0
[inst] req=3563520 hits=1187593 fwd=18561 rows=2375699 fwd_ms=185729.3 eval=0 prior=0
[inst] req=3571712 hits=1190404 fwd=18603 rows=2381075 fwd_ms=186148.3 eval=0 prior=0
[inst] req=3579904 hits=1193125 fwd=18646 rows=2386579 fwd_ms=186578.0 eval=0 prior=0
[inst] req=3588096 hits=1195889 fwd=18688 rows=2391955 fwd_ms=186996.9 eval=0 prior=0
[inst] req=3596288 hits=1198802 fwd=18730 rows=2397331 fwd_ms=187415.8 eval=0 prior=0
[inst] req=3604480 hits=1201522 fwd=18772 rows=2402707 fwd_ms=187835.9 eval=0 prior=0
[inst] req=3612672 hits=1204282 fwd=18815 rows=2408211 fwd_ms=188265.6 eval=0 prior=0
[inst] req=3620864 hits=1206991 fwd=18858 rows=2413715 fwd_ms=188701.2 eval=0 prior=0
[inst] req=3629056 hits=1209647 fwd=18901 rows=2419219 fwd_ms=189128.5 eval=0 prior=0
[inst] req=3637248 hits=1212424 fwd=18943 rows=2424595 fwd_ms=189545.6 eval=0 prior=0
[inst] req=3645440 hits=1215278 fwd=18985 rows=2429971 fwd_ms=189963.4 eval=0 prior=0
[inst] req=3653632 hits=1218212 fwd=19026 rows=2435219 fwd_ms=190371.2 eval=0 prior=0
[inst] req=3661824 hits=1221082 fwd=19068 rows=2440595 fwd_ms=190789.1 eval=0 prior=0
[inst] req=3670016 hits=1224025 fwd=19109 rows=2445843 fwd_ms=191196.9 eval=0 prior=0
[inst] req=3678208 hits=1226807 fwd=19151 rows=2451219 fwd_ms=191615.4 eval=0 prior=0
[inst] req=3686400 hits=1229749 fwd=19192 rows=2456467 fwd_ms=192024.5 eval=0 prior=0
[inst] req=3694592 hits=1232603 fwd=19234 rows=2461843 fwd_ms=192443.4 eval=0 prior=0
[inst] req=3702784 hits=1235377 fwd=19276 rows=2467219 fwd_ms=192860.9 eval=0 prior=0
[inst] req=3710976 hits=1238142 fwd=19318 rows=2472595 fwd_ms=193278.5 eval=0 prior=0
[inst] req=3719168 hits=1240909 fwd=19361 rows=2478099 fwd_ms=193705.2 eval=0 prior=0
[inst] req=3727360 hits=1243786 fwd=19402 rows=2483347 fwd_ms=194112.4 eval=0 prior=0
[inst] req=3735552 hits=1246543 fwd=19445 rows=2488851 fwd_ms=194539.4 eval=0 prior=0
[inst] req=3743744 hits=1249401 fwd=19486 rows=2494099 fwd_ms=194946.8 eval=0 prior=0
[inst] req=3751936 hits=1252232 fwd=19528 rows=2499475 fwd_ms=195363.8 eval=0 prior=0
[inst] req=3760128 hits=1255068 fwd=19570 rows=2504851 fwd_ms=195780.9 eval=0 prior=0
[inst] req=3768320 hits=1257837 fwd=19612 rows=2510227 fwd_ms=196197.9 eval=0 prior=0
[inst] req=3776512 hits=1260595 fwd=19655 rows=2515731 fwd_ms=196624.7 eval=0 prior=0
[inst] req=3784704 hits=1263463 fwd=19697 rows=2521107 fwd_ms=197041.9 eval=0 prior=0
[inst] req=3792896 hits=1266377 fwd=19738 rows=2526355 fwd_ms=197449.1 eval=0 prior=0
[inst] req=3801088 hits=1269238 fwd=19779 rows=2531603 fwd_ms=197856.7 eval=0 prior=0
[inst] req=3809280 hits=1271975 fwd=19822 rows=2537107 fwd_ms=198283.9 eval=0 prior=0
[inst] req=3817472 hits=1274681 fwd=19865 rows=2542611 fwd_ms=198711.5 eval=0 prior=0
[inst] req=3825664 hits=1277405 fwd=19908 rows=2548115 fwd_ms=199138.5 eval=0 prior=0
[inst] req=3833856 hits=1280208 fwd=19950 rows=2553491 fwd_ms=199555.8 eval=0 prior=0
[inst] req=3842048 hits=1283145 fwd=19991 rows=2558739 fwd_ms=199963.3 eval=0 prior=0
[inst] req=3850240 hits=1285954 fwd=20033 rows=2564115 fwd_ms=200380.7 eval=0 prior=0
[inst] req=3858432 hits=1288755 fwd=20075 rows=2569491 fwd_ms=200798.2 eval=0 prior=0
[inst] req=3866624 hits=1291510 fwd=20117 rows=2574867 fwd_ms=201215.4 eval=0 prior=0
[inst] req=3874816 hits=1294248 fwd=20160 rows=2580371 fwd_ms=201642.8 eval=0 prior=0
[inst] req=3883008 hits=1296995 fwd=20203 rows=2585875 fwd_ms=202070.7 eval=0 prior=0
[inst] req=3891200 hits=1299854 fwd=20244 rows=2591123 fwd_ms=202477.9 eval=0 prior=0
[inst] req=3899392 hits=1302773 fwd=20285 rows=2596371 fwd_ms=202885.4 eval=0 prior=0
[inst] req=3907584 hits=1305465 fwd=20328 rows=2601875 fwd_ms=203312.8 eval=0 prior=0
[inst] req=3915776 hits=1308401 fwd=20369 rows=2607123 fwd_ms=203720.2 eval=0 prior=0
[inst] req=3923968 hits=1311226 fwd=20411 rows=2612499 fwd_ms=204137.4 eval=0 prior=0
[inst] req=3932160 hits=1313942 fwd=20454 rows=2618003 fwd_ms=204564.0 eval=0 prior=0
[inst] req=3940352 hits=1316691 fwd=20497 rows=2623507 fwd_ms=204991.0 eval=0 prior=0
[inst] req=3948544 hits=1319419 fwd=20539 rows=2628883 fwd_ms=205409.2 eval=0 prior=0
[inst] req=3956736 hits=1322183 fwd=20582 rows=2634387 fwd_ms=205836.0 eval=0 prior=0
[inst] req=3964928 hits=1325061 fwd=20623 rows=2639635 fwd_ms=206243.6 eval=0 prior=0
[inst] req=3973120 hits=1327855 fwd=20665 rows=2645011 fwd_ms=206660.7 eval=0 prior=0
[inst] req=3981312 hits=1330831 fwd=20706 rows=2650259 fwd_ms=207068.1 eval=0 prior=0
[inst] req=3989504 hits=1333586 fwd=20749 rows=2655763 fwd_ms=207495.5 eval=0 prior=0
[inst] req=3997696 hits=1336282 fwd=20792 rows=2661267 fwd_ms=207922.6 eval=0 prior=0
[inst] req=4005888 hits=1338966 fwd=20835 rows=2666771 fwd_ms=208349.7 eval=0 prior=0
[inst] req=4014080 hits=1341879 fwd=20876 rows=2672019 fwd_ms=208757.2 eval=0 prior=0
[inst] req=4022272 hits=1344565 fwd=20919 rows=2677523 fwd_ms=209184.8 eval=0 prior=0
[inst] req=4030464 hits=1347410 fwd=20961 rows=2682899 fwd_ms=209602.5 eval=0 prior=0
[inst] req=4038656 hits=1350281 fwd=21002 rows=2688147 fwd_ms=210010.2 eval=0 prior=0
[inst] req=4046848 hits=1352988 fwd=21045 rows=2693651 fwd_ms=210437.3 eval=0 prior=0
[inst] req=4055040 hits=1355733 fwd=21088 rows=2699155 fwd_ms=210864.8 eval=0 prior=0
[inst] req=4063232 hits=1358527 fwd=21130 rows=2704531 fwd_ms=211281.9 eval=0 prior=0
[inst] req=4071424 hits=1361397 fwd=21171 rows=2709779 fwd_ms=211690.9 eval=0 prior=0
[inst] req=4079616 hits=1364224 fwd=21213 rows=2715155 fwd_ms=212111.7 eval=0 prior=0
[inst] req=4087808 hits=1366960 fwd=21256 rows=2720659 fwd_ms=212542.1 eval=0 prior=0
[inst] req=4096000 hits=1369795 fwd=21298 rows=2726035 fwd_ms=212960.3 eval=0 prior=0
[inst] req=4104192 hits=1372609 fwd=21340 rows=2731411 fwd_ms=213379.0 eval=0 prior=0
[inst] req=4112384 hits=1375396 fwd=21382 rows=2736787 fwd_ms=213796.2 eval=0 prior=0
[inst] req=4120576 hits=1378211 fwd=21424 rows=2742163 fwd_ms=214213.3 eval=0 prior=0
[inst] req=4128768 hits=1381012 fwd=21466 rows=2747539 fwd_ms=214630.6 eval=0 prior=0
[inst] req=4136960 hits=1383683 fwd=21509 rows=2753043 fwd_ms=215058.0 eval=0 prior=0
[inst] req=4145152 hits=1386383 fwd=21552 rows=2758547 fwd_ms=215486.0 eval=0 prior=0
[inst] req=4153344 hits=1389103 fwd=21595 rows=2764051 fwd_ms=215912.9 eval=0 prior=0
[inst] req=4161536 hits=1392021 fwd=21636 rows=2769299 fwd_ms=216324.3 eval=0 prior=0
[inst] req=4169728 hits=1394798 fwd=21678 rows=2774675 fwd_ms=216747.5 eval=0 prior=0
[inst] req=4177920 hits=1397483 fwd=21722 rows=2780307 fwd_ms=217188.4 eval=0 prior=0
[inst] req=4186112 hits=1400195 fwd=21764 rows=2785683 fwd_ms=217609.0 eval=0 prior=0
[inst] req=4194304 hits=1403050 fwd=21806 rows=2791059 fwd_ms=218026.8 eval=0 prior=0
[inst] req=4202496 hits=1405873 fwd=21848 rows=2796435 fwd_ms=218444.2 eval=0 prior=0
[inst] req=4210688 hits=1408666 fwd=21890 rows=2801811 fwd_ms=218861.5 eval=0 prior=0
[inst] req=4218880 hits=1411314 fwd=21933 rows=2807315 fwd_ms=219288.6 eval=0 prior=0
[inst] req=4227072 hits=1414070 fwd=21976 rows=2812819 fwd_ms=219717.4 eval=0 prior=0
[inst] req=4235264 hits=1416834 fwd=22018 rows=2818195 fwd_ms=220134.6 eval=0 prior=0
[inst] req=4243456 hits=1419665 fwd=22060 rows=2823571 fwd_ms=220556.0 eval=0 prior=0
[inst] req=4251648 hits=1422407 fwd=22103 rows=2829075 fwd_ms=220983.7 eval=0 prior=0
[inst] req=4259840 hits=1425067 fwd=22146 rows=2834579 fwd_ms=221412.0 eval=0 prior=0
[inst] req=4268032 hits=1427793 fwd=22189 rows=2840083 fwd_ms=221839.6 eval=0 prior=0
[inst] req=4276224 hits=1430559 fwd=22231 rows=2845459 fwd_ms=222259.4 eval=0 prior=0
[inst] req=4284416 hits=1433524 fwd=22272 rows=2850707 fwd_ms=222666.9 eval=0 prior=0
[inst] req=4292608 hits=1436508 fwd=22313 rows=2855955 fwd_ms=223076.1 eval=0 prior=0
[inst] req=4300800 hits=1439304 fwd=22355 rows=2861331 fwd_ms=223497.7 eval=0 prior=0
[inst] req=4308992 hits=1442087 fwd=22397 rows=2866707 fwd_ms=223923.0 eval=0 prior=0
[inst] req=4317184 hits=1444917 fwd=22439 rows=2872083 fwd_ms=224340.3 eval=0 prior=0
[inst] req=4325376 hits=1447593 fwd=22482 rows=2877587 fwd_ms=224767.6 eval=0 prior=0
[inst] req=4333568 hits=1450470 fwd=22524 rows=2882963 fwd_ms=225185.1 eval=0 prior=0
[inst] req=4341760 hits=1453235 fwd=22566 rows=2888339 fwd_ms=225602.2 eval=0 prior=0
[inst] req=4349952 hits=1455887 fwd=22609 rows=2893843 fwd_ms=226029.7 eval=0 prior=0
[inst] req=4358144 hits=1458561 fwd=22652 rows=2899347 fwd_ms=226456.9 eval=0 prior=0
[inst] req=4366336 hits=1461264 fwd=22695 rows=2904851 fwd_ms=226884.5 eval=0 prior=0
[inst] req=4374528 hits=1463985 fwd=22738 rows=2910355 fwd_ms=227312.2 eval=0 prior=0
[inst] req=4382720 hits=1466906 fwd=22779 rows=2915603 fwd_ms=227719.8 eval=0 prior=0
[inst] req=4390912 hits=1469847 fwd=22820 rows=2920851 fwd_ms=228127.1 eval=0 prior=0
[inst] req=4399104 hits=1472520 fwd=22863 rows=2926355 fwd_ms=228554.2 eval=0 prior=0
[inst] req=4407296 hits=1475321 fwd=22905 rows=2931731 fwd_ms=228972.8 eval=0 prior=0
[inst] req=4415488 hits=1478103 fwd=22948 rows=2937235 fwd_ms=229403.2 eval=0 prior=0
[inst] req=4423680 hits=1480990 fwd=22989 rows=2942483 fwd_ms=230634.7 eval=0 prior=0
[inst] req=4431872 hits=1483871 fwd=23031 rows=2947859 fwd_ms=233273.1 eval=0 prior=0
[inst] req=4440064 hits=1486519 fwd=23074 rows=2953363 fwd_ms=234622.4 eval=0 prior=0
[inst] req=4448256 hits=1488679 fwd=23121 rows=2959379 fwd_ms=235114.4 eval=0 prior=0
[inst] req=4456448 hits=1489536 fwd=23178 rows=2966675 fwd_ms=235683.0 eval=0 prior=0
[inst] req=4464640 hits=1491619 fwd=23226 rows=2972819 fwd_ms=236163.7 eval=0 prior=0
[inst] req=4472832 hits=1494496 fwd=23268 rows=2978195 fwd_ms=236583.4 eval=0 prior=0
[inst] req=4481024 hits=1497179 fwd=23311 rows=2983699 fwd_ms=237013.7 eval=0 prior=0
[inst] req=4489216 hits=1499842 fwd=23354 rows=2989203 fwd_ms=237444.1 eval=0 prior=0
[inst] req=4497408 hits=1502475 fwd=23397 rows=2994707 fwd_ms=237873.7 eval=0 prior=0
[inst] req=4505600 hits=1505143 fwd=23440 rows=3000211 fwd_ms=238302.3 eval=0 prior=0
[inst] req=4513792 hits=1508078 fwd=23481 rows=3005459 fwd_ms=238713.0 eval=0 prior=0
[inst] req=4521984 hits=1510806 fwd=23524 rows=3010963 fwd_ms=239140.6 eval=0 prior=0
[inst] req=4530176 hits=1513505 fwd=23567 rows=3016467 fwd_ms=239569.1 eval=0 prior=0
[inst] req=4538368 hits=1516390 fwd=23609 rows=3021843 fwd_ms=239987.1 eval=0 prior=0
[inst] req=4546560 hits=1519217 fwd=23650 rows=3027091 fwd_ms=240394.7 eval=0 prior=0
[inst] req=4554752 hits=1522292 fwd=23690 rows=3032211 fwd_ms=240793.0 eval=0 prior=0
[inst] req=4562944 hits=1525106 fwd=23732 rows=3037587 fwd_ms=241211.0 eval=0 prior=0
[inst] req=4571136 hits=1527650 fwd=23777 rows=3043347 fwd_ms=241658.7 eval=0 prior=0
[inst] req=4579328 hits=1530483 fwd=23818 rows=3048595 fwd_ms=242066.0 eval=0 prior=0
[inst] req=4587520 hits=1533329 fwd=23860 rows=3053971 fwd_ms=242483.2 eval=0 prior=0
[inst] req=4595712 hits=1536171 fwd=23902 rows=3059347 fwd_ms=242900.5 eval=0 prior=0
[inst] req=4603904 hits=1538958 fwd=23944 rows=3064723 fwd_ms=243317.8 eval=0 prior=0
[inst] req=4612096 hits=1541484 fwd=23989 rows=3070483 fwd_ms=243766.8 eval=0 prior=0
[inst] req=4620288 hits=1544254 fwd=24031 rows=3075859 fwd_ms=244193.5 eval=0 prior=0
[inst] req=4628480 hits=1547104 fwd=24073 rows=3081235 fwd_ms=244613.1 eval=0 prior=0
[inst] req=4636672 hits=1549854 fwd=24115 rows=3086611 fwd_ms=245033.8 eval=0 prior=0
[inst] req=4644864 hits=1552597 fwd=24158 rows=3092115 fwd_ms=245471.7 eval=0 prior=0
[inst] req=4653056 hits=1555310 fwd=24200 rows=3097491 fwd_ms=245908.1 eval=0 prior=0
[inst] req=4661248 hits=1558192 fwd=24242 rows=3102867 fwd_ms=246331.8 eval=0 prior=0
[inst] req=4669440 hits=1561010 fwd=24284 rows=3108243 fwd_ms=246758.8 eval=0 prior=0
[inst] req=4677632 hits=1563766 fwd=24326 rows=3113619 fwd_ms=247181.5 eval=0 prior=0
[inst] req=4685824 hits=1566542 fwd=24369 rows=3119123 fwd_ms=247625.3 eval=0 prior=0
[inst] req=4694016 hits=1569284 fwd=24411 rows=3124499 fwd_ms=248052.1 eval=0 prior=0
[inst] req=4702208 hits=1572076 fwd=24454 rows=3130003 fwd_ms=248485.9 eval=0 prior=0
[inst] req=4710400 hits=1574768 fwd=24496 rows=3135379 fwd_ms=248906.4 eval=0 prior=0
[inst] req=4718592 hits=1577663 fwd=24538 rows=3140755 fwd_ms=249326.5 eval=0 prior=0
[inst] req=4726784 hits=1580464 fwd=24580 rows=3146131 fwd_ms=249753.1 eval=0 prior=0
[inst] req=4734976 hits=1583226 fwd=24622 rows=3151507 fwd_ms=250180.3 eval=0 prior=0
[inst] req=4743168 hits=1585998 fwd=24665 rows=3157011 fwd_ms=250612.6 eval=0 prior=0
[inst] req=4751360 hits=1588713 fwd=24708 rows=3162515 fwd_ms=251046.9 eval=0 prior=0
[inst] req=4759552 hits=1591563 fwd=24749 rows=3167763 fwd_ms=251491.2 eval=0 prior=0
[inst] req=4767744 hits=1594313 fwd=24792 rows=3173267 fwd_ms=251920.4 eval=0 prior=0
[inst] req=4775936 hits=1597087 fwd=24834 rows=3178643 fwd_ms=252353.8 eval=0 prior=0
[inst] req=4784128 hits=1599923 fwd=24876 rows=3184019 fwd_ms=252775.3 eval=0 prior=0
[inst] req=4792320 hits=1602641 fwd=24919 rows=3189523 fwd_ms=253220.0 eval=0 prior=0
[inst] req=4800512 hits=1605307 fwd=24962 rows=3195027 fwd_ms=253658.2 eval=0 prior=0
[inst] req=4808704 hits=1608205 fwd=25003 rows=3200275 fwd_ms=254070.7 eval=0 prior=0
[inst] req=4816896 hits=1610962 fwd=25046 rows=3205779 fwd_ms=254503.3 eval=0 prior=0
[inst] req=4825088 hits=1613794 fwd=25088 rows=3211155 fwd_ms=254928.3 eval=0 prior=0
[inst] req=4833280 hits=1616639 fwd=25129 rows=3216403 fwd_ms=255337.4 eval=0 prior=0
[inst] req=4841472 hits=1619495 fwd=25171 rows=3221779 fwd_ms=255760.6 eval=0 prior=0
[inst] req=4849664 hits=1622136 fwd=25214 rows=3227283 fwd_ms=256186.2 eval=0 prior=0
[inst] req=4857856 hits=1625008 fwd=25256 rows=3232659 fwd_ms=256602.5 eval=0 prior=0
[inst] req=4866048 hits=1627784 fwd=25298 rows=3238035 fwd_ms=257019.0 eval=0 prior=0
[inst] req=4874240 hits=1630586 fwd=25340 rows=3243411 fwd_ms=257436.9 eval=0 prior=0
[inst] req=4882432 hits=1633361 fwd=25383 rows=3248915 fwd_ms=257864.9 eval=0 prior=0
[inst] req=4890624 hits=1636214 fwd=25424 rows=3254163 fwd_ms=258272.7 eval=0 prior=0
[inst] req=4898816 hits=1638928 fwd=25467 rows=3259667 fwd_ms=258699.6 eval=0 prior=0
[inst] req=4907008 hits=1641847 fwd=25508 rows=3264915 fwd_ms=259107.3 eval=0 prior=0
[inst] req=4915200 hits=1644666 fwd=25550 rows=3270291 fwd_ms=259524.1 eval=0 prior=0
[inst] req=4923392 hits=1647602 fwd=25591 rows=3275539 fwd_ms=259931.0 eval=0 prior=0
[inst] req=4931584 hits=1650557 fwd=25632 rows=3280787 fwd_ms=260338.0 eval=0 prior=0
[inst] req=4939776 hits=1653286 fwd=25675 rows=3286291 fwd_ms=260765.2 eval=0 prior=0
[inst] req=4947968 hits=1656263 fwd=25716 rows=3291539 fwd_ms=261172.8 eval=0 prior=0
[inst] req=4956160 hits=1658897 fwd=25759 rows=3297043 fwd_ms=261599.5 eval=0 prior=0
[inst] req=4964352 hits=1661703 fwd=25801 rows=3302419 fwd_ms=262016.7 eval=0 prior=0
[inst] req=4972544 hits=1664787 fwd=25841 rows=3307539 fwd_ms=262414.5 eval=0 prior=0
[inst] req=4980736 hits=1667456 fwd=25884 rows=3313043 fwd_ms=262842.4 eval=0 prior=0
[inst] req=4988928 hits=1670229 fwd=25927 rows=3318547 fwd_ms=263269.7 eval=0 prior=0
[inst] req=4997120 hits=1673131 fwd=25968 rows=3323795 fwd_ms=263677.5 eval=0 prior=0
[inst] req=5005312 hits=1675918 fwd=26010 rows=3329171 fwd_ms=264094.7 eval=0 prior=0
[inst] req=5013504 hits=1678836 fwd=26051 rows=3334419 fwd_ms=264502.6 eval=0 prior=0
[inst] req=5021696 hits=1681647 fwd=26093 rows=3339795 fwd_ms=264920.0 eval=0 prior=0
[inst] req=5029888 hits=1684435 fwd=26136 rows=3345299 fwd_ms=265347.3 eval=0 prior=0
[inst] req=5038080 hits=1687431 fwd=26176 rows=3350419 fwd_ms=265745.4 eval=0 prior=0
[inst] req=5046272 hits=1690163 fwd=26219 rows=3355923 fwd_ms=266172.4 eval=0 prior=0
[inst] req=5054464 hits=1692936 fwd=26261 rows=3361299 fwd_ms=266589.7 eval=0 prior=0
[inst] req=5062656 hits=1695663 fwd=26304 rows=3366803 fwd_ms=267017.8 eval=0 prior=0
[inst] req=5070848 hits=1698610 fwd=26345 rows=3372051 fwd_ms=267426.0 eval=0 prior=0
[inst] req=5079040 hits=1701463 fwd=26387 rows=3377427 fwd_ms=267843.8 eval=0 prior=0
[inst] req=5087232 hits=1704234 fwd=26429 rows=3382803 fwd_ms=268261.9 eval=0 prior=0
[inst] req=5095424 hits=1707057 fwd=26471 rows=3388179 fwd_ms=268679.2 eval=0 prior=0
[inst] req=5103616 hits=1709738 fwd=26514 rows=3393683 fwd_ms=269107.2 eval=0 prior=0
[inst] req=5111808 hits=1712647 fwd=26555 rows=3398931 fwd_ms=269516.1 eval=0 prior=0
[inst] req=5120000 hits=1715613 fwd=26596 rows=3404179 fwd_ms=269924.5 eval=0 prior=0
[inst] req=5128192 hits=1718506 fwd=26638 rows=3409555 fwd_ms=270342.2 eval=0 prior=0
[inst] req=5136384 hits=1721199 fwd=26680 rows=3414931 fwd_ms=270760.1 eval=0 prior=0
[inst] req=5144576 hits=1723923 fwd=26723 rows=3420435 fwd_ms=271188.2 eval=0 prior=0
[inst] req=5152768 hits=1726611 fwd=26766 rows=3425939 fwd_ms=271617.3 eval=0 prior=0
[inst] req=5160960 hits=1729445 fwd=26808 rows=3431315 fwd_ms=272035.3 eval=0 prior=0
[inst] req=5169152 hits=1732227 fwd=26850 rows=3436691 fwd_ms=272453.2 eval=0 prior=0
[inst] req=5177344 hits=1734934 fwd=26893 rows=3442195 fwd_ms=272881.0 eval=0 prior=0
[inst] req=5185536 hits=1737761 fwd=26935 rows=3447571 fwd_ms=273299.1 eval=0 prior=0
[inst] req=5193728 hits=1740443 fwd=26978 rows=3453075 fwd_ms=273727.5 eval=0 prior=0
[inst] req=5201920 hits=1743436 fwd=27019 rows=3458323 fwd_ms=274136.8 eval=0 prior=0
[inst] req=5210112 hits=1746266 fwd=27061 rows=3463699 fwd_ms=274555.6 eval=0 prior=0
[inst] req=5218304 hits=1748907 fwd=27104 rows=3469203 fwd_ms=274984.1 eval=0 prior=0
[inst] req=5226496 hits=1751619 fwd=27147 rows=3474707 fwd_ms=275412.9 eval=0 prior=0
[inst] req=5234688 hits=1754348 fwd=27190 rows=3480211 fwd_ms=275842.1 eval=0 prior=0
[inst] req=5242880 hits=1757194 fwd=27231 rows=3485459 fwd_ms=276250.5 eval=0 prior=0
[inst] req=5251072 hits=1760170 fwd=27272 rows=3490707 fwd_ms=276658.7 eval=0 prior=0
[inst] req=5259264 hits=1762908 fwd=27315 rows=3496211 fwd_ms=277086.8 eval=0 prior=0
[inst] req=5267456 hits=1765632 fwd=27357 rows=3501587 fwd_ms=277505.7 eval=0 prior=0
[inst] req=5275648 hits=1768525 fwd=27399 rows=3506963 fwd_ms=277925.0 eval=0 prior=0
[inst] req=5283840 hits=1771494 fwd=27440 rows=3512211 fwd_ms=278333.7 eval=0 prior=0
[inst] req=5292032 hits=1774284 fwd=27482 rows=3517587 fwd_ms=278751.5 eval=0 prior=0
[inst] req=5300224 hits=1777107 fwd=27524 rows=3522963 fwd_ms=279169.9 eval=0 prior=0
[inst] req=5308416 hits=1780045 fwd=27565 rows=3528211 fwd_ms=279578.0 eval=0 prior=0
[inst] req=5316608 hits=1782832 fwd=27607 rows=3533587 fwd_ms=279996.7 eval=0 prior=0
[inst] req=5324800 hits=1785730 fwd=27648 rows=3538835 fwd_ms=280405.0 eval=0 prior=0
[inst] req=5332992 hits=1788419 fwd=27691 rows=3544339 fwd_ms=280833.1 eval=0 prior=0
[inst] req=5341184 hits=1791160 fwd=27734 rows=3549843 fwd_ms=281261.8 eval=0 prior=0
[inst] req=5349376 hits=1794034 fwd=27775 rows=3555091 fwd_ms=281670.5 eval=0 prior=0
[inst] req=5357568 hits=1796817 fwd=27818 rows=3560595 fwd_ms=282098.5 eval=0 prior=0
[inst] req=5365760 hits=1799697 fwd=27859 rows=3565843 fwd_ms=282506.8 eval=0 prior=0
[inst] req=5373952 hits=1802624 fwd=27900 rows=3571091 fwd_ms=282915.2 eval=0 prior=0
[inst] req=5382144 hits=1805284 fwd=27944 rows=3576723 fwd_ms=283353.5 eval=0 prior=0
[inst] req=5390336 hits=1808401 fwd=27983 rows=3581715 fwd_ms=283741.9 eval=0 prior=0
[inst] req=5398528 hits=1811068 fwd=28026 rows=3587219 fwd_ms=284169.5 eval=0 prior=0
[inst] req=5406720 hits=1814016 fwd=28067 rows=3592467 fwd_ms=284577.6 eval=0 prior=0
[inst] req=5414912 hits=1817031 fwd=28108 rows=3597715 fwd_ms=284985.8 eval=0 prior=0
[inst] req=5423104 hits=1819743 fwd=28151 rows=3603219 fwd_ms=285414.0 eval=0 prior=0
[inst] req=5431296 hits=1822471 fwd=28193 rows=3608595 fwd_ms=285832.1 eval=0 prior=0
[inst] req=5439488 hits=1825230 fwd=28236 rows=3614099 fwd_ms=286261.0 eval=0 prior=0
[inst] req=5447680 hits=1828128 fwd=28277 rows=3619347 fwd_ms=286670.8 eval=0 prior=0
[inst] req=5455872 hits=1831116 fwd=28318 rows=3624595 fwd_ms=287080.3 eval=0 prior=0
[inst] req=5464064 hits=1833843 fwd=28360 rows=3629971 fwd_ms=287499.1 eval=0 prior=0
[inst] req=5472256 hits=1836602 fwd=28403 rows=3635475 fwd_ms=287926.9 eval=0 prior=0
[inst] req=5480448 hits=1839345 fwd=28445 rows=3640851 fwd_ms=288347.3 eval=0 prior=0
[inst] req=5488640 hits=1842249 fwd=28487 rows=3646227 fwd_ms=288765.3 eval=0 prior=0
[inst] req=5496832 hits=1845083 fwd=28529 rows=3651603 fwd_ms=289183.2 eval=0 prior=0
[inst] req=5505024 hits=1847909 fwd=28571 rows=3656979 fwd_ms=289601.3 eval=0 prior=0
[inst] req=5513216 hits=1850518 fwd=28614 rows=3662483 fwd_ms=290029.4 eval=0 prior=0
[inst] req=5521408 hits=1853192 fwd=28657 rows=3667987 fwd_ms=290457.6 eval=0 prior=0
[inst] req=5529600 hits=1856301 fwd=28697 rows=3673107 fwd_ms=290855.9 eval=0 prior=0
[inst] req=5537792 hits=1859225 fwd=28738 rows=3678355 fwd_ms=291264.6 eval=0 prior=0
[inst] req=5545984 hits=1862074 fwd=28780 rows=3683731 fwd_ms=291683.2 eval=0 prior=0
[inst] req=5554176 hits=1864763 fwd=28823 rows=3689235 fwd_ms=292111.5 eval=0 prior=0
[inst] req=5562368 hits=1867638 fwd=28864 rows=3694483 fwd_ms=292520.2 eval=0 prior=0
[inst] req=5570560 hits=1870521 fwd=28906 rows=3699859 fwd_ms=292939.1 eval=0 prior=0
[inst] req=5578752 hits=1873404 fwd=28947 rows=3705107 fwd_ms=293347.5 eval=0 prior=0
[inst] req=5586944 hits=1876201 fwd=28990 rows=3710611 fwd_ms=293775.3 eval=0 prior=0
[inst] req=5595136 hits=1878866 fwd=29033 rows=3716115 fwd_ms=294203.6 eval=0 prior=0
[inst] req=5603328 hits=1881621 fwd=29075 rows=3721491 fwd_ms=294621.7 eval=0 prior=0
[inst] req=5611520 hits=1884533 fwd=29116 rows=3726739 fwd_ms=295029.9 eval=0 prior=0
[inst] req=5619712 hits=1887452 fwd=29158 rows=3732115 fwd_ms=295448.2 eval=0 prior=0
[inst] req=5627904 hits=1890185 fwd=29200 rows=3737491 fwd_ms=295866.6 eval=0 prior=0
[inst] req=5636096 hits=1892967 fwd=29243 rows=3742995 fwd_ms=296294.6 eval=0 prior=0
[inst] req=5644288 hits=1895540 fwd=29286 rows=3748499 fwd_ms=296722.8 eval=0 prior=0
[inst] req=5652480 hits=1898378 fwd=29328 rows=3753875 fwd_ms=297141.2 eval=0 prior=0
[inst] req=5660672 hits=1901165 fwd=29370 rows=3759251 fwd_ms=297559.7 eval=0 prior=0
[inst] req=5668864 hits=1904064 fwd=29412 rows=3764627 fwd_ms=297978.3 eval=0 prior=0
[inst] req=5677056 hits=1906891 fwd=29454 rows=3770003 fwd_ms=298396.8 eval=0 prior=0
[inst] req=5685248 hits=1909631 fwd=29496 rows=3775379 fwd_ms=298815.5 eval=0 prior=0
[inst] req=5693440 hits=1912549 fwd=29538 rows=3780755 fwd_ms=299234.2 eval=0 prior=0
[inst] req=5701632 hits=1915343 fwd=29580 rows=3786131 fwd_ms=299653.2 eval=0 prior=0
[inst] req=5709824 hits=1918206 fwd=29621 rows=3791379 fwd_ms=300062.0 eval=0 prior=0
[inst] req=5718016 hits=1920919 fwd=29664 rows=3796883 fwd_ms=300490.7 eval=0 prior=0
[inst] req=5726208 hits=1923980 fwd=29704 rows=3802003 fwd_ms=300889.9 eval=0 prior=0
[inst] req=5734400 hits=1926880 fwd=29746 rows=3807379 fwd_ms=301308.5 eval=0 prior=0
[inst] req=5742592 hits=1929685 fwd=29788 rows=3812755 fwd_ms=301727.1 eval=0 prior=0
[inst] req=5750784 hits=1932532 fwd=29829 rows=3818003 fwd_ms=302137.1 eval=0 prior=0
[inst] req=5758976 hits=1935628 fwd=29869 rows=3823123 fwd_ms=302538.4 eval=0 prior=0
[inst] req=5767168 hits=1938377 fwd=29912 rows=3828627 fwd_ms=302969.1 eval=0 prior=0
[inst] req=5775360 hits=1941167 fwd=29954 rows=3834003 fwd_ms=303389.6 eval=0 prior=0
[inst] req=5783552 hits=1943942 fwd=29996 rows=3839379 fwd_ms=303810.0 eval=0 prior=0
[inst] req=5791744 hits=1946666 fwd=30039 rows=3844883 fwd_ms=304240.9 eval=0 prior=0
[inst] req=5799936 hits=1949624 fwd=30080 rows=3850131 fwd_ms=304652.8 eval=0 prior=0
[inst] req=5808128 hits=1952350 fwd=30123 rows=3855635 fwd_ms=305083.9 eval=0 prior=0
[inst] req=5816320 hits=1955471 fwd=30162 rows=3860627 fwd_ms=305474.6 eval=0 prior=0
[inst] req=5824512 hits=1958154 fwd=30205 rows=3866131 fwd_ms=305905.1 eval=0 prior=0
[inst] req=5832704 hits=1960829 fwd=30248 rows=3871635 fwd_ms=306335.3 eval=0 prior=0
[inst] req=5840896 hits=1963942 fwd=30288 rows=3876755 fwd_ms=306734.8 eval=0 prior=0
[inst] req=5849088 hits=1966730 fwd=30330 rows=3882131 fwd_ms=307153.2 eval=0 prior=0
[inst] req=5857280 hits=1969468 fwd=30373 rows=3887635 fwd_ms=307581.9 eval=0 prior=0
[inst] req=5865472 hits=1972311 fwd=30415 rows=3893011 fwd_ms=308000.4 eval=0 prior=0
[inst] req=5873664 hits=1975002 fwd=30458 rows=3898515 fwd_ms=308429.1 eval=0 prior=0
[inst] req=5881856 hits=1977901 fwd=30499 rows=3903763 fwd_ms=308837.5 eval=0 prior=0
[inst] req=5890048 hits=1980846 fwd=30540 rows=3909011 fwd_ms=309246.4 eval=0 prior=0
[inst] req=5898240 hits=1983411 fwd=30584 rows=3914643 fwd_ms=309684.5 eval=0 prior=0
[inst] req=5906432 hits=1986182 fwd=30626 rows=3920019 fwd_ms=310103.2 eval=0 prior=0
[inst] req=5914624 hits=1988944 fwd=30669 rows=3925523 fwd_ms=310532.2 eval=0 prior=0
[inst] req=5922816 hits=1991892 fwd=30710 rows=3930771 fwd_ms=310941.5 eval=0 prior=0
[inst] req=5931008 hits=1994698 fwd=30752 rows=3936147 fwd_ms=311360.8 eval=0 prior=0
[inst] req=5939200 hits=1997433 fwd=30794 rows=3941523 fwd_ms=311779.1 eval=0 prior=0
[inst] req=5947392 hits=2000115 fwd=30837 rows=3947027 fwd_ms=312207.5 eval=0 prior=0
[inst] req=5955584 hits=2002944 fwd=30879 rows=3952403 fwd_ms=312625.7 eval=0 prior=0
[inst] req=5963776 hits=2005849 fwd=30921 rows=3957779 fwd_ms=313044.4 eval=0 prior=0
[inst] req=5971968 hits=2008572 fwd=30963 rows=3963155 fwd_ms=313462.9 eval=0 prior=0
[inst] req=5980160 hits=2011476 fwd=31005 rows=3968531 fwd_ms=313881.4 eval=0 prior=0
[inst] req=5988352 hits=2014138 fwd=31048 rows=3974035 fwd_ms=314309.9 eval=0 prior=0
[inst] req=5996544 hits=2016920 fwd=31090 rows=3979411 fwd_ms=314728.2 eval=0 prior=0
[inst] req=6004736 hits=2019823 fwd=31131 rows=3984659 fwd_ms=315137.3 eval=0 prior=0
[inst] req=6012928 hits=2022633 fwd=31174 rows=3990163 fwd_ms=315565.5 eval=0 prior=0
[inst] req=6021120 hits=2025454 fwd=31215 rows=3995411 fwd_ms=315973.8 eval=0 prior=0
[inst] req=6029312 hits=2028473 fwd=31256 rows=4000659 fwd_ms=316382.5 eval=0 prior=0
[inst] req=6037504 hits=2031267 fwd=31298 rows=4006035 fwd_ms=316800.9 eval=0 prior=0
[inst] req=6045696 hits=2034094 fwd=31340 rows=4011411 fwd_ms=317219.0 eval=0 prior=0
[inst] req=6053888 hits=2036944 fwd=31382 rows=4016787 fwd_ms=317637.3 eval=0 prior=0
[inst] req=6062080 hits=2039835 fwd=31423 rows=4022035 fwd_ms=318046.2 eval=0 prior=0
[inst] req=6070272 hits=2042798 fwd=31464 rows=4027283 fwd_ms=318454.7 eval=0 prior=0
[inst] req=6078464 hits=2045553 fwd=31506 rows=4032659 fwd_ms=318873.0 eval=0 prior=0
[inst] req=6086656 hits=2048246 fwd=31549 rows=4038163 fwd_ms=319301.4 eval=0 prior=0
[inst] req=6094848 hits=2050994 fwd=31592 rows=4043667 fwd_ms=319730.5 eval=0 prior=0
[inst] req=6103040 hits=2053925 fwd=31633 rows=4048915 fwd_ms=320138.9 eval=0 prior=0
[inst] req=6111232 hits=2056909 fwd=31674 rows=4054163 fwd_ms=320547.4 eval=0 prior=0
[inst] req=6119424 hits=2059819 fwd=31715 rows=4059411 fwd_ms=320955.8 eval=0 prior=0
[inst] req=6127616 hits=2062609 fwd=31757 rows=4064787 fwd_ms=321374.2 eval=0 prior=0
[inst] req=6135808 hits=2065418 fwd=31799 rows=4070163 fwd_ms=321793.1 eval=0 prior=0
[inst] req=6144000 hits=2068270 fwd=31841 rows=4075539 fwd_ms=322211.8 eval=0 prior=0
[inst] req=6152192 hits=2071216 fwd=31882 rows=4080787 fwd_ms=322620.7 eval=0 prior=0
[inst] req=6160384 hits=2074048 fwd=31924 rows=4086163 fwd_ms=323038.6 eval=0 prior=0
[inst] req=6168576 hits=2076732 fwd=31967 rows=4091667 fwd_ms=323467.3 eval=0 prior=0
[inst] req=6176768 hits=2079537 fwd=32009 rows=4097043 fwd_ms=323886.5 eval=0 prior=0
[inst] req=6184960 hits=2082286 fwd=32051 rows=4102419 fwd_ms=324305.2 eval=0 prior=0
[inst] req=6193152 hits=2085261 fwd=32092 rows=4107667 fwd_ms=324714.0 eval=0 prior=0
[inst] req=6201344 hits=2088245 fwd=32133 rows=4112915 fwd_ms=325123.0 eval=0 prior=0
[inst] req=6209536 hits=2091141 fwd=32174 rows=4118163 fwd_ms=325531.3 eval=0 prior=0
[inst] req=6217728 hits=2093880 fwd=32217 rows=4123667 fwd_ms=325959.6 eval=0 prior=0
[inst] req=6225920 hits=2096554 fwd=32260 rows=4129171 fwd_ms=326388.0 eval=0 prior=0
[inst] req=6234112 hits=2099493 fwd=32301 rows=4134419 fwd_ms=326797.5 eval=0 prior=0
[inst] req=6242304 hits=2102437 fwd=32342 rows=4139667 fwd_ms=327206.0 eval=0 prior=0
[inst] req=6250496 hits=2105389 fwd=32383 rows=4144915 fwd_ms=327615.4 eval=0 prior=0
[inst] req=6258688 hits=2107943 fwd=32427 rows=4150547 fwd_ms=328053.3 eval=0 prior=0
[inst] req=6266880 hits=2110751 fwd=32469 rows=4155923 fwd_ms=328471.7 eval=0 prior=0
[inst] req=6275072 hits=2113650 fwd=32510 rows=4161171 fwd_ms=328880.8 eval=0 prior=0
[inst] req=6283264 hits=2116679 fwd=32551 rows=4166419 fwd_ms=329289.8 eval=0 prior=0
[inst] req=6291456 hits=2119529 fwd=32593 rows=4171795 fwd_ms=329709.3 eval=0 prior=0
[inst] req=6299648 hits=2122203 fwd=32636 rows=4177299 fwd_ms=330137.6 eval=0 prior=0
[inst] req=6307840 hits=2125192 fwd=32676 rows=4182419 fwd_ms=330536.8 eval=0 prior=0
[inst] req=6316032 hits=2128111 fwd=32717 rows=4187667 fwd_ms=330945.2 eval=0 prior=0
[inst] req=6324224 hits=2131031 fwd=32759 rows=4193043 fwd_ms=331363.7 eval=0 prior=0
[inst] req=6332416 hits=2133808 fwd=32801 rows=4198419 fwd_ms=331782.2 eval=0 prior=0
[inst] req=6340608 hits=2136647 fwd=32843 rows=4203795 fwd_ms=332200.6 eval=0 prior=0
[inst] req=6348800 hits=2139615 fwd=32884 rows=4209043 fwd_ms=332609.3 eval=0 prior=0
[inst] req=6356992 hits=2142401 fwd=32926 rows=4214419 fwd_ms=333027.9 eval=0 prior=0
[inst] req=6365184 hits=2145409 fwd=32966 rows=4219539 fwd_ms=333426.7 eval=0 prior=0
[inst] req=6373376 hits=2148379 fwd=33007 rows=4224787 fwd_ms=333835.4 eval=0 prior=0
[inst] req=6381568 hits=2151147 fwd=33050 rows=4230291 fwd_ms=334263.7 eval=0 prior=0
[inst] req=6389760 hits=2154053 fwd=33091 rows=4235539 fwd_ms=334673.2 eval=0 prior=0
[inst] req=6397952 hits=2156884 fwd=33133 rows=4240915 fwd_ms=335091.8 eval=0 prior=0
[inst] req=6406144 hits=2159756 fwd=33174 rows=4246163 fwd_ms=335500.5 eval=0 prior=0
[inst] req=6414336 hits=2162578 fwd=33216 rows=4251539 fwd_ms=335920.0 eval=0 prior=0
[inst] req=6422528 hits=2165324 fwd=33259 rows=4257043 fwd_ms=336348.5 eval=0 prior=0
[inst] req=6430720 hits=2168322 fwd=33299 rows=4262163 fwd_ms=336747.1 eval=0 prior=0
[inst] req=6438912 hits=2171303 fwd=33340 rows=4267411 fwd_ms=337155.8 eval=0 prior=0
[inst] req=6447104 hits=2173985 fwd=33383 rows=4272915 fwd_ms=337584.4 eval=0 prior=0
[inst] req=6455296 hits=2176842 fwd=33425 rows=4278291 fwd_ms=338003.4 eval=0 prior=0
[inst] req=6463488 hits=2179638 fwd=33467 rows=4283667 fwd_ms=338421.8 eval=0 prior=0
[inst] req=6471680 hits=2182736 fwd=33507 rows=4288787 fwd_ms=338820.4 eval=0 prior=0
[inst] req=6479872 hits=2185717 fwd=33547 rows=4293907 fwd_ms=339218.8 eval=0 prior=0
[inst] req=6488064 hits=2188382 fwd=33591 rows=4299539 fwd_ms=339657.5 eval=0 prior=0
[inst] req=6496256 hits=2191200 fwd=33633 rows=4304915 fwd_ms=340076.0 eval=0 prior=0
[inst] req=6504448 hits=2194145 fwd=33674 rows=4310163 fwd_ms=340484.5 eval=0 prior=0
[inst] req=6512640 hits=2196974 fwd=33715 rows=4315411 fwd_ms=340893.3 eval=0 prior=0
[inst] req=6520832 hits=2199916 fwd=33757 rows=4320787 fwd_ms=341312.5 eval=0 prior=0
[inst] req=6529024 hits=2202751 fwd=33798 rows=4326035 fwd_ms=341721.6 eval=0 prior=0
[inst] req=6537216 hits=2205680 fwd=33839 rows=4331283 fwd_ms=342130.7 eval=0 prior=0
[inst] req=6545408 hits=2208494 fwd=33881 rows=4336659 fwd_ms=342549.2 eval=0 prior=0
[inst] req=6553600 hits=2211302 fwd=33924 rows=4342163 fwd_ms=342977.5 eval=0 prior=0
[inst] req=6561792 hits=2214188 fwd=33965 rows=4347411 fwd_ms=343385.9 eval=0 prior=0
[inst] req=6569984 hits=2216890 fwd=34008 rows=4352915 fwd_ms=343814.1 eval=0 prior=0
[inst] req=6578176 hits=2219869 fwd=34049 rows=4358163 fwd_ms=344222.7 eval=0 prior=0
[inst] req=6586368 hits=2222707 fwd=34090 rows=4363411 fwd_ms=344631.3 eval=0 prior=0
[inst] req=6594560 hits=2225565 fwd=34132 rows=4368787 fwd_ms=345049.9 eval=0 prior=0
[inst] req=6602752 hits=2228368 fwd=34174 rows=4374163 fwd_ms=345468.2 eval=0 prior=0
[inst] req=6610944 hits=2231149 fwd=34216 rows=4379539 fwd_ms=345886.7 eval=0 prior=0
[inst] req=6619136 hits=2234036 fwd=34258 rows=4384915 fwd_ms=346305.8 eval=0 prior=0
[inst] req=6627328 hits=2236963 fwd=34299 rows=4390163 fwd_ms=346715.0 eval=0 prior=0
[inst] req=6635520 hits=2239786 fwd=34341 rows=4395539 fwd_ms=347133.2 eval=0 prior=0
[inst] req=6643712 hits=2242688 fwd=34382 rows=4400787 fwd_ms=347542.0 eval=0 prior=0
[inst] req=6651904 hits=2245240 fwd=34426 rows=4406419 fwd_ms=347980.2 eval=0 prior=0
[inst] req=6660096 hits=2248222 fwd=34467 rows=4411667 fwd_ms=348389.1 eval=0 prior=0
[inst] req=6668288 hits=2251152 fwd=34508 rows=4416915 fwd_ms=348798.3 eval=0 prior=0
[inst] req=6676480 hits=2254052 fwd=34550 rows=4422291 fwd_ms=349216.7 eval=0 prior=0
[inst] req=6684672 hits=2257113 fwd=34590 rows=4427411 fwd_ms=349615.5 eval=0 prior=0
[inst] req=6692864 hits=2259782 fwd=34633 rows=4432915 fwd_ms=350044.1 eval=0 prior=0
[inst] req=6701056 hits=2262705 fwd=34674 rows=4438163 fwd_ms=350452.6 eval=0 prior=0
[inst] req=6709248 hits=2265581 fwd=34715 rows=4443411 fwd_ms=350861.5 eval=0 prior=0
[inst] req=6717440 hits=2268454 fwd=34757 rows=4448787 fwd_ms=351280.6 eval=0 prior=0
[inst] req=6725632 hits=2271265 fwd=34799 rows=4454163 fwd_ms=351700.2 eval=0 prior=0
[inst] req=6733824 hits=2273985 fwd=34842 rows=4459667 fwd_ms=352128.9 eval=0 prior=0
[inst] req=6742016 hits=2277191 fwd=34881 rows=4464659 fwd_ms=352518.2 eval=0 prior=0
[inst] req=6750208 hits=2280076 fwd=34922 rows=4469907 fwd_ms=352926.9 eval=0 prior=0
[inst] req=6758400 hits=2282822 fwd=34965 rows=4475411 fwd_ms=353355.6 eval=0 prior=0
[inst] req=6766592 hits=2285622 fwd=35007 rows=4480787 fwd_ms=353774.0 eval=0 prior=0
[inst] req=6774784 hits=2288588 fwd=35048 rows=4486035 fwd_ms=354182.8 eval=0 prior=0
[inst] req=6782976 hits=2291468 fwd=35089 rows=4491283 fwd_ms=354591.4 eval=0 prior=0
[inst] req=6791168 hits=2294391 fwd=35130 rows=4496531 fwd_ms=355002.7 eval=0 prior=0
[inst] req=6799360 hits=2297190 fwd=35173 rows=4502035 fwd_ms=355432.8 eval=0 prior=0
[inst] req=6807552 hits=2300052 fwd=35214 rows=4507283 fwd_ms=355842.2 eval=0 prior=0
[inst] req=6815744 hits=2302867 fwd=35256 rows=4512659 fwd_ms=356262.2 eval=0 prior=0
[inst] req=6823936 hits=2305615 fwd=35299 rows=4518163 fwd_ms=356690.9 eval=0 prior=0
[inst] req=6832128 hits=2308415 fwd=35341 rows=4523539 fwd_ms=357109.8 eval=0 prior=0
[inst] req=6840320 hits=2311416 fwd=35381 rows=4528659 fwd_ms=357508.2 eval=0 prior=0
[inst] req=6848512 hits=2314295 fwd=35423 rows=4534035 fwd_ms=357927.1 eval=0 prior=0
[inst] req=6856704 hits=2317009 fwd=35466 rows=4539539 fwd_ms=358356.1 eval=0 prior=0
[inst] req=6864896 hits=2319824 fwd=35508 rows=4544915 fwd_ms=358774.9 eval=0 prior=0
[inst] req=6873088 hits=2322858 fwd=35548 rows=4550035 fwd_ms=359173.7 eval=0 prior=0
[inst] req=6881280 hits=2325661 fwd=35590 rows=4555411 fwd_ms=359592.3 eval=0 prior=0
[inst] req=6889472 hits=2328653 fwd=35631 rows=4560659 fwd_ms=360000.8 eval=0 prior=0
[inst] req=6897664 hits=2331410 fwd=35673 rows=4566035 fwd_ms=360419.3 eval=0 prior=0
[inst] req=6905856 hits=2334334 fwd=35714 rows=4571283 fwd_ms=360827.4 eval=0 prior=0
[inst] req=6914048 hits=2337123 fwd=35757 rows=4576787 fwd_ms=361256.7 eval=0 prior=0
[inst] req=6922240 hits=2340034 fwd=35798 rows=4582035 fwd_ms=361665.6 eval=0 prior=0
[inst] req=6930432 hits=2342889 fwd=35840 rows=4587411 fwd_ms=362084.2 eval=0 prior=0
[inst] req=6938624 hits=2345827 fwd=35881 rows=4592659 fwd_ms=362492.8 eval=0 prior=0
[inst] req=6946816 hits=2348849 fwd=35921 rows=4597779 fwd_ms=362891.3 eval=0 prior=0
[inst] req=6955008 hits=2351664 fwd=35963 rows=4603155 fwd_ms=363310.5 eval=0 prior=0
[inst] req=6963200 hits=2354560 fwd=36004 rows=4608403 fwd_ms=363719.1 eval=0 prior=0
[inst] req=6971392 hits=2357310 fwd=36047 rows=4613907 fwd_ms=364147.7 eval=0 prior=0
[inst] req=6979584 hits=2360202 fwd=36088 rows=4619155 fwd_ms=364557.2 eval=0 prior=0
[inst] req=6987776 hits=2363074 fwd=36130 rows=4624531 fwd_ms=364975.9 eval=0 prior=0
[inst] req=6995968 hits=2365993 fwd=36171 rows=4629779 fwd_ms=365384.3 eval=0 prior=0
[inst] req=7004160 hits=2368731 fwd=36214 rows=4635283 fwd_ms=365812.9 eval=0 prior=0
[inst] req=7012352 hits=2371684 fwd=36255 rows=4640531 fwd_ms=366222.2 eval=0 prior=0
[inst] req=7020544 hits=2374586 fwd=36296 rows=4645779 fwd_ms=366630.7 eval=0 prior=0
[inst] req=7028736 hits=2377448 fwd=36338 rows=4651155 fwd_ms=367049.1 eval=0 prior=0
[inst] req=7036928 hits=2380156 fwd=36380 rows=4656531 fwd_ms=367467.9 eval=0 prior=0
[inst] req=7045120 hits=2383028 fwd=36422 rows=4661907 fwd_ms=367886.9 eval=0 prior=0
[inst] req=7053312 hits=2386174 fwd=36461 rows=4666899 fwd_ms=368276.5 eval=0 prior=0
[inst] req=7061504 hits=2389028 fwd=36503 rows=4672275 fwd_ms=368695.2 eval=0 prior=0
[inst] req=7069696 hits=2392013 fwd=36544 rows=4677523 fwd_ms=369103.6 eval=0 prior=0
[inst] req=7077888 hits=2394831 fwd=36586 rows=4682899 fwd_ms=369522.1 eval=0 prior=0
[inst] req=7086080 hits=2397579 fwd=36628 rows=4688275 fwd_ms=369940.6 eval=0 prior=0
[inst] req=7094272 hits=2400522 fwd=36669 rows=4693523 fwd_ms=370349.0 eval=0 prior=0
[inst] req=7102464 hits=2403351 fwd=36711 rows=4698899 fwd_ms=370768.2 eval=0 prior=0
[inst] req=7110656 hits=2406162 fwd=36753 rows=4704275 fwd_ms=371187.6 eval=0 prior=0
[inst] req=7118848 hits=2409112 fwd=36794 rows=4709523 fwd_ms=371596.3 eval=0 prior=0
[inst] req=7127040 hits=2411977 fwd=36836 rows=4714899 fwd_ms=372014.6 eval=0 prior=0
[inst] req=7135232 hits=2414909 fwd=36877 rows=4720147 fwd_ms=372423.2 eval=0 prior=0
[inst] req=7143424 hits=2417860 fwd=36918 rows=4725395 fwd_ms=372831.9 eval=0 prior=0
[inst] req=7151616 hits=2420717 fwd=36959 rows=4730643 fwd_ms=373240.9 eval=0 prior=0
[inst] req=7159808 hits=2423660 fwd=37001 rows=4736019 fwd_ms=373659.5 eval=0 prior=0
[inst] req=7168000 hits=2426502 fwd=37042 rows=4741267 fwd_ms=374068.3 eval=0 prior=0
[inst] req=7176192 hits=2429497 fwd=37083 rows=4746515 fwd_ms=374477.3 eval=0 prior=0
[inst] req=7184384 hits=2432309 fwd=37125 rows=4751891 fwd_ms=374896.1 eval=0 prior=0
[inst] req=7192576 hits=2435060 fwd=37167 rows=4757267 fwd_ms=375315.1 eval=0 prior=0
[inst] req=7200768 hits=2438115 fwd=37208 rows=4762515 fwd_ms=375724.0 eval=0 prior=0
[inst] req=7208960 hits=2441012 fwd=37249 rows=4767763 fwd_ms=376132.8 eval=0 prior=0
[inst] req=7217152 hits=2443800 fwd=37291 rows=4773139 fwd_ms=376551.2 eval=0 prior=0
[inst] req=7225344 hits=2446668 fwd=37333 rows=4778515 fwd_ms=376969.7 eval=0 prior=0
[inst] req=7233536 hits=2449484 fwd=37375 rows=4783891 fwd_ms=377387.9 eval=0 prior=0
[inst] req=7241728 hits=2452660 fwd=37414 rows=4788883 fwd_ms=377776.8 eval=0 prior=0
[inst] req=7249920 hits=2455384 fwd=37457 rows=4794387 fwd_ms=378205.1 eval=0 prior=0
[inst] req=7258112 hits=2458427 fwd=37497 rows=4799507 fwd_ms=378604.0 eval=0 prior=0
[inst] req=7266304 hits=2461238 fwd=37539 rows=4804883 fwd_ms=379022.3 eval=0 prior=0
[inst] req=7274496 hits=2464118 fwd=37580 rows=4810131 fwd_ms=379430.9 eval=0 prior=0
[inst] req=7282688 hits=2467125 fwd=37621 rows=4815379 fwd_ms=379839.3 eval=0 prior=0
[inst] req=7290880 hits=2470042 fwd=37662 rows=4820627 fwd_ms=380248.1 eval=0 prior=0
[inst] req=7299072 hits=2472744 fwd=37705 rows=4826131 fwd_ms=380676.5 eval=0 prior=0
[inst] req=7307264 hits=2475491 fwd=37748 rows=4831635 fwd_ms=381105.3 eval=0 prior=0
[inst] req=7315456 hits=2478460 fwd=37788 rows=4836755 fwd_ms=381503.8 eval=0 prior=0
[inst] req=7323648 hits=2481448 fwd=37829 rows=4842003 fwd_ms=381913.4 eval=0 prior=0
[inst] req=7331840 hits=2484158 fwd=37872 rows=4847507 fwd_ms=382343.5 eval=0 prior=0
[inst] req=7340032 hits=2486965 fwd=37914 rows=4852883 fwd_ms=382764.6 eval=0 prior=0
[inst] req=7348224 hits=2489821 fwd=37956 rows=4858259 fwd_ms=383185.1 eval=0 prior=0
[inst] req=7356416 hits=2492766 fwd=37997 rows=4863507 fwd_ms=383595.2 eval=0 prior=0
[inst] req=7364608 hits=2495757 fwd=38037 rows=4868627 fwd_ms=383994.1 eval=0 prior=0
[inst] req=7372800 hits=2498649 fwd=38079 rows=4874003 fwd_ms=384414.0 eval=0 prior=0
[inst] req=7380992 hits=2501481 fwd=38121 rows=4879379 fwd_ms=386903.8 eval=0 prior=0
[inst] req=7389184 hits=2504510 fwd=38161 rows=4884499 fwd_ms=389307.4 eval=0 prior=0
[inst] req=7397376 hits=2507298 fwd=38203 rows=4889875 fwd_ms=391748.9 eval=0 prior=0
[inst] req=7405568 hits=2510157 fwd=38245 rows=4895251 fwd_ms=393766.3 eval=0 prior=0
[inst] req=7413760 hits=2513056 fwd=38286 rows=4900499 fwd_ms=394196.5 eval=0 prior=0
[inst] req=7421952 hits=2514110 fwd=38342 rows=4907667 fwd_ms=394774.4 eval=0 prior=0
[inst] req=7430144 hits=2515642 fwd=38394 rows=4914323 fwd_ms=395291.7 eval=0 prior=0
[inst] req=7438336 hits=2518322 fwd=38437 rows=4919827 fwd_ms=395720.1 eval=0 prior=0
[inst] req=7446528 hits=2521080 fwd=38479 rows=4925203 fwd_ms=396138.8 eval=0 prior=0
[inst] req=7454720 hits=2523800 fwd=38522 rows=4930707 fwd_ms=396566.9 eval=0 prior=0
[inst] req=7462912 hits=2526643 fwd=38564 rows=4936083 fwd_ms=396985.3 eval=0 prior=0
[inst] req=7471104 hits=2529509 fwd=38606 rows=4941459 fwd_ms=397404.2 eval=0 prior=0
[inst] req=7479296 hits=2532397 fwd=38647 rows=4946707 fwd_ms=397812.7 eval=0 prior=0
[inst] req=7487488 hits=2535151 fwd=38689 rows=4952083 fwd_ms=398230.9 eval=0 prior=0
[inst] req=7495680 hits=2537922 fwd=38732 rows=4957587 fwd_ms=398658.7 eval=0 prior=0
[inst] req=7503872 hits=2540851 fwd=38773 rows=4962835 fwd_ms=399067.8 eval=0 prior=0
[inst] req=7512064 hits=2543628 fwd=38815 rows=4968211 fwd_ms=399486.1 eval=0 prior=0
[inst] req=7520256 hits=2546525 fwd=38857 rows=4973587 fwd_ms=399906.1 eval=0 prior=0
[inst] req=7528448 hits=2549364 fwd=38898 rows=4978835 fwd_ms=400315.2 eval=0 prior=0
[inst] req=7536640 hits=2552060 fwd=38941 rows=4984339 fwd_ms=400743.6 eval=0 prior=0
[inst] req=7544832 hits=2554869 fwd=38983 rows=4989715 fwd_ms=401162.8 eval=0 prior=0
[inst] req=7553024 hits=2557684 fwd=39025 rows=4995091 fwd_ms=401581.3 eval=0 prior=0
[inst] req=7561216 hits=2560500 fwd=39067 rows=5000467 fwd_ms=401999.6 eval=0 prior=0
[inst] req=7569408 hits=2563330 fwd=39109 rows=5005843 fwd_ms=402417.9 eval=0 prior=0
[inst] req=7577600 hits=2566186 fwd=39151 rows=5011219 fwd_ms=402836.2 eval=0 prior=0
[inst] req=7585792 hits=2569046 fwd=39193 rows=5016595 fwd_ms=403254.3 eval=0 prior=0
[inst] req=7593984 hits=2571823 fwd=39235 rows=5021971 fwd_ms=403672.9 eval=0 prior=0
[inst] req=7602176 hits=2574655 fwd=39277 rows=5027347 fwd_ms=404090.9 eval=0 prior=0
[inst] req=7610368 hits=2577430 fwd=39319 rows=5032723 fwd_ms=404508.4 eval=0 prior=0
[inst] req=7618560 hits=2580214 fwd=39361 rows=5038099 fwd_ms=404925.5 eval=0 prior=0
[inst] req=7626752 hits=2583106 fwd=39403 rows=5043475 fwd_ms=405342.6 eval=0 prior=0
[inst] req=7634944 hits=2585817 fwd=39446 rows=5048979 fwd_ms=405769.8 eval=0 prior=0
[inst] req=7643136 hits=2588622 fwd=39488 rows=5054355 fwd_ms=406188.0 eval=0 prior=0
[inst] req=7651328 hits=2591412 fwd=39530 rows=5059731 fwd_ms=406604.7 eval=0 prior=0
[inst] req=7659520 hits=2594342 fwd=39571 rows=5064979 fwd_ms=407011.9 eval=0 prior=0
[inst] req=7667712 hits=2597063 fwd=39614 rows=5070483 fwd_ms=407438.8 eval=0 prior=0
[inst] req=7675904 hits=2599766 fwd=39657 rows=5075987 fwd_ms=407865.6 eval=0 prior=0
[inst] req=7684096 hits=2602486 fwd=39699 rows=5081363 fwd_ms=408282.8 eval=0 prior=0
[inst] req=7692288 hits=2605356 fwd=39741 rows=5086739 fwd_ms=408699.5 eval=0 prior=0
[inst] req=7700480 hits=2608278 fwd=39782 rows=5091987 fwd_ms=409106.2 eval=0 prior=0
[inst] req=7708672 hits=2611042 fwd=39825 rows=5097491 fwd_ms=409532.5 eval=0 prior=0
[inst] req=7716864 hits=2613850 fwd=39867 rows=5102867 fwd_ms=409949.3 eval=0 prior=0
[inst] req=7725056 hits=2616917 fwd=39907 rows=5107987 fwd_ms=410345.9 eval=0 prior=0
[inst] req=7733248 hits=2619717 fwd=39949 rows=5113363 fwd_ms=410773.7 eval=0 prior=0
[inst] req=7741440 hits=2622619 fwd=39990 rows=5118611 fwd_ms=411199.3 eval=0 prior=0
[inst] req=7749632 hits=2625372 fwd=40033 rows=5124115 fwd_ms=411642.1 eval=0 prior=0
[inst] req=7757824 hits=2628174 fwd=40075 rows=5129491 fwd_ms=412075.6 eval=0 prior=0
[inst] req=7766016 hits=2631076 fwd=40116 rows=5134739 fwd_ms=412508.7 eval=0 prior=0
[inst] req=7774208 hits=2633911 fwd=40158 rows=5140115 fwd_ms=412944.0 eval=0 prior=0
[inst] req=7782400 hits=2636954 fwd=40198 rows=5145235 fwd_ms=413369.8 eval=0 prior=0
[inst] req=7790592 hits=2639634 fwd=40241 rows=5150739 fwd_ms=413803.0 eval=0 prior=0
[inst] req=7798784 hits=2642493 fwd=40283 rows=5156115 fwd_ms=414229.8 eval=0 prior=0
[inst] req=7806976 hits=2645427 fwd=40324 rows=5161363 fwd_ms=414655.6 eval=0 prior=0
[inst] req=7815168 hits=2648225 fwd=40366 rows=5166739 fwd_ms=415075.2 eval=0 prior=0
[inst] req=7823360 hits=2651247 fwd=40406 rows=5171859 fwd_ms=415472.9 eval=0 prior=0
[inst] req=7831552 hits=2653970 fwd=40449 rows=5177363 fwd_ms=415900.4 eval=0 prior=0
[inst] req=7839744 hits=2656755 fwd=40491 rows=5182739 fwd_ms=416318.0 eval=0 prior=0
[inst] req=7847936 hits=2659691 fwd=40533 rows=5188115 fwd_ms=416735.9 eval=0 prior=0
[inst] req=7856128 hits=2662485 fwd=40575 rows=5193491 fwd_ms=417153.2 eval=0 prior=0
[inst] req=7864320 hits=2665320 fwd=40617 rows=5198867 fwd_ms=417569.9 eval=0 prior=0
[inst] req=7872512 hits=2668254 fwd=40658 rows=5204115 fwd_ms=417977.4 eval=0 prior=0
[inst] req=7880704 hits=2671118 fwd=40699 rows=5209363 fwd_ms=418385.6 eval=0 prior=0
[inst] req=7888896 hits=2673814 fwd=40742 rows=5214867 fwd_ms=418813.2 eval=0 prior=0
[inst] req=7897088 hits=2676660 fwd=40784 rows=5220243 fwd_ms=419231.0 eval=0 prior=0
[inst] req=7905280 hits=2679696 fwd=40824 rows=5225363 fwd_ms=419628.4 eval=0 prior=0
[inst] req=7913472 hits=2682818 fwd=40864 rows=5230483 fwd_ms=420025.9 eval=0 prior=0
[inst] req=7921664 hits=2685780 fwd=40905 rows=5235731 fwd_ms=420434.6 eval=0 prior=0
[inst] req=7929856 hits=2688574 fwd=40947 rows=5241107 fwd_ms=420852.6 eval=0 prior=0
[inst] req=7938048 hits=2691490 fwd=40988 rows=5246355 fwd_ms=421260.5 eval=0 prior=0
[inst] req=7946240 hits=2694361 fwd=41030 rows=5251731 fwd_ms=421678.9 eval=0 prior=0
[inst] req=7954432 hits=2697218 fwd=41071 rows=5256979 fwd_ms=422086.7 eval=0 prior=0
[inst] req=7962624 hits=2700005 fwd=41114 rows=5262483 fwd_ms=422514.1 eval=0 prior=0
[inst] req=7970816 hits=2702968 fwd=41154 rows=5267603 fwd_ms=422912.5 eval=0 prior=0
[inst] req=7979008 hits=2705695 fwd=41197 rows=5273107 fwd_ms=423339.7 eval=0 prior=0
[inst] req=7987200 hits=2708643 fwd=41238 rows=5278355 fwd_ms=423747.4 eval=0 prior=0
[inst] req=7995392 hits=2711492 fwd=41280 rows=5283731 fwd_ms=424164.6 eval=0 prior=0
[inst] req=8003584 hits=2714455 fwd=41321 rows=5288979 fwd_ms=424572.0 eval=0 prior=0
[inst] req=8011776 hits=2717333 fwd=41362 rows=5294227 fwd_ms=424979.7 eval=0 prior=0
[inst] req=8019968 hits=2720060 fwd=41405 rows=5299731 fwd_ms=425407.2 eval=0 prior=0
[inst] req=8028160 hits=2722852 fwd=41447 rows=5305107 fwd_ms=425825.2 eval=0 prior=0
[inst] req=8036352 hits=2725865 fwd=41488 rows=5310355 fwd_ms=426232.7 eval=0 prior=0
[inst] req=8044544 hits=2728778 fwd=41529 rows=5315603 fwd_ms=426640.5 eval=0 prior=0
[inst] req=8052736 hits=2731581 fwd=41571 rows=5320979 fwd_ms=427058.4 eval=0 prior=0
[inst] req=8060928 hits=2734455 fwd=41612 rows=5326227 fwd_ms=427466.1 eval=0 prior=0
[inst] req=8069120 hits=2737492 fwd=41653 rows=5331475 fwd_ms=427874.0 eval=0 prior=0
[inst] req=8077312 hits=2740363 fwd=41694 rows=5336723 fwd_ms=428282.6 eval=0 prior=0
[inst] req=8085504 hits=2743275 fwd=41736 rows=5342099 fwd_ms=428700.4 eval=0 prior=0
[inst] req=8093696 hits=2746149 fwd=41777 rows=5347347 fwd_ms=429108.0 eval=0 prior=0
[inst] req=8101888 hits=2748940 fwd=41819 rows=5352723 fwd_ms=429526.3 eval=0 prior=0
[inst] req=8110080 hits=2751918 fwd=41860 rows=5357971 fwd_ms=429934.0 eval=0 prior=0
[inst] req=8118272 hits=2754774 fwd=41902 rows=5363347 fwd_ms=430352.2 eval=0 prior=0
[inst] req=8126464 hits=2757725 fwd=41943 rows=5368595 fwd_ms=430759.8 eval=0 prior=0
[inst] req=8134656 hits=2760655 fwd=41984 rows=5373843 fwd_ms=431168.2 eval=0 prior=0
[inst] req=8142848 hits=2763493 fwd=42026 rows=5379219 fwd_ms=431585.8 eval=0 prior=0
[inst] req=8151040 hits=2766609 fwd=42065 rows=5384211 fwd_ms=431974.1 eval=0 prior=0
[inst] req=8159232 hits=2769536 fwd=42106 rows=5389459 fwd_ms=432381.9 eval=0 prior=0
[inst] req=8167424 hits=2772440 fwd=42148 rows=5394835 fwd_ms=432799.8 eval=0 prior=0
[inst] req=8175616 hits=2775310 fwd=42189 rows=5400083 fwd_ms=433207.9 eval=0 prior=0
[inst] req=8183808 hits=2778091 fwd=42232 rows=5405587 fwd_ms=433635.4 eval=0 prior=0
[inst] req=8192000 hits=2781149 fwd=42272 rows=5410707 fwd_ms=434033.5 eval=0 prior=0
[inst] req=8200192 hits=2784098 fwd=42313 rows=5415955 fwd_ms=434440.6 eval=0 prior=0
[inst] req=8208384 hits=2786958 fwd=42354 rows=5421203 fwd_ms=434848.1 eval=0 prior=0
[inst] req=8216576 hits=2789861 fwd=42396 rows=5426579 fwd_ms=435265.4 eval=0 prior=0
[inst] req=8224768 hits=2792651 fwd=42438 rows=5431955 fwd_ms=435682.5 eval=0 prior=0
[inst] req=8232960 hits=2795652 fwd=42478 rows=5437075 fwd_ms=436080.4 eval=0 prior=0
[inst] req=8241152 hits=2798467 fwd=42520 rows=5442451 fwd_ms=436497.8 eval=0 prior=0
[inst] req=8249344 hits=2801330 fwd=42562 rows=5447827 fwd_ms=436915.1 eval=0 prior=0
[inst] req=8257536 hits=2804179 fwd=42604 rows=5453203 fwd_ms=437332.6 eval=0 prior=0
[inst] req=8265728 hits=2807166 fwd=42644 rows=5458323 fwd_ms=437730.6 eval=0 prior=0
[inst] req=8273920 hits=2809924 fwd=42687 rows=5463827 fwd_ms=438158.4 eval=0 prior=0
[inst] req=8282112 hits=2812951 fwd=42727 rows=5468947 fwd_ms=438557.1 eval=0 prior=0
[inst] req=8290304 hits=2815887 fwd=42768 rows=5474195 fwd_ms=438965.5 eval=0 prior=0
[inst] req=8298496 hits=2818817 fwd=42809 rows=5479443 fwd_ms=439373.4 eval=0 prior=0
[inst] req=8306688 hits=2821562 fwd=42852 rows=5484947 fwd_ms=439800.9 eval=0 prior=0
[inst] req=8314880 hits=2824296 fwd=42895 rows=5490451 fwd_ms=440229.1 eval=0 prior=0
[inst] req=8323072 hits=2827270 fwd=42935 rows=5495571 fwd_ms=440627.6 eval=0 prior=0
[inst] req=8331264 hits=2830319 fwd=42975 rows=5500691 fwd_ms=441025.5 eval=0 prior=0
[inst] req=8339456 hits=2833318 fwd=43016 rows=5505939 fwd_ms=441433.9 eval=0 prior=0
[inst] req=8347648 hits=2836561 fwd=43055 rows=5510931 fwd_ms=441822.3 eval=0 prior=0
[inst] req=8355840 hits=2839227 fwd=43098 rows=5516435 fwd_ms=442250.2 eval=0 prior=0
[inst] req=8364032 hits=2842100 fwd=43139 rows=5521683 fwd_ms=442657.8 eval=0 prior=0
[inst] req=8372224 hits=2845299 fwd=43178 rows=5526675 fwd_ms=443046.2 eval=0 prior=0
[inst] req=8380416 hits=2848180 fwd=43220 rows=5532051 fwd_ms=443464.8 eval=0 prior=0
[inst] req=8388608 hits=2851350 fwd=43259 rows=5537043 fwd_ms=443853.2 eval=0 prior=0
[inst] req=8396800 hits=2854125 fwd=43301 rows=5542419 fwd_ms=444270.6 eval=0 prior=0
[inst] req=8404992 hits=2857323 fwd=43341 rows=5547539 fwd_ms=444668.6 eval=0 prior=0
[inst] req=8413184 hits=2860197 fwd=43382 rows=5552787 fwd_ms=445076.3 eval=0 prior=0
[inst] req=8421376 hits=2863021 fwd=43424 rows=5558163 fwd_ms=445494.2 eval=0 prior=0
[inst] req=8429568 hits=2865927 fwd=43465 rows=5563411 fwd_ms=445901.9 eval=0 prior=0
[inst] req=8437760 hits=2868833 fwd=43507 rows=5568787 fwd_ms=446319.6 eval=0 prior=0
[inst] req=8445952 hits=2871902 fwd=43547 rows=5573907 fwd_ms=446717.8 eval=0 prior=0
[inst] req=8454144 hits=2874712 fwd=43589 rows=5579283 fwd_ms=447135.6 eval=0 prior=0
[inst] req=8462336 hits=2877542 fwd=43631 rows=5584659 fwd_ms=447553.5 eval=0 prior=0
[inst] req=8470528 hits=2880547 fwd=43671 rows=5589779 fwd_ms=447951.7 eval=0 prior=0
[inst] req=8478720 hits=2883395 fwd=43713 rows=5595155 fwd_ms=448369.5 eval=0 prior=0
[inst] req=8486912 hits=2886285 fwd=43754 rows=5600403 fwd_ms=448778.0 eval=0 prior=0
[inst] req=8495104 hits=2889279 fwd=43795 rows=5605651 fwd_ms=449186.9 eval=0 prior=0
[inst] req=8503296 hits=2892099 fwd=43837 rows=5611027 fwd_ms=449605.0 eval=0 prior=0
[inst] req=8511488 hits=2894959 fwd=43878 rows=5616275 fwd_ms=450012.8 eval=0 prior=0
[inst] req=8519680 hits=2897695 fwd=43921 rows=5621779 fwd_ms=450440.5 eval=0 prior=0
[inst] req=8527872 hits=2900669 fwd=43962 rows=5627027 fwd_ms=450848.5 eval=0 prior=0
[inst] req=8536064 hits=2903576 fwd=44003 rows=5632275 fwd_ms=451256.3 eval=0 prior=0
[inst] req=8544256 hits=2906439 fwd=44045 rows=5637651 fwd_ms=451673.9 eval=0 prior=0
[inst] req=8552448 hits=2909439 fwd=44085 rows=5642771 fwd_ms=452072.0 eval=0 prior=0
[inst] req=8560640 hits=2912495 fwd=44125 rows=5647891 fwd_ms=452470.3 eval=0 prior=0
[inst] req=8568832 hits=2915325 fwd=44167 rows=5653267 fwd_ms=452888.7 eval=0 prior=0
[inst] req=8577024 hits=2918388 fwd=44207 rows=5658387 fwd_ms=453287.5 eval=0 prior=0
[inst] req=8585216 hits=2921286 fwd=44249 rows=5663763 fwd_ms=453705.3 eval=0 prior=0
[inst] req=8593408 hits=2924148 fwd=44290 rows=5669011 fwd_ms=454113.4 eval=0 prior=0
[inst] req=8601600 hits=2927086 fwd=44331 rows=5674259 fwd_ms=454521.5 eval=0 prior=0
[inst] req=8609792 hits=2930015 fwd=44373 rows=5679635 fwd_ms=454940.1 eval=0 prior=0
[inst] req=8617984 hits=2932840 fwd=44415 rows=5685011 fwd_ms=455358.2 eval=0 prior=0
[inst] req=8626176 hits=2935586 fwd=44457 rows=5690387 fwd_ms=455776.6 eval=0 prior=0
[inst] req=8634368 hits=2938349 fwd=44499 rows=5695763 fwd_ms=456194.7 eval=0 prior=0
[inst] req=8642560 hits=2941282 fwd=44541 rows=5701139 fwd_ms=456613.0 eval=0 prior=0
[inst] req=8650752 hits=2944194 fwd=44582 rows=5706387 fwd_ms=457021.2 eval=0 prior=0
[inst] req=8658944 hits=2947024 fwd=44624 rows=5711763 fwd_ms=457439.7 eval=0 prior=0
[inst] req=8667136 hits=2949775 fwd=44666 rows=5717139 fwd_ms=457858.1 eval=0 prior=0
[inst] req=8675328 hits=2952629 fwd=44708 rows=5722515 fwd_ms=458277.1 eval=0 prior=0
[inst] req=8683520 hits=2955584 fwd=44749 rows=5727763 fwd_ms=458685.9 eval=0 prior=0
[inst] req=8691712 hits=2958571 fwd=44790 rows=5733011 fwd_ms=459094.7 eval=0 prior=0
[inst] req=8699904 hits=2961331 fwd=44832 rows=5738387 fwd_ms=459513.3 eval=0 prior=0
[inst] req=8708096 hits=2964170 fwd=44874 rows=5743763 fwd_ms=459931.8 eval=0 prior=0
[inst] req=8716288 hits=2967125 fwd=44915 rows=5749011 fwd_ms=460341.0 eval=0 prior=0
[inst] req=8724480 hits=2969970 fwd=44956 rows=5754259 fwd_ms=460749.6 eval=0 prior=0
[inst] req=8732672 hits=2972911 fwd=44997 rows=5759507 fwd_ms=461157.8 eval=0 prior=0
[inst] req=8740864 hits=2975963 fwd=45038 rows=5764755 fwd_ms=461566.2 eval=0 prior=0
[inst] req=8749056 hits=2978722 fwd=45080 rows=5770131 fwd_ms=461984.7 eval=0 prior=0
[inst] req=8757248 hits=2981496 fwd=45122 rows=5775507 fwd_ms=462403.1 eval=0 prior=0
[inst] req=8765440 hits=2984364 fwd=45164 rows=5780883 fwd_ms=462821.8 eval=0 prior=0
[inst] req=8773632 hits=2987132 fwd=45206 rows=5786259 fwd_ms=463240.3 eval=0 prior=0
[inst] req=8781824 hits=2989987 fwd=45248 rows=5791635 fwd_ms=463659.0 eval=0 prior=0
[inst] req=8790016 hits=2992884 fwd=45289 rows=5796883 fwd_ms=464068.0 eval=0 prior=0
[inst] req=8798208 hits=2995699 fwd=45331 rows=5802259 fwd_ms=464486.5 eval=0 prior=0
[inst] req=8806400 hits=2998536 fwd=45373 rows=5807635 fwd_ms=464904.9 eval=0 prior=0
[inst] req=8814592 hits=3001490 fwd=45414 rows=5812883 fwd_ms=465313.5 eval=0 prior=0
[inst] req=8822784 hits=3004337 fwd=45456 rows=5818259 fwd_ms=465732.1 eval=0 prior=0
[inst] req=8830976 hits=3007287 fwd=45497 rows=5823507 fwd_ms=466140.5 eval=0 prior=0
[inst] req=8839168 hits=3010154 fwd=45539 rows=5828883 fwd_ms=466559.2 eval=0 prior=0
[inst] req=8847360 hits=3012909 fwd=45581 rows=5834259 fwd_ms=466977.6 eval=0 prior=0
[inst] req=8855552 hits=3015975 fwd=45621 rows=5839379 fwd_ms=467376.2 eval=0 prior=0
[inst] req=8863744 hits=3018924 fwd=45662 rows=5844627 fwd_ms=467785.2 eval=0 prior=0
[inst] req=8871936 hits=3021671 fwd=45705 rows=5850131 fwd_ms=468213.6 eval=0 prior=0
[inst] req=8880128 hits=3024535 fwd=45746 rows=5855379 fwd_ms=468622.0 eval=0 prior=0
[inst] req=8888320 hits=3027456 fwd=45787 rows=5860627 fwd_ms=469030.2 eval=0 prior=0
[inst] req=8896512 hits=3030257 fwd=45829 rows=5866003 fwd_ms=469449.0 eval=0 prior=0
[inst] req=8904704 hits=3033172 fwd=45871 rows=5871379 fwd_ms=469867.3 eval=0 prior=0
[inst] req=8912896 hits=3035937 fwd=45913 rows=5876755 fwd_ms=470285.3 eval=0 prior=0
[inst] req=8921088 hits=3038800 fwd=45955 rows=5882131 fwd_ms=470703.6 eval=0 prior=0
[inst] req=8929280 hits=3041803 fwd=45995 rows=5887251 fwd_ms=471101.9 eval=0 prior=0
[inst] req=8937472 hits=3044675 fwd=46037 rows=5892627 fwd_ms=471520.6 eval=0 prior=0
[inst] req=8945664 hits=3047621 fwd=46078 rows=5897875 fwd_ms=471929.0 eval=0 prior=0
[inst] req=8953856 hits=3050384 fwd=46120 rows=5903251 fwd_ms=472347.7 eval=0 prior=0
[inst] req=8962048 hits=3053293 fwd=46161 rows=5908499 fwd_ms=472756.7 eval=0 prior=0
[inst] req=8970240 hits=3056218 fwd=46203 rows=5913875 fwd_ms=473176.0 eval=0 prior=0
[inst] req=8978432 hits=3059020 fwd=46245 rows=5919251 fwd_ms=473594.5 eval=0 prior=0
[inst] req=8986624 hits=3061967 fwd=46286 rows=5924499 fwd_ms=474003.4 eval=0 prior=0
[inst] req=8994816 hits=3064954 fwd=46326 rows=5929619 fwd_ms=474401.6 eval=0 prior=0
[inst] req=9003008 hits=3067667 fwd=46369 rows=5935123 fwd_ms=474829.7 eval=0 prior=0
[inst] req=9011200 hits=3070572 fwd=46411 rows=5940499 fwd_ms=475248.6 eval=0 prior=0
[inst] req=9019392 hits=3073409 fwd=46452 rows=5945747 fwd_ms=475657.0 eval=0 prior=0
[inst] req=9027584 hits=3076471 fwd=46492 rows=5950867 fwd_ms=476055.5 eval=0 prior=0
[inst] req=9035776 hits=3079280 fwd=46534 rows=5956243 fwd_ms=476473.7 eval=0 prior=0
[inst] req=9043968 hits=3082055 fwd=46577 rows=5961747 fwd_ms=476901.9 eval=0 prior=0
[inst] req=9052160 hits=3085076 fwd=46617 rows=5966867 fwd_ms=477300.1 eval=0 prior=0
[inst] req=9060352 hits=3088107 fwd=46658 rows=5972115 fwd_ms=477708.3 eval=0 prior=0
[inst] req=9068544 hits=3090963 fwd=46699 rows=5977363 fwd_ms=478116.6 eval=0 prior=0
[inst] req=9076736 hits=3093869 fwd=46740 rows=5982611 fwd_ms=478526.9 eval=0 prior=0
[inst] req=9084928 hits=3096739 fwd=46782 rows=5987987 fwd_ms=478947.2 eval=0 prior=0
[inst] req=9093120 hits=3099656 fwd=46823 rows=5993235 fwd_ms=479357.0 eval=0 prior=0
[inst] req=9101312 hits=3102482 fwd=46865 rows=5998611 fwd_ms=479776.7 eval=0 prior=0
[inst] req=9109504 hits=3105368 fwd=46907 rows=6003987 fwd_ms=480196.2 eval=0 prior=0
[inst] req=9117696 hits=3108231 fwd=46948 rows=6009235 fwd_ms=480606.0 eval=0 prior=0
[inst] req=9125888 hits=3111026 fwd=46990 rows=6014611 fwd_ms=481024.9 eval=0 prior=0
[inst] req=9134080 hits=3113990 fwd=47031 rows=6019859 fwd_ms=481433.1 eval=0 prior=0
[inst] req=9142272 hits=3116730 fwd=47074 rows=6025363 fwd_ms=481861.7 eval=0 prior=0
[inst] req=9150464 hits=3119725 fwd=47114 rows=6030483 fwd_ms=482260.1 eval=0 prior=0
[inst] req=9158656 hits=3122599 fwd=47156 rows=6035859 fwd_ms=482678.8 eval=0 prior=0
[inst] req=9166848 hits=3125446 fwd=47198 rows=6041235 fwd_ms=484924.5 eval=0 prior=0
[inst] req=9175040 hits=3128307 fwd=47239 rows=6046483 fwd_ms=487338.2 eval=0 prior=0
[inst] req=9183232 hits=3131098 fwd=47282 rows=6051987 fwd_ms=489986.3 eval=0 prior=0
[inst] req=9191424 hits=3133964 fwd=47323 rows=6057235 fwd_ms=492354.1 eval=0 prior=0
[inst] req=9199616 hits=3136784 fwd=47365 rows=6062611 fwd_ms=494954.2 eval=0 prior=0
[inst] req=9207808 hits=3139795 fwd=47406 rows=6067859 fwd_ms=496816.7 eval=0 prior=0
[inst] req=9216000 hits=3142971 fwd=47445 rows=6072851 fwd_ms=497218.1 eval=0 prior=0
[inst] req=9224192 hits=3144950 fwd=47493 rows=6078995 fwd_ms=497715.6 eval=0 prior=0
[inst] req=9232384 hits=3146712 fwd=47544 rows=6085523 fwd_ms=498223.6 eval=0 prior=0
[inst] req=9240576 hits=3149389 fwd=47587 rows=6091027 fwd_ms=498652.4 eval=0 prior=0
[inst] req=9248768 hits=3152633 fwd=47625 rows=6095891 fwd_ms=499031.6 eval=0 prior=0
[inst] req=9256960 hits=3155770 fwd=47665 rows=6101011 fwd_ms=499431.0 eval=0 prior=0
[inst] req=9265152 hits=3159010 fwd=47704 rows=6106003 fwd_ms=499820.0 eval=0 prior=0
[inst] req=9273344 hits=3162210 fwd=47743 rows=6110995 fwd_ms=500209.3 eval=0 prior=0
[inst] req=9281536 hits=3165402 fwd=47782 rows=6115987 fwd_ms=500598.0 eval=0 prior=0
[inst] req=9289728 hits=3168650 fwd=47820 rows=6120851 fwd_ms=500977.4 eval=0 prior=0
[inst] req=9297920 hits=3171662 fwd=47861 rows=6126099 fwd_ms=501386.1 eval=0 prior=0
[inst] req=9306112 hits=3174770 fwd=47900 rows=6131091 fwd_ms=501776.2 eval=0 prior=0
[inst] req=9314304 hits=3177895 fwd=47940 rows=6136211 fwd_ms=502177.0 eval=0 prior=0
[inst] req=9322496 hits=3181133 fwd=47979 rows=6141203 fwd_ms=502567.8 eval=0 prior=0
[inst] req=9330688 hits=3184365 fwd=48017 rows=6146067 fwd_ms=502948.9 eval=0 prior=0
[inst] req=9338880 hits=3187450 fwd=48057 rows=6151187 fwd_ms=503349.2 eval=0 prior=0
[inst] req=9347072 hits=3190720 fwd=48096 rows=6156179 fwd_ms=503738.8 eval=0 prior=0
[inst] req=9355264 hits=3193879 fwd=48135 rows=6161171 fwd_ms=504127.2 eval=0 prior=0
[inst] req=9363456 hits=3197072 fwd=48174 rows=6166163 fwd_ms=504516.8 eval=0 prior=0
[inst] req=9371648 hits=3200238 fwd=48213 rows=6171155 fwd_ms=504905.3 eval=0 prior=0
[inst] req=9379840 hits=3203387 fwd=48253 rows=6176275 fwd_ms=505304.1 eval=0 prior=0
[inst] req=9388032 hits=3206407 fwd=48293 rows=6181395 fwd_ms=505702.6 eval=0 prior=0
[inst] req=9396224 hits=3209620 fwd=48332 rows=6186387 fwd_ms=506091.2 eval=0 prior=0
[inst] req=9404416 hits=3212580 fwd=48373 rows=6191635 fwd_ms=506499.5 eval=0 prior=0
[inst] req=9412608 hits=3215859 fwd=48411 rows=6196499 fwd_ms=506877.8 eval=0 prior=0
[inst] req=9420800 hits=3219018 fwd=48451 rows=6201619 fwd_ms=507276.0 eval=0 prior=0
[inst] req=9428992 hits=3222090 fwd=48491 rows=6206739 fwd_ms=507675.3 eval=0 prior=0
[inst] req=9437184 hits=3225315 fwd=48530 rows=6211731 fwd_ms=508063.6 eval=0 prior=0
[inst] req=9445376 hits=3228509 fwd=48569 rows=6216723 fwd_ms=508452.0 eval=0 prior=0
[inst] req=9453568 hits=3231989 fwd=48605 rows=6221331 fwd_ms=508809.9 eval=0 prior=0
[inst] req=9461760 hits=3235098 fwd=48645 rows=6226451 fwd_ms=509207.9 eval=0 prior=0
[inst] req=9469952 hits=3238246 fwd=48685 rows=6231571 fwd_ms=509605.8 eval=0 prior=0
[inst] req=9478144 hits=3241278 fwd=48725 rows=6236691 fwd_ms=510003.7 eval=0 prior=0
[inst] req=9486336 hits=3244528 fwd=48763 rows=6241555 fwd_ms=510382.4 eval=0 prior=0
[inst] req=9494528 hits=3247908 fwd=48801 rows=6246419 fwd_ms=510762.0 eval=0 prior=0
[inst] req=9502720 hits=3251307 fwd=48839 rows=6251283 fwd_ms=511140.6 eval=0 prior=0
[inst] req=9510912 hits=3254728 fwd=48876 rows=6256019 fwd_ms=511510.3 eval=0 prior=0
[inst] req=9519104 hits=3257918 fwd=48915 rows=6261011 fwd_ms=511898.3 eval=0 prior=0
[inst] req=9527296 hits=3261099 fwd=48954 rows=6266003 fwd_ms=512286.1 eval=0 prior=0
[inst] req=9535488 hits=3264339 fwd=48993 rows=6270995 fwd_ms=512673.8 eval=0 prior=0
[inst] req=9543680 hits=3267914 fwd=49029 rows=6275603 fwd_ms=513031.8 eval=0 prior=0
[inst] req=9551872 hits=3271006 fwd=49069 rows=6280723 fwd_ms=513430.0 eval=0 prior=0
[inst] req=9560064 hits=3274428 fwd=49106 rows=6285459 fwd_ms=513797.3 eval=0 prior=0
[inst] req=9568256 hits=3277473 fwd=49146 rows=6290579 fwd_ms=514194.6 eval=0 prior=0
[inst] req=9576448 hits=3280597 fwd=49186 rows=6295699 fwd_ms=514592.4 eval=0 prior=0
[inst] req=9584640 hits=3283892 fwd=49224 rows=6300563 fwd_ms=514969.9 eval=0 prior=0
[inst] req=9592832 hits=3286934 fwd=49264 rows=6305683 fwd_ms=515367.5 eval=0 prior=0
[inst] req=9601024 hits=3290131 fwd=49303 rows=6310675 fwd_ms=515754.8 eval=0 prior=0
[inst] req=9609216 hits=3293251 fwd=49343 rows=6315795 fwd_ms=516151.2 eval=0 prior=0
[inst] req=9617408 hits=3296302 fwd=49383 rows=6320915 fwd_ms=516547.5 eval=0 prior=0
[inst] req=9625600 hits=3299508 fwd=49422 rows=6325907 fwd_ms=516933.8 eval=0 prior=0
[inst] req=9633792 hits=3302636 fwd=49462 rows=6331027 fwd_ms=517330.8 eval=0 prior=0
[inst] req=9641984 hits=3306022 fwd=49499 rows=6335763 fwd_ms=517697.7 eval=0 prior=0
[inst] req=9650176 hits=3309226 fwd=49538 rows=6340755 fwd_ms=518085.1 eval=0 prior=0
[inst] req=9658368 hits=3312507 fwd=49576 rows=6345619 fwd_ms=518462.7 eval=0 prior=0
[inst] req=9666560 hits=3315800 fwd=49615 rows=6350611 fwd_ms=518850.2 eval=0 prior=0
[inst] req=9674752 hits=3319008 fwd=49654 rows=6355603 fwd_ms=519237.9 eval=0 prior=0
[inst] req=9682944 hits=3322240 fwd=49692 rows=6360467 fwd_ms=519615.8 eval=0 prior=0
[inst] req=9691136 hits=3325426 fwd=49731 rows=6365459 fwd_ms=520004.3 eval=0 prior=0
[inst] req=9699328 hits=3328652 fwd=49770 rows=6370451 fwd_ms=520392.8 eval=0 prior=0
[inst] req=9707520 hits=3331721 fwd=49810 rows=6375571 fwd_ms=520790.7 eval=0 prior=0
[inst] req=9715712 hits=3334936 fwd=49849 rows=6380563 fwd_ms=521178.6 eval=0 prior=0
[inst] req=9723904 hits=3338009 fwd=49889 rows=6385683 fwd_ms=521576.5 eval=0 prior=0
[inst] req=9732096 hits=3341128 fwd=49929 rows=6390803 fwd_ms=521974.1 eval=0 prior=0
[inst] req=9740288 hits=3344382 fwd=49967 rows=6395667 fwd_ms=522352.4 eval=0 prior=0
[inst] req=9748480 hits=3347556 fwd=50007 rows=6400787 fwd_ms=522750.5 eval=0 prior=0
[inst] req=9756672 hits=3350765 fwd=50045 rows=6405651 fwd_ms=523128.9 eval=0 prior=0
[inst] req=9764864 hits=3353977 fwd=50084 rows=6410643 fwd_ms=523519.0 eval=0 prior=0
[inst] req=9773056 hits=3356978 fwd=50125 rows=6415891 fwd_ms=523926.9 eval=0 prior=0
[inst] req=9781248 hits=3360077 fwd=50165 rows=6421011 fwd_ms=524324.6 eval=0 prior=0
[inst] req=9789440 hits=3363291 fwd=50204 rows=6426003 fwd_ms=524712.9 eval=0 prior=0
[inst] req=9797632 hits=3366444 fwd=50243 rows=6430995 fwd_ms=525101.2 eval=0 prior=0
[inst] req=9805824 hits=3369536 fwd=50283 rows=6436115 fwd_ms=525500.0 eval=0 prior=0
[inst] req=9814016 hits=3372722 fwd=50322 rows=6441107 fwd_ms=525888.2 eval=0 prior=0
[inst] req=9822208 hits=3375999 fwd=50360 rows=6445971 fwd_ms=526266.5 eval=0 prior=0
[inst] req=9830400 hits=3379535 fwd=50397 rows=6450707 fwd_ms=526635.7 eval=0 prior=0
[inst] req=9838592 hits=3382767 fwd=50435 rows=6455571 fwd_ms=527013.8 eval=0 prior=0
[inst] req=9846784 hits=3385758 fwd=50476 rows=6460819 fwd_ms=527421.7 eval=0 prior=0
[inst] req=9854976 hits=3388896 fwd=50516 rows=6465939 fwd_ms=527819.9 eval=0 prior=0
[inst] req=9863168 hits=3392005 fwd=50555 rows=6470931 fwd_ms=528208.2 eval=0 prior=0
[inst] req=9871360 hits=3395396 fwd=50593 rows=6475795 fwd_ms=528587.1 eval=0 prior=0
[inst] req=9879552 hits=3398617 fwd=50632 rows=6480787 fwd_ms=528975.7 eval=0 prior=0
[inst] req=9887744 hits=3401778 fwd=50671 rows=6485779 fwd_ms=529364.2 eval=0 prior=0
[inst] req=9895936 hits=3404899 fwd=50711 rows=6490899 fwd_ms=529762.8 eval=0 prior=0
[inst] req=9904128 hits=3408045 fwd=50750 rows=6495891 fwd_ms=530151.0 eval=0 prior=0
[inst] req=9912320 hits=3411527 fwd=50787 rows=6500627 fwd_ms=530519.8 eval=0 prior=0
[inst] req=9920512 hits=3414780 fwd=50825 rows=6505491 fwd_ms=530898.2 eval=0 prior=0
[inst] req=9928704 hits=3418045 fwd=50864 rows=6510483 fwd_ms=531287.0 eval=0 prior=0
[inst] req=9936896 hits=3421343 fwd=50902 rows=6515347 fwd_ms=531666.6 eval=0 prior=0
[inst] req=9945088 hits=3424678 fwd=50940 rows=6520211 fwd_ms=532045.2 eval=0 prior=0
[inst] req=9953280 hits=3428344 fwd=50975 rows=6524691 fwd_ms=532394.0 eval=0 prior=0
[inst] req=9961472 hits=3431618 fwd=51014 rows=6529683 fwd_ms=532782.6 eval=0 prior=0
[inst] req=9969664 hits=3434667 fwd=51054 rows=6534803 fwd_ms=533181.0 eval=0 prior=0
[inst] req=9977856 hits=3437829 fwd=51093 rows=6539795 fwd_ms=533569.3 eval=0 prior=0
[inst] req=9986048 hits=3441035 fwd=51132 rows=6544787 fwd_ms=533957.2 eval=0 prior=0
[inst] req=9994240 hits=3444243 fwd=51171 rows=6549779 fwd_ms=534345.3 eval=0 prior=0
[inst] req=10002432 hits=3447350 fwd=51211 rows=6554899 fwd_ms=534743.5 eval=0 prior=0
[inst] req=10010624 hits=3450331 fwd=51252 rows=6560147 fwd_ms=535151.7 eval=0 prior=0
[inst] req=10018816 hits=3453477 fwd=51291 rows=6565139 fwd_ms=535539.8 eval=0 prior=0
[inst] req=10027008 hits=3456773 fwd=51329 rows=6570003 fwd_ms=535918.6 eval=0 prior=0
[inst] req=10035200 hits=3459848 fwd=51369 rows=6575123 fwd_ms=536316.5 eval=0 prior=0
[inst] req=10043392 hits=3462940 fwd=51409 rows=6580243 fwd_ms=536714.5 eval=0 prior=0
[inst] req=10051584 hits=3466056 fwd=51449 rows=6585363 fwd_ms=537113.1 eval=0 prior=0
[inst] req=10059776 hits=3469198 fwd=51488 rows=6590355 fwd_ms=537501.6 eval=0 prior=0
[inst] req=10067968 hits=3472448 fwd=51527 rows=6595347 fwd_ms=537889.4 eval=0 prior=0
[inst] req=10076160 hits=3475632 fwd=51566 rows=6600339 fwd_ms=538277.7 eval=0 prior=0
[inst] req=10084352 hits=3478975 fwd=51604 rows=6605203 fwd_ms=538656.0 eval=0 prior=0
[inst] req=10092544 hits=3482215 fwd=51643 rows=6610195 fwd_ms=539044.0 eval=0 prior=0
[inst] req=10100736 hits=3485184 fwd=51683 rows=6615315 fwd_ms=539442.0 eval=0 prior=0
[inst] req=10108928 hits=3488258 fwd=51723 rows=6620435 fwd_ms=539840.1 eval=0 prior=0
[inst] req=10117120 hits=3491346 fwd=51763 rows=6625555 fwd_ms=540238.3 eval=0 prior=0
[inst] req=10125312 hits=3494518 fwd=51802 rows=6630547 fwd_ms=540626.6 eval=0 prior=0
[inst] req=10133504 hits=3497655 fwd=51842 rows=6635667 fwd_ms=541024.9 eval=0 prior=0
[inst] req=10141696 hits=3500648 fwd=51883 rows=6640915 fwd_ms=541433.0 eval=0 prior=0
[inst] req=10149888 hits=3503553 fwd=51924 rows=6646163 fwd_ms=541840.8 eval=0 prior=0
[inst] req=10158080 hits=3506767 fwd=51963 rows=6651155 fwd_ms=542228.9 eval=0 prior=0
[inst] req=10166272 hits=3509998 fwd=52001 rows=6656019 fwd_ms=542607.1 eval=0 prior=0
[inst] req=10174464 hits=3512998 fwd=52042 rows=6661267 fwd_ms=543015.1 eval=0 prior=0
[inst] req=10182656 hits=3516196 fwd=52081 rows=6666259 fwd_ms=543403.7 eval=0 prior=0
[inst] req=10190848 hits=3519358 fwd=52120 rows=6671251 fwd_ms=543792.8 eval=0 prior=0
[inst] req=10199040 hits=3522475 fwd=52160 rows=6676371 fwd_ms=544191.6 eval=0 prior=0
[inst] req=10207232 hits=3525549 fwd=52200 rows=6681491 fwd_ms=544589.6 eval=0 prior=0
[inst] req=10215424 hits=3528692 fwd=52239 rows=6686483 fwd_ms=544978.0 eval=0 prior=0
[inst] req=10223616 hits=3531755 fwd=52280 rows=6691731 fwd_ms=545386.3 eval=0 prior=0
[inst] req=10231808 hits=3534948 fwd=52319 rows=6696723 fwd_ms=545774.6 eval=0 prior=0
[inst] req=10240000 hits=3538142 fwd=52358 rows=6701715 fwd_ms=546163.2 eval=0 prior=0
[inst] req=10248192 hits=3541360 fwd=52396 rows=6706579 fwd_ms=546542.0 eval=0 prior=0
[inst] req=10256384 hits=3544383 fwd=52437 rows=6711827 fwd_ms=546951.1 eval=0 prior=0
[inst] req=10264576 hits=3547406 fwd=52477 rows=6716947 fwd_ms=547349.4 eval=0 prior=0
[inst] req=10272768 hits=3550639 fwd=52516 rows=6721939 fwd_ms=547738.6 eval=0 prior=0
[inst] req=10280960 hits=3553740 fwd=52556 rows=6727059 fwd_ms=548138.6 eval=0 prior=0
[inst] req=10289152 hits=3557038 fwd=52594 rows=6731923 fwd_ms=548519.4 eval=0 prior=0
[inst] req=10297344 hits=3560215 fwd=52633 rows=6736915 fwd_ms=548909.5 eval=0 prior=0
[inst] req=10305536 hits=3563309 fwd=52673 rows=6742035 fwd_ms=549309.9 eval=0 prior=0
[inst] req=10313728 hits=3566501 fwd=52712 rows=6747027 fwd_ms=549699.2 eval=0 prior=0
[inst] req=10321920 hits=3569745 fwd=52751 rows=6752019 fwd_ms=550089.4 eval=0 prior=0
[inst] req=10330112 hits=3572888 fwd=52790 rows=6757011 fwd_ms=550479.8 eval=0 prior=0
[inst] req=10338304 hits=3575878 fwd=52831 rows=6762259 fwd_ms=550890.6 eval=0 prior=0
[inst] req=10346496 hits=3578949 fwd=52871 rows=6767379 fwd_ms=551291.2 eval=0 prior=0
[inst] req=10354688 hits=3582045 fwd=52911 rows=6772499 fwd_ms=551691.9 eval=0 prior=0
[inst] req=10362880 hits=3585199 fwd=52950 rows=6777491 fwd_ms=552083.1 eval=0 prior=0
[inst] req=10371072 hits=3588262 fwd=52990 rows=6782611 fwd_ms=553960.8 eval=0 prior=0
[inst] req=10379264 hits=3591046 fwd=53032 rows=6787987 fwd_ms=556456.1 eval=0 prior=0
[inst] req=10387456 hits=3594595 fwd=53069 rows=6792723 fwd_ms=558791.7 eval=0 prior=0
[inst] req=10395648 hits=3598103 fwd=53105 rows=6797331 fwd_ms=560977.6 eval=0 prior=0
[inst] req=10403840 hits=3601464 fwd=53143 rows=6802195 fwd_ms=563366.9 eval=0 prior=0
[inst] req=10412032 hits=3604579 fwd=53183 rows=6807315 fwd_ms=565761.1 eval=0 prior=0
[inst] req=10420224 hits=3607341 fwd=53225 rows=6812691 fwd_ms=566566.2 eval=0 prior=0
[inst] req=10428416 hits=3610342 fwd=53266 rows=6817939 fwd_ms=567001.5 eval=0 prior=0
[inst] req=10436608 hits=3611313 fwd=53322 rows=6825107 fwd_ms=567563.6 eval=0 prior=0
[inst] req=10444800 hits=3613478 fwd=53369 rows=6831123 fwd_ms=568032.5 eval=0 prior=0
[inst] req=10452992 hits=3616345 fwd=53411 rows=6836499 fwd_ms=568451.9 eval=0 prior=0
[inst] req=10461184 hits=3619183 fwd=53452 rows=6841747 fwd_ms=568860.9 eval=0 prior=0
[inst] req=10469376 hits=3621912 fwd=53495 rows=6847251 fwd_ms=569290.2 eval=0 prior=0
[inst] req=10477568 hits=3624846 fwd=53536 rows=6852499 fwd_ms=569699.3 eval=0 prior=0
[inst] req=10485760 hits=3627790 fwd=53577 rows=6857747 fwd_ms=570108.6 eval=0 prior=0
[inst] req=10493952 hits=3630791 fwd=53618 rows=6862995 fwd_ms=570518.5 eval=0 prior=0
[inst] req=10502144 hits=3633508 fwd=53661 rows=6868499 fwd_ms=570947.8 eval=0 prior=0
[inst] req=10510336 hits=3636352 fwd=53702 rows=6873747 fwd_ms=571357.5 eval=0 prior=0
[inst] req=10518528 hits=3639302 fwd=53743 rows=6878995 fwd_ms=571766.7 eval=0 prior=0
[inst] req=10526720 hits=3642230 fwd=53784 rows=6884243 fwd_ms=572175.2 eval=0 prior=0
[inst] req=10534912 hits=3645111 fwd=53826 rows=6889619 fwd_ms=572594.4 eval=0 prior=0
[inst] req=10543104 hits=3648051 fwd=53867 rows=6894867 fwd_ms=573003.9 eval=0 prior=0
[inst] req=10551296 hits=3650945 fwd=53908 rows=6900115 fwd_ms=573412.8 eval=0 prior=0
[inst] req=10559488 hits=3653930 fwd=53949 rows=6905363 fwd_ms=573821.3 eval=0 prior=0
[inst] req=10567680 hits=3656845 fwd=53990 rows=6910611 fwd_ms=574229.7 eval=0 prior=0
[inst] req=10575872 hits=3659686 fwd=54032 rows=6915987 fwd_ms=574647.7 eval=0 prior=0
[inst] req=10584064 hits=3662627 fwd=54073 rows=6921235 fwd_ms=575056.0 eval=0 prior=0
[inst] req=10592256 hits=3665729 fwd=54113 rows=6926355 fwd_ms=575455.2 eval=0 prior=0
[inst] req=10600448 hits=3668599 fwd=54154 rows=6931603 fwd_ms=575863.7 eval=0 prior=0
[inst] req=10608640 hits=3671526 fwd=54196 rows=6936979 fwd_ms=576282.6 eval=0 prior=0
[inst] req=10616832 hits=3674374 fwd=54237 rows=6942227 fwd_ms=576691.2 eval=0 prior=0
[inst] req=10625024 hits=3677340 fwd=54278 rows=6947475 fwd_ms=577099.8 eval=0 prior=0
[inst] req=10633216 hits=3680279 fwd=54319 rows=6952723 fwd_ms=577508.9 eval=0 prior=0
[inst] req=10641408 hits=3683214 fwd=54360 rows=6957971 fwd_ms=577916.5 eval=0 prior=0
[inst] req=10649600 hits=3686197 fwd=54401 rows=6963219 fwd_ms=578324.7 eval=0 prior=0
[inst] req=10657792 hits=3689089 fwd=54442 rows=6968467 fwd_ms=578733.6 eval=0 prior=0
[inst] req=10665984 hits=3692024 fwd=54483 rows=6973715 fwd_ms=579141.9 eval=0 prior=0
[inst] req=10674176 hits=3695021 fwd=54524 rows=6978963 fwd_ms=579549.4 eval=0 prior=0
[inst] req=10682368 hits=3697886 fwd=54566 rows=6984339 fwd_ms=579966.8 eval=0 prior=0
[inst] req=10690560 hits=3700892 fwd=54606 rows=6989459 fwd_ms=580364.4 eval=0 prior=0
[inst] req=10698752 hits=3703922 fwd=54646 rows=6994579 fwd_ms=580762.1 eval=0 prior=0
[inst] req=10706944 hits=3706792 fwd=54688 rows=6999955 fwd_ms=581191.0 eval=0 prior=0
[inst] req=10715136 hits=3709867 fwd=54728 rows=7005075 fwd_ms=581607.0 eval=0 prior=0
[inst] req=10723328 hits=3712831 fwd=54769 rows=7010323 fwd_ms=582035.3 eval=0 prior=0
[inst] req=10731520 hits=3715662 fwd=54811 rows=7015699 fwd_ms=582477.5 eval=0 prior=0
[inst] req=10739712 hits=3718560 fwd=54852 rows=7020947 fwd_ms=582906.7 eval=0 prior=0
[inst] req=10747904 hits=3721358 fwd=54894 rows=7026323 fwd_ms=583349.0 eval=0 prior=0
[inst] req=10756096 hits=3724585 fwd=54933 rows=7031315 fwd_ms=583747.0 eval=0 prior=0
[inst] req=10764288 hits=3727530 fwd=54974 rows=7036563 fwd_ms=584168.5 eval=0 prior=0
[inst] req=10772480 hits=3730628 fwd=55014 rows=7041683 fwd_ms=584592.9 eval=0 prior=0
[inst] req=10780672 hits=3733438 fwd=55056 rows=7047059 fwd_ms=585031.2 eval=0 prior=0
[inst] req=10788864 hits=3736324 fwd=55097 rows=7052307 fwd_ms=585460.8 eval=0 prior=0
[inst] req=10797056 hits=3739316 fwd=55138 rows=7057555 fwd_ms=585884.9 eval=0 prior=0
[inst] req=10805248 hits=3742442 fwd=55178 rows=7062675 fwd_ms=586300.0 eval=0 prior=0
[inst] req=10813440 hits=3745397 fwd=55218 rows=7067795 fwd_ms=586716.4 eval=0 prior=0
[inst] req=10821632 hits=3748081 fwd=55261 rows=7073299 fwd_ms=587157.5 eval=0 prior=0
[inst] req=10829824 hits=3751167 fwd=55301 rows=7078419 fwd_ms=587570.6 eval=0 prior=0
[inst] req=10838016 hits=3753931 fwd=55344 rows=7083923 fwd_ms=588014.4 eval=0 prior=0
[inst] req=10846208 hits=3756823 fwd=55385 rows=7089171 fwd_ms=588431.5 eval=0 prior=0
[inst] req=10854400 hits=3759647 fwd=55427 rows=7094547 fwd_ms=588867.5 eval=0 prior=0
[inst] req=10862592 hits=3762486 fwd=55469 rows=7099923 fwd_ms=589311.2 eval=0 prior=0
[inst] req=10870784 hits=3765357 fwd=55510 rows=7105171 fwd_ms=589733.5 eval=0 prior=0
[inst] req=10878976 hits=3768471 fwd=55550 rows=7110291 fwd_ms=590148.9 eval=0 prior=0
[inst] req=10887168 hits=3771342 fwd=55592 rows=7115667 fwd_ms=590583.7 eval=0 prior=0
[inst] req=10895360 hits=3774246 fwd=55633 rows=7120915 fwd_ms=591015.9 eval=0 prior=0
[inst] req=10903552 hits=3777056 fwd=55675 rows=7126291 fwd_ms=591450.9 eval=0 prior=0
[inst] req=10911744 hits=3780216 fwd=55714 rows=7131283 fwd_ms=591852.0 eval=0 prior=0
[inst] req=10919936 hits=3783175 fwd=55755 rows=7136531 fwd_ms=592271.0 eval=0 prior=0
[inst] req=10928128 hits=3786012 fwd=55797 rows=7141907 fwd_ms=592699.2 eval=0 prior=0
[inst] req=10936320 hits=3788872 fwd=55839 rows=7147283 fwd_ms=593124.2 eval=0 prior=0
[inst] req=10944512 hits=3791839 fwd=55880 rows=7152531 fwd_ms=593532.4 eval=0 prior=0
[inst] req=10952704 hits=3794923 fwd=55920 rows=7157651 fwd_ms=593930.5 eval=0 prior=0
[inst] req=10960896 hits=3797794 fwd=55961 rows=7162899 fwd_ms=594338.0 eval=0 prior=0
[inst] req=10969088 hits=3800613 fwd=56003 rows=7168275 fwd_ms=594757.0 eval=0 prior=0
[inst] req=10977280 hits=3803437 fwd=56045 rows=7173651 fwd_ms=595174.8 eval=0 prior=0
[inst] req=10985472 hits=3806380 fwd=56086 rows=7178899 fwd_ms=595586.5 eval=0 prior=0
[inst] req=10993664 hits=3809335 fwd=56127 rows=7184147 fwd_ms=595994.3 eval=0 prior=0
[inst] req=11001856 hits=3812347 fwd=56167 rows=7189267 fwd_ms=596392.7 eval=0 prior=0
[inst] req=11010048 hits=3815192 fwd=56209 rows=7194643 fwd_ms=596810.4 eval=0 prior=0
[inst] req=11018240 hits=3818207 fwd=56250 rows=7199891 fwd_ms=597218.3 eval=0 prior=0
[inst] req=11026432 hits=3820996 fwd=56292 rows=7205267 fwd_ms=597637.2 eval=0 prior=0
[inst] req=11034624 hits=3824052 fwd=56332 rows=7210387 fwd_ms=598035.1 eval=0 prior=0
[inst] req=11042816 hits=3826893 fwd=56374 rows=7215763 fwd_ms=598453.2 eval=0 prior=0
[inst] req=11051008 hits=3829914 fwd=56414 rows=7220883 fwd_ms=598851.6 eval=0 prior=0
[inst] req=11059200 hits=3832719 fwd=56456 rows=7226259 fwd_ms=599269.2 eval=0 prior=0
[inst] req=11067392 hits=3835582 fwd=56498 rows=7231635 fwd_ms=599687.4 eval=0 prior=0
[inst] req=11075584 hits=3838513 fwd=56539 rows=7236883 fwd_ms=600095.9 eval=0 prior=0
[inst] req=11083776 hits=3841460 fwd=56580 rows=7242131 fwd_ms=600507.2 eval=0 prior=0
[inst] req=11091968 hits=3844383 fwd=56621 rows=7247379 fwd_ms=600915.2 eval=0 prior=0
[inst] req=11100160 hits=3847163 fwd=56663 rows=7252755 fwd_ms=601333.4 eval=0 prior=0
[inst] req=11108352 hits=3850137 fwd=56704 rows=7258003 fwd_ms=601742.3 eval=0 prior=0
[inst] req=11116544 hits=3853135 fwd=56745 rows=7263251 fwd_ms=602150.7 eval=0 prior=0
[inst] req=11124736 hits=3856193 fwd=56785 rows=7268371 fwd_ms=602548.8 eval=0 prior=0
[inst] req=11132928 hits=3859062 fwd=56826 rows=7273619 fwd_ms=602957.0 eval=0 prior=0
[inst] req=11141120 hits=3861897 fwd=56868 rows=7278995 fwd_ms=603375.4 eval=0 prior=0
[inst] req=11149312 hits=3864946 fwd=56908 rows=7284115 fwd_ms=603774.0 eval=0 prior=0
[inst] req=11157504 hits=3868112 fwd=56948 rows=7289235 fwd_ms=604172.4 eval=0 prior=0
[inst] req=11165696 hits=3871060 fwd=56989 rows=7294483 fwd_ms=604580.4 eval=0 prior=0
[inst] req=11173888 hits=3873928 fwd=57030 rows=7299731 fwd_ms=604988.7 eval=0 prior=0
[inst] req=11182080 hits=3876791 fwd=57072 rows=7305107 fwd_ms=605406.7 eval=0 prior=0
[inst] req=11190272 hits=3879871 fwd=57112 rows=7310227 fwd_ms=605804.9 eval=0 prior=0
[inst] req=11198464 hits=3882894 fwd=57152 rows=7315347 fwd_ms=606203.4 eval=0 prior=0
[inst] req=11206656 hits=3885847 fwd=57193 rows=7320595 fwd_ms=606612.2 eval=0 prior=0
[inst] req=11214848 hits=3888653 fwd=57235 rows=7325971 fwd_ms=607030.2 eval=0 prior=0
[inst] req=11223040 hits=3891536 fwd=57277 rows=7331347 fwd_ms=607448.5 eval=0 prior=0
[inst] req=11231232 hits=3894392 fwd=57318 rows=7336595 fwd_ms=607857.3 eval=0 prior=0
[inst] req=11239424 hits=3897424 fwd=57359 rows=7341843 fwd_ms=608266.4 eval=0 prior=0
[inst] req=11247616 hits=3900439 fwd=57399 rows=7346963 fwd_ms=608665.2 eval=0 prior=0
[inst] req=11255808 hits=3903306 fwd=57441 rows=7352339 fwd_ms=609083.8 eval=0 prior=0
[inst] req=11264000 hits=3906325 fwd=57481 rows=7357459 fwd_ms=609482.7 eval=0 prior=0
[inst] req=11272192 hits=3909378 fwd=57521 rows=7362579 fwd_ms=609881.1 eval=0 prior=0
[inst] req=11280384 hits=3912256 fwd=57563 rows=7367955 fwd_ms=610300.1 eval=0 prior=0
[inst] req=11288576 hits=3915218 fwd=57604 rows=7373203 fwd_ms=610709.0 eval=0 prior=0
[inst] req=11296768 hits=3918118 fwd=57645 rows=7378451 fwd_ms=611117.5 eval=0 prior=0
[inst] req=11304960 hits=3921078 fwd=57686 rows=7383699 fwd_ms=611526.3 eval=0 prior=0
[inst] req=11313152 hits=3924095 fwd=57726 rows=7388819 fwd_ms=611925.0 eval=0 prior=0
[inst] req=11321344 hits=3926950 fwd=57768 rows=7394195 fwd_ms=612344.0 eval=0 prior=0
[inst] req=11329536 hits=3929908 fwd=57809 rows=7399443 fwd_ms=612753.1 eval=0 prior=0
[inst] req=11337728 hits=3932817 fwd=57850 rows=7404691 fwd_ms=613161.7 eval=0 prior=0
[inst] req=11345920 hits=3935807 fwd=57891 rows=7409939 fwd_ms=613570.8 eval=0 prior=0
[inst] req=11354112 hits=3938746 fwd=57932 rows=7415187 fwd_ms=613980.3 eval=0 prior=0
[inst] req=11362304 hits=3941681 fwd=57973 rows=7420435 fwd_ms=614389.7 eval=0 prior=0
[inst] req=11370496 hits=3944474 fwd=58015 rows=7425811 fwd_ms=614809.2 eval=0 prior=0
[inst] req=11378688 hits=3947475 fwd=58056 rows=7431059 fwd_ms=615218.0 eval=0 prior=0
[inst] req=11386880 hits=3950472 fwd=58096 rows=7436179 fwd_ms=615617.3 eval=0 prior=0
[inst] req=11395072 hits=3953478 fwd=58137 rows=7441427 fwd_ms=616026.3 eval=0 prior=0
[inst] req=11403264 hits=3956511 fwd=58177 rows=7446547 fwd_ms=616425.2 eval=0 prior=0
[inst] req=11411456 hits=3959524 fwd=58218 rows=7451795 fwd_ms=616834.1 eval=0 prior=0
[inst] req=11419648 hits=3962451 fwd=58259 rows=7457043 fwd_ms=617242.7 eval=0 prior=0
[inst] req=11427840 hits=3965570 fwd=58298 rows=7462035 fwd_ms=617632.1 eval=0 prior=0
[inst] req=11436032 hits=3968616 fwd=58339 rows=7467283 fwd_ms=618041.1 eval=0 prior=0
[inst] req=11444224 hits=3971566 fwd=58379 rows=7472403 fwd_ms=618439.8 eval=0 prior=0
[inst] req=11452416 hits=3974509 fwd=58420 rows=7477651 fwd_ms=618848.8 eval=0 prior=0
[inst] req=11460608 hits=3977564 fwd=58461 rows=7482899 fwd_ms=619257.4 eval=0 prior=0
[inst] req=11468800 hits=3980681 fwd=58500 rows=7487891 fwd_ms=619646.7 eval=0 prior=0
[inst] req=11476992 hits=3983645 fwd=58541 rows=7493139 fwd_ms=620056.4 eval=0 prior=0
[inst] req=11485184 hits=3986544 fwd=58582 rows=7498387 fwd_ms=620465.9 eval=0 prior=0
[inst] req=11493376 hits=3989738 fwd=58622 rows=7503507 fwd_ms=620865.1 eval=0 prior=0
[inst] req=11501568 hits=3992720 fwd=58662 rows=7508627 fwd_ms=621264.5 eval=0 prior=0
[inst] req=11509760 hits=3995715 fwd=58703 rows=7513875 fwd_ms=621673.5 eval=0 prior=0
[inst] req=11517952 hits=3998624 fwd=58744 rows=7519123 fwd_ms=622082.6 eval=0 prior=0
[inst] req=11526144 hits=4001469 fwd=58786 rows=7524499 fwd_ms=622501.6 eval=0 prior=0
[inst] req=11534336 hits=4004500 fwd=58826 rows=7529619 fwd_ms=622900.5 eval=0 prior=0
[inst] req=11542528 hits=4007539 fwd=58866 rows=7534739 fwd_ms=623299.2 eval=0 prior=0
[inst] req=11550720 hits=4010523 fwd=58907 rows=7539987 fwd_ms=623708.4 eval=0 prior=0
[inst] req=11558912 hits=4013503 fwd=58948 rows=7545235 fwd_ms=624117.7 eval=0 prior=0
[inst] req=11567104 hits=4016416 fwd=58989 rows=7550483 fwd_ms=624526.9 eval=0 prior=0
[inst] req=11575296 hits=4019365 fwd=59030 rows=7555731 fwd_ms=624936.1 eval=0 prior=0
[inst] req=11583488 hits=4022214 fwd=59072 rows=7561107 fwd_ms=625354.5 eval=0 prior=0
[inst] req=11591680 hits=4025310 fwd=59112 rows=7566227 fwd_ms=625755.0 eval=0 prior=0
[inst] req=11599872 hits=4028208 fwd=59153 rows=7571475 fwd_ms=626164.9 eval=0 prior=0
[inst] req=11608064 hits=4031240 fwd=59193 rows=7576595 fwd_ms=626564.2 eval=0 prior=0
[inst] req=11616256 hits=4034114 fwd=59235 rows=7581971 fwd_ms=626984.2 eval=0 prior=0
[inst] req=11624448 hits=4037072 fwd=59276 rows=7587219 fwd_ms=627393.7 eval=0 prior=0
[inst] req=11632640 hits=4040022 fwd=59317 rows=7592467 fwd_ms=627802.6 eval=0 prior=0
[inst] req=11640832 hits=4043091 fwd=59357 rows=7597587 fwd_ms=628201.6 eval=0 prior=0
[inst] req=11649024 hits=4045984 fwd=59398 rows=7602835 fwd_ms=628610.2 eval=0 prior=0
[inst] req=11657216 hits=4048860 fwd=59440 rows=7608211 fwd_ms=629028.9 eval=0 prior=0
[inst] req=11665408 hits=4051784 fwd=59481 rows=7613459 fwd_ms=629438.4 eval=0 prior=0
[inst] req=11673600 hits=4054685 fwd=59522 rows=7618707 fwd_ms=629846.8 eval=0 prior=0
[inst] req=11681792 hits=4057954 fwd=59561 rows=7623699 fwd_ms=630235.9 eval=0 prior=0
[inst] req=11689984 hits=4060961 fwd=59601 rows=7628819 fwd_ms=630635.3 eval=0 prior=0
[inst] req=11698176 hits=4063879 fwd=59642 rows=7634067 fwd_ms=631044.6 eval=0 prior=0
[inst] req=11706368 hits=4067067 fwd=59681 rows=7639059 fwd_ms=631433.7 eval=0 prior=0
[inst] req=11714560 hits=4069945 fwd=59723 rows=7644435 fwd_ms=631852.6 eval=0 prior=0
[inst] req=11722752 hits=4072899 fwd=59764 rows=7649683 fwd_ms=632261.3 eval=0 prior=0
[inst] req=11730944 hits=4075922 fwd=59804 rows=7654803 fwd_ms=632660.3 eval=0 prior=0
[inst] req=11739136 hits=4078955 fwd=59845 rows=7660051 fwd_ms=633069.7 eval=0 prior=0
[inst] req=11747328 hits=4081927 fwd=59885 rows=7665171 fwd_ms=633469.2 eval=0 prior=0
[inst] req=11755520 hits=4084781 fwd=59927 rows=7670547 fwd_ms=633888.7 eval=0 prior=0
[inst] req=11763712 hits=4087796 fwd=59967 rows=7675667 fwd_ms=634287.7 eval=0 prior=0
[inst] req=11771904 hits=4090874 fwd=60007 rows=7680787 fwd_ms=634687.5 eval=0 prior=0
[inst] req=11780096 hits=4094048 fwd=60047 rows=7685907 fwd_ms=635086.8 eval=0 prior=0
[inst] req=11788288 hits=4097011 fwd=60087 rows=7691027 fwd_ms=635485.8 eval=0 prior=0
[inst] req=11796480 hits=4099893 fwd=60129 rows=7696403 fwd_ms=635904.6 eval=0 prior=0
[inst] req=11804672 hits=4102765 fwd=60170 rows=7701651 fwd_ms=636313.4 eval=0 prior=0
[inst] req=11812864 hits=4105883 fwd=60210 rows=7706771 fwd_ms=636712.8 eval=0 prior=0
[inst] req=11821056 hits=4109037 fwd=60249 rows=7711763 fwd_ms=637101.9 eval=0 prior=0
[inst] req=11829248 hits=4111984 fwd=60290 rows=7717011 fwd_ms=637511.2 eval=0 prior=0
[inst] req=11837440 hits=4115210 fwd=60329 rows=7722003 fwd_ms=637900.2 eval=0 prior=0
[inst] req=11845632 hits=4118305 fwd=60369 rows=7727123 fwd_ms=638299.4 eval=0 prior=0
[inst] req=11853824 hits=4121365 fwd=60409 rows=7732243 fwd_ms=638699.2 eval=0 prior=0
[inst] req=11862016 hits=4124369 fwd=60450 rows=7737491 fwd_ms=639109.0 eval=0 prior=0
[inst] req=11870208 hits=4127489 fwd=60489 rows=7742483 fwd_ms=639499.0 eval=0 prior=0
[inst] req=11878400 hits=4130474 fwd=60530 rows=7747731 fwd_ms=639907.7 eval=0 prior=0
[inst] req=11886592 hits=4133339 fwd=60572 rows=7753107 fwd_ms=640326.9 eval=0 prior=0
[inst] req=11894784 hits=4136303 fwd=60612 rows=7758227 fwd_ms=640726.4 eval=0 prior=0
[inst] req=11902976 hits=4139215 fwd=60654 rows=7763603 fwd_ms=641145.6 eval=0 prior=0
[inst] req=11911168 hits=4142302 fwd=60694 rows=7768723 fwd_ms=641545.8 eval=0 prior=0
[inst] req=11919360 hits=4145256 fwd=60735 rows=7773971 fwd_ms=641954.9 eval=0 prior=0
[inst] req=11927552 hits=4148099 fwd=60776 rows=7779219 fwd_ms=642364.0 eval=0 prior=0
[inst] req=11935744 hits=4151189 fwd=60816 rows=7784339 fwd_ms=642763.2 eval=0 prior=0
[inst] req=11943936 hits=4154138 fwd=60857 rows=7789587 fwd_ms=643172.3 eval=0 prior=0
[inst] req=11952128 hits=4157286 fwd=60897 rows=7794707 fwd_ms=643572.1 eval=0 prior=0
[inst] req=11960320 hits=4160305 fwd=60937 rows=7799827 fwd_ms=643972.4 eval=0 prior=0
[inst] req=11968512 hits=4163297 fwd=60978 rows=7805075 fwd_ms=644381.8 eval=0 prior=0
[inst] req=11976704 hits=4166152 fwd=61019 rows=7810323 fwd_ms=644790.9 eval=0 prior=0
[inst] req=11984896 hits=4169178 fwd=61060 rows=7815571 fwd_ms=645200.1 eval=0 prior=0
[inst] req=11993088 hits=4172105 fwd=61101 rows=7820819 fwd_ms=645609.1 eval=0 prior=0
[inst] req=12001280 hits=4175261 fwd=61140 rows=7825811 fwd_ms=645999.0 eval=0 prior=0
[inst] req=12009472 hits=4178255 fwd=61181 rows=7831059 fwd_ms=646408.2 eval=0 prior=0
[inst] req=12017664 hits=4181146 fwd=61222 rows=7836307 fwd_ms=646817.9 eval=0 prior=0
[inst] req=12025856 hits=4184091 fwd=61263 rows=7841555 fwd_ms=647227.4 eval=0 prior=0
[inst] req=12034048 hits=4187006 fwd=61304 rows=7846803 fwd_ms=647636.7 eval=0 prior=0
[inst] req=12042240 hits=4190009 fwd=61345 rows=7852051 fwd_ms=648047.0 eval=0 prior=0
[inst] req=12050432 hits=4192936 fwd=61386 rows=7857299 fwd_ms=648456.5 eval=0 prior=0
[inst] req=12058624 hits=4195932 fwd=61427 rows=7862547 fwd_ms=648865.8 eval=0 prior=0
[inst] req=12066816 hits=4198847 fwd=61468 rows=7867795 fwd_ms=649275.5 eval=0 prior=0
[inst] req=12075008 hits=4201842 fwd=61508 rows=7872915 fwd_ms=649674.4 eval=0 prior=0
[inst] req=12083200 hits=4204942 fwd=61548 rows=7878035 fwd_ms=650073.6 eval=0 prior=0
[inst] req=12091392 hits=4207807 fwd=61590 rows=7883411 fwd_ms=650492.9 eval=0 prior=0
[inst] req=12099584 hits=4210767 fwd=61631 rows=7888659 fwd_ms=650902.1 eval=0 prior=0
[inst] req=12107776 hits=4213839 fwd=61671 rows=7893779 fwd_ms=651301.3 eval=0 prior=0
[inst] req=12115968 hits=4216988 fwd=61710 rows=7898771 fwd_ms=651690.9 eval=0 prior=0
[inst] req=12124160 hits=4219858 fwd=61752 rows=7904147 fwd_ms=652110.3 eval=0 prior=0
[inst] req=12132352 hits=4222827 fwd=61793 rows=7909395 fwd_ms=652519.7 eval=0 prior=0
[inst] req=12140544 hits=4225906 fwd=61832 rows=7914387 fwd_ms=652909.2 eval=0 prior=0
[inst] req=12148736 hits=4228954 fwd=61873 rows=7919635 fwd_ms=653318.2 eval=0 prior=0
[inst] req=12156928 hits=4231951 fwd=61913 rows=7924755 fwd_ms=653718.2 eval=0 prior=0
[inst] req=12165120 hits=4234850 fwd=61955 rows=7930131 fwd_ms=654138.4 eval=0 prior=0
[inst] req=12173312 hits=4237722 fwd=61996 rows=7935379 fwd_ms=654547.6 eval=0 prior=0
[inst] req=12181504 hits=4240666 fwd=62037 rows=7940627 fwd_ms=654956.4 eval=0 prior=0
[inst] req=12189696 hits=4243609 fwd=62078 rows=7945875 fwd_ms=655365.6 eval=0 prior=0
[inst] req=12197888 hits=4246667 fwd=62118 rows=7950995 fwd_ms=655765.6 eval=0 prior=0
[inst] req=12206080 hits=4249861 fwd=62157 rows=7955987 fwd_ms=656155.1 eval=0 prior=0
[inst] req=12214272 hits=4252908 fwd=62198 rows=7961235 fwd_ms=656564.0 eval=0 prior=0
[inst] req=12222464 hits=4256007 fwd=62237 rows=7966227 fwd_ms=656953.2 eval=0 prior=0
[inst] req=12230656 hits=4258882 fwd=62279 rows=7971603 fwd_ms=657372.5 eval=0 prior=0
[inst] req=12238848 hits=4261886 fwd=62319 rows=7976723 fwd_ms=657772.0 eval=0 prior=0
[inst] req=12247040 hits=4264814 fwd=62360 rows=7981971 fwd_ms=658181.0 eval=0 prior=0
[inst] req=12255232 hits=4267768 fwd=62401 rows=7987219 fwd_ms=658590.0 eval=0 prior=0
[inst] req=12263424 hits=4270835 fwd=62441 rows=7992339 fwd_ms=658989.7 eval=0 prior=0
[inst] req=12271616 hits=4273926 fwd=62481 rows=7997459 fwd_ms=659389.0 eval=0 prior=0
[inst] req=12279808 hits=4276785 fwd=62523 rows=8002835 fwd_ms=659808.4 eval=0 prior=0
[inst] req=12288000 hits=4279755 fwd=62564 rows=8008083 fwd_ms=660217.5 eval=0 prior=0
[inst] req=12296192 hits=4282805 fwd=62604 rows=8013203 fwd_ms=660616.6 eval=0 prior=0
[inst] req=12304384 hits=4285862 fwd=62644 rows=8018323 fwd_ms=661015.9 eval=0 prior=0
[inst] req=12312576 hits=4288689 fwd=62686 rows=8023699 fwd_ms=661434.7 eval=0 prior=0
[inst] req=12320768 hits=4291821 fwd=62725 rows=8028691 fwd_ms=661823.8 eval=0 prior=0
[inst] req=12328960 hits=4294772 fwd=62766 rows=8033939 fwd_ms=662232.5 eval=0 prior=0
[inst] req=12337152 hits=4297817 fwd=62807 rows=8039187 fwd_ms=662642.1 eval=0 prior=0
[inst] req=12345344 hits=4300711 fwd=62848 rows=8044435 fwd_ms=663051.9 eval=0 prior=0
[inst] req=12353536 hits=4303640 fwd=62889 rows=8049683 fwd_ms=663461.0 eval=0 prior=0
[inst] req=12361728 hits=4306726 fwd=62929 rows=8054803 fwd_ms=663860.5 eval=0 prior=0
[inst] req=12369920 hits=4309811 fwd=62969 rows=8059923 fwd_ms=664260.4 eval=0 prior=0
[inst] req=12378112 hits=4312969 fwd=63008 rows=8064915 fwd_ms=664650.5 eval=0 prior=0
[inst] req=12386304 hits=4315898 fwd=63049 rows=8070163 fwd_ms=665059.9 eval=0 prior=0
[inst] req=12394496 hits=4319018 fwd=63089 rows=8075283 fwd_ms=665460.6 eval=0 prior=0
[inst] req=12402688 hits=4322003 fwd=63130 rows=8080531 fwd_ms=665871.2 eval=0 prior=0
[inst] req=12410880 hits=4325143 fwd=63169 rows=8085523 fwd_ms=666261.5 eval=0 prior=0
[inst] req=12419072 hits=4328299 fwd=63209 rows=8090643 fwd_ms=666662.1 eval=0 prior=0
[inst] req=12427264 hits=4331253 fwd=63249 rows=8095763 fwd_ms=667064.2 eval=0 prior=0
[inst] req=12435456 hits=4334207 fwd=63290 rows=8101011 fwd_ms=667475.2 eval=0 prior=0
[inst] req=12443648 hits=4337240 fwd=63331 rows=8106259 fwd_ms=667885.1 eval=0 prior=0
[inst] req=12451840 hits=4340282 fwd=63371 rows=8111379 fwd_ms=668284.4 eval=0 prior=0
[inst] req=12460032 hits=4343307 fwd=63411 rows=8116499 fwd_ms=668683.4 eval=0 prior=0
[inst] req=12468224 hits=4346235 fwd=63452 rows=8121747 fwd_ms=669092.4 eval=0 prior=0
[inst] req=12476416 hits=4349181 fwd=63493 rows=8126995 fwd_ms=669501.6 eval=0 prior=0
[inst] req=12484608 hits=4352219 fwd=63534 rows=8132243 fwd_ms=670877.4 eval=0 prior=0
[inst] req=12492800 hits=4355196 fwd=63574 rows=8137363 fwd_ms=673429.4 eval=0 prior=0
[inst] req=12500992 hits=4358106 fwd=63616 rows=8142739 fwd_ms=675857.2 eval=0 prior=0
[inst] req=12509184 hits=4361107 fwd=63656 rows=8147859 fwd_ms=678088.7 eval=0 prior=0
[inst] req=12517376 hits=4364219 fwd=63696 rows=8152979 fwd_ms=680473.1 eval=0 prior=0
[inst] req=12525568 hits=4367589 fwd=63734 rows=8157843 fwd_ms=682864.4 eval=0 prior=0
[inst] req=12533760 hits=4371116 fwd=63770 rows=8162451 fwd_ms=683946.6 eval=0 prior=0
[inst] req=12541952 hits=4374624 fwd=63807 rows=8167187 fwd_ms=684329.9 eval=0 prior=0
[inst] req=12550144 hits=4376176 fwd=63858 rows=8173715 fwd_ms=684855.6 eval=0 prior=0
[inst] req=12558336 hits=4377806 fwd=63910 rows=8180371 fwd_ms=685373.6 eval=0 prior=0
[inst] req=12566528 hits=4380546 fwd=63952 rows=8185747 fwd_ms=685792.7 eval=0 prior=0
[inst] req=12574720 hits=4383590 fwd=63993 rows=8190995 fwd_ms=686202.2 eval=0 prior=0
[inst] req=12582912 hits=4386280 fwd=64036 rows=8196499 fwd_ms=686631.0 eval=0 prior=0
[inst] req=12591104 hits=4389153 fwd=64077 rows=8201747 fwd_ms=687040.4 eval=0 prior=0
[inst] req=12599296 hits=4392117 fwd=64118 rows=8206995 fwd_ms=687449.7 eval=0 prior=0
[inst] req=12607488 hits=4395023 fwd=64159 rows=8212243 fwd_ms=687859.5 eval=0 prior=0
[inst] req=12615680 hits=4397890 fwd=64201 rows=8217619 fwd_ms=688278.9 eval=0 prior=0
[inst] req=12623872 hits=4400626 fwd=64243 rows=8222995 fwd_ms=688698.0 eval=0 prior=0
[inst] req=12632064 hits=4403274 fwd=64287 rows=8228627 fwd_ms=689137.0 eval=0 prior=0
[inst] req=12640256 hits=4406466 fwd=64326 rows=8233619 fwd_ms=689526.4 eval=0 prior=0
[inst] req=12648448 hits=4409447 fwd=64367 rows=8238867 fwd_ms=689935.4 eval=0 prior=0
[inst] req=12656640 hits=4412240 fwd=64409 rows=8244243 fwd_ms=690354.7 eval=0 prior=0
[inst] req=12664832 hits=4414954 fwd=64452 rows=8249747 fwd_ms=690783.4 eval=0 prior=0
[inst] req=12673024 hits=4417748 fwd=64494 rows=8255123 fwd_ms=691202.0 eval=0 prior=0
[inst] req=12681216 hits=4420652 fwd=64535 rows=8260371 fwd_ms=691610.4 eval=0 prior=0
[inst] req=12689408 hits=4423564 fwd=64576 rows=8265619 fwd_ms=692018.9 eval=0 prior=0
[inst] req=12697600 hits=4426441 fwd=64618 rows=8270995 fwd_ms=692437.2 eval=0 prior=0
[inst] req=12705792 hits=4429145 fwd=64661 rows=8276499 fwd_ms=692865.6 eval=0 prior=0
[inst] req=12713984 hits=4431939 fwd=64703 rows=8281875 fwd_ms=693283.7 eval=0 prior=0
[inst] req=12722176 hits=4434835 fwd=64744 rows=8287123 fwd_ms=693692.1 eval=0 prior=0
[inst] req=12730368 hits=4437631 fwd=64786 rows=8292499 fwd_ms=694109.8 eval=0 prior=0
[inst] req=12738560 hits=4440496 fwd=64828 rows=8297875 fwd_ms=694528.0 eval=0 prior=0
[inst] req=12746752 hits=4443203 fwd=64871 rows=8303379 fwd_ms=694955.7 eval=0 prior=0
[inst] req=12754944 hits=4446072 fwd=64912 rows=8308627 fwd_ms=695363.9 eval=0 prior=0
[inst] req=12763136 hits=4448976 fwd=64954 rows=8314003 fwd_ms=695783.2 eval=0 prior=0
[inst] req=12771328 hits=4451786 fwd=64996 rows=8319379 fwd_ms=696201.9 eval=0 prior=0
[inst] req=12779520 hits=4454637 fwd=65037 rows=8324627 fwd_ms=696610.3 eval=0 prior=0
[inst] req=12787712 hits=4457585 fwd=65078 rows=8329875 fwd_ms=697018.0 eval=0 prior=0
[inst] req=12795904 hits=4460520 fwd=65120 rows=8335251 fwd_ms=697435.8 eval=0 prior=0
[inst] req=12804096 hits=4463185 fwd=65163 rows=8340755 fwd_ms=697863.4 eval=0 prior=0
[inst] req=12812288 hits=4465973 fwd=65205 rows=8346131 fwd_ms=698280.6 eval=0 prior=0
[inst] req=12820480 hits=4468707 fwd=65248 rows=8351635 fwd_ms=698708.2 eval=0 prior=0
[inst] req=12828672 hits=4471635 fwd=65289 rows=8356883 fwd_ms=699116.1 eval=0 prior=0
[inst] req=12836864 hits=4474476 fwd=65331 rows=8362259 fwd_ms=699534.0 eval=0 prior=0
[inst] req=12845056 hits=4477280 fwd=65373 rows=8367635 fwd_ms=699952.4 eval=0 prior=0
[inst] req=12853248 hits=4480266 fwd=65413 rows=8372755 fwd_ms=700349.6 eval=0 prior=0
[inst] req=12861440 hits=4483031 fwd=65456 rows=8378259 fwd_ms=700776.4 eval=0 prior=0
[inst] req=12869632 hits=4485958 fwd=65497 rows=8383507 fwd_ms=701183.3 eval=0 prior=0
[inst] req=12877824 hits=4488797 fwd=65539 rows=8388883 fwd_ms=701600.3 eval=0 prior=0
[inst] req=12886016 hits=4491631 fwd=65580 rows=8394131 fwd_ms=702007.7 eval=0 prior=0
[inst] req=12894208 hits=4494460 fwd=65622 rows=8399507 fwd_ms=702426.2 eval=0 prior=0
[inst] req=12902400 hits=4497489 fwd=65663 rows=8404755 fwd_ms=702833.2 eval=0 prior=0
[inst] req=12910592 hits=4500353 fwd=65704 rows=8410003 fwd_ms=703240.6 eval=0 prior=0
[inst] req=12918784 hits=4503099 fwd=65747 rows=8415507 fwd_ms=703667.0 eval=0 prior=0
[inst] req=12926976 hits=4505886 fwd=65789 rows=8420883 fwd_ms=704083.8 eval=0 prior=0
[inst] req=12935168 hits=4508608 fwd=65832 rows=8426387 fwd_ms=704510.1 eval=0 prior=0
[inst] req=12943360 hits=4511553 fwd=65873 rows=8431635 fwd_ms=704917.5 eval=0 prior=0
[inst] req=12951552 hits=4514490 fwd=65914 rows=8436883 fwd_ms=705325.7 eval=0 prior=0
[inst] req=12959744 hits=4517313 fwd=65956 rows=8442259 fwd_ms=705742.8 eval=0 prior=0
[inst] req=12967936 hits=4519988 fwd=65999 rows=8447763 fwd_ms=706170.2 eval=0 prior=0
[inst] req=12976128 hits=4522789 fwd=66041 rows=8453139 fwd_ms=706587.5 eval=0 prior=0
[inst] req=12984320 hits=4525795 fwd=66082 rows=8458387 fwd_ms=706995.7 eval=0 prior=0
[inst] req=12992512 hits=4528716 fwd=66123 rows=8463635 fwd_ms=707403.8 eval=0 prior=0
[inst] req=13000704 hits=4531487 fwd=66165 rows=8469011 fwd_ms=707821.2 eval=0 prior=0
[inst] req=13008896 hits=4534161 fwd=66208 rows=8474515 fwd_ms=708248.9 eval=0 prior=0
[inst] req=13017088 hits=4536961 fwd=66250 rows=8479891 fwd_ms=708666.9 eval=0 prior=0
[inst] req=13025280 hits=4539774 fwd=66292 rows=8485267 fwd_ms=709084.8 eval=0 prior=0
[inst] req=13033472 hits=4542652 fwd=66334 rows=8490643 fwd_ms=709502.6 eval=0 prior=0
[inst] req=13041664 hits=4545349 fwd=66377 rows=8496147 fwd_ms=709930.3 eval=0 prior=0
[inst] req=13049856 hits=4548174 fwd=66419 rows=8501523 fwd_ms=710348.7 eval=0 prior=0
[inst] req=13058048 hits=4550967 fwd=66461 rows=8506899 fwd_ms=710766.4 eval=0 prior=0
[inst] req=13066240 hits=4553812 fwd=66503 rows=8512275 fwd_ms=711184.6 eval=0 prior=0
[inst] req=13074432 hits=4556582 fwd=66545 rows=8517651 fwd_ms=711602.8 eval=0 prior=0
[inst] req=13082624 hits=4559368 fwd=66587 rows=8523027 fwd_ms=712021.2 eval=0 prior=0
[inst] req=13090816 hits=4562163 fwd=66629 rows=8528403 fwd_ms=712439.2 eval=0 prior=0
[inst] req=13099008 hits=4564857 fwd=66672 rows=8533907 fwd_ms=712867.2 eval=0 prior=0
[inst] req=13107200 hits=4567771 fwd=66714 rows=8539283 fwd_ms=713285.3 eval=0 prior=0
[inst] req=13115392 hits=4570760 fwd=66754 rows=8544403 fwd_ms=713683.5 eval=0 prior=0
[inst] req=13123584 hits=4573551 fwd=66796 rows=8549779 fwd_ms=714101.3 eval=0 prior=0
[inst] req=13131776 hits=4576184 fwd=66840 rows=8555411 fwd_ms=714538.8 eval=0 prior=0
[inst] req=13139968 hits=4579074 fwd=66881 rows=8560659 fwd_ms=714946.6 eval=0 prior=0
[inst] req=13148160 hits=4582109 fwd=66922 rows=8565907 fwd_ms=715354.8 eval=0 prior=0
[inst] req=13156352 hits=4584847 fwd=66964 rows=8571283 fwd_ms=715772.6 eval=0 prior=0
[inst] req=13164544 hits=4587640 fwd=67006 rows=8576659 fwd_ms=716190.4 eval=0 prior=0
[inst] req=13172736 hits=4590431 fwd=67049 rows=8582163 fwd_ms=716618.8 eval=0 prior=0
[inst] req=13180928 hits=4593298 fwd=67090 rows=8587411 fwd_ms=717028.3 eval=0 prior=0
[inst] req=13189120 hits=4596221 fwd=67131 rows=8592659 fwd_ms=717437.2 eval=0 prior=0
[inst] req=13197312 hits=4599104 fwd=67173 rows=8598035 fwd_ms=717855.5 eval=0 prior=0
[inst] req=13205504 hits=4601741 fwd=67216 rows=8603539 fwd_ms=718283.5 eval=0 prior=0
[inst] req=13213696 hits=4604698 fwd=67257 rows=8608787 fwd_ms=718691.9 eval=0 prior=0
[inst] req=13221888 hits=4607600 fwd=67298 rows=8614035 fwd_ms=719100.4 eval=0 prior=0
[inst] req=13230080 hits=4610513 fwd=67340 rows=8619411 fwd_ms=719518.6 eval=0 prior=0
[inst] req=13238272 hits=4613524 fwd=67380 rows=8624531 fwd_ms=719916.6 eval=0 prior=0
[inst] req=13246464 hits=4616325 fwd=67422 rows=8629907 fwd_ms=720334.8 eval=0 prior=0
[inst] req=13254656 hits=4619222 fwd=67464 rows=8635283 fwd_ms=720753.9 eval=0 prior=0
[inst] req=13262848 hits=4622000 fwd=67506 rows=8640659 fwd_ms=721172.0 eval=0 prior=0
[inst] req=13271040 hits=4624826 fwd=67548 rows=8646035 fwd_ms=721590.1 eval=0 prior=0
[inst] req=13279232 hits=4627578 fwd=67590 rows=8651411 fwd_ms=722008.5 eval=0 prior=0
[inst] req=13287424 hits=4630505 fwd=67632 rows=8656787 fwd_ms=722427.5 eval=0 prior=0
[inst] req=13295616 hits=4633202 fwd=67674 rows=8662163 fwd_ms=722846.1 eval=0 prior=0
[inst] req=13303808 hits=4635845 fwd=67718 rows=8667795 fwd_ms=723284.2 eval=0 prior=0
[inst] req=13312000 hits=4638828 fwd=67759 rows=8673043 fwd_ms=723693.5 eval=0 prior=0
[inst] req=13320192 hits=4641825 fwd=67799 rows=8678163 fwd_ms=724092.5 eval=0 prior=0
[inst] req=13328384 hits=4644611 fwd=67841 rows=8683539 fwd_ms=724511.6 eval=0 prior=0
[inst] req=13336576 hits=4647541 fwd=67882 rows=8688787 fwd_ms=724920.1 eval=0 prior=0
[inst] req=13344768 hits=4650355 fwd=67924 rows=8694163 fwd_ms=725338.5 eval=0 prior=0
[inst] req=13352960 hits=4653052 fwd=67967 rows=8699667 fwd_ms=725767.2 eval=0 prior=0
[inst] req=13361152 hits=4655874 fwd=68009 rows=8705043 fwd_ms=726186.4 eval=0 prior=0
[inst] req=13369344 hits=4658605 fwd=68052 rows=8710547 fwd_ms=726614.6 eval=0 prior=0
[inst] req=13377536 hits=4661486 fwd=68093 rows=8715795 fwd_ms=727023.3 eval=0 prior=0
[inst] req=13385728 hits=4664169 fwd=68137 rows=8721427 fwd_ms=727461.4 eval=0 prior=0
[inst] req=13393920 hits=4666941 fwd=68179 rows=8726803 fwd_ms=727880.7 eval=0 prior=0
[inst] req=13402112 hits=4669818 fwd=68220 rows=8732051 fwd_ms=728289.7 eval=0 prior=0
[inst] req=13410304 hits=4672635 fwd=68262 rows=8737427 fwd_ms=728708.3 eval=0 prior=0
[inst] req=13418496 hits=4675508 fwd=68304 rows=8742803 fwd_ms=729126.8 eval=0 prior=0
[inst] req=13426688 hits=4678238 fwd=68347 rows=8748307 fwd_ms=729555.0 eval=0 prior=0
[inst] req=13434880 hits=4681080 fwd=68388 rows=8753555 fwd_ms=729963.4 eval=0 prior=0
[inst] req=13443072 hits=4683859 fwd=68431 rows=8759059 fwd_ms=730392.2 eval=0 prior=0
[inst] req=13451264 hits=4686642 fwd=68473 rows=8764435 fwd_ms=730810.1 eval=0 prior=0
[inst] req=13459456 hits=4689664 fwd=68513 rows=8769555 fwd_ms=731208.5 eval=0 prior=0
[inst] req=13467648 hits=4692403 fwd=68556 rows=8775059 fwd_ms=731636.8 eval=0 prior=0
[inst] req=13475840 hits=4695338 fwd=68597 rows=8780307 fwd_ms=732045.5 eval=0 prior=0
[inst] req=13484032 hits=4698171 fwd=68639 rows=8785683 fwd_ms=732464.6 eval=0 prior=0
[inst] req=13492224 hits=4701093 fwd=68680 rows=8790931 fwd_ms=732873.1 eval=0 prior=0
[inst] req=13500416 hits=4704060 fwd=68721 rows=8796179 fwd_ms=733281.5 eval=0 prior=0
[inst] req=13508608 hits=4706847 fwd=68763 rows=8801555 fwd_ms=733699.7 eval=0 prior=0
[inst] req=13516800 hits=4709615 fwd=68805 rows=8806931 fwd_ms=734117.9 eval=0 prior=0
[inst] req=13524992 hits=4712323 fwd=68848 rows=8812435 fwd_ms=734546.2 eval=0 prior=0
[inst] req=13533184 hits=4715346 fwd=68889 rows=8817683 fwd_ms=734954.7 eval=0 prior=0
[inst] req=13541376 hits=4718296 fwd=68930 rows=8822931 fwd_ms=735363.3 eval=0 prior=0
[inst] req=13549568 hits=4721018 fwd=68972 rows=8828307 fwd_ms=735781.9 eval=0 prior=0
[inst] req=13557760 hits=4724014 fwd=69013 rows=8833555 fwd_ms=736190.5 eval=0 prior=0
[inst] req=13565952 hits=4726557 fwd=69057 rows=8839187 fwd_ms=736628.5 eval=0 prior=0
[inst] req=13574144 hits=4729565 fwd=69098 rows=8844435 fwd_ms=737037.4 eval=0 prior=0
[inst] req=13582336 hits=4732392 fwd=69140 rows=8849811 fwd_ms=737456.4 eval=0 prior=0
[inst] req=13590528 hits=4735046 fwd=69183 rows=8855315 fwd_ms=737885.0 eval=0 prior=0
[inst] req=13598720 hits=4737763 fwd=69226 rows=8860819 fwd_ms=738313.3 eval=0 prior=0
[inst] req=13606912 hits=4740687 fwd=69267 rows=8866067 fwd_ms=738722.6 eval=0 prior=0
[inst] req=13615104 hits=4743684 fwd=69307 rows=8871187 fwd_ms=739121.4 eval=0 prior=0
[inst] req=13623296 hits=4746430 fwd=69350 rows=8876691 fwd_ms=739549.6 eval=0 prior=0
[inst] req=13631488 hits=4749042 fwd=69393 rows=8882195 fwd_ms=739978.5 eval=0 prior=0
[inst] req=13639680 hits=4752025 fwd=69434 rows=8887443 fwd_ms=740387.6 eval=0 prior=0
[inst] req=13647872 hits=4754855 fwd=69476 rows=8892819 fwd_ms=740805.8 eval=0 prior=0
[inst] req=13656064 hits=4757830 fwd=69517 rows=8898067 fwd_ms=741214.8 eval=0 prior=0
[inst] req=13664256 hits=4760531 fwd=69560 rows=8903571 fwd_ms=741643.5 eval=0 prior=0
[inst] req=13672448 hits=4763393 fwd=69601 rows=8908819 fwd_ms=742052.4 eval=0 prior=0
[inst] req=13680640 hits=4766376 fwd=69642 rows=8914067 fwd_ms=742462.4 eval=0 prior=0
[inst] req=13688832 hits=4769267 fwd=69683 rows=8919315 fwd_ms=742871.6 eval=0 prior=0
[inst] req=13697024 hits=4772074 fwd=69726 rows=8924819 fwd_ms=743300.5 eval=0 prior=0
[inst] req=13705216 hits=4774687 fwd=69769 rows=8930323 fwd_ms=743729.3 eval=0 prior=0
[inst] req=13713408 hits=4777417 fwd=69812 rows=8935827 fwd_ms=744157.9 eval=0 prior=0
[inst] req=13721600 hits=4780247 fwd=69854 rows=8941203 fwd_ms=744577.0 eval=0 prior=0
[inst] req=13729792 hits=4783098 fwd=69895 rows=8946451 fwd_ms=744987.5 eval=0 prior=0
[inst] req=13737984 hits=4785848 fwd=69938 rows=8951955 fwd_ms=745417.5 eval=0 prior=0
[inst] req=13746176 hits=4788572 fwd=69981 rows=8957459 fwd_ms=745846.9 eval=0 prior=0
[inst] req=13754368 hits=4791296 fwd=70023 rows=8962835 fwd_ms=746266.0 eval=0 prior=0
[inst] req=13762560 hits=4794215 fwd=70065 rows=8968211 fwd_ms=746685.0 eval=0 prior=0
[inst] req=13770752 hits=4797193 fwd=70105 rows=8973331 fwd_ms=747083.9 eval=0 prior=0
[inst] req=13778944 hits=4800210 fwd=70146 rows=8978579 fwd_ms=747492.8 eval=0 prior=0
[inst] req=13787136 hits=4802965 fwd=70188 rows=8983955 fwd_ms=747912.1 eval=0 prior=0
[inst] req=13795328 hits=4805930 fwd=70229 rows=8989203 fwd_ms=748322.0 eval=0 prior=0
[inst] req=13803520 hits=4808660 fwd=70272 rows=8994707 fwd_ms=748751.2 eval=0 prior=0
[inst] req=13811712 hits=4811500 fwd=70314 rows=9000083 fwd_ms=749170.5 eval=0 prior=0
[inst] req=13819904 hits=4814368 fwd=70355 rows=9005331 fwd_ms=749579.9 eval=0 prior=0
[inst] req=13828096 hits=4817189 fwd=70397 rows=9010707 fwd_ms=749999.7 eval=0 prior=0
[inst] req=13836288 hits=4820088 fwd=70438 rows=9015955 fwd_ms=750408.9 eval=0 prior=0
[inst] req=13844480 hits=4822870 fwd=70481 rows=9021459 fwd_ms=750838.7 eval=0 prior=0
[inst] req=13852672 hits=4825760 fwd=70522 rows=9026707 fwd_ms=751248.3 eval=0 prior=0
[inst] req=13860864 hits=4828610 fwd=70564 rows=9032083 fwd_ms=751667.9 eval=0 prior=0
[inst] req=13869056 hits=4831587 fwd=70605 rows=9037331 fwd_ms=752078.0 eval=0 prior=0
[inst] req=13877248 hits=4834324 fwd=70647 rows=9042707 fwd_ms=752497.3 eval=0 prior=0
[inst] req=13885440 hits=4837150 fwd=70689 rows=9048083 fwd_ms=752917.3 eval=0 prior=0
[inst] req=13893632 hits=4839992 fwd=70731 rows=9053459 fwd_ms=753337.9 eval=0 prior=0
[inst] req=13901824 hits=4842828 fwd=70773 rows=9058835 fwd_ms=753757.7 eval=0 prior=0
[inst] req=13910016 hits=4845749 fwd=70814 rows=9064083 fwd_ms=754167.1 eval=0 prior=0
[inst] req=13918208 hits=4848565 fwd=70856 rows=9069459 fwd_ms=754586.3 eval=0 prior=0
[inst] req=13926400 hits=4851475 fwd=70897 rows=9074707 fwd_ms=754996.0 eval=0 prior=0
[inst] req=13934592 hits=4854393 fwd=70938 rows=9079955 fwd_ms=755404.8 eval=0 prior=0
[inst] req=13942784 hits=4857314 fwd=70980 rows=9085331 fwd_ms=755823.8 eval=0 prior=0
[inst] req=13950976 hits=4860141 fwd=71021 rows=9090579 fwd_ms=756232.8 eval=0 prior=0
[inst] req=13959168 hits=4862894 fwd=71064 rows=9096083 fwd_ms=756661.7 eval=0 prior=0
[inst] req=13967360 hits=4865913 fwd=71104 rows=9101203 fwd_ms=757060.9 eval=0 prior=0
[inst] req=13975552 hits=4868869 fwd=71145 rows=9106451 fwd_ms=757470.7 eval=0 prior=0
[inst] req=13983744 hits=4871574 fwd=71188 rows=9111955 fwd_ms=757899.8 eval=0 prior=0
[inst] req=13991936 hits=4874430 fwd=71230 rows=9117331 fwd_ms=758318.8 eval=0 prior=0
[inst] req=14000128 hits=4877349 fwd=71271 rows=9122579 fwd_ms=758728.1 eval=0 prior=0
[inst] req=14008320 hits=4880152 fwd=71313 rows=9127955 fwd_ms=759147.5 eval=0 prior=0
[inst] req=14016512 hits=4882891 fwd=71356 rows=9133459 fwd_ms=759576.5 eval=0 prior=0
[inst] req=14024704 hits=4885619 fwd=71398 rows=9138835 fwd_ms=759996.5 eval=0 prior=0
[inst] req=14032896 hits=4888380 fwd=71441 rows=9144339 fwd_ms=760426.0 eval=0 prior=0
[inst] req=14041088 hits=4891133 fwd=71483 rows=9149715 fwd_ms=760845.5 eval=0 prior=0
[inst] req=14049280 hits=4893984 fwd=71525 rows=9155091 fwd_ms=761264.8 eval=0 prior=0
[inst] req=14057472 hits=4896912 fwd=71566 rows=9160339 fwd_ms=761674.7 eval=0 prior=0
[inst] req=14065664 hits=4899693 fwd=71608 rows=9165715 fwd_ms=762093.9 eval=0 prior=0
[inst] req=14073856 hits=4902253 fwd=71652 rows=9171347 fwd_ms=762533.3 eval=0 prior=0
[inst] req=14082048 hits=4905084 fwd=71694 rows=9176723 fwd_ms=762952.8 eval=0 prior=0
[inst] req=14090240 hits=4907741 fwd=71738 rows=9182355 fwd_ms=763393.6 eval=0 prior=0
[inst] req=14098432 hits=4910597 fwd=71779 rows=9187603 fwd_ms=763804.4 eval=0 prior=0
[inst] req=14106624 hits=4913473 fwd=71821 rows=9192979 fwd_ms=764226.6 eval=0 prior=0
[inst] req=14114816 hits=4916206 fwd=71863 rows=9198355 fwd_ms=764650.1 eval=0 prior=0
[inst] req=14123008 hits=4918923 fwd=71906 rows=9203859 fwd_ms=765080.7 eval=0 prior=0
[inst] req=14131200 hits=4921879 fwd=71947 rows=9209107 fwd_ms=765492.3 eval=0 prior=0
[inst] req=14139392 hits=4924854 fwd=71988 rows=9214355 fwd_ms=765902.8 eval=0 prior=0
[inst] req=14147584 hits=4927679 fwd=72030 rows=9219731 fwd_ms=766323.4 eval=0 prior=0
[inst] req=14155776 hits=4930524 fwd=72072 rows=9225107 fwd_ms=766744.1 eval=0 prior=0
[inst] req=14163968 hits=4933334 fwd=72114 rows=9230483 fwd_ms=767163.8 eval=0 prior=0
[inst] req=14172160 hits=4936124 fwd=72156 rows=9235859 fwd_ms=767583.7 eval=0 prior=0
[inst] req=14180352 hits=4939061 fwd=72197 rows=9241107 fwd_ms=767993.5 eval=0 prior=0
[inst] req=14188544 hits=4941850 fwd=72239 rows=9246483 fwd_ms=768413.3 eval=0 prior=0
[inst] req=14196736 hits=4944813 fwd=72280 rows=9251731 fwd_ms=769940.0 eval=0 prior=0
[inst] req=14204928 hits=4947527 fwd=72323 rows=9257235 fwd_ms=772582.4 eval=0 prior=0
[inst] req=14213120 hits=4950285 fwd=72365 rows=9262611 fwd_ms=775056.0 eval=0 prior=0
[inst] req=14221312 hits=4953082 fwd=72407 rows=9267987 fwd_ms=777620.3 eval=0 prior=0
[inst] req=14229504 hits=4955813 fwd=72450 rows=9273491 fwd_ms=780044.6 eval=0 prior=0
[inst] req=14237696 hits=4958577 fwd=72492 rows=9278867 fwd_ms=782518.3 eval=0 prior=0
[inst] req=14245888 hits=4961947 fwd=72530 rows=9283731 fwd_ms=783039.4 eval=0 prior=0
[inst] req=14254080 hits=4965168 fwd=72569 rows=9288723 fwd_ms=783447.6 eval=0 prior=0
[inst] req=14262272 hits=4966176 fwd=72625 rows=9295891 fwd_ms=784015.1 eval=0 prior=0
[inst] req=14270464 hits=4968472 fwd=72671 rows=9301779 fwd_ms=784473.8 eval=0 prior=0
[inst] req=14278656 hits=4971893 fwd=72708 rows=9306515 fwd_ms=784843.3 eval=0 prior=0
[inst] req=14286848 hits=4975070 fwd=72748 rows=9311635 fwd_ms=785243.0 eval=0 prior=0
[inst] req=14295040 hits=4978248 fwd=72787 rows=9316627 fwd_ms=785632.4 eval=0 prior=0
[inst] req=14303232 hits=4981507 fwd=72825 rows=9321491 fwd_ms=786011.9 eval=0 prior=0
[inst] req=14311424 hits=4985121 fwd=72861 rows=9326099 fwd_ms=786372.8 eval=0 prior=0
[inst] req=14319616 hits=4988561 fwd=72898 rows=9330835 fwd_ms=786745.2 eval=0 prior=0
[inst] req=14327808 hits=4991918 fwd=72936 rows=9335699 fwd_ms=787126.4 eval=0 prior=0
[inst] req=14336000 hits=4994917 fwd=72977 rows=9340947 fwd_ms=787537.8 eval=0 prior=0
[inst] req=14344192 hits=4998134 fwd=73015 rows=9345811 fwd_ms=787919.1 eval=0 prior=0
[inst] req=14352384 hits=5001688 fwd=73052 rows=9350547 fwd_ms=788290.2 eval=0 prior=0
[inst] req=14360576 hits=5005097 fwd=73089 rows=9355283 fwd_ms=788660.2 eval=0 prior=0
[inst] req=14368768 hits=5008224 fwd=73129 rows=9360403 fwd_ms=789059.6 eval=0 prior=0
[inst] req=14376960 hits=5011443 fwd=73167 rows=9365267 fwd_ms=789439.2 eval=0 prior=0
[inst] req=14385152 hits=5014778 fwd=73205 rows=9370131 fwd_ms=789818.9 eval=0 prior=0
[inst] req=14393344 hits=5018053 fwd=73244 rows=9375123 fwd_ms=790208.4 eval=0 prior=0
[inst] req=14401536 hits=5021311 fwd=73282 rows=9379987 fwd_ms=790588.9 eval=0 prior=0
[inst] req=14409728 hits=5024522 fwd=73321 rows=9384979 fwd_ms=790978.4 eval=0 prior=0
[inst] req=14417920 hits=5027826 fwd=73359 rows=9389843 fwd_ms=791357.5 eval=0 prior=0
[inst] req=14426112 hits=5031298 fwd=73396 rows=9394579 fwd_ms=791727.7 eval=0 prior=0
[inst] req=14434304 hits=5034610 fwd=73434 rows=9399443 fwd_ms=792108.5 eval=0 prior=0
[inst] req=14442496 hits=5037835 fwd=73473 rows=9404435 fwd_ms=792498.0 eval=0 prior=0
[inst] req=14450688 hits=5041042 fwd=73512 rows=9409427 fwd_ms=792886.9 eval=0 prior=0
[inst] req=14458880 hits=5044255 fwd=73551 rows=9414419 fwd_ms=793275.6 eval=0 prior=0
[inst] req=14467072 hits=5047616 fwd=73589 rows=9419283 fwd_ms=793654.7 eval=0 prior=0
[inst] req=14475264 hits=5050971 fwd=73627 rows=9424147 fwd_ms=794034.0 eval=0 prior=0
[inst] req=14483456 hits=5054301 fwd=73665 rows=9429011 fwd_ms=794413.0 eval=0 prior=0
[inst] req=14491648 hits=5057750 fwd=73702 rows=9433747 fwd_ms=794781.9 eval=0 prior=0
[inst] req=14499840 hits=5060915 fwd=73741 rows=9438739 fwd_ms=795170.8 eval=0 prior=0
[inst] req=14508032 hits=5064322 fwd=73778 rows=9443475 fwd_ms=795539.4 eval=0 prior=0
[inst] req=14516224 hits=5067459 fwd=73818 rows=9448595 fwd_ms=795938.0 eval=0 prior=0
[inst] req=14524416 hits=5070903 fwd=73855 rows=9453331 fwd_ms=796308.9 eval=0 prior=0
[inst] req=14532608 hits=5074133 fwd=73894 rows=9458323 fwd_ms=796698.5 eval=0 prior=0
[inst] req=14540800 hits=5077286 fwd=73933 rows=9463315 fwd_ms=797086.6 eval=0 prior=0
[inst] req=14548992 hits=5080710 fwd=73970 rows=9468051 fwd_ms=797456.3 eval=0 prior=0
[inst] req=14557184 hits=5083983 fwd=74009 rows=9473043 fwd_ms=797845.2 eval=0 prior=0
[inst] req=14565376 hits=5087253 fwd=74047 rows=9477907 fwd_ms=798223.6 eval=0 prior=0
[inst] req=14573568 hits=5090448 fwd=74086 rows=9482899 fwd_ms=798611.9 eval=0 prior=0
[inst] req=14581760 hits=5093735 fwd=74125 rows=9487891 fwd_ms=799000.0 eval=0 prior=0
[inst] req=14589952 hits=5097058 fwd=74163 rows=9492755 fwd_ms=799379.5 eval=0 prior=0
[inst] req=14598144 hits=5100335 fwd=74201 rows=9497619 fwd_ms=799758.5 eval=0 prior=0
[inst] req=14606336 hits=5103572 fwd=74240 rows=9502611 fwd_ms=800146.0 eval=0 prior=0
[inst] req=14614528 hits=5106790 fwd=74279 rows=9507603 fwd_ms=800534.9 eval=0 prior=0
[inst] req=14622720 hits=5110032 fwd=74317 rows=9512467 fwd_ms=800913.0 eval=0 prior=0
[inst] req=14630912 hits=5113494 fwd=74354 rows=9517203 fwd_ms=801282.6 eval=0 prior=0
[inst] req=14639104 hits=5116727 fwd=74393 rows=9522195 fwd_ms=801671.7 eval=0 prior=0
[inst] req=14647296 hits=5120218 fwd=74430 rows=9526931 fwd_ms=802040.1 eval=0 prior=0
[inst] req=14655488 hits=5123500 fwd=74468 rows=9531795 fwd_ms=802418.8 eval=0 prior=0
[inst] req=14663680 hits=5126706 fwd=74507 rows=9536787 fwd_ms=802807.9 eval=0 prior=0
[inst] req=14671872 hits=5130069 fwd=74545 rows=9541651 fwd_ms=803186.4 eval=0 prior=0
[inst] req=14680064 hits=5133278 fwd=74584 rows=9546643 fwd_ms=803573.9 eval=0 prior=0
[inst] req=14688256 hits=5136600 fwd=74622 rows=9551507 fwd_ms=803953.0 eval=0 prior=0
[inst] req=14696448 hits=5139692 fwd=74662 rows=9556627 fwd_ms=804351.1 eval=0 prior=0
[inst] req=14704640 hits=5142830 fwd=74701 rows=9561619 fwd_ms=804739.7 eval=0 prior=0
[inst] req=14712832 hits=5146227 fwd=74738 rows=9566355 fwd_ms=805108.5 eval=0 prior=0
[inst] req=14721024 hits=5149514 fwd=74777 rows=9571347 fwd_ms=805498.0 eval=0 prior=0
[inst] req=14729216 hits=5152579 fwd=74817 rows=9576467 fwd_ms=805897.7 eval=0 prior=0
[inst] req=14737408 hits=5155812 fwd=74856 rows=9581459 fwd_ms=806287.3 eval=0 prior=0
[inst] req=14745600 hits=5159153 fwd=74893 rows=9586195 fwd_ms=806655.9 eval=0 prior=0
[inst] req=14753792 hits=5162400 fwd=74932 rows=9591187 fwd_ms=807045.1 eval=0 prior=0
[inst] req=14761984 hits=5165773 fwd=74970 rows=9596051 fwd_ms=807424.9 eval=0 prior=0
[inst] req=14770176 hits=5168793 fwd=75010 rows=9601171 fwd_ms=807824.6 eval=0 prior=0
[inst] req=14778368 hits=5172112 fwd=75048 rows=9606035 fwd_ms=808204.3 eval=0 prior=0
[inst] req=14786560 hits=5175205 fwd=75088 rows=9611155 fwd_ms=808603.9 eval=0 prior=0
[inst] req=14794752 hits=5178298 fwd=75128 rows=9616275 fwd_ms=809002.1 eval=0 prior=0
[inst] req=14802944 hits=5181737 fwd=75165 rows=9621011 fwd_ms=809371.0 eval=0 prior=0
[inst] req=14811136 hits=5185121 fwd=75203 rows=9625875 fwd_ms=809750.0 eval=0 prior=0
[inst] req=14819328 hits=5188445 fwd=75241 rows=9630739 fwd_ms=810128.8 eval=0 prior=0
[inst] req=14827520 hits=5191717 fwd=75279 rows=9635603 fwd_ms=810508.2 eval=0 prior=0
[inst] req=14835712 hits=5195043 fwd=75317 rows=9640467 fwd_ms=810887.9 eval=0 prior=0
[inst] req=14843904 hits=5198302 fwd=75356 rows=9645459 fwd_ms=811276.2 eval=0 prior=0
[inst] req=14852096 hits=5201608 fwd=75394 rows=9650323 fwd_ms=811654.6 eval=0 prior=0
[inst] req=14860288 hits=5205077 fwd=75431 rows=9655059 fwd_ms=812023.2 eval=0 prior=0
[inst] req=14868480 hits=5208380 fwd=75469 rows=9659923 fwd_ms=812402.0 eval=0 prior=0
[inst] req=14876672 hits=5211949 fwd=75505 rows=9664531 fwd_ms=812761.2 eval=0 prior=0
[inst] req=14884864 hits=5215192 fwd=75544 rows=9669523 fwd_ms=813150.0 eval=0 prior=0
[inst] req=14893056 hits=5218440 fwd=75582 rows=9674387 fwd_ms=813528.2 eval=0 prior=0
[inst] req=14901248 hits=5221944 fwd=75619 rows=9679123 fwd_ms=813897.0 eval=0 prior=0
[inst] req=14909440 hits=5225384 fwd=75656 rows=9683859 fwd_ms=814265.7 eval=0 prior=0
[inst] req=14917632 hits=5228781 fwd=75693 rows=9688595 fwd_ms=814634.5 eval=0 prior=0
[inst] req=14925824 hits=5231858 fwd=75733 rows=9693715 fwd_ms=815033.3 eval=0 prior=0
[inst] req=14934016 hits=5235393 fwd=75770 rows=9698451 fwd_ms=815402.6 eval=0 prior=0
[inst] req=14942208 hits=5238714 fwd=75808 rows=9703315 fwd_ms=815781.4 eval=0 prior=0
[inst] req=14950400 hits=5242135 fwd=75845 rows=9708051 fwd_ms=816150.2 eval=0 prior=0
[inst] req=14958592 hits=5245341 fwd=75884 rows=9713043 fwd_ms=816538.8 eval=0 prior=0
[inst] req=14966784 hits=5248642 fwd=75922 rows=9717907 fwd_ms=816917.3 eval=0 prior=0
[inst] req=14974976 hits=5251965 fwd=75960 rows=9722771 fwd_ms=817296.0 eval=0 prior=0
[inst] req=14983168 hits=5255349 fwd=75998 rows=9727635 fwd_ms=817674.7 eval=0 prior=0
[inst] req=14991360 hits=5258648 fwd=76036 rows=9732499 fwd_ms=818053.4 eval=0 prior=0
[inst] req=14999552 hits=5262013 fwd=76074 rows=9737363 fwd_ms=818432.3 eval=0 prior=0
[inst] req=15007744 hits=5265387 fwd=76112 rows=9742227 fwd_ms=818811.0 eval=0 prior=0
[inst] req=15015936 hits=5268555 fwd=76151 rows=9747219 fwd_ms=819200.7 eval=0 prior=0
[inst] req=15024128 hits=5271827 fwd=76189 rows=9752083 fwd_ms=819579.8 eval=0 prior=0
[inst] req=15032320 hits=5275092 fwd=76228 rows=9757075 fwd_ms=819969.3 eval=0 prior=0
[inst] req=15040512 hits=5278573 fwd=76264 rows=9761683 fwd_ms=820329.0 eval=0 prior=0
[inst] req=15048704 hits=5281861 fwd=76303 rows=9766675 fwd_ms=820718.7 eval=0 prior=0
[inst] req=15056896 hits=5285230 fwd=76340 rows=9771411 fwd_ms=821088.4 eval=0 prior=0
[inst] req=15065088 hits=5288533 fwd=76379 rows=9776403 fwd_ms=821478.4 eval=0 prior=0
[inst] req=15073280 hits=5291809 fwd=76417 rows=9781267 fwd_ms=821857.4 eval=0 prior=0
[inst] req=15081472 hits=5295140 fwd=76455 rows=9786131 fwd_ms=822236.6 eval=0 prior=0
[inst] req=15089664 hits=5298382 fwd=76494 rows=9791123 fwd_ms=822625.7 eval=0 prior=0
[inst] req=15097856 hits=5301359 fwd=76534 rows=9796243 fwd_ms=823024.7 eval=0 prior=0
[inst] req=15106048 hits=5304714 fwd=76572 rows=9801107 fwd_ms=823403.9 eval=0 prior=0
[inst] req=15114240 hits=5307989 fwd=76611 rows=9806099 fwd_ms=823793.3 eval=0 prior=0
[inst] req=15122432 hits=5311597 fwd=76646 rows=9810579 fwd_ms=824142.5 eval=0 prior=0
[inst] req=15130624 hits=5314800 fwd=76685 rows=9815571 fwd_ms=824531.6 eval=0 prior=0
[inst] req=15138816 hits=5318187 fwd=76723 rows=9820435 fwd_ms=824911.2 eval=0 prior=0
[inst] req=15147008 hits=5321434 fwd=76762 rows=9825427 fwd_ms=825300.9 eval=0 prior=0
[inst] req=15155200 hits=5324851 fwd=76799 rows=9830163 fwd_ms=825670.3 eval=0 prior=0
[inst] req=15163392 hits=5328191 fwd=76837 rows=9835027 fwd_ms=826049.6 eval=0 prior=0
[inst] req=15171584 hits=5331585 fwd=76874 rows=9839763 fwd_ms=826419.3 eval=0 prior=0
[inst] req=15179776 hits=5334736 fwd=76914 rows=9844883 fwd_ms=826818.6 eval=0 prior=0
[inst] req=15187968 hits=5338011 fwd=76952 rows=9849747 fwd_ms=827197.9 eval=0 prior=0
[inst] req=15196160 hits=5341260 fwd=76991 rows=9854739 fwd_ms=827587.1 eval=0 prior=0
[inst] req=15204352 hits=5344775 fwd=77027 rows=9859347 fwd_ms=827946.3 eval=0 prior=0
[inst] req=15212544 hits=5347846 fwd=77067 rows=9864467 fwd_ms=828345.3 eval=0 prior=0
[inst] req=15220736 hits=5351178 fwd=77105 rows=9869331 fwd_ms=828725.0 eval=0 prior=0
[inst] req=15228928 hits=5354582 fwd=77143 rows=9874195 fwd_ms=829104.8 eval=0 prior=0
[inst] req=15237120 hits=5357971 fwd=77180 rows=9878931 fwd_ms=829474.5 eval=0 prior=0
[inst] req=15245312 hits=5361147 fwd=77219 rows=9883923 fwd_ms=829863.6 eval=0 prior=0
[inst] req=15253504 hits=5364353 fwd=77258 rows=9888915 fwd_ms=830253.5 eval=0 prior=0
[inst] req=15261696 hits=5367620 fwd=77297 rows=9893907 fwd_ms=830642.4 eval=0 prior=0
[inst] req=15269888 hits=5370917 fwd=77335 rows=9898771 fwd_ms=831021.4 eval=0 prior=0
[inst] req=15278080 hits=5374124 fwd=77374 rows=9903763 fwd_ms=831410.6 eval=0 prior=0
[inst] req=15286272 hits=5377300 fwd=77413 rows=9908755 fwd_ms=831799.9 eval=0 prior=0
[inst] req=15294464 hits=5380610 fwd=77451 rows=9913619 fwd_ms=832179.2 eval=0 prior=0
[inst] req=15302656 hits=5383774 fwd=77491 rows=9918739 fwd_ms=832578.2 eval=0 prior=0
[inst] req=15310848 hits=5387270 fwd=77527 rows=9923347 fwd_ms=832937.2 eval=0 prior=0
[inst] req=15319040 hits=5390372 fwd=77567 rows=9928467 fwd_ms=833336.2 eval=0 prior=0
[inst] req=15327232 hits=5393473 fwd=77607 rows=9933587 fwd_ms=833735.7 eval=0 prior=0
[inst] req=15335424 hits=5396916 fwd=77644 rows=9938323 fwd_ms=834105.0 eval=0 prior=0
[inst] req=15343616 hits=5400259 fwd=77682 rows=9943187 fwd_ms=834484.2 eval=0 prior=0
[inst] req=15351808 hits=5403762 fwd=77718 rows=9947795 fwd_ms=834843.4 eval=0 prior=0
[inst] req=15360000 hits=5407048 fwd=77757 rows=9952787 fwd_ms=835232.9 eval=0 prior=0
[inst] req=15368192 hits=5410142 fwd=77797 rows=9957907 fwd_ms=835632.0 eval=0 prior=0
[inst] req=15376384 hits=5413697 fwd=77833 rows=9962515 fwd_ms=835991.8 eval=0 prior=0
[inst] req=15384576 hits=5416890 fwd=77872 rows=9967507 fwd_ms=836380.8 eval=0 prior=0
[inst] req=15392768 hits=5420477 fwd=77908 rows=9972115 fwd_ms=836740.3 eval=0 prior=0
[inst] req=15400960 hits=5423778 fwd=77946 rows=9976979 fwd_ms=837119.6 eval=0 prior=0
[inst] req=15409152 hits=5427110 fwd=77984 rows=9981843 fwd_ms=837499.0 eval=0 prior=0
[inst] req=15417344 hits=5430292 fwd=78023 rows=9986835 fwd_ms=837888.0 eval=0 prior=0
[inst] req=15425536 hits=5433745 fwd=78060 rows=9991571 fwd_ms=838258.3 eval=0 prior=0
[inst] req=15433728 hits=5437043 fwd=78098 rows=9996435 fwd_ms=838638.2 eval=0 prior=0
[inst] req=15441920 hits=5440534 fwd=78135 rows=10001171 fwd_ms=839007.8 eval=0 prior=0
[inst] req=15450112 hits=5443683 fwd=78175 rows=10006291 fwd_ms=839407.2 eval=0 prior=0
[inst] req=15458304 hits=5446940 fwd=78213 rows=10011155 fwd_ms=839786.3 eval=0 prior=0
[inst] req=15466496 hits=5450277 fwd=78251 rows=10016019 fwd_ms=840165.7 eval=0 prior=0
[inst] req=15474688 hits=5453496 fwd=78290 rows=10021011 fwd_ms=840554.9 eval=0 prior=0
[inst] req=15482880 hits=5456587 fwd=78330 rows=10026131 fwd_ms=840955.1 eval=0 prior=0
[inst] req=15491072 hits=5459909 fwd=78368 rows=10030995 fwd_ms=841334.3 eval=0 prior=0
[inst] req=15499264 hits=5463074 fwd=78407 rows=10035987 fwd_ms=841723.4 eval=0 prior=0
[inst] req=15507456 hits=5466362 fwd=78445 rows=10040851 fwd_ms=842102.8 eval=0 prior=0
[inst] req=15515648 hits=5469480 fwd=78485 rows=10045971 fwd_ms=842502.2 eval=0 prior=0
[inst] req=15523840 hits=5472762 fwd=78523 rows=10050835 fwd_ms=842881.6 eval=0 prior=0
[inst] req=15532032 hits=5476088 fwd=78561 rows=10055699 fwd_ms=843261.3 eval=0 prior=0
[inst] req=15540224 hits=5479117 fwd=78602 rows=10060947 fwd_ms=843670.3 eval=0 prior=0
[inst] req=15548416 hits=5482562 fwd=78639 rows=10065683 fwd_ms=844040.2 eval=0 prior=0
[inst] req=15556608 hits=5485785 fwd=78678 rows=10070675 fwd_ms=844429.7 eval=0 prior=0
[inst] req=15564800 hits=5489063 fwd=78716 rows=10075539 fwd_ms=844810.7 eval=0 prior=0
[inst] req=15572992 hits=5492343 fwd=78754 rows=10080403 fwd_ms=845190.3 eval=0 prior=0
[inst] req=15581184 hits=5495550 fwd=78793 rows=10085395 fwd_ms=845579.3 eval=0 prior=0
[inst] req=15589376 hits=5498745 fwd=78832 rows=10090387 fwd_ms=845968.5 eval=0 prior=0
[inst] req=15597568 hits=5501880 fwd=78872 rows=10095507 fwd_ms=846368.4 eval=0 prior=0
[inst] req=15605760 hits=5504959 fwd=78912 rows=10100627 fwd_ms=846769.1 eval=0 prior=0
[inst] req=15613952 hits=5508171 fwd=78951 rows=10105619 fwd_ms=847158.1 eval=0 prior=0
[inst] req=15622144 hits=5511604 fwd=78988 rows=10110355 fwd_ms=847527.3 eval=0 prior=0
[inst] req=15630336 hits=5514975 fwd=79026 rows=10115219 fwd_ms=847906.4 eval=0 prior=0
[inst] req=15638528 hits=5518321 fwd=79063 rows=10119955 fwd_ms=848275.5 eval=0 prior=0
[inst] req=15646720 hits=5521880 fwd=79100 rows=10124691 fwd_ms=848645.6 eval=0 prior=0
[inst] req=15654912 hits=5525273 fwd=79137 rows=10129427 fwd_ms=849014.8 eval=0 prior=0
[inst] req=15663104 hits=5528608 fwd=79175 rows=10134291 fwd_ms=849393.9 eval=0 prior=0
[inst] req=15671296 hits=5531966 fwd=79213 rows=10139155 fwd_ms=849773.1 eval=0 prior=0
[inst] req=15679488 hits=5535268 fwd=79251 rows=10144019 fwd_ms=850153.0 eval=0 prior=0
[inst] req=15687680 hits=5538478 fwd=79290 rows=10149011 fwd_ms=850542.0 eval=0 prior=0
[inst] req=15695872 hits=5541608 fwd=79330 rows=10154131 fwd_ms=850941.2 eval=0 prior=0
[inst] req=15704064 hits=5544895 fwd=79368 rows=10158995 fwd_ms=851321.0 eval=0 prior=0
[inst] req=15712256 hits=5548279 fwd=79405 rows=10163731 fwd_ms=851690.7 eval=0 prior=0
[inst] req=15720448 hits=5551445 fwd=79445 rows=10168851 fwd_ms=852090.2 eval=0 prior=0
[inst] req=15728640 hits=5554634 fwd=79484 rows=10173843 fwd_ms=852479.3 eval=0 prior=0
[inst] req=15736832 hits=5557879 fwd=79522 rows=10178707 fwd_ms=852858.7 eval=0 prior=0
[inst] req=15745024 hits=5561416 fwd=79559 rows=10183443 fwd_ms=853229.2 eval=0 prior=0
[inst] req=15753216 hits=5564817 fwd=79596 rows=10188179 fwd_ms=853599.5 eval=0 prior=0
[inst] req=15761408 hits=5568010 fwd=79635 rows=10193171 fwd_ms=853988.7 eval=0 prior=0
[inst] req=15769600 hits=5571381 fwd=79673 rows=10198035 fwd_ms=854368.3 eval=0 prior=0
[inst] req=15777792 hits=5574686 fwd=79711 rows=10202899 fwd_ms=854748.3 eval=0 prior=0
[inst] req=15785984 hits=5577811 fwd=79751 rows=10208019 fwd_ms=855147.3 eval=0 prior=0
[inst] req=15794176 hits=5581034 fwd=79790 rows=10213011 fwd_ms=855536.5 eval=0 prior=0
[inst] req=15802368 hits=5584091 fwd=79830 rows=10218131 fwd_ms=855937.1 eval=0 prior=0
[inst] req=15810560 hits=5587194 fwd=79869 rows=10223123 fwd_ms=856326.1 eval=0 prior=0
[inst] req=15818752 hits=5590240 fwd=79910 rows=10228371 fwd_ms=856735.2 eval=0 prior=0
[inst] req=15826944 hits=5593611 fwd=79947 rows=10233107 fwd_ms=857104.8 eval=0 prior=0
[inst] req=15835136 hits=5596765 fwd=79987 rows=10238227 fwd_ms=857504.0 eval=0 prior=0
[inst] req=15843328 hits=5599977 fwd=80026 rows=10243219 fwd_ms=857893.0 eval=0 prior=0
[inst] req=15851520 hits=5603309 fwd=80063 rows=10247955 fwd_ms=858262.3 eval=0 prior=0
[inst] req=15859712 hits=5606570 fwd=80102 rows=10252947 fwd_ms=858651.6 eval=0 prior=0
[inst] req=15867904 hits=5610020 fwd=80139 rows=10257683 fwd_ms=859021.3 eval=0 prior=0
[inst] req=15876096 hits=5613147 fwd=80179 rows=10262803 fwd_ms=859420.9 eval=0 prior=0
[inst] req=15884288 hits=5616419 fwd=80217 rows=10267667 fwd_ms=859800.8 eval=0 prior=0
[inst] req=15892480 hits=5619613 fwd=80256 rows=10272659 fwd_ms=860190.2 eval=0 prior=0
[inst] req=15900672 hits=5622880 fwd=80295 rows=10277651 fwd_ms=860579.8 eval=0 prior=0
[inst] req=15908864 hits=5626114 fwd=80333 rows=10282515 fwd_ms=860959.4 eval=0 prior=0
[inst] req=15917056 hits=5629386 fwd=80372 rows=10287507 fwd_ms=861348.9 eval=0 prior=0
[inst] req=15925248 hits=5632765 fwd=80409 rows=10292243 fwd_ms=861718.3 eval=0 prior=0
[inst] req=15933440 hits=5635846 fwd=80449 rows=10297363 fwd_ms=862118.5 eval=0 prior=0
[inst] req=15941632 hits=5639175 fwd=80487 rows=10302227 fwd_ms=862498.6 eval=0 prior=0
[inst] req=15949824 hits=5642267 fwd=80527 rows=10307347 fwd_ms=862897.8 eval=0 prior=0
[inst] req=15958016 hits=5645577 fwd=80565 rows=10312211 fwd_ms=863277.0 eval=0 prior=0
[inst] req=15966208 hits=5649096 fwd=80602 rows=10316947 fwd_ms=863646.7 eval=0 prior=0
[inst] req=15974400 hits=5652149 fwd=80642 rows=10322067 fwd_ms=864045.9 eval=0 prior=0
[inst] req=15982592 hits=5655569 fwd=80679 rows=10326803 fwd_ms=864415.3 eval=0 prior=0
[inst] req=15990784 hits=5658694 fwd=80719 rows=10331923 fwd_ms=864814.2 eval=0 prior=0
[inst] req=15998976 hits=5661932 fwd=80758 rows=10336915 fwd_ms=865203.5 eval=0 prior=0
[inst] req=16007168 hits=5665218 fwd=80796 rows=10341779 fwd_ms=865582.4 eval=0 prior=0
[inst] req=16015360 hits=5668257 fwd=80836 rows=10346899 fwd_ms=865981.5 eval=0 prior=0
[inst] req=16023552 hits=5671666 fwd=80873 rows=10351635 fwd_ms=866350.7 eval=0 prior=0
[inst] req=16031744 hits=5674948 fwd=80912 rows=10356627 fwd_ms=866741.9 eval=0 prior=0
[inst] req=16039936 hits=5678151 fwd=80951 rows=10361619 fwd_ms=867132.8 eval=0 prior=0
[inst] req=16048128 hits=5681484 fwd=80989 rows=10366483 fwd_ms=867513.9 eval=0 prior=0
[inst] req=16056320 hits=5684749 fwd=81027 rows=10371347 fwd_ms=867895.2 eval=0 prior=0
[inst] req=16064512 hits=5687926 fwd=81066 rows=10376339 fwd_ms=868286.0 eval=0 prior=0
[inst] req=16072704 hits=5691301 fwd=81104 rows=10381203 fwd_ms=868666.7 eval=0 prior=0
[inst] req=16080896 hits=5694767 fwd=81141 rows=10385939 fwd_ms=869038.0 eval=0 prior=0
[inst] req=16089088 hits=5698164 fwd=81178 rows=10390675 fwd_ms=869408.1 eval=0 prior=0
[inst] req=16097280 hits=5701468 fwd=81217 rows=10395667 fwd_ms=869797.9 eval=0 prior=0
[inst] req=16105472 hits=5704816 fwd=81254 rows=10400403 fwd_ms=870168.4 eval=0 prior=0
[inst] req=16113664 hits=5708023 fwd=81293 rows=10405395 fwd_ms=870558.9 eval=0 prior=0
[inst] req=16121856 hits=5711321 fwd=81332 rows=10410387 fwd_ms=870949.0 eval=0 prior=0
[inst] req=16130048 hits=5714551 fwd=81370 rows=10415251 fwd_ms=873028.9 eval=0 prior=0
[inst] req=16138240 hits=5718011 fwd=81407 rows=10419987 fwd_ms=875205.2 eval=0 prior=0
[inst] req=16146432 hits=5721498 fwd=81444 rows=10424723 fwd_ms=877192.8 eval=0 prior=0
[inst] req=16154624 hits=5724965 fwd=81481 rows=10429459 fwd_ms=879346.0 eval=0 prior=0
[inst] req=16162816 hits=5728633 fwd=81516 rows=10433939 fwd_ms=881323.1 eval=0 prior=0
[inst] req=16171008 hits=5732030 fwd=81554 rows=10438803 fwd_ms=883272.4 eval=0 prior=0
[inst] req=16179200 hits=5735735 fwd=81589 rows=10443283 fwd_ms=885079.9 eval=0 prior=0
[inst] req=16187392 hits=5739704 fwd=81622 rows=10447507 fwd_ms=885418.0 eval=0 prior=0
[inst] req=16195584 hits=5742936 fwd=81661 rows=10452499 fwd_ms=885838.9 eval=0 prior=0
[inst] req=16203776 hits=5744300 fwd=81714 rows=10459283 fwd_ms=886367.8 eval=0 prior=0
[inst] req=16211968 hits=5746813 fwd=81758 rows=10464915 fwd_ms=886807.3 eval=0 prior=0
[inst] req=16220160 hits=5750424 fwd=81794 rows=10469523 fwd_ms=887167.1 eval=0 prior=0
[inst] req=16228352 hits=5753942 fwd=81831 rows=10474259 fwd_ms=887536.8 eval=0 prior=0
[inst] req=16236544 hits=5756949 fwd=81871 rows=10479379 fwd_ms=887936.0 eval=0 prior=0
[inst] req=16244736 hits=5760596 fwd=81907 rows=10483987 fwd_ms=888297.0 eval=0 prior=0
[inst] req=16252928 hits=5764322 fwd=81942 rows=10488467 fwd_ms=888646.9 eval=0 prior=0
[inst] req=16261120 hits=5767567 fwd=81980 rows=10493331 fwd_ms=889026.8 eval=0 prior=0
[inst] req=16269312 hits=5771012 fwd=82017 rows=10498067 fwd_ms=889397.2 eval=0 prior=0
[inst] req=16277504 hits=5774251 fwd=82056 rows=10503059 fwd_ms=889787.0 eval=0 prior=0
[inst] req=16285696 hits=5778011 fwd=82091 rows=10507539 fwd_ms=890137.9 eval=0 prior=0
[inst] req=16293888 hits=5781589 fwd=82127 rows=10512147 fwd_ms=890498.8 eval=0 prior=0
[inst] req=16302080 hits=5784977 fwd=82164 rows=10516883 fwd_ms=890868.9 eval=0 prior=0
[inst] req=16310272 hits=5788469 fwd=82201 rows=10521619 fwd_ms=891238.5 eval=0 prior=0
[inst] req=16318464 hits=5791923 fwd=82238 rows=10526355 fwd_ms=891607.9 eval=0 prior=0
[inst] req=16326656 hits=5795453 fwd=82274 rows=10530963 fwd_ms=891967.6 eval=0 prior=0
[inst] req=16334848 hits=5799081 fwd=82310 rows=10535571 fwd_ms=892326.9 eval=0 prior=0
[inst] req=16343040 hits=5802829 fwd=82345 rows=10540051 fwd_ms=892676.3 eval=0 prior=0
[inst] req=16351232 hits=5806369 fwd=82381 rows=10544659 fwd_ms=893036.6 eval=0 prior=0
[inst] req=16359424 hits=5809897 fwd=82418 rows=10549395 fwd_ms=893405.5 eval=0 prior=0
[inst] req=16367616 hits=5813478 fwd=82454 rows=10554003 fwd_ms=893765.0 eval=0 prior=0
[inst] req=16375808 hits=5817077 fwd=82489 rows=10558483 fwd_ms=894114.4 eval=0 prior=0
[inst] req=16384000 hits=5820429 fwd=82527 rows=10563347 fwd_ms=894493.5 eval=0 prior=0
[inst] req=16392192 hits=5824105 fwd=82563 rows=10567955 fwd_ms=894852.7 eval=0 prior=0
[inst] req=16400384 hits=5827376 fwd=82601 rows=10572819 fwd_ms=895231.4 eval=0 prior=0
[inst] req=16408576 hits=5830934 fwd=82637 rows=10577427 fwd_ms=895591.2 eval=0 prior=0
[inst] req=16416768 hits=5834361 fwd=82674 rows=10582163 fwd_ms=895960.4 eval=0 prior=0
[inst] req=16424960 hits=5837810 fwd=82711 rows=10586899 fwd_ms=896329.7 eval=0 prior=0
[inst] req=16433152 hits=5841374 fwd=82748 rows=10591635 fwd_ms=896698.4 eval=0 prior=0
[inst] req=16441344 hits=5844673 fwd=82786 rows=10596499 fwd_ms=897077.1 eval=0 prior=0
[inst] req=16449536 hits=5848199 fwd=82822 rows=10601107 fwd_ms=897435.5 eval=0 prior=0
[inst] req=16457728 hits=5851598 fwd=82860 rows=10605971 fwd_ms=897813.3 eval=0 prior=0
[inst] req=16465920 hits=5855198 fwd=82896 rows=10610579 fwd_ms=898171.8 eval=0 prior=0
[inst] req=16474112 hits=5858841 fwd=82931 rows=10615059 fwd_ms=898521.3 eval=0 prior=0
[inst] req=16482304 hits=5862075 fwd=82970 rows=10620051 fwd_ms=898909.5 eval=0 prior=0
[inst] req=16490496 hits=5865734 fwd=83005 rows=10624531 fwd_ms=899258.3 eval=0 prior=0
[inst] req=16498688 hits=5869436 fwd=83040 rows=10629011 fwd_ms=899608.2 eval=0 prior=0
[inst] req=16506880 hits=5872925 fwd=83077 rows=10633747 fwd_ms=899980.0 eval=0 prior=0
[inst] req=16515072 hits=5876368 fwd=83114 rows=10638483 fwd_ms=900348.8 eval=0 prior=0
[inst] req=16523264 hits=5879841 fwd=83151 rows=10643219 fwd_ms=900717.7 eval=0 prior=0
[inst] req=16531456 hits=5883345 fwd=83188 rows=10647955 fwd_ms=901091.7 eval=0 prior=0
[inst] req=16539648 hits=5886904 fwd=83224 rows=10652563 fwd_ms=901453.6 eval=0 prior=0
[inst] req=16547840 hits=5890180 fwd=83262 rows=10657427 fwd_ms=901834.1 eval=0 prior=0
[inst] req=16556032 hits=5893774 fwd=83298 rows=10662035 fwd_ms=902192.9 eval=0 prior=0
[inst] req=16564224 hits=5897153 fwd=83336 rows=10666899 fwd_ms=902570.6 eval=0 prior=0
[inst] req=16572416 hits=5900513 fwd=83374 rows=10671763 fwd_ms=902949.1 eval=0 prior=0
[inst] req=16580608 hits=5904124 fwd=83409 rows=10676243 fwd_ms=903297.0 eval=0 prior=0
[inst] req=16588800 hits=5907504 fwd=83447 rows=10681107 fwd_ms=903674.7 eval=0 prior=0
[inst] req=16596992 hits=5910966 fwd=83484 rows=10685843 fwd_ms=904042.8 eval=0 prior=0
[inst] req=16605184 hits=5914456 fwd=83521 rows=10690579 fwd_ms=904410.8 eval=0 prior=0
[inst] req=16613376 hits=5917847 fwd=83558 rows=10695315 fwd_ms=904779.5 eval=0 prior=0
[inst] req=16621568 hits=5921364 fwd=83595 rows=10700051 fwd_ms=905149.5 eval=0 prior=0
[inst] req=16629760 hits=5924944 fwd=83631 rows=10704659 fwd_ms=905508.2 eval=0 prior=0
[inst] req=16637952 hits=5928560 fwd=83666 rows=10709139 fwd_ms=905858.1 eval=0 prior=0
[inst] req=16646144 hits=5932114 fwd=83703 rows=10713875 fwd_ms=906229.2 eval=0 prior=0
[inst] req=16654336 hits=5935442 fwd=83741 rows=10718739 fwd_ms=906611.8 eval=0 prior=0
[inst] req=16662528 hits=5938798 fwd=83778 rows=10723475 fwd_ms=906983.1 eval=0 prior=0
[inst] req=16670720 hits=5942611 fwd=83813 rows=10727955 fwd_ms=907334.9 eval=0 prior=0
[inst] req=16678912 hits=5945965 fwd=83850 rows=10732691 fwd_ms=907703.1 eval=0 prior=0
[inst] req=16687104 hits=5949305 fwd=83888 rows=10737555 fwd_ms=908081.2 eval=0 prior=0
[inst] req=16695296 hits=5952722 fwd=83926 rows=10742419 fwd_ms=908459.2 eval=0 prior=0
[inst] req=16703488 hits=5956236 fwd=83962 rows=10747027 fwd_ms=908816.8 eval=0 prior=0
[inst] req=16711680 hits=5959935 fwd=83997 rows=10751507 fwd_ms=909164.7 eval=0 prior=0
[inst] req=16719872 hits=5963338 fwd=84035 rows=10756371 fwd_ms=909543.2 eval=0 prior=0
[inst] req=16728064 hits=5966891 fwd=84071 rows=10760979 fwd_ms=909901.2 eval=0 prior=0
[inst] req=16736256 hits=5970236 fwd=84109 rows=10765843 fwd_ms=910279.4 eval=0 prior=0
[inst] req=16744448 hits=5973763 fwd=84145 rows=10770451 fwd_ms=910637.9 eval=0 prior=0
[inst] req=16752640 hits=5977008 fwd=84184 rows=10775443 fwd_ms=911025.3 eval=0 prior=0
[inst] req=16760832 hits=5980438 fwd=84221 rows=10780179 fwd_ms=911393.9 eval=0 prior=0
[inst] req=16769024 hits=5984055 fwd=84257 rows=10784787 fwd_ms=911751.8 eval=0 prior=0
[inst] req=16777216 hits=5987718 fwd=84292 rows=10789267 fwd_ms=912100.3 eval=0 prior=0
[inst] req=16785408 hits=5991407 fwd=84327 rows=10793747 fwd_ms=912448.2 eval=0 prior=0
[inst] req=16793600 hits=5994644 fwd=84366 rows=10798739 fwd_ms=912836.6 eval=0 prior=0
[inst] req=16801792 hits=5998089 fwd=84403 rows=10803475 fwd_ms=913205.1 eval=0 prior=0
[inst] req=16809984 hits=6001711 fwd=84439 rows=10808083 fwd_ms=913563.7 eval=0 prior=0
[inst] req=16818176 hits=6004942 fwd=84478 rows=10813075 fwd_ms=913952.7 eval=0 prior=0
[inst] req=16826368 hits=6008484 fwd=84514 rows=10817683 fwd_ms=914311.0 eval=0 prior=0
[inst] req=16834560 hits=6011865 fwd=84552 rows=10822547 fwd_ms=914689.2 eval=0 prior=0
[inst] req=16842752 hits=6015386 fwd=84588 rows=10827155 fwd_ms=915048.0 eval=0 prior=0
[inst] req=16850944 hits=6018833 fwd=84625 rows=10831891 fwd_ms=915417.0 eval=0 prior=0
[inst] req=16859136 hits=6022455 fwd=84661 rows=10836499 fwd_ms=915775.6 eval=0 prior=0
[inst] req=16867328 hits=6025962 fwd=84698 rows=10841235 fwd_ms=916144.3 eval=0 prior=0
[inst] req=16875520 hits=6029497 fwd=84734 rows=10845843 fwd_ms=916503.1 eval=0 prior=0
[inst] req=16883712 hits=6032943 fwd=84771 rows=10850579 fwd_ms=916871.4 eval=0 prior=0
[inst] req=16891904 hits=6036614 fwd=84806 rows=10855059 fwd_ms=917219.8 eval=0 prior=0
[inst] req=16900096 hits=6040079 fwd=84843 rows=10859795 fwd_ms=917589.2 eval=0 prior=0
[inst] req=16908288 hits=6043567 fwd=84880 rows=10864531 fwd_ms=917957.6 eval=0 prior=0
[inst] req=16916480 hits=6047024 fwd=84917 rows=10869267 fwd_ms=918326.3 eval=0 prior=0
[inst] req=16924672 hits=6050556 fwd=84953 rows=10873875 fwd_ms=918684.6 eval=0 prior=0
[inst] req=16932864 hits=6054076 fwd=84990 rows=10878611 fwd_ms=919053.4 eval=0 prior=0
[inst] req=16941056 hits=6057577 fwd=85027 rows=10883347 fwd_ms=919421.9 eval=0 prior=0
[inst] req=16949248 hits=6060915 fwd=85064 rows=10888083 fwd_ms=919790.3 eval=0 prior=0
[inst] req=16957440 hits=6064369 fwd=85101 rows=10892819 fwd_ms=920159.1 eval=0 prior=0
[inst] req=16965632 hits=6068014 fwd=85137 rows=10897427 fwd_ms=920517.6 eval=0 prior=0
[inst] req=16973824 hits=6071279 fwd=85175 rows=10902291 fwd_ms=920896.6 eval=0 prior=0
[inst] req=16982016 hits=6074893 fwd=85211 rows=10906899 fwd_ms=921255.7 eval=0 prior=0
[inst] req=16990208 hits=6078286 fwd=85249 rows=10911763 fwd_ms=921634.1 eval=0 prior=0
[inst] req=16998400 hits=6081785 fwd=85285 rows=10916371 fwd_ms=921993.0 eval=0 prior=0
[inst] req=17006592 hits=6085252 fwd=85322 rows=10921107 fwd_ms=922361.8 eval=0 prior=0
[inst] req=17014784 hits=6088729 fwd=85359 rows=10925843 fwd_ms=922730.8 eval=0 prior=0
[inst] req=17022976 hits=6092302 fwd=85395 rows=10930451 fwd_ms=923090.8 eval=0 prior=0
[inst] req=17031168 hits=6095757 fwd=85432 rows=10935187 fwd_ms=923459.6 eval=0 prior=0
[inst] req=17039360 hits=6099346 fwd=85468 rows=10939795 fwd_ms=923818.9 eval=0 prior=0
[inst] req=17047552 hits=6102729 fwd=85506 rows=10944659 fwd_ms=924197.7 eval=0 prior=0
[inst] req=17055744 hits=6106315 fwd=85542 rows=10949267 fwd_ms=924556.5 eval=0 prior=0
[inst] req=17063936 hits=6109834 fwd=85578 rows=10953875 fwd_ms=924915.3 eval=0 prior=0
[inst] req=17072128 hits=6113302 fwd=85615 rows=10958611 fwd_ms=925284.0 eval=0 prior=0
[inst] req=17080320 hits=6116757 fwd=85652 rows=10963347 fwd_ms=925653.0 eval=0 prior=0
[inst] req=17088512 hits=6120369 fwd=85688 rows=10967955 fwd_ms=926011.7 eval=0 prior=0
[inst] req=17096704 hits=6123874 fwd=85725 rows=10972691 fwd_ms=926380.0 eval=0 prior=0
[inst] req=17104896 hits=6127576 fwd=85760 rows=10977171 fwd_ms=926729.2 eval=0 prior=0
[inst] req=17113088 hits=6131107 fwd=85796 rows=10981779 fwd_ms=927087.8 eval=0 prior=0
[inst] req=17121280 hits=6134721 fwd=85832 rows=10986387 fwd_ms=927446.9 eval=0 prior=0
[inst] req=17129472 hits=6138246 fwd=85868 rows=10990995 fwd_ms=927805.0 eval=0 prior=0
[inst] req=17137664 hits=6141499 fwd=85907 rows=10995987 fwd_ms=928192.7 eval=0 prior=0
[inst] req=17145856 hits=6145148 fwd=85942 rows=11000467 fwd_ms=928540.6 eval=0 prior=0
[inst] req=17154048 hits=6148646 fwd=85979 rows=11005203 fwd_ms=928908.6 eval=0 prior=0
[inst] req=17162240 hits=6152046 fwd=86016 rows=11009939 fwd_ms=929277.0 eval=0 prior=0
[inst] req=17170432 hits=6155436 fwd=86054 rows=11014803 fwd_ms=929655.2 eval=0 prior=0
[inst] req=17178624 hits=6159069 fwd=86090 rows=11019411 fwd_ms=930014.0 eval=0 prior=0
[inst] req=17186816 hits=6162668 fwd=86126 rows=11024019 fwd_ms=930372.5 eval=0 prior=0
[inst] req=17195008 hits=6166148 fwd=86162 rows=11028627 fwd_ms=930730.6 eval=0 prior=0
[inst] req=17203200 hits=6169355 fwd=86201 rows=11033619 fwd_ms=931119.5 eval=0 prior=0
[inst] req=17211392 hits=6172939 fwd=86237 rows=11038227 fwd_ms=931477.7 eval=0 prior=0
[inst] req=17219584 hits=6176818 fwd=86271 rows=11042579 fwd_ms=931816.9 eval=0 prior=0
[inst] req=17227776 hits=6180437 fwd=86307 rows=11047187 fwd_ms=932175.8 eval=0 prior=0
[inst] req=17235968 hits=6183941 fwd=86343 rows=11051795 fwd_ms=932534.6 eval=0 prior=0
[inst] req=17244160 hits=6187379 fwd=86380 rows=11056531 fwd_ms=932903.6 eval=0 prior=0
[inst] req=17252352 hits=6191077 fwd=86416 rows=11061139 fwd_ms=933262.8 eval=0 prior=0
[inst] req=17260544 hits=6194579 fwd=86452 rows=11065747 fwd_ms=933621.7 eval=0 prior=0
[inst] req=17268736 hits=6198248 fwd=86488 rows=11070355 fwd_ms=933980.8 eval=0 prior=0
[inst] req=17276928 hits=6201673 fwd=86525 rows=11075091 fwd_ms=934350.1 eval=0 prior=0
[inst] req=17285120 hits=6204943 fwd=86563 rows=11079955 fwd_ms=934728.3 eval=0 prior=0
[inst] req=17293312 hits=6208373 fwd=86600 rows=11084691 fwd_ms=935096.8 eval=0 prior=0
[inst] req=17301504 hits=6211864 fwd=86637 rows=11089427 fwd_ms=935465.6 eval=0 prior=0
[inst] req=17309696 hits=6215280 fwd=86674 rows=11094163 fwd_ms=935834.2 eval=0 prior=0
[inst] req=17317888 hits=6218635 fwd=86712 rows=11099027 fwd_ms=936213.3 eval=0 prior=0
[inst] req=17326080 hits=6222051 fwd=86750 rows=11103891 fwd_ms=936592.5 eval=0 prior=0
[inst] req=17334272 hits=6225390 fwd=86787 rows=11108627 fwd_ms=936961.4 eval=0 prior=0
[inst] req=17342464 hits=6228838 fwd=86825 rows=11113491 fwd_ms=937340.0 eval=0 prior=0
[inst] req=17350656 hits=6232411 fwd=86861 rows=11118099 fwd_ms=937699.1 eval=0 prior=0
[inst] req=17358848 hits=6236036 fwd=86896 rows=11122579 fwd_ms=938048.0 eval=0 prior=0
[inst] req=17367040 hits=6239399 fwd=86934 rows=11127443 fwd_ms=938426.4 eval=0 prior=0
[inst] req=17375232 hits=6242919 fwd=86971 rows=11132179 fwd_ms=938795.3 eval=0 prior=0
[inst] req=17383424 hits=6246422 fwd=87007 rows=11136787 fwd_ms=939153.7 eval=0 prior=0
[inst] req=17391616 hits=6249758 fwd=87045 rows=11141651 fwd_ms=939532.1 eval=0 prior=0
[inst] req=17399808 hits=6253375 fwd=87081 rows=11146259 fwd_ms=939890.7 eval=0 prior=0
[inst] req=17408000 hits=6257049 fwd=87116 rows=11150739 fwd_ms=940239.4 eval=0 prior=0
[inst] req=17416192 hits=6260495 fwd=87153 rows=11155475 fwd_ms=940608.3 eval=0 prior=0
[inst] req=17424384 hits=6264020 fwd=87190 rows=11160211 fwd_ms=940976.8 eval=0 prior=0
[inst] req=17432576 hits=6267568 fwd=87226 rows=11164819 fwd_ms=941335.5 eval=0 prior=0
[inst] req=17440768 hits=6271087 fwd=87262 rows=11169427 fwd_ms=941695.3 eval=0 prior=0
[inst] req=17448960 hits=6274430 fwd=87300 rows=11174291 fwd_ms=942073.9 eval=0 prior=0
[inst] req=17457152 hits=6278022 fwd=87336 rows=11178899 fwd_ms=942433.2 eval=0 prior=0
[inst] req=17465344 hits=6281837 fwd=87370 rows=11183251 fwd_ms=942771.9 eval=0 prior=0
[inst] req=17473536 hits=6285211 fwd=87408 rows=11188115 fwd_ms=943150.7 eval=0 prior=0
[inst] req=17481728 hits=6288727 fwd=87445 rows=11192851 fwd_ms=943519.5 eval=0 prior=0
[inst] req=17489920 hits=6292058 fwd=87483 rows=11197715 fwd_ms=943898.4 eval=0 prior=0
[inst] req=17498112 hits=6295719 fwd=87518 rows=11202195 fwd_ms=944247.0 eval=0 prior=0
[inst] req=17506304 hits=6299238 fwd=87555 rows=11206931 fwd_ms=944615.6 eval=0 prior=0
[inst] req=17514496 hits=6302597 fwd=87592 rows=11211667 fwd_ms=944984.2 eval=0 prior=0
[inst] req=17522688 hits=6306165 fwd=87628 rows=11216275 fwd_ms=945343.6 eval=0 prior=0
[inst] req=17530880 hits=6309572 fwd=87666 rows=11221139 fwd_ms=945723.1 eval=0 prior=0
[inst] req=17539072 hits=6313164 fwd=87702 rows=11225747 fwd_ms=946083.5 eval=0 prior=0
[inst] req=17547264 hits=6316519 fwd=87740 rows=11230611 fwd_ms=946462.4 eval=0 prior=0
[inst] req=17555456 hits=6319946 fwd=87777 rows=11235347 fwd_ms=946831.2 eval=0 prior=0
[inst] req=17563648 hits=6323549 fwd=87813 rows=11239955 fwd_ms=947190.8 eval=0 prior=0
[inst] req=17571840 hits=6327080 fwd=87849 rows=11244563 fwd_ms=947549.6 eval=0 prior=0
[inst] req=17580032 hits=6330505 fwd=87886 rows=11249299 fwd_ms=947918.7 eval=0 prior=0
[inst] req=17588224 hits=6334126 fwd=87922 rows=11253907 fwd_ms=948278.4 eval=0 prior=0
[inst] req=17596416 hits=6337469 fwd=87960 rows=11258771 fwd_ms=948657.4 eval=0 prior=0
[inst] req=17604608 hits=6341009 fwd=87996 rows=11263379 fwd_ms=949016.3 eval=0 prior=0
[inst] req=17612800 hits=6344603 fwd=88032 rows=11267987 fwd_ms=949375.1 eval=0 prior=0
[inst] req=17620992 hits=6347965 fwd=88070 rows=11272851 fwd_ms=949754.1 eval=0 prior=0
[inst] req=17629184 hits=6351697 fwd=88105 rows=11277331 fwd_ms=950102.8 eval=0 prior=0
[inst] req=17637376 hits=6355394 fwd=88140 rows=11281811 fwd_ms=950452.4 eval=0 prior=0
[inst] req=17645568 hits=6359018 fwd=88176 rows=11286419 fwd_ms=950811.5 eval=0 prior=0
[inst] req=17653760 hits=6362612 fwd=88211 rows=11290899 fwd_ms=951160.8 eval=0 prior=0
[inst] req=17661952 hits=6366102 fwd=88248 rows=11295635 fwd_ms=951530.8 eval=0 prior=0
[inst] req=17670144 hits=6369795 fwd=88283 rows=11300115 fwd_ms=951881.4 eval=0 prior=0
[inst] req=17678336 hits=6373298 fwd=88320 rows=11304851 fwd_ms=952250.6 eval=0 prior=0
[inst] req=17686528 hits=6376880 fwd=88356 rows=11309459 fwd_ms=952609.8 eval=0 prior=0
[inst] req=17694720 hits=6380299 fwd=88393 rows=11314195 fwd_ms=952978.5 eval=0 prior=0
[inst] req=17702912 hits=6383779 fwd=88430 rows=11318931 fwd_ms=953347.2 eval=0 prior=0
[inst] req=17711104 hits=6387244 fwd=88467 rows=11323667 fwd_ms=953715.9 eval=0 prior=0
[inst] req=17719296 hits=6390817 fwd=88503 rows=11328275 fwd_ms=954076.4 eval=0 prior=0
[inst] req=17727488 hits=6394285 fwd=88540 rows=11333011 fwd_ms=954446.5 eval=0 prior=0
[inst] req=17735680 hits=6397927 fwd=88576 rows=11337619 fwd_ms=954805.6 eval=0 prior=0
[inst] req=17743872 hits=6401373 fwd=88613 rows=11342355 fwd_ms=955175.7 eval=0 prior=0
[inst] req=17752064 hits=6404738 fwd=88650 rows=11347091 fwd_ms=955545.0 eval=0 prior=0
[inst] req=17760256 hits=6408482 fwd=88685 rows=11351571 fwd_ms=955894.3 eval=0 prior=0
[inst] req=17768448 hits=6412015 fwd=88721 rows=11356179 fwd_ms=956253.3 eval=0 prior=0
[inst] req=17776640 hits=6415600 fwd=88757 rows=11360787 fwd_ms=956612.3 eval=0 prior=0
[inst] req=17784832 hits=6418875 fwd=88796 rows=11365779 fwd_ms=957000.9 eval=0 prior=0
[inst] req=17793024 hits=6422438 fwd=88832 rows=11370387 fwd_ms=957360.0 eval=0 prior=0
[inst] req=17801216 hits=6426031 fwd=88868 rows=11374995 fwd_ms=957719.1 eval=0 prior=0
[inst] req=17809408 hits=6429662 fwd=88904 rows=11379603 fwd_ms=958079.7 eval=0 prior=0
[inst] req=17817600 hits=6433219 fwd=88940 rows=11384211 fwd_ms=958441.8 eval=0 prior=0
[inst] req=17825792 hits=6436681 fwd=88977 rows=11388947 fwd_ms=958812.6 eval=0 prior=0
[inst] req=17833984 hits=6440164 fwd=89014 rows=11393683 fwd_ms=959182.2 eval=0 prior=0
[inst] req=17842176 hits=6443406 fwd=89052 rows=11398547 fwd_ms=959563.0 eval=0 prior=0
[inst] req=17850368 hits=6447042 fwd=89088 rows=11403155 fwd_ms=959924.7 eval=0 prior=0
[inst] req=17858560 hits=6450759 fwd=89123 rows=11407635 fwd_ms=960275.2 eval=0 prior=0
[inst] req=17866752 hits=6454089 fwd=89161 rows=11412499 fwd_ms=960655.1 eval=0 prior=0
[inst] req=17874944 hits=6457419 fwd=89199 rows=11417363 fwd_ms=961034.4 eval=0 prior=0
[inst] req=17883136 hits=6461052 fwd=89234 rows=11421843 fwd_ms=961383.8 eval=0 prior=0
[inst] req=17891328 hits=6464537 fwd=89271 rows=11426579 fwd_ms=961752.9 eval=0 prior=0
[inst] req=17899520 hits=6468271 fwd=89306 rows=11431059 fwd_ms=962102.3 eval=0 prior=0
[inst] req=17907712 hits=6471660 fwd=89344 rows=11435923 fwd_ms=963688.8 eval=0 prior=0
[inst] req=17915904 hits=6475367 fwd=89379 rows=11440403 fwd_ms=965749.4 eval=0 prior=0
[inst] req=17924096 hits=6478650 fwd=89417 rows=11445267 fwd_ms=967947.2 eval=0 prior=0
[inst] req=17932288 hits=6482177 fwd=89453 rows=11449875 fwd_ms=969934.6 eval=0 prior=0
[inst] req=17940480 hits=6485745 fwd=89489 rows=11454483 fwd_ms=972119.0 eval=0 prior=0
[inst] req=17948672 hits=6489139 fwd=89527 rows=11459347 fwd_ms=974307.4 eval=0 prior=0
[inst] req=17956864 hits=6492679 fwd=89563 rows=11463955 fwd_ms=976302.0 eval=0 prior=0
[inst] req=17965056 hits=6496540 fwd=89597 rows=11468307 fwd_ms=976652.1 eval=0 prior=0
[inst] req=17973248 hits=6499711 fwd=89636 rows=11473299 fwd_ms=977072.1 eval=0 prior=0
[inst] req=17981440 hits=6501023 fwd=89690 rows=11480211 fwd_ms=977612.9 eval=0 prior=0
[inst] req=17989632 hits=6503703 fwd=89733 rows=11485715 fwd_ms=978041.9 eval=0 prior=0
[inst] req=17997824 hits=6507375 fwd=89768 rows=11490195 fwd_ms=978391.3 eval=0 prior=0
[inst] req=18006016 hits=6511336 fwd=89802 rows=11494547 fwd_ms=978731.0 eval=0 prior=0
[inst] req=18014208 hits=6514376 fwd=89842 rows=11499667 fwd_ms=979130.4 eval=0 prior=0
[inst] req=18022400 hits=6517744 fwd=89879 rows=11504403 fwd_ms=979500.6 eval=0 prior=0
[inst] req=18030592 hits=6521613 fwd=89913 rows=11508755 fwd_ms=979841.5 eval=0 prior=0
[inst] req=18038784 hits=6525268 fwd=89949 rows=11513363 fwd_ms=980202.3 eval=0 prior=0
[inst] req=18046976 hits=6529023 fwd=89983 rows=11517715 fwd_ms=980542.7 eval=0 prior=0
[inst] req=18055168 hits=6532373 fwd=90021 rows=11522579 fwd_ms=980922.8 eval=0 prior=0
[inst] req=18063360 hits=6535825 fwd=90058 rows=11527315 fwd_ms=981291.9 eval=0 prior=0
[inst] req=18071552 hits=6539507 fwd=90093 rows=11531795 fwd_ms=981641.5 eval=0 prior=0
[inst] req=18079744 hits=6543481 fwd=90126 rows=11536019 fwd_ms=981971.9 eval=0 prior=0
[inst] req=18087936 hits=6546985 fwd=90163 rows=11540755 fwd_ms=982341.7 eval=0 prior=0
[inst] req=18096128 hits=6550530 fwd=90199 rows=11545363 fwd_ms=982701.5 eval=0 prior=0
[inst] req=18104320 hits=6554200 fwd=90235 rows=11549971 fwd_ms=983061.2 eval=0 prior=0
[inst] req=18112512 hits=6557716 fwd=90271 rows=11554579 fwd_ms=983420.7 eval=0 prior=0
[inst] req=18120704 hits=6561417 fwd=90306 rows=11559059 fwd_ms=983769.8 eval=0 prior=0
[inst] req=18128896 hits=6564985 fwd=90342 rows=11563667 fwd_ms=984130.1 eval=0 prior=0
[inst] req=18137088 hits=6568520 fwd=90379 rows=11568403 fwd_ms=984500.1 eval=0 prior=0
[inst] req=18145280 hits=6572091 fwd=90415 rows=11573011 fwd_ms=984860.3 eval=0 prior=0
[inst] req=18153472 hits=6575673 fwd=90451 rows=11577619 fwd_ms=985219.6 eval=0 prior=0
[inst] req=18161664 hits=6579245 fwd=90487 rows=11582227 fwd_ms=985578.6 eval=0 prior=0
[inst] req=18169856 hits=6582846 fwd=90523 rows=11586835 fwd_ms=985937.7 eval=0 prior=0
[inst] req=18178048 hits=6586613 fwd=90557 rows=11591187 fwd_ms=986277.7 eval=0 prior=0
[inst] req=18186240 hits=6590067 fwd=90594 rows=11595923 fwd_ms=986646.5 eval=0 prior=0
[inst] req=18194432 hits=6593676 fwd=90630 rows=11600531 fwd_ms=987005.1 eval=0 prior=0
[inst] req=18202624 hits=6597175 fwd=90667 rows=11605267 fwd_ms=987374.8 eval=0 prior=0
[inst] req=18210816 hits=6600799 fwd=90703 rows=11609875 fwd_ms=987733.6 eval=0 prior=0
[inst] req=18219008 hits=6604270 fwd=90739 rows=11614483 fwd_ms=988092.1 eval=0 prior=0
[inst] req=18227200 hits=6608117 fwd=90773 rows=11618835 fwd_ms=988430.6 eval=0 prior=0
[inst] req=18235392 hits=6611639 fwd=90810 rows=11623571 fwd_ms=988798.4 eval=0 prior=0
[inst] req=18243584 hits=6615264 fwd=90846 rows=11628179 fwd_ms=989156.3 eval=0 prior=0
[inst] req=18251776 hits=6618761 fwd=90882 rows=11632787 fwd_ms=989514.7 eval=0 prior=0
[inst] req=18259968 hits=6622335 fwd=90918 rows=11637395 fwd_ms=989872.9 eval=0 prior=0
[inst] req=18268160 hits=6625980 fwd=90954 rows=11642003 fwd_ms=990231.1 eval=0 prior=0
[inst] req=18276352 hits=6629513 fwd=90990 rows=11646611 fwd_ms=990589.0 eval=0 prior=0
[inst] req=18284544 hits=6633102 fwd=91026 rows=11651219 fwd_ms=990946.7 eval=0 prior=0
[inst] req=18292736 hits=6636738 fwd=91062 rows=11655827 fwd_ms=991304.6 eval=0 prior=0
[inst] req=18300928 hits=6640269 fwd=91098 rows=11660435 fwd_ms=991662.9 eval=0 prior=0
[inst] req=18309120 hits=6644036 fwd=91133 rows=11664915 fwd_ms=992010.4 eval=0 prior=0
[inst] req=18317312 hits=6647510 fwd=91170 rows=11669651 fwd_ms=992378.6 eval=0 prior=0
[inst] req=18325504 hits=6651178 fwd=91205 rows=11674131 fwd_ms=992726.6 eval=0 prior=0
[inst] req=18333696 hits=6654829 fwd=91240 rows=11678611 fwd_ms=993074.6 eval=0 prior=0
[inst] req=18341888 hits=6658473 fwd=91276 rows=11683219 fwd_ms=993432.6 eval=0 prior=0
[inst] req=18350080 hits=6662252 fwd=91311 rows=11687699 fwd_ms=993780.6 eval=0 prior=0
[inst] req=18358272 hits=6665768 fwd=91347 rows=11692307 fwd_ms=994138.7 eval=0 prior=0
[inst] req=18366464 hits=6669585 fwd=91381 rows=11696659 fwd_ms=994477.7 eval=0 prior=0
[inst] req=18374656 hits=6673074 fwd=91418 rows=11701395 fwd_ms=994846.4 eval=0 prior=0
[inst] req=18382848 hits=6676636 fwd=91454 rows=11706003 fwd_ms=995205.2 eval=0 prior=0
[inst] req=18391040 hits=6680248 fwd=91490 rows=11710611 fwd_ms=995562.1 eval=0 prior=0
[inst] req=18399232 hits=6683793 fwd=91526 rows=11715219 fwd_ms=995921.5 eval=0 prior=0
[inst] req=18407424 hits=6687441 fwd=91562 rows=11719827 fwd_ms=996280.6 eval=0 prior=0
[inst] req=18415616 hits=6690743 fwd=91600 rows=11724691 fwd_ms=996656.8 eval=0 prior=0
[inst] req=18423808 hits=6694509 fwd=91634 rows=11729043 fwd_ms=996994.9 eval=0 prior=0
[inst] req=18432000 hits=6697949 fwd=91672 rows=11733907 fwd_ms=997373.2 eval=0 prior=0
[inst] req=18440192 hits=6701433 fwd=91708 rows=11738515 fwd_ms=997730.6 eval=0 prior=0
[inst] req=18448384 hits=6705150 fwd=91743 rows=11742995 fwd_ms=998079.2 eval=0 prior=0
[inst] req=18456576 hits=6708566 fwd=91781 rows=11747859 fwd_ms=998457.9 eval=0 prior=0
[inst] req=18464768 hits=6712338 fwd=91815 rows=11752211 fwd_ms=998796.1 eval=0 prior=0
[inst] req=18472960 hits=6715829 fwd=91852 rows=11756947 fwd_ms=999164.4 eval=0 prior=0
[inst] req=18481152 hits=6719345 fwd=91888 rows=11761555 fwd_ms=999522.3 eval=0 prior=0
[inst] req=18489344 hits=6722843 fwd=91925 rows=11766291 fwd_ms=999890.8 eval=0 prior=0
[inst] req=18497536 hits=6726528 fwd=91960 rows=11770771 fwd_ms=1000239.8 eval=0 prior=0
[inst] req=18505728 hits=6730174 fwd=91996 rows=11775379 fwd_ms=1000598.4 eval=0 prior=0
[inst] req=18513920 hits=6733699 fwd=92032 rows=11779987 fwd_ms=1000957.5 eval=0 prior=0
[inst] req=18522112 hits=6737234 fwd=92069 rows=11784723 fwd_ms=1001325.9 eval=0 prior=0
[inst] req=18530304 hits=6740812 fwd=92105 rows=11789331 fwd_ms=1001684.6 eval=0 prior=0
[inst] req=18538496 hits=6744581 fwd=92139 rows=11793683 fwd_ms=1002023.3 eval=0 prior=0
[inst] req=18546688 hits=6748069 fwd=92176 rows=11798419 fwd_ms=1002391.6 eval=0 prior=0
[inst] req=18554880 hits=6751548 fwd=92213 rows=11803155 fwd_ms=1002759.9 eval=0 prior=0
[inst] req=18563072 hits=6755130 fwd=92249 rows=11807763 fwd_ms=1003118.2 eval=0 prior=0
[inst] req=18571264 hits=6758776 fwd=92284 rows=11812243 fwd_ms=1003466.6 eval=0 prior=0
[inst] req=18579456 hits=6762518 fwd=92319 rows=11816723 fwd_ms=1003815.4 eval=0 prior=0
[inst] req=18587648 hits=6766081 fwd=92355 rows=11821331 fwd_ms=1004173.9 eval=0 prior=0
[inst] req=18595840 hits=6769824 fwd=92390 rows=11825811 fwd_ms=1004522.6 eval=0 prior=0
[inst] req=18604032 hits=6773680 fwd=92424 rows=11830163 fwd_ms=1004861.3 eval=0 prior=0
[inst] req=18612224 hits=6777154 fwd=92461 rows=11834899 fwd_ms=1005229.5 eval=0 prior=0
[inst] req=18620416 hits=6780749 fwd=92497 rows=11839507 fwd_ms=1005589.1 eval=0 prior=0
[inst] req=18628608 hits=6784403 fwd=92532 rows=11843987 fwd_ms=1005937.6 eval=0 prior=0
[inst] req=18636800 hits=6788042 fwd=92568 rows=11848595 fwd_ms=1006296.5 eval=0 prior=0
[inst] req=18644992 hits=6791932 fwd=92601 rows=11852819 fwd_ms=1006626.1 eval=0 prior=0
[inst] req=18653184 hits=6795621 fwd=92637 rows=11857427 fwd_ms=1006984.7 eval=0 prior=0
[inst] req=18661376 hits=6799104 fwd=92673 rows=11862035 fwd_ms=1007343.6 eval=0 prior=0
[inst] req=18669568 hits=6802646 fwd=92710 rows=11866771 fwd_ms=1007711.9 eval=0 prior=0
[inst] req=18677760 hits=6806036 fwd=92747 rows=11871507 fwd_ms=1008080.5 eval=0 prior=0
[inst] req=18685952 hits=6809709 fwd=92782 rows=11875987 fwd_ms=1008429.2 eval=0 prior=0
[inst] req=18694144 hits=6813424 fwd=92817 rows=11880467 fwd_ms=1008777.8 eval=0 prior=0
[inst] req=18702336 hits=6817071 fwd=92853 rows=11885075 fwd_ms=1009137.2 eval=0 prior=0
[inst] req=18710528 hits=6820709 fwd=92889 rows=11889683 fwd_ms=1009496.6 eval=0 prior=0
[inst] req=18718720 hits=6824293 fwd=92925 rows=11894291 fwd_ms=1009854.9 eval=0 prior=0
[inst] req=18726912 hits=6827911 fwd=92960 rows=11898771 fwd_ms=1010203.8 eval=0 prior=0
[inst] req=18735104 hits=6831398 fwd=92997 rows=11903507 fwd_ms=1010572.7 eval=0 prior=0
[inst] req=18743296 hits=6835014 fwd=93033 rows=11908115 fwd_ms=1010931.1 eval=0 prior=0
[inst] req=18751488 hits=6838510 fwd=93069 rows=11912723 fwd_ms=1011289.9 eval=0 prior=0
[inst] req=18759680 hits=6842286 fwd=93104 rows=11917203 fwd_ms=1011639.6 eval=0 prior=0
[inst] req=18767872 hits=6846101 fwd=93138 rows=11921555 fwd_ms=1011979.1 eval=0 prior=0
[inst] req=18776064 hits=6849902 fwd=93172 rows=11925907 fwd_ms=1012318.5 eval=0 prior=0
[inst] req=18784256 hits=6853378 fwd=93209 rows=11930643 fwd_ms=1012687.4 eval=0 prior=0
[inst] req=18792448 hits=6857117 fwd=93244 rows=11935123 fwd_ms=1013035.9 eval=0 prior=0
[inst] req=18800640 hits=6860453 fwd=93282 rows=11939987 fwd_ms=1013414.1 eval=0 prior=0
[inst] req=18808832 hits=6864249 fwd=93316 rows=11944339 fwd_ms=1013755.0 eval=0 prior=0
[inst] req=18817024 hits=6867731 fwd=93353 rows=11949075 fwd_ms=1014126.1 eval=0 prior=0
[inst] req=18825216 hits=6871356 fwd=93389 rows=11953683 fwd_ms=1014486.2 eval=0 prior=0
[inst] req=18833408 hits=6874866 fwd=93425 rows=11958291 fwd_ms=1014846.2 eval=0 prior=0
[inst] req=18841600 hits=6878577 fwd=93460 rows=11962771 fwd_ms=1015196.7 eval=0 prior=0
[inst] req=18849792 hits=6882308 fwd=93495 rows=11967251 fwd_ms=1015547.5 eval=0 prior=0
[inst] req=18857984 hits=6885921 fwd=93531 rows=11971859 fwd_ms=1015907.9 eval=0 prior=0
[inst] req=18866176 hits=6889575 fwd=93567 rows=11976467 fwd_ms=1016268.2 eval=0 prior=0
[inst] req=18874368 hits=6893293 fwd=93601 rows=11980819 fwd_ms=1016608.5 eval=0 prior=0
[inst] req=18882560 hits=6896944 fwd=93637 rows=11985427 fwd_ms=1016968.8 eval=0 prior=0
[inst] req=18890752 hits=6900608 fwd=93672 rows=11989907 fwd_ms=1017319.2 eval=0 prior=0
[inst] req=18898944 hits=6904585 fwd=93705 rows=11994131 fwd_ms=1017649.7 eval=0 prior=0
[inst] req=18907136 hits=6907912 fwd=93743 rows=11998995 fwd_ms=1018029.8 eval=0 prior=0
[inst] req=18915328 hits=6911308 fwd=93781 rows=12003859 fwd_ms=1018410.4 eval=0 prior=0
[inst] req=18923520 hits=6914926 fwd=93816 rows=12008339 fwd_ms=1018760.6 eval=0 prior=0
[inst] req=18931712 hits=6918509 fwd=93852 rows=12012947 fwd_ms=1019121.0 eval=0 prior=0
[inst] req=18939904 hits=6922193 fwd=93888 rows=12017555 fwd_ms=1019481.6 eval=0 prior=0
[inst] req=18948096 hits=6925648 fwd=93925 rows=12022291 fwd_ms=1019852.0 eval=0 prior=0
[inst] req=18956288 hits=6929082 fwd=93962 rows=12027027 fwd_ms=1020222.3 eval=0 prior=0
[inst] req=18964480 hits=6932883 fwd=93996 rows=12031379 fwd_ms=1020562.2 eval=0 prior=0
[inst] req=18972672 hits=6936769 fwd=94030 rows=12035731 fwd_ms=1020903.5 eval=0 prior=0
[inst] req=18980864 hits=6940182 fwd=94067 rows=12040467 fwd_ms=1021273.9 eval=0 prior=0
[inst] req=18989056 hits=6943712 fwd=94104 rows=12045203 fwd_ms=1021644.3 eval=0 prior=0
[inst] req=18997248 hits=6947045 fwd=94142 rows=12050067 fwd_ms=1022024.4 eval=0 prior=0
[inst] req=19005440 hits=6950878 fwd=94176 rows=12054419 fwd_ms=1022365.0 eval=0 prior=0
[inst] req=19013632 hits=6954451 fwd=94212 rows=12059027 fwd_ms=1022725.7 eval=0 prior=0
[inst] req=19021824 hits=6958255 fwd=94246 rows=12063379 fwd_ms=1023064.7 eval=0 prior=0
[inst] req=19030016 hits=6961610 fwd=94284 rows=12068243 fwd_ms=1023443.5 eval=0 prior=0
[inst] req=19038208 hits=6965087 fwd=94321 rows=12072979 fwd_ms=1023812.0 eval=0 prior=0
[inst] req=19046400 hits=6968978 fwd=94354 rows=12077203 fwd_ms=1024140.9 eval=0 prior=0
[inst] req=19054592 hits=6972527 fwd=94390 rows=12081811 fwd_ms=1024499.7 eval=0 prior=0
[inst] req=19062784 hits=6975998 fwd=94427 rows=12086547 fwd_ms=1024870.0 eval=0 prior=0
[inst] req=19070976 hits=6979451 fwd=94464 rows=12091283 fwd_ms=1025240.5 eval=0 prior=0
[inst] req=19079168 hits=6982755 fwd=94503 rows=12096275 fwd_ms=1025630.9 eval=0 prior=0
[inst] req=19087360 hits=6986542 fwd=94537 rows=12100627 fwd_ms=1025971.0 eval=0 prior=0
[inst] req=19095552 hits=6990238 fwd=94572 rows=12105107 fwd_ms=1026321.2 eval=0 prior=0
[inst] req=19103744 hits=6993824 fwd=94608 rows=12109715 fwd_ms=1026681.3 eval=0 prior=0
[inst] req=19111936 hits=6997208 fwd=94646 rows=12114579 fwd_ms=1027062.0 eval=0 prior=0
[inst] req=19120128 hits=7000496 fwd=94684 rows=12119443 fwd_ms=1027442.2 eval=0 prior=0
[inst] req=19128320 hits=7004309 fwd=94718 rows=12123795 fwd_ms=1027782.2 eval=0 prior=0
[inst] req=19136512 hits=7007800 fwd=94755 rows=12128531 fwd_ms=1028152.4 eval=0 prior=0
[inst] req=19144704 hits=7011448 fwd=94790 rows=12133011 fwd_ms=1028502.5 eval=0 prior=0
[inst] req=19152896 hits=7014776 fwd=94828 rows=12137875 fwd_ms=1028882.8 eval=0 prior=0
[inst] req=19161088 hits=7018467 fwd=94864 rows=12142483 fwd_ms=1029242.8 eval=0 prior=0
[inst] req=19169280 hits=7022084 fwd=94899 rows=12146963 fwd_ms=1029593.2 eval=0 prior=0
[inst] req=19177472 hits=7025650 fwd=94935 rows=12151571 fwd_ms=1029953.5 eval=0 prior=0
[inst] req=19185664 hits=7029138 fwd=94972 rows=12156307 fwd_ms=1030324.2 eval=0 prior=0
[inst] req=19193856 hits=7032547 fwd=95010 rows=12161171 fwd_ms=1030705.3 eval=0 prior=0
[inst] req=19202048 hits=7035890 fwd=95047 rows=12165907 fwd_ms=1031076.0 eval=0 prior=0
[inst] req=19210240 hits=7039878 fwd=95080 rows=12170131 fwd_ms=1031404.9 eval=0 prior=0
[inst] req=19218432 hits=7043613 fwd=95115 rows=12174611 fwd_ms=1031754.1 eval=0 prior=0
[inst] req=19226624 hits=7047287 fwd=95150 rows=12179091 fwd_ms=1032103.2 eval=0 prior=0
[inst] req=19234816 hits=7050887 fwd=95186 rows=12183699 fwd_ms=1032462.5 eval=0 prior=0
[inst] req=19243008 hits=7054325 fwd=95223 rows=12188435 fwd_ms=1032831.3 eval=0 prior=0
[inst] req=19251200 hits=7057895 fwd=95260 rows=12193171 fwd_ms=1033200.1 eval=0 prior=0
[inst] req=19259392 hits=7061598 fwd=95295 rows=12197651 fwd_ms=1033549.0 eval=0 prior=0
[inst] req=19267584 hits=7065126 fwd=95331 rows=12202259 fwd_ms=1033909.5 eval=0 prior=0
[inst] req=19275776 hits=7068419 fwd=95369 rows=12207123 fwd_ms=1034292.0 eval=0 prior=0
[inst] req=19283968 hits=7071930 fwd=95406 rows=12211859 fwd_ms=1034664.2 eval=0 prior=0
[inst] req=19292160 hits=7075459 fwd=95442 rows=12216467 fwd_ms=1035026.1 eval=0 prior=0
[inst] req=19300352 hits=7079407 fwd=95475 rows=12220691 fwd_ms=1035357.4 eval=0 prior=0
[inst] req=19308544 hits=7082944 fwd=95512 rows=12225427 fwd_ms=1035729.0 eval=0 prior=0
[inst] req=19316736 hits=7086388 fwd=95549 rows=12230163 fwd_ms=1036099.7 eval=0 prior=0
[inst] req=19324928 hits=7089989 fwd=95585 rows=12234771 fwd_ms=1036459.2 eval=0 prior=0
[inst] req=19333120 hits=7093536 fwd=95621 rows=12239379 fwd_ms=1036818.8 eval=0 prior=0
[inst] req=19341312 hits=7097241 fwd=95656 rows=12243859 fwd_ms=1037168.5 eval=0 prior=0
[inst] req=19349504 hits=7100811 fwd=95692 rows=12248467 fwd_ms=1037527.9 eval=0 prior=0
[inst] req=19357696 hits=7104375 fwd=95728 rows=12253075 fwd_ms=1037887.5 eval=0 prior=0
[inst] req=19365888 hits=7107768 fwd=95766 rows=12257939 fwd_ms=1039720.5 eval=0 prior=0
[inst] req=19374080 hits=7111373 fwd=95802 rows=12262547 fwd_ms=1041778.6 eval=0 prior=0
[inst] req=19382272 hits=7115025 fwd=95837 rows=12267027 fwd_ms=1044147.1 eval=0 prior=0
[inst] req=19390464 hits=7118829 fwd=95871 rows=12271379 fwd_ms=1046258.3 eval=0 prior=0
[inst] req=19398656 hits=7122197 fwd=95909 rows=12276243 fwd_ms=1048505.9 eval=0 prior=0
[inst] req=19406848 hits=7125696 fwd=95946 rows=12280979 fwd_ms=1050649.6 eval=0 prior=0
[inst] req=19415040 hits=7129399 fwd=95981 rows=12285459 fwd_ms=1052090.5 eval=0 prior=0
[inst] req=19423232 hits=7132994 fwd=96017 rows=12290067 fwd_ms=1052465.8 eval=0 prior=0
[inst] req=19431424 hits=7134944 fwd=96066 rows=12296339 fwd_ms=1052979.3 eval=0 prior=0
[inst] req=19439616 hits=7136641 fwd=96116 rows=12302739 fwd_ms=1053477.6 eval=0 prior=0
[inst] req=19447808 hits=7139557 fwd=96158 rows=12308115 fwd_ms=1053897.1 eval=0 prior=0
[inst] req=19456000 hits=7143168 fwd=96193 rows=12312595 fwd_ms=1054247.2 eval=0 prior=0
[inst] req=19464192 hits=7146418 fwd=96232 rows=12317587 fwd_ms=1054637.5 eval=0 prior=0
[inst] req=19472384 hits=7149323 fwd=96273 rows=12322835 fwd_ms=1055047.6 eval=0 prior=0
[inst] req=19480576 hits=7153244 fwd=96307 rows=12327187 fwd_ms=1055387.4 eval=0 prior=0
[inst] req=19488768 hits=7156766 fwd=96343 rows=12331795 fwd_ms=1055747.5 eval=0 prior=0
[inst] req=19496960 hits=7160296 fwd=96380 rows=12336531 fwd_ms=1056117.7 eval=0 prior=0
[inst] req=19505152 hits=7163446 fwd=96419 rows=12341523 fwd_ms=1056507.4 eval=0 prior=0
[inst] req=19513344 hits=7167055 fwd=96455 rows=12346131 fwd_ms=1056868.0 eval=0 prior=0
[inst] req=19521536 hits=7170545 fwd=96491 rows=12350739 fwd_ms=1057227.9 eval=0 prior=0
[inst] req=19529728 hits=7174061 fwd=96528 rows=12355475 fwd_ms=1057597.5 eval=0 prior=0
[inst] req=19537920 hits=7177496 fwd=96565 rows=12360211 fwd_ms=1057966.9 eval=0 prior=0
[inst] req=19546112 hits=7180834 fwd=96603 rows=12365075 fwd_ms=1058346.0 eval=0 prior=0
